[[-8.2231732e-04 -4.5766053e-03  1.4358373e-04 -9.1006921e-05
   1.6360211e-05 -9.9999976e-01  0.0000000e+00  5.5000000e-02
   1.5707964e+00  4.2472104e-05  6.5873137e-05 -1.5561127e-10
   4.0566854e-05  8.7212014e-05  3.4730533e-07  4.0287716e-05
  -1.4254476e-04  8.4318424e-05  8.2706756e-06  1.5656080e-03
  -6.5375416e-04  9.7639713e-06  7.8041787e-04 -3.0749405e-04
   8.4357516e-06  1.8225424e-03 -7.4632250e-04  1.0000000e+00
   1.0000000e+00  0.0000000e+00  0.0000000e+00  1.0000000e+00
   1.0000000e+00]]
[[ 2.62624621e-02 -7.61939585e-02 -7.75174648e-02  1.61221751e-03
   2.00042559e-05 -9.99998748e-01  0.00000000e+00  5.49999997e-02
   1.57079637e+00 -1.15211662e-02  5.31339943e-02 -1.18045591e-06
  -3.58082354e-02  1.13691695e-01  2.38476973e-02 -1.14201427e-01
  -1.01293102e-01  8.33584927e-03  1.02183148e-02  2.90634460e-03
  -9.38884262e-03  5.28978780e-02 -4.21052314e-02 -6.37210310e-02
   2.88504809e-02 -4.56733815e-02 -1.14068324e-02  1.00000000e+00
   1.00000000e+00  0.00000000e+00  0.00000000e+00  1.00000000e+00
   1.00000000e+00]]
[[-1.8092962e-02 -2.4251428e-01  1.6835013e-02  2.5394217e-03
   1.0456339e-03 -9.9999607e-01  0.0000000e+00  5.5000000e-02
   1.5707964e+00  4.6644568e-02  1.1405828e-01  1.3866164e-02
   3.4318820e-02  2.2663410e-01  6.6404797e-02 -2.7196592e-01
  -1.6290392e-01 -4.5920892e-06 -8.6320728e-02 -2.1717435e-04
  -2.7354136e-02  1.1471699e-01 -6.4929776e-02 -1.5899567e-01
   5.0483488e-02 -9.9845238e-02 -3.5314538e-02  1.0000000e+00
   1.0000000e+00  0.0000000e+00  0.0000000e+00  1.0000000e+00
   1.0000000e+00]]
[[-0.35977495 -0.1172137   0.48660812  0.01445666  0.01504163 -0.99978215
   0.          0.055       1.5707964   0.06624196  0.16717438  0.04160444
   0.09672633  0.22911337  0.06082908 -0.32713935 -0.14603381 -0.01915907
  -0.14562592 -0.1507885   0.03064833  0.18054295 -0.09521054 -0.18792607
   0.12856743 -0.09771546 -0.05172597  1.          1.          0.
   0.          1.          1.        ]]
[[-0.14575833 -0.20490213  0.0868433   0.00596992  0.02272728 -0.9997238
   0.          0.055       1.5707964   0.04867448  0.15578397  0.02480511
   0.10545168  0.20411596  0.01009464 -0.2912477  -0.16432622 -0.00246565
  -0.08734544 -0.08807757 -0.03095036  0.19627066 -0.07371457 -0.14380972
   0.17479555 -0.1104329  -0.01429549  1.          1.          0.
   0.          1.          1.        ]]
[[-0.20625888 -0.17500538  0.07027616 -0.00172237  0.02958005 -0.99956083
   0.          0.055       1.5707964   0.01677023  0.0956914   0.01499176
  -0.02345677  0.1463319   0.00899957 -0.33992517 -0.16906627 -0.00452007
  -0.05542934 -0.05538009 -0.06084688  0.21834548 -0.08105981 -0.14577417
   0.20537515 -0.06773439 -0.03100982  1.          1.          0.
   0.          1.          1.        ]]
[[-5.9469249e-02 -5.0348651e-02 -2.0911969e-02 -4.8097586e-03
   2.9957294e-02 -9.9953955e-01  0.0000000e+00  5.5000000e-02
   1.5707964e+00 -3.3758502e-02  1.0587660e-01 -1.2711424e-03
  -1.2353872e-01  9.4777361e-02  2.6419744e-02 -4.0827602e-01
  -1.7236297e-01 -3.3680522e-03 -1.3172511e-02 -1.7478840e-02
  -9.1530383e-02  2.7275422e-01 -9.8850377e-02 -1.6570392e-01
   2.5038913e-01 -5.0989997e-02 -3.3796154e-02  1.0000000e+00
   1.0000000e+00  0.0000000e+00  0.0000000e+00  1.0000000e+00
   1.0000000e+00]]
[[-5.4486006e-02 -3.1371966e-02 -5.3477742e-02 -7.3819258e-03
   2.8241467e-02 -9.9957407e-01  0.0000000e+00  5.5000000e-02
   1.5707964e+00 -8.0672562e-02  1.0350442e-01 -5.2874873e-04
  -1.3827232e-01  9.5227987e-02  3.8656402e-02 -4.6633556e-01
  -1.5740220e-01 -2.6887481e-03  2.0396631e-02  1.3454181e-02
  -1.1108096e-01  3.1668332e-01 -7.5986207e-02 -1.8025076e-01
   2.7122864e-01 -1.3486377e-02 -3.3741180e-02  1.0000000e+00
   1.0000000e+00  0.0000000e+00  0.0000000e+00  1.0000000e+00
   1.0000000e+00]]
[[-8.21637735e-02 -7.53760412e-02 -5.37461378e-02 -1.10827247e-02
   2.94617265e-02 -9.99504268e-01  0.00000000e+00  5.49999997e-02
   1.57079637e+00 -1.13074899e-01  1.23683639e-01 -1.34224363e-03
  -1.20661147e-01  1.08888336e-01  5.55122346e-02 -5.01464307e-01
  -1.42246470e-01 -2.29941425e-03  3.78162749e-02  2.18967423e-02
  -1.07780792e-01  3.34525764e-01 -5.60437888e-02 -1.72487676e-01
   2.62665957e-01 -1.74576975e-02 -9.92810633e-03  1.00000000e+00
   1.00000000e+00  0.00000000e+00  0.00000000e+00  1.00000000e+00
   1.00000000e+00]]
[[-7.7706307e-02 -7.1268983e-02 -2.0226575e-02 -1.4652722e-02
   3.1371057e-02 -9.9940008e-01  0.0000000e+00  5.5000000e-02
   1.5707964e+00 -1.2736337e-01  1.5226118e-01 -3.5797573e-05
  -8.5876651e-02  1.2511462e-01  6.0951445e-02 -5.1668459e-01
  -1.2203443e-01 -2.5085588e-03  4.4775069e-02  1.6066767e-02
  -9.0837151e-02  3.3764270e-01 -3.6935512e-02 -1.7297481e-01
   2.5150493e-01 -4.1449457e-02 -6.4592501e-03  1.0000000e+00
   1.0000000e+00  0.0000000e+00  0.0000000e+00  1.0000000e+00
   1.0000000e+00]]
[[-0.0762179  -0.12987293 -0.01100719 -0.01972076  0.03254335 -0.9992759
   0.          0.055       1.5707964  -0.13246572  0.17242858  0.00880314
  -0.07924439  0.14746952  0.05483991 -0.52949125 -0.09951211 -0.00308053
   0.04337496  0.02545729 -0.07665361  0.33647785 -0.02211537 -0.17680398
   0.23431458 -0.04925008 -0.01302144  1.          1.          0.
   0.          1.          1.        ]]
[[-0.06297279 -0.14304344 -0.00241449 -0.02491479  0.03256612 -0.9991591
   0.          0.055       1.5707964  -0.13208422  0.18360634  0.02126752
  -0.0931137   0.15442882  0.04917051 -0.54276234 -0.07511362 -0.00346249
   0.04026307  0.04397315 -0.06531024  0.33911538 -0.01453408 -0.18497069
   0.22622609 -0.04817507 -0.02035248  1.          1.          0.
   0.          1.          1.        ]]
[[-0.0413994  -0.15253039 -0.01381486 -0.0292089   0.03197991 -0.9990618
   0.          0.055       1.5707964  -0.13179602  0.19075806  0.03368316
  -0.10727035  0.16119719  0.04624266 -0.5581705  -0.0516583  -0.00322606
   0.03660525  0.05989289 -0.05181869  0.34621793 -0.01705232 -0.19691038
   0.22597666 -0.03959765 -0.0289343   1.          1.          0.
   0.          1.          1.        ]]
[[ 0.00367954 -0.21625715  0.0176471  -0.03266277  0.03125183 -0.9989778
   0.          0.055       1.5707964  -0.13301973  0.20200007  0.04247798
  -0.11692601  0.17580372  0.05074803 -0.5731839  -0.0295954  -0.00202991
   0.03631642  0.07128527 -0.03700615  0.3579214  -0.01971937 -0.21003804
   0.23595697 -0.03673337 -0.03564049  1.          0.          0.
   0.          1.          1.        ]]
[[ 1.62104350e-02 -2.60519654e-01  2.13327482e-02 -3.51177640e-02
   3.07419728e-02 -9.98910427e-01  0.00000000e+00  5.49999997e-02
   1.57079637e+00 -1.28994048e-01  2.11741164e-01  4.74952012e-02
  -1.17979504e-01  1.91756442e-01  5.68826124e-02 -5.89415431e-01
  -1.18401665e-02 -6.86219195e-04  3.43624614e-02  7.59184733e-02
  -2.03980375e-02  3.67552429e-01 -2.28779037e-02 -2.15681359e-01
   2.41572753e-01 -4.73538749e-02 -4.24648710e-02  1.00000000e+00
   0.00000000e+00  0.00000000e+00  0.00000000e+00  1.00000000e+00
   1.00000000e+00]]
[[ 0.03223613 -0.23773298  0.00945348 -0.03621634  0.02986049 -0.9988978
   0.          0.055       1.5707964  -0.13008732  0.2107145   0.05364393
  -0.13599585  0.19322443  0.06324992 -0.61104876 -0.00928198  0.00737134
   0.03639119  0.0869417  -0.01211425  0.3739653  -0.02996303 -0.21020335
   0.24913467 -0.0667895  -0.05583269  1.          1.          0.
   0.          1.          1.        ]]
[[ 0.028802   -0.23691186  0.06739512 -0.0370691   0.02920797 -0.9988855
   0.          0.055       1.5707964  -0.11621039  0.21267386  0.04525978
  -0.1454792   0.20315608  0.07022332 -0.62550336 -0.01574627  0.01887529
   0.04656513  0.10513188 -0.01544123  0.3744009  -0.03290635 -0.20795934
   0.2500391  -0.08697032 -0.07076567  1.          1.          0.
   0.          1.          1.        ]]
[[ 0.02268363 -0.24365066  0.0833661  -0.03809113  0.02998618 -0.99882424
   0.          0.055       1.5707964  -0.11382075  0.21756148  0.04042321
  -0.1483927   0.21055318  0.08468974 -0.63787574 -0.02289639  0.02835625
   0.05583924  0.11226278 -0.01559322  0.36715865 -0.04248573 -0.20623101
   0.23816915 -0.09359805 -0.08672769  1.          1.          0.
   0.          1.          1.        ]]
[[ 0.03512903 -0.2285786   0.09537993 -0.03825923  0.03060431 -0.9987988
   0.          0.055       1.5707964  -0.11076208  0.21986656  0.03676705
  -0.14237899  0.21254571  0.09350352 -0.64460295 -0.02929879  0.03528224
   0.06579497  0.11292791 -0.01590171  0.35578302 -0.05452014 -0.20578079
   0.22245441 -0.09712379 -0.09366901  1.          1.          0.
   0.          1.          1.        ]]
[[ 0.03407776 -0.23328884  0.10254312 -0.03868761  0.03098816 -0.9987711
   0.          0.055       1.5707964  -0.10829218  0.23020722  0.02827327
  -0.14140962  0.21966934  0.0881399  -0.6513309  -0.03283997  0.03994784
   0.07729772  0.11630315 -0.01972891  0.34141695 -0.03854425 -0.21150471
   0.21730052 -0.09394085 -0.09771781  1.          1.          0.
   0.          1.          1.        ]]
[[ 0.04286677 -0.2264098   0.08462594 -0.0386265   0.0306273  -0.99878436
   0.          0.055       1.5707964  -0.10935827  0.23051901  0.02727451
  -0.15298261  0.21214902  0.07855608 -0.6643401  -0.03195106  0.04180398
   0.08872399  0.11676166 -0.02171847  0.3286457  -0.01469096 -0.20604858
   0.22078554 -0.09119619 -0.0985015   1.          1.          0.
   0.          1.          1.        ]]
[[ 0.04631957 -0.20209022  0.05608496 -0.03876363  0.03045184 -0.99878436
   0.          0.055       1.5707964  -0.10901753  0.22944866  0.02686799
  -0.16819897  0.20088442  0.06846781 -0.6760875  -0.02709208  0.04138884
   0.10067257  0.11367408 -0.02223693  0.3250468   0.00391284 -0.1941785
   0.22898683 -0.08969936 -0.09437572  1.          1.          0.
   0.          1.          1.        ]]
[[ 0.05183682 -0.16522785  0.01155118 -0.03853219  0.02965661 -0.9988169
   0.          0.055       1.5707964  -0.10795741  0.22679886  0.02505205
  -0.1748564   0.19061676  0.06628889 -0.68836844 -0.02143869  0.04001948
   0.11174578  0.11227997 -0.02424917  0.32871395  0.0112943  -0.18819913
   0.23518986 -0.08854236 -0.0907849   1.          1.          0.
   0.          1.          1.        ]]
[[ 0.02941899 -0.14061457 -0.0651843  -0.03910613  0.02977769 -0.99879134
   0.          0.055       1.5707964  -0.11131453  0.22880255  0.02298836
  -0.17485513  0.18648045  0.06944589 -0.69786507 -0.02008873  0.0396711
   0.11699205  0.11550173 -0.02807094  0.33029473  0.01325077 -0.18840571
   0.23355028 -0.0852236  -0.08868892  1.          1.          0.
   0.          1.          1.        ]]
[[ 0.02851631 -0.14385854 -0.03613439 -0.03978774  0.02933101 -0.9987776
   0.          0.055       1.5707964  -0.11615837  0.22770098  0.02183555
  -0.17830569  0.18745713  0.07143731 -0.7057614  -0.02150608  0.04149198
   0.12437809  0.12815268 -0.03818406  0.33428094  0.01602792 -0.1943826
   0.24235064 -0.0811069  -0.09004137  1.          1.          0.
   0.          1.          1.        ]]
[[ 0.04012629 -0.12386316 -0.04219538 -0.03997363  0.02954262 -0.998764
   0.          0.055       1.5707964  -0.11959847  0.22781521  0.0201238
  -0.17943169  0.18930723  0.07514788 -0.71112835 -0.02437111  0.0435974
   0.13035624  0.13084088 -0.0426555   0.33585286  0.0125131  -0.19826725
   0.2524298  -0.07982112 -0.09232651  1.          0.          0.
   0.          1.          1.        ]]
[[ 0.03271534 -0.13132879 -0.03723383 -0.03992791  0.02925849 -0.9987738
   0.          0.055       1.5707964  -0.12022104  0.22736987  0.02036747
  -0.18582028  0.18861233  0.07785295 -0.7160505  -0.02228143  0.04361605
   0.13727482  0.1307499  -0.04494126  0.33715552  0.00563344 -0.195918
   0.27256426 -0.07840722 -0.0982667   1.          0.          0.
   0.          1.          1.        ]]
[[ 3.14878374e-02 -1.37323275e-01 -2.11037938e-02 -3.98276821e-02
   2.91198567e-02 -9.98782039e-01  0.00000000e+00  5.49999997e-02
   1.57079637e+00 -1.19011484e-01  2.28416324e-01  2.19813995e-02
  -1.95750475e-01  1.88642129e-01  7.79056773e-02 -7.18791723e-01
  -1.93956848e-02  4.41943817e-02  1.45368204e-01  1.27576277e-01
  -4.46575880e-02  3.42406899e-01  1.28078030e-03 -1.92036644e-01
   2.94533700e-01 -8.23142901e-02 -1.04078166e-01  1.00000000e+00
   0.00000000e+00  0.00000000e+00  0.00000000e+00  1.00000000e+00
   1.00000000e+00]]
[[ 0.04255998 -0.11241547 -0.06068352 -0.04002888  0.02945986 -0.9987645
   0.          0.055       1.5707964  -0.12012801  0.23035702  0.0239831
  -0.20503429  0.19698314  0.08156016 -0.72072834 -0.0197435   0.04751017
   0.15285414  0.1252849  -0.04329589  0.34689417 -0.00732321 -0.18873176
   0.31023446 -0.08532083 -0.11214675  1.          0.          0.
   0.          1.          1.        ]]
[[ 0.00941468 -0.18402912  0.0633035  -0.04077687  0.02987313 -0.99872154
   0.          0.055       1.5707964  -0.12012067  0.23370877  0.02994747
  -0.21770163  0.21905541  0.09231586 -0.7207388  -0.02554064  0.05837389
   0.17165117  0.13271856 -0.04824878  0.34413943 -0.02466856 -0.18897526
   0.3451773  -0.07598007 -0.12522124  1.          0.          0.
   0.          1.          1.        ]]
[[ 0.03018585 -0.2080807   0.11624622 -0.04073298  0.02941728 -0.998737
   0.          0.055       1.5707964  -0.12328383  0.23128246  0.04013921
  -0.21533869  0.24460353  0.10795891 -0.7239305  -0.02666181  0.06865167
   0.19478905  0.13410771 -0.04921874  0.32851276 -0.03906099 -0.20620684
   0.3666323  -0.07861316 -0.13450654  1.          0.          0.
   0.          1.          1.        ]]
[[ 0.00756266 -0.22379038  0.11360551 -0.0415942   0.03006694 -0.99868226
   0.          0.055       1.5707964  -0.12609544  0.22872125  0.05187516
  -0.20772035  0.27274612  0.11885343 -0.7251896  -0.02856366  0.08120247
   0.21917044  0.13362934 -0.04722038  0.3102538  -0.0459204  -0.21706784
   0.3778754  -0.07811399 -0.14260949  1.          0.          0.
   0.          1.          1.        ]]
[[ 0.01555272 -0.20912047  0.08092594 -0.04329444  0.03061098 -0.9985935
   0.          0.055       1.5707964  -0.13046029  0.23029727  0.05994363
  -0.19820866  0.2864855   0.12534332 -0.72886795 -0.02704603  0.09230613
   0.2411146   0.13748421 -0.04501516  0.2938284  -0.04201218 -0.21907474
   0.37358707 -0.08316957 -0.14796416  1.          0.          0.
   0.          1.          1.        ]]
[[ 0.00846543 -0.21197641  0.06011267 -0.04586273  0.03144528 -0.9984528
   0.          0.055       1.5707964  -0.13570185  0.23607486  0.06569066
  -0.191785    0.2914572   0.12418395 -0.7354571  -0.02259646  0.10077118
   0.2573684   0.1432935  -0.04101227  0.28622907 -0.0335381  -0.21598652
   0.3559484  -0.08784776 -0.15125576  1.          0.          1.
   1.          1.          0.        ]]
[[ 0.03558211 -0.18714692  0.05574605 -0.04742071  0.03001546 -0.9984237
   0.          0.055       1.5707964  -0.1489452   0.23555732  0.07193024
  -0.19562712  0.2988872   0.1209847  -0.74965316 -0.01255986  0.1083857
   0.28072926  0.15178739 -0.03981947  0.28482974 -0.01822444 -0.22136952
   0.35628024 -0.07406362 -0.16219682  1.          0.          1.
   1.          1.          0.        ]]
[[ 0.04091246 -0.1828988   0.05142404 -0.04773491  0.02743147 -0.9984835
   0.          0.055       1.5707964  -0.16644554  0.23444597  0.0749409
  -0.20791714  0.3124164   0.11951645 -0.769225    0.00385816  0.11367436
   0.30885053  0.14851245 -0.03335219  0.28545535 -0.00868623 -0.22528556
   0.36327985 -0.06824684 -0.16244628  1.          0.          1.
   1.          1.          0.        ]]
[[ 0.02373836 -0.1804466   0.04859675 -0.04708549  0.02514191 -0.9985744
   0.          0.055       1.5707964  -0.18256615  0.23276024  0.07505602
  -0.21095674  0.31925622  0.11714405 -0.78423685  0.01737242  0.11941978
   0.33710033  0.13585044 -0.02424832  0.29223546  0.00759327 -0.22616807
   0.36186856 -0.06548414 -0.15241078  1.          0.          1.
   1.          1.          0.        ]]
[[ 0.04976918 -0.15042788  0.05715799 -0.04624761  0.02241556 -0.99867874
   0.          0.055       1.5707964  -0.19237117  0.230003    0.07998838
  -0.21211104  0.31287444  0.11662259 -0.7835959   0.03258565  0.12374113
   0.36816156  0.12537691 -0.02092357  0.30372584  0.02209377 -0.22333223
   0.35648745 -0.06802168 -0.13746352  1.          0.          1.
   1.          1.          0.        ]]
[[ 0.05178199 -0.14030652  0.06362936 -0.04397976  0.01822202 -0.9988664
   0.          0.055       1.5707964  -0.19981408  0.22104198  0.07997751
  -0.21199644  0.3082654   0.11238811 -0.78353226  0.05106308  0.12351716
   0.395919    0.11235714 -0.01998143  0.31665954  0.03376913 -0.2237753
   0.35458148 -0.07421296 -0.13058166  1.          0.          1.
   1.          1.          0.        ]]
[[ 0.03966799 -0.15506262  0.06402665 -0.04285725  0.01514477 -0.99896663
   0.          0.055       1.5707964  -0.20464236  0.22932994  0.06924848
  -0.22499765  0.2955255   0.10460062 -0.78332275  0.07414056  0.11746359
   0.41597462  0.09776456 -0.01854808  0.3236363   0.02206836 -0.21599174
   0.34847948 -0.06425878 -0.13084061  1.          0.          1.
   1.          1.          0.        ]]
[[ 2.8782727e-02 -1.5298970e-01  6.8627872e-02 -4.1399091e-02
   1.2989471e-02 -9.9905837e-01  0.0000000e+00  5.5000000e-02
   1.5707964e+00 -2.0696828e-01  2.3819858e-01  5.8100902e-02
  -2.4543132e-01  2.7093378e-01  9.3119413e-02 -7.8304267e-01
   8.9924015e-02  1.1290184e-01  4.3101817e-01  8.2009114e-02
  -1.7541282e-02  3.2613283e-01  1.1254866e-03 -2.1452403e-01
   3.4802940e-01 -5.9647959e-02 -1.2558979e-01  1.0000000e+00
   0.0000000e+00  1.0000000e+00  1.0000000e+00  1.0000000e+00
   0.0000000e+00]]
[[ 0.02524456 -0.15446077  0.07244287 -0.03970685  0.0108468  -0.9991526
   0.          0.055       1.5707964  -0.20876178  0.23873882  0.05060263
  -0.26033193  0.25522694  0.08584703 -0.78322065  0.09965597  0.1103182
   0.44292924  0.07253957 -0.02058404  0.33054698 -0.02102061 -0.22015034
   0.35187018 -0.05813349 -0.11990501  1.          0.          1.
   0.          1.          0.        ]]
[[ 0.01876294 -0.16161186  0.06108868 -0.03853229  0.00917548 -0.99921536
   0.          0.055       1.5707964  -0.21077116  0.23721088  0.04660942
  -0.27076343  0.25240195  0.09254349 -0.7834525   0.10662954  0.10876775
   0.45260343  0.06768315 -0.02459894  0.32811445 -0.04404981 -0.22364989
   0.35901704 -0.05519423 -0.11767249  1.          0.          1.
   1.          1.          0.        ]]
[[ 0.00957419 -0.15420602  0.05738324 -0.03767344  0.00841859 -0.99925494
   0.          0.055       1.5707964  -0.21279076  0.23299132  0.04524978
  -0.27079388  0.2613579   0.1042484  -0.7833448   0.10459777  0.11172078
   0.4598259   0.06774546 -0.02979874  0.32201758 -0.05211085 -0.22939561
   0.36241484 -0.05029197 -0.11938332  1.          0.          1.
   1.          1.          0.        ]]
[[ 0.02725712 -0.14629762  0.06091377 -0.03697013  0.00662993 -0.99929434
   0.          0.055       1.5707964  -0.21851668  0.22996923  0.04385415
  -0.27066183  0.27753317  0.11308292 -0.78368825  0.11112192  0.11181983
   0.47022077  0.06735173 -0.03465979  0.31594953 -0.06708917 -0.23184957
   0.3659697  -0.04270774 -0.12413432  1.          0.          1.
   1.          1.          0.        ]]
[[ 0.02348995 -0.13533606  0.05638154 -0.03574605  0.00460387 -0.99935055
   0.          0.055       1.5707964  -0.22714382  0.22323492  0.04416489
  -0.26939055  0.28868556  0.12107756 -0.78382164  0.11533008  0.1151088
   0.4842876   0.06390416 -0.0382067   0.31252167 -0.06814028 -0.23926435
   0.3649205  -0.03843706 -0.12494242  1.          0.          1.
   1.          1.          0.        ]]
[[ 0.01385817 -0.13914485  0.05359452 -0.03487581  0.00325672 -0.99938613
   0.          0.055       1.5707964  -0.23479553  0.22301798  0.04142136
  -0.27046734  0.29596844  0.12576088 -0.783715    0.11777443  0.12047213
   0.49996015  0.05798763 -0.03981819  0.30889434 -0.07202941 -0.23687822
   0.36499432 -0.03792343 -0.1231805   1.          0.          1.
   1.          1.          0.        ]]
[[ 0.00844638 -0.14451888  0.05263301 -0.03459014  0.0024124  -0.9993986
   0.          0.055       1.5707964  -0.24166909  0.22568741  0.03971117
  -0.26944134  0.29044804  0.12815897 -0.78369796  0.12015282  0.12582019
   0.514138    0.05281431 -0.04068884  0.30253145 -0.07471161 -0.23305044
   0.36031955 -0.03535063 -0.12249858  1.          0.          1.
   1.          1.          0.        ]]
[[ 9.8002898e-03 -1.4613526e-01  4.3483522e-02 -3.4558613e-02
   1.3703349e-03 -9.9940169e-01  0.0000000e+00  5.5000000e-02
   1.5707964e+00 -2.4928497e-01  2.2735335e-01  3.9785452e-02
  -2.7099535e-01  2.8529733e-01  1.2802015e-01 -7.8416818e-01
   1.2404328e-01  1.3061413e-01  5.2837223e-01  4.9672481e-02
  -4.2076889e-02  2.9844955e-01 -8.0213211e-02 -2.3236381e-01
   3.5465562e-01 -3.8149163e-02 -1.2052820e-01  1.0000000e+00
   0.0000000e+00  1.0000000e+00  1.0000000e+00  1.0000000e+00
   0.0000000e+00]]
[[ 2.2564217e-02 -1.3336003e-01  4.1389450e-02 -3.4228124e-02
  -3.1879739e-04 -9.9941379e-01  0.0000000e+00  5.5000000e-02
   1.5707964e+00 -2.5642607e-01  2.2861193e-01  4.1119870e-02
  -2.7126867e-01  2.7915058e-01  1.2480346e-01 -7.8416878e-01
   1.3346013e-01  1.3291730e-01  5.4340059e-01  4.2314976e-02
  -4.1604694e-02  2.9786539e-01 -9.3005970e-02 -2.3493947e-01
   3.5047150e-01 -3.3981200e-02 -1.2133796e-01  1.0000000e+00
   0.0000000e+00  1.0000000e+00  1.0000000e+00  1.0000000e+00
   0.0000000e+00]]
[[ 0.01809118 -0.13613558  0.04583724 -0.03369408 -0.00218901 -0.9994296
   0.          0.055       1.5707964  -0.26386184  0.2294595   0.04244629
  -0.27166012  0.26887667  0.12171169 -0.78405076  0.14331006  0.13538308
   0.5587656   0.03312662 -0.04030675  0.30104208 -0.10392305 -0.23832497
   0.34915093 -0.02566234 -0.12032467  1.          0.          1.
   1.          1.          0.        ]]
[[ 0.01169752 -0.1343768   0.03643129 -0.03317427 -0.00368515 -0.9994427
   0.          0.055       1.5707964  -0.2702993   0.2291005   0.04487156
  -0.27589163  0.25486338  0.11974071 -0.78440017  0.15027937  0.13848913
   0.57197124  0.02459937 -0.03854108  0.30291733 -0.11435702 -0.23769927
   0.34803137 -0.01660511 -0.11678371  1.          0.          1.
   1.          1.          0.        ]]
[[ 0.00526665 -0.13554655  0.03235251 -0.03282087 -0.00477395 -0.99944997
   0.          0.055       1.5707964  -0.2748564   0.22930564  0.04658225
  -0.2817556   0.24216893  0.11849447 -0.78429437  0.15513203  0.14134318
   0.5823619   0.01809079 -0.03734379  0.30485412 -0.12395553 -0.23556048
   0.34698686 -0.00947232 -0.11180899  1.          0.          1.
   1.          1.          0.        ]]
[[ 0.00600717 -0.13614388  0.04149146 -0.03242798 -0.00574001 -0.9994572
   0.          0.055       1.5707964  -0.27860916  0.22918363  0.0474331
  -0.2950907   0.22916846  0.11878613 -0.78400457  0.15875518  0.14381559
   0.59099007  0.01312304 -0.03735286  0.31026262 -0.13536587 -0.23336998
   0.3508831  -0.00423018 -0.1076443   1.          0.          1.
   1.          1.          0.        ]]
[[ 8.30047356e-04 -1.30091712e-01  4.27535623e-02 -3.13232541e-02
  -7.22348085e-03 -9.99483466e-01  0.00000000e+00  5.49999997e-02
   1.57079637e+00 -2.81014144e-01  2.26698726e-01  4.82054055e-02
  -3.10712487e-01  2.14461803e-01  1.16199486e-01 -7.83872783e-01
   1.66127160e-01  1.42470211e-01  5.96579969e-01  3.94632155e-03
  -3.54343243e-02  3.16642702e-01 -1.54575348e-01 -2.30397105e-01
   3.53923529e-01  3.08683887e-03 -1.08588420e-01  1.00000000e+00
   0.00000000e+00  1.00000000e+00  1.00000000e+00  1.00000000e+00
   0.00000000e+00]]
[[-0.00518432 -0.1419427   0.04260325 -0.031148   -0.0075387  -0.99948597
   0.          0.055       1.5707964  -0.2819948   0.2271072   0.04750225
  -0.32245675  0.20374624  0.11150601 -0.78406817  0.16769736  0.14238495
   0.59842664  0.00275816 -0.03615979  0.32388327 -0.16953988 -0.22767018
   0.35871845  0.00382899 -0.11536346  1.          0.          1.
   1.          1.          0.        ]]
[[-0.00357546 -0.13378689  0.04600036 -0.03056066 -0.00772397 -0.99950284
   0.          0.055       1.5707964  -0.2819843   0.22364548  0.04793508
  -0.32969004  0.19871815  0.1068409  -0.78402907  0.16570708  0.1430025
   0.5983169   0.00207826 -0.03721491  0.33542353 -0.18453453 -0.2252012
   0.35985827  0.00389731 -0.1196501   1.          0.          1.
   1.          1.          0.        ]]
[[-1.4433410e-03 -1.2551570e-01  4.1431338e-02 -2.9704001e-02
  -7.6306053e-03 -9.9952972e-01  0.0000000e+00  5.5000000e-02
   1.5707964e+00 -2.8046021e-01  2.2202675e-01  4.6403218e-02
  -3.3579996e-01  1.9619896e-01  1.0396247e-01 -7.8400743e-01
   1.6451029e-01  1.4119993e-01  5.9459382e-01 -2.2819252e-03
  -3.5597149e-02  3.4494612e-01 -2.0012751e-01 -2.2089754e-01
   3.5716838e-01  2.5513070e-03 -1.2245046e-01  1.0000000e+00
   0.0000000e+00  1.0000000e+00  1.0000000e+00  1.0000000e+00
   0.0000000e+00]]
[[ 4.97573696e-04 -1.21603638e-01  3.87425758e-02 -2.87834909e-02
  -7.32869050e-03 -9.99558806e-01  0.00000000e+00  5.49999997e-02
   1.57079637e+00 -2.77637422e-01  2.21259117e-01  4.34281155e-02
  -3.40884149e-01  1.93859622e-01  1.01420864e-01 -7.84195185e-01
   1.63693011e-01  1.37286991e-01  5.87497115e-01 -7.01457309e-03
  -3.33033279e-02  3.49388421e-01 -2.16490448e-01 -2.14539394e-01
   3.50944787e-01  1.08250941e-03 -1.23288929e-01  1.00000000e+00
   0.00000000e+00  1.00000000e+00  1.00000000e+00  1.00000000e+00
   0.00000000e+00]]
[[ 1.05942274e-03 -1.18380755e-01  3.89562137e-02 -2.74515077e-02
  -7.32334610e-03 -9.99596417e-01  0.00000000e+00  5.49999997e-02
   1.57079637e+00 -2.74437755e-01  2.19234630e-01  4.00958396e-02
  -3.40941131e-01  1.99448287e-01  9.51402336e-02 -7.84501910e-01
   1.64484501e-01  1.31727561e-01  5.79303026e-01 -1.38306934e-02
  -3.05751264e-02  3.50128680e-01 -2.41709381e-01 -2.10245937e-01
   3.44223440e-01 -4.35477914e-03 -1.22516699e-01  0.00000000e+00
   0.00000000e+00  1.00000000e+00  1.00000000e+00  1.00000000e+00
   0.00000000e+00]]
[[-6.2361639e-03 -1.1478535e-01  2.0101985e-02 -2.6247311e-02
  -6.4164465e-03 -9.9963480e-01  0.0000000e+00  5.5000000e-02
   1.5707964e+00 -2.7373242e-01  2.1400523e-01  3.9877839e-02
  -3.3885518e-01  2.1028765e-01  9.2229083e-02 -7.8508145e-01
   1.5876777e-01  1.2915333e-01  5.7231760e-01 -1.7851518e-02
  -2.8669048e-02  3.4720218e-01 -2.7269301e-01 -2.1188755e-01
   3.3708122e-01  1.9263236e-04 -1.2797835e-01  0.0000000e+00
   0.0000000e+00  1.0000000e+00  1.0000000e+00  1.0000000e+00
   0.0000000e+00]]
[[-0.01985451 -0.11067285  0.0151173  -0.02501457 -0.00477392 -0.99967563
   0.          0.055       1.5707964  -0.2783066   0.1994589   0.04708014
  -0.3179022   0.2271723   0.09289738 -0.78540844  0.1527986   0.11467017
   0.570674   -0.0186352  -0.023811    0.33416563 -0.30365118 -0.22188464
   0.32714257  0.0171258  -0.14242885  0.          0.          1.
   1.          1.          0.        ]]
[[-2.6859757e-02 -1.0830401e-01 -7.9473866e-05 -2.3290351e-02
  -2.2822702e-03 -9.9972624e-01  0.0000000e+00  5.5000000e-02
   1.5707964e+00 -2.8761405e-01  1.7886481e-01  5.8522515e-02
  -2.8118610e-01  2.4408782e-01  9.7810023e-02 -7.8507483e-01
   1.4617316e-01  8.9959055e-02  5.7735538e-01 -1.8450733e-02
  -2.1128748e-02  3.1526938e-01 -3.2879496e-01 -2.3573998e-01
   3.2023662e-01  3.9810400e-02 -1.6168621e-01  0.0000000e+00
   0.0000000e+00  1.0000000e+00  1.0000000e+00  1.0000000e+00
   0.0000000e+00]]
[[-3.0779928e-02 -1.1521420e-01 -2.3063511e-02 -2.0044306e-02
   1.3568327e-03 -9.9979800e-01  0.0000000e+00  5.5000000e-02
   1.5707964e+00 -3.0530754e-01  1.5028509e-01  7.5842738e-02
  -2.3337705e-01  2.6519018e-01  9.9666156e-02 -7.8104472e-01
   1.3732783e-01  5.1997881e-02  5.9150481e-01 -2.4552213e-02
  -2.0916237e-02  2.8395072e-01 -3.5863298e-01 -2.4526176e-01
   3.1405464e-01  6.2928915e-02 -1.8487507e-01  0.0000000e+00
   0.0000000e+00  1.0000000e+00  1.0000000e+00  0.0000000e+00
   0.0000000e+00]]
[[-0.05770199 -0.09235509  0.00882607 -0.0182673   0.0063139  -0.9998132
   0.          0.055       1.5707964  -0.33445248  0.12245782  0.09746417
  -0.17163126  0.3005154   0.10627152 -0.77715564  0.13137864  0.01910927
   0.61576205 -0.06217036 -0.03031443  0.24412324 -0.40053764 -0.25195202
   0.31417215  0.10559762 -0.22245856  0.          0.          1.
   1.          0.          1.        ]]
[[-8.72805640e-02 -6.76168725e-02  2.03973912e-02 -1.55349392e-02
   1.38311340e-02 -9.99783814e-01  0.00000000e+00  5.49999997e-02
   1.57079637e+00 -3.69853705e-01  9.42930505e-02  1.20268270e-01
  -1.20973460e-01  3.35091323e-01  1.24817945e-01 -7.49143481e-01
   1.23751611e-01 -2.94216193e-06  6.25808895e-01 -9.41931456e-02
  -4.68101017e-02  2.11256295e-01 -4.21865612e-01 -2.73541749e-01
   3.21577668e-01  1.54165387e-01 -2.66100138e-01  0.00000000e+00
   0.00000000e+00  1.00000000e+00  1.00000000e+00  0.00000000e+00
   1.00000000e+00]]
[[-1.17096633e-01  1.81892421e-02  4.11533639e-02 -1.05603365e-02
   2.26008650e-02 -9.99688506e-01  0.00000000e+00  5.49999997e-02
   1.57079637e+00 -4.03547525e-01  6.74325004e-02  1.39605701e-01
  -7.79939443e-02  3.58709544e-01  1.47448391e-01 -6.94316208e-01
   1.36231765e-01 -5.28386863e-07  6.13917947e-01 -1.15963995e-01
  -5.52743040e-02  1.89995557e-01 -4.12647367e-01 -2.90255278e-01
   3.41438890e-01  1.89283982e-01 -3.01088154e-01  0.00000000e+00
   0.00000000e+00  1.00000000e+00  1.00000000e+00  0.00000000e+00
   1.00000000e+00]]
[[-1.7230606e-01  7.4682966e-02  7.6576002e-02 -8.4607070e-04
   3.5346553e-02 -9.9937469e-01  0.0000000e+00  5.5000000e-02
   1.5707964e+00 -4.3227872e-01  4.9760841e-02  1.4778312e-01
  -3.1310949e-02  3.7316892e-01  1.5879753e-01 -6.4437956e-01
   1.4190505e-01 -1.4095775e-06  5.9939265e-01 -1.2487575e-01
  -5.7143599e-02  1.6922320e-01 -3.8956288e-01 -2.9705229e-01
   3.6718440e-01  2.0553629e-01 -3.2466224e-01  0.0000000e+00
   1.0000000e+00  1.0000000e+00  1.0000000e+00  0.0000000e+00
   0.0000000e+00]]
[[-1.9275549e-01  1.0065933e-01  5.1314663e-03  1.2183799e-02
   5.2175030e-02 -9.9856377e-01  0.0000000e+00  5.5000000e-02
   1.5707964e+00 -4.5943615e-01  4.6004221e-02  1.4708483e-01
   4.3683201e-03  3.9425784e-01  1.7768048e-01 -6.2598705e-01
   1.3147524e-01 -2.6303294e-06  6.1443251e-01 -1.6555230e-01
  -6.1762668e-02  1.3634406e-01 -3.6041951e-01 -3.0137140e-01
   3.9082509e-01  2.0937738e-01 -3.4118348e-01  0.0000000e+00
   1.0000000e+00  1.0000000e+00  1.0000000e+00  0.0000000e+00
   1.0000000e+00]]
[[-0.0359588   0.04303016  0.07320575  0.02097293  0.05675564 -0.9981679
   0.          0.055       1.5707964  -0.48766908  0.02631694  0.15848395
   0.01937545  0.43491057  0.21807308 -0.58802396  0.10540165  0.00541411
   0.65173525 -0.19512588 -0.07586899  0.11218999 -0.348878   -0.29367983
   0.44060746  0.18924072 -0.33822346  0.          1.          1.
   1.          0.          1.        ]]
[[-1.00229178e-02  4.00913358e-02  4.76561598e-02  2.68691964e-02
   5.77260405e-02 -9.97970819e-01  0.00000000e+00  5.49999997e-02
   1.57079637e+00 -5.12862623e-01  1.47590935e-02  1.67516440e-01
   3.95264924e-02  4.62257057e-01  2.52136111e-01 -5.50788164e-01
   8.94585848e-02 -1.30945023e-06  6.82524085e-01 -2.06935897e-01
  -9.51485857e-02  6.28217459e-02 -3.55374843e-01 -2.89083928e-01
   4.82482761e-01  1.65101141e-01 -3.33570391e-01  0.00000000e+00
   1.00000000e+00  1.00000000e+00  1.00000000e+00  0.00000000e+00
   1.00000000e+00]]
[[ 2.9541094e-02 -8.9452341e-03 -3.5107755e-03  2.8951397e-02
   5.4993253e-02 -9.9806684e-01  0.0000000e+00  5.5000000e-02
   1.5707964e+00 -5.4111260e-01  1.3573835e-02  1.7824820e-01
   4.3460693e-02  4.7556832e-01  2.6508221e-01 -5.3077781e-01
   8.7014206e-02  1.2127049e-03  7.0747375e-01 -2.1076997e-01
  -1.1114475e-01  6.7791604e-03 -3.6748192e-01 -2.9243606e-01
   5.1183492e-01  1.3525555e-01 -3.2721734e-01  0.0000000e+00
   1.0000000e+00  1.0000000e+00  1.0000000e+00  0.0000000e+00
   1.0000000e+00]]
[[ 4.4169914e-02 -4.7045931e-02 -5.5155892e-02  2.6312999e-02
   5.1007815e-02 -9.9835163e-01  0.0000000e+00  5.5000000e-02
   1.5707964e+00 -5.6975168e-01  3.3563793e-02  1.8371265e-01
   4.1041229e-02  4.7736192e-01  2.6700240e-01 -5.3360850e-01
   8.4902428e-02  8.7329751e-04  7.2864741e-01 -2.0825499e-01
  -1.2388092e-01 -2.6122453e-02 -3.7475038e-01 -2.9429615e-01
   5.3197652e-01  1.1175173e-01 -3.2497543e-01  0.0000000e+00
   1.0000000e+00  1.0000000e+00  1.0000000e+00  0.0000000e+00
   1.0000000e+00]]
[[ 4.7826882e-02 -9.6558884e-02 -9.7238325e-02  2.1495771e-02
   4.7289286e-02 -9.9864984e-01  0.0000000e+00  5.5000000e-02
   1.5707964e+00 -5.9721380e-01  5.8572069e-02  1.9286913e-01
   2.9757405e-02  4.6367994e-01  2.5457847e-01 -5.3711426e-01
   8.5337847e-02 -8.6699799e-07  7.4634939e-01 -2.0994757e-01
  -1.2687497e-01 -2.9424945e-02 -3.7117934e-01 -2.8118637e-01
   5.4206342e-01  9.4883084e-02 -3.2578444e-01  0.0000000e+00
   1.0000000e+00  1.0000000e+00  1.0000000e+00  0.0000000e+00
   1.0000000e+00]]
[[ 3.4521446e-02 -8.8945918e-02 -1.5010771e-01  1.5786052e-02
   4.6016015e-02 -9.9881607e-01  0.0000000e+00  5.5000000e-02
   1.5707964e+00 -6.2071759e-01  7.9928622e-02  2.0893085e-01
   1.2831540e-02  4.6153784e-01  2.4434486e-01 -5.1166439e-01
   7.7645048e-02 -5.6404911e-06  7.5815243e-01 -2.2312167e-01
  -1.1396362e-01 -2.7601307e-02 -3.5411990e-01 -2.5992250e-01
   5.3835088e-01  9.2615522e-02 -3.3256134e-01  0.0000000e+00
   1.0000000e+00  1.0000000e+00  1.0000000e+00  0.0000000e+00
   1.0000000e+00]]
[[ 3.72786783e-02 -1.06265798e-01 -1.43484086e-01  9.67388880e-03
   4.42413054e-02 -9.98974264e-01  0.00000000e+00  5.49999997e-02
   1.57079637e+00 -6.42254770e-01  8.94551501e-02  2.33527794e-01
  -5.39377797e-03  4.67802465e-01  2.43871614e-01 -4.70693767e-01
   6.54961169e-02 -8.78294850e-06  7.69526005e-01 -2.30215684e-01
  -1.01527795e-01 -1.85132939e-02 -3.42358798e-01 -2.46651962e-01
   5.31948745e-01  9.53051746e-02 -3.41162980e-01  0.00000000e+00
   1.00000000e+00  1.00000000e+00  1.00000000e+00  0.00000000e+00
   1.00000000e+00]]
[[-0.03567934 -0.07980013 -0.13509558  0.00342281  0.04531696 -0.99896675
   0.          0.055       1.5707964  -0.65843254  0.09648135  0.25779247
  -0.02285953  0.47181886  0.24708076 -0.43128997  0.06376014  0.00546252
   0.7785718  -0.23767874 -0.08614448 -0.01695241 -0.35018656 -0.2348902
   0.52238506  0.11411141 -0.35622075  0.          1.          1.
   1.          0.          1.        ]]
[[-2.3770176e-02 -4.6590365e-02 -8.6921081e-02 -8.1275939e-05
   4.8770212e-02 -9.9881011e-01  0.0000000e+00  5.5000000e-02
   1.5707964e+00 -6.6497058e-01  9.9177830e-02  2.7200156e-01
  -2.7755501e-02  4.7988325e-01  2.4577299e-01 -3.9534122e-01
   8.2823597e-02  5.1793206e-04  7.8595114e-01 -2.4072659e-01
  -7.8426287e-02 -2.2960067e-02 -3.6432904e-01 -2.3844412e-01
   5.2024925e-01  1.3839786e-01 -3.7051412e-01  0.0000000e+00
   1.0000000e+00  1.0000000e+00  1.0000000e+00  0.0000000e+00
   1.0000000e+00]]
[[-2.9794553e-03 -4.1303217e-02 -4.6153355e-02 -1.0966940e-03
   5.1507868e-02 -9.9867213e-01  0.0000000e+00  5.5000000e-02
   1.5707964e+00 -6.6915905e-01  9.1695376e-02  2.8328472e-01
  -3.7632581e-02  4.8823568e-01  2.4861746e-01 -3.4116840e-01
   8.6098343e-02 -8.3775067e-06  7.8563154e-01 -2.4209033e-01
  -7.2525129e-02 -4.8659507e-02 -3.8011411e-01 -2.4895115e-01
   5.1274878e-01  1.5838097e-01 -3.8357541e-01  0.0000000e+00
   1.0000000e+00  1.0000000e+00  1.0000000e+00  0.0000000e+00
   1.0000000e+00]]
[[ 3.5213637e-03 -3.5329394e-02 -3.3860199e-02 -2.2722154e-03
   5.2557383e-02 -9.9861538e-01  0.0000000e+00  5.5000000e-02
   1.5707964e+00 -6.7096925e-01  8.9020446e-02  2.8643906e-01
  -4.4884950e-02  5.0124437e-01  2.5773942e-01 -2.8326499e-01
   9.4173133e-02 -7.8930289e-06  7.8255188e-01 -2.3471753e-01
  -7.3337846e-02 -7.8361422e-02 -3.9182615e-01 -2.5286809e-01
   5.0624883e-01  1.7339756e-01 -3.9362320e-01  0.0000000e+00
   1.0000000e+00  1.0000000e+00  1.0000000e+00  0.0000000e+00
   1.0000000e+00]]
[[ 1.9339085e-02 -2.9914254e-02 -1.7570587e-02 -2.8225472e-03
   5.2902240e-02 -9.9859571e-01  0.0000000e+00  5.5000000e-02
   1.5707964e+00 -6.7120564e-01  9.2105530e-02  2.8283828e-01
  -4.9681202e-02  5.1357430e-01  2.6659253e-01 -2.3548262e-01
   1.0241553e-01 -7.1211912e-06  7.7836967e-01 -2.3163380e-01
  -7.4020296e-02 -1.0875366e-01 -3.9062446e-01 -2.4835259e-01
   5.0151306e-01  1.7940320e-01 -3.9824170e-01  0.0000000e+00
   1.0000000e+00  1.0000000e+00  1.0000000e+00  0.0000000e+00
   1.0000000e+00]]
[[ 1.7673163e-02 -2.3116268e-02 -1.1517583e-02 -2.2312219e-03
   5.2810416e-02 -9.9860185e-01  0.0000000e+00  5.5000000e-02
   1.5707964e+00 -6.7061329e-01  9.5889367e-02  2.7592558e-01
  -5.2263215e-02  5.2289933e-01  2.7176434e-01 -1.9370234e-01
   1.0579885e-01 -8.4420053e-06  7.7265447e-01 -2.3371258e-01
  -7.3519707e-02 -1.3911755e-01 -3.8109884e-01 -2.3452914e-01
   4.9707690e-01  1.7758158e-01 -3.9853263e-01  0.0000000e+00
   1.0000000e+00  1.0000000e+00  1.0000000e+00  0.0000000e+00
   1.0000000e+00]]
[[ 2.4100751e-02 -1.7472723e-02  7.9315845e-03 -1.3749523e-03
   5.1916543e-02 -9.9865025e-01  0.0000000e+00  5.5000000e-02
   1.5707964e+00 -6.6969103e-01  1.0027061e-01  2.6722780e-01
  -5.6343865e-02  5.3068161e-01  2.7635938e-01 -1.5234269e-01
   1.0533248e-01 -1.2749657e-05  7.6721925e-01 -2.3438171e-01
  -7.5280987e-02 -1.6296421e-01 -3.6779609e-01 -2.1610801e-01
   4.9451804e-01  1.7114696e-01 -3.9619502e-01  0.0000000e+00
   1.0000000e+00  1.0000000e+00  1.0000000e+00  0.0000000e+00
   1.0000000e+00]]
[[ 2.27707550e-02 -2.16573458e-02  4.08590026e-03 -6.81607693e-04
   5.07552661e-02 -9.98711050e-01  0.00000000e+00  5.49999997e-02
   1.57079637e+00 -6.69358492e-01  1.04397707e-01  2.59360135e-01
  -6.45777136e-02  5.37600517e-01  2.81101674e-01 -1.12461865e-01
   1.06387407e-01 -1.48094541e-05  7.61628747e-01 -2.34985068e-01
  -7.66639635e-02 -1.80402949e-01 -3.53916019e-01 -1.99512020e-01
   4.91130978e-01  1.64223239e-01 -3.93946409e-01  0.00000000e+00
   1.00000000e+00  1.00000000e+00  1.00000000e+00  0.00000000e+00
   1.00000000e+00]]
[[ 1.39358547e-02 -2.47530192e-02 -1.34606296e-02  1.02981343e-04
   5.04329652e-02 -9.98727679e-01  0.00000000e+00  5.49999997e-02
   1.57079637e+00 -6.70132458e-01  1.07106656e-01  2.52719522e-01
  -7.01147467e-02  5.43245614e-01  2.84087360e-01 -7.86404759e-02
   1.02556154e-01 -1.63961704e-05  7.55875587e-01 -2.35579371e-01
  -7.82583281e-02 -1.87130198e-01 -3.41217786e-01 -1.91235006e-01
   4.87085104e-01  1.62026003e-01 -3.95291537e-01  0.00000000e+00
   1.00000000e+00  1.00000000e+00  1.00000000e+00  0.00000000e+00
   1.00000000e+00]]
[[ 2.5977364e-02 -2.0178013e-02 -2.1122877e-02  8.3454733e-04
   5.0113145e-02 -9.9874294e-01  0.0000000e+00  5.5000000e-02
   1.5707964e+00 -6.7305917e-01  1.0546764e-01  2.5099719e-01
  -7.4149072e-02  5.4598343e-01  2.8739315e-01 -5.4792982e-02
   1.0539482e-01 -1.3623100e-05  7.5070965e-01 -2.3590912e-01
  -7.9199798e-02 -1.9304615e-01 -3.3601475e-01 -1.8645646e-01
   4.8181263e-01  1.6152468e-01 -3.9868131e-01  0.0000000e+00
   1.0000000e+00  1.0000000e+00  1.0000000e+00  0.0000000e+00
   1.0000000e+00]]
[[ 2.25532223e-02 -2.48681661e-02 -3.72098163e-02  1.29578798e-03
   5.00498898e-02 -9.98745680e-01  0.00000000e+00  5.49999997e-02
   1.57079637e+00 -6.75920963e-01  1.04161002e-01  2.50605971e-01
  -7.33013898e-02  5.50146520e-01  2.89443165e-01 -3.46672423e-02
   1.08944848e-01 -1.35282025e-05  7.47068822e-01 -2.37146631e-01
  -7.91353881e-02 -1.98962212e-01 -3.32576275e-01 -1.83952764e-01
   4.77531880e-01  1.61927924e-01 -4.01953995e-01  0.00000000e+00
   1.00000000e+00  1.00000000e+00  1.00000000e+00  0.00000000e+00
   1.00000000e+00]]
[[ 1.6483957e-02 -2.3604829e-02 -2.5346326e-02  1.3220435e-03
   5.0257698e-02 -9.9873531e-01  0.0000000e+00  5.5000000e-02
   1.5707964e+00 -6.7874807e-01  1.0490118e-01  2.5008398e-01
  -7.0148416e-02  5.5346012e-01  2.9103681e-01 -1.7584145e-02
   1.1006773e-01 -1.5408128e-05  7.4500924e-01 -2.3743059e-01
  -7.9714544e-02 -2.0637488e-01 -3.3132800e-01 -1.8199012e-01
   4.7486645e-01  1.6398814e-01 -4.0570045e-01  0.0000000e+00
   1.0000000e+00  1.0000000e+00  1.0000000e+00  0.0000000e+00
   1.0000000e+00]]
[[ 1.4224055e-02 -3.3115540e-02 -2.6947973e-02  1.0792492e-03
   5.0200410e-02 -9.9873883e-01  0.0000000e+00  5.5000000e-02
   1.5707964e+00 -6.8253577e-01  1.0497684e-01  2.5188938e-01
  -6.8529479e-02  5.5486584e-01  2.9184055e-01 -5.1834094e-03
   1.1282918e-01 -1.3938393e-05  7.4485016e-01 -2.3741791e-01
  -8.0457993e-02 -2.1440433e-01 -3.2885715e-01 -1.8094717e-01
   4.7350112e-01  1.6522816e-01 -4.0906456e-01  0.0000000e+00
   1.0000000e+00  0.0000000e+00  1.0000000e+00  0.0000000e+00
   1.0000000e+00]]
[[ 9.33856238e-04 -4.76105846e-02 -1.99379902e-02 -1.58663257e-04
   5.08786291e-02 -9.98705089e-01  0.00000000e+00  5.49999997e-02
   1.57079637e+00 -6.86332285e-01  1.11357175e-01  2.51476884e-01
  -6.62166700e-02  5.52268863e-01  2.95772582e-01  8.71302793e-04
   1.11029789e-01 -1.36731069e-05  7.46421516e-01 -2.36097157e-01
  -8.20989162e-02 -2.22352341e-01 -3.10947776e-01 -1.77592516e-01
   4.73881751e-01  1.70749992e-01 -4.14356411e-01  0.00000000e+00
   1.00000000e+00  0.00000000e+00  1.00000000e+00  0.00000000e+00
   1.00000000e+00]]
[[ 1.09739117e-02 -4.66811880e-02 -6.19299803e-03 -9.55935626e-04
   5.08103669e-02 -9.98708129e-01  0.00000000e+00  5.49999997e-02
   1.57079637e+00 -6.91210866e-01  1.17772244e-01  2.51843274e-01
  -5.86065613e-02  5.51017284e-01  2.97525197e-01  5.01018716e-03
   1.12877876e-01 -1.45710464e-05  7.50295758e-01 -2.38033593e-01
  -8.38086680e-02 -2.30169773e-01 -2.95513481e-01 -1.67167395e-01
   4.77412224e-01  1.68863222e-01 -4.15718049e-01  0.00000000e+00
   1.00000000e+00  0.00000000e+00  1.00000000e+00  0.00000000e+00
   1.00000000e+00]]
[[-1.15516055e-02 -2.99158283e-02  3.41637246e-02 -8.39635555e-04
   5.31709082e-02 -9.98584926e-01  0.00000000e+00  5.49999997e-02
   1.57079637e+00 -6.93936706e-01  1.26186594e-01  2.48012960e-01
  -4.65948284e-02  5.48762023e-01  2.98059076e-01  9.56211612e-03
   1.14555195e-01 -1.18091002e-05  7.55647898e-01 -2.41277561e-01
  -8.78046006e-02 -2.38405928e-01 -2.80793220e-01 -1.57572299e-01
   4.85501766e-01  1.73616752e-01 -4.19815928e-01  0.00000000e+00
   1.00000000e+00  0.00000000e+00  1.00000000e+00  0.00000000e+00
   1.00000000e+00]]
[[-2.9214311e-03 -1.9216329e-02  1.5737882e-02  6.0317083e-04
   5.4460157e-02 -9.9851608e-01  0.0000000e+00  5.5000000e-02
   1.5707964e+00 -6.9934243e-01  1.2930189e-01  2.4798054e-01
  -3.7332777e-02  5.4723257e-01  2.9865888e-01  1.9529320e-02
   1.2208091e-01 -1.3609168e-05  7.6213247e-01 -2.4995574e-01
  -9.0972103e-02 -2.5625056e-01 -2.6756752e-01 -1.5148805e-01
   4.9494353e-01  1.6792843e-01 -4.1968459e-01  0.0000000e+00
   1.0000000e+00  0.0000000e+00  1.0000000e+00  0.0000000e+00
   1.0000000e+00]]
[[-1.8798482e-02 -1.8222002e-02  1.2717797e-02  1.5593906e-03
   5.6295611e-02 -9.9841291e-01  0.0000000e+00  5.5000000e-02
   1.5707964e+00 -7.0652479e-01  1.3494828e-01  2.4774614e-01
  -2.7964622e-02  5.4706210e-01  2.9856038e-01  2.8998241e-02
   1.3111582e-01 -1.3505159e-05  7.7009290e-01 -2.5583240e-01
  -9.7224802e-02 -2.7509743e-01 -2.5745958e-01 -1.4477849e-01
   5.0617117e-01  1.6644087e-01 -4.2318675e-01  0.0000000e+00
   1.0000000e+00  0.0000000e+00  1.0000000e+00  0.0000000e+00
   1.0000000e+00]]
[[-2.37444229e-02 -1.92556588e-03  1.17058959e-02  3.67736723e-03
   5.89631945e-02 -9.98253465e-01  0.00000000e+00  5.49999997e-02
   1.57079637e+00 -7.16314912e-01  1.36344180e-01  2.49855891e-01
  -1.56233003e-02  5.39359689e-01  2.97076017e-01  3.67222056e-02
   1.38191342e-01 -1.66000409e-05  7.76901305e-01 -2.65860021e-01
  -1.02744125e-01 -2.95625597e-01 -2.41810381e-01 -1.39622808e-01
   5.15887082e-01  1.65440664e-01 -4.29288477e-01  0.00000000e+00
   1.00000000e+00  0.00000000e+00  1.00000000e+00  0.00000000e+00
   1.00000000e+00]]
[[-4.9924821e-02 -3.4014452e-02  3.8696548e-03  5.9901332e-03
   6.2409949e-02 -9.9803281e-01  0.0000000e+00  5.5000000e-02
   1.5707964e+00 -7.2855073e-01  1.3746269e-01  2.5250429e-01
  -6.5022791e-03  5.3636402e-01  2.9377720e-01  3.9320715e-02
   1.4414288e-01 -1.4519465e-05  7.8313941e-01 -2.7539092e-01
  -1.1015930e-01 -3.0153576e-01 -2.4086554e-01 -1.2985207e-01
   5.2477616e-01  1.6839559e-01 -4.3992451e-01  0.0000000e+00
   1.0000000e+00  0.0000000e+00  1.0000000e+00  0.0000000e+00
   1.0000000e+00]]
[[-5.3025992e-03 -3.8038328e-02 -6.9663256e-02  4.6671154e-03
   6.6462599e-02 -9.9777812e-01  0.0000000e+00  5.5000000e-02
   1.5707964e+00 -7.4256581e-01  1.4049433e-01  2.5936875e-01
  -6.4815758e-03  5.3558999e-01  2.9593861e-01  4.1354973e-02
   1.4327520e-01 -1.3037672e-05  7.8247035e-01 -2.7762151e-01
  -1.1175000e-01 -2.9971424e-01 -2.4257861e-01 -1.3144588e-01
   5.1698095e-01  1.8220125e-01 -4.4989526e-01  0.0000000e+00
   1.0000000e+00  0.0000000e+00  1.0000000e+00  0.0000000e+00
   1.0000000e+00]]
[[ 2.0368064e-02 -4.3334249e-02 -6.8574578e-02  3.4777662e-03
   6.6190086e-02 -9.9780107e-01  0.0000000e+00  5.5000000e-02
   1.5707964e+00 -7.5710660e-01  1.3736260e-01  2.7081037e-01
  -5.1375804e-03  5.3625852e-01  2.9550287e-01  4.6550423e-02
   1.4504577e-01  1.7085111e-06  7.8242528e-01 -2.7771762e-01
  -1.1421586e-01 -2.9797313e-01 -2.4201936e-01 -1.3411261e-01
   5.1117831e-01  1.8559729e-01 -4.5846617e-01  0.0000000e+00
   1.0000000e+00  0.0000000e+00  1.0000000e+00  1.0000000e+00
   1.0000000e+00]]
[[ 6.53345603e-03 -6.04201108e-02 -4.24812324e-02  1.77305518e-03
   6.59131184e-02 -9.97823775e-01  0.00000000e+00  5.49999997e-02
   1.57079637e+00 -7.68073916e-01  1.41974658e-01  2.76387662e-01
  -1.19529129e-03  5.35920322e-01  2.94489890e-01  5.01650758e-02
   1.46477446e-01  1.17669470e-06  7.82992959e-01 -2.78792739e-01
  -1.15889534e-01 -2.96230048e-01 -2.44063765e-01 -1.33978337e-01
   5.07732928e-01  1.88650459e-01 -4.68075037e-01  1.00000000e+00
   1.00000000e+00  0.00000000e+00  1.00000000e+00  1.00000000e+00
   1.00000000e+00]]
[[-3.70451808e-02 -3.61834951e-02  1.51198255e-02 -1.96349109e-04
   6.74350411e-02 -9.97723579e-01  0.00000000e+00  5.49999997e-02
   1.57079637e+00 -7.74436235e-01  1.50522709e-01  2.76983947e-01
   4.06550290e-03  5.21487117e-01  2.88200170e-01  4.85383272e-02
   1.46786854e-01 -1.04470807e-03  7.83544779e-01 -2.77251393e-01
  -1.18028387e-01 -2.94990957e-01 -2.40355268e-01 -1.36849195e-01
   5.05753458e-01  1.98628619e-01 -4.77989078e-01  1.00000000e+00
   1.00000000e+00  0.00000000e+00  0.00000000e+00  1.00000000e+00
   1.00000000e+00]]
[[-0.02203915 -0.02181176  0.0711672  -0.00171353  0.07006996 -0.9975404
   0.          0.055       1.5707964  -0.7736339   0.16389163  0.26688752
   0.01849252  0.4998617   0.2751062   0.05571622  0.14198595  0.00488162
   0.78173083 -0.2665387  -0.127294   -0.28614104 -0.23390254 -0.13927892
   0.5142937   0.21132416 -0.4811068   1.          1.          0.
   0.          1.          1.        ]]
[[ 0.00778277 -0.01118624  0.1249257  -0.00176078  0.07060888 -0.9975026
   0.          0.055       1.5707964  -0.77320725  0.17243746  0.2567545
   0.02997485  0.47322267  0.26610586  0.06082114  0.14561465  0.00878384
   0.75957024 -0.26967937 -0.14422874 -0.27061868 -0.23054057 -0.14039508
   0.5295348   0.21768987 -0.48480806  1.          1.          0.
   0.          1.          1.        ]]
[[ 2.0680794e-02 -8.1464015e-03  1.7906347e-01 -9.1088860e-04
   6.9239289e-02 -9.9759960e-01  0.0000000e+00  5.5000000e-02
   1.5707964e+00 -7.7314562e-01  1.7824757e-01  2.4539211e-01
   4.6676539e-02  4.4624001e-01  2.5551540e-01  6.1345171e-02
   1.4858152e-01  9.1481572e-03  7.2048318e-01 -2.8599343e-01
  -1.6624555e-01 -2.4353701e-01 -2.2869833e-01 -1.3986623e-01
   5.5664706e-01  2.1569245e-01 -4.8450524e-01  1.0000000e+00
   1.0000000e+00  0.0000000e+00  0.0000000e+00  1.0000000e+00
   1.0000000e+00]]
[[ 2.0120632e-02  6.0603055e-03  1.9040908e-01  8.7803695e-05
   6.7629471e-02 -9.9771041e-01  0.0000000e+00  5.5000000e-02
   1.5707964e+00 -7.7435601e-01  1.7902142e-01  2.3749913e-01
   6.5814905e-02  4.2678893e-01  2.4125087e-01  5.3503580e-02
   1.5203190e-01  9.1022747e-03  6.8040437e-01 -3.0735758e-01
  -1.8288508e-01 -2.1018484e-01 -2.2464769e-01 -1.3960087e-01
   5.8991486e-01  2.1572614e-01 -4.8662448e-01  1.0000000e+00
   1.0000000e+00  0.0000000e+00  0.0000000e+00  1.0000000e+00
   1.0000000e+00]]
[[ 3.9227992e-02 -1.2293808e-02  1.7569146e-01  1.5569141e-04
   6.5384194e-02 -9.9786043e-01  0.0000000e+00  5.5000000e-02
   1.5707964e+00 -7.7608210e-01  1.7747009e-01  2.3123749e-01
   8.4100604e-02  4.0928882e-01  2.2685145e-01  6.6072747e-02
   1.5174079e-01  8.6718136e-03  6.2472278e-01 -3.3413970e-01
  -1.9395012e-01 -1.7569043e-01 -2.0971267e-01 -1.4510556e-01
   6.2376744e-01  2.1862628e-01 -4.8981094e-01  1.0000000e+00
   1.0000000e+00  0.0000000e+00  0.0000000e+00  1.0000000e+00
   1.0000000e+00]]
[[ 2.66474131e-02 -1.03364605e-02  1.83462694e-01  3.60327715e-04
   6.30184337e-02 -9.98012364e-01  0.00000000e+00  5.49999997e-02
   1.57079637e+00 -7.78745830e-01  1.75363973e-01  2.25858495e-01
   1.03342615e-01  3.84387434e-01  2.11701915e-01  8.07052478e-02
   1.51112303e-01  8.48391652e-03  5.63312829e-01 -3.59400630e-01
  -2.10456192e-01 -1.38717994e-01 -1.96365386e-01 -1.50587618e-01
   6.59401536e-01  2.22748891e-01 -4.96036321e-01  1.00000000e+00
   1.00000000e+00  0.00000000e+00  0.00000000e+00  1.00000000e+00
   1.00000000e+00]]
[[ 3.6955278e-02 -1.7839668e-02  1.9719891e-01 -6.8890158e-04
   6.0753625e-02 -9.9815249e-01  0.0000000e+00  5.5000000e-02
   1.5707964e+00 -7.8069711e-01  1.8104458e-01  2.1712188e-01
   1.3321687e-01  3.5664803e-01  1.9021285e-01  9.4036199e-02
   1.4944176e-01  9.6663097e-03  4.9590304e-01 -3.8536137e-01
  -2.1643388e-01 -9.9437699e-02 -1.8140242e-01 -1.5607388e-01
   6.9666117e-01  2.2469766e-01 -4.9673316e-01  1.0000000e+00
   1.0000000e+00  0.0000000e+00  0.0000000e+00  1.0000000e+00
   1.0000000e+00]]
[[ 0.0263469   0.01532525  0.2107416  -0.00244924  0.05751757 -0.9983417
   0.          0.055       1.5707964  -0.7833405   0.18818149  0.20874192
   0.18270993  0.31334215  0.15485784  0.10350544  0.14779066  0.01702963
   0.39783677 -0.39334586 -0.20982294 -0.05655661 -0.16310595 -0.16403045
   0.7370848   0.22737439 -0.5019095   1.          1.          0.
   0.          1.          1.        ]]
[[-1.0216935e-03 -2.0976821e-02  1.7065512e-01 -4.2142812e-03
   5.5666465e-02 -9.9844033e-01  0.0000000e+00  5.5000000e-02
   1.5707964e+00 -7.8387767e-01  2.0407644e-01  1.9648503e-01
   2.4712981e-01  2.4586236e-01  1.0911319e-01  9.3237579e-02
   1.6452385e-01  4.7973890e-02  2.4179398e-01 -3.5789961e-01
  -1.7715637e-01 -1.6558941e-02 -1.5275860e-01 -1.6649659e-01
   7.6756853e-01  2.1523489e-01 -4.8202124e-01  1.0000000e+00
   1.0000000e+00  0.0000000e+00  0.0000000e+00  1.0000000e+00
   1.0000000e+00]]
[[-1.17062554e-01  4.44343686e-02  7.47008249e-02 -7.04340695e-04
   5.56491204e-02 -9.98449981e-01  0.00000000e+00  5.49999997e-02
   1.57079637e+00 -7.83643842e-01  1.94545403e-01  1.97211608e-01
   2.53125966e-01  2.26408765e-01  1.19066387e-01  9.02177319e-02
   2.14368924e-01  8.36567134e-02  1.32232517e-01 -2.76350647e-01
  -1.42643571e-01  1.50176352e-02 -1.59577951e-01 -1.62738919e-01
   7.72984624e-01  1.67367771e-01 -4.13222611e-01  1.00000000e+00
   1.00000000e+00  0.00000000e+00  0.00000000e+00  1.00000000e+00
   1.00000000e+00]]
[[ 3.50477472e-02  7.66190886e-02  4.29642946e-02  1.12072250e-03
   5.24096489e-02 -9.98624980e-01  0.00000000e+00  5.49999997e-02
   1.57079637e+00 -7.75067627e-01  1.80324838e-01  1.72265112e-01
   2.61174142e-01  1.61263689e-01  1.54069170e-01  1.04117170e-01
   3.19978058e-01  1.26141220e-01  1.52848929e-01 -2.12476715e-01
  -1.81776196e-01  3.77465263e-02 -1.24660484e-01 -1.79681808e-01
   7.50483811e-01  1.21422626e-01 -3.14771831e-01  1.00000000e+00
   1.00000000e+00  0.00000000e+00  0.00000000e+00  1.00000000e+00
   1.00000000e+00]]
[[ 0.19034666  0.15451913 -0.14719413  0.00880862  0.03985645 -0.99916655
   0.          0.055       1.5707964  -0.7619899   0.20397654  0.06646566
   0.25455397  0.04502746  0.21180922  0.11992354  0.36076316  0.16698349
   0.15292707 -0.14737874 -0.21462588  0.03839448 -0.10252449 -0.1821402
   0.7203275   0.06355979 -0.24653423  1.          1.          0.
   0.          1.          1.        ]]
[[ 0.30935425  0.08576173 -0.33699885  0.01753954  0.01559273 -0.99972486
   0.          0.055       1.5707964  -0.7779969   0.22860582  0.02257726
   0.198671   -0.07722706  0.26952317  0.03403264  0.31689167  0.18101618
   0.14163418 -0.07398228 -0.23757127  0.07446565 -0.14560452 -0.17169604
   0.6891376  -0.00570743 -0.2252335   1.          1.          0.
   0.          1.          1.        ]]
[[ 0.29274932  0.07664692 -0.5437853   0.02505754 -0.00815521 -0.99965286
   0.          0.055       1.5707964  -0.7848367   0.27126956  0.0769621
   0.086382   -0.17928618  0.31979775 -0.21238443  0.23850976  0.1797526
   0.10074344 -0.01814014 -0.22824334  0.12555842 -0.24455552 -0.17147899
   0.6101004  -0.05379937 -0.23256777  1.          0.          0.
   0.          1.          1.        ]]
[[ 0.18557504  0.06222094 -0.45988473  0.03308315 -0.0239398  -0.9991661
   0.          0.055       1.5707964  -0.6933341   0.3335779   0.14796929
  -0.01840967 -0.26172176  0.36790508 -0.45760286  0.14140467  0.1909068
   0.04686689  0.01445645 -0.20613618  0.18579073 -0.31827897 -0.19816282
   0.52649057 -0.07446612 -0.25278085  1.          0.          0.
   0.          1.          1.        ]]
[[ 0.08073387  0.06470937 -0.20893832  0.04016162 -0.03151637 -0.998696
   0.          0.055       1.5707964  -0.5044186   0.39590043  0.20021142
  -0.07451021 -0.31735915  0.4044508  -0.60851365  0.07958453  0.18091853
   0.00463731  0.02272532 -0.18374977  0.23762995 -0.33251265 -0.21271273
   0.47207224 -0.08801815 -0.26227072  1.          1.          0.
   0.          1.          1.        ]]
[[-0.0477331   0.06518412 -0.10318705  0.0470378  -0.02957997 -0.9984551
   0.          0.055       1.5707964  -0.2894808   0.44484478  0.23555462
  -0.08826296 -0.3561652   0.4276531  -0.6561426   0.03646643  0.16553552
  -0.02562089 -0.00892426 -0.15281758  0.2632897  -0.31400543 -0.21011795
   0.4394405  -0.08974034 -0.26690057  1.          1.          0.
   0.          1.          1.        ]]
[[-0.01777995  0.06419801 -0.08673137  0.05277414 -0.02763713 -0.9982242
   0.          0.055       1.5707964  -0.12610422  0.4521121   0.23891036
  -0.09893846 -0.37911314  0.4360478  -0.65964216  0.05796487  0.16690531
  -0.04422576 -0.03916753 -0.13584943  0.26717615 -0.28711367 -0.2096432
   0.41703692 -0.09253838 -0.27508056  1.          1.          0.
   0.          1.          1.        ]]
[[ 0.04787301  0.0445987  -0.12318312  0.05721417 -0.03214329 -0.9978444
   0.          0.055       1.5707964  -0.04107071  0.42416424  0.21966709
  -0.13151127 -0.38599765  0.43153808 -0.6740056   0.12912826  0.19677784
  -0.04745977 -0.04842588 -0.13318597  0.26671356 -0.26989964 -0.21295567
   0.4028811  -0.11062843 -0.2867523   1.          1.          0.
   0.          1.          1.        ]]
[[-0.01633235 -0.05232094 -0.03132474  0.05494086 -0.03343276 -0.99793
   0.          0.055       1.5707964   0.02157604  0.36553377  0.20811531
  -0.15341361 -0.35392314  0.40283    -0.6513494   0.19529428  0.23780803
  -0.04398162 -0.05116703 -0.13723348  0.23980848 -0.27829498 -0.20673802
   0.3975789  -0.10479635 -0.30664584  1.          1.          0.
   0.          1.          1.        ]]
[[-0.06089453 -0.08149755  0.04425957  0.04853679 -0.03039747 -0.99835867
   0.          0.055       1.5707964   0.06984854  0.29506195  0.18780689
  -0.15854001 -0.29047474  0.35247448 -0.6087751   0.22615936  0.25949824
  -0.0319775  -0.06131082 -0.14445567  0.21014749 -0.28844896 -0.20165774
   0.40273055 -0.08393598 -0.32976437  1.          1.          0.
   0.          1.          1.        ]]
[[-0.08207163 -0.09532595  0.09511095  0.04143894 -0.02548379 -0.99881583
   0.          0.055       1.5707964   0.1036229   0.19815642  0.16940649
  -0.15273653 -0.21721533  0.29512918 -0.5618693   0.24308197  0.2539288
  -0.00912791 -0.0714566  -0.15878777  0.20887369 -0.30530655 -0.19606675
   0.41955486 -0.05969696 -0.3520847   1.          1.          0.
   0.          1.          1.        ]]
[[-0.12476389 -0.08396491  0.1017461   0.0346628  -0.01773083 -0.9992419
   0.          0.055       1.5707964   0.1219451   0.0990644   0.1522549
  -0.14275719 -0.14410488  0.2391759  -0.52279323  0.257178    0.24520764
   0.01418079 -0.08512589 -0.1726716   0.22163263 -0.31629163 -0.19757152
   0.4383753  -0.02598508 -0.37784714  1.          1.          0.
   0.          1.          1.        ]]
[[-0.15777948 -0.08226834  0.1181623   0.02826058 -0.0069273  -0.99957633
   0.          0.055       1.5707964   0.12576415  0.01085143  0.1379248
  -0.13339727 -0.0684512   0.1855762  -0.49313483  0.29129     0.24368176
   0.03287318 -0.11183015 -0.17607504  0.2379522  -0.31269395 -0.20724887
   0.45427603  0.0141629  -0.40516698  1.          1.          0.
   0.          1.          1.        ]]
[[-9.76002961e-03  4.61538993e-02  2.55294275e-02  3.03528272e-02
  -1.09545689e-03 -9.99538600e-01  0.00000000e+00  5.49999997e-02
   1.57079637e+00  1.22899033e-01 -2.07675714e-02  1.29921973e-01
  -1.36352748e-01 -4.01136167e-02  1.60051093e-01 -4.47333097e-01
   3.44260573e-01  2.51538813e-01  4.90804389e-02 -1.56353056e-01
  -1.67226180e-01  2.32840866e-01 -3.08983594e-01 -2.20931292e-01
   4.65421319e-01  1.40331155e-02 -4.15218413e-01  1.00000000e+00
   1.00000000e+00  0.00000000e+00  0.00000000e+00  1.00000000e+00
   1.00000000e+00]]
[[ 0.0233643  -0.02886103 -0.0572655   0.03321259 -0.00387461 -0.9994406
   0.          0.055       1.5707964   0.09305815 -0.03479275  0.13232411
  -0.16726573 -0.03858013  0.1521138  -0.3952476   0.4063036   0.27268094
   0.05944396 -0.17206563 -0.15786278  0.19006492 -0.30002958 -0.22111593
   0.46399432  0.00612777 -0.42840827  1.          0.          0.
   0.          1.          1.        ]]
[[ 0.01161092 -0.00357886 -0.07073722  0.03493855 -0.00629194 -0.9993698
   0.          0.055       1.5707964   0.06060326 -0.05660198  0.1430996
  -0.19942902 -0.03447691  0.12762304 -0.33290988  0.44721398  0.29491493
   0.07037055 -0.18360052 -0.14046983  0.14836514 -0.31813368 -0.2163032
   0.46095434  0.01086179 -0.44661483  1.          0.          0.
   0.          1.          1.        ]]
[[-0.03661301 -0.00245143 -0.07794318  0.03675435 -0.0055285  -0.9993095
   0.          0.055       1.5707964   0.03739362 -0.08390091  0.1581534
  -0.21136072 -0.02739055  0.07400242 -0.2781777   0.46111494  0.30024517
   0.07932706 -0.19226441 -0.12219758  0.12529072 -0.34178495 -0.2180908
   0.45769393  0.03246256 -0.46930447  1.          0.          0.
   0.          1.          1.        ]]
[[-0.07312506  0.021269   -0.06850781  0.03921371 -0.00159372 -0.9992295
   0.          0.055       1.5707964   0.02121906 -0.12270398  0.18252479
  -0.21032706  0.00898139  0.04580545 -0.25199595  0.45106253  0.29003206
   0.08397183 -0.19813114 -0.10291231  0.1121502  -0.350006   -0.22403182
   0.45258218  0.0696202  -0.49611834  1.          0.          0.
   0.          1.          1.        ]]
[[-0.08910079  0.0209205  -0.03355384  0.04175402  0.00490238 -0.9991161
   0.          0.055       1.5707964   0.01792611 -0.15453778  0.20190275
  -0.20017552  0.07191579  0.04559415 -0.23100522  0.42314595  0.27057436
   0.09621306 -0.20426156 -0.0881854   0.10518563 -0.3540029  -0.22356057
   0.45538187  0.10993073 -0.51848406  1.          0.          0.
   0.          1.          1.        ]]
[[-0.07180494 -0.00310534  0.02255869  0.04259472  0.01146453 -0.99902654
   0.          0.055       1.5707964   0.02327556 -0.16230544  0.2067503
  -0.19147119  0.11035603  0.05561483 -0.20970345  0.41131788  0.24915263
   0.10742249 -0.20803185 -0.08218196  0.09257838 -0.34172598 -0.22054811
   0.46570906  0.14250216 -0.53184813  1.          0.          0.
   0.          1.          1.        ]]
[[-0.02382889 -0.06032756  0.04599959  0.04230363  0.01569604 -0.9989818
   0.          0.055       1.5707964   0.03104187 -0.15139882  0.20134002
  -0.18320888  0.1319537   0.05773432 -0.18444741  0.4119364   0.23824222
   0.12067365 -0.21580955 -0.07757534  0.07527475 -0.32525223 -0.21358183
   0.48102558  0.15490973 -0.5310614   1.          0.          0.
   0.          1.          1.        ]]
[[-0.02282361 -0.09384289  0.04613568  0.04113778  0.01817324 -0.998988
   0.          0.055       1.5707964   0.03989077 -0.13385522  0.19264457
  -0.1765306   0.14543588  0.0610035  -0.13575558  0.40739763  0.23006548
   0.1368078  -0.22270463 -0.07236123  0.05673082 -0.31872764 -0.20024768
   0.49949372  0.1581978  -0.5236325   1.          0.          0.
   0.          1.          1.        ]]
[[-0.04117711 -0.09963871  0.02793537  0.0388861   0.02214881 -0.998998
   0.          0.055       1.5707964   0.04887101 -0.1101763   0.18076292
  -0.17250715  0.14573205  0.06390213 -0.06060612  0.3954751   0.21277311
   0.15218149 -0.22391906 -0.06936219  0.0416029  -0.30464575 -0.18710288
   0.51624876  0.17437163 -0.5238929   1.          0.          1.
   1.          1.          0.        ]]
[[-0.06585813 -0.13323233  0.04107954  0.03493062  0.02888966 -0.9989724
   0.          0.055       1.5707964   0.05654624 -0.0690857   0.15860829
  -0.17448269  0.12562324  0.07311607  0.02520921  0.37282413  0.19110039
   0.17189676 -0.21646358 -0.07457109  0.05623839 -0.26594505 -0.1695559
   0.53699034  0.20908056 -0.5354749   1.          0.          1.
   1.          1.          0.        ]]
[[-0.0450335  -0.11988194  0.01726117  0.03441303  0.03564144 -0.9987721
   0.          0.055       1.5707964   0.0550537  -0.03736427  0.1418671
  -0.17364956  0.12764475  0.07883014  0.09833407  0.3336673   0.157676
   0.19809495 -0.21793076 -0.08478156  0.07223353 -0.23163383 -0.14292285
   0.5555834   0.23079108 -0.54447126  1.          0.          1.
   1.          1.          0.        ]]
[[ 0.00308045 -0.11994264  0.0268246   0.03441502  0.03707052 -0.9987201
   0.          0.055       1.5707964   0.04390809 -0.01695482  0.13200948
  -0.15406807  0.14896788  0.10062056  0.12593658  0.28816244  0.11821568
   0.22429551 -0.23683837 -0.07879007  0.08166181 -0.199945   -0.11687156
   0.58034635  0.22770418 -0.54220486  1.          0.          1.
   1.          1.          0.        ]]
[[ 0.05260207 -0.13438784  0.05623635  0.03360162  0.03376418 -0.99886495
   0.          0.055       1.5707964   0.03297237  0.00572708  0.11905055
  -0.11371728  0.17582703  0.13622554  0.11942943  0.23422815  0.07541522
   0.25761756 -0.23930076 -0.0849423   0.07914178 -0.18599246 -0.09495908
   0.6149626   0.20323485 -0.5282532   1.          0.          1.
   1.          1.          0.        ]]
[[ 0.05307581 -0.18374377  0.0591621   0.03209081  0.02844542 -0.99908024
   0.          0.055       1.5707964   0.02507579  0.03309419  0.10283917
  -0.07642692  0.19475386  0.17013232  0.12048497  0.17141902  0.03094621
   0.2891277  -0.23884696 -0.09327715  0.08083785 -0.19583416 -0.08042704
   0.65149873  0.16865583 -0.50868714  1.          0.          1.
   1.          1.          0.        ]]
[[ 1.26174226e-01 -2.15138540e-01  1.60982236e-02  2.78828647e-02
   1.96798332e-02 -9.99417305e-01  0.00000000e+00  5.49999997e-02
   1.57079637e+00  1.20045030e-02  5.82674779e-02  9.31674391e-02
  -5.96803464e-02  2.30550826e-01  1.97491080e-01  1.47355497e-01
   9.37824473e-02 -3.16853288e-06  3.10855418e-01 -2.24555492e-01
  -1.02420606e-01  1.03298597e-01 -2.19425499e-01 -6.28964305e-02
   6.80233896e-01  1.23085894e-01 -4.78021115e-01  1.00000000e+00
   0.00000000e+00  1.00000000e+00  1.00000000e+00  1.00000000e+00
   0.00000000e+00]]
[[-0.06212562 -0.07831968  0.09363621  0.02239568  0.01316914 -0.99966216
   0.          0.055       1.5707964   0.00855003  0.08126111  0.08787079
  -0.03357779  0.27825353  0.22173354  0.17118157  0.04756953  0.00254319
   0.30641937 -0.21143696 -0.09966237  0.11366392 -0.22366911 -0.05216937
   0.6953686   0.08988211 -0.4470813   1.          0.          1.
   1.          1.          0.        ]]
[[-0.08644579 -0.17500408 -0.00277565  0.01414992  0.01982333 -0.9997034
   0.          0.055       1.5707964   0.02071998  0.09388033  0.08878656
  -0.04108526  0.32115662  0.22534508  0.18159592  0.00719173  0.03522766
   0.2746783  -0.19003853 -0.07864858  0.10558378 -0.13073437 -0.09238087
   0.7016307   0.04003489 -0.30700558  1.          0.          1.
   0.          1.          0.        ]]
[[-0.11366565 -0.17063595 -0.00923274  0.00502327  0.02626004 -0.9996424
   0.          0.055       1.5707964   0.01198967  0.09915191  0.09264638
  -0.12024099  0.36690047  0.23138058  0.17281298 -0.03555079  0.06114424
   0.250134   -0.17618208 -0.05861351  0.09851798 -0.02512091 -0.14380676
   0.722334   -0.05494634 -0.1525304   1.          0.          1.
   1.          1.          0.        ]]
[[-0.1064833  -0.17296736 -0.00260181 -0.00439367  0.03384093 -0.9994176
   0.          0.055       1.5707964  -0.00641105  0.11972602  0.08738557
  -0.22677627  0.40860268  0.2478384   0.15458325 -0.06884065  0.07628118
   0.23561095 -0.1735586  -0.04390801  0.09657814  0.07132403 -0.19655176
   0.7369804  -0.16437073 -0.09180602  1.          0.          1.
   1.          1.          0.        ]]
[[-0.05227209 -0.14032544  0.0376688  -0.01010576  0.03941584 -0.99917173
   0.          0.055       1.5707964  -0.02590543  0.13894263  0.07693465
  -0.30115205  0.43929595  0.2594129   0.13583046 -0.09196687  0.08090281
   0.23763396 -0.15570052 -0.04620013  0.10032535  0.13019079 -0.23474401
   0.6981405  -0.2297269  -0.11709215  1.          0.          1.
   1.          1.          0.        ]]
[[-0.06084767 -0.08038893  0.05212345 -0.00923358  0.04481935 -0.9989524
   0.          0.055       1.5707964  -0.04311616  0.17162229  0.05113269
  -0.33028105  0.42252967  0.2633298   0.12145547 -0.10823005  0.0802675
   0.23311621 -0.12352785 -0.05342352  0.10634556  0.1260816  -0.24058191
   0.6158364  -0.27324146 -0.16018942  1.          0.          1.
   1.          1.          0.        ]]
[[ 0.02058952 -0.09686823  0.01872788 -0.00536545  0.04673019 -0.9988933
   0.          0.055       1.5707964  -0.07050817  0.1889429   0.03571368
  -0.33831692  0.38307244  0.25020307  0.09676962 -0.10973472  0.06838128
   0.23875688 -0.11059833 -0.05989147  0.11803802  0.09039816 -0.2241579
   0.519866   -0.27426752 -0.19948299  1.          0.          1.
   1.          1.          0.        ]]
[[ 0.01439013 -0.12978567  0.00665358 -0.00610279  0.04558135 -0.99894226
   0.          0.055       1.5707964  -0.10342082  0.18876135  0.02555542
  -0.3359673   0.35919523  0.22393164  0.07229009 -0.10999357  0.05959174
   0.25361684 -0.08387513 -0.08335797  0.12902428  0.07213864 -0.17151302
   0.42355278 -0.23872721 -0.20697613  1.          0.          1.
   1.          1.          0.        ]]
[[ 0.01357298 -0.15314141  0.05116122 -0.00594343  0.04519628 -0.99896073
   0.          0.055       1.5707964  -0.12290679  0.1801022   0.01482159
  -0.3298853   0.35051325  0.20125349  0.06184864 -0.13065943  0.06326629
   0.26495326 -0.04829873 -0.11706795  0.12928441  0.06029198 -0.11646157
   0.34509036 -0.21023422 -0.19533414  1.          0.          1.
   1.          1.          0.        ]]
[[ 0.06972975 -0.15310003  0.04991862 -0.00401426  0.04045158 -0.9991737
   0.          0.055       1.5707964  -0.14212258  0.15905826  0.00748366
  -0.31428385  0.35472876  0.18505917  0.0538355  -0.13236693  0.05200574
   0.2758434  -0.01492274 -0.15594462  0.1323248   0.04119845 -0.08472779
   0.28009173 -0.19302197 -0.18595701  1.          0.          1.
   1.          1.          0.        ]]
[[ 5.6300208e-02 -1.4273551e-01  1.1947660e-02  4.2306120e-04
   3.6268968e-02 -9.9934226e-01  0.0000000e+00  5.5000000e-02
   1.5707964e+00 -1.5735164e-01  1.4552727e-01 -2.7821468e-06
  -2.9841614e-01  3.6091197e-01  1.8531829e-01  4.8232872e-02
  -1.2785114e-01  3.2702174e-02  2.8154182e-01 -1.4106928e-02
  -1.7936362e-01  1.4135306e-01  2.5071895e-02 -9.5277160e-02
   2.3133028e-01 -1.9401760e-01 -1.7715169e-01  1.0000000e+00
   0.0000000e+00  1.0000000e+00  1.0000000e+00  1.0000000e+00
   0.0000000e+00]]
[[ 1.2799267e-03 -1.7023681e-01 -5.0229337e-02  3.1244755e-03
   3.6744654e-02 -9.9931967e-01  0.0000000e+00  5.5000000e-02
   1.5707964e+00 -1.8043585e-01  1.3976812e-01 -2.9870053e-04
  -2.9400229e-01  3.7022448e-01  1.9782361e-01  4.1836962e-02
  -1.2523824e-01  1.4477694e-02  2.8401205e-01 -2.5062876e-02
  -1.9371663e-01  1.5319683e-01  8.3677471e-03 -1.0854529e-01
   2.0881541e-01 -2.0317085e-01 -1.6593914e-01  1.0000000e+00
   0.0000000e+00  1.0000000e+00  1.0000000e+00  1.0000000e+00
   0.0000000e+00]]
[[ 2.74166595e-02 -1.03897907e-01 -4.60272022e-02  7.95911159e-03
   3.56923603e-02 -9.99331176e-01  0.00000000e+00  5.49999997e-02
   1.57079637e+00 -2.00145572e-01  1.25440717e-01 -1.88155155e-07
  -2.83523679e-01  3.65731776e-01  2.00518519e-01  2.44968198e-02
  -1.39840677e-01  5.08743897e-03  2.87118733e-01 -3.52178514e-02
  -2.06714690e-01  1.79089606e-01 -1.21774813e-02 -1.18373245e-01
   1.95062622e-01 -2.17221901e-01 -1.60287857e-01  1.00000000e+00
   0.00000000e+00  1.00000000e+00  1.00000000e+00  1.00000000e+00
   0.00000000e+00]]
[[ 2.04686937e-03  5.92744388e-02 -2.67053526e-02  1.27679119e-02
   3.55574042e-02 -9.99286294e-01  0.00000000e+00  5.49999997e-02
   1.57079637e+00 -2.15272680e-01  1.13580890e-01 -2.89706141e-03
  -2.69889861e-01  3.54881823e-01  1.94283560e-01  1.19397342e-02
  -1.55467317e-01 -1.07484811e-04  2.87361830e-01 -5.43292202e-02
  -2.11560562e-01  1.92138314e-01 -3.74620520e-02 -1.19323656e-01
   1.83607861e-01 -2.13869154e-01 -1.57835558e-01  1.00000000e+00
   0.00000000e+00  1.00000000e+00  1.00000000e+00  1.00000000e+00
   0.00000000e+00]]
[[-2.9438308e-02  1.3562393e-02 -8.2620978e-03  1.3695027e-02
   3.5940628e-02 -9.9926025e-01  0.0000000e+00  5.5000000e-02
   1.5707964e+00 -2.2841649e-01  1.0917991e-01 -1.2626954e-03
  -2.6894557e-01  3.5114303e-01  1.8891381e-01  9.6823985e-04
  -1.6367212e-01 -6.2724022e-05  2.9357806e-01 -4.9074743e-02
  -2.2337954e-01  1.9824192e-01 -3.7888132e-02 -1.2865415e-01
   1.6331266e-01 -1.9772509e-01 -1.4488582e-01  1.0000000e+00
   0.0000000e+00  1.0000000e+00  1.0000000e+00  1.0000000e+00
   0.0000000e+00]]
[[-1.8910293e-02  9.8166019e-03  1.0458677e-03  1.3878337e-02
   3.5700154e-02 -9.9926615e-01  0.0000000e+00  5.5000000e-02
   1.5707964e+00 -2.3628154e-01  1.0956369e-01 -1.1841743e-03
  -2.5860134e-01  3.5109064e-01  1.8628438e-01 -8.8510513e-03
  -1.6005877e-01 -3.9351056e-05  3.0487913e-01 -4.6832547e-02
  -2.2802816e-01  2.0377435e-01 -4.3608241e-02 -1.3501237e-01
   1.3744047e-01 -1.9842747e-01 -1.2912166e-01  1.0000000e+00
   0.0000000e+00  1.0000000e+00  1.0000000e+00  1.0000000e+00
   0.0000000e+00]]
[[-2.1099383e-02  2.9288142e-03  3.8702316e-03  1.3955257e-02
   3.6066081e-02 -9.9925208e-01  0.0000000e+00  5.5000000e-02
   1.5707964e+00 -2.4278943e-01  1.1877522e-01 -7.9208787e-04
  -2.4734524e-01  3.5335332e-01  1.8473910e-01 -1.9598342e-02
  -1.4910558e-01 -3.4008866e-05  3.1663057e-01 -5.7770025e-02
  -2.2002971e-01  2.0328757e-01 -5.1221803e-02 -1.4159448e-01
   1.1658015e-01 -1.9616194e-01 -1.2881960e-01  1.0000000e+00
   0.0000000e+00  1.0000000e+00  1.0000000e+00  1.0000000e+00
   0.0000000e+00]]
[[ 4.9504265e-03 -9.5193513e-02  1.7694606e-02  1.2813160e-02
   3.6307264e-02 -9.9925852e-01  0.0000000e+00  5.5000000e-02
   1.5707964e+00 -2.4531031e-01  1.3338569e-01 -1.0402538e-03
  -2.4038510e-01  3.5514259e-01  1.8067369e-01 -2.5691973e-02
  -1.2909859e-01 -7.3211260e-05  3.3141094e-01 -6.4927764e-02
  -2.1265867e-01  2.0012279e-01 -4.7497012e-02 -1.5035920e-01
   1.0923501e-01 -1.8606994e-01 -1.3865042e-01  1.0000000e+00
   0.0000000e+00  1.0000000e+00  1.0000000e+00  1.0000000e+00
   0.0000000e+00]]
[[ 8.1861215e-03 -1.5524694e-01  5.0094142e-03  1.2032800e-02
   3.6445457e-02 -9.9926341e-01  0.0000000e+00  5.5000000e-02
   1.5707964e+00 -2.4468660e-01  1.4310582e-01  1.2146771e-03
  -2.3710437e-01  3.5393652e-01  1.7248030e-01 -2.8605271e-02
  -1.1329169e-01  2.7288925e-03  3.4636888e-01 -7.2076447e-02
  -2.0438737e-01  1.9721441e-01 -4.3109719e-02 -1.5464520e-01
   1.0330952e-01 -1.8206307e-01 -1.4772360e-01  1.0000000e+00
   0.0000000e+00  1.0000000e+00  1.0000000e+00  1.0000000e+00
   0.0000000e+00]]
[[ 0.01311888 -0.18055536  0.02042745  0.01087875  0.03612222 -0.99928826
   0.          0.055       1.5707964  -0.249688    0.14620836  0.00798586
  -0.24438089  0.35718074  0.16830835 -0.03364925 -0.09935873  0.00762392
   0.3623518  -0.07389455 -0.19859691  0.19597562 -0.04188877 -0.15792482
   0.08978072 -0.176833   -0.15574032  0.          0.          1.
   1.          1.          0.        ]]
[[ 0.00797883 -0.18437946  0.01347177  0.00980841  0.03612242 -0.9992994
   0.          0.055       1.5707964  -0.2549508   0.14742489  0.01502932
  -0.2531999   0.35916358  0.17014155 -0.03922258 -0.09189872  0.01701316
   0.38018882 -0.0737136  -0.19452392  0.1950065  -0.03821868 -0.16445473
   0.08030974 -0.173489   -0.15741153  0.          0.          1.
   1.          1.          0.        ]]
[[ 0.00509862 -0.18196586 -0.00873917  0.00856014  0.03681491 -0.99928516
   0.          0.055       1.5707964  -0.25867337  0.15031017  0.02094259
  -0.25698504  0.36144468  0.1714563  -0.0444816  -0.08863708  0.02826755
   0.39697346 -0.07363761 -0.19025522  0.19201326 -0.0364255  -0.16954198
   0.07399194 -0.16787149 -0.15597443  0.          0.          1.
   1.          1.          0.        ]]
[[-0.00922011 -0.1779895   0.00793247  0.00678281  0.03794261 -0.99925685
   0.          0.055       1.5707964  -0.25939512  0.15768059  0.02474914
  -0.25814447  0.36444783  0.17387944 -0.04937593 -0.08568654  0.03844501
   0.4114584  -0.07210721 -0.18625641  0.1871246  -0.0307129  -0.17388391
   0.06561407 -0.1654888  -0.151448    0.          0.          1.
   1.          1.          0.        ]]
[[-0.00883437 -0.1716452  -0.0041646   0.00516095  0.03896121 -0.99922776
   0.          0.055       1.5707964  -0.26215425  0.1643356   0.02888249
  -0.26234877  0.3687473   0.17811668 -0.05562358 -0.08245779  0.04628234
   0.4237824  -0.07168414 -0.18188243  0.18242133 -0.0289873  -0.17640553
   0.05723557 -0.16826451 -0.1487434   0.          0.          1.
   1.          0.          0.        ]]
[[-5.9510609e-03 -1.5914680e-01 -1.4242474e-03  3.9481185e-03
   3.9539993e-02 -9.9921012e-01  0.0000000e+00  5.5000000e-02
   1.5707964e+00 -2.7227253e-01  1.7190538e-01  2.9712107e-02
  -2.7336252e-01  3.7562889e-01  1.8527685e-01 -6.7534372e-02
  -7.6391973e-02  4.9765088e-02  4.3524280e-01 -7.4597299e-02
  -1.7609930e-01  1.8203798e-01 -3.9142806e-02 -1.7663746e-01
   4.4784021e-02 -1.7139776e-01 -1.5251222e-01  0.0000000e+00
   0.0000000e+00  1.0000000e+00  1.0000000e+00  0.0000000e+00
   1.0000000e+00]]
[[-0.00296492 -0.14570306  0.005269    0.00335971  0.04006656 -0.9991915
   0.          0.055       1.5707964  -0.2808792   0.17488101  0.03258563
  -0.27307636  0.37779298  0.18956257 -0.07968397 -0.07470943  0.05484998
   0.44675416 -0.07777229 -0.17176974  0.18095826 -0.04889463 -0.18164468
   0.03481773 -0.16870524 -0.15666093  0.          0.          1.
   1.          0.          1.        ]]
[[-0.00470555 -0.14296968 -0.0061647   0.00264456  0.04033213 -0.9991825
   0.          0.055       1.5707964  -0.29045075  0.17602974  0.03709416
  -0.27002525  0.375832    0.19009048 -0.09349947 -0.07160331  0.05786903
   0.45781535 -0.07851342 -0.16956554  0.18132201 -0.06076186 -0.18746224
   0.02972701 -0.1642692  -0.15705808  0.          0.          1.
   1.          0.          1.        ]]
[[-0.00903099 -0.13998146 -0.03802236  0.00166679  0.0410014  -0.9991578
   0.          0.055       1.5707964  -0.30064425  0.17778707  0.04343631
  -0.26320693  0.3715035   0.18855444 -0.10753341 -0.0686822   0.05925375
   0.46608222 -0.07937457 -0.16690624  0.1793625  -0.06781212 -0.19478492
   0.02526554 -0.16150999 -0.15365446  0.          1.          1.
   1.          0.          0.        ]]
[[-1.6377605e-02 -1.4204051e-01 -4.2187363e-02 -8.8650850e-05
   4.2107910e-02 -9.9911296e-01  0.0000000e+00  5.5000000e-02
   1.5707964e+00 -3.1072703e-01  1.8667066e-01  4.6029285e-02
  -2.5329971e-01  3.7342945e-01  1.8934049e-01 -1.2162090e-01
  -6.1336812e-02  5.6773316e-02  4.7185132e-01 -8.0040067e-02
  -1.6358480e-01  1.7714345e-01 -6.6979721e-02 -2.0247170e-01
   1.6131427e-02 -1.6329984e-01 -1.4698695e-01  0.0000000e+00
   1.0000000e+00  1.0000000e+00  1.0000000e+00  0.0000000e+00
   1.0000000e+00]]
[[ 6.8266322e-03 -1.2716290e-01 -6.7693219e-02 -6.1858882e-04
   4.1590977e-02 -9.9913454e-01  0.0000000e+00  5.5000000e-02
   1.5707964e+00 -3.2590523e-01  1.8247774e-01  5.5927888e-02
  -2.4236870e-01  3.6511558e-01  1.8799803e-01 -1.4309891e-01
  -5.1703569e-02  5.0232232e-02  4.7685793e-01 -8.3821878e-02
  -1.5911080e-01  1.7569953e-01 -7.5074188e-02 -2.0736580e-01
   1.2952324e-02 -1.5633672e-01 -1.4433917e-01  0.0000000e+00
   1.0000000e+00  1.0000000e+00  1.0000000e+00  0.0000000e+00
   1.0000000e+00]]
[[-1.3033405e-03 -1.2776221e-01 -6.8149783e-02 -1.1443407e-03
   4.1566856e-02 -9.9913478e-01  0.0000000e+00  5.5000000e-02
   1.5707964e+00 -3.4032607e-01  1.8257928e-01  6.3219234e-02
  -2.2548325e-01  3.5513988e-01  1.8109702e-01 -1.6421492e-01
  -4.2353649e-02  4.2691346e-02  4.7983825e-01 -8.9906149e-02
  -1.5354207e-01  1.6953537e-01 -7.7062346e-02 -2.1496521e-01
   9.0875663e-03 -1.4531584e-01 -1.3576271e-01  0.0000000e+00
   1.0000000e+00  1.0000000e+00  1.0000000e+00  0.0000000e+00
   1.0000000e+00]]
[[-0.0023076  -0.12766007 -0.06164386 -0.0016692   0.04164923 -0.9991312
   0.          0.055       1.5707964  -0.35391653  0.18265909  0.06898915
  -0.21070424  0.34872225  0.17543489 -0.18376403 -0.03479851  0.03621678
   0.48309845 -0.0932046  -0.15102103  0.16485976 -0.07038644 -0.22196546
   0.01091284 -0.13861021 -0.12269157  0.          1.          1.
   1.          0.          1.        ]]
[[-0.01329719 -0.13760132 -0.06675468 -0.002875    0.04245264 -0.9990944
   0.          0.055       1.5707964  -0.3670482   0.19060074  0.06933949
  -0.20996252  0.34168512  0.1771759  -0.20563778 -0.02694798  0.02909015
   0.4862689  -0.0943461  -0.14991876  0.16270521 -0.07242429 -0.22316502
   0.01313954 -0.12585053 -0.11568701  0.          1.          1.
   1.          0.          1.        ]]
[[-0.00488776 -0.13508636 -0.06843372 -0.00376817  0.04296665 -0.9990691
   0.          0.055       1.5707964  -0.3828588   0.19284596  0.07438172
  -0.21568312  0.3297548   0.17875418 -0.23156124 -0.01954948  0.02168097
   0.4900275  -0.09551564 -0.1495266   0.15652613 -0.07764468 -0.22726747
   0.01800897 -0.1066331  -0.11538293  0.          1.          1.
   1.          0.          1.        ]]
[[ 0.01332688 -0.11966973 -0.04535277 -0.00332353  0.04207494 -0.99910885
   0.          0.055       1.5707964  -0.4016649   0.1862961   0.08396596
  -0.21554665  0.3236286   0.17623545 -0.2587116  -0.00956758  0.01337535
   0.4957803  -0.10041295 -0.14905964  0.14520086 -0.08070242 -0.23249413
   0.03119288 -0.08649478 -0.11488359  0.          1.          1.
   1.          0.          1.        ]]
[[ 0.01586313 -0.10965797 -0.01044065 -0.00166349  0.04105708 -0.99915534
   0.          0.055       1.5707964  -0.4157138   0.18025805  0.09029969
  -0.20722477  0.32719946  0.17488526 -0.27765945 -0.00212391  0.00859846
   0.50341684 -0.11062071 -0.1483271   0.13416716 -0.08452258 -0.23346579
   0.04205525 -0.0702822  -0.11001179  0.          1.          1.
   1.          0.          1.        ]]
[[ 2.94571389e-02 -9.25578400e-02  1.75275207e-02  1.20973680e-03
   3.90866250e-02 -9.99235094e-01  0.00000000e+00  5.49999997e-02
   1.57079637e+00 -4.25953954e-01  1.70375034e-01  9.56895947e-02
  -1.98178083e-01  3.36402148e-01  1.77153230e-01 -2.89889485e-01
   4.65076882e-03  5.55215124e-03  5.12694299e-01 -1.21997721e-01
  -1.49532497e-01  1.18381284e-01 -8.86485502e-02 -2.33417645e-01
   5.06648794e-02 -5.09746447e-02 -1.07928440e-01  0.00000000e+00
   1.00000000e+00  1.00000000e+00  1.00000000e+00  0.00000000e+00
   1.00000000e+00]]
[[ 0.02070135 -0.05749948  0.04953729  0.00581387  0.03599438 -0.999335
   0.          0.055       1.5707964  -0.43319795  0.15527229  0.10050581
  -0.1877394   0.34930682  0.18157391 -0.29812017  0.01030626  0.00368341
   0.52325034 -0.13736308 -0.15180841  0.09516374 -0.09793906 -0.2339056
   0.06191961 -0.03320298 -0.10883333  0.          1.          1.
   1.          0.          1.        ]]
[[-0.01257476 -0.11155459  0.00480741  0.00695534  0.03587262 -0.9993323
   0.          0.055       1.5707964  -0.43901414  0.1527083   0.10161828
  -0.18294938  0.36555457  0.18957722 -0.30769986  0.00764624  0.00723914
   0.5304551  -0.13865817 -0.15665345  0.06086876 -0.10495699 -0.23168284
   0.07317253 -0.0413856  -0.10503666  0.          1.          1.
   1.          0.          1.        ]]
[[ 0.00964539 -0.12075903 -0.09138016  0.00588108  0.03476905 -0.9993778
   0.          0.055       1.5707964  -0.45532623  0.12988771  0.12546776
  -0.17467369  0.38723305  0.19559613 -0.34331074  0.0142013   0.00307419
   0.5317166  -0.1291293  -0.1563938   0.01205641 -0.12212954 -0.22394799
   0.07018353 -0.02618315 -0.11863161  0.          1.          1.
   1.          0.          1.        ]]
[[-6.7865513e-03 -1.0132228e-01 -5.2721087e-02  4.0930794e-03
   3.5660189e-02 -9.9935567e-01  0.0000000e+00  5.5000000e-02
   1.5707964e+00 -4.6414047e-01  1.0095201e-01  1.5536910e-01
  -1.2994903e-01  4.0463567e-01  2.0126645e-01 -3.5456851e-01
   4.4540759e-02  2.6021560e-04  5.4251355e-01 -1.3312623e-01
  -1.2983666e-01 -3.7054889e-02 -1.5884557e-01 -2.1356077e-01
   6.5153450e-02  8.3291074e-03 -1.3730709e-01  0.0000000e+00
   1.0000000e+00  1.0000000e+00  1.0000000e+00  0.0000000e+00
   1.0000000e+00]]
[[-5.8760308e-02 -4.3005046e-02 -1.4546697e-02  4.3019755e-03
   4.0233530e-02 -9.9918115e-01  0.0000000e+00  5.5000000e-02
   1.5707964e+00 -4.6196613e-01  5.5568732e-02  1.9123322e-01
  -7.7815190e-02  4.1358370e-01  2.0377432e-01 -3.0641451e-01
   9.5391802e-02  4.6919697e-04  5.7580441e-01 -1.4384478e-01
  -8.4571846e-02 -8.1470735e-02 -2.0852442e-01 -2.1088259e-01
   6.5670386e-02  6.2578261e-02 -1.5973455e-01  0.0000000e+00
   1.0000000e+00  1.0000000e+00  1.0000000e+00  0.0000000e+00
   1.0000000e+00]]
[[-1.1625118e-01 -3.0977402e-02  3.7144575e-02  9.4331009e-03
   4.8541423e-02 -9.9877656e-01  0.0000000e+00  5.5000000e-02
   1.5707964e+00 -4.5444879e-01  4.4534653e-03  2.2353040e-01
  -6.3684992e-02  4.2179522e-01  2.0759538e-01 -2.2697237e-01
   1.1836014e-01 -5.9798572e-06  5.8969301e-01 -1.5174726e-01
  -7.1576662e-02 -1.1772805e-01 -2.5464055e-01 -2.1827371e-01
   7.0635125e-02  1.0662859e-01 -1.7585978e-01  0.0000000e+00
   1.0000000e+00  1.0000000e+00  1.0000000e+00  0.0000000e+00
   1.0000000e+00]]
[[-9.8688804e-02 -5.6636132e-02  7.6738261e-02  1.3606887e-02
   5.7396222e-02 -9.9825877e-01  0.0000000e+00  5.5000000e-02
   1.5707964e+00 -4.4071156e-01 -1.7988628e-02  2.3546875e-01
  -7.2772294e-02  4.3119913e-01  2.1736322e-01 -1.5455206e-01
   1.3470531e-01  2.3590273e-06  6.0421801e-01 -1.6131607e-01
  -6.8048902e-02 -1.4841990e-01 -2.8108802e-01 -2.1453176e-01
   8.6176142e-02  1.4092761e-01 -1.8177989e-01  0.0000000e+00
   1.0000000e+00  1.0000000e+00  1.0000000e+00  0.0000000e+00
   1.0000000e+00]]
[[-9.4005048e-02 -4.5001987e-02  9.8125309e-02  1.6551061e-02
   6.5838017e-02 -9.9769294e-01  0.0000000e+00  5.5000000e-02
   1.5707964e+00 -4.2485377e-01 -1.5057868e-02  2.3123328e-01
  -7.7307358e-02  4.4149172e-01  2.2453737e-01 -1.0652722e-01
   1.4596367e-01 -2.3624601e-07  6.2143564e-01 -1.8078461e-01
  -6.1674628e-02 -1.9313838e-01 -2.9217115e-01 -1.9701143e-01
   1.0690962e-01  1.6312402e-01 -1.7889905e-01  0.0000000e+00
   1.0000000e+00  1.0000000e+00  1.0000000e+00  0.0000000e+00
   1.0000000e+00]]
[[-6.6783622e-02 -5.3095207e-02  1.1026374e-01  1.9033602e-02
   7.1667895e-02 -9.9724692e-01  0.0000000e+00  5.5000000e-02
   1.5707964e+00 -4.1106656e-01 -6.8340986e-03  2.2310047e-01
  -7.1901701e-02  4.4644111e-01  2.2913365e-01 -6.3991174e-02
   1.4852604e-01 -8.6186637e-06  6.4000058e-01 -1.9522008e-01
  -6.1273344e-02 -2.4439625e-01 -2.7559444e-01 -1.7784908e-01
   1.3321750e-01  1.7272013e-01 -1.6944952e-01  0.0000000e+00
   1.0000000e+00  1.0000000e+00  1.0000000e+00  0.0000000e+00
   1.0000000e+00]]
[[-4.4885170e-02 -5.8753606e-02  8.7548718e-02  2.1087537e-02
   7.5279944e-02 -9.9693918e-01  0.0000000e+00  5.5000000e-02
   1.5707964e+00 -4.0177420e-01 -1.6073044e-03  2.1722560e-01
  -7.5356036e-02  4.5231274e-01  2.3249598e-01 -9.9899946e-03
   1.4372943e-01 -1.0601831e-05  6.5594393e-01 -2.0241743e-01
  -6.4932197e-02 -2.8775200e-01 -2.4934144e-01 -1.5604830e-01
   1.5776770e-01  1.7686883e-01 -1.6058853e-01  0.0000000e+00
   1.0000000e+00  1.0000000e+00  1.0000000e+00  0.0000000e+00
   1.0000000e+00]]
[[-3.3367880e-02 -5.6121986e-02  3.1277850e-02  2.2613257e-02
   7.7945858e-02 -9.9670082e-01  0.0000000e+00  5.5000000e-02
   1.5707964e+00 -3.9586219e-01  3.0768162e-03  2.1216331e-01
  -7.5749539e-02  4.6130377e-01  2.3886064e-01  5.6766592e-02
   1.4502671e-01 -9.8695082e-06  6.6395020e-01 -2.1080545e-01
  -6.4932562e-02 -3.2071286e-01 -2.2400881e-01 -1.3617681e-01
   1.7100364e-01  1.7941739e-01 -1.5613353e-01  0.0000000e+00
   1.0000000e+00  1.0000000e+00  1.0000000e+00  0.0000000e+00
   1.0000000e+00]]
[[-1.47006297e-02 -7.47017786e-02 -2.49023344e-02  2.29624845e-02
   7.92911053e-02 -9.96587157e-01  0.00000000e+00  5.49999997e-02
   1.57079637e+00 -3.97484869e-01  4.97931289e-03  2.11350411e-01
  -7.65764192e-02  4.74674344e-01  2.48149976e-01  1.13398194e-01
   1.47593081e-01 -8.13702354e-06  6.63613975e-01 -2.16211095e-01
  -6.23828135e-02 -3.43811780e-01 -2.07466677e-01 -1.20484486e-01
   1.70212865e-01  1.82220399e-01 -1.58886567e-01  0.00000000e+00
   1.00000000e+00  0.00000000e+00  1.00000000e+00  0.00000000e+00
   1.00000000e+00]]
[[ 8.1869680e-03 -8.1997894e-02 -5.5398490e-02  2.2200622e-02
   7.8331739e-02 -9.9667996e-01  0.0000000e+00  5.5000000e-02
   1.5707964e+00 -4.0667522e-01  3.4949086e-03  2.1475378e-01
  -7.2391778e-02  4.9716380e-01  2.6105937e-01  1.4152347e-01
   1.4739184e-01 -8.4719859e-06  6.6105020e-01 -2.1307094e-01
  -6.3628152e-02 -3.5413989e-01 -2.0328404e-01 -1.1214370e-01
   1.6588581e-01  1.8058901e-01 -1.6360012e-01  0.0000000e+00
   1.0000000e+00  0.0000000e+00  1.0000000e+00  0.0000000e+00
   1.0000000e+00]]
[[ 7.89980032e-03 -8.00729766e-02 -6.39626458e-02  2.14530714e-02
   7.71273300e-02 -9.96790409e-01  0.00000000e+00  5.49999997e-02
   1.57079637e+00 -4.19803828e-01  9.17010650e-04  2.20172331e-01
  -6.68314397e-02  5.22730291e-01  2.74643689e-01  1.53608754e-01
   1.45304769e-01 -8.04111278e-06  6.57218039e-01 -2.12463886e-01
  -6.30616173e-02 -3.65176916e-01 -2.13133261e-01 -1.10570505e-01
   1.59180865e-01  1.76486984e-01 -1.69364497e-01  0.00000000e+00
   1.00000000e+00  0.00000000e+00  1.00000000e+00  0.00000000e+00
   1.00000000e+00]]
[[-6.7266296e-03 -6.7408338e-02 -5.8655504e-02  2.1117175e-02
   7.6737285e-02 -9.9682760e-01  0.0000000e+00  5.5000000e-02
   1.5707964e+00 -4.3178621e-01  1.4019392e-04  2.2356468e-01
  -5.7270356e-02  5.4204535e-01  2.8592893e-01  1.7046285e-01
   1.4592089e-01 -9.7635220e-06  6.5351272e-01 -2.1505691e-01
  -6.1682519e-02 -3.8181764e-01 -2.2006565e-01 -1.1252177e-01
   1.5353100e-01  1.7340246e-01 -1.7536628e-01  0.0000000e+00
   1.0000000e+00  0.0000000e+00  1.0000000e+00  0.0000000e+00
   1.0000000e+00]]
[[-2.14584135e-02 -5.69769442e-02 -5.12288213e-02  2.12088898e-02
   7.77486116e-02 -9.96747315e-01  0.00000000e+00  5.49999997e-02
   1.57079637e+00 -4.41600442e-01  2.57994211e-03  2.23604620e-01
  -4.68130596e-02  5.55172265e-01  2.91948348e-01  1.99553430e-01
   1.53667390e-01 -1.00596135e-05  6.50869489e-01 -2.20852315e-01
  -6.00335598e-02 -3.98619264e-01 -2.24987820e-01 -1.10606804e-01
   1.50238425e-01  1.74112454e-01 -1.82552755e-01  0.00000000e+00
   1.00000000e+00  0.00000000e+00  1.00000000e+00  0.00000000e+00
   1.00000000e+00]]
[[-3.3339072e-02 -4.9581565e-02 -4.8062198e-02  2.2051921e-02
   7.9830684e-02 -9.9656427e-01  0.0000000e+00  5.5000000e-02
   1.5707964e+00 -4.5214245e-01  4.2986679e-03  2.2387093e-01
  -4.1250635e-02  5.6171340e-01  2.9395407e-01  2.2613728e-01
   1.6261689e-01 -8.5611273e-06  6.5043139e-01 -2.3054564e-01
  -5.8125518e-02 -4.1030413e-01 -2.2430225e-01 -1.0562252e-01
   1.5061122e-01  1.7563938e-01 -1.8983015e-01  0.0000000e+00
   1.0000000e+00  0.0000000e+00  1.0000000e+00  0.0000000e+00
   1.0000000e+00]]
[[-3.7435483e-02 -4.8616212e-02 -2.0788128e-02  2.3551807e-02
   8.2045332e-02 -9.9635041e-01  0.0000000e+00  5.5000000e-02
   1.5707964e+00 -4.6398979e-01  3.9674761e-03  2.2492214e-01
  -2.9896094e-02  5.6047308e-01  2.9309571e-01  2.3732783e-01
   1.6429310e-01 -1.0019913e-05  6.5352803e-01 -2.3895061e-01
  -5.9873652e-02 -4.1652060e-01 -2.0941155e-01 -1.0003789e-01
   1.5685326e-01  1.7473103e-01 -1.9517429e-01  0.0000000e+00
   1.0000000e+00  0.0000000e+00  1.0000000e+00  0.0000000e+00
   1.0000000e+00]]
[[-4.2487554e-02 -4.5577969e-02 -2.7301330e-02  2.5003385e-02
   8.5186675e-02 -9.9605137e-01  0.0000000e+00  5.5000000e-02
   1.5707964e+00 -4.7719303e-01  6.7053232e-03  2.2454467e-01
  -2.4354083e-02  5.5690742e-01  2.9042661e-01  2.4156649e-01
   1.6594440e-01 -1.0893654e-05  6.5693402e-01 -2.4932739e-01
  -6.1280180e-02 -4.1992533e-01 -1.9648027e-01 -9.2032485e-02
   1.6354190e-01  1.7662464e-01 -2.0283994e-01  0.0000000e+00
   1.0000000e+00  0.0000000e+00  1.0000000e+00  0.0000000e+00
   1.0000000e+00]]
[[-3.2981023e-02 -6.3469931e-02 -3.1454492e-02  2.5518151e-02
   8.8062353e-02 -9.9578804e-01  0.0000000e+00  5.5000000e-02
   1.5707964e+00 -4.9094227e-01  1.1388458e-02  2.2354347e-01
  -2.2964187e-02  5.5336916e-01  2.8892282e-01  2.4856283e-01
   1.6434246e-01 -1.2617837e-05  6.6011697e-01 -2.5314331e-01
  -6.5954164e-02 -4.1578287e-01 -2.0351693e-01 -8.6342387e-02
   1.6975391e-01  1.8320210e-01 -2.1373206e-01  0.0000000e+00
   1.0000000e+00  0.0000000e+00  1.0000000e+00  0.0000000e+00
   1.0000000e+00]]
[[-4.1120681e-03 -6.0232587e-02 -4.3678239e-02  2.5256416e-02
   8.9168891e-02 -9.9569631e-01  0.0000000e+00  5.5000000e-02
   1.5707964e+00 -5.0549495e-01  1.3170591e-02  2.2587705e-01
  -1.7511088e-02  5.5127609e-01  2.8862104e-01  2.5842294e-01
   1.6432424e-01 -1.0888585e-05  6.5999109e-01 -2.5373626e-01
  -6.9167331e-02 -4.1528639e-01 -2.0726930e-01 -8.6048052e-02
   1.6998342e-01  1.8672451e-01 -2.2424670e-01  0.0000000e+00
   1.0000000e+00  0.0000000e+00  1.0000000e+00  1.0000000e+00
   1.0000000e+00]]
[[ 1.51529927e-02 -6.47305101e-02 -5.11981249e-02  2.43464746e-02
   8.84904638e-02 -9.95779335e-01  0.00000000e+00  5.49999997e-02
   1.57079637e+00 -5.20367563e-01  1.56934168e-02  2.29077518e-01
  -1.47226015e-02  5.50980210e-01  2.89458066e-01  2.63072819e-01
   1.65377080e-01 -1.03252023e-05  6.59392238e-01 -2.52977550e-01
  -7.18232021e-02 -4.15181100e-01 -2.08920524e-01 -8.62319916e-02
   1.69053540e-01  1.83617294e-01 -2.30756268e-01  1.00000000e+00
   1.00000000e+00  0.00000000e+00  1.00000000e+00  1.00000000e+00
   1.00000000e+00]]
[[ 3.6904465e-02 -8.0643676e-02 -5.0268002e-02  2.1570209e-02
   8.5939825e-02 -9.9606657e-01  0.0000000e+00  5.5000000e-02
   1.5707964e+00 -5.3540695e-01  2.2827901e-02  2.3166716e-01
  -1.3316054e-02  5.4273957e-01  2.8815112e-01  2.4932191e-01
   1.6866000e-01 -8.7592953e-06  6.6199023e-01 -2.4221842e-01
  -7.8421086e-02 -4.1160512e-01 -2.0007046e-01 -9.1077164e-02
   1.7134638e-01  1.8050870e-01 -2.3569386e-01  1.0000000e+00
   1.0000000e+00  0.0000000e+00  0.0000000e+00  1.0000000e+00
   1.0000000e+00]]
[[ 3.2268789e-02 -9.0221055e-02  5.2561169e-03  1.8900819e-02
   8.3123051e-02 -9.9636012e-01  0.0000000e+00  5.5000000e-02
   1.5707964e+00 -5.4824305e-01  3.5915382e-02  2.2961880e-01
  -1.7380930e-02  5.4355758e-01  2.8274632e-01  2.3557366e-01
   1.8038654e-01 -2.2102271e-05  6.8245316e-01 -2.3976684e-01
  -7.6981463e-02 -4.0000454e-01 -1.9940363e-01 -8.8704184e-02
   1.8411992e-01  1.7198670e-01 -2.3386751e-01  1.0000000e+00
   1.0000000e+00  0.0000000e+00  0.0000000e+00  1.0000000e+00
   1.0000000e+00]]
[[-6.4979400e-03 -7.2465152e-02  5.1737525e-02  1.7316259e-02
   8.2727298e-02 -9.9642175e-01  0.0000000e+00  5.5000000e-02
   1.5707964e+00 -5.5792624e-01  4.7802567e-02  2.2514677e-01
  -2.9914102e-02  5.4062402e-01  2.8295314e-01  2.3247977e-01
   1.8571225e-01 -1.3489217e-05  7.0522547e-01 -2.4096896e-01
  -7.7583097e-02 -3.8179630e-01 -2.0194413e-01 -8.3527356e-02
   2.0442685e-01  1.7268772e-01 -2.3493727e-01  1.0000000e+00
   1.0000000e+00  0.0000000e+00  0.0000000e+00  1.0000000e+00
   1.0000000e+00]]
[[-7.9372944e-03 -5.0821234e-02  6.6208772e-02  1.7093888e-02
   8.3328851e-02 -9.9637574e-01  0.0000000e+00  5.5000000e-02
   1.5707964e+00 -5.6776464e-01  4.4440124e-02  2.2721347e-01
  -4.2213559e-02  5.3148395e-01  2.8072703e-01  2.2961530e-01
   1.8596978e-01 -1.4480583e-05  7.1150166e-01 -2.4581890e-01
  -7.2977990e-02 -3.6285970e-01 -1.9560289e-01 -8.4673502e-02
   2.2382148e-01  1.8443918e-01 -2.4430777e-01  1.0000000e+00
   1.0000000e+00  0.0000000e+00  0.0000000e+00  1.0000000e+00
   1.0000000e+00]]
[[ 3.0283122e-03 -5.0868809e-02  6.1991990e-02  1.7531890e-02
   8.3241865e-02 -9.9637526e-01  0.0000000e+00  5.5000000e-02
   1.5707964e+00 -5.7728183e-01  3.2718670e-02  2.3170966e-01
  -4.6324998e-02  5.2334654e-01  2.7555627e-01  2.2567518e-01
   1.8837865e-01 -1.9462976e-05  7.1167481e-01 -2.6135135e-01
  -8.1236482e-02 -3.4058940e-01 -1.8230614e-01 -9.0240479e-02
   2.4621367e-01  1.9776464e-01 -2.5493506e-01  1.0000000e+00
   1.0000000e+00  0.0000000e+00  0.0000000e+00  1.0000000e+00
   1.0000000e+00]]
[[ 3.97434905e-02 -6.64350167e-02  6.46049827e-02  1.68049131e-02
   8.13176855e-02 -9.96546626e-01  0.00000000e+00  5.49999997e-02
   1.57079637e+00 -5.86429477e-01  2.18042824e-02  2.35214919e-01
  -4.54572961e-02  5.14206767e-01  2.70774782e-01  2.22169787e-01
   1.87040448e-01 -1.50796350e-05  7.07509637e-01 -2.96489328e-01
  -1.02443494e-01 -3.15880567e-01 -1.58589885e-01 -1.01392128e-01
   2.71491587e-01  2.10932046e-01 -2.65307307e-01  1.00000000e+00
   1.00000000e+00  0.00000000e+00  0.00000000e+00  1.00000000e+00
   1.00000000e+00]]
[[-2.3587684e-04 -5.3618979e-02  5.5588886e-02  1.6100995e-02
   7.9934783e-02 -9.9667013e-01  0.0000000e+00  5.5000000e-02
   1.5707964e+00 -5.9484315e-01  2.0929934e-02  2.3316671e-01
  -4.7990736e-02  5.0407708e-01  2.6718771e-01  2.1484195e-01
   1.9199364e-01 -1.0078528e-05  7.0572096e-01 -3.2659367e-01
  -1.2651061e-01 -2.9228127e-01 -1.4563176e-01 -1.0726502e-01
   2.9554045e-01  2.1736401e-01 -2.7146259e-01  1.0000000e+00
   1.0000000e+00  0.0000000e+00  0.0000000e+00  1.0000000e+00
   1.0000000e+00]]
[[-2.3950044e-02 -3.6810443e-02  4.4927604e-02  1.6252257e-02
   8.1519179e-02 -9.9653924e-01  0.0000000e+00  5.5000000e-02
   1.5707964e+00 -6.0161346e-01  2.7030407e-02  2.2714140e-01
  -5.0946191e-02  4.9339929e-01  2.6235873e-01  2.0875703e-01
   1.9258043e-01 -1.4874532e-05  6.9965869e-01 -3.3457568e-01
  -1.4134452e-01 -2.7651295e-01 -1.4548963e-01 -1.0838804e-01
   3.0980372e-01  2.2499119e-01 -2.7929419e-01  1.0000000e+00
   1.0000000e+00  0.0000000e+00  0.0000000e+00  1.0000000e+00
   1.0000000e+00]]
[[-1.83021111e-04 -4.36709933e-02  1.51602365e-02  1.64059307e-02
   8.24898928e-02 -9.96457040e-01  0.00000000e+00  5.49999997e-02
   1.57079637e+00 -6.10625088e-01  2.80152038e-02  2.26868480e-01
  -5.38845994e-02  4.84141886e-01  2.56974638e-01  2.00630054e-01
   1.90380663e-01 -2.45491374e-05  6.92361057e-01 -3.34919840e-01
  -1.46753639e-01 -2.67682970e-01 -1.44765049e-01 -1.10797614e-01
   3.15630913e-01  2.30050951e-01 -2.87690103e-01  1.00000000e+00
   1.00000000e+00  0.00000000e+00  0.00000000e+00  1.00000000e+00
   1.00000000e+00]]
[[-1.2515320e-05 -5.8544692e-02  2.7664371e-03  1.5687646e-02
   8.2286008e-02 -9.9648535e-01  0.0000000e+00  5.5000000e-02
   1.5707964e+00 -6.2091929e-01  2.8700970e-02  2.2882739e-01
  -5.2988581e-02  4.7438470e-01  2.5331831e-01  1.9069685e-01
   1.9298613e-01 -2.4417363e-05  6.8444830e-01 -3.4001356e-01
  -1.5275219e-01 -2.6137120e-01 -1.3964118e-01 -1.1544812e-01
   3.1879956e-01  2.3355420e-01 -2.9574135e-01  1.0000000e+00
   1.0000000e+00  0.0000000e+00  0.0000000e+00  1.0000000e+00
   1.0000000e+00]]
[[ 4.74293856e-03 -6.58484474e-02  1.23010864e-02  1.43764317e-02
   8.21108595e-02 -9.96519685e-01  0.00000000e+00  5.49999997e-02
   1.57079637e+00 -6.31436944e-01  3.07905152e-02  2.30325535e-01
  -5.51025793e-02  4.55485940e-01  2.47920200e-01  1.78075582e-01
   1.89995766e-01 -2.12180221e-05  6.77902102e-01 -3.54362756e-01
  -1.67174399e-01 -2.52891511e-01 -1.30514860e-01 -1.21617354e-01
   3.24669123e-01  2.40844473e-01 -3.05632919e-01  1.00000000e+00
   1.00000000e+00  0.00000000e+00  0.00000000e+00  1.00000000e+00
   1.00000000e+00]]
[[-1.8540766e-03 -6.0260709e-02  2.8238354e-02  1.3407400e-02
   8.1972398e-02 -9.9654454e-01  0.0000000e+00  5.5000000e-02
   1.5707964e+00 -6.4039117e-01  3.4564663e-02  2.2985834e-01
  -5.6644503e-02  4.3959293e-01  2.3788394e-01  1.7097896e-01
   1.8878965e-01 -2.0957434e-05  6.6944885e-01 -3.6937606e-01
  -1.8316452e-01 -2.4085067e-01 -1.2550604e-01 -1.2478480e-01
   3.3511788e-01  2.4542214e-01 -3.1255084e-01  1.0000000e+00
   1.0000000e+00  0.0000000e+00  0.0000000e+00  1.0000000e+00
   1.0000000e+00]]
[[-7.9483790e-03 -5.7672009e-02  3.8969569e-02  1.2659846e-02
   8.2576990e-02 -9.9650437e-01  0.0000000e+00  5.5000000e-02
   1.5707964e+00 -6.4712578e-01  4.2087000e-02  2.2636139e-01
  -5.2720875e-02  4.2848924e-01  2.2915921e-01  1.6536753e-01
   1.8494800e-01 -1.8620491e-05  6.5391767e-01 -3.7830716e-01
  -1.9300070e-01 -2.2813042e-01 -1.2493178e-01 -1.2493515e-01
   3.4710029e-01  2.4969095e-01 -3.1771010e-01  1.0000000e+00
   1.0000000e+00  0.0000000e+00  0.0000000e+00  1.0000000e+00
   1.0000000e+00]]
[[ 7.85722164e-04 -5.44513948e-02  2.70178132e-02  1.22274710e-02
   8.28233957e-02 -9.96489346e-01  0.00000000e+00  5.49999997e-02
   1.57079637e+00 -6.54119670e-01  4.37519923e-02  2.27627248e-01
  -5.31545430e-02  4.18104351e-01  2.21168965e-01  1.60654530e-01
   1.77980065e-01 -1.59277024e-05  6.31789386e-01 -3.82610917e-01
  -1.98013589e-01 -2.16243431e-01 -1.24382585e-01 -1.24448806e-01
   3.58533233e-01  2.52923876e-01 -3.22148561e-01  1.00000000e+00
   1.00000000e+00  0.00000000e+00  0.00000000e+00  1.00000000e+00
   1.00000000e+00]]
[[-3.5851463e-03 -5.8081549e-02  3.5885934e-02  1.1830013e-02
   8.3206587e-02 -9.9646229e-01  0.0000000e+00  5.5000000e-02
   1.5707964e+00 -6.5894032e-01  4.5580465e-02  2.2835536e-01
  -4.4567537e-02  4.0732676e-01  2.1376225e-01  1.5658820e-01
   1.6928649e-01 -1.4838012e-05  6.0730404e-01 -3.8879672e-01
  -2.0479287e-01 -2.0367990e-01 -1.2407731e-01 -1.2290791e-01
   3.7168658e-01  2.5678965e-01 -3.2544467e-01  1.0000000e+00
   0.0000000e+00  0.0000000e+00  0.0000000e+00  1.0000000e+00
   1.0000000e+00]]
[[-1.9265721e-03 -7.7812128e-02  5.9651807e-02  1.0441173e-02
   8.3743401e-02 -9.9643296e-01  0.0000000e+00  5.5000000e-02
   1.5707964e+00 -6.6121054e-01  4.9486887e-02  2.2734326e-01
  -3.7416026e-02  3.8535836e-01  2.0611791e-01  1.5774360e-01
   1.5548302e-01 -1.4664511e-05  5.7739323e-01 -4.0362903e-01
  -2.1659043e-01 -1.8836860e-01 -1.1549624e-01 -1.2421121e-01
   3.8935259e-01  2.6838824e-01 -3.3123782e-01  1.0000000e+00
   0.0000000e+00  0.0000000e+00  0.0000000e+00  1.0000000e+00
   1.0000000e+00]]
[[ 1.6267879e-03 -6.5223642e-02  7.9496570e-02  9.7971503e-03
   8.3705932e-02 -9.9644238e-01  0.0000000e+00  5.5000000e-02
   1.5707964e+00 -6.6184461e-01  5.3175420e-02  2.2493091e-01
  -2.9464904e-02  3.6436144e-01  1.9310378e-01  1.5860882e-01
   1.4409986e-01 -1.4802682e-05  5.4162508e-01 -4.2463070e-01
  -2.3263565e-01 -1.6783343e-01 -1.1228693e-01 -1.2180028e-01
   4.1370955e-01  2.7357826e-01 -3.3177412e-01  1.0000000e+00
   1.0000000e+00  0.0000000e+00  0.0000000e+00  1.0000000e+00
   1.0000000e+00]]
[[-1.3538915e-02 -6.9276400e-02  8.3323590e-02  9.6668042e-03
   8.3974265e-02 -9.9642146e-01  0.0000000e+00  5.5000000e-02
   1.5707964e+00 -6.6139191e-01  5.5450317e-02  2.2270262e-01
  -1.5567874e-02  3.4617576e-01  1.7896008e-01  1.5904687e-01
   1.3243961e-01 -2.9001978e-05  4.9019718e-01 -4.4214705e-01
  -2.4853246e-01 -1.4794359e-01 -1.1121537e-01 -1.1863755e-01
   4.3742776e-01  2.7805743e-01 -3.3185330e-01  1.0000000e+00
   1.0000000e+00  0.0000000e+00  0.0000000e+00  1.0000000e+00
   1.0000000e+00]]
[[-3.9079702e-03 -5.2863978e-02  6.4361095e-02  9.7418008e-03
   8.4189884e-02 -9.9640220e-01  0.0000000e+00  5.5000000e-02
   1.5707964e+00 -6.6082025e-01  5.6282494e-02  2.2132920e-01
   7.4582896e-03  3.2523605e-01  1.6075863e-01  1.6163151e-01
   1.2742065e-01 -2.0113808e-05  4.2109129e-01 -4.4691512e-01
  -2.5984958e-01 -1.3172525e-01 -1.1024294e-01 -1.1630196e-01
   4.5689234e-01  2.8123623e-01 -3.3167025e-01  1.0000000e+00
   1.0000000e+00  0.0000000e+00  0.0000000e+00  1.0000000e+00
   1.0000000e+00]]
[[-2.1182559e-02 -9.1881283e-02  8.7057337e-02  8.8459123e-03
   8.5183531e-02 -9.9632591e-01  0.0000000e+00  5.5000000e-02
   1.5707964e+00 -6.5719086e-01  6.8608373e-02  2.1198510e-01
   5.0171237e-02  2.9422578e-01  1.3229011e-01  1.6625077e-01
   1.1740234e-01 -1.3536940e-05  3.3856022e-01 -4.4270059e-01
  -2.6387334e-01 -1.1621776e-01 -1.0853077e-01 -1.1404224e-01
   4.7676286e-01  2.8806534e-01 -3.3167872e-01  1.0000000e+00
   1.0000000e+00  0.0000000e+00  0.0000000e+00  1.0000000e+00
   1.0000000e+00]]
[[ 5.21148443e-02 -1.20384499e-01  5.56581505e-02  5.60588203e-03
   8.29032958e-02 -9.96542037e-01  0.00000000e+00  5.49999997e-02
   1.57079637e+00 -6.54818654e-01  8.72497261e-02  2.02011138e-01
   9.54784602e-02  2.40247175e-01  9.18826088e-02  1.60628796e-01
   9.76859778e-02 -1.54124573e-05  2.31945857e-01 -4.23250318e-01
  -2.45874539e-01 -9.71584022e-02 -9.85783562e-02 -1.14465654e-01
   5.00803292e-01  2.85318613e-01 -3.20045888e-01  1.00000000e+00
   1.00000000e+00  0.00000000e+00  0.00000000e+00  1.00000000e+00
   1.00000000e+00]]
[[ 6.28027245e-02 -1.14817061e-01  4.56029363e-02  1.99809135e-03
   7.74745122e-02 -9.96992230e-01  0.00000000e+00  5.49999997e-02
   1.57079637e+00 -6.54877603e-01  1.16705514e-01  1.88550293e-01
   1.50991186e-01  1.86557978e-01  3.51242349e-02  1.25811309e-01
   8.54258537e-02  1.97665679e-04  1.20784968e-01 -3.87478739e-01
  -2.14077890e-01 -6.98813200e-02 -1.04846157e-01 -1.04901239e-01
   5.34029305e-01  2.56810278e-01 -2.93994188e-01  1.00000000e+00
   1.00000000e+00  0.00000000e+00  0.00000000e+00  1.00000000e+00
   1.00000000e+00]]
[[ 5.9047081e-03 -1.6536532e-02  1.3138510e-01  1.3495663e-03
   7.2815046e-02 -9.9734437e-01  0.0000000e+00  5.5000000e-02
   1.5707964e+00 -6.5161562e-01  1.4522618e-01  1.6954933e-01
   1.7063023e-01  1.7569834e-01  3.3167064e-02  7.8101560e-02
   9.8928012e-02  2.3916373e-02  4.8592430e-02 -2.8261018e-01
  -1.6125204e-01 -2.9517632e-02 -1.2765434e-01 -8.7466411e-02
   5.7957804e-01  2.1756911e-01 -2.6210192e-01  1.0000000e+00
   1.0000000e+00  0.0000000e+00  0.0000000e+00  1.0000000e+00
   1.0000000e+00]]
[[ 0.02110478  0.09631202  0.09425636  0.00581198  0.07082489 -0.9974717
   0.          0.055       1.5707964  -0.6420328   0.13779184  0.14583701
   0.1905583   0.12733808  0.05956036  0.06662488  0.19608624  0.06530241
   0.05888796 -0.2049725  -0.17017892  0.00488654 -0.12304077 -0.08992761
   0.59545344  0.19802189 -0.2269215   1.          1.          0.
   0.          1.          1.        ]]
[[ 0.14228715  0.14985225 -0.07633497  0.01337791  0.06010022 -0.99810266
   0.          0.055       1.5707964  -0.6556196   0.16023666  0.05782254
   0.19203101  0.01872357  0.11544284  0.07178933  0.26204738  0.12275054
   0.0747835  -0.14377914 -0.20883733  0.02409384 -0.0947234  -0.10841122
   0.60069585  0.16544689 -0.19249831  1.          1.          0.
   0.          1.          1.        ]]
[[ 2.34189317e-01  1.06181875e-01 -1.88519314e-01  2.51790751e-02
   3.97511609e-02 -9.98892248e-01  0.00000000e+00  5.49999997e-02
   1.57079637e+00 -6.57130301e-01  2.12200686e-01  3.72037175e-04
   1.55949876e-01 -1.14742264e-01  1.84596241e-01  2.85266694e-02
   2.36673683e-01  1.59039825e-01  8.25450495e-02 -8.87286216e-02
  -2.35122338e-01  5.53233810e-02 -9.70013738e-02 -1.25754714e-01
   6.07876301e-01  8.10002387e-02 -1.53705999e-01  1.00000000e+00
   1.00000000e+00  0.00000000e+00  0.00000000e+00  1.00000000e+00
   1.00000000e+00]]
[[ 0.19335698  0.08679567 -0.32635728  0.0353643   0.02236879 -0.9991241
   0.          0.055       1.5707964  -0.6394766   0.24378747  0.04297005
   0.07163821 -0.23029642  0.24817601 -0.13597319  0.19252324  0.1578076
   0.06755409 -0.05943653 -0.22778912  0.09895398 -0.16185246 -0.13803647
   0.57226497  0.0193512  -0.14355208  1.          0.          0.
   0.          1.          1.        ]]
[[ 0.18781382  0.04589452 -0.30752435  0.04287872  0.00721756 -0.99905384
   0.          0.055       1.5707964  -0.5840857   0.29111043  0.12473017
  -0.02974747 -0.31803617  0.3014362  -0.366791    0.14232655  0.17045563
   0.04779921 -0.0261867  -0.218438    0.1604528  -0.23660572 -0.16362488
   0.52842087 -0.01865795 -0.15166332  1.          0.          0.
   0.          1.          1.        ]]
[[ 0.10354885  0.00301507 -0.22405854  0.04565844 -0.0019656  -0.9989551
   0.          0.055       1.5707964  -0.46506244  0.38485476  0.19221419
  -0.10200634 -0.35455167  0.32823724 -0.5386906   0.10142465  0.1771009
   0.02791398 -0.00396812 -0.20817944  0.19440779 -0.27459407 -0.18107177
   0.49297363 -0.03468707 -0.16261351  1.          0.          0.
   0.          1.          1.        ]]
[[-0.02587948 -0.01899609 -0.09659674  0.04726697 -0.00172671 -0.99888074
   0.          0.055       1.5707964  -0.3065332   0.4477162   0.23711273
  -0.13070986 -0.36189622  0.33454934 -0.60239035  0.05615202  0.16429242
   0.01068357 -0.02272028 -0.18396637  0.19812459 -0.28505594 -0.19065002
   0.46864304 -0.03445551 -0.17081848  1.          0.          0.
   0.          1.          1.        ]]
[[-8.2859315e-02 -6.7869350e-02 -4.0818308e-02  4.4879284e-02
   3.3610393e-03 -9.9898666e-01  0.0000000e+00  5.5000000e-02
   1.5707964e+00 -1.4697126e-01  4.4722998e-01  2.3888928e-01
  -1.3420725e-01 -3.3370602e-01  3.1667787e-01 -5.8996111e-01
   7.0824787e-02  1.6460346e-01 -1.2842553e-03 -5.4175723e-02
  -1.6243805e-01  1.8586446e-01 -2.9034626e-01 -1.9561671e-01
   4.5482647e-01 -2.2379855e-02 -1.7849758e-01  1.0000000e+00
   0.0000000e+00  0.0000000e+00  0.0000000e+00  1.0000000e+00
   1.0000000e+00]]
[[-0.02692635 -0.03550985 -0.0145071   0.04588634  0.00449621 -0.9989366
   0.          0.055       1.5707964  -0.02976736  0.35618696  0.2072316
  -0.14629558 -0.31545213  0.2988765  -0.5854567   0.13588355  0.1893216
  -0.00338748 -0.08419129 -0.14997463  0.18626517 -0.28291133 -0.21278873
   0.44693866 -0.03961215 -0.17835489  1.          0.          0.
   0.          1.          1.        ]]
[[-2.0470399e-02 -4.7009636e-02 -6.6459505e-03  4.3990996e-02
   5.5583371e-03 -9.9901646e-01  0.0000000e+00  5.5000000e-02
   1.5707964e+00  3.5845969e-02  2.5491783e-01  1.6278233e-01
  -1.5923958e-01 -2.8952369e-01  2.7502966e-01 -5.7650983e-01
   1.8598980e-01  2.2656475e-01 -7.7007309e-04 -8.9386716e-02
  -1.5386918e-01  1.9151248e-01 -2.6585591e-01 -2.0551248e-01
   4.4305086e-01 -3.4378417e-02 -1.9223036e-01  1.0000000e+00
   0.0000000e+00  0.0000000e+00  0.0000000e+00  1.0000000e+00
   1.0000000e+00]]
[[-0.06291519 -0.07734849  0.03723148  0.0377286   0.00934634 -0.9992445
   0.          0.055       1.5707964   0.05823106  0.17833775  0.13529159
  -0.16612673 -0.23958273  0.23845296 -0.55871475  0.21376058  0.24111658
   0.00633984 -0.08604451 -0.16326527  0.19694583 -0.2636426  -0.17960039
   0.44612804 -0.00391248 -0.21678576  1.          0.          0.
   0.          1.          1.        ]]
[[-0.11721754 -0.11975451  0.09308203  0.02953093  0.01686901 -0.9994213
   0.          0.055       1.5707964   0.07386377  0.08884376  0.12788993
  -0.15845639 -0.1720429   0.19271985 -0.5141031   0.23476869  0.23918805
   0.02143142 -0.08826344 -0.17295307  0.20361136 -0.2768806  -0.1662685
   0.4607779   0.03989246 -0.2431373   1.          0.          1.
   1.          1.          0.        ]]
[[-0.14364603 -0.10737201  0.15259275  0.0202147   0.02838485 -0.9993928
   0.          0.055       1.5707964   0.08888192  0.01730444  0.11945945
  -0.14069726 -0.07909001  0.13542911 -0.42313877  0.28560963  0.24243924
   0.04194333 -0.11893068 -0.16071638  0.19542456 -0.297188   -0.17732424
   0.47964144  0.08749653 -0.26648578  1.          0.          1.
   1.          1.          0.        ]]
[[-0.00565571 -0.04349974 -0.07010895  0.02303355  0.02765115 -0.99935246
   0.          0.055       1.5707964   0.06564432  0.01363381  0.11658295
  -0.16617256 -0.06720109  0.11128539 -0.3303795   0.3338413   0.24408321
   0.05450867 -0.14544757 -0.14300868  0.14762565 -0.3090349  -0.1995814
   0.47888303  0.07563321 -0.27376643  1.          0.          1.
   1.          1.          0.        ]]
[[-0.01013668 -0.04856214 -0.10390997  0.02330238  0.02717648 -0.9993591
   0.          0.055       1.5707964   0.03004479 -0.02813149  0.1440798
  -0.20224282 -0.00985873  0.05353706 -0.21834457  0.34816152  0.24738878
   0.09798208 -0.1469278  -0.11103125  0.08391938 -0.31121773 -0.19823241
   0.4682771   0.10712779 -0.30546698  1.          0.          1.
   1.          1.          0.        ]]
[[-0.04042953 -0.01557872 -0.12118559  0.02564405  0.02881756 -0.9992558
   0.          0.055       1.5707964  -0.0028054  -0.08253659  0.18054906
  -0.2221161   0.08536043  0.02486607 -0.13081984  0.31917796  0.24376063
   0.12952258 -0.14386226 -0.09064184  0.03454537 -0.30060688 -0.19570819
   0.4528772   0.14523628 -0.3406696   1.          0.          1.
   1.          1.          0.        ]]
[[-0.05900121 -0.05052425 -0.03928008  0.02816661  0.03364582 -0.9990368
   0.          0.055       1.5707964  -0.02049412 -0.10864806  0.19744262
  -0.22406384  0.15809569  0.04147483 -0.09440465  0.3038055   0.21876238
   0.14067002 -0.15165326 -0.07863045  0.02273296 -0.27369452 -0.18914351
   0.44735408  0.17988381 -0.36886802  1.          0.          1.
   1.          1.          0.        ]]
[[-0.07503206 -0.09114902  0.10183207  0.02984952  0.0397639  -0.9987633
   0.          0.055       1.5707964  -0.00891695 -0.09535103  0.18230897
  -0.20836915  0.19645563  0.07761    -0.04946024  0.29467586  0.19817974
   0.16787568 -0.16499864 -0.0792774   0.03437698 -0.2681449  -0.16645697
   0.47071037  0.20031522 -0.3772544   1.          0.          1.
   1.          1.          0.        ]]
[[-0.06961457 -0.08281097  0.14920099  0.03104801  0.04612732 -0.9984533
   0.          0.055       1.5707964   0.01514751 -0.05983421  0.15020545
  -0.19423336  0.22290154  0.10606635  0.0197444   0.28321567  0.16464971
   0.20199382 -0.18324783 -0.08187368  0.03001318 -0.2518452  -0.14690323
   0.50609285  0.21406542 -0.37798283  1.          0.          1.
   1.          1.          0.        ]]
[[-0.05712125 -0.08795777  0.13136853  0.03275707  0.0516573  -0.9981276
   0.          0.055       1.5707964   0.03679625 -0.02150038  0.11702002
  -0.17611645  0.2446097   0.1266368   0.09182241  0.2498041   0.12081523
   0.234295   -0.20314503 -0.08571283  0.02034137 -0.22200811 -0.12105409
   0.5437119   0.21921368 -0.3751604   1.          0.          1.
   0.          1.          0.        ]]
[[-0.02680752 -0.11011432  0.09203842  0.03408564  0.05408113 -0.9979546
   0.          0.055       1.5707964   0.04353286  0.00579234  0.09407979
  -0.16317385  0.26708752  0.14672537  0.1365381   0.20555888  0.07451838
   0.262924   -0.21561705 -0.09090967  0.01425227 -0.1901861  -0.08783969
   0.5785347   0.21515389 -0.37118995  1.          0.          1.
   1.          1.          0.        ]]
[[-0.00178827 -0.1291135   0.03132743  0.03520374  0.05392643 -0.99792427
   0.          0.055       1.5707964   0.03921715  0.02222902  0.08021411
  -0.15490827  0.2787704   0.1663934   0.15042654  0.17003357  0.03122577
   0.28844967 -0.22321177 -0.09592043  0.00789382 -0.16621149 -0.05996529
   0.60775036  0.20221145 -0.3654223   1.          0.          1.
   1.          1.          0.        ]]
[[ 0.00913044 -0.18837239  0.03278986  0.03529892  0.05186917 -0.99803007
   0.          0.055       1.5707964   0.03408708  0.03805921  0.06757651
  -0.13277552  0.2920661   0.19054423  0.1576967   0.12298189  0.00897731
   0.31296873 -0.22250012 -0.10466764  0.01509988 -0.17131348 -0.04950327
   0.6368911   0.18290214 -0.35545462  1.          0.          1.
   1.          1.          0.        ]]
[[ 4.90509458e-02 -1.98261797e-01  4.24258299e-02  3.33166234e-02
   4.67955619e-02 -9.98349190e-01  0.00000000e+00  5.49999997e-02
   1.57079637e+00  2.22530216e-02  4.83973250e-02  6.24583513e-02
  -1.11870579e-01  3.14858437e-01  2.19114572e-01  1.77377075e-01
   7.73300454e-02  4.14778924e-06  3.24769348e-01 -2.12911889e-01
  -1.11004904e-01  2.62827016e-02 -1.76452652e-01 -4.96964790e-02
   6.52646065e-01  1.57563463e-01 -3.42247248e-01  1.00000000e+00
   0.00000000e+00  1.00000000e+00  1.00000000e+00  1.00000000e+00
   0.00000000e+00]]
[[ 1.2277753e-01 -2.0452680e-01 -1.8510340e-02  2.6829500e-02
   3.7086349e-02 -9.9895197e-01  0.0000000e+00  5.5000000e-02
   1.5707964e+00 -1.0725233e-03  6.4496249e-02  6.0616381e-02
  -9.6040048e-02  3.5524648e-01  2.4757913e-01  1.9011596e-01
   4.8736311e-02 -4.1406547e-06  3.2634380e-01 -1.8550083e-01
  -1.1688658e-01  2.7754299e-02 -1.6871233e-01 -5.1174778e-02
   6.5281504e-01  1.2372293e-01 -3.2547802e-01  1.0000000e+00
   0.0000000e+00  1.0000000e+00  1.0000000e+00  1.0000000e+00
   0.0000000e+00]]
[[ 1.7956619e-01 -2.5834587e-01 -3.5763871e-02  1.6526850e-02
   2.3433300e-02 -9.9958915e-01  0.0000000e+00  5.5000000e-02
   1.5707964e+00 -2.9290937e-02  9.1426812e-02  5.6351487e-02
  -8.1986435e-02  3.9108494e-01  2.6860154e-01  1.9224188e-01
   1.8245086e-02 -6.1492010e-06  3.2803196e-01 -1.6586371e-01
  -1.1502544e-01  2.6824776e-02 -1.4416049e-01 -6.0358256e-02
   6.4868551e-01  8.4214590e-02 -3.0726036e-01  1.0000000e+00
   0.0000000e+00  1.0000000e+00  1.0000000e+00  1.0000000e+00
   0.0000000e+00]]
[[-5.08645847e-02 -1.01806149e-01  8.38898793e-02  1.28961485e-02
   1.82691440e-02 -9.99750137e-01  0.00000000e+00  5.49999997e-02
   1.57079637e+00 -3.68455015e-02  9.78132337e-02  5.40764183e-02
  -7.22812265e-02  4.06906754e-01  2.60633945e-01  1.86355382e-01
   1.16240401e-02 -1.34436204e-03  3.33232492e-01 -1.73840463e-01
  -1.19982533e-01  2.37588789e-02 -1.27970219e-01 -7.03743100e-02
   6.42682791e-01  5.91958091e-02 -2.81632155e-01  1.00000000e+00
   0.00000000e+00  1.00000000e+00  1.00000000e+00  1.00000000e+00
   0.00000000e+00]]
[[-4.54056561e-02 -1.88497216e-01  1.54803069e-02  5.33320801e-03
   2.03877389e-02 -9.99778032e-01  0.00000000e+00  5.49999997e-02
   1.57079637e+00 -4.00569662e-02  1.01796955e-01  5.46019711e-02
  -1.22408800e-01  4.29369658e-01  2.49235362e-01  1.84138209e-01
  -3.64871987e-04  2.45783315e-03  3.12752903e-01 -1.79150820e-01
  -9.91540402e-02  1.50099155e-02 -4.32416946e-02 -1.16545722e-01
   6.26948595e-01 -3.23376581e-02 -1.99638769e-01  1.00000000e+00
   0.00000000e+00  1.00000000e+00  1.00000000e+00  1.00000000e+00
   0.00000000e+00]]
[[-0.07884114 -0.17672417  0.05141127 -0.0030615   0.02495789 -0.999684
   0.          0.055       1.5707964  -0.04882995  0.11014522  0.04874425
  -0.21691944  0.44033527  0.25447926  0.17542969 -0.03399834  0.01925988
   0.29430956 -0.15415302 -0.08120412  0.01666628  0.05292264 -0.17120881
   0.6209201  -0.13952686 -0.15242948  1.          0.          1.
   1.          1.          0.        ]]
[[-0.05295348 -0.14891097  0.06878041 -0.0080912   0.02938063 -0.99953544
   0.          0.055       1.5707964  -0.06054259  0.11773522  0.04179866
  -0.29190516  0.4621172   0.26038906  0.163617   -0.06636258  0.03474195
   0.28949285 -0.12268457 -0.05999342  0.02842305  0.11389771 -0.20951936
   0.6004008  -0.21263687 -0.15854038  1.          0.          1.
   1.          1.          0.        ]]
[[-0.03470201 -0.1158224   0.01897993 -0.00779298  0.03235881 -0.99944615
   0.          0.055       1.5707964  -0.08406393  0.12056031  0.03597389
  -0.32289243  0.4759181   0.26042408  0.1432426  -0.08954144  0.03736848
   0.2853543  -0.06685456 -0.04394925  0.03567674  0.12408349 -0.22230196
   0.5201327  -0.25100562 -0.18737021  1.          0.          1.
   1.          1.          0.        ]]
[[ 0.01351084 -0.12807153 -0.01895319 -0.00590979  0.0343372  -0.99939275
   0.          0.055       1.5707964  -0.1158164   0.13197021  0.02446539
  -0.32137537  0.4508376   0.25955158  0.11749838 -0.09703467  0.02896059
   0.28993717 -0.06007008 -0.04047532  0.04495452  0.10767353 -0.2152631
   0.41194412 -0.25417387 -0.2095109   1.          0.          1.
   1.          1.          0.        ]]
[[ 0.0189676  -0.1734551  -0.02460034 -0.00859506  0.03272365 -0.9994278
   0.          0.055       1.5707964  -0.15404983  0.13520636  0.01768611
  -0.32286358  0.4131701   0.23134516  0.0859691  -0.09163696  0.01377779
   0.29956272 -0.02076643 -0.06783655  0.05427954  0.1048703  -0.16671589
   0.27820686 -0.21506074 -0.21683688  1.          0.          1.
   1.          1.          0.        ]]
[[ 0.00649347 -0.22813866  0.05706076 -0.01017283  0.03370512 -0.99938005
   0.          0.055       1.5707964  -0.17018259  0.13614441  0.00915656
  -0.32097018  0.3692011   0.18680416  0.0775073  -0.10874226  0.0171088
   0.3120865   0.01462758 -0.10144578  0.08172596  0.07105788 -0.12153228
   0.17007819 -0.1723289  -0.20700847  1.          0.          1.
   1.          1.          0.        ]]
[[ 4.30997349e-02 -2.27669328e-01  3.29160988e-02 -8.88737850e-03
   3.32369395e-02 -9.99407828e-01  0.00000000e+00  5.49999997e-02
   1.57079637e+00 -1.83050931e-01  1.37634560e-01 -2.97440033e-06
  -3.22217852e-01  3.44749749e-01  1.61541447e-01  7.81675279e-02
  -1.10994220e-01  1.14418352e-02  3.26085120e-01  2.14576963e-02
  -1.24720506e-01  1.16408281e-01  4.75650579e-02 -1.07025690e-01
   1.08305074e-01 -1.73234820e-01 -1.87462881e-01  1.00000000e+00
   0.00000000e+00  1.00000000e+00  1.00000000e+00  1.00000000e+00
   0.00000000e+00]]
[[-2.9288253e-02 -1.9622454e-01  3.6628876e-02 -6.3505415e-03
   3.3389665e-02 -9.9942261e-01  0.0000000e+00  5.5000000e-02
   1.5707964e+00 -1.9889536e-01  1.3897307e-01 -2.2701563e-06
  -3.2163250e-01  3.5291851e-01  1.6638739e-01  7.3557027e-02
  -1.0521582e-01 -1.4653386e-03  3.3507755e-01  4.4569336e-03
  -1.3325346e-01  1.4348428e-01  2.6767785e-02 -1.1102155e-01
   7.7100672e-02 -1.9465868e-01 -1.7482165e-01  1.0000000e+00
   0.0000000e+00  1.0000000e+00  1.0000000e+00  1.0000000e+00
   0.0000000e+00]]
[[-1.44529101e-02 -1.05067454e-01  1.35916239e-02 -1.50539982e-03
   3.39347720e-02 -9.99422848e-01  0.00000000e+00  5.49999997e-02
   1.57079637e+00 -2.07889467e-01  1.28106073e-01 -3.40706015e-06
  -3.08136404e-01  3.64717096e-01  1.75071135e-01  6.89675063e-02
  -1.23098232e-01 -2.84446566e-03  3.39588851e-01 -1.75498035e-02
  -1.38350323e-01  1.49698481e-01 -5.83803048e-03 -1.17761709e-01
   6.18033037e-02 -2.01679498e-01 -1.76998377e-01  1.00000000e+00
   0.00000000e+00  1.00000000e+00  1.00000000e+00  1.00000000e+00
   0.00000000e+00]]
[[-4.8864860e-02 -3.0276112e-02  3.2337211e-02  1.5635998e-03
   3.3807531e-02 -9.9942708e-01  0.0000000e+00  5.5000000e-02
   1.5707964e+00 -2.2244902e-01  1.1561606e-01 -1.8971888e-06
  -2.9501894e-01  3.6445346e-01  1.8153442e-01  5.9167877e-02
  -1.3832973e-01 -2.8325275e-03  3.4728283e-01 -2.2205560e-02
  -1.5041971e-01  1.5111032e-01 -3.0462945e-02 -1.3052694e-01
   5.6525417e-02 -1.8912570e-01 -1.7676359e-01  0.0000000e+00
   0.0000000e+00  1.0000000e+00  1.0000000e+00  1.0000000e+00
   0.0000000e+00]]
[[-4.7271196e-02 -2.2554919e-02  1.3076016e-02  1.8286711e-03
   3.4228545e-02 -9.9941218e-01  0.0000000e+00  5.5000000e-02
   1.5707964e+00 -2.3381215e-01  1.1055125e-01 -9.7482512e-04
  -2.7923328e-01  3.5962465e-01  1.8290441e-01  4.8117246e-02
  -1.4499414e-01 -2.1512590e-03  3.5854992e-01 -1.1440345e-02
  -1.6626149e-01  1.5123558e-01 -3.7836801e-02 -1.4239326e-01
   5.4585729e-02 -1.8010703e-01 -1.6508693e-01  0.0000000e+00
   0.0000000e+00  1.0000000e+00  1.0000000e+00  1.0000000e+00
   0.0000000e+00]]
[[-5.5937942e-02 -2.0223033e-02 -1.7039929e-02  1.1236918e-03
   3.4933653e-02 -9.9938911e-01  0.0000000e+00  5.5000000e-02
   1.5707964e+00 -2.4788737e-01  1.1381498e-01 -9.0126466e-04
  -2.6870188e-01  3.5560685e-01  1.8102622e-01  3.0766414e-02
  -1.4731778e-01 -1.7562193e-03  3.6870763e-01 -5.4573743e-03
  -1.7271432e-01  1.4895110e-01 -4.1040335e-02 -1.4741576e-01
   5.4430753e-02 -1.7478986e-01 -1.5831484e-01  0.0000000e+00
   0.0000000e+00  1.0000000e+00  1.0000000e+00  1.0000000e+00
   0.0000000e+00]]
[[-6.3159727e-02 -3.9039992e-02 -1.8755302e-02 -1.1649216e-05
   3.6266055e-02 -9.9934202e-01  0.0000000e+00  5.5000000e-02
   1.5707964e+00 -2.5830087e-01  1.2463994e-01 -4.1302381e-04
  -2.5274163e-01  3.5360980e-01  1.7888759e-01  1.5226057e-02
  -1.4366707e-01 -1.9281291e-03  3.7594062e-01 -7.2835842e-03
  -1.6895236e-01  1.4644371e-01 -4.0685739e-02 -1.5223472e-01
   5.3591464e-02 -1.7174974e-01 -1.5665236e-01  0.0000000e+00
   0.0000000e+00  1.0000000e+00  1.0000000e+00  1.0000000e+00
   0.0000000e+00]]
[[-5.8600791e-02 -5.9818763e-02 -1.1191937e-03 -1.2479411e-03
   3.7130084e-02 -9.9930984e-01  0.0000000e+00  5.5000000e-02
   1.5707964e+00 -2.6501691e-01  1.3302752e-01  3.6228166e-03
  -2.4053906e-01  3.5101539e-01  1.7593862e-01  2.7719762e-03
  -1.3606201e-01 -1.9328141e-03  3.8229072e-01 -1.2051632e-02
  -1.6025253e-01  1.4511703e-01 -3.8171116e-02 -1.5877470e-01
   5.3380497e-02 -1.6585426e-01 -1.5931647e-01  0.0000000e+00
   0.0000000e+00  1.0000000e+00  1.0000000e+00  0.0000000e+00
   0.0000000e+00]]
[[-0.05119514 -0.09278139  0.0167076  -0.00291135  0.03776843 -0.9992823
   0.          0.055       1.5707964  -0.27173197  0.13824658  0.01166844
  -0.24977028  0.35729003  0.17556264 -0.01238496 -0.12592652 -0.00185372
   0.39006275 -0.01474818 -0.15040705  0.14775185 -0.03264764 -0.16299863
   0.05260133 -0.15354295 -0.16514155  0.          0.          1.
   1.          0.          1.        ]]
[[-0.00465035 -0.14472628  0.023673   -0.00462804  0.03776588 -0.99927604
   0.          0.055       1.5707964  -0.27256334  0.1433499   0.01839323
  -0.25010356  0.3653757   0.17721494 -0.02166083 -0.1114159  -0.00159808
   0.39906615 -0.01717105 -0.14013855  0.14843167 -0.03572952 -0.16494724
   0.04616119 -0.1450727  -0.16619995  0.          0.          1.
   1.          0.          1.        ]]
[[ 1.3164873e-02 -1.7403644e-01  1.8404765e-02 -5.9168753e-03
   3.7009403e-02 -9.9929738e-01  0.0000000e+00  5.5000000e-02
   1.5707964e+00 -2.7314571e-01  1.4827481e-01  2.2743542e-02
  -2.4942172e-01  3.6687541e-01  1.8037947e-01 -3.0915868e-02
  -9.6552894e-02 -8.8826951e-04  4.1000554e-01 -1.7105486e-02
  -1.3259558e-01  1.5183437e-01 -4.6490509e-02 -1.7102194e-01
   3.9470676e-02 -1.4006126e-01 -1.6688639e-01  0.0000000e+00
   0.0000000e+00  1.0000000e+00  1.0000000e+00  0.0000000e+00
   1.0000000e+00]]
[[ 2.5839705e-02 -2.0016882e-01  6.3290349e-03 -7.5653642e-03
   3.6222290e-02 -9.9931496e-01  0.0000000e+00  5.5000000e-02
   1.5707964e+00 -2.7665856e-01  1.5122516e-01  2.9054552e-02
  -2.5037444e-01  3.6590332e-01  1.8332888e-01 -4.2215083e-02
  -8.3262019e-02 -3.6901363e-06  4.2104998e-01 -1.3242233e-02
  -1.2696673e-01  1.5317616e-01 -5.0496925e-02 -1.8166375e-01
   3.3058189e-02 -1.4149681e-01 -1.6513258e-01  0.0000000e+00
   1.0000000e+00  1.0000000e+00  1.0000000e+00  0.0000000e+00
   0.0000000e+00]]
[[ 5.14977844e-03 -2.13871613e-01  3.80067574e-03 -9.98611562e-03
   3.67574356e-02 -9.99274671e-01  0.00000000e+00  5.49999997e-02
   1.57079637e+00 -2.81951785e-01  1.59695759e-01  3.36405598e-02
  -2.52907157e-01  3.78079802e-01  1.88557729e-01 -5.42672835e-02
  -7.12915510e-02  1.50018348e-03  4.32230175e-01 -9.76957753e-03
  -1.21127516e-01  1.54453963e-01 -4.90951836e-02 -1.90330654e-01
   2.26290654e-02 -1.48843125e-01 -1.62078783e-01  0.00000000e+00
   1.00000000e+00  1.00000000e+00  1.00000000e+00  0.00000000e+00
   1.00000000e+00]]
[[ 0.03342918 -0.19379129 -0.02610841 -0.01082802  0.03600447 -0.9992928
   0.          0.055       1.5707964  -0.29077044  0.15406285  0.04432709
  -0.24985148  0.38191223  0.19233598 -0.07231933 -0.06252515  0.00308931
   0.44460377 -0.01056167 -0.11389957  0.15220785 -0.05870705 -0.19467437
   0.01164346 -0.14375216 -0.1654535   0.          1.          1.
   1.          0.          1.        ]]
[[ 0.02145297 -0.19326282 -0.02417855 -0.01151083  0.03597143 -0.99928606
   0.          0.055       1.5707964  -0.29815406  0.15307866  0.05069535
  -0.23735249  0.38090378  0.1893736  -0.08839994 -0.05522796  0.00577037
   0.4579801  -0.01468465 -0.10652895  0.15025683 -0.06458813 -0.2006554
   0.0071006  -0.13808054 -0.15741044  0.          1.          1.
   1.          0.          1.        ]]
[[ 0.02261603 -0.18746787 -0.03148491 -0.01205183  0.03590888 -0.9992823
   0.          0.055       1.5707964  -0.30625868  0.15493022  0.05337254
  -0.22019848  0.37546638  0.18416499 -0.10651761 -0.04867831  0.00711443
   0.4705089  -0.01886557 -0.10003532  0.14876862 -0.06266768 -0.20625257
   0.00355754 -0.13837984 -0.14214483  0.          1.          1.
   1.          0.          1.        ]]
[[ 0.01072745 -0.19197421 -0.04133387 -0.01338049  0.03632253 -0.9992503
   0.          0.055       1.5707964  -0.31929412  0.16400756  0.05378488
  -0.2167282   0.37650934  0.18224837 -0.13090664 -0.03961918  0.00484855
   0.4823326  -0.0209115  -0.09503436  0.14785548 -0.06762752 -0.20780003
   0.00317124 -0.13714929 -0.1291091   0.          1.          1.
   1.          0.          1.        ]]
[[ 2.31237132e-02 -1.83038831e-01 -4.34469022e-02 -1.44626424e-02
   3.62580270e-02 -9.99237716e-01  0.00000000e+00  5.49999997e-02
   1.57079637e+00 -3.32517654e-01  1.66477084e-01  5.62109463e-02
  -2.14815378e-01  3.71116132e-01  1.84149742e-01 -1.59763157e-01
  -3.11511904e-02  1.33703079e-03  4.93984371e-01 -2.11855378e-02
  -9.18285996e-02  1.37601659e-01 -7.32864663e-02 -2.15446398e-01
   4.28890437e-03 -1.24280781e-01 -1.24078214e-01  0.00000000e+00
   1.00000000e+00  1.00000000e+00  1.00000000e+00  0.00000000e+00
   1.00000000e+00]]
[[-0.01291344 -0.12346618 -0.01617613 -0.01403812  0.03553142 -0.99926984
   0.          0.055       1.5707964  -0.3496462   0.16320308  0.06164363
  -0.21263413  0.3615924   0.1816512  -0.19285643 -0.02458377 -0.00196451
   0.5070997  -0.02927134 -0.08653396  0.12505881 -0.07878207 -0.225468
   0.00733906 -0.1101639  -0.11886951  0.          1.          1.
   1.          0.          1.        ]]
[[-2.6063309e-03 -1.3208932e-01  6.5689255e-03 -1.4009707e-02
   3.5760511e-02 -9.9926233e-01  0.0000000e+00  5.5000000e-02
   1.5707964e+00 -3.6228347e-01  1.6463096e-01  6.6197231e-02
  -2.0296595e-01  3.5868201e-01  1.7778516e-01 -2.1714140e-01
  -1.9281166e-02 -1.4189987e-03  5.2277440e-01 -3.6478680e-02
  -8.4182195e-02  1.1596202e-01 -7.5061366e-02 -2.3028046e-01
   1.1025620e-02 -9.8539695e-02 -1.0859432e-01  0.0000000e+00
   1.0000000e+00  1.0000000e+00  1.0000000e+00  0.0000000e+00
   1.0000000e+00]]
[[ 1.31390719e-02 -1.21661380e-01  2.03535389e-02 -1.31682185e-02
   3.50913182e-02 -9.99297380e-01  0.00000000e+00  5.49999997e-02
   1.57079637e+00 -3.74304801e-01  1.61484733e-01  7.24129900e-02
  -1.93678141e-01  3.57113719e-01  1.76780105e-01 -2.34608114e-01
  -1.23836389e-02 -1.07134937e-03  5.38412869e-01 -4.39499877e-02
  -8.42104405e-02  1.02256984e-01 -7.07549006e-02 -2.30342314e-01
   1.40859764e-02 -8.38730782e-02 -1.04943074e-01  0.00000000e+00
   1.00000000e+00  1.00000000e+00  1.00000000e+00  0.00000000e+00
   1.00000000e+00]]
[[ 2.4839865e-02 -9.8826364e-02  4.8606258e-02 -1.0650488e-02
   3.3132534e-02 -9.9939418e-01  0.0000000e+00  5.5000000e-02
   1.5707964e+00 -3.8300794e-01  1.5372312e-01  7.6366208e-02
  -1.8674199e-01  3.5816547e-01  1.7706563e-01 -2.4578123e-01
  -4.6260795e-03 -1.2586879e-03  5.5404633e-01 -5.6106571e-02
  -8.5434034e-02  8.4315911e-02 -7.2794192e-02 -2.2997424e-01
   2.2326691e-02 -6.8927653e-02 -1.0428758e-01  0.0000000e+00
   1.0000000e+00  1.0000000e+00  1.0000000e+00  0.0000000e+00
   1.0000000e+00]]
[[ 2.3973828e-02 -5.8372606e-02  6.9663659e-02 -6.4037712e-03
   2.9756835e-02 -9.9953687e-01  0.0000000e+00  5.5000000e-02
   1.5707964e+00 -3.9063126e-01  1.3796149e-01  8.0075450e-02
  -1.7908008e-01  3.6197796e-01  1.7902648e-01 -2.5763336e-01
   1.2726864e-03 -1.8952091e-03  5.6964886e-01 -7.0482433e-02
  -8.8975742e-02  6.2562637e-02 -7.6897323e-02 -2.3174217e-01
   3.6019739e-02 -5.1466703e-02 -1.0546716e-01  0.0000000e+00
   1.0000000e+00  1.0000000e+00  1.0000000e+00  0.0000000e+00
   1.0000000e+00]]
[[ 1.1089101e-02  1.2833347e-02  8.6001948e-02 -1.2458098e-04
   2.4892652e-02 -9.9969012e-01  0.0000000e+00  5.5000000e-02
   1.5707964e+00 -4.0251836e-01  1.0775085e-01  9.0880260e-02
  -1.7021124e-01  3.6984748e-01  1.8326658e-01 -2.7354047e-01
   4.2160535e-03 -2.3408607e-03  5.8511525e-01 -8.9149915e-02
  -9.2507556e-02  3.3450138e-02 -8.6134456e-02 -2.3021372e-01
   5.2825212e-02 -2.2305336e-02 -1.0981081e-01  0.0000000e+00
   1.0000000e+00  1.0000000e+00  1.0000000e+00  0.0000000e+00
   1.0000000e+00]]
[[-0.03582721 -0.07300059  0.084531    0.00434678  0.02167121 -0.9997555
   0.          0.055       1.5707964  -0.4113764   0.0929456   0.09352018
  -0.15941514  0.3834356   0.19030263 -0.27988437  0.00999861 -0.00173293
   0.60082585 -0.10335028 -0.09925541  0.00277546 -0.09065396 -0.22666723
   0.07528548 -0.01827547 -0.10186144  0.          1.          1.
   1.          0.          1.        ]]
[[-9.50257480e-03 -1.10404611e-01 -1.31276660e-02  4.14302852e-03
   2.20421776e-02 -9.99748349e-01  0.00000000e+00  5.49999997e-02
   1.57079637e+00 -4.23389465e-01  9.22674090e-02  9.73043293e-02
  -1.57156140e-01  3.91849905e-01  1.96019948e-01 -3.02151859e-01
   1.14144068e-02 -9.17328543e-06  6.06148958e-01 -1.02514923e-01
  -1.02465779e-01 -4.27365974e-02 -1.01862416e-01 -2.15722024e-01
   8.23112726e-02 -1.38390241e-02 -1.07417442e-01  0.00000000e+00
   1.00000000e+00  1.00000000e+00  1.00000000e+00  0.00000000e+00
   1.00000000e+00]]
[[-1.16269821e-02 -9.86492112e-02 -2.74388064e-02  4.04416723e-03
   2.23392770e-02 -9.99742210e-01  0.00000000e+00  5.49999997e-02
   1.57079637e+00 -4.32469308e-01  7.83128217e-02  1.10750794e-01
  -1.43363222e-01  3.96208614e-01  1.96818233e-01 -3.10670286e-01
   2.66176425e-02 -1.54364425e-05  6.09699726e-01 -1.06416814e-01
  -9.11217704e-02 -8.33653882e-02 -1.22756355e-01 -2.03910962e-01
   7.99899772e-02 -1.20872702e-03 -1.17659934e-01  0.00000000e+00
   1.00000000e+00  1.00000000e+00  1.00000000e+00  0.00000000e+00
   1.00000000e+00]]
[[-5.39523251e-02 -6.05559796e-02 -1.38061214e-02  5.81958937e-03
   2.58036274e-02 -9.99650002e-01  0.00000000e+00  5.49999997e-02
   1.57079637e+00 -4.33722496e-01  4.64184918e-02  1.32342100e-01
  -1.14211954e-01  3.96509945e-01  1.96718752e-01 -2.81209201e-01
   6.59173056e-02 -1.35931941e-05  6.18418694e-01 -1.15890898e-01
  -6.64232671e-02 -1.14836335e-01 -1.52739003e-01 -1.91810519e-01
   7.43021667e-02  3.04412525e-02 -1.36014044e-01  0.00000000e+00
   1.00000000e+00  1.00000000e+00  1.00000000e+00  0.00000000e+00
   1.00000000e+00]]
[[-8.26792493e-02 -2.72540357e-02 -4.65551438e-03  1.07073253e-02
   3.32521833e-02 -9.99390066e-01  0.00000000e+00  5.49999997e-02
   1.57079637e+00 -4.31596071e-01 -4.78519709e-04  1.59782082e-01
  -9.37201828e-02  4.02608514e-01  2.00657010e-01 -2.30010897e-01
   1.03447154e-01  1.80215132e-03  6.29013896e-01 -1.24485448e-01
  -5.10108210e-02 -1.45877913e-01 -1.91158801e-01 -1.83154166e-01
   6.87100217e-02  7.30721205e-02 -1.60377070e-01  0.00000000e+00
   1.00000000e+00  1.00000000e+00  1.00000000e+00  0.00000000e+00
   1.00000000e+00]]
[[-1.1550305e-01 -4.8035637e-02  2.9159999e-02  1.6620424e-02
   4.2424142e-02 -9.9896145e-01  0.0000000e+00  5.5000000e-02
   1.5707964e+00 -4.2499420e-01 -3.7837952e-02  1.7715536e-01
  -8.7153196e-02  4.1365364e-01  2.1088453e-01 -1.7206486e-01
   1.2348167e-01 -8.3774592e-07  6.3549685e-01 -1.3755524e-01
  -4.5239083e-02 -1.7479411e-01 -2.1965477e-01 -1.8000831e-01
   7.1447536e-02  1.1080504e-01 -1.7943113e-01  0.0000000e+00
   1.0000000e+00  1.0000000e+00  1.0000000e+00  0.0000000e+00
   1.0000000e+00]]
[[-9.6982963e-02 -5.4751467e-02  5.9714790e-02  2.1749783e-02
   5.1491752e-02 -9.9843657e-01  0.0000000e+00  5.5000000e-02
   1.5707964e+00 -4.1384104e-01 -5.1677950e-02  1.7736183e-01
  -8.6225525e-02  4.2125049e-01  2.2043312e-01 -1.1635984e-01
   1.3217363e-01 -1.6810646e-06  6.4044285e-01 -1.5780421e-01
  -4.0537030e-02 -2.0728377e-01 -2.3112464e-01 -1.7096522e-01
   8.1668124e-02  1.3632910e-01 -1.8858869e-01  0.0000000e+00
   1.0000000e+00  1.0000000e+00  1.0000000e+00  0.0000000e+00
   1.0000000e+00]]
[[-8.3389245e-02 -5.8587067e-02  8.9564465e-02  2.5794717e-02
   5.8902409e-02 -9.9793041e-01  0.0000000e+00  5.5000000e-02
   1.5707964e+00 -4.0170541e-01 -5.0028320e-02  1.6691919e-01
  -8.6712956e-02  4.2320153e-01  2.2454660e-01 -5.8510348e-02
   1.3542658e-01 -1.8629300e-05  6.4845645e-01 -1.7696878e-01
  -3.9836232e-02 -2.4392265e-01 -2.2432446e-01 -1.5250652e-01
   9.8203823e-02  1.5015230e-01 -1.8933931e-01  0.0000000e+00
   1.0000000e+00  1.0000000e+00  1.0000000e+00  0.0000000e+00
   1.0000000e+00]]
[[-6.5778688e-02 -6.1245143e-02  8.5118726e-02  2.9056400e-02
   6.4498439e-02 -9.9749470e-01  0.0000000e+00  5.5000000e-02
   1.5707964e+00 -3.9298669e-01 -4.4415075e-02  1.5477985e-01
  -8.9115433e-02  4.2489278e-01  2.2531648e-01 -3.3900300e-03
   1.3847597e-01 -2.5223231e-05  6.5695047e-01 -1.9079566e-01
  -4.3114517e-02 -2.7755317e-01 -2.0841035e-01 -1.3282509e-01
   1.1633833e-01  1.5745124e-01 -1.8776877e-01  0.0000000e+00
   1.0000000e+00  0.0000000e+00  1.0000000e+00  0.0000000e+00
   1.0000000e+00]]
[[-5.2820038e-02 -5.6613203e-02  2.7001064e-02  3.1917129e-02
   6.8578757e-02 -9.9713522e-01  0.0000000e+00  5.5000000e-02
   1.5707964e+00 -3.9327273e-01 -4.5389313e-02  1.5025076e-01
  -9.1677286e-02  4.3761209e-01  2.3087756e-01  3.9212812e-02
   1.4613159e-01 -2.1324615e-05  6.6303056e-01 -2.0088452e-01
  -4.6298511e-02 -3.0787203e-01 -1.9111547e-01 -1.1878395e-01
   1.2944354e-01  1.6297004e-01 -1.9012514e-01  0.0000000e+00
   1.0000000e+00  0.0000000e+00  1.0000000e+00  0.0000000e+00
   1.0000000e+00]]
[[-5.0371595e-02 -6.6004194e-02  6.7093489e-03  3.4415457e-02
   7.2397128e-02 -9.9678195e-01  0.0000000e+00  5.5000000e-02
   1.5707964e+00 -3.9868855e-01 -4.8141178e-02  1.4885217e-01
  -8.9000471e-02  4.5915440e-01  2.4304944e-01  7.9325825e-02
   1.4651306e-01 -2.1017486e-05  6.6608793e-01 -2.1042041e-01
  -4.7962613e-02 -3.3212030e-01 -1.8357404e-01 -1.0995497e-01
   1.3720514e-01  1.6958185e-01 -1.9661982e-01  0.0000000e+00
   1.0000000e+00  0.0000000e+00  1.0000000e+00  0.0000000e+00
   1.0000000e+00]]
[[-3.1245587e-02 -7.3141955e-02 -1.1366711e-02  3.6411818e-02
   7.4858412e-02 -9.9652922e-01  0.0000000e+00  5.5000000e-02
   1.5707964e+00 -4.0829781e-01 -5.1896688e-02  1.4954205e-01
  -8.6315721e-02  4.8350444e-01  2.5620157e-01  1.1814591e-01
   1.4426522e-01 -2.3045068e-05  6.6689628e-01 -2.1834251e-01
  -4.9319852e-02 -3.5177130e-01 -1.8005854e-01 -1.0704836e-01
   1.4120667e-01  1.7184904e-01 -2.0339032e-01  0.0000000e+00
   1.0000000e+00  0.0000000e+00  1.0000000e+00  0.0000000e+00
   1.0000000e+00]]
[[-1.8664557e-02 -7.1894988e-02 -4.2712577e-02  3.7486039e-02
   7.6441482e-02 -9.9636918e-01  0.0000000e+00  5.5000000e-02
   1.5707964e+00 -4.1948396e-01 -5.2455653e-02  1.4957134e-01
  -7.9444543e-02  5.0672144e-01  2.6776624e-01  1.5927233e-01
   1.5019831e-01 -2.2457998e-05  6.6548461e-01 -2.2504042e-01
  -4.9609527e-02 -3.7223130e-01 -1.8656129e-01 -1.0388883e-01
   1.4138001e-01  1.7300887e-01 -2.1098717e-01  0.0000000e+00
   1.0000000e+00  0.0000000e+00  1.0000000e+00  0.0000000e+00
   1.0000000e+00]]
[[-1.2944508e-02 -7.2203793e-02 -5.1398035e-02  3.8283180e-02
   7.7205397e-02 -9.9628007e-01  0.0000000e+00  5.5000000e-02
   1.5707964e+00 -4.3279499e-01 -5.2253641e-02  1.5045854e-01
  -7.0201710e-02  5.2541202e-01  2.7712759e-01  1.9555058e-01
   1.5825434e-01 -2.2681077e-05  6.6514128e-01 -2.3064020e-01
  -5.0516795e-02 -3.9069381e-01 -1.9228086e-01 -1.0034398e-01
   1.4240880e-01  1.7008588e-01 -2.1637289e-01  0.0000000e+00
   1.0000000e+00  0.0000000e+00  1.0000000e+00  0.0000000e+00
   1.0000000e+00]]
[[-1.9992987e-02 -7.0312202e-02 -5.3555559e-02  3.8770478e-02
   7.7969082e-02 -9.9620187e-01  0.0000000e+00  5.5000000e-02
   1.5707964e+00 -4.4959855e-01 -5.0251998e-02  1.5244508e-01
  -6.0335983e-02  5.3297144e-01  2.8153795e-01  2.0861399e-01
   1.6456468e-01 -6.5335385e-06  6.6707468e-01 -2.3654577e-01
  -5.1665310e-02 -3.9941812e-01 -1.8460923e-01 -9.7993746e-02
   1.4563672e-01  1.6690370e-01 -2.2192772e-01  0.0000000e+00
   1.0000000e+00  0.0000000e+00  1.0000000e+00  0.0000000e+00
   1.0000000e+00]]
[[-1.8706905e-02 -8.2270220e-02 -4.7319397e-02  3.9030224e-02
   7.9319522e-02 -9.9608487e-01  0.0000000e+00  5.5000000e-02
   1.5707964e+00 -4.6689168e-01 -4.4906411e-02  1.5279491e-01
  -5.0727203e-02  5.3564268e-01  2.8019828e-01  2.1597800e-01
   1.6702382e-01 -4.2472184e-06  6.6935319e-01 -2.4264964e-01
  -5.3013835e-02 -4.0333372e-01 -1.8226649e-01 -9.2846774e-02
   1.4913082e-01  1.6636801e-01 -2.2917208e-01  0.0000000e+00
   1.0000000e+00  0.0000000e+00  1.0000000e+00  0.0000000e+00
   1.0000000e+00]]
[[-1.6983462e-02 -7.9601049e-02 -5.7813801e-02  3.8885847e-02
   8.0694005e-02 -9.9598002e-01  0.0000000e+00  5.5000000e-02
   1.5707964e+00 -4.8390877e-01 -3.9022852e-02  1.5398258e-01
  -4.6457551e-02  5.3663194e-01  2.7982506e-01  2.2836371e-01
   1.6821069e-01 -2.0271709e-05  6.7092854e-01 -2.4812929e-01
  -5.3227775e-02 -4.0500233e-01 -1.8494600e-01 -9.7103253e-02
   1.5049297e-01  1.6828531e-01 -2.3798269e-01  0.0000000e+00
   1.0000000e+00  0.0000000e+00  1.0000000e+00  0.0000000e+00
   1.0000000e+00]]
[[ 1.5639601e-03 -8.5382536e-02 -5.4758120e-02  3.8118616e-02
   8.1437998e-02 -9.9594927e-01  0.0000000e+00  5.5000000e-02
   1.5707964e+00 -4.9920258e-01 -3.4280352e-02  1.5704921e-01
  -4.1161582e-02  5.3899521e-01  2.8130034e-01  2.4541079e-01
   1.6994366e-01 -2.1437183e-05  6.7241669e-01 -2.5051221e-01
  -5.3159349e-02 -4.0500724e-01 -1.8717971e-01 -9.6562475e-02
   1.5053262e-01  1.7141794e-01 -2.4641956e-01  0.0000000e+00
   1.0000000e+00  0.0000000e+00  1.0000000e+00  1.0000000e+00
   1.0000000e+00]]
[[ 9.8861167e-03 -8.8745601e-02 -4.4583917e-02  3.6753427e-02
   8.0901079e-02 -9.9604440e-01  0.0000000e+00  5.5000000e-02
   1.5707964e+00 -5.1356864e-01 -2.9932693e-02  1.6146706e-01
  -3.9452255e-02  5.4146254e-01  2.8327772e-01  2.5714383e-01
   1.7103170e-01 -2.1317504e-05  6.7553616e-01 -2.4832761e-01
  -5.4986168e-02 -4.0679505e-01 -1.8928865e-01 -9.3257673e-02
   1.5215980e-01  1.7169824e-01 -2.5157180e-01  1.0000000e+00
   1.0000000e+00  0.0000000e+00  1.0000000e+00  1.0000000e+00
   1.0000000e+00]]
[[ 2.2045674e-02 -9.0958424e-02 -3.5630062e-02  3.4278743e-02
   7.9291046e-02 -9.9626213e-01  0.0000000e+00  5.5000000e-02
   1.5707964e+00 -5.2736956e-01 -2.1006525e-02  1.6461070e-01
  -3.9729886e-02  5.3974438e-01  2.8353864e-01  2.5247371e-01
   1.7521872e-01 -1.7931217e-05  6.8133670e-01 -2.4117999e-01
  -5.8973081e-02 -4.0338993e-01 -1.8783365e-01 -9.0874910e-02
   1.5645634e-01  1.7062035e-01 -2.5435686e-01  1.0000000e+00
   1.0000000e+00  0.0000000e+00  0.0000000e+00  1.0000000e+00
   1.0000000e+00]]
[[ 1.8704733e-02 -8.7798104e-02  1.6634555e-03  3.1907000e-02
   7.7332981e-02 -9.9649495e-01  0.0000000e+00  5.5000000e-02
   1.5707964e+00 -5.3954762e-01 -1.0743810e-02  1.6606441e-01
  -4.1104574e-02  5.4484493e-01  2.8244144e-01  2.4867290e-01
   1.8640286e-01 -1.2751489e-05  6.9561177e-01 -2.3476392e-01
  -6.1181396e-02 -3.9456543e-01 -1.8862459e-01 -8.5828334e-02
   1.6760008e-01  1.6652609e-01 -2.5280726e-01  1.0000000e+00
   1.0000000e+00  0.0000000e+00  0.0000000e+00  1.0000000e+00
   1.0000000e+00]]
[[-4.6935650e-03 -8.4303550e-02  3.7232053e-02  2.9873837e-02
   7.7468872e-02 -9.9654734e-01  0.0000000e+00  5.5000000e-02
   1.5707964e+00 -5.4910159e-01  1.3025641e-03  1.6439721e-01
  -4.6473414e-02  5.4528171e-01  2.8677902e-01  2.4763018e-01
   1.9158246e-01 -1.0293608e-05  7.1046442e-01 -2.3659238e-01
  -6.0570929e-02 -3.8194320e-01 -1.8996899e-01 -8.0053806e-02
   1.8256478e-01  1.7145181e-01 -2.5521326e-01  1.0000000e+00
   1.0000000e+00  0.0000000e+00  0.0000000e+00  1.0000000e+00
   1.0000000e+00]]
[[ 6.5163360e-03 -8.0617227e-02  5.1042076e-02  2.7988978e-02
   7.7351816e-02 -9.9661130e-01  0.0000000e+00  5.5000000e-02
   1.5707964e+00 -5.5900967e-01  4.3087192e-03  1.6593605e-01
  -5.0763577e-02  5.3881145e-01  2.8764823e-01  2.4979560e-01
   1.9377597e-01 -8.7888648e-06  7.1338499e-01 -2.5339726e-01
  -6.8507828e-02 -3.6532965e-01 -1.7976126e-01 -8.0934912e-02
   2.0094325e-01  1.8390436e-01 -2.6256248e-01  1.0000000e+00
   1.0000000e+00  0.0000000e+00  0.0000000e+00  1.0000000e+00
   1.0000000e+00]]
[[ 1.97479464e-02 -8.36065337e-02  5.43314405e-02  2.62081940e-02
   7.57681429e-02 -9.96781290e-01  0.00000000e+00  5.49999997e-02
   1.57079637e+00 -5.70810020e-01 -1.80424936e-03  1.72570556e-01
  -5.40193543e-02  5.31296849e-01  2.83651143e-01  2.49039903e-01
   1.96330771e-01 -1.03934235e-05  7.15851605e-01 -2.82373607e-01
  -8.98385420e-02 -3.44155282e-01 -1.62180394e-01 -8.53849798e-02
   2.24007204e-01  1.95952311e-01 -2.70189643e-01  1.00000000e+00
   1.00000000e+00  0.00000000e+00  0.00000000e+00  1.00000000e+00
   1.00000000e+00]]
[[ 4.1918144e-02 -1.0356480e-01  5.7512637e-02  2.3062937e-02
   7.2581500e-02 -9.9709588e-01  0.0000000e+00  5.5000000e-02
   1.5707964e+00 -5.8312422e-01 -5.6802500e-03  1.7899165e-01
  -5.6453597e-02  5.2065575e-01  2.7935314e-01  2.4702932e-01
   1.9383715e-01 -7.1312907e-06  7.1575558e-01 -3.1921437e-01
  -1.1690120e-01 -3.2008323e-01 -1.3617331e-01 -9.3306385e-02
   2.5090671e-01  2.0816973e-01 -2.7737710e-01  1.0000000e+00
   1.0000000e+00  0.0000000e+00  0.0000000e+00  1.0000000e+00
   1.0000000e+00]]
[[ 1.2112205e-02 -7.3232107e-02  6.2419582e-02  2.0578234e-02
   7.0171818e-02 -9.9732274e-01  0.0000000e+00  5.5000000e-02
   1.5707964e+00 -5.9455514e-01 -2.4919019e-03  1.8153623e-01
  -6.0061242e-02  5.0645936e-01  2.7425975e-01  2.4476068e-01
   1.9257976e-01 -4.6048467e-06  7.1360600e-01 -3.4231454e-01
  -1.4157404e-01 -2.9631218e-01 -1.2370578e-01 -9.4353229e-02
   2.7722803e-01  2.1259685e-01 -2.7992320e-01  1.0000000e+00
   1.0000000e+00  0.0000000e+00  0.0000000e+00  1.0000000e+00
   1.0000000e+00]]
[[-8.04471225e-03 -6.94192722e-02  3.13310623e-02  1.85381994e-02
   7.01572150e-02 -9.97363687e-01  0.00000000e+00  5.49999997e-02
   1.57079637e+00 -6.05039895e-01  5.61532844e-03  1.82527900e-01
  -6.24106377e-02  4.94116783e-01  2.67281711e-01  2.40535989e-01
   1.91291362e-01 -1.00804464e-05  7.08558559e-01 -3.53195399e-01
  -1.54848292e-01 -2.79647142e-01 -1.19423784e-01 -9.23506916e-02
   2.95150250e-01  2.20072255e-01 -2.85488069e-01  1.00000000e+00
   1.00000000e+00  0.00000000e+00  0.00000000e+00  1.00000000e+00
   1.00000000e+00]]
[[ 7.5899600e-03 -6.7803435e-02 -4.1820249e-03  1.6275350e-02
   7.0072137e-02 -9.9740940e-01  0.0000000e+00  5.5000000e-02
   1.5707964e+00 -6.1720902e-01  9.1038253e-03  1.8910053e-01
  -6.1384346e-02  4.8368737e-01  2.6016247e-01  2.3070876e-01
   1.9415882e-01  1.1556977e-05  6.9842690e-01 -3.5799882e-01
  -1.5828596e-01 -2.7029827e-01 -1.1260553e-01 -9.2681825e-02
   3.0429569e-01  2.2888577e-01 -2.9395205e-01  1.0000000e+00
   1.0000000e+00  0.0000000e+00  0.0000000e+00  1.0000000e+00
   1.0000000e+00]]
[[ 1.1790564e-02 -6.3819081e-02 -1.3262941e-02  1.4428811e-02
   6.9477528e-02 -9.9747944e-01  0.0000000e+00  5.5000000e-02
   1.5707964e+00 -6.2991101e-01  8.7092761e-03  1.9841610e-01
  -5.5851765e-02  4.7177789e-01  2.5462914e-01  2.2397004e-01
   1.9179092e-01  7.1853415e-06  6.8765908e-01 -3.6354828e-01
  -1.6506660e-01 -2.6324245e-01 -1.0662488e-01 -9.3422167e-02
   3.1035170e-01  2.3446181e-01 -3.0145013e-01  1.0000000e+00
   1.0000000e+00  0.0000000e+00  0.0000000e+00  1.0000000e+00
   1.0000000e+00]]
[[ 2.4235792e-02 -8.0831304e-02  1.6419264e-02  1.1322258e-02
   6.8293206e-02 -9.9760115e-01  0.0000000e+00  5.5000000e-02
   1.5707964e+00 -6.4250439e-01  1.2808179e-02  2.0541535e-01
  -5.3365618e-02  4.5307061e-01  2.4872564e-01  2.0786959e-01
   1.8865183e-01  8.1985909e-06  6.7779547e-01 -3.7584800e-01
  -1.8132178e-01 -2.5236815e-01 -9.3753673e-02 -9.6888870e-02
   3.2098094e-01  2.4316673e-01 -3.1015888e-01  1.0000000e+00
   1.0000000e+00  0.0000000e+00  0.0000000e+00  1.0000000e+00
   1.0000000e+00]]
[[ 2.3682333e-05 -8.4531657e-02  2.8470738e-02  8.5781030e-03
   6.7706697e-02 -9.9766862e-01  0.0000000e+00  5.5000000e-02
   1.5707964e+00 -6.5257031e-01  2.2039676e-02  2.0738153e-01
  -5.1794026e-02  4.3475777e-01  2.3775260e-01  1.9488524e-01
   1.8391500e-01 -1.1932966e-05  6.6568685e-01 -3.9366642e-01
  -1.9979182e-01 -2.3762213e-01 -8.6377792e-02 -9.7151488e-02
   3.3598414e-01  2.4993196e-01 -3.1623563e-01  1.0000000e+00
   1.0000000e+00  0.0000000e+00  0.0000000e+00  1.0000000e+00
   1.0000000e+00]]
[[-2.3654844e-03 -7.8228578e-02  2.7333848e-02  6.2918314e-03
   6.7829050e-02 -9.9767685e-01  0.0000000e+00  5.5000000e-02
   1.5707964e+00 -6.6038078e-01  3.2943100e-02  2.0712493e-01
  -5.1666949e-02  4.2000860e-01  2.2559705e-01  1.8947496e-01
   1.8102084e-01 -1.6304482e-05  6.4442497e-01 -4.0615016e-01
  -2.1142887e-01 -2.2388971e-01 -8.3429590e-02 -9.5269151e-02
   3.5014090e-01  2.5570962e-01 -3.2093313e-01  1.0000000e+00
   1.0000000e+00  0.0000000e+00  0.0000000e+00  1.0000000e+00
   1.0000000e+00]]
[[ 4.9837418e-03 -7.9188891e-02  2.3271963e-02  4.6332544e-03
   6.7667753e-02 -9.9769717e-01  0.0000000e+00  5.5000000e-02
   1.5707964e+00 -6.6658920e-01  3.8017549e-02  2.0937541e-01
  -4.5870315e-02  4.0622884e-01  2.1410048e-01  1.8674017e-01
   1.6969505e-01 -1.7956363e-05  6.1383712e-01 -4.1186872e-01
  -2.1910617e-01 -2.1171667e-01 -7.9862550e-02 -9.4002105e-02
   3.6290187e-01  2.6023754e-01 -3.2432848e-01  1.0000000e+00
   1.0000000e+00  0.0000000e+00  0.0000000e+00  1.0000000e+00
   1.0000000e+00]]
[[ 6.0951514e-03 -6.9817029e-02  3.2920677e-02  3.4352017e-03
   6.7345880e-02 -9.9772388e-01  0.0000000e+00  5.5000000e-02
   1.5707964e+00 -6.7059731e-01  3.9524090e-02  2.1240266e-01
  -3.2439921e-02  3.9115486e-01  2.0381190e-01  1.8062517e-01
   1.5777132e-01 -4.9923201e-06  5.7881117e-01 -4.2058435e-01
  -2.2849140e-01 -1.9960761e-01 -7.6525770e-02 -9.2443377e-02
   3.7625310e-01  2.6361376e-01 -3.2600760e-01  1.0000000e+00
   0.0000000e+00  0.0000000e+00  0.0000000e+00  1.0000000e+00
   1.0000000e+00]]
[[ 6.46351697e-03 -7.46015087e-02  5.66170886e-02  2.34096032e-03
   6.71465918e-02 -9.97740448e-01  0.00000000e+00  5.49999997e-02
   1.57079637e+00 -6.72224164e-01  3.97803858e-02  2.13997498e-01
  -1.94646567e-02  3.65749091e-01  1.94097713e-01  1.78667083e-01
   1.41576305e-01 -1.35126365e-05  5.35895169e-01 -4.39925611e-01
  -2.44744301e-01 -1.84154242e-01 -6.85807914e-02 -9.30217728e-02
   3.93910378e-01  2.70514935e-01 -3.28327715e-01  1.00000000e+00
   0.00000000e+00  0.00000000e+00  0.00000000e+00  1.00000000e+00
   1.00000000e+00]]
[[-5.4570595e-03 -6.0509816e-02  7.1999244e-02  2.4609887e-03
   6.7004383e-02 -9.9774969e-01  0.0000000e+00  5.5000000e-02
   1.5707964e+00 -6.7191279e-01  4.0750232e-02  2.1183452e-01
  -5.0148517e-03  3.4151676e-01  1.8079525e-01  1.8133351e-01
   1.2789530e-01 -1.8313922e-05  4.8171076e-01 -4.6075401e-01
  -2.6361156e-01 -1.6283494e-01 -6.8080798e-02 -8.9762345e-02
   4.1802958e-01  2.7160600e-01 -3.2608515e-01  1.0000000e+00
   1.0000000e+00  0.0000000e+00  0.0000000e+00  1.0000000e+00
   1.0000000e+00]]
[[-1.9241340e-02 -5.1093578e-02  6.8786442e-02  3.5086204e-03
   6.7935288e-02 -9.9768382e-01  0.0000000e+00  5.5000000e-02
   1.5707964e+00 -6.7010176e-01  4.2619698e-02  2.0742245e-01
   1.8490572e-02  3.1891781e-01  1.6077979e-01  1.7562030e-01
   1.1583338e-01 -1.9130870e-05  3.9930916e-01 -4.7352779e-01
  -2.7329966e-01 -1.4401019e-01 -7.4031018e-02 -8.4098250e-02
   4.3942145e-01  2.7195179e-01 -3.2346636e-01  1.0000000e+00
   1.0000000e+00  0.0000000e+00  0.0000000e+00  1.0000000e+00
   1.0000000e+00]]
[[-1.5207636e-02 -7.3836952e-02  9.2455901e-02  3.3764536e-03
   6.9346763e-02 -9.9758667e-01  0.0000000e+00  5.5000000e-02
   1.5707964e+00 -6.6414422e-01  5.4027628e-02  1.9541633e-01
   6.2395472e-02  2.8339645e-01  1.3272758e-01  1.7145415e-01
   1.0634624e-01 -3.7271602e-06  2.9056647e-01 -4.6418563e-01
  -2.7609810e-01 -1.2736344e-01 -7.3689893e-02 -8.1777416e-02
   4.6009886e-01  2.7828783e-01 -3.2206973e-01  1.0000000e+00
   1.0000000e+00  0.0000000e+00  0.0000000e+00  1.0000000e+00
   1.0000000e+00]]
[[ 1.21777514e-02 -1.02204435e-01  1.22394137e-01  2.46549747e-03
   6.85342923e-02 -9.97645497e-01  0.00000000e+00  5.49999997e-02
   1.57079637e+00 -6.56776309e-01  7.44113401e-02  1.77786231e-01
   1.25911668e-01  2.32805789e-01  7.68689066e-02  1.51668489e-01
   9.65975448e-02  5.53797418e-06  1.73966199e-01 -4.28072035e-01
  -2.59378791e-01 -1.04278639e-01 -7.70445988e-02 -7.62717128e-02
   4.88701373e-01  2.71133840e-01 -3.08081776e-01  1.00000000e+00
   1.00000000e+00  0.00000000e+00  0.00000000e+00  1.00000000e+00
   1.00000000e+00]]
[[ 0.0620824  -0.16934648  0.06904425 -0.0021258   0.06287925 -0.9980188
   0.          0.055       1.5707964  -0.6536947   0.11557599  0.15495154
   0.1834337   0.16010368  0.01154951  0.09507449  0.08958331  0.01423942
   0.0663621  -0.35162902 -0.20735216 -0.06930279 -0.08138125 -0.06682348
   0.5290245   0.24179144 -0.2774297   1.          1.          0.
   0.          1.          1.        ]]
[[-2.79525127e-02  3.47963534e-02  1.61191523e-01  6.04153611e-04
   5.93029261e-02 -9.98239934e-01  0.00000000e+00  5.49999997e-02
   1.57079637e+00 -6.50500298e-01  1.25201568e-01  1.42033145e-01
   1.94361031e-01  1.43470883e-01  2.23158840e-02  4.01999131e-02
   1.28177226e-01  4.07474414e-02  9.16176848e-03 -2.14391902e-01
  -1.26013502e-01 -1.96007751e-02 -1.11417234e-01 -4.70970497e-02
   5.79025328e-01  2.02840820e-01 -2.48604938e-01  1.00000000e+00
   1.00000000e+00  0.00000000e+00  0.00000000e+00  1.00000000e+00
   1.00000000e+00]]
[[ 0.06021055  0.09978589 -0.01057693  0.00784067  0.05706087 -0.99833983
   0.          0.055       1.5707964  -0.63962436  0.11375745  0.08091608
   0.20923421  0.04880791  0.071339    0.03609215  0.2316884   0.08176779
   0.02916568 -0.15302318 -0.15845916  0.01030284 -0.08819263 -0.06362609
   0.5866842   0.1974054  -0.2243605   1.          1.          0.
   0.          1.          1.        ]]
[[ 2.22771391e-01  1.39006108e-01 -7.80281276e-02  2.32267417e-02
   3.81552875e-02 -9.99001682e-01  0.00000000e+00  5.49999997e-02
   1.57079637e+00 -6.61379874e-01  1.68107539e-01 -1.78417608e-07
   1.92098916e-01 -1.17201924e-01  1.53025210e-01  4.37028222e-02
   2.59032190e-01  1.40060470e-01  5.25079817e-02 -8.57721791e-02
  -2.04506665e-01  2.50833835e-02 -8.40220749e-02 -1.13256589e-01
   6.00787878e-01  1.16358995e-01 -1.78087786e-01  1.00000000e+00
   1.00000000e+00  0.00000000e+00  0.00000000e+00  1.00000000e+00
   1.00000000e+00]]
[[ 0.19403607  0.12340835 -0.16584381  0.04057077  0.01776539 -0.99901843
   0.          0.055       1.5707964  -0.6812583   0.22227117  0.01378266
   0.13423418 -0.28649822  0.23737858 -0.03347973  0.24420507  0.15894505
   0.06559834 -0.03185859 -0.2332551   0.07710907 -0.15164189 -0.14983773
   0.6011114   0.03490888 -0.15773314  1.          1.          0.
   0.          1.          1.        ]]
[[ 1.4279200e-01 -1.3798413e-04 -2.8889909e-01  5.0398096e-02
   6.2506818e-03 -9.9871016e-01  0.0000000e+00  5.5000000e-02
   1.5707964e+00 -6.3828695e-01  2.7085325e-01  8.1010476e-02
   4.5955811e-02 -3.8798571e-01  2.7955979e-01 -2.2441293e-01
   1.9511056e-01  1.7847592e-01  4.9505077e-02 -1.1312830e-02
  -2.1903458e-01  1.2941176e-01 -2.0671327e-01 -1.7006111e-01
   5.6333864e-01  8.0888346e-03 -1.7022033e-01  1.0000000e+00
   1.0000000e+00  0.0000000e+00  0.0000000e+00  1.0000000e+00
   1.0000000e+00]]
[[ 0.130126   -0.09482899 -0.2451481   0.05052067 -0.00378972 -0.9987159
   0.          0.055       1.5707964  -0.51871735  0.3363209   0.160806
  -0.04247668 -0.3974875   0.28003427 -0.4342625   0.14252198  0.20241892
   0.03046365  0.00883294 -0.20399776  0.17511675 -0.25673684 -0.18055668
   0.5285433  -0.02012593 -0.17460075  1.          0.          0.
   0.          1.          1.        ]]
[[ 0.05313564 -0.07339066 -0.16804864  0.04780402 -0.00782868 -0.99882597
   0.          0.055       1.5707964  -0.35449395  0.41122583  0.21258044
  -0.0964252  -0.36569488  0.26146317 -0.57911146  0.07148813  0.19437931
   0.01044294  0.00228366 -0.18303402  0.1931135  -0.2912981  -0.1999804
   0.49641335 -0.03783372 -0.1791584   1.          0.          0.
   0.          1.          1.        ]]
[[-0.02869981  0.00797724 -0.08754253  0.0489834  -0.00655913 -0.99877816
   0.          0.055       1.5707964  -0.1997692   0.43940693  0.23077364
  -0.11889181 -0.35840073  0.25196242 -0.61467206  0.04372235  0.16722266
  -0.00459255 -0.02485138 -0.16436318  0.19113679 -0.29797086 -0.20962074
   0.47329724 -0.04331475 -0.18628584  1.          0.          0.
   0.          1.          1.        ]]
[[-0.04178097  0.03500396 -0.05806696  0.05325516 -0.00358598 -0.9985747
   0.          0.055       1.5707964  -0.08792826  0.41875187  0.21705435
  -0.1369696  -0.37984648  0.25779063 -0.60173154  0.08490902  0.17048438
  -0.01288357 -0.04940856 -0.15457019  0.19623125 -0.28392535 -0.21074165
   0.45683178 -0.03719754 -0.20220648  1.          0.          0.
   0.          1.          1.        ]]
[[-0.03714326 -0.04513386 -0.02899169  0.05335802 -0.0017957  -0.9985741
   0.          0.055       1.5707964   0.00189488  0.33407238  0.20482098
  -0.15143043 -0.3743286   0.24712236 -0.57800794  0.16043533  0.20944281
  -0.01610441 -0.05855718 -0.15342087  0.19308095 -0.27520642 -0.19855112
   0.4475199  -0.02748729 -0.21773317  1.          0.          0.
   0.          1.          1.        ]]
[[-4.73537631e-02 -8.59471038e-02  2.15087123e-02  4.87411544e-02
   6.37399615e-04 -9.98811185e-01  0.00000000e+00  5.49999997e-02
   1.57079637e+00  6.26618117e-02  2.47749299e-01  1.76831737e-01
  -1.54005811e-01 -3.27881426e-01  2.11598262e-01 -5.45801342e-01
   2.05628604e-01  2.49452546e-01 -1.08597465e-02 -6.68509454e-02
  -1.55389339e-01  1.91549048e-01 -2.73204565e-01 -1.85000837e-01
   4.49096262e-01 -1.74277164e-02 -2.29002938e-01  1.00000000e+00
   0.00000000e+00  0.00000000e+00  0.00000000e+00  1.00000000e+00
   1.00000000e+00]]
[[-0.08531631 -0.10574022  0.08909835  0.04028805  0.00618407 -0.99916905
   0.          0.055       1.5707964   0.08544136  0.14999811  0.1526413
  -0.14748748 -0.25709888  0.1633398  -0.5104273   0.2358533   0.25207672
   0.00207977 -0.069926   -0.1617467   0.19620615 -0.28599283 -0.17115332
   0.46066582  0.0155247  -0.2488706   1.          0.          0.
   0.          1.          1.        ]]
[[-0.13277361 -0.10400833  0.10204437  0.0312783   0.01517186 -0.9993959
   0.          0.055       1.5707964   0.09234807  0.03944303  0.13333294
  -0.13182037 -0.17911851  0.11359634 -0.45850366  0.25859     0.2461067
   0.02215951 -0.07859991 -0.1664473   0.20312308 -0.2956125  -0.17476481
   0.48227465  0.06262793 -0.27273074  1.          0.          0.
   0.          1.          1.        ]]
[[-0.12557487 -0.03319413  0.1054327   0.02574991  0.02548608 -0.9993434
   0.          0.055       1.5707964   0.09352945 -0.04087314  0.12301274
  -0.12367874 -0.10848799  0.07071342 -0.39457986  0.30787793  0.24477081
   0.04180629 -0.11451706 -0.1509898   0.20374031 -0.30740607 -0.19190334
   0.5011848   0.09740011 -0.29077655  1.          0.          1.
   1.          1.          0.        ]]
[[ 0.00732988 -0.11801887 -0.04188757  0.02583918  0.02473872 -0.99935997
   0.          0.055       1.5707964   0.06727982 -0.03079708  0.11732981
  -0.15979546 -0.07883525  0.04441688 -0.31522268  0.35677132  0.2533201
   0.05966968 -0.13609567 -0.13309596  0.16368496 -0.31462762 -0.2065634
   0.5096512   0.09113514 -0.295997    1.          0.          1.
   1.          1.          0.        ]]
[[ 0.00420223 -0.09873202 -0.13343109  0.02496573  0.02266623 -0.9994311
   0.          0.055       1.5707964   0.02514941 -0.05541524  0.14172693
  -0.2021709  -0.00612704  0.02269562 -0.21877566  0.37256575  0.25807434
   0.09622078 -0.1442831  -0.09730046  0.09183355 -0.3255788  -0.20710672
   0.5018713   0.10331146 -0.31344542  1.          0.          1.
   1.          1.          0.        ]]
[[-0.05063208 -0.02345283 -0.13834646  0.02736378  0.02544826 -0.9993013
   0.          0.055       1.5707964  -0.01225273 -0.09818212  0.17706673
  -0.22029752  0.10120479  0.02678309 -0.13758293  0.32812625  0.25057158
   0.11398047 -0.15127234 -0.07713079  0.02766709 -0.32239655 -0.20789629
   0.4807889   0.13541205 -0.34336254  1.          0.          1.
   1.          1.          0.        ]]
[[-0.06529182 -0.03320122 -0.04799922  0.02852024  0.0311944  -0.9991065
   0.          0.055       1.5707964  -0.03187729 -0.11325251  0.19027829
  -0.21935596  0.1584991   0.05202667 -0.09086536  0.31239063  0.22481254
   0.12575047 -0.15633664 -0.06800039  0.01313107 -0.29797232 -0.20079924
   0.4741093   0.17676134 -0.37427515  1.          0.          1.
   1.          1.          0.        ]]
[[-0.07070738 -0.08213616  0.05000082  0.0291401   0.03768943 -0.99886465
   0.          0.055       1.5707964  -0.02946556 -0.09824559  0.17795578
  -0.2017806   0.19333617  0.06465691 -0.06049135  0.3131881   0.19403532
   0.1424975  -0.16938093 -0.06520181  0.01763556 -0.26675764 -0.18586728
   0.48598686  0.2043704  -0.3901806   1.          0.          1.
   1.          1.          0.        ]]
[[-0.05936854 -0.09274931  0.12577797  0.02972368  0.0437137  -0.9986021
   0.          0.055       1.5707964  -0.00713243 -0.0598874   0.14540024
  -0.17528409  0.21418333  0.0883012   0.00600472  0.29745373  0.16751403
   0.17910682 -0.18408479 -0.07187495  0.02296045 -0.25365993 -0.15903294
   0.51908267  0.21729667 -0.39067152  1.          0.          1.
   1.          1.          0.        ]]
[[-0.02502554 -0.09182809  0.10707335  0.03068518  0.04771651 -0.9983898
   0.          0.055       1.5707964   0.01148962 -0.02152895  0.11290421
  -0.15483826  0.23888862  0.11599175  0.08299041  0.26172477  0.1275709
   0.21530432 -0.19799607 -0.07954434  0.01928174 -0.22886471 -0.134664
   0.55619144  0.21572049 -0.3845779   1.          0.          1.
   1.          1.          0.        ]]
[[-0.00417206 -0.11601193  0.07003446  0.03183585  0.04865557 -0.9983085
   0.          0.055       1.5707964   0.01554779  0.00568956  0.08975216
  -0.14104979  0.25878212  0.14265354  0.13112977  0.21386494  0.08145832
   0.24489033 -0.20937552 -0.08595864  0.01722166 -0.19907033 -0.10585349
   0.5893618   0.20318231 -0.37707552  1.          0.          1.
   0.          1.          0.        ]]
[[ 0.00288414 -0.13080595  0.0473109   0.03324985  0.04748021 -0.99831843
   0.          0.055       1.5707964   0.01362644  0.02113163  0.07414877
  -0.12287324  0.278095    0.16447128  0.15358643  0.16781598  0.03737361
   0.2722104  -0.21540283 -0.09424957  0.0151612  -0.17999102 -0.07733452
   0.6200978   0.1864346  -0.3700367   1.          0.          1.
   1.          1.          0.        ]]
[[-0.00773326 -0.14163634  0.04925052  0.03440665  0.04697429 -0.99830353
   0.          0.055       1.5707964   0.0095483   0.03435567  0.06116373
  -0.11161835  0.28973436  0.18378821  0.16237502  0.12911545  0.00374647
   0.29481247 -0.2192942  -0.10230974  0.0079859  -0.16750735 -0.06023817
   0.645627    0.17341317 -0.36593053  1.          0.          1.
   1.          1.          0.        ]]
[[ 3.1499580e-02 -1.8383834e-01  7.4231826e-02  3.3473324e-02
   4.3762453e-02 -9.9848086e-01  0.0000000e+00  5.5000000e-02
   1.5707964e+00  2.6531897e-03  4.7957722e-02  5.0305583e-02
  -1.0600282e-01  3.0955526e-01  2.1151999e-01  1.7488085e-01
   8.4840491e-02  1.1234521e-06  3.1535372e-01 -2.1059109e-01
  -1.1282640e-01  2.3767494e-02 -1.7712872e-01 -5.5153552e-02
   6.7123228e-01  1.5460649e-01 -3.5747993e-01  1.0000000e+00
   0.0000000e+00  1.0000000e+00  1.0000000e+00  1.0000000e+00
   0.0000000e+00]]
[[ 9.84593555e-02 -1.90813392e-01 -1.73255298e-02  2.84508094e-02
   3.57101150e-02 -9.98957276e-01  0.00000000e+00  5.49999997e-02
   1.57079637e+00 -1.54656116e-02  6.00279905e-02  4.79616560e-02
  -9.66317952e-02  3.50309938e-01  2.39038587e-01  1.89284608e-01
   5.26251048e-02 -8.58782096e-06  3.19512784e-01 -1.88167050e-01
  -1.17637336e-01  3.01063377e-02 -1.70431554e-01 -5.65007962e-02
   6.73812091e-01  1.23558097e-01 -3.37864399e-01  1.00000000e+00
   0.00000000e+00  1.00000000e+00  1.00000000e+00  1.00000000e+00
   0.00000000e+00]]
[[ 1.6465120e-01 -2.3694853e-01 -3.8334358e-02  1.9914476e-02
   2.2727475e-02 -9.9954331e-01  0.0000000e+00  5.5000000e-02
   1.5707964e+00 -4.0814474e-02  7.7725112e-02  4.7621910e-02
  -7.9711467e-02  3.9231414e-01  2.6266626e-01  1.9120473e-01
   2.4948945e-02 -1.0545768e-05  3.2291123e-01 -1.5989849e-01
  -1.1486422e-01  2.5043311e-02 -1.5170044e-01 -6.4021081e-02
   6.6500044e-01  8.0726765e-02 -3.1601295e-01  1.0000000e+00
   0.0000000e+00  1.0000000e+00  1.0000000e+00  1.0000000e+00
   0.0000000e+00]]
[[-0.06985165 -0.07200201  0.07595447  0.01524887  0.01569802 -0.9997604
   0.          0.055       1.5707964  -0.05133363  0.09040657  0.04398399
  -0.06530061  0.40560672  0.26569146  0.18594679  0.0132465  -0.00180634
   0.3321125  -0.15731123 -0.11695343  0.01520564 -0.13798326 -0.07290425
   0.6541245   0.05116661 -0.29706627  1.          0.          1.
   1.          1.          0.        ]]
[[-2.39465665e-02 -1.79156259e-01  1.44253578e-02  8.01032130e-03
   1.71960201e-02 -9.99819756e-01  0.00000000e+00  5.49999997e-02
   1.57079637e+00 -5.01734205e-02  9.27368104e-02  4.52720374e-02
  -1.07630581e-01  4.21684414e-01  2.49534875e-01  1.88414022e-01
   5.09240245e-03 -6.49928334e-05  3.20722520e-01 -1.68660551e-01
  -9.84244645e-02  1.20668043e-03 -5.72875962e-02 -1.17080584e-01
   6.32782161e-01 -2.41165813e-02 -2.27702975e-01  1.00000000e+00
   0.00000000e+00  1.00000000e+00  1.00000000e+00  1.00000000e+00
   0.00000000e+00]]
[[-6.5122440e-02 -1.8392067e-01  4.3504216e-02 -4.0888728e-05
   2.0281116e-02 -9.9979442e-01  0.0000000e+00  5.5000000e-02
   1.5707964e+00 -5.3508975e-02  9.7532317e-02  4.1437581e-02
  -1.9523233e-01  4.2953223e-01  2.4787027e-01  1.8523842e-01
  -1.9566949e-02  1.3177779e-02  3.1204766e-01 -1.4839199e-01
  -8.7563664e-02  4.1221554e-04  3.2346752e-02 -1.6713886e-01
   6.2692845e-01 -1.1438809e-01 -1.6788591e-01  1.0000000e+00
   0.0000000e+00  1.0000000e+00  1.0000000e+00  1.0000000e+00
   0.0000000e+00]]
[[-0.05927655 -0.16279592  0.06634985 -0.00492578  0.02469668 -0.999683
   0.          0.055       1.5707964  -0.06300486  0.10591395  0.03400207
  -0.27112213  0.45023444  0.25341052  0.17672603 -0.05060326  0.02842359
   0.30435902 -0.11903874 -0.06850416  0.00716988  0.09020487 -0.20223425
   0.60386795 -0.18883659 -0.15577023  1.          0.          1.
   1.          1.          0.        ]]
[[-0.03694285 -0.13436897  0.02495135 -0.00533745  0.02757113 -0.9996058
   0.          0.055       1.5707964  -0.08395202  0.1069916   0.02999177
  -0.3044578   0.46814555  0.256373    0.15910988 -0.07372674  0.03347904
   0.29829866 -0.07266121 -0.05029862  0.01470334  0.10641807 -0.21653552
   0.53385645 -0.23072538 -0.17197222  1.          0.          1.
   1.          1.          0.        ]]
[[-0.00595656 -0.14671    -0.00984352 -0.00291893  0.0306838  -0.99952495
   0.          0.055       1.5707964  -0.11074399  0.11881983  0.0184424
  -0.30575278  0.4521808   0.2571312   0.13820085 -0.0893546   0.0320849
   0.30293617 -0.06207099 -0.05072961  0.02371792  0.0910996  -0.21418698
   0.44124052 -0.24376836 -0.19296512  1.          0.          1.
   1.          1.          0.        ]]
[[-0.0112338  -0.15383133 -0.01167083 -0.00390722  0.03233235 -0.9994694
   0.          0.055       1.5707964  -0.14390633  0.13148934  0.00804169
  -0.30624497  0.42023918  0.23954637  0.11281725 -0.09674024  0.02697918
   0.31391516 -0.05097577 -0.06298867  0.03991548  0.09368577 -0.20456792
   0.34178412 -0.23366056 -0.20274125  1.          0.          1.
   1.          1.          0.        ]]
[[-1.8388036e-04 -2.0444341e-01  1.1571553e-02 -6.2313690e-03
   3.3060785e-02 -9.9943399e-01  0.0000000e+00  5.5000000e-02
   1.5707964e+00 -1.7143779e-01  1.3339227e-01  3.7268566e-03
  -3.0636963e-01  3.8359168e-01  2.0357965e-01  9.2428029e-02
  -1.0661261e-01  2.4551801e-02  3.2383180e-01 -1.6801205e-02
  -8.9595824e-02  5.7318166e-02  8.2017072e-02 -1.5566458e-01
   2.3781109e-01 -1.9716223e-01 -2.0597348e-01  1.0000000e+00
   0.0000000e+00  1.0000000e+00  1.0000000e+00  1.0000000e+00
   0.0000000e+00]]
[[ 3.6666650e-02 -2.1725000e-01  3.3863802e-02 -6.1322362e-03
   3.2670822e-02 -9.9944735e-01  0.0000000e+00  5.5000000e-02
   1.5707964e+00 -1.8611565e-01  1.2821183e-01 -1.2749844e-06
  -3.0718306e-01  3.5497034e-01  1.6851166e-01  8.7582983e-02
  -1.1445673e-01  2.0865671e-02  3.3320069e-01  2.4788119e-03
  -1.1399771e-01  9.0191782e-02  6.5318443e-02 -1.1050734e-01
   1.5585214e-01 -1.7225245e-01 -1.9593112e-01  1.0000000e+00
   0.0000000e+00  1.0000000e+00  1.0000000e+00  1.0000000e+00
   0.0000000e+00]]
[[ 2.59024408e-02 -2.20943198e-01 -2.98500508e-02 -4.75979596e-03
   3.20896022e-02 -9.99473751e-01  0.00000000e+00  5.49999997e-02
   1.57079637e+00 -2.00175285e-01  1.23080365e-01 -5.49590231e-06
  -3.07454973e-01  3.47715616e-01  1.58629403e-01  8.44549015e-02
  -1.07669048e-01  8.16863216e-03  3.40250999e-01 -9.22401377e-04
  -1.27961054e-01  1.26331553e-01  4.54233028e-02 -1.05214693e-01
   1.05842046e-01 -1.74803555e-01 -1.78204566e-01  1.00000000e+00
   0.00000000e+00  1.00000000e+00  1.00000000e+00  1.00000000e+00
   0.00000000e+00]]
[[-5.38870925e-03 -1.59427598e-01  1.05099368e-03 -1.82445603e-03
   3.23424563e-02 -9.99475420e-01  0.00000000e+00  5.49999997e-02
   1.57079637e+00 -2.13351846e-01  1.23964056e-01 -1.48124866e-06
  -3.09359550e-01  3.53762656e-01  1.66789874e-01  7.90494084e-02
  -1.10881194e-01 -1.08708139e-03  3.43605876e-01 -1.66963618e-02
  -1.34559900e-01  1.51890084e-01  1.38030238e-02 -1.15669437e-01
   7.77611956e-02 -1.91133574e-01 -1.66295633e-01  1.00000000e+00
   0.00000000e+00  1.00000000e+00  1.00000000e+00  1.00000000e+00
   0.00000000e+00]]
[[-1.5691234e-02 -1.3272412e-01 -4.8641791e-03  5.8256579e-04
   3.3627361e-02 -9.9943417e-01  0.0000000e+00  5.5000000e-02
   1.5707964e+00 -2.2169490e-01  1.2024487e-01 -1.1096205e-06
  -3.0316067e-01  3.6038369e-01  1.7352970e-01  7.6396734e-02
  -1.2578072e-01 -2.1972111e-03  3.4634516e-01 -2.0164330e-02
  -1.4726315e-01  1.5999886e-01 -2.0061364e-02 -1.2533163e-01
   6.5706074e-02 -1.9497427e-01 -1.6415629e-01  1.0000000e+00
   0.0000000e+00  1.0000000e+00  1.0000000e+00  1.0000000e+00
   0.0000000e+00]]
[[-3.0763701e-02 -3.3163302e-02 -1.5915682e-03  1.5431301e-03
   3.4181066e-02 -9.9941456e-01  0.0000000e+00  5.5000000e-02
   1.5707964e+00 -2.3557177e-01  1.1299459e-01 -1.4177960e-03
  -2.9817230e-01  3.5481268e-01  1.7671496e-01  6.6047609e-02
  -1.3912567e-01 -2.4765374e-03  3.5281703e-01 -1.2814481e-02
  -1.6351755e-01  1.6141124e-01 -4.2781040e-02 -1.3641170e-01
   5.9527081e-02 -1.8686496e-01 -1.6558802e-01  0.0000000e+00
   0.0000000e+00  1.0000000e+00  1.0000000e+00  1.0000000e+00
   0.0000000e+00]]
[[-2.98690032e-02  2.18932936e-03 -2.31426395e-02  2.10528472e-03
   3.45299616e-02 -9.99401271e-01  0.00000000e+00  5.49999997e-02
   1.57079637e+00 -2.51530141e-01  1.09041646e-01 -1.23753806e-03
  -2.90511936e-01  3.50344479e-01  1.76216498e-01  4.90452982e-02
  -1.48768961e-01 -1.74390269e-03  3.61589193e-01 -8.63234233e-03
  -1.72526434e-01  1.60214007e-01 -4.84829955e-02 -1.46193504e-01
   5.48163988e-02 -1.84068665e-01 -1.61740929e-01  0.00000000e+00
   0.00000000e+00  1.00000000e+00  1.00000000e+00  1.00000000e+00
   0.00000000e+00]]
[[-4.28876802e-02 -1.69277601e-02 -2.98624355e-02  1.23052520e-03
   3.57821174e-02 -9.99358594e-01  0.00000000e+00  5.49999997e-02
   1.57079637e+00 -2.66183138e-01  1.17167726e-01 -1.08766789e-03
  -2.78839499e-01  3.51488560e-01  1.77193612e-01  2.94617359e-02
  -1.48520961e-01 -1.69433630e-03  3.71579170e-01 -8.20623338e-03
  -1.72917411e-01  1.61261499e-01 -5.02729714e-02 -1.49754748e-01
   5.12693524e-02 -1.80837840e-01 -1.57058269e-01  0.00000000e+00
   0.00000000e+00  1.00000000e+00  1.00000000e+00  1.00000000e+00
   0.00000000e+00]]
[[-4.1401029e-02 -4.0780578e-02 -2.5720423e-02 -2.3889460e-04
   3.7130289e-02 -9.9931020e-01  0.0000000e+00  5.5000000e-02
   1.5707964e+00 -2.7646154e-01  1.2940277e-01 -6.8134099e-04
  -2.6324663e-01  3.5113576e-01  1.7766875e-01  1.3293576e-02
  -1.4247948e-01 -1.3103617e-03  3.8218129e-01 -9.0143895e-03
  -1.6974343e-01  1.6430710e-01 -4.9675249e-02 -1.5464216e-01
   4.8358269e-02 -1.7783390e-01 -1.5469521e-01  0.0000000e+00
   0.0000000e+00  1.0000000e+00  1.0000000e+00  1.0000000e+00
   0.0000000e+00]]
[[-3.8418472e-02 -9.6236102e-02 -1.2748110e-03 -1.7172256e-03
   3.8030747e-02 -9.9927527e-01  0.0000000e+00  5.5000000e-02
   1.5707964e+00 -2.8388160e-01  1.4063512e-01  1.6829239e-03
  -2.5620592e-01  3.5156500e-01  1.7447820e-01 -6.5702718e-04
  -1.3243376e-01 -1.7539796e-03  3.9172363e-01 -1.1673423e-02
  -1.6355827e-01  1.6396840e-01 -4.7678765e-02 -1.6196200e-01
   4.4082392e-02 -1.7206579e-01 -1.5805912e-01  0.0000000e+00
   0.0000000e+00  1.0000000e+00  1.0000000e+00  0.0000000e+00
   0.0000000e+00]]
[[-0.01310182 -0.1345912   0.01220275 -0.00280085  0.03833877 -0.99926114
   0.          0.055       1.5707964  -0.2892257   0.14703853  0.0071096
  -0.26157907  0.35772035  0.17327946 -0.01167287 -0.11985967 -0.00176674
   0.4034231  -0.01622803 -0.15628779  0.16397469 -0.04680267 -0.16823864
   0.04277661 -0.16169325 -0.16507609  0.          0.          1.
   1.          0.          1.        ]]
[[ 1.0927043e-02 -1.6313963e-01 -5.8012553e-03 -3.1600143e-03
   3.8072504e-02 -9.9926966e-01  0.0000000e+00  5.5000000e-02
   1.5707964e+00 -2.9179257e-01  1.4994176e-01  1.3364982e-02
  -2.6491019e-01  3.6291069e-01  1.7545864e-01 -2.2223692e-02
  -1.0624209e-01 -9.9758524e-04  4.1711509e-01 -2.4260093e-02
  -1.4700693e-01  1.6462840e-01 -5.3986631e-02 -1.7270695e-01
   4.1158468e-02 -1.5642756e-01 -1.6796678e-01  0.0000000e+00
   0.0000000e+00  1.0000000e+00  1.0000000e+00  0.0000000e+00
   1.0000000e+00]]
[[ 2.2526257e-02 -1.9378221e-01 -1.4073395e-02 -3.9333543e-03
   3.7781749e-02 -9.9927860e-01  0.0000000e+00  5.5000000e-02
   1.5707964e+00 -2.9463324e-01  1.5342323e-01  1.8264137e-02
  -2.6019600e-01  3.6258498e-01  1.7809685e-01 -3.1811427e-02
  -9.4090164e-02  1.5124434e-03  4.3220797e-01 -2.7245278e-02
  -1.4111173e-01  1.6939969e-01 -6.4867757e-02 -1.7891128e-01
   3.9261121e-02 -1.5154345e-01 -1.6619366e-01  0.0000000e+00
   0.0000000e+00  1.0000000e+00  1.0000000e+00  0.0000000e+00
   1.0000000e+00]]
[[ 0.01921806 -0.19933313 -0.0217414  -0.00505819  0.03764528 -0.99927884
   0.          0.055       1.5707964  -0.3003889   0.15561454  0.02432972
  -0.252619    0.3592776   0.17884651 -0.0445419  -0.08582558  0.00461184
   0.44552287 -0.02661506 -0.13709672  0.17534001 -0.07159312 -0.18809676
   0.03580462 -0.1513196  -0.16081701  0.          1.          1.
   1.          0.          0.        ]]
[[ 0.00434705 -0.20185742 -0.04190793 -0.00712706  0.03847456 -0.99923414
   0.          0.055       1.5707964  -0.30991653  0.16420496  0.02870915
  -0.25170812  0.36657068  0.18208538 -0.06232415 -0.07598937  0.00473146
   0.4568071  -0.0261328  -0.13123825  0.1755129  -0.07253703 -0.19626464
   0.02742748 -0.15695521 -0.1548652   0.          1.          1.
   1.          0.          1.        ]]
[[ 0.02230616 -0.18630582 -0.03643536 -0.008047    0.03833205 -0.9992328
   0.          0.055       1.5707964  -0.32162747  0.16227028  0.03763865
  -0.24504113  0.36881503  0.18302254 -0.08634124 -0.06763421  0.00383736
   0.46855333 -0.02898924 -0.12439463  0.173379   -0.08172705 -0.20152038
   0.02062578 -0.15179245 -0.15337373  0.          1.          1.
   1.          0.          1.        ]]
[[ 0.01647088 -0.18497139 -0.03921041 -0.008717    0.03851805 -0.99922025
   0.          0.055       1.5707964  -0.33177555  0.16313475  0.04359662
  -0.22885957  0.36460844  0.17862493 -0.10961459 -0.06060877  0.00366272
   0.48150003 -0.03388007 -0.11755859  0.1720044  -0.08499544 -0.20843993
   0.01984983 -0.14505272 -0.14350066  0.          1.          1.
   1.          0.          1.        ]]
[[ 0.00990913 -0.18837272 -0.04988784 -0.00987222  0.03909948 -0.9991867
   0.          0.055       1.5707964  -0.3426893   0.16675363  0.0493544
  -0.21204327  0.35860676  0.1728531  -0.13295798 -0.05401359  0.00257085
   0.4919067  -0.03711511 -0.11185285  0.16721766 -0.07881848 -0.21396697
   0.01773747 -0.14298224 -0.12897952  0.          1.          1.
   1.          0.          1.        ]]
[[-4.9191038e-03 -1.8158478e-01 -4.4972271e-02 -1.1810338e-02
   4.0232629e-02 -9.9912083e-01  0.0000000e+00  5.5000000e-02
   1.5707964e+00 -3.5541633e-01  1.7648377e-01  5.2054606e-02
  -2.0695721e-01  3.5411435e-01  1.7140555e-01 -1.5881962e-01
  -4.5781799e-02 -5.8862887e-04  5.0154638e-01 -3.7498936e-02
  -1.0796952e-01  1.6354927e-01 -8.0362611e-02 -2.1557926e-01
   1.5988601e-02 -1.3650177e-01 -1.1931335e-01  0.0000000e+00
   1.0000000e+00  1.0000000e+00  1.0000000e+00  0.0000000e+00
   1.0000000e+00]]
[[-0.02412574 -0.13571966 -0.01080299 -0.01321811  0.04123943 -0.9990618
   0.          0.055       1.5707964  -0.36819237  0.18099393  0.05734347
  -0.20919064  0.34354463  0.17194746 -0.18696216 -0.0421258  -0.00188687
   0.5116428  -0.03780323 -0.10509774  0.15516545 -0.08377036 -0.22179171
   0.01751675 -0.12141111 -0.11625047  0.          1.          1.
   1.          0.          1.        ]]
[[-0.02543329 -0.10073594 -0.01650137 -0.01378107  0.04120514 -0.99905556
   0.          0.055       1.5707964  -0.38254064  0.17655559  0.06837152
  -0.20929517  0.33810872  0.17015143 -0.21501814 -0.03681205 -0.00234128
   0.523394   -0.03992403 -0.10255569  0.13914908 -0.0848254  -0.22970977
   0.02352583 -0.10253225 -0.11563206  0.          1.          1.
   1.          0.          1.        ]]
[[-0.0123856  -0.10608102  0.01062554 -0.0142737   0.04109815 -0.99905324
   0.          0.055       1.5707964  -0.39432016  0.17386489  0.07813744
  -0.20561902  0.3376644   0.17057523 -0.23331223 -0.02893803 -0.00189917
   0.5366317  -0.04266009 -0.10095855  0.12118329 -0.08048879 -0.23481162
   0.02472486 -0.08472537 -0.1123482   0.          1.          1.
   1.          0.          1.        ]]
[[ 0.00534044 -0.09360907  0.03079178 -0.01332375  0.04001004 -0.9991107
   0.          0.055       1.5707964  -0.4017765   0.16912292  0.08547087
  -0.19935551  0.3385706   0.1712109  -0.24342737 -0.01912502 -0.00176362
   0.5508587  -0.05074179 -0.09946033  0.10327861 -0.07638934 -0.23779815
   0.03066444 -0.06827135 -0.11098941  0.          1.          1.
   1.          0.          1.        ]]
[[ 0.01175567 -0.06401026  0.05992766 -0.01059678  0.03755552 -0.99923825
   0.          0.055       1.5707964  -0.40678394  0.15834084  0.09236953
  -0.19307534  0.34214056  0.17225899 -0.2492814  -0.00921674 -0.0019484
   0.5649814  -0.06421564 -0.09791502  0.08369982 -0.07758436 -0.23838481
   0.03842043 -0.05330724 -0.11117411  0.          1.          1.
   1.          0.          1.        ]]
[[ 2.9677816e-02 -4.6466388e-02  7.4143849e-02 -6.9058915e-03
   3.3686150e-02 -9.9940890e-01  0.0000000e+00  5.5000000e-02
   1.5707964e+00 -4.0978736e-01  1.4085369e-01  9.8430164e-02
  -1.8796082e-01  3.5042292e-01  1.7486420e-01 -2.5423115e-01
  -7.1466720e-04 -1.9484741e-03  5.7985568e-01 -7.4419565e-02
  -1.0102914e-01  6.1682358e-02 -8.1558444e-02 -2.3831125e-01
   4.9909629e-02 -3.4364019e-02 -1.1377855e-01  0.0000000e+00
   1.0000000e+00  1.0000000e+00  1.0000000e+00  0.0000000e+00
   1.0000000e+00]]
[[ 1.95446331e-02  3.04023903e-02  8.44917744e-02 -1.05467043e-04
   2.81971879e-02 -9.99602675e-01  0.00000000e+00  5.49999997e-02
   1.57079637e+00 -4.18247104e-01  1.08851820e-01  1.09626755e-01
  -1.78441405e-01  3.61198723e-01  1.79860651e-01 -2.66812861e-01
   3.59736686e-03 -2.18319148e-03  5.93362331e-01 -9.66058224e-02
  -1.00027487e-01  3.36213224e-02 -9.75025371e-02 -2.34825253e-01
   6.59087673e-02 -1.79417245e-03 -1.21204235e-01  0.00000000e+00
   1.00000000e+00  1.00000000e+00  1.00000000e+00  0.00000000e+00
   1.00000000e+00]]
[[-1.09572839e-02 -6.75956756e-02  2.02641133e-02  2.31191679e-03
   2.59651430e-02 -9.99659896e-01  0.00000000e+00  5.49999997e-02
   1.57079637e+00 -4.28309858e-01  9.88914818e-02  1.15712166e-01
  -1.67220086e-01  3.76582742e-01  1.90395743e-01 -2.81257182e-01
   1.10694431e-02 -1.07748015e-03  6.07488215e-01 -1.06009990e-01
  -1.03755966e-01  7.57544127e-04 -1.07723333e-01 -2.26849496e-01
   8.48427415e-02  4.51608095e-03 -1.19702272e-01  0.00000000e+00
   1.00000000e+00  1.00000000e+00  1.00000000e+00  0.00000000e+00
   1.00000000e+00]]
[[-1.02135381e-02 -1.07690394e-01 -3.95634659e-02  1.33386406e-03
   2.59951614e-02 -9.99661267e-01  0.00000000e+00  5.49999997e-02
   1.57079637e+00 -4.42972690e-01  9.63024646e-02  1.26146093e-01
  -1.59287974e-01  3.86845827e-01  1.95524201e-01 -3.10406834e-01
   2.02433933e-02 -5.64967468e-06  6.13089740e-01 -1.08127810e-01
  -1.01133585e-01 -4.60259244e-02 -1.26281843e-01 -2.16635942e-01
   8.77058357e-02  8.68818350e-03 -1.25418976e-01  0.00000000e+00
   1.00000000e+00  1.00000000e+00  1.00000000e+00  0.00000000e+00
   1.00000000e+00]]
[[-3.6975857e-02 -7.8986138e-02 -8.5960273e-03  1.1604335e-03
   2.7466394e-02 -9.9962234e-01  0.0000000e+00  5.5000000e-02
   1.5707964e+00 -4.5118853e-01  8.1138156e-02  1.4298426e-01
  -1.3090070e-01  3.8736290e-01  1.9524877e-01 -3.1104538e-01
   5.2051574e-02 -1.0016738e-05  6.2196463e-01 -1.2035457e-01
  -7.8076698e-02 -8.3672576e-02 -1.5419704e-01 -2.0407045e-01
   8.6250000e-02  2.6141459e-02 -1.3630384e-01  0.0000000e+00
   1.0000000e+00  1.0000000e+00  1.0000000e+00  0.0000000e+00
   1.0000000e+00]]
[[-7.71560669e-02 -3.43523584e-02 -7.10084988e-03  4.13539261e-03
   3.34978104e-02 -9.99430120e-01  0.00000000e+00  5.49999997e-02
   1.57079637e+00 -4.50514168e-01  4.85616699e-02  1.64958581e-01
  -1.00265667e-01  3.86662185e-01  1.93782568e-01 -2.68377006e-01
   9.22918767e-02 -4.44535135e-06  6.30193651e-01 -1.32623687e-01
  -5.76395839e-02 -1.14794776e-01 -1.87703133e-01 -1.94183588e-01
   8.24799538e-02  6.12731725e-02 -1.54730931e-01  0.00000000e+00
   1.00000000e+00  1.00000000e+00  1.00000000e+00  0.00000000e+00
   1.00000000e+00]]
[[-9.17322487e-02 -3.38403657e-02 -1.39530720e-02  9.24195349e-03
   4.14503552e-02 -9.99098003e-01  0.00000000e+00  5.49999997e-02
   1.57079637e+00 -4.49251711e-01  3.92790837e-03  1.91752151e-01
  -9.78451222e-02  3.99594814e-01  1.99843526e-01 -2.15699553e-01
   1.14403091e-01  8.19047389e-04  6.35551929e-01 -1.41340688e-01
  -4.89697419e-02 -1.42436311e-01 -2.18875334e-01 -1.88565031e-01
   8.19444731e-02  1.01649255e-01 -1.76285148e-01  0.00000000e+00
   1.00000000e+00  1.00000000e+00  1.00000000e+00  0.00000000e+00
   1.00000000e+00]]
[[-1.0920268e-01 -3.9926052e-02  5.4322112e-02  1.4737715e-02
   5.0180875e-02 -9.9863130e-01  0.0000000e+00  5.5000000e-02
   1.5707964e+00 -4.4113886e-01 -2.6982412e-02  2.0553412e-01
  -9.7289160e-02  4.1329965e-01  2.1367230e-01 -1.6213807e-01
   1.2503009e-01 -4.3142413e-06  6.4107937e-01 -1.5310019e-01
  -4.5736119e-02 -1.7114389e-01 -2.3661929e-01 -1.8351962e-01
   8.9674599e-02  1.3437930e-01 -1.8974847e-01  0.0000000e+00
   1.0000000e+00  1.0000000e+00  1.0000000e+00  0.0000000e+00
   1.0000000e+00]]
[[-9.11373049e-02 -5.03386855e-02  9.14480537e-02  1.93406232e-02
   5.85261174e-02 -9.98098314e-01  0.00000000e+00  5.49999997e-02
   1.57079637e+00 -4.27119672e-01 -3.54220197e-02  2.02447653e-01
  -9.22739655e-02  4.21831578e-01  2.23656848e-01 -1.07937485e-01
   1.33862898e-01 -4.48963601e-06  6.48781121e-01 -1.70903057e-01
  -4.28321287e-02 -2.08375126e-01 -2.40098208e-01 -1.70770690e-01
   1.03585370e-01  1.56456918e-01 -1.93808421e-01  0.00000000e+00
   1.00000000e+00  1.00000000e+00  1.00000000e+00  0.00000000e+00
   1.00000000e+00]]
[[-7.19907284e-02 -5.59264943e-02  9.55659822e-02  2.29719188e-02
   6.49394020e-02 -9.97624993e-01  0.00000000e+00  5.49999997e-02
   1.57079637e+00 -4.13168103e-01 -3.32499593e-02  1.92218781e-01
  -8.99561718e-02  4.26045775e-01  2.27605209e-01 -5.49548417e-02
   1.39470026e-01 -7.15992519e-06  6.58552051e-01 -1.85158193e-01
  -4.43194099e-02 -2.48409927e-01 -2.32193038e-01 -1.53491929e-01
   1.22179605e-01  1.68491259e-01 -1.91397354e-01  0.00000000e+00
   1.00000000e+00  1.00000000e+00  1.00000000e+00  0.00000000e+00
   1.00000000e+00]]
[[-5.4486670e-02 -6.1482769e-02  8.4375881e-02  2.5899054e-02
   6.9285959e-02 -9.9726045e-01  0.0000000e+00  5.5000000e-02
   1.5707964e+00 -4.0376765e-01 -2.9787837e-02  1.8259101e-01
  -9.4220303e-02  4.2977014e-01  2.3002315e-01 -9.1875196e-03
   1.3997535e-01 -1.0407419e-05  6.6780889e-01 -1.9500843e-01
  -4.8443612e-02 -2.7998015e-01 -2.1666846e-01 -1.3782540e-01
   1.4066216e-01  1.7327163e-01 -1.8716440e-01  0.0000000e+00
   1.0000000e+00  0.0000000e+00  1.0000000e+00  0.0000000e+00
   1.0000000e+00]]
[[-5.0551873e-02 -5.9096705e-02  3.3061139e-02  2.7898297e-02
   7.2917975e-02 -9.9694747e-01  0.0000000e+00  5.5000000e-02
   1.5707964e+00 -4.0192473e-01 -2.6269337e-02  1.7699520e-01
  -9.7629145e-02  4.4440785e-01  2.3874007e-01  2.1065304e-02
   1.4446537e-01 -1.3167240e-05  6.7418516e-01 -2.0407568e-01
  -5.0186433e-02 -3.0219102e-01 -1.9772638e-01 -1.2521763e-01
   1.5280245e-01  1.7869866e-01 -1.8779108e-01  0.0000000e+00
   1.0000000e+00  0.0000000e+00  1.0000000e+00  0.0000000e+00
   1.0000000e+00]]
[[-4.13619652e-02 -6.49040118e-02 -4.28814266e-04  2.97200866e-02
   7.60457441e-02 -9.96661186e-01  0.00000000e+00  5.49999997e-02
   1.57079637e+00 -4.06504512e-01 -2.76483782e-02  1.76932707e-01
  -9.78520438e-02  4.65499997e-01  2.51347303e-01  4.80237901e-02
   1.45870984e-01 -1.04237715e-05  6.77493334e-01 -2.13192359e-01
  -4.97359633e-02 -3.19695413e-01 -1.90577507e-01 -1.15715221e-01
   1.58959910e-01  1.84217483e-01 -1.92738548e-01  0.00000000e+00
   1.00000000e+00  0.00000000e+00  1.00000000e+00  0.00000000e+00
   1.00000000e+00]]
[[-2.2943556e-02 -7.1526021e-02 -2.2522034e-02  3.1175744e-02
   7.7902727e-02 -9.9647391e-01  0.0000000e+00  5.5000000e-02
   1.5707964e+00 -4.1490260e-01 -3.2814130e-02  1.8034519e-01
  -9.5759079e-02  4.8746487e-01  2.6316100e-01  7.5689703e-02
   1.4388634e-01 -1.0326531e-05  6.7850083e-01 -2.1892124e-01
  -4.9953409e-02 -3.3813885e-01 -1.8980078e-01 -1.1369550e-01
   1.6128939e-01  1.8686788e-01 -1.9857301e-01  0.0000000e+00
   1.0000000e+00  0.0000000e+00  1.0000000e+00  0.0000000e+00
   1.0000000e+00]]
[[-1.3394381e-02 -7.4700132e-02 -3.7503589e-02  3.1747971e-02
   7.8849860e-02 -9.9638110e-01  0.0000000e+00  5.5000000e-02
   1.5707964e+00 -4.2427164e-01 -3.4142382e-02  1.8198872e-01
  -9.0699442e-02  5.0872165e-01  2.7357572e-01  1.1098262e-01
   1.4773080e-01 -9.3841882e-06  6.7828101e-01 -2.2183503e-01
  -5.1057465e-02 -3.5835311e-01 -1.9863877e-01 -1.1274334e-01
   1.6180895e-01  1.8790618e-01 -2.0442753e-01  0.0000000e+00
   1.0000000e+00  0.0000000e+00  1.0000000e+00  0.0000000e+00
   1.0000000e+00]]
[[-7.6206969e-03 -7.3323488e-02 -4.8170928e-02  3.2231633e-02
   7.9565771e-02 -9.9630868e-01  0.0000000e+00  5.5000000e-02
   1.5707964e+00 -4.3517095e-01 -3.3140093e-02  1.8303883e-01
  -8.7688364e-02  5.2633768e-01  2.8169814e-01  1.4836253e-01
   1.5494041e-01 -7.6515844e-06  6.7779738e-01 -2.2793329e-01
  -5.0321817e-02 -3.7910169e-01 -2.0772178e-01 -1.1090585e-01
   1.6162221e-01  1.8544526e-01 -2.0897047e-01  0.0000000e+00
   1.0000000e+00  0.0000000e+00  1.0000000e+00  0.0000000e+00
   1.0000000e+00]]
[[-2.3656841e-02 -6.4238794e-02 -4.2194590e-02  3.2759003e-02
   8.0367088e-02 -9.9622697e-01  0.0000000e+00  5.5000000e-02
   1.5707964e+00 -4.4795808e-01 -3.1526256e-02  1.8460730e-01
  -7.6630123e-02  5.3457326e-01  2.8693265e-01  1.7120270e-01
   1.6053505e-01 -1.1147545e-05  6.7973763e-01 -2.3431703e-01
  -5.0692320e-02 -3.9101097e-01 -2.0148219e-01 -1.0754772e-01
   1.6478121e-01  1.8172602e-01 -2.1247160e-01  0.0000000e+00
   1.0000000e+00  0.0000000e+00  1.0000000e+00  0.0000000e+00
   1.0000000e+00]]
[[-2.7417479e-02 -6.5959506e-02 -4.0084600e-02  3.3306293e-02
   8.2197189e-02 -9.9605972e-01  0.0000000e+00  5.5000000e-02
   1.5707964e+00 -4.6286511e-01 -2.8287109e-02  1.8625832e-01
  -6.9499403e-02  5.3799140e-01  2.8716663e-01  1.8498053e-01
   1.6204545e-01 -9.1619395e-06  6.8142867e-01 -2.4273035e-01
  -4.9873564e-02 -3.9800113e-01 -1.9311659e-01 -9.9379003e-02
   1.6679823e-01  1.8220767e-01 -2.1981649e-01  0.0000000e+00
   1.0000000e+00  0.0000000e+00  1.0000000e+00  0.0000000e+00
   1.0000000e+00]]
[[-3.2581121e-02 -7.0116147e-02 -2.6930006e-02  3.3796400e-02
   8.3900690e-02 -9.9590081e-01  0.0000000e+00  5.5000000e-02
   1.5707964e+00 -4.7815436e-01 -2.4683168e-02  1.8732956e-01
  -6.4412490e-02  5.3920400e-01  2.8631446e-01  1.9892119e-01
   1.6334730e-01 -9.5946016e-06  6.8432081e-01 -2.4897397e-01
  -5.1647320e-02 -3.9901912e-01 -1.8645926e-01 -9.3209222e-02
   1.7139207e-01  1.8248527e-01 -2.2690748e-01  0.0000000e+00
   1.0000000e+00  0.0000000e+00  1.0000000e+00  0.0000000e+00
   1.0000000e+00]]
[[-9.2372056e-03 -8.7220021e-02 -4.5419849e-02  3.3487204e-02
   8.5548215e-02 -9.9577123e-01  0.0000000e+00  5.5000000e-02
   1.5707964e+00 -4.9314737e-01 -1.8793970e-02  1.8839425e-01
  -6.1734986e-02  5.4047596e-01  2.8677967e-01  2.1372043e-01
   1.6761957e-01 -9.2527316e-06  6.8638450e-01 -2.5420368e-01
  -5.2173801e-02 -3.9918047e-01 -1.8965511e-01 -9.4936892e-02
   1.7349990e-01  1.8601409e-01 -2.3591132e-01  0.0000000e+00
   1.0000000e+00  0.0000000e+00  1.0000000e+00  1.0000000e+00
   1.0000000e+00]]
[[ 5.8015659e-03 -7.8886144e-02 -5.5869203e-02  3.2419946e-02
   8.5803188e-02 -9.9578476e-01  0.0000000e+00  5.5000000e-02
   1.5707964e+00 -5.0818378e-01 -1.5083939e-02  1.9219735e-01
  -5.9536785e-02  5.4132831e-01  2.8751799e-01  2.2463018e-01
   1.6814113e-01 -7.6372680e-06  6.8843019e-01 -2.5323686e-01
  -5.4608528e-02 -4.0021408e-01 -1.9330853e-01 -9.2024267e-02
   1.7471397e-01  1.8809688e-01 -2.4373987e-01  1.0000000e+00
   1.0000000e+00  0.0000000e+00  1.0000000e+00  1.0000000e+00
   1.0000000e+00]]
[[ 2.0819161e-02 -8.2588948e-02 -5.1829826e-02  3.0354340e-02
   8.4437884e-02 -9.9596632e-01  0.0000000e+00  5.5000000e-02
   1.5707964e+00 -5.2331048e-01 -8.9298040e-03  1.9594985e-01
  -5.5857353e-02  5.4143137e-01  2.8748152e-01  2.2184990e-01
   1.7272945e-01 -8.0130349e-06  6.9186914e-01 -2.4662584e-01
  -5.9514143e-02 -3.9693269e-01 -1.9090518e-01 -9.2465036e-02
   1.7709485e-01  1.8668446e-01 -2.4879643e-01  1.0000000e+00
   1.0000000e+00  0.0000000e+00  0.0000000e+00  1.0000000e+00
   1.0000000e+00]]
[[ 1.4441684e-02 -8.2720205e-02 -1.7292305e-03  2.8375564e-02
   8.3076790e-02 -9.9613941e-01  0.0000000e+00  5.5000000e-02
   1.5707964e+00 -5.3644180e-01  2.1547847e-03  1.9606140e-01
  -5.5510342e-02  5.4670864e-01  2.8860900e-01  2.1886654e-01
   1.8341660e-01 -9.1459488e-06  7.0527148e-01 -2.4457316e-01
  -6.0869440e-02 -3.8953760e-01 -1.9427358e-01 -8.8374980e-02
   1.8499035e-01  1.8141478e-01 -2.4919243e-01  1.0000000e+00
   1.0000000e+00  0.0000000e+00  0.0000000e+00  1.0000000e+00
   1.0000000e+00]]
[[-1.4691995e-02 -6.4985812e-02  2.8237369e-02  2.6966807e-02
   8.3448224e-02 -9.9614727e-01  0.0000000e+00  5.5000000e-02
   1.5707964e+00 -5.4691809e-01  1.2045289e-02  1.9416085e-01
  -5.8025640e-02  5.4555613e-01  2.9198062e-01  2.2105965e-01
   1.8793304e-01 -1.2261002e-05  7.2149169e-01 -2.3974416e-01
  -6.5560244e-02 -3.7849119e-01 -1.9636820e-01 -8.4871650e-02
   1.9652194e-01  1.8508710e-01 -2.5364941e-01  1.0000000e+00
   1.0000000e+00  0.0000000e+00  0.0000000e+00  1.0000000e+00
   1.0000000e+00]]
[[ 1.5044067e-03 -5.6647755e-02  3.8306370e-02  2.6180135e-02
   8.4105022e-02 -9.9611294e-01  0.0000000e+00  5.5000000e-02
   1.5707964e+00 -5.5742490e-01  1.3451786e-02  1.9539830e-01
  -6.4001910e-02  5.3803384e-01  2.9150742e-01  2.2656251e-01
   1.8856752e-01 -7.3542983e-06  7.2751945e-01 -2.4922264e-01
  -7.0185423e-02 -3.6607414e-01 -1.9178705e-01 -8.5974582e-02
   2.0845388e-01  1.9473505e-01 -2.6264367e-01  1.0000000e+00
   1.0000000e+00  0.0000000e+00  0.0000000e+00  1.0000000e+00
   1.0000000e+00]]
[[ 2.7069820e-02 -6.3705258e-02  6.2889896e-02  2.4954181e-02
   8.2764059e-02 -9.9625659e-01  0.0000000e+00  5.5000000e-02
   1.5707964e+00 -5.6871349e-01  8.8149058e-03  1.9933558e-01
  -6.5770961e-02  5.2896035e-01  2.8741321e-01  2.2661029e-01
   1.8709302e-01 -4.0787731e-06  7.2970617e-01 -2.7077830e-01
  -8.7981135e-02 -3.4805447e-01 -1.7700560e-01 -9.1532394e-02
   2.2683366e-01  2.0414093e-01 -2.7084869e-01  1.0000000e+00
   1.0000000e+00  0.0000000e+00  0.0000000e+00  1.0000000e+00
   1.0000000e+00]]
[[ 7.3062062e-02 -7.1409643e-02  6.9769375e-02  2.1918166e-02
   7.8316867e-02 -9.9668735e-01  0.0000000e+00  5.5000000e-02
   1.5707964e+00 -5.8143324e-01  2.9650326e-03  2.0519124e-01
  -6.3993067e-02  5.1604724e-01  2.8199559e-01  2.2153592e-01
   1.8767242e-01 -1.0385068e-05  7.3209238e-01 -3.1361473e-01
  -1.1473851e-01 -3.2386780e-01 -1.4754009e-01 -1.0283190e-01
   2.5322700e-01  2.1270980e-01 -2.7741864e-01  1.0000000e+00
   1.0000000e+00  0.0000000e+00  0.0000000e+00  1.0000000e+00
   1.0000000e+00]]
[[ 6.7423782e-03 -5.7950448e-02  5.2087270e-02  1.9326631e-02
   7.5809054e-02 -9.9693483e-01  0.0000000e+00  5.5000000e-02
   1.5707964e+00 -5.9227723e-01  6.6071576e-03  2.0546493e-01
  -6.4630777e-02  4.9789533e-01  2.7544922e-01  2.1747081e-01
   1.9925418e-01 -1.4308397e-05  7.3105168e-01 -3.4492192e-01
  -1.4161414e-01 -2.9833058e-01 -1.3128655e-01 -1.0671620e-01
   2.8139630e-01  2.1935374e-01 -2.8173611e-01  1.0000000e+00
   1.0000000e+00  0.0000000e+00  0.0000000e+00  1.0000000e+00
   1.0000000e+00]]
[[ 1.4907591e-03 -5.2988768e-02  2.5119981e-02  1.7399438e-02
   7.6094598e-02 -9.9694878e-01  0.0000000e+00  5.5000000e-02
   1.5707964e+00 -6.0255504e-01  1.2787340e-02  2.0612171e-01
  -6.6703290e-02  4.8359117e-01  2.6465908e-01  2.0999877e-01
   2.0829910e-01 -1.7303466e-05  7.2250021e-01 -3.5148108e-01
  -1.5235680e-01 -2.7954507e-01 -1.2402831e-01 -1.0679369e-01
   3.0138987e-01  2.3047325e-01 -2.8988874e-01  1.0000000e+00
   1.0000000e+00  0.0000000e+00  0.0000000e+00  1.0000000e+00
   1.0000000e+00]]
[[-1.59475300e-03 -6.39851317e-02  1.42525453e-02  1.56561323e-02
   7.64030591e-02 -9.96954143e-01  0.00000000e+00  5.49999997e-02
   1.57079637e+00 -6.14015877e-01  1.49038639e-02  2.11149439e-01
  -6.56322837e-02  4.72309887e-01  2.56033182e-01  2.00892940e-01
   2.08263949e-01 -1.40425836e-05  7.06048310e-01 -3.56380969e-01
  -1.58863723e-01 -2.66414583e-01 -1.17291465e-01 -1.07595347e-01
   3.14487517e-01  2.40801513e-01 -2.99284875e-01  1.00000000e+00
   1.00000000e+00  0.00000000e+00  0.00000000e+00  1.00000000e+00
   1.00000000e+00]]
[[ 7.5000839e-04 -7.0495576e-02  2.1178557e-03  1.3744189e-02
   7.6586887e-02 -9.9696803e-01  0.0000000e+00  5.5000000e-02
   1.5707964e+00 -6.2612909e-01  1.8810237e-02  2.1644440e-01
  -6.3329346e-02  4.6123880e-01  2.5054020e-01  1.9063638e-01
   2.0767710e-01 -1.4274270e-05  6.9081467e-01 -3.6476126e-01
  -1.6903622e-01 -2.5532347e-01 -1.1294495e-01 -1.0737546e-01
   3.2500517e-01  2.4853887e-01 -3.0781919e-01  1.0000000e+00
   1.0000000e+00  0.0000000e+00  0.0000000e+00  1.0000000e+00
   1.0000000e+00]]
[[ 1.6652474e-02 -8.3067954e-02  1.5940262e-02  1.1283021e-02
   7.5915650e-02 -9.9705023e-01  0.0000000e+00  5.5000000e-02
   1.5707964e+00 -6.3838118e-01  2.2557713e-02  2.2206172e-01
  -6.0695000e-02  4.4117656e-01  2.4147575e-01  1.7544395e-01
   1.9906393e-01 -1.6172027e-05  6.7255008e-01 -3.7616012e-01
  -1.8584034e-01 -2.4221621e-01 -1.0397392e-01 -1.0935799e-01
   3.3773637e-01  2.5620759e-01 -3.1620798e-01  1.0000000e+00
   1.0000000e+00  0.0000000e+00  0.0000000e+00  1.0000000e+00
   1.0000000e+00]]
[[ 9.01370868e-03 -8.34077597e-02  2.93418076e-02  8.81195441e-03
   7.49772713e-02 -9.97146130e-01  0.00000000e+00  5.49999997e-02
   1.57079637e+00 -6.48203850e-01  2.97192242e-02  2.24220350e-01
  -5.56192100e-02  4.22167748e-01  2.28126228e-01  1.66704386e-01
   1.89942062e-01 -1.51747572e-05  6.51808619e-01 -3.90385747e-01
  -2.02627659e-01 -2.26939544e-01 -9.69936624e-02 -1.09876595e-01
   3.53465647e-01  2.60985881e-01 -3.21356952e-01  1.00000000e+00
   1.00000000e+00  0.00000000e+00  0.00000000e+00  1.00000000e+00
   1.00000000e+00]]
[[ 8.8834949e-03 -7.8908160e-02  2.6218805e-02  6.7423536e-03
   7.4360497e-02 -9.9720860e-01  0.0000000e+00  5.5000000e-02
   1.5707964e+00 -6.5560538e-01  3.8539864e-02  2.2448218e-01
  -4.8919909e-02  4.0651861e-01  2.1579416e-01  1.6366005e-01
   1.7873313e-01 -1.5377087e-05  6.2756997e-01 -4.0199071e-01
  -2.1515600e-01 -2.1206106e-01 -9.4127029e-02 -1.0802698e-01
   3.6928552e-01  2.6356325e-01 -3.2401407e-01  1.0000000e+00
   1.0000000e+00  0.0000000e+00  0.0000000e+00  1.0000000e+00
   1.0000000e+00]]
[[ 2.5842849e-03 -7.4769743e-02  3.7714221e-02  5.0798147e-03
   7.4035086e-02 -9.9724263e-01  0.0000000e+00  5.5000000e-02
   1.5707964e+00 -6.6094232e-01  4.5067951e-02  2.2530717e-01
  -3.8132887e-02  3.9112592e-01  2.0408389e-01  1.6093096e-01
   1.6711947e-01 -1.5723828e-05  5.9602642e-01 -4.0997195e-01
  -2.2617327e-01 -1.9861937e-01 -9.2155248e-02 -1.0564538e-01
   3.8403785e-01  2.6635954e-01 -3.2593423e-01  1.0000000e+00
   1.0000000e+00  0.0000000e+00  0.0000000e+00  1.0000000e+00
   1.0000000e+00]]
[[-9.7899241e-03 -6.6993140e-02  4.6154998e-02  4.1247196e-03
   7.4392669e-02 -9.9722081e-01  0.0000000e+00  5.5000000e-02
   1.5707964e+00 -6.6396415e-01  4.9813356e-02  2.2598937e-01
  -2.2195015e-02  3.7540346e-01  1.9182251e-01  1.5753172e-01
   1.5955614e-01 -1.5864634e-05  5.5611372e-01 -4.2034534e-01
  -2.3722449e-01 -1.8688421e-01 -9.2916846e-02 -1.0189058e-01
   3.9739534e-01  2.6956925e-01 -3.2716718e-01  1.0000000e+00
   0.0000000e+00  0.0000000e+00  0.0000000e+00  1.0000000e+00
   1.0000000e+00]]
[[-2.8458720e-03 -7.8699961e-02  5.4848969e-02  3.2185493e-03
   7.4879646e-02 -9.9718750e-01  0.0000000e+00  5.5000000e-02
   1.5707964e+00 -6.6541916e-01  5.2298982e-02  2.2619332e-01
  -8.4587177e-03  3.4875187e-01  1.7925781e-01  1.5703245e-01
   1.3989396e-01 -3.0655032e-05  5.0291914e-01 -4.3489000e-01
  -2.5095534e-01 -1.7313248e-01 -8.8257127e-02 -1.0109349e-01
   4.1331294e-01  2.7706757e-01 -3.3026874e-01  1.0000000e+00
   0.0000000e+00  0.0000000e+00  0.0000000e+00  1.0000000e+00
   1.0000000e+00]]
[[-6.9796932e-03 -6.9785617e-02  8.3348669e-02  3.3959099e-03
   7.4774943e-02 -9.9719459e-01  0.0000000e+00  5.5000000e-02
   1.5707964e+00 -6.6513222e-01  5.6355063e-02  2.2266555e-01
   1.0640827e-02  3.2401845e-01  1.6164389e-01  1.5697989e-01
   1.2659059e-01 -3.4927907e-05  4.3486494e-01 -4.5379683e-01
  -2.6263893e-01 -1.5336931e-01 -9.2242017e-02 -9.5590740e-02
   4.3617454e-01  2.7527237e-01 -3.2662383e-01  1.0000000e+00
   1.0000000e+00  0.0000000e+00  0.0000000e+00  1.0000000e+00
   1.0000000e+00]]
[[-2.34175175e-02 -7.72143006e-02  1.13356866e-01  3.63779953e-03
   7.54965767e-02 -9.97139275e-01  0.00000000e+00  5.49999997e-02
   1.57079637e+00 -6.62598848e-01  6.65250793e-02  2.12930456e-01
   4.92670685e-02  2.97128081e-01  1.33537471e-01  1.49481192e-01
   1.15250014e-01 -2.70519249e-05  3.39175254e-01 -4.56654012e-01
  -2.73249000e-01 -1.33147955e-01 -9.74374339e-02 -9.03579518e-02
   4.59754616e-01  2.75395691e-01 -3.23625118e-01  1.00000000e+00
   1.00000000e+00  0.00000000e+00  0.00000000e+00  1.00000000e+00
   1.00000000e+00]]
[[ 6.39543263e-03 -9.46826115e-02  1.01991825e-01  2.05377745e-03
   7.53372908e-02 -9.97156143e-01  0.00000000e+00  5.49999997e-02
   1.57079637e+00 -6.57229066e-01  8.53394717e-02  1.97911039e-01
   1.12469487e-01  2.50154287e-01  9.12767276e-02  1.42372802e-01
   1.14043675e-01 -3.34629658e-05  2.18786091e-01 -4.31905627e-01
  -2.59519815e-01 -1.13386393e-01 -9.30774286e-02 -8.94012228e-02
   4.84619498e-01  2.78285474e-01 -3.19894820e-01  1.00000000e+00
   1.00000000e+00  0.00000000e+00  0.00000000e+00  1.00000000e+00
   1.00000000e+00]]
[[ 4.9017727e-02 -1.3037288e-01  6.6170007e-02 -4.3432630e-04
   7.1042344e-02 -9.9747318e-01  0.0000000e+00  5.5000000e-02
   1.5707964e+00 -6.5438700e-01  1.1277643e-01  1.8068354e-01
   1.8619750e-01  1.9381343e-01  2.1928743e-02  1.0498075e-01
   1.1935405e-01  1.2431194e-02  1.0852172e-01 -3.7236673e-01
  -2.1958135e-01 -8.2402542e-02 -9.8360084e-02 -8.1331991e-02
   5.2075815e-01  2.5471848e-01 -2.9589340e-01  1.0000000e+00
   1.0000000e+00  0.0000000e+00  0.0000000e+00  1.0000000e+00
   1.0000000e+00]]
[[ 0.03393309 -0.00627734  0.12020722 -0.00160411  0.06626696 -0.99780065
   0.          0.055       1.5707964  -0.6519526   0.14684825  0.157287
   0.19828792  0.16583133  0.04459329  0.05092035  0.13226104  0.0461665
   0.04506569 -0.24995762 -0.1490579  -0.03396779 -0.11908052 -0.0654529
   0.57135046  0.21442173 -0.26009426  1.          1.          0.
   0.          1.          1.        ]]
[[ 0.0324248   0.05914418  0.05493097  0.00339683  0.0634739  -0.99797773
   0.          0.055       1.5707964  -0.6438648   0.13878995  0.12670794
   0.21480498  0.11213106  0.07050159  0.0384343   0.22135204  0.07947545
   0.05966765 -0.1815364  -0.15804572  0.00242976 -0.10908505 -0.07424033
   0.5948415   0.20086874 -0.24099152  1.          1.          0.
   0.          1.          1.        ]]
[[ 0.17732422  0.20098794 -0.11258558  0.01751316  0.05082018 -0.99855405
   0.          0.055       1.5707964  -0.65927213  0.13883483  0.02317924
   0.21321608 -0.04118699  0.14400508  0.04599462  0.27093095  0.12476318
   0.07616729 -0.12513885 -0.19971164  0.0208202  -0.0885816  -0.09784081
   0.6026934   0.1534606  -0.2127557   1.          1.          0.
   0.          1.          1.        ]]
[[ 0.27458543  0.13765833 -0.1836741   0.03396271  0.02636756 -0.9990754
   0.          0.055       1.5707964  -0.673891    0.2145238   0.0042861
   0.16717465 -0.20876811  0.22622953 -0.00613514  0.2625636   0.15685631
   0.08961813 -0.05776931 -0.23772933  0.06947286 -0.12374348 -0.1340892
   0.6096988   0.05320701 -0.17434926  1.          1.          0.
   0.          1.          1.        ]]
[[ 0.18263476  0.10126914 -0.3282756   0.0487575   0.00840924 -0.99877506
   0.          0.055       1.5707964  -0.66853386  0.25803468  0.07442255
   0.07262232 -0.35003504  0.29615968 -0.19226223  0.22777689  0.16849478
   0.0752837  -0.02539561 -0.2367799   0.1250965  -0.20234895 -0.1591672
   0.5678507  -0.00501256 -0.17615783  1.          1.          0.
   0.          1.          1.        ]]
[[ 1.1521545e-01  6.3920124e-03 -2.6636481e-01  5.4411855e-02
  -1.1617141e-03 -9.9851817e-01  0.0000000e+00  5.5000000e-02
   1.5707964e+00 -5.7391626e-01  3.0846968e-01  1.5611261e-01
  -1.6080748e-02 -4.0520468e-01  2.9366922e-01 -4.0391791e-01
   1.7230046e-01  1.9746217e-01  5.0348293e-02 -8.6243451e-03
  -2.1845306e-01  1.7662780e-01 -2.4892665e-01 -1.7599595e-01
   5.1994872e-01 -2.0064877e-02 -1.9509889e-01  1.0000000e+00
   1.0000000e+00  0.0000000e+00  0.0000000e+00  1.0000000e+00
   1.0000000e+00]]
[[ 0.06810517 -0.05088067 -0.19938508  0.05324197 -0.00555965 -0.99856627
   0.          0.055       1.5707964  -0.39530188  0.40131727  0.205785
  -0.0746022  -0.3905912   0.27131838 -0.563026    0.10433442  0.19911397
   0.02498553 -0.0141461  -0.19504924  0.19926295 -0.28063864 -0.18750614
   0.48209593 -0.03432032 -0.20221569  1.          0.          0.
   0.          1.          1.        ]]
[[-0.01631466  0.00949676 -0.10837129  0.05291872 -0.00529792 -0.9985849
   0.          0.055       1.5707964  -0.2104837   0.44069684  0.23286915
  -0.09867507 -0.36800635  0.256134   -0.62181664  0.05942481  0.18099014
   0.00659765 -0.04240359 -0.1714101   0.20054892 -0.29070783 -0.20163265
   0.4576159  -0.04827493 -0.20259647  1.          0.          0.
   0.          1.          1.        ]]
[[-0.0491243   0.024484   -0.09437226  0.05571901 -0.00199614 -0.9984445
   0.          0.055       1.5707964  -0.08282875  0.43240842  0.22467336
  -0.11296544 -0.37427747  0.25424293 -0.61267346  0.08249722  0.17603956
  -0.00606311 -0.07467724 -0.15408906  0.1994127  -0.28522992 -0.20407146
   0.4386758  -0.04568178 -0.21374464  1.          0.          0.
   0.          1.          1.        ]]
[[ 1.18245173e-03  2.30356166e-03 -5.90237007e-02  5.86337633e-02
  -3.39715346e-03 -9.98273909e-01  0.00000000e+00  5.49999997e-02
   1.57079637e+00 -1.36132045e-02  3.51250410e-01  2.09145516e-01
  -1.39355704e-01 -3.82377565e-01  2.52601862e-01 -6.00529194e-01
   1.53742716e-01  2.04672500e-01 -4.73043323e-03 -8.43436345e-02
  -1.52906924e-01  2.15875924e-01 -2.66744286e-01 -2.08839059e-01
   4.31900293e-01 -5.50819859e-02 -2.23396823e-01  1.00000000e+00
   0.00000000e+00  0.00000000e+00  0.00000000e+00  1.00000000e+00
   1.00000000e+00]]
[[-5.9357952e-02 -9.7745955e-02  2.8835874e-02  5.1966034e-02
  -1.3575612e-03 -9.9864823e-01  0.0000000e+00  5.5000000e-02
   1.5707964e+00  3.8575981e-02  2.4946123e-01  1.8379347e-01
  -1.4699629e-01 -3.2879019e-01  2.0804414e-01 -5.5864680e-01
   2.0815742e-01  2.4554169e-01  1.2821662e-03 -8.0279686e-02
  -1.5797764e-01  2.1386577e-01 -2.7564162e-01 -1.9070950e-01
   4.3536547e-01 -3.4282330e-02 -2.3968695e-01  1.0000000e+00
   0.0000000e+00  0.0000000e+00  0.0000000e+00  1.0000000e+00
   1.0000000e+00]]
[[-9.9635527e-02 -9.4742171e-02  5.8982689e-02  4.3194257e-02
   5.7633370e-03 -9.9904996e-01  0.0000000e+00  5.5000000e-02
   1.5707964e+00  6.6865891e-02  1.5347910e-01  1.5506890e-01
  -1.4029291e-01 -2.5323072e-01  1.5869217e-01 -5.0765073e-01
   2.3816583e-01  2.5032818e-01  1.1488079e-02 -9.2743158e-02
  -1.5723906e-01  2.0621540e-01 -2.9569817e-01 -1.8024339e-01
   4.4587624e-01  1.1179652e-03 -2.5906628e-01  1.0000000e+00
   0.0000000e+00  0.0000000e+00  0.0000000e+00  1.0000000e+00
   1.0000000e+00]]
[[-0.13600111 -0.10822584  0.10541351  0.03449128  0.01510088 -0.9992908
   0.          0.055       1.5707964   0.07745725  0.04730422  0.1331659
  -0.12534389 -0.17502417  0.11038435 -0.44557762  0.2557242   0.24366316
   0.03123385 -0.10522638 -0.15916592  0.20902732 -0.30309564 -0.18144418
   0.46853742  0.04575488 -0.280199    1.          0.          0.
   0.          1.          1.        ]]
[[-0.13574795 -0.07834958  0.11445542  0.02788197  0.02568882 -0.99928105
   0.          0.055       1.5707964   0.0799443  -0.0362558   0.12284061
  -0.11622316 -0.1003316   0.06741568 -0.379563    0.3030609   0.24072278
   0.05219041 -0.13680431 -0.1469173   0.2070581  -0.3094751  -0.19129474
   0.4916989   0.08551147 -0.29897475  1.          0.          0.
   0.          1.          1.        ]]
[[ 0.01619567 -0.10150906 -0.01478194  0.02917043  0.02453528 -0.99927324
   0.          0.055       1.5707964   0.05360219 -0.03397322  0.1210737
  -0.14803037 -0.08793348  0.05765636 -0.32323146  0.36117992  0.25267494
   0.07209406 -0.15349953 -0.13595645  0.18018548 -0.3156227  -0.20848715
   0.5068783   0.07191956 -0.29903674  1.          0.          1.
   1.          1.          0.        ]]
[[ 0.01130323 -0.08121707 -0.06410642  0.02862716  0.02303796 -0.99932456
   0.          0.055       1.5707964   0.01948102 -0.05654412  0.14285864
  -0.18455805 -0.03339138  0.03542519 -0.24305332  0.3859556   0.26072842
   0.09576222 -0.16251114 -0.10625076  0.12158064 -0.33572194 -0.20590495
   0.5086946   0.08251908 -0.31173155  1.          0.          1.
   1.          1.          0.        ]]
[[-0.04875875 -0.0476277  -0.12573299  0.02929949  0.02616281 -0.99922794
   0.          0.055       1.5707964  -0.01013766 -0.08713282  0.17154992
  -0.20374592  0.06212602  0.02759017 -0.15713982  0.3583995   0.25627378
   0.10648846 -0.16840294 -0.08354858  0.05341389 -0.333312   -0.20769066
   0.49693412  0.11954589 -0.3390861   1.          0.          1.
   1.          1.          0.        ]]
[[-0.07189717 -0.06030645 -0.08159894  0.03054375  0.03252165 -0.99900436
   0.          0.055       1.5707964  -0.03084372 -0.10900451  0.19150712
  -0.21205233  0.14429505  0.03756753 -0.09869328  0.3254712   0.22909701
   0.1161136  -0.17265962 -0.07199007  0.01627824 -0.3114133  -0.20359635
   0.4884722   0.16781992 -0.37245494  1.          0.          1.
   1.          1.          0.        ]]
[[-0.07850014 -0.08106983  0.02061363  0.03132383  0.03951691 -0.99872833
   0.          0.055       1.5707964  -0.03146246 -0.10473015  0.1879726
  -0.20279847  0.18550006  0.05949042 -0.05236561  0.31326604  0.19715975
   0.1395599  -0.17849636 -0.07116012  0.01110446 -0.2880984  -0.18960598
   0.5009452   0.20481674 -0.39345187  1.          0.          1.
   1.          1.          0.        ]]
[[-6.7502826e-02 -7.9690799e-02  8.8617042e-02  3.2544345e-02
   4.6595462e-02 -9.9838364e-01  0.0000000e+00  5.5000000e-02
   1.5707964e+00 -1.4883214e-02 -7.8206807e-02  1.6477813e-01
  -1.7819452e-01  2.0701517e-01  7.6883465e-02  1.3278505e-03
   3.0725542e-01  1.6392446e-01  1.7011331e-01 -1.9456297e-01
  -7.3402993e-02  8.0103315e-03 -2.5744289e-01 -1.7280190e-01
   5.2747536e-01  2.2581503e-01 -4.0057254e-01  1.0000000e+00
   0.0000000e+00  1.0000000e+00  1.0000000e+00  1.0000000e+00
   0.0000000e+00]]
[[-0.04435166 -0.10204123  0.12352822  0.03252816  0.05195493 -0.9981197
   0.          0.055       1.5707964   0.00548851 -0.0337135   0.12950356
  -0.16790098  0.23196465  0.10317206  0.06555425  0.28087714  0.13493524
   0.20641285 -0.2045028  -0.08249357  0.01649419 -0.23277794 -0.14057142
   0.567746    0.236459   -0.3999888   1.          0.          1.
   1.          1.          0.        ]]
[[-2.23310329e-02 -1.14670746e-01  1.06190056e-01  3.38477679e-02
   5.45190759e-02 -9.97939169e-01  0.00000000e+00  5.49999997e-02
   1.57079637e+00  1.83650181e-02  1.08539755e-03  1.00641303e-01
  -1.55038968e-01  2.54200608e-01  1.33933336e-01  1.19111992e-01
   2.30408892e-01  9.29452702e-02  2.39356682e-01 -2.18445718e-01
  -8.92519131e-02  1.62614081e-02 -1.98443413e-01 -1.06551200e-01
   6.06049597e-01  2.29128972e-01 -3.92601401e-01  1.00000000e+00
   0.00000000e+00  1.00000000e+00  1.00000000e+00  1.00000000e+00
   0.00000000e+00]]
[[ 0.0113286  -0.11906435  0.06133885  0.03578402  0.05356952 -0.9979228
   0.          0.055       1.5707964   0.02043147  0.01885783  0.08282103
  -0.14107564  0.26991117  0.15958391  0.14189489  0.17999965  0.04114215
   0.26793233 -0.22870396 -0.09633846  0.01498795 -0.17159373 -0.07249416
   0.6397162   0.20662181 -0.38098     1.          0.          1.
   0.          1.          0.        ]]
[[ 5.2682594e-03 -1.5599668e-01  5.0204042e-02  3.7040949e-02
   5.1831022e-02 -9.9796849e-01  0.0000000e+00  5.5000000e-02
   1.5707964e+00  2.3107477e-02  3.2986738e-02  6.7824133e-02
  -1.1932367e-01  2.8702891e-01  1.8152034e-01  1.5954970e-01
   1.3008505e-01 -4.4191734e-06  2.9207024e-01 -2.2814025e-01
  -1.0805422e-01  1.5608447e-02 -1.7206737e-01 -6.2822811e-02
   6.6947848e-01  1.8529828e-01 -3.7009618e-01  1.0000000e+00
   0.0000000e+00  1.0000000e+00  1.0000000e+00  1.0000000e+00
   0.0000000e+00]]
[[ 3.52590531e-02 -1.69991240e-01  6.71567097e-02  3.57405245e-02
   4.85688262e-02 -9.98180509e-01  0.00000000e+00  5.49999997e-02
   1.57079637e+00  2.05161124e-02  4.37636264e-02  6.09357618e-02
  -1.07700683e-01  2.97870159e-01  2.09347054e-01  1.80492997e-01
   8.65770355e-02 -2.83078839e-06  3.08254123e-01 -2.16874108e-01
  -1.17427275e-01  2.80238912e-02 -1.79425493e-01 -5.82212955e-02
   6.89607024e-01  1.68791831e-01 -3.60886276e-01  1.00000000e+00
   0.00000000e+00  1.00000000e+00  1.00000000e+00  1.00000000e+00
   0.00000000e+00]]
[[ 1.1029678e-01 -2.2039719e-01 -2.4321305e-02  2.9979592e-02
   3.9893210e-02 -9.9875402e-01  0.0000000e+00  5.5000000e-02
   1.5707964e+00  8.1665581e-03  6.1210502e-02  5.6599963e-02
  -9.1518655e-02  3.3188525e-01  2.3842880e-01  1.9336936e-01
   5.3806901e-02 -6.7631113e-06  3.1526339e-01 -1.9413140e-01
  -1.2334117e-01  3.6292896e-02 -1.7494729e-01 -5.5700704e-02
   6.9859344e-01  1.3468651e-01 -3.3838820e-01  1.0000000e+00
   0.0000000e+00  1.0000000e+00  1.0000000e+00  1.0000000e+00
   0.0000000e+00]]
[[ 1.90133154e-01 -2.84752101e-01  3.39938374e-03  1.96685791e-02
   2.54139788e-02 -9.99483466e-01  0.00000000e+00  5.49999997e-02
   1.57079637e+00 -1.23982737e-02  8.74014795e-02  5.27168177e-02
  -7.26376921e-02  3.79694074e-01  2.67670155e-01  1.95604980e-01
   1.07445801e-02 -1.22971906e-05  3.18892062e-01 -1.67566672e-01
  -1.20389156e-01  3.61748971e-02 -1.55295938e-01 -6.01935238e-02
   6.98404253e-01  8.04759413e-02 -3.01990181e-01  1.00000000e+00
   0.00000000e+00  1.00000000e+00  1.00000000e+00  1.00000000e+00
   0.00000000e+00]]
[[-6.8824090e-02 -8.9827538e-02  5.8037784e-02  1.4582953e-02
   1.8143972e-02 -9.9972904e-01  0.0000000e+00  5.5000000e-02
   1.5707964e+00 -2.1630876e-02  9.3425594e-02  5.3796835e-02
  -6.2906079e-02  4.0889600e-01  2.6885295e-01  1.9382560e-01
   5.1711057e-03  1.8145754e-04  3.2665116e-01 -1.7007354e-01
  -1.1638215e-01  2.9936422e-02 -1.3655177e-01 -6.9197550e-02
   6.9085878e-01  5.2831657e-02 -2.7946892e-01  1.0000000e+00
   0.0000000e+00  1.0000000e+00  1.0000000e+00  1.0000000e+00
   0.0000000e+00]]
[[-0.08622524 -0.19122735  0.01726475  0.00749725  0.02263151 -0.99971586
   0.          0.055       1.5707964  -0.0231613   0.10046012  0.05124463
  -0.11777975  0.42327812  0.25635388  0.19287613 -0.02350984  0.01319887
   0.30894658 -0.17799696 -0.09712906  0.01755286 -0.05037    -0.11585472
   0.6729588  -0.0355049  -0.21274251  1.          0.          1.
   1.          1.          0.        ]]
[[-0.07873075 -0.19881548  0.05537422 -0.00235577  0.02728513 -0.99962527
   0.          0.055       1.5707964  -0.03447325  0.11283275  0.04515326
  -0.22465053  0.42699057  0.2516518   0.18053788 -0.05224532  0.02719141
   0.28592542 -0.15817976 -0.08031505  0.01870501  0.05533031 -0.1746635
   0.6642173  -0.1469179  -0.16739066  1.          0.          1.
   1.          1.          0.        ]]
[[-0.04008421 -0.15502018  0.07375573 -0.00845646  0.03053328 -0.99949807
   0.          0.055       1.5707964  -0.0500702   0.11925071  0.04034121
  -0.30718103  0.45176253  0.25105712  0.16380696 -0.07536769  0.03785307
   0.28107363 -0.12490433 -0.06095129  0.03325752  0.12163238 -0.21491273
   0.6308733  -0.2189773  -0.17410557  1.          0.          1.
   1.          1.          0.        ]]
[[-0.043856   -0.10250435  0.02075297 -0.0073979   0.03365627 -0.99940646
   0.          0.055       1.5707964  -0.07859208  0.12499073  0.03235555
  -0.33493307  0.4705845   0.25236973  0.14077167 -0.09705412  0.03980214
   0.2816591  -0.06148371 -0.04689418  0.042408    0.12288526 -0.2220177
   0.52906984 -0.25426814 -0.20122947  1.          0.          1.
   1.          1.          0.        ]]
[[ 0.00349518 -0.14435269 -0.01146357 -0.0064432   0.03593424 -0.99933344
   0.          0.055       1.5707964  -0.11306193  0.14082395  0.02113022
  -0.32852444  0.44321984  0.25381514  0.11239564 -0.10094595  0.03111489
   0.2910295  -0.0545018  -0.05273218  0.05443376  0.10606379 -0.20588493
   0.4073397  -0.25276354 -0.21795842  1.          0.          1.
   1.          1.          0.        ]]
[[-0.00774463 -0.1898567   0.02094818 -0.00817577  0.03769106 -0.99925613
   0.          0.055       1.5707964  -0.14222074  0.1552504   0.00809498
  -0.32140747  0.40127358  0.2245503   0.09141292 -0.1136741   0.03211409
   0.30595753 -0.0296155  -0.07508789  0.07770341  0.10044585 -0.15676217
   0.30459017 -0.21963553 -0.22157744  1.          0.          1.
   1.          1.          0.        ]]
[[ 3.9104014e-03 -2.2223300e-01  4.1715246e-02 -8.9407684e-03
   4.0064067e-02 -9.9915755e-01  0.0000000e+00  5.5000000e-02
   1.5707964e+00 -1.5742013e-01  1.5516670e-01 -1.3175608e-06
  -3.2180694e-01  3.6205903e-01  1.8461081e-01  8.7621249e-02
  -1.3923994e-01  4.0238131e-02  3.1829289e-01 -2.1261708e-03
  -1.0508430e-01  9.8403864e-02  6.6309817e-02 -1.2016550e-01
   2.3250422e-01 -1.8939644e-01 -2.1054362e-01  1.0000000e+00
   0.0000000e+00  1.0000000e+00  1.0000000e+00  1.0000000e+00
   0.0000000e+00]]
[[ 7.43523762e-02 -2.06555620e-01 -2.84317159e-03 -7.57310912e-03
   3.65444981e-02 -9.99303758e-01  0.00000000e+00  5.49999997e-02
   1.57079637e+00 -1.77329347e-01  1.40606374e-01 -2.74779404e-06
  -3.22585583e-01  3.45657378e-01  1.57365412e-01  8.04246962e-02
  -1.32036284e-01  2.32554078e-02  3.25580746e-01  1.20985620e-02
  -1.29147157e-01  1.10947035e-01  4.32238579e-02 -1.04435466e-01
   1.66511506e-01 -1.80950418e-01 -1.96043536e-01  1.00000000e+00
   0.00000000e+00  1.00000000e+00  1.00000000e+00  1.00000000e+00
   0.00000000e+00]]
[[ 5.62122129e-02 -1.87660173e-01 -2.83429474e-02 -3.86351580e-03
   3.37777175e-02 -9.99421835e-01  0.00000000e+00  5.49999997e-02
   1.57079637e+00 -1.92393690e-01  1.30351812e-01 -5.31334581e-06
  -3.12065005e-01  3.49165916e-01  1.57122746e-01  7.39724711e-02
  -1.21728092e-01  3.78863397e-03  3.30058157e-01 -1.94501714e-03
  -1.38901651e-01  1.35751635e-01  2.10813284e-02 -1.11652821e-01
   1.13410585e-01 -1.88272282e-01 -1.77550152e-01  1.00000000e+00
   0.00000000e+00  1.00000000e+00  1.00000000e+00  1.00000000e+00
   0.00000000e+00]]
[[-5.66459931e-02 -5.70811927e-02  2.27779970e-02  2.53026665e-04
   3.34241129e-02 -9.99440968e-01  0.00000000e+00  5.49999997e-02
   1.57079637e+00 -2.10313201e-01  1.23649955e-01 -1.31868728e-06
  -3.07545960e-01  3.54772925e-01  1.74477413e-01  6.29346669e-02
  -1.30439416e-01 -1.05672036e-04  3.35125774e-01 -2.11334471e-02
  -1.45108774e-01  1.65641144e-01 -5.35442308e-03 -1.19837157e-01
   8.07747766e-02 -2.01155290e-01 -1.63027644e-01  1.00000000e+00
   0.00000000e+00  1.00000000e+00  1.00000000e+00  1.00000000e+00
   0.00000000e+00]]
[[ 1.1460010e-02  1.2619848e-02 -9.5570394e-05  3.1307491e-03
   3.3969302e-02 -9.9941802e-01  0.0000000e+00  5.5000000e-02
   1.5707964e+00 -2.2182520e-01  1.0943983e-01 -2.2985239e-03
  -2.9831991e-01  3.5693449e-01  1.8233112e-01  5.4951601e-02
  -1.4618538e-01 -7.5681455e-05  3.4199655e-01 -2.2739602e-02
  -1.5880679e-01  1.7686342e-01 -3.4665328e-02 -1.2379732e-01
   7.2265998e-02 -2.0391423e-01 -1.5694232e-01  1.0000000e+00
   0.0000000e+00  1.0000000e+00  1.0000000e+00  1.0000000e+00
   0.0000000e+00]]
[[-2.7548069e-02  1.1720568e-02 -2.6984483e-02  3.4125892e-03
   3.4881305e-02 -9.9938548e-01  0.0000000e+00  5.5000000e-02
   1.5707964e+00 -2.3388410e-01  1.0785239e-01 -1.7914128e-03
  -2.9226851e-01  3.5501501e-01  1.8253809e-01  4.3596152e-02
  -1.5609036e-01 -7.1247086e-05  3.4852535e-01 -1.7827671e-02
  -1.7041729e-01  1.7148723e-01 -5.2609228e-02 -1.2740317e-01
   6.6459961e-02 -1.9323646e-01 -1.5689205e-01  1.0000000e+00
   0.0000000e+00  1.0000000e+00  1.0000000e+00  1.0000000e+00
   0.0000000e+00]]
[[-3.34861167e-02  6.81394059e-03 -2.29322631e-02  3.05233244e-03
   3.52613069e-02 -9.99373734e-01  0.00000000e+00  5.49999997e-02
   1.57079637e+00 -2.47321561e-01  1.09151475e-01 -1.12278725e-03
  -2.88716555e-01  3.55021864e-01  1.80168584e-01  2.64502112e-02
  -1.58213675e-01 -4.59424737e-05  3.57587993e-01 -1.32844839e-02
  -1.75818145e-01  1.69334874e-01 -5.43920472e-02 -1.37344256e-01
   5.69232441e-02 -1.87796086e-01 -1.55444026e-01  0.00000000e+00
   0.00000000e+00  1.00000000e+00  1.00000000e+00  1.00000000e+00
   0.00000000e+00]]
[[-3.79412957e-02 -1.80548429e-02 -2.60474216e-02  2.19350634e-03
   3.64415273e-02 -9.99333560e-01  0.00000000e+00  5.49999997e-02
   1.57079637e+00 -2.59009093e-01  1.20471746e-01 -1.02134445e-03
  -2.85313785e-01  3.56413573e-01  1.79699302e-01  9.52287298e-03
  -1.51774302e-01 -3.85224776e-05  3.69692177e-01 -1.72069594e-02
  -1.72211364e-01  1.70565590e-01 -5.51304147e-02 -1.47174224e-01
   5.08543812e-02 -1.87870070e-01 -1.53809801e-01  0.00000000e+00
   0.00000000e+00  1.00000000e+00  1.00000000e+00  1.00000000e+00
   0.00000000e+00]]
[[-4.1492688e-03 -8.3505623e-02  5.6278701e-03  6.9604116e-04
   3.6705390e-02 -9.9932587e-01  0.0000000e+00  5.5000000e-02
   1.5707964e+00 -2.6510561e-01  1.3276559e-01 -8.6698827e-04
  -2.6636785e-01  3.5516271e-01  1.7483991e-01 -1.7822225e-03
  -1.3633333e-01 -7.3597796e-05  3.8425973e-01 -1.7535701e-02
  -1.6981760e-01  1.7442788e-01 -5.4389585e-02 -1.5781108e-01
   5.0234623e-02 -1.7924674e-01 -1.5885906e-01  0.0000000e+00
   0.0000000e+00  1.0000000e+00  1.0000000e+00  1.0000000e+00
   0.0000000e+00]]
[[ 9.02145752e-04 -1.57638922e-01  7.10955542e-03 -8.54597718e-04
   3.71086113e-02 -9.99311090e-01  0.00000000e+00  5.49999997e-02
   1.57079637e+00 -2.69612879e-01  1.43919080e-01  1.46036805e-03
  -2.62667835e-01  3.51775229e-01  1.69890493e-01 -1.19334226e-02
  -1.21015124e-01 -3.83314136e-06  3.96856695e-01 -1.85427330e-02
  -1.64775088e-01  1.76359937e-01 -4.76975255e-02 -1.65948987e-01
   4.94035333e-02 -1.70142218e-01 -1.65603533e-01  0.00000000e+00
   0.00000000e+00  1.00000000e+00  1.00000000e+00  1.00000000e+00
   0.00000000e+00]]
[[ 0.00872316 -0.18986098 -0.00384452 -0.00203906  0.03762111 -0.9992903
   0.          0.055       1.5707964  -0.26969832  0.1512785   0.00551392
  -0.26586348  0.35322955  0.16830365 -0.01739464 -0.10917046  0.00203158
   0.4082827  -0.02164598 -0.15821815  0.18021204 -0.04560684 -0.1684752
   0.04624994 -0.17231286 -0.16704515  0.          0.          1.
   1.          0.          0.        ]]
[[ 1.5740607e-02 -1.9305949e-01 -9.8070852e-04 -2.8823407e-03
   3.7679832e-02 -9.9928558e-01  0.0000000e+00  5.5000000e-02
   1.5707964e+00 -2.7805755e-01  1.5870731e-01  1.0149333e-02
  -2.8082728e-01  3.6326259e-01  1.7456619e-01 -2.9989272e-02
  -9.9618003e-02  3.8275819e-03  4.2021874e-01 -2.5359821e-02
  -1.5110748e-01  1.8330485e-01 -5.1924489e-02 -1.6994445e-01
   4.1589767e-02 -1.7423044e-01 -1.7035834e-01  0.0000000e+00
   0.0000000e+00  1.0000000e+00  1.0000000e+00  0.0000000e+00
   1.0000000e+00]]
[[ 0.02169251 -0.18736467  0.00231656 -0.00319427  0.03788805 -0.9992771
   0.          0.055       1.5707964  -0.28599966  0.1581541   0.0172247
  -0.27895233  0.37012938  0.18046431 -0.04166731 -0.0973333   0.01050904
   0.43401027 -0.02835903 -0.14595026  0.1879051  -0.06253877 -0.17459792
   0.03684103 -0.17114027 -0.16881023  0.          0.          1.
   1.          0.          1.        ]]
[[ 0.01056778 -0.19288504  0.00797627 -0.00428128  0.03854564 -0.9992477
   0.          0.055       1.5707964  -0.29486692  0.16073872  0.02256899
  -0.27239123  0.37023443  0.18253165 -0.0553217  -0.09382254  0.01569282
   0.4478701  -0.02729327 -0.14340876  0.18918034 -0.07300329 -0.18162553
   0.03433981 -0.16527863 -0.16326705  0.          0.          1.
   1.          0.          1.        ]]
[[ 0.00306468 -0.19484648  0.00380648 -0.00562386  0.03932025 -0.99921095
   0.          0.055       1.5707964  -0.30517316  0.1633842   0.02745935
  -0.26633325  0.36669064  0.18059476 -0.07267997 -0.0908355   0.01916008
   0.4601169  -0.02538398 -0.14102927  0.19102536 -0.07967746 -0.18998063
   0.02782147 -0.16476235 -0.15470825  0.          1.          1.
   1.          0.          0.        ]]
[[-0.00482764 -0.19118263 -0.02900923 -0.00758712  0.04080546 -0.9991385
   0.          0.055       1.5707964  -0.31660494  0.17225702  0.0299637
  -0.2598133   0.3699679   0.18112783 -0.09265623 -0.08449811  0.01898772
   0.46990788 -0.02697292 -0.1353124   0.18924022 -0.08075242 -0.19788052
   0.01484341 -0.16824985 -0.14736873  0.          1.          1.
   1.          0.          1.        ]]
[[ 0.01595956 -0.1735271  -0.03265846 -0.00837657  0.04099291 -0.9991246
   0.          0.055       1.5707964  -0.32933122  0.17222856  0.03653638
  -0.24550676  0.36723945  0.18042262 -0.11683251 -0.07593679  0.01648861
   0.48081928 -0.03233955 -0.12886627  0.18709393 -0.09064698 -0.20298994
   0.01188184 -0.16149186 -0.14435415  0.          1.          1.
   1.          0.          1.        ]]
[[ 0.01418322 -0.16751005 -0.0510756  -0.00886033  0.04099014 -0.9991204
   0.          0.055       1.5707964  -0.3419634   0.17361023  0.0434707
  -0.22578792  0.3586031   0.1750799  -0.14136438 -0.06655965  0.01264022
   0.49035075 -0.04002601 -0.12133969  0.18090007 -0.09225494 -0.21104196
   0.00857028 -0.15058637 -0.13645414  0.          1.          1.
   1.          0.          1.        ]]
[[ 0.01112775 -0.16837035 -0.05031631 -0.00972862  0.04116333 -0.9991051
   0.          0.055       1.5707964  -0.35381746  0.1758425   0.05006727
  -0.21011567  0.35161388  0.1691617  -0.1637846  -0.05739249  0.00882414
   0.49908558 -0.04427724 -0.11633672  0.17422986 -0.08487064 -0.21742038
   0.00796193 -0.14378817 -0.12324458  0.          1.          1.
   1.          0.          1.        ]]
[[ 0.00362658 -0.17682564 -0.06493725 -0.01146871  0.04179272 -0.99906033
   0.          0.055       1.5707964  -0.36556783  0.1844745   0.05263297
  -0.20938621  0.34612185  0.16922233 -0.18769872 -0.04621036  0.00329666
   0.5073611  -0.04479824 -0.11351105  0.16824926 -0.08526088 -0.21939874
   0.00866155 -0.13246277 -0.11492825  0.          1.          1.
   1.          0.          1.        ]]
[[ 1.0681190e-02 -1.5715212e-01 -2.6721181e-02 -1.2700623e-02
   4.1911352e-02 -9.9904048e-01  0.0000000e+00  5.5000000e-02
   1.5707964e+00 -3.7769726e-01  1.8810046e-01  5.7835110e-02
  -2.1085854e-01  3.3408555e-01  1.7093125e-01 -2.1391423e-01
  -3.7516698e-02 -3.9657853e-06  5.1622200e-01 -4.5007881e-02
  -1.1208331e-01  1.5766786e-01 -8.9119844e-02 -2.2565626e-01
   1.2754685e-02 -1.1387121e-01 -1.1295768e-01  0.0000000e+00
   1.0000000e+00  1.0000000e+00  1.0000000e+00  0.0000000e+00
   1.0000000e+00]]
[[-1.9776812e-02 -7.0215188e-02  1.5816219e-02 -1.1879492e-02
   4.1203819e-02 -9.9908000e-01  0.0000000e+00  5.5000000e-02
   1.5707964e+00 -3.9005429e-01  1.8041126e-01  6.6831477e-02
  -2.1107651e-01  3.2799980e-01  1.6927966e-01 -2.4027979e-01
  -3.4857973e-02 -7.2992689e-06  5.2812213e-01 -5.1682699e-02
  -1.0924442e-01  1.4527735e-01 -9.1657288e-02 -2.3301944e-01
   2.2979293e-02 -9.4426498e-02 -1.1099200e-01  0.0000000e+00
   1.0000000e+00  1.0000000e+00  1.0000000e+00  0.0000000e+00
   1.0000000e+00]]
[[-7.47377984e-03 -9.49474722e-02  2.16610469e-02 -1.19013712e-02
   4.04326916e-02 -9.99111712e-01  0.00000000e+00  5.49999997e-02
   1.57079637e+00 -3.99584204e-01  1.78506047e-01  7.38498420e-02
  -2.04635113e-01  3.32263291e-01  1.71504453e-01 -2.61088550e-01
  -2.45774779e-02 -4.31463604e-06  5.42509854e-01 -5.58185615e-02
  -1.08121365e-01  1.31020054e-01 -8.74421224e-02 -2.36507326e-01
   3.05974130e-02 -7.98922405e-02 -1.06504306e-01  0.00000000e+00
   1.00000000e+00  1.00000000e+00  1.00000000e+00  0.00000000e+00
   1.00000000e+00]]
[[-8.9262787e-04 -6.5346256e-02  4.6113402e-02 -1.0613380e-02
   3.8830739e-02 -9.9918962e-01  0.0000000e+00  5.5000000e-02
   1.5707964e+00 -4.0814751e-01  1.6966566e-01  8.3105586e-02
  -1.9899090e-01  3.3647406e-01  1.7376965e-01 -2.7625191e-01
  -1.5991557e-02 -6.2969020e-06  5.5735809e-01 -6.3191473e-02
  -1.0728013e-01  1.1133739e-01 -8.6930580e-02 -2.3795108e-01
   4.1234497e-02 -6.0139745e-02 -1.0941059e-01  0.0000000e+00
   1.0000000e+00  1.0000000e+00  1.0000000e+00  0.0000000e+00
   1.0000000e+00]]
[[-8.33379943e-03 -4.05614600e-02  7.03479126e-02 -8.22702982e-03
   3.64319682e-02 -9.99302566e-01  0.00000000e+00  5.49999997e-02
   1.57079637e+00 -4.13273156e-01  1.59885556e-01  8.94418210e-02
  -1.89756140e-01  3.42893928e-01  1.75616205e-01 -2.85724610e-01
  -5.44107100e-03 -6.03326453e-06  5.71571350e-01 -7.43959248e-02
  -1.06478065e-01  8.75350833e-02 -9.02989730e-02 -2.39410028e-01
   4.90070917e-02 -4.53036800e-02 -1.10887438e-01  0.00000000e+00
   1.00000000e+00  1.00000000e+00  1.00000000e+00  0.00000000e+00
   1.00000000e+00]]
[[ 2.5360769e-02 -3.5008658e-02  7.9882853e-02 -4.7002463e-03
   3.2440368e-02 -9.9946284e-01  0.0000000e+00  5.5000000e-02
   1.5707964e+00 -4.1842479e-01  1.4146025e-01  9.8567471e-02
  -1.8165013e-01  3.5289434e-01  1.7868081e-01 -2.9166311e-01
   5.8431765e-03 -6.7017577e-06  5.8608353e-01 -8.5020989e-02
  -1.0894372e-01  6.2519386e-02 -9.5305897e-02 -2.4115281e-01
   5.8739152e-02 -2.5511961e-02 -1.1514138e-01  0.0000000e+00
   1.0000000e+00  1.0000000e+00  1.0000000e+00  0.0000000e+00
   1.0000000e+00]]
[[ 7.05021946e-03  1.26156444e-02  8.88499245e-02  1.82684720e-03
   2.73499116e-02 -9.99624193e-01  0.00000000e+00  5.49999997e-02
   1.57079637e+00 -4.24970835e-01  1.09001957e-01  1.13239117e-01
  -1.68866307e-01  3.69051754e-01  1.85260877e-01 -2.97879964e-01
   1.14635713e-02 -8.89568400e-06  5.98881960e-01 -1.07455455e-01
  -1.07101470e-01  2.63535921e-02 -1.10172860e-01 -2.36777410e-01
   7.13810697e-02  7.68057257e-03 -1.25276431e-01  0.00000000e+00
   1.00000000e+00  1.00000000e+00  1.00000000e+00  0.00000000e+00
   1.00000000e+00]]
[[-9.99702699e-03 -8.99447799e-02  9.90051311e-03  1.94283808e-03
   2.62051597e-02 -9.99654710e-01  0.00000000e+00  5.49999997e-02
   1.57079637e+00 -4.30918783e-01  1.07075974e-01  1.16740793e-01
  -1.61537722e-01  3.88521492e-01  1.98377699e-01 -3.06465715e-01
   2.02413481e-02 -5.38714039e-06  6.08067095e-01 -1.07489884e-01
  -1.11156449e-01 -1.94887705e-02 -1.12018071e-01 -2.28512347e-01
   8.36789161e-02 -2.31837505e-03 -1.18294142e-01  0.00000000e+00
   1.00000000e+00  1.00000000e+00  1.00000000e+00  0.00000000e+00
   1.00000000e+00]]
[[-1.5530784e-02 -9.1517933e-02 -2.3476288e-02  1.4265684e-03
   2.6123628e-02 -9.9965805e-01  0.0000000e+00  5.5000000e-02
   1.5707964e+00 -4.4174406e-01  9.5385954e-02  1.3178885e-01
  -1.5135598e-01  3.9806098e-01  2.0411007e-01 -3.2777411e-01
   2.6488217e-02 -1.1390259e-05  6.1116517e-01 -1.0723409e-01
  -1.0759267e-01 -6.5055124e-02 -1.2754877e-01 -2.1626991e-01
   8.2768217e-02  5.5922833e-03 -1.2505916e-01  0.0000000e+00
   1.0000000e+00  1.0000000e+00  1.0000000e+00  0.0000000e+00
   1.0000000e+00]]
[[-3.4686532e-02 -7.6818123e-02 -2.8809741e-02  2.0571379e-03
   2.8415559e-02 -9.9959433e-01  0.0000000e+00  5.5000000e-02
   1.5707964e+00 -4.4518206e-01  7.1634106e-02  1.5269244e-01
  -1.2349580e-01  4.0085432e-01  2.0378701e-01 -3.2211021e-01
   5.3713176e-02 -1.2222840e-05  6.2032217e-01 -1.1732876e-01
  -8.4669039e-02 -9.8141611e-02 -1.5210608e-01 -2.0443329e-01
   7.8476630e-02  2.8039800e-02 -1.3680641e-01  0.0000000e+00
   1.0000000e+00  1.0000000e+00  1.0000000e+00  0.0000000e+00
   1.0000000e+00]]
[[-8.2210384e-02 -4.1800234e-02 -2.5457295e-04  5.5106664e-03
   3.4833055e-02 -9.9937791e-01  0.0000000e+00  5.5000000e-02
   1.5707964e+00 -4.3956000e-01  3.4224998e-02  1.7654642e-01
  -9.4254322e-02  4.0111887e-01  2.0233448e-01 -2.7182767e-01
   8.8181145e-02  2.0221340e-05  6.3168627e-01 -1.3235530e-01
  -6.0375996e-02 -1.2166880e-01 -1.8535914e-01 -1.9576216e-01
   7.5515479e-02  6.5275826e-02 -1.5339233e-01  0.0000000e+00
   1.0000000e+00  1.0000000e+00  1.0000000e+00  0.0000000e+00
   1.0000000e+00]]
[[-1.00258954e-01 -4.28994596e-02  7.66281737e-03  1.04513187e-02
   4.33844216e-02 -9.99004126e-01  0.00000000e+00  5.49999997e-02
   1.57079637e+00 -4.33644146e-01 -6.88092131e-03  2.01032996e-01
  -9.28796977e-02  4.12470013e-01  2.07682028e-01 -2.16710314e-01
   1.09916456e-01  1.25294563e-03  6.42271399e-01 -1.39381438e-01
  -5.10605983e-02 -1.45082474e-01 -2.19995886e-01 -1.91192105e-01
   7.59993270e-02  1.07605137e-01 -1.72797069e-01  0.00000000e+00
   1.00000000e+00  1.00000000e+00  1.00000000e+00  0.00000000e+00
   1.00000000e+00]]
[[-9.13439021e-02 -5.46954200e-02  6.18967973e-02  1.50715215e-02
   5.15687801e-02 -9.98555958e-01  0.00000000e+00  5.49999997e-02
   1.57079637e+00 -4.23769236e-01 -3.18277441e-02  2.12344021e-01
  -9.31155011e-02  4.23601300e-01  2.19545797e-01 -1.66381642e-01
   1.20113365e-01 -1.16342417e-05  6.49317801e-01 -1.48304507e-01
  -4.88568060e-02 -1.71914503e-01 -2.39085466e-01 -1.87245741e-01
   8.53048936e-02  1.39216483e-01 -1.83319300e-01  0.00000000e+00
   1.00000000e+00  1.00000000e+00  1.00000000e+00  0.00000000e+00
   1.00000000e+00]]
[[-7.9095289e-02 -5.5929631e-02  7.5024337e-02  1.8862391e-02
   5.9015956e-02 -9.9807894e-01  0.0000000e+00  5.5000000e-02
   1.5707964e+00 -4.1099101e-01 -3.7351839e-02  2.1002260e-01
  -9.2406228e-02  4.2927474e-01  2.2730795e-01 -1.1866333e-01
   1.2905580e-01 -1.1583879e-05  6.6021049e-01 -1.6358437e-01
  -4.6204291e-02 -2.1026492e-01 -2.4279632e-01 -1.7347388e-01
   1.0028799e-01  1.5905537e-01 -1.8509868e-01  0.0000000e+00
   1.0000000e+00  1.0000000e+00  1.0000000e+00  0.0000000e+00
   1.0000000e+00]]
[[-6.4754263e-02 -5.9915636e-02  8.9209653e-02  2.2035675e-02
   6.4887643e-02 -9.9764931e-01  0.0000000e+00  5.5000000e-02
   1.5707964e+00 -3.9907885e-01 -3.4080792e-02  2.0133796e-01
  -9.2189595e-02  4.3039969e-01  2.2940919e-01 -6.9630139e-02
   1.3215441e-01 -1.7458360e-05  6.7206633e-01 -1.7667688e-01
  -4.7223184e-02 -2.5013664e-01 -2.3250020e-01 -1.5415794e-01
   1.1948995e-01  1.6951884e-01 -1.8162929e-01  0.0000000e+00
   1.0000000e+00  1.0000000e+00  1.0000000e+00  0.0000000e+00
   1.0000000e+00]]
[[-4.7493499e-02 -6.3480832e-02  7.5509459e-02  2.4610747e-02
   6.9080383e-02 -9.9730730e-01  0.0000000e+00  5.5000000e-02
   1.5707964e+00 -3.9149481e-01 -2.8282743e-02  1.9150448e-01
  -9.6867956e-02  4.3348768e-01  2.3114526e-01 -2.3047039e-02
   1.3074456e-01 -2.1998863e-05  6.8201023e-01 -1.8639725e-01
  -5.1433999e-02 -2.7942106e-01 -2.1527258e-01 -1.3649566e-01
   1.3855222e-01  1.7382380e-01 -1.7750485e-01  0.0000000e+00
   1.0000000e+00  0.0000000e+00  1.0000000e+00  0.0000000e+00
   1.0000000e+00]]
[[-5.8823120e-02 -5.2287661e-02  1.9661486e-02  2.6574673e-02
   7.3033653e-02 -9.9697495e-01  0.0000000e+00  5.5000000e-02
   1.5707964e+00 -3.9253670e-01 -2.4715934e-02  1.8701270e-01
  -1.0292707e-01  4.4908521e-01  2.4051704e-01  7.8799538e-03
   1.3698676e-01 -2.3367103e-05  6.8803507e-01 -2.0059463e-01
  -4.9697749e-02 -2.9924056e-01 -1.9969706e-01 -1.2372759e-01
   1.4932378e-01  1.8047577e-01 -1.8047310e-01  0.0000000e+00
   1.0000000e+00  0.0000000e+00  1.0000000e+00  0.0000000e+00
   1.0000000e+00]]
[[-4.3694254e-02 -6.1136484e-02 -3.5063857e-03  2.8784329e-02
   7.6608390e-02 -9.9664551e-01  0.0000000e+00  5.5000000e-02
   1.5707964e+00 -3.9899403e-01 -2.8217170e-02  1.8825147e-01
  -1.0362994e-01  4.7094128e-01  2.5405347e-01  3.5039466e-02
   1.3776621e-01 -2.2625132e-05  6.9083029e-01 -2.1098283e-01
  -4.9038474e-02 -3.1378704e-01 -1.9522223e-01 -1.1752035e-01
   1.5506475e-01  1.8686014e-01 -1.8721582e-01  0.0000000e+00
   1.0000000e+00  0.0000000e+00  1.0000000e+00  0.0000000e+00
   1.0000000e+00]]
[[-2.46046968e-02 -6.63994029e-02 -3.07578053e-02  3.04118823e-02
   7.87476525e-02 -9.96430576e-01  0.00000000e+00  5.49999997e-02
   1.57079637e+00 -4.09429938e-01 -3.44031863e-02  1.92267910e-01
  -1.00703105e-01  4.93235230e-01  2.66313672e-01  6.22141473e-02
   1.38039321e-01 -2.03604759e-05  6.91266954e-01 -2.17296854e-01
  -4.94147316e-02 -3.33066344e-01 -1.96975708e-01 -1.18094236e-01
   1.57073572e-01  1.90381452e-01 -1.94989532e-01  0.00000000e+00
   1.00000000e+00  0.00000000e+00  1.00000000e+00  0.00000000e+00
   1.00000000e+00]]
[[-1.3354043e-02 -6.9263943e-02 -4.3120105e-02  3.1175964e-02
   7.9985566e-02 -9.9630827e-01  0.0000000e+00  5.5000000e-02
   1.5707964e+00 -4.2051527e-01 -3.5947885e-02  1.9384795e-01
  -9.5048644e-02  5.1351422e-01  2.7624318e-01  9.9071711e-02
   1.4260899e-01 -1.9229654e-05  6.9039631e-01 -2.2125646e-01
  -5.0611313e-02 -3.5595542e-01 -2.0721036e-01 -1.1777806e-01
   1.5717168e-01  1.9158766e-01 -2.0231509e-01  0.0000000e+00
   1.0000000e+00  0.0000000e+00  1.0000000e+00  0.0000000e+00
   1.0000000e+00]]
[[-1.3133908e-02 -6.5501228e-02 -4.7896259e-02  3.1754304e-02
   8.0569752e-02 -9.9624330e-01  0.0000000e+00  5.5000000e-02
   1.5707964e+00 -4.3291539e-01 -3.4702864e-02  1.9441849e-01
  -9.1645122e-02  5.3009212e-01  2.8355643e-01  1.3852549e-01
   1.4957602e-01 -1.9949584e-05  6.9028217e-01 -2.2699992e-01
  -5.1343948e-02 -3.7783605e-01 -2.1446835e-01 -1.1505066e-01
   1.5852143e-01  1.8738462e-01 -2.0661356e-01  0.0000000e+00
   1.0000000e+00  0.0000000e+00  1.0000000e+00  0.0000000e+00
   1.0000000e+00]]
[[-2.1520555e-02 -5.7403110e-02 -3.8319252e-02  3.2500014e-02
   8.1458673e-02 -9.9614680e-01  0.0000000e+00  5.5000000e-02
   1.5707964e+00 -4.4690910e-01 -3.2234345e-02  1.9476381e-01
  -7.9238228e-02  5.3839934e-01  2.8895596e-01  1.6481829e-01
   1.5464365e-01 -2.2055145e-05  6.9154799e-01 -2.3421066e-01
  -5.2337822e-02 -3.9318109e-01 -2.0476764e-01 -1.0970062e-01
   1.6177285e-01  1.8218879e-01 -2.1044914e-01  0.0000000e+00
   1.0000000e+00  0.0000000e+00  1.0000000e+00  0.0000000e+00
   1.0000000e+00]]
[[-2.6251046e-02 -5.7403117e-02 -3.7464220e-02  3.3342544e-02
   8.3346799e-02 -9.9596286e-01  0.0000000e+00  5.5000000e-02
   1.5707964e+00 -4.6283263e-01 -2.9050326e-02  1.9518238e-01
  -6.8930551e-02  5.4285210e-01  2.9010212e-01  1.8114707e-01
   1.5774980e-01 -2.1888818e-05  6.9251126e-01 -2.4333827e-01
  -5.2639861e-02 -3.9956293e-01 -1.9371584e-01 -9.9028513e-02
   1.6440617e-01  1.8104629e-01 -2.1799216e-01  0.0000000e+00
   1.0000000e+00  0.0000000e+00  1.0000000e+00  0.0000000e+00
   1.0000000e+00]]
[[-2.9475736e-02 -7.1172625e-02 -5.0424960e-02  3.3990622e-02
   8.5585468e-02 -9.9575090e-01  0.0000000e+00  5.5000000e-02
   1.5707964e+00 -4.7954005e-01 -2.5006967e-02  1.9540434e-01
  -6.3287459e-02  5.4450798e-01  2.8997171e-01  1.9421054e-01
   1.6178939e-01 -1.8424682e-05  6.9365185e-01 -2.5122094e-01
  -5.4067880e-02 -4.0075961e-01 -1.9504197e-01 -8.8151224e-02
   1.6734320e-01  1.8307094e-01 -2.2797561e-01  0.0000000e+00
   1.0000000e+00  0.0000000e+00  1.0000000e+00  0.0000000e+00
   1.0000000e+00]]
[[-9.2672147e-03 -6.5517046e-02 -4.2559545e-02  3.3783585e-02
   8.7003857e-02 -9.9563515e-01  0.0000000e+00  5.5000000e-02
   1.5707964e+00 -4.9683958e-01 -2.2679394e-02  1.9768764e-01
  -6.1340466e-02  5.4436016e-01  2.9022032e-01  2.0845225e-01
   1.5996395e-01 -1.4996357e-05  6.9363588e-01 -2.5193569e-01
  -5.7820093e-02 -4.0063062e-01 -1.9796996e-01 -8.8926926e-02
   1.6789617e-01  1.8801035e-01 -2.4021438e-01  0.0000000e+00
   1.0000000e+00  0.0000000e+00  1.0000000e+00  1.0000000e+00
   1.0000000e+00]]
[[ 7.3273538e-04 -7.3996738e-02 -4.4008844e-02  3.2859281e-02
   8.7247178e-02 -9.9564505e-01  0.0000000e+00  5.5000000e-02
   1.5707964e+00 -5.1260459e-01 -1.6621787e-02  1.9848205e-01
  -5.7566706e-02  5.4531753e-01  2.9068524e-01  2.2066438e-01
   1.6263092e-01 -1.3619870e-05  6.9356132e-01 -2.5170070e-01
  -6.1058298e-02 -4.0116677e-01 -2.0220856e-01 -8.7063037e-02
   1.6784337e-01  1.8872213e-01 -2.4908808e-01  1.0000000e+00
   1.0000000e+00  0.0000000e+00  1.0000000e+00  1.0000000e+00
   1.0000000e+00]]
[[ 3.0688647e-02 -7.8481540e-02 -6.5792099e-02  3.0439951e-02
   8.5482240e-02 -9.9587494e-01  0.0000000e+00  5.5000000e-02
   1.5707964e+00 -5.2867752e-01 -7.5611351e-03  1.9952013e-01
  -5.2807759e-02  5.4359382e-01  2.8954679e-01  2.1577127e-01
   1.6952549e-01 -1.4455452e-05  6.9532710e-01 -2.4636748e-01
  -6.4362936e-02 -3.9819771e-01 -1.9626841e-01 -9.1088489e-02
   1.6874945e-01  1.8684606e-01 -2.5543493e-01  1.0000000e+00
   1.0000000e+00  0.0000000e+00  0.0000000e+00  1.0000000e+00
   1.0000000e+00]]
[[ 2.2466112e-02 -8.4453754e-02 -1.4857784e-02  2.8174881e-02
   8.3300456e-02 -9.9612617e-01  0.0000000e+00  5.5000000e-02
   1.5707964e+00 -5.4205424e-01  6.0600615e-03  1.9667979e-01
  -5.2260444e-02  5.4754126e-01  2.8915596e-01  2.1448293e-01
   1.8331841e-01  1.1001958e-03  7.1034682e-01 -2.4055606e-01
  -6.8210550e-02 -3.8903740e-01 -1.9729434e-01 -8.9093179e-02
   1.7784989e-01  1.7936008e-01 -2.5511083e-01  1.0000000e+00
   1.0000000e+00  0.0000000e+00  0.0000000e+00  1.0000000e+00
   1.0000000e+00]]
[[-1.2504822e-03 -7.2682202e-02  1.2537104e-02  2.6787288e-02
   8.3227247e-02 -9.9617040e-01  0.0000000e+00  5.5000000e-02
   1.5707964e+00 -5.5294830e-01  1.6119745e-02  1.9408892e-01
  -5.6134421e-02  5.4492325e-01  2.9211760e-01  2.1480536e-01
   1.8933766e-01 -1.4085512e-05  7.2708786e-01 -2.4094594e-01
  -6.8178058e-02 -3.7695342e-01 -1.9910285e-01 -8.6127721e-02
   1.9014807e-01  1.8096218e-01 -2.5860539e-01  1.0000000e+00
   1.0000000e+00  0.0000000e+00  0.0000000e+00  1.0000000e+00
   1.0000000e+00]]
[[ 9.8267011e-04 -7.0903584e-02  3.7761059e-02  2.5532415e-02
   8.3659723e-02 -9.9616712e-01  0.0000000e+00  5.5000000e-02
   1.5707964e+00 -5.6296396e-01  1.7946064e-02  1.9454050e-01
  -6.0164049e-02  5.3714120e-01  2.9156157e-01  2.1583296e-01
   1.9176796e-01 -1.4998429e-05  7.3290110e-01 -2.5437954e-01
  -7.3997393e-02 -3.6144274e-01 -1.8991823e-01 -8.8771053e-02
   2.0588005e-01  1.9384222e-01 -2.6837203e-01  1.0000000e+00
   1.0000000e+00  0.0000000e+00  0.0000000e+00  1.0000000e+00
   1.0000000e+00]]
[[ 2.9451743e-02 -6.4555943e-02  7.5482376e-02  2.4641380e-02
   8.2155153e-02 -9.9631453e-01  0.0000000e+00  5.5000000e-02
   1.5707964e+00 -5.7361513e-01  1.0071173e-02  1.9930913e-01
  -6.2316608e-02  5.2715749e-01  2.8630951e-01  2.1940561e-01
   1.9204657e-01 -1.5332793e-05  7.3296785e-01 -2.7866149e-01
  -9.3721889e-02 -3.3982226e-01 -1.7412533e-01 -9.4179213e-02
   2.2847779e-01  2.0367695e-01 -2.7579352e-01  1.0000000e+00
   1.0000000e+00  0.0000000e+00  0.0000000e+00  1.0000000e+00
   1.0000000e+00]]
[[ 4.35468107e-02 -9.41111222e-02  7.06237480e-02  2.11929362e-02
   7.83748329e-02 -9.96698499e-01  0.00000000e+00  5.49999997e-02
   1.57079637e+00 -5.84886551e-01  6.02290919e-03  2.03826874e-01
  -6.38329461e-02  5.13683558e-01  2.80387819e-01  2.17548802e-01
   1.95820302e-01 -1.45618687e-05  7.30249941e-01 -3.19445848e-01
  -1.20304428e-01 -3.13725084e-01 -1.41961947e-01 -1.06029905e-01
   2.57466376e-01  2.17995211e-01 -2.84448802e-01  1.00000000e+00
   1.00000000e+00  0.00000000e+00  0.00000000e+00  1.00000000e+00
   1.00000000e+00]]
[[ 1.15384143e-02 -7.77169168e-02  6.01537079e-02  1.87530257e-02
   7.62531087e-02 -9.96912360e-01  0.00000000e+00  5.49999997e-02
   1.57079637e+00 -5.95130324e-01  7.66144274e-03  2.05518663e-01
  -6.51959702e-02  4.94307280e-01  2.72139728e-01  2.09987342e-01
   2.00761795e-01 -2.21117971e-05  7.27707088e-01 -3.49987805e-01
  -1.44356370e-01 -2.87125558e-01 -1.25508875e-01 -1.09360404e-01
   2.87111491e-01  2.26880372e-01 -2.89380610e-01  1.00000000e+00
   1.00000000e+00  0.00000000e+00  0.00000000e+00  1.00000000e+00
   1.00000000e+00]]
[[-1.24714579e-02 -6.63491637e-02  3.56290303e-02  1.69108789e-02
   7.63985142e-02 -9.96934295e-01  0.00000000e+00  5.49999997e-02
   1.57079637e+00 -6.04714811e-01  1.27272531e-02  2.06549913e-01
  -6.48252442e-02  4.79154944e-01  2.60947913e-01  2.04566613e-01
   2.06763864e-01 -1.80807037e-05  7.15844095e-01 -3.58218133e-01
  -1.59895048e-01 -2.67493725e-01 -1.17668755e-01 -1.09498814e-01
   3.08250368e-01  2.37792268e-01 -2.96870947e-01  1.00000000e+00
   1.00000000e+00  0.00000000e+00  0.00000000e+00  1.00000000e+00
   1.00000000e+00]]
[[ 3.49992211e-03 -6.61087185e-02  1.60588266e-03  1.52659230e-02
   7.67425001e-02 -9.96934235e-01  0.00000000e+00  5.49999997e-02
   1.57079637e+00 -6.15702987e-01  1.48917269e-02  2.12025404e-01
  -6.20314814e-02  4.67360795e-01  2.52753973e-01  1.97793737e-01
   2.05771163e-01 -1.62517081e-05  6.95858955e-01 -3.62872064e-01
  -1.65026173e-01 -2.55627990e-01 -1.12754494e-01 -1.09211810e-01
   3.20131540e-01  2.46739760e-01 -3.05244595e-01  1.00000000e+00
   1.00000000e+00  0.00000000e+00  0.00000000e+00  1.00000000e+00
   1.00000000e+00]]
[[ 1.34740975e-02 -7.74812102e-02 -6.34962227e-03  1.28496028e-02
   7.59291947e-02 -9.97030377e-01  0.00000000e+00  5.49999997e-02
   1.57079637e+00 -6.27990305e-01  1.89383794e-02  2.18614042e-01
  -6.06273822e-02  4.56124961e-01  2.47051850e-01  1.87597841e-01
   2.05428123e-01 -1.44372707e-05  6.77624881e-01 -3.67533326e-01
  -1.72137856e-01 -2.45783597e-01 -1.06947318e-01 -1.09246515e-01
   3.29826355e-01  2.51553506e-01 -3.11730057e-01  1.00000000e+00
   1.00000000e+00  0.00000000e+00  0.00000000e+00  1.00000000e+00
   1.00000000e+00]]
[[ 3.4891449e-02 -8.6953424e-02  1.6364420e-02  9.6033756e-03
   7.4287288e-02 -9.9719089e-01  0.0000000e+00  5.5000000e-02
   1.5707964e+00 -6.3945121e-01  2.4274215e-02  2.2411831e-01
  -5.8711983e-02  4.3231457e-01  2.3780516e-01  1.7516518e-01
   1.9595122e-01 -1.4614837e-05  6.5913260e-01 -3.8426384e-01
  -1.8731225e-01 -2.3265757e-01 -9.4482735e-02 -1.1227698e-01
   3.4336799e-01  2.5810188e-01 -3.1856692e-01  1.0000000e+00
   1.0000000e+00  0.0000000e+00  0.0000000e+00  1.0000000e+00
   1.0000000e+00]]
[[ 1.3968446e-02 -8.8380165e-02  3.4201443e-02  6.5181404e-03
   7.2678223e-02 -9.9733442e-01  0.0000000e+00  5.5000000e-02
   1.5707964e+00 -6.4748752e-01  3.4099732e-02  2.2434722e-01
  -5.1223908e-02  4.0908149e-01  2.2268507e-01  1.6970584e-01
   1.8507016e-01 -2.1246420e-05  6.3970453e-01 -4.0625778e-01
  -2.0536496e-01 -2.1469890e-01 -8.4312543e-02 -1.1337799e-01
   3.6312300e-01  2.6248276e-01 -3.2174388e-01  1.0000000e+00
   1.0000000e+00  0.0000000e+00  0.0000000e+00  1.0000000e+00
   1.0000000e+00]]
[[ 8.1043923e-05 -7.6314025e-02  3.8505018e-02  4.3154312e-03
   7.2195373e-02 -9.9738085e-01  0.0000000e+00  5.5000000e-02
   1.5707964e+00 -6.5318596e-01  4.2968802e-02  2.2405946e-01
  -4.0800061e-02  3.8970158e-01  2.0754728e-01  1.6577059e-01
   1.7336687e-01 -2.2604225e-05  6.1093980e-01 -4.2140546e-01
  -2.2091904e-01 -1.9781257e-01 -7.9565592e-02 -1.1172140e-01
   3.8194570e-01  2.6710895e-01 -3.2428536e-01  1.0000000e+00
   1.0000000e+00  0.0000000e+00  0.0000000e+00  1.0000000e+00
   1.0000000e+00]]
[[-2.17698584e-03 -6.78296909e-02  2.85560768e-02  3.02910153e-03
   7.23093674e-02 -9.97377634e-01  0.00000000e+00  5.49999997e-02
   1.57079637e+00 -6.57214522e-01  4.68675941e-02  2.25748360e-01
  -2.60346141e-02  3.72458994e-01  1.93325415e-01  1.64278537e-01
   1.60880253e-01 -2.57555512e-05  5.66746175e-01 -4.32109833e-01
  -2.32594848e-01 -1.84146747e-01 -7.69469216e-02 -1.09405294e-01
   3.97376269e-01  2.72163659e-01 -3.26849043e-01  1.00000000e+00
   1.00000000e+00  0.00000000e+00  0.00000000e+00  1.00000000e+00
   1.00000000e+00]]
[[-9.1813486e-03 -5.9544899e-02  2.8552096e-02  2.7061831e-03
   7.2817720e-02 -9.9734169e-01  0.0000000e+00  5.5000000e-02
   1.5707964e+00 -6.5934098e-01  4.7127299e-02  2.2840883e-01
  -5.7919668e-03  3.5573280e-01  1.7953369e-01  1.6167453e-01
   1.5341367e-01 -2.4337282e-05  5.0966614e-01 -4.4391423e-01
  -2.4433102e-01 -1.7260157e-01 -7.8247011e-02 -1.0533495e-01
   4.1071159e-01  2.7541375e-01 -3.2776096e-01  1.0000000e+00
   0.0000000e+00  0.0000000e+00  0.0000000e+00  1.0000000e+00
   1.0000000e+00]]
[[-5.9930184e-03 -8.0740288e-02  3.8732547e-02  2.5809016e-03
   7.3522963e-02 -9.9729049e-01  0.0000000e+00  5.5000000e-02
   1.5707964e+00 -6.5891570e-01  4.9163774e-02  2.2719209e-01
   1.3078377e-02  3.2814983e-01  1.6558526e-01  1.6497271e-01
   1.3317621e-01 -2.0591857e-05  4.4015411e-01 -4.5493001e-01
  -2.6058623e-01 -1.5758482e-01 -7.8258999e-02 -1.0201052e-01
   4.2860010e-01  2.7991137e-01 -3.2771167e-01  1.0000000e+00
   0.0000000e+00  0.0000000e+00  0.0000000e+00  1.0000000e+00
   1.0000000e+00]]
[[-9.3430514e-03 -8.6139143e-02  9.7502433e-02  2.7359012e-03
   7.3774047e-02 -9.9727118e-01  0.0000000e+00  5.5000000e-02
   1.5707964e+00 -6.5599865e-01  5.8681577e-02  2.1894860e-01
   3.7852876e-02  2.9831567e-01  1.4296031e-01  1.6120854e-01
   1.1430630e-01 -1.3183531e-05  3.5483459e-01 -4.6606797e-01
  -2.7012724e-01 -1.3597074e-01 -8.5175060e-02 -9.4510525e-02
   4.5483437e-01  2.7658558e-01 -3.2018211e-01  1.0000000e+00
   1.0000000e+00  0.0000000e+00  0.0000000e+00  1.0000000e+00
   1.0000000e+00]]
[[-2.20132736e-03 -8.61018226e-02  1.22323602e-01  2.18336796e-03
   7.36563802e-02 -9.97281253e-01  0.00000000e+00  5.49999997e-02
   1.57079637e+00 -6.50885642e-01  7.71601275e-02  2.03376904e-01
   9.23444331e-02  2.53715366e-01  1.04746796e-01  1.46234781e-01
   1.03894345e-01 -2.75462826e-05  2.36419603e-01 -4.53788131e-01
  -2.67846853e-01 -1.12378471e-01 -9.01795849e-02 -8.84099603e-02
   4.83828306e-01  2.73034751e-01 -3.13098997e-01  1.00000000e+00
   1.00000000e+00  0.00000000e+00  0.00000000e+00  1.00000000e+00
   1.00000000e+00]]
[[ 4.4887312e-02 -1.1941978e-01  6.1676852e-02 -3.5696241e-04
   7.0053235e-02 -9.9754339e-01  0.0000000e+00  5.5000000e-02
   1.5707964e+00 -6.4774597e-01  1.0449850e-01  1.8538456e-01
   1.6737266e-01  1.9800757e-01  3.4895029e-02  1.0863153e-01
   1.0857598e-01  2.8548865e-03  1.0695337e-01 -3.9745075e-01
  -2.3591921e-01 -8.4002525e-02 -9.2662811e-02 -8.2683340e-02
   5.1694399e-01  2.5477546e-01 -2.9394647e-01  1.0000000e+00
   1.0000000e+00  0.0000000e+00  0.0000000e+00  1.0000000e+00
   1.0000000e+00]]
[[ 0.02022738 -0.07662915  0.11176204 -0.00180177  0.06503844 -0.9978811
   0.          0.055       1.5707964  -0.6457371   0.13659461  0.16432318
   0.19274992  0.1762632   0.02362475  0.0464257   0.12706466  0.03118278
   0.03406435 -0.2776997  -0.17319776 -0.03487238 -0.11252536 -0.06631532
   0.5656181   0.21489032 -0.25949284  1.          1.          0.
   0.          1.          1.        ]]
[[ 0.02999471  0.03520259  0.10634513  0.00271157  0.06187565 -0.9980804
   0.          0.055       1.5707964  -0.6361216   0.13778508  0.12811427
   0.20981136  0.12789054  0.04856084  0.02993082  0.19817194  0.07242578
   0.03979421 -0.18072982 -0.15378827  0.0066742  -0.10772394 -0.06998479
   0.5868384   0.19160008 -0.22450165  1.          1.          0.
   0.          1.          1.        ]]
[[ 0.12344339  0.14355522 -0.07618023  0.01125531  0.05158854 -0.998605
   0.          0.055       1.5707964  -0.6536609   0.14212167  0.034017
   0.20849925  0.0169221   0.10328289  0.04111877  0.25948775  0.11928952
   0.05990035 -0.12683623 -0.19131409  0.03116461 -0.08470927 -0.08769376
   0.59756356  0.15674683 -0.19843708  1.          1.          0.
   0.          1.          1.        ]]
[[ 2.80555099e-01  1.17851660e-01 -1.51402354e-01  2.14434881e-02
   2.78535802e-02 -9.99382019e-01  0.00000000e+00  5.49999997e-02
   1.57079637e+00 -6.68634057e-01  2.06343755e-01 -6.38116333e-08
   1.65839657e-01 -1.08742520e-01  1.66804284e-01  6.29371963e-03
   2.61486143e-01  1.59175560e-01  7.47616291e-02 -5.47142401e-02
  -2.27046669e-01  7.21165985e-02 -1.09015606e-01 -1.20870106e-01
   6.12352550e-01  5.98259196e-02 -1.54591516e-01  1.00000000e+00
   1.00000000e+00  0.00000000e+00  0.00000000e+00  1.00000000e+00
   1.00000000e+00]]
[[ 0.16873099  0.09599304 -0.28792763  0.03239936  0.01053219 -0.99942
   0.          0.055       1.5707964  -0.66464573  0.24851547  0.05868958
   0.08075522 -0.2276982   0.23122378 -0.15474689  0.22375052  0.17224728
   0.06313617 -0.01904918 -0.22587569  0.11780442 -0.18960078 -0.1502272
   0.5790165  -0.0021143  -0.14528191  1.          1.          0.
   0.          1.          1.        ]]
[[ 1.5218242e-01  1.0449889e-01 -2.7363303e-01  4.2700343e-02
  -1.5449808e-03 -9.9908680e-01  0.0000000e+00  5.5000000e-02
   1.5707964e+00 -6.2600130e-01  2.9615378e-01  1.3779114e-01
  -1.5843038e-02 -3.2690391e-01  2.8998104e-01 -3.8265604e-01
   1.7194657e-01  1.8789443e-01  4.4146813e-02 -5.5363070e-04
  -2.1188790e-01  1.7171533e-01 -2.5602099e-01 -1.7706227e-01
   5.3561103e-01 -3.3862438e-02 -1.5641733e-01  1.0000000e+00
   1.0000000e+00  0.0000000e+00  0.0000000e+00  1.0000000e+00
   1.0000000e+00]]
[[ 0.07513302  0.00478042 -0.2013845   0.04711464 -0.00693564 -0.9988657
   0.          0.055       1.5707964  -0.47311488  0.39181915  0.19840719
  -0.07844158 -0.3704951   0.32057983 -0.5558098   0.10238434  0.19261412
   0.02104677  0.00689827 -0.19496195  0.18809126 -0.28873158 -0.18813005
   0.49835408 -0.04041586 -0.169287    1.          1.          0.
   0.          1.          1.        ]]
[[-0.02785836 -0.05852351 -0.08562885  0.04614156 -0.0058801  -0.99891764
   0.          0.055       1.5707964  -0.25868157  0.455103    0.24280223
  -0.09403377 -0.357882    0.31530365 -0.6113357   0.05310382  0.17349732
   0.0026682  -0.01107374 -0.17268246  0.18330072 -0.29154232 -0.20143113
   0.4769189  -0.04086226 -0.17115177  1.          0.          0.
   0.          1.          1.        ]]
[[-0.02737427 -0.0419363  -0.11201036  0.04517312 -0.00256852 -0.9989759
   0.          0.055       1.5707964  -0.09450049  0.45762062  0.24383193
  -0.10332386 -0.33115706  0.29593685 -0.60718954  0.06638419  0.16363405
  -0.01520447 -0.04699057 -0.14856815  0.17545873 -0.29590493 -0.21367599
   0.45478407 -0.04333317 -0.17461595  1.          0.          0.
   0.          1.          1.        ]]
[[-0.00495855  0.01970128 -0.06588081  0.04776251 -0.00314836 -0.99885374
   0.          0.055       1.5707964  -0.00643236  0.375607    0.21115199
  -0.12840605 -0.32930043  0.287205   -0.60523885  0.13034363  0.19190228
  -0.0215044  -0.06870746 -0.13886616  0.18773414 -0.28476048 -0.22425146
   0.4390109  -0.05783051 -0.18185523  1.          0.          0.
   0.          1.          1.        ]]
[[-0.01982288 -0.04224092 -0.04141554  0.04646846 -0.0031784  -0.99891454
   0.          0.055       1.5707964   0.03371937  0.27314317  0.17334583
  -0.15216206 -0.31323385  0.2697236  -0.5928337   0.19178508  0.23390266
  -0.01816451 -0.06680432 -0.1449736   0.20420106 -0.26225153 -0.2100819
   0.43371534 -0.04732405 -0.20255986  1.          0.          0.
   0.          1.          1.        ]]
[[-0.09680265 -0.11894318  0.06051327  0.03732835  0.00186515 -0.9993015
   0.          0.055       1.5707964   0.06162768  0.17629786  0.15378335
  -0.15569982 -0.24286756  0.22201906 -0.551759    0.23183791  0.2548293
  -0.00690705 -0.06452534 -0.15293536  0.20674598 -0.27765486 -0.17749496
   0.44237912 -0.00817774 -0.2292065   1.          0.          0.
   0.          1.          1.        ]]
[[-0.1429347  -0.12657614  0.11750035  0.02856045  0.01178617 -0.99952245
   0.          0.055       1.5707964   0.08540194  0.08146878  0.13481452
  -0.14078735 -0.158883    0.16602315 -0.48595664  0.24890514  0.2485933
   0.01436026 -0.08471385 -0.15555303  0.20854497 -0.3002428  -0.1755551
   0.46457338  0.03498335 -0.25298023  1.          0.          0.
   0.          1.          1.        ]]
[[-0.15835947 -0.11029433  0.13736506  0.02239919  0.02349384 -0.9994731
   0.          0.055       1.5707964   0.09408884 -0.01138356  0.12772827
  -0.1271562  -0.08081574  0.11554812 -0.41810632  0.28051803  0.24304959
   0.03751606 -0.12152702 -0.14961451  0.21105963 -0.31444064 -0.18891867
   0.48902595  0.07399114 -0.27496892  1.          0.          0.
   0.          1.          1.        ]]
[[ 0.0045925  -0.04284955 -0.0145059   0.02604066  0.02277792 -0.9994013
   0.          0.055       1.5707964   0.07640783 -0.01171646  0.11831751
  -0.14898525 -0.0808429   0.10951144 -0.3605545   0.33781376  0.24679695
   0.05763246 -0.14071421 -0.14923313  0.19305848 -0.3198273  -0.20847698
   0.5031991   0.0539535  -0.2767897   1.          0.          0.
   0.          1.          1.        ]]
[[ 0.01054346 -0.07011943 -0.07377944  0.0266208   0.02080138 -0.99942917
   0.          0.055       1.5707964   0.03914135 -0.03624396  0.13489848
  -0.19333148 -0.07174622  0.06536882 -0.29546282  0.3897337   0.26264924
   0.07336403 -0.1527712  -0.12153725  0.14340469 -0.32977173 -0.2092867
   0.49837145  0.06201794 -0.2952775   1.          0.          1.
   1.          1.          0.        ]]
[[-0.02512503 -0.05847492 -0.09894542  0.0267381   0.02115113 -0.99941856
   0.          0.055       1.5707964   0.00868936 -0.06977269  0.16072221
  -0.20705596 -0.01369536  0.02664812 -0.21372722  0.39717212  0.27409407
   0.09877571 -0.15513259 -0.09364257  0.08812062 -0.34104893 -0.20775534
   0.4916731   0.09174742 -0.32102135  1.          0.          1.
   1.          1.          0.        ]]
[[-0.06915547 -0.02929964 -0.10483948  0.02863717  0.02618329 -0.9992467
   0.          0.055       1.5707964  -0.01723719 -0.10440881  0.18823712
  -0.21351224  0.08870982  0.02588155 -0.1487577   0.36067888  0.26145208
   0.11165687 -0.16188312 -0.07328025  0.03772805 -0.33326072 -0.20957208
   0.47653878  0.13834311 -0.35622978  1.          0.          1.
   1.          1.          0.        ]]
[[-0.07934968 -0.04601805 -0.01349298  0.03000452  0.03382065 -0.99897754
   0.          0.055       1.5707964  -0.02611762 -0.11226808  0.19423002
  -0.2136451   0.15643562  0.05056212 -0.0992057   0.325273    0.23149723
   0.12640321 -0.16945909 -0.06689104  0.01727712 -0.3090179  -0.2016044
   0.475746    0.1845802  -0.38656083  1.          0.          1.
   1.          1.          0.        ]]
[[-0.06184165 -0.07870339  0.07694815  0.03076853  0.0402851  -0.99871457
   0.          0.055       1.5707964  -0.01781983 -0.09526558  0.17863919
  -0.20522979  0.19512795  0.07075833 -0.0499635   0.31723234  0.19367668
   0.15046765 -0.17934549 -0.06883911  0.01269126 -0.28119195 -0.18425252
   0.49393702  0.21064816 -0.39970076  1.          0.          1.
   1.          1.          0.        ]]
[[-0.05010355 -0.08450057  0.10700997  0.03173511  0.04573327 -0.9984499
   0.          0.055       1.5707964   0.00176198 -0.0637394   0.15038264
  -0.1847466   0.21433255  0.08565366  0.01061171  0.30520725  0.15771632
   0.18135811 -0.1936802  -0.07371771  0.00544753 -0.24695754 -0.16261864
   0.52371925  0.22126599 -0.4004936   1.          0.          1.
   1.          1.          0.        ]]
[[-0.0275718  -0.09955298  0.10356348  0.03226061  0.04940116 -0.9982578
   0.          0.055       1.5707964   0.01903384 -0.02538613  0.11843581
  -0.17518769  0.23415099  0.10890388  0.07375446  0.27280957  0.12620263
   0.21495388 -0.2039442  -0.082652    0.01057391 -0.22244813 -0.12982047
   0.5612902   0.22226615 -0.39607757  1.          0.          1.
   1.          1.          0.        ]]
[[-0.0151001  -0.10951792  0.06361845  0.03358353  0.051197   -0.9981236
   0.          0.055       1.5707964   0.02641387  0.00299666  0.09421221
  -0.16199422  0.25482172  0.13819084  0.11707604  0.22427177  0.08136895
   0.24425533 -0.21623693 -0.08880131  0.01642993 -0.19212094 -0.09825618
   0.5949247   0.21372566 -0.3899993   1.          0.          1.
   1.          1.          0.        ]]
[[ 0.0101854  -0.12626405  0.04941076  0.03515267  0.05049036 -0.99810594
   0.          0.055       1.5707964   0.02706787  0.0196654   0.07780428
  -0.14456932  0.2720054   0.16517043  0.13253663  0.1711863   0.03467584
   0.2710915  -0.22420795 -0.09600449  0.01800648 -0.1700581  -0.06902497
   0.6260289   0.1952618  -0.38081872  1.          0.          1.
   0.          1.          0.        ]]
[[ 1.05658546e-02 -1.54421434e-01  6.11870401e-02  3.62845398e-02
   4.86465544e-02 -9.98156846e-01  0.00000000e+00  5.49999997e-02
   1.57079637e+00  2.99724303e-02  3.23808752e-02  6.40357733e-02
  -1.19133115e-01  2.91199058e-01  1.89443439e-01  1.54531598e-01
   1.21707566e-01 -3.64609218e-06  2.94801980e-01 -2.22060934e-01
  -1.08334847e-01  1.55116469e-02 -1.72173962e-01 -6.23493642e-02
   6.55316412e-01  1.74257204e-01 -3.69634628e-01  1.00000000e+00
   0.00000000e+00  1.00000000e+00  1.00000000e+00  1.00000000e+00
   0.00000000e+00]]
[[ 4.36772630e-02 -1.72764346e-01  6.92851245e-02  3.46071310e-02
   4.47983183e-02 -9.98396575e-01  0.00000000e+00  5.49999997e-02
   1.57079637e+00  2.49586292e-02  4.33137789e-02  5.76237068e-02
  -1.07880585e-01  3.05806756e-01  2.17560560e-01  1.76104903e-01
   8.35054889e-02 -2.40161216e-06  3.12117636e-01 -2.10023671e-01
  -1.17367052e-01  2.34658718e-02 -1.78459585e-01 -5.87535873e-02
   6.76338255e-01  1.55897185e-01 -3.59570533e-01  1.00000000e+00
   0.00000000e+00  1.00000000e+00  1.00000000e+00  1.00000000e+00
   0.00000000e+00]]
[[ 1.05118707e-01 -2.18245655e-01 -1.59624033e-02  2.85208374e-02
   3.62543240e-02 -9.98935461e-01  0.00000000e+00  5.49999997e-02
   1.57079637e+00  9.27428342e-03  6.14704303e-02  5.38903028e-02
  -9.81636867e-02  3.43963563e-01  2.42542848e-01  1.87947661e-01
   5.21877930e-02 -9.82925940e-06  3.17497641e-01 -1.87037215e-01
  -1.21939346e-01  3.06845102e-02 -1.71294317e-01 -5.75117320e-02
   6.83388114e-01  1.24743707e-01 -3.39514554e-01  1.00000000e+00
   0.00000000e+00  1.00000000e+00  1.00000000e+00  1.00000000e+00
   0.00000000e+00]]
[[ 1.93544105e-01 -2.87532598e-01  3.67526780e-04  1.80175900e-02
   2.14199629e-02 -9.99608517e-01  0.00000000e+00  5.49999997e-02
   1.57079637e+00 -1.42386053e-02  8.56591538e-02  5.17582260e-02
  -8.45786333e-02  3.87380183e-01  2.67755061e-01  1.90709576e-01
   1.59269478e-02 -1.05909385e-05  3.22706252e-01 -1.64226890e-01
  -1.18723378e-01  3.06627750e-02 -1.49417594e-01 -6.31322414e-02
   6.82071745e-01  7.19969869e-02 -3.05163026e-01  1.00000000e+00
   0.00000000e+00  1.00000000e+00  1.00000000e+00  1.00000000e+00
   0.00000000e+00]]
[[-7.4974529e-02 -9.5426686e-02  6.2449191e-02  1.4230185e-02
   1.6415665e-02 -9.9976397e-01  0.0000000e+00  5.5000000e-02
   1.5707964e+00 -2.1251043e-02  9.1293529e-02  5.1548939e-02
  -7.3078282e-02  4.0635297e-01  2.6614353e-01  1.8704082e-01
   1.1572204e-02  1.1079395e-03  3.3351353e-01 -1.7126301e-01
  -1.2090389e-01  2.3959490e-02 -1.3332961e-01 -7.1799912e-02
   6.7199868e-01  5.1328674e-02 -2.8363043e-01  1.0000000e+00
   0.0000000e+00  1.0000000e+00  1.0000000e+00  1.0000000e+00
   0.0000000e+00]]
[[-0.08639497 -0.18141994  0.0137212   0.0070374   0.02040509 -0.9997667
   0.          0.055       1.5707964  -0.02448682  0.09859942  0.04911383
  -0.12657546  0.42114887  0.25302485  0.18414837 -0.01225431  0.0104887
   0.3166075  -0.18029907 -0.10335832  0.01131845 -0.04825448 -0.11834531
   0.650367   -0.02871611 -0.20080031  1.          0.          1.
   1.          1.          0.        ]]
[[-0.06571429 -0.19253181  0.05273848 -0.00222538  0.02508608 -0.9996831
   0.          0.055       1.5707964  -0.03388807  0.10918249  0.04247056
  -0.22805256  0.42552873  0.24926399  0.17396872 -0.04356498  0.02612556
   0.2896907  -0.1583369  -0.08535255  0.01345577  0.05437835 -0.1761664
   0.64508766 -0.13884681 -0.15093502  1.          0.          1.
   1.          1.          0.        ]]
[[-0.04554594 -0.14583983  0.05981525 -0.00758997  0.02826535 -0.9995716
   0.          0.055       1.5707964  -0.05049949  0.11399252  0.03787921
  -0.30943137  0.45263532  0.24876137  0.1571013  -0.06723785  0.0352414
   0.2865474  -0.11709642 -0.06274202  0.02588617  0.11544373 -0.21453549
   0.60534394 -0.21098484 -0.16327778  1.          0.          1.
   1.          1.          0.        ]]
[[-0.05117491 -0.09355402  0.00965073 -0.00579863  0.03216708 -0.9994662
   0.          0.055       1.5707964  -0.07761423  0.12057208  0.02961887
  -0.33565426  0.47208634  0.24925174  0.13600186 -0.09361156  0.03817747
   0.28700253 -0.04881022 -0.04924968  0.03032207  0.11191673 -0.21991977
   0.49321073 -0.24835373 -0.19035465  1.          0.          1.
   1.          1.          0.        ]]
[[ 0.01500928 -0.1389537   0.00381413 -0.00540204  0.03271308 -0.99945
   0.          0.055       1.5707964  -0.11149938  0.12951404  0.01828152
  -0.3300467   0.4445828   0.2480679   0.10828721 -0.09384879  0.02803193
   0.29832163 -0.04972384 -0.0543107   0.04343727  0.10243919 -0.20759624
   0.37140572 -0.23833795 -0.21186058  1.          0.          1.
   1.          1.          0.        ]]
[[-0.00939419 -0.19148     0.02948446 -0.00706968  0.03404654 -0.9993952
   0.          0.055       1.5707964  -0.13789183  0.1446894   0.00556165
  -0.32668412  0.40394518  0.21796961  0.09002125 -0.10430706  0.0281803
   0.31335455 -0.02352302 -0.07857504  0.06297649  0.09431499 -0.15845472
   0.26977944 -0.20763929 -0.21799938  1.          0.          1.
   1.          1.          0.        ]]
[[-7.0926747e-03 -2.2918929e-01  2.3109114e-02 -8.3611133e-03
   3.7201282e-02 -9.9927330e-01  0.0000000e+00  5.5000000e-02
   1.5707964e+00 -1.5220049e-01  1.4614807e-01 -2.5928462e-06
  -3.2855642e-01  3.6440083e-01  1.8114442e-01  8.7677032e-02
  -1.2886511e-01  3.6414295e-02  3.2450563e-01  1.5592872e-03
  -1.0609001e-01  8.2112618e-02  5.7461318e-02 -1.3232866e-01
   1.9937186e-01 -1.8070368e-01 -2.0979829e-01  1.0000000e+00
   0.0000000e+00  1.0000000e+00  1.0000000e+00  1.0000000e+00
   0.0000000e+00]]
[[ 5.7978325e-02 -2.0729224e-01 -2.0594645e-02 -7.5384490e-03
   3.5053689e-02 -9.9935687e-01  0.0000000e+00  5.5000000e-02
   1.5707964e+00 -1.7143111e-01  1.3615032e-01 -3.4851973e-06
  -3.3296373e-01  3.4859854e-01  1.5821831e-01  8.1278548e-02
  -1.2331006e-01  2.2683512e-02  3.3176428e-01  1.3023053e-02
  -1.2703890e-01  9.9616386e-02  3.9646335e-02 -1.1128894e-01
   1.3846003e-01 -1.8011574e-01 -1.9635431e-01  1.0000000e+00
   0.0000000e+00  1.0000000e+00  1.0000000e+00  1.0000000e+00
   0.0000000e+00]]
[[ 6.0511164e-02 -1.7488115e-01 -3.0673273e-02 -3.9233235e-03
   3.2659430e-02 -9.9945873e-01  0.0000000e+00  5.5000000e-02
   1.5707964e+00 -1.8734159e-01  1.2781334e-01 -4.3310079e-06
  -3.2331446e-01  3.5401213e-01  1.5951826e-01  7.4264988e-02
  -1.1549495e-01  5.9010684e-03  3.3631867e-01 -1.7881362e-03
  -1.3458528e-01  1.2463600e-01  2.0281862e-02 -1.1071199e-01
   9.1049060e-02 -1.9035603e-01 -1.8384288e-01  1.0000000e+00
   0.0000000e+00  1.0000000e+00  1.0000000e+00  1.0000000e+00
   0.0000000e+00]]
[[-4.20155749e-03 -1.03619657e-01  9.11223993e-04 -6.48661284e-04
   3.24893855e-02 -9.99472082e-01  0.00000000e+00  5.49999997e-02
   1.57079637e+00 -2.04151019e-01  1.24046683e-01 -3.32171703e-06
  -3.16888630e-01  3.62738580e-01  1.76169083e-01  6.49695918e-02
  -1.20739646e-01 -2.58651620e-04  3.40573907e-01 -1.88441724e-02
  -1.40293330e-01  1.49125695e-01  6.60870748e-04 -1.19892731e-01
   6.18664473e-02 -1.96856394e-01 -1.75037846e-01  1.00000000e+00
   0.00000000e+00  1.00000000e+00  1.00000000e+00  1.00000000e+00
   0.00000000e+00]]
[[-1.49926767e-02 -4.22601886e-02  1.25600761e-02  1.49181462e-03
   3.36634181e-02 -9.99432147e-01  0.00000000e+00  5.49999997e-02
   1.57079637e+00 -2.16099948e-01  1.16063625e-01 -2.02994142e-03
  -3.11763704e-01  3.64322364e-01  1.86888754e-01  5.74485287e-02
  -1.33684784e-01 -5.67009447e-05  3.46797824e-01 -2.07940452e-02
  -1.52739093e-01  1.58258542e-01 -2.42433846e-02 -1.24420322e-01
   5.37360981e-02 -1.96067140e-01 -1.69051275e-01  1.00000000e+00
   0.00000000e+00  1.00000000e+00  1.00000000e+00  1.00000000e+00
   0.00000000e+00]]
[[-1.2061479e-02  4.5032809e-03 -2.6520232e-02  2.5551883e-03
   3.3563115e-02 -9.9943334e-01  0.0000000e+00  5.5000000e-02
   1.5707964e+00 -2.2792302e-01  1.0719348e-01 -1.8711211e-03
  -3.0651182e-01  3.5936359e-01  1.8557413e-01  4.6264097e-02
  -1.4532720e-01 -8.2271821e-05  3.5328281e-01 -1.4313288e-02
  -1.6565412e-01  1.5245481e-01 -4.3606490e-02 -1.2676947e-01
   5.1204711e-02 -1.9016407e-01 -1.6770262e-01  1.0000000e+00
   0.0000000e+00  1.0000000e+00  1.0000000e+00  1.0000000e+00
   0.0000000e+00]]
[[-2.8793382e-02  3.5141960e-03 -2.9045302e-02  2.4729527e-03
   3.3938523e-02 -9.9942064e-01  0.0000000e+00  5.5000000e-02
   1.5707964e+00 -2.4080054e-01  1.0772027e-01 -1.3125786e-03
  -3.0417815e-01  3.5784838e-01  1.8215126e-01  3.0657422e-02
  -1.4821243e-01 -5.4615310e-05  3.6068645e-01 -1.1701176e-02
  -1.6995369e-01  1.5188874e-01 -4.7052350e-02 -1.3455498e-01
   4.6700843e-02 -1.8475373e-01 -1.6491412e-01  0.0000000e+00
   0.0000000e+00  1.0000000e+00  1.0000000e+00  1.0000000e+00
   0.0000000e+00]]
[[-3.20121720e-02 -1.79735590e-02 -1.99266672e-02  1.83652411e-03
   3.50579955e-02 -9.99383807e-01  0.00000000e+00  5.49999997e-02
   1.57079637e+00 -2.51406580e-01  1.16927505e-01 -1.09994749e-03
  -2.98899978e-01  3.60071182e-01  1.81823313e-01  1.57315340e-02
  -1.44291937e-01 -4.15592476e-05  3.70363683e-01 -1.58680696e-02
  -1.66233450e-01  1.55589253e-01 -4.72876579e-02 -1.43314838e-01
   4.18939181e-02 -1.86536938e-01 -1.59585446e-01  0.00000000e+00
   0.00000000e+00  1.00000000e+00  1.00000000e+00  1.00000000e+00
   0.00000000e+00]]
[[-9.5608244e-03 -7.8679889e-02 -3.9307964e-03  2.1275110e-04
   3.5607103e-02 -9.9936610e-01  0.0000000e+00  5.5000000e-02
   1.5707964e+00 -2.5794297e-01  1.2898162e-01 -1.1107662e-03
  -2.8684780e-01  3.6214370e-01  1.8034880e-01  4.3577999e-03
  -1.3219085e-01 -6.0838240e-05  3.8283244e-01 -1.4716332e-02
  -1.6455330e-01  1.6257121e-01 -4.5836359e-02 -1.5274899e-01
   4.1944169e-02 -1.7947233e-01 -1.6209182e-01  0.0000000e+00
   0.0000000e+00  1.0000000e+00  1.0000000e+00  1.0000000e+00
   0.0000000e+00]]
[[-1.8435848e-03 -1.5159857e-01  8.2073556e-03 -1.4758881e-03
   3.5984639e-02 -9.9935132e-01  0.0000000e+00  5.5000000e-02
   1.5707964e+00 -2.6121846e-01  1.4022945e-01  5.9321574e-05
  -2.7694190e-01  3.6021206e-01  1.7695116e-01 -3.6462646e-03
  -1.1844506e-01 -3.3710539e-06  3.9342108e-01 -1.3362347e-02
  -1.6100004e-01  1.6607076e-01 -4.0565792e-02 -1.6126594e-01
   4.0085662e-02 -1.7167804e-01 -1.6839707e-01  0.0000000e+00
   0.0000000e+00  1.0000000e+00  1.0000000e+00  1.0000000e+00
   0.0000000e+00]]
[[ 1.3012623e-02 -1.8421581e-01 -5.7573491e-03 -2.5168024e-03
   3.6223918e-02 -9.9934059e-01  0.0000000e+00  5.5000000e-02
   1.5707964e+00 -2.6169348e-01  1.4689243e-01  3.5950893e-03
  -2.7759960e-01  3.5951844e-01  1.7432365e-01 -1.0343467e-02
  -1.0704447e-01  3.2552870e-04  4.0240040e-01 -1.5769428e-02
  -1.5483935e-01  1.6848260e-01 -3.7869155e-02 -1.6635181e-01
   3.9571937e-02 -1.7189097e-01 -1.7324336e-01  0.0000000e+00
   0.0000000e+00  1.0000000e+00  1.0000000e+00  0.0000000e+00
   0.0000000e+00]]
[[ 2.0771826e-02 -1.9587368e-01  6.5533146e-03 -3.3510907e-03
   3.6229357e-02 -9.9933821e-01  0.0000000e+00  5.5000000e-02
   1.5707964e+00 -2.7047810e-01  1.5464926e-01  7.7560376e-03
  -2.8753638e-01  3.7020111e-01  1.7981762e-01 -2.2539228e-02
  -9.7771704e-02  1.3396200e-03  4.1282669e-01 -1.9195601e-02
  -1.4788112e-01  1.7302074e-01 -4.1361108e-02 -1.6756243e-01
   3.6289766e-02 -1.7333506e-01 -1.7619932e-01  0.0000000e+00
   0.0000000e+00  1.0000000e+00  1.0000000e+00  0.0000000e+00
   1.0000000e+00]]
[[ 0.01945013 -0.19828911  0.01069823 -0.0036839   0.0366247  -0.9993222
   0.          0.055       1.5707964  -0.27882954  0.15472883  0.01542021
  -0.28707892  0.37953553  0.18682042 -0.03419624 -0.09645323  0.0076944
   0.42521405 -0.02226282 -0.14206669  0.1760227  -0.05206486 -0.16982186
   0.03300594 -0.17122342 -0.17335694  0.          0.          1.
   1.          0.          1.        ]]
[[ 0.00827754 -0.20397693 -0.00167454 -0.00472096  0.03749721 -0.99928576
   0.          0.055       1.5707964  -0.2872545   0.15494792  0.02328237
  -0.27868348  0.3797931   0.188778   -0.04644416 -0.0946321   0.01284892
   0.43657923 -0.02270083 -0.13802446  0.17693368 -0.06418748 -0.17615707
   0.02406217 -0.16346453 -0.16781859  0.          0.          1.
   1.          0.          1.        ]]
[[ 0.00863219 -0.1953249  -0.01666209 -0.00594229  0.03837821 -0.99924564
   0.          0.055       1.5707964  -0.29600975  0.15611577  0.02861063
  -0.26571658  0.37324274  0.185281   -0.06022627 -0.09164989  0.01599099
   0.4474136  -0.02202383 -0.13546722  0.17757381 -0.07085447 -0.18581268
   0.02116779 -0.16036773 -0.1588989   0.          1.          1.
   1.          0.          0.        ]]
[[-0.00233459 -0.19201863 -0.024186   -0.00778465  0.03966018 -0.99918336
   0.          0.055       1.5707964  -0.30718225  0.16662458  0.02973873
  -0.25927183  0.3775964   0.18460636 -0.07772341 -0.08368251  0.01460074
   0.45667875 -0.02337775 -0.13075057  0.17665173 -0.07150564 -0.19358991
   0.01346558 -0.1666089  -0.14946006  0.          1.          1.
   1.          0.          1.        ]]
[[ 0.01792454 -0.17377293 -0.03819393 -0.0082264   0.03957048 -0.9991833
   0.          0.055       1.5707964  -0.3199731   0.1653933   0.03635013
  -0.24832113  0.3760328   0.18431927 -0.10076995 -0.0763507   0.01211626
   0.4668444  -0.02853112 -0.12494591  0.17302217 -0.08234531 -0.1980895
   0.0077556  -0.16143489 -0.14675103  0.          1.          1.
   1.          0.          1.        ]]
[[ 0.01811152 -0.16987328 -0.03460441 -0.00845239  0.03944658 -0.99918616
   0.          0.055       1.5707964  -0.33067548  0.16587974  0.04110019
  -0.22785898  0.3682959   0.17977172 -0.12299906 -0.06818884  0.00917303
   0.47716218 -0.03512935 -0.11937185  0.16742091 -0.0856732  -0.20650712
   0.00546431 -0.15095298 -0.13872552  0.          1.          1.
   1.          0.          1.        ]]
[[ 0.01402747 -0.16743433 -0.03387509 -0.00888166  0.03942677 -0.9991834
   0.          0.055       1.5707964  -0.34173837  0.16795301  0.04579277
  -0.20992713  0.36109874  0.17377952 -0.14451437 -0.05992495  0.00593404
   0.487138   -0.04015661 -0.11566504  0.16505407 -0.07937801 -0.21381037
   0.0056744  -0.14530501 -0.12551916  0.          1.          1.
   1.          0.          1.        ]]
[[ 7.67137995e-03 -1.76760823e-01 -4.33184840e-02 -1.01233963e-02
   3.97992022e-02 -9.99156415e-01  0.00000000e+00  5.49999997e-02
   1.57079637e+00 -3.53054494e-01  1.77342564e-01  4.61399220e-02
  -2.06739485e-01  3.57824832e-01  1.73173293e-01 -1.69007987e-01
  -4.84124199e-02  5.54439830e-05  4.96475905e-01 -4.23575938e-02
  -1.13029994e-01  1.64246410e-01 -8.08568150e-02 -2.16294631e-01
   5.35912998e-03 -1.37525961e-01 -1.16725929e-01  0.00000000e+00
   1.00000000e+00  1.00000000e+00  1.00000000e+00  0.00000000e+00
   1.00000000e+00]]
[[-3.05052474e-02 -1.03527285e-01  2.98819708e-04 -1.07477205e-02
   3.98260839e-02 -9.99148607e-01  0.00000000e+00  5.49999997e-02
   1.57079637e+00 -3.64859939e-01  1.79209694e-01  5.03737964e-02
  -2.08192363e-01  3.46331388e-01  1.76032200e-01 -1.95788622e-01
  -4.49264832e-02 -5.91343587e-06  5.06743610e-01 -4.36580926e-02
  -1.11721188e-01  1.56464100e-01 -8.70073661e-02 -2.22543165e-01
   8.25335458e-03 -1.20554104e-01 -1.15103558e-01  0.00000000e+00
   1.00000000e+00  1.00000000e+00  1.00000000e+00  0.00000000e+00
   1.00000000e+00]]
[[-2.01357640e-02 -1.01093337e-01  1.19236605e-02 -1.12656141e-02
   3.95826101e-02 -9.99152482e-01  0.00000000e+00  5.49999997e-02
   1.57079637e+00 -3.76360297e-01  1.75507441e-01  5.92102222e-02
  -2.08720788e-01  3.41656834e-01  1.74863428e-01 -2.21898720e-01
  -3.93787846e-02 -6.87716374e-06  5.20457685e-01 -4.41722013e-02
  -1.10951640e-01  1.43063128e-01 -8.72268379e-02 -2.31763154e-01
   1.78763568e-02 -1.02283835e-01 -1.13349766e-01  0.00000000e+00
   1.00000000e+00  1.00000000e+00  1.00000000e+00  0.00000000e+00
   1.00000000e+00]]
[[-3.93547304e-03 -1.03665255e-01  4.68489574e-03 -1.17893582e-02
   3.90909426e-02 -9.99166191e-01  0.00000000e+00  5.49999997e-02
   1.57079637e+00 -3.88618439e-01  1.73114136e-01  6.94583505e-02
  -2.01611370e-01  3.41293156e-01  1.75041959e-01 -2.42926046e-01
  -2.79989168e-02 -5.62820833e-06  5.35186827e-01 -4.75248992e-02
  -1.08558297e-01  1.24301150e-01 -8.51214826e-02 -2.37146214e-01
   2.35744324e-02 -8.50654989e-02 -1.13094985e-01  0.00000000e+00
   1.00000000e+00  1.00000000e+00  1.00000000e+00  0.00000000e+00
   1.00000000e+00]]
[[-9.91735421e-03 -8.49043950e-02  3.12385205e-02 -1.13820108e-02
   3.83262783e-02 -9.99200106e-01  0.00000000e+00  5.49999997e-02
   1.57079637e+00 -3.97982031e-01  1.69112146e-01  7.90148079e-02
  -1.97330862e-01  3.43321890e-01  1.75542250e-01 -2.58443236e-01
  -1.79699454e-02 -6.84765519e-06  5.49896002e-01 -5.57024293e-02
  -1.05033539e-01  1.04841888e-01 -8.21164623e-02 -2.39504963e-01
   2.78433952e-02 -6.97377324e-02 -1.13710076e-01  0.00000000e+00
   1.00000000e+00  1.00000000e+00  1.00000000e+00  0.00000000e+00
   1.00000000e+00]]
[[ 6.02478953e-03 -7.48843029e-02  4.97590750e-02 -1.00693414e-02
   3.62728052e-02 -9.99291241e-01  0.00000000e+00  5.49999997e-02
   1.57079637e+00 -4.04540002e-01  1.61182821e-01  8.78642425e-02
  -1.92948759e-01  3.46883953e-01  1.77251026e-01 -2.67646670e-01
  -4.06781165e-03 -6.64672280e-06  5.65552592e-01 -6.38768375e-02
  -1.03758186e-01  8.72043744e-02 -8.09384286e-02 -2.39806429e-01
   3.59395929e-02 -5.72742410e-02 -1.13828532e-01  0.00000000e+00
   1.00000000e+00  1.00000000e+00  1.00000000e+00  0.00000000e+00
   1.00000000e+00]]
[[ 3.82651016e-02 -5.53742982e-02  6.84449747e-02 -7.03914184e-03
   3.23891416e-02 -9.99450505e-01  0.00000000e+00  5.49999997e-02
   1.57079637e+00 -4.08046424e-01  1.45013571e-01  9.68134776e-02
  -1.84314847e-01  3.55655551e-01  1.78741947e-01 -2.71231920e-01
   1.01217814e-02 -5.88892863e-06  5.80089450e-01 -7.45822787e-02
  -1.04439117e-01  6.44629970e-02 -8.60711634e-02 -2.39369154e-01
   4.73539717e-02 -3.58757600e-02 -1.18659645e-01  0.00000000e+00
   1.00000000e+00  1.00000000e+00  1.00000000e+00  0.00000000e+00
   1.00000000e+00]]
[[ 1.98270027e-02  2.29843110e-02  6.89346045e-02 -7.17938063e-04
   2.70069838e-02 -9.99634802e-01  0.00000000e+00  5.49999997e-02
   1.57079637e+00 -4.14337963e-01  1.13511115e-01  1.11127675e-01
  -1.72680289e-01  3.65524858e-01  1.83844015e-01 -2.79314071e-01
   1.70389209e-02 -8.01995611e-06  5.93223810e-01 -9.76932943e-02
  -1.01299830e-01  3.07916757e-02 -9.64443013e-02 -2.35995382e-01
   6.24000467e-02 -4.55723004e-03 -1.23858020e-01  0.00000000e+00
   1.00000000e+00  1.00000000e+00  1.00000000e+00  0.00000000e+00
   1.00000000e+00]]
[[-1.1020806e-02 -6.3934609e-02  2.1166470e-02  1.6861116e-03
   2.4689777e-02 -9.9969405e-01  0.0000000e+00  5.5000000e-02
   1.5707964e+00 -4.2072302e-01  1.0294429e-01  1.1634509e-01
  -1.6456923e-01  3.8054138e-01  1.9354664e-01 -2.8652745e-01
   2.4168257e-02 -8.4905823e-06  6.0597366e-01 -1.0578807e-01
  -1.0504250e-01 -6.8756854e-03 -9.9652790e-02 -2.2765292e-01
   7.9691693e-02 -1.9668988e-03 -1.1918306e-01  0.0000000e+00
   1.0000000e+00  1.0000000e+00  1.0000000e+00  0.0000000e+00
   1.0000000e+00]]
[[-5.46807703e-03 -1.02612138e-01 -3.58930677e-02  1.26795634e-03
   2.45455764e-02 -9.99697804e-01  0.00000000e+00  5.49999997e-02
   1.57079637e+00 -4.34113979e-01  9.57571790e-02  1.28014326e-01
  -1.58200100e-01  3.90758544e-01  1.98976725e-01 -3.14048201e-01
   2.78899651e-02 -3.80791221e-07  6.09812200e-01 -1.06929481e-01
  -1.03130005e-01 -5.41175343e-02 -1.13210484e-01 -2.16282994e-01
   8.11600909e-02  1.91151665e-03 -1.25013441e-01  0.00000000e+00
   1.00000000e+00  1.00000000e+00  1.00000000e+00  0.00000000e+00
   1.00000000e+00]]
[[-1.8752700e-02 -9.0381287e-02 -1.3679653e-02  8.6026220e-04
   2.5125301e-02 -9.9968410e-01  0.0000000e+00  5.5000000e-02
   1.5707964e+00 -4.4204694e-01  8.0634728e-02  1.4431286e-01
  -1.3274775e-01  3.9389786e-01  2.0048113e-01 -3.2253954e-01
   4.6233077e-02 -2.1586284e-06  6.1905015e-01 -1.1423337e-01
  -8.4699273e-02 -8.9339897e-02 -1.3721175e-01 -2.0266107e-01
   8.0170907e-02  1.6333582e-02 -1.3397378e-01  0.0000000e+00
   1.0000000e+00  1.0000000e+00  1.0000000e+00  0.0000000e+00
   1.0000000e+00]]
[[-6.7196712e-02 -5.4637216e-02 -1.1773390e-02  2.8805821e-03
   3.0106496e-02 -9.9954230e-01  0.0000000e+00  5.5000000e-02
   1.5707964e+00 -4.4109756e-01  5.0025754e-02  1.6603838e-01
  -1.0161178e-01  3.9219931e-01  1.9945171e-01 -2.8297788e-01
   8.5152045e-02  4.6361388e-06  6.3351506e-01 -1.2602016e-01
  -5.9060596e-02 -1.1964455e-01 -1.7036001e-01 -1.8980514e-01
   7.6562375e-02  5.1411919e-02 -1.5151301e-01  0.0000000e+00
   1.0000000e+00  1.0000000e+00  1.0000000e+00  0.0000000e+00
   1.0000000e+00]]
[[-1.0201919e-01 -4.4810161e-02 -2.0769004e-02  7.5446893e-03
   3.8489517e-02 -9.9923050e-01  0.0000000e+00  5.5000000e-02
   1.5707964e+00 -4.3967918e-01  7.5000562e-03  1.9239299e-01
  -9.6415848e-02  4.0297788e-01  2.0262317e-01 -2.3178014e-01
   1.0911133e-01  4.3166772e-04  6.4647400e-01 -1.3492098e-01
  -4.6687480e-02 -1.4479133e-01 -2.0739649e-01 -1.8394500e-01
   7.5115457e-02  9.5824130e-02 -1.7502379e-01  0.0000000e+00
   1.0000000e+00  1.0000000e+00  1.0000000e+00  0.0000000e+00
   1.0000000e+00]]
[[-1.1389749e-01 -3.9232202e-02  5.1530514e-02  1.3301105e-02
   4.7485523e-02 -9.9878329e-01  0.0000000e+00  5.5000000e-02
   1.5707964e+00 -4.3281123e-01 -2.6765509e-02  2.0855142e-01
  -9.5711887e-02  4.1484886e-01  2.1451120e-01 -1.7877571e-01
   1.1759247e-01 -2.5012755e-06  6.5424311e-01 -1.4519420e-01
  -4.4231579e-02 -1.6707480e-01 -2.3001510e-01 -1.8240081e-01
   8.3100870e-02  1.3054189e-01 -1.8993394e-01  0.0000000e+00
   1.0000000e+00  1.0000000e+00  1.0000000e+00  0.0000000e+00
   1.0000000e+00]]
[[-9.7620651e-02 -4.6910632e-02  8.0687948e-02  1.8228998e-02
   5.6486886e-02 -9.9823713e-01  0.0000000e+00  5.5000000e-02
   1.5707964e+00 -4.2025492e-01 -3.7577797e-02  2.0744936e-01
  -9.3713701e-02  4.2402175e-01  2.2473907e-01 -1.2581019e-01
   1.2710823e-01 -1.8154984e-06  6.6159922e-01 -1.6497591e-01
  -3.9723869e-02 -2.0007166e-01 -2.3702857e-01 -1.7208502e-01
   9.5947854e-02  1.5486649e-01 -1.9613907e-01  0.0000000e+00
   1.0000000e+00  1.0000000e+00  1.0000000e+00  0.0000000e+00
   1.0000000e+00]]
[[-7.7298984e-02 -5.1250815e-02  8.8976406e-02  2.2189280e-02
   6.3645817e-02 -9.9772584e-01  0.0000000e+00  5.5000000e-02
   1.5707964e+00 -4.0705851e-01 -3.6582742e-02  1.9797164e-01
  -9.3123749e-02  4.2791906e-01  2.2965319e-01 -7.1780890e-02
   1.3401668e-01 -3.0093004e-06  6.7080700e-01 -1.8176579e-01
  -3.9855257e-02 -2.3998579e-01 -2.3088275e-01 -1.5415399e-01
   1.1384267e-01  1.6897395e-01 -1.9558519e-01  0.0000000e+00
   1.0000000e+00  1.0000000e+00  1.0000000e+00  0.0000000e+00
   1.0000000e+00]]
[[-5.9184253e-02 -5.6880083e-02  8.8663682e-02  2.5464548e-02
   6.8501487e-02 -9.9732596e-01  0.0000000e+00  5.5000000e-02
   1.5707964e+00 -3.9829290e-01 -3.4076549e-02  1.8831089e-01
  -9.7728431e-02  4.3125221e-01  2.3221043e-01 -2.4577172e-02
   1.3424535e-01 -7.9511310e-06  6.8021232e-01 -1.9200996e-01
  -4.4808008e-02 -2.7398655e-01 -2.1634658e-01 -1.3723850e-01
   1.3329841e-01  1.7498633e-01 -1.9247539e-01  0.0000000e+00
   1.0000000e+00  0.0000000e+00  1.0000000e+00  0.0000000e+00
   1.0000000e+00]]
[[-5.6124646e-02 -5.3437948e-02  4.0752657e-02  2.7915698e-02
   7.2661974e-02 -9.9696565e-01  0.0000000e+00  5.5000000e-02
   1.5707964e+00 -3.9712241e-01 -3.1302385e-02  1.8207191e-01
  -1.0119634e-01  4.4557863e-01  2.4084902e-01  6.2147938e-03
   1.3874587e-01 -1.2017670e-05  6.8698943e-01 -2.0170787e-01
  -4.7856268e-02 -2.9890880e-01 -1.9830318e-01 -1.2406854e-01
   1.4730991e-01  1.8121722e-01 -1.9402687e-01  0.0000000e+00
   1.0000000e+00  0.0000000e+00  1.0000000e+00  0.0000000e+00
   1.0000000e+00]]
[[-4.8599377e-02 -5.7780437e-02  8.4961094e-03  3.0344717e-02
   7.6376855e-02 -9.9661714e-01  0.0000000e+00  5.5000000e-02
   1.5707964e+00 -4.0235043e-01 -3.2860488e-02  1.8068935e-01
  -1.0151464e-01  4.6593350e-01  2.5359920e-01  3.3945143e-02
   1.4030841e-01 -7.7937493e-06  6.9082063e-01 -2.1232039e-01
  -4.8784833e-02 -3.1758171e-01 -1.9056100e-01 -1.1425127e-01
   1.5579785e-01  1.8643393e-01 -1.9928746e-01  0.0000000e+00
   1.0000000e+00  0.0000000e+00  1.0000000e+00  0.0000000e+00
   1.0000000e+00]]
[[-3.2172047e-02 -6.2863670e-02 -1.5355647e-02  3.2480482e-02
   7.9013683e-02 -9.9634433e-01  0.0000000e+00  5.5000000e-02
   1.5707964e+00 -4.1104415e-01 -3.7477370e-02  1.8206267e-01
  -9.9748924e-02  4.8713717e-01  2.6511651e-01  6.4761542e-02
   1.3925439e-01 -6.6896646e-06  6.9198334e-01 -2.2030272e-01
  -5.0047696e-02 -3.3681306e-01 -1.8835215e-01 -1.1163306e-01
   1.6013503e-01  1.8898946e-01 -2.0577717e-01  0.0000000e+00
   1.0000000e+00  0.0000000e+00  1.0000000e+00  0.0000000e+00
   1.0000000e+00]]
[[-1.8974561e-02 -6.7345336e-02 -3.3210132e-02  3.3651222e-02
   8.0564722e-02 -9.9618131e-01  0.0000000e+00  5.5000000e-02
   1.5707964e+00 -4.2113361e-01 -3.8523454e-02  1.8197836e-01
  -9.5584236e-02  5.0797105e-01  2.7509430e-01  1.0403422e-01
   1.4324351e-01 -6.5921286e-06  6.9161570e-01 -2.2546779e-01
  -5.1976133e-02 -3.5765305e-01 -1.9560470e-01 -1.1020085e-01
   1.6221295e-01  1.8970691e-01 -2.1233934e-01  0.0000000e+00
   1.0000000e+00  0.0000000e+00  1.0000000e+00  0.0000000e+00
   1.0000000e+00]]
[[-8.5992534e-03 -6.8490736e-02 -4.7819179e-02  3.4556646e-02
   8.1503220e-02 -9.9607402e-01  0.0000000e+00  5.5000000e-02
   1.5707964e+00 -4.3281373e-01 -3.7671104e-02  1.8187514e-01
  -8.8846564e-02  5.2578926e-01  2.8314120e-01  1.4471841e-01
   1.5041317e-01 -6.2338477e-06  6.9080198e-01 -2.3221518e-01
  -5.2449211e-02 -3.7892595e-01 -2.0359828e-01 -1.0798617e-01
   1.6298880e-01  1.8627174e-01 -2.1712895e-01  0.0000000e+00
   1.0000000e+00  0.0000000e+00  1.0000000e+00  0.0000000e+00
   1.0000000e+00]]
[[-1.5991794e-02 -5.9367575e-02 -5.2012652e-02  3.5393689e-02
   8.2114756e-02 -9.9599427e-01  0.0000000e+00  5.5000000e-02
   1.5707964e+00 -4.4775826e-01 -3.7068203e-02  1.8339142e-01
  -8.1324995e-02  5.3453904e-01  2.8743264e-01  1.7116861e-01
   1.5741645e-01 -9.0718941e-06  6.9118637e-01 -2.3953302e-01
  -5.3066500e-02 -3.9318940e-01 -1.9643949e-01 -1.0461990e-01
   1.6488300e-01  1.8059519e-01 -2.2155009e-01  0.0000000e+00
   1.0000000e+00  0.0000000e+00  1.0000000e+00  0.0000000e+00
   1.0000000e+00]]
[[-2.39151288e-02 -6.31292835e-02 -3.40390727e-02  3.61883156e-02
   8.35463628e-02 -9.95846808e-01  0.00000000e+00  5.49999997e-02
   1.57079637e+00 -4.63232547e-01 -3.36664356e-02  1.83057696e-01
  -7.09959194e-02  5.38131475e-01  2.87297338e-01  1.88931674e-01
   1.58680260e-01 -1.32654595e-05  6.92048550e-01 -2.46608093e-01
  -5.48844337e-02 -3.97760332e-01 -1.88450053e-01 -9.57417786e-02
   1.67838648e-01  1.78066373e-01 -2.28047565e-01  0.00000000e+00
   1.00000000e+00  0.00000000e+00  1.00000000e+00  0.00000000e+00
   1.00000000e+00]]
[[-7.99338054e-03 -7.63721317e-02 -5.79598956e-02  3.61620374e-02
   8.52143094e-02 -9.95706439e-01  0.00000000e+00  5.49999997e-02
   1.57079637e+00 -4.79773253e-01 -2.87032872e-02  1.83164582e-01
  -6.50675148e-02  5.39667547e-01  2.87093282e-01  2.01504305e-01
   1.62436083e-01 -1.21259745e-05  6.91775084e-01 -2.50935733e-01
  -5.66631034e-02 -3.97853971e-01 -1.94977328e-01 -9.11219567e-02
   1.68166608e-01  1.81772128e-01 -2.39212424e-01  0.00000000e+00
   1.00000000e+00  0.00000000e+00  1.00000000e+00  0.00000000e+00
   1.00000000e+00]]
[[ 5.7708115e-05 -7.4550346e-02 -6.3476175e-02  3.5505652e-02
   8.5752986e-02 -9.9568379e-01  0.0000000e+00  5.5000000e-02
   1.5707964e+00 -4.9640566e-01 -2.4341421e-02  1.8503830e-01
  -6.2309142e-02  5.4212373e-01  2.8807810e-01  2.1544054e-01
   1.6497861e-01 -1.3912953e-05  6.9122154e-01 -2.5243628e-01
  -5.8514658e-02 -4.0000153e-01 -1.9791204e-01 -9.1442108e-02
   1.6706432e-01  1.8363006e-01 -2.4914452e-01  0.0000000e+00
   1.0000000e+00  0.0000000e+00  1.0000000e+00  1.0000000e+00
   1.0000000e+00]]
[[ 1.4867598e-02 -7.9850025e-02 -4.4303812e-02  3.4427270e-02
   8.5331164e-02 -9.9575800e-01  0.0000000e+00  5.5000000e-02
   1.5707964e+00 -5.1093644e-01 -1.8155912e-02  1.8621616e-01
  -5.5005629e-02  5.4411471e-01  2.8970337e-01  2.2698805e-01
   1.6670413e-01 -1.7602415e-05  6.9195861e-01 -2.5178292e-01
  -6.1130289e-02 -4.0095663e-01 -2.0255619e-01 -8.8274151e-02
   1.6743021e-01  1.8185970e-01 -2.5514504e-01  1.0000000e+00
   1.0000000e+00  0.0000000e+00  1.0000000e+00  1.0000000e+00
   1.0000000e+00]]
[[ 2.3713052e-02 -8.1133001e-02 -5.2950814e-02  3.1997871e-02
   8.3615035e-02 -9.9598473e-01  0.0000000e+00  5.5000000e-02
   1.5707964e+00 -5.2608854e-01 -1.0143800e-02  1.8880181e-01
  -5.5022623e-02  5.4302931e-01  2.8863266e-01  2.2300087e-01
   1.7371757e-01 -1.6648821e-05  6.9583112e-01 -2.4686386e-01
  -6.3072190e-02 -3.9800283e-01 -1.9770567e-01 -9.0226628e-02
   1.6942886e-01  1.8079288e-01 -2.6040018e-01  1.0000000e+00
   1.0000000e+00  0.0000000e+00  0.0000000e+00  1.0000000e+00
   1.0000000e+00]]
[[ 1.8789167e-02 -8.4990725e-02 -2.7158817e-02  2.9908802e-02
   8.2125269e-02 -9.9617320e-01  0.0000000e+00  5.5000000e-02
   1.5707964e+00 -5.3844708e-01  1.6951858e-03  1.8765001e-01
  -5.5189878e-02  5.4543173e-01  2.8777206e-01  2.2010720e-01
   1.8851265e-01  3.8831428e-04  7.0746076e-01 -2.4193092e-01
  -6.6621117e-02 -3.9021239e-01 -1.9911258e-01 -8.7259635e-02
   1.7764068e-01  1.7655952e-01 -2.6097745e-01  1.0000000e+00
   1.0000000e+00  0.0000000e+00  0.0000000e+00  1.0000000e+00
   1.0000000e+00]]
[[-3.9991648e-03 -7.7541031e-02  1.7107988e-02  2.8394941e-02
   8.2300931e-02 -9.9620318e-01  0.0000000e+00  5.5000000e-02
   1.5707964e+00 -5.4807520e-01  1.1095679e-02  1.8586670e-01
  -5.9235640e-02  5.4218745e-01  2.9054362e-01  2.2133653e-01
   1.9294670e-01 -1.7815219e-05  7.2309506e-01 -2.4265353e-01
  -6.9365740e-02 -3.7800217e-01 -1.9991612e-01 -8.3629131e-02
   1.9088130e-01  1.8082045e-01 -2.6461086e-01  1.0000000e+00
   1.0000000e+00  0.0000000e+00  0.0000000e+00  1.0000000e+00
   1.0000000e+00]]
[[ 3.3916305e-03 -7.4791446e-02  4.9082741e-02  2.6999090e-02
   8.2553118e-02 -9.9622095e-01  0.0000000e+00  5.5000000e-02
   1.5707964e+00 -5.5734390e-01  1.2304547e-02  1.8721622e-01
  -6.4833157e-02  5.3441089e-01  2.8958306e-01  2.2597320e-01
   1.9358639e-01 -1.7385333e-05  7.2841024e-01 -2.5556907e-01
  -7.4785143e-02 -3.6251378e-01 -1.9032876e-01 -8.5428245e-02
   2.0733082e-01  1.9373791e-01 -2.7323347e-01  1.0000000e+00
   1.0000000e+00  0.0000000e+00  0.0000000e+00  1.0000000e+00
   1.0000000e+00]]
[[ 2.3770142e-02 -8.4065743e-02  6.0467508e-02  2.5495339e-02
   8.0603629e-02 -9.9642003e-01  0.0000000e+00  5.5000000e-02
   1.5707964e+00 -5.6771410e-01  5.3320643e-03  1.9279158e-01
  -6.7621522e-02  5.2554482e-01  2.8444296e-01  2.2673084e-01
   1.9485195e-01 -1.9925519e-05  7.2941887e-01 -2.7989113e-01
  -9.3015730e-02 -3.4137768e-01 -1.7254265e-01 -9.0676256e-02
   2.3019487e-01  2.0372757e-01 -2.7968046e-01  1.0000000e+00
   1.0000000e+00  0.0000000e+00  0.0000000e+00  1.0000000e+00
   1.0000000e+00]]
[[ 5.2104317e-02 -9.5222086e-02  5.3644899e-02  2.2131836e-02
   7.6529860e-02 -9.9682158e-01  0.0000000e+00  5.5000000e-02
   1.5707964e+00 -5.7866442e-01  6.4866006e-04  1.9842628e-01
  -6.8515532e-02  5.1313013e-01  2.7892494e-01  2.2411931e-01
   1.9539808e-01 -2.4501580e-05  7.2690815e-01 -3.1983161e-01
  -1.1688265e-01 -3.1688643e-01 -1.4246808e-01 -1.0105066e-01
   2.5766003e-01  2.1472768e-01 -2.8584775e-01  1.0000000e+00
   1.0000000e+00  0.0000000e+00  0.0000000e+00  1.0000000e+00
   1.0000000e+00]]
[[ 9.8909149e-03 -7.9358757e-02  5.4702707e-02  1.9569224e-02
   7.4259087e-02 -9.9704719e-01  0.0000000e+00  5.5000000e-02
   1.5707964e+00 -5.8819902e-01  4.4528111e-03  1.9893599e-01
  -6.9247179e-02  4.9594155e-01  2.7209151e-01  2.2195600e-01
   2.0147158e-01 -1.8884790e-05  7.2408783e-01 -3.4928209e-01
  -1.4092407e-01 -2.9271692e-01 -1.2713522e-01 -1.0401356e-01
   2.8459314e-01  2.2193518e-01 -2.8981629e-01  1.0000000e+00
   1.0000000e+00  0.0000000e+00  0.0000000e+00  1.0000000e+00
   1.0000000e+00]]
[[-1.0586445e-02 -6.7080915e-02  2.6413266e-02  1.7762884e-02
   7.4530825e-02 -9.9706060e-01  0.0000000e+00  5.5000000e-02
   1.5707964e+00 -5.9779441e-01  1.1014624e-02  1.9945751e-01
  -6.9223113e-02  4.8147210e-01  2.6249066e-01  2.1337554e-01
   2.0375180e-01 -1.9771487e-05  7.1433938e-01 -3.5609189e-01
  -1.5591693e-01 -2.7550721e-01 -1.2167065e-01 -1.0315722e-01
   3.0293015e-01  2.3136345e-01 -2.9663014e-01  1.0000000e+00
   1.0000000e+00  0.0000000e+00  0.0000000e+00  1.0000000e+00
   1.0000000e+00]]
[[ 8.20402522e-03 -6.54443502e-02  5.24010835e-03  1.59287732e-02
   7.48037472e-02 -9.97071087e-01  0.00000000e+00  5.49999997e-02
   1.57079637e+00 -6.09150290e-01  1.39685515e-02  2.04786196e-01
  -6.99102730e-02  4.69752848e-01  2.54562765e-01  2.07095191e-01
   2.04411775e-01 -1.45978138e-05  7.00964391e-01 -3.58458787e-01
  -1.60649151e-01 -2.64996171e-01 -1.16401538e-01 -1.03169538e-01
   3.13187152e-01  2.40565673e-01 -3.05364251e-01  1.00000000e+00
   1.00000000e+00  0.00000000e+00  0.00000000e+00  1.00000000e+00
   1.00000000e+00]]
[[ 5.65579953e-03 -7.86542669e-02 -9.19256452e-03  1.36304284e-02
   7.41982907e-02 -9.97150719e-01  0.00000000e+00  5.49999997e-02
   1.57079637e+00 -6.21758580e-01  1.75402332e-02  2.10948557e-01
  -6.77344128e-02  4.58887786e-01  2.48767495e-01  1.99831888e-01
   2.03431562e-01 -1.47251785e-05  6.88041925e-01 -3.63816679e-01
  -1.67522818e-01 -2.56188542e-01 -1.09517522e-01 -1.04561917e-01
   3.21116745e-01  2.46704653e-01 -3.13232958e-01  1.00000000e+00
   1.00000000e+00  0.00000000e+00  0.00000000e+00  1.00000000e+00
   1.00000000e+00]]
[[ 1.5243483e-02 -9.3347013e-02  1.1758964e-02  1.0839437e-02
   7.3224418e-02 -9.9725670e-01  0.0000000e+00  5.5000000e-02
   1.5707964e+00 -6.3413680e-01  2.3254063e-02  2.1549113e-01
  -6.4311281e-02  4.3840128e-01  2.4092801e-01  1.8616576e-01
   1.9506063e-01 -1.8529290e-05  6.7312038e-01 -3.7572327e-01
  -1.8395492e-01 -2.4418125e-01 -9.9268481e-02 -1.0747553e-01
   3.3243489e-01  2.5385880e-01 -3.2145342e-01  1.0000000e+00
   1.0000000e+00  0.0000000e+00  0.0000000e+00  1.0000000e+00
   1.0000000e+00]]
[[ 1.02645159e-02 -8.15980136e-02  2.95739919e-02  8.35703034e-03
   7.20542818e-02 -9.97365534e-01  0.00000000e+00  5.49999997e-02
   1.57079637e+00 -6.44593775e-01  3.05772256e-02  2.17366993e-01
  -5.89784794e-02  4.19175208e-01  2.28297666e-01  1.77878946e-01
   1.86053604e-01 -1.96856745e-05  6.56020045e-01 -3.92050594e-01
  -2.02192545e-01 -2.28624120e-01 -9.14834589e-02 -1.08846314e-01
   3.47845763e-01  2.57760465e-01 -3.26451719e-01  1.00000000e+00
   1.00000000e+00  0.00000000e+00  0.00000000e+00  1.00000000e+00
   1.00000000e+00]]
[[ 7.37329319e-05 -7.78798237e-02  3.45537178e-02  6.42963964e-03
   7.17195645e-02 -9.97404277e-01  0.00000000e+00  5.49999997e-02
   1.57079637e+00 -6.52616501e-01  3.91540974e-02  2.17534766e-01
  -5.25350757e-02  4.03954983e-01  2.16860533e-01  1.74332663e-01
   1.74452886e-01 -1.82574422e-05  6.33684635e-01 -4.04978752e-01
  -2.16467321e-01 -2.13372245e-01 -8.88586789e-02 -1.07267834e-01
   3.63400161e-01  2.61408716e-01 -3.30241501e-01  1.00000000e+00
   1.00000000e+00  0.00000000e+00  0.00000000e+00  1.00000000e+00
   1.00000000e+00]]
[[ 1.20176910e-03 -7.13685900e-02  3.81173044e-02  4.86763846e-03
   7.15899691e-02 -9.97422457e-01  0.00000000e+00  5.49999997e-02
   1.57079637e+00 -6.58871949e-01  4.48934548e-02  2.18716025e-01
  -4.23731096e-02  3.89112800e-01  2.05469668e-01  1.71227142e-01
   1.62990332e-01 -1.94531876e-05  6.01483166e-01 -4.13301468e-01
  -2.27332905e-01 -1.99289516e-01 -8.60289410e-02 -1.05671726e-01
   3.78216445e-01  2.65597433e-01 -3.33456784e-01  1.00000000e+00
   1.00000000e+00  0.00000000e+00  0.00000000e+00  1.00000000e+00
   1.00000000e+00]]
[[-8.6062532e-03 -6.6028602e-02  4.6906203e-02  3.9545405e-03
   7.1852505e-02 -9.9740744e-01  0.0000000e+00  5.5000000e-02
   1.5707964e+00 -6.6281146e-01  4.7853425e-02  2.2031896e-01
  -2.6749672e-02  3.7261131e-01  1.9284225e-01  1.6812278e-01
   1.5407647e-01 -2.1676160e-05  5.5910528e-01 -4.2383119e-01
  -2.3834293e-01 -1.8643358e-01 -8.4845833e-02 -1.0325151e-01
   3.9218467e-01  2.6968160e-01 -3.3570394e-01  1.0000000e+00
   0.0000000e+00  0.0000000e+00  0.0000000e+00  1.0000000e+00
   1.0000000e+00]]
[[ 6.2012770e-03 -8.6906634e-02  6.6112027e-02  2.9374352e-03
   7.1763314e-02 -9.9741745e-01  0.0000000e+00  5.5000000e-02
   1.5707964e+00 -6.6449010e-01  4.9825042e-02  2.2045363e-01
  -1.2790476e-02  3.4449467e-01  1.8143196e-01  1.6969119e-01
   1.3329124e-01 -2.9609311e-05  5.0545144e-01 -4.4086286e-01
  -2.5376889e-01 -1.6917071e-01 -7.8250527e-02 -1.0310816e-01
   4.1184950e-01  2.7631491e-01 -3.3800852e-01  1.0000000e+00
   0.0000000e+00  0.0000000e+00  0.0000000e+00  1.0000000e+00
   1.0000000e+00]]
[[-9.83189326e-04 -7.84902722e-02  1.05990380e-01  3.15161818e-03
   7.08882809e-02 -9.97479200e-01  0.00000000e+00  5.49999997e-02
   1.57079637e+00 -6.64282858e-01  5.30054867e-02  2.16823995e-01
   5.81784034e-03  3.17285687e-01  1.64429724e-01  1.68246090e-01
   1.11906126e-01 -2.72966008e-05  4.37378168e-01 -4.62372065e-01
  -2.69509345e-01 -1.44218519e-01 -8.15472379e-02 -9.74278897e-02
   4.40201074e-01  2.71886349e-01 -3.32330555e-01  1.00000000e+00
   1.00000000e+00  0.00000000e+00  0.00000000e+00  1.00000000e+00
   1.00000000e+00]]
[[-1.5265859e-02 -7.0876136e-02  1.1701112e-01  3.6388000e-03
   7.1348287e-02 -9.9744481e-01  0.0000000e+00  5.5000000e-02
   1.5707964e+00 -6.6092950e-01  6.4686000e-02  2.0525473e-01
   4.3927941e-02  2.8659129e-01  1.3426666e-01  1.6142322e-01
   9.6646100e-02 -2.7157013e-05  3.3366597e-01 -4.7010869e-01
  -2.8119269e-01 -1.2070543e-01 -8.9753643e-02 -9.0272360e-02
   4.6752936e-01  2.6849061e-01 -3.2651958e-01  1.0000000e+00
   1.0000000e+00  0.0000000e+00  0.0000000e+00  1.0000000e+00
   1.0000000e+00]]
[[ 1.5705414e-02 -8.8552713e-02  9.3948178e-02  1.9495976e-03
   7.0713989e-02 -9.9749458e-01  0.0000000e+00  5.5000000e-02
   1.5707964e+00 -6.5581274e-01  8.2435034e-02  1.9145948e-01
   1.0703301e-01  2.3720787e-01  8.6157829e-02  1.4978950e-01
   9.2255451e-02 -2.3132623e-05  1.9752297e-01 -4.4454935e-01
  -2.6800588e-01 -1.0058062e-01 -8.5294120e-02 -8.9159571e-02
   4.9261853e-01  2.6938587e-01 -3.2163033e-01  1.0000000e+00
   1.0000000e+00  0.0000000e+00  0.0000000e+00  1.0000000e+00
   1.0000000e+00]]
[[ 6.1157800e-02 -1.3757665e-01  6.7507580e-02 -1.5139168e-03
   6.5735348e-02 -9.9783599e-01  0.0000000e+00  5.5000000e-02
   1.5707964e+00 -6.5284526e-01  1.1530326e-01  1.7245010e-01
   1.8248729e-01  1.7665556e-01  1.7404724e-02  1.0359421e-01
   9.5722914e-02  8.6560575e-03  7.9812400e-02 -3.7581971e-01
  -2.2569978e-01 -6.8138331e-02 -8.9989185e-02 -8.0516040e-02
   5.3012174e-01  2.4283163e-01 -2.9480612e-01  1.0000000e+00
   1.0000000e+00  0.0000000e+00  0.0000000e+00  1.0000000e+00
   1.0000000e+00]]
[[ 6.5318798e-04 -9.0332963e-03  1.4851817e-01 -8.8951027e-04
   6.1247822e-02 -9.9812245e-01  0.0000000e+00  5.5000000e-02
   1.5707964e+00 -6.4953780e-01  1.3533564e-01  1.5583362e-01
   1.9163467e-01  1.6644061e-01  2.5775451e-02  4.8907958e-02
   1.1202744e-01  3.5060115e-02  2.1069814e-02 -2.4221094e-01
  -1.4690281e-01 -2.1080004e-02 -1.1438512e-01 -6.3031092e-02
   5.8048326e-01  2.0216426e-01 -2.6068175e-01  1.0000000e+00
   1.0000000e+00  0.0000000e+00  0.0000000e+00  1.0000000e+00
   1.0000000e+00]]
[[ 0.03493692  0.06670936  0.0196091   0.0052193   0.05826428 -0.9982875
   0.          0.055       1.5707964  -0.6370791   0.13642403  0.09726349
   0.20749801  0.09058081  0.06577829  0.03736752  0.21069872  0.07052208
   0.03764516 -0.16610834 -0.16100791  0.01370791 -0.10066514 -0.07235014
   0.59071827  0.18461373 -0.22579807  1.          1.          0.
   0.          1.          1.        ]]
[[ 2.0099802e-01  1.9673152e-01 -1.4159551e-01  2.0889353e-02
   4.2676225e-02 -9.9887073e-01  0.0000000e+00  5.5000000e-02
   1.5707964e+00 -6.6070980e-01  1.5274167e-01 -1.1906328e-06
   1.9526659e-01 -7.6845571e-02  1.4933653e-01  3.9380167e-02
   2.5802243e-01  1.2281112e-01  5.5996299e-02 -1.1228122e-01
  -1.9833817e-01  2.6198834e-02 -8.5755490e-02 -1.0697339e-01
   5.9887040e-01  1.1660244e-01 -1.8647252e-01  1.0000000e+00
   1.0000000e+00  0.0000000e+00  0.0000000e+00  1.0000000e+00
   1.0000000e+00]]
[[ 0.24128473  0.1686798  -0.19235203  0.03789285  0.01986518 -0.99908435
   0.          0.055       1.5707964  -0.681369    0.21706297  0.00901818
   0.13921362 -0.2511442   0.23896313 -0.03025768  0.24932598  0.15427178
   0.07080996 -0.04615402 -0.23306155  0.07489757 -0.13985954 -0.14132608
   0.6042264   0.02865647 -0.1596485   1.          1.          0.
   0.          1.          1.        ]]
[[ 0.16512702  0.08107015 -0.30791372  0.05183118  0.00499333 -0.9986435
   0.          0.055       1.5707964  -0.6701514   0.26588508  0.08500792
   0.04581778 -0.38393557  0.30465168 -0.22818221  0.2154087   0.17164361
   0.0589685  -0.01426413 -0.23267761  0.13395645 -0.21296354 -0.16603957
   0.56626654 -0.01292916 -0.16836624  1.          1.          0.
   0.          1.          1.        ]]
[[ 0.10293289 -0.03221333 -0.2508988   0.05494153 -0.00333711 -0.998484
   0.          0.055       1.5707964  -0.56070346  0.33140075  0.16668431
  -0.03585088 -0.41603485  0.2855805  -0.4365009   0.15772834  0.20129298
   0.03719654 -0.00247727 -0.21178496  0.18315518 -0.25843042 -0.1835532
   0.5265024  -0.02949522 -0.18028553  1.          1.          0.
   0.          1.          1.        ]]
[[ 0.05589308 -0.06407882 -0.17488107  0.05241466 -0.00694314 -0.9986011
   0.          0.055       1.5707964  -0.3712807   0.41563118  0.21636117
  -0.08751696 -0.38794845  0.26226652 -0.5815896   0.07705385  0.1986357
   0.01373282 -0.0119749  -0.18721323  0.1992108  -0.29715794 -0.20192507
   0.49311078 -0.04719578 -0.18183127  1.          0.          0.
   0.          1.          1.        ]]
[[-0.02025749  0.00791059 -0.0915959   0.05157772 -0.0060126  -0.99865115
   0.          0.055       1.5707964  -0.19060425  0.44755006  0.23668578
  -0.10625615 -0.36576605  0.24669452 -0.6215882   0.0330377   0.16987593
  -0.00459205 -0.03634969 -0.16676377  0.19684513 -0.30436125 -0.20990607
   0.46955866 -0.05493949 -0.18391463  1.          0.          0.
   0.          1.          1.        ]]
[[-0.03859449  0.01890483 -0.11184968  0.05467564 -0.00328219 -0.998499
   0.          0.055       1.5707964  -0.07557561  0.4311057   0.2230024
  -0.12602429 -0.37708226  0.24779946 -0.6109746   0.06561624  0.16372505
  -0.01887154 -0.06394308 -0.15121707  0.19576298 -0.2907381  -0.20806181
   0.4474634  -0.04996694 -0.19817775  1.          0.          0.
   0.          1.          1.        ]]
[[-0.00233614  0.00719225 -0.05479752  0.05770057 -0.00472652 -0.99832284
   0.          0.055       1.5707964  -0.01119018  0.34551418  0.20535207
  -0.15478557 -0.3881497   0.24739134 -0.60012436  0.14487444  0.20008577
  -0.01801156 -0.07131732 -0.15065116  0.21247141 -0.26240465 -0.20569956
   0.43946955 -0.05718165 -0.20963871  1.          0.          0.
   0.          1.          1.        ]]
[[-0.07333025 -0.09480039  0.04374333  0.05101946 -0.00163784 -0.99869645
   0.          0.055       1.5707964   0.0439683   0.24376917  0.18221635
  -0.16029269 -0.33764204  0.20304939 -0.5614663   0.20704797  0.24661872
  -0.01206458 -0.06830551 -0.15535857  0.20921734 -0.2667045  -0.18125676
   0.44302914 -0.02976333 -0.22903581  1.          0.          0.
   0.          1.          1.        ]]
[[-1.2031143e-01 -9.2944935e-02  8.4275119e-02  4.2524327e-02
   6.3331900e-03 -9.9907541e-01  0.0000000e+00  5.5000000e-02
   1.5707964e+00  7.6403566e-02  1.4702007e-01  1.5433593e-01
  -1.5222055e-01 -2.6550677e-01  1.5533829e-01 -5.1530582e-01
   2.3683713e-01  2.5905243e-01  1.3249973e-03 -8.2707085e-02
  -1.5471020e-01  2.0844848e-01 -2.8816676e-01 -1.7123547e-01
   4.5680705e-01  1.0289362e-02 -2.5102487e-01  1.0000000e+00
   0.0000000e+00  0.0000000e+00  0.0000000e+00  1.0000000e+00
   1.0000000e+00]]
[[-0.1458558  -0.11654298  0.11430135  0.03311701  0.0163606  -0.9993178
   0.          0.055       1.5707964   0.09301102  0.03988127  0.13395374
  -0.1354879  -0.18274456  0.10401241 -0.4567102   0.2599672   0.25150356
   0.02275545 -0.09522755 -0.15728542  0.21186182 -0.2981232  -0.17758758
   0.48140448  0.06016129 -0.275135    1.          0.          0.
   0.          1.          1.        ]]
[[-0.143249   -0.08141713  0.12453058  0.02684636  0.02703315 -0.9992741
   0.          0.055       1.5707964   0.09767906 -0.0355438   0.11771785
  -0.12580803 -0.10803583  0.06003033 -0.39058873  0.30368719  0.24917042
   0.04482475 -0.12857872 -0.146083    0.21537256 -0.3101243  -0.1926547
   0.50606555  0.0985294  -0.29394597  1.          0.          0.
   0.          1.          1.        ]]
[[ 0.02770746 -0.1121832  -0.0328894   0.02842449  0.02506038 -0.9992815
   0.          0.055       1.5707964   0.0695338  -0.03749003  0.11813138
  -0.15999475 -0.09485151  0.05058905 -0.33437926  0.36164033  0.25889245
   0.06029678 -0.14293139 -0.13835917  0.1844338  -0.3210014  -0.21294084
   0.5170578   0.08005613 -0.29290223  1.          0.          1.
   1.          1.          0.        ]]
[[ 0.01658617 -0.09459915 -0.09021489  0.02767039  0.02217108 -0.999371
   0.          0.055       1.5707964   0.03274387 -0.06075832  0.14065887
  -0.19598395 -0.03317349  0.03408562 -0.24911693  0.38497108  0.26688585
   0.08359753 -0.15251996 -0.10511039  0.12071306 -0.3417591  -0.21094325
   0.51488876  0.08323366 -0.30235922  1.          0.          1.
   1.          1.          0.        ]]
[[-3.6973290e-02 -5.9060778e-02 -1.4306030e-01  2.7960865e-02
   2.3917163e-02 -9.9932265e-01  0.0000000e+00  5.5000000e-02
   1.5707964e+00 -1.2713671e-04 -9.1415688e-02  1.6997175e-01
  -2.1601388e-01  6.6462047e-02  3.1315189e-02 -1.5747352e-01
   3.5328779e-01  2.6224113e-01  9.9650688e-02 -1.5696478e-01
  -8.0179468e-02  5.1345803e-02 -3.3955958e-01 -2.1004272e-01
   4.9963203e-01  1.1484500e-01 -3.2782874e-01  1.0000000e+00
   0.0000000e+00  1.0000000e+00  1.0000000e+00  1.0000000e+00
   0.0000000e+00]]
[[-0.06309932 -0.07011335 -0.07423459  0.0282378   0.02997229 -0.9991519
   0.          0.055       1.5707964  -0.02220136 -0.10745817  0.18733422
  -0.22140992  0.15294608  0.04127691 -0.09568439  0.3151842   0.23735182
   0.11552802 -0.15931864 -0.06753999  0.01602374 -0.3169306  -0.2017446
   0.48773897  0.16425392 -0.36243078  1.          0.          1.
   1.          1.          0.        ]]
[[-0.06505559 -0.07393309  0.01047866  0.02910346  0.03662034 -0.9989054
   0.          0.055       1.5707964  -0.02538945 -0.10392895  0.18470344
  -0.21444798  0.19187874  0.0648668  -0.05099043  0.30527392  0.20225625
   0.140799   -0.16673346 -0.06514634  0.01290372 -0.29220954 -0.18511812
   0.49600348  0.19951063 -0.38394174  1.          0.          1.
   1.          1.          0.        ]]
[[-0.07226588 -0.07536691  0.08529721  0.03022356  0.04380713 -0.9985831
   0.          0.055       1.5707964  -0.00859654 -0.07583652  0.16038351
  -0.19281313  0.21461958  0.08360302  0.00165339  0.29822314  0.1663291
   0.17341739 -0.18329504 -0.06760558  0.01320194 -0.2587933  -0.16535926
   0.5213404   0.22115442 -0.3917181   1.          0.          1.
   1.          1.          0.        ]]
[[-0.03914222 -0.0947917   0.12545846  0.0309245   0.04909668 -0.9983152
   0.          0.055       1.5707964   0.0131259  -0.03385745  0.12564723
  -0.17508762  0.24266489  0.11087026  0.06472359  0.26940572  0.1322438
   0.21013305 -0.19772208 -0.07540265  0.02155422 -0.231603   -0.1342541
   0.56088626  0.22802615 -0.3890744   1.          0.          1.
   1.          1.          0.        ]]
[[-0.01391445 -0.10201204  0.09071897  0.03283166  0.05154828 -0.9981309
   0.          0.055       1.5707964   0.0263957  -0.00237451  0.09795067
  -0.1538513   0.26736823  0.14433423  0.11733881  0.21556881  0.0859608
   0.2441026  -0.21353762 -0.08244155  0.02469057 -0.1997574  -0.10094477
   0.5991702   0.21769999 -0.38018018  1.          0.          1.
   1.          1.          0.        ]]
[[ 0.01116314 -0.12358309  0.05245131  0.03433107  0.05086428 -0.99811554
   0.          0.055       1.5707964   0.02846143  0.01745067  0.07906047
  -0.13579503  0.28613615  0.17160383  0.14216873  0.16320212  0.03365184
   0.27197486 -0.22178417 -0.09031966  0.01971467 -0.17453772 -0.06887122
   0.63192564  0.1982376  -0.37025827  1.          0.          1.
   0.          1.          0.        ]]
[[-4.06015478e-03 -1.71385750e-01  1.45859510e-01  3.52926031e-02
   4.89141531e-02 -9.98179495e-01  0.00000000e+00  5.49999997e-02
   1.57079637e+00  3.16915624e-02  3.41794938e-02  6.16451129e-02
  -1.11025557e-01  3.03862154e-01  1.92549363e-01  1.65643200e-01
   1.10715665e-01 -1.89933344e-05  2.99004763e-01 -2.18152046e-01
  -1.05319843e-01  1.60944518e-02 -1.74756318e-01 -4.72543426e-02
   6.65271163e-01  1.76537514e-01 -3.59345764e-01  1.00000000e+00
   0.00000000e+00  1.00000000e+00  1.00000000e+00  1.00000000e+00
   0.00000000e+00]]
[[ 3.9567333e-02 -1.7611934e-01  6.2677324e-02  3.3326577e-02
   4.4916060e-02 -9.9843514e-01  0.0000000e+00  5.5000000e-02
   1.5707964e+00  2.2031518e-02  4.5392666e-02  5.4875534e-02
  -1.0463268e-01  3.1585014e-01  2.1641241e-01  1.8397759e-01
   8.0401532e-02 -1.1411909e-05  3.1351751e-01 -2.0451547e-01
  -1.1466955e-01  2.3014992e-02 -1.7808478e-01 -4.6367239e-02
   6.8255901e-01  1.6031981e-01 -3.5307455e-01  1.0000000e+00
   0.0000000e+00  1.0000000e+00  1.0000000e+00  1.0000000e+00
   0.0000000e+00]]
[[ 1.06659159e-01 -2.22798601e-01 -1.84502602e-02  2.74585038e-02
   3.62624638e-02 -9.98964906e-01  0.00000000e+00  5.49999997e-02
   1.57079637e+00  3.67358956e-03  6.12117685e-02  5.14328703e-02
  -9.47121680e-02  3.50678712e-01  2.42173404e-01  1.97846964e-01
   5.03121726e-02 -1.36775316e-05  3.16863030e-01 -1.81403071e-01
  -1.20047696e-01  2.82907356e-02 -1.68503940e-01 -4.85513359e-02
   6.85367107e-01  1.29398122e-01 -3.35333437e-01  1.00000000e+00
   0.00000000e+00  1.00000000e+00  1.00000000e+00  1.00000000e+00
   0.00000000e+00]]
[[ 1.92119926e-01 -2.87458628e-01 -1.12237986e-02  1.73183139e-02
   2.14486606e-02 -9.99619842e-01  0.00000000e+00  5.49999997e-02
   1.57079637e+00 -2.19073482e-02  8.48597735e-02  4.81962673e-02
  -8.36341381e-02  3.92415076e-01  2.70674169e-01  2.01605424e-01
   1.55975455e-02 -1.22728734e-05  3.18925589e-01 -1.62044764e-01
  -1.16299085e-01  2.74606645e-02 -1.46577582e-01 -5.62940985e-02
   6.80518270e-01  7.57306516e-02 -3.01827639e-01  1.00000000e+00
   0.00000000e+00  1.00000000e+00  1.00000000e+00  1.00000000e+00
   0.00000000e+00]]
[[-8.5265234e-02 -7.2666936e-02  6.0414039e-02  1.4117038e-02
   1.6137229e-02 -9.9976987e-01  0.0000000e+00  5.5000000e-02
   1.5707964e+00 -3.0460861e-02  8.8255122e-02  4.5926936e-02
  -7.4191220e-02  4.1020945e-01  2.7118239e-01  1.9759220e-01
   7.1973116e-03  1.2843766e-03  3.3064997e-01 -1.7382847e-01
  -1.2176866e-01  2.1452874e-02 -1.3256823e-01 -6.5992303e-02
   6.6975993e-01  5.3851984e-02 -2.8460079e-01  1.0000000e+00
   0.0000000e+00  1.0000000e+00  1.0000000e+00  1.0000000e+00
   0.0000000e+00]]
[[-0.07289372 -0.1832569   0.00669914  0.00685405  0.02021947 -0.99977213
   0.          0.055       1.5707964  -0.0337324   0.09625176  0.04343795
  -0.12724869  0.4273387   0.25804004  0.19607736 -0.0173432   0.01065748
   0.3174065  -0.18267068 -0.10561129  0.00957871 -0.04412551 -0.11574253
   0.6485163  -0.03154972 -0.21401069  1.          0.          1.
   1.          1.          0.        ]]
[[-0.06337026 -0.18675092  0.04880743 -0.00226169  0.02436719 -0.99970055
   0.          0.055       1.5707964  -0.04313821  0.10551532  0.03675907
  -0.22668001  0.43243968  0.25445282  0.18576463 -0.04587446  0.02433358
   0.2958552  -0.1601931  -0.08795565  0.01289722  0.05737953 -0.17375262
   0.64416146 -0.13840769 -0.16730362  1.          0.          1.
   1.          1.          0.        ]]
[[-0.04511169 -0.14779127  0.05270908 -0.00746733  0.02792244 -0.99958223
   0.          0.055       1.5707964  -0.05895374  0.11328925  0.03045767
  -0.30634224  0.4571769   0.25297487  0.17014289 -0.0697155   0.03312312
   0.28956434 -0.12058534 -0.06562973  0.02394104  0.1160261  -0.21101728
   0.60396767 -0.20914416 -0.17271289  1.          0.          1.
   1.          1.          0.        ]]
[[-0.0482123  -0.10518312  0.00368989 -0.00578619  0.03137751 -0.9994908
   0.          0.055       1.5707964  -0.08769955  0.11844613  0.02304416
  -0.33454782  0.4750588   0.25172222  0.1477477  -0.09355055  0.03410698
   0.28781396 -0.04964448 -0.04927059  0.02901133  0.11275815 -0.21657486
   0.49657372 -0.24362412 -0.20105088  1.          0.          1.
   1.          1.          0.        ]]
[[ 0.02465651 -0.16096292  0.01286639 -0.00476847  0.03254835 -0.99945897
   0.          0.055       1.5707964  -0.11942752  0.1302926   0.0111151
  -0.3320474   0.44597635  0.25128716  0.1216931  -0.09669018  0.02582514
   0.2996781  -0.04628499 -0.05771535  0.04385989  0.09948405 -0.20475209
   0.38236967 -0.24404693 -0.21896844  1.          0.          1.
   1.          1.          0.        ]]
[[-1.52439205e-02 -2.15696082e-01  2.19619051e-02 -7.18930829e-03
   3.44113074e-02 -9.99381721e-01  0.00000000e+00  5.49999997e-02
   1.57079637e+00 -1.48196474e-01  1.45630002e-01 -2.54106624e-07
  -3.28570992e-01  4.06465977e-01  2.22189292e-01  1.04226463e-01
  -1.10421650e-01  2.82149184e-02  3.14337194e-01 -1.29594598e-02
  -8.57345685e-02  6.28790706e-02  9.82639417e-02 -1.54281497e-01
   2.80931056e-01 -2.17202693e-01 -2.20585689e-01  1.00000000e+00
   0.00000000e+00  1.00000000e+00  1.00000000e+00  1.00000000e+00
   0.00000000e+00]]
[[-1.4191917e-02 -2.1756208e-01 -1.0188073e-02 -9.1783274e-03
   3.8351946e-02 -9.9922222e-01  0.0000000e+00  5.5000000e-02
   1.5707964e+00 -1.6150790e-01  1.4314969e-01 -4.0075452e-06
  -3.2963425e-01  3.6573464e-01  1.8506201e-01  1.0205265e-01
  -1.3895513e-01  3.7567817e-02  3.2324928e-01  1.2436004e-02
  -1.1292401e-01  8.0723539e-02  7.0394732e-02 -1.1160341e-01
   2.0443349e-01 -1.8723144e-01 -2.1301214e-01  1.0000000e+00
   0.0000000e+00  1.0000000e+00  1.0000000e+00  1.0000000e+00
   0.0000000e+00]]
[[ 5.7439860e-02 -2.0431836e-01 -4.4575680e-02 -8.1696343e-03
   3.6787532e-02 -9.9928969e-01  0.0000000e+00  5.5000000e-02
   1.5707964e+00 -1.8128093e-01  1.3464983e-01 -3.4108000e-06
  -3.3324087e-01  3.4483606e-01  1.5659139e-01  9.7008638e-02
  -1.3498232e-01  2.0306278e-02  3.2717627e-01  1.7243344e-02
  -1.2933366e-01  9.7968005e-02  4.9572207e-02 -9.8887809e-02
   1.3502547e-01 -1.8106650e-01 -2.0103426e-01  1.0000000e+00
   0.0000000e+00  1.0000000e+00  1.0000000e+00  1.0000000e+00
   0.0000000e+00]]
[[ 5.33853546e-02 -1.73570693e-01 -2.66735088e-02 -4.30172822e-03
   3.44167091e-02 -9.99398649e-01  0.00000000e+00  5.49999997e-02
   1.57079637e+00 -1.98186800e-01  1.29078344e-01 -2.46776858e-06
  -3.20791602e-01  3.45824033e-01  1.53533027e-01  8.81087631e-02
  -1.23310350e-01 -1.37924391e-04  3.30710232e-01 -4.67454130e-03
  -1.32999346e-01  1.25104979e-01  2.23335549e-02 -1.08851716e-01
   8.33215564e-02 -1.88574493e-01 -1.83939919e-01  1.00000000e+00
   0.00000000e+00  1.00000000e+00  1.00000000e+00  1.00000000e+00
   0.00000000e+00]]
[[-8.95869136e-02 -3.63376550e-02  4.80838045e-02 -1.62098324e-04
   3.52320224e-02 -9.99379337e-01  0.00000000e+00  5.49999997e-02
   1.57079637e+00 -2.13764533e-01  1.26520485e-01 -4.07492553e-06
  -3.19961965e-01  3.53078485e-01  1.71600938e-01  8.10671970e-02
  -1.35315612e-01 -3.23912333e-04  3.37510854e-01 -2.72750221e-02
  -1.37398541e-01  1.54068202e-01 -2.97600776e-03 -1.19373284e-01
   5.61622642e-02 -1.97973579e-01 -1.65931150e-01  1.00000000e+00
   0.00000000e+00  1.00000000e+00  1.00000000e+00  1.00000000e+00
   0.00000000e+00]]
[[-1.1352656e-03  4.0001247e-02  1.5407456e-02  3.1379266e-03
   3.4811359e-02 -9.9938864e-01  0.0000000e+00  5.5000000e-02
   1.5707964e+00 -2.2503935e-01  1.1047407e-01 -1.6885307e-03
  -3.0909845e-01  3.5612577e-01  1.8153791e-01  7.3108211e-02
  -1.5007310e-01 -7.8961784e-05  3.4793788e-01 -2.8493615e-02
  -1.5234278e-01  1.5901057e-01 -3.1684306e-02 -1.2316130e-01
   5.2083734e-02 -1.9680180e-01 -1.6093068e-01  1.0000000e+00
   0.0000000e+00  1.0000000e+00  1.0000000e+00  1.0000000e+00
   0.0000000e+00]]
[[-2.70111822e-02  1.27485525e-02 -1.35518331e-02  3.61984991e-03
   3.46948579e-02 -9.99391556e-01  0.00000000e+00  5.49999997e-02
   1.57079637e+00 -2.34520659e-01  1.06198087e-01 -1.55669893e-03
  -2.97402859e-01  3.55652660e-01  1.81370795e-01  6.15098029e-02
  -1.55265391e-01 -6.98486620e-05  3.56811076e-01 -2.10088026e-02
  -1.64503232e-01  1.51225060e-01 -4.71161380e-02 -1.25836596e-01
   5.25099859e-02 -1.85901731e-01 -1.60962284e-01  1.00000000e+00
   0.00000000e+00  1.00000000e+00  1.00000000e+00  1.00000000e+00
   0.00000000e+00]]
[[-2.8441621e-02 -5.3749317e-03 -2.4348008e-02  2.8396184e-03
   3.5223503e-02 -9.9937540e-01  0.0000000e+00  5.5000000e-02
   1.5707964e+00 -2.4680178e-01  1.0972468e-01 -1.1380668e-03
  -2.9454628e-01  3.5220528e-01  1.7854039e-01  4.5785125e-02
  -1.5524328e-01 -4.6657045e-05  3.6663657e-01 -1.5653910e-02
  -1.6936550e-01  1.5068808e-01 -4.6523336e-02 -1.3327362e-01
   4.8288211e-02 -1.8114576e-01 -1.5883178e-01  0.0000000e+00
   0.0000000e+00  1.0000000e+00  1.0000000e+00  1.0000000e+00
   0.0000000e+00]]
[[-3.37947495e-02 -2.33952217e-02 -1.50268255e-02  1.81396655e-03
   3.62544395e-02 -9.99341011e-01  0.00000000e+00  5.49999997e-02
   1.57079637e+00 -2.56110042e-01  1.20306857e-01 -1.01902150e-03
  -2.91414380e-01  3.51444423e-01  1.76733345e-01  3.14686522e-02
  -1.48651689e-01 -4.33396235e-05  3.77410859e-01 -1.76067352e-02
  -1.66608751e-01  1.51840657e-01 -4.52960506e-02 -1.42002031e-01
   4.17133123e-02 -1.83761284e-01 -1.57546937e-01  0.00000000e+00
   0.00000000e+00  1.00000000e+00  1.00000000e+00  1.00000000e+00
   0.00000000e+00]]
[[-3.9249931e-02 -7.2253793e-02  2.4124257e-02  4.7092658e-04
   3.6167622e-02 -9.9934560e-01  0.0000000e+00  5.5000000e-02
   1.5707964e+00 -2.6058704e-01  1.2985665e-01  1.0773340e-04
  -2.7525604e-01  3.5119689e-01  1.7250317e-01  2.1314304e-02
  -1.3477966e-01 -1.9507923e-05  3.9084235e-01 -1.5820470e-02
  -1.6549662e-01  1.5699780e-01 -4.4628050e-02 -1.5181674e-01
   4.4039521e-02 -1.7717028e-01 -1.6416235e-01  0.0000000e+00
   0.0000000e+00  1.0000000e+00  1.0000000e+00  1.0000000e+00
   0.0000000e+00]]
[[-2.01342274e-02 -1.34669378e-01  4.62328121e-02 -9.92111862e-04
   3.61132771e-02 -9.99347150e-01  0.00000000e+00  5.49999997e-02
   1.57079637e+00 -2.61762410e-01  1.37571663e-01  3.57329170e-03
  -2.67090380e-01  3.48654062e-01  1.67920217e-01  1.34987198e-02
  -1.20308153e-01 -1.06226325e-05  4.01182920e-01 -1.54838599e-02
  -1.60837844e-01  1.58172518e-01 -3.74238975e-02 -1.61616057e-01
   4.38420735e-02 -1.68182611e-01 -1.72258064e-01  0.00000000e+00
   0.00000000e+00  1.00000000e+00  1.00000000e+00  1.00000000e+00
   0.00000000e+00]]
[[ 7.6833116e-03 -1.6374715e-01  4.1554552e-02 -1.9891346e-03
   3.5629049e-02 -9.9936324e-01  0.0000000e+00  5.5000000e-02
   1.5707964e+00 -2.6044837e-01  1.4297345e-01  7.0494362e-03
  -2.6657918e-01  3.4960908e-01  1.6615306e-01  5.3279488e-03
  -1.0623483e-01 -2.1972141e-06  4.0989688e-01 -1.7504282e-02
  -1.5343186e-01  1.6097741e-01 -3.7283201e-02 -1.6501375e-01
   3.9793152e-02 -1.6825266e-01 -1.7510374e-01  0.0000000e+00
   0.0000000e+00  1.0000000e+00  1.0000000e+00  0.0000000e+00
   0.0000000e+00]]
[[ 8.7960698e-03 -1.7200270e-01  2.2755429e-02 -3.2352139e-03
   3.5265844e-02 -9.9937296e-01  0.0000000e+00  5.5000000e-02
   1.5707964e+00 -2.6863283e-01  1.4894305e-01  1.2482355e-02
  -2.8079596e-01  3.6278951e-01  1.7470793e-01 -8.4727919e-03
  -9.4384782e-02 -1.3314778e-06  4.1888490e-01 -1.9065166e-02
  -1.4492953e-01  1.6512682e-01 -4.1839063e-02 -1.6636908e-01
   2.9656000e-02 -1.6827807e-01 -1.7771664e-01  0.0000000e+00
   0.0000000e+00  1.0000000e+00  1.0000000e+00  0.0000000e+00
   1.0000000e+00]]
[[ 0.01133262 -0.20055866  0.01857414 -0.00431915  0.03603947 -0.99934113
   0.          0.055       1.5707964  -0.27439106  0.15115428  0.01897494
  -0.27916333  0.37386304  0.18300976 -0.01802672 -0.09186671  0.00658148
   0.4300134  -0.01934554 -0.13912684  0.16643389 -0.05095239 -0.17093094
   0.02932016 -0.16549903 -0.1746409   0.          0.          1.
   1.          0.          1.        ]]
[[ 0.01093899 -0.21256651  0.00370163 -0.00569505  0.03677959 -0.99930733
   0.          0.055       1.5707964  -0.28188106  0.15234709  0.02602527
  -0.27094755  0.37280068  0.18407914 -0.03056585 -0.0904116   0.01183815
   0.43961725 -0.01697974 -0.13465919  0.16549392 -0.06190168 -0.17920905
   0.02467397 -0.15704818 -0.17126645  0.          0.          1.
   1.          0.          1.        ]]
[[ 0.01067435 -0.21053329 -0.01038634 -0.00737686  0.03760058 -0.99926597
   0.          0.055       1.5707964  -0.29055214  0.154224    0.03191889
  -0.25919324  0.36661375  0.18015411 -0.04521376 -0.08678184  0.01403274
   0.4478451  -0.01443786 -0.13071412  0.16792396 -0.06752381 -0.18869872
   0.01957584 -0.1558785  -0.16275087  0.          1.          1.
   1.          0.          0.        ]]
[[ 0.00600376 -0.20781747 -0.02135811 -0.0094598   0.03868987 -0.99920684
   0.          0.055       1.5707964  -0.30242303  0.16365257  0.03428417
  -0.25607452  0.3711784   0.1802903  -0.06451508 -0.07840662  0.01179846
   0.45577925 -0.01416244 -0.12514868  0.17039041 -0.06774741 -0.19572264
   0.01250268 -0.16256915 -0.15394329  0.          1.          1.
   1.          0.          1.        ]]
[[ 0.02221272 -0.18715283 -0.03066837 -0.00999818  0.03884372 -0.9991954
   0.          0.055       1.5707964  -0.31628954  0.16283062  0.0412616
  -0.24861965  0.3752844   0.18217258 -0.08893909 -0.07228801  0.00956909
   0.4651746  -0.02049559 -0.11700107  0.16959493 -0.08181551 -0.19810279
   0.01012478 -0.15702705 -0.1511624   0.          1.          1.
   1.          0.          1.        ]]
[[ 0.02338888 -0.17863329 -0.02538771 -0.01034905  0.03876308 -0.99919444
   0.          0.055       1.5707964  -0.32687142  0.16224775  0.04543012
  -0.22802414  0.3713011   0.1812072  -0.1116844  -0.06550982  0.00727222
   0.47531432 -0.02567401 -0.11164983  0.16635226 -0.08778462 -0.20608598
   0.00816469 -0.14667313 -0.14207229  0.          1.          1.
   1.          0.          1.        ]]
[[ 0.01702458 -0.17853336 -0.04468295 -0.01079903  0.03878413 -0.99918926
   0.          0.055       1.5707964  -0.3369907   0.16427763  0.04761528
  -0.2100707   0.365185    0.17639829 -0.13486929 -0.05878688  0.00417718
   0.48451903 -0.03035736 -0.10709175  0.16234367 -0.08335273 -0.2136161
   0.00693548 -0.14105248 -0.1290468   0.          1.          1.
   1.          0.          1.        ]]
[[ 1.43477489e-04 -1.83147997e-01 -4.93925102e-02 -1.21657429e-02
   3.95279117e-02 -9.99144554e-01  0.00000000e+00  5.49999997e-02
   1.57079637e+00 -3.50038111e-01  1.74393237e-01  4.77366149e-02
  -2.06890687e-01  3.61569375e-01  1.75062135e-01 -1.60898596e-01
  -5.03145866e-02 -3.73070998e-06  4.93547022e-01 -3.30038592e-02
  -1.03680909e-01  1.59590200e-01 -8.73590708e-02 -2.15386629e-01
   3.43323196e-03 -1.34166881e-01 -1.19776756e-01  0.00000000e+00
   1.00000000e+00  1.00000000e+00  1.00000000e+00  0.00000000e+00
   1.00000000e+00]]
[[-2.30699349e-02 -1.14681974e-01  1.53067978e-02 -1.30346604e-02
   4.00246941e-02 -9.99113381e-01  0.00000000e+00  5.49999997e-02
   1.57079637e+00 -3.63661706e-01  1.78052515e-01  5.17907403e-02
  -2.07940266e-01  3.49670559e-01  1.76685303e-01 -1.87219426e-01
  -4.65632901e-02 -5.51284620e-06  5.05916297e-01 -3.30947265e-02
  -1.03787452e-01  1.55245081e-01 -9.33198482e-02 -2.21852913e-01
   7.35086715e-03 -1.19864479e-01 -1.15997054e-01  0.00000000e+00
   1.00000000e+00  1.00000000e+00  1.00000000e+00  0.00000000e+00
   1.00000000e+00]]
[[-1.32556176e-02 -1.01370044e-01  1.00529594e-02 -1.31271323e-02
   3.98619585e-02 -9.99119222e-01  0.00000000e+00  5.49999997e-02
   1.57079637e+00 -3.77603292e-01  1.74359679e-01  6.02436885e-02
  -2.07142889e-01  3.44903618e-01  1.74637720e-01 -2.14587480e-01
  -4.17701825e-02 -5.89309275e-06  5.20197392e-01 -3.67173254e-02
  -1.02503553e-01  1.39590815e-01 -9.18004587e-02 -2.30243325e-01
   1.82070676e-02 -1.04557969e-01 -1.14193872e-01  0.00000000e+00
   1.00000000e+00  1.00000000e+00  1.00000000e+00  0.00000000e+00
   1.00000000e+00]]
[[-2.2507861e-02 -8.0898695e-02  2.5030313e-02 -1.3022421e-02
   3.9507553e-02 -9.9913418e-01  0.0000000e+00  5.5000000e-02
   1.5707964e+00 -3.8991868e-01  1.7321113e-01  6.8341106e-02
  -2.0236681e-01  3.4438738e-01  1.7516463e-01 -2.3625584e-01
  -3.2066632e-02 -6.2296349e-06  5.3528023e-01 -4.3918304e-02
  -9.9539205e-02  1.2020925e-01 -8.7685585e-02 -2.3373213e-01
   2.2408415e-02 -8.8462070e-02 -1.1311148e-01  0.0000000e+00
   1.0000000e+00  1.0000000e+00  1.0000000e+00  0.0000000e+00
   1.0000000e+00]]
[[ 5.82024781e-03 -8.58653858e-02  4.13604751e-02 -1.24868825e-02
   3.83313708e-02 -9.99186993e-01  0.00000000e+00  5.49999997e-02
   1.57079637e+00 -3.98072749e-01  1.70236185e-01  7.50561133e-02
  -1.95073590e-01  3.46757174e-01  1.75942108e-01 -2.49762893e-01
  -2.00033262e-02 -4.35880429e-06  5.51459014e-01 -5.01018763e-02
  -9.92220193e-02  1.01874851e-01 -8.08773637e-02 -2.35301301e-01
   2.55547632e-02 -7.31677189e-02 -1.11993067e-01  0.00000000e+00
   1.00000000e+00  1.00000000e+00  1.00000000e+00  0.00000000e+00
   1.00000000e+00]]
[[ 2.7420754e-02 -7.3318996e-02  6.2422853e-02 -1.0263213e-02
   3.5746444e-02 -9.9930805e-01  0.0000000e+00  5.5000000e-02
   1.5707964e+00 -4.0392551e-01  1.6044983e-01  8.2136728e-02
  -1.8766975e-01  3.5087588e-01  1.7704085e-01 -2.5742906e-01
  -7.1868906e-03 -5.2575233e-06  5.6758928e-01 -6.1278835e-02
  -9.8582841e-02  8.2253799e-02 -8.1368811e-02 -2.3537655e-01
   3.2218926e-02 -5.8132984e-02 -1.1239334e-01  0.0000000e+00
   1.0000000e+00  1.0000000e+00  1.0000000e+00  0.0000000e+00
   1.0000000e+00]]
[[ 2.8878031e-02 -3.5194699e-02  8.5500717e-02 -5.9338487e-03
   3.1545393e-02 -9.9948514e-01  0.0000000e+00  5.5000000e-02
   1.5707964e+00 -4.0858108e-01  1.4031561e-01  9.0532660e-02
  -1.7743276e-01  3.5959619e-01  1.7936686e-01 -2.6456583e-01
   2.0210831e-03 -5.1764455e-06  5.8313066e-01 -7.5672336e-02
  -9.9893510e-02  5.7442870e-02 -8.7841339e-02 -2.3576498e-01
   4.5818765e-02 -3.6539018e-02 -1.1567878e-01  0.0000000e+00
   1.0000000e+00  1.0000000e+00  1.0000000e+00  0.0000000e+00
   1.0000000e+00]]
[[ 1.07191885e-02  1.06700175e-02  8.41587931e-02  7.51450425e-05
   2.66863555e-02 -9.99643564e-01  0.00000000e+00  5.49999997e-02
   1.57079637e+00 -4.17224199e-01  1.10633105e-01  1.03975818e-01
  -1.69995874e-01  3.71857792e-01  1.86421499e-01 -2.72914529e-01
   8.46128445e-03 -1.14237964e-05  5.98371148e-01 -9.61928740e-02
  -1.00534379e-01  2.87196077e-02 -9.89790037e-02 -2.33657375e-01
   6.42967522e-02 -3.05006513e-03 -1.20178059e-01  0.00000000e+00
   1.00000000e+00  1.00000000e+00  1.00000000e+00  0.00000000e+00
   1.00000000e+00]]
[[-2.61157155e-02 -6.64967373e-02  3.01372819e-02  2.11907132e-03
   2.48396639e-02 -9.99689102e-01  0.00000000e+00  5.49999997e-02
   1.57079637e+00 -4.26409096e-01  1.02937840e-01  1.09016865e-01
  -1.65812433e-01  3.87326241e-01  1.96809679e-01 -2.83532619e-01
   1.62169151e-02 -7.54709072e-06  6.11731350e-01 -1.03684530e-01
  -1.05330810e-01 -5.88812726e-03 -1.06502116e-01 -2.26853088e-01
   8.17443803e-02 -7.56595342e-04 -1.16492420e-01  0.00000000e+00
   1.00000000e+00  1.00000000e+00  1.00000000e+00  0.00000000e+00
   1.00000000e+00]]
[[-4.37134458e-03 -1.08157739e-01 -2.50761006e-02  1.67378609e-03
   2.48227734e-02 -9.99690473e-01  0.00000000e+00  5.49999997e-02
   1.57079637e+00 -4.40022409e-01  9.74978805e-02  1.19339406e-01
  -1.59614623e-01  3.95710438e-01  2.01038450e-01 -3.09373081e-01
   1.99314263e-02 -3.95240386e-06  6.16717160e-01 -1.04758553e-01
  -1.03746288e-01 -4.83057946e-02 -1.21001735e-01 -2.18377188e-01
   8.49155188e-02  3.25212441e-03 -1.22169949e-01  0.00000000e+00
   1.00000000e+00  1.00000000e+00  1.00000000e+00  0.00000000e+00
   1.00000000e+00]]
[[-2.0213176e-02 -8.4765673e-02 -2.6395958e-02  1.2486308e-03
   2.5172120e-02 -9.9968219e-01  0.0000000e+00  5.5000000e-02
   1.5707964e+00 -4.4753471e-01  8.5855111e-02  1.3293605e-01
  -1.3667655e-01  3.9751866e-01  2.0151204e-01 -3.1715915e-01
   3.4352574e-02 -5.4345546e-06  6.2359369e-01 -1.1133184e-01
  -8.8571787e-02 -8.1036702e-02 -1.4185938e-01 -2.0727319e-01
   8.4413081e-02  1.3982220e-02 -1.2903613e-01  0.0000000e+00
   1.0000000e+00  1.0000000e+00  1.0000000e+00  0.0000000e+00
   1.0000000e+00]]
[[-5.56340292e-02 -5.32410219e-02 -2.71279681e-02  3.07488465e-03
   2.91930921e-02 -9.99569356e-01  0.00000000e+00  5.49999997e-02
   1.57079637e+00 -4.47512656e-01  5.46670482e-02  1.55911088e-01
  -1.07271016e-01  3.97741944e-01  2.00301260e-01 -2.82047093e-01
   7.43947476e-02 -5.08603080e-06  6.33925915e-01 -1.23048276e-01
  -6.32064193e-02 -1.11794017e-01 -1.72645509e-01 -1.94768593e-01
   7.84106478e-02  4.49350178e-02 -1.45149708e-01  0.00000000e+00
   1.00000000e+00  1.00000000e+00  1.00000000e+00  0.00000000e+00
   1.00000000e+00]]
[[-0.08286565 -0.03482973 -0.00600486  0.00759386  0.03699474 -0.9992867
   0.          0.055       1.5707964  -0.44465426  0.01063297  0.18333164
  -0.09610561  0.40787944  0.20416825 -0.23238596  0.10364567  0.00233632
   0.6463509  -0.13064903 -0.04946505 -0.13649686 -0.21070749 -0.18929999
   0.07523698  0.08808284 -0.16739693  0.          1.          1.
   1.          0.          1.        ]]
[[-1.1114123e-01 -4.9118593e-02  4.2041015e-02  1.3092658e-02
   4.5912247e-02 -9.9885988e-01  0.0000000e+00  5.5000000e-02
   1.5707964e+00 -4.3677974e-01 -2.3820356e-02  1.9993275e-01
  -9.1261491e-02  4.1979900e-01  2.1522367e-01 -1.8101344e-01
   1.1869646e-01 -1.3085668e-06  6.5412045e-01 -1.3955072e-01
  -4.6317350e-02 -1.6006622e-01 -2.3685081e-01 -1.8974052e-01
   8.2102522e-02  1.2445767e-01 -1.8273439e-01  0.0000000e+00
   1.0000000e+00  1.0000000e+00  1.0000000e+00  0.0000000e+00
   1.0000000e+00]]
[[-8.8109463e-02 -4.8194677e-02  6.6578031e-02  1.7773975e-02
   5.4636274e-02 -9.9834818e-01  0.0000000e+00  5.5000000e-02
   1.5707964e+00 -4.2427164e-01 -3.7433840e-02  2.0120047e-01
  -9.0498038e-02  4.2810276e-01  2.2459286e-01 -1.3061994e-01
   1.2741986e-01  6.5527809e-07  6.6241562e-01 -1.5443248e-01
  -4.3814283e-02 -1.9453083e-01 -2.4772379e-01 -1.8116066e-01
   9.4732732e-02  1.5139219e-01 -1.9014712e-01  0.0000000e+00
   1.0000000e+00  1.0000000e+00  1.0000000e+00  0.0000000e+00
   1.0000000e+00]]
[[-7.5545192e-02 -5.0285552e-02  8.2308784e-02  2.1670522e-02
   6.1672892e-02 -9.9786133e-01  0.0000000e+00  5.5000000e-02
   1.5707964e+00 -4.1064489e-01 -3.7868548e-02  1.9305634e-01
  -9.0430886e-02  4.3057948e-01  2.2843795e-01 -7.9082437e-02
   1.3407168e-01 -2.9424627e-06  6.7197484e-01 -1.7042951e-01
  -4.3790258e-02 -2.3635052e-01 -2.4258679e-01 -1.6385841e-01
   1.1194240e-01  1.6605169e-01 -1.8957254e-01  0.0000000e+00
   1.0000000e+00  1.0000000e+00  1.0000000e+00  0.0000000e+00
   1.0000000e+00]]
[[-5.3665604e-02 -6.3814841e-02  9.2213579e-02  2.4758115e-02
   6.6455878e-02 -9.9748206e-01  0.0000000e+00  5.5000000e-02
   1.5707964e+00 -4.0044615e-01 -3.4023423e-02  1.8254355e-01
  -9.4050057e-02  4.3275902e-01  2.3005609e-01 -3.0634480e-02
   1.3372298e-01 -8.3898794e-06  6.8187821e-01 -1.8091731e-01
  -4.7776792e-02 -2.7066499e-01 -2.2637589e-01 -1.4483136e-01
   1.3138935e-01  1.7198148e-01 -1.8553007e-01  0.0000000e+00
   1.0000000e+00  0.0000000e+00  1.0000000e+00  0.0000000e+00
   1.0000000e+00]]
[[-5.9582841e-02 -4.3152105e-02  3.1261355e-02  2.7182540e-02
   7.0667289e-02 -9.9712938e-01  0.0000000e+00  5.5000000e-02
   1.5707964e+00 -3.9821097e-01 -3.0237418e-02  1.7588767e-01
  -9.8376088e-02  4.4646928e-01  2.3929726e-01  3.6856346e-03
   1.4063409e-01 -8.2449906e-06  6.8876088e-01 -1.9668731e-01
  -4.6001613e-02 -2.9808378e-01 -2.0448622e-01 -1.2855540e-01
   1.4406353e-01  1.7760733e-01 -1.8631521e-01  0.0000000e+00
   1.0000000e+00  0.0000000e+00  1.0000000e+00  0.0000000e+00
   1.0000000e+00]]
[[-5.01730591e-02 -5.72214276e-02  1.18392706e-02  2.97579691e-02
   7.45833442e-02 -9.96770561e-01  0.00000000e+00  5.49999997e-02
   1.57079637e+00 -4.01716471e-01 -3.14483941e-02  1.73766300e-01
  -9.82283056e-02  4.67485249e-01  2.52918750e-01  3.57410982e-02
   1.41772464e-01 -8.59900592e-06  6.92211568e-01 -2.09162951e-01
  -4.56121825e-02 -3.17618251e-01 -1.93020210e-01 -1.16662115e-01
   1.52097374e-01  1.82775155e-01 -1.90940797e-01  0.00000000e+00
   1.00000000e+00  0.00000000e+00  1.00000000e+00  0.00000000e+00
   1.00000000e+00]]
[[-3.04614566e-02 -6.05060719e-02 -1.24963699e-02  3.20555456e-02
   7.71283954e-02 -9.96505916e-01  0.00000000e+00  5.49999997e-02
   1.57079637e+00 -4.09958154e-01 -3.76832187e-02  1.75728157e-01
  -9.55253169e-02  4.88695085e-01  2.64887840e-01  6.80117831e-02
   1.40232772e-01 -4.04095817e-06  6.92868888e-01 -2.17174813e-01
  -4.67148684e-02 -3.37241083e-01 -1.88230425e-01 -1.13599434e-01
   1.55929595e-01  1.84920549e-01 -1.97175130e-01  0.00000000e+00
   1.00000000e+00  0.00000000e+00  1.00000000e+00  0.00000000e+00
   1.00000000e+00]]
[[-1.7570276e-02 -6.7247547e-02 -3.3301264e-02  3.3292871e-02
   7.8705385e-02 -9.9634171e-01  0.0000000e+00  5.5000000e-02
   1.5707964e+00 -4.1985908e-01 -4.0332280e-02  1.7634737e-01
  -9.0720281e-02  5.0966114e-01  2.7502957e-01  1.0840794e-01
   1.4527193e-01 -2.6213283e-06  6.9170153e-01 -2.2152281e-01
  -4.8752010e-02 -3.5874021e-01 -1.9569734e-01 -1.1125468e-01
   1.5702501e-01  1.8676952e-01 -2.0469227e-01  0.0000000e+00
   1.0000000e+00  0.0000000e+00  1.0000000e+00  0.0000000e+00
   1.0000000e+00]]
[[-1.2734311e-02 -6.6175282e-02 -4.4593513e-02  3.4299925e-02
   7.9638571e-02 -9.9623388e-01  0.0000000e+00  5.5000000e-02
   1.5707964e+00 -4.3154225e-01 -4.0686533e-02  1.7677706e-01
  -8.3348826e-02  5.2745897e-01  2.8345352e-01  1.4981766e-01
   1.5208344e-01 -1.7378188e-06  6.9108528e-01 -2.2750384e-01
  -4.9826246e-02 -3.8008568e-01 -2.0310724e-01 -1.0848117e-01
   1.5828605e-01  1.8358152e-01 -2.0953752e-01  0.0000000e+00
   1.0000000e+00  0.0000000e+00  1.0000000e+00  0.0000000e+00
   1.0000000e+00]]
[[-1.8957980e-02 -5.8737163e-02 -5.3477429e-02  3.5027765e-02
   8.0736428e-02 -9.9611974e-01  0.0000000e+00  5.5000000e-02
   1.5707964e+00 -4.4776934e-01 -3.9819192e-02  1.7904682e-01
  -7.9657696e-02  5.3713244e-01  2.8822166e-01  1.7180517e-01
   1.5862909e-01 -5.8960732e-06  6.9138950e-01 -2.3561838e-01
  -4.9440965e-02 -3.9277232e-01 -1.9769885e-01 -1.0556754e-01
   1.5936790e-01  1.8068029e-01 -2.1611220e-01  0.0000000e+00
   1.0000000e+00  0.0000000e+00  1.0000000e+00  0.0000000e+00
   1.0000000e+00]]
[[-2.6698023e-02 -6.4106300e-02 -4.4619277e-02  3.5747394e-02
   8.2506895e-02 -9.9594933e-01  0.0000000e+00  5.5000000e-02
   1.5707964e+00 -4.6452478e-01 -3.6528330e-02  1.7959341e-01
  -7.2266437e-02  5.4142004e-01  2.8847983e-01  1.8597879e-01
   1.5937477e-01 -1.4964118e-07  6.9222385e-01 -2.4349527e-01
  -5.0465912e-02 -3.9715141e-01 -1.9201417e-01 -9.8626889e-02
   1.6179423e-01  1.8004748e-01 -2.2433579e-01  0.0000000e+00
   1.0000000e+00  0.0000000e+00  1.0000000e+00  0.0000000e+00
   1.0000000e+00]]
[[-2.9880190e-02 -7.2455466e-02 -3.2173567e-02  3.6412302e-02
   8.4307119e-02 -9.9577427e-01  0.0000000e+00  5.5000000e-02
   1.5707964e+00 -4.8125598e-01 -3.1349953e-02  1.7850778e-01
  -6.5078720e-02  5.4290891e-01  2.8763646e-01  1.9962111e-01
   1.6052461e-01  3.4154777e-06  6.9373971e-01 -2.5025651e-01
  -5.3241722e-02 -3.9623886e-01 -1.9003281e-01 -9.3239121e-02
   1.6591653e-01  1.7930640e-01 -2.3238502e-01  0.0000000e+00
   1.0000000e+00  0.0000000e+00  1.0000000e+00  0.0000000e+00
   1.0000000e+00]]
[[-1.2418361e-02 -7.4410394e-02 -6.1840851e-02  3.6031075e-02
   8.5966028e-02 -9.9564642e-01  0.0000000e+00  5.5000000e-02
   1.5707964e+00 -4.9814114e-01 -2.5888136e-02  1.7947459e-01
  -6.1805077e-02  5.4367512e-01  2.8793973e-01  2.1437611e-01
   1.6394778e-01  5.8226333e-06  6.9313556e-01 -2.5446355e-01
  -5.4086428e-02 -3.9640412e-01 -1.9384648e-01 -9.4024718e-02
   1.6495858e-01  1.8449146e-01 -2.4451545e-01  0.0000000e+00
   1.0000000e+00  0.0000000e+00  1.0000000e+00  1.0000000e+00
   1.0000000e+00]]
[[ 1.27508845e-02 -8.46092105e-02 -5.51576614e-02  3.49485911e-02
   8.55286866e-02 -9.95722473e-01  0.00000000e+00  5.49999997e-02
   1.57079637e+00 -5.14312267e-01 -2.19487101e-02  1.82376266e-01
  -5.72493896e-02  5.44664025e-01  2.88627714e-01  2.27532759e-01
   1.64973825e-01 -6.37882138e-08  6.93743110e-01 -2.52113223e-01
  -5.77314310e-02 -3.96814078e-01 -1.95734814e-01 -9.29242447e-02
   1.65132925e-01  1.84282497e-01 -2.52385825e-01  1.00000000e+00
   1.00000000e+00  0.00000000e+00  1.00000000e+00  1.00000000e+00
   1.00000000e+00]]
[[ 1.8991627e-02 -8.0707423e-02 -3.8477160e-02  3.2763701e-02
   8.4045231e-02 -9.9592322e-01  0.0000000e+00  5.5000000e-02
   1.5707964e+00 -5.3004366e-01 -1.3384728e-02  1.8430124e-01
  -5.4931931e-02  5.4266042e-01  2.8783667e-01  2.2422001e-01
   1.6928075e-01 -3.4308896e-06  6.9626904e-01 -2.4647228e-01
  -6.2039185e-02 -3.9385745e-01 -1.9333999e-01 -9.4114989e-02
   1.6663356e-01  1.8232086e-01 -2.5784144e-01  1.0000000e+00
   1.0000000e+00  0.0000000e+00  0.0000000e+00  1.0000000e+00
   1.0000000e+00]]
[[ 1.8635122e-02 -8.6413287e-02 -1.3571665e-02  3.0572865e-02
   8.2464442e-02 -9.9612516e-01  0.0000000e+00  5.5000000e-02
   1.5707964e+00 -5.4348058e-01 -2.4667772e-04  1.8280707e-01
  -5.4697804e-02  5.4666942e-01  2.8685230e-01  2.1946760e-01
   1.8444502e-01  7.0598452e-07  7.0901519e-01 -2.4357624e-01
  -6.3977785e-02 -3.8550970e-01 -1.9551238e-01 -9.0787657e-02
   1.7531386e-01  1.7712849e-01 -2.5835341e-01  1.0000000e+00
   1.0000000e+00  0.0000000e+00  0.0000000e+00  1.0000000e+00
   1.0000000e+00]]
[[-1.0389163e-02 -6.7985371e-02  2.3449078e-02  2.9151862e-02
   8.2893088e-02 -9.9613184e-01  0.0000000e+00  5.5000000e-02
   1.5707964e+00 -5.5406946e-01  9.7859977e-03  1.8080039e-01
  -5.9030470e-02  5.4386485e-01  2.9032379e-01  2.2174533e-01
   1.8815258e-01 -4.0003310e-06  7.2390252e-01 -2.4087416e-01
  -6.6748261e-02 -3.7322813e-01 -1.9745073e-01 -8.6924106e-02
   1.8827826e-01  1.8154661e-01 -2.6271296e-01  1.0000000e+00
   1.0000000e+00  0.0000000e+00  0.0000000e+00  1.0000000e+00
   1.0000000e+00]]
[[-7.8220824e-03 -7.0329651e-02  4.4696946e-02  2.8069289e-02
   8.3879828e-02 -9.9608088e-01  0.0000000e+00  5.5000000e-02
   1.5707964e+00 -5.6418478e-01  1.1749983e-02  1.8202737e-01
  -6.3058533e-02  5.3655702e-01  2.8995055e-01  2.2393528e-01
   1.9081394e-01 -2.9718017e-06  7.2755259e-01 -2.5080889e-01
  -7.0309103e-02 -3.5873392e-01 -1.9110116e-01 -8.7688312e-02
   2.0310798e-01  1.9484252e-01 -2.7243173e-01  1.0000000e+00
   1.0000000e+00  0.0000000e+00  0.0000000e+00  1.0000000e+00
   1.0000000e+00]]
[[ 2.2345467e-02 -7.7428892e-02  5.3916398e-02  2.6722724e-02
   8.2785897e-02 -9.9620908e-01  0.0000000e+00  5.5000000e-02
   1.5707964e+00 -5.7575417e-01  5.0728908e-03  1.8802318e-01
  -6.5928191e-02  5.2778471e-01  2.8528440e-01  2.2401997e-01
   1.9337611e-01  1.7352232e-06  7.3018754e-01 -2.7178946e-01
  -8.6489089e-02 -3.3891726e-01 -1.7475535e-01 -9.2809089e-02
   2.2398360e-01  2.0748197e-01 -2.8153482e-01  1.0000000e+00
   1.0000000e+00  0.0000000e+00  0.0000000e+00  1.0000000e+00
   1.0000000e+00]]
[[ 5.00275530e-02 -9.08670351e-02  6.06708489e-02  2.39669699e-02
   7.90898874e-02 -9.96579349e-01  0.00000000e+00  5.49999997e-02
   1.57079637e+00 -5.88773549e-01 -2.17348640e-03  1.95323646e-01
  -6.70171902e-02  5.15749097e-01  2.79722869e-01  2.21066862e-01
   1.93261236e-01 -2.14004631e-05  7.26581097e-01 -3.10963035e-01
  -1.12723865e-01 -3.14372838e-01 -1.47087350e-01 -1.02685221e-01
   2.50657350e-01  2.18448877e-01 -2.89123237e-01  1.00000000e+00
   1.00000000e+00  0.00000000e+00  0.00000000e+00  1.00000000e+00
   1.00000000e+00]]
[[ 1.2416675e-02 -8.3977714e-02  4.6983540e-02  2.1378551e-02
   7.6587416e-02 -9.9683362e-01  0.0000000e+00  5.5000000e-02
   1.5707964e+00 -6.0018718e-01  6.2868244e-04  1.9714104e-01
  -6.9980346e-02  5.0039518e-01  2.7389207e-01  2.1773899e-01
   1.9984131e-01 -2.1145353e-05  7.2383791e-01 -3.4287012e-01
  -1.3766566e-01 -2.8892076e-01 -1.3150322e-01 -1.0578512e-01
   2.7856871e-01  2.2480483e-01 -2.9306358e-01  1.0000000e+00
   1.0000000e+00  0.0000000e+00  0.0000000e+00  1.0000000e+00
   1.0000000e+00]]
[[-8.0459127e-03 -6.9148540e-02  1.6593041e-02  1.9339275e-02
   7.6573819e-02 -9.9687606e-01  0.0000000e+00  5.5000000e-02
   1.5707964e+00 -6.1083955e-01  7.5508952e-03  1.9828351e-01
  -7.3282979e-02  4.8607215e-01  2.6506761e-01  2.1039170e-01
   2.0448637e-01 -1.6989552e-05  7.1739024e-01 -3.5136238e-01
  -1.5074509e-01 -2.7015358e-01 -1.2556148e-01 -1.0470323e-01
   2.9868418e-01  2.3388982e-01 -2.9970121e-01  1.0000000e+00
   1.0000000e+00  0.0000000e+00  0.0000000e+00  1.0000000e+00
   1.0000000e+00]]
[[-9.1027189e-03 -7.2440125e-02  5.1972731e-03  1.7568622e-02
   7.7398717e-02 -9.9684536e-01  0.0000000e+00  5.5000000e-02
   1.5707964e+00 -6.2209928e-01  1.2444282e-02  2.0262329e-01
  -7.2993174e-02  4.7408655e-01  2.5649613e-01  2.0085488e-01
   2.0215826e-01 -1.3898459e-05  7.0409763e-01 -3.5251275e-01
  -1.5767321e-01 -2.5860035e-01 -1.2219308e-01 -1.0348094e-01
   3.1011060e-01  2.4384697e-01 -3.0862993e-01  1.0000000e+00
   1.0000000e+00  0.0000000e+00  0.0000000e+00  1.0000000e+00
   1.0000000e+00]]
[[ 6.7735831e-03 -8.0001809e-02 -1.1154301e-02  1.5271541e-02
   7.7273421e-02 -9.9689323e-01  0.0000000e+00  5.5000000e-02
   1.5707964e+00 -6.3454843e-01  1.7208332e-02  2.0880906e-01
  -7.0330836e-02  4.6308082e-01  2.4984135e-01  1.9048394e-01
   2.0149072e-01 -1.2805750e-05  6.8832290e-01 -3.5671014e-01
  -1.6497611e-01 -2.4996355e-01 -1.1739818e-01 -1.0339277e-01
   3.1803414e-01  2.5068623e-01 -3.1679189e-01  1.0000000e+00
   1.0000000e+00  0.0000000e+00  0.0000000e+00  1.0000000e+00
   1.0000000e+00]]
[[ 3.00721563e-02 -1.02100641e-01  1.40994750e-02  1.18616903e-02
   7.54690543e-02 -9.97077465e-01  0.00000000e+00  5.49999997e-02
   1.57079637e+00 -6.47159874e-01  2.31745839e-02  2.14410931e-01
  -6.77841902e-02  4.41595018e-01  2.42290273e-01  1.77241668e-01
   1.92805141e-01 -1.63839450e-05  6.71561718e-01 -3.69942516e-01
  -1.81500062e-01 -2.36978665e-01 -1.04444206e-01 -1.06858067e-01
   3.31014633e-01  2.57086366e-01 -3.24046284e-01  1.00000000e+00
   1.00000000e+00  0.00000000e+00  0.00000000e+00  1.00000000e+00
   1.00000000e+00]]
[[ 2.15842389e-02 -9.35858339e-02  2.82115415e-02  8.80875252e-03
   7.33080953e-02 -9.97270525e-01  0.00000000e+00  5.49999997e-02
   1.57079637e+00 -6.57234132e-01  3.18277553e-02  2.16425940e-01
  -6.13022745e-02  4.20354456e-01  2.29384303e-01  1.69392243e-01
   1.83413595e-01 -1.76257072e-05  6.54414535e-01 -3.92771691e-01
  -1.99014634e-01 -2.19317973e-01 -9.50557068e-02 -1.07861504e-01
   3.49676937e-01  2.58729517e-01 -3.26644808e-01  1.00000000e+00
   1.00000000e+00  0.00000000e+00  0.00000000e+00  1.00000000e+00
   1.00000000e+00]]
[[ 7.3251268e-03 -8.3282523e-02  2.3087295e-02  6.3051418e-03
   7.2257273e-02 -9.9736613e-01  0.0000000e+00  5.5000000e-02
   1.5707964e+00 -6.6455406e-01  4.1430421e-02  2.1687628e-01
  -5.2362543e-02  4.0239891e-01  2.1629828e-01  1.6375293e-01
   1.7172921e-01 -2.0811123e-05  6.3012934e-01 -4.0812472e-01
  -2.1009970e-01 -2.0239344e-01 -9.0317294e-02 -1.0614167e-01
   3.6804110e-01  2.6129556e-01 -3.2858726e-01  1.0000000e+00
   1.0000000e+00  0.0000000e+00  0.0000000e+00  1.0000000e+00
   1.0000000e+00]]
[[-1.27403869e-03 -7.35317841e-02  2.50432901e-02  4.58548404e-03
   7.22181052e-02 -9.97378528e-01  0.00000000e+00  5.49999997e-02
   1.57079637e+00 -6.69693232e-01  4.73841764e-02  2.18573138e-01
  -4.00660336e-02  3.85348827e-01  2.02915505e-01  1.59600377e-01
   1.59522399e-01 -1.90847186e-05  5.92959523e-01 -4.16421771e-01
  -2.19536722e-01 -1.87957734e-01 -8.74752626e-02 -1.03667445e-01
   3.83998007e-01  2.66202927e-01 -3.31330597e-01  1.00000000e+00
   1.00000000e+00  0.00000000e+00  0.00000000e+00  1.00000000e+00
   1.00000000e+00]]
[[-1.1347805e-02 -6.7096449e-02  3.3258636e-02  3.6855275e-03
   7.2818011e-02 -9.9733847e-01  0.0000000e+00  5.5000000e-02
   1.5707964e+00 -6.7274153e-01  5.0078765e-02  2.2075926e-01
  -2.2095833e-02  3.6788177e-01  1.8899408e-01  1.5424432e-01
   1.5189920e-01 -2.1889267e-05  5.4407197e-01 -4.2690250e-01
  -2.3069750e-01 -1.7515083e-01 -8.7089926e-02 -1.0004991e-01
   3.9852753e-01  2.7167338e-01 -3.3365434e-01  1.0000000e+00
   0.0000000e+00  0.0000000e+00  0.0000000e+00  1.0000000e+00
   1.0000000e+00]]
[[ 8.1539378e-03 -7.4240670e-02  5.1402144e-02  2.9583259e-03
   7.3233180e-02 -9.9731034e-01  0.0000000e+00  5.5000000e-02
   1.5707964e+00 -6.7289889e-01  5.0705671e-02  2.2110015e-01
  -4.5995782e-03  3.3895949e-01  1.7586313e-01  1.6246518e-01
   1.3226460e-01 -2.1167551e-05  4.8319182e-01 -4.4186807e-01
  -2.5051931e-01 -1.5815134e-01 -8.0545999e-02 -9.9678509e-02
   4.1870463e-01  2.7946484e-01 -3.3440319e-01  1.0000000e+00
   0.0000000e+00  0.0000000e+00  0.0000000e+00  1.0000000e+00
   1.0000000e+00]]
[[-6.44289469e-03 -7.98864141e-02  1.09673075e-01  3.30755068e-03
   7.28418306e-02 -9.97338057e-01  0.00000000e+00  5.49999997e-02
   1.57079637e+00 -6.71248496e-01  5.48136830e-02  2.16541275e-01
   1.75145790e-02  3.11293662e-01  1.57486960e-01  1.63611203e-01
   1.12876728e-01 -2.07178764e-05  4.08613473e-01 -4.63004798e-01
  -2.70413190e-01 -1.33845121e-01 -8.49955827e-02 -9.31087807e-02
   4.47194546e-01  2.76088953e-01 -3.28341365e-01  1.00000000e+00
   1.00000000e+00  0.00000000e+00  0.00000000e+00  1.00000000e+00
   1.00000000e+00]]
[[-1.0271705e-02 -7.9237424e-02  1.1564715e-01  3.1925051e-03
   7.3107213e-02 -9.9731916e-01  0.0000000e+00  5.5000000e-02
   1.5707964e+00 -6.6698319e-01  6.7239277e-02  2.0544922e-01
   6.2875740e-02  2.7350491e-01  1.2566322e-01  1.5366696e-01
   1.0137113e-01 -2.2527865e-05  2.9580125e-01 -4.6618995e-01
  -2.7870643e-01 -1.1133886e-01 -8.9603499e-02 -8.7029368e-02
   4.7448838e-01  2.7483720e-01 -3.2295281e-01  1.0000000e+00
   1.0000000e+00  0.0000000e+00  0.0000000e+00  1.0000000e+00
   1.0000000e+00]]
[[ 1.8090814e-02 -1.0207865e-01  9.3394816e-02  9.5255161e-04
   7.1579799e-02 -9.9743450e-01  0.0000000e+00  5.5000000e-02
   1.5707964e+00 -6.6103482e-01  8.9660160e-02  1.8970108e-01
   1.3624294e-01  2.2190127e-01  6.6867709e-02  1.3601126e-01
   9.8723672e-02 -1.8470886e-05  1.5463649e-01 -4.3112892e-01
  -2.5566548e-01 -8.9824893e-02 -8.6926281e-02 -8.3920643e-02
   5.0179684e-01  2.7012062e-01 -3.1209350e-01  1.0000000e+00
   1.0000000e+00  0.0000000e+00  0.0000000e+00  1.0000000e+00
   1.0000000e+00]]
[[ 0.05028865 -0.12779574  0.04877786 -0.00379574  0.06557631 -0.9978405
   0.          0.055       1.5707964  -0.6582973   0.13037992  0.16889672
   0.19902308  0.18287478  0.01301378  0.07922276  0.10928842  0.02071033
   0.04943844 -0.33692136 -0.2011308  -0.0511472  -0.09282704 -0.07216063
   0.54460967  0.23823357 -0.2802235   1.          1.          0.
   0.          1.          1.        ]]
[[-0.04659742  0.06738076  0.16211662  0.00205857  0.0620812  -0.9980689
   0.          0.055       1.5707964  -0.65333694  0.12656471  0.15274316
   0.21317124  0.14854859  0.03234025  0.0393149   0.15587695  0.05157313
   0.02227939 -0.20221882 -0.13230386 -0.0029722  -0.12468104 -0.05321994
   0.5979539   0.19845779 -0.25165457  1.          1.          0.
   0.          1.          1.        ]]
[[ 0.10559689  0.13172117 -0.04250731  0.01069561  0.05448164 -0.99845773
   0.          0.055       1.5707964  -0.65014905  0.11431627  0.0637264
   0.22061911  0.02641333  0.09508997  0.04564414  0.24888387  0.09034204
   0.04789893 -0.14564241 -0.17190011  0.02762185 -0.09007238 -0.07686904
   0.61393553  0.18158092 -0.22901636  1.          1.          0.
   0.          1.          1.        ]]
[[ 2.6658815e-01  9.4994672e-02 -1.5389127e-01  2.5404712e-02
   3.2304991e-02 -9.9915504e-01  0.0000000e+00  5.5000000e-02
   1.5707964e+00 -6.7098463e-01  1.6614823e-01 -1.3888970e-07
   1.8771802e-01 -1.4322858e-01  1.7978963e-01  3.9310396e-02
   2.7052701e-01  1.4066555e-01  6.3152507e-02 -6.9758229e-02
  -2.1533377e-01  4.4299871e-02 -8.5272819e-02 -1.1969889e-01
   6.2393379e-01  9.8055914e-02 -1.9070666e-01  1.0000000e+00
   1.0000000e+00  0.0000000e+00  0.0000000e+00  1.0000000e+00
   1.0000000e+00]]
[[ 0.19917156  0.12712426 -0.24144115  0.04289312  0.01169795 -0.9990109
   0.          0.055       1.5707964  -0.680526    0.22857235  0.02224079
   0.11792012 -0.30660823  0.25992012 -0.06331167  0.24434999  0.160365
   0.06505874 -0.02726354 -0.2298773   0.09500904 -0.16551206 -0.14943817
   0.60761064  0.01403597 -0.1706627   1.          1.          0.
   0.          1.          1.        ]]
[[ 1.7498909e-01  3.3386819e-02 -3.1232673e-01  5.4162193e-02
  -2.4003764e-03 -9.9852920e-01  0.0000000e+00  5.5000000e-02
   1.5707964e+00 -6.5677130e-01  2.7775258e-01  1.0716720e-01
   1.4317326e-02 -4.1370726e-01  3.1412578e-01 -2.9170009e-01
   2.0247401e-01  1.8287957e-01  4.8446093e-02  1.3862912e-03
  -2.2260585e-01  1.5640461e-01 -2.3951976e-01 -1.7584382e-01
   5.6379175e-01 -2.0949250e-02 -1.8457583e-01  1.0000000e+00
   1.0000000e+00  0.0000000e+00  0.0000000e+00  1.0000000e+00
   1.0000000e+00]]
[[ 0.1027106  -0.04563197 -0.22319655  0.05439175 -0.01075369 -0.99846137
   0.          0.055       1.5707964  -0.52267724  0.3695778   0.18439223
  -0.06339461 -0.42455474  0.28263515 -0.50141495  0.13967307  0.20699261
   0.02559283  0.01987012 -0.20433138  0.19164065 -0.28514862 -0.1865085
   0.5235816  -0.03362701 -0.19798982  1.          1.          0.
   0.          1.          1.        ]]
[[ 0.01717346 -0.06459004 -0.12126806  0.05092501 -0.01220346 -0.998628
   0.          0.055       1.5707964  -0.3155934   0.44162053  0.23441854
  -0.09524889 -0.3844661   0.2549328  -0.6123486   0.06501768  0.19303139
   0.0047488   0.00252401 -0.1763632   0.19525045 -0.3013142  -0.20115058
   0.4966695  -0.04808698 -0.19591993  1.          0.          0.
   0.          1.          1.        ]]
[[-0.02889768  0.01583476 -0.08609166  0.05060951 -0.00962032 -0.998672
   0.          0.055       1.5707964  -0.14207824  0.45825565  0.2431738
  -0.10455939 -0.36212233  0.23773633 -0.6256046   0.03971451  0.16503347
  -0.01213381 -0.02882676 -0.15555428  0.18754524 -0.307945   -0.20199794
   0.47594893 -0.05315698 -0.19793668  1.          0.          0.
   0.          1.          1.        ]]
[[-0.00675574  0.09465713 -0.08341832  0.05575668 -0.00881914 -0.99840564
   0.          0.055       1.5707964  -0.0417058   0.41595864  0.21980634
  -0.12955911 -0.38617006  0.24433646 -0.6197464   0.09146311  0.17418753
  -0.02218162 -0.05306232 -0.14469117  0.18998396 -0.29688233 -0.20702218
   0.45605123 -0.05795394 -0.21061863  1.          0.          0.
   0.          1.          1.        ]]
[[ 1.0170898e-03  4.1451432e-02 -8.0850907e-02  5.8119673e-02
  -1.0465249e-02 -9.9825501e-01  0.0000000e+00  5.5000000e-02
   1.5707964e+00  9.7957905e-03  3.2470334e-01  1.9598921e-01
  -1.6474363e-01 -3.9932519e-01  2.4460684e-01 -6.1539334e-01
   1.6867118e-01  2.1855970e-01 -2.0610390e-02 -5.1552646e-02
  -1.4929478e-01  2.0212854e-01 -2.7343825e-01 -2.0171042e-01
   4.4714215e-01 -5.5249315e-02 -2.2988687e-01  1.0000000e+00
   0.0000000e+00  0.0000000e+00  0.0000000e+00  1.0000000e+00
   1.0000000e+00]]
[[-0.08349013 -0.05644596  0.03587364  0.05058408 -0.00701365 -0.998695
   0.          0.055       1.5707964   0.05372116  0.22513777  0.17979339
  -0.17337063 -0.34532943  0.19370723 -0.5830336   0.22626638  0.25664848
  -0.00822325 -0.0478062  -0.15391031  0.20364209 -0.28344685 -0.1797241
   0.45544308 -0.02344694 -0.2524614   1.          0.          0.
   0.          1.          1.        ]]
[[-0.14726512 -0.06587953  0.0952737   0.04117726  0.00253282 -0.9991485
   0.          0.055       1.5707964   0.08791466  0.1122185   0.16081516
  -0.1596808  -0.26664707  0.14268139 -0.53050023  0.25283167  0.26118046
   0.01471781 -0.06523509 -0.15265019  0.20902887 -0.30500972 -0.178305
   0.47920433  0.02375295 -0.27608633  1.          0.          0.
   0.          1.          1.        ]]
[[-0.1451596  -0.08301283  0.12093484  0.03202666  0.0137459  -0.99939245
   0.          0.055       1.5707964   0.10802555 -0.00966676  0.14120217
  -0.14275643 -0.1817309   0.09136653 -0.46882036  0.27491033  0.2582671
   0.04213841 -0.08553979 -0.15065418  0.21754321 -0.314987   -0.18243137
   0.5102485   0.07371197 -0.29921833  1.          0.          0.
   0.          1.          1.        ]]
[[-0.02431027  0.06412793  0.03521461  0.0288797   0.02177783 -0.99934554
   0.          0.055       1.5707964   0.10623189 -0.07260437  0.134878
  -0.14610502 -0.12464914  0.05804801 -0.40429458  0.32466784  0.25645027
   0.06412414 -0.12486264 -0.13474764  0.21025793 -0.32809293 -0.1997596
   0.5321474   0.09252121 -0.31085745  1.          0.          0.
   0.          1.          1.        ]]
[[ 0.0309659  -0.06020705 -0.08192702  0.02790511  0.01929325 -0.9994241
   0.          0.055       1.5707964   0.06967677 -0.06734382  0.13648899
  -0.1896864  -0.10295501  0.04848689 -0.3388063   0.38418823  0.26731944
   0.07679863 -0.13526215 -0.12225422  0.16255923 -0.3323184  -0.20985675
   0.53822756  0.08284576 -0.3147597   1.          0.          1.
   1.          1.          0.        ]]
[[ 0.02047512 -0.04809558 -0.10387885  0.02735257  0.01656911 -0.99948835
   0.          0.055       1.5707964   0.03029989 -0.0817697   0.15505427
  -0.21543397 -0.0359563   0.04198388 -0.2515989   0.39834717  0.2734524
   0.09685284 -0.14487135 -0.09649473  0.10186057 -0.35157976 -0.21011631
   0.53654116  0.07961474 -0.32084078  1.          0.          1.
   1.          1.          0.        ]]
[[-4.71375361e-02 -1.41662266e-03 -1.14070527e-01  2.86334194e-02
   1.94490012e-02 -9.99400675e-01  0.00000000e+00  5.49999997e-02
   1.57079637e+00 -3.41783813e-03 -1.09867625e-01  1.81827486e-01
  -2.24346027e-01  7.13955611e-02  4.14516777e-02 -1.71714351e-01
   3.59860241e-01  2.62434214e-01  1.15212843e-01 -1.54110059e-01
  -7.38270730e-02  5.05614541e-02 -3.50772202e-01 -2.10953966e-01
   5.25149763e-01  1.11267373e-01 -3.46965462e-01  1.00000000e+00
   0.00000000e+00  1.00000000e+00  1.00000000e+00  1.00000000e+00
   0.00000000e+00]]
[[-0.08068386  0.02948813 -0.0429677   0.03017854  0.02701132 -0.9991796
   0.          0.055       1.5707964  -0.02329017 -0.12821165  0.19816813
  -0.22684875  0.13913631  0.0543659  -0.11776437  0.3277775   0.23563664
   0.12676993 -0.15945356 -0.06469704  0.02620227 -0.3302829  -0.2018758
   0.51815003  0.1646184  -0.38376638  1.          0.          1.
   1.          1.          0.        ]]
[[-0.07476029  0.05315251  0.07738982  0.03110388  0.03521426 -0.9988961
   0.          0.055       1.5707964  -0.02006304 -0.11737408  0.18887222
  -0.21628568  0.16568927  0.0693858  -0.07144073  0.31461504  0.21443841
   0.1462691  -0.17376125 -0.05911353  0.02407093 -0.30111948 -0.18680821
   0.53343487  0.20437413 -0.40596053  1.          0.          1.
   1.          1.          0.        ]]
[[-0.04579647  0.10803296  0.12426262  0.03168081  0.04198462 -0.99861604
   0.          0.055       1.5707964  -0.00297783 -0.08125106  0.1604396
  -0.19633794  0.1847021   0.08903375 -0.01557022  0.29551756  0.1857647
   0.17449798 -0.19772844 -0.05524461  0.01524315 -0.26344547 -0.15793428
   0.5626263   0.22091624 -0.41003937  1.          0.          1.
   1.          1.          0.        ]]
[[ 0.01881476  0.09861591  0.13347977  0.03042776  0.04387243 -0.99857384
   0.          0.055       1.5707964   0.01388286 -0.03009703  0.12232461
  -0.18045641  0.21575534  0.1213887   0.05226962  0.24665275  0.14658247
   0.2116987  -0.20875572 -0.06135266  0.01149585 -0.22246669 -0.11353061
   0.6054339   0.21329154 -0.39972147  1.          0.          1.
   1.          1.          0.        ]]
[[ 0.06818485  0.08601572  0.09310596  0.0293452   0.04072474 -0.99873924
   0.          0.055       1.5707964   0.01586499  0.0100123   0.09306725
  -0.16579711  0.24860021  0.15978044  0.09699457  0.17064855  0.08668624
   0.24546571 -0.21434303 -0.0695442   0.00514938 -0.19044304 -0.07056567
   0.6443072   0.18107162 -0.3808721   1.          0.          1.
   1.          1.          0.        ]]
[[ 0.09264089  0.08468891  0.0624691   0.02823555  0.03442215 -0.9990082
   0.          0.055       1.5707964   0.00960525  0.0354858   0.07420112
  -0.13752005  0.27427617  0.18980823  0.10986808  0.0926361   0.03162089
   0.27293667 -0.2131637  -0.07843779 -0.00287457 -0.1801376  -0.03617159
   0.67826176  0.13724248 -0.35875666  1.          0.          1.
   0.          1.          0.        ]]
[[ 1.1165750e-01  5.6220174e-02 -5.6041228e-03  2.4628134e-02
   2.7035518e-02 -9.9933076e-01  0.0000000e+00  5.5000000e-02
   1.5707964e+00  4.3419730e-03  5.7033088e-02  6.0844917e-02
  -9.4408996e-02  3.0284160e-01  2.1196544e-01  1.3144311e-01
   2.7643420e-02  3.1481168e-04  2.9169866e-01 -2.0297353e-01
  -8.1277229e-02  1.2490204e-02 -1.9154356e-01 -2.9375605e-02
   7.0598239e-01  1.0292609e-01 -3.4084734e-01  1.0000000e+00
   0.0000000e+00  1.0000000e+00  1.0000000e+00  1.0000000e+00
   0.0000000e+00]]
[[ 1.0614524e-01  4.6541695e-02 -1.4135854e-01  1.7552255e-02
   1.5949400e-02 -9.9971849e-01  0.0000000e+00  5.5000000e-02
   1.5707964e+00 -1.2223315e-02  6.8046071e-02  6.2686726e-02
  -6.6054285e-02  3.3712843e-01  2.3390631e-01  1.4283077e-01
  -5.2957796e-03  2.8303833e-04  2.9340106e-01 -1.8404633e-01
  -7.1803443e-02  1.9110581e-02 -1.6888671e-01 -3.5927720e-02
   7.1392512e-01  6.5898106e-02 -3.2079551e-01  1.0000000e+00
   0.0000000e+00  1.0000000e+00  1.0000000e+00  1.0000000e+00
   0.0000000e+00]]
[[-0.00504612  0.0843836  -0.04269349  0.01437687  0.01721961 -0.9997486
   0.          0.055       1.5707964  -0.00483924  0.07258964  0.06147695
  -0.05704191  0.37666827  0.24925168  0.14908266 -0.01233436  0.00766061
   0.28987935 -0.17524502 -0.0728163   0.01355294 -0.13384534 -0.0530667
   0.69625354  0.04603616 -0.25930405  1.          0.          1.
   1.          1.          0.        ]]
[[-0.06278146 -0.00344214 -0.05910867  0.0070128   0.01985461 -0.999778
   0.          0.055       1.5707964  -0.00666215  0.08569346  0.05017019
  -0.1281486   0.4107357   0.2604047   0.14394133 -0.02769886  0.01526885
   0.28488088 -0.16783513 -0.06274498  0.00959737 -0.05006794 -0.09778617
   0.6605083  -0.04643484 -0.17007604  1.          0.          1.
   1.          1.          0.        ]]
[[-0.06422079 -0.02725151 -0.04636906 -0.00208838  0.02475941 -0.9996913
   0.          0.055       1.5707964  -0.01903689  0.10372316  0.03543019
  -0.24849203  0.43278593  0.25914416  0.12697996 -0.05815087  0.03099948
   0.278532   -0.1512685  -0.04626184  0.01887053  0.05124863 -0.15459156
   0.636846   -0.17478439 -0.13211797  1.          0.          1.
   1.          1.          0.        ]]
[[-0.04313369  0.03596287  0.02318419 -0.0093666   0.02961644 -0.99951774
   0.          0.055       1.5707964  -0.03389929  0.11670037  0.02543685
  -0.33241564  0.44656792  0.25926107  0.11004125 -0.09071096  0.05300392
   0.27689067 -0.13930234 -0.02347522  0.04596525  0.13127202 -0.20109643
   0.61783355 -0.26668164 -0.15136427  1.          0.          1.
   1.          1.          0.        ]]
[[-0.03317525  0.13341577 -0.01384016 -0.01207749  0.03207023 -0.99941266
   0.          0.055       1.5707964  -0.05745259  0.11981542  0.02109431
  -0.35646304  0.46121374  0.25653994  0.08535016 -0.11000656  0.06489161
   0.27407596 -0.11541655 -0.00667245  0.07523292  0.1653228  -0.22293492
   0.5564675  -0.31054172 -0.18454242  1.          0.          1.
   1.          1.          0.        ]]
[[-0.01640124  0.20689279 -0.16062067 -0.00737151  0.03523914 -0.9993515
   0.          0.055       1.5707964  -0.10895599  0.12350127  0.02116534
  -0.34985432  0.45746726  0.24922524  0.04289595 -0.12569621  0.05981055
   0.2710239  -0.04885327 -0.02138903  0.08048577  0.12315398 -0.19524838
   0.41034198 -0.30072194 -0.22222643  1.          0.          1.
   1.          1.          0.        ]]
[[-1.82211809e-02  1.41135409e-01 -4.73571755e-02 -9.91833396e-03
   3.40144783e-02 -9.99372244e-01  0.00000000e+00  5.49999997e-02
   1.57079637e+00 -1.48884699e-01  1.20607756e-01  2.79834177e-02
  -3.25565517e-01  4.11619097e-01  2.30746120e-01  1.17182080e-03
  -1.14768788e-01  4.67928201e-02  2.86739707e-01 -2.49759536e-02
  -3.35014127e-02  8.67261961e-02  9.03153121e-02 -1.43447325e-01
   2.50174224e-01 -2.45400161e-01 -2.25309938e-01  1.00000000e+00
   0.00000000e+00  1.00000000e+00  1.00000000e+00  1.00000000e+00
   0.00000000e+00]]
[[-0.05060985  0.1795283   0.04914142 -0.0117024   0.03563537 -0.9992961
   0.          0.055       1.5707964  -0.16551505  0.11657646  0.03026143
  -0.30663416  0.3544346   0.19759098 -0.01033863 -0.13173206  0.058414
   0.31164524  0.00827234 -0.06371365  0.10326634  0.04069914 -0.09523204
   0.14065228 -0.2139455  -0.20119591  1.          0.          1.
   1.          1.          0.        ]]
[[-1.50293745e-02  2.76910186e-01  1.02579229e-01 -1.14693278e-02
   3.71802449e-02 -9.99242663e-01  0.00000000e+00  5.49999997e-02
   1.57079637e+00 -1.77144393e-01  1.29989147e-01  1.46038597e-02
  -3.02125514e-01  3.36192131e-01  1.82415232e-01 -1.29724778e-02
  -1.36553779e-01  6.24314770e-02  3.39045644e-01  1.48630301e-02
  -8.73155817e-02  1.24130227e-01  5.17483335e-04 -9.17826220e-02
   9.09036025e-02 -2.37127021e-01 -1.79141790e-01  1.00000000e+00
   0.00000000e+00  1.00000000e+00  1.00000000e+00  1.00000000e+00
   0.00000000e+00]]
[[-0.03004749  0.24016435  0.06569774 -0.01054335  0.03787543 -0.999227
   0.          0.055       1.5707964  -0.1897279   0.14613229  0.00506247
  -0.28516102  0.35418355  0.1922901  -0.02028429 -0.1287888   0.05512423
   0.35957432  0.00740092 -0.10132653  0.13638434 -0.0273592  -0.11096097
   0.07733994 -0.252922   -0.18129517  1.          0.          1.
   1.          1.          0.        ]]
[[-1.2152385e-02  2.0153341e-01  2.9109035e-02 -8.4528727e-03
   3.6492061e-02 -9.9929845e-01  0.0000000e+00  5.5000000e-02
   1.5707964e+00 -2.1061389e-01  1.3805979e-01  8.8684820e-03
  -2.6148206e-01  3.6760587e-01  2.0425598e-01 -4.0238358e-02
  -1.2404405e-01  4.4739265e-02  3.7261161e-01  1.1705875e-03
  -1.1106712e-01  1.4239989e-01 -5.1159661e-02 -1.3214570e-01
   7.2338112e-02 -2.4513523e-01 -1.9163649e-01  1.0000000e+00
   0.0000000e+00  1.0000000e+00  1.0000000e+00  1.0000000e+00
   0.0000000e+00]]
[[-0.00833366  0.18246089  0.02596558 -0.0066909   0.03606631 -0.99932724
   0.          0.055       1.5707964  -0.22353883  0.13564894  0.00525814
  -0.23445442  0.36420622  0.20360741 -0.05304653 -0.1269241   0.03938633
   0.3787206  -0.00332545 -0.1188707   0.14605623 -0.05760806 -0.14890708
   0.06526123 -0.22584513 -0.18949148  1.          0.          1.
   1.          1.          0.        ]]
[[-0.01488942  0.1721987   0.03778126 -0.00526664  0.03542159 -0.9993585
   0.          0.055       1.5707964  -0.23018979  0.13180867  0.00471299
  -0.22388709  0.35492095  0.1956689  -0.06010561 -0.12690465  0.03329112
   0.37993002 -0.00775982 -0.1235269   0.15112966 -0.05125864 -0.15503725
   0.06086453 -0.2101967  -0.17940587  1.          0.          1.
   1.          1.          0.        ]]
[[-0.01950778  0.17646304  0.03987993 -0.00376183  0.03510139 -0.99937683
   0.          0.055       1.5707964  -0.23322026  0.12952746  0.00578784
  -0.2285339   0.35103956  0.18910627 -0.0637996  -0.1257495   0.02687387
   0.3770758  -0.0181626  -0.12201681  0.15570126 -0.04503812 -0.1543603
   0.057215   -0.20057715 -0.16941091  1.          0.          1.
   1.          1.          0.        ]]
[[-0.02143329  0.18074274  0.04487824 -0.00262979  0.03567739 -0.99935985
   0.          0.055       1.5707964  -0.2367285   0.13176475  0.00629662
  -0.24016206  0.35306096  0.18834747 -0.06331447 -0.12660302  0.02333137
   0.37447914 -0.02950651 -0.11953416  0.15988475 -0.04614061 -0.15305024
   0.05237513 -0.19262688 -0.16135     1.          0.          1.
   1.          1.          0.        ]]
[[-0.0042054   0.17471665  0.05587233 -0.00200955  0.03495997 -0.9993868
   0.          0.055       1.5707964  -0.24149151  0.1304466   0.00792924
  -0.24779646  0.35384724  0.1907976  -0.0634995  -0.1204459   0.01777693
   0.37645704 -0.029411   -0.12397931  0.16219331 -0.05285875 -0.15515642
   0.04667538 -0.18700488 -0.15491347  0.          0.          1.
   1.          1.          0.        ]]
[[-0.00816319  0.16973312  0.04986585 -0.00250546  0.03464308 -0.9993963
   0.          0.055       1.5707964  -0.24738434  0.12873518  0.01070997
  -0.25444132  0.35495552  0.19314562 -0.06362556 -0.11705031  0.01652333
   0.3818496  -0.02184564 -0.13252611  0.1644965  -0.05717801 -0.15871644
   0.04301543 -0.18456478 -0.1497363   0.          0.          1.
   1.          1.          0.        ]]
[[-0.01467684  0.21238546  0.02656263 -0.00209185  0.03528365 -0.9993752
   0.          0.055       1.5707964  -0.25067714  0.12635653  0.01448311
  -0.25962147  0.35522816  0.19539146 -0.0662832  -0.12182961  0.01972313
   0.38638797 -0.02395103 -0.13393678  0.16257523 -0.06188892 -0.16139959
   0.03912457 -0.1845607  -0.15248784  0.          0.          1.
   1.          1.          0.        ]]
[[-0.01197214  0.21771653  0.02876909 -0.00185527  0.03574467 -0.99935913
   0.          0.055       1.5707964  -0.25176835  0.1268188   0.01841813
  -0.25746372  0.35910237  0.19812426 -0.06948057 -0.12108509  0.02116861
   0.39278078 -0.02772636 -0.13355924  0.16101292 -0.0601795  -0.16249178
   0.04050549 -0.18548012 -0.15593548  0.          0.          1.
   1.          1.          0.        ]]
[[-0.01877529  0.21397948  0.01876142 -0.00186591  0.03640902 -0.999335
   0.          0.055       1.5707964  -0.25597617  0.12994665  0.02335694
  -0.25722542  0.363766    0.20283937 -0.0751434  -0.11726295  0.02132141
   0.39888683 -0.03546665 -0.12970202  0.1602553  -0.06138309 -0.16128133
   0.04062217 -0.18869789 -0.158353    0.          0.          1.
   1.          0.          0.        ]]
[[-0.01054289  0.1989196  -0.00292902 -0.00243375  0.03666735 -0.99932456
   0.          0.055       1.5707964  -0.26791888  0.13361299  0.02926441
  -0.26329204  0.37051067  0.2081554  -0.08781751 -0.10806712  0.01822874
   0.40728554 -0.04007666 -0.12645419  0.16048333 -0.06945217 -0.16316658
   0.03858325 -0.18385844 -0.1645678   0.          0.          1.
   1.          0.          1.        ]]
[[-0.01510076  0.18647537  0.01994551 -0.00285117  0.03746414 -0.99929374
   0.          0.055       1.5707964  -0.27787784  0.1374601   0.03350401
  -0.26290697  0.36944944  0.2093334  -0.10027006 -0.10505651  0.02061581
   0.4197197  -0.04288783 -0.1256485   0.16507918 -0.08211961 -0.1699852
   0.03916354 -0.17731941 -0.16498324  0.          0.          1.
   1.          0.          1.        ]]
[[-0.01575297  0.17016149  0.01255331 -0.00352653  0.03835165 -0.9992579
   0.          0.055       1.5707964  -0.28779092  0.14321579  0.03636087
  -0.25636524  0.36379862  0.20542768 -0.11384174 -0.10108748  0.0230254
   0.43289775 -0.04490878 -0.12504199  0.1651841  -0.09433952 -0.17927147
   0.03981334 -0.17110655 -0.16263023  0.          0.          1.
   1.          0.          1.        ]]
[[-0.02146196  0.15791571  0.00653583 -0.00431397  0.03937628 -0.9992149
   0.          0.055       1.5707964  -0.29706207  0.15188836  0.03732042
  -0.24968345  0.35565847  0.20062625 -0.12835753 -0.09668464  0.02518521
   0.44609645 -0.04788656 -0.12341668  0.16659287 -0.10032989 -0.18854225
   0.04119429 -0.1682673  -0.15885368  0.          1.          1.
   1.          0.          0.        ]]
[[-0.02159143  0.15298589 -0.01911151 -0.00561695  0.0401964  -0.99917626
   0.          0.055       1.5707964  -0.3078926   0.1630683   0.03867071
  -0.24343649  0.3551017   0.19932814 -0.14656423 -0.08577845  0.02281075
   0.45796847 -0.05213146 -0.11934044  0.16263841 -0.09975    -0.19764237
   0.03945409 -0.16996142 -0.15550204  0.          1.          1.
   1.          0.          1.        ]]
[[-0.00780392  0.14700103 -0.01365652 -0.00629838  0.03968668 -0.9991926
   0.          0.055       1.5707964  -0.32202628  0.16389161  0.0467865
  -0.23231414  0.3491187   0.19798306 -0.16859204 -0.07189928  0.01854617
   0.4708213  -0.05654899 -0.11522554  0.15558338 -0.10366869 -0.20443456
   0.04025261 -0.1665874  -0.15301132  0.          1.          1.
   1.          0.          1.        ]]
[[-0.01034553  0.14654952 -0.00535431 -0.00683276  0.03950439 -0.99919623
   0.          0.055       1.5707964  -0.33283025  0.16564754  0.05341168
  -0.21120021  0.34395245  0.19293492 -0.18695481 -0.0608932   0.01642294
   0.48293293 -0.06212575 -0.11072018  0.14432609 -0.10252172 -0.2136148
   0.03966506 -0.15647903 -0.14636134  0.          1.          1.
   1.          0.          1.        ]]
[[-0.01461742  0.14215726 -0.00303404 -0.00739792  0.03952153 -0.9991916
   0.          0.055       1.5707964  -0.34193468  0.16789757  0.05899212
  -0.19578287  0.34117806  0.19023013 -0.20350435 -0.05209753  0.01579645
   0.49483392 -0.06619146 -0.1074312   0.13602005 -0.09423503 -0.22055419
   0.03909357 -0.15182367 -0.13429883  0.          1.          1.
   1.          0.          1.        ]]
[[-0.02191437  0.13471974 -0.01216102 -0.00879722  0.03980742 -0.99916875
   0.          0.055       1.5707964  -0.3518045   0.1754173   0.06181239
  -0.19342637  0.33882317  0.19340114 -0.2234545  -0.04006046  0.01260181
   0.5061107  -0.06760252 -0.10498515  0.12795237 -0.09355987 -0.22234422
   0.04031249 -0.14139459 -0.12761949  0.          1.          1.
   1.          0.          1.        ]]
[[-0.01991803  0.12836933 -0.03082346 -0.01040842  0.04015962 -0.9991387
   0.          0.055       1.5707964  -0.3649514   0.17972358  0.0682271
  -0.1972523   0.33022577  0.19484219 -0.24776335 -0.02946877  0.00907852
   0.516596   -0.06681854 -0.10353782  0.11454689 -0.09253319 -0.22835599
   0.04491823 -0.12573473 -0.12526256  0.          1.          1.
   1.          0.          1.        ]]
[[-0.00766631  0.11496694 -0.0319548  -0.01147899  0.0397624  -0.99914306
   0.          0.055       1.5707964  -0.3791874   0.1762983   0.07982291
  -0.19976299  0.32536116  0.19103627 -0.27301002 -0.01853579  0.00548318
   0.5268737  -0.06741852 -0.10117108  0.09499785 -0.08778716 -0.23531343
   0.04698881 -0.10866547 -0.12297379  0.          1.          1.
   1.          0.          1.        ]]
[[ 3.07490141e-03  1.22119986e-01  1.49248331e-03 -1.13439746e-02
   3.92447822e-02 -9.99164820e-01  0.00000000e+00  5.49999997e-02
   1.57079637e+00 -3.89182687e-01  1.71765879e-01  8.92366171e-02
  -1.93034276e-01  3.24347943e-01  1.89157709e-01 -2.89902776e-01
  -1.10826632e-02  6.05759257e-03  5.39698601e-01 -7.25722611e-02
  -9.89733487e-02  8.00849050e-02 -8.43176022e-02 -2.37320170e-01
   5.37615828e-02 -9.75828320e-02 -1.15735725e-01  0.00000000e+00
   1.00000000e+00  1.00000000e+00  1.00000000e+00  0.00000000e+00
   1.00000000e+00]]
[[ 0.01493054  0.13473319  0.01307703 -0.01027909  0.03802653 -0.9992241
   0.          0.055       1.5707964  -0.39714092  0.16553427  0.09742288
  -0.19094783  0.32685935  0.19080402 -0.3018293  -0.00207511  0.00625941
   0.5529492  -0.08126315 -0.09683973  0.06689609 -0.08279826 -0.23620938
   0.06101497 -0.08641661 -0.11230516  0.          1.          1.
   1.          0.          1.        ]]
[[ 0.02494689  0.148665    0.03410348 -0.00824318  0.03600889 -0.9993175
   0.          0.055       1.5707964  -0.403008    0.15769874  0.10320667
  -0.18874756  0.3313417   0.19384545 -0.30943578  0.0075527   0.00595103
   0.5660137  -0.09156261 -0.0966107   0.05274393 -0.0863952  -0.2339729
   0.06961204 -0.07512249 -0.11193127  0.          1.          1.
   1.          0.          1.        ]]
[[ 0.03575022  0.15314329  0.04020024 -0.00526665  0.03335075 -0.99942976
   0.          0.055       1.5707964  -0.40722504  0.14777268  0.10633709
  -0.18430132  0.3366885   0.19636567 -0.31494787  0.0155925   0.0053855
   0.57800066 -0.1021068  -0.09889369  0.03639539 -0.0917529  -0.23393306
   0.07841071 -0.0623032  -0.11421832  0.          1.          1.
   1.          0.          1.        ]]
[[ 6.02734573e-02  1.38626546e-01  3.47553194e-02 -1.03935425e-03
   2.92380620e-02 -9.99572039e-01  0.00000000e+00  5.49999997e-02
   1.57079637e+00 -4.16754812e-01  1.27654895e-01  1.15063854e-01
  -1.79183811e-01  3.43630165e-01  1.98614582e-01 -3.27671468e-01
   2.58632787e-02  1.82734441e-03  5.89204848e-01 -1.12491444e-01
  -1.02861114e-01  1.42742172e-02 -9.85631868e-02 -2.31797010e-01
   8.85229334e-02 -3.76719385e-02 -1.19902261e-01  0.00000000e+00
   1.00000000e+00  1.00000000e+00  1.00000000e+00  0.00000000e+00
   1.00000000e+00]]
[[ 5.31888977e-02  1.09532945e-01  2.48254705e-02  3.30917723e-03
   2.52823494e-02 -9.99674857e-01  0.00000000e+00  5.49999997e-02
   1.57079637e+00 -4.27216023e-01  1.07764058e-01  1.23275980e-01
  -1.68394789e-01  3.52899134e-01  2.00761393e-01 -3.39444101e-01
   3.40813026e-02  2.96232116e-04  6.02625012e-01 -1.22901469e-01
  -1.09717697e-01 -9.99823958e-03 -1.09928973e-01 -2.25312099e-01
   1.06516093e-01 -1.69032793e-02 -1.30275875e-01  0.00000000e+00
   1.00000000e+00  1.00000000e+00  1.00000000e+00  0.00000000e+00
   1.00000000e+00]]
[[ 0.00516745  0.05703385 -0.01803516  0.00342644  0.02550825 -0.9996686
   0.          0.055       1.5707964  -0.438135    0.10805604  0.12636411
  -0.16364588  0.35954586  0.20577516 -0.35320672  0.03489404  0.00216562
   0.6119955  -0.12082402 -0.11616993 -0.04136994 -0.1254902  -0.21376878
   0.11838829 -0.01606286 -0.13204966  0.          1.          1.
   1.          0.          1.        ]]
[[-0.01837332  0.08688258 -0.03782016  0.0037623   0.02592285 -0.999657
   0.          0.055       1.5707964  -0.45017624  0.09775345  0.13946247
  -0.15522943  0.36256054  0.2070745  -0.37436324  0.02665076  0.0090784
   0.61716104 -0.12666784 -0.11200875 -0.07086702 -0.14916438 -0.2042814
   0.1211236  -0.01307221 -0.1364707   0.          1.          1.
   1.          0.          1.        ]]
[[-0.04993368  0.09214703 -0.02669756  0.0045565   0.02931426 -0.9995599
   0.          0.055       1.5707964  -0.4539613   0.07980146  0.15793791
  -0.13309696  0.36828515  0.20836549 -0.35977188  0.04559036  0.0118463
   0.6202026  -0.13826936 -0.09495397 -0.1007964  -0.1789716  -0.1954721
   0.11491365  0.00739522 -0.1475308   0.          1.          1.
   1.          0.          1.        ]]
[[-0.10460398  0.13048178 -0.00969309  0.00680569  0.03610294 -0.99932474
   0.          0.055       1.5707964  -0.4537517   0.04303018  0.18779022
  -0.10845373  0.37888238  0.21217838 -0.31078765  0.08563323  0.01380569
   0.63126427 -0.15582734 -0.064597   -0.13135149 -0.22156882 -0.18763833
   0.10556101  0.05057691 -0.16917662  0.          1.          1.
   1.          0.          1.        ]]
[[-9.94785577e-02  1.42292857e-01  2.87056752e-02  1.10660875e-02
   4.42249216e-02 -9.98960376e-01  0.00000000e+00  5.49999997e-02
   1.57079637e+00 -4.49706137e-01  3.97206488e-04  2.16529801e-01
  -9.55550745e-02  3.92473400e-01  2.20153719e-01 -2.37268507e-01
   1.00417331e-01  1.28666498e-02  6.37807369e-01 -1.61057860e-01
  -5.64267673e-02 -1.57371521e-01 -2.55215645e-01 -1.89527273e-01
   1.04189724e-01  9.30153131e-02 -1.88300207e-01  0.00000000e+00
   1.00000000e+00  1.00000000e+00  1.00000000e+00  0.00000000e+00
   1.00000000e+00]]
[[-0.07148931  0.10725687  0.07990343  0.01355788  0.0514061  -0.99858564
   0.          0.055       1.5707964  -0.44294745 -0.01836112  0.23006369
  -0.09489886  0.40757954  0.2311862  -0.17036958  0.11484309  0.01446052
   0.64531475 -0.16773911 -0.05005075 -0.19212891 -0.27140877 -0.18584056
   0.10890633  0.12529197 -0.19929162  0.          1.          1.
   1.          0.          1.        ]]
[[-0.06641767  0.09803633  0.0772811   0.01498823  0.05735889 -0.9982414
   0.          0.055       1.5707964  -0.43422052 -0.01712713  0.22968121
  -0.09221686  0.41387478  0.23697662 -0.11388345  0.12772493  0.0120558
   0.65353984 -0.18152715 -0.04311254 -0.23771155 -0.2677133  -0.17002513
   0.11806288  0.14378244 -0.20106144  0.          1.          1.
   1.          0.          1.        ]]
[[-0.04745955  0.09714659  0.09081595  0.01641735  0.062006   -0.9979408
   0.          0.055       1.5707964  -0.4262422  -0.00847939  0.22274964
  -0.09009439  0.4122682   0.23771828 -0.06138398  0.13176605  0.01173165
   0.66376257 -0.19555438 -0.03973159 -0.27466205 -0.24943134 -0.14574017
   0.13204429  0.15104252 -0.19675721  0.          1.          0.
   1.          0.          1.        ]]
[[-4.4549953e-02  9.5501907e-02  6.5550871e-02  1.7197778e-02
   6.5699875e-02 -9.9769151e-01  0.0000000e+00  5.5000000e-02
   1.5707964e+00 -4.2428419e-01 -3.4152364e-04  2.1788879e-01
  -9.2728645e-02  4.2226183e-01  2.4371357e-01 -2.0626070e-02
   1.3411371e-01  1.2007917e-02  6.7369533e-01 -2.0377246e-01
  -4.0005136e-02 -2.9944044e-01 -2.2475812e-01 -1.2265035e-01
   1.4577213e-01  1.5866065e-01 -1.9601482e-01  0.0000000e+00
   1.0000000e+00  0.0000000e+00  1.0000000e+00  0.0000000e+00
   1.0000000e+00]]
[[-2.9285794e-02  8.7704152e-02  4.1615982e-02  1.8643221e-02
   6.8935856e-02 -9.9744719e-01  0.0000000e+00  5.5000000e-02
   1.5707964e+00 -4.2697096e-01  3.6692043e-04  2.1778320e-01
  -9.3768217e-02  4.3912822e-01  2.5511545e-01  1.7671276e-02
   1.3371576e-01  1.1613246e-02  6.8159455e-01 -2.1093872e-01
  -4.0734015e-02 -3.1673157e-01 -2.0882048e-01 -1.0695539e-01
   1.5649518e-01  1.6441983e-01 -1.9789693e-01  0.0000000e+00
   1.0000000e+00  0.0000000e+00  1.0000000e+00  0.0000000e+00
   1.0000000e+00]]
[[-0.02774376  0.09297261  0.01060321  0.02020608  0.07173968 -0.9972189
   0.          0.055       1.5707964  -0.43223456 -0.00273103  0.2196787
  -0.09203202  0.45855254  0.26639843  0.05707777  0.13421422  0.01064314
   0.6859651  -0.21745573 -0.04159642 -0.3347703  -0.20070612 -0.10054668
   0.16272438  0.17051479 -0.20321494  0.          1.          0.
   1.          0.          1.        ]]
[[-0.02812288  0.09839474  0.00815211  0.02174921  0.07457388 -0.996978
   0.          0.055       1.5707964  -0.43884066 -0.00442755  0.22029746
  -0.09046961  0.4790705   0.27602828  0.09940083  0.13650706  0.01130962
   0.6863983  -0.2259837  -0.04073882 -0.35359406 -0.20453009 -0.09797949
   0.16512087  0.17587014 -0.21037811  0.          1.          0.
   1.          0.          1.        ]]
[[-0.01552766  0.09673648  0.03094862  0.0233335   0.07650357 -0.9967962
   0.          0.055       1.5707964  -0.4475605  -0.0063063   0.2207335
  -0.08866301  0.49649072  0.2842633   0.13824768  0.1408916   0.01287797
   0.6878385  -0.23381703 -0.04142594 -0.36909157 -0.20892031 -0.09554082
   0.16856605  0.17616354 -0.21580131  0.          1.          0.
   1.          0.          1.        ]]
[[-0.03447033  0.09673893  0.01789867  0.02477844  0.07896327 -0.99656916
   0.          0.055       1.5707964  -0.45938292 -0.00679857  0.22118042
  -0.08438139  0.5085372   0.2889564   0.15817688  0.15074925  0.01247051
   0.68931437 -0.24035785 -0.04423337 -0.37669572 -0.20676719 -0.09291239
   0.17293614  0.17889534 -0.22414085  0.          1.          0.
   1.          0.          1.        ]]
[[-0.032965    0.09471194  0.01646851  0.02672799  0.08210905 -0.99626505
   0.          0.055       1.5707964  -0.47339234 -0.00880165  0.22225262
  -0.08013803  0.51307064  0.28981897  0.16811989  0.15320289  0.01143196
   0.69134164 -0.24810047 -0.04829511 -0.38244215 -0.20332432 -0.08834621
   0.1780495   0.18303691 -0.23470479  0.          1.          0.
   1.          0.          1.        ]]
[[-0.04744683  0.08567007  0.01582253  0.02855086  0.08557831 -0.99592197
   0.          0.055       1.5707964  -0.48739573 -0.00704015  0.22023554
  -0.07652956  0.5151086   0.28928968  0.17946464  0.15541184  0.01079959
   0.692254   -0.25742704 -0.05191584 -0.38087025 -0.2007039  -0.09075212
   0.18383634  0.18804681 -0.24616213  0.          1.          0.
   1.          0.          1.        ]]
[[-0.01899562  0.06700332 -0.00558963  0.02950901  0.08838319 -0.99564964
   0.          0.055       1.5707964  -0.5011179  -0.00401762  0.21882512
  -0.07122451  0.51633596  0.28956917  0.19428644  0.15748888  0.01029612
   0.6918726  -0.2631169  -0.05526835 -0.38172954 -0.20330936 -0.09300026
   0.18589902  0.19380233 -0.25826582  0.          1.          0.
   1.          1.          1.        ]]
[[ 0.00593288  0.05815255 -0.02575712  0.02940196  0.08878212 -0.9956176
   0.          0.055       1.5707964  -0.51611423 -0.00272574  0.22094896
  -0.06890759  0.51883775  0.29007518  0.20642948  0.1587258   0.00974109
   0.6904319  -0.2640344  -0.05850115 -0.38314357 -0.205701   -0.09266969
   0.18474896  0.19391946 -0.2675667   1.          1.          0.
   1.          1.          1.        ]]
[[ 3.0242555e-02  4.7842599e-02 -2.2340087e-02  2.7997501e-02
   8.6731315e-02 -9.9583828e-01  0.0000000e+00  5.5000000e-02
   1.5707964e+00 -5.3081912e-01  1.2013176e-03  2.2302704e-01
  -6.2431552e-02  5.2106345e-01  2.8843161e-01  2.0687875e-01
   1.6388331e-01  9.6169747e-03  6.9095778e-01 -2.5768170e-01
  -6.4906962e-02 -3.7999693e-01 -2.0176479e-01 -9.6501537e-02
   1.8561201e-01  1.8812127e-01 -2.7189344e-01  1.0000000e+00
   1.0000000e+00  0.0000000e+00  0.0000000e+00  1.0000000e+00
   1.0000000e+00]]
[[ 0.00836785  0.05091023  0.01227134  0.02617461  0.08490343 -0.9960453
   0.          0.055       1.5707964  -0.5431606   0.0128385   0.22141163
  -0.05920948  0.52770406  0.29015437  0.20409718  0.17531678  0.01178562
   0.7012625  -0.25764725 -0.06560371 -0.37470168 -0.20477656 -0.09465265
   0.18994582  0.17987828 -0.27203277  1.          1.          0.
   0.          1.          1.        ]]
[[-0.01370272  0.05437937 -0.00644383  0.02470375  0.08523317 -0.9960544
   0.          0.055       1.5707964  -0.55361086  0.02299852  0.22015315
  -0.06260221  0.52645075  0.29477003  0.20607744  0.18258923  0.00887034
   0.70936847 -0.2604832  -0.06681787 -0.3685791  -0.20773956 -0.09223855
   0.19524461  0.18173456 -0.27696526  1.          1.          0.
   0.          1.          1.        ]]
[[-2.6494036e-03  3.8786065e-02 -2.1360622e-05  2.3808632e-02
   8.5689373e-02 -9.9603701e-01  0.0000000e+00  5.5000000e-02
   1.5707964e+00 -5.6359088e-01  2.2215726e-02  2.2434178e-01
  -6.4957954e-02  5.1787066e-01  2.9280716e-01  2.0909449e-01
   1.8368335e-01  7.4978722e-03  7.1671033e-01 -2.6562858e-01
  -6.7378737e-02 -3.6030307e-01 -2.0323674e-01 -9.3289129e-02
   2.0292984e-01  1.9044282e-01 -2.8551006e-01  1.0000000e+00
   1.0000000e+00  0.0000000e+00  0.0000000e+00  1.0000000e+00
   1.0000000e+00]]
[[ 0.02617005  0.03089998  0.02943883  0.02241177  0.08394931 -0.9962182
   0.          0.055       1.5707964  -0.5734867   0.01533942  0.23090282
  -0.0642889   0.50783134  0.28604257  0.20864378  0.18201517  0.0075939
   0.71938145 -0.28130662 -0.07831043 -0.34608594 -0.18731269 -0.0990036
   0.2177455   0.19921272 -0.29279754  1.          1.          0.
   0.          1.          1.        ]]
[[ 0.07548956 -0.00874255  0.10209177  0.0185808   0.07849535 -0.99674153
   0.          0.055       1.5707964  -0.5832684   0.01059102  0.23635498
  -0.06020179  0.49728113  0.27966103  0.20253755  0.1807036   0.01085714
   0.72347254 -0.31043833 -0.11086219 -0.32120296 -0.15357392 -0.11084147
   0.24610314  0.20771065 -0.29688588  1.          1.          0.
   0.          1.          1.        ]]
[[ 0.01690498  0.00600812  0.12237962  0.01503902  0.0749279  -0.9970754
   0.          0.055       1.5707964  -0.5911504   0.01833368  0.23388268
  -0.05876471  0.48132485  0.2747946   0.19140458  0.18983616  0.0099376
   0.7261537  -0.34312946 -0.14324257 -0.29233897 -0.13344003 -0.11475098
   0.27924085  0.21368237 -0.29789394  1.          1.          0.
   0.          1.          1.        ]]
[[-0.01612634  0.02678963  0.08057095  0.01273636  0.07546463 -0.9970673
   0.          0.055       1.5707964  -0.5973332   0.03105626  0.2291149
  -0.05764537  0.46715373  0.26590228  0.18314537  0.19562231  0.00911503
   0.7207485  -0.35970432 -0.15721309 -0.26931033 -0.12834646 -0.11202414
   0.30521184  0.22459875 -0.30272126  1.          1.          0.
   0.          1.          1.        ]]
[[-0.01217361  0.03815873  0.00274575  0.01176623  0.07666837 -0.9969875
   0.          0.055       1.5707964  -0.6070736   0.03172879  0.23471774
  -0.05726409  0.45578057  0.25559542  0.17490785  0.19324139  0.00685194
   0.7024816  -0.36945403 -0.1561071  -0.25612327 -0.12809397 -0.10884398
   0.31867403  0.234083   -0.31061497  1.          1.          0.
   0.          1.          1.        ]]
[[ 0.00409877  0.01879887 -0.0255324   0.01018372  0.07658619 -0.9970112
   0.          0.055       1.5707964  -0.618368    0.03043515  0.2435354
  -0.05615953  0.44489354  0.24869473  0.17054243  0.18894073  0.00641465
   0.67747706 -0.37200508 -0.16341466 -0.24652469 -0.12408323 -0.10817289
   0.32780457  0.24077173 -0.31820327  1.          1.          0.
   0.          1.          1.        ]]
[[ 3.3629540e-02 -6.3387123e-03  4.7060504e-04  6.6765333e-03
   7.4763685e-02 -9.9717879e-01  0.0000000e+00  5.5000000e-02
   1.5707964e+00 -6.2942022e-01  3.3053432e-02  2.5081849e-01
  -5.6914501e-02  4.2326567e-01  2.4152446e-01  1.6623351e-01
   1.8410890e-01  6.8442817e-03  6.5528405e-01 -3.8648853e-01
  -1.7909239e-01 -2.3414344e-01 -1.0759498e-01 -1.1311574e-01
   3.4068891e-01  2.4995822e-01 -3.2645521e-01  1.0000000e+00
   1.0000000e+00  0.0000000e+00  0.0000000e+00  1.0000000e+00
   1.0000000e+00]]
[[ 1.84174795e-02 -6.78651442e-04  3.61779854e-02  3.44206253e-03
   7.27610812e-02 -9.97343659e-01  0.00000000e+00  5.49999997e-02
   1.57079637e+00 -6.37357056e-01  4.17662598e-02  2.52261192e-01
  -5.19253761e-02  4.02567595e-01  2.29613751e-01  1.61564767e-01
   1.78199589e-01  7.55311921e-03  6.43908918e-01 -4.07594860e-01
  -1.99338883e-01 -2.15804115e-01 -9.70080495e-02 -1.13948606e-01
   3.60909849e-01  2.53543824e-01 -3.28972757e-01  1.00000000e+00
   1.00000000e+00  0.00000000e+00  0.00000000e+00  1.00000000e+00
   1.00000000e+00]]
[[-1.5382975e-04  1.0557150e-02  3.3523876e-02  9.5760555e-04
   7.2456822e-02 -9.9737120e-01  0.0000000e+00  5.5000000e-02
   1.5707964e+00 -6.4257008e-01  5.2941073e-02  2.5095430e-01
  -4.1887853e-02  3.8642871e-01  2.1730302e-01  1.5739252e-01
   1.7067185e-01  7.1408846e-03  6.2666816e-01 -4.2215216e-01
  -2.1180467e-01 -1.9931090e-01 -9.3419395e-02 -1.1134801e-01
   3.7946916e-01  2.5826451e-01 -3.3122298e-01  1.0000000e+00
   1.0000000e+00  0.0000000e+00  0.0000000e+00  1.0000000e+00
   1.0000000e+00]]
[[-3.3499757e-03  2.5654107e-02  5.1137814e-03 -4.0970539e-04
   7.3060185e-02 -9.9732745e-01  0.0000000e+00  5.5000000e-02
   1.5707964e+00 -6.4738429e-01  5.7647090e-02  2.5278169e-01
  -2.8963739e-02  3.7122974e-01  2.0519532e-01  1.5181319e-01
   1.6087094e-01  5.3125853e-03  5.8887029e-01 -4.3063101e-01
  -2.2550243e-01 -1.8731891e-01 -9.1873161e-02 -1.0899986e-01
   3.9238417e-01  2.6457754e-01 -3.3539587e-01  1.0000000e+00
   1.0000000e+00  0.0000000e+00  0.0000000e+00  1.0000000e+00
   1.0000000e+00]]
[[-7.3575773e-03  3.3884574e-02  1.5260104e-02 -9.5808686e-04
   7.3877931e-02 -9.9726689e-01  0.0000000e+00  5.5000000e-02
   1.5707964e+00 -6.5041465e-01  5.9288427e-02  2.5480226e-01
  -9.5465826e-03  3.5596228e-01  1.9336802e-01  1.4907984e-01
   1.5308698e-01  6.3838875e-03  5.3524506e-01 -4.4127938e-01
  -2.3888652e-01 -1.7726128e-01 -9.2559129e-02 -1.0602129e-01
   4.0335968e-01  2.6948595e-01 -3.3826348e-01  1.0000000e+00
   0.0000000e+00  0.0000000e+00  0.0000000e+00  1.0000000e+00
   1.0000000e+00]]
[[ 0.01075582  0.0255664   0.0645268  -0.00168166  0.07404903 -0.9972531
   0.          0.055       1.5707964  -0.6508417   0.06206032  0.25332952
   0.00699513  0.32806525  0.1826481   0.15560567  0.13129999  0.00692425
   0.47534505 -0.45281866 -0.25750586 -0.16090982 -0.08770662 -0.10541586
   0.42217067  0.27515844 -0.33964768  1.          0.          0.
   0.          1.          1.        ]]
[[ 0.02019802  0.03150418  0.10955431 -0.00178853  0.07304219 -0.99732745
   0.          0.055       1.5707964  -0.6494252   0.06855778  0.24699073
   0.0267862   0.2991694   0.16424388  0.15583852  0.11084593  0.0078359
   0.40597296 -0.47131127 -0.269294   -0.13538626 -0.08954777 -0.100549
   0.45170832  0.2712436  -0.33401236  1.          1.          0.
   0.          1.          1.        ]]
[[ 0.01026671  0.04060423  0.10775297 -0.00172694  0.07256078 -0.99736255
   0.          0.055       1.5707964  -0.64631385  0.08296414  0.23371857
   0.07083517  0.25773835  0.13015474  0.143651    0.09549933  0.00773856
   0.29600433 -0.46985954 -0.26960707 -0.10955261 -0.09625702 -0.09431195
   0.48157176  0.26465765 -0.32658505  1.          1.          0.
   0.          1.          1.        ]]
[[ 0.04256226  0.02272253  0.13520102 -0.0036675   0.07019683 -0.9975265
   0.          0.055       1.5707964  -0.6427076   0.11105423  0.21333495
   0.1420656   0.20248576  0.06510788  0.11401965  0.08738828  0.0108368
   0.15750115 -0.4171835  -0.24726486 -0.08186238 -0.10053018 -0.08909972
   0.5136815   0.25027674 -0.31232342  1.          1.          0.
   0.          1.          1.        ]]
[[ 0.02512761  0.06344575  0.19643702 -0.00474523  0.06502756 -0.9978725
   0.          0.055       1.5707964  -0.64092505  0.14116961  0.19219922
   0.16760972  0.18934806  0.04767351  0.05509174  0.09873147  0.04022872
   0.06094069 -0.30070937 -0.18835309 -0.03927887 -0.11990312 -0.07485238
   0.56026435  0.2128394  -0.28537428  1.          1.          0.
   0.          1.          1.        ]]
[[ 8.61303788e-03  3.93873081e-02  1.51645899e-01 -1.37823576e-04
   6.15365431e-02 -9.98104811e-01  0.00000000e+00  5.49999997e-02
   1.57079637e+00 -6.34593189e-01  1.50912121e-01  1.48248181e-01
   1.87269211e-01  1.48978561e-01  6.72401935e-02  3.69253121e-02
   1.85442179e-01  6.99547976e-02  5.42710051e-02 -1.86269268e-01
  -1.58248365e-01  5.08857332e-03 -1.19586796e-01 -7.68277794e-02
   5.92592657e-01  1.87630028e-01 -2.56916791e-01  1.00000000e+00
   1.00000000e+00  0.00000000e+00  0.00000000e+00  1.00000000e+00
   1.00000000e+00]]
[[ 0.10970016  0.13467114 -0.05982732  0.00711772  0.05324797 -0.9985557
   0.          0.055       1.5707964  -0.64267385  0.14980938  0.06597415
   0.19101584  0.05211466  0.11468465  0.04817973  0.2630155   0.11652194
   0.07145234 -0.13587509 -0.19305982  0.02606001 -0.09293137 -0.09588013
   0.5961446   0.15897918 -0.22556838  1.          1.          0.
   0.          1.          1.        ]]
[[ 2.8356090e-01  9.4166189e-02 -1.4689155e-01  1.7713990e-02
   3.0427402e-02 -9.9938011e-01  0.0000000e+00  5.5000000e-02
   1.5707964e+00 -6.5808189e-01  2.0422785e-01 -1.1087035e-07
   1.6260973e-01 -6.9937706e-02  1.7493945e-01  3.2085255e-02
   2.6772794e-01  1.6049740e-01  8.6516246e-02 -6.6149883e-02
  -2.3132741e-01  5.9357837e-02 -9.3577936e-02 -1.2562135e-01
   6.1119515e-01  6.2034372e-02 -1.7496648e-01  1.0000000e+00
   1.0000000e+00  0.0000000e+00  0.0000000e+00  1.0000000e+00
   1.0000000e+00]]
[[ 0.18957382  0.10129859 -0.2859646   0.02852611  0.01182253 -0.9995229
   0.          0.055       1.5707964  -0.65885544  0.241707    0.04031949
   0.09095743 -0.18671641  0.23642287 -0.10928592  0.2308725   0.1701817
   0.07640006 -0.02679286 -0.23505087  0.10406726 -0.17139935 -0.14229344
   0.58186644 -0.00512783 -0.16042739  1.          1.          0.
   0.          1.          1.        ]]
[[ 1.63587987e-01  8.60441104e-02 -3.05658877e-01  3.81255262e-02
  -1.08299032e-03 -9.99272645e-01  0.00000000e+00  5.49999997e-02
   1.57079637e+00 -6.28765643e-01  2.83028811e-01  1.24236554e-01
  -3.25639895e-03 -2.82070220e-01  2.91068107e-01 -3.49051982e-01
   1.78956315e-01  1.81782186e-01  5.26111200e-02 -7.50366412e-03
  -2.19466478e-01  1.59634307e-01 -2.39188328e-01 -1.70976639e-01
   5.32706559e-01 -3.69007029e-02 -1.71628892e-01  1.00000000e+00
   1.00000000e+00  0.00000000e+00  0.00000000e+00  1.00000000e+00
   1.00000000e+00]]
[[ 0.10277932  0.02892017 -0.2252302   0.04472044 -0.0084242  -0.99896383
   0.          0.055       1.5707964  -0.490249    0.3809094   0.18939248
  -0.07034143 -0.34290743  0.3301477  -0.54365027  0.10864039  0.18997039
   0.02695484  0.00234481 -0.20332046  0.18658093 -0.2810245  -0.18446271
   0.49057794 -0.04954449 -0.18456     1.          1.          0.
   0.          1.          1.        ]]
[[-0.01102991 -0.01429776 -0.09610349  0.04675436 -0.00888878 -0.99886674
   0.          0.055       1.5707964  -0.28562325  0.44731933  0.23776662
  -0.09140954 -0.35458457  0.33879763 -0.6171895   0.05411813  0.17307714
   0.00794651 -0.01247583 -0.18175747  0.18766429 -0.2919102  -0.19777091
   0.46639752 -0.05350906 -0.18795225  1.          0.          0.
   0.          1.          1.        ]]
[[-0.03891475 -0.04357774 -0.11471616  0.04612844 -0.00518201 -0.9989222
   0.          0.055       1.5707964  -0.11879691  0.46221194  0.24555969
  -0.09934519 -0.33558202  0.32422358 -0.61550844  0.06036011  0.16056298
  -0.01071788 -0.04334022 -0.16060227  0.17785329 -0.29539663 -0.20829317
   0.4439134  -0.04841582 -0.1954252   1.          0.          0.
   0.          1.          1.        ]]
[[ 0.00186978 -0.00562868 -0.06807768  0.04771091 -0.00565738 -0.99884516
   0.          0.055       1.5707964  -0.02176334  0.39450178  0.21897693
  -0.122406   -0.32486528  0.31019014 -0.6137953   0.12322396  0.18677565
  -0.01781648 -0.06541799 -0.15010872  0.18617678 -0.28579602 -0.22185235
   0.42828596 -0.0616461  -0.20264901  1.          0.          0.
   0.          1.          1.        ]]
[[-0.00906173 -0.03980914 -0.0423173   0.04709208 -0.00663956 -0.9988685
   0.          0.055       1.5707964   0.02423644  0.29176754  0.17831124
  -0.14884037 -0.30614078  0.2906633  -0.60818094  0.18439056  0.23035099
  -0.0138117  -0.06935191 -0.15306586  0.20427269 -0.26518878 -0.21464938
   0.42315456 -0.06124041 -0.21953432  1.          0.          0.
   0.          1.          1.        ]]
[[-0.08610321 -0.10618927  0.04308224  0.0393036  -0.00228514 -0.9992248
   0.          0.055       1.5707964   0.05629091  0.19340609  0.15462178
  -0.1583313  -0.24516794  0.24764718 -0.5778426   0.22850479  0.25130993
  -0.00337461 -0.06727109 -0.16128433  0.20518327 -0.28145483 -0.18283154
   0.4291541  -0.02480738 -0.2478958   1.          0.          0.
   0.          1.          1.        ]]
[[-0.13083993 -0.12296263  0.11861002  0.03099404  0.00701065 -0.999495
   0.          0.055       1.5707964   0.08576044  0.10122173  0.13726188
  -0.14783229 -0.16878244  0.19569558 -0.5195783   0.24695255  0.2504677
   0.01854965 -0.08298409 -0.1663828   0.2092553  -0.304732   -0.17740148
   0.4508151   0.01822407 -0.273275    1.          0.          0.
   0.          1.          1.        ]]
[[-1.61246479e-01 -1.19773120e-01  1.14909135e-01  2.41317693e-02
   1.85781009e-02 -9.99535978e-01  0.00000000e+00  5.49999997e-02
   1.57079637e+00  9.97376367e-02 -4.39740461e-06  1.26942262e-01
  -1.36126667e-01 -9.19774026e-02  1.45876393e-01 -4.54485148e-01
   2.77954876e-01  2.45278701e-01  4.14068662e-02 -1.13134593e-01
  -1.63869709e-01  2.10002467e-01 -3.17718208e-01 -1.87892154e-01
   4.74484950e-01  6.07358180e-02 -2.97494233e-01  1.00000000e+00
   0.00000000e+00  0.00000000e+00  0.00000000e+00  1.00000000e+00
   1.00000000e+00]]
[[ 5.38461981e-03 -1.22919970e-03 -1.04031072e-03  2.68722903e-02
   2.02566050e-02 -9.99433517e-01  0.00000000e+00  5.49999997e-02
   1.57079637e+00  8.63436833e-02 -1.24898935e-02  1.24097593e-01
  -1.52335256e-01 -8.27455446e-02  1.35277465e-01 -3.93333524e-01
   3.31803232e-01  2.49602661e-01  6.14183359e-02 -1.40337303e-01
  -1.59100607e-01  1.96504965e-01 -3.25935125e-01 -2.02511415e-01
   4.89722401e-01  4.95004505e-02 -3.02192986e-01  1.00000000e+00
   0.00000000e+00  0.00000000e+00  0.00000000e+00  1.00000000e+00
   1.00000000e+00]]
[[ 0.01652374 -0.03981225 -0.07444377  0.02689349  0.01822425 -0.99947196
   0.          0.055       1.5707964   0.05173559 -0.02802622  0.1349322
  -0.19245344 -0.06975879  0.09663997 -0.3245653   0.38842002  0.267917
   0.07719678 -0.15453978 -0.131216    0.1490997  -0.32595143 -0.20437838
   0.48838133  0.05528241 -0.3180479   1.          0.          1.
   1.          1.          0.        ]]
[[-0.01214232 -0.06001377 -0.08186581  0.02643157  0.01799584 -0.9994886
   0.          0.055       1.5707964   0.02120884 -0.05512888  0.15676324
  -0.21484177 -0.03008817  0.04502327 -0.23582579  0.4075453   0.27704734
   0.10364504 -0.15770382 -0.10292252  0.09198675 -0.3392404  -0.20103534
   0.4843702   0.0807085  -0.34086734  1.          0.          1.
   1.          1.          0.        ]]
[[-0.05593814 -0.01784172 -0.08428492  0.02750789  0.0218177  -0.9993835
   0.          0.055       1.5707964  -0.00433727 -0.08941528  0.18453348
  -0.2209315   0.06341435  0.02624837 -0.15900591  0.37739083  0.2711349
   0.12609498 -0.16176572 -0.07950977  0.04162756 -0.33679125 -0.20210715
   0.4746526   0.12384601 -0.37220234  1.          0.          1.
   1.          1.          0.        ]]
[[-0.08440085 -0.01738407 -0.00951642  0.02911694  0.02922799 -0.9991486
   0.          0.055       1.5707964  -0.01709434 -0.1096324   0.20095323
  -0.22290507  0.14318296  0.04403377 -0.10733686  0.3403669   0.24696039
   0.1409393  -0.16802932 -0.06749675  0.01607465 -0.31367823 -0.19565147
   0.47121334  0.17349102 -0.4041885   1.          0.          1.
   1.          1.          0.        ]]
[[-0.0811161  -0.0525425   0.09627033  0.03033889  0.037092   -0.9988514
   0.          0.055       1.5707964  -0.01015544 -0.10333082  0.19419082
  -0.22217534  0.18786263  0.06378084 -0.0633903   0.32101548  0.21728203
   0.1597669  -0.17779651 -0.06549817  0.01218335 -0.28322712 -0.17860916
   0.48654795  0.20983234 -0.42241275  1.          0.          1.
   1.          1.          0.        ]]
[[-0.05814641 -0.07874171  0.1371114   0.0313288   0.04360554 -0.998558
   0.          0.055       1.5707964   0.01089814 -0.07611949  0.17023195
  -0.21048696  0.21229514  0.08202666 -0.00907557  0.30949506  0.1832965
   0.1865289  -0.19317047 -0.06718108  0.00563376 -0.24607249 -0.15714303
   0.515253    0.226708   -0.42492393  1.          0.          1.
   1.          1.          0.        ]]
[[-0.03855523 -0.09663533  0.14062835  0.03194442  0.04806163 -0.9983334
   0.          0.055       1.5707964   0.03621989 -0.03514846  0.13585088
  -0.19281243  0.22938603  0.10666507  0.05992252  0.2784196   0.1435471
   0.22127087 -0.20534062 -0.07592718  0.00720783 -0.22161989 -0.12630107
   0.5554539   0.22853741 -0.4175777   1.          0.          1.
   1.          1.          0.        ]]
[[-1.70238689e-02 -1.16305165e-01  9.24455598e-02  3.28278653e-02
   5.01957759e-02 -9.98199821e-01  0.00000000e+00  5.49999997e-02
   1.57079637e+00  4.88249697e-02  7.46164646e-04  1.07063383e-01
  -1.74820304e-01  2.49268547e-01  1.33460894e-01  1.09632716e-01
   2.27159843e-01  8.79188627e-02  2.51852065e-01 -2.19030231e-01
  -8.18753242e-02  7.33491359e-03 -1.91616476e-01 -9.69827026e-02
   5.90909481e-01  2.19598278e-01 -4.09036696e-01  1.00000000e+00
   0.00000000e+00  1.00000000e+00  1.00000000e+00  1.00000000e+00
   0.00000000e+00]]
[[ 0.01184806 -0.13315417  0.04439604  0.03361222  0.04914995 -0.9982258
   0.          0.055       1.5707964   0.04752915  0.02198853  0.08924384
  -0.15507415  0.2647997   0.1596898   0.12250356  0.17446356  0.03020138
   0.2793326  -0.22579981 -0.08867635  0.00979558 -0.16878405 -0.06802291
   0.6220514   0.20100957 -0.39966115  1.          0.          1.
   0.          1.          0.        ]]
[[ 2.27783434e-02 -1.38013974e-01  1.06360890e-01  3.42792496e-02
   4.67091724e-02 -9.98320341e-01  0.00000000e+00  5.49999997e-02
   1.57079637e+00  4.74900864e-02  3.57364118e-02  7.59621263e-02
  -1.24185719e-01  2.82822222e-01  1.83862016e-01  1.39225110e-01
   1.14529654e-01 -1.04807350e-05  3.04434627e-01 -2.24388495e-01
  -9.94169191e-02  1.54273761e-02 -1.71739221e-01 -6.29507825e-02
   6.53130114e-01  1.79043010e-01 -3.87947351e-01  1.00000000e+00
   0.00000000e+00  1.00000000e+00  1.00000000e+00  1.00000000e+00
   0.00000000e+00]]
[[ 4.7078211e-02 -1.8011539e-01  5.7267997e-02  3.1744856e-02
   4.1813944e-02 -9.9862111e-01  0.0000000e+00  5.5000000e-02
   1.5707964e+00  3.7026010e-02  5.0074637e-02  6.9854893e-02
  -1.0871692e-01  2.9947355e-01  2.1231894e-01  1.5457955e-01
   8.9457884e-02 -4.1735457e-06  3.2263848e-01 -2.1552689e-01
  -1.0333525e-01  1.9207699e-02 -1.7789780e-01 -5.7597313e-02
   6.7562985e-01  1.5674235e-01 -3.7609136e-01  1.0000000e+00
   0.0000000e+00  1.0000000e+00  1.0000000e+00  1.0000000e+00
   0.0000000e+00]]
[[ 1.1672702e-01 -2.1867156e-01 -3.0082902e-02  2.5784567e-02
   3.2602526e-02 -9.9913555e-01  0.0000000e+00  5.5000000e-02
   1.5707964e+00  1.9461920e-02  6.6670902e-02  6.7240566e-02
  -9.4186582e-02  3.3632120e-01  2.3903193e-01  1.7531717e-01
   5.1365592e-02 -4.2767915e-06  3.3051533e-01 -1.8977669e-01
  -1.1110631e-01  3.0197781e-02 -1.7496161e-01 -5.3385913e-02
   6.8647778e-01  1.2137552e-01 -3.5415524e-01  1.0000000e+00
   0.0000000e+00  1.0000000e+00  1.0000000e+00  1.0000000e+00
   0.0000000e+00]]
[[ 0.11950045 -0.22523476 -0.05660209  0.01510203  0.01779676 -0.99972755
   0.          0.055       1.5707964  -0.00824387  0.09267705  0.06542533
  -0.079615    0.38629106  0.2665786   0.1783379   0.01700605 -0.00162269
   0.3299953  -0.16505091 -0.11117819  0.0303694  -0.15427318 -0.0581857
   0.6841815   0.06834618 -0.3200882   1.          0.          1.
   1.          1.          0.        ]]
[[-3.73552330e-02 -1.65218607e-01  4.22276258e-02  1.30792037e-02
   1.91504396e-02 -9.99731183e-01  0.00000000e+00  5.49999997e-02
   1.57079637e+00 -6.96068304e-03  9.35904607e-02  6.51648194e-02
  -7.06884190e-02  4.16337609e-01  2.63125032e-01  1.77754089e-01
   7.63200643e-03 -3.07293667e-04  3.36018980e-01 -1.72262624e-01
  -1.13639615e-01  2.20841449e-02 -1.26093671e-01 -7.45557770e-02
   6.68883145e-01  5.36905192e-02 -2.75739342e-01  1.00000000e+00
   0.00000000e+00  1.00000000e+00  1.00000000e+00  1.00000000e+00
   0.00000000e+00]]
[[-0.05800594 -0.18980439  0.04790039  0.00530976  0.02163546 -0.999752
   0.          0.055       1.5707964  -0.01278282  0.10053814  0.05997856
  -0.12773131  0.43192357  0.25943846  0.17181121 -0.01006804  0.00757758
   0.32663983 -0.18417017 -0.10180914  0.02117714 -0.03675641 -0.12363781
   0.6520378  -0.02206939 -0.18781285  1.          0.          1.
   1.          1.          0.        ]]
[[-0.08452162 -0.18660113  0.06503297 -0.0032578   0.02629758 -0.9996489
   0.          0.055       1.5707964  -0.02583127  0.11297577  0.04820191
  -0.23331767  0.4423688   0.2530213   0.158343   -0.04394166  0.02382898
   0.29732838 -0.16564034 -0.0875956   0.03010343  0.0618105  -0.18113704
   0.64150625 -0.13628472 -0.14237633  1.          0.          1.
   1.          1.          0.        ]]
[[-0.0469178  -0.14906445  0.08898593 -0.00888131  0.03003702 -0.9995099
   0.          0.055       1.5707964  -0.04189548  0.11975754  0.04049798
  -0.3133438   0.45735934  0.2516879   0.1411355  -0.07323086  0.03776819
   0.28106338 -0.12489806 -0.06201016  0.04921397  0.12787595 -0.22316246
   0.6108405  -0.21861556 -0.15610266  1.          0.          1.
   1.          1.          0.        ]]
[[-0.05070905 -0.08485594  0.01684491 -0.00720293  0.0336491  -0.999408
   0.          0.055       1.5707964  -0.07236376  0.12501162  0.03181081
  -0.34231985  0.46839374  0.24654028  0.11496353 -0.09988656  0.04114436
   0.27602395 -0.04497328 -0.04307695  0.05945567  0.12650202 -0.22966345
   0.5082706  -0.25581375 -0.19024178  1.          0.          1.
   1.          1.          0.        ]]
[[ 0.01273275 -0.1579617  -0.01858899 -0.00752129  0.03427892 -0.99938387
   0.          0.055       1.5707964  -0.11306794  0.1362439   0.02066568
  -0.33770296  0.44473565  0.23768884  0.07903378 -0.09834484  0.02754517
   0.28705084 -0.04434598 -0.0475519   0.06820987  0.1191694  -0.21544166
   0.3747951  -0.23951308 -0.21829438  1.          0.          1.
   1.          1.          0.        ]]
[[-0.01756738 -0.220956    0.02524125 -0.01062468  0.03636543 -0.9992822
   0.          0.055       1.5707964  -0.13927248  0.14915198  0.00910902
  -0.32572776  0.39798993  0.20398344  0.0590161  -0.11570529  0.03141723
   0.30015647 -0.00413163 -0.07797229  0.07668959  0.10277131 -0.15819858
   0.25563747 -0.19310707 -0.2253432   1.          0.          1.
   1.          1.          0.        ]]
[[ 1.1779565e-02 -2.3668331e-01  5.9735924e-02 -1.0965562e-02
   3.8847238e-02 -9.9918485e-01  0.0000000e+00  5.5000000e-02
   1.5707964e+00 -1.4965451e-01  1.5021615e-01 -2.3779246e-06
  -3.2522598e-01  3.5255092e-01  1.6604063e-01  6.3797921e-02
  -1.4185084e-01  3.9429057e-02  3.1327695e-01  1.9040506e-02
  -1.0772608e-01  9.2590220e-02  7.5809896e-02 -1.0015608e-01
   1.7913342e-01 -1.6878070e-01 -2.1214476e-01  1.0000000e+00
   0.0000000e+00  1.0000000e+00  1.0000000e+00  1.0000000e+00
   0.0000000e+00]]
[[ 7.7203289e-02 -2.0799169e-01 -1.5202603e-02 -8.7198038e-03
   3.5929456e-02 -9.9931651e-01  0.0000000e+00  5.5000000e-02
   1.5707964e+00 -1.6640724e-01  1.3801862e-01 -5.0062026e-06
  -3.2768115e-01  3.3863387e-01  1.4691827e-01  5.9752189e-02
  -1.3325682e-01  2.1999307e-02  3.2443783e-01  2.2014026e-02
  -1.2907390e-01  1.1411996e-01  5.1740762e-02 -9.5956005e-02
   1.2154206e-01 -1.7619394e-01 -1.9518594e-01  1.0000000e+00
   0.0000000e+00  1.0000000e+00  1.0000000e+00  1.0000000e+00
   0.0000000e+00]]
[[ 5.4457538e-02 -1.7800373e-01 -3.4451801e-02 -4.5228531e-03
   3.3581719e-02 -9.9942571e-01  0.0000000e+00  5.5000000e-02
   1.5707964e+00 -1.8479167e-01  1.3031773e-01 -2.2850966e-06
  -3.2166219e-01  3.4515175e-01  1.5418808e-01  4.8425689e-02
  -1.2240792e-01  1.5269279e-03  3.3117610e-01  1.9150972e-04
  -1.3551503e-01  1.4147127e-01  1.7527571e-02 -1.1394322e-01
   7.6552488e-02 -1.9228747e-01 -1.8044943e-01  1.0000000e+00
   0.0000000e+00  1.0000000e+00  1.0000000e+00  1.0000000e+00
   0.0000000e+00]]
[[-5.0387375e-02 -7.9948582e-02  1.5789136e-02 -5.1669119e-04
   3.4559958e-02 -9.9940270e-01  0.0000000e+00  5.5000000e-02
   1.5707964e+00 -2.0197889e-01  1.2475553e-01 -8.3412101e-07
  -3.1463820e-01  3.5120201e-01  1.7040583e-01  3.7400600e-02
  -1.3513611e-01 -2.7124742e-03  3.3814314e-01 -2.0045256e-02
  -1.4237729e-01  1.6647814e-01 -1.4165364e-02 -1.3034219e-01
   5.2907880e-02 -1.9824813e-01 -1.6943461e-01  1.0000000e+00
   0.0000000e+00  1.0000000e+00  1.0000000e+00  1.0000000e+00
   0.0000000e+00]]
[[-4.9430337e-02 -3.0264677e-02  2.5508437e-02  2.2767256e-03
   3.4933165e-02 -9.9938732e-01  0.0000000e+00  5.5000000e-02
   1.5707964e+00 -2.1444571e-01  1.1449149e-01 -1.3467502e-07
  -2.9719263e-01  3.5045761e-01  1.7684698e-01  2.5866564e-02
  -1.5142156e-01 -2.1647750e-03  3.4635699e-01 -2.3975579e-02
  -1.5532312e-01  1.6892406e-01 -4.0491529e-02 -1.3721529e-01
   4.8299592e-02 -1.9306915e-01 -1.6488916e-01  1.0000000e+00
   0.0000000e+00  1.0000000e+00  1.0000000e+00  1.0000000e+00
   0.0000000e+00]]
[[-0.01279758  0.02548622 -0.00191596  0.00432573  0.03504734 -0.9993763
   0.          0.055       1.5707964  -0.22603132  0.10672271 -0.0017161
  -0.28009254  0.34299907  0.17216845  0.01515407 -0.1629638  -0.00189143
   0.35251468 -0.0245727  -0.16480555  0.15955937 -0.05240621 -0.1407738
   0.04745746 -0.1832233  -0.16426685  1.          0.          1.
   1.          1.          0.        ]]
[[-3.0027941e-02 -6.8456046e-03 -1.3067273e-02  3.4289912e-03
   3.5363324e-02 -9.9936849e-01  0.0000000e+00  5.5000000e-02
   1.5707964e+00 -2.3667918e-01  1.0902417e-01 -1.2459614e-03
  -2.7899671e-01  3.4717971e-01  1.7009211e-01  1.2875691e-03
  -1.6248223e-01 -1.4474988e-03  3.6167377e-01 -1.7987093e-02
  -1.7060991e-01  1.5398481e-01 -4.7066260e-02 -1.4253086e-01
   4.2214517e-02 -1.7498076e-01 -1.5794094e-01  0.0000000e+00
   0.0000000e+00  1.0000000e+00  1.0000000e+00  1.0000000e+00
   0.0000000e+00]]
[[-2.9613607e-02 -1.7660353e-02 -7.4660992e-03  2.2930710e-03
   3.6104634e-02 -9.9934548e-01  0.0000000e+00  5.5000000e-02
   1.5707964e+00 -2.4384353e-01  1.1990658e-01 -1.1681670e-03
  -2.7886963e-01  3.5402897e-01  1.7465073e-01 -1.0011762e-02
  -1.5276055e-01 -1.2724421e-03  3.7344903e-01 -1.8748187e-02
  -1.6821669e-01  1.5085377e-01 -4.4797104e-02 -1.4789042e-01
   3.7951075e-02 -1.7818357e-01 -1.5204415e-01  0.0000000e+00
   0.0000000e+00  1.0000000e+00  1.0000000e+00  1.0000000e+00
   0.0000000e+00]]
[[-1.2219647e-02 -7.5549491e-02  1.8980869e-03  7.8965549e-04
   3.6533486e-02 -9.9933207e-01  0.0000000e+00  5.5000000e-02
   1.5707964e+00 -2.4740395e-01  1.3249151e-01 -8.0224243e-04
  -2.7243680e-01  3.5752219e-01  1.7444751e-01 -1.8104181e-02
  -1.3727014e-01 -1.3452115e-03  3.8665181e-01 -2.0743674e-02
  -1.6351451e-01  1.5298390e-01 -4.1683611e-02 -1.5846336e-01
   4.0029880e-02 -1.6948317e-01 -1.5816796e-01  0.0000000e+00
   0.0000000e+00  1.0000000e+00  1.0000000e+00  1.0000000e+00
   0.0000000e+00]]
[[-2.5685859e-04 -1.5510516e-01  9.2336703e-03 -1.0567955e-03
   3.6551446e-02 -9.9933153e-01  0.0000000e+00  5.5000000e-02
   1.5707964e+00 -2.4872859e-01  1.4208128e-01  2.1856707e-03
  -2.6978493e-01  3.5646969e-01  1.6948636e-01 -2.3591550e-02
  -1.2104656e-01 -1.0484080e-03  3.9898735e-01 -1.8399894e-02
  -1.5980834e-01  1.5685575e-01 -3.3804059e-02 -1.6808586e-01
   4.1685566e-02 -1.6098657e-01 -1.6568166e-01  0.0000000e+00
   0.0000000e+00  1.0000000e+00  1.0000000e+00  1.0000000e+00
   0.0000000e+00]]
[[ 1.4626090e-02 -1.9773059e-01 -1.3579573e-02 -2.5079700e-03
   3.6718905e-02 -9.9932289e-01  0.0000000e+00  5.5000000e-02
   1.5707964e+00 -2.5272980e-01  1.4844649e-01  7.4645574e-03
  -2.7357078e-01  3.5591108e-01  1.6705599e-01 -2.8670968e-02
  -1.0690908e-01  2.9738116e-04  4.0918273e-01 -2.0566989e-02
  -1.5230878e-01  1.6207588e-01 -2.9852454e-02 -1.7237769e-01
   3.9392255e-02 -1.6339353e-01 -1.6984123e-01  0.0000000e+00
   0.0000000e+00  1.0000000e+00  1.0000000e+00  0.0000000e+00
   0.0000000e+00]]
[[ 1.5710963e-02 -2.0307375e-01 -1.3934809e-02 -3.9263954e-03
   3.6676776e-02 -9.9931955e-01  0.0000000e+00  5.5000000e-02
   1.5707964e+00 -2.5996083e-01  1.5578841e-01  1.2570915e-02
  -2.8711703e-01  3.6415407e-01  1.7449556e-01 -3.8413435e-02
  -9.4001181e-02  1.2091134e-03  4.2008594e-01 -2.2362977e-02
  -1.4465818e-01  1.6660035e-01 -3.6660086e-02 -1.7253821e-01
   3.6998514e-02 -1.6793345e-01 -1.7265622e-01  0.0000000e+00
   0.0000000e+00  1.0000000e+00  1.0000000e+00  0.0000000e+00
   1.0000000e+00]]
[[ 1.9506829e-02 -1.9089630e-01 -1.1132909e-03 -4.7391169e-03
   3.6788005e-02 -9.9931216e-01  0.0000000e+00  5.5000000e-02
   1.5707964e+00 -2.6665187e-01  1.5633628e-01  1.9647999e-02
  -2.8535560e-01  3.7078720e-01  1.8156581e-01 -4.7564827e-02
  -8.9748755e-02  7.2615701e-03  4.3192685e-01 -2.6240001e-02
  -1.3692024e-01  1.6906802e-01 -4.7970761e-02 -1.7694542e-01
   3.2168999e-02 -1.6664459e-01 -1.7182483e-01  0.0000000e+00
   0.0000000e+00  1.0000000e+00  1.0000000e+00  0.0000000e+00
   1.0000000e+00]]
[[ 0.01431627 -0.18506958 -0.01018767 -0.00491465  0.03720236 -0.9992957
   0.          0.055       1.5707964  -0.27581334  0.15700512  0.02638941
  -0.27923483  0.37258485  0.18315704 -0.06004377 -0.08627254  0.01181395
   0.44293255 -0.03474711 -0.1271689   0.17153767 -0.06020234 -0.1848255
   0.02816566 -0.16178302 -0.1689921   0.          0.          1.
   1.          0.          1.        ]]
[[ 0.01689981 -0.18008688 -0.0059432  -0.00539054  0.03725093 -0.99929166
   0.          0.055       1.5707964  -0.28533778  0.1584064   0.03087706
  -0.27228448  0.37082723  0.18167047 -0.07448283 -0.08111512  0.01471061
   0.4550544  -0.03849141 -0.1214216   0.17529741 -0.06779522 -0.1917775
   0.02687137 -0.16232044 -0.15971456  0.          1.          1.
   1.          0.          0.        ]]
[[-0.00231143 -0.18766195 -0.01637903 -0.00724506  0.03832224 -0.9992391
   0.          0.055       1.5707964  -0.29622045  0.16690221  0.03333978
  -0.2667426   0.3766138   0.1839525  -0.09009916 -0.07266652  0.01522266
   0.4667882  -0.03857204 -0.1175373   0.1768809  -0.07092528 -0.19725704
   0.0204049  -0.16758764 -0.14923744  0.          1.          1.
   1.          0.          1.        ]]
[[ 0.02216014 -0.16737208 -0.01906181 -0.00760646  0.03794431 -0.99925107
   0.          0.055       1.5707964  -0.31009844  0.1649035   0.04012754
  -0.2537543   0.37283313  0.18260485 -0.11328886 -0.06472664  0.01343805
   0.4789542  -0.04275632 -0.11277589  0.17578048 -0.08394255 -0.20331964
   0.01410972 -0.16121298 -0.14676668  0.          1.          1.
   1.          0.          1.        ]]
[[ 0.01586467 -0.16488227 -0.02926103 -0.00774674  0.03763928 -0.9992617
   0.          0.055       1.5707964  -0.3229567   0.1646726   0.04470672
  -0.23139064  0.36316013  0.17536104 -0.13783072 -0.05526593  0.01002031
   0.49109408 -0.04989393 -0.1075419   0.17413631 -0.08809501 -0.21286418
   0.01188876 -0.15212376 -0.13849504  0.          1.          1.
   1.          0.          1.        ]]
[[ 0.00766493 -0.16702521 -0.03375126 -0.00821074  0.03780749 -0.99925125
   0.          0.055       1.5707964  -0.33643597  0.16772008  0.04845848
  -0.212479    0.3542677   0.1684323  -0.16325173 -0.04676071  0.00627929
   0.50206536 -0.05586452 -0.10334039  0.17177533 -0.08267538 -0.2193074
   0.01192192 -0.14843294 -0.12518099  0.          1.          1.
   1.          0.          1.        ]]
[[ 3.66260530e-04 -1.75044358e-01 -4.24639359e-02 -9.63582564e-03
   3.85415778e-02 -9.99210536e-01  0.00000000e+00  5.49999997e-02
   1.57079637e+00 -3.51005644e-01  1.77766427e-01  4.88004051e-02
  -2.09718615e-01  3.46946329e-01  1.67631403e-01 -1.92031845e-01
  -3.71612348e-02  9.69824032e-04  5.12188315e-01 -5.71932755e-02
  -1.01613164e-01  1.69028074e-01 -8.41963366e-02 -2.20576033e-01
   1.29333297e-02 -1.39935181e-01 -1.16762914e-01  0.00000000e+00
   1.00000000e+00  1.00000000e+00  1.00000000e+00  0.00000000e+00
   1.00000000e+00]]
[[-2.3277353e-02 -1.2458173e-01 -1.8050544e-02 -1.0589482e-02
   3.9152920e-02 -9.9917710e-01  0.0000000e+00  5.5000000e-02
   1.5707964e+00 -3.6569551e-01  1.8178208e-01  5.2749101e-02
  -2.1220702e-01  3.3327734e-01  1.6885033e-01 -2.2199939e-01
  -3.2782618e-02 -1.5652251e-03  5.2246273e-01 -5.7519719e-02
  -1.0144801e-01  1.6015893e-01 -8.8861734e-02 -2.2620730e-01
   1.7689263e-02 -1.2249162e-01 -1.1519074e-01  0.0000000e+00
   1.0000000e+00  1.0000000e+00  1.0000000e+00  0.0000000e+00
   1.0000000e+00]]
[[-0.03595603 -0.086793    0.00525854 -0.01086843  0.03927997 -0.9991688
   0.          0.055       1.5707964  -0.3790425   0.17800972  0.06198455
  -0.2142728   0.3267074   0.16741115 -0.25141716 -0.02980627 -0.00212685
   0.5339139  -0.0595549  -0.10084319  0.14388151 -0.08620948 -0.2343372
   0.02496133 -0.10468304 -0.1134522   0.          1.          1.
   1.          0.          1.        ]]
[[-0.0150366  -0.09849646  0.01690856 -0.01122383  0.03923865 -0.9991667
   0.          0.055       1.5707964  -0.391412    0.17723124  0.0695999
  -0.20992827  0.32749245  0.1681874  -0.26910663 -0.02231383 -0.00165712
   0.54648346 -0.06229888 -0.10050897  0.12589955 -0.0784745  -0.23837
   0.02817156 -0.08916797 -0.11107125  0.          1.          1.
   1.          0.          1.        ]]
[[ 2.8220080e-03 -8.9009933e-02  4.1302182e-02 -1.0410467e-02
   3.8162638e-02 -9.9921733e-01  0.0000000e+00  5.5000000e-02
   1.5707964e+00 -3.9797947e-01  1.7315249e-01  7.5742073e-02
  -2.0492141e-01  3.2902864e-01  1.6974905e-01 -2.7725366e-01
  -1.3054134e-02 -1.5550619e-03  5.5898470e-01 -6.9057047e-02
  -9.9712349e-02  1.0823195e-01 -7.1661085e-02 -2.3978037e-01
   2.9629759e-02 -7.3335603e-02 -1.1201193e-01  0.0000000e+00
   1.0000000e+00  1.0000000e+00  1.0000000e+00  0.0000000e+00
   1.0000000e+00]]
[[ 0.00885273 -0.06710181  0.06200368 -0.00806761  0.03582412 -0.99932545
   0.          0.055       1.5707964  -0.40119508  0.16373605  0.08101112
  -0.20312624  0.33192974  0.17127292 -0.2823148  -0.00373345 -0.00173139
   0.5716674  -0.07949076 -0.09939755  0.09142195 -0.06914715 -0.24051441
   0.03530692 -0.06084493 -0.11416355  0.          1.          1.
   1.          0.          1.        ]]
[[ 0.02058595 -0.04838748  0.07321834 -0.00471906  0.03253222 -0.9994598
   0.          0.055       1.5707964  -0.40225446  0.14975107  0.08545371
  -0.19698812  0.33828446  0.17395039 -0.2846647   0.00456749 -0.00181233
   0.5840708  -0.09008923 -0.10124069  0.07322016 -0.07134399 -0.24069901
   0.04693466 -0.04446393 -0.118495    0.          1.          1.
   1.          0.          1.        ]]
[[ 2.18036491e-02 -2.92144306e-02  8.03562850e-02 -2.36441527e-04
   2.80363970e-02 -9.99607086e-01  0.00000000e+00  5.49999997e-02
   1.57079637e+00 -4.06499863e-01  1.25310242e-01  9.50352028e-02
  -1.90358326e-01  3.52108002e-01  1.79499581e-01 -2.91488409e-01
   1.11340014e-02 -2.24211696e-03  5.95398009e-01 -9.76924598e-02
  -1.06075279e-01  4.81122471e-02 -7.98736066e-02 -2.38123327e-01
   6.02977946e-02 -1.87281501e-02 -1.24474555e-01  0.00000000e+00
   1.00000000e+00  1.00000000e+00  1.00000000e+00  0.00000000e+00
   1.00000000e+00]]
[[-0.01838925 -0.04859471  0.08867042  0.00374785  0.02381075 -0.99970925
   0.          0.055       1.5707964  -0.41028512  0.10493714  0.10066938
  -0.18548371  0.3656129   0.18760593 -0.2967345   0.0177799  -0.00201165
   0.6078208  -0.10407631 -0.11290944  0.02167311 -0.08754852 -0.23524787
   0.0751204  -0.01081356 -0.118724    0.          1.          1.
   1.          0.          1.        ]]
[[-2.40294226e-02 -8.99811536e-02  2.56126821e-02  3.62328370e-03
   2.38272157e-02 -9.99709487e-01  0.00000000e+00  5.49999997e-02
   1.57079637e+00 -4.17299747e-01  1.02835342e-01  1.03952914e-01
  -1.81071565e-01  3.75453442e-01  1.93722233e-01 -3.05071980e-01
   1.81583501e-02 -1.41742220e-03  6.12251997e-01 -1.01795919e-01
  -1.16396531e-01 -1.07585946e-02 -9.40515772e-02 -2.28695735e-01
   8.09567049e-02 -9.39505175e-03 -1.21237613e-01  0.00000000e+00
   1.00000000e+00  1.00000000e+00  1.00000000e+00  0.00000000e+00
   1.00000000e+00]]
[[-1.79652125e-03 -1.16474755e-01 -1.61285046e-02  3.30986129e-03
   2.34895907e-02 -9.99718487e-01  0.00000000e+00  5.49999997e-02
   1.57079637e+00 -4.26432580e-01  9.42879468e-02  1.13949955e-01
  -1.71260983e-01  3.81766170e-01  1.95379794e-01 -3.24728847e-01
   1.80011000e-02  1.71756642e-06  6.13838494e-01 -1.01210348e-01
  -1.15000017e-01 -3.90861630e-02 -1.05605908e-01 -2.20386893e-01
   8.03087726e-02 -2.78871832e-03 -1.27910972e-01  0.00000000e+00
   1.00000000e+00  1.00000000e+00  1.00000000e+00  0.00000000e+00
   1.00000000e+00]]
[[-1.16828689e-02 -1.05652444e-01 -1.71738192e-02  2.39209575e-03
   2.31981259e-02 -9.99727964e-01  0.00000000e+00  5.49999997e-02
   1.57079637e+00 -4.31947738e-01  8.26975331e-02  1.27854973e-01
  -1.53861851e-01  3.86195838e-01  1.97570190e-01 -3.32227290e-01
   2.62373555e-02  1.47849710e-06  6.16505802e-01 -1.03415862e-01
  -1.01570927e-01 -6.61528781e-02 -1.22741476e-01 -2.07478106e-01
   7.50956535e-02  9.05738678e-03 -1.35563716e-01  0.00000000e+00
   1.00000000e+00  1.00000000e+00  1.00000000e+00  0.00000000e+00
   1.00000000e+00]]
[[-5.0169110e-02 -8.6784862e-02 -8.3069382e-03  1.5057470e-03
   2.6100408e-02 -9.9965817e-01  0.0000000e+00  5.5000000e-02
   1.5707964e+00 -4.3540344e-01  5.4981269e-02  1.5355004e-01
  -1.2900540e-01  3.9292327e-01  1.9966246e-01 -3.2314354e-01
   6.1652105e-02  1.3983556e-07  6.3983864e-01 -1.1279800e-01
  -5.9999656e-02 -9.4926618e-02 -1.5965456e-01 -1.8908459e-01
   6.5346420e-02  5.2036844e-02 -1.5960622e-01  0.0000000e+00
   1.0000000e+00  1.0000000e+00  1.0000000e+00  0.0000000e+00
   1.0000000e+00]]
[[-0.07513902 -0.03612079  0.01632805  0.00529313  0.03206352 -0.9994716
   0.          0.055       1.5707964  -0.4315903   0.01086236  0.18003674
  -0.10221084  0.39746565  0.20149036 -0.27099624  0.09998336  0.0016457
   0.6505954  -0.11488163 -0.04586959 -0.12037332 -0.19822162 -0.1888198
   0.06327111  0.08829323 -0.17718008  0.          1.          1.
   1.          0.          1.        ]]
[[-9.9099338e-02 -5.6979474e-02  2.9682172e-02  1.1193709e-02
   4.0641893e-02 -9.9911141e-01  0.0000000e+00  5.5000000e-02
   1.5707964e+00 -4.2441258e-01 -2.2817122e-02  1.9561408e-01
  -9.7846232e-02  4.0591142e-01  2.0779635e-01 -2.1296030e-01
   1.1953949e-01 -8.0425004e-08  6.5819705e-01 -1.3071549e-01
  -3.7734434e-02 -1.4851993e-01 -2.2687343e-01 -1.9224538e-01
   6.6211291e-02  1.1799543e-01 -1.9084917e-01  0.0000000e+00
   1.0000000e+00  1.0000000e+00  1.0000000e+00  0.0000000e+00
   1.0000000e+00]]
[[-9.2528060e-02 -4.7679774e-02  7.8554258e-02  1.6104514e-02
   4.8834298e-02 -9.9867725e-01  0.0000000e+00  5.5000000e-02
   1.5707964e+00 -4.1339839e-01 -3.6588185e-02  1.9579922e-01
  -9.8405853e-02  4.1260409e-01  2.1624829e-01 -1.5849289e-01
   1.2601244e-01 -2.7475992e-06  6.6547990e-01 -1.4951767e-01
  -3.4204170e-02 -1.7851768e-01 -2.3786072e-01 -1.8342857e-01
   7.8617774e-02  1.3955426e-01 -1.9666989e-01  0.0000000e+00
   1.0000000e+00  1.0000000e+00  1.0000000e+00  0.0000000e+00
   1.0000000e+00]]
[[-8.7707803e-02 -4.6659097e-02  8.8102132e-02  2.0376122e-02
   5.6545395e-02 -9.9819213e-01  0.0000000e+00  5.5000000e-02
   1.5707964e+00 -4.0101492e-01 -3.7179366e-02  1.8647061e-01
  -9.7874090e-02  4.1461635e-01  2.2100203e-01 -1.0530979e-01
   1.3482592e-01 -4.6618784e-06  6.7365658e-01 -1.6833816e-01
  -3.3596914e-02 -2.1547070e-01 -2.3372148e-01 -1.6380386e-01
   9.5371537e-02  1.5492368e-01 -1.9810490e-01  0.0000000e+00
   1.0000000e+00  0.0000000e+00  1.0000000e+00  0.0000000e+00
   1.0000000e+00]]
[[-7.9412833e-02 -4.3607980e-02  6.0878605e-02  2.4014026e-02
   6.3283190e-02 -9.9770671e-01  0.0000000e+00  5.5000000e-02
   1.5707964e+00 -3.9495298e-01 -3.6480173e-02  1.7843869e-01
  -1.0120786e-01  4.2388001e-01  2.2619574e-01 -6.3809007e-02
   1.4343779e-01 -5.9344188e-06  6.8263853e-01 -1.8220846e-01
  -3.6448382e-02 -2.5234240e-01 -2.2244608e-01 -1.4540471e-01
   1.1328574e-01  1.6914007e-01 -2.0150338e-01  0.0000000e+00
   1.0000000e+00  0.0000000e+00  1.0000000e+00  0.0000000e+00
   1.0000000e+00]]
[[-6.4070627e-02 -5.0109532e-02  6.3466541e-02  2.7812168e-02
   6.8290278e-02 -9.9727786e-01  0.0000000e+00  5.5000000e-02
   1.5707964e+00 -3.9543751e-01 -4.1134290e-02  1.7486145e-01
  -1.0240797e-01  4.4006020e-01  2.3635262e-01 -2.7549455e-02
   1.4007427e-01 -8.3821433e-06  6.9155920e-01 -1.9198975e-01
  -4.2730544e-02 -2.8240764e-01 -2.1051653e-01 -1.3361606e-01
   1.3202141e-01  1.7611136e-01 -2.0381767e-01  0.0000000e+00
   1.0000000e+00  0.0000000e+00  1.0000000e+00  0.0000000e+00
   1.0000000e+00]]
[[-5.5918429e-02 -5.3826746e-02  3.9497543e-02  3.1141851e-02
   7.2578266e-02 -9.9687630e-01  0.0000000e+00  5.5000000e-02
   1.5707964e+00 -3.9894357e-01 -4.2371105e-02  1.7035402e-01
  -9.8289996e-02  4.6023378e-01  2.4861760e-01  1.2284673e-02
   1.3955379e-01 -7.4118520e-06  6.9722450e-01 -2.0420314e-01
  -4.6318572e-02 -3.1142986e-01 -1.9831398e-01 -1.2670262e-01
   1.4593898e-01  1.7912219e-01 -2.0656367e-01  0.0000000e+00
   1.0000000e+00  0.0000000e+00  1.0000000e+00  0.0000000e+00
   1.0000000e+00]]
[[-4.3925740e-02 -5.3479373e-02 -1.7253278e-03  3.3779640e-02
   7.6318346e-02 -9.9651164e-01  0.0000000e+00  5.5000000e-02
   1.5707964e+00 -4.0560043e-01 -4.1141301e-02  1.6589114e-01
  -9.9672183e-02  4.8127082e-01  2.5905511e-01  5.8846891e-02
   1.4446437e-01 -5.2378718e-06  6.9919652e-01 -2.1740519e-01
  -4.7204223e-02 -3.3875519e-01 -1.9359095e-01 -1.2018614e-01
   1.5347305e-01  1.8130898e-01 -2.1195319e-01  0.0000000e+00
   1.0000000e+00  0.0000000e+00  1.0000000e+00  0.0000000e+00
   1.0000000e+00]]
[[-2.98339371e-02 -5.66796102e-02 -2.35825572e-02  3.61178890e-02
   7.87519664e-02 -9.96240020e-01  0.00000000e+00  5.49999997e-02
   1.57079637e+00 -4.16338623e-01 -4.31279354e-02  1.64512649e-01
  -9.80496109e-02  5.00751734e-01  2.67519951e-01  1.02552712e-01
   1.47907123e-01 -5.73197849e-06  6.99062586e-01 -2.27936506e-01
  -4.86550629e-02 -3.61175448e-01 -1.92513302e-01 -1.14832625e-01
   1.57621548e-01  1.79775581e-01 -2.17844859e-01  0.00000000e+00
   1.00000000e+00  0.00000000e+00  1.00000000e+00  0.00000000e+00
   1.00000000e+00]]
[[-2.00636499e-02 -5.62810414e-02 -4.27513048e-02  3.79300229e-02
   8.00905377e-02 -9.96065795e-01  0.00000000e+00  5.49999997e-02
   1.57079637e+00 -4.31482673e-01 -4.68859337e-02  1.65844172e-01
  -8.98530185e-02  5.14036238e-01  2.75265992e-01  1.31440222e-01
   1.52042180e-01 -5.98724910e-06  6.98056757e-01 -2.35031798e-01
  -5.13848178e-02 -3.75308454e-01 -1.83578551e-01 -1.09796554e-01
   1.60003319e-01  1.76579490e-01 -2.24954203e-01  0.00000000e+00
   1.00000000e+00  0.00000000e+00  1.00000000e+00  0.00000000e+00
   1.00000000e+00]]
[[-2.5026377e-02 -5.7540700e-02 -4.5635533e-02  3.9370220e-02
   8.1609711e-02 -9.9588639e-01  0.0000000e+00  5.5000000e-02
   1.5707964e+00 -4.4866598e-01 -4.7566246e-02  1.6648415e-01
  -8.2650185e-02  5.2345604e-01  2.7978477e-01  1.5376249e-01
   1.5441494e-01 -2.2850993e-05  6.9711322e-01 -2.4206325e-01
  -5.3999566e-02 -3.8224962e-01 -1.7939875e-01 -9.9969015e-02
   1.6166587e-01  1.7444551e-01 -2.3350285e-01  0.0000000e+00
   1.0000000e+00  0.0000000e+00  1.0000000e+00  0.0000000e+00
   1.0000000e+00]]
[[-1.3927749e-02 -7.2582886e-02 -5.4188661e-02  3.9893448e-02
   8.3222315e-02 -9.9573207e-01  0.0000000e+00  5.5000000e-02
   1.5707964e+00 -4.6603638e-01 -4.5230906e-02  1.6660236e-01
  -7.7325851e-02  5.2989483e-01  2.8247875e-01  1.7516200e-01
   1.5685879e-01 -2.1854532e-05  6.9531178e-01 -2.4680592e-01
  -5.6344137e-02 -3.8351148e-01 -1.8682575e-01 -9.6688062e-02
   1.6128185e-01  1.7718920e-01 -2.4516073e-01  0.0000000e+00
   1.0000000e+00  0.0000000e+00  1.0000000e+00  0.0000000e+00
   1.0000000e+00]]
[[-1.3390374e-02 -7.5857297e-02 -6.5961547e-02  3.9721724e-02
   8.3862357e-02 -9.9568516e-01  0.0000000e+00  5.5000000e-02
   1.5707964e+00 -4.8304120e-01 -4.1631646e-02  1.6776584e-01
  -7.3142760e-02  5.3540879e-01  2.8453004e-01  1.9536820e-01
   1.6124277e-01 -2.4112014e-05  6.9374692e-01 -2.5005910e-01
  -5.7727091e-02 -3.8524306e-01 -1.9038005e-01 -9.8149396e-02
   1.5966763e-01  1.7776455e-01 -2.5494272e-01  0.0000000e+00
   1.0000000e+00  0.0000000e+00  1.0000000e+00  1.0000000e+00
   1.0000000e+00]]
[[ 9.2419581e-03 -8.6621948e-02 -6.9249697e-02  3.8684327e-02
   8.3493844e-02 -9.9575704e-01  0.0000000e+00  5.5000000e-02
   1.5707964e+00 -4.9864018e-01 -3.6254302e-02  1.6975896e-01
  -6.8519309e-02  5.3883153e-01  2.8587893e-01  2.1006921e-01
   1.6402988e-01 -2.7013803e-05  6.9337940e-01 -2.5100005e-01
  -5.8526292e-02 -3.8519299e-01 -1.9277968e-01 -9.6890420e-02
   1.5799084e-01  1.7690489e-01 -2.6215711e-01  1.0000000e+00
   1.0000000e+00  0.0000000e+00  1.0000000e+00  1.0000000e+00
   1.0000000e+00]]
[[ 2.4505295e-02 -8.2297452e-02 -6.8710990e-02  3.6694121e-02
   8.2008131e-02 -9.9595636e-01  0.0000000e+00  5.5000000e-02
   1.5707964e+00 -5.1426888e-01 -2.9181989e-02  1.7282595e-01
  -6.6674121e-02  5.3804344e-01  2.8505579e-01  2.0622252e-01
   1.7124668e-01 -2.4642386e-05  6.9576228e-01 -2.4689335e-01
  -6.1056398e-02 -3.8389075e-01 -1.9254909e-01 -9.5389806e-02
   1.5858683e-01  1.7507569e-01 -2.6723859e-01  1.0000000e+00
   1.0000000e+00  0.0000000e+00  0.0000000e+00  1.0000000e+00
   1.0000000e+00]]
[[ 1.1297964e-02 -8.5476555e-02 -3.4411497e-02  3.4708835e-02
   8.1100620e-02 -9.9610168e-01  0.0000000e+00  5.5000000e-02
   1.5707964e+00 -5.2636671e-01 -1.6279344e-02  1.7103106e-01
  -6.5157928e-02  5.4172564e-01  2.8555554e-01  2.0664306e-01
   1.8547566e-01 -8.1393600e-06  7.0824850e-01 -2.4489538e-01
  -6.2103506e-02 -3.7739515e-01 -1.9628151e-01 -9.0167768e-02
   1.6599646e-01  1.7265730e-01 -2.6843610e-01  1.0000000e+00
   1.0000000e+00  0.0000000e+00  0.0000000e+00  1.0000000e+00
   1.0000000e+00]]
[[-1.6072577e-02 -7.6545238e-02  1.2176557e-02  3.3459503e-02
   8.1898347e-02 -9.9607891e-01  0.0000000e+00  5.5000000e-02
   1.5707964e+00 -5.3669155e-01 -6.7441985e-03  1.6976923e-01
  -7.1030088e-02  5.3981769e-01  2.8929815e-01  2.1109261e-01
   1.8956509e-01 -1.0878686e-05  7.2110379e-01 -2.4012519e-01
  -6.7514271e-02 -3.6732543e-01 -1.9939642e-01 -8.5665323e-02
   1.7666180e-01  1.7760950e-01 -2.7282369e-01  1.0000000e+00
   1.0000000e+00  0.0000000e+00  0.0000000e+00  1.0000000e+00
   1.0000000e+00]]
[[-1.6429019e-03 -7.9582430e-02  3.9516956e-02  3.1895421e-02
   8.2391150e-02 -9.9608988e-01  0.0000000e+00  5.5000000e-02
   1.5707964e+00 -5.4648995e-01 -4.0351176e-03  1.7166445e-01
  -7.5411238e-02  5.3400946e-01  2.8965387e-01  2.1751973e-01
   1.9147722e-01 -1.0248199e-05  7.2452873e-01 -2.4966447e-01
  -7.0677280e-02 -3.5487962e-01 -1.9125597e-01 -8.6767107e-02
   1.9001320e-01  1.9027548e-01 -2.8115681e-01  1.0000000e+00
   1.0000000e+00  0.0000000e+00  0.0000000e+00  1.0000000e+00
   1.0000000e+00]]
[[ 2.4222482e-02 -8.7593384e-02  4.7283020e-02  2.9901871e-02
   8.0827050e-02 -9.9627948e-01  0.0000000e+00  5.5000000e-02
   1.5707964e+00 -5.5750316e-01 -7.7632926e-03  1.7697822e-01
  -7.5252526e-02  5.2658939e-01  2.8554353e-01  2.2204205e-01
   1.9644727e-01 -1.1710999e-05  7.2568160e-01 -2.7160561e-01
  -8.6078592e-02 -3.3677685e-01 -1.7399625e-01 -9.1630191e-02
   2.0961705e-01  2.0186281e-01 -2.8860149e-01  1.0000000e+00
   1.0000000e+00  0.0000000e+00  0.0000000e+00  1.0000000e+00
   1.0000000e+00]]
[[ 6.2336538e-02 -9.8349765e-02  4.5043357e-02  2.6286639e-02
   7.6619506e-02 -9.9671346e-01  0.0000000e+00  5.5000000e-02
   1.5707964e+00 -5.7093495e-01 -1.2405615e-02  1.8447056e-01
  -7.5699911e-02  5.1474160e-01  2.7966446e-01  2.2139727e-01
   1.9625024e-01 -1.4294407e-05  7.2478181e-01 -3.1217733e-01
  -1.1273693e-01 -3.1343094e-01 -1.4459892e-01 -1.0139847e-01
   2.3556367e-01  2.1264981e-01 -2.9517627e-01  1.0000000e+00
   1.0000000e+00  0.0000000e+00  0.0000000e+00  1.0000000e+00
   1.0000000e+00]]
[[ 2.2400992e-02 -9.2654184e-02  4.5094501e-02  2.2895059e-02
   7.3365137e-02 -9.9704230e-01  0.0000000e+00  5.5000000e-02
   1.5707964e+00 -5.8316332e-01 -6.9710268e-03  1.8642350e-01
  -7.5630113e-02  4.9786007e-01  2.7327615e-01  2.1901302e-01
   2.0204879e-01 -1.5012434e-05  7.2432309e-01 -3.4457862e-01
  -1.3923092e-01 -2.8817323e-01 -1.2750730e-01 -1.0412023e-01
   2.6375556e-01  2.1771574e-01 -2.9740867e-01  1.0000000e+00
   1.0000000e+00  0.0000000e+00  0.0000000e+00  1.0000000e+00
   1.0000000e+00]]
[[-5.90175437e-03 -7.71353841e-02  3.49365920e-02  2.03166194e-02
   7.28441104e-02 -9.97136414e-01  0.00000000e+00  5.49999997e-02
   1.57079637e+00 -5.94751298e-01  2.19287211e-03  1.87665671e-01
  -7.52780437e-02  4.82956141e-01  2.63441980e-01  2.11126730e-01
   2.03725934e-01 -1.34950615e-05  7.18759000e-01 -3.53042990e-01
  -1.56371221e-01 -2.68923968e-01 -1.21115364e-01 -1.02185510e-01
   2.84800112e-01  2.25442618e-01 -3.02499890e-01  1.00000000e+00
   1.00000000e+00  0.00000000e+00  0.00000000e+00  1.00000000e+00
   1.00000000e+00]]
[[-5.2727028e-03 -7.7073626e-02 -6.9974447e-03  1.7981993e-02
   7.3288798e-02 -9.9714881e-01  0.0000000e+00  5.5000000e-02
   1.5707964e+00 -6.0721898e-01  8.1519736e-03  1.9354212e-01
  -7.3766813e-02  4.7210029e-01  2.5464377e-01  2.0304835e-01
   2.0255518e-01 -1.1055026e-05  7.0506424e-01 -3.5657579e-01
  -1.6067237e-01 -2.5797519e-01 -1.1673558e-01 -1.0036001e-01
   2.9605979e-01  2.3536490e-01 -3.1106341e-01  1.0000000e+00
   1.0000000e+00  0.0000000e+00  0.0000000e+00  1.0000000e+00
   1.0000000e+00]]
[[ 2.2130052e-02 -7.5687088e-02 -1.1391529e-02  1.5385740e-02
   7.2490111e-02 -9.9725080e-01  0.0000000e+00  5.5000000e-02
   1.5707964e+00 -6.2063450e-01  1.2779186e-02  2.0173563e-01
  -7.0077039e-02  4.6212327e-01  2.4921657e-01  1.9542308e-01
   2.0089994e-01 -1.1282808e-05  6.8913257e-01 -3.5910144e-01
  -1.6574539e-01 -2.4925153e-01 -1.1227572e-01 -9.8765053e-02
   3.0479300e-01  2.3985803e-01 -3.1696153e-01  1.0000000e+00
   1.0000000e+00  0.0000000e+00  0.0000000e+00  1.0000000e+00
   1.0000000e+00]]
[[ 2.7365346e-02 -1.0004962e-01  7.6681203e-03  1.1231707e-02
   7.0412748e-02 -9.9745506e-01  0.0000000e+00  5.5000000e-02
   1.5707964e+00 -6.3418114e-01  1.8786063e-02  2.0980740e-01
  -6.8788186e-02  4.4182175e-01  2.4248609e-01  1.7994440e-01
   1.9472164e-01 -1.4195605e-05  6.7225486e-01 -3.7297860e-01
  -1.8135971e-01 -2.3726875e-01 -9.5830850e-02 -1.0275661e-01
   3.1734392e-01  2.4851251e-01 -3.2489669e-01  1.0000000e+00
   1.0000000e+00  0.0000000e+00  0.0000000e+00  1.0000000e+00
   1.0000000e+00]]
[[ 8.1581045e-03 -9.0701438e-02  2.2845762e-02  8.1832521e-03
   6.9076031e-02 -9.9757785e-01  0.0000000e+00  5.5000000e-02
   1.5707964e+00 -6.4411461e-01  2.6759339e-02  2.1374473e-01
  -6.3676260e-02  4.2036188e-01  2.2926007e-01  1.7275184e-01
   1.8664035e-01 -1.8944111e-05  6.5547180e-01 -3.9551184e-01
  -1.9736268e-01 -2.2126329e-01 -8.7946482e-02 -1.0200890e-01
   3.3447790e-01  2.5310835e-01 -3.2859966e-01  1.0000000e+00
   1.0000000e+00  0.0000000e+00  0.0000000e+00  1.0000000e+00
   1.0000000e+00]]
[[-2.5457903e-03 -8.4885798e-02  2.4807600e-02  5.6971977e-03
   6.8770133e-02 -9.9761635e-01  0.0000000e+00  5.5000000e-02
   1.5707964e+00 -6.5117580e-01  3.5618018e-02  2.1596533e-01
  -5.6200899e-02  4.0414751e-01  2.1599337e-01  1.6670156e-01
   1.7686290e-01 -2.1827160e-05  6.3191873e-01 -4.0722856e-01
  -2.0767957e-01 -2.0615648e-01 -8.4309727e-02 -9.8828606e-02
   3.5112360e-01  2.5829670e-01 -3.3140838e-01  1.0000000e+00
   1.0000000e+00  0.0000000e+00  0.0000000e+00  1.0000000e+00
   1.0000000e+00]]
[[-1.6892309e-03 -7.9035208e-02  3.7986219e-02  3.8032152e-03
   6.8681523e-02 -9.9763113e-01  0.0000000e+00  5.5000000e-02
   1.5707964e+00 -6.5586704e-01  4.1386142e-02  2.1829702e-01
  -4.4086426e-02  3.8968611e-01  2.0370202e-01  1.6487806e-01
   1.6385750e-01 -2.0789519e-05  5.9769642e-01 -4.1013414e-01
  -2.2248164e-01 -1.9233143e-01 -8.0397561e-02 -9.6264072e-02
   3.6674047e-01  2.6387748e-01 -3.3380175e-01  1.0000000e+00
   1.0000000e+00  0.0000000e+00  0.0000000e+00  1.0000000e+00
   1.0000000e+00]]
[[-1.2546034e-02 -7.6134905e-02  4.8661936e-02  2.7131487e-03
   6.9183446e-02 -9.9760020e-01  0.0000000e+00  5.5000000e-02
   1.5707964e+00 -6.5815103e-01  4.4921000e-02  2.2063357e-01
  -2.7419526e-02  3.7442321e-01  1.9202760e-01  1.5960313e-01
   1.5367074e-01 -1.8381812e-05  5.5565542e-01 -4.2218488e-01
  -2.3809332e-01 -1.8039870e-01 -8.0494232e-02 -9.1681622e-02
   3.8083601e-01  2.6842296e-01 -3.3465773e-01  1.0000000e+00
   0.0000000e+00  0.0000000e+00  0.0000000e+00  1.0000000e+00
   1.0000000e+00]]
[[ 5.6814025e-03 -8.7879822e-02  6.2009875e-02  1.3497024e-03
   6.9173440e-02 -9.9760371e-01  0.0000000e+00  5.5000000e-02
   1.5707964e+00 -6.5884656e-01  4.7126066e-02  2.2175041e-01
  -1.3039033e-02  3.4589073e-01  1.8060139e-01  1.6050676e-01
   1.3344663e-01 -2.2037893e-05  5.0276548e-01 -4.4009793e-01
  -2.5608927e-01 -1.6474245e-01 -7.2937675e-02 -9.1120146e-02
   3.9936233e-01  2.7613384e-01 -3.3647209e-01  1.0000000e+00
   0.0000000e+00  0.0000000e+00  0.0000000e+00  1.0000000e+00
   1.0000000e+00]]
[[-1.71464344e-03 -7.92139247e-02  9.07546356e-02  1.34960259e-03
   6.84193820e-02 -9.97656047e-01  0.00000000e+00  5.49999997e-02
   1.57079637e+00 -6.58223152e-01  5.07481657e-02  2.19083786e-01
   5.35034435e-03  3.19324285e-01  1.62857160e-01  1.58565491e-01
   1.16783954e-01 -2.44651001e-05  4.34488326e-01 -4.61871088e-01
  -2.70598799e-01 -1.42665222e-01 -7.65861422e-02 -8.48077759e-02
   4.24825758e-01  2.71709025e-01 -3.30199808e-01  1.00000000e+00
   1.00000000e+00  0.00000000e+00  0.00000000e+00  1.00000000e+00
   1.00000000e+00]]
[[-3.3745840e-02 -8.7281689e-02  9.9486798e-02  1.5453175e-03
   6.9237299e-02 -9.9759865e-01  0.0000000e+00  5.5000000e-02
   1.5707964e+00 -6.5421784e-01  6.2534481e-02  2.0878157e-01
   4.3529660e-02  2.9094088e-01  1.3349360e-01  1.5389112e-01
   1.0372390e-01 -2.4327637e-05  3.3186957e-01 -4.6780434e-01
  -2.8036436e-01 -1.2287591e-01 -8.4574394e-02 -7.7180214e-02
   4.4828624e-01  2.7030367e-01 -3.2447946e-01  1.0000000e+00
   1.0000000e+00  0.0000000e+00  0.0000000e+00  1.0000000e+00
   1.0000000e+00]]
[[-1.65959285e-03 -8.06881711e-02  9.68674123e-02 -3.68255482e-04
   6.98773712e-02 -9.97555494e-01  0.00000000e+00  5.49999997e-02
   1.57079637e+00 -6.47378981e-01  8.17196146e-02  1.94760934e-01
   1.06933430e-01  2.45217651e-01  8.84513259e-02  1.44778699e-01
   1.01684086e-01 -2.35845000e-05  2.01521829e-01 -4.42470372e-01
  -2.66624689e-01 -1.06129847e-01 -7.90389478e-02 -7.59851187e-02
   4.70262885e-01  2.76098490e-01 -3.19366902e-01  1.00000000e+00
   1.00000000e+00  0.00000000e+00  0.00000000e+00  1.00000000e+00
   1.00000000e+00]]
[[ 0.04847831 -0.10804345  0.07748911 -0.00345269  0.06658158 -0.9977748
   0.          0.055       1.5707964  -0.642906    0.11088852  0.1773211
   0.18013564  0.18470599  0.01996347  0.10682199  0.10492922  0.0088546
   0.08990578 -0.37697506 -0.22561307 -0.07585905 -0.08058597 -0.06883738
   0.5067769   0.26103723 -0.30167437  1.          1.          0.
   0.          1.          1.        ]]
[[ 0.00881585 -0.00962542  0.13168482 -0.00384686  0.06171747 -0.9980865
   0.          0.055       1.5707964  -0.6409608   0.1335185   0.16182683
   0.1901388   0.16771123  0.02667586  0.0529447   0.1169295   0.03667801
   0.0338749  -0.24490185 -0.14853016 -0.02860008 -0.10263083 -0.05146522
   0.5566546   0.22153679 -0.2671016   1.          1.          0.
   0.          1.          1.        ]]
[[ 0.03151479  0.10820861  0.07781601  0.00301471  0.05961336 -0.998217
   0.          0.055       1.5707964  -0.6294749   0.13674024  0.10268266
   0.207229    0.0946864   0.06394155  0.04378042  0.20341042  0.07199568
   0.04831581 -0.1679727  -0.14732939  0.00912061 -0.09713933 -0.05665138
   0.57558703  0.2005201  -0.23292357  1.          1.          0.
   0.          1.          1.        ]]
[[ 1.92603052e-01  2.27188379e-01 -1.31295592e-01  1.73808318e-02
   4.54812162e-02 -9.98813987e-01  0.00000000e+00  5.49999997e-02
   1.57079637e+00 -6.51424408e-01  1.45350724e-01 -7.67435324e-07
   1.95325792e-01 -6.62287772e-02  1.43191904e-01  4.61192206e-02
   2.48634696e-01  1.20034367e-01  6.57966286e-02 -1.09487176e-01
  -1.86715826e-01  2.65610050e-02 -7.69404396e-02 -8.32371637e-02
   5.78184128e-01  1.46865293e-01 -1.94199204e-01  1.00000000e+00
   1.00000000e+00  0.00000000e+00  0.00000000e+00  1.00000000e+00
   1.00000000e+00]]
[[ 0.24304518  0.13619176 -0.17483853  0.03411305  0.02159014 -0.99918467
   0.          0.055       1.5707964  -0.6666115   0.21616863  0.00640577
   0.14047058 -0.23603262  0.22908586 -0.01747197  0.24312069  0.15144615
   0.08049475 -0.04182963 -0.22191463  0.07483257 -0.12067854 -0.12547633
   0.5873796   0.05068141 -0.16030663  1.          1.          0.
   0.          1.          1.        ]]
[[ 0.15379313  0.05718237 -0.28241184  0.04777759  0.0066333  -0.99883586
   0.          0.055       1.5707964  -0.6527096   0.26604375  0.07842427
   0.05105488 -0.3671032   0.29502797 -0.20531158  0.21181588  0.16788323
   0.06992542 -0.00896693 -0.22359951  0.12983148 -0.19880007 -0.16058883
   0.5527306   0.00508441 -0.16688387  1.          1.          0.
   0.          1.          1.        ]]
[[ 1.1197165e-01 -4.2129982e-02 -2.2820300e-01  5.1623397e-02
  -1.9589469e-03 -9.9866486e-01  0.0000000e+00  5.5000000e-02
   1.5707964e+00 -5.5274808e-01  3.2193100e-01  1.5743966e-01
  -3.1078218e-02 -4.0285137e-01  2.9572919e-01 -4.1373572e-01
   1.5997075e-01  1.9778655e-01  5.0750986e-02  1.4589177e-03
  -2.0440595e-01  1.7768188e-01 -2.5355819e-01 -1.8377012e-01
   5.1601088e-01 -1.6831201e-02 -1.7736706e-01  1.0000000e+00
   1.0000000e+00  0.0000000e+00  0.0000000e+00  1.0000000e+00
   1.0000000e+00]]
[[ 0.05233438 -0.06655898 -0.18155801  0.04869392 -0.0061304  -0.99879503
   0.          0.055       1.5707964  -0.37890393  0.4049115   0.20789453
  -0.08550086 -0.37030908  0.27231526 -0.5696222   0.08750052  0.19412073
   0.02955606 -0.00589879 -0.18210296  0.19382179 -0.292036   -0.20195799
   0.4834558  -0.03426839 -0.18157901  1.          0.          0.
   0.          1.          1.        ]]
[[-0.02619503  0.00508682 -0.08886234  0.04797677 -0.00520641 -0.9988346
   0.          0.055       1.5707964  -0.20579465  0.4379246   0.23026353
  -0.10776737 -0.3477419   0.2552834  -0.6211523   0.03855177  0.16874403
   0.01254159 -0.03191236 -0.16161261  0.19099376 -0.30064076 -0.20887052
   0.45977974 -0.04238306 -0.18578243  1.          0.          0.
   0.          1.          1.        ]]
[[-5.29566705e-02  2.68790387e-02 -1.11912265e-01  5.13014570e-02
  -1.81918289e-03 -9.98681724e-01  0.00000000e+00  5.49999997e-02
   1.57079637e+00 -8.65154192e-02  4.28698510e-01  2.22283527e-01
  -1.23270996e-01 -3.59139204e-01  2.55104631e-01 -6.08407855e-01
   6.46427274e-02  1.62052333e-01 -8.54071812e-04 -6.17366210e-02
  -1.46852762e-01  1.88689530e-01 -2.90732682e-01 -2.07763866e-01
   4.38645810e-01 -3.70613486e-02 -2.00097635e-01  1.00000000e+00
   0.00000000e+00  0.00000000e+00  0.00000000e+00  1.00000000e+00
   1.00000000e+00]]
[[-4.8555210e-03  9.7197210e-03 -4.7847290e-02  5.5432852e-02
  -3.0082250e-03 -9.9845797e-01  0.0000000e+00  5.5000000e-02
   1.5707964e+00 -1.2908668e-02  3.4779865e-01  2.0550281e-01
  -1.4689727e-01 -3.7626803e-01  2.5713620e-01 -5.9198517e-01
   1.4188097e-01  1.9554219e-01 -7.7792187e-04 -7.2236642e-02
  -1.4730018e-01  2.0137833e-01 -2.6482251e-01 -2.0764044e-01
   4.3039805e-01 -4.7737170e-02 -2.0952864e-01  1.0000000e+00
   0.0000000e+00  0.0000000e+00  0.0000000e+00  1.0000000e+00
   1.0000000e+00]]
[[-6.0592346e-02 -8.3998539e-02  2.4248801e-02  4.9535386e-02
  -9.4612478e-05 -9.9877220e-01  0.0000000e+00  5.5000000e-02
   1.5707964e+00  4.4040114e-02  2.5035036e-01  1.8170489e-01
  -1.5387899e-01 -3.3122569e-01  2.1816470e-01 -5.6096590e-01
   2.0388447e-01  2.4137686e-01  1.8739818e-03 -6.9605477e-02
  -1.5284003e-01  1.9915900e-01 -2.6814309e-01 -1.8401550e-01
   4.2956796e-01 -2.2337079e-02 -2.2986792e-01  1.0000000e+00
   0.0000000e+00  0.0000000e+00  0.0000000e+00  1.0000000e+00
   1.0000000e+00]]
[[-0.10410649 -0.08882035  0.06217287  0.04203086  0.00695536 -0.9990923
   0.          0.055       1.5707964   0.07575075  0.15738614  0.15337853
  -0.15015322 -0.26328808  0.17137894 -0.5241727   0.23345242  0.25479302
   0.01255663 -0.08483639 -0.15237397  0.19910187 -0.29027978 -0.17252117
   0.43905592  0.01125022 -0.25082344  1.          0.          0.
   0.          1.          1.        ]]
[[-0.13817441 -0.11176545  0.11118577  0.03294999  0.01623677 -0.9993253
   0.          0.055       1.5707964   0.09282394  0.0509074   0.13341501
  -0.13618496 -0.18381447  0.12073012 -0.46800575  0.2557048   0.248361
   0.03228801 -0.09504482 -0.15690584  0.20203832 -0.30166265 -0.17697188
   0.46077934  0.05785627 -0.2745127   1.          0.          0.
   0.          1.          1.        ]]
[[-0.14781997 -0.08234077  0.13799329  0.02602901  0.02767576 -0.9992778
   0.          0.055       1.5707964   0.10046973 -0.0326314   0.12137057
  -0.12448537 -0.10854968  0.07592911 -0.3987445   0.30039567  0.24537699
   0.05324838 -0.12535252 -0.14789039  0.20671335 -0.31162268 -0.18988058
   0.4838761   0.1018201  -0.29558828  1.          0.          0.
   0.          1.          1.        ]]
[[ 0.01315572 -0.10465644 -0.0266223   0.02796723  0.02628985 -0.99926317
   0.          0.055       1.5707964   0.07451503 -0.03239466  0.11912878
  -0.15691005 -0.09726237  0.06460334 -0.33763656  0.35923305  0.25506738
   0.06913216 -0.14209625 -0.14016867  0.17957456 -0.31861573 -0.21010089
   0.4951805   0.08672068 -0.29654646  1.          0.          1.
   1.          1.          0.        ]]
[[ 0.00491799 -0.10320756 -0.08685835  0.02710955  0.02384656 -0.99934775
   0.          0.055       1.5707964   0.03644354 -0.05696394  0.14256771
  -0.19723645 -0.04048779  0.03762406 -0.25258145  0.38718355  0.26341122
   0.08922604 -0.15143329 -0.1061366   0.11811084 -0.33601177 -0.2080146
   0.4910743   0.0955594  -0.3104784   1.          0.          1.
   1.          1.          0.        ]]
[[-0.04162332 -0.05824287 -0.13511316  0.02719422  0.02581554 -0.99929655
   0.          0.055       1.5707964   0.00277376 -0.08902267  0.17330283
  -0.22180934  0.05780725  0.02634612 -0.16178577  0.35774535  0.26242617
   0.10355277 -0.15499675 -0.07982037  0.05009799 -0.33472478 -0.20805082
   0.47486174  0.12976713 -0.33761492  1.          0.          1.
   1.          1.          0.        ]]
[[-0.06491263 -0.05794292 -0.06539955  0.02783626  0.03162391 -0.9991121
   0.          0.055       1.5707964  -0.01928469 -0.10810111  0.1927606
  -0.23035152  0.14201206  0.0392337  -0.10076968  0.31570494  0.24119125
   0.11617883 -0.15858592 -0.066144    0.01342536 -0.31396487 -0.20178725
   0.46295404  0.17566387 -0.36990964  1.          0.          1.
   1.          1.          0.        ]]
[[-0.07532001 -0.08204887  0.0260174   0.0281019   0.0381029  -0.99887854
   0.          0.055       1.5707964  -0.02139212 -0.10247053  0.1893919
  -0.22515976  0.18941912  0.06077537 -0.05860345  0.3033932   0.20766474
   0.1388703  -0.16315487 -0.06429103  0.01320926 -0.28780282 -0.18555889
   0.47266734  0.2118572  -0.3908409   1.          0.          1.
   1.          1.          0.        ]]
[[-0.07289796 -0.07777653  0.09865075  0.0291767   0.04495837 -0.99856293
   0.          0.055       1.5707964  -0.00424783 -0.07651662  0.16675925
  -0.20601162  0.21272393  0.07872918 -0.01029577  0.29896057  0.17071521
   0.16876179 -0.17926168 -0.06562223  0.01250569 -0.25554538 -0.1661061
   0.4971091   0.23208395 -0.39709443  1.          0.          1.
   1.          1.          0.        ]]
[[-0.03552871 -0.08944744  0.14747544  0.03033065  0.04991799 -0.99829257
   0.          0.055       1.5707964   0.02163192 -0.03659219  0.1320495
  -0.18378454  0.23076145  0.10403182  0.05540975  0.27600667  0.13732089
   0.20827405 -0.19404985 -0.07438729  0.02279975 -0.22967997 -0.1364962
   0.5403888   0.233639   -0.38931182  1.          0.          1.
   1.          1.          0.        ]]
[[-1.45315286e-02 -1.05319448e-01  1.08565807e-01  3.19970027e-02
   5.23787923e-02 -9.98114765e-01  0.00000000e+00  5.49999997e-02
   1.57079637e+00  3.70178446e-02 -1.46176200e-03  1.02215685e-01
  -1.64916649e-01  2.52224147e-01  1.33440703e-01  1.10164307e-01
   2.27538958e-01  9.23795104e-02  2.43408814e-01 -2.10653171e-01
  -8.09769556e-02  2.18310673e-02 -1.97129875e-01 -1.03828222e-01
   5.80614865e-01  2.22284362e-01 -3.78319681e-01  1.00000000e+00
   0.00000000e+00  1.00000000e+00  1.00000000e+00  1.00000000e+00
   0.00000000e+00]]
[[ 0.00354908 -0.12473653  0.05829483  0.03351693  0.05191741 -0.99808884
   0.          0.055       1.5707964   0.03856269  0.01912738  0.08333404
  -0.14786124  0.26831195  0.15986487  0.13230811  0.17787647  0.03898143
   0.27276045 -0.22036543 -0.08777963  0.02055031 -0.16976446 -0.07119912
   0.6151617   0.20302665 -0.36784202  1.          0.          1.
   0.          1.          0.        ]]
[[-1.88625753e-02 -1.66148305e-01  9.00408104e-02  3.46195325e-02
   5.07084392e-02 -9.98113394e-01  0.00000000e+00  5.49999997e-02
   1.57079637e+00  4.07307036e-02  3.48772444e-02  6.71144351e-02
  -1.23300634e-01  2.85972863e-01  1.81129485e-01  1.49387658e-01
   1.28460869e-01 -9.05848810e-06  3.00608605e-01 -2.17844382e-01
  -1.01713143e-01  1.97865833e-02 -1.65994763e-01 -4.92999703e-02
   6.48895502e-01  1.87613621e-01 -3.60322386e-01  1.00000000e+00
   0.00000000e+00  1.00000000e+00  1.00000000e+00  1.00000000e+00
   0.00000000e+00]]
[[ 1.09064616e-02 -1.66884378e-01  6.60629421e-02  3.43531407e-02
   4.91188653e-02 -9.98201907e-01  0.00000000e+00  5.49999997e-02
   1.57079637e+00  3.49931642e-02  4.15513292e-02  6.20166361e-02
  -1.14530936e-01  2.95368403e-01  2.05768943e-01  1.69540599e-01
   8.85069594e-02 -4.03712329e-06  3.16510856e-01 -2.11435616e-01
  -1.09452792e-01  3.32806446e-02 -1.71229988e-01 -4.83768173e-02
   6.69933975e-01  1.77970722e-01 -3.55785072e-01  1.00000000e+00
   0.00000000e+00  1.00000000e+00  1.00000000e+00  1.00000000e+00
   0.00000000e+00]]
[[ 8.6428940e-02 -2.0977914e-01 -2.9608117e-02  2.9758310e-02
   4.2525072e-02 -9.9865204e-01  0.0000000e+00  5.5000000e-02
   1.5707964e+00  2.0274291e-02  5.5457495e-02  5.8999509e-02
  -1.0315562e-01  3.3214083e-01  2.3344457e-01  1.9354820e-01
   6.2322047e-02 -1.3644590e-05  3.2200882e-01 -1.9232811e-01
  -1.1560158e-01  4.0089183e-02 -1.6719539e-01 -4.7030617e-02
   6.7587447e-01  1.4821708e-01 -3.3220017e-01  1.0000000e+00
   0.0000000e+00  1.0000000e+00  1.0000000e+00  1.0000000e+00
   0.0000000e+00]]
[[ 1.74514771e-01 -2.61013746e-01 -2.14760676e-02  2.06374135e-02
   2.97256578e-02 -9.99345064e-01  0.00000000e+00  5.49999997e-02
   1.57079637e+00 -5.13324235e-03  7.71971866e-02  5.71420901e-02
  -8.95376205e-02  3.77627432e-01  2.66546279e-01  2.01996967e-01
   2.47059762e-02 -6.66184405e-06  3.22832316e-01 -1.70158789e-01
  -1.15444325e-01  3.84229310e-02 -1.49701267e-01 -5.21160737e-02
   6.72321320e-01  1.01687767e-01 -3.02830786e-01  1.00000000e+00
   0.00000000e+00  1.00000000e+00  1.00000000e+00  1.00000000e+00
   0.00000000e+00]]
[[-4.2613134e-02 -3.2539960e-02  7.4576497e-02  1.3068953e-02
   1.7310858e-02 -9.9976474e-01  0.0000000e+00  5.5000000e-02
   1.5707964e+00 -2.7122593e-02  8.9683227e-02  5.5541903e-02
  -7.7114262e-02  4.0628362e-01  2.7520183e-01  1.9292141e-01
   5.2001248e-03 -2.8239256e-06  3.3375442e-01 -1.7165539e-01
  -1.1789868e-01  3.6027111e-02 -1.2983838e-01 -6.1833866e-02
   6.6473967e-01  5.8658086e-02 -2.8073794e-01  1.0000000e+00
   0.0000000e+00  1.0000000e+00  1.0000000e+00  1.0000000e+00
   0.0000000e+00]]
[[-0.07400431 -0.1738099  -0.00565911  0.00626474  0.0212899  -0.9997533
   0.          0.055       1.5707964  -0.02982664  0.09615032  0.05455707
  -0.11127482  0.42262354  0.25685892  0.19342789 -0.01529929  0.00384785
   0.314581   -0.18401636 -0.10198572  0.01967159 -0.04669318 -0.10873379
   0.6438233  -0.01929552 -0.21184362  1.          0.          1.
   1.          1.          0.        ]]
[[-0.07767195 -0.1986788   0.03402715 -0.00315312  0.02622674 -0.9996509
   0.          0.055       1.5707964  -0.03933633  0.10997914  0.04738675
  -0.20640127  0.42416954  0.24940936  0.1837412  -0.04410037  0.01643272
   0.2891078  -0.16408508 -0.08633687  0.01646467  0.05591569 -0.16701753
   0.64271957 -0.12676609 -0.16056766  1.          0.          1.
   1.          1.          0.        ]]
[[-0.04469883 -0.1582859   0.0591469  -0.0087325   0.03020909 -0.9995058
   0.          0.055       1.5707964  -0.05287543  0.11911148  0.04076182
  -0.29288742  0.44761637  0.24844839  0.16981275 -0.07109521  0.0281952
   0.28489777 -0.1322591  -0.06709655  0.02669524  0.1185258  -0.20593315
   0.6230446  -0.20412762 -0.16303268  1.          0.          1.
   1.          1.          0.        ]]
[[-0.03461599 -0.11475694  0.0334457  -0.00809631  0.0329323  -0.9994249
   0.          0.055       1.5707964  -0.07465417  0.12135063  0.03534883
  -0.32930768  0.46840927  0.25196317  0.1507605  -0.09338432  0.03070704
   0.28433025 -0.07442035 -0.05197849  0.03330047  0.12493298 -0.21626769
   0.53551465 -0.24670944 -0.18796363  1.          0.          1.
   1.          1.          0.        ]]
[[ 0.00968459 -0.13410556 -0.01456954 -0.00536467  0.03553281 -0.99935454
   0.          0.055       1.5707964  -0.10397518  0.13586037  0.0214964
  -0.3305349   0.4470915   0.25604042  0.12807263 -0.10368649  0.02462755
   0.28887966 -0.0574667  -0.05395508  0.04174399  0.10163052 -0.20673615
   0.419745   -0.25098288 -0.20920543  1.          0.          1.
   1.          1.          0.        ]]
[[-0.0027914  -0.17179425  0.00738497 -0.00665957  0.03653175 -0.9993106
   0.          0.055       1.5707964  -0.13368131  0.15073761  0.0080726
  -0.33100155  0.40965998  0.2328784   0.10509748 -0.11060088  0.02011717
   0.30213368 -0.03762489 -0.07354352  0.06342769  0.09938379 -0.1732026
   0.31225792 -0.22498746 -0.21986528  1.          0.          1.
   1.          1.          0.        ]]
[[-1.3144227e-03 -2.2540309e-01  3.5908148e-02 -7.3802937e-03
   3.9104585e-02 -9.9920809e-01  0.0000000e+00  5.5000000e-02
   1.5707964e+00 -1.4829485e-01  1.5425682e-01 -1.5648438e-06
  -3.3070886e-01  3.7109953e-01  1.9375584e-01  9.7976305e-02
  -1.3627295e-01  2.8189255e-02  3.1427121e-01 -1.2667489e-02
  -1.0201637e-01  8.8098660e-02  8.6601049e-02 -1.1168633e-01
   2.3365317e-01 -1.9441807e-01 -2.1604171e-01  1.0000000e+00
   0.0000000e+00  1.0000000e+00  1.0000000e+00  1.0000000e+00
   0.0000000e+00]]
[[ 6.9409013e-02 -2.2364958e-01 -5.9286943e-03 -6.6100163e-03
   3.6220968e-02 -9.9932230e-01  0.0000000e+00  5.5000000e-02
   1.5707964e+00 -1.7047676e-01  1.4098871e-01 -3.0736894e-06
  -3.3389914e-01  3.4713501e-01  1.6155668e-01  8.9421146e-02
  -1.3248828e-01  1.2138763e-02  3.2193539e-01  6.8904692e-03
  -1.2981714e-01  1.0251098e-01  6.5843999e-02 -8.8714771e-02
   1.5929489e-01 -1.8329474e-01 -2.0413610e-01  1.0000000e+00
   0.0000000e+00  1.0000000e+00  1.0000000e+00  1.0000000e+00
   0.0000000e+00]]
[[ 2.4282655e-02 -1.7497146e-01  1.1979996e-02 -3.4751389e-03
   3.4434244e-02 -9.9940103e-01  0.0000000e+00  5.5000000e-02
   1.5707964e+00 -1.8577465e-01  1.3058041e-01 -5.7450707e-06
  -3.2407838e-01  3.4445715e-01  1.5472068e-01  8.1698768e-02
  -1.3180569e-01 -4.3883527e-04  3.2675716e-01 -2.3758910e-03
  -1.4338465e-01  1.2575270e-01  3.7250862e-02 -1.0190104e-01
   9.9667706e-02 -1.8816467e-01 -1.8453738e-01  1.0000000e+00
   0.0000000e+00  1.0000000e+00  1.0000000e+00  1.0000000e+00
   0.0000000e+00]]
[[-1.08111858e-01 -6.64924160e-02  8.11547190e-02  3.57114739e-04
   3.59330140e-02 -9.99354362e-01  0.00000000e+00  5.49999997e-02
   1.57079637e+00 -2.00931177e-01  1.31022692e-01 -1.20985635e-06
  -3.17771167e-01  3.50599974e-01  1.69334143e-01  7.64355287e-02
  -1.48633793e-01 -9.61732294e-05  3.33655655e-01 -1.91160478e-02
  -1.51978627e-01  1.52725324e-01  4.17880993e-03 -1.16674125e-01
   6.78112283e-02 -2.00100988e-01 -1.64546028e-01  1.00000000e+00
   0.00000000e+00  1.00000000e+00  1.00000000e+00  1.00000000e+00
   0.00000000e+00]]
[[-2.8313229e-02  2.4137985e-02  2.4115937e-02  2.9003427e-03
   3.6647964e-02 -9.9932408e-01  0.0000000e+00  5.5000000e-02
   1.5707964e+00 -2.0905586e-01  1.1753587e-01 -1.8107605e-03
  -2.9730654e-01  3.5384181e-01  1.7682703e-01  6.8943158e-02
  -1.6014725e-01 -9.9057695e-05  3.4198970e-01 -2.4583006e-02
  -1.6409600e-01  1.5417652e-01 -2.9171441e-02 -1.2572399e-01
   6.0738720e-02 -1.9757725e-01 -1.6140774e-01  1.0000000e+00
   0.0000000e+00  1.0000000e+00  1.0000000e+00  1.0000000e+00
   0.0000000e+00]]
[[-2.01662537e-02  2.37489883e-02 -1.86387319e-02  4.81864950e-03
   3.60692777e-02 -9.99337733e-01  0.00000000e+00  5.49999997e-02
   1.57079637e+00 -2.22305760e-01  1.07882015e-01 -1.29279448e-03
  -2.79248118e-01  3.49299997e-01  1.74604073e-01  5.56684695e-02
  -1.68967053e-01 -5.88621879e-05  3.49197388e-01 -2.34471038e-02
  -1.73322082e-01  1.47347510e-01 -4.77515832e-02 -1.30559519e-01
   5.96103556e-02 -1.86010957e-01 -1.63853779e-01  1.00000000e+00
   0.00000000e+00  1.00000000e+00  1.00000000e+00  1.00000000e+00
   0.00000000e+00]]
[[-4.4562597e-02 -4.0751118e-03 -3.1689707e-02  3.6651858e-03
   3.7050750e-02 -9.9930668e-01  0.0000000e+00  5.5000000e-02
   1.5707964e+00 -2.3415028e-01  1.1416835e-01 -9.6326333e-04
  -2.8081217e-01  3.4941652e-01  1.7441940e-01  3.9538149e-02
  -1.6925809e-01 -3.6378686e-05  3.5711583e-01 -1.9272432e-02
  -1.7566307e-01  1.4327434e-01 -3.9861713e-02 -1.3492598e-01
   5.4645859e-02 -1.7856437e-01 -1.5839864e-01  0.0000000e+00
   0.0000000e+00  1.0000000e+00  1.0000000e+00  1.0000000e+00
   0.0000000e+00]]
[[-5.5875443e-02 -4.8659712e-02  1.3838250e-02  2.3830894e-03
   3.8030256e-02 -9.9927384e-01  0.0000000e+00  5.5000000e-02
   1.5707964e+00 -2.4231060e-01  1.2621757e-01 -3.1154693e-04
  -2.8049326e-01  3.5404745e-01  1.7497976e-01  2.5788592e-02
  -1.5956107e-01 -6.6048524e-05  3.6771092e-01 -2.0631595e-02
  -1.7160544e-01  1.4317024e-01 -3.3159811e-02 -1.4048275e-01
   5.4069094e-02 -1.7970574e-01 -1.5443948e-01  0.0000000e+00
   0.0000000e+00  1.0000000e+00  1.0000000e+00  1.0000000e+00
   0.0000000e+00]]
[[-4.0486608e-02 -9.0531804e-02  5.3020772e-02  6.2792422e-04
   3.7696712e-02 -9.9928910e-01  0.0000000e+00  5.5000000e-02
   1.5707964e+00 -2.4512227e-01  1.3353164e-01  3.6664617e-03
  -2.6838055e-01  3.5297674e-01  1.7058069e-01  1.6251143e-02
  -1.4352782e-01 -1.7252110e-05  3.7986934e-01 -1.8281076e-02
  -1.6791712e-01  1.4455716e-01 -3.0685423e-02 -1.5023787e-01
   5.5279497e-02 -1.6849385e-01 -1.6233936e-01  0.0000000e+00
   0.0000000e+00  1.0000000e+00  1.0000000e+00  1.0000000e+00
   0.0000000e+00]]
[[-2.6453028e-02 -1.3273469e-01  4.9753372e-02 -1.1640183e-03
   3.7309237e-02 -9.9930328e-01  0.0000000e+00  5.5000000e-02
   1.5707964e+00 -2.4476382e-01  1.3758589e-01  9.6905036e-03
  -2.6398319e-01  3.4755862e-01  1.6375390e-01  4.7296230e-03
  -1.2814371e-01 -8.2110719e-06  3.9016408e-01 -1.6543681e-02
  -1.6118889e-01  1.4538795e-01 -2.4971103e-02 -1.6028124e-01
   5.4490343e-02 -1.5875959e-01 -1.7096445e-01  0.0000000e+00
   0.0000000e+00  1.0000000e+00  1.0000000e+00  1.0000000e+00
   0.0000000e+00]]
[[ 8.4763197e-03 -1.7463535e-01  2.6749536e-02 -3.0193494e-03
   3.6992170e-02 -9.9931139e-01  0.0000000e+00  5.5000000e-02
   1.5707964e+00 -2.4304324e-01  1.4366606e-01  1.4454646e-02
  -2.6357347e-01  3.4857973e-01  1.6097212e-01 -3.5497975e-03
  -1.1053604e-01 -2.4617136e-06  3.9818963e-01 -1.7330406e-02
  -1.5124995e-01  1.4600083e-01 -2.3142105e-02 -1.6444874e-01
   4.8647005e-02 -1.5916403e-01 -1.7457481e-01  0.0000000e+00
   0.0000000e+00  1.0000000e+00  1.0000000e+00  0.0000000e+00
   0.0000000e+00]]
[[ 8.6100781e-03 -1.7651533e-01  1.7408144e-02 -4.9922918e-03
   3.6555417e-02 -9.9931926e-01  0.0000000e+00  5.5000000e-02
   1.5707964e+00 -2.5017998e-01  1.5011068e-01  2.0346461e-02
  -2.8291821e-01  3.6255762e-01  1.7208149e-01 -1.8393589e-02
  -9.5149375e-02 -1.5649279e-06  4.0717626e-01 -1.6951798e-02
  -1.4105585e-01  1.4856637e-01 -2.4907906e-02 -1.6383022e-01
   3.8256798e-02 -1.6143052e-01 -1.7767334e-01  0.0000000e+00
   0.0000000e+00  1.0000000e+00  1.0000000e+00  0.0000000e+00
   1.0000000e+00]]
[[ 0.01624072 -0.20207183 -0.0080207  -0.00660459  0.03695893 -0.9992951
   0.          0.055       1.5707964  -0.25479707  0.15339503  0.02636101
  -0.2867247   0.3757765   0.1834851  -0.0273555  -0.08837306  0.00516877
   0.41764778 -0.01584958 -0.13307446  0.1510552  -0.03162713 -0.16635947
   0.02824614 -0.15987368 -0.17709425  0.          0.          1.
   1.          0.          1.        ]]
[[ 0.01830213 -0.20562406 -0.00859589 -0.00801929  0.03718739 -0.99927616
   0.          0.055       1.5707964  -0.25961682  0.15331791  0.03270174
  -0.2808996   0.3762218   0.18653253 -0.03618354 -0.08429481  0.01188029
   0.4291979  -0.01267699 -0.1282745   0.15430507 -0.04167903 -0.17415969
   0.02571192 -0.15170766 -0.17553402  0.          0.          1.
   1.          0.          1.        ]]
[[ 0.01349957 -0.20544729 -0.01154794 -0.00949363  0.03753307 -0.9992504
   0.          0.055       1.5707964  -0.2664428   0.15654403  0.03687635
  -0.27435493  0.3730595   0.18395643 -0.04727293 -0.07842404  0.01542008
   0.4390891  -0.01077049 -0.12325029  0.15769525 -0.04733852 -0.18362397
   0.02107148 -0.15418412 -0.16755888  0.          1.          1.
   1.          0.          0.        ]]
[[ 0.01079244 -0.1982419  -0.02455844 -0.01124126  0.03802432 -0.9992133
   0.          0.055       1.5707964  -0.27623957  0.16477427  0.0388303
  -0.2715443   0.3810871   0.18581894 -0.06269025 -0.06931733  0.01519268
   0.44843438 -0.01065973 -0.11699836  0.15822726 -0.0493455  -0.19070637
   0.00843065 -0.16303423 -0.15984534  0.          1.          1.
   1.          0.          1.        ]]
[[ 2.9226264e-02 -1.8219851e-01 -1.6288729e-02 -1.1576714e-02
   3.7255004e-02 -9.9923843e-01  0.0000000e+00  5.5000000e-02
   1.5707964e+00 -2.8856251e-01  1.6088815e-01  4.6216499e-02
  -2.6248962e-01  3.8417891e-01  1.8842815e-01 -8.3598338e-02
  -6.2340319e-02  1.4752568e-02  4.5960882e-01 -1.3229303e-02
  -1.1102307e-01  1.5547720e-01 -6.3509166e-02 -1.9431004e-01
  -1.3757363e-03 -1.5907322e-01 -1.5694879e-01  0.0000000e+00
   1.0000000e+00  1.0000000e+00  1.0000000e+00  0.0000000e+00
   1.0000000e+00]]
[[ 0.0236     -0.17802428 -0.01954028 -0.01169837  0.03688959 -0.9992509
   0.          0.055       1.5707964  -0.29900897  0.15841964  0.05125553
  -0.23985033  0.37993792  0.18527962 -0.10322291 -0.05558508  0.01446004
   0.4719084  -0.01876434 -0.10544471  0.15160836 -0.07149622 -0.20212288
  -0.00203432 -0.15024878 -0.14653324  0.          1.          1.
   1.          0.          1.        ]]
[[ 0.02357377 -0.171147   -0.04853148 -0.01169536  0.03627795 -0.999273
   0.          0.055       1.5707964  -0.31036097  0.15763286  0.05397345
  -0.21796519  0.37220672  0.17866181 -0.12677398 -0.04755459  0.01117807
   0.4825899  -0.02478512 -0.10002776  0.14860524 -0.06917516 -0.20993958
  -0.00377459 -0.1448446  -0.13299403  0.          1.          1.
   1.          0.          1.        ]]
[[ 1.2780558e-02 -1.8042904e-01 -5.3272843e-02 -1.2850148e-02
   3.6431361e-02 -9.9925357e-01  0.0000000e+00  5.5000000e-02
   1.5707964e+00 -3.2510304e-01  1.6707923e-01  5.3197883e-02
  -2.1460783e-01  3.6786276e-01  1.7635228e-01 -1.5531875e-01
  -3.6268562e-02  4.9020369e-03  4.9328592e-01 -2.6871521e-02
  -9.6934386e-02  1.4797843e-01 -7.3251605e-02 -2.1261761e-01
  -9.3210035e-04 -1.3890725e-01 -1.2102268e-01  0.0000000e+00
   1.0000000e+00  1.0000000e+00  1.0000000e+00  0.0000000e+00
   1.0000000e+00]]
[[ 9.97180026e-03 -1.77213550e-01 -3.92599143e-02 -1.39127672e-02
   3.64551172e-02 -9.99238312e-01  0.00000000e+00  5.49999997e-02
   1.57079637e+00 -3.39399874e-01  1.70841619e-01  5.52181900e-02
  -2.14380279e-01  3.57444078e-01  1.76871911e-01 -1.86726034e-01
  -2.75563411e-02 -1.16260628e-06  5.04342914e-01 -2.71556750e-02
  -9.56943035e-02  1.39829904e-01 -7.75512755e-02 -2.20899969e-01
   5.42114256e-03 -1.22712426e-01 -1.15784802e-01  0.00000000e+00
   1.00000000e+00  1.00000000e+00  1.00000000e+00  0.00000000e+00
   1.00000000e+00]]
[[-1.7834615e-02 -9.8341554e-02  2.6531336e-03 -1.3455878e-02
   3.5713248e-02 -9.9927169e-01  0.0000000e+00  5.5000000e-02
   1.5707964e+00 -3.5629097e-01  1.6681460e-01  6.2518679e-02
  -2.1185373e-01  3.4799570e-01  1.7501566e-01 -2.2027956e-01
  -2.2851491e-02 -5.4141915e-06  5.1740599e-01 -3.4129955e-02
  -9.2370085e-02  1.2332651e-01 -8.1077658e-02 -2.3064503e-01
   1.5935034e-02 -1.0512040e-01 -1.1141779e-01  0.0000000e+00
   1.0000000e+00  1.0000000e+00  1.0000000e+00  0.0000000e+00
   1.0000000e+00]]
[[-8.94359034e-03 -1.11292474e-01  2.17113215e-02 -1.33016687e-02
   3.57050300e-02 -9.99273479e-01  0.00000000e+00  5.49999997e-02
   1.57079637e+00 -3.68190199e-01  1.66353241e-01  6.82702139e-02
  -2.03413203e-01  3.48213077e-01  1.74702451e-01 -2.44452909e-01
  -1.74666941e-02 -6.81018173e-06  5.32764316e-01 -4.06974219e-02
  -9.05670002e-02  1.08423352e-01 -7.42003843e-02 -2.36297488e-01
   2.24524345e-02 -9.24175158e-02 -1.04321919e-01  0.00000000e+00
   1.00000000e+00  1.00000000e+00  1.00000000e+00  0.00000000e+00
   1.00000000e+00]]
[[ 9.8709473e-03 -9.8626003e-02  3.4417804e-02 -1.2606468e-02
   3.4489598e-02 -9.9932563e-01  0.0000000e+00  5.5000000e-02
   1.5707964e+00 -3.7801465e-01  1.6273342e-01  7.4297562e-02
  -1.9686064e-01  3.4900507e-01  1.7697822e-01 -2.6205248e-01
  -6.8447450e-03 -3.2525531e-06  5.4910994e-01 -4.5912206e-02
  -9.1593169e-02  9.2523396e-02 -6.8951614e-02 -2.3698093e-01
   2.8758643e-02 -7.8039877e-02 -1.0481376e-01  0.0000000e+00
   1.0000000e+00  1.0000000e+00  1.0000000e+00  0.0000000e+00
   1.0000000e+00]]
[[ 1.57337487e-02 -7.87048638e-02  5.20306155e-02 -1.04988245e-02
   3.23469602e-02 -9.99421299e-01  0.00000000e+00  5.49999997e-02
   1.57079637e+00 -3.84396732e-01  1.55873060e-01  7.81813487e-02
  -1.90086722e-01  3.51788908e-01  1.78351566e-01 -2.74162978e-01
   2.90770084e-03 -3.81059544e-06  5.64277828e-01 -5.64701632e-02
  -9.19374824e-02  7.33859539e-02 -6.83728904e-02 -2.37628683e-01
   3.20470221e-02 -6.49100393e-02 -1.07793950e-01  0.00000000e+00
   1.00000000e+00  1.00000000e+00  1.00000000e+00  0.00000000e+00
   1.00000000e+00]]
[[ 1.1880897e-02 -4.4184826e-02  7.3778756e-02 -7.2405799e-03
   2.9239750e-02 -9.9954599e-01  0.0000000e+00  5.5000000e-02
   1.5707964e+00 -3.8994092e-01  1.4225022e-01  8.3366893e-02
  -1.8388616e-01  3.5597819e-01  1.8114081e-01 -2.8227118e-01
   1.0884513e-02 -4.3681971e-06  5.7929540e-01 -6.7575425e-02
  -9.4452016e-02  5.3442169e-02 -7.0416898e-02 -2.3865007e-01
   4.0105850e-02 -4.9653165e-02 -1.1065976e-01  0.0000000e+00
   1.0000000e+00  1.0000000e+00  1.0000000e+00  0.0000000e+00
   1.0000000e+00]]
[[ 1.0177232e-02  7.0279939e-03  7.8660056e-02 -1.7285345e-03
   2.4584662e-02 -9.9969631e-01  0.0000000e+00  5.5000000e-02
   1.5707964e+00 -3.9921096e-01  1.1456592e-01  9.5550440e-02
  -1.7428567e-01  3.6401111e-01  1.8480462e-01 -2.9262871e-01
   1.7444758e-02 -5.8437440e-06  5.9318244e-01 -8.5733436e-02
  -9.5744230e-02  2.6492406e-02 -7.7869497e-02 -2.3688574e-01
   5.4196246e-02 -2.1065747e-02 -1.1740271e-01  0.0000000e+00
   1.0000000e+00  1.0000000e+00  1.0000000e+00  0.0000000e+00
   1.0000000e+00]]
[[-1.70931853e-02 -5.26705235e-02  9.58653092e-02  2.83367932e-03
   2.06427481e-02 -9.99782979e-01  0.00000000e+00  5.49999997e-02
   1.57079637e+00 -4.06657994e-01  9.65063721e-02  1.01712860e-01
  -1.62443131e-01  3.77208471e-01  1.90907076e-01 -3.00116181e-01
   2.58730985e-02 -1.65853744e-05  6.07980967e-01 -1.01070963e-01
  -1.00086942e-01 -2.24199286e-03 -8.19476172e-02 -2.32932106e-01
   7.55374432e-02 -1.64429452e-02 -1.10560946e-01  0.00000000e+00
   1.00000000e+00  1.00000000e+00  1.00000000e+00  0.00000000e+00
   1.00000000e+00]]
[[-6.48217741e-03 -1.08698465e-01 -1.92748494e-02  2.43904861e-03
   2.09523048e-02 -9.99777555e-01  0.00000000e+00  5.49999997e-02
   1.57079637e+00 -4.18213010e-01  9.53055471e-02  1.06652603e-01
  -1.61031246e-01  3.86046082e-01  1.96892723e-01 -3.21114421e-01
   2.78939810e-02 -6.98732629e-06  6.12838805e-01 -1.00185864e-01
  -1.02259807e-01 -4.48643081e-02 -8.99751410e-02 -2.22253740e-01
   8.11471641e-02 -1.13185877e-02 -1.16212964e-01  0.00000000e+00
   1.00000000e+00  1.00000000e+00  1.00000000e+00  0.00000000e+00
   1.00000000e+00]]
[[-4.47483035e-03 -1.08071119e-01 -5.51815256e-02  2.43512029e-03
   2.12772302e-02 -9.99770463e-01  0.00000000e+00  5.49999997e-02
   1.57079637e+00 -4.29025471e-01  8.31376165e-02  1.20026350e-01
  -1.49914518e-01  3.91420841e-01  1.98775455e-01 -3.38374555e-01
   3.41392718e-02 -1.41043811e-05  6.15572989e-01 -1.03368610e-01
  -9.51277986e-02 -8.35170746e-02 -1.09618135e-01 -2.09273905e-01
   7.85635486e-02 -1.71544950e-03 -1.25401720e-01  0.00000000e+00
   1.00000000e+00  1.00000000e+00  1.00000000e+00  0.00000000e+00
   1.00000000e+00]]
[[-3.7140571e-02 -7.8664593e-02 -1.8978849e-02  3.5382886e-03
   2.3773255e-02 -9.9971086e-01  0.0000000e+00  5.5000000e-02
   1.5707964e+00 -4.3186265e-01  5.6849319e-02  1.4021687e-01
  -1.2164868e-01  3.9198428e-01  2.0013891e-01 -3.1769764e-01
   5.9033446e-02 -1.5581385e-05  6.2717730e-01 -1.1550508e-01
  -6.8549715e-02 -1.1337762e-01 -1.3517848e-01 -1.9382957e-01
   7.3539659e-02  2.2876520e-02 -1.3940443e-01  0.0000000e+00
   1.0000000e+00  1.0000000e+00  1.0000000e+00  0.0000000e+00
   1.0000000e+00]]
[[-7.08323494e-02 -4.43346202e-02 -9.76817496e-03  6.76435558e-03
   3.02732307e-02 -9.99518871e-01  0.00000000e+00  5.49999997e-02
   1.57079637e+00 -4.30771977e-01  1.60393398e-02  1.66634485e-01
  -1.00683294e-01  3.96163851e-01  2.02184021e-01 -2.72218317e-01
   9.77154970e-02  9.74104682e-04  6.47909105e-01 -1.26198635e-01
  -4.22665104e-02 -1.39577225e-01 -1.72309667e-01 -1.79938912e-01
   6.87487945e-02  6.70646578e-02 -1.63315669e-01  0.00000000e+00
   1.00000000e+00  1.00000000e+00  1.00000000e+00  0.00000000e+00
   1.00000000e+00]]
[[-1.16746224e-01 -5.46154939e-02  3.42853218e-02  1.29032107e-02
   3.90092507e-02 -9.99155641e-01  0.00000000e+00  5.49999997e-02
   1.57079637e+00 -4.25936043e-01 -2.73244139e-02  1.88453630e-01
  -9.67691690e-02  4.04996216e-01  2.07951739e-01 -2.16220438e-01
   1.13375939e-01 -2.91587821e-06  6.58032060e-01 -1.32652134e-01
  -3.95325013e-02 -1.62386924e-01 -2.03171343e-01 -1.78115174e-01
   7.17300326e-02  1.04400173e-01 -1.82337523e-01  0.00000000e+00
   1.00000000e+00  1.00000000e+00  1.00000000e+00  0.00000000e+00
   1.00000000e+00]]
[[-1.05421327e-01 -5.46031594e-02  6.33409917e-02  1.81239657e-02
   4.85325642e-02 -9.98657227e-01  0.00000000e+00  5.49999997e-02
   1.57079637e+00 -4.15118158e-01 -4.50384915e-02  1.91213742e-01
  -9.60677937e-02  4.14170414e-01  2.17926070e-01 -1.60755336e-01
   1.24452174e-01 -1.18664595e-07  6.63423896e-01 -1.51096001e-01
  -3.49296071e-02 -1.89242557e-01 -2.19509542e-01 -1.73276424e-01
   8.08981583e-02  1.35001913e-01 -1.94721624e-01  0.00000000e+00
   1.00000000e+00  1.00000000e+00  1.00000000e+00  0.00000000e+00
   1.00000000e+00]]
[[-8.6538337e-02 -5.0890651e-02  7.9347417e-02  2.2706188e-02
   5.6620024e-02 -9.9813759e-01  0.0000000e+00  5.5000000e-02
   1.5707964e+00 -4.0241319e-01 -4.7797982e-02  1.8286321e-01
  -9.5636331e-02  4.1794571e-01  2.2423501e-01 -1.0526723e-01
   1.3001959e-01 -3.4187822e-06  6.7024624e-01 -1.7105760e-01
  -3.3564247e-02 -2.2302899e-01 -2.1937385e-01 -1.5767270e-01
   9.6421413e-02  1.5209086e-01 -1.9764584e-01  0.0000000e+00
   1.0000000e+00  1.0000000e+00  1.0000000e+00  0.0000000e+00
   1.0000000e+00]]
[[-7.4400410e-02 -5.4853920e-02  8.6650632e-02  2.6518026e-02
   6.2943034e-02 -9.9766445e-01  0.0000000e+00  5.5000000e-02
   1.5707964e+00 -3.9266464e-01 -4.5334086e-02  1.7165399e-01
  -9.8988213e-02  4.2015919e-01  2.2646859e-01 -5.1337618e-02
   1.3328566e-01 -6.2502595e-06  6.7801780e-01 -1.8622009e-01
  -3.6440719e-02 -2.5715613e-01 -2.0776668e-01 -1.3801463e-01
   1.1446875e-01  1.6201776e-01 -1.9749929e-01  0.0000000e+00
   1.0000000e+00  0.0000000e+00  1.0000000e+00  0.0000000e+00
   1.0000000e+00]]
[[-6.85447231e-02 -5.00049591e-02  4.14773375e-02  2.97040101e-02
   6.82390705e-02 -9.97226775e-01  0.00000000e+00  5.49999997e-02
   1.57079637e+00 -3.91618520e-01 -4.58901078e-02  1.65997073e-01
  -1.03470273e-01  4.32247788e-01  2.33756587e-01 -1.54757909e-02
   1.40351832e-01 -8.41756264e-06  6.84917986e-01 -1.97240457e-01
  -3.99879627e-02 -2.87030011e-01 -1.91736698e-01 -1.21839784e-01
   1.29358456e-01  1.71905413e-01 -2.01638505e-01  0.00000000e+00
   1.00000000e+00  0.00000000e+00  1.00000000e+00  0.00000000e+00
   1.00000000e+00]]
[[-6.1202142e-02 -5.9028178e-02  2.9031582e-02  3.2978777e-02
   7.2997235e-02 -9.9678683e-01  0.0000000e+00  5.5000000e-02
   1.5707964e+00 -3.9626950e-01 -5.0063562e-02  1.6406719e-01
  -1.0388583e-01  4.5185164e-01  2.4612287e-01  1.6383715e-02
   1.3982140e-01 -7.6320803e-06  6.9008046e-01 -2.0757632e-01
  -4.3653492e-02 -3.1053740e-01 -1.8338093e-01 -1.1135216e-01
   1.4146121e-01  1.8008681e-01 -2.0823801e-01  0.0000000e+00
   1.0000000e+00  0.0000000e+00  1.0000000e+00  0.0000000e+00
   1.0000000e+00]]
[[-4.8682611e-02 -5.9483949e-02  9.0975454e-03  3.6061615e-02
   7.6870218e-02 -9.9638867e-01  0.0000000e+00  5.5000000e-02
   1.5707964e+00 -4.0391544e-01 -5.3889770e-02  1.6260433e-01
  -1.0196242e-01  4.7350079e-01  2.5823697e-01  5.2378573e-02
   1.3823856e-01 -7.3688561e-06  6.9297773e-01 -2.1902348e-01
  -4.6064131e-02 -3.3313692e-01 -1.7902316e-01 -1.0817822e-01
   1.5029810e-01  1.8348534e-01 -2.1440327e-01  0.0000000e+00
   1.0000000e+00  0.0000000e+00  1.0000000e+00  0.0000000e+00
   1.0000000e+00]]
[[-3.7652958e-02 -6.1098199e-02 -1.2877589e-02  3.8331129e-02
   7.9920605e-02 -9.9606442e-01  0.0000000e+00  5.5000000e-02
   1.5707964e+00 -4.1339433e-01 -5.4172143e-02  1.5984686e-01
  -9.8918132e-02  4.9543938e-01  2.6824665e-01  9.6471705e-02
   1.4255275e-01 -6.7640058e-06  6.9393766e-01 -2.2879279e-01
  -4.8358552e-02 -3.5590753e-01 -1.8386593e-01 -1.0625878e-01
   1.5613081e-01  1.8530650e-01 -2.2112267e-01  0.0000000e+00
   1.0000000e+00  0.0000000e+00  1.0000000e+00  0.0000000e+00
   1.0000000e+00]]
[[-2.45991722e-02 -6.06821217e-02 -3.50301079e-02  4.02738862e-02
   8.19066018e-02 -9.95825827e-01  0.00000000e+00  5.49999997e-02
   1.57079637e+00 -4.25918788e-01 -5.52499108e-02  1.58847123e-01
  -9.36147273e-02  5.14532685e-01  2.76497185e-01  1.39076158e-01
   1.49149507e-01 -5.96455902e-06  6.93639576e-01 -2.37968966e-01
  -5.01400717e-02 -3.77092630e-01 -1.89318612e-01 -1.04543366e-01
   1.59462363e-01  1.83087528e-01 -2.27299377e-01  0.00000000e+00
   1.00000000e+00  0.00000000e+00  1.00000000e+00  0.00000000e+00
   1.00000000e+00]]
[[-1.7136335e-02 -5.9329860e-02 -4.5672551e-02  4.1687898e-02
   8.2943797e-02 -9.9568200e-01  0.0000000e+00  5.5000000e-02
   1.5707964e+00 -4.4195718e-01 -5.5949975e-02  1.5926766e-01
  -8.5314065e-02  5.2488005e-01  2.8141102e-01  1.6771084e-01
   1.5734342e-01 -5.2884861e-06  6.9359696e-01 -2.4490799e-01
  -5.2913204e-02 -3.9104980e-01 -1.8370727e-01 -1.0175369e-01
   1.6259097e-01  1.7844082e-01 -2.3325299e-01  0.0000000e+00
   1.0000000e+00  0.0000000e+00  1.0000000e+00  0.0000000e+00
   1.0000000e+00]]
[[-1.7922532e-02 -8.0936320e-02 -4.6965491e-02  4.2253252e-02
   8.4211014e-02 -9.9555159e-01  0.0000000e+00  5.5000000e-02
   1.5707964e+00 -4.5861590e-01 -5.2094910e-02  1.5824491e-01
  -7.3853202e-02  5.3062284e-01  2.8315106e-01  1.8831158e-01
   1.5957089e-01 -6.0764769e-06  6.9275612e-01 -2.5031009e-01
  -5.5272248e-02 -3.9204475e-01 -1.8862571e-01 -9.9619955e-02
   1.6347808e-01  1.7747256e-01 -2.4188988e-01  0.0000000e+00
   1.0000000e+00  0.0000000e+00  1.0000000e+00  0.0000000e+00
   1.0000000e+00]]
[[ 1.0525926e-02 -8.3701834e-02 -6.7170732e-02  4.1427080e-02
   8.3865307e-02 -9.9561578e-01  0.0000000e+00  5.5000000e-02
   1.5707964e+00 -4.7636807e-01 -4.7954775e-02  1.6050990e-01
  -6.5381251e-02  5.3555089e-01  2.8492552e-01  2.0600003e-01
   1.6358082e-01 -3.5264616e-06  6.9166988e-01 -2.5085264e-01
  -5.6928422e-02 -3.9474326e-01 -1.9105166e-01 -9.9307381e-02
   1.6148105e-01  1.7642362e-01 -2.5029093e-01  0.0000000e+00
   1.0000000e+00  0.0000000e+00  1.0000000e+00  0.0000000e+00
   1.0000000e+00]]
[[ 8.5477605e-03 -8.7120913e-02 -6.7364782e-02  4.0024832e-02
   8.3274126e-02 -9.9572289e-01  0.0000000e+00  5.5000000e-02
   1.5707964e+00 -4.9204773e-01 -3.8952626e-02  1.6120590e-01
  -6.0482979e-02  5.4163259e-01  2.8758061e-01  2.2465561e-01
   1.6818959e-01 -3.5723583e-06  6.9146824e-01 -2.5367954e-01
  -5.5936549e-02 -3.9889172e-01 -1.9465701e-01 -9.7521670e-02
   1.5934448e-01  1.7354117e-01 -2.5588095e-01  0.0000000e+00
   1.0000000e+00  0.0000000e+00  1.0000000e+00  1.0000000e+00
   1.0000000e+00]]
[[ 1.0990615e-02 -9.0004675e-02 -6.4222813e-02  3.8276926e-02
   8.2184955e-02 -9.9588197e-01  0.0000000e+00  5.5000000e-02
   1.5707964e+00 -5.0627154e-01 -3.0964864e-02  1.6332830e-01
  -5.7985328e-02  5.4506475e-01  2.8923634e-01  2.3809128e-01
   1.7084692e-01 -6.0801981e-06  6.9287777e-01 -2.5298446e-01
  -5.6321498e-02 -3.9842704e-01 -1.9688857e-01 -9.4028972e-02
   1.5863717e-01  1.7126068e-01 -2.6032406e-01  1.0000000e+00
   1.0000000e+00  0.0000000e+00  1.0000000e+00  1.0000000e+00
   1.0000000e+00]]
[[ 2.1225343e-02 -8.5786916e-02 -5.9004638e-02  3.5774842e-02
   8.0300242e-02 -9.9612862e-01  0.0000000e+00  5.5000000e-02
   1.5707964e+00 -5.2012020e-01 -2.3165146e-02  1.6705333e-01
  -5.2947387e-02  5.4440325e-01  2.8867039e-01  2.3460098e-01
   1.7696348e-01 -2.1146208e-05  6.9674754e-01 -2.4765792e-01
  -5.7675775e-02 -3.9760458e-01 -1.9361944e-01 -9.3581103e-02
   1.5961620e-01  1.6994913e-01 -2.6390490e-01  1.0000000e+00
   1.0000000e+00  0.0000000e+00  0.0000000e+00  1.0000000e+00
   1.0000000e+00]]
[[ 1.8608795e-02 -8.8693321e-02 -3.5695661e-02  3.3182140e-02
   7.8581490e-02 -9.9635547e-01  0.0000000e+00  5.5000000e-02
   1.5707964e+00 -5.3190619e-01 -1.1077718e-02  1.6741389e-01
  -5.3122707e-02  5.4862988e-01  2.8901273e-01  2.3349610e-01
   1.9133438e-01 -1.8565101e-05  7.1002513e-01 -2.4041228e-01
  -6.1191663e-02 -3.9028513e-01 -1.9362767e-01 -8.8898979e-02
   1.6792822e-01  1.6759263e-01 -2.6405782e-01  1.0000000e+00
   1.0000000e+00  0.0000000e+00  0.0000000e+00  1.0000000e+00
   1.0000000e+00]]
[[ 0.         0.         0.         0.         0.        -1.
   0.         0.055      1.5707964  0.         0.         0.
   0.         0.         0.         0.         0.         0.
   0.         0.         0.         0.         0.         0.
   0.         0.         0.         1.         1.         0.
   0.         1.         1.       ]]
[[ 3.12977820e-03  7.15617090e-02  9.35272202e-02 -4.55176271e-03
   1.48271769e-03 -9.99988794e-01  0.00000000e+00  5.49999997e-02
   1.57079637e+00 -3.23316045e-02 -3.39295231e-02  2.68381294e-02
   1.16648465e-01  1.99563071e-01  9.90220234e-02 -1.01366729e-01
   8.97086225e-03  1.84399709e-02  1.35314092e-01 -1.15037628e-01
  -4.78976313e-03 -1.33739961e-02 -2.70522609e-02 -8.55005458e-02
   7.20574185e-02  6.86108917e-02 -3.20828892e-03  1.00000000e+00
   1.00000000e+00  0.00000000e+00  0.00000000e+00  1.00000000e+00
   1.00000000e+00]]
[[ 2.4218641e-03  2.0646882e-01 -1.5611872e-01 -8.6464658e-03
   2.0771311e-04 -9.9996275e-01  0.0000000e+00  5.5000000e-02
   1.5707964e+00 -5.7502847e-02  1.0380556e-02  8.0276191e-02
   1.5169019e-01  3.4847689e-01  2.2284511e-01 -3.2637703e-01
  -1.0799622e-01  4.6418056e-02  1.0697046e-01 -8.4565751e-02
  -3.4101803e-02  1.2769990e-02 -4.4353530e-03 -1.7514415e-01
   1.6730514e-01 -6.0435504e-02 -6.4271446e-03  1.0000000e+00
   1.0000000e+00  0.0000000e+00  0.0000000e+00  1.0000000e+00
   1.0000000e+00]]
[[-0.08343095  0.33416027 -0.01797667 -0.00313333  0.00497438 -0.9999832
   0.          0.055       1.5707964   0.02762089  0.12626277  0.11298238
   0.2617552   0.30989683  0.19801314 -0.38349316 -0.24370392  0.03265785
  -0.12867758 -0.0461042  -0.02832506  0.06547892 -0.04433667 -0.16774113
   0.17991789 -0.1793603  -0.01683917  1.          1.          0.
   0.          1.          1.        ]]
