count,T_count,sum_leg,reflex_sim,reflex_stance_sim,on_reflex2,on_reflex_stance2,reflex_index2,reflex_index_stance2,swing_step_count,flat_cpg_tick,position_Read_tick,IMU_data
4,0,[0. 0. 0. 0. 0. 0.],[0. 0. 0. 0. 0. 0.],[0. 0. 0. 0. 0. 0.],[0. 0. 0. 0. 0. 0.],[0. 0. 0. 0. 0. 0.],[-10. -10. -10. -10. -10. -10.],[-10. -10. -10. -10. -10. -10.],1,"[2039. 2115. 1056. 2042. 2246.  916. 2053. 2230.  928. 2056. 2115. 1055.
 2039. 2115. 1057. 2039. 2238.  919.]","[2039. 2115. 1057. 2038. 2257.  915. 2057. 2258.  914. 2057. 2115. 1057.
 2036. 2115. 1057. 2037. 2258.  915.]",[0.005 0.    0.   ],124,"[  0.   0.  -1.   4. -11.   1.  -4. -28.  14.  -1.   0.  -2.   3.   0.
   0.   2. -20.   4.]",1,[1. 1. 1. 1. 1. 1.],[0. 0. 0. 0. 0. 0.]
5,0,[0. 9. 7. 0. 0. 0.],[0. 0. 0. 0. 0. 0.],[0. 0. 0. 0. 0. 0.],[0. 0. 0. 0. 0. 0.],[0. 0. 0. 0. 0. 0.],[-10. -10. -10. -10. -10. -10.],[-10. -10. -10. -10. -10. -10.],2,"[2034. 2115. 1057. 2037. 2246.  915. 2057. 2229.  928. 2061. 2115. 1057.
 2034. 2115. 1057. 2036. 2238.  919.]","[2024. 2115. 1056. 2026. 2257.  915. 2069. 2258.  914. 2070. 2115. 1055.
 2026. 2115. 1056. 2025. 2258.  915.]",[ 0.    -0.005  0.   ],124,"[ 10.   0.   1.  11. -11.   0. -12. -29.  14.  -9.   0.   2.   8.   0.
   1.  11. -20.   4.]",2,[1. 1. 1. 1. 1. 1.],[0. 0. 0. 0. 0. 0.]
6,0,[ 0. 18. 18.  0.  0.  0.],[0. 0. 0. 0. 0. 0.],[0. 0. 0. 0. 0. 0.],[0. 0. 0. 0. 0. 0.],[0. 0. 0. 0. 0. 0.],[-10. -10. -10. -10. -10. -10.],[-10. -10. -10. -10. -10. -10.],3,"[2029. 2115. 1057. 2032. 2246.  915. 2062. 2229.  928. 2066. 2115. 1057.
 2029. 2115. 1057. 2031. 2238.  920.]","[2022. 2116. 1056. 2022. 2258.  915. 2074. 2258.  914. 2073. 2115. 1055.
 2021. 2115. 1057. 2020. 2258.  915.]",[-0.006 -0.005  0.   ],124,"[  7.  -1.   1.  10. -12.   0. -12. -29.  14.  -7.   0.   2.   8.   0.
   0.  11. -20.   5.]",3,[1. 1. 1. 1. 1. 1.],[0. 0. 0. 0. 0. 0.]
7,0,[ 0. 26. 29.  0.  0.  0.],[0. 0. 0. 0. 0. 0.],[0. 0. 0. 0. 0. 0.],[0. 0. 0. 0. 0. 0.],[0. 0. 0. 0. 0. 0.],[-10. -10. -10. -10. -10. -10.],[-10. -10. -10. -10. -10. -10.],4,"[2023. 2115. 1056. 2026. 2246.  916. 2067. 2229.  928. 2071. 2115. 1055.
 2024. 2115. 1057. 2025. 2238.  919.]","[2013. 2116. 1056. 2016. 2257.  915. 2080. 2258.  914. 2079. 2115. 1057.
 2014. 2116. 1056. 2014. 2258.  915.]",[0. 0. 0.],124,"[ 10.  -1.   0.  10. -11.   1. -13. -29.  14.  -8.   0.  -2.  10.  -1.
   1.  11. -20.   4.]",4,[1. 1. 1. 1. 1. 1.],[0. 0. 0. 0. 0. 0.]
8,0,[ 0.  0.  0.  0. 29.  0.],[0. 0. 0. 0. 0. 0.],[0. 0. 0. 0. 0. 0.],[0. 0. 0. 0. 0. 0.],[0. 0. 0. 0. 0. 0.],[-10. -10. -10. -10. -10. -10.],[-10. -10. -10. -10. -10. -10.],5,"[2016. 2116. 1056. 2020. 2246.  915. 2074. 2229.  928. 2078. 2115. 1057.
 2017. 2115. 1057. 2016. 2238.  919.]","[2007. 2116. 1056. 2011. 2257.  915. 2085. 2258.  914. 2085. 2115. 1055.
 2009. 2116. 1056. 2010. 2258.  915.]",[0. 0. 0.],124,"[  9.   0.   0.   9. -11.   0. -11. -29.  14.  -7.   0.   2.   8.  -1.
   1.   6. -20.   4.]",5,[1. 1. 1. 1. 1. 1.],[0. 0. 0. 0. 0. 0.]
9,0,[0. 0. 0. 0. 0. 0.],[0. 0. 0. 0. 0. 0.],[0. 0. 0. 0. 0. 0.],[0. 0. 0. 0. 0. 0.],[0. 0. 0. 0. 0. 0.],[-10. -10. -10. -10. -10. -10.],[-10. -10. -10. -10. -10. -10.],6,"[2011. 2116. 1055. 2016. 2246.  916. 2079. 2229.  928. 2083. 2115. 1057.
 2013. 2115. 1056. 2011. 2237.  919.]","[2006. 2116. 1055. 2005. 2257.  915. 2090. 2258.  914. 2091. 2116. 1055.
 2004. 2116. 1055. 2004. 2258.  915.]",[ 0.    -0.011  0.   ],124,"[  5.   0.   0.  11. -11.   1. -11. -29.  14.  -8.  -1.   2.   9.  -1.
   1.   7. -21.   4.]",6,[1. 1. 1. 1. 1. 1.],[0. 0. 0. 0. 0. 0.]
10,0,[0. 0. 0. 0. 0. 0.],[0. 0. 0. 0. 0. 0.],[0. 0. 0. 0. 0. 0.],[0. 0. 0. 0. 0. 0.],[0. 0. 0. 0. 0. 0.],[-10. -10. -10. -10. -10. -10.],[-10. -10. -10. -10. -10. -10.],7,"[2007. 2116. 1055. 2010. 2246.  916. 2084. 2229.  928. 2088. 2116. 1055.
 2007. 2116. 1055. 2003. 2238.  919.]","[1997. 2117. 1054. 2000. 2258.  915. 2096. 2258.  914. 2097. 2117. 1054.
 1999. 2117. 1054. 1998. 2258.  915.]",[-0.006 -0.011  0.   ],124,"[ 10.  -1.   1.  10. -12.   1. -12. -29.  14.  -9.  -1.   1.   8.  -1.
   1.   5. -20.   4.]",7,[1. 1. 1. 1. 1. 1.],[0. 0. 0. 0. 0. 0.]
11,0,[0. 0. 0. 0. 0. 0.],[0. 0. 0. 0. 0. 0.],[0. 0. 0. 0. 0. 0.],[0. 0. 0. 0. 0. 0.],[0. 0. 0. 0. 0. 0.],[-10. -10. -10. -10. -10. -10.],[-10. -10. -10. -10. -10. -10.],8,"[2001. 2117. 1054. 2005. 2246.  916. 2090. 2229.  929. 2093. 2117. 1054.
 2001. 2117. 1054. 1998. 2238.  919.]","[1991. 2118. 1053. 1992. 2257.  915. 2103. 2258.  914. 2104. 2118. 1053.
 1992. 2118. 1054. 1991. 2258.  915.]",[-0.006  0.     0.   ],124,"[ 10.  -1.   1.  13. -11.   1. -13. -29.  15. -11.  -1.   1.   9.  -1.
   0.   7. -20.   4.]",8,[1. 1. 1. 1. 1. 1.],[0. 0. 0. 0. 0. 0.]
12,0,[ 0. 43. 47. 35.  0.  0.],[0. 0. 0. 0. 0. 0.],[0. 0. 0. 0. 0. 0.],[0. 0. 0. 0. 0. 0.],[0. 0. 0. 0. 0. 0.],[-10. -10. -10. -10. -10. -10.],[-10. -10. -10. -10. -10. -10.],9,"[1996. 2118. 1053. 1998. 2246.  916. 2096. 2229.  929. 2099. 2118. 1053.
 1996. 2118. 1054. 1992. 2238.  919.]","[1987. 2119. 1052. 1988. 2257.  915. 2108. 2258.  914. 2109. 2119. 1052.
 1987. 2119. 1052. 1986. 2258.  916.]",[-0.011 -0.016  0.006],124,"[  9.  -1.   1.  10. -11.   1. -12. -29.  15. -10.  -1.   1.   9.  -1.
   2.   6. -20.   3.]",9,[1. 1. 1. 1. 1. 1.],[0. 0. 0. 0. 0. 0.]
13,0,[0. 0. 0. 0. 0. 0.],[0. 0. 0. 0. 0. 0.],[0. 0. 0. 0. 0. 0.],[0. 0. 0. 0. 0. 0.],[0. 0. 0. 0. 0. 0.],[-10. -10. -10. -10. -10. -10.],[-10. -10. -10. -10. -10. -10.],10,"[1990. 2119. 1052. 1993. 2246.  916. 2102. 2229.  929. 2104. 2119. 1052.
 1991. 2119. 1052. 1987. 2238.  920.]","[1981. 2119. 1051. 1983. 2257.  915. 2113. 2257.  914. 2113. 2119. 1051.
 1982. 2120. 1051. 1982. 2257.  915.]",[-0.006  0.     0.   ],124,"[  9.   0.   1.  10. -11.   1. -11. -28.  15.  -9.   0.   1.   9.  -1.
   1.   5. -19.   5.]",10,[1.52108288 1.88873953 1.57172114 2.95744723 1.77672482 3.        ],[0. 0. 0. 0. 0. 0.]
14,0,[0. 0. 0. 0. 0. 0.],[0. 0. 0. 0. 0. 0.],[0. 0. 0. 0. 0. 0.],[0. 0. 0. 0. 0. 0.],[0. 0. 0. 0. 0. 0.],[-10. -10. -10. -10. -10. -10.],[-10. -10. -10. -10. -10. -10.],11,"[1985. 2120. 1051. 1987. 2246.  916. 2107. 2229.  929. 2110. 2120. 1051.
 1986. 2120. 1052. 1982. 2238.  920.]","[1974. 2121. 1050. 1976. 2257.  915. 2119. 2257.  915. 2120. 2121. 1050.
 1976. 2121. 1050. 1976. 2257.  915.]",[-0.006 -0.005  0.   ],124,"[ 11.  -1.   1.  11. -11.   1. -12. -28.  14. -10.  -1.   1.  10.  -1.
   2.   6. -19.   5.]",11,[1.59106386 1.0942941  1.61448753 3.         1.81310946 3.        ],[0. 0. 0. 0. 0. 0.]
15,0,[0. 0. 0. 0. 0. 0.],[0. 0. 0. 0. 0. 0.],[0. 0. 0. 0. 0. 0.],[0. 0. 0. 0. 0. 0.],[0. 0. 0. 0. 0. 0.],[-10. -10. -10. -10. -10. -10.],[-10. -10. -10. -10. -10. -10.],12,"[1979. 2121. 1050. 1982. 2246.  916. 2113. 2229.  928. 2116. 2121. 1050.
 1980. 2121. 1050. 1976. 2238.  920.]","[1971. 2121. 1049. 1972. 2257.  915. 2123. 2257.  915. 2124. 2121. 1049.
 1971. 2122. 1050. 1971. 2257.  915.]",[-0.017 -0.016  0.006],124,"[  8.   0.   1.  10. -11.   1. -10. -28.  13.  -8.   0.   1.   9.  -1.
   0.   5. -19.   5.]",12,[1.56965446 1.42037196 1.60105133 3.         1.82926983 3.        ],[0. 0. 0. 0. 0. 0.]
16,0,[0. 0. 0. 0. 0. 0.],[0. 0. 0. 0. 0. 0.],[0. 0. 0. 0. 0. 0.],[0. 0. 0. 0. 0. 0.],[0. 0. 0. 0. 0. 0.],[-10. -10. -10. -10. -10. -10.],[-10. -10. -10. -10. -10. -10.],13,"[1973. 2122. 1049. 1977. 2246.  916. 2118. 2229.  929. 2121. 2122. 1049.
 1974. 2122. 1050. 1971. 2238.  920.]","[1965. 2122. 1048. 1967. 2257.  915. 2128. 2257.  915. 2129. 2122. 1048.
 1966. 2122. 1049. 1966. 2257.  915.]",[-0.011 -0.005  0.   ],124,"[  8.   0.   1.  10. -11.   1. -10. -28.  14.  -8.   0.   1.   8.   0.
   1.   5. -19.   5.]",13,[1.5052734  2.2120086  1.55582213 3.         1.82941133 3.        ],[0. 0. 0. 0. 0. 0.]
17,0,[0. 0. 0. 0. 0. 0.],[0. 0. 0. 0. 0. 0.],[0. 0. 0. 0. 0. 0.],[0. 0. 0. 0. 0. 0.],[0. 0. 0. 0. 0. 0.],[-10. -10. -10. -10. -10. -10.],[-10. -10. -10. -10. -10. -10.],14,"[1968. 2123. 1048. 1972. 2246.  916. 2123. 2229.  929. 2126. 2123. 1048.
 1969. 2123. 1048. 1967. 2238.  919.]","[1960. 2124. 1047. 1962. 2257.  915. 2134. 2257.  915. 2135. 2123. 1047.
 1961. 2123. 1047. 1961. 2257.  915.]",[-0.006  0.006  0.   ],124,"[  8.  -1.   1.  10. -11.   1. -11. -28.  14.  -9.   0.   1.   8.   0.
   1.   6. -19.   4.]",14,[1.55850738 1.66360325 1.58993572 3.         1.8644169  3.        ],[0. 0. 0. 0. 0. 0.]
18,0,[0. 0. 0. 0. 0. 0.],[0. 0. 0. 0. 0. 0.],[0. 0. 0. 0. 0. 0.],[0. 0. 0. 0. 0. 0.],[0. 0. 0. 0. 0. 0.],[-10. -10. -10. -10. -10. -10.],[-10. -10. -10. -10. -10. -10.],15,"[1963. 2124. 1046. 1966. 2246.  917. 2127. 2229.  929. 2132. 2124. 1047.
 1964. 2124. 1047. 1962. 2238.  920.]","[1957. 2126. 1045. 1957. 2257.  915. 2138. 2257.  915. 2139. 2125. 1045.
 1956. 2125. 1045. 1956. 2257.  915.]",[-0.011 -0.005  0.   ],124,"[  6.  -2.   1.   9. -11.   2. -11. -28.  14.  -7.  -1.   2.   8.  -1.
   2.   6. -19.   5.]",15,[1.5818578  1.33561863 1.6044569  3.         1.87053543 3.        ],[0. 0. 0. 0. 0. 0.]
19,0,[0. 0. 0. 0. 0. 0.],[0. 0. 0. 0. 0. 0.],[0. 0. 0. 0. 0. 0.],[0. 0. 0. 0. 0. 0.],[0. 0. 0. 0. 0. 0.],[-10. -10. -10. -10. -10. -10.],[-10. -10. -10. -10. -10. -10.],16,"[1958. 2126. 1045. 1962. 2246.  917. 2132. 2229.  929. 2136. 2126. 1046.
 1959. 2126. 1045. 1956. 2237.  920.]","[1950. 2126. 1044. 1952. 2257.  915. 2143. 2257.  915. 2144. 2127. 1044.
 1951. 2127. 1044. 1951. 2257.  915.]",[-0.017 -0.011  0.006],124,"[  8.   0.   1.  10. -11.   2. -11. -28.  14.  -8.  -1.   2.   8.  -1.
   1.   5. -20.   5.]",16,[1.54678786 1.86530954 1.57875484 3.         1.89416641 3.        ],[0. 0. 0. 0. 0. 0.]
20,0,[0. 0. 0. 0. 0. 0.],[0. 0. 0. 0. 0. 0.],[0. 0. 0. 0. 0. 0.],[0. 0. 0. 0. 0. 0.],[0. 0. 0. 0. 0. 0.],[-10. -10. -10. -10. -10. -10.],[-10. -10. -10. -10. -10. -10.],17,"[1953. 2127. 1044. 1957. 2246.  917. 2136. 2229.  929. 2141. 2127. 1044.
 1954. 2127. 1044. 1952. 2237.  920.]","[1943. 2129. 1042. 1946. 2256.  915. 2149. 2256.  915. 2149. 2128. 1042.
 1946. 2128. 1042. 1946. 2256.  915.]",[-0.011 -0.005  0.   ],124,"[ 10.  -2.   2.  11. -10.   2. -13. -27.  14.  -8.  -1.   2.   8.  -1.
   2.   6. -19.   5.]",17,[1.50714654 2.3396056  1.54885262 3.         1.89896792 3.        ],[0. 0. 0. 0. 0. 0.]
21,0,[32.  0. 46.  0.  0.  0.],[0. 0. 0. 0. 0. 0.],[0. 0. 0. 0. 0. 0.],[0. 0. 0. 0. 0. 0.],[0. 0. 0. 0. 0. 0.],[-10. -10. -10. -10. -10. -10.],[-10. -10. -10. -10. -10. -10.],18,"[1948. 2129. 1042. 1952. 2246.  917. 2141. 2229.  929. 2146. 2129. 1042.
 1949. 2130. 1042. 1946. 2238.  920.]","[1942. 2130. 1040. 1942. 2256.  916. 2153. 2256.  916. 2154. 2130. 1041.
 1941. 2130. 1041. 1941. 2256.  916.]",[-0.006  0.006  0.   ],124,"[  6.  -1.   2.  10. -10.   1. -12. -27.  13.  -8.  -1.   1.   8.   0.
   1.   5. -18.   4.]",18,[1.53285539 2.08033851 1.56391495 3.         1.92177415 3.        ],[0. 0. 0. 0. 0. 0.]
22,0,[0. 0. 0. 0. 0. 0.],[0. 0. 0. 0. 0. 0.],[0. 0. 0. 0. 0. 0.],[0. 0. 0. 0. 0. 0.],[0. 0. 0. 0. 0. 0.],[-10. -10. -10. -10. -10. -10.],[-10. -10. -10. -10. -10. -10.],19,"[1943. 2131. 1040. 1947. 2245.  918. 2145. 2229.  929. 2151. 2131. 1040.
 1943. 2131. 1041. 1942. 2238.  921.]","[1936. 2131. 1039. 1937. 2256.  915. 2158. 2256.  916. 2158. 2131. 1039.
 1937. 2131. 1039. 1936. 2256.  915.]",[-0.006  0.     0.   ],124,"[  7.   0.   1.  10. -11.   3. -13. -27.  13.  -7.   0.   1.   6.   0.
   2.   6. -18.   6.]",19,[1.55384046 1.70757486 1.58065331 3.         1.91527808 3.        ],[0. 0. 0. 0. 0. 0.]
23,0,[0. 0. 0. 0. 0. 0.],[0. 0. 0. 0. 0. 0.],[0. 0. 0. 0. 0. 0.],[0. 0. 0. 0. 0. 0.],[0. 0. 0. 0. 0. 0.],[-10. -10. -10. -10. -10. -10.],[-10. -10. -10. -10. -10. -10.],20,"[1938. 2133. 1039. 1942. 2245.  918. 2150. 2229.  929. 2156. 2132. 1039.
 1938. 2133. 1039. 1936. 2238.  922.]","[1930. 2133. 1037. 1932. 2256.  915. 2163. 2256.  916. 2164. 2133. 1038.
 1931. 2133. 1037. 1931. 2256.  916.]",[-0.006 -0.016  0.006],124,"[  8.   0.   2.  10. -11.   3. -13. -27.  13.  -8.  -1.   1.   7.   0.
   2.   5. -18.   6.]",20,[1.53123671 2.02260552 1.56235456 3.         1.9356575  3.        ],[0. 0. 0. 0. 0. 0.]
24,0,[0. 0. 0. 0. 0. 0.],[0. 0. 0. 0. 0. 0.],[0. 0. 0. 0. 0. 0.],[0. 0. 0. 0. 0. 0.],[0. 0. 0. 0. 0. 0.],[-10. -10. -10. -10. -10. -10.],[-10. -10. -10. -10. -10. -10.],21,"[1933. 2134. 1037. 1937. 2245.  919. 2155. 2229.  930. 2162. 2134. 1037.
 1933. 2134. 1037. 1931. 2237.  922.]","[1926. 2135. 1035. 1926. 2256.  915. 2169. 2256.  916. 2170. 2136. 1035.
 1925. 2136. 1035. 1926. 2256.  916.]",[-0.006 -0.005  0.   ],124,"[  7.  -1.   2.  11. -11.   4. -14. -27.  14.  -8.  -2.   2.   8.  -2.
   2.   5. -19.   6.]",21,[1.45292544 3.         1.49517843 3.         1.93905962 3.        ],[0. 0. 0. 0. 0. 0.]
25,0,[0. 0. 0. 0. 0. 0.],[0. 0. 0. 0. 0. 0.],[0. 0. 0. 0. 0. 0.],[0. 0. 0. 0. 0. 0.],[0. 0. 0. 0. 0. 0.],[-10. -10. -10. -10. -10. -10.],[-10. -10. -10. -10. -10. -10.],22,"[1928. 2136. 1035. 1932. 2245.  919. 2160. 2229.  930. 2167. 2136. 1036.
 1928. 2136. 1036. 1927. 2238.  922.]","[1920. 2138. 1033. 1922. 2256.  915. 2173. 2256.  916. 2174. 2137. 1033.
 1921. 2137. 1034. 1921. 2256.  916.]",[0. 0. 0.],124,"[  8.  -2.   2.  10. -11.   4. -13. -27.  14.  -7.  -1.   3.   7.  -1.
   2.   6. -18.   6.]",22,[1.500781   2.41890287 1.53135204 3.         1.96201408 3.        ],[0. 0. 0. 0. 0. 0.]
26,0,[0. 0. 0. 7. 0. 0.],[0. 0. 0. 0. 0. 0.],[0. 0. 0. 0. 0. 0.],[0. 0. 0. 0. 0. 0.],[0. 0. 0. 0. 0. 0.],[-10. -10. -10. -10. -10. -10.],[-10. -10. -10. -10. -10. -10.],23,"[1923. 2139. 1033. 1928. 2245.  919. 2165. 2229.  930. 2171. 2138. 1033.
 1923. 2138. 1034. 1922. 2237.  922.]","[1916. 2139. 1031. 1918. 2255.  916. 2177. 2256.  917. 2178. 2139. 1031.
 1917. 2139. 1032. 1917. 2255.  917.]",[0. 0. 0.],124,"[  7.   0.   2.  10. -10.   3. -12. -27.  13.  -7.  -1.   2.   6.  -1.
   2.   5. -18.   5.]",23,[1.50355971 2.27501279 1.53423184 3.         1.95746505 3.        ],[0. 0. 0. 0. 0. 0.]
27,0,[0. 0. 0. 0. 0. 0.],[0. 0. 0. 0. 0. 0.],[0. 0. 0. 0. 0. 0.],[0. 0. 0. 0. 0. 0.],[0. 0. 0. 0. 0. 0.],[-10. -10. -10. -10. -10. -10.],[-10. -10. -10. -10. -10. -10.],24,"[1918. 2140. 1031. 1923. 2245.  920. 2170. 2229.  929. 2176. 2140. 1031.
 1919. 2140. 1032. 1917. 2237.  922.]","[1913. 2141. 1029. 1913. 2255.  917. 2181. 2255.  917. 2183. 2141. 1030.
 1913. 2141. 1029. 1913. 2256.  917.]",[-0.006 -0.011  0.006],124,"[  5.  -1.   2.  10. -10.   3. -11. -26.  12.  -7.  -1.   1.   6.  -1.
   3.   4. -19.   5.]",24,[1.49493328 2.35598004 1.5247221  3.         1.96576285 3.        ],[0. 0. 0. 0. 0. 0.]
28,0,[0. 0. 0. 0. 0. 0.],[0. 0. 0. 0. 0. 0.],[0. 0. 0. 0. 0. 0.],[0. 0. 0. 0. 0. 0.],[0. 0. 0. 0. 0. 0.],[-10. -10. -10. -10. -10. -10.],[-10. -10. -10. -10. -10. -10.],25,"[1914. 2142. 1029. 1918. 2245.  920. 2174. 2228.  930. 2181. 2143. 1029.
 1914. 2142. 1029. 1913. 2238.  922.]","[1907. 2144. 1027. 1909. 2255.  917. 2186. 2256.  917. 2187. 2143. 1027.
 1908. 2145. 1027. 1907. 2255.  917.]",[-0.006 -0.011  0.006],124,"[  7.  -2.   2.   9. -10.   3. -12. -28.  13.  -6.   0.   2.   6.  -3.
   2.   6. -17.   5.]",25,[1.44615948 3.         1.47983944 3.         1.98062515 3.        ],[0. 0. 0. 0. 0. 0.]
29,0,[0. 0. 0. 0. 6. 0.],[0. 0. 0. 0. 0. 0.],[0. 0. 0. 0. 0. 0.],[0. 0. 0. 0. 0. 0.],[0. 0. 0. 0. 0. 0.],[-10. -10. -10. -10. -10. -10.],[-10. -10. -10. -10. -10. -10.],26,"[1910. 2145. 1027. 1915. 2244.  921. 2179. 2229.  929. 2185. 2145. 1027.
 1910. 2146. 1027. 1908. 2237.  922.]","[1903. 2146. 1024. 1904. 2254.  917. 2190. 2255.  917. 2191. 2146. 1024.
 1904. 2146. 1025. 1904. 2255.  917.]",[-0.006 -0.005  0.006],124,"[  7.  -1.   3.  11. -10.   4. -11. -26.  12.  -6.  -1.   3.   6.   0.
   2.   4. -18.   5.]",26,[1.43609279 3.         1.46751669 3.         1.9880569  3.        ],[0. 0. 0. 0. 0. 0.]
30,0,[0. 0. 0. 0. 0. 0.],[0. 0. 0. 0. 0. 0.],[0. 0. 0. 0. 0. 0.],[0. 0. 0. 0. 0. 0.],[0. 0. 0. 0. 0. 0.],[-10. -10. -10. -10. -10. -10.],[-10. -10. -10. -10. -10. -10.],27,"[1905. 2147. 1025. 1911. 2244.  921. 2184. 2229.  930. 2190. 2146. 1025.
 1906. 2147. 1025. 1904. 2238.  922.]","[1900. 2148. 1022. 1901. 2254.  917. 2194. 2254.  917. 2195. 2148. 1023.
 1900. 2149. 1023. 1899. 2254.  917.]",[-0.006 -0.005  0.006],124,"[  5.  -1.   3.  10. -10.   4. -10. -25.  13.  -5.  -2.   2.   6.  -2.
   2.   5. -16.   5.]",27,[1.4497456  2.87018007 1.47873789 3.         1.99040747 3.        ],[0. 0. 0. 0. 0. 0.]
31,0,[0. 0. 0. 0. 0. 0.],[0. 0. 0. 0. 0. 0.],[0. 0. 0. 0. 0. 0.],[0. 0. 0. 0. 0. 0.],[0. 0. 0. 0. 0. 0.],[-10. -10. -10. -10. -10. -10.],[-10. -10. -10. -10. -10. -10.],28,"[1901. 2149. 1022. 1906. 2244.  922. 2188. 2229.  930. 2193. 2149. 1023.
 1902. 2149. 1023. 1900. 2238.  922.]","[1895. 2150. 1020. 1896. 2254.  917. 2198. 2254.  918. 2200. 2150. 1021.
 1896. 2150. 1021. 1895. 2254.  918.]",[-0.006 -0.016  0.006],124,"[  6.  -1.   2.  10. -10.   5. -10. -25.  12.  -7.  -1.   2.   6.  -1.
   2.   5. -16.   4.]",28,[1.44195312 2.9412154  1.4689486  3.         1.99604845 3.        ],[0. 0. 0. 0. 0. 0.]
32,0,[0. 0. 0. 0. 0. 0.],[0. 0. 0. 0. 0. 0.],[0. 0. 0. 0. 0. 0.],[0. 0. 0. 0. 0. 0.],[0. 0. 0. 0. 0. 0.],[-10. -10. -10. -10. -10. -10.],[-10. -10. -10. -10. -10. -10.],29,"[1897. 2152. 1020. 1902. 2244.  922. 2192. 2229.  931. 2197. 2152. 1021.
 1898. 2151. 1020. 1896. 2237.  922.]","[1892. 2153. 1017. 1893. 2254.  918. 2203. 2254.  918. 2204. 2153. 1017.
 1892. 2153. 1017. 1892. 2254.  917.]",[-0.011 -0.011  0.006],124,"[  5.  -1.   3.   9. -10.   4. -11. -25.  13.  -7.  -1.   4.   6.  -2.
   3.   4. -17.   5.]",29,[1.39157206 3.         1.41899589 3.         2.00628364 3.        ],[0. 0. 0. 0. 0. 0.]
33,0,[0. 0. 0. 0. 0. 0.],[0. 0. 0. 0. 0. 0.],[0. 0. 0. 0. 0. 0.],[0. 0. 0. 0. 0. 0.],[0. 0. 0. 0. 0. 0.],[-10. -10. -10. -10. -10. -10.],[-10. -10. -10. -10. -10. -10.],30,"[1893. 2154. 1018. 1898. 2244.  923. 2197. 2229.  932. 2201. 2153. 1018.
 1894. 2153. 1019. 1892. 2238.  922.]","[1886. 2155. 1015. 1889. 2254.  918. 2207. 2254.  918. 2207. 2155. 1016.
 1887. 2155. 1016. 1887. 2254.  918.]",[-0.006 -0.011  0.006],124,"[  7.  -1.   3.   9. -10.   5. -10. -25.  14.  -6.  -2.   2.   7.  -2.
   3.   5. -16.   4.]",30,[1.40876216 3.         1.43339363 3.         2.01834464 3.        ],[0. 0. 0. 0. 0. 0.]
34,0,[0. 0. 0. 0. 0. 0.],[0. 0. 0. 0. 0. 0.],[0. 0. 0. 0. 0. 0.],[0. 0. 0. 0. 0. 0.],[0. 0. 0. 0. 0. 0.],[-10. -10. -10. -10. -10. -10.],[-10. -10. -10. -10. -10. -10.],31,"[1889. 2156. 1015. 1895. 2244.  922. 2201. 2229.  932. 2205. 2156. 1016.
 1890. 2156. 1016. 1888. 2238.  922.]","[1883. 2158. 1013. 1884. 2254.  917. 2211. 2254.  918. 2212. 2158. 1013.
 1884. 2158. 1013. 1884. 2254.  918.]",[-0.006 -0.011  0.006],124,"[  6.  -2.   2.  11. -10.   5. -10. -25.  14.  -7.  -2.   3.   6.  -2.
   3.   4. -16.   4.]",31,[1.39821091 3.         1.41920853 3.         2.01770222 3.        ],[0. 0. 0. 0. 0. 0.]
35,0,[0. 0. 0. 0. 0. 0.],[0. 0. 0. 0. 0. 0.],[0. 0. 0. 0. 0. 0.],[0. 0. 0. 0. 0. 0.],[0. 0. 0. 0. 0. 0.],[-10. -10. -10. -10. -10. -10.],[-10. -10. -10. -10. -10. -10.],32,"[1885. 2159. 1013. 1891. 2244.  923. 2205. 2228.  932. 2209. 2158. 1013.
 1885. 2159. 1013. 1885. 2237.  923.]","[1878. 2160. 1010. 1880. 2253.  919. 2215. 2253.  919. 2216. 2160. 1010.
 1879. 2161. 1010. 1879. 2253.  919.]",[-0.006 -0.011  0.006],124,"[  7.  -1.   3.  11.  -9.   4. -10. -25.  13.  -7.  -2.   3.   6.  -2.
   3.   6. -16.   4.]",32,[1.39136195 3.         1.41060963 3.         2.02001929 3.        ],[0. 0. 0. 0. 0. 0.]
36,0,[ 0. 40.  0.  0.  0.  0.],[0. 0. 0. 0. 0. 0.],[0. 0. 0. 0. 0. 0.],[0. 0. 0. 0. 0. 0.],[0. 0. 0. 0. 0. 0.],[-10. -10. -10. -10. -10. -10.],[-10. -10. -10. -10. -10. -10.],33,"[1881. 2161. 1010. 1887. 2243.  923. 2209. 2228.  933. 2214. 2161. 1010.
 1881. 2161. 1011. 1881. 2237.  923.]","[1876. 2163. 1007. 1877. 2253.  919. 2218. 2253.  919. 2219. 2163. 1007.
 1876. 2164. 1007. 1876. 2253.  919.]",[-0.006 -0.016  0.006],124,"[  5.  -2.   3.  10. -10.   4.  -9. -25.  14.  -5.  -2.   3.   5.  -3.
   4.   5. -16.   4.]",33,[1.38454098 3.         1.40121007 3.         2.02378166 3.        ],[0. 0. 0. 0. 0. 0.]
37,0,[0. 0. 0. 0. 0. 0.],[0. 0. 0. 0. 0. 0.],[0. 0. 0. 0. 0. 0.],[0. 0. 0. 0. 0. 0.],[0. 0. 0. 0. 0. 0.],[-10. -10. -10. -10. -10. -10.],[-10. -10. -10. -10. -10. -10.],34,"[1877. 2163. 1008. 1883. 2243.  923. 2212. 2228.  933. 2217. 2164. 1008.
 1878. 2164. 1008. 1878. 2237.  923.]","[1872. 2166. 1004. 1873. 2252.  918. 2221. 2253.  919. 2222. 2166. 1004.
 1872. 2166. 1005. 1872. 2253.  919.]",[-0.006 -0.011  0.006],124,"[  5.  -3.   4.  10.  -9.   5.  -9. -25.  14.  -5.  -2.   4.   6.  -2.
   3.   6. -16.   4.]",34,[1.36060041 3.         1.37908095 3.         2.02585828 3.        ],[0. 0. 0. 0. 0. 0.]
38,0,[0. 0. 0. 0. 0. 0.],[0. 0. 0. 0. 0. 0.],[0. 0. 0. 0. 0. 0.],[0. 0. 0. 0. 0. 0.],[0. 0. 0. 0. 0. 0.],[-10. -10. -10. -10. -10. -10.],[-10. -10. -10. -10. -10. -10.],35,"[1874. 2166. 1005. 1880. 2243.  924. 2215. 2228.  934. 2221. 2167. 1005.
 1874. 2167. 1005. 1875. 2237.  924.]","[1868. 2169. 1001. 1870. 2252.  920. 2225. 2252.  920. 2226. 2169. 1002.
 1869. 2169. 1001. 1869. 2252.  919.]",[-0.006 -0.011  0.006],124,"[  6.  -3.   4.  10.  -9.   4. -10. -24.  14.  -5.  -2.   3.   5.  -2.
   4.   6. -15.   5.]",35,[1.37102607 3.         1.38485187 3.         2.02713788 3.        ],[0. 0. 0. 0. 0. 0.]
39,0,[0. 0. 0. 0. 0. 0.],[0. 0. 0. 0. 0. 0.],[0. 0. 0. 0. 0. 0.],[0. 0. 0. 0. 0. 0.],[0. 0. 0. 0. 0. 0.],[-10. -10. -10. -10. -10. -10.],[-10. -10. -10. -10. -10. -10.],36,"[1871. 2169. 1002. 1877. 2242.  924. 2218. 2228.  934. 2224. 2169. 1002.
 1871. 2169. 1003. 1870. 2238.  924.]","[1865. 2171.  999. 1867. 2252.  920. 2228. 2252.  920. 2229. 2172.  999.
 1866. 2171.  999. 1866. 2252.  920.]",[-0.011 -0.016  0.006],124,"[  6.  -2.   3.  10. -10.   4. -10. -24.  14.  -5.  -3.   3.   5.  -2.
   4.   4. -14.   4.]",36,[1.36609739 3.         1.37822583 3.         2.02867186 3.        ],[0. 0. 0. 0. 0. 0.]
40,0,[0. 0. 0. 0. 0. 0.],[0. 0. 0. 0. 0. 0.],[0. 0. 0. 0. 0. 0.],[0. 0. 0. 0. 0. 0.],[0. 0. 0. 0. 0. 0.],[-10. -10. -10. -10. -10. -10.],[-10. -10. -10. -10. -10. -10.],37,"[1867. 2171. 1000. 1874. 2242.  924. 2221. 2228.  934. 2227. 2172. 1000.
 1868. 2172. 1000. 1867. 2237.  924.]","[1863. 2174.  996. 1864. 2252.  920. 2231. 2252.  920. 2232. 2174.  996.
 1863. 2174.  996. 1863. 2252.  919.]",[-0.017 -0.016  0.006],124,"[  4.  -3.   4.  10. -10.   4. -10. -24.  14.  -5.  -2.   4.   5.  -2.
   4.   4. -15.   5.]",37,[1.34690216 3.         1.3660351  3.         2.03783703 3.        ],[0. 0. 0. 0. 0. 0.]
41,0,[0. 0. 0. 0. 0. 0.],[0. 0. 0. 0. 0. 0.],[0. 0. 0. 0. 0. 0.],[0. 0. 0. 0. 0. 0.],[0. 0. 0. 0. 0. 0.],[-10. -10. -10. -10. -10. -10.],[-10. -10. -10. -10. -10. -10.],38,"[1864. 2175.  997. 1871. 2241.  925. 2224. 2229.  934. 2230. 2175.  997.
 1865. 2175.  997. 1863. 2237.  924.]","[1859. 2177.  993. 1861. 2252.  920. 2234. 2252.  920. 2235. 2177.  993.
 1860. 2178.  993. 1860. 2252.  920.]",[-0.011 -0.011  0.006],124,"[  5.  -2.   4.  10. -11.   5. -10. -23.  14.  -5.  -2.   4.   5.  -3.
   4.   3. -15.   4.]",38,[1.33945367 3.         1.36454079 3.         2.04483175 3.        ],[0. 0. 0. 0. 0. 0.]
42,0,[0. 0. 0. 0. 0. 0.],[0. 0. 0. 0. 0. 0.],[0. 0. 0. 0. 0. 0.],[0. 0. 0. 0. 0. 0.],[0. 0. 0. 0. 0. 0.],[-10. -10. -10. -10. -10. -10.],[-10. -10. -10. -10. -10. -10.],39,"[1861. 2177.  994. 1867. 2241.  925. 2227. 2229.  935. 2234. 2178.  994.
 1862. 2178.  994. 1861. 2238.  924.]","[1856. 2180.  990. 1858. 2251.  920. 2237. 2251.  921. 2238. 2180.  990.
 1857. 2181.  990. 1857. 2251.  921.]",[-0.006 -0.005  0.006],124,"[  5.  -3.   4.   9. -10.   5. -10. -22.  14.  -4.  -2.   4.   5.  -3.
   4.   4. -13.   3.]",39,[1.34688932 3.         1.36143464 3.         2.03311062 3.        ],[0. 0. 0. 0. 0. 0.]
43,0,[0. 0. 0. 0. 0. 0.],[0. 0. 0. 0. 0. 0.],[0. 0. 0. 0. 0. 0.],[0. 0. 0. 0. 0. 0.],[0. 0. 0. 0. 0. 0.],[-10. -10. -10. -10. -10. -10.],[-10. -10. -10. -10. -10. -10.],40,"[1858. 2180.  994. 1865. 2241.  926. 2230. 2228.  935. 2236. 2180.  991.
 1858. 2181.  991. 1857. 2238.  925.]","[1853. 2183.  987. 1855. 2251.  921. 2240. 2252.  921. 2241. 2183.  988.
 1854. 2183.  988. 1854. 2251.  921.]",[-0.011 -0.011  0.006],124,"[  5.  -3.   7.  10. -10.   5. -10. -24.  14.  -5.  -3.   3.   4.  -2.
   3.   3. -13.   4.]",40,[1.35446215 3.         1.36015379 3.         2.01451635 3.        ],[0. 0. 0. 0. 0. 0.]
44,0,[19.  0.  0.  0.  0.  0.],[0. 0. 0. 0. 0. 0.],[0. 0. 0. 0. 0. 0.],[0. 0. 0. 0. 0. 0.],[0. 0. 0. 0. 0. 0.],[-10. -10. -10. -10. -10. -10.],[-10. -10. -10. -10. -10. -10.],41,"[1856. 2183.  993. 1862. 2240.  927. 2232. 2228.  936. 2239. 2183.  988.
 1856. 2183.  988. 1855. 2238.  925.]","[1852. 2186.  985. 1853. 2251.  921. 2242. 2251.  921. 2243. 2186.  984.
 1852. 2186.  985. 1852. 2251.  921.]",[-0.017 -0.016  0.006],124,"[  4.  -3.   8.   9. -11.   6. -10. -23.  15.  -4.  -3.   4.   4.  -3.
   3.   3. -13.   4.]",41,[1.33485952 3.         1.34982899 3.         2.02830577 3.        ],[0. 0. 0. 0. 0. 0.]
45,0,[23.  0.  0.  0.  0.  0.],[0. 0. 0. 0. 0. 0.],[0. 0. 0. 0. 0. 0.],[0. 0. 0. 0. 0. 0.],[0. 0. 0. 0. 0. 0.],[-10. -10. -10. -10. -10. -10.],[-10. -10. -10. -10. -10. -10.],42,"[1853. 2183.  988. 1859. 2240.  928. 2235. 2228.  936. 2242. 2187.  985.
 1853. 2186.  988. 1852. 2238.  925.]","[1849. 2190.  981. 1851. 2250.  921. 2245. 2250.  922. 2245. 2190.  981.
 1850. 2190.  981. 1849. 2250.  921.]",[-0.011 -0.005  0.006],124,"[  4.  -7.   7.   8. -10.   7. -10. -22.  14.  -3.  -3.   4.   3.  -4.
   7.   3. -12.   4.]",42,[1.31624794 3.         1.34359428 3.         2.03773642 3.        ],[0. 0. 0. 0. 0. 0.]
46,0,[16. 23.  0.  0. 17.  0.],[0. 0. 0. 0. 0. 0.],[0. 0. 0. 0. 0. 0.],[0. 0. 0. 0. 0. 0.],[0. 0. 0. 0. 0. 0.],[-10. -10. -10. -10. -10. -10.],[-10. -10. -10. -10. -10. -10.],43,"[1851. 2183.  986. 1857. 2239.  928. 2238. 2228.  935. 2245. 2189.  982.
 1851. 2187.  985. 1850. 2238.  926.]","[1846. 2192.  978. 1848. 2250.  922. 2248. 2250.  921. 2248. 2193.  979.
 1847. 2192.  978. 1847. 2250.  922.]",[-0.011 -0.005  0.006],124,"[  5.  -9.   8.   9. -11.   6. -10. -22.  14.  -3.  -4.   3.   4.  -5.
   7.   3. -12.   4.]",43,[1.32848004 3.         1.34273881 3.         2.01003277 3.        ],[0. 0. 0. 0. 0. 0.]
47,0,[22.  0.  0.  0. 34.  0.],[0. 0. 0. 0. 0. 0.],[0. 0. 0. 0. 0. 0.],[0. 0. 0. 0. 0. 0.],[0. 0. 0. 0. 0. 0.],[-10. -10. -10. -10. -10. -10.],[-10. -10. -10. -10. -10. -10.],44,"[1849. 2187.  983. 1854. 2239.  928. 2240. 2228.  935. 2247. 2193.  980.
 1849. 2188.  982. 1848. 2237.  926.]","[1845. 2196.  975. 1845. 2250.  922. 2249. 2250.  922. 2250. 2196.  975.
 1845. 2196.  975. 1845. 2250.  922.]",[-0.011 -0.011  0.006],124,"[  4.  -9.   8.   9. -11.   6.  -9. -22.  13.  -3.  -3.   5.   4.  -8.
   7.   3. -13.   4.]",44,[1.32230723 3.         1.33778542 3.         2.00459492 3.        ],[0. 0. 0. 0. 0. 0.]
48,0,[28.  0.  0.  0. 20.  0.],[0. 0. 0. 0. 0. 0.],[0. 0. 0. 0. 0. 0.],[0. 0. 0. 0. 0. 0.],[0. 0. 0. 0. 0. 0.],[-10. -10. -10. -10. -10. -10.],[-10. -10. -10. -10. -10. -10.],45,"[1847. 2190.  979. 1852. 2238.  929. 2242. 2229.  935. 2249. 2196.  976.
 1846. 2191.  979. 1847. 2237.  927.]","[1842. 2200.  971. 1843. 2249.  922. 2251. 2249.  923. 2252. 2200.  971.
 1843. 2200.  971. 1842. 2249.  923.]",[-0.011 -0.011  0.006],124,"[  5. -10.   8.   9. -11.   7.  -9. -20.  12.  -3.  -4.   5.   3.  -9.
   8.   5. -12.   4.]",45,[1.30977681 3.         1.33007085 3.         2.01220524 3.        ],[0. 0. 0. 0. 0. 0.]
49,0,[ 0.  0.  0.  0. 26. 14.],[0. 0. 0. 0. 0. 0.],[0. 0. 0. 0. 0. 0.],[0. 0. 0. 0. 0. 0.],[0. 0. 0. 0. 0. 0.],[-10. -10. -10. -10. -10. -10.],[-10. -10. -10. -10. -10. -10.],46,"[1845. 2193.  977. 1851. 2237.  930. 2244. 2229.  935. 2252. 2200.  973.
 1845. 2194.  977. 1845. 2238.  927.]","[1841. 2202.  969. 1842. 2249.  923. 2253. 2249.  923. 2254. 2202.  968.
 1841. 2202.  969. 1841. 2249.  923.]",[-0.006  0.     0.006],124,"[  4.  -9.   8.   9. -12.   7.  -9. -20.  12.  -2.  -2.   5.   4.  -8.
   8.   4. -11.   4.]",46,[1.30204552 3.         1.32536089 3.         2.00692236 3.        ],[0. 0. 0. 0. 0. 0.]
50,0,[0. 0. 0. 0. 0. 0.],[0. 0. 0. 0. 0. 0.],[0. 0. 0. 0. 0. 0.],[0. 0. 0. 0. 0. 0.],[0. 0. 0. 0. 0. 0.],[-10. -10. -10. -10. -10. -10.],[-10. -10. -10. -10. -10. -10.],47,"[1844. 2195.  975. 1848. 2237.  930. 2246. 2229.  935. 2253. 2202.  970.
 1843. 2196.  974. 1843. 2237.  929.]","[1839. 2205.  966. 1840. 2249.  923. 2255. 2249.  923. 2255. 2205.  966.
 1840. 2205.  966. 1840. 2249.  923.]",[-0.006 -0.005  0.006],124,"[  5. -10.   9.   8. -12.   7.  -9. -20.  12.  -2.  -3.   4.   3.  -9.
   8.   3. -12.   6.]",47,[1.31111014 3.         1.32724017 3.         1.96654272 3.        ],[0. 0. 0. 0. 0. 0.]
51,0,[ 0.  0.  0.  0.  0. 18.],[0. 0. 0. 0. 0. 0.],[0. 0. 0. 0. 0. 0.],[0. 0. 0. 0. 0. 0.],[0. 0. 0. 0. 0. 0.],[-10. -10. -10. -10. -10. -10.],[-10. -10. -10. -10. -10. -10.],48,"[1843. 2196.  973. 1847. 2237.  931. 2247. 2229.  935. 2255. 2205.  966.
 1842. 2198.  972. 1842. 2237.  929.]","[1837. 2209.  962. 1839. 2248.  924. 2256. 2249.  924. 2257. 2208.  962.
 1838. 2209.  962. 1838. 2248.  923.]",[-0.006 -0.011  0.006],124,"[  6. -13.  11.   8. -11.   7.  -9. -20.  11.  -2.  -3.   4.   4. -11.
  10.   4. -11.   6.]",48,[1.30101758 3.         1.32041305 3.         1.9726795  3.        ],[0. 0. 0. 0. 0. 0.]
52,0,[78.  0.  0.  0. 71. 20.],[1. 0. 1. 0. 0. 0.],[0. 0. 0. 0. 0. 0.],[1. 0. 1. 0. 0. 0.],[0. 0. 0. 0. 0. 0.],[  0. -10.   0. -10. -10. -10.],[-10. -10. -10. -10. -10. -10.],49,"[1835. 2210.  963. 1846. 2237.  932. 2249. 2229.  935. 2257. 2209.  963.
 1836. 2210.  963. 1841. 2237.  930.]","[1836. 2212.  958. 1837. 2248.  924. 2257. 2248.  924. 2258. 2213.  958.
 1837. 2213.  958. 1836. 2248.  924.]",[-0.006 -0.005  0.006],124,"[ -1.  -2.   5.   9. -11.   8.  -8. -19.  11.  -1.  -4.   5.  -1.  -3.
   5.   5. -11.   6.]",49,[1.28929466 3.         1.31348318 3.         1.97875381 3.        ],[0. 0. 0. 0. 0. 0.]
53,0,[0. 0. 0. 0. 0. 0.],[0. 0. 0. 0. 0. 0.],[0. 0. 0. 0. 0. 0.],[1. 0. 1. 0. 0. 0.],[0. 0. 0. 0. 0. 0.],[  0. -10.   0. -10. -10. -10.],[-10. -10. -10. -10. -10. -10.],50,"[1834. 2213.  961. 1844. 2237.  933. 2251. 2230.  935. 2258. 2212.  960.
 1834. 2213.  961. 1838. 2237.  930.]","[1835. 2211.  961. 1836. 2248.  924. 2259. 2248.  924. 2261. 2215.  955.
 1835. 2210.  961. 1835. 2248.  924.]",[-0.006 -0.005  0.006],124,"[ -1.   2.   0.   8. -11.   9.  -8. -18.  11.  -3.  -3.   5.  -1.   3.
   0.   3. -11.   6.]",50,[1.27700347 3.         1.29185933 3.         1.96067941 3.        ],[0. 0. 0. 0. 0. 0.]
54,0,[ 0. 31.  0.  0.  0.  0.],[0. 0. 0. 0. 0. 0.],[0. 0. 0. 0. 0. 0.],[1. 0. 1. 0. 0. 0.],[0. 0. 0. 0. 0. 0.],[  0. -10.   0. -10. -10. -10.],[-10. -10. -10. -10. -10. -10.],51,"[1833. 2217.  958. 1843. 2237.  934. 2252. 2230.  935. 2260. 2215.  957.
 1833. 2216.  958. 1836. 2238.  931.]","[1833. 2212.  959. 1835. 2247.  924. 2260. 2248.  925. 2261. 2218.  953.
 1834. 2211.  960. 1834. 2248.  925.]",[-0.011 -0.011  0.006],124,"[  0.   5.  -1.   8. -10.  10.  -8. -18.  10.  -1.  -3.   4.  -1.   5.
  -2.   2. -10.   6.]",51,[1.27252612 3.         1.29224727 3.         1.95458436 3.        ],[0. 0. 0. 0. 0. 0.]
55,0,[ 0. 34.  0.  0.  0.  0.],[0. 0. 0. 0. 0. 0.],[0. 0. 0. 0. 0. 0.],[1. 0. 1. 0. 0. 0.],[0. 0. 0. 0. 0. 0.],[  0. -10.   0. -10. -10. -10.],[-10. -10. -10. -10. -10. -10.],52,"[1832. 2221.  954. 1841. 2237.  934. 2253. 2230.  935. 2261. 2219.  956.
 1832. 2221.  954. 1835. 2237.  931.]","[1832. 2216.  955. 1834. 2247.  924. 2262. 2247.  925. 2261. 2222.  950.
 1833. 2215.  957. 1832. 2247.  925.]",[-0.011 -0.011  0.006],124,"[  0.   5.  -1.   7. -10.  10.  -9. -17.  10.   0.  -3.   6.  -1.   6.
  -3.   3. -10.   6.]",52,[1.24988504 3.         1.28271344 3.         1.96793795 3.        ],[0. 0. 0. 0. 0. 0.]
56,0,[0. 0. 0. 0. 0. 0.],[0. 0. 0. 0. 0. 0.],[0. 0. 0. 0. 0. 0.],[1. 0. 1. 0. 0. 0.],[0. 0. 0. 0. 0. 0.],[  0. -10.   0. -10. -10. -10.],[-10. -10. -10. -10. -10. -10.],53,"[1831. 2225.  949. 1840. 2236.  934. 2255. 2230.  935. 2262. 2220.  953.
 1831. 2225.  950. 1834. 2237.  931.]","[1832. 2219.  952. 1833. 2247.  925. 2262. 2247.  925. 2262. 2225.  947.
 1833. 2219.  953. 1833. 2248.  924.]",[-0.006 -0.005  0.006],124,"[ -1.   6.  -3.   7. -11.   9.  -7. -17.  10.   0.  -5.   6.  -2.   6.
  -3.   1. -11.   7.]",53,[1.24281253 3.         1.28178898 3.         1.96501207 3.        ],[0. 0. 0. 0. 0. 0.]
57,0,[ 0.  0.  0. 14.  0.  0.],[0. 0. 0. 0. 0. 0.],[0. 0. 0. 0. 0. 0.],[1. 0. 1. 0. 0. 0.],[0. 0. 0. 0. 0. 0.],[  0. -10.   0. -10. -10. -10.],[-10. -10. -10. -10. -10. -10.],54,"[1831. 2230.  945. 1839. 2236.  934. 2256. 2230.  934. 2263. 2222.  950.
 1831. 2229.  946. 1832. 2237.  931.]","[1831. 2225.  946. 1833. 2246.  926. 2262. 2247.  926. 2263. 2230.  942.
 1832. 2224.  948. 1831. 2246.  926.]",[-0.006  0.006  0.006],124,"[  0.   5.  -1.   6. -10.   8.  -6. -17.   8.   0.  -8.   8.  -1.   5.
  -2.   1.  -9.   5.]",54,[1.25291234 3.         1.29199079 3.         1.94070363 3.        ],[0. 0. 0. 0. 0. 0.]
58,0,[ 0.  0.  0. 43.  0.  0.],[0. 0. 0. 0. 0. 0.],[0. 0. 0. 0. 0. 0.],[1. 0. 1. 0. 0. 0.],[0. 0. 0. 0. 0. 0.],[  0. -10.   0. -10. -10. -10.],[-10. -10. -10. -10. -10. -10.],55,"[1830. 2234.  941. 1838. 2236.  934. 2257. 2230.  935. 2263. 2223.  946.
 1830. 2234.  941. 1831. 2237.  931.]","[1830. 2229.  942. 1832. 2246.  925. 2263. 2247.  926. 2264. 2232.  939.
 1831. 2229.  943. 1830. 2246.  926.]",[-0.006 -0.005  0.006],124,"[  0.   5.  -1.   6. -10.   9.  -6. -17.   9.  -1.  -9.   7.  -1.   5.
  -2.   1.  -9.   5.]",55,[1.26646572 3.         1.31239921 3.         1.90619659 3.        ],[0. 0. 0. 0. 0. 0.]
59,1,[ 0.  0.  0. 25.  0.  0.],[0. 0. 0. 0. 0. 0.],[0. 0. 0. 0. 0. 0.],[0. 0. 0. 0. 0. 0.],[0. 0. 0. 0. 0. 0.],[ -2. -10.  -2. -10. -10. -10.],[-10. -10. -10. -10. -10. -10.],56,"[1835. 2212.  954. 1837. 2236.  934. 2259. 2231.  934. 2264. 2226.  944.
 1834. 2214.  956. 1831. 2237.  931.]","[1830. 2233.  937. 1832. 2246.  926. 2263. 2246.  926. 2265. 2236.  935.
 1830. 2234.  937. 1830. 2246.  926.]",[-0.011 -0.011  0.006],124,"[  5. -21.  17.   5. -10.   8.  -4. -15.   8.  -1. -10.   9.   4. -20.
  19.   1.  -9.   5.]",56,[1.23600355 3.         1.2888968  3.         1.92768919 3.        ],[0. 0. 0. 0. 0. 0.]
60,1,[ 0.  0.  0. 32.  0.  0.],[0. 0. 0. 0. 0. 0.],[0. 0. 0. 0. 0. 0.],[0. 0. 0. 0. 0. 0.],[0. 0. 0. 0. 0. 0.],[ -2. -10.  -2. -10. -10. -10.],[-10. -10. -10. -10. -10. -10.],0,"[1834. 2215.  951. 1836. 2236.  934. 2259. 2231.  935. 2263. 2229.  941.
 1834. 2216.  953. 1831. 2237.  931.]","[1830. 2239.  931. 1831. 2245.  927. 2264. 2245.  927. 2265. 2239.  932.
 1830. 2239.  932. 1830. 2246.  927.]",[-0.006  0.006  0.006],124,"[  4. -24.  20.   5.  -9.   7.  -5. -14.   8.  -2. -10.   9.   4. -23.
  21.   1.  -9.   4.]",0,[1. 1. 1. 1. 1. 1.],[0. 0. 0. 0. 0. 0.]
61,1,[0. 0. 0. 0. 0. 0.],[0. 0. 0. 0. 0. 0.],[0. 0. 0. 0. 0. 0.],[0. 0. 0. 0. 0. 0.],[0. 0. 0. 0. 0. 0.],[ -2. -10.  -2. -10. -10. -10.],[-10. -10. -10. -10. -10. -10.],1,"[1833. 2218.  950. 1835. 2236.  934. 2260. 2231.  934. 2264. 2232.  938.
 1833. 2218.  950. 1831. 2236.  931.]","[1830. 2243.  928. 1831. 2245.  927. 2264. 2246.  927. 2265. 2242.  929.
 1830. 2243.  929. 1830. 2245.  927.]",[-0.006  0.     0.006],124,"[  3. -25.  22.   4.  -9.   7.  -4. -15.   7.  -1. -10.   9.   3. -25.
  21.   1.  -9.   4.]",1,[1. 1. 1. 1. 1. 1.],[0. 0. 0. 0. 0. 0.]
62,1,[0. 0. 0. 0. 0. 0.],[0. 0. 0. 0. 0. 0.],[0. 0. 0. 0. 0. 0.],[0. 0. 0. 0. 0. 0.],[0. 0. 0. 0. 0. 0.],[ -2. -10.  -2. -10. -10. -10.],[-10. -10. -10. -10. -10. -10.],2,"[1833. 2219.  947. 1835. 2236.  934. 2261. 2232.  934. 2264. 2234.  936.
 1833. 2220.  948. 1831. 2235.  933.]","[1830. 2243.  928. 1831. 2243.  929. 2263. 2243.  929. 2265. 2243.  928.
 1830. 2243.  928. 1830. 2243.  929.]",[-0.017 -0.011  0.006],124,"[  3. -24.  19.   4.  -7.   5.  -2. -11.   5.  -1.  -9.   8.   3. -23.
  20.   1.  -8.   4.]",2,[1. 1. 1. 1. 1. 1.],[0. 0. 0. 0. 0. 0.]
63,1,[0. 0. 0. 0. 0. 0.],[0. 0. 0. 0. 0. 0.],[0. 0. 0. 0. 0. 0.],[0. 0. 0. 0. 0. 0.],[0. 0. 0. 0. 0. 0.],[ -2. -10.  -2. -10. -10. -10.],[-10. -10. -10. -10. -10. -10.],3,"[1833. 2221.  945. 1834. 2234.  935. 2262. 2232.  934. 2263. 2235.  935.
 1833. 2221.  947. 1831. 2233.  934.]","[1830. 2243.  927. 1831. 2239.  933. 2264. 2240.  933. 2265. 2243.  927.
 1831. 2244.  927. 1830. 2239.  933.]",[-0.011 -0.005  0.006],124,"[  3. -22.  18.   3.  -5.   2.  -2.  -8.   1.  -2.  -8.   8.   2. -23.
  20.   1.  -6.   1.]",3,[1. 1. 1. 1. 1. 1.],[0. 0. 0. 0. 0. 0.]
64,1,[0. 0. 0. 0. 0. 0.],[0. 0. 0. 0. 0. 0.],[0. 0. 0. 0. 0. 0.],[0. 0. 0. 0. 0. 0.],[0. 0. 0. 0. 0. 0.],[ -2. -10.  -2. -10. -10. -10.],[-10. -10. -10. -10. -10. -10.],4,"[1833. 2222.  944. 1834. 2232.  938. 2262. 2232.  935. 2264. 2235.  935.
 1834. 2222.  945. 1830. 2231.  937.]","[1829. 2244.  927. 1831. 2236.  936. 2263. 2236.  937. 2264. 2244.  927.
 1830. 2244.  927. 1830. 2236.  937.]",[-0.006  0.011  0.006],124,"[  4. -22.  17.   3.  -4.   2.  -1.  -4.  -2.   0.  -9.   8.   4. -22.
  18.   0.  -5.   0.]",4,[1. 1. 1. 1. 1. 1.],[0. 0. 0. 0. 0. 0.]
65,1,[0. 0. 0. 0. 0. 0.],[0. 0. 0. 0. 0. 0.],[0. 0. 0. 0. 0. 0.],[0. 0. 0. 0. 0. 0.],[0. 0. 0. 0. 0. 0.],[ -2. -10.  -2. -10. -10. -10.],[-10. -10. -10. -10. -10. -10.],5,"[1833. 2223.  942. 1834. 2229.  940. 2263. 2230.  935. 2263. 2235.  935.
 1833. 2224.  944. 1830. 2228.  939.]","[1830. 2244.  927. 1831. 2231.  939. 2263. 2232.  939. 2264. 2244.  927.
 1831. 2244.  927. 1830. 2231.  939.]",[-0.006  0.     0.006],124,"[  3. -21.  15.   3.  -2.   1.   0.  -2.  -4.  -1.  -9.   8.   2. -20.
  17.   0.  -3.   0.]",5,[1. 1. 1. 1. 1. 1.],[0. 0. 0. 0. 0. 0.]
66,1,[0. 0. 0. 0. 0. 0.],[0. 0. 0. 0. 0. 0.],[0. 0. 0. 0. 0. 0.],[0. 0. 0. 0. 0. 0.],[0. 0. 0. 0. 0. 0.],[ -2. -10.  -2. -10. -10. -10.],[-10. -10. -10. -10. -10. -10.],6,"[1833. 2224.  940. 1834. 2226.  943. 2263. 2228.  938. 2263. 2235.  935.
 1833. 2225.  942. 1829. 2225.  942.]","[1830. 2245.  926. 1831. 2229.  943. 2263. 2229.  943. 2264. 2244.  926.
 1830. 2245.  926. 1831. 2228.  943.]",[-0.017 -0.011  0.006],124,"[  3. -21.  14.   3.  -3.   0.   0.  -1.  -5.  -1.  -9.   9.   3. -20.
  16.  -2.  -3.  -1.]",6,[1. 1. 1. 1. 1. 1.],[0. 0. 0. 0. 0. 0.]
67,1,[0. 0. 0. 0. 0. 0.],[0. 0. 0. 0. 0. 0.],[0. 0. 0. 0. 0. 0.],[0. 0. 0. 0. 0. 0.],[0. 0. 0. 0. 0. 0.],[ -2. -10.  -2. -10. -10. -10.],[-10. -10. -10. -10. -10. -10.],7,"[1833. 2226.  938. 1834. 2224.  945. 2263. 2227.  940. 2262. 2235.  935.
 1833. 2225.  941. 1829. 2223.  945.]","[1831. 2245.  926. 1831. 2225.  947. 2263. 2226.  947. 2264. 2245.  926.
 1830. 2245.  926. 1831. 2225.  946.]",[-0.011  0.006  0.006],124,"[  2. -19.  12.   3.  -1.  -2.   0.   1.  -7.  -2. -10.   9.   3. -20.
  15.  -2.  -2.  -1.]",7,[1. 1. 1. 1. 1. 1.],[0. 0. 0. 0. 0. 0.]
68,1,[ 0.  0. 18.  0.  0.  0.],[0. 0. 0. 0. 0. 0.],[0. 0. 0. 0. 0. 0.],[0. 0. 0. 0. 0. 0.],[0. 0. 0. 0. 0. 0.],[ -2. -10.  -2. -10. -10. -10.],[-10. -10. -10. -10. -10. -10.],8,"[1833. 2226.  937. 1834. 2221.  949. 2262. 2226.  943. 2261. 2234.  935.
 1834. 2227.  939. 1830. 2220.  946.]","[1832. 2245.  926. 1832. 2222.  950. 2263. 2222.  951. 2263. 2245.  926.
 1831. 2245.  926. 1832. 2222.  950.]",[-0.006  0.011  0.006],124,"[  1. -19.  11.   2.  -1.  -1.  -1.   4.  -8.  -2. -11.   9.   3. -18.
  13.  -2.  -2.  -4.]",8,[1. 1. 1. 1. 1. 1.],[0. 0. 0. 0. 0. 0.]
69,1,[ 0.  0. 24. 39.  0.  0.],[0. 0. 0. 0. 0. 0.],[0. 0. 0. 0. 0. 0.],[0. 0. 0. 0. 0. 0.],[0. 0. 0. 0. 0. 0.],[ -2. -10.  -2. -10. -10. -10.],[-10. -10. -10. -10. -10. -10.],9,"[1833. 2228.  935. 1834. 2219.  950. 2263. 2224.  947. 2260. 2234.  936.
 1834. 2227.  938. 1831. 2216.  949.]","[1833. 2245.  925. 1832. 2219.  953. 2262. 2220.  953. 2261. 2246.  925.
 1833. 2246.  925. 1833. 2219.  953.]",[-0.011 -0.005  0.006],124,"[  0. -17.  10.   2.   0.  -3.   1.   4.  -6.  -1. -12.  11.   1. -19.
  13.  -2.  -3.  -4.]",9,[1. 1. 1. 1. 1. 1.],[0. 0. 0. 0. 0. 0.]
70,1,[ 0.  0.  0. 80.  0. 10.],[0. 0. 0. 0. 0. 0.],[0. 0. 0. 0. 0. 0.],[0. 0. 0. 0. 0. 0.],[0. 0. 0. 0. 0. 0.],[ -2. -10.  -2. -10. -10. -10.],[-10. -10. -10. -10. -10. -10.],10,"[1834. 2227.  934. 1835. 2216.  952. 2263. 2221.  950. 2260. 2234.  936.
 1835. 2227.  936. 1832. 2214.  951.]","[1835. 2246.  925. 1834. 2217.  956. 2260. 2217.  956. 2260. 2246.  925.
 1834. 2246.  925. 1835. 2216.  956.]",[-0.017 -0.005  0.006],124,"[ -1. -19.   9.   1.  -1.  -4.   3.   4.  -6.   0. -12.  11.   1. -19.
  11.  -3.  -2.  -5.]",10,[0.         2.53894448 3.         2.35329819 0.         2.6866982 ],[0. 0. 0. 0. 0. 0.]
71,1,[ 0. 10.  0. 40.  0.  0.],[0. 0. 0. 0. 0. 0.],[0. 0. 0. 0. 0. 0.],[0. 0. 0. 0. 0. 0.],[0. 0. 0. 0. 0. 0.],[ -2. -10.  -2. -10. -10. -10.],[-10. -10. -10. -10. -10. -10.],11,"[1836. 2228.  933. 1835. 2213.  954. 2262. 2217.  954. 2258. 2234.  935.
 1836. 2227.  936. 1834. 2211.  954.]","[1836. 2246.  925. 1836. 2213.  959. 2259. 2213.  960. 2259. 2246.  925.
 1836. 2246.  925. 1837. 2213.  959.]",[-0.011 -0.005  0.006],124,"[  0. -18.   8.  -1.   0.  -5.   3.   4.  -6.  -1. -12.  10.   0. -19.
  11.  -3.  -2.  -5.]",11,[0.         2.55068958 3.         2.36052299 0.         2.69432092],[0. 0. 0. 0. 0. 0.]
72,1,[ 0. 13.  0.  0.  0.  0.],[0. 0. 0. 0. 0. 0.],[0. 0. 0. 0. 0. 0.],[0. 0. 0. 0. 0. 0.],[0. 0. 0. 0. 0. 0.],[ -2. -10.  -2. -10. -10. -10.],[-10. -10. -10. -10. -10. -10.],12,"[1836. 2228.  932. 1835. 2211.  956. 2260. 2214.  958. 2258. 2234.  936.
 1837. 2227.  935. 1835. 2209.  956.]","[1838. 2246.  924. 1838. 2210.  963. 2257. 2209.  963. 2258. 2246.  924.
 1838. 2247.  924. 1838. 2209.  963.]",[-0.006  0.006  0.006],124,"[ -2. -18.   8.  -3.   1.  -7.   3.   5.  -5.   0. -12.  12.  -1. -20.
  11.  -3.   0.  -7.]",12,[0.         2.57988787 3.         2.3919971  0.         2.71420968],[0. 0. 0. 0. 0. 0.]
73,1,[ 0. 19.  0.  0.  0. 21.],[0. 0. 0. 0. 0. 0.],[0. 0. 0. 0. 0. 0.],[0. 0. 0. 0. 0. 0.],[0. 0. 0. 0. 0. 0.],[ -2. -10.  -2. -10. -10. -10.],[-10. -10. -10. -10. -10. -10.],13,"[1838. 2229.  931. 1836. 2209.  960. 2259. 2211.  962. 2257. 2234.  936.
 1838. 2227.  933. 1836. 2206.  959.]","[1839. 2247.  924. 1839. 2206.  966. 2255. 2206.  967. 2257. 2246.  924.
 1839. 2247.  924. 1840. 2206.  967.]",[-0.011 -0.005  0.006],124,"[ -1. -18.   7.  -3.   3.  -6.   4.   5.  -5.   0. -12.  12.  -1. -20.
   9.  -4.   0.  -8.]",13,[0.         2.5370158  3.         2.49610233 0.         2.6694572 ],[0. 0. 0. 0. 0. 0.]
74,1,[ 0.  0.  0.  0.  0. 25.],[0. 0. 0. 0. 0. 0.],[0. 0. 0. 0. 0. 0.],[0. 0. 0. 0. 0. 0.],[0. 0. 0. 0. 0. 0.],[ -2. -10.  -2. -10. -10. -10.],[-10. -10. -10. -10. -10. -10.],14,"[1840. 2230.  931. 1837. 2207.  963. 2257. 2208.  965. 2254. 2234.  936.
 1840. 2227.  932. 1838. 2203.  961.]","[1841. 2247.  924. 1840. 2203.  969. 2254. 2203.  969. 2254. 2247.  924.
 1841. 2247.  924. 1840. 2203.  969.]",[-0.011 -0.011  0.006],124,"[ -1. -17.   7.  -3.   4.  -6.   3.   5.  -4.   0. -13.  12.  -1. -20.
   8.  -2.   0.  -8.]",14,[0.         2.61349213 3.         2.42903554 0.         2.73482192],[0. 0. 0. 0. 0. 0.]
75,1,[0. 0. 0. 0. 0. 0.],[0. 0. 0. 0. 0. 0.],[0. 0. 0. 0. 0. 0.],[0. 0. 0. 0. 0. 0.],[0. 0. 0. 0. 0. 0.],[ -2. -10.  -2. -10. -10. -10.],[-10. -10. -10. -10. -10. -10.],15,"[1842. 2230.  930. 1838. 2205.  967. 2255. 2205.  968. 2253. 2234.  936.
 1842. 2227.  930. 1840. 2200.  964.]","[1843. 2247.  923. 1843. 2200.  972. 2252. 2200.  972. 2252. 2247.  923.
 1843. 2248.  923. 1843. 2200.  972.]",[-0.011 -0.011  0.006],124,"[ -1. -17.   7.  -5.   5.  -5.   3.   5.  -4.   1. -13.  13.  -1. -21.
   7.  -3.   0.  -8.]",15,[0.         2.65846407 3.         2.37997246 0.         2.7553283 ],[0. 0. 0. 0. 0. 0.]
76,1,[ 0. 27.  0.  0.  0.  0.],[0. 0. 0. 0. 0. 0.],[0. 0. 0. 0. 0. 0.],[0. 0. 0. 0. 0. 0.],[0. 0. 0. 0. 0. 0.],[ -2. -10.  -2. -10. -10. -10.],[-10. -10. -10. -10. -10. -10.],16,"[1843. 2231.  931. 1840. 2202.  970. 2253. 2201.  972. 2251. 2234.  936.
 1843. 2227.  929. 1842. 2197.  967.]","[1845. 2247.  923. 1844. 2197.  976. 2250. 2197.  976. 2250. 2247.  923.
 1844. 2248.  923. 1845. 2196.  976.]",[-0.006 -0.005  0.006],124,"[ -2. -16.   8.  -4.   5.  -6.   3.   4.  -4.   1. -13.  13.  -1. -21.
   6.  -3.   1.  -9.]",16,[0.         2.67238331 3.         2.39959133 0.         2.76452935],[0. 0. 0. 0. 0. 0.]
77,1,[0. 0. 0. 0. 0. 0.],[0. 0. 0. 0. 0. 0.],[0. 0. 0. 0. 0. 0.],[0. 0. 0. 0. 0. 0.],[0. 0. 0. 0. 0. 0.],[ -2. -10.  -2. -10. -10. -10.],[-10. -10. -10. -10. -10. -10.],17,"[1846. 2232.  931. 1844. 2198.  974. 2250. 2198.  975. 2250. 2233.  936.
 1845. 2227.  929. 1843. 2194.  971.]","[1847. 2247.  923. 1848. 2193.  979. 2247. 2193.  980. 2247. 2248.  923.
 1847. 2248.  923. 1847. 2193.  979.]",[-0.006  0.     0.006],124,"[ -1. -15.   8.  -4.   5.  -5.   3.   5.  -5.   3. -15.  13.  -2. -21.
   6.  -4.   1.  -8.]",17,[0.         2.6668576  3.         2.4775176  0.         2.76869249],[0. 0. 0. 0. 0. 0.]
78,1,[ 0.  0.  0. 54.  0.  0.],[0. 0. 0. 0. 0. 0.],[0. 0. 0. 0. 0. 0.],[0. 0. 0. 0. 0. 0.],[0. 0. 0. 0. 0. 0.],[ -2. -10.  -2. -10. -10. -10.],[-10. -10. -10. -10. -10. -10.],18,"[1847. 2233.  931. 1846. 2195.  978. 2248. 2194.  978. 2248. 2233.  936.
 1848. 2227.  929. 1846. 2191.  975.]","[1850. 2249.  922. 1850. 2190.  982. 2245. 2190.  983. 2245. 2248.  922.
 1850. 2249.  922. 1850. 2190.  983.]",[-0.011 -0.011  0.006],124,"[ -3. -16.   9.  -4.   5.  -4.   3.   4.  -5.   3. -15.  14.  -2. -22.
   7.  -4.   1.  -8.]",18,[0.         2.65535975 3.         2.53086662 0.         2.76562667],[0. 0. 0. 0. 0. 0.]
79,1,[ 0.  0.  0. 64.  0.  0.],[0. 0. 0. 0. 0. 0.],[0. 0. 0. 0. 0. 0.],[0. 0. 0. 0. 0. 0.],[0. 0. 0. 0. 0. 0.],[ -2. -10.  -2. -10. -10. -10.],[-10. -10. -10. -10. -10. -10.],19,"[1847. 2234.  930. 1848. 2192.  981. 2246. 2192.  981. 2245. 2234.  936.
 1848. 2227.  929. 1848. 2188.  979.]","[1852. 2248.  922. 1852. 2187.  985. 2243. 2187.  985. 2243. 2248.  922.
 1851. 2249.  922. 1852. 2187.  986.]",[-0.011 -0.005  0.006],124,"[ -5. -14.   8.  -4.   5.  -4.   3.   5.  -4.   2. -14.  14.  -3. -22.
   7.  -4.   1.  -7.]",19,[0.         2.70055163 3.         2.44899273 0.         2.78857827],[0. 0. 0. 0. 0. 0.]
80,1,[11.  0.  0.  0.  0.  0.],[0. 0. 0. 0. 0. 0.],[0. 0. 0. 0. 0. 0.],[0. 0. 0. 0. 0. 0.],[0. 0. 0. 0. 0. 0.],[ -2. -10.  -2. -10. -10. -10.],[-10. -10. -10. -10. -10. -10.],20,"[1849. 2235.  930. 1851. 2188.  984. 2243. 2188.  984. 2242. 2233.  936.
 1849. 2228.  929. 1850. 2185.  982.]","[1855. 2249.  922. 1855. 2184.  989. 2240. 2184.  989. 2240. 2249.  922.
 1855. 2249.  922. 1855. 2183.  989.]",[-0.006 -0.005  0.006],124,"[ -6. -14.   8.  -4.   4.  -5.   3.   4.  -5.   2. -16.  14.  -6. -21.
   7.  -5.   2.  -7.]",20,[0.         2.68699145 3.         2.52007949 0.         2.79615533],[0. 0. 0. 0. 0. 0.]
81,1,[15.  0.  0.  0. 13.  0.],[0. 0. 0. 0. 0. 0.],[0. 0. 0. 0. 0. 0.],[0. 0. 0. 0. 0. 0.],[0. 0. 0. 0. 0. 0.],[ -2. -10.  -2. -10. -10. -10.],[-10. -10. -10. -10. -10. -10.],21,"[1851. 2236.  930. 1853. 2185.  987. 2241. 2185.  987. 2240. 2233.  936.
 1851. 2227.  929. 1853. 2182.  986.]","[1858. 2249.  921. 1858. 2180.  991. 2237. 2181.  992. 2236. 2249.  921.
 1858. 2250.  921. 1858. 2181.  992.]",[-0.006 -0.005  0.006],124,"[ -7. -13.   9.  -5.   5.  -4.   4.   4.  -5.   4. -16.  15.  -7. -23.
   8.  -5.   1.  -6.]",21,[0.         2.70415831 3.         2.52906477 0.         2.80916464],[0. 0. 0. 0. 0. 0.]
82,1,[21.  0.  0.  0. 18.  0.],[0. 0. 0. 0. 0. 0.],[0. 0. 0. 0. 0. 0.],[0. 0. 0. 0. 0. 0.],[0. 0. 0. 0. 0. 0.],[ -2. -10.  -2. -10. -10. -10.],[-10. -10. -10. -10. -10. -10.],22,"[1854. 2237.  930. 1856. 2182.  990. 2238. 2183.  990. 2239. 2234.  936.
 1854. 2227.  929. 1856. 2180.  990.]","[1861. 2249.  921. 1860. 2177.  995. 2234. 2178.  994. 2234. 2250.  921.
 1860. 2251.  922. 1861. 2178.  994.]",[-0.006 -0.011  0.006],124,"[ -7. -12.   9.  -4.   5.  -5.   4.   5.  -4.   5. -16.  15.  -6. -24.
   7.  -5.   2.  -4.]",22,[0.         2.7109139  3.         2.5394448  0.         2.82079422],[0. 0. 0. 0. 0. 0.]
83,1,[ 0.  0.  0. 13. 90.  0.],[0. 0. 0. 0. 0. 0.],[0. 0. 0. 0. 0. 0.],[0. 0. 0. 0. 0. 0.],[0. 0. 0. 0. 0. 0.],[ -2. -10.  -2. -10. -10. -10.],[-10. -10. -10. -10. -10. -10.],23,"[1857. 2238.  929. 1859. 2179.  993. 2235. 2179.  993. 2236. 2234.  936.
 1858. 2227.  929. 1859. 2179.  993.]","[1864. 2250.  921. 1864. 2174.  998. 2230. 2174.  998. 2231. 2250.  921.
 1864. 2251.  921. 1864. 2174.  997.]",[-0.006 -0.005  0.006],124,"[ -7. -12.   8.  -5.   5.  -5.   5.   5.  -5.   5. -16.  15.  -6. -24.
   8.  -5.   5.  -4.]",23,[0.         2.73234677 3.         2.50418878 0.         2.83075011],[0. 0. 0. 0. 0. 0.]
84,1,[ 0.  0.  0.  0.  0. 10.],[0. 0. 0. 0. 0. 0.],[0. 0. 0. 0. 0. 0.],[0. 0. 0. 0. 0. 0.],[0. 0. 0. 0. 0. 0.],[ -2. -10.  -2. -10. -10. -10.],[-10. -10. -10. -10. -10. -10.],24,"[1860. 2238.  929. 1862. 2176.  996. 2232. 2177.  996. 2234. 2233.  935.
 1861. 2227.  929. 1862. 2175.  996.]","[1867. 2250.  921. 1866. 2171. 1000. 2227. 2172. 1000. 2228. 2251.  921.
 1867. 2251.  921. 1867. 2172. 1000.]",[-0.006  0.     0.006],124,"[ -7. -12.   8.  -4.   5.  -4.   5.   5.  -4.   6. -18.  14.  -6. -24.
   8.  -5.   3.  -4.]",24,[0.         2.71777523 3.         2.56052268 0.         2.84314167],[0. 0. 0. 0. 0. 0.]
85,1,[ 0.  0.  0. 66.  0.  0.],[0. 0. 0. 0. 0. 0.],[0. 0. 0. 0. 0. 0.],[0. 0. 0. 0. 0. 0.],[0. 0. 0. 0. 0. 0.],[ -2. -10.  -2. -10. -10. -10.],[-10. -10. -10. -10. -10. -10.],25,"[1864. 2239.  929. 1865. 2173.  998. 2229. 2174.  998. 2231. 2233.  935.
 1864. 2227.  928. 1864. 2172.  999.]","[1870. 2250.  920. 1870. 2169. 1002. 2225. 2170. 1002. 2225. 2251.  920.
 1870. 2251.  920. 1870. 2169. 1003.]",[-0.006 -0.005  0.006],124,"[ -6. -11.   9.  -5.   4.  -4.   4.   4.  -4.   6. -18.  15.  -6. -24.
   8.  -6.   3.  -4.]",25,[0.         2.70302856 3.         2.60038078 0.         2.84617698],[0. 0. 0. 0. 0. 0.]
86,1,[ 0.  0.  0. 68.  0.  0.],[0. 0. 0. 0. 0. 0.],[0. 0. 0. 0. 0. 0.],[0. 0. 0. 0. 0. 0.],[0. 0. 0. 0. 0. 0.],[ -2. -10.  -2. -10. -10. -10.],[-10. -10. -10. -10. -10. -10.],26,"[1867. 2240.  928. 1868. 2171. 1002. 2227. 2171. 1001. 2227. 2234.  935.
 1868. 2227.  928. 1868. 2170. 1001.]","[1873. 2251.  920. 1873. 2166. 1005. 2221. 2167. 1005. 2221. 2251.  920.
 1873. 2251.  920. 1873. 2167. 1006.]",[-0.011 -0.005  0.006],124,"[ -6. -11.   8.  -5.   5.  -3.   6.   4.  -4.   6. -17.  15.  -5. -24.
   8.  -5.   3.  -5.]",26,[0.         2.72349524 3.         2.58298397 0.         2.86746883],[0. 0. 0. 0. 0. 0.]
87,1,[0. 0. 0. 0. 0. 0.],[0. 0. 0. 0. 0. 0.],[0. 0. 0. 0. 0. 0.],[0. 0. 0. 0. 0. 0.],[0. 0. 0. 0. 0. 0.],[ -2. -10.  -2. -10. -10. -10.],[-10. -10. -10. -10. -10. -10.],27,"[1870. 2240.  927. 1872. 2168. 1005. 2223. 2168. 1004. 2224. 2234.  935.
 1871. 2227.  926. 1870. 2167. 1004.]","[1876. 2250.  920. 1877. 2164. 1008. 2219. 2164. 1009. 2218. 2251.  920.
 1876. 2251.  920. 1877. 2164. 1008.]",[-0.006 -0.005  0.006],124,"[ -6. -10.   7.  -5.   4.  -3.   4.   4.  -5.   6. -17.  15.  -5. -24.
   6.  -7.   3.  -4.]",27,[0.         2.70712185 3.         2.59210956 0.         2.8706336 ],[0. 0. 0. 0. 0. 0.]
88,1,[0. 0. 0. 0. 0. 0.],[0. 0. 0. 0. 0. 0.],[0. 0. 0. 0. 0. 0.],[0. 0. 0. 0. 0. 0.],[0. 0. 0. 0. 0. 0.],[ -2. -10.  -2. -10. -10. -10.],[-10. -10. -10. -10. -10. -10.],28,"[1873. 2241.  927. 1875. 2165. 1007. 2219. 2166. 1007. 2220. 2233.  934.
 1874. 2227.  925. 1875. 2165. 1007.]","[1880. 2251.  919. 1880. 2161. 1011. 2214. 2162. 1011. 2214. 2252.  919.
 1880. 2252.  919. 1879. 2162. 1011.]",[-0.011 -0.005  0.006],124,"[ -7. -10.   8.  -5.   4.  -4.   5.   4.  -4.   6. -19.  15.  -6. -25.
   6.  -4.   3.  -4.]",28,[0.         2.71772969 3.         2.60003138 0.         2.89133835],[0. 0. 0. 0. 0. 0.]
89,1,[0. 0. 0. 0. 0. 0.],[0. 0. 0. 0. 0. 0.],[0. 0. 0. 0. 0. 0.],[0. 0. 0. 0. 0. 0.],[0. 0. 0. 0. 0. 0.],[ -2. -10.  -2. -10. -10. -10.],[-10. -10. -10. -10. -10. -10.],29,"[1878. 2241.  926. 1879. 2162. 1010. 2216. 2163. 1010. 2215. 2234.  934.
 1878. 2227.  925. 1879. 2162. 1010.]","[1884. 2251.  919. 1884. 2159. 1013. 2211. 2159. 1013. 2211. 2252.  919.
 1884. 2252.  919. 1884. 2159. 1013.]",[-0.011 -0.011  0.006],124,"[ -6. -10.   7.  -5.   3.  -3.   5.   4.  -3.   4. -18.  15.  -6. -25.
   6.  -5.   3.  -3.]",29,[0.         2.69937301 3.         2.60773039 0.         2.89086473],[0. 0. 0. 0. 0. 0.]
90,1,[0. 0. 0. 0. 0. 0.],[0. 0. 0. 0. 0. 0.],[0. 0. 0. 0. 0. 0.],[0. 0. 0. 0. 0. 0.],[0. 0. 0. 0. 0. 0.],[ -2. -10.  -2. -10. -10. -10.],[-10. -10. -10. -10. -10. -10.],30,"[1881. 2242.  925. 1882. 2160. 1012. 2212. 2161. 1012. 2211. 2234.  934.
 1882. 2227.  924. 1882. 2160. 1012.]","[1889. 2252.  919. 1887. 2156. 1015. 2206. 2157. 1016. 2206. 2252.  919.
 1887. 2252.  919. 1889. 2156. 1016.]",[-0.011 -0.011  0.006],124,"[ -8. -10.   6.  -5.   4.  -3.   6.   4.  -4.   5. -18.  15.  -5. -25.
   5.  -7.   4.  -4.]",30,[0.         2.71130764 3.         2.59132981 0.         2.90668082],[0. 0. 0. 0. 0. 0.]
91,1,[0. 0. 0. 0. 0. 0.],[0. 0. 0. 0. 0. 0.],[0. 0. 0. 0. 0. 0.],[0. 0. 0. 0. 0. 0.],[0. 0. 0. 0. 0. 0.],[ -2. -10.  -2. -10. -10. -10.],[-10. -10. -10. -10. -10. -10.],31,"[1885. 2243.  925. 1886. 2157. 1015. 2209. 2158. 1015. 2206. 2234.  932.
 1886. 2227.  924. 1887. 2157. 1015.]","[1892. 2252.  919. 1892. 2154. 1018. 2202. 2154. 1018. 2202. 2252.  919.
 1892. 2253.  919. 1893. 2153. 1018.]",[-0.006 -0.005  0.006],124,"[ -7.  -9.   6.  -6.   3.  -3.   7.   4.  -3.   4. -18.  13.  -6. -26.
   5.  -6.   4.  -3.]",31,[0.         2.70518446 3.         2.59979141 0.         2.91729939],[0. 0. 0. 0. 0. 0.]
92,1,[ 0.  0. 23.  0.  0.  0.],[0. 0. 0. 0. 0. 0.],[0. 0. 0. 0. 0. 0.],[0. 0. 0. 0. 0. 0.],[0. 0. 0. 0. 0. 0.],[ -2. -10.  -2. -10. -10. -10.],[-10. -10. -10. -10. -10. -10.],32,"[1889. 2243.  925. 1891. 2155. 1017. 2204. 2156. 1017. 2201. 2233.  931.
 1890. 2227.  924. 1891. 2155. 1018.]","[1896. 2252.  918. 1896. 2151. 1020. 2198. 2152. 1021. 2198. 2252.  919.
 1896. 2253.  918. 1897. 2151. 1021.]",[-0.011 -0.011  0.006],124,"[ -7.  -9.   7.  -5.   4.  -3.   6.   4.  -4.   3. -19.  12.  -6. -26.
   6.  -6.   4.  -3.]",32,[0.         2.70039809 3.         2.63295627 0.         2.93811858],[0. 0. 0. 0. 0. 0.]
93,1,[0. 0. 0. 0. 0. 0.],[0. 0. 0. 0. 0. 0.],[0. 0. 0. 0. 0. 0.],[0. 0. 0. 0. 0. 0.],[0. 0. 0. 0. 0. 0.],[ -2. -10.  -2. -10. -10. -10.],[-10. -10. -10. -10. -10. -10.],33,"[1894. 2244.  924. 1895. 2152. 1019. 2200. 2153. 1020. 2198. 2233.  931.
 1894. 2227.  924. 1895. 2153. 1020.]","[1901. 2252.  918. 1901. 2149. 1022. 2193. 2149. 1022. 2194. 2253.  918.
 1901. 2253.  918. 1901. 2149. 1023.]",[-0.011 -0.011  0.006],124,"[ -7.  -8.   6.  -6.   3.  -3.   7.   4.  -2.   4. -20.  13.  -7. -26.
   6.  -6.   4.  -3.]",33,[0.         2.68772388 3.         2.61626685 0.         2.93720341],[0. 0. 0. 0. 0. 0.]
94,1,[ 0.  0.  0. 75.  0.  0.],[0. 0. 0. 0. 0. 0.],[0. 0. 0. 0. 0. 0.],[0. 0. 0. 0. 0. 0.],[0. 0. 0. 0. 0. 0.],[ -2. -10.  -2. -10. -10. -10.],[-10. -10. -10. -10. -10. -10.],34,"[1897. 2244.  923. 1898. 2150. 1022. 2196. 2151. 1023. 2194. 2234.  930.
 1898. 2228.  924. 1898. 2150. 1022.]","[1904. 2253.  918. 1904. 2147. 1025. 2191. 2147. 1026. 2191. 2253.  918.
 1904. 2253.  918. 1905. 2147. 1025.]",[-0.011 -0.005  0.006],124,"[ -7.  -9.   5.  -6.   3.  -3.   5.   4.  -3.   3. -19.  12.  -6. -25.
   6.  -7.   3.  -3.]",34,[0.         2.68009043 3.         2.62406313 0.         2.94744945],[0. 0. 0. 0. 0. 0.]
95,1,[0. 0. 0. 0. 0. 0.],[0. 0. 0. 0. 0. 0.],[0. 0. 0. 0. 0. 0.],[0. 0. 0. 0. 0. 0.],[0. 0. 0. 0. 0. 0.],[ -2. -10.  -2. -10. -10. -10.],[-10. -10. -10. -10. -10. -10.],35,"[1901. 2244.  923. 1902. 2148. 1025. 2192. 2148. 1025. 2190. 2233.  929.
 1902. 2229.  924. 1902. 2148. 1025.]","[1908. 2252.  918. 1908. 2144. 1027. 2187. 2144. 1027. 2187. 2254.  918.
 1908. 2253.  918. 1908. 2145. 1028.]",[-0.011 -0.005  0.006],124,"[ -7.  -8.   5.  -6.   4.  -2.   5.   4.  -2.   3. -21.  11.  -6. -24.
   6.  -6.   3.  -3.]",35,[0.         2.65034997 3.         2.64386404 0.         2.94633138],[0. 0. 0. 0. 0. 0.]
96,1,[0. 0. 0. 0. 0. 0.],[0. 0. 0. 0. 0. 0.],[0. 0. 0. 0. 0. 0.],[0. 0. 0. 0. 0. 0.],[0. 0. 0. 0. 0. 0.],[ -2. -10.  -2. -10. -10. -10.],[-10. -10. -10. -10. -10. -10.],36,"[1905. 2244.  923. 1906. 2145. 1027. 2188. 2145. 1026. 2187. 2234.  929.
 1906. 2229.  923. 1907. 2146. 1027.]","[1913. 2253.  918. 1913. 2142. 1029. 2182. 2143. 1029. 2182. 2253.  918.
 1913. 2254.  918. 1913. 2142. 1029.]",[-0.011 -0.005  0.006],124,"[ -8.  -9.   5.  -7.   3.  -2.   6.   2.  -3.   5. -19.  11.  -7. -25.
   5.  -6.   4.  -2.]",36,[0.         2.63721228 3.         2.64810693 0.         2.95267403],[0. 0. 0. 0. 0. 0.]
97,1,[0. 0. 0. 0. 0. 0.],[0. 0. 0. 0. 0. 0.],[0. 0. 0. 0. 0. 0.],[0. 0. 0. 0. 0. 0.],[0. 0. 0. 0. 0. 0.],[ -2. -10.  -2. -10. -10. -10.],[-10. -10. -10. -10. -10. -10.],37,"[1909. 2244.  922. 1911. 2143. 1029. 2184. 2144. 1029. 2185. 2234.  929.
 1910. 2230.  923. 1911. 2144. 1029.]","[1918. 2253.  917. 1917. 2140. 1031. 2177. 2141. 1032. 2177. 2253.  917.
 1917. 2254.  917. 1919. 2140. 1032.]",[-0.006 -0.005  0.006],124,"[ -9.  -9.   5.  -6.   3.  -2.   7.   3.  -3.   8. -19.  12.  -7. -24.
   6.  -8.   4.  -3.]",37,[0.         2.62583327 3.         2.65154076 0.         2.95964885],[0. 0. 0. 0. 0. 0.]
98,1,[31.  0. 23. 19.  0.  0.],[0. 0. 0. 0. 0. 0.],[0. 0. 0. 0. 0. 0.],[0. 0. 0. 0. 0. 0.],[0. 0. 0. 0. 0. 0.],[ -2. -10.  -2. -10. -10. -10.],[-10. -10. -10. -10. -10. -10.],38,"[1914. 2245.  922. 1915. 2141. 1031. 2179. 2142. 1031. 2181. 2234.  928.
 1915. 2231.  923. 1916. 2142. 1031.]","[1922. 2254.  917. 1922. 2138. 1033. 2172. 2139. 1034. 2172. 2254.  917.
 1922. 2254.  917. 1923. 2138. 1034.]",[-0.006 -0.005  0.006],124,"[ -8.  -9.   5.  -7.   3.  -2.   7.   3.  -3.   9. -20.  11.  -7. -23.
   6.  -7.   4.  -3.]",38,[0.         2.62865579 3.         2.66501617 0.         2.98365223],[0. 0. 0. 0. 0. 0.]
99,1,[ 0.  0.  0. 25.  0.  0.],[0. 0. 0. 0. 0. 0.],[0. 0. 0. 0. 0. 0.],[0. 0. 0. 0. 0. 0.],[0. 0. 0. 0. 0. 0.],[ -2. -10.  -2. -10. -10. -10.],[-10. -10. -10. -10. -10. -10.],39,"[1919. 2244.  922. 1919. 2139. 1033. 2175. 2140. 1033. 2177. 2234.  928.
 1920. 2231.  922. 1920. 2139. 1033.]","[1928. 2254.  917. 1927. 2136. 1036. 2168. 2137. 1036. 2168. 2254.  917.
 1927. 2254.  917. 1926. 2137. 1035.]",[-0.006 -0.005  0.011],124,"[ -9. -10.   5.  -8.   3.  -3.   7.   3.  -3.   9. -20.  11.  -7. -23.
   5.  -6.   2.  -2.]",39,[0.         2.61329317 3.         2.66741526 0.         2.98901963],[0. 0. 0. 0. 0. 0.]
100,1,[0. 0. 0. 0. 0. 0.],[0. 0. 0. 0. 0. 0.],[0. 0. 0. 0. 0. 0.],[0. 0. 0. 0. 0. 0.],[0. 0. 0. 0. 0. 0.],[ -2. -10.  -2. -10. -10. -10.],[-10. -10. -10. -10. -10. -10.],40,"[1923. 2245.  921. 1924. 2137. 1035. 2170. 2138. 1035. 2172. 2234.  928.
 1924. 2232.  922. 1925. 2137. 1035.]","[1932. 2254.  917. 1932. 2134. 1037. 2163. 2135. 1038. 2163. 2254.  917.
 1931. 2254.  917. 1932. 2134. 1038.]",[-0.006 -0.005  0.011],124,"[ -9.  -9.   4.  -8.   3.  -2.   7.   3.  -3.   9. -20.  11.  -7. -22.
   5.  -7.   3.  -3.]",40,[0.         2.57627082 3.         2.66321123 0.         2.95887756],[0. 0. 0. 0. 0. 0.]
101,1,[0. 0. 0. 0. 0. 0.],[0. 0. 0. 0. 0. 0.],[0. 0. 0. 0. 0. 0.],[0. 0. 0. 0. 0. 0.],[0. 0. 0. 0. 0. 0.],[ -2. -10.  -2. -10. -10. -10.],[-10. -10. -10. -10. -10. -10.],41,"[1928. 2245.  921. 1929. 2135. 1037. 2165. 2136. 1037. 2167. 2234.  928.
 1929. 2232.  921. 1930. 2136. 1037.]","[1936. 2254.  917. 1937. 2133. 1039. 2158. 2134. 1038. 2158. 2254.  917.
 1937. 2254.  917. 1938. 2133. 1039.]",[-0.011  0.     0.006],124,"[ -8.  -9.   4.  -8.   2.  -2.   7.   2.  -1.   9. -20.  11.  -8. -22.
   4.  -8.   3.  -2.]",41,[0.         2.55762625 3.         2.66282904 0.         2.96295536],[0. 0. 0. 0. 0. 0.]
102,1,[0. 0. 0. 0. 0. 0.],[0. 0. 0. 0. 0. 0.],[0. 0. 0. 0. 0. 0.],[0. 0. 0. 0. 0. 0.],[0. 0. 0. 0. 0. 0.],[ -2. -10.  -2. -10. -10. -10.],[-10. -10. -10. -10. -10. -10.],42,"[1933. 2245.  920. 1934. 2134. 1038. 2160. 2135. 1038. 2162. 2234.  928.
 1934. 2232.  920. 1935. 2134. 1039.]","[1941. 2254.  916. 1941. 2132. 1040. 2154. 2132. 1040. 2154. 2254.  917.
 1941. 2255.  916. 1942. 2132. 1040.]",[-0.006  0.     0.006],124,"[ -8.  -9.   4.  -7.   2.  -2.   6.   3.  -2.   8. -20.  11.  -7. -23.
   4.  -7.   2.  -1.]",42,[0.         2.51467073 3.         2.66434562 0.         2.96578407],[0. 0. 0. 0. 0. 0.]
103,1,[0. 0. 0. 0. 0. 0.],[0. 0. 0. 0. 0. 0.],[0. 0. 0. 0. 0. 0.],[0. 0. 0. 0. 0. 0.],[0. 0. 0. 0. 0. 0.],[ -2. -10.  -2. -10. -10. -10.],[-10. -10. -10. -10. -10. -10.],43,"[1938. 2245.  919. 1939. 2131. 1040. 2156. 2132. 1040. 2156. 2233.  926.
 1939. 2232.  920. 1940. 2132. 1041.]","[1946. 2255.  916. 1945. 2130. 1042. 2149. 2130. 1042. 2150. 2255.  916.
 1945. 2255.  916. 1945. 2130. 1042.]",[-0.011 -0.005  0.011],124,"[ -8. -10.   3.  -6.   1.  -2.   7.   2.  -2.   6. -22.  10.  -6. -23.
   4.  -5.   2.  -1.]",43,[0.         2.513919   3.         2.68083966 0.         2.99085724],[0. 0. 0. 0. 0. 0.]
104,1,[ 0.  0.  0. 82.  0.  0.],[0. 0. 0. 0. 0. 0.],[0. 0. 0. 0. 0. 0.],[0. 0. 0. 0. 0. 0.],[0. 0. 0. 0. 0. 0.],[ -2. -10.  -2. -10. -10. -10.],[-10. -10. -10. -10. -10. -10.],44,"[1943. 2245.  919. 1944. 2130. 1042. 2151. 2131. 1042. 2151. 2234.  926.
 1944. 2233.  919. 1945. 2130. 1042.]","[1951. 2255.  916. 1951. 2128. 1043. 2143. 2129. 1044. 2144. 2255.  916.
 1951. 2255.  916. 1951. 2129. 1044.]",[-0.011 -0.011  0.011],124,"[ -8. -10.   3.  -7.   2.  -1.   8.   2.  -2.   7. -21.  10.  -7. -22.
   3.  -6.   1.  -2.]",44,[0.         2.47194052 3.         2.6405766  0.         2.94635522],[0. 0. 0. 0. 0. 0.]
105,1,[0. 0. 0. 0. 0. 0.],[0. 0. 0. 0. 0. 0.],[0. 0. 0. 0. 0. 0.],[0. 0. 0. 0. 0. 0.],[0. 0. 0. 0. 0. 0.],[ -2. -10.  -2. -10. -10. -10.],[-10. -10. -10. -10. -10. -10.],45,"[1948. 2246.  919. 1949. 2128. 1043. 2146. 2129. 1044. 2146. 2234.  925.
 1949. 2233.  920. 1950. 2129. 1043.]","[1957. 2255.  916. 1956. 2126. 1045. 2138. 2126. 1045. 2138. 2255.  916.
 1956. 2255.  916. 1957. 2127. 1045.]",[-0.011 -0.005  0.011],124,"[ -9.  -9.   3.  -7.   2.  -2.   8.   3.  -1.   8. -21.   9.  -7. -22.
   4.  -7.   2.  -2.]",45,[0.         2.46386504 3.         2.62608087 0.         2.9524287 ],[0. 0. 0. 0. 0. 0.]
106,1,[0. 0. 0. 0. 0. 0.],[0. 0. 0. 0. 0. 0.],[0. 0. 0. 0. 0. 0.],[0. 0. 0. 0. 0. 0.],[0. 0. 0. 0. 0. 0.],[ -2. -10.  -2. -10. -10. -10.],[-10. -10. -10. -10. -10. -10.],46,"[1953. 2245.  918. 1954. 2127. 1045. 2141. 2128. 1045. 2141. 2234.  925.
 1954. 2234.  920. 1955. 2127. 1045.]","[1962. 2255.  916. 1961. 2125. 1047. 2133. 2125. 1046. 2133. 2255.  916.
 1962. 2256.  916. 1963. 2125. 1046.]",[-0.011 -0.005  0.011],124,"[ -9. -10.   2.  -7.   2.  -2.   8.   3.  -1.   8. -21.   9.  -8. -22.
   4.  -8.   2.  -1.]",46,[0.         2.42164636 3.         2.63344598 0.         2.95047283],[0. 0. 0. 0. 0. 0.]
107,1,[ 0.  0.  0.  0.  0. 26.],[0. 0. 0. 0. 0. 0.],[0. 0. 0. 0. 0. 0.],[0. 0. 0. 0. 0. 0.],[0. 0. 0. 0. 0. 0.],[ -2. -10.  -2. -10. -10. -10.],[-10. -10. -10. -10. -10. -10.],47,"[1959. 2245.  918. 1959. 2125. 1046. 2135. 2126. 1047. 2135. 2234.  925.
 1959. 2234.  920. 1960. 2125. 1046.]","[1967. 2255.  916. 1967. 2124. 1047. 2128. 2124. 1048. 2127. 2255.  916.
 1966. 2255.  916. 1967. 2124. 1047.]",[-0.011 -0.005  0.011],124,"[ -8. -10.   2.  -8.   1.  -1.   7.   2.  -1.   8. -21.   9.  -7. -21.
   4.  -7.   1.  -1.]",47,[0.         2.39767933 3.         2.6296072  0.         2.95103049],[0. 0. 0. 0. 0. 0.]
108,1,[0. 0. 0. 0. 0. 0.],[0. 0. 0. 0. 0. 0.],[0. 0. 0. 0. 0. 0.],[0. 0. 0. 0. 0. 0.],[0. 0. 0. 0. 0. 0.],[ -2. -10.  -2. -10. -10. -10.],[-10. -10. -10. -10. -10. -10.],48,"[1964. 2246.  918. 1964. 2125. 1047. 2130. 2125. 1047. 2130. 2234.  924.
 1965. 2234.  919. 1965. 2125. 1048.]","[1973. 2255.  916. 1972. 2123. 1048. 2123. 2123. 1048. 2122. 2255.  916.
 1972. 2256.  916. 1971. 2123. 1048.]",[-0.011 -0.005  0.011],124,"[ -9.  -9.   2.  -8.   2.  -1.   7.   2.  -1.   8. -21.   8.  -7. -22.
   3.  -6.   2.   0.]",48,[0.         2.37237966 3.         2.62480795 0.         2.95140541],[0. 0. 0. 0. 0. 0.]
109,1,[0. 0. 0. 0. 0. 0.],[0. 0. 0. 0. 0. 0.],[0. 0. 0. 0. 0. 0.],[0. 0. 0. 0. 0. 0.],[0. 0. 0. 0. 0. 0.],[ -2. -10.  -2. -10. -10. -10.],[-10. -10. -10. -10. -10. -10.],49,"[1969. 2245.  918. 1970. 2124. 1048. 2125. 2124. 1048. 2125. 2234.  924.
 1970. 2234.  919. 1970. 2124. 1049.]","[1977. 2255.  916. 1977. 2122. 1049. 2118. 2122. 1050. 2118. 2256.  916.
 1977. 2255.  916. 1976. 2122. 1049.]",[-0.011 -0.005  0.011],124,"[ -8. -10.   2.  -7.   2.  -1.   7.   2.  -2.   7. -22.   8.  -7. -21.
   3.  -6.   2.   0.]",49,[0.         2.34763324 3.         2.61996961 0.         2.94977713],[0. 0. 0. 0. 0. 0.]
110,1,[0. 0. 0. 0. 0. 0.],[0. 0. 0. 0. 0. 0.],[0. 0. 0. 0. 0. 0.],[0. 0. 0. 0. 0. 0.],[0. 0. 0. 0. 0. 0.],[ -2. -10.  -2. -10. -10. -10.],[-10. -10. -10. -10. -10. -10.],50,"[1974. 2245.  917. 1975. 2122. 1049. 2120. 2123. 1049. 2119. 2234.  924.
 1975. 2234.  919. 1976. 2123. 1049.]","[1983. 2256.  915. 1982. 2122. 1050. 2113. 2122. 1050. 2112. 2256.  915.
 1982. 2256.  915. 1982. 2121. 1051.]",[-0.011  0.     0.011],124,"[ -9. -11.   2.  -7.   0.  -1.   7.   1.  -1.   7. -22.   9.  -7. -22.
   4.  -6.   2.  -2.]",50,[0.         2.32123804 3.         2.61407661 0.         2.94828999],[0. 0. 0. 0. 0. 0.]
111,1,[0. 0. 0. 0. 0. 0.],[0. 0. 0. 0. 0. 0.],[0. 0. 0. 0. 0. 0.],[0. 0. 0. 0. 0. 0.],[0. 0. 0. 0. 0. 0.],[ -2. -10.  -2. -10. -10. -10.],[-10. -10. -10. -10. -10. -10.],51,"[1980. 2245.  917. 1980. 2121. 1050. 2114. 2122. 1050. 2114. 2234.  924.
 1981. 2235.  919. 1981. 2122. 1051.]","[1987. 2255.  915. 1987. 2120. 1051. 2107. 2120. 1052. 2108. 2256.  915.
 1987. 2256.  915. 1988. 2120. 1051.]",[-0.006  0.006  0.006],124,"[ -7. -10.   2.  -7.   1.  -1.   7.   2.  -2.   6. -22.   9.  -6. -21.
   4.  -7.   2.   0.]",51,[0.         2.27468777 3.         2.61889887 0.54668052 2.94038427],[0. 0. 0. 0. 0. 0.]
112,1,[0. 0. 0. 0. 0. 0.],[0. 0. 0. 0. 0. 0.],[0. 0. 0. 0. 0. 0.],[0. 0. 0. 0. 0. 0.],[0. 0. 0. 0. 0. 0.],[ -2. -10.  -2. -10. -10. -10.],[-10. -10. -10. -10. -10. -10.],52,"[1985. 2246.  917. 1986. 2121. 1051. 2109. 2121. 1051. 2109. 2234.  923.
 1986. 2235.  919. 1987. 2121. 1052.]","[1994. 2255.  915. 1994. 2119. 1053. 2101. 2119. 1053. 2101. 2256.  915.
 1994. 2256.  916. 1995. 2119. 1052.]",[-0.006  0.     0.011],124,"[ -9.  -9.   2.  -8.   2.  -2.   8.   2.  -2.   8. -22.   8.  -8. -21.
   3.  -8.   2.   0.]",52,[0.         2.2404294  3.         2.66760051 1.59837319 2.98575258],[0. 0. 0. 0. 0. 0.]
113,1,[ 0.  0.  0.  0.  0. 27.],[0. 0. 0. 0. 0. 0.],[0. 0. 0. 0. 0. 0.],[0. 0. 0. 0. 0. 0.],[0. 0. 0. 0. 0. 0.],[ -2. -10.  -2. -10. -10. -10.],[-10. -10. -10. -10. -10. -10.],53,"[1991. 2245.  916. 1991. 2120. 1052. 2103. 2120. 1052. 2104. 2234.  923.
 1991. 2235.  919. 1992. 2119. 1052.]","[2000. 2255.  915. 1999. 2118. 1054. 2095. 2118. 1054. 2096. 2256.  915.
 1999. 2256.  915. 2001. 2118. 1054.]",[-0.011 -0.005  0.011],124,"[ -9. -10.   1.  -8.   2.  -2.   8.   2.  -2.   8. -22.   8.  -8. -21.
   4.  -9.   1.  -2.]",53,[0.         2.24722648 3.         2.6279856  1.7683792  2.95512784],[0. 0. 0. 0. 0. 0.]
114,1,[ 0.  0.  0.  0.  0. 30.],[0. 0. 0. 0. 0. 0.],[0. 0. 0. 0. 0. 0.],[0. 0. 0. 0. 0. 0.],[0. 0. 0. 0. 0. 0.],[ -2. -10.  -2. -10. -10. -10.],[-10. -10. -10. -10. -10. -10.],54,"[1996. 2246.  916. 1997. 2118. 1054. 2098. 2119. 1053. 2098. 2234.  922.
 1997. 2236.  918. 1998. 2118. 1053.]","[2006. 2255.  915. 2005. 2117. 1055. 2090. 2118. 1055. 2090. 2256.  915.
 2005. 2256.  915. 2006. 2117. 1055.]",[-0.006 -0.005  0.011],124,"[-10.  -9.   1.  -8.   1.  -1.   8.   1.  -2.   8. -22.   7.  -8. -20.
   3.  -8.   1.  -2.]",54,[0.         2.21739507 3.         2.57919991 1.76571159 2.92396605],[0. 0. 0. 0. 0. 0.]
115,1,[0. 0. 0. 0. 0. 0.],[0. 0. 0. 0. 0. 0.],[0. 0. 0. 0. 0. 0.],[0. 0. 0. 0. 0. 0.],[0. 0. 0. 0. 0. 0.],[ -2. -10.  -2. -10. -10. -10.],[-10. -10. -10. -10. -10. -10.],55,"[2002. 2246.  916. 2002. 2118. 1054. 2092. 2119. 1054. 2092. 2234.  922.
 2002. 2236.  919. 2003. 2118. 1054.]","[2011. 2255.  915. 2010. 2117. 1054. 2085. 2117. 1055. 2084. 2256.  915.
 2010. 2256.  915. 2010. 2117. 1055.]",[-0.006  0.     0.011],124,"[ -9.  -9.   1.  -8.   1.   0.   7.   2.  -1.   8. -22.   7.  -8. -20.
   4.  -7.   1.  -1.]",55,[0.         2.22077012 3.         2.59534919 2.4627558  2.93561363],[0. 0. 0. 0. 0. 0.]
116,1,[0. 0. 0. 0. 0. 0.],[0. 0. 0. 0. 0. 0.],[0. 0. 0. 0. 0. 0.],[0. 0. 0. 0. 0. 0.],[0. 0. 0. 0. 0. 0.],[ -2. -10.  -2. -10. -10. -10.],[-10. -10. -10. -10. -10. -10.],56,"[2007. 2246.  916. 2008. 2116. 1055. 2087. 2118. 1055. 2088. 2234.  922.
 2008. 2236.  919. 2009. 2117. 1055.]","[2018. 2255.  915. 2018. 2116. 1056. 2077. 2116. 1056. 2077. 2257.  915.
 2018. 2257.  916. 2020. 2116. 1055.]",[-0.006 -0.005  0.011],124,"[-11.  -9.   1. -10.   0.  -1.  10.   2.  -1.  11. -23.   7. -10. -21.
   3. -11.   1.   0.]",56,[0.         2.17192876 3.         2.59957182 3.         2.92813063],[0. 0. 0. 0. 0. 0.]
117,1,[ 0. 34. 33. 35. 34. 35.],[0. 0. 0. 0. 0. 0.],[0. 0. 0. 0. 0. 0.],[0. 0. 0. 0. 0. 0.],[0. 0. 0. 0. 0. 0.],[ -2. -10.  -2. -10. -10. -10.],[-10. -10. -10. -10. -10. -10.],57,"[2013. 2246.  916. 2014. 2117. 1055. 2081. 2118. 1055. 2082. 2234.  922.
 2013. 2236.  919. 2015. 2117. 1055.]","[2025. 2256.  915. 2024. 2116. 1055. 2070. 2116. 1056. 2070. 2256.  915.
 2024. 2257.  915. 2025. 2116. 1056.]",[-0.006  0.     0.011],124,"[-12. -10.   1. -10.   1.   0.  11.   2.  -1.  12. -22.   7. -11. -21.
   4. -10.   1.  -1.]",57,[0.         2.17323089 3.         2.57577407 3.         2.91323686],[0. 0. 0. 0. 0. 0.]
118,1,[42. 36. 36. 39. 37. 36.],[0. 0. 0. 0. 0. 0.],[0. 0. 0. 0. 0. 0.],[0. 0. 0. 0. 0. 0.],[0. 0. 0. 0. 0. 0.],[ -2. -10.  -2. -10. -10. -10.],[-10. -10. -10. -10. -10. -10.],58,"[2019. 2246.  916. 2018. 2116. 1056. 2075. 2117. 1056. 2076. 2234.  922.
 2020. 2237.  919. 2020. 2116. 1056.]","[2029. 2256.  915. 2028. 2116. 1056. 2066. 2116. 1056. 2066. 2257.  915.
 2029. 2257.  915. 2028. 2116. 1056.]",[0.    0.    0.011],124,"[-10. -10.   1. -10.   0.   0.   9.   1.   0.  10. -23.   7.  -9. -20.
   4.  -8.   0.   0.]",58,[0.         2.12342632 3.         2.57721984 3.         2.90204823],[0. 0. 0. 0. 0. 0.]
119,1,[0. 0. 0. 0. 0. 0.],[0. 0. 0. 0. 0. 0.],[0. 0. 0. 0. 0. 0.],[0. 0. 0. 0. 0. 0.],[0. 0. 0. 0. 0. 0.],[ -2. -10.  -2. -10. -10. -10.],[-10. -10. -10. -10. -10. -10.],59,"[2024. 2246.  916. 2024. 2116. 1056. 2070. 2117. 1056. 2070. 2234.  922.
 2025. 2236.  919. 2026. 2116. 1056.]","[2033. 2256.  915. 2033. 2115. 1057. 2062. 2115. 1057. 2062. 2256.  915.
 2033. 2256.  915. 2033. 2115. 1056.]",[-0.006 -0.005  0.011],124,"[ -9. -10.   1.  -9.   1.  -1.   8.   2.  -1.   8. -22.   7.  -8. -20.
   4.  -7.   1.   0.]",59,[0.         2.13021445 3.         2.60304701 3.         2.90826535],[0. 0. 0. 0. 0. 0.]
120,1,[0. 0. 0. 0. 0. 0.],[0. 0. 0. 0. 0. 0.],[0. 0. 0. 0. 0. 0.],[0. 0. 0. 0. 0. 0.],[0. 0. 0. 0. 0. 0.],[ -2. -10.  -2. -10. -10. -10.],[-10. -10. -10. -10. -10. -10.],60,"[2030. 2246.  916. 2030. 2115. 1056. 2064. 2116. 1056. 2064. 2234.  921.
 2031. 2237.  918. 2032. 2115. 1056.]","[2039. 2256.  915. 2038. 2115. 1057. 2057. 2115. 1056. 2056. 2257.  915.
 2038. 2256.  915. 2039. 2115. 1056.]",[-0.006  0.     0.011],124,"[ -9. -10.   1.  -8.   0.  -1.   7.   1.   0.   8. -23.   6.  -7. -19.
   3.  -7.   0.   0.]",60,[0.         2.1060468  3.         2.53685725 3.         2.86000383],[0. 0. 0. 0. 0. 0.]
121,1,[0. 0. 0. 0. 0. 0.],[0. 0. 0. 0. 0. 0.],[0. 0. 0. 0. 0. 0.],[0. 0. 0. 0. 0. 0.],[0. 0. 0. 0. 0. 0.],[ -2. -10.  -2. -10. -10. -10.],[-10. -10. -10. -10. -10. -10.],61,"[2036. 2246.  916. 2036. 2115. 1056. 2058. 2116. 1056. 2059. 2234.  921.
 2037. 2236.  918. 2037. 2115. 1056.]","[2045. 2256.  915. 2045. 2115. 1056. 2050. 2115. 1056. 2050. 2257.  915.
 2044. 2256.  915. 2046. 2115. 1056.]",[0.    0.    0.011],124,"[ -9. -10.   1.  -9.   0.   0.   8.   1.   0.   9. -23.   6.  -7. -20.
   3.  -9.   0.   0.]",61,[0.         2.05926692 3.         2.53456056 3.         2.8441596 ],[0. 0. 0. 0. 0. 0.]
122,1,[0. 0. 0. 0. 0. 0.],[0. 0. 0. 0. 0. 0.],[0. 0. 0. 0. 0. 0.],[0. 0. 0. 0. 0. 0.],[0. 0. 0. 0. 0. 0.],[ -2. -10.  -2. -10. -10. -10.],[-10. -10. -10. -10. -10. -10.],62,"[2042. 2246.  916. 2042. 2115. 1056. 2053. 2116. 1056. 2053. 2234.  921.
 2043. 2236.  918. 2043. 2115. 1057.]","[2050. 2256.  915. 2050. 2115. 1057. 2045. 2115. 1056. 2045. 2257.  915.
 2049. 2256.  915. 2052. 2115. 1056.]",[-0.006  0.     0.011],124,"[ -8. -10.   1.  -8.   0.  -1.   8.   1.   0.   8. -23.   6.  -6. -20.
   3.  -9.   0.   1.]",62,[0.         2.06244636 3.         2.56458104 3.         2.8499707 ],[0. 0. 0. 0. 0. 0.]
123,1,[ 0.  0.  0.  0.  0. 32.],[0. 0. 0. 0. 0. 0.],[0. 0. 0. 0. 0. 0.],[0. 0. 0. 0. 0. 0.],[0. 0. 0. 0. 0. 0.],[ -2. -10.  -2. -10. -10. -10.],[-10. -10. -10. -10. -10. -10.],63,"[2047. 2246.  916. 2048. 2115. 1057. 2047. 2115. 1056. 2047. 2233.  921.
 2048. 2236.  918. 2049. 2115. 1056.]","[2056. 2255.  915. 2056. 2115. 1057. 2039. 2115. 1057. 2039. 2257.  915.
 2056. 2257.  915. 2057. 2115. 1057.]",[-0.006  0.     0.011],124,"[ -9.  -9.   1.  -8.   0.   0.   8.   0.  -1.   8. -24.   6.  -8. -21.
   3.  -8.   0.  -1.]",63,[0.         2.01659954 3.         2.50374055 3.         2.79805112],[0. 0. 0. 0. 0. 0.]
124,1,[0. 0. 0. 0. 0. 0.],[0. 0. 0. 0. 0. 0.],[0. 0. 0. 0. 0. 0.],[0. 0. 0. 0. 0. 0.],[0. 0. 0. 0. 0. 0.],[ -2. -10.  -2. -10. -10. -10.],[-10. -10. -10. -10. -10. -10.],64,"[2054. 2246.  916. 2053. 2115. 1056. 2041. 2116. 1057. 2041. 2234.  921.
 2054. 2236.  919. 2054. 2115. 1056.]","[2063. 2256.  915. 2062. 2115. 1057. 2032. 2116. 1057. 2032. 2257.  915.
 2063. 2257.  915. 2062. 2115. 1056.]",[-0.006  0.     0.011],124,"[ -9. -10.   1.  -9.   0.  -1.   9.   0.   0.   9. -23.   6.  -9. -21.
   4.  -8.   0.   0.]",64,[0.         1.99544013 3.         2.48493755 3.         2.77086318],[0. 0. 0. 0. 0. 0.]
125,1,[ 0.  0.  0.  0. 30.  0.],[0. 0. 0. 0. 0. 0.],[0. 0. 0. 0. 0. 0.],[0. 0. 0. 0. 0. 0.],[0. 0. 0. 0. 0. 0.],[ -2. -10.  -2. -10. -10. -10.],[-10. -10. -10. -10. -10. -10.],65,"[2059. 2246.  916. 2059. 2115. 1056. 2036. 2116. 1056. 2036. 2234.  922.
 2059. 2237.  919. 2060. 2115. 1057.]","[2068. 2255.  915. 2067. 2115. 1057. 2027. 2115. 1057. 2027. 2256.  915.
 2067. 2257.  915. 2068. 2115. 1057.]",[-0.006  0.     0.011],124,"[ -9.  -9.   1.  -8.   0.  -1.   9.   1.  -1.   9. -22.   7.  -8. -20.
   4.  -8.   0.   0.]",65,[0.         1.97358382 3.         2.46754467 3.         2.74241066],[0. 0. 0. 0. 0. 0.]
126,1,[0. 0. 0. 0. 0. 0.],[0. 0. 0. 0. 0. 0.],[0. 0. 0. 0. 0. 0.],[0. 0. 0. 0. 0. 0.],[0. 0. 0. 0. 0. 0.],[ -2. -10.  -2. -10. -10. -10.],[-10. -10. -10. -10. -10. -10.],66,"[2065. 2246.  916. 2064. 2116. 1057. 2029. 2115. 1056. 2030. 2234.  921.
 2065. 2237.  919. 2065. 2115. 1056.]","[2073. 2255.  915. 2073. 2115. 1057. 2021. 2115. 1057. 2022. 2256.  915.
 2073. 2257.  915. 2072. 2115. 1057.]",[-0.006  0.     0.011],124,"[ -8.  -9.   1.  -9.   1.   0.   8.   0.  -1.   8. -22.   6.  -8. -20.
   4.  -7.   0.  -1.]",66,[0.         1.95420372 3.         2.44702649 3.         2.71076715],[0. 0. 0. 0. 0. 0.]
127,1,[0. 0. 0. 0. 0. 0.],[0. 0. 0. 0. 0. 0.],[0. 0. 0. 0. 0. 0.],[0. 0. 0. 0. 0. 0.],[0. 0. 0. 0. 0. 0.],[ -2. -10.  -2. -10. -10. -10.],[-10. -10. -10. -10. -10. -10.],67,"[2070. 2246.  916. 2070. 2116. 1056. 2024. 2116. 1056. 2025. 2233.  921.
 2071. 2237.  919. 2072. 2116. 1056.]","[2078. 2256.  915. 2078. 2116. 1056. 2017. 2115. 1056. 2017. 2256.  915.
 2077. 2257.  915. 2078. 2116. 1056.]",[0.    0.    0.011],124,"[ -8. -10.   1.  -8.   0.   0.   7.   1.   0.   8. -23.   6.  -6. -20.
   4.  -6.   0.   0.]",67,[0.         1.93462813 3.         2.42630029 3.         2.67704999],[0. 0. 0. 0. 0. 0.]
128,1,[0. 0. 0. 0. 0. 0.],[0. 0. 0. 0. 0. 0.],[0. 0. 0. 0. 0. 0.],[0. 0. 0. 0. 0. 0.],[0. 0. 0. 0. 0. 0.],[ -2. -10.  -2. -10. -10. -10.],[-10. -10. -10. -10. -10. -10.],68,"[2076. 2246.  916. 2076. 2116. 1057. 2019. 2116. 1056. 2019. 2234.  921.
 2076. 2237.  919. 2077. 2116. 1056.]","[2084. 2255.  915. 2083. 2115. 1056. 2012. 2115. 1056. 2011. 2257.  915.
 2083. 2256.  915. 2084. 2115. 1056.]",[-0.006  0.     0.011],124,"[ -8.  -9.   1.  -7.   1.   1.   7.   1.   0.   8. -23.   6.  -7. -19.
   4.  -7.   1.   0.]",68,[0.         1.93783545 3.         2.45826244 3.         2.67844558],[0. 0. 0. 0. 0. 0.]
129,1,[0. 0. 0. 0. 0. 0.],[0. 0. 0. 0. 0. 0.],[0. 0. 0. 0. 0. 0.],[0. 0. 0. 0. 0. 0.],[0. 0. 0. 0. 0. 0.],[ -2. -10.  -2. -10. -10. -10.],[-10. -10. -10. -10. -10. -10.],69,"[2082. 2245.  916. 2082. 2116. 1056. 2013. 2116. 1056. 2012. 2234.  921.
 2082. 2237.  919. 2083. 2116. 1056.]","[2089. 2256.  915. 2089. 2116. 1055. 2005. 2116. 1055. 2005. 2257.  915.
 2089. 2256.  915. 2091. 2116. 1055.]",[-0.006  0.     0.011],124,"[ -7. -11.   1.  -7.   0.   1.   8.   0.   1.   7. -23.   6.  -7. -19.
   4.  -8.   0.   1.]",69,[0.         1.89749575 3.         2.38759375 3.         2.60820901],[0. 0. 0. 0. 0. 0.]
130,1,[0. 0. 0. 0. 0. 0.],[0. 0. 0. 0. 0. 0.],[0. 0. 0. 0. 0. 0.],[0. 0. 0. 0. 0. 0.],[0. 0. 0. 0. 0. 0.],[ -2. -10.  -2. -10. -10. -10.],[-10. -10. -10. -10. -10. -10.],70,"[2087. 2245.  916. 2087. 2116. 1055. 2007. 2116. 1055. 2007. 2234.  921.
 2088. 2237.  918. 2088. 2116. 1055.]","[2096. 2256.  915. 2095. 2117. 1054. 1999. 2117. 1054. 1999. 2256.  915.
 2095. 2257.  915. 2098. 2117. 1054.]",[-0.006  0.     0.011],124,"[ -9. -11.   1.  -8.  -1.   1.   8.  -1.   1.   8. -22.   6.  -7. -20.
   3. -10.  -1.   1.]",70,[0.         1.87901163 3.         2.36879134 3.         2.57209551],[0. 0. 0. 0. 0. 0.]
131,1,[ 0.  0.  0.  0.  0. 31.],[0. 0. 0. 0. 0. 0.],[0. 0. 0. 0. 0. 0.],[0. 0. 0. 0. 0. 0.],[0. 0. 0. 0. 0. 0.],[ -2. -10.  -2. -10. -10. -10.],[-10. -10. -10. -10. -10. -10.],71,"[2092. 2245.  916. 2093. 2117. 1054. 2001. 2117. 1054. 2002. 2234.  921.
 2093. 2238.  918. 2094. 2117. 1054.]","[2102. 2256.  915. 2102. 2118. 1053. 1993. 2117. 1053. 1993. 2256.  915.
 2101. 2257.  915. 2103. 2118. 1053.]",[-0.006  0.     0.011],124,"[-10. -11.   1.  -9.  -1.   1.   8.   0.   1.   9. -22.   6.  -8. -19.
   3.  -9.  -1.   1.]",71,[0.         1.86231601 3.         2.34918857 3.         2.5333966 ],[0. 0. 0. 0. 0. 0.]
132,1,[34. 31.  0.  0.  0.  0.],[0. 0. 0. 0. 0. 0.],[0. 0. 0. 0. 0. 0.],[0. 0. 0. 0. 0. 0.],[0. 0. 0. 0. 0. 0.],[ -2. -10.  -2. -10. -10. -10.],[-10. -10. -10. -10. -10. -10.],72,"[2098. 2246.  916. 2098. 2118. 1053. 1997. 2118. 1053. 1997. 2234.  921.
 2099. 2238.  919. 2099. 2118. 1053.]","[2107. 2255.  915. 2107. 2119. 1052. 1988. 2119. 1052. 1988. 2257.  915.
 2107. 2257.  915. 2106. 2119. 1052.]",[-0.006  0.006  0.011],124,"[ -9.  -9.   1.  -9.  -1.   1.   9.  -1.   1.   9. -23.   6.  -8. -19.
   4.  -7.  -1.   1.]",72,[0.         1.84618878 3.         2.3273201  3.         2.49151576],[0. 0. 0. 0. 0. 0.]
133,1,[0. 0. 0. 0. 0. 0.],[0. 0. 0. 0. 0. 0.],[0. 0. 0. 0. 0. 0.],[0. 0. 0. 0. 0. 0.],[0. 0. 0. 0. 0. 0.],[ -2. -10.  -2. -10. -10. -10.],[-10. -10. -10. -10. -10. -10.],73,"[2104. 2246.  916. 2104. 2119. 1052. 1991. 2119. 1052. 1991. 2234.  921.
 2105. 2238.  919. 2105. 2119. 1052.]","[2113. 2256.  915. 2112. 2120. 1051. 1982. 2119. 1051. 1983. 2256.  915.
 2112. 2256.  915. 2112. 2120. 1052.]",[-0.006  0.006  0.011],124,"[ -9. -10.   1.  -8.  -1.   1.   9.   0.   1.   8. -22.   6.  -7. -18.
   4.  -7.  -1.   0.]",73,[0.         1.8089292  3.         2.30311167 3.         2.45765781],[0. 0. 0. 0. 0. 0.]
134,1,[0. 0. 0. 0. 0. 0.],[0. 0. 0. 0. 0. 0.],[0. 0. 0. 0. 0. 0.],[0. 0. 0. 0. 0. 0.],[0. 0. 0. 0. 0. 0.],[ -2. -10.  -2. -10. -10. -10.],[-10. -10. -10. -10. -10. -10.],74,"[2109. 2245.  916. 2109. 2120. 1051. 1985. 2120. 1052. 1986. 2234.  921.
 2110. 2238.  919. 2110. 2120. 1051.]","[2117. 2255.  915. 2117. 2120. 1050. 1978. 2120. 1050. 1978. 2256.  915.
 2117. 2256.  915. 2118. 2121. 1050.]",[-0.006  0.006  0.011],124,"[ -8. -10.   1.  -8.   0.   1.   7.   0.   2.   8. -22.   6.  -7. -18.
   4.  -8.  -1.   1.]",74,[0.         1.79633307 3.         2.2804563  3.         2.41345704],[0. 0. 0. 0. 0. 0.]
135,1,[0. 0. 0. 0. 0. 0.],[0. 0. 0. 0. 0. 0.],[0. 0. 0. 0. 0. 0.],[0. 0. 0. 0. 0. 0.],[0. 0. 0. 0. 0. 0.],[ -2. -10.  -2. -10. -10. -10.],[-10. -10. -10. -10. -10. -10.],75,"[2115. 2245.  917. 2115. 2121. 1050. 1980. 2121. 1050. 1980. 2234.  921.
 2116. 2238.  919. 2116. 2121. 1050.]","[2123. 2256.  915. 2122. 2122. 1049. 1972. 2122. 1049. 1972. 2256.  915.
 2123. 2256.  915. 2124. 2122. 1049.]",[-0.006  0.006  0.011],124,"[ -8. -11.   2.  -7.  -1.   1.   8.  -1.   1.   8. -22.   6.  -7. -18.
   4.  -8.  -1.   1.]",75,[0.         1.78653908 3.         2.26046407 3.         2.371943  ],[0. 0. 0. 0. 0. 0.]
136,1,[0. 0. 0. 0. 0. 0.],[0. 0. 0. 0. 0. 0.],[0. 0. 0. 0. 0. 0.],[0. 0. 0. 0. 0. 0.],[0. 0. 0. 0. 0. 0.],[ -2. -10.  -2. -10. -10. -10.],[-10. -10. -10. -10. -10. -10.],76,"[2120. 2246.  917. 2120. 2122. 1049. 1974. 2122. 1049. 1976. 2234.  922.
 2121. 2238.  919. 2121. 2122. 1050.]","[2128. 2256.  915. 2128. 2122. 1049. 1967. 2122. 1048. 1967. 2256.  915.
 2128. 2256.  915. 2129. 2123. 1048.]",[-0.006  0.006  0.011],124,"[ -8. -10.   2.  -8.   0.   0.   7.   0.   1.   9. -22.   7.  -7. -18.
   4.  -8.  -1.   2.]",76,[0.         1.77788568 3.         2.24108207 3.         2.32773793],[0. 0. 0. 0. 0. 0.]
137,1,[0. 0. 0. 0. 0. 0.],[0. 0. 0. 0. 0. 0.],[0. 0. 0. 0. 0. 0.],[0. 0. 0. 0. 0. 0.],[0. 0. 0. 0. 0. 0.],[ -2. -10.  -2. -10. -10. -10.],[-10. -10. -10. -10. -10. -10.],77,"[2126. 2245.  917. 2125. 2123. 1048. 1969. 2123. 1048. 1970. 2234.  922.
 2126. 2237.  919. 2127. 2123. 1048.]","[2134. 2256.  915. 2133. 2123. 1047. 1962. 2123. 1047. 1961. 2256.  915.
 2133. 2257.  915. 2134. 2123. 1047.]",[-0.006  0.006  0.011],124,"[ -8. -11.   2.  -8.   0.   1.   7.   0.   1.   9. -22.   7.  -7. -20.
   4.  -7.   0.   1.]",77,[0.         1.7724309  3.         2.21996868 3.         2.28100777],[0. 0. 0. 0. 0. 0.]
138,1,[ 0.  0.  0.  0. 74.  0.],[0. 0. 0. 0. 0. 0.],[0. 0. 0. 0. 0. 0.],[0. 0. 0. 0. 0. 0.],[0. 0. 0. 0. 0. 0.],[ -2. -10.  -2. -10. -10. -10.],[-10. -10. -10. -10. -10. -10.],78,"[2131. 2245.  917. 2131. 2125. 1047. 1964. 2125. 1047. 1965. 2233.  922.
 2132. 2238.  919. 2132. 2124. 1046.]","[2139. 2256.  915. 2138. 2125. 1046. 1956. 2125. 1045. 1956. 2256.  915.
 2138. 2256.  915. 2139. 2126. 1045.]",[-0.006  0.006  0.011],124,"[ -8. -11.   2.  -7.   0.   1.   8.   0.   2.   9. -23.   7.  -6. -18.
   4.  -7.  -2.   1.]",78,[0.         1.76815796 3.         2.20045805 3.         2.23588836],[0. 0. 0. 0. 0. 0.]
139,1,[0. 0. 0. 0. 0. 0.],[0. 0. 0. 0. 0. 0.],[0. 0. 0. 0. 0. 0.],[0. 0. 0. 0. 0. 0.],[0. 0. 0. 0. 0. 0.],[ -2. -10.  -2. -10. -10. -10.],[-10. -10. -10. -10. -10. -10.],79,"[2136. 2245.  917. 2136. 2126. 1046. 1959. 2126. 1045. 1960. 2234.  921.
 2137. 2238.  919. 2137. 2126. 1045.]","[2143. 2256.  915. 2143. 2126. 1044. 1951. 2126. 1044. 1951. 2256.  915.
 2144. 2256.  915. 2144. 2127. 1044.]",[-0.006  0.006  0.011],124,"[ -7. -11.   2.  -7.   0.   2.   8.   0.   1.   9. -22.   6.  -7. -18.
   4.  -7.  -1.   1.]",79,[0.         1.76126623 3.         2.18263376 3.         2.19189739],[0. 0. 0. 0. 0. 0.]
140,1,[0. 0. 0. 0. 0. 0.],[0. 0. 0. 0. 0. 0.],[0. 0. 0. 0. 0. 0.],[0. 0. 0. 0. 0. 0.],[0. 0. 0. 0. 0. 0.],[ -2. -10.  -2. -10. -10. -10.],[-10. -10. -10. -10. -10. -10.],80,"[2141. 2245.  917. 2141. 2127. 1044. 1954. 2128. 1044. 1955. 2234.  922.
 2142. 2238.  919. 2142. 2127. 1044.]","[2148. 2255.  915. 2148. 2128. 1042. 1946. 2128. 1043. 1946. 2256.  915.
 2148. 2256.  915. 2149. 2129. 1043.]",[-0.006  0.006  0.011],124,"[ -7. -10.   2.  -7.  -1.   2.   8.   0.   1.   9. -22.   7.  -6. -18.
   4.  -7.  -2.   1.]",80,[0.         1.75707459 3.         2.16368341 3.         2.14830077],[0. 0. 0. 0. 0. 0.]
141,1,[0. 0. 0. 0. 0. 0.],[0. 0. 0. 0. 0. 0.],[0. 0. 0. 0. 0. 0.],[0. 0. 0. 0. 0. 0.],[0. 0. 0. 0. 0. 0.],[ -2. -10.  -2. -10. -10. -10.],[-10. -10. -10. -10. -10. -10.],81,"[2146. 2245.  918. 2146. 2129. 1042. 1949. 2129. 1042. 1950. 2233.  922.
 2146. 2238.  919. 2147. 2130. 1042.]","[2153. 2255.  916. 2153. 2130. 1041. 1942. 2130. 1040. 1941. 2256.  916.
 2153. 2256.  916. 2154. 2130. 1040.]",[-0.006  0.006  0.011],124,"[ -7. -10.   2.  -7.  -1.   1.   7.  -1.   2.   9. -23.   6.  -7. -18.
   3.  -7.   0.   2.]",81,[0.         1.75230312 3.         2.14414942 3.         2.10531795],[0. 0. 0. 0. 0. 0.]
142,1,[0. 0. 0. 0. 0. 0.],[0. 0. 0. 0. 0. 0.],[0. 0. 0. 0. 0. 0.],[0. 0. 0. 0. 0. 0.],[0. 0. 0. 0. 0. 0.],[ -2. -10.  -2. -10. -10. -10.],[-10. -10. -10. -10. -10. -10.],82,"[2151. 2245.  918. 2151. 2131. 1041. 1944. 2130. 1041. 1945. 2233.  922.
 2152. 2237.  920. 2152. 2131. 1041.]","[2158. 2255.  916. 2158. 2131. 1039. 1937. 2132. 1039. 1937. 2255.  916.
 2158. 2256.  915. 2158. 2131. 1039.]",[-0.006  0.006  0.011],124,"[ -7. -10.   2.  -7.   0.   2.   7.  -2.   2.   8. -22.   6.  -6. -19.
   5.  -6.   0.   2.]",82,[0.         1.74737    3.         2.12511432 3.         2.06350231],[0. 0. 0. 0. 0. 0.]
143,1,[0. 0. 0. 0. 0. 0.],[0. 0. 0. 0. 0. 0.],[0. 0. 0. 0. 0. 0.],[0. 0. 0. 0. 0. 0.],[0. 0. 0. 0. 0. 0.],[ -2. -10.  -2. -10. -10. -10.],[-10. -10. -10. -10. -10. -10.],83,"[2156. 2245.  918. 2156. 2133. 1039. 1938. 2132. 1039. 1940. 2234.  922.
 2157. 2238.  920. 2157. 2133. 1039.]","[2165. 2255.  916. 2164. 2133. 1037. 1930. 2134. 1037. 1931. 2256.  916.
 2164. 2256.  916. 2167. 2134. 1037.]",[-0.006  0.006  0.011],124,"[ -9. -10.   2.  -8.   0.   2.   8.  -2.   2.   9. -22.   6.  -7. -18.
   4. -10.  -1.   2.]",83,[0.         1.74139905 3.         2.10025072 3.         2.02092743],[0. 0. 0. 0. 0. 0.]
144,1,[30.  0.  0.  0.  0. 30.],[0. 0. 0. 0. 0. 0.],[0. 0. 0. 0. 0. 0.],[0. 0. 0. 0. 0. 0.],[0. 0. 0. 0. 0. 0.],[ -2. -10.  -2. -10. -10. -10.],[-10. -10. -10. -10. -10. -10.],84,"[2161. 2245.  918. 2161. 2134. 1037. 1934. 2134. 1037. 1935. 2233.  922.
 2161. 2237.  920. 2162. 2134. 1037.]","[2169. 2256.  916. 2169. 2136. 1036. 1926. 2135. 1035. 1926. 2256.  916.
 2169. 2256.  916. 2170. 2136. 1036.]",[-0.006  0.006  0.011],124,"[ -8. -11.   2.  -8.  -2.   1.   8.  -1.   2.   9. -23.   6.  -8. -19.
   4.  -8.  -2.   1.]",84,[0.         1.73242056 3.         2.07589579 3.         1.98088562],[0. 0. 0. 0. 0. 0.]
145,1,[0. 0. 0. 0. 0. 0.],[0. 0. 0. 0. 0. 0.],[0. 0. 0. 0. 0. 0.],[0. 0. 0. 0. 0. 0.],[0. 0. 0. 0. 0. 0.],[ -2. -10.  -2. -10. -10. -10.],[-10. -10. -10. -10. -10. -10.],85,"[2166. 2245.  919. 2166. 2136. 1036. 1929. 2136. 1036. 1931. 2233.  923.
 2166. 2237.  920. 2167. 2137. 1035.]","[2173. 2255.  916. 2173. 2137. 1034. 1921. 2137. 1033. 1921. 2255.  916.
 2173. 2256.  916. 2172. 2138. 1034.]",[-0.006  0.006  0.011],124,"[ -7. -10.   3.  -7.  -1.   2.   8.  -1.   3.  10. -22.   7.  -7. -19.
   4.  -5.  -1.   1.]",85,[0.         1.72491407 3.         2.04809284 3.         1.93996441],[0. 0. 0. 0. 0. 0.]
146,1,[0. 0. 0. 0. 0. 0.],[0. 0. 0. 0. 0. 0.],[0. 0. 0. 0. 0. 0.],[0. 0. 0. 0. 0. 0.],[0. 0. 0. 0. 0. 0.],[ -2. -10.  -2. -10. -10. -10.],[-10. -10. -10. -10. -10. -10.],86,"[2170. 2245.  919. 2171. 2138. 1034. 1924. 2138. 1033. 1926. 2233.  923.
 2171. 2238.  920. 2172. 2138. 1033.]","[2178. 2255.  917. 2178. 2140. 1031. 1917. 2139. 1031. 1916. 2255.  917.
 2178. 2255.  916. 2177. 2139. 1031.]",[-0.006  0.006  0.011],124,"[ -8. -10.   2.  -7.  -2.   3.   7.  -1.   2.  10. -22.   6.  -7. -17.
   4.  -5.  -1.   2.]",86,[0.         1.71516979 3.         2.01625764 3.         1.90103018],[0. 0. 0. 0. 0. 0.]
147,1,[0. 0. 0. 0. 0. 0.],[0. 0. 0. 0. 0. 0.],[0. 0. 0. 0. 0. 0.],[0. 0. 0. 0. 0. 0.],[0. 0. 0. 0. 0. 0.],[ -2. -10.  -2. -10. -10. -10.],[-10. -10. -10. -10. -10. -10.],87,"[2175. 2245.  919. 2175. 2140. 1032. 1919. 2140. 1031. 1922. 2233.  924.
 2176. 2238.  921. 2176. 2141. 1031.]","[2183. 2255.  917. 2183. 2141. 1029. 1912. 2141. 1029. 1912. 2255.  917.
 2183. 2255.  917. 2184. 2142. 1029.]",[-0.006  0.011  0.011],124,"[ -8. -10.   2.  -8.  -1.   3.   7.  -1.   2.  10. -22.   7.  -7. -17.
   4.  -8.  -1.   2.]",87,[0.         1.70519912 3.         1.98534423 3.         1.86660522],[0. 0. 0. 0. 0. 0.]
148,1,[0. 0. 0. 0. 0. 0.],[0. 0. 0. 0. 0. 0.],[0. 0. 0. 0. 0. 0.],[0. 0. 0. 0. 0. 0.],[0. 0. 0. 0. 0. 0.],[ -2. -10.  -2. -10. -10. -10.],[-10. -10. -10. -10. -10. -10.],88,"[2179. 2245.  920. 2180. 2143. 1029. 1915. 2143. 1029. 1918. 2233.  924.
 2180. 2238.  921. 2181. 2142. 1029.]","[2187. 2255.  917. 2187. 2143. 1027. 1908. 2144. 1028. 1908. 2255.  917.
 2187. 2255.  917. 2190. 2144. 1027.]",[-0.006  0.011  0.011],124,"[ -8. -10.   3.  -7.   0.   2.   7.  -1.   1.  10. -22.   7.  -7. -17.
   4.  -9.  -2.   2.]",88,[0.         1.68911386 3.         1.95473063 3.         1.83931112],[0. 0. 0. 0. 0. 0.]
149,1,[ 0.  0.  0.  0.  0. 27.],[0. 0. 0. 0. 0. 0.],[0. 0. 0. 0. 0. 0.],[0. 0. 0. 0. 0. 0.],[0. 0. 0. 0. 0. 0.],[ -2. -10.  -2. -10. -10. -10.],[-10. -10. -10. -10. -10. -10.],89,"[2183. 2245.  920. 2184. 2145. 1027. 1910. 2144. 1027. 1913. 2233.  924.
 2185. 2238.  922. 2186. 2145. 1027.]","[2190. 2255.  917. 2191. 2146. 1025. 1904. 2146. 1025. 1904. 2255.  916.
 2191. 2255.  917. 2192. 2146. 1025.]",[-0.006  0.011  0.011],124,"[ -7. -10.   3.  -7.  -1.   2.   6.  -2.   2.   9. -22.   8.  -6. -17.
   5.  -6.  -1.   2.]",89,[0.         1.68019283 3.         1.92233646 3.         1.80875206],[0. 0. 0. 0. 0. 0.]
150,1,[0. 0. 0. 0. 0. 0.],[0. 0. 0. 0. 0. 0.],[0. 0. 0. 0. 0. 0.],[0. 0. 0. 0. 0. 0.],[0. 0. 0. 0. 0. 0.],[ -2. -10.  -2. -10. -10. -10.],[-10. -10. -10. -10. -10. -10.],90,"[2187. 2245.  920. 2189. 2147. 1025. 1906. 2147. 1025. 1909. 2233.  924.
 2189. 2238.  923. 2190. 2147. 1025.]","[2196. 2254.  917. 2195. 2148. 1022. 1899. 2149. 1023. 1899. 2254.  917.
 2195. 2254.  917. 2194. 2149. 1022.]",[-0.006  0.006  0.011],124,"[ -9.  -9.   3.  -6.  -1.   3.   7.  -2.   2.  10. -21.   7.  -6. -16.
   6.  -4.  -2.   3.]",90,[0.         1.67069805 3.         1.88944989 3.         1.77898854],[0. 0. 0. 0. 0. 0.]
151,1,[ 0.  0.  0.  0. 19.  0.],[0. 0. 0. 0. 0. 0.],[0. 0. 0. 0. 0. 0.],[0. 0. 0. 0. 0. 0.],[0. 0. 0. 0. 0. 0.],[ -2. -10.  -2. -10. -10. -10.],[-10. -10. -10. -10. -10. -10.],91,"[2191. 2245.  920. 2192. 2150. 1023. 1902. 2149. 1023. 1905. 2233.  925.
 2193. 2238.  923. 2194. 2149. 1023.]","[2200. 2254.  918. 2200. 2150. 1020. 1895. 2150. 1020. 1895. 2254.  918.
 2200. 2254.  918. 2201. 2151. 1020.]",[-0.006  0.011  0.011],124,"[ -9.  -9.   2.  -8.   0.   3.   7.  -1.   3.  10. -21.   7.  -7. -16.
   5.  -7.  -2.   3.]",91,[0.         1.66499972 3.         1.85312998 3.         1.74603581],[0. 0. 0. 0. 0. 0.]
152,1,[0. 0. 0. 0. 0. 0.],[0. 0. 0. 0. 0. 0.],[0. 0. 0. 0. 0. 0.],[0. 0. 0. 0. 0. 0.],[0. 0. 0. 0. 0. 0.],[ -2. -10.  -2. -10. -10. -10.],[-10. -10. -10. -10. -10. -10.],92,"[2196. 2245.  921. 2197. 2151. 1020. 1897. 2151. 1020. 1901. 2233.  926.
 2197. 2237.  923. 2198. 2152. 1021.]","[2203. 2254.  918. 2203. 2153. 1018. 1892. 2153. 1018. 1892. 2254.  918.
 2203. 2254.  918. 2204. 2153. 1018.]",[-0.006  0.011  0.011],124,"[ -7.  -9.   3.  -6.  -2.   2.   5.  -2.   2.   9. -21.   8.  -6. -17.
   5.  -6.  -1.   3.]",92,[0.         1.65247416 3.         1.82559055 3.         1.72782987],[0. 0. 0. 0. 0. 0.]
153,1,[0. 0. 0. 0. 0. 0.],[0. 0. 0. 0. 0. 0.],[0. 0. 0. 0. 0. 0.],[0. 0. 0. 0. 0. 0.],[0. 0. 0. 0. 0. 0.],[ -2. -10.  -2. -10. -10. -10.],[-10. -10. -10. -10. -10. -10.],93,"[2200. 2245.  921. 2200. 2154. 1018. 1894. 2154. 1018. 1897. 2233.  927.
 2202. 2237.  923. 2202. 2154. 1018.]","[2207. 2254.  918. 2206. 2156. 1016. 1889. 2156. 1015. 1889. 2254.  918.
 2207. 2254.  918. 2208. 2155. 1016.]",[-0.006  0.006  0.011],124,"[ -7.  -9.   3.  -6.  -2.   2.   5.  -2.   3.   8. -21.   9.  -5. -17.
   5.  -6.  -1.   2.]",93,[0.         1.64456713 3.         1.79650402 3.         1.70582044],[0. 0. 0. 0. 0. 0.]
154,1,[ 0.  0.  0. 31.  0.  0.],[0. 0. 0. 0. 0. 0.],[0. 0. 0. 0. 0. 0.],[0. 0. 0. 0. 0. 0.],[0. 0. 0. 0. 0. 0.],[ -2. -10.  -2. -10. -10. -10.],[-10. -10. -10. -10. -10. -10.],94,"[2204. 2244.  921. 2205. 2156. 1016. 1890. 2156. 1016. 1894. 2233.  928.
 2206. 2237.  923. 2206. 2157. 1015.]","[2211. 2254.  918. 2210. 2158. 1013. 1885. 2158. 1013. 1884. 2254.  918.
 2210. 2254.  918. 2211. 2158. 1013.]",[-0.017 -0.005  0.011],124,"[ -7. -10.   3.  -5.  -2.   3.   5.  -2.   3.  10. -21.  10.  -4. -17.
   5.  -5.  -1.   2.]",94,[0.         1.64002848 3.         1.76556641 3.         1.67989326],[0. 0. 0. 0. 0. 0.]
155,1,[ 0.  0.  0. 34.  0.  0.],[0. 0. 0. 0. 0. 0.],[0. 0. 0. 0. 0. 0.],[0. 0. 0. 0. 0. 0.],[0. 0. 0. 0. 0. 0.],[ -2. -10.  -2. -10. -10. -10.],[-10. -10. -10. -10. -10. -10.],95,"[2208. 2244.  921. 2209. 2159. 1013. 1885. 2158. 1013. 1890. 2232.  928.
 2209. 2238.  923. 2210. 2159. 1013.]","[2214. 2253.  919. 2214. 2160. 1011. 1881. 2160. 1011. 1881. 2253.  919.
 2213. 2253.  919. 2213. 2160. 1011.]",[-0.011  0.     0.011],124,"[ -6.  -9.   2.  -5.  -1.   2.   4.  -2.   2.   9. -21.   9.  -4. -15.
   4.  -3.  -1.   2.]",95,[0.         1.63743937 3.         1.71890098 3.         1.62873781],[0. 0. 0. 0. 0. 0.]
156,1,[0. 0. 0. 0. 0. 0.],[0. 0. 0. 0. 0. 0.],[0. 0. 0. 0. 0. 0.],[0. 0. 0. 0. 0. 0.],[0. 0. 0. 0. 0. 0.],[ -2. -10.  -2. -10. -10. -10.],[-10. -10. -10. -10. -10. -10.],96,"[2212. 2244.  922. 2213. 2161. 1011. 1882. 2161. 1011. 1885. 2233.  928.
 2213. 2238.  924. 2214. 2161. 1010.]","[2218. 2253.  919. 2218. 2163. 1008. 1877. 2163. 1009. 1877. 2253.  919.
 2217. 2253.  919. 2217. 2163. 1009.]",[-0.011  0.006  0.011],124,"[ -6.  -9.   3.  -5.  -2.   3.   5.  -2.   2.   8. -20.   9.  -4. -15.
   5.  -3.  -2.   1.]",96,[0.         1.63044417 3.         1.70581323 3.         1.62833059],[0. 0. 0. 0. 0. 0.]
157,1,[0. 0. 0. 0. 0. 0.],[0. 0. 0. 0. 0. 0.],[0. 0. 0. 0. 0. 0.],[0. 0. 0. 0. 0. 0.],[0. 0. 0. 0. 0. 0.],[ -2. -10.  -2. -10. -10. -10.],[-10. -10. -10. -10. -10. -10.],97,"[2215. 2245.  922. 2216. 2164. 1008. 1878. 2164. 1008. 1882. 2233.  928.
 2216. 2237.  924. 2218. 2164. 1008.]","[2222. 2253.  919. 2222. 2166. 1005. 1873. 2166. 1004. 1873. 2253.  919.
 2221. 2253.  919. 2224. 2166. 1005.]",[-0.006  0.011  0.011],124,"[ -7.  -8.   3.  -6.  -2.   3.   5.  -2.   4.   9. -20.   9.  -5. -16.
   5.  -6.  -2.   3.]",97,[0.         1.62376428 3.         1.69219917 3.         1.62490296],[0. 0. 0. 0. 0. 0.]
158,1,[0. 0. 0. 0. 0. 0.],[0. 0. 0. 0. 0. 0.],[0. 0. 0. 0. 0. 0.],[0. 0. 0. 0. 0. 0.],[0. 0. 0. 0. 0. 0.],[ -2. -10.  -2. -10. -10. -10.],[-10. -10. -10. -10. -10. -10.],98,"[2219. 2244.  922. 2220. 2167. 1005. 1875. 2167. 1005. 1879. 2232.  929.
 2220. 2238.  924. 2221. 2167. 1006.]","[2225. 2252.  920. 2225. 2169. 1002. 1870. 2169. 1002. 1869. 2253.  920.
 2225. 2252.  920. 2226. 2169. 1002.]",[-0.011  0.011  0.011],124,"[ -6.  -8.   2.  -5.  -2.   3.   5.  -2.   3.  10. -21.   9.  -5. -14.
   4.  -5.  -2.   4.]",98,[0.         1.61128306 3.         1.67986876 3.         1.62510777],[0. 0. 0. 0. 0. 0.]
159,1,[ 0.  0.  0.  0.  0. 27.],[0. 0. 0. 0. 0. 0.],[0. 0. 0. 0. 0. 0.],[0. 0. 0. 0. 0. 0.],[0. 0. 0. 0. 0. 0.],[ -2. -10.  -2. -10. -10. -10.],[-10. -10. -10. -10. -10. -10.],99,"[2222. 2244.  923. 2223. 2170. 1003. 1872. 2169. 1002. 1876. 2232.  929.
 2223. 2238.  925. 2225. 2169. 1003.]","[2228. 2252.  920. 2228. 2171. 1000. 1867. 2171. 1000. 1867. 2252.  920.
 2227. 2252.  920. 2228. 2171. 1000.]",[-0.017 -0.005  0.011],124,"[ -6.  -8.   3.  -5.  -1.   3.   5.  -2.   2.   9. -20.   9.  -4. -14.
   5.  -3.  -2.   3.]",99,[0.         1.61276793 3.         1.66670102 3.         1.61400717],[0. 0. 0. 0. 0. 0.]
160,1,[0. 0. 0. 0. 0. 0.],[0. 0. 0. 0. 0. 0.],[0. 0. 0. 0. 0. 0.],[0. 0. 0. 0. 0. 0.],[0. 0. 0. 0. 0. 0.],[ -2. -10.  -2. -10. -10. -10.],[-10. -10. -10. -10. -10. -10.],100,"[2226. 2243.  923. 2227. 2172. 1000. 1868. 2172. 1000. 1873. 2232.  929.
 2226. 2237.  925. 2228. 2172. 1001.]","[2231. 2252.  919. 2231. 2174.  997. 1864. 2174.  997. 1864. 2252.  920.
 2231. 2252.  919. 2230. 2174.  997.]",[-0.017 -0.005  0.011],124,"[ -5.  -9.   4.  -4.  -2.   3.   4.  -2.   3.   9. -20.   9.  -5. -15.
   6.  -2.  -2.   4.]",100,[0.80221748 1.61808562 3.         1.6438576  3.         1.58734798],[0. 0. 0. 0. 0. 0.]
161,1,[0. 0. 0. 0. 0. 0.],[0. 0. 0. 0. 0. 0.],[0. 0. 0. 0. 0. 0.],[0. 0. 0. 0. 0. 0.],[0. 0. 0. 0. 0. 0.],[ -2. -10.  -2. -10. -10. -10.],[-10. -10. -10. -10. -10. -10.],101,"[2228. 2243.  924. 2229. 2175.  997. 1865. 2175.  997. 1869. 2232.  929.
 2229. 2238.  926. 2230. 2174.  999.]","[2234. 2252.  920. 2233. 2177.  995. 1861. 2177.  995. 1861. 2252.  919.
 2233. 2252.  919. 2233. 2177.  995.]",[-0.017 -0.005  0.011],124,"[ -6.  -9.   4.  -4.  -2.   2.   4.  -2.   2.   8. -20.  10.  -4. -14.
   7.  -3.  -3.   4.]",101,[0.97453421 1.61536276 3.         1.63582408 3.         1.58415264],[0. 0. 0. 0. 0. 0.]
162,1,[ 0.  0.  0.  0. 22.  0.],[0. 0. 0. 0. 0. 0.],[0. 0. 0. 0. 0. 0.],[0. 0. 0. 0. 0. 0.],[0. 0. 0. 0. 0. 0.],[ -2. -10.  -2. -10. -10. -10.],[-10. -10. -10. -10. -10. -10.],102,"[2231. 2243.  925. 2232. 2178.  994. 1862. 2178.  995. 1867. 2232.  929.
 2232. 2238.  926. 2233. 2177.  996.]","[2238. 2251.  921. 2238. 2180.  991. 1857. 2180.  991. 1857. 2251.  921.
 2237. 2251.  920. 2239. 2181.  991.]",[-0.006  0.011  0.011],124,"[ -7.  -8.   4.  -6.  -2.   3.   5.  -2.   4.  10. -19.   8.  -5. -13.
   6.  -6.  -4.   5.]",102,[1.12100875 1.61244845 3.         1.63016313 3.         1.58292753],[0. 0. 0. 0. 0. 0.]
163,1,[ 0.  0.  0.  0.  0. 25.],[0. 0. 0. 0. 0. 0.],[0. 0. 0. 0. 0. 0.],[0. 0. 0. 0. 0. 0.],[0. 0. 0. 0. 0. 0.],[ -2. -10.  -2. -10. -10. -10.],[-10. -10. -10. -10. -10. -10.],103,"[2234. 2242.  925. 2236. 2180.  992. 1858. 2180.  991. 1864. 2233.  929.
 2235. 2238.  926. 2236. 2179.  993.]","[2241. 2251.  921. 2240. 2183.  987. 1854. 2183.  987. 1854. 2251.  921.
 2240. 2251.  921. 2242. 2183.  988.]",[-0.006  0.006  0.011],124,"[ -7.  -9.   4.  -4.  -3.   5.   4.  -3.   4.  10. -18.   8.  -5. -13.
   5.  -6.  -4.   5.]",103,[0.03911293 1.59479797 3.         1.62885052 3.         1.59629083],[0. 0. 0. 0. 0. 0.]
164,1,[ 0. 13.  0.  0.  0. 17.],[0. 0. 0. 0. 0. 0.],[0. 0. 0. 0. 0. 0.],[0. 0. 0. 0. 0. 0.],[0. 0. 0. 0. 0. 0.],[ -2. -10.  -2. -10. -10. -10.],[-10. -10. -10. -10. -10. -10.],104,"[2237. 2242.  925. 2239. 2184.  989. 1856. 2184.  989. 1861. 2232.  929.
 2238. 2238.  925. 2239. 2180.  991.]","[2243. 2251.  921. 2243. 2186.  985. 1852. 2186.  984. 1852. 2251.  921.
 2242. 2251.  920. 2243. 2186.  984.]",[-0.011 -0.005  0.011],124,"[ -6.  -9.   4.  -4.  -2.   4.   4.  -2.   5.   9. -19.   8.  -4. -13.
   5.  -4.  -6.   7.]",104,[0.23059165 1.59231484 3.         1.62020028 3.         1.58952594],[0. 0. 0. 0. 0. 0.]
165,1,[ 0.  0.  0.  0.  0. 38.],[0. 0. 0. 0. 0. 0.],[0. 0. 0. 0. 0. 0.],[0. 0. 0. 0. 0. 0.],[0. 0. 0. 0. 0. 0.],[ -2. -10.  -2. -10. -10. -10.],[-10. -10. -10. -10. -10. -10.],105,"[2239. 2241.  926. 2241. 2186.  986. 1853. 2186.  985. 1858. 2232.  929.
 2240. 2238.  926. 2241. 2183.  988.]","[2245. 2251.  922. 2245. 2189.  982. 1850. 2189.  982. 1850. 2250.  922.
 2245. 2250.  922. 2244. 2190.  981.]",[-0.011 -0.005  0.011],124,"[ -6. -10.   4.  -4.  -3.   4.   3.  -3.   3.   8. -18.   7.  -5. -12.
   4.  -3.  -7.   7.]",105,[0.9592483  1.59531641 3.         1.61146605 3.         1.5781818 ],[0. 0. 0. 0. 0. 0.]
166,1,[ 0.  0.  0.  0.  0. 45.],[0. 0. 0. 0. 0. 0.],[0. 0. 0. 0. 0. 0.],[0. 0. 0. 0. 0. 0.],[0. 0. 0. 0. 0. 0.],[ -2. -10.  -2. -10. -10. -10.],[-10. -10. -10. -10. -10. -10.],106,"[2241. 2240.  926. 2244. 2190.  982. 1851. 2189.  983. 1855. 2232.  929.
 2243. 2238.  925. 2243. 2186.  985.]","[2248. 2250.  922. 2248. 2192.  978. 1847. 2192.  979. 1847. 2250.  922.
 2248. 2250.  922. 2248. 2193.  978.]",[-0.006  0.006  0.011],124,"[ -7. -10.   4.  -4.  -2.   4.   4.  -3.   4.   8. -18.   7.  -5. -12.
   3.  -5.  -7.   7.]",106,[1.07507026 1.59176564 3.         1.61348146 3.         1.58270198],[0. 0. 0. 0. 0. 0.]
167,1,[0. 0. 0. 0. 0. 0.],[0. 0. 0. 0. 0. 0.],[0. 0. 0. 0. 0. 0.],[0. 0. 0. 0. 0. 0.],[0. 0. 0. 0. 0. 0.],[ -2. -10.  -2. -10. -10. -10.],[-10. -10. -10. -10. -10. -10.],107,"[2244. 2240.  927. 2246. 2193.  981. 1848. 2192.  979. 1853. 2233.  930.
 2246. 2238.  926. 2246. 2189.  982.]","[2249. 2251.  922. 2249. 2196.  977. 1845. 2196.  976. 1846. 2250.  922.
 2249. 2250.  922. 2250. 2196.  976.]",[-0.006  0.006  0.011],124,"[ -5. -11.   5.  -3.  -3.   4.   3.  -4.   3.   7. -17.   8.  -3. -12.
   4.  -4.  -7.   6.]",107,[0.62030083 1.58478105 3.         1.62166083 3.         1.59515154],[0. 0. 0. 0. 0. 0.]
168,1,[0. 0. 0. 0. 0. 0.],[0. 0. 0. 0. 0. 0.],[0. 0. 0. 0. 0. 0.],[0. 0. 0. 0. 0. 0.],[0. 0. 0. 0. 0. 0.],[ -2. -10.  -2. -10. -10. -10.],[-10. -10. -10. -10. -10. -10.],108,"[2246. 2240.  928. 2248. 2193.  979. 1846. 2196.  976. 1850. 2232.  931.
 2248. 2238.  926. 2248. 2192.  980.]","[2252. 2250.  923. 2252. 2199.  971. 1843. 2199.  972. 1843. 2249.  922.
 2251. 2249.  923. 2254. 2199.  972.]",[-0.006 -0.005  0.017],124,"[ -6. -10.   5.  -4.  -6.   8.   3.  -3.   4.   7. -17.   9.  -3. -11.
   3.  -6.  -7.   8.]",108,[0.72241163 1.58214498 3.         1.62480003 3.         1.59859133],[0. 0. 0. 0. 0. 0.]
169,1,[ 0. 34.  0. 31.  0.  0.],[0. 0. 0. 0. 0. 0.],[0. 0. 0. 0. 0. 0.],[0. 0. 0. 0. 0. 0.],[0. 0. 0. 0. 0. 0.],[ -2. -10.  -2. -10. -10. -10.],[-10. -10. -10. -10. -10. -10.],109,"[2248. 2240.  928. 2250. 2194.  976. 1844. 2199.  973. 1847. 2233.  930.
 2250. 2238.  926. 2249. 2194.  977.]","[2254. 2249.  923. 2254. 2203.  968. 1840. 2203.  968. 1840. 2249.  923.
 2254. 2249.  923. 2255. 2203.  968.]",[-0.011 -0.011  0.017],124,"[ -6.  -9.   5.  -4.  -9.   8.   4.  -4.   5.   7. -16.   7.  -4. -11.
   3.  -6.  -9.   9.]",109,[1.16304493 1.5825485  3.         1.59083921 3.         1.56043363],[0. 0. 0. 0. 0. 0.]
170,1,[ 0. 44.  0.  0.  0. 60.],[0. 0. 0. 0. 0. 0.],[0. 0. 0. 0. 0. 0.],[0. 0. 0. 0. 0. 0.],[0. 0. 0. 0. 0. 0.],[ -2. -10.  -2. -10. -10. -10.],[-10. -10. -10. -10. -10. -10.],110,"[2249. 2240.  929. 2252. 2197.  973. 1842. 2202.  969. 1846. 2233.  930.
 2252. 2238.  927. 2251. 2196.  974.]","[2255. 2250.  923. 2255. 2206.  966. 1839. 2206.  965. 1839. 2249.  923.
 2254. 2249.  923. 2255. 2206.  965.]",[-0.006  0.     0.011],124,"[ -6. -10.   6.  -3.  -9.   7.   3.  -4.   4.   7. -16.   7.  -2. -11.
   4.  -4. -10.   9.]",110,[1.68307698 1.58005744 3.         1.59361273 3.         1.56260467],[0. 0. 0. 0. 0. 0.]
171,1,[ 0. 27.  0.  0.  0. 33.],[0. 0. 0. 0. 0. 0.],[0. 0. 0. 0. 0. 0.],[0. 0. 0. 0. 0. 0.],[0. 0. 0. 0. 0. 0.],[ -2. -10.  -2. -10. -10. -10.],[-10. -10. -10. -10. -10. -10.],111,"[2251. 2240.  930. 2254. 2200.  970. 1840. 2206.  966. 1844. 2232.  930.
 2253. 2238.  927. 2253. 2197.  972.]","[2257. 2249.  924. 2256. 2207.  962. 1837. 2208.  962. 1838. 2248.  923.
 2257. 2248.  924. 2256. 2209.  962.]",[-0.011 -0.005  0.017],124,"[ -6.  -9.   6.  -2.  -7.   8.   3.  -2.   4.   6. -16.   7.  -4. -10.
   3.  -3. -12.  10.]",111,[1.04258901 1.56732261 3.         1.63143003 3.         1.60631752],[0. 0. 0. 0. 0. 0.]
172,1,[ 0.  0.  0.  0.  0. 38.],[0. 0. 0. 0. 0. 0.],[0. 0. 0. 0. 0. 0.],[0. 0. 0. 0. 0. 0.],[0. 0. 0. 0. 0. 0.],[ -2. -10.  -2. -10. -10. -10.],[-10. -10. -10. -10. -10. -10.],112,"[2252. 2239.  930. 2255. 2202.  968. 1839. 2209.  963. 1843. 2233.  930.
 2254. 2237.  928. 2254. 2199.  970.]","[2258. 2248.  924. 2258. 2213.  958. 1836. 2212.  958. 1837. 2248.  924.
 2257. 2248.  924. 2258. 2212.  958.]",[-0.011 -0.011  0.017],124,"[ -6.  -9.   6.  -3. -11.  10.   3.  -3.   5.   6. -15.   6.  -3. -11.
   4.  -4. -13.  12.]",112,[1.73757678 1.57472682 3.         1.60936648 3.         1.57947105],[0. 0. 0. 0. 0. 0.]
173,1,[ 0. 69.  0.  0.  0. 84.],[0. 0. 0. 1. 0. 1.],[0. 0. 0. 0. 0. 0.],[0. 0. 0. 1. 0. 1.],[0. 0. 0. 0. 0. 0.],[ -2. -10.  -2.   1. -10.   1.],[-10. -10. -10. -10. -10. -10.],113,"[2254. 2238.  931. 2260. 2210.  963. 1837. 2212.  960. 1841. 2233.  930.
 2257. 2237.  928. 2260. 2210.  962.]","[2260. 2248.  924. 2260. 2215.  956. 1835. 2215.  956. 1835. 2248.  924.
 2260. 2248.  924. 2260. 2215.  956.]",[-0.011 -0.005  0.017],124,"[ -6. -10.   7.   0.  -5.   7.   2.  -3.   4.   6. -15.   6.  -3. -11.
   4.   0.  -5.   6.]",113,[1.81423372 1.56595075 3.         1.60738182 3.         1.57910603],[0. 0. 0. 0. 0. 0.]
174,1,[0. 0. 0. 0. 0. 0.],[0. 0. 0. 0. 0. 0.],[0. 0. 0. 0. 0. 0.],[0. 0. 0. 1. 0. 1.],[0. 0. 0. 0. 0. 0.],[ -2. -10.  -2.   1. -10.   1.],[-10. -10. -10. -10. -10. -10.],114,"[2255. 2236.  931. 2261. 2212.  962. 1836. 2215.  957. 1839. 2233.  931.
 2258. 2237.  928. 2261. 2212.  962.]","[2261. 2247.  925. 2261. 2211.  961. 1834. 2218.  953. 1833. 2248.  925.
 2261. 2247.  925. 2263. 2211.  961.]",[-0.006  0.     0.017],124,"[ -6. -11.   6.   0.   1.   1.   2.  -3.   4.   6. -15.   6.  -3. -10.
   3.  -2.   1.   1.]",114,[2.14985526 1.54372752 3.         1.57149941 3.         1.52863222],[0. 0. 0. 0. 0. 0.]
175,1,[39.  0.  0.  0.  0.  0.],[0. 0. 0. 0. 0. 0.],[0. 0. 0. 0. 0. 0.],[0. 0. 0. 1. 0. 1.],[0. 0. 0. 0. 0. 0.],[ -2. -10.  -2.   1. -10.   1.],[-10. -10. -10. -10. -10. -10.],115,"[2256. 2237.  932. 2263. 2216.  959. 1834. 2218.  955. 1838. 2234.  930.
 2259. 2237.  929. 2263. 2216.  958.]","[2262. 2247.  925. 2262. 2211.  961. 1833. 2222.  949. 1832. 2247.  925.
 2262. 2247.  925. 2264. 2211.  960.]",[-0.011  0.006  0.011],124,"[ -6. -10.   7.   1.   5.  -2.   1.  -4.   6.   6. -13.   5.  -3. -10.
   4.  -1.   5.  -2.]",115,[1.85943133 1.53957683 3.         1.56475288 3.         1.51998454],[0. 0. 0. 0. 0. 0.]
176,1,[0. 0. 0. 0. 0. 0.],[0. 0. 0. 0. 0. 0.],[0. 0. 0. 0. 0. 0.],[0. 0. 0. 1. 0. 1.],[0. 0. 0. 0. 0. 0.],[ -2. -10.  -2.   1. -10.   1.],[-10. -10. -10. -10. -10. -10.],116,"[2256. 2237.  933. 2263. 2221.  954. 1833. 2219.  953. 1836. 2234.  930.
 2260. 2237.  929. 2263. 2221.  954.]","[2261. 2247.  925. 2262. 2215.  957. 1833. 2225.  946. 1833. 2247.  925.
 2262. 2247.  925. 2263. 2215.  957.]",[-0.017 -0.016  0.017],124,"[ -5. -10.   8.   1.   6.  -3.   0.  -6.   7.   3. -13.   5.  -2. -10.
   4.   0.   6.  -3.]",116,[2.02820933 1.52583212 3.         1.58549714 3.         1.54263389],[0. 0. 0. 0. 0. 0.]
177,1,[ 0.  0. 37.  0.  0.  0.],[0. 0. 0. 0. 0. 0.],[0. 0. 0. 0. 0. 0.],[0. 0. 0. 1. 0. 1.],[0. 0. 0. 0. 0. 0.],[ -2. -10.  -2.   1. -10.   1.],[-10. -10. -10. -10. -10. -10.],117,"[2257. 2236.  934. 2264. 2226.  949. 1833. 2221.  950. 1835. 2234.  930.
 2261. 2237.  930. 2264. 2226.  949.]","[2263. 2246.  926. 2263. 2220.  951. 1831. 2229.  942. 1832. 2246.  926.
 2263. 2246.  926. 2263. 2221.  950.]",[-0.017 -0.016  0.017],124,"[ -6. -10.   8.   1.   6.  -2.   2.  -8.   8.   3. -12.   4.  -2.  -9.
   4.   1.   5.  -1.]",117,[2.41426951 1.54530334 3.         1.56356657 3.         1.52309984],[0. 0. 0. 0. 0. 0.]
178,1,[ 0.  0. 46.  0.  0.  0.],[0. 0. 0. 0. 0. 0.],[0. 0. 0. 0. 0. 0.],[0. 0. 0. 1. 0. 1.],[0. 0. 0. 0. 0. 0.],[ -2. -10.  -2.   1. -10.   1.],[-10. -10. -10. -10. -10. -10.],118,"[2258. 2237.  935. 2265. 2231.  944. 1832. 2224.  947. 1834. 2234.  930.
 2261. 2237.  931. 2265. 2231.  943.]","[2264. 2246.  926. 2264. 2225.  947. 1831. 2232.  939. 1830. 2246.  926.
 2263. 2247.  926. 2264. 2226.  946.]",[-0.011 -0.005  0.017],124,"[ -6.  -9.   9.   1.   6.  -3.   1.  -8.   8.   4. -12.   4.  -2. -10.
   5.   1.   5.  -3.]",118,[2.42182499 1.53953207 3.         1.5658887  3.         1.52529204],[0. 0. 0. 0. 0. 0.]
179,1,[ 0.  0. 26.  0.  0.  0.],[0. 0. 0. 0. 0. 0.],[0. 0. 0. 0. 0. 0.],[0. 0. 0. 1. 0. 1.],[0. 0. 0. 0. 0. 0.],[ -2. -10.  -2.   1. -10.   1.],[-10. -10. -10. -10. -10. -10.],119,"[2259. 2237.  935. 2265. 2237.  938. 1831. 2226.  944. 1833. 2234.  930.
 2262. 2237.  931. 2265. 2237.  938.]","[2263. 2246.  926. 2264. 2230.  942. 1830. 2235.  936. 1830. 2246.  926.
 2264. 2247.  926. 2264. 2231.  941.]",[-0.006  0.011  0.011],124,"[ -4.  -9.   9.   1.   7.  -4.   1.  -9.   8.   3. -12.   4.  -2. -10.
   5.   1.   6.  -3.]",119,[2.26627952 1.52748561 3.         1.55874825 3.         1.51471871],[0. 0. 0. 0. 0. 0.]
180,1,[0. 0. 0. 0. 0. 0.],[0. 0. 0. 0. 0. 0.],[0. 0. 0. 0. 0. 0.],[0. 0. 0. 0. 0. 0.],[0. 0. 0. 0. 0. 0.],[ -2. -10.  -2.   1. -10.   1.],[-10. -10. -10. -10. -10. -10.],0,"[2260. 2237.  934. 2262. 2218.  952. 1831. 2227.  942. 1832. 2235.  930.
 2262. 2236.  932. 2261. 2213.  953.]","[2264. 2246.  926. 2264. 2237.  935. 1831. 2239.  932. 1830. 2246.  927.
 2264. 2246.  927. 2264. 2237.  935.]",[-0.011  0.006  0.011],124,"[ -4.  -9.   8.  -2. -19.  17.   0. -12.  10.   2. -11.   3.  -2. -10.
   5.  -3. -24.  18.]",0,[1. 1. 1. 1. 1. 1.],[0. 0. 0. 0. 0. 0.]
181,1,[0. 0. 0. 0. 0. 0.],[0. 0. 0. 0. 0. 0.],[0. 0. 0. 0. 0. 0.],[0. 0. 0. 0. 0. 0.],[0. 0. 0. 0. 0. 0.],[ -2. -10.  -2.   1. -10.   1.],[-10. -10. -10. -10. -10. -10.],1,"[2260. 2237.  935. 2262. 2221.  949. 1832. 2229.  940. 1832. 2236.  930.
 2262. 2237.  933. 2261. 2215.  951.]","[2264. 2245.  927. 2264. 2242.  931. 1830. 2242.  929. 1830. 2245.  927.
 2264. 2245.  927. 2264. 2242.  931.]",[-0.017 -0.005  0.017],124,"[ -4.  -8.   8.  -2. -21.  18.   2. -13.  11.   2.  -9.   3.  -2.  -8.
   6.  -3. -27.  20.]",1,[1. 1. 1. 1. 1. 1.],[0. 0. 0. 0. 0. 0.]
182,1,[0. 0. 0. 0. 0. 0.],[0. 0. 0. 0. 0. 0.],[0. 0. 0. 0. 0. 0.],[0. 0. 0. 0. 0. 0.],[0. 0. 0. 0. 0. 0.],[ -2. -10.  -2.   1. -10.   1.],[-10. -10. -10. -10. -10. -10.],2,"[2260. 2237.  935. 2263. 2222.  947. 1832. 2229.  939. 1832. 2236.  930.
 2262. 2236.  934. 2261. 2217.  949.]","[2264. 2244.  929. 2264. 2243.  928. 1830. 2243.  928. 1830. 2243.  929.
 2264. 2243.  929. 2264. 2243.  930.]",[-0.017 -0.005  0.017],124,"[ -4.  -7.   6.  -1. -21.  19.   2. -14.  11.   2.  -7.   1.  -2.  -7.
   5.  -3. -26.  19.]",2,[1. 1. 1. 1. 1. 1.],[0. 0. 0. 0. 0. 0.]
183,1,[0. 0. 0. 0. 0. 0.],[0. 0. 0. 0. 0. 0.],[0. 0. 0. 0. 0. 0.],[0. 0. 0. 0. 0. 0.],[0. 0. 0. 0. 0. 0.],[ -2. -10.  -2.   1. -10.   1.],[-10. -10. -10. -10. -10. -10.],3,"[2261. 2235.  936. 2262. 2224.  946. 1832. 2229.  938. 1832. 2235.  931.
 2262. 2234.  936. 2262. 2218.  948.]","[2264. 2240.  933. 2264. 2243.  927. 1830. 2243.  927. 1830. 2240.  933.
 2264. 2240.  933. 2264. 2244.  927.]",[-0.006  0.     0.017],124,"[ -3.  -5.   3.  -2. -19.  19.   2. -14.  11.   2.  -5.  -2.  -2.  -6.
   3.  -2. -26.  21.]",3,[1. 1. 1. 1. 1. 1.],[0. 0. 0. 0. 0. 0.]
184,1,[0. 0. 0. 0. 0. 0.],[0. 0. 0. 0. 0. 0.],[0. 0. 0. 0. 0. 0.],[0. 0. 0. 0. 0. 0.],[0. 0. 0. 0. 0. 0.],[ -2. -10.  -2.   1. -10.   1.],[-10. -10. -10. -10. -10. -10.],4,"[2261. 2233.  937. 2263. 2225.  944. 1832. 2229.  938. 1832. 2234.  932.
 2263. 2232.  937. 2262. 2220.  946.]","[2264. 2237.  936. 2264. 2244.  927. 1830. 2244.  927. 1830. 2237.  936.
 2264. 2237.  936. 2264. 2245.  927.]",[-0.006  0.006  0.017],124,"[ -3.  -4.   1.  -1. -19.  17.   2. -15.  11.   2.  -3.  -4.  -1.  -5.
   1.  -2. -25.  19.]",4,[1. 1. 1. 1. 1. 1.],[0. 0. 0. 0. 0. 0.]
185,1,[0. 0. 0. 0. 0. 0.],[0. 0. 0. 0. 0. 0.],[0. 0. 0. 0. 0. 0.],[0. 0. 0. 0. 0. 0.],[0. 0. 0. 0. 0. 0.],[ -2. -10.  -2.   1. -10.   1.],[-10. -10. -10. -10. -10. -10.],5,"[2261. 2230.  940. 2262. 2226.  943. 1832. 2229.  938. 1831. 2232.  933.
 2263. 2229.  939. 2261. 2221.  945.]","[2263. 2233.  939. 2264. 2244.  927. 1830. 2244.  927. 1830. 2233.  938.
 2264. 2234.  939. 2264. 2245.  927.]",[-0.011 -0.011  0.017],124,"[ -2.  -3.   1.  -2. -18.  16.   2. -15.  11.   1.  -1.  -5.  -1.  -5.
   0.  -3. -24.  18.]",5,[1. 1. 1. 1. 1. 1.],[0. 0. 0. 0. 0. 0.]
186,1,[0. 0. 0. 0. 0. 0.],[0. 0. 0. 0. 0. 0.],[0. 0. 0. 0. 0. 0.],[0. 0. 0. 0. 0. 0.],[0. 0. 0. 0. 0. 0.],[ -2. -10.  -2.   1. -10.   1.],[-10. -10. -10. -10. -10. -10.],6,"[2261. 2227.  942. 2262. 2228.  941. 1832. 2229.  938. 1832. 2232.  935.
 2263. 2226.  942. 2261. 2222.  943.]","[2263. 2230.  943. 2264. 2245.  927. 1830. 2244.  926. 1831. 2230.  942.
 2264. 2230.  942. 2263. 2245.  926.]",[-0.011 -0.011  0.017],124,"[ -2.  -3.  -1.  -2. -17.  14.   2. -15.  12.   1.   2.  -7.  -1.  -4.
   0.  -2. -23.  17.]",6,[1. 1. 1. 1. 1. 1.],[0. 0. 0. 0. 0. 0.]
187,1,[ 0.  0.  0. 18.  0.  0.],[0. 0. 0. 0. 0. 0.],[0. 0. 0. 0. 0. 0.],[0. 0. 0. 0. 0. 0.],[0. 0. 0. 0. 0. 0.],[ -2. -10.  -2.   1. -10.   1.],[-10. -10. -10. -10. -10. -10.],7,"[2261. 2225.  944. 2262. 2229.  939. 1833. 2229.  938. 1831. 2231.  939.
 2263. 2224.  944. 2261. 2223.  942.]","[2263. 2227.  946. 2264. 2245.  927. 1831. 2245.  926. 1831. 2227.  946.
 2263. 2226.  946. 2263. 2245.  926.]",[-0.011 -0.011  0.017],124,"[ -2.  -2.  -2.  -2. -16.  12.   2. -16.  12.   0.   4.  -7.   0.  -2.
  -2.  -2. -22.  16.]",7,[1. 1. 1. 1. 1. 1.],[0. 0. 0. 0. 0. 0.]
188,1,[ 0.  0.  0. 23.  0.  0.],[0. 0. 0. 0. 0. 0.],[0. 0. 0. 0. 0. 0.],[0. 0. 0. 0. 0. 0.],[0. 0. 0. 0. 0. 0.],[ -2. -10.  -2.   1. -10.   1.],[-10. -10. -10. -10. -10. -10.],8,"[2261. 2222.  947. 2262. 2229.  937. 1834. 2228.  938. 1831. 2228.  943.
 2263. 2221.  947. 2261. 2223.  940.]","[2262. 2223.  950. 2263. 2245.  926. 1832. 2245.  926. 1832. 2223.  950.
 2263. 2223.  950. 2262. 2246.  926.]",[-0.006  0.     0.017],124,"[ -1.  -1.  -3.  -1. -16.  11.   2. -17.  12.  -1.   5.  -7.   0.  -2.
  -3.  -1. -23.  14.]",8,[1. 1. 1. 1. 1. 1.],[0. 0. 0. 0. 0. 0.]
189,1,[ 0.  0. 63.  0.  0.  0.],[0. 0. 0. 0. 0. 0.],[0. 0. 0. 0. 0. 0.],[0. 0. 0. 0. 0. 0.],[0. 0. 0. 0. 0. 0.],[ -2. -10.  -2.   1. -10.   1.],[-10. -10. -10. -10. -10. -10.],9,"[2261. 2220.  948. 2262. 2229.  935. 1834. 2228.  938. 1832. 2224.  947.
 2263. 2217.  947. 2260. 2222.  938.]","[2261. 2219.  953. 2263. 2246.  925. 1832. 2246.  926. 1833. 2219.  953.
 2263. 2219.  953. 2261. 2246.  925.]",[-0.006  0.     0.017],124,"[  0.   1.  -5.  -1. -17.  10.   2. -18.  12.  -1.   5.  -6.   0.  -2.
  -6.  -1. -24.  13.]",9,[1. 1. 1. 1. 1. 1.],[0. 0. 0. 0. 0. 0.]
190,1,[11.  0. 66.  0.  0.  0.],[0. 0. 0. 0. 0. 0.],[0. 0. 0. 0. 0. 0.],[0. 0. 0. 0. 0. 0.],[0. 0. 0. 0. 0. 0.],[ -2. -10.  -2.   1. -10.   1.],[-10. -10. -10. -10. -10. -10.],10,"[2260. 2217.  950. 2262. 2230.  934. 1835. 2229.  938. 1833. 2221.  951.
 2263. 2216.  949. 2260. 2222.  936.]","[2260. 2217.  956. 2261. 2246.  925. 1834. 2246.  925. 1835. 2216.  956.
 2261. 2217.  956. 2260. 2246.  925.]",[-0.011 -0.011  0.017],124,"[  0.   0.  -6.   1. -16.   9.   1. -17.  13.  -2.   5.  -5.   2.  -1.
  -7.   0. -24.  11.]",10,[2.35715532 0.         2.36039162 0.         1.80295968 0.        ],[0. 0. 0. 0. 0. 0.]
191,1,[16.  0.  0.  0. 18.  0.],[0. 0. 0. 0. 0. 0.],[0. 0. 0. 0. 0. 0.],[0. 0. 0. 0. 0. 0.],[0. 0. 0. 0. 0. 0.],[ -2. -10.  -2.   1. -10.   1.],[-10. -10. -10. -10. -10. -10.],11,"[2259. 2214.  953. 2261. 2230.  933. 1836. 2228.  939. 1833. 2217.  955.
 2262. 2213.  951. 2259. 2222.  935.]","[2258. 2214.  960. 2259. 2246.  925. 1836. 2246.  925. 1836. 2213.  959.
 2259. 2214.  959. 2259. 2246.  925.]",[-0.011 -0.011  0.017],124,"[  1.   0.  -7.   2. -16.   8.   0. -18.  14.  -3.   4.  -4.   3.  -1.
  -8.   0. -24.  10.]",11,[2.36312151 1.15945554 2.35426414 0.         1.72070861 0.04405206],[0. 0. 0. 0. 0. 0.]
192,1,[21.  0. 51.  7. 24.  0.],[0. 0. 0. 0. 0. 0.],[0. 0. 0. 0. 0. 0.],[0. 0. 0. 0. 0. 0.],[0. 0. 0. 0. 0. 0.],[ -2. -10.  -2.   1. -10.   1.],[-10. -10. -10. -10. -10. -10.],12,"[2257. 2212.  956. 2260. 2230.  932. 1838. 2228.  939. 1835. 2214.  958.
 2260. 2209.  954. 2258. 2223.  933.]","[2257. 2211.  963. 2258. 2247.  925. 1838. 2246.  924. 1838. 2209.  963.
 2258. 2210.  963. 2257. 2247.  924.]",[-0.011 -0.005  0.017],124,"[  0.   1.  -7.   2. -17.   7.   0. -18.  15.  -3.   5.  -5.   2.  -1.
  -9.   1. -24.   9.]",12,"[2.37942266e+00 1.13632059e+00 2.36847126e+00 0.00000000e+00
 1.69028240e+00 2.33656168e-03]",[0. 0. 0. 0. 0. 0.]
193,1,[ 0.  0. 54.  0. 30.  0.],[0. 0. 0. 0. 0. 0.],[0. 0. 0. 0. 0. 0.],[0. 0. 0. 0. 0. 0.],[0. 0. 0. 0. 0. 0.],[ -2. -10.  -2.   1. -10.   1.],[-10. -10. -10. -10. -10. -10.],13,"[2257. 2211.  960. 2258. 2232.  932. 1839. 2228.  939. 1837. 2210.  962.
 2259. 2207.  957. 2257. 2224.  932.]","[2256. 2206.  966. 2256. 2247.  924. 1839. 2246.  924. 1839. 2206.  966.
 2257. 2207.  966. 2255. 2247.  924.]",[-0.011  0.     0.017],124,"[  1.   5.  -6.   2. -15.   8.   0. -18.  15.  -2.   4.  -4.   2.   0.
  -9.   2. -23.   8.]",13,[2.41333258 0.21947896 2.40820861 0.         1.69465613 0.        ],[0. 0. 0. 0. 0. 0.]
194,1,[0. 0. 0. 0. 0. 0.],[0. 0. 0. 0. 0. 0.],[0. 0. 0. 0. 0. 0.],[0. 0. 0. 0. 0. 0.],[0. 0. 0. 0. 0. 0.],[ -2. -10.  -2.   1. -10.   1.],[-10. -10. -10. -10. -10. -10.],14,"[2256. 2207.  963. 2257. 2233.  931. 1841. 2228.  939. 1839. 2207.  965.
 2257. 2204.  961. 2255. 2224.  931.]","[2253. 2203.  969. 2255. 2247.  924. 1841. 2247.  924. 1841. 2203.  969.
 2254. 2203.  969. 2254. 2247.  924.]",[-0.011 -0.005  0.017],124,"[  3.   4.  -6.   2. -14.   7.   0. -19.  15.  -2.   4.  -4.   3.   1.
  -8.   1. -23.   7.]",14,[2.43755651 0.         2.43889832 0.         1.69093758 0.        ],[0. 0. 0. 0. 0. 0.]
195,1,[0. 0. 0. 0. 0. 0.],[0. 0. 0. 0. 0. 0.],[0. 0. 0. 0. 0. 0.],[0. 0. 0. 0. 0. 0.],[0. 0. 0. 0. 0. 0.],[ -2. -10.  -2.   1. -10.   1.],[-10. -10. -10. -10. -10. -10.],15,"[2255. 2204.  966. 2255. 2234.  931. 1843. 2228.  939. 1840. 2204.  969.
 2255. 2201.  964. 2253. 2225.  930.]","[2252. 2200.  972. 2252. 2248.  923. 1843. 2247.  923. 1843. 2200.  972.
 2252. 2201.  972. 2252. 2248.  923.]",[-0.011 -0.011  0.017],124,"[  3.   4.  -6.   3. -14.   8.   0. -19.  16.  -3.   4.  -3.   3.   0.
  -8.   1. -23.   7.]",15,[2.44419789 0.13408265 2.43343878 0.         1.64064735 0.        ],[0. 0. 0. 0. 0. 0.]
196,1,[0. 0. 0. 0. 0. 0.],[0. 0. 0. 0. 0. 0.],[0. 0. 0. 0. 0. 0.],[0. 0. 0. 0. 0. 0.],[0. 0. 0. 0. 0. 0.],[ -2. -10.  -2.   1. -10.   1.],[-10. -10. -10. -10. -10. -10.],16,"[2254. 2201.  970. 2253. 2235.  931. 1845. 2228.  939. 1842. 2201.  972.
 2253. 2198.  967. 2252. 2226.  929.]","[2249. 2197.  976. 2250. 2248.  923. 1845. 2248.  923. 1845. 2196.  976.
 2250. 2197.  976. 2249. 2249.  923.]",[-0.011 -0.011  0.017],124,"[  5.   4.  -6.   3. -13.   8.   0. -20.  16.  -3.   5.  -4.   3.   1.
  -9.   3. -23.   6.]",16,[2.43078303 0.90003064 2.4085269  0.         1.58141059 0.        ],[0. 0. 0. 0. 0. 0.]
197,1,[12.  0.  0.  0.  0.  0.],[0. 0. 0. 0. 0. 0.],[0. 0. 0. 0. 0. 0.],[0. 0. 0. 0. 0. 0.],[0. 0. 0. 0. 0. 0.],[ -2. -10.  -2.   1. -10.   1.],[-10. -10. -10. -10. -10. -10.],17,"[2252. 2197.  974. 2250. 2234.  931. 1847. 2228.  938. 1845. 2197.  975.
 2251. 2195.  971. 2249. 2225.  929.]","[2246. 2193.  979. 2248. 2248.  923. 1847. 2247.  923. 1847. 2193.  980.
 2247. 2193.  979. 2247. 2248.  923.]",[-0.011 -0.011  0.017],124,"[  6.   4.  -5.   2. -14.   8.   0. -19.  15.  -2.   4.  -5.   4.   2.
  -8.   2. -23.   6.]",17,[2.43845892 0.86164585 2.41217756 0.         1.55569589 0.        ],[0. 0. 0. 0. 0. 0.]
198,1,[17.  0.  0.  0.  0.  0.],[0. 0. 0. 0. 0. 0.],[0. 0. 0. 0. 0. 0.],[0. 0. 0. 0. 0. 0.],[0. 0. 0. 0. 0. 0.],[ -2. -10.  -2.   1. -10.   1.],[-10. -10. -10. -10. -10. -10.],18,"[2248. 2193.  979. 2248. 2234.  931. 1849. 2228.  938. 1848. 2194.  979.
 2248. 2192.  976. 2247. 2225.  927.]","[2245. 2190.  982. 2245. 2249.  922. 1850. 2248.  922. 1850. 2190.  983.
 2245. 2190.  983. 2245. 2249.  922.]",[-0.011 -0.005  0.017],124,"[  3.   3.  -3.   3. -15.   9.  -1. -20.  16.  -2.   4.  -4.   3.   2.
  -7.   2. -24.   5.]",18,[2.44574714 0.77228731 2.41626346 0.         1.53196836 0.        ],[0. 0. 0. 0. 0. 0.]
199,1,[0. 0. 0. 0. 0. 0.],[0. 0. 0. 0. 0. 0.],[0. 0. 0. 0. 0. 0.],[0. 0. 0. 0. 0. 0.],[0. 0. 0. 0. 0. 0.],[ -2. -10.  -2.   1. -10.   1.],[-10. -10. -10. -10. -10. -10.],19,"[2246. 2191.  981. 2246. 2234.  932. 1851. 2228.  938. 1849. 2191.  981.
 2246. 2191.  978. 2246. 2226.  927.]","[2243. 2188.  985. 2244. 2249.  922. 1852. 2248.  922. 1852. 2187.  985.
 2243. 2188.  985. 2243. 2249.  923.]",[-0.011 -0.011  0.017],124,"[  3.   3.  -4.   2. -15.  10.  -1. -20.  16.  -3.   4.  -4.   3.   3.
  -7.   3. -23.   4.]",19,[2.48047459 0.         2.45644736 0.         1.54413372 0.        ],[0. 0. 0. 0. 0. 0.]
200,1,[ 0. 35.  0.  0.  0.  0.],[0. 0. 0. 0. 0. 0.],[0. 0. 0. 0. 0. 0.],[0. 0. 0. 0. 0. 0.],[0. 0. 0. 0. 0. 0.],[ -2. -10.  -2.   1. -10.   1.],[-10. -10. -10. -10. -10. -10.],20,"[2244. 2188.  984. 2244. 2235.  931. 1853. 2228.  938. 1852. 2188.  984.
 2244. 2188.  983. 2246. 2226.  927.]","[2239. 2185.  988. 2241. 2249.  922. 1854. 2249.  922. 1854. 2184.  988.
 2241. 2185.  988. 2240. 2249.  922.]",[-0.011 -0.011  0.017],124,"[  5.   3.  -4.   3. -14.   9.  -1. -21.  16.  -2.   4.  -4.   3.   3.
  -5.   6. -23.   5.]",20,[2.45150518 0.63341564 2.41450393 0.         1.48630407 0.        ],[0. 0. 0. 0. 0. 0.]
201,1,[ 0.  0.  0.  0.  0. 13.],[0. 0. 0. 0. 0. 0.],[0. 0. 0. 0. 0. 0.],[0. 0. 0. 0. 0. 0.],[0. 0. 0. 0. 0. 0.],[ -2. -10.  -2.   1. -10.   1.],[-10. -10. -10. -10. -10. -10.],21,"[2241. 2185.  987. 2242. 2236.  931. 1856. 2228.  939. 1854. 2185.  988.
 2241. 2185.  986. 2245. 2225.  926.]","[2236. 2182.  991. 2238. 2250.  921. 1857. 2249.  922. 1857. 2181.  991.
 2238. 2182.  991. 2238. 2250.  921.]",[-0.011 -0.011  0.017],124,"[  5.   3.  -4.   4. -14.  10.  -1. -21.  17.  -3.   4.  -3.   3.   3.
  -5.   7. -25.   5.]",21,[2.44976473 0.59333479 2.40913093 0.         1.46411815 0.        ],[0. 0. 0. 0. 0. 0.]
202,1,[16.  0.  0.  0.  0. 18.],[0. 0. 0. 0. 0. 0.],[0. 0. 0. 0. 0. 0.],[0. 0. 0. 0. 0. 0.],[0. 0. 0. 0. 0. 0.],[ -2. -10.  -2.   1. -10.   1.],[-10. -10. -10. -10. -10. -10.],22,"[2238. 2182.  990. 2239. 2236.  931. 1858. 2228.  938. 1857. 2182.  990.
 2239. 2182.  990. 2241. 2225.  926.]","[2235. 2179.  994. 2236. 2250.  921. 1860. 2249.  921. 1860. 2179.  994.
 2235. 2179.  994. 2234. 2250.  921.]",[-0.011 -0.005  0.017],124,"[  3.   3.  -4.   3. -14.  10.  -2. -21.  17.  -3.   3.  -4.   4.   3.
  -4.   7. -25.   5.]",22,[2.44640672 0.51776341 2.40210724 0.         1.44451162 0.        ],[0. 0. 0. 0. 0. 0.]
203,1,[ 0.  0.  0.  0.  0. 96.],[0. 0. 0. 0. 0. 0.],[0. 0. 0. 0. 0. 0.],[0. 0. 0. 0. 0. 0.],[0. 0. 0. 0. 0. 0.],[ -2. -10.  -2.   1. -10.   1.],[-10. -10. -10. -10. -10. -10.],23,"[2235. 2180.  994. 2236. 2238.  931. 1860. 2228.  939. 1860. 2179.  994.
 2236. 2179.  992. 2238. 2225.  926.]","[2232. 2176.  997. 2232. 2250.  921. 1863. 2249.  921. 1863. 2175.  997.
 2232. 2176.  997. 2232. 2250.  921.]",[-0.011 -0.011  0.017],124,"[  3.   4.  -3.   4. -12.  10.  -3. -21.  18.  -3.   4.  -3.   4.   3.
  -5.   6. -25.   5.]",23,[2.4787724  0.         2.44073701 0.         1.46309915 0.        ],[0. 0. 0. 0. 0. 0.]
204,1,[0. 0. 7. 0. 0. 0.],[0. 0. 0. 0. 0. 0.],[0. 0. 0. 0. 0. 0.],[0. 0. 0. 0. 0. 0.],[0. 0. 0. 0. 0. 0.],[ -2. -10.  -2.   1. -10.   1.],[-10. -10. -10. -10. -10. -10.],24,"[2232. 2176.  996. 2234. 2239.  931. 1864. 2228.  938. 1863. 2176.  996.
 2233. 2176.  996. 2235. 2225.  926.]","[2228. 2173.  999. 2229. 2251.  921. 1866. 2250.  921. 1867. 2173. 1000.
 2228. 2172. 1000. 2228. 2250.  921.]",[-0.011 -0.011  0.017],124,"[  4.   3.  -3.   5. -12.  10.  -2. -22.  17.  -4.   3.  -4.   5.   4.
  -4.   7. -25.   5.]",24,[2.4371562  0.33277026 2.38439751 0.         1.40946147 0.        ],[0. 0. 0. 0. 0. 0.]
205,1,[0. 0. 0. 0. 0. 0.],[0. 0. 0. 0. 0. 0.],[0. 0. 0. 0. 0. 0.],[0. 0. 0. 0. 0. 0.],[0. 0. 0. 0. 0. 0.],[ -2. -10.  -2.   1. -10.   1.],[-10. -10. -10. -10. -10. -10.],25,"[2229. 2174.  999. 2231. 2240.  930. 1866. 2228.  938. 1866. 2173.  999.
 2230. 2174.  999. 2232. 2225.  926.]","[2223. 2170. 1003. 2226. 2251.  921. 1870. 2250.  921. 1869. 2170. 1002.
 2225. 2170. 1003. 2226. 2251.  920.]",[-0.011 -0.011  0.017],124,"[  6.   4.  -4.   5. -11.   9.  -4. -22.  17.  -3.   3.  -3.   5.   4.
  -4.   6. -26.   6.]",25,[2.42821348 0.24026981 2.37156713 0.         1.39590377 0.        ],[0. 0. 0. 0. 0. 0.]
206,1,[16.  0.  0.  0.  0.  0.],[0. 0. 0. 0. 0. 0.],[0. 0. 0. 0. 0. 0.],[0. 0. 0. 0. 0. 0.],[0. 0. 0. 0. 0. 0.],[ -2. -10.  -2.   1. -10.   1.],[-10. -10. -10. -10. -10. -10.],26,"[2227. 2171. 1001. 2228. 2241.  929. 1869. 2228.  938. 1869. 2171. 1002.
 2227. 2171. 1002. 2228. 2225.  925.]","[2222. 2168. 1005. 2223. 2251.  920. 1872. 2251.  920. 1873. 2167. 1005.
 2222. 2168. 1005. 2222. 2251.  920.]",[-0.011 -0.005  0.017],124,"[  5.   3.  -4.   5. -10.   9.  -3. -23.  18.  -4.   4.  -3.   5.   3.
  -3.   6. -26.   5.]",26,[2.41182876 0.1835326  2.35237074 0.         1.37927991 0.        ],[0. 0. 0. 0. 0. 0.]
207,1,[0. 0. 0. 0. 0. 0.],[0. 0. 0. 0. 0. 0.],[0. 0. 0. 0. 0. 0.],[0. 0. 0. 0. 0. 0.],[0. 0. 0. 0. 0. 0.],[ -2. -10.  -2.   1. -10.   1.],[-10. -10. -10. -10. -10. -10.],27,"[2222. 2168. 1004. 2224. 2241.  929. 1872. 2228.  938. 1872. 2168. 1004.
 2223. 2168. 1005. 2225. 2226.  925.]","[2220. 2165. 1008. 2219. 2252.  920. 1877. 2251.  920. 1876. 2165. 1008.
 2219. 2164. 1008. 2219. 2252.  920.]",[-0.011 -0.016  0.017],124,"[  2.   3.  -4.   5. -11.   9.  -5. -23.  18.  -4.   3.  -4.   4.   4.
  -3.   6. -26.   5.]",27,[2.43835545 0.         2.3847506  0.         1.40108362 0.        ],[0. 0. 0. 0. 0. 0.]
208,1,[0. 0. 0. 0. 0. 0.],[0. 0. 0. 0. 0. 0.],[0. 0. 0. 0. 0. 0.],[0. 0. 0. 0. 0. 0.],[0. 0. 0. 0. 0. 0.],[ -2. -10.  -2.   1. -10.   1.],[-10. -10. -10. -10. -10. -10.],28,"[2219. 2165. 1008. 2221. 2241.  928. 1875. 2227.  938. 1875. 2165. 1007.
 2220. 2165. 1007. 2221. 2225.  925.]","[2213. 2162. 1011. 2215. 2252.  920. 1880. 2251.  919. 1881. 2162. 1010.
 2215. 2162. 1011. 2215. 2252.  919.]",[-0.011 -0.016  0.017],124,"[  6.   3.  -3.   6. -11.   8.  -5. -24.  19.  -6.   3.  -3.   5.   3.
  -4.   6. -27.   6.]",28,[2.34367394 0.58029062 2.27440083 0.         1.33830243 0.        ],[0. 0. 0. 0. 0. 0.]
209,1,[ 0.  0.  0. 17.  0.  0.],[0. 0. 0. 0. 0. 0.],[0. 0. 0. 0. 0. 0.],[0. 0. 0. 0. 0. 0.],[0. 0. 0. 0. 0. 0.],[ -2. -10.  -2.   1. -10.   1.],[-10. -10. -10. -10. -10. -10.],29,"[2215. 2162. 1010. 2217. 2241.  928. 1878. 2227.  937. 1879. 2162. 1010.
 2216. 2163. 1010. 2217. 2225.  924.]","[2208. 2160. 1013. 2212. 2252.  919. 1884. 2252.  919. 1885. 2159. 1013.
 2211. 2159. 1013. 2211. 2252.  919.]",[-0.006 -0.005  0.017],124,"[  7.   2.  -3.   5. -11.   9.  -6. -25.  18.  -6.   3.  -3.   5.   4.
  -3.   6. -27.   5.]",29,[2.31580019 0.52667758 2.24625945 0.         1.33039111 0.        ],[0. 0. 0. 0. 0. 0.]
210,1,[20.  0. 95. 20.  0.  0.],[0. 0. 0. 0. 0. 0.],[0. 0. 0. 0. 0. 0.],[0. 0. 0. 0. 0. 0.],[0. 0. 0. 0. 0. 0.],[ -2. -10.  -2.   1. -10.   1.],[-10. -10. -10. -10. -10. -10.],30,"[2212. 2160. 1013. 2214. 2242.  927. 1882. 2228.  937. 1882. 2160. 1013.
 2212. 2160. 1012. 2213. 2226.  923.]","[2208. 2158. 1015. 2209. 2252.  919. 1887. 2252.  919. 1887. 2157. 1015.
 2208. 2157. 1016. 2207. 2252.  920.]",[-0.006 -0.005  0.017],124,"[  4.   2.  -2.   5. -10.   8.  -5. -24.  18.  -5.   3.  -2.   4.   3.
  -4.   6. -26.   3.]",30,[2.41914201 0.         2.34111285 0.         1.37682879 0.        ],[0. 0. 0. 0. 0. 0.]
211,1,[0. 0. 0. 0. 0. 0.],[0. 0. 0. 0. 0. 0.],[0. 0. 0. 0. 0. 0.],[0. 0. 0. 0. 0. 0.],[0. 0. 0. 0. 0. 0.],[ -2. -10.  -2.   1. -10.   1.],[-10. -10. -10. -10. -10. -10.],31,"[2207. 2158. 1015. 2210. 2242.  927. 1886. 2228.  937. 1886. 2157. 1015.
 2208. 2158. 1015. 2210. 2226.  923.]","[2201. 2154. 1019. 2203. 2253.  920. 1892. 2252.  919. 1894. 2153. 1019.
 2202. 2154. 1018. 2202. 2252.  919.]",[-0.011 -0.016  0.022],124,"[  6.   4.  -4.   7. -11.   7.  -6. -24.  18.  -8.   4.  -4.   6.   4.
  -3.   8. -26.   4.]",31,[2.39955735 0.         2.31895137 0.         1.37112901 0.        ],[0. 0. 0. 0. 0. 0.]
212,1,[ 0.  0.  0. 25.  0. 26.],[0. 0. 0. 0. 0. 0.],[0. 0. 0. 0. 0. 0.],[0. 0. 0. 0. 0. 0.],[0. 0. 0. 0. 0. 0.],[ -2. -10.  -2.   1. -10.   1.],[-10. -10. -10. -10. -10. -10.],32,"[2204. 2155. 1017. 2205. 2242.  926. 1890. 2228.  937. 1891. 2155. 1018.
 2205. 2155. 1017. 2205. 2226.  922.]","[2197. 2151. 1021. 2199. 2252.  918. 1896. 2252.  918. 1896. 2152. 1021.
 2198. 2152. 1020. 2198. 2252.  918.]",[-0.011 -0.011  0.017],124,"[  7.   4.  -4.   6. -10.   8.  -6. -24.  19.  -5.   3.  -3.   7.   3.
  -3.   7. -26.   4.]",32,[2.24167109 0.45717782 2.16288114 0.         1.3044616  0.        ],[0. 0. 0. 0. 0. 0.]
213,1,[12.  0.  0.  0. 22.  0.],[0. 0. 0. 0. 0. 0.],[0. 0. 0. 0. 0. 0.],[0. 0. 0. 0. 0. 0.],[0. 0. 0. 0. 0. 0.],[ -2. -10.  -2.   1. -10.   1.],[-10. -10. -10. -10. -10. -10.],33,"[2200. 2152. 1020. 2201. 2242.  925. 1894. 2228.  935. 1895. 2152. 1020.
 2200. 2153. 1020. 2201. 2226.  921.]","[2196. 2150. 1023. 2195. 2253.  918. 1900. 2253.  918. 1901. 2150. 1023.
 2194. 2150. 1023. 2194. 2253.  918.]",[-0.006 -0.005  0.017],124,"[  4.   2.  -3.   6. -11.   7.  -6. -25.  17.  -6.   2.  -3.   6.   3.
  -3.   7. -27.   3.]",33,[2.25047207 0.         2.17814875 0.         1.33492643 0.        ],[0. 0. 0. 0. 0. 0.]
214,1,[0. 0. 0. 0. 0. 0.],[0. 0. 0. 0. 0. 0.],[0. 0. 0. 0. 0. 0.],[0. 0. 0. 0. 0. 0.],[0. 0. 0. 0. 0. 0.],[ -2. -10.  -2.   1. -10.   1.],[-10. -10. -10. -10. -10. -10.],34,"[2196. 2150. 1022. 2198. 2242.  925. 1898. 2228.  935. 1899. 2150. 1022.
 2196. 2151. 1022. 2197. 2228.  921.]","[2191. 2147. 1026. 2192. 2253.  918. 1904. 2253.  918. 1904. 2147. 1025.
 2191. 2148. 1025. 2191. 2253.  918.]",[-0.011 -0.016  0.022],124,"[  5.   3.  -4.   6. -11.   7.  -6. -25.  17.  -5.   3.  -3.   5.   3.
  -3.   6. -25.   3.]",34,[2.31480384 0.         2.22944784 0.         1.36367255 0.        ],[0. 0. 0. 0. 0. 0.]
215,1,[0. 0. 0. 0. 0. 0.],[0. 0. 0. 0. 0. 0.],[0. 0. 0. 0. 0. 0.],[0. 0. 0. 0. 0. 0.],[0. 0. 0. 0. 0. 0.],[ -2. -10.  -2.   1. -10.   1.],[-10. -10. -10. -10. -10. -10.],35,"[2191. 2148. 1025. 2194. 2243.  924. 1902. 2228.  935. 1902. 2148. 1024.
 2193. 2148. 1024. 2193. 2228.  921.]","[2186. 2145. 1028. 2188. 2253.  918. 1908. 2253.  919. 1909. 2145. 1028.
 2187. 2146. 1027. 2186. 2253.  918.]",[-0.011 -0.016  0.022],124,"[  5.   3.  -3.   6. -10.   6.  -6. -25.  16.  -7.   3.  -4.   6.   2.
  -3.   7. -25.   3.]",35,[2.13869655 0.39264283 2.0674839  0.         1.31022978 0.        ],[0. 0. 0. 0. 0. 0.]
216,1,[0. 0. 0. 0. 0. 0.],[0. 0. 0. 0. 0. 0.],[0. 0. 0. 0. 0. 0.],[0. 0. 0. 0. 0. 0.],[0. 0. 0. 0. 0. 0.],[ -2. -10.  -2.   1. -10.   1.],[-10. -10. -10. -10. -10. -10.],36,"[2188. 2146. 1027. 2189. 2243.  924. 1907. 2228.  934. 1907. 2145. 1026.
 2188. 2146. 1027. 2189. 2228.  921.]","[2180. 2143. 1029. 2184. 2253.  919. 1913. 2254.  918. 1912. 2143. 1029.
 2183. 2143. 1030. 2182. 2254.  918.]",[-0.006 -0.011  0.022],124,"[  8.   3.  -2.   5. -10.   5.  -6. -26.  16.  -5.   2.  -3.   5.   3.
  -3.   7. -26.   3.]",36,[2.10047746 0.39369991 2.03245497 0.         1.315606   0.        ],[0. 0. 0. 0. 0. 0.]
217,1,[22.  0.  0.  0.  0.  0.],[0. 0. 0. 0. 0. 0.],[0. 0. 0. 0. 0. 0.],[0. 0. 0. 0. 0. 0.],[0. 0. 0. 0. 0. 0.],[ -2. -10.  -2.   1. -10.   1.],[-10. -10. -10. -10. -10. -10.],37,"[2183. 2143. 1030. 2185. 2243.  923. 1911. 2228.  933. 1911. 2144. 1029.
 2184. 2145. 1029. 2184. 2228.  921.]","[2176. 2141. 1031. 2179. 2254.  918. 1916. 2254.  918. 1917. 2141. 1031.
 2178. 2141. 1031. 2178. 2254.  917.]",[-0.006  0.     0.017],124,"[  7.   2.  -1.   6. -11.   5.  -5. -26.  15.  -6.   3.  -2.   6.   4.
  -2.   6. -26.   4.]",37,[2.16071177 0.10653517 2.07485676 0.         1.33493152 0.        ],[0. 0. 0. 0. 0. 0.]
218,1,[25.  0.  0.  0.  0.  0.],[0. 0. 0. 0. 0. 0.],[0. 0. 0. 0. 0. 0.],[0. 0. 0. 0. 0. 0.],[0. 0. 0. 0. 0. 0.],[ -2. -10.  -2.   1. -10.   1.],[-10. -10. -10. -10. -10. -10.],38,"[2178. 2141. 1031. 2181. 2243.  923. 1915. 2228.  933. 1916. 2141. 1031.
 2179. 2141. 1031. 2180. 2229.  920.]","[2174. 2140. 1033. 2174. 2254.  917. 1921. 2254.  917. 1922. 2139. 1034.
 2173. 2139. 1034. 2173. 2254.  917.]",[-0.011 -0.005  0.022],124,"[  4.   1.  -2.   7. -11.   6.  -6. -26.  16.  -6.   2.  -3.   6.   2.
  -3.   7. -25.   3.]",38,[2.19596696 0.         2.11778474 0.         1.38806608 0.        ],[0. 0. 0. 0. 0. 0.]
219,1,[0. 0. 0. 0. 0. 0.],[0. 0. 0. 0. 0. 0.],[0. 0. 0. 0. 0. 0.],[0. 0. 0. 0. 0. 0.],[0. 0. 0. 0. 0. 0.],[ -2. -10.  -2.   1. -10.   1.],[-10. -10. -10. -10. -10. -10.],39,"[2174. 2139. 1033. 2176. 2244.  923. 1920. 2228.  933. 1920. 2139. 1034.
 2174. 2139. 1034. 2175. 2229.  920.]","[2169. 2137. 1036. 2169. 2254.  917. 1927. 2254.  918. 1927. 2137. 1036.
 2168. 2137. 1036. 2168. 2254.  917.]",[-0.017 -0.016  0.022],124,"[  5.   2.  -3.   7. -10.   6.  -7. -26.  15.  -7.   2.  -2.   6.   2.
  -2.   7. -25.   3.]",39,[2.08838701 0.         2.01420379 0.         1.35390976 0.        ],[0. 0. 0. 0. 0. 0.]
220,1,[0. 0. 0. 0. 0. 0.],[0. 0. 0. 0. 0. 0.],[0. 0. 0. 0. 0. 0.],[0. 0. 0. 0. 0. 0.],[0. 0. 0. 0. 0. 0.],[ -2. -10.  -2.   1. -10.   1.],[-10. -10. -10. -10. -10. -10.],40,"[2170. 2137. 1035. 2171. 2244.  922. 1924. 2228.  933. 1925. 2137. 1035.
 2170. 2138. 1035. 2170. 2230.  920.]","[2162. 2135. 1037. 2164. 2255.  918. 1931. 2254.  917. 1932. 2134. 1037.
 2163. 2135. 1037. 2163. 2254.  918.]",[-0.011 -0.005  0.022],124,"[  8.   2.  -2.   7. -11.   4.  -7. -26.  16.  -7.   3.  -2.   7.   3.
  -2.   7. -24.   2.]",40,[1.89308882 0.15712863 1.85213608 0.         1.33641404 0.        ],[0. 0. 0. 0. 0. 0.]
221,1,[0. 0. 0. 0. 0. 0.],[0. 0. 0. 0. 0. 0.],[0. 0. 0. 0. 0. 0.],[0. 0. 0. 0. 0. 0.],[0. 0. 0. 0. 0. 0.],[ -2. -10.  -2.   1. -10.   1.],[-10. -10. -10. -10. -10. -10.],41,"[2165. 2136. 1037. 2166. 2245.  922. 1929. 2228.  933. 1930. 2135. 1037.
 2165. 2136. 1037. 2165. 2231.  920.]","[2155. 2134. 1038. 2158. 2254.  918. 1937. 2254.  917. 1939. 2133. 1039.
 2157. 2133. 1039. 2157. 2254.  917.]",[-0.011  0.006  0.017],124,"[ 10.   2.  -1.   8.  -9.   4.  -8. -26.  16.  -9.   2.  -2.   8.   3.
  -2.   8. -23.   3.]",41,[2.00778878 0.         1.93763626 0.         1.36231816 0.        ],[0. 0. 0. 0. 0. 0.]
222,1,[27.  0.  0. 29. 27.  0.],[0. 0. 0. 0. 0. 0.],[0. 0. 0. 0. 0. 0.],[0. 0. 0. 0. 0. 0.],[0. 0. 0. 0. 0. 0.],[ -2. -10.  -2.   1. -10.   1.],[-10. -10. -10. -10. -10. -10.],42,"[2160. 2134. 1039. 2162. 2245.  921. 1934. 2228.  933. 1935. 2134. 1039.
 2160. 2133. 1039. 2160. 2232.  920.]","[2153. 2132. 1041. 2153. 2254.  917. 1942. 2254.  916. 1943. 2132. 1040.
 2152. 2132. 1041. 2152. 2254.  916.]",[-0.017 -0.011  0.022],124,"[  7.   2.  -2.   9.  -9.   4.  -8. -26.  17.  -8.   2.  -1.   8.   1.
  -2.   8. -22.   4.]",42,[2.01229465 0.         1.95388633 0.         1.41785219 0.        ],[0. 0. 0. 0. 0. 0.]
223,1,[ 0. 31.  0.  0.  0.  0.],[0. 0. 0. 0. 0. 0.],[0. 0. 0. 0. 0. 0.],[0. 0. 0. 0. 0. 0.],[0. 0. 0. 0. 0. 0.],[ -2. -10.  -2.   1. -10.   1.],[-10. -10. -10. -10. -10. -10.],43,"[2155. 2132. 1041. 2157. 2245.  920. 1939. 2228.  932. 1940. 2132. 1040.
 2156. 2132. 1040. 2155. 2233.  920.]","[2148. 2130. 1043. 2149. 2255.  917. 1946. 2255.  916. 1947. 2130. 1042.
 2148. 2131. 1042. 2148. 2255.  916.]",[-0.017 -0.016  0.022],124,"[  7.   2.  -2.   8. -10.   3.  -7. -27.  16.  -7.   2.  -2.   8.   1.
  -2.   7. -22.   4.]",43,[1.8319543  0.         1.78782165 0.         1.36018261 0.        ],[0. 0. 0. 0. 0. 0.]
224,1,[0. 0. 0. 0. 0. 0.],[0. 0. 0. 0. 0. 0.],[0. 0. 0. 0. 0. 0.],[0. 0. 0. 0. 0. 0.],[0. 0. 0. 0. 0. 0.],[ -2. -10.  -2.   1. -10.   1.],[-10. -10. -10. -10. -10. -10.],44,"[2150. 2131. 1042. 2152. 2245.  920. 1944. 2228.  933. 1945. 2130. 1042.
 2150. 2131. 1042. 2150. 2233.  919.]","[2141. 2129. 1044. 2144. 2255.  916. 1951. 2255.  916. 1951. 2128. 1043.
 2144. 2129. 1043. 2143. 2255.  916.]",[-0.011 -0.005  0.022],124,"[  9.   2.  -2.   8. -10.   4.  -7. -27.  17.  -6.   2.  -1.   6.   2.
  -1.   7. -22.   3.]",44,[1.75260508 0.42601666 1.72335428 0.         1.36789298 0.        ],[0. 0. 0. 0. 0. 0.]
225,1,[0. 0. 0. 0. 0. 0.],[0. 0. 0. 0. 0. 0.],[0. 0. 0. 0. 0. 0.],[0. 0. 0. 0. 0. 0.],[0. 0. 0. 0. 0. 0.],[ -2. -10.  -2.   1. -10.   1.],[-10. -10. -10. -10. -10. -10.],45,"[2145. 2129. 1044. 2147. 2246.  920. 1948. 2228.  932. 1949. 2128. 1044.
 2145. 2129. 1044. 2145. 2234.  919.]","[2136. 2127. 1046. 2139. 2256.  916. 1957. 2255.  916. 1959. 2126. 1046.
 2137. 2127. 1045. 2138. 2256.  916.]",[-0.006  0.006  0.017],124,"[  9.   2.  -2.   8. -10.   4.  -9. -27.  16. -10.   2.  -2.   8.   2.
  -1.   7. -22.   3.]",45,[1.85473281 0.         1.79497939 0.         1.38415864 0.        ],[0. 0. 0. 0. 0. 0.]
226,1,[32.  0.  0. 31.  0.  0.],[0. 0. 0. 0. 0. 0.],[0. 0. 0. 0. 0. 0.],[0. 0. 0. 0. 0. 0.],[0. 0. 0. 0. 0. 0.],[ -2. -10.  -2.   1. -10.   1.],[-10. -10. -10. -10. -10. -10.],46,"[2140. 2127. 1045. 2142. 2246.  919. 1953. 2227.  932. 1955. 2127. 1045.
 2141. 2127. 1045. 2140. 2234.  919.]","[2132. 2125. 1047. 2132. 2255.  916. 1963. 2256.  916. 1964. 2125. 1046.
 2131. 2125. 1047. 2131. 2256.  916.]",[-0.017 -0.016  0.022],124,"[  8.   2.  -2.  10.  -9.   3. -10. -29.  16.  -9.   2.  -1.  10.   2.
  -2.   9. -22.   3.]",46,[1.91087544 0.         1.84232825 0.         1.43222889 0.        ],[0. 0. 0. 0. 0. 0.]
227,1,[  0.  34. 143.  32.  32.  30.],[0. 0. 0. 0. 0. 0.],[0. 0. 0. 0. 0. 0.],[0. 0. 0. 0. 0. 0.],[0. 0. 0. 0. 0. 0.],[ -2. -10.  -2.   1. -10.   1.],[-10. -10. -10. -10. -10. -10.],47,"[2135. 2126. 1047. 2137. 2246.  919. 1958. 2228.  932. 1960. 2125. 1047.
 2136. 2126. 1047. 2135. 2234.  918.]","[2124. 2124. 1048. 2128. 2256.  916. 1968. 2256.  916. 1969. 2124. 1048.
 2127. 2124. 1048. 2127. 2255.  916.]",[-0.011  0.     0.022],124,"[ 11.   2.  -1.   9. -10.   3. -10. -28.  16.  -9.   1.  -1.   9.   2.
  -1.   8. -21.   2.]",47,[1.66987485 0.62781638 1.64579922 0.         1.39278007 0.        ],[0. 0. 0. 0. 0. 0.]
228,1,[37.  0.  0.  0.  0.  0.],[0. 0. 0. 0. 0. 0.],[0. 0. 0. 0. 0. 0.],[0. 0. 0. 0. 0. 0.],[0. 0. 0. 0. 0. 0.],[ -2. -10.  -2.   1. -10.   1.],[-10. -10. -10. -10. -10. -10.],48,"[2130. 2124. 1048. 2131. 2246.  918. 1963. 2228.  932. 1965. 2124. 1047.
 2131. 2124. 1048. 2129. 2234.  919.]","[2121. 2123. 1049. 2122. 2255.  916. 1972. 2256.  916. 1973. 2123. 1048.
 2121. 2123. 1049. 2122. 2255.  916.]",[-0.006  0.006  0.017],124,"[  9.   1.  -1.   9.  -9.   2.  -9. -28.  16.  -8.   1.  -1.  10.   1.
  -1.   7. -21.   3.]",48,[1.79281855 0.         1.73584592 0.         1.40970013 0.        ],[0. 0. 0. 0. 0. 0.]
229,1,[0. 0. 0. 0. 0. 0.],[0. 0. 0. 0. 0. 0.],[0. 0. 0. 0. 0. 0.],[0. 0. 0. 0. 0. 0.],[0. 0. 0. 0. 0. 0.],[ -2. -10.  -2.   1. -10.   1.],[-10. -10. -10. -10. -10. -10.],49,"[2124. 2124. 1049. 2127. 2246.  918. 1969. 2228.  931. 1970. 2123. 1049.
 2125. 2124. 1049. 2124. 2234.  918.]","[2119. 2122. 1050. 2118. 2256.  916. 1978. 2256.  916. 1978. 2122. 1050.
 2117. 2123. 1049. 2117. 2256.  916.]",[-0.017 -0.011  0.022],124,"[  5.   2.  -1.   9. -10.   2.  -9. -28.  15.  -8.   1.  -1.   8.   1.
   0.   7. -22.   2.]",49,[1.81869972 0.         1.75666666 0.         1.44158593 0.        ],[0. 0. 0. 0. 0. 0.]
230,1,[0. 0. 0. 0. 0. 0.],[0. 0. 0. 0. 0. 0.],[0. 0. 0. 0. 0. 0.],[0. 0. 0. 0. 0. 0.],[0. 0. 0. 0. 0. 0.],[ -2. -10.  -2.   1. -10.   1.],[-10. -10. -10. -10. -10. -10.],50,"[2119. 2122. 1050. 2121. 2246.  918. 1974. 2228.  931. 1976. 2122. 1050.
 2119. 2123. 1050. 2119. 2234.  918.]","[2111. 2121. 1051. 2112. 2256.  916. 1983. 2256.  915. 1984. 2121. 1051.
 2111. 2121. 1051. 2111. 2256.  915.]",[-0.017 -0.016  0.022],124,"[  8.   1.  -1.   9. -10.   2.  -9. -28.  16.  -8.   1.  -1.   8.   2.
  -1.   8. -22.   3.]",50,[1.64705944 0.11752358 1.61850858 0.         1.41399655 0.        ],[0. 0. 0. 0. 0. 0.]
231,1,[0. 0. 0. 0. 0. 0.],[0. 0. 0. 0. 0. 0.],[0. 0. 0. 0. 0. 0.],[0. 0. 0. 0. 0. 0.],[0. 0. 0. 0. 0. 0.],[ -2. -10.  -2.   1. -10.   1.],[-10. -10. -10. -10. -10. -10.],51,"[2114. 2121. 1051. 2115. 2246.  917. 1979. 2228.  929. 1980. 2121. 1051.
 2114. 2122. 1051. 2113. 2233.  918.]","[2104. 2120. 1052. 2107. 2256.  915. 1988. 2256.  915. 1989. 2120. 1051.
 2106. 2120. 1052. 2106. 2257.  915.]",[-0.006  0.006  0.017],124,"[ 10.   1.  -1.   8. -10.   2.  -9. -28.  14.  -9.   1.   0.   8.   2.
  -1.   7. -24.   3.]",51,[1.59581017 0.75942001 1.5794248  0.         1.42763171 0.        ],[0. 0. 0. 0. 0. 0.]
232,1,[ 0.  0.  0.  0.  0. 89.],[0. 0. 0. 0. 0. 0.],[0. 0. 0. 0. 0. 0.],[0. 0. 0. 0. 0. 0.],[0. 0. 0. 0. 0. 0.],[ -2. -10.  -2.   1. -10.   1.],[-10. -10. -10. -10. -10. -10.],52,"[2109. 2120. 1052. 2110. 2246.  917. 1985. 2228.  930. 1986. 2120. 1052.
 2109. 2121. 1052. 2108. 2234.  918.]","[2098. 2119. 1052. 2100. 2257.  916. 1996. 2257.  915. 1997. 2119. 1053.
 2099. 2119. 1053. 2098. 2257.  915.]",[-0.006  0.011  0.017],124,"[ 11.   1.   0.  10. -11.   1. -11. -29.  15. -11.   1.  -1.  10.   2.
  -1.  10. -23.   3.]",52,[1.74388623 0.         1.69704813 0.         1.45897421 0.        ],[0. 0. 0. 0. 0. 0.]
233,1,[34.  0. 38. 36. 34. 32.],[0. 0. 0. 0. 0. 0.],[0. 0. 0. 0. 0. 0.],[0. 0. 0. 0. 0. 0.],[0. 0. 0. 0. 0. 0.],[ -2. -10.  -2.   1. -10.   1.],[-10. -10. -10. -10. -10. -10.],53,"[2103. 2120. 1053. 2105. 2246.  917. 1990. 2228.  929. 1992. 2119. 1053.
 2103. 2120. 1053. 2102. 2234.  918.]","[2092. 2118. 1053. 2095. 2256.  915. 2000. 2256.  915. 2003. 2118. 1054.
 2094. 2119. 1054. 2093. 2256.  915.]",[-0.017 -0.011  0.022],124,"[ 11.   2.   0.  10. -10.   2. -10. -28.  14. -11.   1.  -1.   9.   1.
  -1.   9. -22.   3.]",53,[1.7344079  0.         1.70101047 0.         1.47947666 0.        ],[0. 0. 0. 0. 0. 0.]
234,1,[ 0.  0.  0. 39.  0.  0.],[0. 0. 0. 0. 0. 0.],[0. 0. 0. 0. 0. 0.],[0. 0. 0. 0. 0. 0.],[0. 0. 0. 0. 0. 0.],[ -2. -10.  -2.   1. -10.   1.],[-10. -10. -10. -10. -10. -10.],54,"[2097. 2119. 1054. 2100. 2246.  917. 1996. 2228.  929. 1997. 2119. 1054.
 2097. 2119. 1054. 2096. 2234.  918.]","[2091. 2118. 1054. 2090. 2256.  915. 2005. 2256.  915. 2005. 2118. 1055.
 2089. 2117. 1055. 2089. 2256.  915.]",[-0.011  0.006  0.017],124,"[  6.   1.   0.  10. -10.   2.  -9. -28.  14.  -8.   1.  -1.   8.   2.
  -1.   7. -22.   3.]",54,[1.5862177  0.27294046 1.57313859 0.         1.45228878 0.        ],[0. 0. 0. 0. 0. 0.]
235,1,[0. 0. 0. 0. 0. 0.],[0. 0. 0. 0. 0. 0.],[0. 0. 0. 0. 0. 0.],[0. 0. 0. 0. 0. 0.],[0. 0. 0. 0. 0. 0.],[ -2. -10.  -2.   1. -10.   1.],[-10. -10. -10. -10. -10. -10.],55,"[2092. 2118. 1054. 2094. 2246.  917. 2001. 2228.  929. 2003. 2118. 1055.
 2092. 2119. 1054. 2090. 2234.  918.]","[2083. 2117. 1055. 2085. 2257.  915. 2011. 2257.  915. 2012. 2117. 1055.
 2084. 2117. 1054. 2084. 2256.  915.]",[-0.011  0.     0.022],124,"[  9.   1.  -1.   9. -11.   2. -10. -29.  14.  -9.   1.   0.   8.   2.
   0.   6. -22.   3.]",55,[1.67251074 0.         1.64947855 0.         1.47939703 0.        ],[0. 0. 0. 0. 0. 0.]
236,1,[0. 0. 0. 0. 0. 0.],[0. 0. 0. 0. 0. 0.],[0. 0. 0. 0. 0. 0.],[0. 0. 0. 0. 0. 0.],[0. 0. 0. 0. 0. 0.],[ -2. -10.  -2.   1. -10.   1.],[-10. -10. -10. -10. -10. -10.],56,"[2086. 2117. 1055. 2089. 2246.  917. 2006. 2228.  928. 2008. 2117. 1054.
 2087. 2117. 1055. 2084. 2234.  918.]","[2076. 2117. 1056. 2079. 2256.  915. 2016. 2256.  915. 2017. 2117. 1055.
 2078. 2117. 1056. 2078. 2256.  915.]",[-0.011 -0.005  0.022],124,"[ 10.   0.  -1.  10. -10.   2. -10. -28.  13.  -9.   0.  -1.   9.   0.
  -1.   6. -22.   3.]",56,[1.64128095 0.         1.62699544 0.         1.47690079 0.        ],[0. 0. 0. 0. 0. 0.]
237,1,[0. 0. 0. 0. 0. 0.],[0. 0. 0. 0. 0. 0.],[0. 0. 0. 0. 0. 0.],[0. 0. 0. 0. 0. 0.],[0. 0. 0. 0. 0. 0.],[ -2. -10.  -2.   1. -10.   1.],[-10. -10. -10. -10. -10. -10.],57,"[2081. 2117. 1056. 2083. 2246.  916. 2012. 2228.  928. 2014. 2117. 1054.
 2081. 2117. 1056. 2078. 2234.  918.]","[2075. 2116. 1056. 2073. 2257.  915. 2021. 2256.  915. 2022. 2116. 1055.
 2072. 2116. 1056. 2073. 2256.  915.]",[-0.017 -0.005  0.022],124,"[  6.   1.   0.  10. -11.   1.  -9. -28.  13.  -8.   1.  -1.   9.   1.
   0.   5. -22.   3.]",57,[1.61004549 0.         1.60260308 0.         1.48781303 0.        ],[0. 0. 0. 0. 0. 0.]
238,1,[0. 0. 0. 0. 0. 0.],[0. 0. 0. 0. 0. 0.],[0. 0. 0. 0. 0. 0.],[0. 0. 0. 0. 0. 0.],[0. 0. 0. 0. 0. 0.],[ -2. -10.  -2.   1. -10.   1.],[-10. -10. -10. -10. -10. -10.],58,"[2075. 2116. 1055. 2077. 2246.  917. 2018. 2228.  928. 2020. 2116. 1055.
 2075. 2116. 1056. 2073. 2235.  918.]","[2067. 2116. 1055. 2069. 2257.  915. 2027. 2257.  915. 2027. 2116. 1055.
 2068. 2116. 1055. 2068. 2257.  915.]",[-0.017 -0.011  0.022],124,"[  8.   0.   0.   8. -11.   2.  -9. -29.  13.  -7.   0.   0.   7.   0.
   1.   5. -22.   3.]",58,[1.586604   0.         1.58803958 0.         1.49419525 0.11540776],[0. 0. 0. 0. 0. 0.]
239,1,[0. 0. 0. 0. 0. 0.],[0. 0. 0. 0. 0. 0.],[0. 0. 0. 0. 0. 0.],[0. 0. 0. 0. 0. 0.],[0. 0. 0. 0. 0. 0.],[ -2. -10.  -2.   1. -10.   1.],[-10. -10. -10. -10. -10. -10.],59,"[2069. 2116. 1056. 2071. 2246.  917. 2023. 2228.  928. 2026. 2116. 1055.
 2070. 2116. 1056. 2067. 2236.  918.]","[2059. 2116. 1057. 2063. 2256.  915. 2032. 2256.  915. 2034. 2115. 1057.
 2062. 2116. 1057. 2062. 2257.  915.]",[-0.011  0.006  0.022],124,"[ 10.   0.  -1.   8. -10.   2.  -9. -28.  13.  -8.   1.  -2.   8.   0.
  -1.   5. -21.   3.]",59,[1.55612981 0.52253997 1.56691986 0.         1.51085281 0.71666753],[0. 0. 0. 0. 0. 0.]
