count,T_count,theta_sim,theta_tick,position_Read_tick,IMU_data,voltage
0,0,"[[ 0.22927026 -0.30060627  0.32939373]
 [ 0.03060484 -0.09381295  0.53618705]
 [-0.22803207 -0.30896644  0.32103356]
 [ 0.22803207  0.30896644 -0.32103356]
 [-0.22927026  0.30060627 -0.32939373]
 [-0.03060484  0.09381295 -0.53618705]]","[1898. 2243.  928. 1899. 2249.  922. 2028. 2109. 1062. 2197. 2243.  928.
 2196. 2249.  922. 2067. 2109. 1062.]","[1901. 2240.  929. 1903. 2232.  932. 2027. 2111. 1061. 2197. 2231.  930.
 2194. 2221.  931. 2065. 2111. 1061.]",[ 0.      0.      0.      0.      0.      0.     -0.0845 -0.2842  0.9531],118
1,0,"[[ 0.22517127 -0.30082039  0.32917961]
 [ 0.04174122 -0.09086186  0.53913814]
 [-0.23266345 -0.30882661  0.32117339]
 [ 0.23266345  0.30882661 -0.32117339]
 [-0.22517127  0.30082039 -0.32917961]
 [-0.04174122  0.09086186 -0.53913814]]","[1901. 2244.  927. 1896. 2249.  922. 2020. 2107. 1064. 2194. 2244.  927.
 2199. 2249.  922. 2075. 2107. 1064.]","[1900. 2240.  929. 1903. 2232.  932. 2027. 2111. 1061. 2197. 2231.  931.
 2194. 2221.  931. 2065. 2111. 1061.]","[-16.265    5.004   63.589    0.       0.       0.      -0.0845  -0.2842
   0.9531]",118
2,0,"[[ 0.22097809 -0.30103396  0.32896604]
 [ 0.05277969 -0.08868901  0.54131099]
 [-0.23716124 -0.30867539  0.32132461]
 [ 0.23716124  0.30867539 -0.32132461]
 [-0.22097809  0.30103396 -0.32896604]
 [-0.05277969  0.08868901 -0.54131099]]","[1903. 2244.  927. 1893. 2249.  922. 2013. 2105. 1066. 2192. 2244.  927.
 2202. 2249.  922. 2082. 2105. 1066.]","[1900. 2240.  929. 1903. 2232.  932. 2027. 2110. 1062. 2197. 2232.  931.
 2194. 2221.  931. 2069. 2111. 1062.]","[-16.265    5.004   63.589    0.       0.       0.      -0.0845  -0.2847
   0.9531]",118
3,0,"[[ 0.21669247 -0.3012469   0.3287531 ]
 [ 0.06370614 -0.08729848  0.54270152]
 [-0.24152337 -0.30851309  0.32148691]
 [ 0.24152337  0.30851309 -0.32148691]
 [-0.21669247  0.3012469  -0.3287531 ]
 [-0.06370614  0.08729848 -0.54270152]]","[1906. 2244.  927. 1890. 2249.  922. 2006. 2104. 1067. 2189. 2244.  927.
 2205. 2249.  922. 2089. 2104. 1067.]","[1902. 2240.  929. 1902. 2232.  932. 2024. 2109. 1063. 2196. 2231.  931.
 2195. 2221.  931. 2073. 2110. 1063.]","[-16.265    5.004   63.589    0.       0.       0.      -0.0845  -0.2832
   0.9521]",118
4,0,"[[ 0.21231621 -0.3014591   0.3285409 ]
 [ 0.0745069  -0.08669711  0.54330289]
 [-0.24574786 -0.30834002  0.32165998]
 [ 0.24574786  0.30834002 -0.32165998]
 [-0.21231621  0.3014591  -0.3285409 ]
 [-0.0745069   0.08669711 -0.54330289]]","[1909. 2244.  927. 1887. 2249.  922. 1999. 2104. 1067. 2186. 2244.  927.
 2208. 2249.  922. 2096. 2104. 1067.]","[1905. 2240.  929. 1901. 2232.  932. 2017. 2108. 1065. 2193. 2231.  931.
 2197. 2221.  931. 2080. 2109. 1064.]","[-16.265    5.004   63.589    0.       0.       0.      -0.0801  -0.2842
   0.9565]",118
5,0,"[[ 0.20785113 -0.30167046  0.32832954]
 [ 0.08516876 -0.08689716  0.54310284]
 [-0.2498328  -0.30815651  0.32184349]
 [ 0.2498328   0.30815651 -0.32184349]
 [-0.20785113  0.30167046 -0.32832954]
 [-0.08516876  0.08689716 -0.54310284]]","[1912. 2244.  927. 1885. 2248.  923. 1992. 2104. 1067. 2183. 2244.  927.
 2210. 2248.  923. 2103. 2104. 1067.]","[1906. 2240.  928. 1899. 2232.  932. 2012. 2107. 1065. 2192. 2232.  931.
 2199. 2221.  931. 2084. 2108. 1065.]","[-1.6260e+01  5.0040e+00  6.3589e+01  6.1000e-02  0.0000e+00  0.0000e+00
 -9.4700e-02 -2.7780e-01  9.5900e-01]",118
6,0,"[[ 0.2032991  -0.30188087  0.32811913]
 [ 0.09567892 -0.0874837   0.5425163 ]
 [-0.25377637 -0.30796287  0.32203713]
 [ 0.25377637  0.30796287 -0.32203713]
 [-0.2032991   0.30188087 -0.32811913]
 [-0.09567892  0.0874837  -0.5425163 ]]","[1915. 2244.  927. 1882. 2248.  923. 1985. 2105. 1066. 2180. 2244.  927.
 2213. 2248.  923. 2110. 2105. 1066.]","[1909. 2240.  929. 1897. 2232.  932. 2006. 2106. 1066. 2190. 2231.  931.
 2201. 2221.  931. 2091. 2108. 1065.]","[-16.249    5.004   63.589    0.1831   0.       0.      -0.0845  -0.2441
   0.9561]",118
7,0,"[[ 0.19866203 -0.30209023  0.32790977]
 [ 0.10602505 -0.08814839  0.54185161]
 [-0.25757685 -0.30775946  0.32224054]
 [ 0.25757685  0.30775946 -0.32224054]
 [-0.19866203  0.30209023 -0.32790977]
 [-0.10602505  0.08814839 -0.54185161]]","[1918. 2244.  927. 1880. 2248.  923. 1978. 2105. 1066. 2177. 2244.  927.
 2215. 2248.  923. 2117. 2105. 1066.]","[1913. 2240.  928. 1894. 2232.  932. 1996. 2107. 1066. 2186. 2231.  931.
 2205. 2222.  931. 2099. 2108. 1065.]","[-16.232    4.999   63.578    0.1831   0.      -0.2441  -0.0752  -0.2354
   0.9717]",118
8,0,"[[ 0.19394186 -0.30229845  0.32770155]
 [ 0.11619527 -0.08902122  0.54097878]
 [-0.26123258 -0.30754662  0.32245338]
 [ 0.26123258  0.30754662 -0.32245338]
 [-0.19394186  0.30229845 -0.32770155]
 [-0.11619527  0.08902122 -0.54097878]]","[1921. 2245.  926. 1877. 2248.  923. 1972. 2106. 1065. 2174. 2245.  926.
 2218. 2248.  923. 2123. 2106. 1065.]","[1915. 2240.  928. 1893. 2232.  932. 1991. 2106. 1065. 2184. 2232.  931.
 2207. 2221.  931. 2104. 2108. 1066.]","[-1.6227e+01  4.9990e+00  6.3550e+01 -6.1000e-02  1.2210e-01 -6.1040e-01
 -8.5400e-02 -2.4610e-01  9.5210e-01]",118
9,0,"[[ 0.18914056 -0.30250543  0.32749457]
 [ 0.12617817 -0.09013791  0.53986209]
 [-0.26474201 -0.30732471  0.32267529]
 [ 0.26474201  0.30732471 -0.32267529]
 [-0.18914056  0.30250543 -0.32749457]
 [-0.12617817  0.09013791 -0.53986209]]","[1924. 2245.  926. 1875. 2248.  923. 1965. 2106. 1065. 2171. 2245.  926.
 2220. 2248.  923. 2130. 2106. 1065.]","[1919. 2240.  928. 1890. 2232.  932. 1984. 2107. 1065. 2181. 2232.  930.
 2210. 2221.  931. 2111. 2108. 1065.]","[-16.227    4.993   63.517   -0.3052   0.1221  -0.7935  -0.0942  -0.2632
   0.9639]",118
10,0,"[[ 0.18426014 -0.30271106  0.32728894]
 [ 0.1359628  -0.09150854  0.53849146]
 [-0.26810365 -0.30709409  0.32290591]
 [ 0.26810365  0.30709409 -0.32290591]
 [-0.18426014  0.30271106 -0.32728894]
 [-0.1359628   0.09150854 -0.53849146]]","[1927. 2245.  926. 1873. 2248.  923. 1959. 2107. 1064. 2168. 2245.  926.
 2222. 2248.  923. 2136. 2107. 1064.]","[1922. 2240.  928. 1886. 2232.  932. 1976. 2106. 1066. 2178. 2231.  930.
 2213. 2221.  931. 2120. 2108. 1065.]","[-16.227    4.993   63.484   -0.2441   0.2441  -0.7935  -0.0884  -0.2866
   0.9517]",118
11,0,"[[ 0.17930264 -0.30291526  0.32708474]
 [ 0.14553865 -0.09313831  0.53686169]
 [-0.27131611 -0.30685512  0.32314488]
 [ 0.27131611  0.30685512 -0.32314488]
 [-0.17930264  0.30291526 -0.32708474]
 [-0.14553865  0.09313831 -0.53686169]]","[1931. 2245.  926. 1871. 2248.  923. 1953. 2108. 1063. 2164. 2245.  926.
 2224. 2248.  923. 2142. 2108. 1063.]","[1925. 2240.  928. 1884. 2232.  932. 1969. 2107. 1065. 2174. 2231.  930.
 2216. 2221.  932. 2126. 2108. 1065.]","[-16.232    4.993   63.452   -0.1831   0.1831  -0.7935  -0.085   -0.3013
   0.9482]",118
12,0,"[[ 0.17427013 -0.30311792  0.32688208]
 [ 0.15489571 -0.09503146  0.53496854]
 [-0.27437809 -0.30660818  0.32339182]
 [ 0.27437809  0.30660818 -0.32339182]
 [-0.17427013  0.30311792 -0.32688208]
 [-0.15489571  0.09503146 -0.53496854]]","[1934. 2245.  926. 1869. 2247.  924. 1947. 2109. 1062. 2161. 2245.  926.
 2226. 2247.  924. 2148. 2109. 1062.]","[1929. 2240.  927. 1882. 2232.  932. 1963. 2107. 1064. 2171. 2231.  930.
 2219. 2221.  932. 2133. 2108. 1064.]","[-16.238    4.993   63.424   -0.1831   0.1221  -0.6104  -0.084   -0.3115
   0.9463]",118
13,0,"[[ 0.16916473 -0.30331895  0.32668105]
 [ 0.16402443 -0.09719192  0.53280808]
 [-0.27728838 -0.30635364  0.32364636]
 [ 0.27728838  0.30635364 -0.32364636]
 [-0.16916473  0.30331895 -0.32668105]
 [-0.16402443  0.09719192 -0.53280808]]","[1937. 2245.  926. 1867. 2247.  924. 1941. 2111. 1060. 2158. 2245.  926.
 2228. 2247.  924. 2154. 2111. 1060.]","[1931. 2240.  927. 1880. 2232.  932. 1958. 2108. 1063. 2169. 2231.  930.
 2220. 2221.  931. 2137. 2109. 1063.]","[-1.6243e+01  4.9930e+00  6.3408e+01  0.0000e+00  6.1000e-02 -4.8830e-01
 -7.6700e-02 -3.0910e-01  9.4920e-01]",118
14,0,"[[ 0.16398856 -0.30351826  0.32648174]
 [ 0.1729157  -0.09962339  0.53037661]
 [-0.28004582 -0.3060919   0.3239081 ]
 [ 0.28004582  0.3060919  -0.3239081 ]
 [-0.16398856  0.30351826 -0.32648174]
 [-0.1729157   0.09962339 -0.53037661]]","[1941. 2245.  926. 1865. 2247.  924. 1935. 2112. 1059. 2154. 2245.  926.
 2230. 2247.  924. 2160. 2112. 1059.]","[1934. 2240.  927. 1879. 2232.  932. 1952. 2109. 1062. 2167. 2232.  930.
 2222. 2221.  932. 2143. 2110. 1062.]","[-1.6243e+01  4.9880e+00  6.3386e+01  1.2210e-01  6.1000e-02 -4.2720e-01
 -8.0100e-02 -3.0570e-01  9.4970e-01]",118
15,0,"[[ 0.15874379 -0.30371575  0.32628425]
 [ 0.18156092 -0.10232936  0.52767064]
 [-0.28264938 -0.30582332  0.32417668]
 [ 0.28264938  0.30582332 -0.32417668]
 [-0.15874379  0.30371575 -0.32628425]
 [-0.18156092  0.10232936 -0.52767064]]","[1944. 2245.  925. 1863. 2247.  924. 1929. 2114. 1057. 2151. 2245.  925.
 2232. 2247.  924. 2166. 2114. 1057.]","[1937. 2240.  927. 1877. 2232.  932. 1946. 2111. 1060. 2164. 2231.  930.
 2225. 2221.  932. 2149. 2111. 1060.]","[-1.6243e+01  4.9820e+00  6.3369e+01  1.2210e-01  6.1000e-02 -4.2720e-01
 -8.4000e-02 -2.9150e-01  9.4780e-01]",118
16,0,"[[ 0.15343262 -0.30391134  0.32608866]
 [ 0.18995191 -0.10531311  0.52468689]
 [-0.2850981  -0.30554831  0.32445169]
 [ 0.2850981   0.30554831 -0.32445169]
 [-0.15343262  0.30391134 -0.32608866]
 [-0.18995191  0.10531311 -0.52468689]]","[1947. 2246.  925. 1862. 2247.  924. 1924. 2116. 1055. 2148. 2246.  925.
 2233. 2247.  924. 2171. 2116. 1055.]","[1940. 2240.  927. 1875. 2232.  932. 1940. 2112. 1059. 2161. 2231.  930.
 2226. 2221.  932. 2155. 2113. 1059.]","[-1.6243e+01  4.9820e+00  6.3358e+01  6.1000e-02  0.0000e+00 -3.0520e-01
 -8.6900e-02 -2.7930e-01  9.5800e-01]",118
17,0,"[[ 0.14805727 -0.30410492  0.32589508]
 [ 0.19808099 -0.10857769  0.52142231]
 [-0.28739109 -0.30526726  0.32473274]
 [ 0.28739109  0.30526726 -0.32473274]
 [-0.14805727  0.30410492 -0.32589508]
 [-0.19808099  0.10857769 -0.52142231]]","[1951. 2246.  925. 1860. 2247.  924. 1918. 2118. 1053. 2144. 2246.  925.
 2235. 2247.  924. 2177. 2118. 1053.]","[1943. 2240.  927. 1873. 2232.  932. 1935. 2114. 1057. 2157. 2231.  930.
 2228. 2221.  932. 2161. 2114. 1058.]","[-1.6243e+01  4.9770e+00  6.3342e+01  6.1000e-02  0.0000e+00 -3.6620e-01
 -8.5400e-02 -2.6950e-01  9.5510e-01]",118
18,0,"[[ 0.14261998 -0.30429642  0.32570358]
 [ 0.2059409  -0.11212593  0.51787407]
 [-0.28952757 -0.30498055  0.32501945]
 [ 0.28952757  0.30498055 -0.32501945]
 [-0.14261998  0.30429642 -0.32570358]
 [-0.2059409   0.11212593 -0.51787407]]","[1955. 2246.  925. 1859. 2246.  925. 1913. 2121. 1050. 2140. 2246.  925.
 2236. 2246.  925. 2182. 2121. 1050.]","[1947. 2240.  926. 1872. 2232.  933. 1929. 2116. 1055. 2154. 2231.  930.
 2230. 2221.  932. 2166. 2116. 1055.]","[-16.243    4.971   63.325    0.       0.      -0.4272  -0.0879  -0.2715
   0.9565]",118
19,0,"[[ 0.13712303 -0.30448574  0.32551426]
 [ 0.21352488 -0.11596041  0.51403959]
 [-0.29150683 -0.30468858  0.32531142]
 [ 0.29150683  0.30468858 -0.32531142]
 [-0.13712303  0.30448574 -0.32551426]
 [-0.21352488  0.11596041 -0.51403959]]","[1958. 2246.  925. 1857. 2246.  925. 1908. 2123. 1048. 2137. 2246.  925.
 2238. 2246.  925. 2187. 2123. 1048.]","[1950. 2240.  927. 1870. 2232.  932. 1923. 2118. 1053. 2151. 2231.  930.
 2232. 2221.  932. 2172. 2119. 1053.]","[-16.249    4.971   63.309   -0.1221   0.      -0.3662  -0.0913  -0.2715
   0.9482]",118
20,0,"[[ 0.13156872 -0.3046728   0.3253272 ]
 [ 0.22082657 -0.12008349  0.50991651]
 [-0.29332824 -0.30439175  0.32560825]
 [ 0.29332824  0.30439175 -0.32560825]
 [-0.13156872  0.3046728  -0.3253272 ]
 [-0.22082657  0.12008349 -0.50991651]]","[1962. 2246.  925. 1856. 2246.  925. 1904. 2126. 1045. 2133. 2246.  925.
 2239. 2246.  925. 2191. 2126. 1045.]","[1955. 2240.  926. 1868. 2232.  934. 1918. 2121. 1051. 2148. 2231.  930.
 2234. 2221.  933. 2177. 2121. 1051.]","[-1.6254e+01  4.9660e+00  6.3292e+01 -1.2210e-01  6.1000e-02 -4.2720e-01
 -8.5900e-02 -2.8470e-01  9.5610e-01]",118
21,0,"[[ 0.12595938 -0.30485751  0.32514249]
 [ 0.22784011 -0.12449726  0.50550274]
 [-0.29499128 -0.30409045  0.32590955]
 [ 0.29499128  0.30409045 -0.32590955]
 [-0.12595938  0.30485751 -0.32514249]
 [-0.22784011  0.12449726 -0.50550274]]","[1965. 2246.  925. 1855. 2246.  925. 1899. 2129. 1042. 2130. 2246.  925.
 2240. 2246.  925. 2196. 2129. 1042.]","[1958. 2240.  926. 1866. 2232.  934. 1913. 2123. 1048. 2145. 2231.  930.
 2236. 2221.  934. 2183. 2123. 1048.]","[-16.26     4.966   63.276   -0.2441   0.      -0.3052  -0.0869  -0.2827
   0.9478]",118
22,0,"[[ 0.12029734 -0.30503978  0.32496022]
 [ 0.23456005 -0.12920358  0.50079642]
 [-0.29649548 -0.30378508  0.32621492]
 [ 0.29649548  0.30378508 -0.32621492]
 [-0.12029734  0.30503978 -0.32496022]
 [-0.23456005  0.12920358 -0.50079642]]","[1969. 2246.  925. 1854. 2246.  925. 1895. 2132. 1039. 2126. 2246.  925.
 2241. 2246.  925. 2200. 2132. 1039.]","[1961. 2240.  926. 1865. 2232.  934. 1908. 2126. 1046. 2141. 2231.  930.
 2238. 2221.  934. 2188. 2126. 1046.]","[-1.6271e+01  4.9600e+00  6.3265e+01 -2.4410e-01 -6.1000e-02  0.0000e+00
 -7.6700e-02 -2.8710e-01  9.5210e-01]",118
23,0,"[[ 0.11458498 -0.30521954  0.32478046]
 [ 0.24098138 -0.13420404  0.49579596]
 [-0.29784049 -0.30347604  0.32652396]
 [ 0.29784049  0.30347604 -0.32652396]
 [-0.11458498  0.30521954 -0.32478046]
 [-0.24098138  0.13420404 -0.49579596]]","[1973. 2246.  924. 1853. 2245.  926. 1890. 2135. 1036. 2122. 2246.  924.
 2242. 2245.  926. 2205. 2135. 1036.]","[1964. 2240.  926. 1863. 2232.  934. 1903. 2129. 1043. 2138. 2231.  930.
 2239. 2221.  934. 2192. 2129. 1043.]","[-1.6282e+01  4.9600e+00  6.3265e+01 -1.2210e-01  0.0000e+00 -6.1000e-02
 -7.0300e-02 -2.9980e-01  9.5650e-01]",118
24,0,"[[ 0.10882469 -0.3053967   0.3246033 ]
 [ 0.24709954 -0.13949999  0.49050001]
 [-0.29902602 -0.30316371  0.32683629]
 [ 0.29902602  0.30316371 -0.32683629]
 [-0.10882469  0.3053967  -0.3246033 ]
 [-0.24709954  0.13949999 -0.49050001]]","[1977. 2247.  924. 1853. 2245.  926. 1886. 2138. 1033. 2118. 2247.  924.
 2242. 2245.  926. 2209. 2138. 1033.]","[1968. 2240.  926. 1862. 2232.  934. 1898. 2131. 1040. 2135. 2231.  929.
 2241. 2221.  934. 2197. 2132. 1040.]","[-1.6287e+01  4.9550e+00  6.3259e+01  0.0000e+00  6.1000e-02 -3.6620e-01
 -8.1100e-02 -3.0320e-01  9.5020e-01]",118
25,0,"[[ 0.10301888 -0.30557118  0.32442882]
 [ 0.25291037 -0.14509249  0.48490751]
 [-0.30005186 -0.3028485   0.3271515 ]
 [ 0.30005186  0.3028485  -0.3271515 ]
 [-0.10301888  0.30557118 -0.32442882]
 [-0.25291037  0.14509249 -0.48490751]]","[1980. 2247.  924. 1852. 2245.  926. 1883. 2142. 1029. 2115. 2247.  924.
 2243. 2245.  926. 2212. 2142. 1029.]","[1972. 2240.  926. 1861. 2232.  933. 1894. 2134. 1037. 2132. 2231.  929.
 2244. 2221.  934. 2202. 2135. 1037.]","[-16.293    4.955   63.243   -0.1221   0.      -0.6104  -0.0903  -0.2905
   0.9521]",118
26,0,"[[ 0.09716997 -0.30574291  0.32425709]
 [ 0.25841015 -0.15098235  0.47901765]
 [-0.30091791 -0.30253079  0.32746921]
 [ 0.30091791  0.30253079 -0.32746921]
 [-0.09716997  0.30574291 -0.32425709]
 [-0.25841015  0.15098235 -0.47901765]]","[1984. 2247.  924. 1851. 2245.  926. 1879. 2146. 1025. 2111. 2247.  924.
 2244. 2245.  926. 2216. 2146. 1025.]","[1975. 2240.  926. 1860. 2232.  934. 1890. 2137. 1034. 2127. 2231.  929.
 2245. 2221.  934. 2205. 2137. 1034.]","[-1.6304e+01  4.9440e+00  6.3221e+01 -6.1000e-02  0.0000e+00 -5.4930e-01
 -9.1300e-02 -2.8120e-01  9.4870e-01]",118
27,0,"[[ 0.09128041 -0.3059118   0.3240882 ]
 [ 0.26359556 -0.1571701   0.4728299 ]
 [-0.30162415 -0.30221096  0.32778904]
 [ 0.30162415  0.30221096 -0.32778904]
 [-0.09128041  0.3059118  -0.3240882 ]
 [-0.26359556  0.1571701  -0.4728299 ]]","[1988. 2247.  924. 1851. 2245.  926. 1876. 2150. 1021. 2107. 2247.  924.
 2244. 2245.  926. 2219. 2150. 1021.]","[1978. 2240.  925. 1859. 2232.  933. 1886. 2142. 1030. 2125. 2231.  929.
 2245. 2221.  934. 2210. 2141. 1030.]","[-16.309    4.938   63.199   -0.1831   0.      -0.3662  -0.0884  -0.2837
   0.9487]",118
28,0,"[[ 0.08535267 -0.30607779  0.32392221]
 [ 0.26846371 -0.16365602  0.46634398]
 [-0.30217072 -0.30188942  0.32811058]
 [ 0.30217072  0.30188942 -0.32811058]
 [-0.08535267  0.30607779 -0.32392221]
 [-0.26846371  0.16365602 -0.46634398]]","[1992. 2247.  924. 1851. 2244.  927. 1872. 2154. 1017. 2103. 2247.  924.
 2244. 2244.  927. 2223. 2154. 1017.]","[1978. 2240.  926. 1858. 2232.  934. 1882. 2145. 1026. 2121. 2231.  929.
 2245. 2221.  934. 2213. 2145. 1026.]","[-1.6326e+01  4.9330e+00  6.3188e+01 -3.6620e-01 -6.1000e-02 -1.2210e-01
 -8.9800e-02 -2.8960e-01  9.5310e-01]",118
29,0,"[[ 0.07938923 -0.30624079  0.32375921]
 [ 0.27301208 -0.17044009  0.45955991]
 [-0.30255843 -0.30156653  0.32843347]
 [ 0.30255843  0.30156653 -0.32843347]
 [-0.07938923  0.30624079 -0.32375921]
 [-0.27301208  0.17044009 -0.45955991]]","[1996. 2247.  924. 1850. 2244.  927. 1870. 2159. 1012. 2099. 2247.  924.
 2245. 2244.  927. 2225. 2159. 1012.]","[1982. 2240.  925. 1857. 2232.  934. 1879. 2149. 1023. 2118. 2231.  929.
 2245. 2221.  934. 2216. 2149. 1023.]","[-16.342    4.933   63.188   -0.4272  -0.1221   0.2441  -0.0869  -0.2861
   0.959 ]",118
30,0,"[[ 0.07339258 -0.30640073  0.32359927]
 [ 0.27723856 -0.17752202  0.45247798]
 [-0.30278988 -0.30124268  0.32875732]
 [ 0.30278988  0.30124268 -0.32875732]
 [-0.07339258  0.30640073 -0.32359927]
 [-0.27723856  0.17752202 -0.45247798]]","[2000. 2247.  924. 1850. 2244.  927. 1867. 2163. 1008. 2095. 2247.  924.
 2245. 2244.  927. 2228. 2163. 1008.]","[1986. 2240.  926. 1855. 2232.  934. 1875. 2153. 1019. 2114. 2231.  929.
 2245. 2221.  934. 2220. 2153. 1019.]","[-1.6359e+01  4.9270e+00  6.3204e+01 -3.6620e-01 -3.0520e-01  7.3240e-01
 -6.1500e-02 -2.7050e-01  9.4780e-01]",118
31,0,"[[ 0.06736522 -0.30655754  0.32344246]
 [ 0.28114142 -0.18490124  0.44509876]
 [-0.30284432 -0.30091819  0.32908181]
 [ 0.30284432  0.30091819 -0.32908181]
 [-0.06736522  0.30655754 -0.32344246]
 [-0.28114142  0.18490124 -0.44509876]]","[2004. 2247.  924. 1850. 2244.  927. 1864. 2168. 1003. 2091. 2247.  924.
 2245. 2244.  927. 2231. 2168. 1003.]","[1991. 2240.  926. 1854. 2232.  934. 1873. 2157. 1015. 2110. 2231.  928.
 2245. 2221.  934. 2223. 2157. 1015.]","[-16.37     4.927   63.232   -0.3052  -0.3662   0.5493  -0.0732  -0.2871
   0.9541]",118
32,0,"[[ 0.06130969 -0.30671116  0.32328884]
 [ 0.28471931 -0.1925769   0.4374231 ]
 [-0.30254824 -0.30059307  0.32940693]
 [ 0.30254824  0.30059307 -0.32940693]
 [-0.06130969  0.30671116 -0.32328884]
 [-0.28471931  0.1925769  -0.4374231 ]]","[2008. 2247.  924. 1850. 2243.  928. 1862. 2173.  998. 2087. 2247.  924.
 2245. 2243.  928. 2233. 2173.  998.]","[1995. 2240.  925. 1853. 2233.  934. 1870. 2162. 1010. 2107. 2231.  928.
 2246. 2221.  934. 2226. 2161. 1010.]","[-16.375    4.916   63.254   -0.1221  -0.1221   0.2441  -0.0811  -0.2949
   0.9658]",118
33,0,"[[ 0.05522851 -0.30686152  0.32313848]
 [ 0.28797125 -0.20054788  0.42945212]
 [-0.30180395 -0.30026705  0.32973295]
 [ 0.30180395  0.30026705 -0.32973295]
 [-0.05522851  0.30686152 -0.32313848]
 [-0.28797125  0.20054788 -0.42945212]]","[2011. 2248.  923. 1851. 2243.  928. 1860. 2178.  993. 2084. 2248.  923.
 2244. 2243.  928. 2235. 2178.  993.]","[1999. 2240.  925. 1852. 2232.  934. 1866. 2166. 1005. 2103. 2231.  929.
 2246. 2221.  934. 2229. 2166. 1006.]","[-16.381    4.911   63.265   -0.1221   0.       0.      -0.0835  -0.2935
   0.9355]",118
34,0,"[[ 0.04912422 -0.30700854  0.32299146]
 [ 0.29089663 -0.20881277  0.42118723]
 [-0.30061712 -0.29994037  0.33005963]
 [ 0.30061712  0.29994037 -0.33005963]
 [-0.04912422  0.30700854 -0.32299146]
 [-0.29089663  0.20881277 -0.42118723]]","[2015. 2248.  923. 1852. 2243.  928. 1858. 2184.  987. 2080. 2248.  923.
 2243. 2243.  928. 2237. 2184.  987.]","[2003. 2240.  926. 1852. 2232.  934. 1864. 2171. 1001. 2099. 2231.  928.
 2246. 2221.  934. 2232. 2171. 1001.]","[-16.392    4.905   63.265   -0.3052  -0.1221  -0.1831  -0.0889  -0.2896
   0.957 ]",118
35,0,"[[ 0.04299939 -0.30715217  0.32284783]
 [ 0.29349517 -0.21736986  0.41263014]
 [-0.2989938  -0.29961339  0.33038661]
 [ 0.2989938   0.29961339 -0.33038661]
 [-0.04299939  0.30715217 -0.32284783]
 [-0.29349517  0.21736986 -0.41263014]]","[2019. 2248.  923. 1853. 2243.  928. 1856. 2189.  982. 2076. 2248.  923.
 2242. 2243.  928. 2239. 2189.  982.]","[2006. 2240.  925. 1852. 2232.  934. 1862. 2176.  996. 2096. 2231.  928.
 2246. 2221.  934. 2233. 2176.  995.]","[-16.408    4.9     63.254   -0.2441   0.      -0.2441  -0.0923  -0.2861
   0.9541]",118
36,0,"[[ 0.03685657 -0.30729234  0.32270766]
 [ 0.29576697 -0.22621719  0.40378281]
 [-0.29694081 -0.29928652  0.33071348]
 [ 0.29694081  0.29928652 -0.33071348]
 [-0.03685657  0.30729234 -0.32270766]
 [-0.29576697  0.22621719 -0.40378281]]","[2023. 2248.  923. 1854. 2243.  928. 1855. 2195.  976. 2072. 2248.  923.
 2241. 2243.  928. 2240. 2195.  976.]","[2010. 2240.  925. 1852. 2232.  934. 1859. 2181.  990. 2093. 2231.  927.
 2246. 2221.  934. 2235. 2181.  991.]","[-1.6419e+01  4.9000e+00  6.3248e+01 -3.6620e-01  0.0000e+00 -6.1000e-02
 -8.9800e-02 -2.8270e-01  9.4630e-01]",118
37,0,"[[ 0.03069833 -0.307429    0.322571  ]
 [ 0.29771244 -0.23535249  0.39464751]
 [-0.29446579 -0.29896013  0.33103987]
 [ 0.29446579  0.29896013 -0.33103987]
 [-0.03069833  0.307429   -0.322571  ]
 [-0.29771244  0.23535249 -0.39464751]]","[2027. 2248.  923. 1856. 2242.  929. 1853. 2201.  970. 2068. 2248.  923.
 2239. 2242.  929. 2242. 2201.  970.]","[2013. 2240.  925. 1851. 2232.  935. 1858. 2186.  985. 2091. 2231.  927.
 2246. 2221.  934. 2237. 2186.  985.]","[-1.6436e+01  4.9000e+00  6.3243e+01 -3.6620e-01 -6.1000e-02  6.1000e-02
 -9.1300e-02 -2.8560e-01  9.5260e-01]",118
38,0,"[[ 0.02452725 -0.30756207  0.32243793]
 [ 0.29933234 -0.24477323  0.38522677]
 [-0.29157699 -0.29863462  0.33136538]
 [ 0.29157699  0.29863462 -0.33136538]
 [-0.02452725  0.30756207 -0.32243793]
 [-0.29933234  0.24477323 -0.38522677]]","[2032. 2248.  923. 1857. 2242.  929. 1852. 2207.  964. 2063. 2248.  923.
 2238. 2242.  929. 2243. 2207.  964.]","[2017. 2240.  926. 1851. 2232.  935. 1856. 2192.  980. 2087. 2231.  927.
 2246. 2222.  934. 2239. 2192.  980.]","[-16.447    4.9     63.248   -0.2441   0.       0.1831  -0.0884  -0.2837
   0.957 ]",118
39,0,"[[ 0.01834591 -0.30769152  0.32230848]
 [ 0.30062773 -0.25447659  0.37552341]
 [-0.28828323 -0.29831038  0.33168962]
 [ 0.28828323  0.29831038 -0.33168962]
 [-0.01834591  0.30769152 -0.32230848]
 [-0.30062773  0.25447659 -0.37552341]]","[2036. 2248.  923. 1860. 2242.  929. 1852. 2213.  958. 2059. 2248.  923.
 2235. 2242.  929. 2243. 2213.  958.]","[2021. 2240.  925. 1852. 2233.  936. 1854. 2198.  974. 2083. 2231.  927.
 2245. 2221.  935. 2241. 2197.  976.]","[-1.6458e+01  4.9050e+00  6.3265e+01 -2.4410e-01 -6.1000e-02  3.6620e-01
 -7.8100e-02 -2.7730e-01  9.5210e-01]",118
40,0,"[[ 0.0121569  -0.30781727  0.32218273]
 [ 0.3016     -0.26445946  0.36554054]
 [-0.28459376 -0.2979878   0.3320122 ]
 [ 0.28459376  0.2979878  -0.3320122 ]
 [-0.0121569   0.30781727 -0.32218273]
 [-0.3016      0.26445946 -0.36554054]]","[2040. 2248.  923. 1862. 2242.  929. 1851. 2220.  951. 2055. 2248.  923.
 2233. 2242.  929. 2244. 2220.  951.]","[2025. 2240.  925. 1853. 2232.  935. 1853. 2204.  968. 2078. 2231.  926.
 2245. 2221.  935. 2241. 2201.  970.]","[-16.469    4.905   63.276   -0.5493  -0.1221   0.3662  -0.0762  -0.2793
   0.9458]",118
41,0,"[[ 0.0059628  -0.30793928  0.32206072]
 [ 0.3022505  -0.27471847  0.35528153]
 [-0.28051828 -0.29766727  0.33233273]
 [ 0.28051828  0.29766727 -0.33233273]
 [-0.0059628   0.30793928 -0.32206072]
 [-0.3022505   0.27471847 -0.35528153]]","[2044. 2248.  923. 1865. 2242.  929. 1850. 2227.  944. 2051. 2248.  923.
 2230. 2242.  929. 2245. 2227.  944.]","[2028. 2240.  925. 1855. 2233.  935. 1853. 2211.  962. 2074. 2231.  927.
 2244. 2221.  934. 2242. 2207.  964.]","[-1.6485e+01  4.9050e+00  6.3287e+01 -3.6620e-01 -6.1000e-02  0.0000e+00
 -8.1500e-02 -2.9830e-01  9.6530e-01]",118
42,0,"[[-2.33792664e-04 -3.08057490e-01  3.21942510e-01]
 [ 3.02578818e-01 -2.85249848e-01  3.44750152e-01]
 [-2.76066854e-01 -2.97349185e-01  3.32650815e-01]
 [ 2.76066854e-01  2.97349185e-01 -3.32650815e-01]
 [ 2.33792664e-04  3.08057490e-01 -3.21942510e-01]
 [-3.02578818e-01  2.85249848e-01 -3.44750152e-01]]","[2048. 2248.  923. 1868. 2241.  930. 1850. 2233.  938. 2047. 2248.  923.
 2227. 2241.  930. 2245. 2233.  938.]","[2032. 2240.  925. 1856. 2233.  936. 1852. 2217.  955. 2070. 2231.  926.
 2242. 2221.  934. 2243. 2214.  957.]","[-16.496    4.9     63.287   -0.3052   0.      -0.1221  -0.0894  -0.2998
   0.9419]",118
43,0,"[[-0.00643029 -0.30817186  0.32182814]
 [ 0.30261859 -0.2934594   0.3365406 ]
 [-0.27124994 -0.29703392  0.33296608]
 [ 0.27124994  0.29703392 -0.33296608]
 [ 0.00643029  0.30817186 -0.32182814]
 [-0.30261859  0.2934594  -0.3365406 ]]","[2052. 2248.  923. 1871. 2241.  930. 1850. 2239.  932. 2043. 2248.  923.
 2224. 2241.  930. 2245. 2239.  932.]","[2035. 2240.  925. 1858. 2233.  936. 1851. 2223.  949. 2067. 2231.  926.
 2241. 2221.  935. 2244. 2218.  952.]","[-1.6518e+01  4.9000e+00  6.3287e+01 -6.7140e-01 -1.2210e-01  6.1000e-02
 -1.0210e-01 -2.9830e-01  9.5070e-01]",118
44,0,"[[-0.01262409 -0.30828233  0.32171767]
 [ 0.30251839 -0.29362491  0.33637509]
 [-0.26607831 -0.29672187  0.33327813]
 [ 0.26607831  0.29672187 -0.33327813]
 [ 0.01262409  0.30828233 -0.32171767]
 [-0.30251839  0.29362491 -0.33637509]]","[2056. 2248.  923. 1874. 2241.  930. 1850. 2239.  932. 2039. 2248.  923.
 2221. 2241.  930. 2245. 2239.  932.]","[2038. 2240.  924. 1860. 2233.  935. 1851. 2229.  943. 2063. 2231.  926.
 2238. 2222.  935. 2244. 2224.  946.]","[-16.54     4.9     63.298   -0.1831  -0.1221   0.6104  -0.1069  -0.3164
   0.936 ]",118
45,0,"[[-0.01881262 -0.30838887  0.32161113]
 [ 0.30234272 -0.29379344  0.33620656]
 [-0.26056305 -0.29641341  0.33358659]
 [ 0.26056305  0.29641341 -0.33358659]
 [ 0.01881262  0.30838887 -0.32161113]
 [-0.30234272  0.29379344 -0.33620656]]","[2060. 2249.  922. 1878. 2241.  930. 1850. 2239.  932. 2035. 2249.  922.
 2217. 2241.  930. 2245. 2239.  932.]","[2042. 2240.  924. 1862. 2233.  935. 1851. 2232.  941. 2058. 2233.  926.
 2236. 2222.  935. 2244. 2227.  943.]","[-16.562    4.894   63.336   -0.9155  -1.0376   1.0986  -0.0796  -0.3027
   0.9688]",118
46,0,"[[-0.02499328 -0.30849142  0.32150858]
 [ 0.30209107 -0.29396484  0.33603516]
 [-0.2547155  -0.29610893  0.33389107]
 [ 0.2547155   0.29610893 -0.33389107]
 [ 0.02499328  0.30849142 -0.32150858]
 [-0.30209107  0.29396484 -0.33603516]]","[2064. 2249.  922. 1881. 2241.  930. 1851. 2239.  932. 2031. 2249.  922.
 2214. 2241.  930. 2244. 2239.  932.]","[2045. 2240.  924. 1864. 2233.  935. 1851. 2234.  938. 2054. 2233.  926.
 2232. 2222.  935. 2243. 2228.  941.]","[-1.6589e+01  4.8720e+00  6.3391e+01 -4.8830e-01 -8.5450e-01  1.2207e+00
 -4.3000e-02 -2.7440e-01  9.6090e-01]",118
47,0,"[[-0.03116348 -0.30858994  0.32141006]
 [ 0.30175964 -0.29413901  0.33586099]
 [-0.2485473  -0.29580878  0.33419122]
 [ 0.2485473   0.29580878 -0.33419122]
 [ 0.03116348  0.30858994 -0.32141006]
 [-0.30175964  0.29413901 -0.33586099]]","[2068. 2249.  922. 1885. 2240.  931. 1851. 2239.  932. 2027. 2249.  922.
 2210. 2240.  931. 2244. 2239.  932.]","[2048. 2241.  924. 1866. 2233.  936. 1850. 2235.  935. 2049. 2233.  925.
 2229. 2221.  935. 2243. 2228.  940.]","[-1.6595e+01  4.8560e+00  6.3446e+01  0.0000e+00 -4.8830e-01  9.1550e-01
 -2.8300e-02 -2.6950e-01  9.5210e-01]",118
48,0,"[[-0.03732064 -0.30868439  0.32131561]
 [ 0.30134648 -0.29431587  0.33568413]
 [-0.24207027 -0.29551335  0.33448665]
 [ 0.24207027  0.29551335 -0.33448665]
 [ 0.03732064  0.30868439 -0.32131561]
 [-0.30134648  0.29431587 -0.33568413]]","[2072. 2249.  922. 1890. 2240.  931. 1851. 2239.  932. 2023. 2249.  922.
 2205. 2240.  931. 2244. 2239.  932.]","[2051. 2240.  924. 1869. 2233.  935. 1850. 2236.  934. 2045. 2233.  924.
 2226. 2221.  936. 2242. 2229.  939.]","[-1.6589e+01  4.8390e+00  6.3479e+01  6.1000e-02 -3.6620e-01  4.8830e-01
 -5.2700e-02 -2.8910e-01  9.5410e-01]",118
49,0,"[[-0.04346219 -0.30877475  0.32122525]
 [ 0.30085066 -0.29449528  0.33550472]
 [-0.23529646 -0.295223    0.334777  ]
 [ 0.23529646  0.295223   -0.334777  ]
 [ 0.04346219  0.30877475 -0.32122525]
 [-0.30085066  0.29449528 -0.33550472]]","[2076. 2249.  922. 1894. 2240.  931. 1851. 2239.  931. 2019. 2249.  922.
 2201. 2240.  931. 2244. 2239.  931.]","[2055. 2241.  924. 1873. 2233.  935. 1850. 2237.  933. 2040. 2234.  924.
 2221. 2222.  936. 2242. 2229.  938.]","[-1.6589e+01  4.8230e+00  6.3501e+01 -6.1000e-02 -3.0520e-01  4.2720e-01
 -1.0790e-01 -2.9350e-01  9.4820e-01]",118
50,0,"[[-0.04958556 -0.30886095  0.32113905]
 [ 0.30027165 -0.29467716  0.33532284]
 [-0.22823809 -0.29493807  0.33506193]
 [ 0.22823809  0.29493807 -0.33506193]
 [ 0.04958556  0.30886095 -0.32113905]
 [-0.30027165  0.29467716 -0.33532284]]","[2080. 2249.  922. 1899. 2240.  931. 1852. 2240.  931. 2015. 2249.  922.
 2196. 2240.  931. 2243. 2240.  931.]","[2058. 2241.  924. 1875. 2233.  935. 1851. 2237.  933. 2037. 2234.  924.
 2218. 2222.  936. 2242. 2230.  937.]","[-16.589    4.818   63.523   -0.1221  -0.2441   0.7324  -0.1479  -0.3042
   0.9316]",118
51,0,"[[-0.05568819 -0.30894299  0.32105701]
 [ 0.29960909 -0.2948614   0.3351386 ]
 [-0.22090754 -0.29465894  0.33534106]
 [ 0.22090754  0.29465894 -0.33534106]
 [ 0.05568819  0.30894299 -0.32105701]
 [-0.29960909  0.2948614  -0.3351386 ]]","[2084. 2249.  922. 1903. 2240.  931. 1852. 2240.  931. 2011. 2249.  922.
 2192. 2240.  931. 2243. 2240.  931.]","[2063. 2241.  924. 1880. 2234.  935. 1851. 2238.  932. 2032. 2234.  924.
 2213. 2222.  936. 2241. 2231.  936.]","[-16.606    4.818   63.567   -0.5493  -0.3662   1.3428  -0.1201  -0.271
   0.9624]",118
52,0,"[[-0.06176753 -0.30902081  0.32097919]
 [ 0.29886271 -0.29504788  0.33495212]
 [-0.21331731 -0.29438593  0.33561407]
 [ 0.21331731  0.29438593 -0.33561407]
 [ 0.06176753  0.30902081 -0.32097919]
 [-0.29886271  0.29504788 -0.33495212]]","[2088. 2249.  922. 1908. 2239.  932. 1853. 2240.  931. 2007. 2249.  922.
 2187. 2239.  932. 2242. 2240.  931.]","[2066. 2241.  924. 1884. 2233.  935. 1851. 2238.  932. 2029. 2234.  924.
 2209. 2223.  936. 2241. 2232.  935.]","[-1.6622e+01  4.8280e+00  6.3627e+01 -6.1040e-01 -4.8830e-01  1.3428e+00
 -6.0100e-02 -2.6710e-01  9.5210e-01]",118
53,0,"[[-0.06782102 -0.30909439  0.32090561]
 [ 0.29803226 -0.29523649  0.33476351]
 [-0.20548004 -0.29411939  0.33588061]
 [ 0.20548004  0.29411939 -0.33588061]
 [ 0.06782102  0.30909439 -0.32090561]
 [-0.29803226  0.29523649 -0.33476351]]","[2092. 2249.  922. 1914. 2239.  932. 1853. 2240.  931. 2003. 2249.  922.
 2181. 2239.  932. 2242. 2240.  931.]","[2070. 2240.  924. 1887. 2233.  935. 1851. 2238.  930. 2024. 2236.  924.
 2204. 2225.  936. 2241. 2234.  934.]","[-1.6644e+01  4.8230e+00  6.3671e+01 -7.9350e-01 -5.4930e-01  7.3240e-01
 -3.2700e-02 -2.7250e-01  9.6190e-01]",118
54,0,"[[-0.07384615 -0.30916371  0.32083629]
 [ 0.29711758 -0.29542714  0.33457286]
 [-0.19740843 -0.29385964  0.33614036]
 [ 0.19740843  0.29385964 -0.33614036]
 [ 0.07384615  0.30916371 -0.32083629]
 [-0.29711758  0.29542714 -0.33457286]]","[2096. 2249.  922. 1919. 2239.  932. 1854. 2240.  931. 1999. 2249.  922.
 2176. 2239.  932. 2241. 2240.  931.]","[2074. 2240.  924. 1893. 2233.  935. 1851. 2239.  929. 2019. 2238.  924.
 2197. 2229.  935. 2242. 2236.  934.]","[-1.6688e+01  4.8070e+00  6.3666e+01 -1.4648e+00 -1.8310e-01 -5.4930e-01
 -4.2000e-02 -2.8080e-01  9.2870e-01]",118
55,0,"[[-0.07984038 -0.30922873  0.32077127]
 [ 0.29611848 -0.29561971  0.33438029]
 [-0.18911527 -0.29360701  0.33639299]
 [ 0.18911527  0.29360701 -0.33639299]
 [ 0.07984038  0.30922873 -0.32077127]
 [-0.29611848  0.29561971 -0.33438029]]","[2100. 2249.  922. 1924. 2239.  932. 1854. 2240.  931. 1995. 2249.  922.
 2171. 2239.  932. 2241. 2240.  931.]","[2080. 2240.  925. 1898. 2234.  935. 1851. 2239.  929. 2010. 2240.  923.
 2188. 2233.  935. 2241. 2238.  932.]","[-1.6771e+01  4.7790e+00  6.3600e+01 -2.1973e+00  6.1000e-02 -2.0752e+00
 -3.2200e-02 -2.9000e-01  9.6240e-01]",118
56,0,"[[-0.08580122 -0.30928943  0.32071057]
 [ 0.29503484 -0.2958141   0.3341859 ]
 [-0.18061339 -0.28954023  0.34045977]
 [ 0.18061339  0.28954023 -0.34045977]
 [ 0.08580122  0.30928943 -0.32071057]
 [-0.29503484  0.2958141  -0.3341859 ]]","[2103. 2249.  922. 1930. 2236.  935. 1855. 2240.  931. 1992. 2249.  922.
 2165. 2236.  935. 2240. 2240.  931.]","[2082. 2240.  925. 1902. 2234.  935. 1851. 2239.  929. 2008. 2241.  924.
 2184. 2235.  934. 2242. 2240.  932.]","[-16.864    4.752   63.49    -2.1362   0.4272  -2.9297  -0.0962  -0.2988
   0.9722]",118
57,0,"[[-0.09172617 -0.30934578  0.32065422]
 [ 0.29386657 -0.29601021  0.33398979]
 [-0.17191567 -0.2737084   0.3562916 ]
 [ 0.17191567  0.2737084  -0.3562916 ]
 [ 0.09172617  0.30934578 -0.32065422]
 [-0.29386657  0.29601021 -0.33398979]]","[2107. 2249.  922. 1935. 2226.  945. 1856. 2240.  931. 1988. 2249.  922.
 2160. 2226.  945. 2239. 2240.  931.]","[2087. 2241.  924. 1908. 2233.  935. 1852. 2242.  930. 2003. 2243.  923.
 2177. 2239.  934. 2241. 2241.  932.]","[-16.952    4.741   63.386   -2.0752   0.7935  -2.5024  -0.145   -0.3101
   0.9307]",118
58,0,"[[-0.09761274 -0.30939778  0.32060222]
 [ 0.29261358 -0.29620791  0.33379209]
 [-0.16303497 -0.25841127  0.37158873]
 [ 0.16303497  0.25841127 -0.37158873]
 [ 0.09761274  0.30939778 -0.32060222]
 [-0.29261358  0.29620791 -0.33379209]]","[2111. 2249.  922. 1941. 2216.  955. 1857. 2241.  930. 1984. 2249.  922.
 2154. 2216.  955. 2238. 2241.  930.]","[2092. 2241.  924. 1914. 2230.  939. 1853. 2243.  930. 1998. 2244.  924.
 2170. 2237.  935. 2240. 2241.  931.]","[-17.04     4.757   63.309   -2.0752   0.6104  -1.4038  -0.1519  -0.334
   0.9658]",118
59,1,"[[-0.10345848 -0.30944539  0.32055461]
 [ 0.29127583 -0.29640712  0.33359288]
 [-0.15398419 -0.24366767  0.38633233]
 [ 0.15398419  0.24366767 -0.38633233]
 [ 0.10345848  0.30944539 -0.32055461]
 [-0.29127583  0.29640712 -0.33359288]]","[2115. 2249.  922. 1947. 2206.  965. 1858. 2241.  930. 1980. 2249.  922.
 2148. 2206.  965. 2237. 2241.  930.]","[2096. 2242.  923. 1922. 2225.  944. 1854. 2242.  929. 1994. 2245.  924.
 2161. 2231.  940. 2239. 2241.  931.]","[-17.111    4.818   63.292   -1.5259   1.5259   0.4272  -0.1479  -0.335
   0.9888]",118
60,1,"[[-0.10926095 -0.30948861  0.32051139]
 [ 0.28985331 -0.29660771  0.33339229]
 [-0.14477617 -0.22949568  0.40050432]
 [ 0.14477617  0.22949568 -0.40050432]
 [ 0.10926095  0.30948861 -0.32051139]
 [-0.28985331  0.29660771 -0.33339229]]","[2119. 2249.  922. 1953. 2197.  974. 1859. 2241.  930. 1976. 2249.  922.
 2142. 2197.  974. 2236. 2241.  930.]","[2102. 2243.  920. 1929. 2218.  951. 1855. 2242.  930. 1989. 2245.  924.
 2155. 2223.  949. 2238. 2242.  931.]","[-17.177    4.911   63.353   -1.6479   1.2207   2.4414  -0.1694  -0.3145
   0.873 ]",118
61,1,"[[-0.1150177  -0.30952741  0.32047259]
 [ 0.28834604 -0.2968096   0.3331904 ]
 [-0.13542375 -0.21591268  0.41408732]
 [ 0.13542375  0.21591268 -0.41408732]
 [ 0.1150177   0.30952741 -0.32047259]
 [-0.28834604  0.2968096  -0.3331904 ]]","[2122. 2249.  922. 1959. 2188.  983. 1860. 2241.  930. 1973. 2249.  922.
 2136. 2188.  983. 2235. 2241.  930.]","[2106. 2246.  919. 1936. 2211.  960. 1856. 2242.  930. 1984. 2245.  924.
 2150. 2215.  956. 2237. 2242.  930.]","[-17.281    5.021   63.528   -3.1738   0.3052   5.6152  -0.2085  -0.3252
   0.8652]",118
62,1,"[[-0.12072635 -0.30956179  0.32043821]
 [ 0.28675406 -0.29701267  0.33298733]
 [-0.1259397  -0.20293528  0.42706472]
 [ 0.1259397   0.20293528 -0.42706472]
 [ 0.12072635  0.30956179 -0.32043821]
 [-0.28675406  0.29701267 -0.33298733]]","[2126. 2249.  922. 1965. 2180.  991. 1861. 2241.  930. 1969. 2249.  922.
 2130. 2180.  991. 2234. 2241.  930.]","[2111. 2247.  919. 1943. 2202.  968. 1857. 2243.  930. 1978. 2245.  924.
 2144. 2206.  965. 2236. 2242.  929.]","[-1.74520e+01  5.16900e+00  6.38750e+01 -5.31010e+00 -6.10000e-02
  1.00708e+01 -2.32400e-01 -3.58400e-01  8.89600e-01]",118
63,1,"[[-0.12638449 -0.30959173  0.32040827]
 [ 0.28507745 -0.29721682  0.33278318]
 [-0.11633673 -0.19057931  0.43942069]
 [ 0.11633673  0.19057931 -0.43942069]
 [ 0.12638449  0.30959173 -0.32040827]
 [-0.28507745  0.29721682 -0.33278318]]","[2130. 2249.  922. 1972. 2172.  999. 1862. 2241.  930. 1965. 2249.  922.
 2123. 2172.  999. 2233. 2241.  930.]","[2115. 2247.  920. 1950. 2194.  977. 1858. 2242.  930. 1971. 2245.  924.
 2139. 2198.  974. 2235. 2242.  929.]","[-17.704    5.339   64.413   -7.6904  -1.5259  14.8926  -0.2275  -0.3433
   0.8496]",118
64,1,"[[-0.13198977 -0.30961722  0.32038278]
 [ 0.28331631 -0.29742195  0.33257805]
 [-0.10662747 -0.1788598   0.4511402 ]
 [ 0.10662747  0.1788598  -0.4511402 ]
 [ 0.13198977  0.30961722 -0.32038278]
 [-0.28331631  0.29742195 -0.33257805]]","[2134. 2249.  922. 1978. 2164. 1007. 1863. 2241.  930. 1961. 2249.  922.
 2117. 2164. 1007. 2232. 2241.  930.]","[2119. 2248.  920. 1957. 2189.  985. 1860. 2243.  929. 1968. 2245.  924.
 2133. 2190.  983. 2234. 2242.  929.]","[-18.056    5.515   65.154  -10.6812  -3.2959  19.6533  -0.1792  -0.3701
   0.8628]",118
65,1,"[[-0.13753983 -0.30963827  0.32036173]
 [ 0.28147078 -0.29762796  0.33237204]
 [-0.09682445 -0.16779097  0.46220903]
 [ 0.09682445  0.16779097 -0.46220903]
 [ 0.13753983  0.30963827 -0.32036173]
 [-0.28147078  0.29762796 -0.33237204]]","[2137. 2249.  922. 1984. 2157. 1014. 1864. 2242.  929. 1958. 2249.  922.
 2111. 2157. 1014. 2231. 2242.  929.]","[2123. 2248.  921. 1964. 2181.  991. 1861. 2242.  929. 1964. 2245.  924.
 2128. 2181.  991. 2235. 2242.  929.]","[-18.463    5.674   66.072  -12.3291  -5.3101  23.3765  -0.1509  -0.3999
   0.9346]",118
66,1,"[[-0.14303235 -0.30965486  0.32034514]
 [ 0.27954103 -0.29783473  0.33216527]
 [-0.08694012 -0.15738619  0.47261381]
 [ 0.08694012  0.15738619 -0.47261381]
 [ 0.14303235  0.30965486 -0.32034514]
 [-0.27954103  0.29783473 -0.33216527]]","[2141. 2249.  922. 1991. 2150. 1021. 1865. 2242.  929. 1954. 2249.  922.
 2104. 2150. 1021. 2230. 2242.  929.]","[2127. 2247.  920. 1972. 2173.  999. 1862. 2242.  929. 1961. 2245.  923.
 2127. 2174.  999. 2236. 2242.  929.]","[-18.907    5.795   67.132  -13.2446  -7.2632  26.2451  -0.1494  -0.4048
   0.9146]",118
67,1,"[[-0.14846505 -0.30966701  0.32033299]
 [ 0.27752726 -0.29804218  0.33195782]
 [-0.07698678 -0.14765798  0.48234202]
 [ 0.07698678  0.14765798 -0.48234202]
 [ 0.14846505  0.30966701 -0.32033299]
 [-0.27752726  0.29804218 -0.33195782]]","[2144. 2249.  922. 1997. 2144. 1027. 1867. 2242.  929. 1951. 2249.  922.
 2098. 2144. 1027. 2228. 2242.  929.]","[2131. 2247.  921. 1979. 2165. 1006. 1864. 2243.  929. 1957. 2245.  924.
 2120. 2167. 1007. 2236. 2242.  929.]","[-1.93580e+01  5.87800e+00  6.82910e+01 -1.37329e+01 -8.91110e+00
  2.78931e+01 -3.03000e-02 -3.97900e-01  9.02800e-01]",118
68,1,"[[-0.15383564 -0.30967473  0.32032527]
 [ 0.27542969 -0.2982502   0.3317498 ]
 [-0.06697664 -0.13861798  0.49138202]
 [ 0.06697664  0.13861798 -0.49138202]
 [ 0.15383564  0.30967473 -0.32032527]
 [-0.27542969  0.2982502  -0.3317498 ]]","[2148. 2249.  922. 2004. 2138. 1033. 1868. 2242.  929. 1947. 2249.  922.
 2091. 2138. 1033. 2227. 2242.  929.]","[2134. 2247.  920. 1987. 2157. 1013. 1868. 2243.  929. 1954. 2245.  924.
 2113. 2159. 1014. 2234. 2242.  929.]","[-1.97970e+01  5.94400e+00  6.94340e+01 -1.31226e+01 -8.42290e+00
  2.67944e+01  2.90000e-03 -3.41800e-01  9.05800e-01]",118
69,1,"[[-0.15914188 -0.30967816  0.32032184]
 [ 0.2732486  -0.29845868  0.33154132]
 [-0.05692174 -0.13027695  0.49972305]
 [ 0.05692174  0.13027695 -0.49972305]
 [ 0.15914188  0.30967816 -0.32032184]
 [-0.2732486   0.29845868 -0.33154132]]","[2151. 2249.  922. 2010. 2132. 1039. 1869. 2242.  929. 1944. 2249.  922.
 2085. 2132. 1039. 2226. 2242.  929.]","[2137. 2247.  921. 1995. 2151. 1020. 1869. 2243.  929. 1949. 2244.  924.
 2106. 2153. 1020. 2232. 2242.  929.]","[-2.02090e+01  6.01500e+00  7.04660e+01 -1.24512e+01 -6.83590e+00
  2.39258e+01  6.25000e-02 -3.36400e-01  9.30700e-01]",118
70,1,"[[-0.16438154 -0.30967673  0.32032327]
 [ 0.27098427 -0.29866754  0.33133246]
 [-0.04683398 -0.12264475  0.50735525]
 [ 0.04683398  0.12264475 -0.50735525]
 [ 0.16438154  0.30967673 -0.32032327]
 [-0.27098427  0.29866754 -0.33133246]]","[2155. 2249.  922. 2017. 2127. 1044. 1871. 2242.  929. 1940. 2249.  922.
 2078. 2127. 1044. 2224. 2242.  929.]","[2141. 2247.  922. 2004. 2143. 1028. 1870. 2243.  929. 1945. 2244.  924.
 2097. 2143. 1029. 2229. 2242.  929.]","[-20.572    6.053   71.268  -10.6201  -5.0049  17.7612   0.105   -0.3232
   1.0308]",118
71,1,"[[-0.16955245 -0.30966467  0.32033533]
 [ 0.26863703 -0.29887667  0.33112333]
 [-0.03672512 -0.11573033  0.51426967]
 [ 0.03672512  0.11573033 -0.51426967]
 [ 0.16955245  0.30966467 -0.32033533]
 [-0.26863703  0.29887667 -0.33112333]]","[2158. 2249.  922. 2024. 2123. 1048. 1872. 2242.  929. 1937. 2249.  922.
 2071. 2123. 1048. 2223. 2242.  929.]","[2144. 2247.  925. 2008. 2139. 1033. 1870. 2242.  929. 1943. 2245.  924.
 2093. 2139. 1033. 2228. 2242.  929.]","[-20.792    6.053   71.702   -6.8359  -2.6855  10.437    0.1133  -0.3359
   1.0713]",118
72,1,"[[-0.17465242 -0.3096371   0.3203629 ]
 [ 0.26620724 -0.29908597  0.33091403]
 [-0.02660673 -0.10954171  0.52045829]
 [ 0.02660673  0.10954171 -0.52045829]
 [ 0.17465242  0.3096371  -0.3203629 ]
 [-0.26620724  0.29908597 -0.33091403]]","[2161. 2249.  922. 2030. 2119. 1052. 1874. 2242.  928. 1934. 2249.  922.
 2065. 2119. 1052. 2221. 2242.  928.]","[2151. 2245.  928. 2015. 2132. 1039. 1869. 2243.  929. 1940. 2244.  923.
 2083. 2132. 1040. 2225. 2243.  929.]","[-20.83     5.993   71.818   -1.709   -0.9155   2.6855   0.1006  -0.3296
   1.0518]",118
73,1,"[[-0.17967934 -0.30959575  0.32040425]
 [ 0.26369528 -0.29929535  0.33070465]
 [-0.01649021 -0.10408599  0.52591401]
 [ 0.01649021  0.10408599 -0.52591401]
 [ 0.17967934  0.30959575 -0.32040425]
 [-0.26369528  0.29929535 -0.33070465]]","[2165. 2249.  922. 2037. 2115. 1056. 1876. 2243.  928. 1930. 2249.  922.
 2058. 2115. 1056. 2219. 2243.  928.]","[2160. 2245.  928. 2019. 2128. 1044. 1870. 2243.  929. 1939. 2244.  923.
 2075. 2128. 1045. 2223. 2243.  929.]","[-2.0715e+01  5.8780e+00  7.1653e+01  2.7466e+00  6.1040e-01 -4.1504e+00
  7.0800e-02 -3.2710e-01  9.8540e-01]",118
74,1,"[[-0.1846311  -0.30954137  0.32045863]
 [ 0.26110157 -0.29950471  0.33049529]
 [-0.00638679 -0.09936933  0.53063067]
 [ 0.00638679  0.09936933 -0.53063067]
 [ 0.1846311   0.30954137 -0.32045863]
 [-0.26110157  0.29950471 -0.33049529]]","[2168. 2249.  922. 2043. 2112. 1059. 1877. 2243.  928. 1927. 2249.  922.
 2052. 2112. 1059. 2218. 2243.  928.]","[2165. 2244.  928. 2024. 2123. 1048. 1870. 2243.  928. 1937. 2244.  924.
 2068. 2123. 1049. 2221. 2242.  929.]","[-2.0495e+01  5.7460e+00  7.1274e+01  5.9814e+00  1.9531e+00 -9.2773e+00
 -2.8800e-02 -3.3980e-01  9.4680e-01]",118
75,1,"[[-0.18950562 -0.30947424  0.32052576]
 [ 0.25842657 -0.29971396  0.33028604]
 [ 0.00369251 -0.09539695  0.53460305]
 [-0.00369251  0.09539695 -0.53460305]
 [ 0.18950562  0.30947424 -0.32052576]
 [-0.25842657  0.29971396 -0.33028604]]","[2171. 2249.  922. 2050. 2110. 1061. 1879. 2243.  928. 1924. 2249.  922.
 2045. 2110. 1061. 2216. 2243.  928.]","[2167. 2244.  928. 2029. 2121. 1051. 1872. 2243.  928. 1935. 2244.  924.
 2064. 2121. 1052. 2220. 2243.  929.]","[-20.193    5.625   70.807    8.4229   2.7466 -11.4746  -0.1367  -0.3721
   0.9648]",118
76,1,"[[-0.19430087 -0.30939459  0.32060541]
 [ 0.25567076 -0.299923    0.330077  ]
 [ 0.01373685 -0.09217312  0.53782688]
 [-0.01373685  0.09217312 -0.53782688]
 [ 0.19430087  0.30939459 -0.32060541]
 [-0.25567076  0.299923   -0.330077  ]]","[2174. 2249.  922. 2056. 2108. 1063. 1881. 2243.  928. 1921. 2249.  922.
 2039. 2108. 1063. 2214. 2243.  928.]","[2170. 2244.  928. 2036. 2117. 1055. 1874. 2243.  928. 1932. 2244.  924.
 2057. 2117. 1055. 2218. 2243.  927.]","[-19.781    5.51    70.334   11.2305   2.3193 -11.5967  -0.1621  -0.3882
   1.0156]",118
77,1,"[[-0.19901484 -0.30930268  0.32069732]
 [ 0.25283466 -0.30013173  0.32986827]
 [ 0.02373561 -0.08970117  0.54029883]
 [-0.02373561  0.08970117 -0.54029883]
 [ 0.19901484  0.30930268 -0.32069732]
 [-0.25283466  0.30013173 -0.32986827]]","[2177. 2249.  922. 2063. 2106. 1065. 1883. 2243.  928. 1918. 2249.  922.
 2032. 2106. 1065. 2212. 2243.  928.]","[2173. 2244.  928. 2045. 2114. 1059. 1878. 2242.  928. 1928. 2244.  924.
 2049. 2114. 1059. 2216. 2243.  929.]","[-19.27     5.389   69.922   13.7939   1.2207 -10.498   -0.1357  -0.3755
   0.9648]",118
78,1,"[[-0.20364556 -0.30919876  0.32080124]
 [ 0.24991882 -0.30034007  0.32965993]
 [ 0.03367837 -0.08798351  0.54201649]
 [-0.03367837  0.08798351 -0.54201649]
 [ 0.20364556  0.30919876 -0.32080124]
 [-0.24991882  0.30034007 -0.32965993]]","[2180. 2249.  922. 2069. 2105. 1066. 1885. 2243.  928. 1915. 2249.  922.
 2026. 2105. 1066. 2210. 2243.  928.]","[2175. 2245.  928. 2050. 2112. 1060. 1879. 2240.  928. 1926. 2244.  924.
 2044. 2113. 1061. 2215. 2243.  929.]","[-18.737    5.279   69.565   14.3433   0.7324  -9.0332  -0.1255  -0.3462
   0.9077]",118
79,1,"[[-0.20819109 -0.3090831   0.3209169 ]
 [ 0.24692382 -0.30054792  0.32945208]
 [ 0.04355493 -0.08702262  0.54297738]
 [-0.04355493  0.08702262 -0.54297738]
 [ 0.20819109  0.3090831  -0.3209169 ]
 [-0.24692382  0.30054792 -0.32945208]]","[2183. 2249.  922. 2076. 2104. 1067. 1887. 2243.  928. 1912. 2249.  922.
 2019. 2104. 1067. 2208. 2243.  928.]","[2178. 2244.  928. 2057. 2110. 1062. 1882. 2239.  928. 1924. 2244.  923.
 2037. 2111. 1062. 2214. 2241.  926.]","[-18.237    5.197   69.296   13.6108   0.3052  -6.958   -0.1426  -0.3364
   0.9043]",118
80,1,"[[-0.21264953 -0.30895597  0.32104403]
 [ 0.24385027 -0.30075519  0.32924481]
 [ 0.05335532 -0.08683197  0.54316803]
 [-0.05335532  0.08683197 -0.54316803]
 [ 0.21264953  0.30895597 -0.32104403]
 [-0.24385027  0.30075519 -0.32924481]]","[2186. 2249.  922. 2082. 2104. 1067. 1889. 2244.  927. 1909. 2249.  922.
 2013. 2104. 1067. 2206. 2244.  927.]","[2181. 2244.  928. 2063. 2108. 1064. 1883. 2239.  928. 1921. 2244.  924.
 2030. 2110. 1064. 2212. 2241.  925.]","[-17.759    5.136   69.137   12.8784  -0.3052  -4.3335  -0.166   -0.3232
   0.9404]",118
81,1,"[[-0.21701902 -0.30881766  0.32118234]
 [ 0.24069882 -0.3009618   0.3290382 ]
 [ 0.06306978 -0.08729395  0.54270605]
 [-0.06306978  0.08729395 -0.54270605]
 [ 0.21701902  0.30881766 -0.32118234]
 [-0.24069882  0.3009618  -0.3290382 ]]","[2189. 2249.  922. 2089. 2104. 1067. 1891. 2244.  927. 1906. 2249.  922.
 2006. 2104. 1067. 2204. 2244.  927.]","[2183. 2245.  928. 2069. 2107. 1065. 1885. 2239.  928. 1918. 2244.  923.
 2025. 2109. 1065. 2211. 2241.  924.]","[-17.325    5.076   69.109   11.5356  -1.4648  -1.2207  -0.1514  -0.3174
   0.8931]",118
82,1,"[[-0.22129773 -0.30866848  0.32133152]
 [ 0.23747015 -0.30116765  0.32883235]
 [ 0.07268879 -0.08785403  0.54214597]
 [-0.07268879  0.08785403 -0.54214597]
 [ 0.22129773  0.30866848 -0.32133152]
 [-0.23747015  0.30116765 -0.32883235]]","[2192. 2249.  922. 2095. 2105. 1066. 1893. 2244.  927. 1903. 2249.  922.
 2000. 2105. 1066. 2202. 2244.  927.]","[2185. 2244.  928. 2076. 2106. 1065. 1887. 2239.  927. 1914. 2244.  923.
 2019. 2108. 1066. 2208. 2241.  924.]","[-17.018    5.054   69.175    8.1787  -1.5259   1.2817  -0.1177  -0.2949
   0.877 ]",118
83,1,"[[-0.22548386 -0.30850872  0.32149128]
 [ 0.23416497 -0.30137265  0.32862735]
 [ 0.08220306 -0.08855282  0.54144718]
 [-0.08220306  0.08855282 -0.54144718]
 [ 0.22548386  0.30850872 -0.32149128]
 [-0.23416497  0.30137265 -0.32862735]]","[2194. 2249.  922. 2101. 2105. 1066. 1895. 2244.  927. 1901. 2249.  922.
 1994. 2105. 1066. 2200. 2244.  927.]","[2188. 2244.  928. 2083. 2106. 1065. 1890. 2238.  928. 1911. 2244.  923.
 2012. 2108. 1065. 2206. 2242.  924.]","[-16.875    5.043   69.291    3.9062  -1.3428   2.5024  -0.0776  -0.2725
   0.9038]",118
84,1,"[[-0.22957567 -0.30833871  0.32166129]
 [ 0.23078401 -0.30157672  0.32842328]
 [ 0.09160355 -0.0894618   0.5405382 ]
 [-0.09160355  0.0894618  -0.5405382 ]
 [ 0.22957567  0.30833871 -0.32166129]
 [-0.23078401  0.30157672 -0.32842328]]","[2197. 2249.  922. 2107. 2106. 1065. 1897. 2244.  927. 1898. 2249.  922.
 1988. 2106. 1065. 2198. 2244.  927.]","[2191. 2244.  928. 2090. 2106. 1065. 1892. 2239.  928. 1908. 2244.  922.
 2006. 2107. 1065. 2205. 2241.  924.]","[-1.6831e+01  5.0480e+00  6.9395e+01  1.3428e+00 -9.7660e-01  2.5024e+00
 -4.3000e-02 -2.4510e-01  9.2290e-01]",118
85,1,"[[-0.23357145 -0.30815876  0.32184124]
 [ 0.22732806 -0.30177978  0.32822022]
 [ 0.10088144 -0.09059887  0.53940113]
 [-0.10088144  0.09059887 -0.53940113]
 [ 0.23357145  0.30815876 -0.32184124]
 [-0.22732806  0.30177978 -0.32822022]]","[2200. 2248.  923. 2113. 2107. 1064. 1899. 2244.  927. 1895. 2248.  923.
 1982. 2107. 1064. 2196. 2244.  927.]","[2194. 2244.  928. 2096. 2107. 1065. 1894. 2238.  928. 1905. 2244.  921.
 2000. 2107. 1065. 2203. 2241.  924.]","[-1.6798e+01  5.0430e+00  6.9461e+01  9.1550e-01 -6.1040e-01  1.4038e+00
 -4.4400e-02 -2.4800e-01  9.7900e-01]",118
86,1,"[[-0.23746952 -0.30796921  0.32203079]
 [ 0.22379792 -0.30198173  0.32801827]
 [ 0.1100282  -0.09197006  0.53802994]
 [-0.1100282   0.09197006 -0.53802994]
 [ 0.23746952  0.30796921 -0.32203079]
 [-0.22379792  0.30198173 -0.32801827]]","[2202. 2248.  923. 2119. 2107. 1064. 1902. 2244.  927. 1893. 2248.  923.
 1976. 2107. 1064. 2193. 2244.  927.]","[2197. 2244.  928. 2102. 2107. 1065. 1896. 2238.  928. 1903. 2244.  921.
 1993. 2108. 1065. 2201. 2242.  924.]","[-1.6738e+01  5.0320e+00  6.9445e+01  2.0142e+00  6.1000e-02 -1.4038e+00
 -6.2500e-02 -2.6900e-01  9.7170e-01]",118
87,1,"[[-0.24126825 -0.30777039  0.32222961]
 [ 0.22019442 -0.30218249  0.32781751]
 [ 0.11903549 -0.09357913  0.53642087]
 [-0.11903549  0.09357913 -0.53642087]
 [ 0.24126825  0.30777039 -0.32222961]
 [-0.22019442  0.30218249 -0.32781751]]","[2205. 2248.  923. 2125. 2109. 1062. 1904. 2244.  926. 1890. 2248.  923.
 1970. 2109. 1062. 2191. 2244.  926.]","[2201. 2244.  928. 2109. 2107. 1064. 1899. 2238.  926. 1900. 2244.  921.
 1986. 2108. 1064. 2198. 2241.  925.]","[-1.6661e+01  5.0150e+00  6.9379e+01  2.1362e+00  6.1040e-01 -2.8076e+00
 -5.4200e-02 -2.7290e-01  9.4630e-01]",118
88,1,"[[-0.24496606 -0.30756264  0.32243736]
 [ 0.21651844 -0.30238199  0.32761801]
 [ 0.12789526 -0.0954293   0.5345707 ]
 [-0.12789526  0.0954293  -0.5345707 ]
 [ 0.24496606  0.30756264 -0.32243736]
 [-0.21651844  0.30238199 -0.32761801]]","[2207. 2248.  923. 2131. 2110. 1061. 1906. 2245.  926. 1888. 2248.  923.
 1964. 2110. 1061. 2189. 2245.  926.]","[2202. 2244.  928. 2114. 2108. 1063. 1905. 2238.  926. 1899. 2244.  921.
 1981. 2109. 1064. 2197. 2241.  924.]","[-1.6578e+01  4.9990e+00  6.9247e+01  2.3193e+00  8.5450e-01 -4.0894e+00
 -6.5400e-02 -2.8420e-01  9.5800e-01]",118
89,1,"[[-0.2485614  -0.30734632  0.32265368]
 [ 0.21277089 -0.30258014  0.32741986]
 [ 0.1365997  -0.09752362  0.53247638]
 [-0.1365997   0.09752362 -0.53247638]
 [ 0.2485614   0.30734632 -0.32265368]
 [-0.21277089  0.30258014 -0.32741986]]","[2210. 2248.  923. 2137. 2111. 1060. 1909. 2245.  926. 1885. 2248.  923.
 1958. 2111. 1060. 2186. 2245.  926.]","[2205. 2245.  928. 2120. 2109. 1062. 1906. 2238.  926. 1897. 2244.  921.
 1975. 2109. 1062. 2195. 2241.  925.]","[-16.49     4.971   69.077    2.8076   0.8545  -4.5776  -0.0767  -0.2939
   0.9678]",118
90,1,"[[-0.25205276 -0.30712177  0.32287823]
 [ 0.20895268 -0.30277686  0.32722314]
 [ 0.14514125 -0.09986493  0.53013507]
 [-0.14514125  0.09986493 -0.53013507]
 [ 0.25205276  0.30712177 -0.32287823]
 [-0.20895268  0.30277686 -0.32722314]]","[2212. 2248.  923. 2142. 2113. 1058. 1911. 2245.  926. 1883. 2248.  923.
 1953. 2113. 1058. 2184. 2245.  926.]","[2207. 2244.  928. 2127. 2110. 1061. 1908. 2238.  925. 1894. 2244.  921.
 1968. 2110. 1061. 2193. 2241.  925.]","[-16.397    4.944   68.89     2.8076   0.6104  -4.2725  -0.1147  -0.3159
   0.9365]",118
91,1,"[[-0.25543868 -0.30688934  0.32311066]
 [ 0.20506479 -0.30297207  0.32702793]
 [ 0.15351263 -0.10245595  0.52754405]
 [-0.15351263  0.10245595 -0.52754405]
 [ 0.25543868  0.30688934 -0.32311066]
 [-0.20506479  0.30297207 -0.32702793]]","[2214. 2248.  923. 2148. 2114. 1057. 1914. 2245.  926. 1881. 2248.  923.
 1947. 2114. 1057. 2181. 2245.  926.]","[2209. 2244.  928. 2131. 2112. 1060. 1910. 2238.  925. 1892. 2244.  921.
 1963. 2112. 1060. 2191. 2241.  924.]","[-16.309    4.922   68.73     1.709    0.6104  -2.9907  -0.126   -0.3037
   0.8867]",118
92,1,"[[-0.25871775 -0.3066494   0.3233506 ]
 [ 0.20110821 -0.30316569  0.32683431]
 [ 0.16170678 -0.10529923  0.52470077]
 [-0.16170678  0.10529923 -0.52470077]
 [ 0.25871775  0.3066494  -0.3233506 ]
 [-0.20110821  0.30316569 -0.32683431]]","[2216. 2247.  924. 2153. 2116. 1055. 1916. 2245.  926. 1879. 2247.  924.
 1942. 2116. 1055. 2179. 2245.  926.]","[2211. 2244.  927. 2137. 2113. 1058. 1912. 2238.  925. 1891. 2244.  922.
 1958. 2113. 1059. 2188. 2241.  924.]","[-16.282    4.916   68.632   -0.1221   0.3052  -1.1597  -0.1851  -0.3169
   0.8882]",118
93,1,"[[-0.26188859 -0.3064023   0.3235977 ]
 [ 0.19708396 -0.30335764  0.32664236]
 [ 0.16971693 -0.10839713  0.52160287]
 [-0.16971693  0.10839713 -0.52160287]
 [ 0.26188859  0.3064023  -0.3235977 ]
 [-0.19708396  0.30335764 -0.32664236]]","[2218. 2247.  924. 2158. 2118. 1053. 1919. 2245.  926. 1877. 2247.  924.
 1937. 2118. 1053. 2176. 2245.  926.]","[2212. 2244.  926. 2143. 2115. 1057. 1913. 2238.  925. 1887. 2244.  923.
 1952. 2114. 1057. 2185. 2241.  924.]","[-16.315    4.933   68.61    -1.5869  -0.3052   1.3428  -0.1753  -0.313
   0.9277]",118
94,1,"[[-0.26494988 -0.30614842  0.32385158]
 [ 0.19299311 -0.30354786  0.32645214]
 [ 0.17753656 -0.11175185  0.51824815]
 [-0.17753656  0.11175185 -0.51824815]
 [ 0.26494988  0.30614842 -0.32385158]
 [-0.19299311  0.30354786 -0.32645214]]","[2220. 2247.  924. 2163. 2120. 1051. 1922. 2245.  926. 1875. 2247.  924.
 1932. 2120. 1051. 2173. 2245.  926.]","[2211. 2245.  923. 2149. 2117. 1055. 1914. 2238.  925. 1884. 2244.  924.
 1946. 2117. 1055. 2182. 2241.  924.]","[-16.392    4.96    68.681   -2.1973  -1.0986   2.8687  -0.1396  -0.292
   0.9414]",118
95,1,"[[-0.26790034 -0.30588811  0.32411189]
 [ 0.18883673 -0.30373626  0.32626374]
 [ 0.18515941 -0.11536544  0.51463456]
 [-0.18515941  0.11536544 -0.51463456]
 [ 0.26790034  0.30588811 -0.32411189]
 [-0.18883673  0.30373626 -0.32626374]]","[2222. 2247.  924. 2168. 2123. 1048. 1924. 2246.  925. 1873. 2247.  924.
 1927. 2123. 1048. 2171. 2246.  925.]","[2213. 2244.  922. 2153. 2118. 1053. 1915. 2238.  925. 1882. 2243.  925.
 1942. 2118. 1054. 2179. 2241.  924.]","[-16.479    4.982   68.813   -2.1362  -0.9766   3.479   -0.1226  -0.2695
   0.9595]",118
96,1,"[[-0.27073873 -0.30562175  0.32437825]
 [ 0.18461595 -0.30392277  0.32607723]
 [ 0.19257947 -0.11923972  0.51076028]
 [-0.19257947  0.11923972 -0.51076028]
 [ 0.27073873  0.30562175 -0.32437825]
 [-0.18461595  0.30392277 -0.32607723]]","[2224. 2247.  924. 2173. 2125. 1046. 1927. 2246.  925. 1871. 2247.  924.
 1922. 2125. 1046. 2168. 2246.  925.]","[2216. 2245.  920. 2159. 2120. 1051. 1918. 2238.  923. 1880. 2242.  926.
 1937. 2120. 1051. 2177. 2241.  924.]","[-16.556    5.015   68.956   -1.5869  -0.5493   3.2349  -0.0947  -0.2646
   0.9873]",118
97,1,"[[-0.27346387 -0.30534969  0.32465031]
 [ 0.18033191 -0.30410732  0.32589268]
 [ 0.19979102 -0.12337636  0.50662364]
 [-0.19979102  0.12337636 -0.50662364]
 [ 0.27346387  0.30534969 -0.32465031]
 [-0.18033191  0.30410732 -0.32589268]]","[2226. 2247.  924. 2178. 2128. 1043. 1930. 2246.  925. 1869. 2247.  924.
 1917. 2128. 1043. 2165. 2246.  925.]","[2219. 2245.  920. 2164. 2123. 1049. 1921. 2238.  923. 1878. 2242.  926.
 1932. 2123. 1049. 2173. 2241.  925.]","[-1.6611e+01  5.0480e+00  6.9077e+01 -1.1597e+00 -5.4930e-01  2.2583e+00
 -3.3200e-02 -2.5880e-01  9.6480e-01]",118
98,1,"[[-0.27607462 -0.30507231  0.32492769]
 [ 0.17598579 -0.30428984  0.32571016]
 [ 0.20678856 -0.12777683  0.50222317]
 [-0.20678856  0.12777683 -0.50222317]
 [ 0.27607462  0.30507231 -0.32492769]
 [-0.17598579  0.30428984 -0.32571016]]","[2227. 2246.  925. 2182. 2131. 1040. 1933. 2246.  925. 1868. 2246.  925.
 1913. 2131. 1040. 2162. 2246.  925.]","[2222. 2244.  921. 2169. 2125. 1046. 1924. 2238.  923. 1876. 2242.  926.
 1926. 2125. 1047. 2170. 2241.  924.]","[-1.6644e+01  5.0700e+00  6.9159e+01 -9.1550e-01  6.1000e-02  1.1597e+00
  1.1700e-02 -2.5440e-01  9.5950e-01]",118
99,1,"[[-0.27856988 -0.30478998  0.32521002]
 [ 0.1715788  -0.30447025  0.32552975]
 [ 0.21356689 -0.13244242  0.49755758]
 [-0.21356689  0.13244242 -0.49755758]
 [ 0.27856988  0.30478998 -0.32521002]
 [-0.1715788   0.30447025 -0.32552975]]","[2229. 2246.  925. 2187. 2134. 1037. 1936. 2246.  925. 1866. 2246.  925.
 1908. 2134. 1037. 2159. 2246.  925.]","[2225. 2244.  923. 2174. 2128. 1044. 1927. 2238.  924. 1874. 2242.  926.
 1922. 2128. 1044. 2168. 2241.  924.]","[-1.6666e+01  5.0810e+00  6.9192e+01 -7.9350e-01  1.2210e-01 -6.1000e-02
  2.4900e-02 -2.6460e-01  9.8630e-01]",118
100,1,"[[-0.28094861 -0.30450307  0.32549693]
 [ 0.16711216 -0.3046485   0.3253515 ]
 [ 0.22012105 -0.1373742   0.4926258 ]
 [-0.22012105  0.1373742  -0.4926258 ]
 [ 0.28094861  0.30450307 -0.32549693]
 [-0.16711216  0.3046485  -0.3253515 ]]","[2231. 2246.  925. 2191. 2137. 1034. 1939. 2246.  925. 1864. 2246.  925.
 1904. 2137. 1034. 2156. 2246.  925.]","[2230. 2243.  927. 2178. 2131. 1041. 1931. 2238.  923. 1872. 2241.  926.
 1917. 2131. 1041. 2165. 2241.  923.]","[-1.6694e+01  5.0700e+00  6.9175e+01 -9.7660e-01  1.2210e-01 -1.1597e+00
 -8.3000e-03 -2.6420e-01  9.3410e-01]",118
101,1,"[[-0.28320981 -0.30421194  0.32578806]
 [ 0.16258714 -0.30482451  0.32517549]
 [ 0.22644635 -0.14257306  0.48742694]
 [-0.22644635  0.14257306 -0.48742694]
 [ 0.28320981  0.30421194 -0.32578806]
 [-0.16258714  0.30482451 -0.32517549]]","[2232. 2246.  925. 2195. 2140. 1031. 1942. 2246.  925. 1863. 2246.  925.
 1900. 2140. 1031. 2153. 2246.  925.]","[2232. 2243.  928. 2184. 2135. 1037. 1937. 2238.  924. 1870. 2241.  925.
 1911. 2135. 1037. 2161. 2242.  923.]","[-1.6732e+01  5.0370e+00  6.9126e+01 -1.5869e+00  3.0520e-01 -1.7090e+00
 -5.0300e-02 -2.6710e-01  9.2090e-01]",118
102,1,"[[-0.28535255 -0.30391695  0.32608305]
 [ 0.15800504 -0.30499821  0.32500179]
 [ 0.23253834 -0.14803969  0.48196031]
 [-0.23253834  0.14803969 -0.48196031]
 [ 0.28535255  0.30391695 -0.32608305]
 [-0.15800504  0.30499821 -0.32500179]]","[2234. 2246.  925. 2199. 2144. 1027. 1944. 2246.  925. 1861. 2246.  925.
 1896. 2144. 1027. 2151. 2246.  925.]","[2233. 2242.  928. 2187. 2137. 1035. 1940. 2238.  923. 1868. 2241.  924.
 1908. 2137. 1035. 2159. 2242.  923.]","[-16.798    5.01    69.049   -2.4414   0.4883  -2.1362  -0.0908  -0.2769
   0.96  ]",118
103,1,"[[-0.28737591 -0.30361848  0.32638152]
 [ 0.15336717 -0.30516955  0.32483045]
 [ 0.23839286 -0.15377456  0.47622544]
 [-0.23839286  0.15377456 -0.47622544]
 [ 0.28737591  0.30361848 -0.32638152]
 [-0.15336717  0.30516955 -0.32483045]]","[2235. 2245.  926. 2203. 2148. 1023. 1948. 2246.  925. 1860. 2245.  926.
 1892. 2148. 1023. 2147. 2246.  925.]","[2234. 2242.  928. 2191. 2140. 1032. 1942. 2238.  923. 1867. 2240.  925.
 1903. 2140. 1032. 2156. 2243.  923.]","[-16.891    4.982   68.967   -2.6245   0.3662  -2.0752  -0.1455  -0.2798
   0.9536]",118
104,1,"[[-0.28927907 -0.30331688  0.32668312]
 [ 0.14867487 -0.30533846  0.32466154]
 [ 0.24400598 -0.15977795  0.47022205]
 [-0.24400598  0.15977795 -0.47022205]
 [ 0.28927907  0.30331688 -0.32668312]
 [-0.14867487  0.30533846 -0.32466154]]","[2236. 2245.  926. 2207. 2152. 1019. 1951. 2247.  924. 1859. 2245.  926.
 1888. 2152. 1019. 2144. 2247.  924.]","[2234. 2241.  928. 2195. 2143. 1028. 1945. 2238.  923. 1865. 2240.  926.
 1899. 2143. 1029. 2153. 2243.  923.]","[-16.985    4.971   68.895   -2.3804   0.3052  -1.1597  -0.1748  -0.311
   0.9424]",118
105,1,"[[-0.29106121 -0.30301251  0.32698749]
 [ 0.14392953 -0.30550487  0.32449513]
 [ 0.24937405 -0.16604993  0.46395007]
 [-0.24937405  0.16604993 -0.46395007]
 [ 0.29106121  0.30301251 -0.32698749]
 [-0.14392953  0.30550487 -0.32449513]]","[2237. 2245.  926. 2210. 2156. 1015. 1954. 2247.  924. 1858. 2245.  926.
 1885. 2156. 1015. 2141. 2247.  924.]","[2235. 2240.  927. 2201. 2149. 1023. 1946. 2239.  923. 1862. 2239.  926.
 1894. 2149. 1024. 2148. 2244.  923.]","[-17.078    4.982   68.879   -2.6245   0.1221   0.2441  -0.1694  -0.3296
   0.9277]",118
106,1,"[[-0.2927216  -0.30270574  0.32729426]
 [ 0.13913255 -0.30566873  0.32433127]
 [ 0.25449365 -0.17259034  0.45740966]
 [-0.25449365  0.17259034 -0.45740966]
 [ 0.2927216   0.30270574 -0.32729426]
 [-0.13913255  0.30566873 -0.32433127]]","[2238. 2245.  926. 2213. 2160. 1011. 1957. 2247.  924. 1857. 2245.  926.
 1882. 2160. 1011. 2138. 2247.  924.]","[2236. 2241.  926. 2203. 2151. 1021. 1947. 2239.  923. 1861. 2239.  927.
 1892. 2151. 1021. 2145. 2244.  922.]","[-17.183    5.01    68.917   -2.9297   0.       1.77    -0.1255  -0.3325
   0.9331]",118
107,1,"[[-0.29425954 -0.30239691  0.32760309]
 [ 0.13428535 -0.30582997  0.32417003]
 [ 0.25936163 -0.17939882  0.45060118]
 [-0.25936163  0.17939882 -0.45060118]
 [ 0.29425954  0.30239691 -0.32760309]
 [-0.13428535  0.30582997 -0.32417003]]","[2239. 2245.  926. 2217. 2164. 1007. 1960. 2247.  924. 1856. 2245.  926.
 1878. 2164. 1007. 2135. 2247.  924.]","[2238. 2240.  926. 2209. 2157. 1016. 1951. 2239.  922. 1859. 2239.  926.
 1886. 2156. 1016. 2141. 2244.  922.]","[-17.287    5.048   69.      -2.5024  -0.1831   2.4414  -0.0718  -0.3374
   0.9692]",118
108,1,"[[-0.29567439 -0.30208638  0.32791362]
 [ 0.12938938 -0.30598854  0.32401146]
 [ 0.26397509 -0.18647482  0.44352518]
 [-0.26397509  0.18647482 -0.44352518]
 [ 0.29567439  0.30208638 -0.32791362]
 [-0.12938938  0.30598854 -0.32401146]]","[2240. 2244.  927. 2220. 2169. 1002. 1963. 2247.  924. 1855. 2244.  927.
 1875. 2169. 1002. 2132. 2247.  924.]","[2239. 2240.  926. 2212. 2160. 1012. 1955. 2239.  923. 1857. 2239.  927.
 1883. 2160. 1012. 2139. 2245.  922.]","[-1.7364e+01  5.0760e+00  6.9088e+01 -1.6479e+00 -3.0520e-01  2.1362e+00
 -4.2000e-02 -3.3350e-01  9.7360e-01]",118
109,1,"[[-0.29696555 -0.3017745   0.3282255 ]
 [ 0.12444612 -0.30614438  0.32385562]
 [ 0.26833139 -0.19381752  0.43618248]
 [-0.26833139  0.19381752 -0.43618248]
 [ 0.29696555  0.3017745  -0.3282255 ]
 [-0.12444612  0.30614438 -0.32385562]]","[2241. 2244.  927. 2222. 2174.  997. 1966. 2247.  924. 1854. 2244.  927.
 1873. 2174.  997. 2129. 2247.  924.]","[2240. 2240.  927. 2215. 2165. 1007. 1958. 2240.  923. 1856. 2238.  927.
 1880. 2165. 1008. 2136. 2245.  922.]","[-1.7408e+01  5.0870e+00  6.9159e+01 -7.9350e-01 -1.8310e-01  1.2207e+00
 -3.3700e-02 -3.3890e-01  9.5210e-01]",118
110,1,"[[-0.29813249 -0.30146161  0.32853839]
 [ 0.11945708 -0.30629743  0.32370257]
 [ 0.27242811 -0.20142593  0.42857407]
 [-0.27242811  0.20142593 -0.42857407]
 [ 0.29813249  0.30146161 -0.32853839]
 [-0.11945708  0.30629743 -0.32370257]]","[2242. 2244.  927. 2225. 2179.  992. 1970. 2247.  924. 1853. 2244.  927.
 1870. 2179.  992. 2125. 2247.  924.]","[2241. 2240.  927. 2217. 2168. 1004. 1960. 2240.  923. 1856. 2239.  927.
 1878. 2167. 1005. 2134. 2245.  922.]","[-1.7435e+01  5.0870e+00  6.9181e+01 -2.4410e-01  6.1000e-02  0.0000e+00
 -3.8600e-02 -3.3790e-01  9.4970e-01]",118
111,1,"[[-0.29917472 -0.30114805  0.32885195]
 [ 0.11442379 -0.30644764  0.32355236]
 [ 0.27626312 -0.20929883  0.42070117]
 [-0.27626312  0.20929883 -0.42070117]
 [ 0.29917472  0.30114805 -0.32885195]
 [-0.11442379  0.30644764 -0.32355236]]","[2243. 2244.  927. 2228. 2184.  987. 1973. 2247.  924. 1852. 2244.  927.
 1867. 2184.  987. 2122. 2247.  924.]","[2242. 2240.  927. 2221. 2174.  998. 1964. 2240.  923. 1855. 2239.  927.
 1874. 2174.  998. 2131. 2245.  922.]","[-1.7452e+01  5.0760e+00  6.9159e+01  6.1000e-02  1.8310e-01 -9.7660e-01
 -6.7900e-02 -3.2670e-01  9.4480e-01]",118
112,1,"[[-0.30009179 -0.30083416  0.32916584]
 [ 0.10934779 -0.30659496  0.32340504]
 [ 0.27983449 -0.21743477  0.41256523]
 [-0.27983449  0.21743477 -0.41256523]
 [ 0.30009179  0.30083416 -0.32916584]
 [-0.10934779  0.30659496 -0.32340504]]","[2243. 2244.  927. 2230. 2189.  982. 1976. 2247.  924. 1852. 2244.  927.
 1865. 2189.  982. 2119. 2247.  924.]","[2242. 2240.  927. 2223. 2177.  995. 1966. 2240.  923. 1854. 2239.  927.
 1872. 2177.  995. 2129. 2245.  922.]","[-17.457    5.059   69.115    0.3662   0.1221  -1.1597  -0.1006  -0.3208
   0.9497]",118
113,1,"[[-0.30088334 -0.30052027  0.32947973]
 [ 0.10423066 -0.30673934  0.32326066]
 [ 0.28314057 -0.22583208  0.40416792]
 [-0.28314057  0.22583208 -0.40416792]
 [ 0.30088334  0.30052027 -0.32947973]
 [-0.10423066  0.30673934 -0.32326066]]","[2244. 2243.  928. 2232. 2195.  976. 1980. 2247.  924. 1851. 2243.  928.
 1863. 2195.  976. 2115. 2247.  924.]","[2244. 2240.  928. 2226. 2182.  991. 1971. 2240.  923. 1854. 2238.  927.
 1868. 2184.  988. 2125. 2245.  922.]","[-1.7457e+01  5.0480e+00  6.9077e+01  3.6620e-01  6.1000e-02 -7.3240e-01
 -1.2060e-01 -3.1300e-01  9.4240e-01]",118
114,1,"[[-0.30154903 -0.30020671  0.32979329]
 [ 0.09907401 -0.30688072  0.32311928]
 [ 0.28617992 -0.2344889   0.3955111 ]
 [-0.28617992  0.2344889  -0.3955111 ]
 [ 0.30154903  0.30020671 -0.32979329]
 [-0.09907401  0.30688072 -0.32311928]]","[2244. 2243.  928. 2234. 2200.  971. 1983. 2248.  923. 1851. 2243.  928.
 1861. 2200.  971. 2112. 2248.  923.]","[2244. 2240.  928. 2229. 2186.  986. 1974. 2240.  922. 1853. 2239.  928.
 1867. 2189.  983. 2122. 2244.  922.]","[-17.457    5.043   69.06     0.1221   0.      -0.1221  -0.1201  -0.3062
   0.9336]",118
115,1,"[[-0.30208863 -0.29989379  0.33010621]
 [ 0.09387945 -0.30701906  0.32298094]
 [ 0.28895136 -0.24340311  0.38659689]
 [-0.28895136  0.24340311 -0.38659689]
 [ 0.30208863  0.29989379 -0.33010621]
 [-0.09387945  0.30701906 -0.32298094]]","[2244. 2243.  928. 2236. 2206.  965. 1986. 2248.  923. 1851. 2243.  928.
 1859. 2206.  965. 2109. 2248.  923.]","[2245. 2240.  928. 2230. 2190.  981. 1977. 2240.  922. 1852. 2239.  928.
 1864. 2194.  978. 2119. 2244.  921.]","[-17.457    5.043   69.066    0.1831  -0.1831   0.3662  -0.0952  -0.3037
   0.9839]",118
116,1,"[[-0.30250217 -0.29958185  0.33041815]
 [ 0.0886486  -0.30715431  0.32284569]
 [ 0.29145396 -0.2525724   0.3774276 ]
 [-0.29145396  0.2525724  -0.3774276 ]
 [ 0.30250217  0.29958185 -0.33041815]
 [-0.0886486   0.30715431 -0.32284569]]","[2245. 2243.  928. 2237. 2212.  959. 1990. 2248.  923. 1850. 2243.  928.
 1858. 2212.  959. 2105. 2248.  923.]","[2246. 2240.  928. 2232. 2193.  977. 1979. 2240.  923. 1852. 2239.  928.
 1863. 2198.  974. 2118. 2245.  921.]","[-17.441    5.043   69.088    0.9155  -0.3052   0.4272  -0.0762  -0.2944
   0.9463]",118
117,1,"[[-0.30279056 -0.29927118  0.33072882]
 [ 0.083383   -0.30728641  0.32271359]
 [ 0.2936871  -0.26199423  0.36800577]
 [-0.2936871   0.26199423 -0.36800577]
 [ 0.30279056  0.29927118 -0.33072882]
 [-0.083383    0.30728641 -0.32271359]]","[2245. 2243.  928. 2239. 2218.  953. 1993. 2248.  923. 1850. 2243.  928.
 1856. 2218.  953. 2102. 2248.  923.]","[2246. 2240.  928. 2234. 2199.  971. 1984. 2240.  922. 1850. 2239.  928.
 1861. 2204.  970. 2114. 2245.  921.]","[-17.402    5.037   69.104    1.0986  -0.1831   0.3052  -0.0757  -0.2949
   0.936 ]",118
118,1,"[[-0.30295529 -0.29896208  0.33103792]
 [ 0.07808319 -0.30741534  0.32258466]
 [ 0.29565112 -0.27166585  0.35833415]
 [-0.29565112  0.27166585 -0.35833415]
 [ 0.30295529  0.29896208 -0.33103792]
 [-0.07808319  0.30741534 -0.32258466]]","[2245. 2242.  929. 2240. 2225.  946. 1997. 2248.  923. 1850. 2242.  929.
 1855. 2225.  946. 2098. 2248.  923.]","[2246. 2240.  929. 2236. 2203.  967. 1987. 2240.  922. 1849. 2240.  928.
 1859. 2209.  965. 2110. 2244.  921.]","[-1.7380e+01  5.0370e+00  6.9115e+01  3.0520e-01 -6.1000e-02  1.2210e-01
 -5.4700e-02 -2.9350e-01  9.2140e-01]",118
119,1,"[[-0.30295521 -0.29865477  0.33134523]
 [ 0.07274352 -0.30754104  0.32245896]
 [ 0.29735081 -0.28158427  0.34841573]
 [-0.29735081  0.28158427 -0.34841573]
 [ 0.30295521  0.29865477 -0.33134523]
 [-0.07274352  0.30754104 -0.32245896]]","[2245. 2242.  929. 2241. 2231.  940. 2000. 2248.  923. 1850. 2242.  929.
 1854. 2231.  940. 2095. 2248.  923.]","[2247. 2239.  929. 2236. 2207.  963. 1991. 2240.  922. 1849. 2240.  928.
 1858. 2214.  958. 2108. 2244.  921.]","[-1.7364e+01  5.0150e+00  6.9120e+01  4.8830e-01 -7.3240e-01 -2.4410e-01
 -6.7400e-02 -3.0760e-01  1.0581e+00]",118
120,1,"[[-0.30261453 -0.2983491   0.3316509 ]
 [ 0.06734695 -0.30766347  0.32233653]
 [ 0.2987951  -0.29174637  0.33825363]
 [-0.2987951   0.29174637 -0.33825363]
 [ 0.30261453  0.2983491  -0.3316509 ]
 [-0.06734695  0.30766347 -0.32233653]]","[2245. 2242.  929. 2242. 2238.  933. 2004. 2248.  923. 1850. 2242.  929.
 1853. 2238.  933. 2091. 2248.  923.]","[2247. 2239.  930. 2238. 2212.  959. 1994. 2240.  922. 1849. 2240.  928.
 1857. 2217.  953. 2105. 2244.  921.]","[-17.303    4.982   69.109    1.9531  -0.6714  -0.4272  -0.0786  -0.3062
   0.9019]",118
121,1,"[[-0.30187062 -0.29804485  0.33195515]
 [ 0.06188565 -0.3077826   0.3222174 ]
 [ 0.29998015 -0.29355093  0.33644907]
 [-0.29998015  0.29355093 -0.33644907]
 [ 0.30187062  0.29804485 -0.33195515]
 [-0.06188565  0.3077826  -0.3222174 ]]","[2244. 2242.  929. 2243. 2239.  932. 2007. 2248.  923. 1851. 2242.  929.
 1852. 2239.  932. 2088. 2248.  923.]","[2247. 2238.  930. 2239. 2215.  956. 1997. 2240.  922. 1849. 2240.  928.
 1856. 2221.  949. 2103. 2244.  921.]","[-17.227    4.944   69.093    2.0142  -0.5493  -0.7324  -0.0791  -0.3164
   0.959 ]",118
122,1,"[[-0.30072725 -0.2977423   0.3322577 ]
 [ 0.05635994 -0.3078984   0.3221016 ]
 [ 0.30089889 -0.29371053  0.33628947]
 [-0.30089889  0.29371053 -0.33628947]
 [ 0.30072725  0.2977423  -0.3322577 ]
 [-0.05635994  0.3078984  -0.3221016 ]]","[2244. 2242.  929. 2244. 2239.  932. 2011. 2248.  923. 1851. 2242.  929.
 1851. 2239.  932. 2084. 2248.  923.]","[2247. 2239.  930. 2241. 2217.  954. 2000. 2239.  922. 1849. 2240.  928.
 1855. 2224.  945. 2100. 2244.  921.]","[-17.161    4.905   69.06     1.8921  -0.5493  -1.2207  -0.082   -0.3174
   0.9243]",118
123,1,"[[-0.29918631 -0.29744178  0.33255822]
 [ 0.05077122 -0.30801083  0.32198917]
 [ 0.30154679 -0.29387364  0.33612636]
 [-0.30154679  0.29387364 -0.33612636]
 [ 0.29918631  0.29744178 -0.33255822]
 [-0.05077122  0.30801083 -0.32198917]]","[2243. 2241.  930. 2244. 2239.  932. 2014. 2248.  923. 1852. 2241.  930.
 1851. 2239.  932. 2081. 2248.  923.]","[2247. 2238.  931. 2242. 2218.  952. 2003. 2240.  922. 1849. 2240.  928.
 1854. 2225.  944. 2097. 2244.  921.]","[-17.144    4.867   69.005    0.3052  -0.4883  -1.5869  -0.0928  -0.2998
   0.9092]",118
124,1,"[[-0.29724984 -0.2971436   0.3328564 ]
 [ 0.04512117 -0.30811985  0.32188015]
 [ 0.30191928 -0.2940402   0.3359598 ]
 [-0.30191928  0.2940402  -0.3359598 ]
 [ 0.29724984  0.2971436  -0.3328564 ]
 [-0.04512117  0.30811985 -0.32188015]]","[2241. 2241.  930. 2244. 2239.  932. 2018. 2248.  923. 1854. 2241.  930.
 1851. 2239.  932. 2077. 2248.  923.]","[2246. 2238.  931. 2242. 2219.  952. 2007. 2240.  922. 1850. 2240.  929.
 1854. 2225.  944. 2093. 2244.  921.]","[-17.155    4.839   68.956   -0.1221  -0.1831  -1.3428  -0.1025  -0.2881
   0.9761]",118
125,1,"[[-0.29492042 -0.29684809  0.33315191]
 [ 0.03941165 -0.30822544  0.32177456]
 [ 0.30202967 -0.29421013  0.33578987]
 [-0.30202967  0.29421013 -0.33578987]
 [ 0.29492042  0.29684809 -0.33315191]
 [-0.03941165  0.30822544 -0.32177456]]","[2240. 2241.  930. 2244. 2239.  932. 2022. 2248.  923. 1855. 2241.  930.
 1851. 2239.  932. 2073. 2248.  923.]","[2247. 2238.  931. 2242. 2220.  952. 2011. 2241.  922. 1851. 2241.  929.
 1853. 2226.  944. 2091. 2244.  921.]","[-17.155    4.828   68.923    0.1221  -0.1221  -0.7935  -0.1099  -0.2847
   0.915 ]",118
126,1,"[[-0.29220112 -0.29655555  0.33344445]
 [ 0.03364465 -0.30832756  0.32167244]
 [ 0.30199673 -0.2943831   0.3356169 ]
 [-0.30199673  0.2943831  -0.3356169 ]
 [ 0.29220112  0.29655555 -0.33344445]
 [-0.03364465  0.30832756 -0.32167244]]","[2238. 2241.  930. 2244. 2239.  932. 2026. 2248.  922. 1857. 2241.  930.
 1851. 2239.  932. 2069. 2248.  922.]","[2247. 2238.  931. 2242. 2220.  952. 2014. 2241.  921. 1852. 2240.  929.
 1853. 2226.  944. 2087. 2244.  921.]","[-17.161    4.828   68.912   -0.1221   0.      -0.1831  -0.0942  -0.2959
   0.959 ]",118
127,1,"[[-0.28909553 -0.2962663   0.3337337 ]
 [ 0.02782227 -0.30842619  0.32157381]
 [ 0.30190297 -0.29455852  0.33544148]
 [-0.30190297  0.29455852 -0.33544148]
 [ 0.28909553  0.2962663  -0.3337337 ]
 [-0.02782227  0.30842619 -0.32157381]]","[2236. 2241.  930. 2244. 2240.  931. 2029. 2249.  922. 1859. 2241.  930.
 1851. 2240.  931. 2066. 2249.  922.]","[2246. 2238.  931. 2242. 2220.  952. 2018. 2241.  922. 1853. 2240.  929.
 1853. 2226.  944. 2084. 2244.  920.]","[-17.166    4.828   68.912    0.      -0.1221   0.1221  -0.0781  -0.2983
   0.9453]",118
128,1,"[[-0.28560777 -0.29598066  0.33401934]
 [ 0.02194674 -0.30852129  0.32147871]
 [ 0.30175168 -0.29473615  0.33526385]
 [-0.30175168  0.29473615 -0.33526385]
 [ 0.28560777  0.29598066 -0.33401934]
 [-0.02194674  0.30852129 -0.32147871]]","[2234. 2240.  931. 2244. 2240.  931. 2033. 2249.  922. 1861. 2240.  931.
 1851. 2240.  931. 2062. 2249.  922.]","[2246. 2238.  931. 2242. 2220.  952. 2022. 2241.  922. 1855. 2240.  929.
 1853. 2226.  944. 2081. 2244.  920.]","[-1.7172e+01  4.8280e+00  6.8928e+01 -1.2210e-01 -1.2210e-01  3.0520e-01
 -6.6900e-02 -3.0220e-01  9.4190e-01]",118
129,1,"[[-0.28174244 -0.29569893  0.33430107]
 [ 0.0160204  -0.30861283  0.32138717]
 [ 0.30153648 -0.29491586  0.33508414]
 [-0.30153648  0.29491586 -0.33508414]
 [ 0.28174244  0.29569893 -0.33430107]
 [-0.0160204   0.30861283 -0.32138717]]","[2231. 2240.  931. 2244. 2240.  931. 2037. 2249.  922. 1864. 2240.  931.
 1851. 2240.  931. 2058. 2249.  922.]","[2246. 2238.  931. 2242. 2220.  952. 2025. 2241.  922. 1857. 2240.  929.
 1854. 2226.  943. 2078. 2244.  920.]","[-17.177    4.828   68.939   -0.1221  -0.1221   0.2441  -0.0693  -0.3057
   0.9565]",118
130,1,"[[-0.27750465 -0.29542142  0.33457858]
 [ 0.01004571 -0.30870078  0.32129922]
 [ 0.30125285 -0.29509756  0.33490244]
 [-0.30125285  0.29509756 -0.33490244]
 [ 0.27750465  0.29542142 -0.33457858]
 [-0.01004571  0.30870078 -0.32129922]]","[2228. 2240.  931. 2244. 2240.  931. 2041. 2249.  922. 1867. 2240.  931.
 1851. 2240.  931. 2054. 2249.  922.]","[2245. 2237.  932. 2242. 2220.  951. 2028. 2242.  922. 1859. 2239.  929.
 1853. 2226.  943. 2076. 2245.  920.]","[-17.177    4.823   68.95     0.      -0.1221   0.2441  -0.0801  -0.3042
   0.9438]",118
131,1,"[[-0.27290001 -0.29514844  0.33485156]
 [ 0.00402522 -0.30878512  0.32121488]
 [ 0.30089776 -0.29528115  0.33471885]
 [-0.30089776  0.29528115 -0.33471885]
 [ 0.27290001  0.29514844 -0.33485156]
 [-0.00402522  0.30878512 -0.32121488]]","[2225. 2240.  931. 2244. 2240.  931. 2045. 2249.  922. 1870. 2240.  931.
 1851. 2240.  931. 2050. 2249.  922.]","[2243. 2237.  932. 2242. 2220.  951. 2032. 2242.  922. 1861. 2239.  930.
 1854. 2227.  943. 2072. 2244.  920.]","[-17.183    4.818   68.961    0.      -0.1831   0.1831  -0.082   -0.2979
   0.9541]",118
132,1,"[[-0.2679346  -0.29488027  0.33511973]
 [-0.0020384  -0.30886582  0.32113418]
 [ 0.30046887 -0.29546654  0.33453346]
 [-0.30046887  0.29546654 -0.33453346]
 [ 0.2679346   0.29488027 -0.33511973]
 [ 0.0020384   0.30886582 -0.32113418]]","[2222. 2240.  931. 2243. 2240.  931. 2049. 2249.  922. 1873. 2240.  931.
 1852. 2240.  931. 2046. 2249.  922.]","[2241. 2237.  932. 2242. 2220.  950. 2034. 2242.  922. 1863. 2239.  930.
 1853. 2227.  943. 2068. 2245.  920.]","[-1.7183e+01  4.8120e+00  6.8967e+01 -6.1000e-02 -1.8310e-01 -6.1000e-02
 -7.1800e-02 -2.8520e-01  9.4290e-01]",118
133,1,"[[-0.26261498 -0.29461723  0.33538277]
 [-0.00814236 -0.30894285  0.32105715]
 [ 0.29996415 -0.29565364  0.33434636]
 [-0.29996415  0.29565364 -0.33434636]
 [ 0.26261498  0.29461723 -0.33538277]
 [ 0.00814236  0.30894285 -0.32105715]]","[2219. 2240.  931. 2243. 2240.  931. 2053. 2249.  922. 1876. 2240.  931.
 1852. 2240.  931. 2042. 2249.  922.]","[2239. 2237.  932. 2242. 2220.  950. 2037. 2242.  922. 1865. 2238.  929.
 1854. 2227.  943. 2063. 2244.  920.]","[-1.7188e+01  4.8010e+00  6.8956e+01 -6.1000e-02 -1.2210e-01 -3.0520e-01
 -7.6200e-02 -3.0220e-01  9.5310e-01]",118
134,1,"[[-0.25694819 -0.2943596   0.3356404 ]
 [-0.0142838  -0.30901618  0.32098382]
 [ 0.29938164 -0.29584234  0.33415766]
 [-0.29938164  0.29584234 -0.33415766]
 [ 0.25694819  0.2943596  -0.3356404 ]
 [ 0.0142838   0.30901618 -0.32098382]]","[2215. 2239.  932. 2243. 2240.  931. 2057. 2249.  922. 1880. 2239.  932.
 1852. 2240.  931. 2038. 2249.  922.]","[2237. 2237.  932. 2242. 2220.  950. 2041. 2242.  921. 1868. 2238.  929.
 1853. 2227.  942. 2059. 2244.  921.]","[-1.7188e+01  4.7960e+00  6.8950e+01  0.0000e+00 -6.1000e-02 -1.8310e-01
 -8.7900e-02 -3.0910e-01  9.4780e-01]",118
135,1,"[[-0.25094173 -0.29410767  0.33589233]
 [-0.0204597  -0.30908579  0.32091421]
 [ 0.29871944 -0.29603257  0.33396743]
 [-0.29871944  0.29603257 -0.33396743]
 [ 0.25094173  0.29410767 -0.33589233]
 [ 0.0204597   0.30908579 -0.32091421]]","[2211. 2239.  932. 2242. 2240.  930. 2061. 2249.  922. 1884. 2239.  932.
 1853. 2240.  930. 2034. 2249.  922.]","[2234. 2237.  932. 2242. 2220.  950. 2044. 2242.  921. 1871. 2238.  929.
 1854. 2227.  942. 2055. 2244.  921.]","[-1.7194e+01  4.7900e+00  6.8956e+01 -6.1000e-02 -1.2210e-01  1.2210e-01
 -8.1500e-02 -3.0320e-01  9.4630e-01]",118
136,1,"[[-0.24460352 -0.29386172  0.33613828]
 [-0.02666699 -0.30915166  0.32084834]
 [ 0.29797566 -0.29622423  0.33377577]
 [-0.29797566  0.29622423 -0.33377577]
 [ 0.24460352  0.29386172 -0.33613828]
 [ 0.02666699  0.30915166 -0.32084834]]","[2207. 2239.  932. 2242. 2241.  930. 2065. 2249.  922. 1888. 2239.  932.
 1853. 2241.  930. 2030. 2249.  922.]","[2231. 2236.  933. 2242. 2220.  950. 2047. 2243.  922. 1874. 2238.  930.
 1854. 2227.  941. 2052. 2244.  921.]","[-17.188    4.79    68.956    0.1221   0.       0.      -0.0703  -0.2988
   0.9556]",118
137,1,"[[-0.23794196 -0.29362202  0.33637798]
 [-0.03290247 -0.30921375  0.32078625]
 [ 0.29714842 -0.29641724  0.33358276]
 [-0.29714842  0.29641724 -0.33358276]
 [ 0.23794196  0.29362202 -0.33637798]
 [ 0.03290247  0.30921375 -0.32078625]]","[2203. 2239.  932. 2241. 2241.  930. 2069. 2249.  922. 1892. 2239.  932.
 1854. 2241.  930. 2026. 2249.  922.]","[2228. 2236.  933. 2241. 2220.  949. 2051. 2243.  922. 1877. 2238.  930.
 1854. 2227.  942. 2048. 2244.  921.]","[-1.7194e+01  4.7850e+00  6.8939e+01  0.0000e+00  6.1000e-02 -3.6620e-01
 -7.9600e-02 -3.0220e-01  9.4090e-01]",118
138,1,"[[-0.23096584 -0.29134402  0.33865598]
 [-0.03916283 -0.30927205  0.32072795]
 [ 0.29623583 -0.2966115   0.3333885 ]
 [-0.29623583  0.2966115  -0.3333885 ]
 [ 0.23096584  0.29134402 -0.33865598]
 [ 0.03916283  0.30927205 -0.32072795]]","[2198. 2237.  934. 2241. 2241.  930. 2073. 2249.  922. 1897. 2237.  934.
 1854. 2241.  930. 2022. 2249.  922.]","[2222. 2236.  933. 2241. 2220.  948. 2055. 2242.  921. 1880. 2238.  930.
 1854. 2227.  941. 2044. 2244.  921.]","[-1.7183e+01  4.7790e+00  6.8917e+01  2.4410e-01  6.1000e-02 -5.4930e-01
 -8.7400e-02 -3.0180e-01  9.5170e-01]",118
139,1,"[[-0.22368438 -0.27625294  0.35374706]
 [-0.04544469 -0.30932654  0.32067346]
 [ 0.29523602 -0.29680694  0.33319306]
 [-0.29523602  0.29680694 -0.33319306]
 [ 0.22368438  0.27625294 -0.35374706]
 [ 0.04544469  0.30932654 -0.32067346]]","[2193. 2228.  943. 2240. 2241.  930. 2077. 2249.  922. 1902. 2228.  943.
 1855. 2241.  930. 2018. 2249.  922.]","[2217. 2235.  933. 2242. 2220.  948. 2059. 2242.  922. 1884. 2237.  931.
 1855. 2227.  941. 2040. 2244.  921.]","[-1.7194e+01  4.7740e+00  6.8901e+01 -1.2210e-01  0.0000e+00 -5.4930e-01
 -6.2500e-02 -2.8610e-01  9.4820e-01]",118
140,1,"[[-0.21610723 -0.26163224  0.36836776]
 [-0.05174455 -0.30937718  0.32062282]
 [ 0.29414713 -0.29700345  0.33299655]
 [-0.29414713  0.29700345 -0.33299655]
 [ 0.21610723  0.26163224 -0.36836776]
 [ 0.05174455  0.30937718 -0.32062282]]","[2188. 2218.  953. 2239. 2241.  930. 2081. 2249.  922. 1907. 2218.  953.
 1856. 2241.  930. 2014. 2249.  922.]","[2211. 2229.  937. 2240. 2220.  947. 2064. 2242.  922. 1891. 2235.  936.
 1856. 2227.  941. 2034. 2244.  920.]","[-1.7183e+01  4.7680e+00  6.8873e+01  1.8310e-01  6.1000e-02 -5.4930e-01
 -8.5900e-02 -2.9740e-01  9.5560e-01]",118
141,1,"[[-0.20824438 -0.24749876  0.38250124]
 [-0.05805883 -0.30942396  0.32057604]
 [ 0.29296732 -0.29720096  0.33279904]
 [-0.29296732  0.29720096 -0.33279904]
 [ 0.20824438  0.24749876 -0.38250124]
 [ 0.05805883  0.30942396 -0.32057604]]","[2183. 2209.  962. 2238. 2241.  930. 2085. 2249.  922. 1912. 2209.  962.
 1857. 2241.  930. 2010. 2249.  922.]","[2208. 2226.  938. 2240. 2220.  946. 2066. 2242.  921. 1894. 2233.  940.
 1856. 2227.  941. 2032. 2244.  921.]","[-1.7177e+01  4.7520e+00  6.8868e+01  1.2210e-01 -1.2210e-01 -6.1000e-02
 -8.4500e-02 -2.7830e-01  9.5070e-01]",118
142,1,"[[-0.20010624 -0.23386892  0.39613108]
 [-0.06438385 -0.30946685  0.32053315]
 [ 0.29169476 -0.29739939  0.33260061]
 [-0.29169476  0.29739939 -0.33260061]
 [ 0.20010624  0.23386892 -0.39613108]
 [ 0.06438385  0.30946685 -0.32053315]]","[2178. 2200.  971. 2238. 2241.  930. 2089. 2249.  922. 1917. 2200.  971.
 1857. 2241.  930. 2006. 2249.  922.]","[2202. 2219.  944. 2239. 2220.  945. 2070. 2242.  922. 1900. 2225.  947.
 1857. 2227.  941. 2028. 2244.  921.]","[-1.7172e+01  4.7520e+00  6.8873e+01 -6.1000e-02 -6.1000e-02  6.1000e-02
 -8.4000e-02 -2.5540e-01  9.4190e-01]",118
143,1,"[[-0.19170356 -0.22075862  0.40924138]
 [-0.07071585 -0.30950585  0.32049415]
 [ 0.29032764 -0.29759864  0.33240136]
 [-0.29032764  0.29759864 -0.33240136]
 [ 0.19170356  0.22075862 -0.40924138]
 [ 0.07071585  0.30950585 -0.32049415]]","[2172. 2191.  980. 2237. 2242.  929. 2094. 2249.  922. 1923. 2191.  980.
 1858. 2242.  929. 2001. 2249.  922.]","[2191. 2211.  956. 2238. 2220.  942. 2077. 2242.  922. 1908. 2214.  958.
 1858. 2227.  940. 2022. 2244.  920.]","[-1.7199e+01  4.7300e+00  6.8862e+01 -7.9350e-01 -3.0520e-01 -3.0520e-01
 -4.6900e-02 -2.6460e-01  9.4480e-01]",118
144,1,"[[-0.18304745 -0.20818328  0.42181672]
 [-0.07705099 -0.30954092  0.32045908]
 [ 0.28886418 -0.29779864  0.33220136]
 [-0.28886418  0.29779864 -0.33220136]
 [ 0.18304745  0.20818328 -0.42181672]
 [ 0.07705099  0.30954092 -0.32045908]]","[2167. 2183.  988. 2236. 2242.  929. 2098. 2249.  922. 1928. 2183.  988.
 1859. 2242.  929. 1997. 2249.  922.]","[2186. 2210.  962. 2238. 2220.  942. 2079. 2242.  922. 1912. 2209.  964.
 1858. 2227.  940. 2019. 2244.  920.]","[-17.216    4.675   68.829   -0.7324  -1.0376  -1.1597  -0.0894  -0.2456
   0.9243]",118
145,1,"[[-0.17414936 -0.19615779  0.43384221]
 [-0.08338532 -0.30957205  0.32042795]
 [ 0.28730264 -0.29799931  0.33200069]
 [-0.28730264  0.29799931 -0.33200069]
 [ 0.17414936  0.19615779 -0.43384221]
 [ 0.08338532  0.30957205 -0.32042795]]","[2161. 2175.  996. 2235. 2242.  929. 2102. 2249.  922. 1934. 2175.  996.
 1860. 2242.  929. 1993. 2249.  922.]","[2177. 2198.  974. 2236. 2220.  941. 2086. 2241.  924. 1921. 2198.  975.
 1860. 2228.  938. 2012. 2244.  920.]","[-17.26     4.614   68.818   -1.4648  -1.3428  -0.7324  -0.1406  -0.2319
   0.9619]",118
146,1,"[[-0.16502104 -0.18469649  0.44530351]
 [-0.08971485 -0.30959923  0.32040077]
 [ 0.28564131 -0.29820055  0.33179945]
 [-0.28564131  0.29820055 -0.33179945]
 [ 0.16502104  0.18469649 -0.44530351]
 [ 0.08971485  0.30959923 -0.32040077]]","[2155. 2168. 1003. 2234. 2242.  929. 2106. 2249.  922. 1940. 2168. 1003.
 1861. 2242.  929. 1989. 2249.  922.]","[2173. 2193.  980. 2235. 2220.  940. 2089. 2241.  925. 1923. 2192.  980.
 1861. 2228.  938. 2009. 2244.  921.]","[-17.298    4.576   68.846   -1.5869  -1.4038   0.3052  -0.1045  -0.2588
   0.9819]",118
147,1,"[[-0.15567458 -0.17381317  0.45618683]
 [-0.09603547 -0.30962242  0.32037758]
 [ 0.28387851 -0.2984023   0.3315977 ]
 [-0.28387851  0.2984023  -0.3315977 ]
 [ 0.15567458  0.17381317 -0.45618683]
 [ 0.09603547  0.30962242 -0.32037758]]","[2149. 2161. 1010. 2233. 2242.  929. 2110. 2249.  922. 1946. 2161. 1010.
 1862. 2242.  929. 1985. 2249.  922.]","[2166. 2185.  987. 2233. 2220.  939. 2094. 2241.  925. 1929. 2184.  988.
 1862. 2229.  936. 2004. 2244.  921.]","[-1.7342e+01  4.5260e+00  6.8873e+01 -1.7700e+00 -1.5869e+00  1.8310e-01
 -5.4200e-02 -2.8220e-01  9.5850e-01]",118
148,1,"[[-0.14612231 -0.16352103  0.46647897]
 [-0.10234304 -0.30964163  0.32035837]
 [ 0.28201261 -0.29860447  0.33139553]
 [-0.28201261  0.29860447 -0.33139553]
 [ 0.14612231  0.16352103 -0.46647897]
 [ 0.10234304  0.30964163 -0.32035837]]","[2143. 2154. 1017. 2231. 2242.  929. 2114. 2249.  922. 1952. 2154. 1017.
 1864. 2242.  929. 1981. 2249.  922.]","[2158. 2177.  996. 2231. 2220.  938. 2099. 2241.  924. 1935. 2177.  996.
 1863. 2229.  936. 1999. 2244.  922.]","[-1.7369e+01  4.4990e+00  6.8857e+01 -9.7660e-01 -4.8830e-01 -6.1040e-01
 -4.5400e-02 -3.4960e-01  9.9760e-01]",118
149,1,"[[-0.13637687 -0.15383268  0.47616732]
 [-0.10863333 -0.30965684  0.32034316]
 [ 0.28004204 -0.29880698  0.33119302]
 [-0.28004204  0.29880698 -0.33119302]
 [ 0.13637687  0.15383268 -0.47616732]
 [ 0.10863333  0.30965684 -0.32034316]]","[2136. 2148. 1023. 2230. 2242.  929. 2118. 2249.  922. 1959. 2148. 1023.
 1865. 2242.  929. 1977. 2249.  922.]","[2149. 2169. 1003. 2230. 2221.  937. 2104. 2241.  924. 1941. 2169. 1003.
 1864. 2229.  935. 1995. 2244.  921.]","[-1.7375e+01  4.4930e+00  6.8802e+01 -2.4410e-01  2.4410e-01 -1.2817e+00
 -5.4700e-02 -3.7740e-01  9.5020e-01]",118
150,1,"[[-0.12645115 -0.1447601   0.4852399 ]
 [-0.11490204 -0.30966803  0.32033197]
 [ 0.27796527 -0.29900975  0.33099025]
 [-0.27796527  0.29900975 -0.33099025]
 [ 0.12645115  0.1447601  -0.4852399 ]
 [ 0.11490204  0.30966803 -0.32033197]]","[2130. 2142. 1029. 2229. 2242.  929. 2122. 2249.  922. 1965. 2142. 1029.
 1866. 2242.  929. 1973. 2249.  922.]","[2143. 2163. 1010. 2229. 2220.  937. 2108. 2241.  924. 1947. 2163. 1010.
 1865. 2229.  935. 1992. 2244.  921.]","[-17.369    4.488   68.752    0.2441   0.3662  -1.2817  -0.0713  -0.3784
   0.9033]",118
151,1,"[[-0.11635826 -0.13631463  0.49368537]
 [-0.12114482 -0.30967523  0.32032477]
 [ 0.27578081 -0.29921271  0.33078729]
 [-0.27578081  0.29921271 -0.33078729]
 [ 0.11635826  0.13631463 -0.49368537]
 [ 0.12114482  0.30967523 -0.32032477]]","[2123. 2136. 1035. 2227. 2243.  928. 2126. 2249.  922. 1972. 2136. 1035.
 1868. 2243.  928. 1969. 2249.  922.]","[2140. 2157. 1016. 2227. 2220.  936. 2111. 2241.  924. 1954. 2156. 1016.
 1866. 2229.  935. 1988. 2244.  921.]","[-1.7386e+01  4.4770e+00  6.8736e+01  6.1000e-02 -1.8310e-01  0.0000e+00
 -7.8100e-02 -3.4770e-01  9.4380e-01]",118
152,1,"[[-0.10611155 -0.128507    0.501493  ]
 [-0.12735725 -0.30967855  0.32032145]
 [ 0.27348727 -0.29941577  0.33058423]
 [-0.27348727  0.29941577 -0.33058423]
 [ 0.10611155  0.128507   -0.501493  ]
 [ 0.12735725  0.30967855 -0.32032145]]","[2117. 2131. 1040. 2226. 2243.  928. 2131. 2249.  922. 1978. 2131. 1040.
 1869. 2243.  928. 1964. 2249.  922.]","[2137. 2150. 1023. 2226. 2220.  936. 2113. 2241.  923. 1960. 2150. 1023.
 1868. 2229.  935. 1984. 2244.  921.]","[-17.397    4.471   68.741    0.1831  -0.1221   0.2441  -0.0742  -0.3179
   0.9404]",118
153,1,"[[-0.09572456 -0.12134722  0.50865278]
 [-0.13353488 -0.30967743  0.32032257]
 [ 0.27108329 -0.29961885  0.33038115]
 [-0.27108329  0.29961885 -0.33038115]
 [ 0.09572456  0.12134722 -0.50865278]
 [ 0.13353488  0.30967743 -0.32032257]]","[2110. 2127. 1044. 2224. 2243.  928. 2135. 2249.  922. 1985. 2127. 1044.
 1871. 2243.  928. 1960. 2249.  922.]","[2129. 2142. 1030. 2225. 2220.  935. 2118. 2241.  923. 1968. 2142. 1030.
 1869. 2229.  935. 1979. 2244.  921.]","[-1.7408e+01  4.4660e+00  6.8747e+01  1.8310e-01 -1.2210e-01  0.0000e+00
 -6.8400e-02 -3.0080e-01  9.5020e-01]",118
154,1,"[[-0.08521102 -0.11484466  0.51515534]
 [-0.13967319 -0.30966652  0.32033348]
 [ 0.26856759 -0.29982189  0.33017811]
 [-0.26856759  0.29982189 -0.33017811]
 [ 0.08521102  0.11484466 -0.51515534]
 [ 0.13967319  0.30966652 -0.32033348]]","[2103. 2122. 1049. 2223. 2243.  928. 2139. 2249.  922. 1992. 2122. 1049.
 1872. 2243.  928. 1956. 2249.  922.]","[2124. 2138. 1034. 2224. 2220.  935. 2120. 2241.  924. 1972. 2138. 1034.
 1870. 2229.  934. 1976. 2244.  922.]","[-17.408    4.46    68.747    0.3052   0.      -0.1831  -0.0762  -0.2905
   0.959 ]",118
155,1,"[[-0.07458484 -0.10900796  0.52099204]
 [-0.14576762 -0.3096408   0.3203592 ]
 [ 0.26593896 -0.3000248   0.3299752 ]
 [-0.26593896  0.3000248  -0.3299752 ]
 [ 0.07458484  0.10900796 -0.52099204]
 [ 0.14576762  0.3096408  -0.3203592 ]]","[2096. 2119. 1052. 2221. 2243.  928. 2143. 2249.  922. 1999. 2119. 1052.
 1874. 2243.  928. 1952. 2249.  922.]","[2117. 2133. 1039. 2223. 2220.  934. 2123. 2241.  924. 1979. 2133. 1038.
 1872. 2229.  934. 1972. 2244.  923.]","[-1.7408e+01  4.4550e+00  6.8736e+01  3.0520e-01  1.2210e-01 -6.1040e-01
 -5.8100e-02 -2.6810e-01  9.5260e-01]",118
156,1,"[[-0.06386006 -0.10384509  0.52615491]
 [-0.15181358 -0.30960184  0.32039816]
 [ 0.26319628 -0.30022751  0.32977249]
 [-0.26319628  0.30022751 -0.32977249]
 [ 0.06386006  0.10384509 -0.52615491]
 [ 0.15181358  0.30960184 -0.32039816]]","[2089. 2115. 1056. 2219. 2243.  928. 2146. 2249.  922. 2006. 2115. 1056.
 1876. 2243.  928. 1949. 2249.  922.]","[2109. 2129. 1044. 2221. 2221.  934. 2127. 2241.  923. 1986. 2129. 1043.
 1874. 2229.  934. 1967. 2244.  923.]","[-17.402    4.449   68.708    0.1221   0.1831  -0.9155  -0.1001  -0.2886
   0.9507]",118
157,1,"[[-0.05305086 -0.09936326  0.53063674]
 [-0.15780644 -0.30955042  0.32044958]
 [ 0.26033849 -0.30042994  0.32957006]
 [-0.26033849  0.30042994 -0.32957006]
 [ 0.05305086  0.09936326 -0.53063674]
 [ 0.15780644  0.30955042 -0.32044958]]","[2082. 2112. 1059. 2217. 2243.  928. 2150. 2249.  922. 2013. 2112. 1059.
 1878. 2243.  928. 1945. 2249.  922.]","[2102. 2125. 1048. 2220. 2220.  934. 2130. 2241.  924. 1993. 2124. 1048.
 1876. 2229.  933. 1963. 2244.  923.]","[-1.7402e+01  4.4440e+00  6.8670e+01  0.0000e+00  6.1000e-02 -7.3240e-01
 -7.9600e-02 -2.9540e-01  9.3950e-01]",118
158,1,"[[-0.04217152 -0.09556897  0.53443103]
 [-0.16374152 -0.30948677  0.32051323]
 [ 0.25736462 -0.30063202  0.32936798]
 [-0.25736462  0.30063202 -0.32936798]
 [ 0.04217152  0.09556897 -0.53443103]
 [ 0.16374152  0.30948677 -0.32051323]]","[2075. 2110. 1061. 2215. 2243.  927. 2154. 2249.  922. 2020. 2110. 1061.
 1880. 2243.  927. 1941. 2249.  922.]","[2094. 2120. 1052. 2218. 2220.  934. 2134. 2241.  923. 1999. 2120. 1051.
 1878. 2229.  933. 1959. 2244.  923.]","[-1.7402e+01  4.4440e+00  6.8648e+01  0.0000e+00  6.1000e-02 -2.4410e-01
 -9.8100e-02 -2.9930e-01  9.6040e-01]",118
159,1,"[[-0.03123643 -0.09246797  0.53753203]
 [-0.16961415 -0.30941111  0.32058889]
 [ 0.25427379 -0.30083367  0.32916633]
 [-0.25427379  0.30083367 -0.32916633]
 [ 0.03123643  0.09246797 -0.53753203]
 [ 0.16961415  0.30941111 -0.32058889]]","[2068. 2108. 1063. 2213. 2244.  927. 2158. 2249.  922. 2027. 2108. 1063.
 1882. 2244.  927. 1937. 2249.  922.]","[2088. 2118. 1056. 2215. 2220.  934. 2136. 2241.  924. 2006. 2117. 1055.
 1880. 2229.  932. 1956. 2244.  924.]","[-17.402    4.444   68.643   -0.1221  -0.1831   0.1831  -0.0693  -0.2959
   0.9331]",118
160,1,"[[-0.02026005 -0.09006524  0.53993476]
 [-0.17541962 -0.30932362  0.32067638]
 [ 0.25106522 -0.30103481  0.32896519]
 [-0.25106522  0.30103481 -0.32896519]
 [ 0.02026005  0.09006524 -0.53993476]
 [ 0.17541962  0.30932362 -0.32067638]]","[2061. 2106. 1065. 2211. 2244.  927. 2162. 2249.  922. 2034. 2106. 1065.
 1884. 2244.  927. 1933. 2249.  922.]","[2080. 2115. 1058. 2213. 2221.  933. 2140. 2241.  923. 2014. 2115. 1058.
 1882. 2229.  932. 1951. 2244.  924.]","[-1.7408e+01  4.4440e+00  6.8648e+01 -2.4410e-01 -2.4410e-01  1.8310e-01
 -6.6900e-02 -3.0370e-01  9.5410e-01]",118
161,1,"[[-0.00925689 -0.08836507  0.54163493]
 [-0.1811532  -0.30922453  0.32077547]
 [ 0.2477382  -0.30123537  0.32876463]
 [-0.2477382   0.30123537 -0.32876463]
 [ 0.00925689  0.08836507 -0.54163493]
 [ 0.1811532   0.30922453 -0.32077547]]","[2054. 2105. 1066. 2209. 2244.  927. 2166. 2249.  922. 2041. 2105. 1066.
 1886. 2244.  927. 1929. 2249.  922.]","[2071. 2112. 1061. 2210. 2220.  932. 2144. 2242.  923. 2024. 2112. 1061.
 1885. 2229.  931. 1946. 2244.  924.]","[-1.7419e+01  4.4380e+00  6.8659e+01 -1.2210e-01 -1.8310e-01  0.0000e+00
 -5.9600e-02 -3.1150e-01  9.5800e-01]",118
162,1,"[[ 0.00175851 -0.08737178  0.54262822]
 [-0.18681016 -0.30911405  0.32088595]
 [ 0.24429214 -0.30143528  0.32856472]
 [-0.24429214  0.30143528 -0.32856472]
 [-0.00175851  0.08737178 -0.54262822]
 [ 0.18681016  0.30911405 -0.32088595]]","[2046. 2104. 1067. 2207. 2244.  927. 2169. 2249.  922. 2049. 2104. 1067.
 1888. 2244.  927. 1926. 2249.  922.]","[2066. 2110. 1063. 2209. 2220.  932. 2147. 2241.  923. 2028. 2110. 1063.
 1886. 2229.  931. 1943. 2244.  924.]","[-1.7424e+01  4.4270e+00  6.8659e+01  0.0000e+00 -6.1000e-02 -1.2210e-01
 -7.4700e-02 -3.0910e-01  9.4190e-01]",118
163,1,"[[ 0.01277159 -0.08709884  0.54290116]
 [-0.19238575 -0.30899241  0.32100759]
 [ 0.24072655 -0.30163446  0.32836554]
 [-0.24072655  0.30163446 -0.32836554]
 [-0.01277159  0.08709884 -0.54290116]
 [ 0.19238575  0.30899241 -0.32100759]]","[2039. 2104. 1067. 2204. 2244.  927. 2173. 2249.  922. 2056. 2104. 1067.
 1891. 2244.  927. 1922. 2249.  922.]","[2059. 2109. 1064. 2206. 2220.  932. 2150. 2241.  924. 2035. 2108. 1064.
 1889. 2229.  931. 1939. 2244.  924.]","[-17.424    4.422   68.654   -0.1221  -0.1221  -0.2441  -0.0708  -0.3213
   0.9375]",118
164,1,"[[ 0.02376778 -0.08747568  0.54252432]
 [-0.19787524 -0.30885986  0.32114014]
 [ 0.23704104 -0.30183284  0.32816716]
 [-0.23704104  0.30183284 -0.32816716]
 [-0.02376778  0.08747568 -0.54252432]
 [ 0.19787524  0.30885986 -0.32114014]]","[2032. 2105. 1066. 2202. 2244.  927. 2176. 2249.  922. 2063. 2105. 1066.
 1893. 2244.  927. 1919. 2249.  922.]","[2052. 2108. 1065. 2204. 2220.  932. 2154. 2241.  923. 2042. 2107. 1066.
 1891. 2229.  931. 1935. 2244.  924.]","[-1.7430e+01  4.4170e+00  6.8648e+01  0.0000e+00 -6.1000e-02 -1.2210e-01
 -7.5200e-02 -3.1590e-01  9.5510e-01]",118
165,1,"[[ 0.03473255 -0.08797229  0.54202771]
 [-0.20327389 -0.30871664  0.32128336]
 [ 0.23323531 -0.30203035  0.32796965]
 [-0.23323531  0.30203035 -0.32796965]
 [-0.03473255  0.08797229 -0.54202771]
 [ 0.20327389  0.30871664 -0.32128336]]","[2025. 2105. 1066. 2200. 2244.  927. 2180. 2249.  922. 2070. 2105. 1066.
 1895. 2244.  927. 1915. 2249.  922.]","[2044. 2107. 1065. 2203. 2220.  931. 2157. 2241.  923. 2050. 2107. 1065.
 1893. 2229.  931. 1932. 2245.  924.]","[-1.7435e+01  4.4110e+00  6.8643e+01  0.0000e+00  0.0000e+00 -6.1000e-02
 -7.1800e-02 -3.0320e-01  9.4580e-01]",118
166,1,"[[ 0.0456514  -0.08856886  0.54143114]
 [-0.20857698 -0.30856301  0.32143699]
 [ 0.2293092  -0.3022269   0.3277731 ]
 [-0.2293092   0.3022269  -0.3277731 ]
 [-0.0456514   0.08856886 -0.54143114]
 [ 0.20857698  0.30856301 -0.32143699]]","[2018. 2105. 1066. 2197. 2245.  926. 2183. 2249.  922. 2077. 2105. 1066.
 1898. 2245.  926. 1912. 2249.  922.]","[2037. 2107. 1065. 2200. 2220.  931. 2161. 2241.  923. 2056. 2107. 1065.
 1895. 2229.  931. 1928. 2244.  924.]","[-17.441    4.406   68.643    0.       0.       0.      -0.0791  -0.3003
   0.9473]",118
167,1,"[[ 0.05650991 -0.08935017  0.54064983]
 [-0.21377979 -0.30839924  0.32160076]
 [ 0.22526264 -0.30242244  0.32757756]
 [-0.22526264  0.30242244 -0.32757756]
 [-0.05650991  0.08935017 -0.54064983]
 [ 0.21377979  0.30839924 -0.32160076]]","[2011. 2106. 1065. 2194. 2245.  926. 2187. 2249.  922. 2084. 2106. 1065.
 1901. 2245.  926. 1908. 2249.  922.]","[2030. 2107. 1065. 2198. 2220.  931. 2164. 2241.  923. 2064. 2107. 1065.
 1897. 2229.  930. 1924. 2244.  924.]","[-17.441    4.406   68.643   -0.1831  -0.1831   0.1221  -0.0894  -0.3027
   0.9375]",118
168,1,"[[ 0.06729371 -0.09033917  0.53966083]
 [-0.21887764 -0.3082256   0.3217744 ]
 [ 0.22109569 -0.30261687  0.32738313]
 [-0.22109569  0.30261687 -0.32738313]
 [-0.06729371  0.09033917 -0.53966083]
 [ 0.21887764  0.3082256  -0.3217744 ]]","[2004. 2106. 1065. 2192. 2245.  926. 2190. 2248.  923. 2091. 2106. 1065.
 1903. 2245.  926. 1905. 2248.  923.]","[2023. 2107. 1065. 2195. 2220.  931. 2168. 2241.  923. 2070. 2107. 1065.
 1900. 2229.  930. 1921. 2244.  924.]","[-1.7452e+01  4.4000e+00  6.8665e+01 -3.6620e-01 -4.8830e-01  5.4930e-01
 -6.5900e-02 -3.1010e-01  9.4430e-01]",118
169,1,"[[ 0.07798855 -0.09154401  0.53845599]
 [-0.22386587 -0.30804238  0.32195762]
 [ 0.21680853 -0.30281014  0.32718986]
 [-0.21680853  0.30281014 -0.32718986]
 [-0.07798855  0.09154401 -0.53845599]
 [ 0.22386587  0.30804238 -0.32195762]]","[1997. 2107. 1064. 2189. 2245.  926. 2193. 2248.  923. 2098. 2107. 1064.
 1906. 2245.  926. 1902. 2248.  923.]","[2014. 2107. 1065. 2192. 2220.  931. 2172. 2242.  923. 2079. 2107. 1065.
 1903. 2229.  930. 1916. 2244.  923.]","[-17.463    4.395   68.681    0.      -0.1221   0.2441  -0.0728  -0.3022
   0.9751]",118
170,1,"[[ 0.08858029 -0.0929699   0.5370301 ]
 [-0.22873984 -0.30784986  0.32215014]
 [ 0.21240145 -0.30300217  0.32699783]
 [-0.21240145  0.30300217 -0.32699783]
 [-0.08858029  0.0929699  -0.5370301 ]
 [ 0.22873984  0.30784986 -0.32215014]]","[1990. 2108. 1063. 2186. 2245.  926. 2197. 2248.  923. 2105. 2108. 1063.
 1909. 2245.  926. 1898. 2248.  923.]","[2010. 2108. 1064. 2190. 2220.  930. 2175. 2242.  923. 2085. 2107. 1065.
 1905. 2229.  930. 1914. 2244.  923.]","[-1.7463e+01  4.3890e+00  6.8687e+01  0.0000e+00  0.0000e+00  0.0000e+00
 -6.4500e-02 -3.0080e-01  9.2330e-01]",118
171,1,"[[ 0.09905493 -0.09462143  0.53537857]
 [-0.23349496 -0.30764834  0.32235166]
 [ 0.20787486 -0.30319289  0.32680711]
 [-0.20787486  0.30319289 -0.32680711]
 [-0.09905493  0.09462143 -0.53537857]
 [ 0.23349496  0.30764834 -0.32235166]]","[1983. 2109. 1062. 2183. 2245.  926. 2200. 2248.  923. 2112. 2109. 1062.
 1912. 2245.  926. 1895. 2248.  923.]","[2000. 2108. 1064. 2187. 2220.  930. 2179. 2242.  923. 2094. 2108. 1064.
 1909. 2229.  930. 1909. 2244.  924.]","[-1.7463e+01  4.3890e+00  6.8687e+01 -6.1000e-02 -1.8310e-01 -6.1000e-02
 -7.6200e-02 -2.9980e-01  9.5750e-01]",118
172,1,"[[ 0.10939862 -0.09650299  0.53349701]
 [-0.23812669 -0.30743812  0.32256188]
 [ 0.20322931 -0.30338222  0.32661778]
 [-0.20322931  0.30338222 -0.32661778]
 [-0.10939862  0.09650299 -0.53349701]
 [ 0.23812669  0.30743812 -0.32256188]]","[1976. 2110. 1061. 2180. 2245.  926. 2203. 2248.  923. 2119. 2110. 1061.
 1915. 2245.  926. 1892. 2248.  923.]","[1995. 2108. 1062. 2185. 2220.  930. 2182. 2242.  923. 2098. 2108. 1063.
 1911. 2229.  930. 1906. 2244.  924.]","[-1.7463e+01  4.3840e+00  6.8687e+01  6.1000e-02  0.0000e+00  0.0000e+00
 -7.7100e-02 -2.9490e-01  9.6090e-01]",118
173,1,"[[ 0.11959769 -0.09861891  0.53138109]
 [-0.24263052 -0.30721951  0.32278049]
 [ 0.19846548 -0.30357009  0.32642991]
 [-0.19846548  0.30357009 -0.32642991]
 [-0.11959769  0.09861891 -0.53138109]
 [ 0.24263052  0.30721951 -0.32278049]]","[1970. 2112. 1059. 2177. 2245.  926. 2206. 2248.  923. 2125. 2112. 1059.
 1918. 2245.  926. 1889. 2248.  923.]","[1988. 2109. 1062. 2182. 2221.  930. 2186. 2241.  923. 2106. 2109. 1062.
 1914. 2229.  929. 1902. 2244.  924.]","[-17.463    4.384   68.687    0.       0.       0.      -0.0742  -0.2949
   0.9292]",118
174,1,"[[ 0.12963865 -0.10097338  0.52902662]
 [-0.24700201 -0.30699282  0.32300718]
 [ 0.19358415 -0.30375643  0.32624357]
 [-0.19358415  0.30375643 -0.32624357]
 [-0.12963865  0.10097338 -0.52902662]
 [ 0.24700201  0.30699282 -0.32300718]]","[1963. 2113. 1058. 2174. 2246.  925. 2209. 2248.  923. 2132. 2113. 1058.
 1921. 2246.  925. 1886. 2248.  923.]","[1982. 2110. 1060. 2178. 2220.  930. 2189. 2241.  923. 2112. 2110. 1060.
 1916. 2229.  929. 1899. 2244.  924.]","[-17.468    4.378   68.698   -0.3662  -0.3662   0.3662  -0.0913  -0.3169
   0.9463]",118
175,1,"[[ 0.13950824 -0.10357049  0.52642951]
 [-0.25123677 -0.30675838  0.32324162]
 [ 0.18858626 -0.30394117  0.32605883]
 [-0.18858626  0.30394117 -0.32605883]
 [-0.13950824  0.10357049 -0.52642951]
 [ 0.25123677  0.30675838 -0.32324162]]","[1957. 2115. 1056. 2170. 2246.  925. 2211. 2247.  923. 2138. 2115. 1056.
 1925. 2246.  925. 1884. 2247.  923.]","[1973. 2112. 1059. 2175. 2220.  930. 2193. 2241.  923. 2120. 2112. 1059.
 1920. 2229.  929. 1895. 2245.  923.]","[-1.7479e+01  4.3670e+00  6.8725e+01 -1.2210e-01 -3.6620e-01  7.9350e-01
 -6.3000e-02 -3.0760e-01  9.5800e-01]",118
176,1,"[[ 0.14919339 -0.10641421  0.52358579]
 [-0.25533048 -0.30651649  0.32348351]
 [ 0.18347287 -0.30412423  0.32587577]
 [-0.18347287  0.30412423 -0.32587577]
 [-0.14919339  0.10641421 -0.52358579]
 [ 0.25533048  0.30651649 -0.32348351]]","[1950. 2117. 1054. 2167. 2246.  925. 2214. 2247.  924. 2145. 2117. 1054.
 1928. 2246.  925. 1881. 2247.  924.]","[1968. 2113. 1057. 2172. 2220.  930. 2195. 2242.  923. 2126. 2113. 1058.
 1922. 2229.  929. 1893. 2244.  924.]","[-1.7479e+01  4.3670e+00  6.8752e+01 -6.1000e-02 -2.4410e-01  4.8830e-01
 -6.2500e-02 -3.1010e-01  9.3750e-01]",118
177,1,"[[ 0.15868132 -0.10950838  0.52049162]
 [-0.25927889 -0.3062675   0.3237325 ]
 [ 0.17824518 -0.30430555  0.32569445]
 [-0.17824518  0.30430555 -0.32569445]
 [-0.15868132  0.10950838 -0.52049162]
 [ 0.25927889  0.3062675  -0.3237325 ]]","[1944. 2119. 1052. 2164. 2246.  925. 2217. 2247.  924. 2151. 2119. 1052.
 1931. 2246.  925. 1878. 2247.  924.]","[1960. 2116. 1055. 2169. 2220.  929. 2199. 2242.  924. 2134. 2116. 1055.
 1927. 2229.  929. 1890. 2244.  924.]","[-1.7479e+01  4.3620e+00  6.8769e+01  0.0000e+00 -2.4410e-01  3.0520e-01
 -5.9600e-02 -2.9930e-01  9.6530e-01]",118
178,1,"[[ 0.16795947 -0.1128567   0.5171433 ]
 [-0.26307782 -0.30601173  0.32398827]
 [ 0.17290452 -0.30448505  0.32551495]
 [-0.17290452  0.30448505 -0.32551495]
 [-0.16795947  0.1128567  -0.5171433 ]
 [ 0.26307782  0.30601173 -0.32398827]]","[1938. 2121. 1050. 2160. 2246.  925. 2219. 2247.  924. 2157. 2121. 1050.
 1935. 2246.  925. 1876. 2247.  924.]","[1955. 2117. 1054. 2166. 2221.  929. 2201. 2241.  923. 2139. 2117. 1054.
 1929. 2229.  929. 1888. 2244.  925.]","[-1.7479e+01  4.3560e+00  6.8780e+01  6.1000e-02  0.0000e+00  6.1000e-02
 -6.5900e-02 -2.9880e-01  9.4920e-01]",118
179,1,"[[ 0.17701558 -0.11646275  0.51353725]
 [-0.26672317 -0.30574951  0.32425049]
 [ 0.16745235 -0.30466266  0.32533734]
 [-0.16745235  0.30466266 -0.32533734]
 [-0.17701558  0.11646275 -0.51353725]
 [ 0.26672317  0.30574951 -0.32425049]]","[1932. 2123. 1048. 2157. 2246.  925. 2221. 2247.  924. 2163. 2123. 1048.
 1938. 2246.  925. 1874. 2247.  924.]","[1949. 2119. 1052. 2163. 2221.  929. 2204. 2242.  923. 2145. 2119. 1052.
 1932. 2229.  929. 1885. 2244.  925.]","[-1.7474e+01  4.3510e+00  6.8780e+01  0.0000e+00 -6.1000e-02  0.0000e+00
 -7.7600e-02 -2.9590e-01  9.3990e-01]",118
180,1,"[[ 0.18583769 -0.12032991  0.50967009]
 [-0.27021095 -0.30548118  0.32451882]
 [ 0.16189027 -0.30483832  0.32516168]
 [-0.16189027  0.30483832 -0.32516168]
 [-0.18583769  0.12032991 -0.50967009]
 [ 0.27021095  0.30548118 -0.32451882]]","[1926. 2126. 1045. 2153. 2246.  925. 2224. 2247.  924. 2169. 2126. 1045.
 1942. 2246.  925. 1871. 2247.  924.]","[1942. 2121. 1050. 2159. 2220.  929. 2206. 2242.  923. 2151. 2122. 1051.
 1936. 2229.  928. 1883. 2244.  925.]","[-1.7474e+01  4.3450e+00  6.8785e+01 -6.1000e-02 -1.2210e-01  1.2210e-01
 -8.4500e-02 -3.0030e-01  9.5210e-01]",118
181,1,"[[ 0.19441412 -0.12446144  0.50553856]
 [-0.27353723 -0.30520709  0.32479291]
 [ 0.15622003 -0.30501194  0.32498806]
 [-0.15622003  0.30501194 -0.32498806]
 [-0.19441412  0.12446144 -0.50553856]
 [ 0.27353723  0.30520709 -0.32479291]]","[1921. 2129. 1042. 2149. 2246.  925. 2226. 2246.  925. 2174. 2129. 1042.
 1946. 2246.  925. 1869. 2246.  925.]","[1936. 2124. 1048. 2156. 2221.  929. 2209. 2241.  924. 2157. 2124. 1048.
 1939. 2229.  929. 1880. 2244.  925.]","[-17.479    4.34    68.796   -0.1221  -0.1831   0.2441  -0.0786  -0.3057
   0.9438]",118
182,1,"[[ 0.20273353 -0.12886039  0.50113961]
 [-0.2766982  -0.30492758  0.32507242]
 [ 0.15044349 -0.30518346  0.32481654]
 [-0.15044349  0.30518346 -0.32481654]
 [-0.20273353  0.12886039 -0.50113961]
 [ 0.2766982   0.30492758 -0.32507242]]","[1915. 2132. 1039. 2146. 2246.  925. 2228. 2246.  925. 2180. 2132. 1039.
 1949. 2246.  925. 1867. 2246.  925.]","[1929. 2126. 1045. 2151. 2220.  929. 2212. 2241.  924. 2164. 2127. 1045.
 1943. 2229.  929. 1877. 2245.  926.]","[-17.485    4.334   68.807   -0.1831  -0.1831   0.1831  -0.0703  -0.3115
   0.9438]",118
183,1,"[[ 0.21078494 -0.13352965  0.49647035]
 [-0.27969014 -0.30464299  0.32535701]
 [ 0.14456268 -0.30535281  0.32464719]
 [-0.14456268  0.30535281 -0.32464719]
 [-0.21078494  0.13352965 -0.49647035]
 [ 0.27969014  0.30464299 -0.32535701]]","[1910. 2135. 1036. 2142. 2247.  924. 2230. 2246.  925. 2185. 2135. 1036.
 1953. 2247.  924. 1865. 2246.  925.]","[1925. 2129. 1042. 2149. 2220.  929. 2214. 2241.  924. 2170. 2129. 1042.
 1946. 2229.  929. 1875. 2244.  926.]","[-17.49     4.329   68.813   -0.1831  -0.1831   0.1221  -0.0737  -0.311
   0.9521]",118
184,1,"[[ 0.2185577  -0.13847192  0.49152808]
 [-0.28250944 -0.30435367  0.32564633]
 [ 0.13857975 -0.30551992  0.32448008]
 [-0.13857975  0.30551992 -0.32448008]
 [-0.2185577   0.13847192 -0.49152808]
 [ 0.28250944  0.30435367 -0.32564633]]","[1905. 2138. 1033. 2138. 2247.  924. 2232. 2246.  925. 2190. 2138. 1033.
 1957. 2247.  924. 1863. 2246.  925.]","[1919. 2132. 1040. 2144. 2220.  928. 2216. 2242.  924. 2175. 2132. 1040.
 1950. 2229.  928. 1872. 2244.  926.]","[-17.496    4.323   68.824    0.       0.       0.1221  -0.0713  -0.3091
   0.9458]",118
185,1,"[[ 0.22604153 -0.1436897   0.4863103 ]
 [-0.28515261 -0.30405996  0.32594004]
 [ 0.13249697 -0.30568471  0.32431529]
 [-0.13249697  0.30568471 -0.32431529]
 [-0.22604153  0.1436897  -0.4863103 ]
 [ 0.28515261  0.30405996 -0.32594004]]","[1900. 2141. 1030. 2134. 2247.  924. 2233. 2246.  925. 2195. 2141. 1030.
 1961. 2247.  924. 1862. 2246.  925.]","[1914. 2134. 1037. 2142. 2220.  929. 2219. 2241.  924. 2180. 2135. 1037.
 1953. 2230.  928. 1870. 2244.  926.]","[-17.496    4.329   68.829    0.       0.       0.1831  -0.0713  -0.3101
   0.9419]",118
186,1,"[[ 0.23322653 -0.14918529  0.48081471]
 [-0.28761627 -0.30376223  0.32623777]
 [ 0.12631679 -0.30584713  0.32415287]
 [-0.12631679  0.30584713 -0.32415287]
 [-0.23322653  0.14918529 -0.48081471]
 [ 0.28761627  0.30376223 -0.32623777]]","[1895. 2145. 1026. 2130. 2247.  924. 2235. 2246.  925. 2200. 2145. 1026.
 1965. 2247.  924. 1860. 2246.  925.]","[1909. 2138. 1034. 2138. 2220.  928. 2220. 2241.  924. 2185. 2138. 1034.
 1957. 2230.  928. 1868. 2244.  926.]","[-1.7501e+01  4.3230e+00  6.8835e+01 -1.8310e-01 -1.8310e-01  1.2210e-01
 -6.7900e-02 -3.0710e-01  9.4780e-01]",118
187,1,"[[ 0.24010321 -0.15496075  0.47503925]
 [-0.28989716 -0.30346081  0.32653919]
 [ 0.12004176 -0.30600709  0.32399291]
 [-0.12004176  0.30600709 -0.32399291]
 [-0.24010321  0.15496075 -0.47503925]
 [ 0.28989716  0.30346081 -0.32653919]]","[1891. 2149. 1022. 2126. 2247.  924. 2236. 2245.  926. 2204. 2149. 1022.
 1969. 2247.  924. 1859. 2245.  926.]","[1903. 2141. 1030. 2134. 2220.  929. 2223. 2241.  924. 2190. 2141. 1031.
 1961. 2229.  928. 1866. 2244.  926.]","[-1.7507e+01  4.3180e+00  6.8846e+01 -1.2210e-01 -6.1000e-02  1.2210e-01
 -7.5200e-02 -3.0570e-01  9.5310e-01]",118
188,1,"[[ 0.24666249 -0.16101796  0.46898204]
 [-0.29199215 -0.30315607  0.32684393]
 [ 0.11367458 -0.30616453  0.32383547]
 [-0.11367458  0.30616453 -0.32383547]
 [-0.24666249  0.16101796 -0.46898204]
 [ 0.29199215  0.30315607 -0.32684393]]","[1887. 2152. 1019. 2122. 2247.  924. 2238. 2245.  926. 2208. 2152. 1019.
 1973. 2247.  924. 1857. 2245.  926.]","[1899. 2145. 1027. 2130. 2220.  929. 2225. 2241.  925. 2195. 2145. 1028.
 1965. 2230.  928. 1863. 2243.  926.]","[-17.512    4.318   68.851    0.       0.       0.1831  -0.0718  -0.3037
   0.9492]",118
189,1,"[[ 0.25289568 -0.16735854  0.46264146]
 [-0.29389826 -0.30284834  0.32715166]
 [ 0.10721808 -0.30631939  0.32368061]
 [-0.10721808  0.30631939 -0.32368061]
 [-0.25289568  0.16735854 -0.46264146]
 [ 0.29389826  0.30284834 -0.32715166]]","[1883. 2157. 1014. 2117. 2247.  924. 2239. 2245.  926. 2212. 2157. 1014.
 1978. 2247.  924. 1856. 2245.  926.]","[1895. 2148. 1024. 2126. 2220.  928. 2227. 2241.  925. 2200. 2148. 1024.
 1968. 2230.  928. 1862. 2243.  927.]","[-1.7507e+01  4.3230e+00  6.8862e+01  0.0000e+00 -6.1000e-02  2.4410e-01
 -7.0800e-02 -3.0220e-01  9.4680e-01]",118
190,1,"[[ 0.25879455 -0.1739839   0.4560161 ]
 [-0.2956126  -0.30253799  0.32746201]
 [ 0.10067524 -0.30647159  0.32352841]
 [-0.10067524  0.30647159 -0.32352841]
 [-0.25879455  0.1739839  -0.4560161 ]
 [ 0.2956126   0.30253799 -0.32746201]]","[1879. 2161. 1010. 2113. 2247.  924. 2240. 2245.  926. 2216. 2161. 1010.
 1982. 2247.  924. 1855. 2245.  926.]","[1891. 2152. 1020. 2122. 2220.  928. 2228. 2241.  925. 2204. 2152. 1020.
 1972. 2230.  928. 1860. 2244.  926.]","[-17.512    4.318   68.873    0.      -0.1221   0.3052  -0.0693  -0.3037
   0.9448]",118
191,1,"[[ 0.26435129 -0.18089518  0.44910482]
 [-0.29713247 -0.30222536  0.32777464]
 [ 0.09404915 -0.30662106  0.32337894]
 [-0.09404915  0.30662106 -0.32337894]
 [-0.26435129  0.18089518 -0.44910482]
 [ 0.29713247  0.30222536 -0.32777464]]","[1875. 2165. 1006. 2109. 2247.  924. 2241. 2245.  926. 2220. 2165. 1006.
 1986. 2247.  924. 1854. 2245.  926.]","[1885. 2156. 1016. 2118. 2220.  928. 2230. 2241.  925. 2209. 2156. 1016.
 1976. 2230.  928. 1858. 2243.  927.]","[-1.7512e+01  4.3180e+00  6.8884e+01  0.0000e+00 -6.1000e-02  2.4410e-01
 -7.5200e-02 -3.0860e-01  9.5260e-01]",118
192,1,"[[ 0.26955857 -0.1880933   0.4419067 ]
 [-0.29845529 -0.30191081  0.32808919]
 [ 0.08734305 -0.30676774  0.32323226]
 [-0.08734305  0.30676774 -0.32323226]
 [-0.26955857  0.1880933  -0.4419067 ]
 [ 0.29845529  0.30191081 -0.32808919]]","[1872. 2170. 1001. 2104. 2247.  923. 2242. 2244.  927. 2223. 2170. 1001.
 1991. 2247.  923. 1853. 2244.  927.]","[1881. 2159. 1012. 2114. 2220.  928. 2232. 2241.  925. 2212. 2160. 1012.
 1980. 2231.  927. 1857. 2243.  927.]","[-1.7507e+01  4.3180e+00  6.8901e+01  0.0000e+00 -6.1000e-02  3.6620e-01
 -6.9800e-02 -3.0760e-01  9.4380e-01]",118
193,1,"[[ 0.2744095  -0.19557892  0.43442108]
 [-0.29957863 -0.30159469  0.32840531]
 [ 0.08056029 -0.30691156  0.32308844]
 [-0.08056029  0.30691156 -0.32308844]
 [-0.2744095   0.19557892 -0.43442108]
 [ 0.29957863  0.30159469 -0.32840531]]","[1869. 2175.  996. 2100. 2248.  923. 2243. 2244.  927. 2226. 2175.  996.
 1995. 2248.  923. 1852. 2244.  927.]","[1878. 2164. 1008. 2110. 2220.  928. 2234. 2241.  926. 2216. 2164. 1008.
 1984. 2231.  928. 1855. 2243.  927.]","[-1.7507e+01  4.3180e+00  6.8917e+01  0.0000e+00 -1.2210e-01  4.2720e-01
 -6.6400e-02 -3.1100e-01  9.4680e-01]",118
194,1,"[[ 0.27889767 -0.20335241  0.42664759]
 [-0.30050022 -0.30127733  0.32872267]
 [ 0.07370437 -0.30705245  0.32294755]
 [-0.07370437  0.30705245 -0.32294755]
 [-0.27889767  0.20335241 -0.42664759]
 [ 0.30050022  0.30127733 -0.32872267]]","[1866. 2180.  991. 2096. 2248.  923. 2243. 2244.  927. 2229. 2180.  991.
 1999. 2248.  923. 1852. 2244.  927.]","[1874. 2169. 1003. 2106. 2220.  928. 2235. 2240.  926. 2220. 2168. 1004.
 1988. 2231.  927. 1854. 2243.  927.]","[-1.7512e+01  4.3180e+00  6.8939e+01  0.0000e+00 -1.8310e-01  4.8830e-01
 -6.8800e-02 -3.1100e-01  9.5020e-01]",118
195,1,"[[ 0.28301714 -0.21141391  0.41858609]
 [-0.30121798 -0.3009591   0.3290409 ]
 [ 0.0667789  -0.30719035  0.32280965]
 [-0.0667789   0.30719035 -0.32280965]
 [-0.28301714  0.21141391 -0.41858609]
 [ 0.30121798  0.3009591  -0.3290409 ]]","[1863. 2185.  986. 2091. 2248.  923. 2244. 2244.  927. 2232. 2185.  986.
 2004. 2248.  923. 1851. 2244.  927.]","[1871. 2173.  999. 2102. 2220.  928. 2236. 2240.  926. 2224. 2173.  999.
 1992. 2231.  927. 1853. 2242.  929.]","[-1.7507e+01  4.3120e+00  6.8961e+01  6.1000e-02 -1.2210e-01  5.4930e-01
 -6.6400e-02 -3.0520e-01  9.4780e-01]",118
196,1,"[[ 0.28676247 -0.21976328  0.41023672]
 [-0.30173027 -0.30064033  0.32935967]
 [ 0.05978761 -0.30732519  0.32267481]
 [-0.05978761  0.30732519 -0.32267481]
 [-0.28676247  0.21976328 -0.41023672]
 [ 0.30173027  0.30064033 -0.32935967]]","[1861. 2191.  980. 2086. 2248.  923. 2244. 2243.  927. 2234. 2191.  980.
 2009. 2248.  923. 1851. 2243.  927.]","[1868. 2177.  994. 2098. 2220.  928. 2238. 2240.  926. 2226. 2178.  994.
 1996. 2231.  927. 1851. 2242.  929.]","[-1.7507e+01  4.3180e+00  6.8978e+01  1.2210e-01  6.1000e-02  3.0520e-01
 -6.9800e-02 -3.0320e-01  9.4480e-01]",118
197,1,"[[ 0.2901287  -0.2284001   0.4015999 ]
 [-0.30203731 -0.30032136  0.32967864]
 [ 0.05273438 -0.30745691  0.32254309]
 [-0.05273438  0.30745691 -0.32254309]
 [-0.2901287   0.2284001  -0.4015999 ]
 [ 0.30203731  0.30032136 -0.32967864]]","[1858. 2196.  975. 2082. 2248.  923. 2244. 2243.  928. 2237. 2196.  975.
 2013. 2248.  923. 1851. 2243.  928.]","[1865. 2183.  994. 2093. 2220.  928. 2239. 2239.  926. 2229. 2183.  988.
 2000. 2231.  927. 1849. 2242.  929.]","[-1.7501e+01  4.3180e+00  6.8983e+01  0.0000e+00 -6.1000e-02  1.8310e-01
 -7.6200e-02 -3.0470e-01  9.4480e-01]",118
198,1,"[[ 0.29311139 -0.23732365  0.39267635]
 [-0.30213051 -0.30000252  0.32999748]
 [ 0.04562317 -0.30758544  0.32241456]
 [-0.04562317  0.30758544 -0.32241456]
 [-0.29311139  0.23732365 -0.39267635]
 [ 0.30213051  0.30000252 -0.32999748]]","[1856. 2202.  969. 2077. 2248.  923. 2244. 2243.  928. 2239. 2202.  969.
 2018. 2248.  923. 1851. 2243.  928.]","[1863. 2184.  987. 2089. 2220.  928. 2239. 2239.  926. 2232. 2188.  983.
 2002. 2231.  927. 1849. 2242.  929.]","[-17.507    4.312   69.       0.      -0.1831   0.4272  -0.0796  -0.3062
   0.9531]",118
199,1,"[[ 0.29570659 -0.24653296  0.38346704]
 [-0.30184464 -0.29968388  0.33031612]
 [ 0.03845809 -0.30771071  0.32228929]
 [-0.03845809  0.30771071 -0.32228929]
 [-0.29570659  0.24653296 -0.38346704]
 [ 0.30184464  0.29968388 -0.33031612]]","[1855. 2208.  963. 2073. 2248.  923. 2244. 2243.  928. 2240. 2208.  963.
 2022. 2248.  923. 1851. 2243.  928.]","[1860. 2188.  982. 2085. 2220.  928. 2240. 2239.  927. 2235. 2194.  978.
 2006. 2231.  928. 1849. 2242.  930.]","[-17.496    4.323   69.033    0.1831   0.       0.9155  -0.0815  -0.3149
   0.958 ]",118
200,1,"[[ 0.29791087 -0.25602675  0.37397325]
 [-0.30103139 -0.29936508  0.33063492]
 [ 0.03124333 -0.30783268  0.32216732]
 [-0.03124333  0.30783268 -0.32216732]
 [-0.29791087  0.25602675 -0.37397325]
 [ 0.30103139  0.29936508 -0.33063492]]","[1853. 2214.  957. 2068. 2248.  923. 2244. 2243.  928. 2242. 2214.  957.
 2027. 2248.  923. 1851. 2243.  928.]","[1858. 2193.  977. 2079. 2220.  928. 2240. 2239.  927. 2236. 2199.  978.
 2011. 2230.  928. 1849. 2241.  930.]","[-1.7490e+01  4.3340e+00  6.9082e+01  6.1000e-02 -1.2210e-01  1.2817e+00
 -6.7400e-02 -3.1840e-01  9.1600e-01]",118
201,1,"[[ 0.29972133 -0.26580345  0.36419655]
 [-0.29968689 -0.29904628  0.33095372]
 [ 0.02398322 -0.30795126  0.32204874]
 [-0.02398322  0.30795126 -0.32204874]
 [-0.29972133  0.26580345 -0.36419655]
 [ 0.29968689  0.29904628 -0.33095372]]","[1852. 2221.  950. 2063. 2248.  923. 2243. 2242.  929. 2243. 2221.  950.
 2032. 2248.  923. 1852. 2242.  929.]","[1857. 2198.  972. 2075. 2220.  928. 2241. 2239.  927. 2239. 2201.  971.
 2015. 2231.  928. 1849. 2241.  930.]","[-17.49     4.34    69.126    0.      -0.3052   1.0376  -0.0767  -0.312
   0.9878]",118
202,1,"[[ 0.30113555 -0.27586119  0.35413881]
 [-0.29781229 -0.29872784  0.33127216]
 [ 0.01668218 -0.3080664   0.3219336 ]
 [-0.01668218  0.3080664  -0.3219336 ]
 [-0.30113555  0.27586119 -0.35413881]
 [ 0.29781229  0.29872784 -0.33127216]]","[1851. 2227.  944. 2058. 2248.  923. 2242. 2242.  929. 2244. 2227.  944.
 2037. 2248.  923. 1853. 2242.  929.]","[1856. 2202.  967. 2073. 2220.  928. 2241. 2240.  927. 2240. 2206.  965.
 2021. 2231.  928. 1850. 2241.  930.]","[-1.7446e+01  4.3950e+00  6.9164e+01  1.1597e+00  1.0376e+00  1.3428e+00
 -6.3500e-02 -3.2760e-01  9.9800e-01]",118
203,1,"[[ 0.30215163 -0.2861978   0.3438022 ]
 [-0.29541088 -0.29841014  0.33158986]
 [ 0.00934473 -0.30817805  0.32182195]
 [-0.00934473  0.30817805 -0.32182195]
 [-0.30215163  0.2861978  -0.3438022 ]
 [ 0.29541088  0.29841014 -0.33158986]]","[1851. 2234.  937. 2054. 2248.  923. 2240. 2242.  929. 2244. 2234.  937.
 2041. 2248.  923. 1855. 2242.  929.]","[1855. 2207.  962. 2069. 2220.  928. 2241. 2240.  928. 2241. 2213.  958.
 2025. 2231.  927. 1850. 2240.  930.]","[-1.7408e+01  4.4270e+00  6.9175e+01  1.0376e+00  9.1550e-01  4.8830e-01
 -2.4400e-02 -3.1980e-01  8.9260e-01]",118
204,1,"[[ 0.30276731 -0.29347086  0.33652914]
 [-0.29248765 -0.29809352  0.33190648]
 [ 0.00197556 -0.30828613  0.32171387]
 [-0.00197556  0.30828613 -0.32171387]
 [-0.30276731  0.29347086 -0.33652914]
 [ 0.29248765  0.29809352 -0.33190648]]","[1850. 2239.  932. 2049. 2248.  922. 2238. 2242.  929. 2245. 2239.  932.
 2046. 2248.  922. 1857. 2242.  929.]","[1854. 2213.  956. 2063. 2221.  928. 2241. 2240.  928. 2242. 2221.  949.
 2031. 2231.  928. 1851. 2240.  931.]","[-17.391    4.455   69.159    0.7324   0.8545  -0.1221  -0.0977  -0.3325
   0.9722]",118
205,1,"[[ 0.3029828  -0.29363416  0.33636584]
 [-0.28905018 -0.29777837  0.33222163]
 [-0.005419   -0.30839059  0.32160941]
 [ 0.005419    0.30839059 -0.32160941]
 [-0.3029828   0.29363416 -0.33636584]
 [ 0.28905018  0.29777837 -0.33222163]]","[1850. 2239.  932. 2044. 2249.  922. 2236. 2242.  929. 2245. 2239.  932.
 2051. 2249.  922. 1859. 2242.  929.]","[1853. 2216.  952. 2060. 2221.  928. 2241. 2240.  928. 2243. 2224.  946.
 2034. 2231.  928. 1852. 2240.  931.]","[-17.347    4.504   69.153    1.2817   1.2817   0.2441  -0.0986  -0.3022
   0.9478]",118
206,1,"[[ 0.30291638 -0.29380134  0.33619866]
 [-0.28511565 -0.29746504  0.33253496]
 [-0.0128216  -0.30849138  0.32150862]
 [ 0.0128216   0.30849138 -0.32150862]
 [-0.30291638  0.29380134 -0.33619866]
 [ 0.28511565  0.29746504 -0.33253496]]","[1850. 2239.  932. 2039. 2249.  922. 2233. 2241.  930. 2245. 2239.  932.
 2056. 2249.  922. 1862. 2241.  930.]","[1853. 2219.  948. 2053. 2222.  928. 2240. 2240.  928. 2244. 2228.  942.
 2039. 2231.  928. 1853. 2240.  931.]","[-17.292    4.548   69.164    1.4038   0.9766   0.6714  -0.0952  -0.3096
   0.9756]",118
207,1,"[[ 0.30271196 -0.29397174  0.33602826]
 [-0.2807011  -0.29715392  0.33284608]
 [-0.02021256 -0.30858842  0.32141158]
 [ 0.02021256  0.30858842 -0.32141158]
 [-0.30271196  0.29397174 -0.33602826]
 [ 0.2807011   0.29715392 -0.33284608]]","[1850. 2239.  932. 2034. 2249.  922. 2230. 2241.  930. 2245. 2239.  932.
 2061. 2249.  922. 1865. 2241.  930.]","[1853. 2219.  947. 2050. 2223.  928. 2238. 2240.  928. 2244. 2229.  941.
 2043. 2231.  928. 1855. 2239.  931.]","[-1.7243e+01  4.5920e+00  6.9164e+01  1.4038e+00  1.1597e+00  4.2720e-01
 -3.0300e-02 -2.8420e-01  9.2090e-01]",118
208,1,"[[ 0.30238383 -0.2941451   0.3358549 ]
 [-0.27581527 -0.29684539  0.33315461]
 [-0.02758356 -0.30868168  0.32131832]
 [ 0.02758356  0.30868168 -0.32131832]
 [-0.30238383  0.2941451  -0.3358549 ]
 [ 0.27581527  0.29684539 -0.33315461]]","[1850. 2239.  932. 2030. 2249.  922. 2227. 2241.  930. 2245. 2239.  932.
 2065. 2249.  922. 1868. 2241.  930.]","[1853. 2220.  946. 2046. 2225.  928. 2235. 2240.  928. 2243. 2230.  940.
 2047. 2231.  928. 1856. 2239.  932.]","[-1.7194e+01  4.6200e+00  6.9153e+01  1.4038e+00  8.5450e-01 -6.1000e-02
 -7.1300e-02 -2.8270e-01  9.6680e-01]",118
209,1,"[[ 0.30193008 -0.29432133  0.33567867]
 [-0.27046804 -0.29653982  0.33346018]
 [-0.03492975 -0.30877107  0.32122893]
 [ 0.03492975  0.30877107 -0.32122893]
 [-0.30193008  0.29432133 -0.33567867]
 [ 0.27046804  0.29653982 -0.33346018]]","[1851. 2239.  932. 2025. 2249.  922. 2224. 2241.  930. 2244. 2239.  932.
 2070. 2249.  922. 1871. 2241.  930.]","[1853. 2220.  945. 2041. 2226.  928. 2232. 2240.  928. 2243. 2231.  940.
 2053. 2231.  928. 1859. 2239.  932.]","[-1.7155e+01  4.6200e+00  6.9137e+01  9.7660e-01  3.0520e-01 -2.4410e-01
 -5.1300e-02 -2.7590e-01  9.3360e-01]",118
210,1,"[[ 0.30135021 -0.29450034  0.33549966]
 [-0.26467176 -0.2962376   0.3337624 ]
 [-0.04224676 -0.30885656  0.32114344]
 [ 0.04224676  0.30885656 -0.32114344]
 [-0.30135021  0.29450034 -0.33549966]
 [ 0.26467176  0.2962376  -0.3337624 ]]","[1851. 2239.  931. 2020. 2249.  922. 2220. 2241.  930. 2244. 2239.  931.
 2075. 2249.  922. 1875. 2241.  930.]","[1854. 2221.  944. 2038. 2226.  928. 2229. 2240.  928. 2244. 2232.  940.
 2056. 2231.  928. 1861. 2239.  932.]","[-17.111    4.609   69.12     1.0376   0.      -0.5493  -0.0728  -0.2842
   0.9507]",118
211,1,"[[ 0.30064432 -0.29468204  0.33531796]
 [-0.25844042 -0.2959391   0.3340609 ]
 [-0.04953035 -0.30893809  0.32106191]
 [ 0.04953035  0.30893809 -0.32106191]
 [-0.30064432  0.29468204 -0.33531796]
 [ 0.25844042  0.2959391  -0.3340609 ]]","[1852. 2240.  931. 2015. 2249.  922. 2216. 2240.  931. 2243. 2240.  931.
 2080. 2249.  922. 1879. 2240.  931.]","[1854. 2222.  943. 2033. 2226.  928. 2226. 2240.  929. 2244. 2232.  939.
 2061. 2231.  928. 1863. 2239.  932.]","[-17.089    4.592   69.093    0.6104   0.      -0.6714  -0.085   -0.2896
   0.9419]",118
212,1,"[[ 0.29981266 -0.29486633  0.33513367]
 [-0.25178905 -0.2956447   0.3343553 ]
 [-0.0567763  -0.30901559  0.32098441]
 [ 0.0567763   0.30901559 -0.32098441]
 [-0.29981266  0.29486633 -0.33513367]
 [ 0.25178905  0.2956447  -0.3343553 ]]","[1852. 2240.  931. 2010. 2249.  922. 2212. 2240.  931. 2243. 2240.  931.
 2085. 2249.  922. 1883. 2240.  931.]","[1854. 2222.  943. 2029. 2226.  928. 2222. 2240.  929. 2243. 2233.  939.
 2065. 2231.  928. 1866. 2238.  932.]","[-17.073    4.598   69.066    0.4883   0.3052  -0.5493  -0.1182  -0.2959
   0.9409]",118
213,1,"[[ 0.29885559 -0.29505311  0.33494689]
 [-0.24473343 -0.29535476  0.33464524]
 [-0.06398048 -0.30908903  0.32091097]
 [ 0.06398048  0.30908903 -0.32091097]
 [-0.29885559  0.29505311 -0.33494689]
 [ 0.24473343  0.29535476 -0.33464524]]","[1853. 2240.  931. 2006. 2249.  922. 2207. 2240.  931. 2242. 2240.  931.
 2089. 2249.  922. 1888. 2240.  931.]","[1854. 2222.  941. 2023. 2226.  928. 2218. 2240.  930. 2243. 2233.  938.
 2070. 2231.  928. 1870. 2238.  932.]","[-17.062    4.614   69.055    0.3052   0.3662  -0.1221  -0.1084  -0.2993
   0.938 ]",118
214,1,"[[ 0.2977735  -0.29524228  0.33475772]
 [-0.23728991 -0.29506968  0.33493032]
 [-0.0711388  -0.30915834  0.32084166]
 [ 0.0711388   0.30915834 -0.32084166]
 [-0.2977735   0.29524228 -0.33475772]
 [ 0.23728991  0.29506968 -0.33493032]]","[1853. 2240.  931. 2001. 2249.  922. 2202. 2240.  931. 2242. 2240.  931.
 2094. 2249.  922. 1893. 2240.  931.]","[1855. 2222.  941. 2020. 2226.  928. 2215. 2240.  929. 2242. 2233.  938.
 2073. 2231.  928. 1873. 2238.  932.]","[-17.051    4.625   69.049    0.1831   0.1831   0.      -0.0928  -0.3042
   0.9429]",118
215,1,"[[ 0.29656685 -0.29543373  0.33456627]
 [-0.22947532 -0.2947898   0.3352102 ]
 [-0.07824722 -0.3092235   0.3207765 ]
 [ 0.07824722  0.3092235  -0.3207765 ]
 [-0.29656685  0.29543373 -0.33456627]
 [ 0.22947532  0.2947898  -0.3352102 ]]","[1854. 2240.  931. 1996. 2249.  922. 2197. 2240.  931. 2241. 2240.  931.
 2099. 2249.  922. 1898. 2240.  931.]","[1855. 2222.  941. 2016. 2226.  928. 2210. 2240.  929. 2242. 2233.  937.
 2076. 2231.  928. 1878. 2238.  932.]","[-1.7051e+01  4.6360e+00  6.9049e+01  1.2210e-01  6.1000e-02  0.0000e+00
 -6.6900e-02 -3.0130e-01  9.4730e-01]",118
216,1,"[[ 0.29523614 -0.29562737  0.33437263]
 [-0.22130694 -0.29451549  0.33548451]
 [-0.08530175 -0.30928444  0.32071556]
 [ 0.08530175  0.30928444 -0.32071556]
 [-0.29523614  0.29562737 -0.33437263]
 [ 0.22130694  0.29451549 -0.33548451]]","[1855. 2240.  931. 1992. 2249.  922. 2192. 2239.  931. 2240. 2240.  931.
 2103. 2249.  922. 1903. 2239.  931.]","[1856. 2223.  940. 2013. 2226.  928. 2205. 2240.  930. 2242. 2233.  937.
 2082. 2231.  928. 1883. 2238.  932.]","[-1.7051e+01  4.6360e+00  6.9044e+01  6.1000e-02  6.1000e-02 -1.2210e-01
 -6.0100e-02 -3.0220e-01  9.5800e-01]",118
217,1,"[[ 0.29378193 -0.2958231   0.3341769 ]
 [-0.21280238 -0.29424711  0.33575289]
 [-0.09229848 -0.30934113  0.32065887]
 [ 0.09229848  0.30934113 -0.32065887]
 [-0.29378193  0.2958231  -0.3341769 ]
 [ 0.21280238  0.29424711 -0.33575289]]","[1856. 2240.  931. 1987. 2249.  922. 2186. 2239.  932. 2239. 2240.  931.
 2108. 2249.  922. 1909. 2239.  932.]","[1856. 2223.  940. 2008. 2226.  928. 2201. 2240.  930. 2240. 2233.  936.
 2086. 2231.  928. 1887. 2237.  932.]","[-1.7045e+01  4.6310e+00  6.9027e+01  1.8310e-01  6.1000e-02 -5.4930e-01
 -7.7100e-02 -2.8860e-01  9.6240e-01]",118
218,1,"[[ 0.29220483 -0.2960208   0.3339792 ]
 [-0.20397956 -0.29398502  0.33601498]
 [-0.09923352 -0.30939353  0.32060647]
 [ 0.09923352  0.30939353 -0.32060647]
 [-0.29220483  0.2960208  -0.3339792 ]
 [ 0.20397956  0.29398502 -0.33601498]]","[1857. 2240.  930. 1983. 2249.  922. 2180. 2239.  932. 2238. 2240.  930.
 2112. 2249.  922. 1915. 2239.  932.]","[1857. 2224.  939. 2004. 2226.  928. 2196. 2239.  931. 2239. 2233.  936.
 2090. 2231.  928. 1892. 2237.  932.]","[-17.034    4.625   69.005    0.3052   0.1831  -0.7324  -0.0767  -0.2788
   0.9551]",118
219,1,"[[ 0.29050549 -0.29622038  0.33377962]
 [-0.19485666 -0.29372955  0.33627045]
 [-0.10610306 -0.3094416   0.3205584 ]
 [ 0.10610306  0.3094416  -0.3205584 ]
 [-0.29050549  0.29622038 -0.33377962]
 [ 0.19485666  0.29372955 -0.33627045]]","[1858. 2241.  930. 1978. 2249.  922. 2175. 2239.  932. 2237. 2241.  930.
 2117. 2249.  922. 1920. 2239.  932.]","[1858. 2224.  938. 1999. 2226.  928. 2190. 2240.  934. 2238. 2233.  936.
 2095. 2231.  928. 1899. 2237.  932.]","[-17.023    4.625   68.972    0.3052   0.3662  -0.6104  -0.1035  -0.2905
   0.9385]",118
220,1,"[[ 0.28868464 -0.29642173  0.33357827]
 [-0.18545207 -0.29348105  0.33651895]
 [-0.11290335 -0.3094853   0.3205147 ]
 [ 0.11290335  0.3094853  -0.3205147 ]
 [-0.28868464  0.29642173 -0.33357827]
 [ 0.18545207  0.29348105 -0.33651895]]","[1859. 2241.  930. 1974. 2249.  922. 2168. 2239.  932. 2236. 2241.  930.
 2121. 2249.  922. 1927. 2239.  932.]","[1859. 2223.  938. 1996. 2226.  928. 2186. 2240.  934. 2237. 2233.  936.
 2099. 2231.  928. 1903. 2237.  933.]","[-1.7012e+01  4.6310e+00  6.8950e+01  1.2210e-01  6.1000e-02  6.1000e-02
 -9.6200e-02 -2.9100e-01  9.4480e-01]",118
221,1,"[[ 0.28674302 -0.29662474  0.33337526]
 [-0.17578435 -0.28141004  0.34858996]
 [-0.1196307  -0.30952461  0.32047539]
 [ 0.1196307   0.30952461 -0.32047539]
 [-0.28674302  0.29662474 -0.33337526]
 [ 0.17578435  0.28141004 -0.34858996]]","[1861. 2241.  930. 1970. 2249.  922. 2162. 2231.  940. 2234. 2241.  930.
 2125. 2249.  922. 1933. 2231.  940.]","[1861. 2223.  937. 1991. 2226.  928. 2180. 2240.  933. 2236. 2234.  935.
 2102. 2231.  928. 1910. 2237.  932.]","[-1.7007e+01  4.6360e+00  6.8956e+01  6.1000e-02 -6.1000e-02  1.8310e-01
 -7.0300e-02 -2.8660e-01  9.5120e-01]",118
222,1,"[[ 0.28468145 -0.29682932  0.33317068]
 [-0.16587217 -0.26583838  0.36416162]
 [-0.12628147 -0.30955948  0.32044052]
 [ 0.12628147  0.30955948 -0.32044052]
 [-0.28468145  0.29682932 -0.33317068]
 [ 0.16587217  0.26583838 -0.36416162]]","[1862. 2241.  930. 1965. 2249.  922. 2156. 2221.  950. 2233. 2241.  930.
 2130. 2249.  922. 1939. 2221.  950.]","[1862. 2224.  937. 1987. 2226.  928. 2174. 2240.  935. 2235. 2233.  935.
 2107. 2231.  928. 1915. 2235.  935.]","[-1.7001e+01  4.6420e+00  6.8961e+01  0.0000e+00  6.1000e-02 -1.2210e-01
 -7.5700e-02 -2.9150e-01  9.5460e-01]",118
223,1,"[[ 0.2825008  -0.29703536  0.33296464]
 [-0.15573428 -0.25079604  0.37920396]
 [-0.1328521  -0.30958989  0.32041011]
 [ 0.1328521   0.30958989 -0.32041011]
 [-0.2825008   0.29703536 -0.33296464]
 [ 0.15573428  0.25079604 -0.37920396]]","[1863. 2241.  930. 1961. 2249.  922. 2149. 2211.  960. 2232. 2241.  930.
 2134. 2249.  922. 1946. 2211.  960.]","[1863. 2224.  936. 1983. 2226.  928. 2168. 2236.  936. 2234. 2233.  934.
 2112. 2231.  928. 1922. 2230.  939.]","[-1.6996e+01  4.6420e+00  6.8950e+01  1.2210e-01  1.2210e-01 -5.4930e-01
 -6.4500e-02 -2.9050e-01  9.6000e-01]",118
224,1,"[[ 0.28020197 -0.29724274  0.33275726]
 [-0.14538948 -0.23630347  0.39369653]
 [-0.1393391  -0.30961582  0.32038418]
 [ 0.1393391   0.30961582 -0.32038418]
 [-0.28020197  0.29724274 -0.33275726]
 [ 0.14538948  0.23630347 -0.39369653]]","[1865. 2241.  930. 1957. 2249.  922. 2142. 2202.  969. 2230. 2241.  930.
 2138. 2249.  922. 1953. 2202.  969.]","[1864. 2224.  936. 1979. 2226.  928. 2161. 2228.  944. 2232. 2233.  934.
 2117. 2231.  927. 1929. 2223.  944.]","[-16.985    4.642   68.923    0.7324   0.3052  -0.6714  -0.0767  -0.2847
   0.9409]",118
225,1,"[[ 0.27778593 -0.29745136  0.33254864]
 [-0.13485655 -0.22238048  0.40761952]
 [-0.14573902 -0.30963724  0.32036276]
 [ 0.14573902  0.30963724 -0.32036276]
 [-0.27778593  0.29745136 -0.33254864]
 [ 0.13485655  0.22238048 -0.40761952]]","[1866. 2241.  930. 1952. 2249.  922. 2135. 2192.  978. 2229. 2241.  930.
 2143. 2249.  922. 1960. 2192.  978.]","[1865. 2226.  936. 1974. 2226.  928. 2155. 2219.  953. 2230. 2233.  934.
 2121. 2231.  927. 1936. 2218.  952.]","[-16.952    4.642   68.895    0.9766   0.3662  -0.5493  -0.106   -0.2891
   0.9717]",118
226,1,"[[ 0.27525369 -0.29766112  0.33233888]
 [-0.12415426 -0.2090462   0.4209538 ]
 [-0.1520485  -0.30965412  0.32034588]
 [ 0.1520485   0.30965412 -0.32034588]
 [-0.27525369  0.29766112 -0.33233888]
 [ 0.12415426  0.2090462  -0.4209538 ]]","[1868. 2242.  929. 1948. 2249.  922. 2128. 2184.  987. 2227. 2242.  929.
 2147. 2249.  922. 1967. 2184.  987.]","[1867. 2227.  936. 1970. 2226.  928. 2148. 2210.  961. 2228. 2233.  933.
 2126. 2231.  926. 1944. 2211.  961.]","[-1.6908e+01  4.6530e+00  6.8873e+01  1.0986e+00  4.2720e-01 -1.8310e-01
 -6.7900e-02 -2.8080e-01  9.4680e-01]",118
227,1,"[[ 0.2726063  -0.29787192  0.33212808]
 [-0.11330127 -0.19631904  0.43368096]
 [-0.15826425 -0.30966646  0.32033354]
 [ 0.15826425  0.30966646 -0.32033354]
 [-0.2726063   0.29787192 -0.33212808]
 [ 0.11330127  0.19631904 -0.43368096]]","[1870. 2242.  929. 1944. 2249.  922. 2121. 2175.  995. 2225. 2242.  929.
 2151. 2249.  922. 1974. 2175.  995.]","[1868. 2228.  935. 1966. 2226.  928. 2140. 2202.  970. 2227. 2233.  932.
 2131. 2231.  927. 1952. 2202.  970.]","[-1.6859e+01  4.6690e+00  6.8862e+01  9.7660e-01  6.1040e-01 -6.1000e-02
 -8.2500e-02 -2.9200e-01  9.6880e-01]",118
228,1,"[[ 0.26984488 -0.29808363  0.33191637]
 [-0.10231615 -0.18421668  0.44578332]
 [-0.16438304 -0.30967427  0.32032573]
 [ 0.16438304  0.30967427 -0.32032573]
 [-0.26984488  0.29808363 -0.33191637]
 [ 0.10231615  0.18421668 -0.44578332]]","[1872. 2242.  929. 1940. 2249.  922. 2114. 2168. 1003. 2223. 2242.  929.
 2155. 2249.  922. 1981. 2168. 1003.]","[1870. 2229.  935. 1962. 2226.  928. 2134. 2192.  978. 2225. 2233.  931.
 2137. 2230.  927. 1961. 2194.  979.]","[-1.6815e+01  4.6970e+00  6.8851e+01  1.1597e+00  5.4930e-01  1.8310e-01
 -4.3900e-02 -2.9390e-01  9.4970e-01]",118
229,1,"[[ 0.26697059 -0.29829616  0.33170384]
 [-0.09121733 -0.17275604  0.45724396]
 [-0.17040171 -0.30967766  0.32032234]
 [ 0.17040171  0.30967766 -0.32032234]
 [-0.26697059  0.29829616 -0.33170384]
 [ 0.09121733  0.17275604 -0.45724396]]","[1873. 2242.  929. 1936. 2249.  922. 2107. 2160. 1011. 2222. 2242.  929.
 2159. 2249.  922. 1988. 2160. 1011.]","[1872. 2229.  934. 1958. 2226.  928. 2127. 2184.  987. 2223. 2232.  930.
 2141. 2230.  927. 1971. 2185.  988.]","[-16.765    4.713   68.846    1.1597   0.6104  -0.4272  -0.0835  -0.2959
   0.9531]",118
230,1,"[[ 0.26398461 -0.2985094   0.3314906 ]
 [-0.08002308 -0.1619532   0.4680468 ]
 [-0.1763172  -0.30967602  0.32032398]
 [ 0.1763172   0.30967602 -0.32032398]
 [-0.26398461  0.2985094  -0.3314906 ]
 [ 0.08002308  0.1619532  -0.4680468 ]]","[1875. 2242.  929. 1933. 2249.  922. 2100. 2153. 1018. 2220. 2242.  929.
 2162. 2249.  922. 1995. 2153. 1018.]","[1873. 2229.  933. 1954. 2226.  928. 2120. 2176.  995. 2221. 2232.  931.
 2144. 2231.  927. 1978. 2178.  995.]","[-16.727    4.724   68.824    0.5493   0.3662  -0.4272  -0.0874  -0.3022
   0.9238]",118
231,1,"[[ 0.2608882  -0.29872323  0.33127677]
 [-0.06875143 -0.15182343  0.47817657]
 [-0.18212649 -0.30966335  0.32033665]
 [ 0.18212649  0.30966335 -0.32033665]
 [-0.2608882   0.29872323 -0.33127677]
 [ 0.06875143  0.15182343 -0.47817657]]","[1877. 2242.  929. 1929. 2249.  922. 2092. 2146. 1024. 2218. 2242.  929.
 2166. 2249.  922. 2003. 2146. 1024.]","[1874. 2229.  933. 1950. 2226.  928. 2113. 2169. 1003. 2219. 2233.  930.
 2148. 2230.  927. 1984. 2171. 1003.]","[-16.716    4.73    68.802   -0.1831   0.      -0.4272  -0.1118  -0.2993
   0.9438]",118
232,1,"[[ 0.25768267 -0.29893757  0.33106243]
 [-0.05742023 -0.14238113  0.48761887]
 [-0.18782665 -0.30963487  0.32036513]
 [ 0.18782665  0.30963487 -0.32036513]
 [-0.25768267  0.29893757 -0.33106243]
 [ 0.05742023  0.14238113 -0.48761887]]","[1880. 2242.  929. 1925. 2249.  922. 2085. 2140. 1031. 2215. 2242.  929.
 2170. 2249.  922. 2010. 2140. 1031.]","[1877. 2230.  933. 1947. 2226.  928. 2106. 2161. 1011. 2217. 2232.  930.
 2152. 2231.  927. 1990. 2163. 1011.]","[-1.6727e+01  4.7300e+00  6.8791e+01 -6.1000e-02  1.8310e-01 -3.6620e-01
 -8.8400e-02 -3.0320e-01  9.4580e-01]",118
233,1,"[[ 0.25436934 -0.29915229  0.33084771]
 [-0.04604705 -0.13363983  0.49636017]
 [-0.19341483 -0.30959233  0.32040767]
 [ 0.19341483  0.30959233 -0.32040767]
 [-0.25436934  0.29915229 -0.33084771]
 [ 0.04604705  0.13363983 -0.49636017]]","[1882. 2243.  928. 1921. 2249.  922. 2078. 2135. 1036. 2213. 2243.  928.
 2174. 2249.  922. 2017. 2135. 1036.]","[1879. 2229.  933. 1944. 2226.  928. 2098. 2154. 1018. 2215. 2233.  930.
 2156. 2231.  927. 1994. 2156. 1018.]","[-1.6732e+01  4.7350e+00  6.8769e+01  6.1000e-02  3.0520e-01 -6.7140e-01
 -7.4200e-02 -3.1590e-01  9.4630e-01]",118
234,1,"[[ 0.2509496  -0.29936729  0.33063271]
 [-0.03464918 -0.12561212  0.50438788]
 [-0.19888825 -0.30953643  0.32046357]
 [ 0.19888825  0.30953643 -0.32046357]
 [-0.2509496   0.29936729 -0.33063271]
 [ 0.03464918  0.12561212 -0.50438788]]","[1884. 2243.  928. 1918. 2249.  922. 2070. 2129. 1042. 2211. 2243.  928.
 2177. 2249.  922. 2025. 2129. 1042.]","[1881. 2230.  932. 1940. 2226.  928. 2092. 2147. 1025. 2213. 2233.  929.
 2160. 2230.  927. 2001. 2149. 1024.]","[-1.6738e+01  4.7350e+00  6.8736e+01  0.0000e+00  2.4410e-01 -7.3240e-01
 -6.3000e-02 -3.0620e-01  9.4970e-01]",118
235,1,"[[ 0.24742489 -0.29958247  0.33041753]
 [-0.02324362 -0.11830968  0.51169032]
 [-0.20424422 -0.30946743  0.32053257]
 [ 0.20424422  0.30946743 -0.32053257]
 [-0.24742489  0.29958247 -0.33041753]
 [ 0.02324362  0.11830968 -0.51169032]]","[1886. 2243.  928. 1914. 2249.  922. 2063. 2125. 1046. 2209. 2243.  928.
 2181. 2249.  922. 2032. 2125. 1046.]","[1883. 2230.  932. 1937. 2226.  928. 2084. 2142. 1030. 2211. 2233.  929.
 2164. 2231.  927. 2009. 2143. 1030.]","[-16.743    4.735   68.708    0.1221   0.1221  -0.7324  -0.0801  -0.293
   0.96  ]",118
236,1,"[[ 0.24379668 -0.29979771  0.33020229]
 [-0.01184706 -0.11174322  0.51825678]
 [-0.20948011 -0.30938555  0.32061445]
 [ 0.20948011  0.30938555 -0.32061445]
 [-0.24379668  0.29979771 -0.33020229]
 [ 0.01184706  0.11174322 -0.51825678]]","[1889. 2243.  928. 1911. 2249.  922. 2055. 2120. 1051. 2206. 2243.  928.
 2184. 2249.  922. 2040. 2120. 1051.]","[1885. 2230.  932. 1934. 2226.  928. 2076. 2136. 1036. 2209. 2233.  929.
 2167. 2230.  927. 2018. 2137. 1036.]","[-16.743    4.735   68.681    0.3052   0.1221  -0.4883  -0.0747  -0.29
   0.9458]",118
237,1,"[[ 0.24098513 -0.29996175  0.33003825]
 [-0.00324466 -0.10728148  0.52271852]
 [-0.21335832 -0.3093148   0.3206852 ]
 [ 0.21335832  0.3093148  -0.3206852 ]
 [-0.24098513  0.29996175 -0.33003825]
 [ 0.00324466  0.10728148 -0.52271852]]","[1890. 2243.  928. 1908. 2249.  922. 2050. 2117. 1054. 2205. 2243.  928.
 2187. 2249.  922. 2045. 2117. 1054.]","[1889. 2229.  931. 1930. 2226.  928. 2069. 2131. 1042. 2206. 2233.  929.
 2170. 2231.  927. 2026. 2133. 1041.]","[-1.6738e+01  4.7300e+00  6.8659e+01  1.8310e-01  6.1000e-02 -4.8830e-01
 -1.0060e-01 -2.8560e-01  9.5210e-01]",118
238,1,"[[ 0.23717884 -0.30017685  0.32982315]
 [ 0.00809677 -0.10202922  0.52797078]
 [-0.21837723 -0.30921081  0.32078919]
 [ 0.21837723  0.30921081 -0.32078919]
 [-0.23717884  0.30017685 -0.32982315]
 [-0.00809677  0.10202922 -0.52797078]]","[1893. 2243.  928. 1905. 2249.  922. 2042. 2114. 1057. 2202. 2243.  928.
 2190. 2249.  922. 2053. 2114. 1057.]","[1891. 2230.  931. 1927. 2227.  928. 2062. 2127. 1046. 2204. 2233.  929.
 2173. 2231.  927. 2034. 2127. 1046.]","[-1.6738e+01  4.7300e+00  6.8643e+01  0.0000e+00  6.1000e-02 -2.4410e-01
 -8.6900e-02 -2.7150e-01  9.4730e-01]",118
239,1,"[[ 0.23327334 -0.30039172  0.32960828]
 [ 0.01938505 -0.09753738  0.53246262]
 [-0.22326925 -0.3090946   0.3209054 ]
 [ 0.22326925  0.3090946  -0.3209054 ]
 [-0.23327334  0.30039172 -0.32960828]
 [-0.01938505  0.09753738 -0.53246262]]","[1895. 2243.  928. 1902. 2249.  922. 2035. 2111. 1060. 2200. 2243.  928.
 2193. 2249.  922. 2060. 2111. 1060.]","[1893. 2230.  931. 1923. 2226.  928. 2055. 2122. 1050. 2202. 2233.  929.
 2177. 2230.  927. 2041. 2124. 1050.]","[-1.6738e+01  4.7350e+00  6.8632e+01  0.0000e+00  6.1000e-02 -3.0520e-01
 -9.2800e-02 -2.9390e-01  9.5650e-01]",118
240,1,"[[ 0.22927026 -0.30060627  0.32939373]
 [ 0.03060484 -0.09381295  0.53618705]
 [-0.22803207 -0.30896644  0.32103356]
 [ 0.22803207  0.30896644 -0.32103356]
 [-0.22927026  0.30060627 -0.32939373]
 [-0.03060484  0.09381295 -0.53618705]]","[1898. 2243.  928. 1899. 2249.  922. 2028. 2109. 1062. 2197. 2243.  928.
 2196. 2249.  922. 2067. 2109. 1062.]","[1895. 2230.  930. 1920. 2226.  928. 2048. 2118. 1053. 2200. 2233.  929.
 2179. 2230.  927. 2048. 2120. 1053.]","[-16.743    4.735   68.615   -0.1831   0.1221  -0.4272  -0.0718  -0.2988
   0.9448]",118
241,1,"[[ 0.22517127 -0.30082039  0.32917961]
 [ 0.04174122 -0.09086186  0.53913814]
 [-0.23266345 -0.30882661  0.32117339]
 [ 0.23266345  0.30882661 -0.32117339]
 [-0.22517127  0.30082039 -0.32917961]
 [-0.04174122  0.09086186 -0.53913814]]","[1901. 2244.  927. 1896. 2249.  922. 2020. 2107. 1064. 2194. 2244.  927.
 2199. 2249.  922. 2075. 2107. 1064.]","[1897. 2230.  930. 1916. 2226.  928. 2041. 2116. 1057. 2197. 2233.  928.
 2182. 2231.  927. 2053. 2117. 1057.]","[-16.754    4.735   68.593   -0.1221   0.1831  -0.6714  -0.0903  -0.311
   0.9497]",118
242,1,"[[ 0.22097809 -0.30103396  0.32896604]
 [ 0.05277969 -0.08868901  0.54131099]
 [-0.23716124 -0.30867539  0.32132461]
 [ 0.23716124  0.30867539 -0.32132461]
 [-0.22097809  0.30103396 -0.32896604]
 [-0.05277969  0.08868901 -0.54131099]]","[1903. 2244.  927. 1893. 2249.  922. 2013. 2105. 1066. 2192. 2244.  927.
 2202. 2249.  922. 2082. 2105. 1066.]","[1900. 2230.  930. 1914. 2226.  928. 2034. 2113. 1059. 2195. 2233.  928.
 2185. 2231.  927. 2060. 2114. 1059.]","[-16.76     4.741   68.571    0.       0.1831  -0.3662  -0.0762  -0.2988
   0.9497]",118
243,1,"[[ 0.21669247 -0.3012469   0.3287531 ]
 [ 0.06370614 -0.08729848  0.54270152]
 [-0.24152337 -0.30851309  0.32148691]
 [ 0.24152337  0.30851309 -0.32148691]
 [-0.21669247  0.3012469  -0.3287531 ]
 [-0.06370614  0.08729848 -0.54270152]]","[1906. 2244.  927. 1890. 2249.  922. 2006. 2104. 1067. 2189. 2244.  927.
 2205. 2249.  922. 2089. 2104. 1067.]","[1902. 2230.  929. 1910. 2226.  928. 2026. 2111. 1062. 2192. 2233.  928.
 2188. 2230.  927. 2069. 2112. 1061.]","[-16.76     4.746   68.56     0.1221   0.      -0.1221  -0.0698  -0.2993
   0.9536]",118
244,1,"[[ 0.21231621 -0.3014591   0.3285409 ]
 [ 0.0745069  -0.08669711  0.54330289]
 [-0.24574786 -0.30834002  0.32165998]
 [ 0.24574786  0.30834002 -0.32165998]
 [-0.21231621  0.3014591  -0.3285409 ]
 [-0.0745069   0.08669711 -0.54330289]]","[1909. 2244.  927. 1887. 2249.  922. 1999. 2104. 1067. 2186. 2244.  927.
 2208. 2249.  922. 2096. 2104. 1067.]","[1905. 2230.  930. 1907. 2226.  928. 2019. 2108. 1064. 2190. 2233.  928.
 2192. 2231.  927. 2076. 2110. 1064.]","[-16.76     4.741   68.549    0.1221   0.      -0.1831  -0.0737  -0.2925
   0.9507]",118
245,1,"[[ 0.20785113 -0.30167046  0.32832954]
 [ 0.08516876 -0.08689716  0.54310284]
 [-0.2498328  -0.30815651  0.32184349]
 [ 0.2498328   0.30815651 -0.32184349]
 [-0.20785113  0.30167046 -0.32832954]
 [-0.08516876  0.08689716 -0.54310284]]","[1912. 2244.  927. 1885. 2248.  923. 1992. 2104. 1067. 2183. 2244.  927.
 2210. 2248.  923. 2103. 2104. 1067.]","[1908. 2230.  929. 1904. 2226.  928. 2012. 2107. 1065. 2187. 2233.  928.
 2195. 2231.  927. 2083. 2109. 1065.]","[-16.754    4.741   68.538    0.1221   0.1221  -0.4272  -0.0923  -0.2847
   0.9517]",118
246,1,"[[ 0.2032991  -0.30188087  0.32811913]
 [ 0.09567892 -0.0874837   0.5425163 ]
 [-0.25377637 -0.30796287  0.32203713]
 [ 0.25377637  0.30796287 -0.32203713]
 [-0.2032991   0.30188087 -0.32811913]
 [-0.09567892  0.0874837  -0.5425163 ]]","[1915. 2244.  927. 1882. 2248.  923. 1985. 2105. 1066. 2180. 2244.  927.
 2213. 2248.  923. 2110. 2105. 1066.]","[1912. 2230.  929. 1902. 2226.  928. 2003. 2106. 1065. 2184. 2233.  927.
 2198. 2231.  927. 2092. 2108. 1065.]","[-1.6754e+01  4.7410e+00  6.8516e+01  6.1000e-02  1.8310e-01 -4.2720e-01
 -9.3300e-02 -2.7200e-01  9.5020e-01]",118
247,1,"[[ 0.19866203 -0.30209023  0.32790977]
 [ 0.10602505 -0.08814839  0.54185161]
 [-0.25757685 -0.30775946  0.32224054]
 [ 0.25757685  0.30775946 -0.32224054]
 [-0.19866203  0.30209023 -0.32790977]
 [-0.10602505  0.08814839 -0.54185161]]","[1918. 2244.  927. 1880. 2248.  923. 1978. 2105. 1066. 2177. 2244.  927.
 2215. 2248.  923. 2117. 2105. 1066.]","[1914. 2230.  929. 1900. 2226.  928. 1998. 2107. 1065. 2182. 2233.  928.
 2200. 2230.  927. 2097. 2108. 1066.]","[-16.754    4.746   68.5      0.       0.1221  -0.3052  -0.0703  -0.2715
   0.9585]",118
248,1,"[[ 0.19394186 -0.30229845  0.32770155]
 [ 0.11619527 -0.08902122  0.54097878]
 [-0.26123258 -0.30754662  0.32245338]
 [ 0.26123258  0.30754662 -0.32245338]
 [-0.19394186  0.30229845 -0.32770155]
 [-0.11619527  0.08902122 -0.54097878]]","[1921. 2245.  926. 1877. 2248.  923. 1972. 2106. 1065. 2174. 2245.  926.
 2218. 2248.  923. 2123. 2106. 1065.]","[1917. 2230.  929. 1897. 2226.  928. 1991. 2106. 1065. 2179. 2233.  927.
 2204. 2231.  927. 2104. 2108. 1065.]","[-1.6754e+01  4.7460e+00  6.8483e+01 -6.1000e-02  1.2210e-01 -4.8830e-01
 -6.8400e-02 -2.8270e-01  9.5560e-01]",118
249,1,"[[ 0.18914056 -0.30250543  0.32749457]
 [ 0.12617817 -0.09013791  0.53986209]
 [-0.26474201 -0.30732471  0.32267529]
 [ 0.26474201  0.30732471 -0.32267529]
 [-0.18914056  0.30250543 -0.32749457]
 [-0.12617817  0.09013791 -0.53986209]]","[1924. 2245.  926. 1875. 2248.  923. 1965. 2106. 1065. 2171. 2245.  926.
 2220. 2248.  923. 2130. 2106. 1065.]","[1920. 2230.  929. 1894. 2226.  928. 1984. 2106. 1065. 2176. 2233.  927.
 2207. 2230.  927. 2111. 2108. 1065.]","[-16.754    4.741   68.461   -0.1221   0.1221  -0.5493  -0.0806  -0.291
   0.9507]",118
250,1,"[[ 0.18426014 -0.30271106  0.32728894]
 [ 0.1359628  -0.09150854  0.53849146]
 [-0.26810365 -0.30709409  0.32290591]
 [ 0.26810365  0.30709409 -0.32290591]
 [-0.18426014  0.30271106 -0.32728894]
 [-0.1359628   0.09150854 -0.53849146]]","[1927. 2245.  926. 1873. 2248.  923. 1959. 2107. 1064. 2168. 2245.  926.
 2222. 2248.  923. 2136. 2107. 1064.]","[1923. 2230.  928. 1891. 2226.  928. 1975. 2107. 1065. 2172. 2232.  927.
 2209. 2230.  927. 2120. 2108. 1065.]","[-1.6754e+01  4.7410e+00  6.8439e+01  0.0000e+00  6.1000e-02 -4.2720e-01
 -8.5900e-02 -3.0270e-01  9.4920e-01]",118
251,1,"[[ 0.17930264 -0.30291526  0.32708474]
 [ 0.14553865 -0.09313831  0.53686169]
 [-0.27131611 -0.30685512  0.32314488]
 [ 0.27131611  0.30685512 -0.32314488]
 [-0.17930264  0.30291526 -0.32708474]
 [-0.14553865  0.09313831 -0.53686169]]","[1931. 2245.  926. 1871. 2248.  923. 1953. 2108. 1063. 2164. 2245.  926.
 2224. 2248.  923. 2142. 2108. 1063.]","[1926. 2230.  928. 1890. 2226.  928. 1970. 2107. 1065. 2170. 2232.  927.
 2211. 2231.  927. 2125. 2108. 1065.]","[-1.6754e+01  4.7410e+00  6.8428e+01  0.0000e+00  6.1000e-02 -3.6620e-01
 -8.6900e-02 -3.0320e-01  9.4780e-01]",118
252,1,"[[ 0.17427013 -0.30311792  0.32688208]
 [ 0.15489571 -0.09503146  0.53496854]
 [-0.27437809 -0.30660818  0.32339182]
 [ 0.27437809  0.30660818 -0.32339182]
 [-0.17427013  0.30311792 -0.32688208]
 [-0.15489571  0.09503146 -0.53496854]]","[1934. 2245.  926. 1869. 2247.  924. 1947. 2109. 1062. 2161. 2245.  926.
 2226. 2247.  924. 2148. 2109. 1062.]","[1929. 2230.  928. 1887. 2226.  928. 1965. 2107. 1064. 2167. 2233.  926.
 2213. 2230.  927. 2131. 2108. 1064.]","[-1.6760e+01  4.7410e+00  6.8412e+01  0.0000e+00  6.1000e-02 -3.0520e-01
 -9.1800e-02 -3.0660e-01  9.4430e-01]",118
253,1,"[[ 0.16916473 -0.30331895  0.32668105]
 [ 0.16402443 -0.09719192  0.53280808]
 [-0.27728838 -0.30635364  0.32364636]
 [ 0.27728838  0.30635364 -0.32364636]
 [-0.16916473  0.30331895 -0.32668105]
 [-0.16402443  0.09719192 -0.53280808]]","[1937. 2245.  926. 1867. 2247.  924. 1941. 2111. 1060. 2158. 2245.  926.
 2228. 2247.  924. 2154. 2111. 1060.]","[1932. 2230.  928. 1885. 2226.  929. 1958. 2108. 1063. 2164. 2232.  926.
 2216. 2231.  927. 2137. 2109. 1063.]","[-16.76     4.741   68.401    0.       0.1221  -0.3052  -0.0781  -0.2988
   0.9482]",118
254,1,"[[ 0.16398856 -0.30351826  0.32648174]
 [ 0.1729157  -0.09962339  0.53037661]
 [-0.28004582 -0.3060919   0.3239081 ]
 [ 0.28004582  0.3060919  -0.3239081 ]
 [-0.16398856  0.30351826 -0.32648174]
 [-0.1729157   0.09962339 -0.53037661]]","[1941. 2245.  926. 1865. 2247.  924. 1935. 2112. 1059. 2154. 2245.  926.
 2230. 2247.  924. 2160. 2112. 1059.]","[1936. 2230.  928. 1883. 2226.  929. 1952. 2109. 1062. 2161. 2233.  926.
 2218. 2230.  927. 2143. 2110. 1061.]","[-1.6765e+01  4.7460e+00  6.8379e+01  6.1000e-02  1.2210e-01 -4.2720e-01
 -7.6200e-02 -2.9350e-01  9.5260e-01]",118
255,1,"[[ 0.15874379 -0.30371575  0.32628425]
 [ 0.18156092 -0.10232936  0.52767064]
 [-0.28264938 -0.30582332  0.32417668]
 [ 0.28264938  0.30582332 -0.32417668]
 [-0.15874379  0.30371575 -0.32628425]
 [-0.18156092  0.10232936 -0.52767064]]","[1944. 2245.  925. 1863. 2247.  924. 1929. 2114. 1057. 2151. 2245.  925.
 2232. 2247.  924. 2166. 2114. 1057.]","[1939. 2230.  928. 1881. 2226.  929. 1945. 2111. 1060. 2156. 2232.  926.
 2220. 2230.  927. 2150. 2111. 1060.]","[-1.6765e+01  4.7460e+00  6.8362e+01  6.1000e-02  1.2210e-01 -4.2720e-01
 -7.7600e-02 -2.8710e-01  9.5210e-01]",118
256,1,"[[ 0.15343262 -0.30391134  0.32608866]
 [ 0.18995191 -0.10531311  0.52468689]
 [-0.2850981  -0.30554831  0.32445169]
 [ 0.2850981   0.30554831 -0.32445169]
 [-0.15343262  0.30391134 -0.32608866]
 [-0.18995191  0.10531311 -0.52468689]]","[1947. 2246.  925. 1862. 2247.  924. 1924. 2116. 1055. 2148. 2246.  925.
 2233. 2247.  924. 2171. 2116. 1055.]","[1943. 2229.  927. 1879. 2226.  929. 1939. 2113. 1059. 2154. 2232.  926.
 2223. 2230.  927. 2157. 2113. 1058.]","[-1.6765e+01  4.7460e+00  6.8351e+01  6.1000e-02  6.1000e-02 -3.0520e-01
 -8.3500e-02 -2.8610e-01  9.5560e-01]",118
257,1,"[[ 0.14805727 -0.30410492  0.32589508]
 [ 0.19808099 -0.10857769  0.52142231]
 [-0.28739109 -0.30526726  0.32473274]
 [ 0.28739109  0.30526726 -0.32473274]
 [-0.14805727  0.30410492 -0.32589508]
 [-0.19808099  0.10857769 -0.52142231]]","[1951. 2246.  925. 1860. 2247.  924. 1918. 2118. 1053. 2144. 2246.  925.
 2235. 2247.  924. 2177. 2118. 1053.]","[1945. 2230.  927. 1877. 2226.  929. 1935. 2115. 1057. 2151. 2233.  926.
 2225. 2230.  927. 2161. 2114. 1057.]","[-1.6765e+01  4.7410e+00  6.8335e+01  0.0000e+00  6.1000e-02 -3.0520e-01
 -7.6200e-02 -2.8420e-01  9.4970e-01]",118
258,1,"[[ 0.14261998 -0.30429642  0.32570358]
 [ 0.2059409  -0.11212593  0.51787407]
 [-0.28952757 -0.30498055  0.32501945]
 [ 0.28952757  0.30498055 -0.32501945]
 [-0.14261998  0.30429642 -0.32570358]
 [-0.2059409   0.11212593 -0.51787407]]","[1955. 2246.  925. 1859. 2246.  925. 1913. 2121. 1050. 2140. 2246.  925.
 2236. 2246.  925. 2182. 2121. 1050.]","[1949. 2230.  927. 1875. 2226.  929. 1928. 2116. 1056. 2148. 2232.  925.
 2226. 2230.  927. 2167. 2116. 1055.]","[-1.6765e+01  4.7410e+00  6.8318e+01  0.0000e+00  6.1000e-02 -4.2720e-01
 -8.5900e-02 -2.8760e-01  9.5360e-01]",118
259,1,"[[ 0.13712303 -0.30448574  0.32551426]
 [ 0.21352488 -0.11596041  0.51403959]
 [-0.29150683 -0.30468858  0.32531142]
 [ 0.29150683  0.30468858 -0.32531142]
 [-0.13712303  0.30448574 -0.32551426]
 [-0.21352488  0.11596041 -0.51403959]]","[1958. 2246.  925. 1857. 2246.  925. 1908. 2123. 1048. 2137. 2246.  925.
 2238. 2246.  925. 2187. 2123. 1048.]","[1953. 2230.  927. 1873. 2226.  929. 1922. 2119. 1053. 2143. 2233.  925.
 2229. 2230.  928. 2173. 2119. 1053.]","[-1.6765e+01  4.7410e+00  6.8302e+01 -6.1000e-02  6.1000e-02 -3.6620e-01
 -8.6400e-02 -2.8610e-01  9.5120e-01]",118
260,1,"[[ 0.13156872 -0.3046728   0.3253272 ]
 [ 0.22082657 -0.12008349  0.50991651]
 [-0.29332824 -0.30439175  0.32560825]
 [ 0.29332824  0.30439175 -0.32560825]
 [-0.13156872  0.3046728  -0.3253272 ]
 [-0.22082657  0.12008349 -0.50991651]]","[1962. 2246.  925. 1856. 2246.  925. 1904. 2126. 1045. 2133. 2246.  925.
 2239. 2246.  925. 2191. 2126. 1045.]","[1956. 2230.  927. 1872. 2226.  930. 1916. 2121. 1051. 2141. 2233.  926.
 2230. 2230.  928. 2179. 2121. 1050.]","[-1.6771e+01  4.7410e+00  6.8291e+01 -1.2210e-01  6.1000e-02 -3.0520e-01
 -8.0100e-02 -2.9100e-01  9.5070e-01]",118
261,1,"[[ 0.12595938 -0.30485751  0.32514249]
 [ 0.22784011 -0.12449726  0.50550274]
 [-0.29499128 -0.30409045  0.32590955]
 [ 0.29499128  0.30409045 -0.32590955]
 [-0.12595938  0.30485751 -0.32514249]
 [-0.22784011  0.12449726 -0.50550274]]","[1965. 2246.  925. 1855. 2246.  925. 1899. 2129. 1042. 2130. 2246.  925.
 2240. 2246.  925. 2196. 2129. 1042.]","[1961. 2230.  927. 1869. 2226.  930. 1911. 2124. 1047. 2136. 2232.  926.
 2233. 2230.  928. 2185. 2124. 1048.]","[-1.6771e+01  4.7410e+00  6.8275e+01 -1.2210e-01  6.1000e-02 -3.6620e-01
 -7.9600e-02 -2.9250e-01  9.5170e-01]",118
262,1,"[[ 0.12029734 -0.30503978  0.32496022]
 [ 0.23456005 -0.12920358  0.50079642]
 [-0.29649548 -0.30378508  0.32621492]
 [ 0.29649548  0.30378508 -0.32621492]
 [-0.12029734  0.30503978 -0.32496022]
 [-0.23456005  0.12920358 -0.50079642]]","[1969. 2246.  925. 1854. 2246.  925. 1895. 2132. 1039. 2126. 2246.  925.
 2241. 2246.  925. 2200. 2132. 1039.]","[1963. 2230.  928. 1869. 2226.  930. 1908. 2126. 1046. 2134. 2232.  926.
 2234. 2230.  928. 2188. 2126. 1045.]","[-1.6776e+01  4.7350e+00  6.8264e+01 -6.1000e-02  0.0000e+00 -2.4410e-01
 -9.1800e-02 -2.9200e-01  9.5210e-01]",118
263,1,"[[ 0.11458498 -0.30521954  0.32478046]
 [ 0.24098138 -0.13420404  0.49579596]
 [-0.29784049 -0.30347604  0.32652396]
 [ 0.29784049  0.30347604 -0.32652396]
 [-0.11458498  0.30521954 -0.32478046]
 [-0.24098138  0.13420404 -0.49579596]]","[1973. 2246.  924. 1853. 2245.  926. 1890. 2135. 1036. 2122. 2246.  924.
 2242. 2245.  926. 2205. 2135. 1036.]","[1966. 2229.  927. 1867. 2226.  930. 1903. 2129. 1043. 2131. 2233.  925.
 2235. 2230.  929. 2192. 2129. 1043.]","[-1.6782e+01  4.7410e+00  6.8258e+01 -6.1000e-02  0.0000e+00 -6.1000e-02
 -7.9100e-02 -2.9350e-01  9.4340e-01]",118
264,1,"[[ 0.10882469 -0.3053967   0.3246033 ]
 [ 0.24709954 -0.13949999  0.49050001]
 [-0.29902602 -0.30316371  0.32683629]
 [ 0.29902602  0.30316371 -0.32683629]
 [-0.10882469  0.3053967  -0.3246033 ]
 [-0.24709954  0.13949999 -0.49050001]]","[1977. 2247.  924. 1853. 2245.  926. 1886. 2138. 1033. 2118. 2247.  924.
 2242. 2245.  926. 2209. 2138. 1033.]","[1970. 2230.  927. 1866. 2226.  930. 1898. 2131. 1040. 2127. 2233.  926.
 2237. 2230.  929. 2197. 2132. 1040.]","[-16.787    4.735   68.247   -0.1221   0.      -0.2441  -0.0698  -0.2988
   0.9536]",118
265,1,"[[ 0.10301888 -0.30557118  0.32442882]
 [ 0.25291037 -0.14509249  0.48490751]
 [-0.30005186 -0.3028485   0.3271515 ]
 [ 0.30005186  0.3028485  -0.3271515 ]
 [-0.10301888  0.30557118 -0.32442882]
 [-0.25291037  0.14509249 -0.48490751]]","[1980. 2247.  924. 1852. 2245.  926. 1883. 2142. 1029. 2115. 2247.  924.
 2243. 2245.  926. 2212. 2142. 1029.]","[1973. 2230.  927. 1865. 2226.  930. 1894. 2135. 1037. 2124. 2233.  925.
 2238. 2230.  930. 2201. 2134. 1037.]","[-16.793    4.735   68.236   -0.1221   0.      -0.3052  -0.0742  -0.2974
   0.9551]",118
266,1,"[[ 0.09716997 -0.30574291  0.32425709]
 [ 0.25841015 -0.15098235  0.47901765]
 [-0.30091791 -0.30253079  0.32746921]
 [ 0.30091791  0.30253079 -0.32746921]
 [-0.09716997  0.30574291 -0.32425709]
 [-0.25841015  0.15098235 -0.47901765]]","[1984. 2247.  924. 1851. 2245.  926. 1879. 2146. 1025. 2111. 2247.  924.
 2244. 2245.  926. 2216. 2146. 1025.]","[1977. 2230.  926. 1864. 2226.  931. 1890. 2137. 1033. 2120. 2233.  925.
 2240. 2230.  930. 2205. 2138. 1034.]","[-1.6798e+01  4.7300e+00  6.8225e+01 -6.1000e-02  0.0000e+00 -3.6620e-01
 -8.1100e-02 -2.9640e-01  9.4680e-01]",118
267,1,"[[ 0.09128041 -0.3059118   0.3240882 ]
 [ 0.26359556 -0.1571701   0.4728299 ]
 [-0.30162415 -0.30221096  0.32778904]
 [ 0.30162415  0.30221096 -0.32778904]
 [-0.09128041  0.3059118  -0.3240882 ]
 [-0.26359556  0.1571701  -0.4728299 ]]","[1988. 2247.  924. 1851. 2245.  926. 1876. 2150. 1021. 2107. 2247.  924.
 2244. 2245.  926. 2219. 2150. 1021.]","[1980. 2230.  926. 1862. 2226.  931. 1886. 2142. 1030. 2117. 2232.  925.
 2240. 2230.  931. 2210. 2141. 1030.]","[-16.798    4.73    68.214    0.       0.      -0.2441  -0.0947  -0.2949
   0.9473]",118
268,1,"[[ 0.08535267 -0.30607779  0.32392221]
 [ 0.26846371 -0.16365602  0.46634398]
 [-0.30217072 -0.30188942  0.32811058]
 [ 0.30217072  0.30188942 -0.32811058]
 [-0.08535267  0.30607779 -0.32392221]
 [-0.26846371  0.16365602 -0.46634398]]","[1992. 2247.  924. 1851. 2244.  927. 1872. 2154. 1017. 2103. 2247.  924.
 2244. 2244.  927. 2223. 2154. 1017.]","[1983. 2230.  927. 1862. 2226.  931. 1882. 2145. 1026. 2115. 2233.  925.
 2241. 2230.  931. 2213. 2145. 1027.]","[-1.6809e+01  4.7300e+00  6.8214e+01 -1.2210e-01 -6.1000e-02  0.0000e+00
 -9.5700e-02 -2.9350e-01  9.4580e-01]",118
269,1,"[[ 0.07938923 -0.30624079  0.32375921]
 [ 0.27301208 -0.17044009  0.45955991]
 [-0.30255843 -0.30156653  0.32843347]
 [ 0.30255843  0.30156653 -0.32843347]
 [-0.07938923  0.30624079 -0.32375921]
 [-0.27301208  0.17044009 -0.45955991]]","[1996. 2247.  924. 1850. 2244.  927. 1870. 2159. 1012. 2099. 2247.  924.
 2245. 2244.  927. 2225. 2159. 1012.]","[1988. 2230.  926. 1861. 2226.  931. 1877. 2150. 1022. 2110. 2232.  925.
 2242. 2230.  931. 2218. 2150. 1022.]","[-1.6815e+01  4.7300e+00  6.8220e+01 -1.8310e-01 -6.1000e-02  6.1000e-02
 -7.6200e-02 -2.9150e-01  9.5020e-01]",118
270,1,"[[ 0.07339258 -0.30640073  0.32359927]
 [ 0.27723856 -0.17752202  0.45247798]
 [-0.30278988 -0.30124268  0.32875732]
 [ 0.30278988  0.30124268 -0.32875732]
 [-0.07339258  0.30640073 -0.32359927]
 [-0.27723856  0.17752202 -0.45247798]]","[2000. 2247.  924. 1850. 2244.  927. 1867. 2163. 1008. 2095. 2247.  924.
 2245. 2244.  927. 2228. 2163. 1008.]","[1991. 2230.  926. 1860. 2226.  932. 1875. 2153. 1019. 2108. 2233.  925.
 2243. 2230.  931. 2220. 2152. 1019.]","[-1.6826e+01  4.7240e+00  6.8214e+01 -1.8310e-01  0.0000e+00 -1.8310e-01
 -6.5400e-02 -2.9590e-01  9.5650e-01]",118
271,1,"[[ 0.06736522 -0.30655754  0.32344246]
 [ 0.28114142 -0.18490124  0.44509876]
 [-0.30284432 -0.30091819  0.32908181]
 [ 0.30284432  0.30091819 -0.32908181]
 [-0.06736522  0.30655754 -0.32344246]
 [-0.28114142  0.18490124 -0.44509876]]","[2004. 2247.  924. 1850. 2244.  927. 1864. 2168. 1003. 2091. 2247.  924.
 2245. 2244.  927. 2231. 2168. 1003.]","[1994. 2231.  926. 1860. 2226.  932. 1872. 2157. 1015. 2104. 2233.  925.
 2244. 2230.  931. 2223. 2157. 1014.]","[-1.6831e+01  4.7240e+00  6.8192e+01 -1.2210e-01  6.1000e-02 -5.4930e-01
 -7.7100e-02 -2.9350e-01  9.5410e-01]",118
272,1,"[[ 0.06130969 -0.30671116  0.32328884]
 [ 0.28471931 -0.1925769   0.4374231 ]
 [-0.30254824 -0.30059307  0.32940693]
 [ 0.30254824  0.30059307 -0.32940693]
 [-0.06130969  0.30671116 -0.32328884]
 [-0.28471931  0.1925769  -0.4374231 ]]","[2008. 2247.  924. 1850. 2243.  928. 1862. 2173.  998. 2087. 2247.  924.
 2245. 2243.  928. 2233. 2173.  998.]","[1998. 2233.  927. 1859. 2226.  933. 1869. 2162. 1010. 2100. 2233.  925.
 2245. 2230.  932. 2226. 2162. 1010.]","[-1.6837e+01  4.7240e+00  6.8170e+01 -6.1000e-02  1.2210e-01 -4.8830e-01
 -1.0110e-01 -2.9100e-01  9.4730e-01]",118
273,1,"[[ 0.05522851 -0.30686152  0.32313848]
 [ 0.28797125 -0.20054788  0.42945212]
 [-0.30180395 -0.30026705  0.32973295]
 [ 0.30180395  0.30026705 -0.32973295]
 [-0.05522851  0.30686152 -0.32313848]
 [-0.28797125  0.20054788 -0.42945212]]","[2011. 2248.  923. 1851. 2243.  928. 1860. 2178.  993. 2084. 2248.  923.
 2244. 2243.  928. 2235. 2178.  993.]","[2000. 2233.  926. 1858. 2226.  933. 1865. 2168. 1004. 2094. 2232.  925.
 2248. 2230.  932. 2230. 2168. 1004.]","[-16.848    4.724   68.17    -0.1831   0.       0.      -0.0874  -0.2896
   0.9434]",118
274,1,"[[ 0.04912422 -0.30700854  0.32299146]
 [ 0.29089663 -0.20881277  0.42118723]
 [-0.30061712 -0.29994037  0.33005963]
 [ 0.30061712  0.29994037 -0.33005963]
 [-0.04912422  0.30700854 -0.32299146]
 [-0.29089663  0.20881277 -0.42118723]]","[2015. 2248.  923. 1852. 2243.  928. 1858. 2184.  987. 2080. 2248.  923.
 2243. 2243.  928. 2237. 2184.  987.]","[2002. 2233.  926. 1858. 2226.  934. 1864. 2171. 1001. 2092. 2233.  925.
 2248. 2230.  933. 2231. 2171. 1001.]","[-1.6848e+01  4.7350e+00  6.8176e+01 -6.1000e-02  1.2210e-01  1.8310e-01
 -7.8600e-02 -3.0270e-01  9.7360e-01]",118
275,1,"[[ 0.04299939 -0.30715217  0.32284783]
 [ 0.29349517 -0.21736986  0.41263014]
 [-0.2989938  -0.29961339  0.33038661]
 [ 0.2989938   0.29961339 -0.33038661]
 [-0.04299939  0.30715217 -0.32284783]
 [-0.29349517  0.21736986 -0.41263014]]","[2019. 2248.  923. 1853. 2243.  928. 1856. 2189.  982. 2076. 2248.  923.
 2242. 2243.  928. 2239. 2189.  982.]","[2006. 2234.  926. 1858. 2226.  934. 1862. 2176.  996. 2089. 2232.  924.
 2247. 2230.  933. 2233. 2176.  995.]","[-1.6848e+01  4.7460e+00  6.8176e+01  6.1000e-02  3.0520e-01  1.2210e-01
 -7.6700e-02 -2.9880e-01  9.4090e-01]",118
276,1,"[[ 0.03685657 -0.30729234  0.32270766]
 [ 0.29576697 -0.22621719  0.40378281]
 [-0.29694081 -0.29928652  0.33071348]
 [ 0.29694081  0.29928652 -0.33071348]
 [-0.03685657  0.30729234 -0.32270766]
 [-0.29576697  0.22621719 -0.40378281]]","[2023. 2248.  923. 1854. 2243.  928. 1855. 2195.  976. 2072. 2248.  923.
 2241. 2243.  928. 2240. 2195.  976.]","[2010. 2234.  926. 1858. 2227.  934. 1859. 2182.  990. 2085. 2232.  925.
 2247. 2230.  933. 2235. 2181.  991.]","[-1.6842e+01  4.7570e+00  6.8170e+01  1.2210e-01  2.4410e-01 -6.1000e-02
 -8.5400e-02 -2.9930e-01  9.4340e-01]",118
277,1,"[[ 0.03069833 -0.307429    0.322571  ]
 [ 0.29771244 -0.23535249  0.39464751]
 [-0.29446579 -0.29896013  0.33103987]
 [ 0.29446579  0.29896013 -0.33103987]
 [-0.03069833  0.307429   -0.322571  ]
 [-0.29771244  0.23535249 -0.39464751]]","[2027. 2248.  923. 1856. 2242.  929. 1853. 2201.  970. 2068. 2248.  923.
 2239. 2242.  929. 2242. 2201.  970.]","[2014. 2233.  926. 1858. 2226.  934. 1858. 2187.  985. 2083. 2233.  924.
 2246. 2230.  933. 2238. 2186.  986.]","[-1.6848e+01  4.7630e+00  6.8170e+01 -1.2210e-01  6.1000e-02  0.0000e+00
 -7.4700e-02 -2.9590e-01  9.4580e-01]",118
278,1,"[[ 0.02452725 -0.30756207  0.32243793]
 [ 0.29933234 -0.24477323  0.38522677]
 [-0.29157699 -0.29863462  0.33136538]
 [ 0.29157699  0.29863462 -0.33136538]
 [-0.02452725  0.30756207 -0.32243793]
 [-0.29933234  0.24477323 -0.38522677]]","[2032. 2248.  923. 1857. 2242.  929. 1852. 2207.  964. 2063. 2248.  923.
 2238. 2242.  929. 2243. 2207.  964.]","[2018. 2234.  926. 1858. 2226.  934. 1856. 2192.  979. 2078. 2233.  924.
 2245. 2230.  934. 2240. 2192.  980.]","[-1.6864e+01  4.7630e+00  6.8165e+01 -3.0520e-01  0.0000e+00 -6.1000e-02
 -6.5400e-02 -2.9640e-01  9.5070e-01]",118
279,1,"[[ 0.01834591 -0.30769152  0.32230848]
 [ 0.30062773 -0.25447659  0.37552341]
 [-0.28828323 -0.29831038  0.33168962]
 [ 0.28828323  0.29831038 -0.33168962]
 [-0.01834591  0.30769152 -0.32230848]
 [-0.30062773  0.25447659 -0.37552341]]","[2036. 2248.  923. 1860. 2242.  929. 1852. 2213.  958. 2059. 2248.  923.
 2235. 2242.  929. 2243. 2213.  958.]","[2022. 2234.  926. 1858. 2226.  934. 1854. 2200.  972. 2073. 2233.  924.
 2245. 2230.  934. 2241. 2199.  974.]","[-1.6870e+01  4.7570e+00  6.8159e+01 -6.1000e-02  0.0000e+00 -1.8310e-01
 -8.6400e-02 -3.0470e-01  9.5460e-01]",118
280,1,"[[ 0.0121569  -0.30781727  0.32218273]
 [ 0.3016     -0.26445946  0.36554054]
 [-0.28459376 -0.2979878   0.3320122 ]
 [ 0.28459376  0.2979878  -0.3320122 ]
 [-0.0121569   0.30781727 -0.32218273]
 [-0.3016      0.26445946 -0.36554054]]","[2040. 2248.  923. 1862. 2242.  929. 1851. 2220.  951. 2055. 2248.  923.
 2233. 2242.  929. 2244. 2220.  951.]","[2027. 2234.  926. 1859. 2226.  934. 1853. 2206.  966. 2070. 2232.  924.
 2244. 2229.  934. 2242. 2202.  969.]","[-1.6875e+01  4.7570e+00  6.8154e+01  0.0000e+00  0.0000e+00 -6.1000e-02
 -9.0800e-02 -3.0030e-01  9.3700e-01]",118
281,1,"[[ 0.0059628  -0.30793928  0.32206072]
 [ 0.3022505  -0.27471847  0.35528153]
 [-0.28051828 -0.29766727  0.33233273]
 [ 0.28051828  0.29766727 -0.33233273]
 [-0.0059628   0.30793928 -0.32206072]
 [-0.3022505   0.27471847 -0.35528153]]","[2044. 2248.  923. 1865. 2242.  929. 1850. 2227.  944. 2051. 2248.  923.
 2230. 2242.  929. 2245. 2227.  944.]","[2029. 2234.  926. 1860. 2226.  934. 1852. 2210.  962. 2067. 2233.  924.
 2242. 2230.  934. 2243. 2206.  965.]","[-16.891    4.757   68.154   -0.3662  -0.1221   0.      -0.0869  -0.2964
   0.9497]",118
282,1,"[[-2.33792664e-04 -3.08057490e-01  3.21942510e-01]
 [ 3.02578818e-01 -2.85249848e-01  3.44750152e-01]
 [-2.76066854e-01 -2.97349185e-01  3.32650815e-01]
 [ 2.76066854e-01  2.97349185e-01 -3.32650815e-01]
 [ 2.33792664e-04  3.08057490e-01 -3.21942510e-01]
 [-3.02578818e-01  2.85249848e-01 -3.44750152e-01]]","[2048. 2248.  923. 1868. 2241.  930. 1850. 2233.  938. 2047. 2248.  923.
 2227. 2241.  930. 2245. 2233.  938.]","[2033. 2233.  926. 1863. 2226.  934. 1852. 2219.  954. 2062. 2232.  924.
 2241. 2230.  934. 2244. 2215.  956.]","[-16.908    4.752   68.159   -0.3662  -0.1221   0.      -0.0684  -0.2827
   0.9614]",118
283,1,"[[-0.00643029 -0.30817186  0.32182814]
 [ 0.30261859 -0.2934594   0.3365406 ]
 [-0.27124994 -0.29703392  0.33296608]
 [ 0.27124994  0.29703392 -0.33296608]
 [ 0.00643029  0.30817186 -0.32182814]
 [-0.30261859  0.2934594  -0.3365406 ]]","[2052. 2248.  923. 1871. 2241.  930. 1850. 2239.  932. 2043. 2248.  923.
 2224. 2241.  930. 2245. 2239.  932.]","[2036. 2234.  926. 1862. 2226.  935. 1851. 2223.  948. 2060. 2232.  924.
 2240. 2230.  935. 2244. 2219.  952.]","[-16.924    4.746   68.148   -0.6714   0.      -0.4272  -0.0923  -0.29
   0.9517]",118
284,1,"[[-0.01262409 -0.30828233  0.32171767]
 [ 0.30251839 -0.29362491  0.33637509]
 [-0.26607831 -0.29672187  0.33327813]
 [ 0.26607831  0.29672187 -0.33327813]
 [ 0.01262409  0.30828233 -0.32171767]
 [-0.30251839  0.29362491 -0.33637509]]","[2056. 2248.  923. 1874. 2241.  930. 1850. 2239.  932. 2039. 2248.  923.
 2221. 2241.  930. 2245. 2239.  932.]","[2039. 2234.  926. 1864. 2226.  936. 1851. 2229.  943. 2056. 2233.  924.
 2238. 2230.  935. 2244. 2224.  946.]","[-16.946    4.741   68.132   -0.1831   0.1831  -0.3662  -0.0952  -0.2969
   0.9346]",118
285,1,"[[-0.01881262 -0.30838887  0.32161113]
 [ 0.30234272 -0.29379344  0.33620656]
 [-0.26056305 -0.29641341  0.33358659]
 [ 0.26056305  0.29641341 -0.33358659]
 [ 0.01881262  0.30838887 -0.32161113]
 [-0.30234272  0.29379344 -0.33620656]]","[2060. 2249.  922. 1878. 2241.  930. 1850. 2239.  932. 2035. 2249.  922.
 2217. 2241.  930. 2245. 2239.  932.]","[2042. 2234.  926. 1866. 2226.  937. 1850. 2231.  941. 2053. 2234.  924.
 2235. 2230.  935. 2244. 2227.  943.]","[-16.957    4.746   68.121   -0.8545  -0.1831   0.1221  -0.0972  -0.3062
   0.9663]",118
286,1,"[[-0.02499328 -0.30849142  0.32150858]
 [ 0.30209107 -0.29396484  0.33603516]
 [-0.2547155  -0.29610893  0.33389107]
 [ 0.2547155   0.29610893 -0.33389107]
 [ 0.02499328  0.30849142 -0.32150858]
 [-0.30209107  0.29396484 -0.33603516]]","[2064. 2249.  922. 1881. 2241.  930. 1851. 2239.  932. 2031. 2249.  922.
 2214. 2241.  930. 2244. 2239.  932.]","[2045. 2234.  926. 1868. 2226.  937. 1851. 2233.  938. 2049. 2235.  924.
 2232. 2230.  935. 2244. 2229.  941.]","[-1.6996e+01  4.7460e+00  6.8137e+01 -9.7660e-01 -2.4410e-01  7.9350e-01
 -5.8600e-02 -2.8120e-01  9.5460e-01]",118
287,1,"[[-0.03116348 -0.30858994  0.32141006]
 [ 0.30175964 -0.29413901  0.33586099]
 [-0.2485473  -0.29580878  0.33419122]
 [ 0.2485473   0.29580878 -0.33419122]
 [ 0.03116348  0.30858994 -0.32141006]
 [-0.30175964  0.29413901 -0.33586099]]","[2068. 2249.  922. 1885. 2240.  931. 1851. 2239.  932. 2027. 2249.  922.
 2210. 2240.  931. 2244. 2239.  932.]","[2049. 2234.  926. 1872. 2226.  937. 1850. 2235.  935. 2044. 2236.  924.
 2228. 2230.  935. 2243. 2230.  939.]","[-1.7029e+01  4.7410e+00  6.8170e+01 -6.1040e-01 -6.1040e-01  4.8830e-01
 -4.6400e-02 -2.8320e-01  9.5750e-01]",118
288,1,"[[-0.03732064 -0.30868439  0.32131561]
 [ 0.30134648 -0.29431587  0.33568413]
 [-0.24207027 -0.29551335  0.33448665]
 [ 0.24207027  0.29551335 -0.33448665]
 [ 0.03732064  0.30868439 -0.32131561]
 [-0.30134648  0.29431587 -0.33568413]]","[2072. 2249.  922. 1890. 2240.  931. 1851. 2239.  932. 2023. 2249.  922.
 2205. 2240.  931. 2244. 2239.  932.]","[2051. 2233.  927. 1874. 2226.  937. 1851. 2236.  934. 2042. 2236.  923.
 2226. 2230.  935. 2243. 2231.  939.]","[-1.7045e+01  4.7240e+00  6.8192e+01 -5.4930e-01 -2.4410e-01  1.2210e-01
 -6.0500e-02 -2.7880e-01  9.4970e-01]",118
289,1,"[[-0.04346219 -0.30877475  0.32122525]
 [ 0.30085066 -0.29449528  0.33550472]
 [-0.23529646 -0.295223    0.334777  ]
 [ 0.23529646  0.295223   -0.334777  ]
 [ 0.04346219  0.30877475 -0.32122525]
 [-0.30085066  0.29449528 -0.33550472]]","[2076. 2249.  922. 1894. 2240.  931. 1851. 2239.  931. 2019. 2249.  922.
 2201. 2240.  931. 2244. 2239.  931.]","[2055. 2233.  926. 1876. 2227.  936. 1850. 2236.  933. 2038. 2236.  923.
 2221. 2230.  935. 2243. 2231.  939.]","[-17.062    4.708   68.198   -0.4883  -0.1831  -0.1831  -0.0894  -0.292
   0.9565]",118
290,1,"[[-0.04958556 -0.30886095  0.32113905]
 [ 0.30027165 -0.29467716  0.33532284]
 [-0.22823809 -0.29493807  0.33506193]
 [ 0.22823809  0.29493807 -0.33506193]
 [ 0.04958556  0.30886095 -0.32113905]
 [-0.30027165  0.29467716 -0.33532284]]","[2080. 2249.  922. 1899. 2240.  931. 1852. 2240.  931. 2015. 2249.  922.
 2196. 2240.  931. 2243. 2240.  931.]","[2059. 2234.  926. 1878. 2227.  936. 1850. 2237.  933. 2035. 2236.  922.
 2217. 2230.  935. 2243. 2232.  938.]","[-17.078    4.697   68.187   -0.4272   0.      -0.2441  -0.0938  -0.3081
   0.9429]",118
291,1,"[[-0.05568819 -0.30894299  0.32105701]
 [ 0.29960909 -0.2948614   0.3351386 ]
 [-0.22090754 -0.29465894  0.33534106]
 [ 0.22090754  0.29465894 -0.33534106]
 [ 0.05568819  0.30894299 -0.32105701]
 [-0.29960909  0.2948614  -0.3351386 ]]","[2084. 2249.  922. 1903. 2240.  931. 1852. 2240.  931. 2011. 2249.  922.
 2192. 2240.  931. 2243. 2240.  931.]","[2063. 2234.  926. 1881. 2227.  937. 1850. 2238.  932. 2031. 2236.  922.
 2213. 2230.  935. 2243. 2232.  937.]","[-1.7089e+01  4.6910e+00  6.8181e+01 -3.0520e-01 -6.1000e-02 -1.8310e-01
 -9.9600e-02 -3.2030e-01  9.5560e-01]",118
292,1,"[[-0.06176753 -0.30902081  0.32097919]
 [ 0.29886271 -0.29504788  0.33495212]
 [-0.21331731 -0.29438593  0.33561407]
 [ 0.21331731  0.29438593 -0.33561407]
 [ 0.06176753  0.30902081 -0.32097919]
 [-0.29886271  0.29504788 -0.33495212]]","[2088. 2249.  922. 1908. 2239.  932. 1853. 2240.  931. 2007. 2249.  922.
 2187. 2239.  932. 2242. 2240.  931.]","[2067. 2234.  926. 1885. 2226.  936. 1850. 2238.  932. 2028. 2236.  923.
 2208. 2230.  935. 2242. 2233.  936.]","[-1.7100e+01  4.6860e+00  6.8176e+01 -6.1000e-02 -1.2210e-01  1.2210e-01
 -1.1960e-01 -3.3690e-01  9.4290e-01]",118
293,1,"[[-0.06782102 -0.30909439  0.32090561]
 [ 0.29803226 -0.29523649  0.33476351]
 [-0.20548004 -0.29411939  0.33588061]
 [ 0.20548004  0.29411939 -0.33588061]
 [ 0.06782102  0.30909439 -0.32090561]
 [-0.29803226  0.29523649 -0.33476351]]","[2092. 2249.  922. 1914. 2239.  932. 1853. 2240.  931. 2003. 2249.  922.
 2181. 2239.  932. 2242. 2240.  931.]","[2070. 2234.  926. 1890. 2227.  936. 1851. 2238.  932. 2024. 2236.  923.
 2205. 2230.  935. 2242. 2233.  936.]","[-17.106    4.691   68.187    0.      -0.1221   0.6714  -0.1025  -0.3159
   0.9321]",118
294,1,"[[-0.07384615 -0.30916371  0.32083629]
 [ 0.29711758 -0.29542714  0.33457286]
 [-0.19740843 -0.29385964  0.33614036]
 [ 0.19740843  0.29385964 -0.33614036]
 [ 0.07384615  0.30916371 -0.32083629]
 [-0.29711758  0.29542714 -0.33457286]]","[2096. 2249.  922. 1919. 2239.  932. 1854. 2240.  931. 1999. 2249.  922.
 2176. 2239.  932. 2241. 2240.  931.]","[2074. 2234.  926. 1895. 2227.  936. 1851. 2238.  932. 2021. 2236.  923.
 2201. 2230.  935. 2241. 2233.  936.]","[-17.111    4.702   68.22     0.      -0.3052   1.0376  -0.0757  -0.3008
   0.9565]",118
295,1,"[[-0.07984038 -0.30922873  0.32077127]
 [ 0.29611848 -0.29561971  0.33438029]
 [-0.18911527 -0.29360701  0.33639299]
 [ 0.18911527  0.29360701 -0.33639299]
 [ 0.07984038  0.30922873 -0.32077127]
 [-0.29611848  0.29561971 -0.33438029]]","[2100. 2249.  922. 1924. 2239.  932. 1854. 2240.  931. 1995. 2249.  922.
 2171. 2239.  932. 2241. 2240.  931.]","[2078. 2234.  926. 1900. 2227.  936. 1851. 2239.  931. 2017. 2236.  923.
 2196. 2230.  935. 2241. 2234.  935.]","[-17.111    4.708   68.264    0.      -0.3662   1.0376  -0.0845  -0.3086
   0.937 ]",118
296,1,"[[-0.08580122 -0.30928943  0.32071057]
 [ 0.29503484 -0.2958141   0.3341859 ]
 [-0.18061339 -0.28954023  0.34045977]
 [ 0.18061339  0.28954023 -0.34045977]
 [ 0.08580122  0.30928943 -0.32071057]
 [-0.29503484  0.2958141  -0.3341859 ]]","[2103. 2249.  922. 1930. 2236.  935. 1855. 2240.  931. 1992. 2249.  922.
 2165. 2236.  935. 2240. 2240.  931.]","[2082. 2234.  925. 1905. 2227.  936. 1852. 2239.  932. 2012. 2236.  923.
 2191. 2230.  935. 2241. 2234.  935.]","[-17.111    4.713   68.313    0.      -0.4883   1.4648  -0.0972  -0.3076
   0.9497]",118
297,1,"[[-0.09172617 -0.30934578  0.32065422]
 [ 0.29386657 -0.29601021  0.33398979]
 [-0.17191567 -0.2737084   0.3562916 ]
 [ 0.17191567  0.2737084  -0.3562916 ]
 [ 0.09172617  0.30934578 -0.32065422]
 [-0.29386657  0.29601021 -0.33398979]]","[2107. 2249.  922. 1935. 2226.  945. 1856. 2240.  931. 1988. 2249.  922.
 2160. 2226.  945. 2239. 2240.  931.]","[2087. 2234.  924. 1912. 2227.  937. 1853. 2238.  932. 2008. 2236.  923.
 2184. 2230.  936. 2240. 2235.  934.]","[-17.117    4.719   68.379    0.      -0.6104   2.0142  -0.0962  -0.2983
   0.9438]",118
298,1,"[[-0.09761274 -0.30939778  0.32060222]
 [ 0.29261358 -0.29620791  0.33379209]
 [-0.16303497 -0.25841127  0.37158873]
 [ 0.16303497  0.25841127 -0.37158873]
 [ 0.09761274  0.30939778 -0.32060222]
 [-0.29261358  0.29620791 -0.33379209]]","[2111. 2249.  922. 1941. 2216.  955. 1857. 2241.  930. 1984. 2249.  922.
 2154. 2216.  955. 2238. 2241.  930.]","[2091. 2235.  924. 1918. 2226.  941. 1854. 2238.  932. 2004. 2235.  923.
 2178. 2226.  940. 2239. 2234.  934.]","[-1.7111e+01  4.7240e+00  6.8472e+01 -6.1000e-02 -6.7140e-01  2.3193e+00
 -8.6400e-02 -2.9390e-01  9.4480e-01]",118
299,2,"[[-0.10345848 -0.30944539  0.32055461]
 [ 0.29127583 -0.29640712  0.33359288]
 [-0.15398419 -0.24366767  0.38633233]
 [ 0.15398419  0.24366767 -0.38633233]
 [ 0.10345848  0.30944539 -0.32055461]
 [-0.29127583  0.29640712 -0.33359288]]","[2115. 2249.  922. 1947. 2206.  965. 1858. 2241.  930. 1980. 2249.  922.
 2148. 2206.  965. 2237. 2241.  930.]","[2094. 2235.  924. 1922. 2222.  944. 1855. 2239.  931. 2002. 2236.  923.
 2174. 2222.  942. 2238. 2235.  933.]","[-17.117    4.735   68.566   -0.1831  -0.6714   2.3193  -0.0762  -0.2881
   0.9517]",118
300,2,"[[-0.10926095 -0.30948861  0.32051139]
 [ 0.28985331 -0.29660771  0.33339229]
 [-0.14477617 -0.22949568  0.40050432]
 [ 0.14477617  0.22949568 -0.40050432]
 [ 0.10926095  0.30948861 -0.32051139]
 [-0.28985331  0.29660771 -0.33339229]]","[2119. 2249.  922. 1953. 2197.  974. 1859. 2241.  930. 1976. 2249.  922.
 2142. 2197.  974. 2236. 2241.  930.]","[2099. 2235.  923. 1930. 2216.  951. 1856. 2238.  932. 1996. 2236.  923.
 2166. 2214.  949. 2237. 2236.  931.]","[-17.111    4.746   68.67     0.      -0.5493   2.5024  -0.0967  -0.2832
   0.9541]",118
301,2,"[[-0.1150177  -0.30952741  0.32047259]
 [ 0.28834604 -0.2968096   0.3331904 ]
 [-0.13542375 -0.21591268  0.41408732]
 [ 0.13542375  0.21591268 -0.41408732]
 [ 0.1150177   0.30952741 -0.32047259]
 [-0.28834604  0.2968096  -0.3331904 ]]","[2122. 2249.  922. 1959. 2188.  983. 1860. 2241.  930. 1973. 2249.  922.
 2136. 2188.  983. 2235. 2241.  930.]","[2102. 2235.  923. 1937. 2213.  958. 1857. 2238.  931. 1993. 2236.  922.
 2161. 2208.  955. 2235. 2236.  930.]","[-17.04     4.785   68.956    0.7324  -0.8545   4.7607  -0.0776  -0.2275
   0.9722]",118
302,2,"[[-0.12072635 -0.30956179  0.32043821]
 [ 0.28675406 -0.29701267  0.33298733]
 [-0.1259397  -0.20293528  0.42706472]
 [ 0.1259397   0.20293528 -0.42706472]
 [ 0.12072635  0.30956179 -0.32043821]
 [-0.28675406  0.29701267 -0.33298733]]","[2126. 2249.  922. 1965. 2180.  991. 1861. 2241.  930. 1969. 2249.  922.
 2130. 2180.  991. 2234. 2241.  930.]","[2106. 2235.  923. 1944. 2206.  965. 1860. 2238.  931. 1988. 2236.  921.
 2153. 2201.  964. 2234. 2236.  929.]","[-1.6985e+01  4.8120e+00  6.9148e+01  7.9350e-01 -8.5450e-01  4.6387e+00
 -3.4200e-02 -2.3000e-01  9.8440e-01]",118
303,2,"[[-0.12638449 -0.30959173  0.32040827]
 [ 0.28507745 -0.29721682  0.33278318]
 [-0.11633673 -0.19057931  0.43942069]
 [ 0.11633673  0.19057931 -0.43942069]
 [ 0.12638449  0.30959173 -0.32040827]
 [-0.28507745  0.29721682 -0.33278318]]","[2130. 2249.  922. 1972. 2172.  999. 1862. 2241.  930. 1965. 2249.  922.
 2123. 2172.  999. 2233. 2241.  930.]","[2110. 2235.  923. 1953. 2198.  974. 1862. 2237.  931. 1984. 2236.  920.
 2146. 2195.  973. 2233. 2236.  927.]","[-1.6891e+01  4.8230e+00  6.9296e+01  2.1973e+00 -8.5450e-01  2.5024e+00
  1.3200e-02 -2.4660e-01  1.0068e+00]",118
304,2,"[[-0.13198977 -0.30961722  0.32038278]
 [ 0.28331631 -0.29742195  0.33257805]
 [-0.10662747 -0.1788598   0.4511402 ]
 [ 0.10662747  0.1788598  -0.4511402 ]
 [ 0.13198977  0.30961722 -0.32038278]
 [-0.28331631  0.29742195 -0.33257805]]","[2134. 2249.  922. 1978. 2164. 1007. 1863. 2241.  930. 1961. 2249.  922.
 2117. 2164. 1007. 2232. 2241.  930.]","[2117. 2235.  924. 1963. 2187.  984. 1862. 2236.  931. 1979. 2236.  920.
 2137. 2188.  984. 2231. 2236.  927.]","[-1.6771e+01  4.7900e+00  6.9335e+01  2.8076e+00 -4.8830e-01 -8.5450e-01
 -2.4900e-02 -2.8910e-01  1.0010e+00]",118
305,2,"[[-0.13753983 -0.30963827  0.32036173]
 [ 0.28147078 -0.29762796  0.33237204]
 [-0.09682445 -0.16779097  0.46220903]
 [ 0.09682445  0.16779097 -0.46220903]
 [ 0.13753983  0.30963827 -0.32036173]
 [-0.28147078  0.29762796 -0.33237204]]","[2137. 2249.  922. 1984. 2157. 1014. 1864. 2242.  929. 1958. 2249.  922.
 2111. 2157. 1014. 2231. 2242.  929.]","[2122. 2235.  925. 1966. 2181.  991. 1863. 2235.  928. 1976. 2236.  920.
 2131. 2182.  991. 2230. 2236.  929.]","[-16.633    4.746   69.258    3.479    0.3662  -3.2959  -0.0859  -0.2837
   0.9321]",118
306,2,"[[-0.14303235 -0.30965486  0.32034514]
 [ 0.27954103 -0.29783473  0.33216527]
 [-0.08694012 -0.15738619  0.47261381]
 [ 0.08694012  0.15738619 -0.47261381]
 [ 0.14303235  0.30965486 -0.32034514]
 [-0.27954103  0.29783473 -0.33216527]]","[2141. 2249.  922. 1991. 2150. 1021. 1865. 2242.  929. 1954. 2249.  922.
 2104. 2150. 1021. 2230. 2242.  929.]","[2127. 2235.  926. 1971. 2173.  999. 1863. 2235.  926. 1972. 2236.  921.
 2123. 2175.  999. 2229. 2236.  931.]","[-16.507    4.719   69.104    2.9297   0.9155  -4.2114  -0.1309  -0.3071
   0.9365]",118
307,2,"[[-0.14846505 -0.30966701  0.32033299]
 [ 0.27752726 -0.29804218  0.33195782]
 [-0.07698678 -0.14765798  0.48234202]
 [ 0.07698678  0.14765798 -0.48234202]
 [ 0.14846505  0.30966701 -0.32033299]
 [-0.27752726  0.29804218 -0.33195782]]","[2144. 2249.  922. 1997. 2144. 1027. 1867. 2242.  929. 1951. 2249.  922.
 2098. 2144. 1027. 2228. 2242.  929.]","[2132. 2234.  926. 1978. 2165. 1007. 1863. 2236.  926. 1969. 2236.  923.
 2117. 2167. 1007. 2228. 2236.  931.]","[-16.414    4.702   68.934    2.0752   1.0376  -3.9673  -0.1255  -0.3389
   0.918 ]",118
308,2,"[[-0.15383564 -0.30967473  0.32032527]
 [ 0.27542969 -0.2982502   0.3317498 ]
 [-0.06697664 -0.13861798  0.49138202]
 [ 0.06697664  0.13861798 -0.49138202]
 [ 0.15383564  0.30967473 -0.32032527]
 [-0.27542969  0.2982502  -0.3317498 ]]","[2148. 2249.  922. 2004. 2138. 1033. 1868. 2242.  929. 1947. 2249.  922.
 2091. 2138. 1033. 2227. 2242.  929.]","[2136. 2235.  926. 1985. 2158. 1014. 1864. 2235.  926. 1967. 2236.  924.
 2109. 2160. 1014. 2226. 2236.  931.]","[-16.386    4.708   68.791    0.1221   1.0986  -2.8687  -0.1411  -0.3374
   0.894 ]",118
309,2,"[[-0.15914188 -0.30967816  0.32032184]
 [ 0.2732486  -0.29845868  0.33154132]
 [-0.05692174 -0.13027695  0.49972305]
 [ 0.05692174  0.13027695 -0.49972305]
 [ 0.15914188  0.30967816 -0.32032184]
 [-0.2732486   0.29845868 -0.33154132]]","[2151. 2249.  922. 2010. 2132. 1039. 1869. 2242.  929. 1944. 2249.  922.
 2085. 2132. 1039. 2226. 2242.  929.]","[2139. 2235.  926. 1991. 2151. 1020. 1865. 2235.  927. 1963. 2236.  924.
 2104. 2153. 1020. 2225. 2236.  931.]","[-16.414    4.735   68.719   -0.7324   0.4883  -0.3052  -0.1274  -0.3042
   0.9604]",118
310,2,"[[-0.16438154 -0.30967673  0.32032327]
 [ 0.27098427 -0.29866754  0.33133246]
 [-0.04683398 -0.12264475  0.50735525]
 [ 0.04683398  0.12264475 -0.50735525]
 [ 0.16438154  0.30967673 -0.32032327]
 [-0.27098427  0.29866754 -0.33133246]]","[2155. 2249.  922. 2017. 2127. 1044. 1871. 2242.  929. 1940. 2249.  922.
 2078. 2127. 1044. 2224. 2242.  929.]","[2142. 2235.  926. 1998. 2145. 1027. 1866. 2235.  927. 1960. 2236.  924.
 2098. 2146. 1027. 2224. 2236.  931.]","[-1.6441e+01  4.7570e+00  6.8747e+01 -6.1000e-02 -3.6620e-01  1.7090e+00
 -4.6400e-02 -3.1200e-01  9.8290e-01]",118
311,2,"[[-0.16955245 -0.30966467  0.32033533]
 [ 0.26863703 -0.29887667  0.33112333]
 [-0.03672512 -0.11573033  0.51426967]
 [ 0.03672512  0.11573033 -0.51426967]
 [ 0.16955245  0.30966467 -0.32033533]
 [-0.26863703  0.29887667 -0.33112333]]","[2158. 2249.  922. 2024. 2123. 1048. 1872. 2242.  929. 1937. 2249.  922.
 2071. 2123. 1048. 2223. 2242.  929.]","[2145. 2236.  925. 2005. 2139. 1033. 1868. 2235.  927. 1957. 2236.  924.
 2091. 2139. 1033. 2223. 2236.  931.]","[-1.6441e+01  4.7630e+00  6.8818e+01  3.0520e-01 -5.4930e-01  1.8921e+00
 -2.7800e-02 -2.9640e-01  9.2770e-01]",118
312,2,"[[-0.17465242 -0.3096371   0.3203629 ]
 [ 0.26620724 -0.29908597  0.33091403]
 [-0.02660673 -0.10954171  0.52045829]
 [ 0.02660673  0.10954171 -0.52045829]
 [ 0.17465242  0.3096371  -0.3203629 ]
 [-0.26620724  0.29908597 -0.33091403]]","[2161. 2249.  922. 2030. 2119. 1052. 1874. 2242.  928. 1934. 2249.  922.
 2065. 2119. 1052. 2221. 2242.  928.]","[2148. 2236.  926. 2012. 2134. 1038. 1870. 2235.  927. 1954. 2236.  923.
 2085. 2134. 1038. 2221. 2236.  931.]","[-1.6441e+01  4.7630e+00  6.8879e+01  0.0000e+00 -2.4410e-01  8.5450e-01
 -1.0700e-02 -2.8370e-01  9.4580e-01]",118
313,2,"[[-0.17967934 -0.30959575  0.32040425]
 [ 0.26369528 -0.29929535  0.33070465]
 [-0.01649021 -0.10408599  0.52591401]
 [ 0.01649021  0.10408599 -0.52591401]
 [ 0.17967934  0.30959575 -0.32040425]
 [-0.26369528  0.29929535 -0.33070465]]","[2165. 2249.  922. 2037. 2115. 1056. 1876. 2243.  928. 1930. 2249.  922.
 2058. 2115. 1056. 2219. 2243.  928.]","[2151. 2235.  926. 2017. 2129. 1043. 1872. 2236.  927. 1950. 2236.  923.
 2077. 2130. 1043. 2220. 2236.  931.]","[-16.447    4.746   68.884    0.       0.      -0.5493  -0.0752  -0.2739
   0.9731]",118
314,2,"[[-0.1846311  -0.30954137  0.32045863]
 [ 0.26110157 -0.29950471  0.33049529]
 [-0.00638679 -0.09936933  0.53063067]
 [ 0.00638679  0.09936933 -0.53063067]
 [ 0.1846311   0.30954137 -0.32045863]
 [-0.26110157  0.29950471 -0.33049529]]","[2168. 2249.  922. 2043. 2112. 1059. 1877. 2243.  928. 1927. 2249.  922.
 2052. 2112. 1059. 2218. 2243.  928.]","[2155. 2236.  926. 2027. 2123. 1049. 1875. 2235.  927. 1946. 2236.  923.
 2068. 2124. 1049. 2217. 2236.  931.]","[-16.447    4.735   68.862    0.3052   0.      -0.7324  -0.1172  -0.27
   0.9619]",118
315,2,"[[-0.18950562 -0.30947424  0.32052576]
 [ 0.25842657 -0.29971396  0.33028604]
 [ 0.00369251 -0.09539695  0.53460305]
 [-0.00369251  0.09539695 -0.53460305]
 [ 0.18950562  0.30947424 -0.32052576]
 [-0.25842657  0.29971396 -0.33028604]]","[2171. 2249.  922. 2050. 2110. 1061. 1879. 2243.  928. 1924. 2249.  922.
 2045. 2110. 1061. 2216. 2243.  928.]","[2158. 2236.  926. 2033. 2119. 1053. 1878. 2235.  927. 1943. 2235.  923.
 2062. 2120. 1053. 2215. 2236.  930.]","[-16.441    4.73    68.846    0.1831   0.      -0.3052  -0.1128  -0.2788
   0.9419]",118
316,2,"[[-0.19430087 -0.30939459  0.32060541]
 [ 0.25567076 -0.299923    0.330077  ]
 [ 0.01373685 -0.09217312  0.53782688]
 [-0.01373685  0.09217312 -0.53782688]
 [ 0.19430087  0.30939459 -0.32060541]
 [-0.25567076  0.299923   -0.330077  ]]","[2174. 2249.  922. 2056. 2108. 1063. 1881. 2243.  928. 1921. 2249.  922.
 2039. 2108. 1063. 2214. 2243.  928.]","[2161. 2236.  926. 2037. 2117. 1055. 1878. 2235.  927. 1941. 2235.  924.
 2058. 2118. 1055. 2214. 2236.  930.]","[-1.6441e+01  4.7300e+00  6.8840e+01 -1.2210e-01  0.0000e+00  6.1000e-02
 -9.5200e-02 -2.7390e-01  9.4430e-01]",118
317,2,"[[-0.19901484 -0.30930268  0.32069732]
 [ 0.25283466 -0.30013173  0.32986827]
 [ 0.02373561 -0.08970117  0.54029883]
 [-0.02373561  0.08970117 -0.54029883]
 [ 0.19901484  0.30930268 -0.32069732]
 [-0.25283466  0.30013173 -0.32986827]]","[2177. 2249.  922. 2063. 2106. 1065. 1883. 2243.  928. 1918. 2249.  922.
 2032. 2106. 1065. 2212. 2243.  928.]","[2164. 2236.  926. 2046. 2113. 1059. 1880. 2235.  927. 1937. 2235.  924.
 2049. 2114. 1059. 2212. 2236.  931.]","[-16.452    4.735   68.851   -0.3662   0.       0.2441  -0.084   -0.2764
   0.958 ]",118
318,2,"[[-0.20364556 -0.30919876  0.32080124]
 [ 0.24991882 -0.30034007  0.32965993]
 [ 0.03367837 -0.08798351  0.54201649]
 [-0.03367837  0.08798351 -0.54201649]
 [ 0.20364556  0.30919876 -0.32080124]
 [-0.24991882  0.30034007 -0.32965993]]","[2180. 2249.  922. 2069. 2105. 1066. 1885. 2243.  928. 1915. 2249.  922.
 2026. 2105. 1066. 2210. 2243.  928.]","[2166. 2236.  926. 2050. 2112. 1060. 1881. 2235.  926. 1935. 2236.  924.
 2044. 2113. 1061. 2211. 2236.  931.]","[-16.463    4.741   68.868   -0.3052   0.       0.4272  -0.0776  -0.272
   0.959 ]",118
319,2,"[[-0.20819109 -0.3090831   0.3209169 ]
 [ 0.24692382 -0.30054792  0.32945208]
 [ 0.04355493 -0.08702262  0.54297738]
 [-0.04355493  0.08702262 -0.54297738]
 [ 0.20819109  0.3090831  -0.3209169 ]
 [-0.24692382  0.30054792 -0.32945208]]","[2183. 2249.  922. 2076. 2104. 1067. 1887. 2243.  928. 1912. 2249.  922.
 2019. 2104. 1067. 2208. 2243.  928.]","[2170. 2236.  926. 2060. 2109. 1063. 1884. 2236.  927. 1930. 2236.  924.
 2036. 2110. 1063. 2208. 2236.  930.]","[-16.469    4.746   68.89    -0.1831  -0.1221   0.6714  -0.0854  -0.2666
   0.9551]",118
320,2,"[[-0.21264953 -0.30895597  0.32104403]
 [ 0.24385027 -0.30075519  0.32924481]
 [ 0.05335532 -0.08683197  0.54316803]
 [-0.05335532  0.08683197 -0.54316803]
 [ 0.21264953  0.30895597 -0.32104403]
 [-0.24385027  0.30075519 -0.32924481]]","[2186. 2249.  922. 2082. 2104. 1067. 1889. 2244.  927. 1909. 2249.  922.
 2013. 2104. 1067. 2206. 2244.  927.]","[2172. 2236.  926. 2064. 2108. 1064. 1885. 2235.  926. 1928. 2235.  924.
 2031. 2109. 1064. 2207. 2236.  931.]","[-1.6474e+01  4.7460e+00  6.8917e+01 -4.2720e-01 -1.8310e-01  6.7140e-01
 -6.2500e-02 -2.8120e-01  9.4630e-01]",118
321,2,"[[-0.21701902 -0.30881766  0.32118234]
 [ 0.24069882 -0.3009618   0.3290382 ]
 [ 0.06306978 -0.08729395  0.54270605]
 [-0.06306978  0.08729395 -0.54270605]
 [ 0.21701902  0.30881766 -0.32118234]
 [-0.24069882  0.3009618  -0.3290382 ]]","[2189. 2249.  922. 2089. 2104. 1067. 1891. 2244.  927. 1906. 2249.  922.
 2006. 2104. 1067. 2204. 2244.  927.]","[2177. 2236.  926. 2071. 2107. 1065. 1886. 2235.  927. 1923. 2236.  923.
 2023. 2107. 1065. 2205. 2236.  930.]","[-16.496    4.752   68.934   -0.7935   0.       0.2441  -0.0884  -0.27
   0.9463]",118
322,2,"[[-0.22129773 -0.30866848  0.32133152]
 [ 0.23747015 -0.30116765  0.32883235]
 [ 0.07268879 -0.08785403  0.54214597]
 [-0.07268879  0.08785403 -0.54214597]
 [ 0.22129773  0.30866848 -0.32133152]
 [-0.23747015  0.30116765 -0.32883235]]","[2192. 2249.  922. 2095. 2105. 1066. 1893. 2244.  927. 1903. 2249.  922.
 2000. 2105. 1066. 2202. 2244.  927.]","[2179. 2236.  926. 2076. 2107. 1065. 1887. 2235.  927. 1921. 2236.  924.
 2019. 2108. 1065. 2204. 2236.  930.]","[-16.518    4.752   68.945   -0.7324   0.       0.3662  -0.085   -0.2783
   0.9707]",118
323,2,"[[-0.22548386 -0.30850872  0.32149128]
 [ 0.23416497 -0.30137265  0.32862735]
 [ 0.08220306 -0.08855282  0.54144718]
 [-0.08220306  0.08855282 -0.54144718]
 [ 0.22548386  0.30850872 -0.32149128]
 [-0.23416497  0.30137265 -0.32862735]]","[2194. 2249.  922. 2101. 2105. 1066. 1895. 2244.  927. 1901. 2249.  922.
 1994. 2105. 1066. 2200. 2244.  927.]","[2183. 2236.  926. 2084. 2106. 1065. 1891. 2236.  926. 1918. 2235.  924.
 2011. 2107. 1065. 2202. 2236.  930.]","[-16.54     4.757   68.956   -0.7324   0.       0.1831  -0.0864  -0.2817
   0.9414]",118
324,2,"[[-0.22957567 -0.30833871  0.32166129]
 [ 0.23078401 -0.30157672  0.32842328]
 [ 0.09160355 -0.0894618   0.5405382 ]
 [-0.09160355  0.0894618  -0.5405382 ]
 [ 0.22957567  0.30833871 -0.32166129]
 [-0.23078401  0.30157672 -0.32842328]]","[2197. 2249.  922. 2107. 2106. 1065. 1897. 2244.  927. 1898. 2249.  922.
 1988. 2106. 1065. 2198. 2244.  927.]","[2185. 2235.  926. 2090. 2106. 1065. 1893. 2236.  927. 1915. 2235.  924.
 2005. 2107. 1065. 2200. 2236.  930.]","[-16.567    4.768   68.967   -0.8545   0.1831   0.3662  -0.1021  -0.2896
   0.9448]",118
325,2,"[[-0.23357145 -0.30815876  0.32184124]
 [ 0.22732806 -0.30177978  0.32822022]
 [ 0.10088144 -0.09059887  0.53940113]
 [-0.10088144  0.09059887 -0.53940113]
 [ 0.23357145  0.30815876 -0.32184124]
 [-0.22732806  0.30177978 -0.32822022]]","[2200. 2248.  923. 2113. 2107. 1064. 1899. 2244.  927. 1895. 2248.  923.
 1982. 2107. 1064. 2196. 2244.  927.]","[2188. 2236.  926. 2095. 2107. 1065. 1895. 2235.  927. 1911. 2235.  924.
 1999. 2107. 1065. 2198. 2236.  930.]","[-16.606    4.785   69.      -1.1597   0.       0.9155  -0.0801  -0.2969
   0.9536]",118
326,2,"[[-0.23746952 -0.30796921  0.32203079]
 [ 0.22379792 -0.30198173  0.32801827]
 [ 0.1100282  -0.09197006  0.53802994]
 [-0.1100282   0.09197006 -0.53802994]
 [ 0.23746952  0.30796921 -0.32203079]
 [-0.22379792  0.30198173 -0.32801827]]","[2202. 2248.  923. 2119. 2107. 1064. 1902. 2244.  927. 1893. 2248.  923.
 1976. 2107. 1064. 2193. 2244.  927.]","[2191. 2236.  926. 2104. 2107. 1065. 1898. 2235.  927. 1907. 2236.  924.
 1992. 2107. 1065. 2195. 2236.  929.]","[-1.6644e+01  4.7960e+00  6.9038e+01 -1.2817e+00 -6.1000e-02  1.0986e+00
 -7.5200e-02 -2.9350e-01  9.4190e-01]",118
327,2,"[[-0.24126825 -0.30777039  0.32222961]
 [ 0.22019442 -0.30218249  0.32781751]
 [ 0.11903549 -0.09357913  0.53642087]
 [-0.11903549  0.09357913 -0.53642087]
 [ 0.24126825  0.30777039 -0.32222961]
 [-0.22019442  0.30218249 -0.32781751]]","[2205. 2248.  923. 2125. 2109. 1062. 1904. 2244.  926. 1890. 2248.  923.
 1970. 2109. 1062. 2191. 2244.  926.]","[2194. 2236.  926. 2107. 2107. 1065. 1900. 2235.  926. 1905. 2235.  924.
 1987. 2108. 1064. 2194. 2236.  929.]","[-1.6688e+01  4.8070e+00  6.9082e+01 -1.0986e+00  0.0000e+00  1.0376e+00
 -6.3000e-02 -2.9740e-01  9.5360e-01]",118
328,2,"[[-0.24496606 -0.30756264  0.32243736]
 [ 0.21651844 -0.30238199  0.32761801]
 [ 0.12789526 -0.0954293   0.5345707 ]
 [-0.12789526  0.0954293  -0.5345707 ]
 [ 0.24496606  0.30756264 -0.32243736]
 [-0.21651844  0.30238199 -0.32761801]]","[2207. 2248.  923. 2131. 2110. 1061. 1906. 2245.  926. 1888. 2248.  923.
 1964. 2110. 1061. 2189. 2245.  926.]","[2197. 2235.  926. 2114. 2108. 1063. 1901. 2235.  927. 1902. 2235.  924.
 1981. 2108. 1063. 2191. 2236.  929.]","[-1.6727e+01  4.8180e+00  6.9115e+01 -1.0986e+00  0.0000e+00  7.9350e-01
 -6.4500e-02 -3.0910e-01  9.5750e-01]",118
329,2,"[[-0.2485614  -0.30734632  0.32265368]
 [ 0.21277089 -0.30258014  0.32741986]
 [ 0.1365997  -0.09752362  0.53247638]
 [-0.1365997   0.09752362 -0.53247638]
 [ 0.2485614   0.30734632 -0.32265368]
 [-0.21277089  0.30258014 -0.32741986]]","[2210. 2248.  923. 2137. 2111. 1060. 1909. 2245.  926. 1885. 2248.  923.
 1958. 2111. 1060. 2186. 2245.  926.]","[2200. 2236.  926. 2121. 2109. 1062. 1905. 2235.  926. 1900. 2235.  924.
 1973. 2109. 1062. 2189. 2236.  929.]","[-16.765    4.818   69.137   -0.9766   0.       0.5493  -0.0864  -0.3076
   0.9424]",118
330,2,"[[-0.25205276 -0.30712177  0.32287823]
 [ 0.20895268 -0.30277686  0.32722314]
 [ 0.14514125 -0.09986493  0.53013507]
 [-0.14514125  0.09986493 -0.53013507]
 [ 0.25205276  0.30712177 -0.32287823]
 [-0.20895268  0.30277686 -0.32722314]]","[2212. 2248.  923. 2142. 2113. 1058. 1911. 2245.  926. 1883. 2248.  923.
 1953. 2113. 1058. 2184. 2245.  926.]","[2202. 2236.  925. 2126. 2110. 1062. 1907. 2235.  926. 1898. 2235.  924.
 1969. 2110. 1062. 2187. 2236.  927.]","[-16.804    4.823   69.153   -0.8545   0.       0.4272  -0.0952  -0.3022
   0.9531]",118
331,2,"[[-0.25543868 -0.30688934  0.32311066]
 [ 0.20506479 -0.30297207  0.32702793]
 [ 0.15351263 -0.10245595  0.52754405]
 [-0.15351263  0.10245595 -0.52754405]
 [ 0.25543868  0.30688934 -0.32311066]
 [-0.20506479  0.30297207 -0.32702793]]","[2214. 2248.  923. 2148. 2114. 1057. 1914. 2245.  926. 1881. 2248.  923.
 1947. 2114. 1057. 2181. 2245.  926.]","[2205. 2235.  926. 2132. 2112. 1060. 1908. 2236.  926. 1896. 2236.  924.
 1964. 2111. 1060. 2184. 2236.  927.]","[-16.826    4.828   69.175   -0.4883   0.       0.4883  -0.0903  -0.3071
   0.957 ]",118
332,2,"[[-0.25871775 -0.3066494   0.3233506 ]
 [ 0.20110821 -0.30316569  0.32683431]
 [ 0.16170678 -0.10529923  0.52470077]
 [-0.16170678  0.10529923 -0.52470077]
 [ 0.25871775  0.3066494  -0.3233506 ]
 [-0.20110821  0.30316569 -0.32683431]]","[2216. 2247.  924. 2153. 2116. 1055. 1916. 2245.  926. 1879. 2247.  924.
 1942. 2116. 1055. 2179. 2245.  926.]","[2207. 2235.  926. 2137. 2113. 1058. 1911. 2235.  926. 1893. 2235.  924.
 1958. 2113. 1058. 2182. 2236.  927.]","[-16.848    4.834   69.197   -0.4272   0.       0.5493  -0.0835  -0.3071
   0.9473]",118
333,2,"[[-0.26188859 -0.3064023   0.3235977 ]
 [ 0.19708396 -0.30335764  0.32664236]
 [ 0.16971693 -0.10839713  0.52160287]
 [-0.16971693  0.10839713 -0.52160287]
 [ 0.26188859  0.3064023  -0.3235977 ]
 [-0.19708396  0.30335764 -0.32664236]]","[2218. 2247.  924. 2158. 2118. 1053. 1919. 2245.  926. 1877. 2247.  924.
 1937. 2118. 1053. 2176. 2245.  926.]","[2208. 2235.  926. 2143. 2114. 1057. 1913. 2235.  926. 1891. 2236.  925.
 1952. 2115. 1057. 2179. 2236.  927.]","[-16.864    4.839   69.208   -0.4272   0.       0.3052  -0.0737  -0.3022
   0.9419]",118
334,2,"[[-0.26494988 -0.30614842  0.32385158]
 [ 0.19299311 -0.30354786  0.32645214]
 [ 0.17753656 -0.11175185  0.51824815]
 [-0.17753656  0.11175185 -0.51824815]
 [ 0.26494988  0.30614842 -0.32385158]
 [-0.19299311  0.30354786 -0.32645214]]","[2220. 2247.  924. 2163. 2120. 1051. 1922. 2245.  926. 1875. 2247.  924.
 1932. 2120. 1051. 2173. 2245.  926.]","[2211. 2235.  926. 2148. 2116. 1055. 1916. 2236.  926. 1889. 2235.  926.
 1947. 2117. 1055. 2177. 2236.  927.]","[-1.6880e+01  4.8450e+00  6.9208e+01 -3.0520e-01  1.2210e-01  6.1000e-02
 -7.8100e-02 -3.0030e-01  9.6240e-01]",118
335,2,"[[-0.26790034 -0.30588811  0.32411189]
 [ 0.18883673 -0.30373626  0.32626374]
 [ 0.18515941 -0.11536544  0.51463456]
 [-0.18515941  0.11536544 -0.51463456]
 [ 0.26790034  0.30588811 -0.32411189]
 [-0.18883673  0.30373626 -0.32626374]]","[2222. 2247.  924. 2168. 2123. 1048. 1924. 2246.  925. 1873. 2247.  924.
 1927. 2123. 1048. 2171. 2246.  925.]","[2213. 2235.  926. 2153. 2118. 1053. 1918. 2235.  926. 1886. 2235.  925.
 1942. 2118. 1054. 2174. 2236.  927.]","[-16.891    4.845   69.208   -0.1221   0.       0.      -0.0835  -0.2974
   0.9512]",118
336,2,"[[-0.27073873 -0.30562175  0.32437825]
 [ 0.18461595 -0.30392277  0.32607723]
 [ 0.19257947 -0.11923972  0.51076028]
 [-0.19257947  0.11923972 -0.51076028]
 [ 0.27073873  0.30562175 -0.32437825]
 [-0.18461595  0.30392277 -0.32607723]]","[2224. 2247.  924. 2173. 2125. 1046. 1927. 2246.  925. 1871. 2247.  924.
 1922. 2125. 1046. 2168. 2246.  925.]","[2215. 2236.  926. 2159. 2121. 1051. 1921. 2235.  926. 1884. 2235.  926.
 1937. 2120. 1051. 2171. 2236.  927.]","[-1.6902e+01  4.8450e+00  6.9214e+01 -1.2210e-01  0.0000e+00  6.1000e-02
 -7.9100e-02 -2.9740e-01  9.4140e-01]",118
337,2,"[[-0.27346387 -0.30534969  0.32465031]
 [ 0.18033191 -0.30410732  0.32589268]
 [ 0.19979102 -0.12337636  0.50662364]
 [-0.19979102  0.12337636 -0.50662364]
 [ 0.27346387  0.30534969 -0.32465031]
 [-0.18033191  0.30410732 -0.32589268]]","[2226. 2247.  924. 2178. 2128. 1043. 1930. 2246.  925. 1869. 2247.  924.
 1917. 2128. 1043. 2165. 2246.  925.]","[2217. 2235.  927. 2164. 2123. 1049. 1923. 2235.  926. 1882. 2235.  926.
 1931. 2123. 1049. 2169. 2236.  926.]","[-16.913    4.845   69.214   -0.3052   0.       0.      -0.0791  -0.2944
   0.9551]",118
338,2,"[[-0.27607462 -0.30507231  0.32492769]
 [ 0.17598579 -0.30428984  0.32571016]
 [ 0.20678856 -0.12777683  0.50222317]
 [-0.20678856  0.12777683 -0.50222317]
 [ 0.27607462  0.30507231 -0.32492769]
 [-0.17598579  0.30428984 -0.32571016]]","[2227. 2246.  925. 2182. 2131. 1040. 1933. 2246.  925. 1868. 2246.  925.
 1913. 2131. 1040. 2162. 2246.  925.]","[2219. 2236.  927. 2169. 2125. 1047. 1926. 2235.  926. 1880. 2235.  925.
 1926. 2125. 1047. 2166. 2236.  927.]","[-16.924    4.845   69.214   -0.2441   0.       0.      -0.084   -0.2915
   0.9482]",118
339,2,"[[-0.27856988 -0.30478998  0.32521002]
 [ 0.1715788  -0.30447025  0.32552975]
 [ 0.21356689 -0.13244242  0.49755758]
 [-0.21356689  0.13244242 -0.49755758]
 [ 0.27856988  0.30478998 -0.32521002]
 [-0.1715788   0.30447025 -0.32552975]]","[2229. 2246.  925. 2187. 2134. 1037. 1936. 2246.  925. 1866. 2246.  925.
 1908. 2134. 1037. 2159. 2246.  925.]","[2220. 2235.  927. 2173. 2129. 1044. 1928. 2236.  926. 1878. 2235.  926.
 1922. 2128. 1044. 2163. 2237.  926.]","[-1.6941e+01  4.8450e+00  6.9214e+01 -3.0520e-01  0.0000e+00  6.1000e-02
 -8.6400e-02 -2.9390e-01  9.4290e-01]",118
340,2,"[[-0.28094861 -0.30450307  0.32549693]
 [ 0.16711216 -0.3046485   0.3253515 ]
 [ 0.22012105 -0.1373742   0.4926258 ]
 [-0.22012105  0.1373742  -0.4926258 ]
 [ 0.28094861  0.30450307 -0.32549693]
 [-0.16711216  0.3046485  -0.3253515 ]]","[2231. 2246.  925. 2191. 2137. 1034. 1939. 2246.  925. 1864. 2246.  925.
 1904. 2137. 1034. 2156. 2246.  925.]","[2222. 2236.  927. 2178. 2131. 1041. 1930. 2235.  926. 1876. 2235.  927.
 1917. 2131. 1041. 2160. 2237.  927.]","[-16.963    4.845   69.219   -0.5493   0.       0.1221  -0.0884  -0.2905
   0.9507]",118
341,2,"[[-0.28320981 -0.30421194  0.32578806]
 [ 0.16258714 -0.30482451  0.32517549]
 [ 0.22644635 -0.14257306  0.48742694]
 [-0.22644635  0.14257306 -0.48742694]
 [ 0.28320981  0.30421194 -0.32578806]
 [-0.16258714  0.30482451 -0.32517549]]","[2232. 2246.  925. 2195. 2140. 1031. 1942. 2246.  925. 1863. 2246.  925.
 1900. 2140. 1031. 2153. 2246.  925.]","[2225. 2235.  928. 2183. 2134. 1038. 1933. 2235.  925. 1875. 2235.  927.
 1912. 2133. 1038. 2158. 2237.  926.]","[-16.99     4.85    69.23    -0.6104   0.       0.2441  -0.085   -0.2905
   0.9468]",118
342,2,"[[-0.28535255 -0.30391695  0.32608305]
 [ 0.15800504 -0.30499821  0.32500179]
 [ 0.23253834 -0.14803969  0.48196031]
 [-0.23253834  0.14803969 -0.48196031]
 [ 0.28535255  0.30391695 -0.32608305]
 [-0.15800504  0.30499821 -0.32500179]]","[2234. 2246.  925. 2199. 2144. 1027. 1944. 2246.  925. 1861. 2246.  925.
 1896. 2144. 1027. 2151. 2246.  925.]","[2227. 2235.  928. 2187. 2137. 1035. 1936. 2236.  925. 1873. 2235.  926.
 1908. 2137. 1035. 2155. 2237.  927.]","[-17.018    4.85    69.241   -0.7324   0.       0.2441  -0.0752  -0.2939
   0.9443]",118
343,2,"[[-0.28737591 -0.30361848  0.32638152]
 [ 0.15336717 -0.30516955  0.32483045]
 [ 0.23839286 -0.15377456  0.47622544]
 [-0.23839286  0.15377456 -0.47622544]
 [ 0.28737591  0.30361848 -0.32638152]
 [-0.15336717  0.30516955 -0.32483045]]","[2235. 2245.  926. 2203. 2148. 1023. 1948. 2246.  925. 1860. 2245.  926.
 1892. 2148. 1023. 2147. 2246.  925.]","[2228. 2235.  928. 2191. 2140. 1032. 1939. 2236.  925. 1871. 2235.  927.
 1904. 2140. 1032. 2152. 2237.  926.]","[-1.7045e+01  4.8560e+00  6.9241e+01 -7.9350e-01  6.1000e-02  6.1000e-02
 -7.5700e-02 -2.8810e-01  9.5750e-01]",118
344,2,"[[-0.28927907 -0.30331688  0.32668312]
 [ 0.14867487 -0.30533846  0.32466154]
 [ 0.24400598 -0.15977795  0.47022205]
 [-0.24400598  0.15977795 -0.47022205]
 [ 0.28927907  0.30331688 -0.32668312]
 [-0.14867487  0.30533846 -0.32466154]]","[2236. 2245.  926. 2207. 2152. 1019. 1951. 2247.  924. 1859. 2245.  926.
 1888. 2152. 1019. 2144. 2247.  924.]","[2230. 2235.  928. 2195. 2143. 1028. 1942. 2235.  925. 1869. 2235.  927.
 1900. 2143. 1028. 2149. 2237.  926.]","[-1.7067e+01  4.8560e+00  6.9236e+01 -5.4930e-01  6.1000e-02 -1.2210e-01
 -8.6900e-02 -2.9640e-01  9.5510e-01]",118
345,2,"[[-0.29106121 -0.30301251  0.32698749]
 [ 0.14392953 -0.30550487  0.32449513]
 [ 0.24937405 -0.16604993  0.46395007]
 [-0.24937405  0.16604993 -0.46395007]
 [ 0.29106121  0.30301251 -0.32698749]
 [-0.14392953  0.30550487 -0.32449513]]","[2237. 2245.  926. 2210. 2156. 1015. 1954. 2247.  924. 1858. 2245.  926.
 1885. 2156. 1015. 2141. 2247.  924.]","[2232. 2235.  928. 2199. 2147. 1025. 1944. 2236.  925. 1868. 2235.  928.
 1895. 2147. 1025. 2146. 2238.  926.]","[-1.7089e+01  4.8610e+00  6.9230e+01 -6.1040e-01  6.1000e-02 -6.1000e-02
 -9.5700e-02 -3.0320e-01  9.3990e-01]",118
346,2,"[[-0.2927216  -0.30270574  0.32729426]
 [ 0.13913255 -0.30566873  0.32433127]
 [ 0.25449365 -0.17259034  0.45740966]
 [-0.25449365  0.17259034 -0.45740966]
 [ 0.2927216   0.30270574 -0.32729426]
 [-0.13913255  0.30566873 -0.32433127]]","[2238. 2245.  926. 2213. 2160. 1011. 1957. 2247.  924. 1857. 2245.  926.
 1882. 2160. 1011. 2138. 2247.  924.]","[2234. 2235.  929. 2203. 2151. 1021. 1948. 2236.  925. 1866. 2235.  927.
 1892. 2151. 1021. 2143. 2238.  926.]","[-1.7122e+01  4.8670e+00  6.9236e+01 -7.3240e-01  1.2210e-01  6.1000e-02
 -8.7900e-02 -3.0270e-01  9.4530e-01]",118
347,2,"[[-0.29425954 -0.30239691  0.32760309]
 [ 0.13428535 -0.30582997  0.32417003]
 [ 0.25936163 -0.17939882  0.45060118]
 [-0.25936163  0.17939882 -0.45060118]
 [ 0.29425954  0.30239691 -0.32760309]
 [-0.13428535  0.30582997 -0.32417003]]","[2239. 2245.  926. 2217. 2164. 1007. 1960. 2247.  924. 1856. 2245.  926.
 1878. 2164. 1007. 2135. 2247.  924.]","[2235. 2235.  929. 2206. 2155. 1017. 1950. 2236.  925. 1865. 2235.  928.
 1889. 2155. 1017. 2140. 2238.  926.]","[-17.15     4.872   69.241   -0.7324   0.1221   0.1831  -0.0815  -0.3022
   0.9507]",118
348,2,"[[-0.29567439 -0.30208638  0.32791362]
 [ 0.12938938 -0.30598854  0.32401146]
 [ 0.26397509 -0.18647482  0.44352518]
 [-0.26397509  0.18647482 -0.44352518]
 [ 0.29567439  0.30208638 -0.32791362]
 [-0.12938938  0.30598854 -0.32401146]]","[2240. 2244.  927. 2220. 2169. 1002. 1963. 2247.  924. 1855. 2244.  927.
 1875. 2169. 1002. 2132. 2247.  924.]","[2236. 2235.  929. 2211. 2159. 1013. 1954. 2236.  925. 1864. 2234.  928.
 1885. 2159. 1013. 2137. 2239.  926.]","[-17.183    4.878   69.247   -0.7935   0.       0.1831  -0.0825  -0.3042
   0.9443]",118
349,2,"[[-0.29696555 -0.3017745   0.3282255 ]
 [ 0.12444612 -0.30614438  0.32385562]
 [ 0.26833139 -0.19381752  0.43618248]
 [-0.26833139  0.19381752 -0.43618248]
 [ 0.29696555  0.3017745  -0.3282255 ]
 [-0.12444612  0.30614438 -0.32385562]]","[2241. 2244.  927. 2222. 2174.  997. 1966. 2247.  924. 1854. 2244.  927.
 1873. 2174.  997. 2129. 2247.  924.]","[2238. 2235.  929. 2214. 2164. 1009. 1957. 2236.  925. 1862. 2234.  928.
 1881. 2163. 1009. 2134. 2238.  925.]","[-1.7210e+01  4.8830e+00  6.9252e+01 -7.9350e-01  6.1000e-02  1.8310e-01
 -8.5000e-02 -3.0660e-01  9.4920e-01]",118
350,2,"[[-0.29813249 -0.30146161  0.32853839]
 [ 0.11945708 -0.30629743  0.32370257]
 [ 0.27242811 -0.20142593  0.42857407]
 [-0.27242811  0.20142593 -0.42857407]
 [ 0.29813249  0.30146161 -0.32853839]
 [-0.11945708  0.30629743 -0.32370257]]","[2242. 2244.  927. 2225. 2179.  992. 1970. 2247.  924. 1853. 2244.  927.
 1870. 2179.  992. 2125. 2247.  924.]","[2239. 2235.  929. 2217. 2168. 1004. 1960. 2236.  925. 1861. 2234.  928.
 1878. 2167. 1005. 2131. 2239.  925.]","[-17.243    4.889   69.263   -0.6104   0.       0.1831  -0.0913  -0.3076
   0.9551]",118
351,2,"[[-0.29917472 -0.30114805  0.32885195]
 [ 0.11442379 -0.30644764  0.32355236]
 [ 0.27626312 -0.20929883  0.42070117]
 [-0.27626312  0.20929883 -0.42070117]
 [ 0.29917472  0.30114805 -0.32885195]
 [-0.11442379  0.30644764 -0.32355236]]","[2243. 2244.  927. 2228. 2184.  987. 1973. 2247.  924. 1852. 2244.  927.
 1867. 2184.  987. 2122. 2247.  924.]","[2240. 2235.  929. 2220. 2172.  999. 1963. 2236.  926. 1860. 2235.  929.
 1875. 2172. 1000. 2127. 2239.  925.]","[-17.265    4.889   69.269   -0.5493   0.       0.2441  -0.082   -0.3047
   0.9448]",118
352,2,"[[-0.30009179 -0.30083416  0.32916584]
 [ 0.10934779 -0.30659496  0.32340504]
 [ 0.27983449 -0.21743477  0.41256523]
 [-0.27983449  0.21743477 -0.41256523]
 [ 0.30009179  0.30083416 -0.32916584]
 [-0.10934779  0.30659496 -0.32340504]]","[2243. 2244.  927. 2230. 2189.  982. 1976. 2247.  924. 1852. 2244.  927.
 1865. 2189.  982. 2119. 2247.  924.]","[2242. 2235.  929. 2223. 2177.  996. 1966. 2236.  926. 1858. 2235.  929.
 1872. 2177.  995. 2124. 2239.  925.]","[-17.287    4.894   69.28    -0.5493   0.       0.2441  -0.082   -0.3066
   0.9482]",118
353,2,"[[-0.30088334 -0.30052027  0.32947973]
 [ 0.10423066 -0.30673934  0.32326066]
 [ 0.28314057 -0.22583208  0.40416792]
 [-0.28314057  0.22583208 -0.40416792]
 [ 0.30088334  0.30052027 -0.32947973]
 [-0.10423066  0.30673934 -0.32326066]]","[2244. 2243.  928. 2232. 2195.  976. 1980. 2247.  924. 1851. 2243.  928.
 1863. 2195.  976. 2115. 2247.  924.]","[2242. 2235.  930. 2225. 2181.  993. 1970. 2236.  926. 1857. 2235.  929.
 1870. 2182.  990. 2122. 2239.  925.]","[-17.309    4.9     69.291   -0.4883   0.       0.1831  -0.0806  -0.3081
   0.9551]",118
354,2,"[[-0.30154903 -0.30020671  0.32979329]
 [ 0.09907401 -0.30688072  0.32311928]
 [ 0.28617992 -0.2344889   0.3955111 ]
 [-0.28617992  0.2344889  -0.3955111 ]
 [ 0.30154903  0.30020671 -0.32979329]
 [-0.09907401  0.30688072 -0.32311928]]","[2244. 2243.  928. 2234. 2200.  971. 1983. 2248.  923. 1851. 2243.  928.
 1861. 2200.  971. 2112. 2248.  923.]","[2243. 2235.  930. 2228. 2184.  988. 1973. 2236.  926. 1856. 2235.  929.
 1867. 2187.  985. 2119. 2239.  925.]","[-1.7325e+01  4.9000e+00  6.9296e+01 -6.1000e-02 -1.8310e-01  1.2210e-01
 -7.6200e-02 -3.1490e-01  9.7610e-01]",118
355,2,"[[-0.30208863 -0.29989379  0.33010621]
 [ 0.09387945 -0.30701906  0.32298094]
 [ 0.28895136 -0.24340311  0.38659689]
 [-0.28895136  0.24340311 -0.38659689]
 [ 0.30208863  0.29989379 -0.33010621]
 [-0.09387945  0.30701906 -0.32298094]]","[2244. 2243.  928. 2236. 2206.  965. 1986. 2248.  923. 1851. 2243.  928.
 1859. 2206.  965. 2109. 2248.  923.]","[2246. 2235.  931. 2230. 2189.  982. 1976. 2236.  924. 1855. 2234.  929.
 1865. 2192.  980. 2115. 2239.  925.]","[-1.7325e+01  4.8890e+00  6.9302e+01  4.8830e-01 -1.8310e-01  6.1000e-02
 -8.5000e-02 -3.1300e-01  9.2380e-01]",118
356,2,"[[-0.30250217 -0.29958185  0.33041815]
 [ 0.0886486  -0.30715431  0.32284569]
 [ 0.29145396 -0.2525724   0.3774276 ]
 [-0.29145396  0.2525724  -0.3774276 ]
 [ 0.30250217  0.29958185 -0.33041815]
 [-0.0886486   0.30715431 -0.32284569]]","[2245. 2243.  928. 2237. 2212.  959. 1990. 2248.  923. 1850. 2243.  928.
 1858. 2212.  959. 2105. 2248.  923.]","[2245. 2235.  931. 2232. 2192.  978. 1979. 2236.  924. 1854. 2235.  929.
 1862. 2197.  977. 2112. 2239.  924.]","[-1.7309e+01  4.8830e+00  6.9307e+01  2.4410e-01  0.0000e+00  6.1000e-02
 -9.0300e-02 -3.1350e-01  9.3460e-01]",118
357,2,"[[-0.30279056 -0.29927118  0.33072882]
 [ 0.083383   -0.30728641  0.32271359]
 [ 0.2936871  -0.26199423  0.36800577]
 [-0.2936871   0.26199423 -0.36800577]
 [ 0.30279056  0.29927118 -0.33072882]
 [-0.083383    0.30728641 -0.32271359]]","[2245. 2243.  928. 2239. 2218.  953. 1993. 2248.  923. 1850. 2243.  928.
 1856. 2218.  953. 2102. 2248.  923.]","[2246. 2235.  931. 2233. 2197.  973. 1983. 2236.  925. 1854. 2235.  929.
 1861. 2202.  972. 2109. 2239.  924.]","[-17.303    4.883   69.307    0.      -0.1831   0.      -0.0737  -0.3198
   1.0005]",118
358,2,"[[-0.30295529 -0.29896208  0.33103792]
 [ 0.07808319 -0.30741534  0.32258466]
 [ 0.29565112 -0.27166585  0.35833415]
 [-0.29565112  0.27166585 -0.35833415]
 [ 0.30295529  0.29896208 -0.33103792]
 [-0.07808319  0.30741534 -0.32258466]]","[2245. 2242.  929. 2240. 2225.  946. 1997. 2248.  923. 1850. 2242.  929.
 1855. 2225.  946. 2098. 2248.  923.]","[2247. 2235.  932. 2235. 2200.  969. 1987. 2235.  925. 1853. 2235.  929.
 1859. 2205.  966. 2106. 2239.  924.]","[-17.298    4.867   69.313    1.3428  -0.7935  -0.1831  -0.0859  -0.3154
   0.9766]",118
359,2,"[[-0.30295521 -0.29865477  0.33134523]
 [ 0.07274352 -0.30754104  0.32245896]
 [ 0.29735081 -0.28158427  0.34841573]
 [-0.29735081  0.28158427 -0.34841573]
 [ 0.30295521  0.29865477 -0.33134523]
 [-0.07274352  0.30754104 -0.32245896]]","[2245. 2242.  929. 2241. 2231.  940. 2000. 2248.  923. 1850. 2242.  929.
 1854. 2231.  940. 2095. 2248.  923.]","[2246. 2235.  932. 2236. 2205.  965. 1990. 2236.  924. 1852. 2235.  929.
 1858. 2209.  960. 2103. 2239.  924.]","[-17.232    4.834   69.313    2.5024  -0.6104   0.      -0.0757  -0.3218
   0.9233]",118
360,2,"[[-0.30261453 -0.2983491   0.3316509 ]
 [ 0.06734695 -0.30766347  0.32233653]
 [ 0.2987951  -0.29174637  0.33825363]
 [-0.2987951   0.29174637 -0.33825363]
 [ 0.30261453  0.2983491  -0.3316509 ]
 [-0.06734695  0.30766347 -0.32233653]]","[2245. 2242.  929. 2242. 2238.  933. 2004. 2248.  923. 1850. 2242.  929.
 1853. 2238.  933. 2091. 2248.  923.]","[2247. 2235.  933. 2238. 2209.  961. 1994. 2236.  924. 1852. 2236.  930.
 1857. 2215.  955. 2100. 2239.  924.]","[-17.144    4.812   69.318    1.8921  -0.5493  -0.3662  -0.0703  -0.3345
   0.9238]",118
361,2,"[[-0.30187062 -0.29804485  0.33195515]
 [ 0.06188565 -0.3077826   0.3222174 ]
 [ 0.29998015 -0.29355093  0.33644907]
 [-0.29998015  0.29355093 -0.33644907]
 [ 0.30187062  0.29804485 -0.33195515]
 [-0.06188565  0.3077826  -0.3222174 ]]","[2244. 2242.  929. 2243. 2239.  932. 2007. 2248.  923. 1851. 2242.  929.
 1852. 2239.  932. 2088. 2248.  923.]","[2247. 2235.  934. 2239. 2213.  957. 1997. 2237.  924. 1852. 2236.  930.
 1856. 2218.  951. 2099. 2239.  925.]","[-17.1      4.785   69.307    0.1221  -0.4272  -0.9155  -0.0771  -0.2993
   0.936 ]",118
362,2,"[[-0.30072725 -0.2977423   0.3322577 ]
 [ 0.05635994 -0.3078984   0.3221016 ]
 [ 0.30089889 -0.29371053  0.33628947]
 [-0.30089889  0.29371053 -0.33628947]
 [ 0.30072725  0.2977423  -0.3322577 ]
 [-0.05635994  0.3078984  -0.3221016 ]]","[2244. 2242.  929. 2244. 2239.  932. 2011. 2248.  923. 1851. 2242.  929.
 1851. 2239.  932. 2084. 2248.  923.]","[2246. 2235.  934. 2241. 2216.  955. 2001. 2238.  924. 1852. 2236.  930.
 1855. 2220.  949. 2098. 2239.  924.]","[-17.106    4.757   69.274    0.6104   0.      -1.0376  -0.0835  -0.291
   0.9678]",118
363,2,"[[-0.29918631 -0.29744178  0.33255822]
 [ 0.05077122 -0.30801083  0.32198917]
 [ 0.30154679 -0.29387364  0.33612636]
 [-0.30154679  0.29387364 -0.33612636]
 [ 0.29918631  0.29744178 -0.33255822]
 [-0.05077122  0.30801083 -0.32198917]]","[2243. 2241.  930. 2244. 2239.  932. 2014. 2248.  923. 1852. 2241.  930.
 1851. 2239.  932. 2081. 2248.  923.]","[2246. 2235.  934. 2242. 2216.  953. 2004. 2238.  924. 1852. 2236.  929.
 1854. 2222.  946. 2094. 2239.  924.]","[-1.7095e+01  4.7410e+00  6.9230e+01  5.4930e-01 -6.1000e-02 -1.4038e+00
 -9.9100e-02 -2.8810e-01  9.3410e-01]",118
364,2,"[[-0.29724984 -0.2971436   0.3328564 ]
 [ 0.04512117 -0.30811985  0.32188015]
 [ 0.30191928 -0.2940402   0.3359598 ]
 [-0.30191928  0.2940402  -0.3359598 ]
 [ 0.29724984  0.2971436  -0.3328564 ]
 [-0.04512117  0.30811985 -0.32188015]]","[2241. 2241.  930. 2244. 2239.  932. 2018. 2248.  923. 1854. 2241.  930.
 1851. 2239.  932. 2077. 2248.  923.]","[2245. 2235.  934. 2242. 2217.  953. 2007. 2239.  923. 1852. 2236.  930.
 1854. 2222.  945. 2090. 2239.  925.]","[-1.7084e+01  4.7300e+00  6.9181e+01  6.1000e-02  0.0000e+00 -8.5450e-01
 -1.1330e-01 -2.7390e-01  9.2720e-01]",118
365,2,"[[-0.29492042 -0.29684809  0.33315191]
 [ 0.03941165 -0.30822544  0.32177456]
 [ 0.30202967 -0.29421013  0.33578987]
 [-0.30202967  0.29421013 -0.33578987]
 [ 0.29492042  0.29684809 -0.33315191]
 [-0.03941165  0.30822544 -0.32177456]]","[2240. 2241.  930. 2244. 2239.  932. 2022. 2248.  923. 1855. 2241.  930.
 1851. 2239.  932. 2073. 2248.  923.]","[2245. 2235.  934. 2242. 2216.  952. 2012. 2240.  924. 1853. 2236.  930.
 1854. 2222.  945. 2086. 2239.  925.]","[-17.089    4.73    69.164    0.       0.       0.      -0.0889  -0.2876
   0.9463]",118
366,2,"[[-0.29220112 -0.29655555  0.33344445]
 [ 0.03364465 -0.30832756  0.32167244]
 [ 0.30199673 -0.2943831   0.3356169 ]
 [-0.30199673  0.2943831  -0.3356169 ]
 [ 0.29220112  0.29655555 -0.33344445]
 [-0.03364465  0.30832756 -0.32167244]]","[2238. 2241.  930. 2244. 2239.  932. 2026. 2248.  922. 1857. 2241.  930.
 1851. 2239.  932. 2069. 2248.  922.]","[2244. 2235.  933. 2242. 2216.  953. 2015. 2240.  924. 1853. 2236.  931.
 1854. 2222.  945. 2082. 2238.  924.]","[-1.7095e+01  4.7350e+00  6.9170e+01 -1.2210e-01  0.0000e+00  3.0520e-01
 -5.7100e-02 -2.9100e-01  9.5020e-01]",118
367,2,"[[-0.28909553 -0.2962663   0.3337337 ]
 [ 0.02782227 -0.30842619  0.32157381]
 [ 0.30190297 -0.29455852  0.33544148]
 [-0.30190297  0.29455852 -0.33544148]
 [ 0.28909553  0.2962663  -0.3337337 ]
 [-0.02782227  0.30842619 -0.32157381]]","[2236. 2241.  930. 2244. 2240.  931. 2029. 2249.  922. 1859. 2241.  930.
 1851. 2240.  931. 2066. 2249.  922.]","[2243. 2235.  934. 2242. 2217.  952. 2019. 2240.  923. 1855. 2237.  930.
 1854. 2223.  946. 2078. 2239.  924.]","[-1.7095e+01  4.7410e+00  6.9175e+01 -6.1000e-02  0.0000e+00  1.2210e-01
 -5.8600e-02 -3.0030e-01  9.4580e-01]",118
368,2,"[[-0.28560777 -0.29598066  0.33401934]
 [ 0.02194674 -0.30852129  0.32147871]
 [ 0.30175168 -0.29473615  0.33526385]
 [-0.30175168  0.29473615 -0.33526385]
 [ 0.28560777  0.29598066 -0.33401934]
 [-0.02194674  0.30852129 -0.32147871]]","[2234. 2240.  931. 2244. 2240.  931. 2033. 2249.  922. 1861. 2240.  931.
 1851. 2240.  931. 2062. 2249.  922.]","[2242. 2235.  934. 2242. 2217.  953. 2022. 2240.  923. 1857. 2237.  930.
 1853. 2222.  946. 2075. 2238.  924.]","[-1.7100e+01  4.7410e+00  6.9181e+01 -1.2210e-01 -6.1000e-02  6.1000e-02
 -7.9100e-02 -3.1100e-01  9.4140e-01]",118
369,2,"[[-0.28174244 -0.29569893  0.33430107]
 [ 0.0160204  -0.30861283  0.32138717]
 [ 0.30153648 -0.29491586  0.33508414]
 [-0.30153648  0.29491586 -0.33508414]
 [ 0.28174244  0.29569893 -0.33430107]
 [-0.0160204   0.30861283 -0.32138717]]","[2231. 2240.  931. 2244. 2240.  931. 2037. 2249.  922. 1864. 2240.  931.
 1851. 2240.  931. 2058. 2249.  922.]","[2241. 2235.  934. 2242. 2217.  952. 2027. 2240.  923. 1858. 2237.  930.
 1854. 2223.  945. 2072. 2238.  924.]","[-1.7111e+01  4.7350e+00  6.9186e+01 -1.2210e-01 -6.1000e-02  1.8310e-01
 -8.9400e-02 -3.1740e-01  9.5120e-01]",118
370,2,"[[-0.27750465 -0.29542142  0.33457858]
 [ 0.01004571 -0.30870078  0.32129922]
 [ 0.30125285 -0.29509756  0.33490244]
 [-0.30125285  0.29509756 -0.33490244]
 [ 0.27750465  0.29542142 -0.33457858]
 [-0.01004571  0.30870078 -0.32129922]]","[2228. 2240.  931. 2244. 2240.  931. 2041. 2249.  922. 1867. 2240.  931.
 1851. 2240.  931. 2054. 2249.  922.]","[2239. 2235.  933. 2242. 2217.  952. 2029. 2241.  923. 1860. 2237.  930.
 1853. 2222.  945. 2069. 2239.  924.]","[-1.7117e+01  4.7350e+00  6.9197e+01  0.0000e+00 -6.1000e-02  2.4410e-01
 -7.9100e-02 -3.0860e-01  9.4380e-01]",118
371,2,"[[-0.27290001 -0.29514844  0.33485156]
 [ 0.00402522 -0.30878512  0.32121488]
 [ 0.30089776 -0.29528115  0.33471885]
 [-0.30089776  0.29528115 -0.33471885]
 [ 0.27290001  0.29514844 -0.33485156]
 [-0.00402522  0.30878512 -0.32121488]]","[2225. 2240.  931. 2244. 2240.  931. 2045. 2249.  922. 1870. 2240.  931.
 1851. 2240.  931. 2050. 2249.  922.]","[2237. 2235.  934. 2242. 2217.  952. 2033. 2241.  923. 1861. 2237.  930.
 1854. 2223.  945. 2064. 2239.  924.]","[-1.7122e+01  4.7410e+00  6.9203e+01  0.0000e+00  0.0000e+00  6.1000e-02
 -7.1300e-02 -3.0130e-01  9.5610e-01]",118
372,2,"[[-0.2679346  -0.29488027  0.33511973]
 [-0.0020384  -0.30886582  0.32113418]
 [ 0.30046887 -0.29546654  0.33453346]
 [-0.30046887  0.29546654 -0.33453346]
 [ 0.2679346   0.29488027 -0.33511973]
 [ 0.0020384   0.30886582 -0.32113418]]","[2222. 2240.  931. 2243. 2240.  931. 2049. 2249.  922. 1873. 2240.  931.
 1852. 2240.  931. 2046. 2249.  922.]","[2235. 2235.  934. 2242. 2217.  952. 2036. 2241.  923. 1863. 2237.  930.
 1854. 2222.  945. 2061. 2239.  924.]","[-1.7122e+01  4.7350e+00  6.9197e+01  1.2210e-01  6.1000e-02 -3.0520e-01
 -7.9100e-02 -2.8710e-01  9.5410e-01]",118
373,2,"[[-0.26261498 -0.29461723  0.33538277]
 [-0.00814236 -0.30894285  0.32105715]
 [ 0.29996415 -0.29565364  0.33434636]
 [-0.29996415  0.29565364 -0.33434636]
 [ 0.26261498  0.29461723 -0.33538277]
 [ 0.00814236  0.30894285 -0.32105715]]","[2219. 2240.  931. 2243. 2240.  931. 2053. 2249.  922. 1876. 2240.  931.
 1852. 2240.  931. 2042. 2249.  922.]","[2234. 2235.  934. 2242. 2217.  952. 2040. 2242.  923. 1866. 2237.  930.
 1854. 2223.  945. 2057. 2239.  923.]","[-1.7117e+01  4.7350e+00  6.9186e+01  6.1000e-02  6.1000e-02 -2.4410e-01
 -9.3300e-02 -2.8610e-01  9.4380e-01]",118
374,2,"[[-0.25694819 -0.2943596   0.3356404 ]
 [-0.0142838  -0.30901618  0.32098382]
 [ 0.29938164 -0.29584234  0.33415766]
 [-0.29938164  0.29584234 -0.33415766]
 [ 0.25694819  0.2943596  -0.3356404 ]
 [ 0.0142838   0.30901618 -0.32098382]]","[2215. 2239.  932. 2243. 2240.  931. 2057. 2249.  922. 1880. 2239.  932.
 1852. 2240.  931. 2038. 2249.  922.]","[2232. 2235.  934. 2242. 2217.  952. 2043. 2242.  923. 1870. 2237.  930.
 1854. 2222.  945. 2054. 2239.  923.]","[-17.117    4.735   69.181    0.       0.       0.      -0.0864  -0.2822
   0.9556]",118
375,2,"[[-0.25094173 -0.29410767  0.33589233]
 [-0.0204597  -0.30908579  0.32091421]
 [ 0.29871944 -0.29603257  0.33396743]
 [-0.29871944  0.29603257 -0.33396743]
 [ 0.25094173  0.29410767 -0.33589233]
 [ 0.0204597   0.30908579 -0.32091421]]","[2211. 2239.  932. 2242. 2240.  930. 2061. 2249.  922. 1884. 2239.  932.
 1853. 2240.  930. 2034. 2249.  922.]","[2230. 2234.  935. 2242. 2217.  952. 2046. 2242.  923. 1873. 2237.  931.
 1854. 2223.  946. 2051. 2239.  923.]","[-1.7117e+01  4.7350e+00  6.9186e+01 -6.1000e-02  0.0000e+00  6.1000e-02
 -7.9600e-02 -2.8420e-01  9.5210e-01]",118
376,2,"[[-0.24460352 -0.29386172  0.33613828]
 [-0.02666699 -0.30915166  0.32084834]
 [ 0.29797566 -0.29622423  0.33377577]
 [-0.29797566  0.29622423 -0.33377577]
 [ 0.24460352  0.29386172 -0.33613828]
 [ 0.02666699  0.30915166 -0.32084834]]","[2207. 2239.  932. 2242. 2241.  930. 2065. 2249.  922. 1888. 2239.  932.
 1853. 2241.  930. 2030. 2249.  922.]","[2228. 2234.  935. 2242. 2217.  952. 2049. 2242.  923. 1876. 2237.  931.
 1854. 2223.  945. 2047. 2239.  923.]","[-1.7117e+01  4.7350e+00  6.9186e+01 -1.2210e-01  0.0000e+00 -6.1000e-02
 -7.9100e-02 -2.9440e-01  9.5120e-01]",118
377,2,"[[-0.23794196 -0.29362202  0.33637798]
 [-0.03290247 -0.30921375  0.32078625]
 [ 0.29714842 -0.29641724  0.33358276]
 [-0.29714842  0.29641724 -0.33358276]
 [ 0.23794196  0.29362202 -0.33637798]
 [ 0.03290247  0.30921375 -0.32078625]]","[2203. 2239.  932. 2241. 2241.  930. 2069. 2249.  922. 1892. 2239.  932.
 1854. 2241.  930. 2026. 2249.  922.]","[2225. 2234.  935. 2242. 2217.  951. 2052. 2243.  923. 1879. 2237.  931.
 1854. 2224.  945. 2043. 2239.  923.]","[-17.122    4.73    69.181   -0.1831  -0.1221  -0.2441  -0.0762  -0.3047
   0.9473]",118
378,2,"[[-0.23096584 -0.29134402  0.33865598]
 [-0.03916283 -0.30927205  0.32072795]
 [ 0.29623583 -0.2966115   0.3333885 ]
 [-0.29623583  0.2966115  -0.3333885 ]
 [ 0.23096584  0.29134402 -0.33865598]
 [ 0.03916283  0.30927205 -0.32072795]]","[2198. 2237.  934. 2241. 2241.  930. 2073. 2249.  922. 1897. 2237.  934.
 1854. 2241.  930. 2022. 2249.  922.]","[2220. 2234.  935. 2241. 2218.  951. 2056. 2243.  923. 1883. 2237.  931.
 1854. 2224.  944. 2040. 2239.  924.]","[-17.128    4.724   69.17    -0.2441  -0.1221  -0.2441  -0.0693  -0.3135
   0.9502]",118
379,2,"[[-0.22368438 -0.27625294  0.35374706]
 [-0.04544469 -0.30932654  0.32067346]
 [ 0.29523602 -0.29680694  0.33319306]
 [-0.29523602  0.29680694 -0.33319306]
 [ 0.22368438  0.27625294 -0.35374706]
 [ 0.04544469  0.30932654 -0.32067346]]","[2193. 2228.  943. 2240. 2241.  930. 2077. 2249.  922. 1902. 2228.  943.
 1855. 2241.  930. 2018. 2249.  922.]","[2216. 2234.  935. 2242. 2220.  951. 2060. 2242.  923. 1886. 2237.  932.
 1854. 2224.  945. 2036. 2239.  923.]","[-1.7133e+01  4.7130e+00  6.9159e+01  0.0000e+00 -6.1000e-02 -3.6620e-01
 -6.9800e-02 -3.1010e-01  9.6730e-01]",118
380,2,"[[-0.21610723 -0.26163224  0.36836776]
 [-0.05174455 -0.30937718  0.32062282]
 [ 0.29414713 -0.29700345  0.33299655]
 [-0.29414713  0.29700345 -0.33299655]
 [ 0.21610723  0.26163224 -0.36836776]
 [ 0.05174455  0.30937718 -0.32062282]]","[2188. 2218.  953. 2239. 2241.  930. 2081. 2249.  922. 1907. 2218.  953.
 1856. 2241.  930. 2014. 2249.  922.]","[2212. 2231.  938. 2241. 2220.  951. 2064. 2243.  923. 1891. 2234.  934.
 1854. 2224.  945. 2033. 2239.  924.]","[-17.128    4.702   69.153    0.3662  -0.1831  -0.1831  -0.0869  -0.3135
   0.9458]",118
381,2,"[[-0.20824438 -0.24749876  0.38250124]
 [-0.05805883 -0.30942396  0.32057604]
 [ 0.29296732 -0.29720096  0.33279904]
 [-0.29296732  0.29720096 -0.33279904]
 [ 0.20824438  0.24749876 -0.38250124]
 [ 0.05805883  0.30942396 -0.32057604]]","[2183. 2209.  962. 2238. 2241.  930. 2085. 2249.  922. 1912. 2209.  962.
 1857. 2241.  930. 2010. 2249.  922.]","[2207. 2225.  941. 2241. 2220.  950. 2068. 2243.  923. 1896. 2230.  938.
 1855. 2224.  944. 2030. 2238.  923.]","[-1.7117e+01  4.6910e+00  6.9153e+01  3.0520e-01 -3.0520e-01  6.1000e-02
 -8.5000e-02 -2.9980e-01  9.2090e-01]",118
382,2,"[[-0.20010624 -0.23386892  0.39613108]
 [-0.06438385 -0.30946685  0.32053315]
 [ 0.29169476 -0.29739939  0.33260061]
 [-0.29169476  0.29739939 -0.33260061]
 [ 0.20010624  0.23386892 -0.39613108]
 [ 0.06438385  0.30946685 -0.32053315]]","[2178. 2200.  971. 2238. 2241.  930. 2089. 2249.  922. 1917. 2200.  971.
 1857. 2241.  930. 2006. 2249.  922.]","[2202. 2219.  945. 2241. 2220.  949. 2072. 2243.  923. 1900. 2226.  945.
 1856. 2224.  944. 2027. 2239.  923.]","[-1.7117e+01  4.6690e+00  6.9159e+01  0.0000e+00 -6.1040e-01 -6.1000e-02
 -6.3000e-02 -2.6510e-01  9.4140e-01]",118
383,2,"[[-0.19170356 -0.22075862  0.40924138]
 [-0.07071585 -0.30950585  0.32049415]
 [ 0.29032764 -0.29759864  0.33240136]
 [-0.29032764  0.29759864 -0.33240136]
 [ 0.19170356  0.22075862 -0.40924138]
 [ 0.07071585  0.30950585 -0.32049415]]","[2172. 2191.  980. 2237. 2242.  929. 2094. 2249.  922. 1923. 2191.  980.
 1858. 2242.  929. 2001. 2249.  922.]","[2196. 2212.  953. 2240. 2220.  946. 2075. 2242.  923. 1905. 2218.  954.
 1857. 2224.  944. 2024. 2239.  923.]","[-1.7111e+01  4.6580e+00  6.9148e+01  0.0000e+00  6.1000e-02 -4.2720e-01
 -6.2500e-02 -2.4120e-01  9.7170e-01]",118
384,2,"[[-0.18304745 -0.20818328  0.42181672]
 [-0.07705099 -0.30954092  0.32045908]
 [ 0.28886418 -0.29779864  0.33220136]
 [-0.28886418  0.29779864 -0.33220136]
 [ 0.18304745  0.20818328 -0.42181672]
 [ 0.07705099  0.30954092 -0.32045908]]","[2167. 2183.  988. 2236. 2242.  929. 2098. 2249.  922. 1928. 2183.  988.
 1859. 2242.  929. 1997. 2249.  922.]","[2187. 2207.  962. 2238. 2220.  944. 2080. 2242.  923. 1913. 2210.  962.
 1858. 2224.  944. 2019. 2239.  923.]","[-1.7111e+01  4.6200e+00  6.9109e+01 -2.4410e-01 -6.7140e-01 -1.2817e+00
 -6.5400e-02 -2.1780e-01  9.2140e-01]",118
385,2,"[[-0.17414936 -0.19615779  0.43384221]
 [-0.08338532 -0.30957205  0.32042795]
 [ 0.28730264 -0.29799931  0.33200069]
 [-0.28730264  0.29799931 -0.33200069]
 [ 0.17414936  0.19615779 -0.43384221]
 [ 0.08338532  0.30957205 -0.32042795]]","[2161. 2175.  996. 2235. 2242.  929. 2102. 2249.  922. 1934. 2175.  996.
 1860. 2242.  929. 1993. 2249.  922.]","[2180. 2202.  971. 2235. 2220.  943. 2085. 2242.  923. 1919. 2201.  971.
 1859. 2224.  944. 2014. 2239.  923.]","[-17.144    4.554   69.071   -1.4038  -1.3428  -1.5259  -0.1006  -0.2217
   0.9507]",118
386,2,"[[-0.16502104 -0.18469649  0.44530351]
 [-0.08971485 -0.30959923  0.32040077]
 [ 0.28564131 -0.29820055  0.33179945]
 [-0.28564131  0.29820055 -0.33179945]
 [ 0.16502104  0.18469649 -0.44530351]
 [ 0.08971485  0.30959923 -0.32040077]]","[2155. 2168. 1003. 2234. 2242.  929. 2106. 2249.  922. 1940. 2168. 1003.
 1861. 2242.  929. 1989. 2249.  922.]","[2173. 2193.  980. 2233. 2220.  942. 2089. 2242.  923. 1923. 2193.  980.
 1860. 2224.  942. 2009. 2240.  923.]","[-17.188    4.504   69.06    -1.77    -1.3428  -0.3662  -0.1797  -0.2295
   0.9971]",118
387,2,"[[-0.15567458 -0.17381317  0.45618683]
 [-0.09603547 -0.30962242  0.32037758]
 [ 0.28387851 -0.2984023   0.3315977 ]
 [-0.28387851  0.2984023  -0.3315977 ]
 [ 0.15567458  0.17381317 -0.45618683]
 [ 0.09603547  0.30962242 -0.32037758]]","[2149. 2161. 1010. 2233. 2242.  929. 2110. 2249.  922. 1946. 2161. 1010.
 1862. 2242.  929. 1985. 2249.  922.]","[2166. 2185.  987. 2232. 2220.  942. 2094. 2242.  923. 1928. 2184.  988.
 1861. 2225.  941. 2003. 2241.  922.]","[-17.232    4.455   69.115   -2.0142  -1.9531   1.2817  -0.0806  -0.2617
   0.9434]",118
388,2,"[[-0.14612231 -0.16352103  0.46647897]
 [-0.10234304 -0.30964163  0.32035837]
 [ 0.28201261 -0.29860447  0.33139553]
 [-0.28201261  0.29860447 -0.33139553]
 [ 0.14612231  0.16352103 -0.46647897]
 [ 0.10234304  0.30964163 -0.32035837]]","[2143. 2154. 1017. 2231. 2242.  929. 2114. 2249.  922. 1952. 2154. 1017.
 1864. 2242.  929. 1981. 2249.  922.]","[2159. 2177.  996. 2231. 2220.  941. 2100. 2241.  923. 1936. 2177.  996.
 1863. 2226.  940. 1998. 2241.  923.]","[-1.7281e+01  4.4220e+00  6.9181e+01 -2.0752e+00 -1.4038e+00  1.0986e+00
 -3.1200e-02 -3.0710e-01  9.6880e-01]",118
389,2,"[[-0.13637687 -0.15383268  0.47616732]
 [-0.10863333 -0.30965684  0.32034316]
 [ 0.28004204 -0.29880698  0.33119302]
 [-0.28004204  0.29880698 -0.33119302]
 [ 0.13637687  0.15383268 -0.47616732]
 [ 0.10863333  0.30965684 -0.32034316]]","[2136. 2148. 1023. 2230. 2242.  929. 2118. 2249.  922. 1959. 2148. 1023.
 1865. 2242.  929. 1977. 2249.  922.]","[2150. 2170. 1003. 2230. 2220.  939. 2104. 2241.  923. 1942. 2170. 1003.
 1864. 2226.  939. 1994. 2241.  923.]","[-1.7331e+01  4.3890e+00  6.9186e+01 -1.4648e+00 -6.7140e-01 -4.8830e-01
 -2.5400e-02 -3.8130e-01  9.8440e-01]",118
390,2,"[[-0.12645115 -0.1447601   0.4852399 ]
 [-0.11490204 -0.30966803  0.32033197]
 [ 0.27796527 -0.29900975  0.33099025]
 [-0.27796527  0.29900975 -0.33099025]
 [ 0.12645115  0.1447601  -0.4852399 ]
 [ 0.11490204  0.30966803 -0.32033197]]","[2130. 2142. 1029. 2229. 2242.  929. 2122. 2249.  922. 1965. 2142. 1029.
 1866. 2242.  929. 1973. 2249.  922.]","[2143. 2163. 1010. 2229. 2220.  938. 2108. 2242.  923. 1946. 2162. 1010.
 1865. 2227.  939. 1990. 2241.  923.]","[-1.7347e+01  4.3730e+00  6.9131e+01 -1.8310e-01  2.4410e-01 -1.5259e+00
 -3.8100e-02 -3.8620e-01  9.3990e-01]",118
391,2,"[[-0.11635826 -0.13631463  0.49368537]
 [-0.12114482 -0.30967523  0.32032477]
 [ 0.27578081 -0.29921271  0.33078729]
 [-0.27578081  0.29921271 -0.33078729]
 [ 0.11635826  0.13631463 -0.49368537]
 [ 0.12114482  0.30967523 -0.32032477]]","[2123. 2136. 1035. 2227. 2243.  928. 2126. 2249.  922. 1972. 2136. 1035.
 1868. 2243.  928. 1969. 2249.  922.]","[2138. 2156. 1017. 2227. 2220.  938. 2112. 2242.  923. 1953. 2156. 1016.
 1867. 2226.  939. 1987. 2241.  923.]","[-17.353    4.362   69.066    0.1831   0.4883  -1.77    -0.0918  -0.396
   0.9062]",118
392,2,"[[-0.10611155 -0.128507    0.501493  ]
 [-0.12735725 -0.30967855  0.32032145]
 [ 0.27348727 -0.29941577  0.33058423]
 [-0.27348727  0.29941577 -0.33058423]
 [ 0.10611155  0.128507   -0.501493  ]
 [ 0.12735725  0.30967855 -0.32032145]]","[2117. 2131. 1040. 2226. 2243.  928. 2131. 2249.  922. 1978. 2131. 1040.
 1869. 2243.  928. 1964. 2249.  922.]","[2135. 2149. 1023. 2226. 2220.  937. 2114. 2242.  923. 1960. 2150. 1023.
 1868. 2227.  938. 1983. 2241.  923.]","[-1.7364e+01  4.3510e+00  6.9022e+01  6.1000e-02  0.0000e+00 -7.9350e-01
 -9.9100e-02 -3.6570e-01  9.2240e-01]",118
393,2,"[[-0.09572456 -0.12134722  0.50865278]
 [-0.13353488 -0.30967743  0.32032257]
 [ 0.27108329 -0.29961885  0.33038115]
 [-0.27108329  0.29961885 -0.33038115]
 [ 0.09572456  0.12134722 -0.50865278]
 [ 0.13353488  0.30967743 -0.32032257]]","[2110. 2127. 1044. 2224. 2243.  928. 2135. 2249.  922. 1985. 2127. 1044.
 1871. 2243.  928. 1960. 2249.  922.]","[2132. 2143. 1029. 2225. 2220.  937. 2117. 2242.  924. 1966. 2144. 1029.
 1869. 2226.  938. 1979. 2241.  923.]","[-17.38     4.345   69.016    0.1221  -0.1221   0.      -0.0923  -0.3413
   0.9321]",118
394,2,"[[-0.08521102 -0.11484466  0.51515534]
 [-0.13967319 -0.30966652  0.32033348]
 [ 0.26856759 -0.29982189  0.33017811]
 [-0.26856759  0.29982189 -0.33017811]
 [ 0.08521102  0.11484466 -0.51515534]
 [ 0.13967319  0.30966652 -0.32033348]]","[2103. 2122. 1049. 2223. 2243.  928. 2139. 2249.  922. 1992. 2122. 1049.
 1872. 2243.  928. 1956. 2249.  922.]","[2125. 2138. 1035. 2224. 2220.  937. 2120. 2242.  924. 1972. 2138. 1034.
 1871. 2226.  937. 1975. 2241.  923.]","[-1.7397e+01  4.3450e+00  6.9022e+01  1.2210e-01 -1.2210e-01  6.1000e-02
 -6.2500e-02 -3.0960e-01  9.5170e-01]",118
395,2,"[[-0.07458484 -0.10900796  0.52099204]
 [-0.14576762 -0.3096408   0.3203592 ]
 [ 0.26593896 -0.3000248   0.3299752 ]
 [-0.26593896  0.3000248  -0.3299752 ]
 [ 0.07458484  0.10900796 -0.52099204]
 [ 0.14576762  0.3096408  -0.3203592 ]]","[2096. 2119. 1052. 2221. 2243.  928. 2143. 2249.  922. 1999. 2119. 1052.
 1874. 2243.  928. 1952. 2249.  922.]","[2116. 2133. 1040. 2223. 2220.  937. 2124. 2242.  923. 1979. 2133. 1039.
 1872. 2226.  936. 1970. 2241.  923.]","[-1.7402e+01  4.3450e+00  6.9016e+01  4.2720e-01  6.1000e-02 -2.4410e-01
 -8.2500e-02 -2.8810e-01  9.6480e-01]",118
396,2,"[[-0.06386006 -0.10384509  0.52615491]
 [-0.15181358 -0.30960184  0.32039816]
 [ 0.26319628 -0.30022751  0.32977249]
 [-0.26319628  0.30022751 -0.32977249]
 [ 0.06386006  0.10384509 -0.52615491]
 [ 0.15181358  0.30960184 -0.32039816]]","[2089. 2115. 1056. 2219. 2243.  928. 2146. 2249.  922. 2006. 2115. 1056.
 1876. 2243.  928. 1949. 2249.  922.]","[2109. 2128. 1044. 2222. 2220.  937. 2127. 2242.  923. 1986. 2129. 1044.
 1874. 2226.  936. 1967. 2241.  923.]","[-1.7397e+01  4.3450e+00  6.9000e+01  3.0520e-01  1.2210e-01 -3.6620e-01
 -6.2000e-02 -2.7780e-01  9.4580e-01]",118
397,2,"[[-0.05305086 -0.09936326  0.53063674]
 [-0.15780644 -0.30955042  0.32044958]
 [ 0.26033849 -0.30042994  0.32957006]
 [-0.26033849  0.30042994 -0.32957006]
 [ 0.05305086  0.09936326 -0.53063674]
 [ 0.15780644  0.30955042 -0.32044958]]","[2082. 2112. 1059. 2217. 2243.  928. 2150. 2249.  922. 2013. 2112. 1059.
 1878. 2243.  928. 1945. 2249.  922.]","[2102. 2125. 1049. 2220. 2220.  936. 2130. 2242.  924. 1993. 2124. 1048.
 1876. 2226.  936. 1963. 2241.  923.]","[-17.391    4.345   68.972    0.2441   0.1831  -0.7324  -0.084   -0.2622
   0.9634]",118
398,2,"[[-0.04217152 -0.09556897  0.53443103]
 [-0.16374152 -0.30948677  0.32051323]
 [ 0.25736462 -0.30063202  0.32936798]
 [-0.25736462  0.30063202 -0.32936798]
 [ 0.04217152  0.09556897 -0.53443103]
 [ 0.16374152  0.30948677 -0.32051323]]","[2075. 2110. 1061. 2215. 2243.  927. 2154. 2249.  922. 2020. 2110. 1061.
 1880. 2243.  927. 1941. 2249.  922.]","[2094. 2120. 1052. 2218. 2220.  936. 2133. 2242.  923. 1999. 2120. 1051.
 1878. 2226.  935. 1959. 2241.  923.]","[-17.397    4.345   68.939    0.       0.1221  -0.7324  -0.0835  -0.2759
   0.9458]",118
399,2,"[[-0.03123643 -0.09246797  0.53753203]
 [-0.16961415 -0.30941111  0.32058889]
 [ 0.25427379 -0.30083367  0.32916633]
 [-0.25427379  0.30083367 -0.32916633]
 [ 0.03123643  0.09246797 -0.53753203]
 [ 0.16961415  0.30941111 -0.32058889]]","[2068. 2108. 1063. 2213. 2244.  927. 2158. 2249.  922. 2027. 2108. 1063.
 1882. 2244.  927. 1937. 2249.  922.]","[2087. 2117. 1056. 2215. 2220.  936. 2137. 2242.  924. 2006. 2117. 1054.
 1880. 2226.  935. 1955. 2241.  923.]","[-1.7402e+01  4.3400e+00  6.8923e+01 -1.8310e-01 -6.1000e-02 -4.2720e-01
 -7.6700e-02 -2.9300e-01  9.4970e-01]",118
400,2,"[[-0.02026005 -0.09006524  0.53993476]
 [-0.17541962 -0.30932362  0.32067638]
 [ 0.25106522 -0.30103481  0.32896519]
 [-0.25106522  0.30103481 -0.32896519]
 [ 0.02026005  0.09006524 -0.53993476]
 [ 0.17541962  0.30932362 -0.32067638]]","[2061. 2106. 1065. 2211. 2244.  927. 2162. 2249.  922. 2034. 2106. 1065.
 1884. 2244.  927. 1933. 2249.  922.]","[2080. 2115. 1058. 2214. 2220.  936. 2140. 2242.  924. 2013. 2114. 1058.
 1882. 2226.  935. 1950. 2241.  923.]","[-17.408    4.334   68.917   -0.2441  -0.1221  -0.1831  -0.0796  -0.3032
   0.958 ]",118
401,2,"[[-0.00925689 -0.08836507  0.54163493]
 [-0.1811532  -0.30922453  0.32077547]
 [ 0.2477382  -0.30123537  0.32876463]
 [-0.2477382   0.30123537 -0.32876463]
 [ 0.00925689  0.08836507 -0.54163493]
 [ 0.1811532   0.30922453 -0.32077547]]","[2054. 2105. 1066. 2209. 2244.  927. 2166. 2249.  922. 2041. 2105. 1066.
 1886. 2244.  927. 1929. 2249.  922.]","[2073. 2112. 1061. 2212. 2220.  935. 2143. 2242.  924. 2022. 2112. 1061.
 1884. 2226.  934. 1946. 2241.  923.]","[-1.7408e+01  4.3340e+00  6.8923e+01 -6.1000e-02  0.0000e+00  1.2210e-01
 -7.3200e-02 -3.0760e-01  9.3550e-01]",118
402,2,"[[ 0.00175851 -0.08737178  0.54262822]
 [-0.18681016 -0.30911405  0.32088595]
 [ 0.24429214 -0.30143528  0.32856472]
 [-0.24429214  0.30143528 -0.32856472]
 [-0.00175851  0.08737178 -0.54262822]
 [ 0.18681016  0.30911405 -0.32088595]]","[2046. 2104. 1067. 2207. 2244.  927. 2169. 2249.  922. 2049. 2104. 1067.
 1888. 2244.  927. 1926. 2249.  922.]","[2066. 2110. 1063. 2209. 2220.  935. 2147. 2242.  924. 2028. 2110. 1062.
 1886. 2226.  934. 1942. 2241.  923.]","[-1.7419e+01  4.3230e+00  6.8928e+01 -2.4410e-01 -3.0520e-01  6.1000e-02
 -5.8600e-02 -3.1010e-01  9.4340e-01]",118
403,2,"[[ 0.01277159 -0.08709884  0.54290116]
 [-0.19238575 -0.30899241  0.32100759]
 [ 0.24072655 -0.30163446  0.32836554]
 [-0.24072655  0.30163446 -0.32836554]
 [-0.01277159  0.08709884 -0.54290116]
 [ 0.19238575  0.30899241 -0.32100759]]","[2039. 2104. 1067. 2204. 2244.  927. 2173. 2249.  922. 2056. 2104. 1067.
 1891. 2244.  927. 1922. 2249.  922.]","[2059. 2109. 1064. 2207. 2220.  935. 2150. 2242.  924. 2035. 2108. 1064.
 1889. 2226.  934. 1938. 2241.  923.]","[-1.7430e+01  4.3180e+00  6.8928e+01 -1.8310e-01 -1.8310e-01 -6.1000e-02
 -7.3200e-02 -3.1740e-01  9.6190e-01]",118
404,2,"[[ 0.02376778 -0.08747568  0.54252432]
 [-0.19787524 -0.30885986  0.32114014]
 [ 0.23704104 -0.30183284  0.32816716]
 [-0.23704104  0.30183284 -0.32816716]
 [-0.02376778  0.08747568 -0.54252432]
 [ 0.19787524  0.30885986 -0.32114014]]","[2032. 2105. 1066. 2202. 2244.  927. 2176. 2249.  922. 2063. 2105. 1066.
 1893. 2244.  927. 1919. 2249.  922.]","[2051. 2107. 1065. 2205. 2220.  935. 2154. 2242.  924. 2042. 2107. 1065.
 1891. 2226.  933. 1935. 2241.  923.]","[-1.7430e+01  4.3180e+00  6.8923e+01  0.0000e+00  6.1000e-02 -1.2210e-01
 -7.6200e-02 -3.1300e-01  9.3990e-01]",118
405,2,"[[ 0.03473255 -0.08797229  0.54202771]
 [-0.20327389 -0.30871664  0.32128336]
 [ 0.23323531 -0.30203035  0.32796965]
 [-0.23323531  0.30203035 -0.32796965]
 [-0.03473255  0.08797229 -0.54202771]
 [ 0.20327389  0.30871664 -0.32128336]]","[2025. 2105. 1066. 2200. 2244.  927. 2180. 2249.  922. 2070. 2105. 1066.
 1895. 2244.  927. 1915. 2249.  922.]","[2044. 2107. 1065. 2203. 2220.  934. 2158. 2242.  923. 2049. 2107. 1065.
 1893. 2226.  933. 1930. 2241.  923.]","[-17.441    4.312   68.912   -0.1221   0.      -0.2441  -0.0747  -0.3198
   0.9341]",118
406,2,"[[ 0.0456514  -0.08856886  0.54143114]
 [-0.20857698 -0.30856301  0.32143699]
 [ 0.2293092  -0.3022269   0.3277731 ]
 [-0.2293092   0.3022269  -0.3277731 ]
 [-0.0456514   0.08856886 -0.54143114]
 [ 0.20857698  0.30856301 -0.32143699]]","[2018. 2105. 1066. 2197. 2245.  926. 2183. 2249.  922. 2077. 2105. 1066.
 1898. 2245.  926. 1912. 2249.  922.]","[2037. 2107. 1065. 2201. 2220.  934. 2161. 2242.  924. 2056. 2107. 1065.
 1895. 2226.  933. 1928. 2241.  923.]","[-1.7452e+01  4.3070e+00  6.8906e+01 -1.2210e-01 -6.1000e-02 -1.8310e-01
 -7.4200e-02 -3.1590e-01  9.5410e-01]",118
407,2,"[[ 0.05650991 -0.08935017  0.54064983]
 [-0.21377979 -0.30839924  0.32160076]
 [ 0.22526264 -0.30242244  0.32757756]
 [-0.22526264  0.30242244 -0.32757756]
 [-0.05650991  0.08935017 -0.54064983]
 [ 0.21377979  0.30839924 -0.32160076]]","[2011. 2106. 1065. 2194. 2245.  926. 2187. 2249.  922. 2084. 2106. 1065.
 1901. 2245.  926. 1908. 2249.  922.]","[2030. 2107. 1065. 2199. 2220.  934. 2164. 2241.  923. 2064. 2107. 1065.
 1897. 2226.  933. 1924. 2241.  923.]","[-17.457    4.312   68.912    0.       0.       0.1221  -0.0781  -0.3159
   0.9424]",118
408,2,"[[ 0.06729371 -0.09033917  0.53966083]
 [-0.21887764 -0.3082256   0.3217744 ]
 [ 0.22109569 -0.30261687  0.32738313]
 [-0.22109569  0.30261687 -0.32738313]
 [-0.06729371  0.09033917 -0.53966083]
 [ 0.21887764  0.3082256  -0.3217744 ]]","[2004. 2106. 1065. 2192. 2245.  926. 2190. 2248.  923. 2091. 2106. 1065.
 1903. 2245.  926. 1905. 2248.  923.]","[2023. 2107. 1065. 2196. 2220.  935. 2168. 2242.  924. 2070. 2107. 1065.
 1900. 2226.  932. 1921. 2241.  923.]","[-17.463    4.312   68.928    0.      -0.1831   0.3662  -0.0708  -0.2998
   0.9448]",118
409,2,"[[ 0.07798855 -0.09154401  0.53845599]
 [-0.22386587 -0.30804238  0.32195762]
 [ 0.21680853 -0.30281014  0.32718986]
 [-0.21680853  0.30281014 -0.32718986]
 [-0.07798855  0.09154401 -0.53845599]
 [ 0.22386587  0.30804238 -0.32195762]]","[1997. 2107. 1064. 2189. 2245.  926. 2193. 2248.  923. 2098. 2107. 1064.
 1906. 2245.  926. 1902. 2248.  923.]","[2016. 2107. 1065. 2193. 2220.  934. 2170. 2242.  924. 2077. 2107. 1065.
 1902. 2226.  932. 1916. 2241.  923.]","[-1.7468e+01  4.3070e+00  6.8945e+01 -6.1000e-02 -2.4410e-01  4.2720e-01
 -5.7100e-02 -2.9050e-01  9.5950e-01]",118
410,2,"[[ 0.08858029 -0.0929699   0.5370301 ]
 [-0.22873984 -0.30784986  0.32215014]
 [ 0.21240145 -0.30300217  0.32699783]
 [-0.21240145  0.30300217 -0.32699783]
 [-0.08858029  0.0929699  -0.5370301 ]
 [ 0.22873984  0.30784986 -0.32215014]]","[1990. 2108. 1063. 2186. 2245.  926. 2197. 2248.  923. 2105. 2108. 1063.
 1909. 2245.  926. 1898. 2248.  923.]","[2009. 2107. 1064. 2191. 2220.  934. 2174. 2242.  924. 2085. 2107. 1064.
 1905. 2226.  931. 1913. 2241.  924.]","[-1.7463e+01  4.3010e+00  6.8945e+01  6.1000e-02  0.0000e+00  0.0000e+00
 -7.4200e-02 -2.8810e-01  9.5700e-01]",118
411,2,"[[ 0.09905493 -0.09462143  0.53537857]
 [-0.23349496 -0.30764834  0.32235166]
 [ 0.20787486 -0.30319289  0.32680711]
 [-0.20787486  0.30319289 -0.32680711]
 [-0.09905493  0.09462143 -0.53537857]
 [ 0.23349496  0.30764834 -0.32235166]]","[1983. 2109. 1062. 2183. 2245.  926. 2200. 2248.  923. 2112. 2109. 1062.
 1912. 2245.  926. 1895. 2248.  923.]","[2002. 2108. 1064. 2187. 2220.  934. 2178. 2242.  924. 2092. 2108. 1064.
 1909. 2226.  930. 1909. 2241.  924.]","[-17.463    4.301   68.934    0.       0.      -0.2441  -0.0752  -0.2896
   0.9409]",118
412,2,"[[ 0.10939862 -0.09650299  0.53349701]
 [-0.23812669 -0.30743812  0.32256188]
 [ 0.20322931 -0.30338222  0.32661778]
 [-0.20322931  0.30338222 -0.32661778]
 [-0.10939862  0.09650299 -0.53349701]
 [ 0.23812669  0.30743812 -0.32256188]]","[1976. 2110. 1061. 2180. 2245.  926. 2203. 2248.  923. 2119. 2110. 1061.
 1915. 2245.  926. 1892. 2248.  923.]","[1995. 2108. 1062. 2185. 2220.  934. 2181. 2242.  924. 2099. 2108. 1063.
 1911. 2226.  930. 1906. 2242.  924.]","[-17.468    4.296   68.923   -0.1831   0.      -0.3662  -0.0874  -0.2993
   0.9473]",118
413,2,"[[ 0.11959769 -0.09861891  0.53138109]
 [-0.24263052 -0.30721951  0.32278049]
 [ 0.19846548 -0.30357009  0.32642991]
 [-0.19846548  0.30357009 -0.32642991]
 [-0.11959769  0.09861891 -0.53138109]
 [ 0.24263052  0.30721951 -0.32278049]]","[1970. 2112. 1059. 2177. 2245.  926. 2206. 2248.  923. 2125. 2112. 1059.
 1918. 2245.  926. 1889. 2248.  923.]","[1988. 2109. 1062. 2182. 2220.  934. 2184. 2242.  924. 2106. 2109. 1062.
 1915. 2226.  929. 1902. 2241.  924.]","[-17.474    4.296   68.917   -0.1221   0.      -0.1221  -0.0723  -0.3027
   0.9458]",118
414,2,"[[ 0.12963865 -0.10097338  0.52902662]
 [-0.24700201 -0.30699282  0.32300718]
 [ 0.19358415 -0.30375643  0.32624357]
 [-0.19358415  0.30375643 -0.32624357]
 [-0.12963865  0.10097338 -0.52902662]
 [ 0.24700201  0.30699282 -0.32300718]]","[1963. 2113. 1058. 2174. 2246.  925. 2209. 2248.  923. 2132. 2113. 1058.
 1921. 2246.  925. 1886. 2248.  923.]","[1981. 2110. 1061. 2179. 2220.  934. 2188. 2241.  925. 2113. 2110. 1061.
 1917. 2226.  929. 1899. 2241.  924.]","[-1.7474e+01  4.2900e+00  6.8912e+01 -1.2210e-01 -6.1000e-02  0.0000e+00
 -7.0300e-02 -3.1050e-01  9.4630e-01]",118
415,2,"[[ 0.13950824 -0.10357049  0.52642951]
 [-0.25123677 -0.30675838  0.32324162]
 [ 0.18858626 -0.30394117  0.32605883]
 [-0.18858626  0.30394117 -0.32605883]
 [-0.13950824  0.10357049 -0.52642951]
 [ 0.25123677  0.30675838 -0.32324162]]","[1957. 2115. 1056. 2170. 2246.  925. 2211. 2247.  923. 2138. 2115. 1056.
 1925. 2246.  925. 1884. 2247.  923.]","[1975. 2112. 1059. 2176. 2220.  934. 2191. 2242.  924. 2119. 2112. 1059.
 1920. 2227.  929. 1895. 2241.  924.]","[-1.7479e+01  4.2900e+00  6.8917e+01 -1.2210e-01 -1.2210e-01  6.1000e-02
 -7.1800e-02 -3.0910e-01  9.4820e-01]",118
416,2,"[[ 0.14919339 -0.10641421  0.52358579]
 [-0.25533048 -0.30651649  0.32348351]
 [ 0.18347287 -0.30412423  0.32587577]
 [-0.18347287  0.30412423 -0.32587577]
 [-0.14919339  0.10641421 -0.52358579]
 [ 0.25533048  0.30651649 -0.32348351]]","[1950. 2117. 1054. 2167. 2246.  925. 2214. 2247.  924. 2145. 2117. 1054.
 1928. 2246.  925. 1881. 2247.  924.]","[1968. 2113. 1058. 2173. 2220.  934. 2193. 2242.  924. 2125. 2113. 1058.
 1923. 2227.  929. 1892. 2241.  924.]","[-17.485    4.285   68.923   -0.1221  -0.1221   0.1831  -0.0732  -0.313
   0.937 ]",118
417,2,"[[ 0.15868132 -0.10950838  0.52049162]
 [-0.25927889 -0.3062675   0.3237325 ]
 [ 0.17824518 -0.30430555  0.32569445]
 [-0.17824518  0.30430555 -0.32569445]
 [-0.15868132  0.10950838 -0.52049162]
 [ 0.25927889  0.3062675  -0.3237325 ]]","[1944. 2119. 1052. 2164. 2246.  925. 2217. 2247.  924. 2151. 2119. 1052.
 1931. 2246.  925. 1878. 2247.  924.]","[1961. 2115. 1056. 2170. 2219.  933. 2196. 2242.  924. 2133. 2115. 1057.
 1926. 2227.  929. 1890. 2242.  924.]","[-1.7490e+01  4.2850e+00  6.8928e+01 -3.0520e-01 -1.2210e-01  3.0520e-01
 -6.5900e-02 -3.1350e-01  9.4430e-01]",118
418,2,"[[ 0.16795947 -0.1128567   0.5171433 ]
 [-0.26307782 -0.30601173  0.32398827]
 [ 0.17290452 -0.30448505  0.32551495]
 [-0.17290452  0.30448505 -0.32551495]
 [-0.16795947  0.1128567  -0.5171433 ]
 [ 0.26307782  0.30601173 -0.32398827]]","[1938. 2121. 1050. 2160. 2246.  925. 2219. 2247.  924. 2157. 2121. 1050.
 1935. 2246.  925. 1876. 2247.  924.]","[1955. 2118. 1054. 2166. 2220.  933. 2200. 2242.  925. 2139. 2117. 1054.
 1930. 2227.  929. 1887. 2241.  925.]","[-1.7501e+01  4.2790e+00  6.8945e+01 -1.8310e-01 -6.1000e-02  1.2210e-01
 -6.1500e-02 -3.0470e-01  9.6390e-01]",118
419,2,"[[ 0.17701558 -0.11646275  0.51353725]
 [-0.26672317 -0.30574951  0.32425049]
 [ 0.16745235 -0.30466266  0.32533734]
 [-0.16745235  0.30466266 -0.32533734]
 [-0.17701558  0.11646275 -0.51353725]
 [ 0.26672317  0.30574951 -0.32425049]]","[1932. 2123. 1048. 2157. 2246.  925. 2221. 2247.  924. 2163. 2123. 1048.
 1938. 2246.  925. 1874. 2247.  924.]","[1949. 2119. 1052. 2164. 2220.  933. 2202. 2242.  925. 2145. 2119. 1052.
 1933. 2227.  929. 1884. 2241.  925.]","[-17.512    4.279   68.945    0.       0.       0.      -0.0737  -0.3062
   0.9468]",118
420,2,"[[ 0.18583769 -0.12032991  0.50967009]
 [-0.27021095 -0.30548118  0.32451882]
 [ 0.16189027 -0.30483832  0.32516168]
 [-0.16189027  0.30483832 -0.32516168]
 [-0.18583769  0.12032991 -0.50967009]
 [ 0.27021095  0.30548118 -0.32451882]]","[1926. 2126. 1045. 2153. 2246.  925. 2224. 2247.  924. 2169. 2126. 1045.
 1942. 2246.  925. 1871. 2247.  924.]","[1943. 2121. 1050. 2160. 2219.  933. 2205. 2242.  925. 2151. 2122. 1050.
 1936. 2228.  928. 1881. 2241.  925.]","[-1.7512e+01  4.2740e+00  6.8950e+01  0.0000e+00 -6.1000e-02  6.1000e-02
 -7.9100e-02 -3.0270e-01  9.3950e-01]",118
421,2,"[[ 0.19441412 -0.12446144  0.50553856]
 [-0.27353723 -0.30520709  0.32479291]
 [ 0.15622003 -0.30501194  0.32498806]
 [-0.15622003  0.30501194 -0.32498806]
 [-0.19441412  0.12446144 -0.50553856]
 [ 0.27353723  0.30520709 -0.32479291]]","[1921. 2129. 1042. 2149. 2246.  925. 2226. 2246.  925. 2174. 2129. 1042.
 1946. 2246.  925. 1869. 2246.  925.]","[1937. 2124. 1048. 2157. 2220.  933. 2208. 2242.  925. 2157. 2124. 1048.
 1939. 2228.  928. 1879. 2241.  925.]","[-17.512    4.274   68.956   -0.1221  -0.1221   0.2441  -0.0811  -0.3022
   0.9526]",118
422,2,"[[ 0.20273353 -0.12886039  0.50113961]
 [-0.2766982  -0.30492758  0.32507242]
 [ 0.15044349 -0.30518346  0.32481654]
 [-0.15044349  0.30518346 -0.32481654]
 [-0.20273353  0.12886039 -0.50113961]
 [ 0.2766982   0.30492758 -0.32507242]]","[1915. 2132. 1039. 2146. 2246.  925. 2228. 2246.  925. 2180. 2132. 1039.
 1949. 2246.  925. 1867. 2246.  925.]","[1930. 2126. 1045. 2153. 2220.  933. 2211. 2242.  925. 2164. 2126. 1045.
 1943. 2228.  928. 1877. 2241.  926.]","[-1.7518e+01  4.2680e+00  6.8967e+01 -6.1000e-02 -6.1000e-02  3.0520e-01
 -6.7900e-02 -2.9980e-01  9.4780e-01]",118
423,2,"[[ 0.21078494 -0.13352965  0.49647035]
 [-0.27969014 -0.30464299  0.32535701]
 [ 0.14456268 -0.30535281  0.32464719]
 [-0.14456268  0.30535281 -0.32464719]
 [-0.21078494  0.13352965 -0.49647035]
 [ 0.27969014  0.30464299 -0.32535701]]","[1910. 2135. 1036. 2142. 2247.  924. 2230. 2246.  925. 2185. 2135. 1036.
 1953. 2247.  924. 1865. 2246.  925.]","[1925. 2129. 1043. 2150. 2220.  934. 2213. 2242.  925. 2169. 2129. 1043.
 1947. 2227.  928. 1873. 2241.  926.]","[-1.7518e+01  4.2740e+00  6.8978e+01 -1.2210e-01 -6.1000e-02  6.1000e-02
 -6.9300e-02 -2.9930e-01  9.4970e-01]",118
424,2,"[[ 0.2185577  -0.13847192  0.49152808]
 [-0.28250944 -0.30435367  0.32564633]
 [ 0.13857975 -0.30551992  0.32448008]
 [-0.13857975  0.30551992 -0.32448008]
 [-0.2185577   0.13847192 -0.49152808]
 [ 0.28250944  0.30435367 -0.32564633]]","[1905. 2138. 1033. 2138. 2247.  924. 2232. 2246.  925. 2190. 2138. 1033.
 1957. 2247.  924. 1863. 2246.  925.]","[1919. 2132. 1040. 2146. 2220.  933. 2215. 2242.  926. 2175. 2132. 1040.
 1950. 2228.  927. 1871. 2241.  926.]","[-1.7523e+01  4.2680e+00  6.8983e+01 -6.1000e-02 -6.1000e-02  0.0000e+00
 -7.2800e-02 -2.9980e-01  9.5120e-01]",118
425,2,"[[ 0.22604153 -0.1436897   0.4863103 ]
 [-0.28515261 -0.30405996  0.32594004]
 [ 0.13249697 -0.30568471  0.32431529]
 [-0.13249697  0.30568471 -0.32431529]
 [-0.22604153  0.1436897  -0.4863103 ]
 [ 0.28515261  0.30405996 -0.32594004]]","[1900. 2141. 1030. 2134. 2247.  924. 2233. 2246.  925. 2195. 2141. 1030.
 1961. 2247.  924. 1862. 2246.  925.]","[1914. 2134. 1037. 2143. 2220.  933. 2218. 2241.  926. 2180. 2135. 1037.
 1953. 2228.  927. 1869. 2241.  927.]","[-17.523    4.268   68.983   -0.1221  -0.1221   0.1221  -0.0728  -0.3076
   0.9409]",118
426,2,"[[ 0.23322653 -0.14918529  0.48081471]
 [-0.28761627 -0.30376223  0.32623777]
 [ 0.12631679 -0.30584713  0.32415287]
 [-0.12631679  0.30584713 -0.32415287]
 [-0.23322653  0.14918529 -0.48081471]
 [ 0.28761627  0.30376223 -0.32623777]]","[1895. 2145. 1026. 2130. 2247.  924. 2235. 2246.  925. 2200. 2145. 1026.
 1965. 2247.  924. 1860. 2246.  925.]","[1909. 2138. 1034. 2139. 2219.  933. 2219. 2242.  926. 2185. 2138. 1034.
 1957. 2228.  928. 1867. 2241.  927.]","[-1.7529e+01  4.2630e+00  6.8994e+01 -3.0520e-01 -2.4410e-01  2.4410e-01
 -6.5900e-02 -3.0960e-01  9.4630e-01]",118
427,2,"[[ 0.24010321 -0.15496075  0.47503925]
 [-0.28989716 -0.30346081  0.32653919]
 [ 0.12004176 -0.30600709  0.32399291]
 [-0.12004176  0.30600709 -0.32399291]
 [-0.24010321  0.15496075 -0.47503925]
 [ 0.28989716  0.30346081 -0.32653919]]","[1891. 2149. 1022. 2126. 2247.  924. 2236. 2245.  926. 2204. 2149. 1022.
 1969. 2247.  924. 1859. 2245.  926.]","[1903. 2141. 1030. 2135. 2219.  933. 2222. 2241.  926. 2190. 2141. 1031.
 1961. 2229.  927. 1864. 2241.  927.]","[-17.54     4.257   69.005   -0.1221  -0.1221   0.2441  -0.0732  -0.3154
   0.9561]",118
428,2,"[[ 0.24666249 -0.16101796  0.46898204]
 [-0.29199215 -0.30315607  0.32684393]
 [ 0.11367458 -0.30616453  0.32383547]
 [-0.11367458  0.30616453 -0.32383547]
 [-0.24666249  0.16101796 -0.46898204]
 [ 0.29199215  0.30315607 -0.32684393]]","[1887. 2152. 1019. 2122. 2247.  924. 2238. 2245.  926. 2208. 2152. 1019.
 1973. 2247.  924. 1857. 2245.  926.]","[1898. 2145. 1027. 2131. 2220.  933. 2223. 2241.  926. 2195. 2145. 1028.
 1965. 2228.  927. 1863. 2241.  927.]","[-1.7545e+01  4.2520e+00  6.9016e+01  0.0000e+00  0.0000e+00  3.0520e-01
 -6.6400e-02 -3.1540e-01  9.4680e-01]",118
429,2,"[[ 0.25289568 -0.16735854  0.46264146]
 [-0.29389826 -0.30284834  0.32715166]
 [ 0.10721808 -0.30631939  0.32368061]
 [-0.10721808  0.30631939 -0.32368061]
 [-0.25289568  0.16735854 -0.46264146]
 [ 0.29389826  0.30284834 -0.32715166]]","[1883. 2157. 1014. 2117. 2247.  924. 2239. 2245.  926. 2212. 2157. 1014.
 1978. 2247.  924. 1856. 2245.  926.]","[1894. 2148. 1023. 2127. 2220.  933. 2225. 2241.  926. 2200. 2148. 1024.
 1969. 2229.  928. 1861. 2241.  927.]","[-1.7545e+01  4.2570e+00  6.9033e+01  0.0000e+00 -6.1000e-02  3.0520e-01
 -6.7900e-02 -3.1100e-01  9.4430e-01]",118
430,2,"[[ 0.25879455 -0.1739839   0.4560161 ]
 [-0.2956126  -0.30253799  0.32746201]
 [ 0.10067524 -0.30647159  0.32352841]
 [-0.10067524  0.30647159 -0.32352841]
 [-0.25879455  0.1739839  -0.4560161 ]
 [ 0.2956126   0.30253799 -0.32746201]]","[1879. 2161. 1010. 2113. 2247.  924. 2240. 2245.  926. 2216. 2161. 1010.
 1982. 2247.  924. 1855. 2245.  926.]","[1891. 2152. 1020. 2123. 2219.  933. 2227. 2241.  927. 2204. 2152. 1021.
 1972. 2228.  928. 1859. 2241.  927.]","[-17.545    4.252   69.044    0.      -0.1221   0.3052  -0.0698  -0.3101
   0.9487]",118
431,2,"[[ 0.26435129 -0.18089518  0.44910482]
 [-0.29713247 -0.30222536  0.32777464]
 [ 0.09404915 -0.30662106  0.32337894]
 [-0.09404915  0.30662106 -0.32337894]
 [-0.26435129  0.18089518 -0.44910482]
 [ 0.29713247  0.30222536 -0.32777464]]","[1875. 2165. 1006. 2109. 2247.  924. 2241. 2245.  926. 2220. 2165. 1006.
 1986. 2247.  924. 1854. 2245.  926.]","[1885. 2155. 1016. 2119. 2219.  933. 2229. 2241.  927. 2207. 2156. 1016.
 1976. 2228.  928. 1857. 2241.  929.]","[-17.545    4.252   69.06     0.      -0.1831   0.3662  -0.0693  -0.3066
   0.9487]",118
432,2,"[[ 0.26955857 -0.1880933   0.4419067 ]
 [-0.29845529 -0.30191081  0.32808919]
 [ 0.08734305 -0.30676774  0.32323226]
 [-0.08734305  0.30676774 -0.32323226]
 [-0.26955857  0.1880933  -0.4419067 ]
 [ 0.29845529  0.30191081 -0.32808919]]","[1872. 2170. 1001. 2104. 2247.  923. 2242. 2244.  927. 2223. 2170. 1001.
 1991. 2247.  923. 1853. 2244.  927.]","[1881. 2160. 1012. 2115. 2219.  932. 2230. 2241.  927. 2212. 2159. 1012.
 1980. 2228.  928. 1856. 2241.  927.]","[-1.7545e+01  4.2460e+00  6.9077e+01  6.1000e-02 -6.1000e-02  3.6620e-01
 -7.0800e-02 -3.0470e-01  9.5170e-01]",118
433,2,"[[ 0.2744095  -0.19557892  0.43442108]
 [-0.29957863 -0.30159469  0.32840531]
 [ 0.08056029 -0.30691156  0.32308844]
 [-0.08056029  0.30691156 -0.32308844]
 [-0.2744095   0.19557892 -0.43442108]
 [ 0.29957863  0.30159469 -0.32840531]]","[1869. 2175.  996. 2100. 2248.  923. 2243. 2244.  927. 2226. 2175.  996.
 1995. 2248.  923. 1852. 2244.  927.]","[1878. 2164. 1008. 2111. 2219.  932. 2232. 2241.  928. 2216. 2164. 1008.
 1984. 2228.  928. 1854. 2241.  929.]","[-1.7540e+01  4.2460e+00  6.9088e+01  1.2210e-01 -6.1000e-02  3.0520e-01
 -6.3500e-02 -3.0270e-01  9.4530e-01]",118
434,2,"[[ 0.27889767 -0.20335241  0.42664759]
 [-0.30050022 -0.30127733  0.32872267]
 [ 0.07370437 -0.30705245  0.32294755]
 [-0.07370437  0.30705245 -0.32294755]
 [-0.27889767  0.20335241 -0.42664759]
 [ 0.30050022  0.30127733 -0.32872267]]","[1866. 2180.  991. 2096. 2248.  923. 2243. 2244.  927. 2229. 2180.  991.
 1999. 2248.  923. 1852. 2244.  927.]","[1874. 2168. 1003. 2107. 2220.  932. 2234. 2240.  928. 2220. 2168. 1004.
 1989. 2228.  927. 1852. 2241.  929.]","[-1.7534e+01  4.2460e+00  6.9104e+01  6.1000e-02 -6.1000e-02  2.4410e-01
 -7.7100e-02 -3.0270e-01  9.5070e-01]",118
435,2,"[[ 0.28301714 -0.21141391  0.41858609]
 [-0.30121798 -0.3009591   0.3290409 ]
 [ 0.0667789  -0.30719035  0.32280965]
 [-0.0667789   0.30719035 -0.32280965]
 [-0.28301714  0.21141391 -0.41858609]
 [ 0.30121798  0.3009591  -0.3290409 ]]","[1863. 2185.  986. 2091. 2248.  923. 2244. 2244.  927. 2232. 2185.  986.
 2004. 2248.  923. 1851. 2244.  927.]","[1871. 2173.  999. 2103. 2219.  932. 2234. 2240.  928. 2223. 2173.  999.
 1993. 2228.  927. 1852. 2241.  929.]","[-17.534    4.246   69.115    0.      -0.1221   0.4272  -0.0718  -0.2974
   0.9458]",118
436,2,"[[ 0.28676247 -0.21976328  0.41023672]
 [-0.30173027 -0.30064033  0.32935967]
 [ 0.05978761 -0.30732519  0.32267481]
 [-0.05978761  0.30732519 -0.32267481]
 [-0.28676247  0.21976328 -0.41023672]
 [ 0.30173027  0.30064033 -0.32935967]]","[1861. 2191.  980. 2086. 2248.  923. 2244. 2243.  927. 2234. 2191.  980.
 2009. 2248.  923. 1851. 2243.  927.]","[1868. 2177.  998. 2099. 2219.  932. 2236. 2239.  928. 2226. 2178.  994.
 1997. 2228.  927. 1850. 2241.  930.]","[-1.7534e+01  4.2410e+00  6.9131e+01 -6.1000e-02 -3.0520e-01  3.0520e-01
 -7.0300e-02 -2.9880e-01  9.3600e-01]",118
437,2,"[[ 0.2901287  -0.2284001   0.4015999 ]
 [-0.30203731 -0.30032136  0.32967864]
 [ 0.05273438 -0.30745691  0.32254309]
 [-0.05273438  0.30745691 -0.32254309]
 [-0.2901287   0.2284001  -0.4015999 ]
 [ 0.30203731  0.30032136 -0.32967864]]","[1858. 2196.  975. 2082. 2248.  923. 2244. 2243.  928. 2237. 2196.  975.
 2013. 2248.  923. 1851. 2243.  928.]","[1865. 2181.  994. 2094. 2219.  932. 2237. 2239.  928. 2229. 2183.  988.
 2001. 2229.  927. 1849. 2241.  929.]","[-17.54     4.23    69.148   -0.2441  -0.4272   0.2441  -0.0757  -0.3052
   0.9561]",118
438,2,"[[ 0.29311139 -0.23732365  0.39267635]
 [-0.30213051 -0.30000252  0.32999748]
 [ 0.04562317 -0.30758544  0.32241456]
 [-0.04562317  0.30758544 -0.32241456]
 [-0.29311139  0.23732365 -0.39267635]
 [ 0.30213051  0.30000252 -0.32999748]]","[1856. 2202.  969. 2077. 2248.  923. 2244. 2243.  928. 2239. 2202.  969.
 2018. 2248.  923. 1851. 2243.  928.]","[1863. 2183.  987. 2090. 2219.  932. 2238. 2239.  928. 2232. 2188.  983.
 2005. 2228.  928. 1849. 2241.  930.]","[-17.54     4.224   69.164    0.      -0.1221   0.4883  -0.0771  -0.3101
   0.9741]",118
439,2,"[[ 0.29570659 -0.24653296  0.38346704]
 [-0.30184464 -0.29968388  0.33031612]
 [ 0.03845809 -0.30771071  0.32228929]
 [-0.03845809  0.30771071 -0.32228929]
 [-0.29570659  0.24653296 -0.38346704]
 [ 0.30184464  0.29968388 -0.33031612]]","[1855. 2208.  963. 2073. 2248.  923. 2244. 2243.  928. 2240. 2208.  963.
 2022. 2248.  923. 1851. 2243.  928.]","[1861. 2188.  982. 2086. 2220.  932. 2239. 2239.  928. 2235. 2194.  981.
 2008. 2229.  928. 1849. 2241.  930.]","[-1.7534e+01  4.2350e+00  6.9192e+01  2.4410e-01  1.8310e-01  7.9350e-01
 -6.7400e-02 -3.1350e-01  9.2720e-01]",118
440,2,"[[ 0.29791087 -0.25602675  0.37397325]
 [-0.30103139 -0.29936508  0.33063492]
 [ 0.03124333 -0.30783268  0.32216732]
 [-0.03124333  0.30783268 -0.32216732]
 [-0.29791087  0.25602675 -0.37397325]
 [ 0.30103139  0.29936508 -0.33063492]]","[1853. 2214.  957. 2068. 2248.  923. 2244. 2243.  928. 2242. 2214.  957.
 2027. 2248.  923. 1851. 2243.  928.]","[1859. 2192.  977. 2081. 2219.  932. 2239. 2239.  929. 2236. 2197.  978.
 2012. 2229.  928. 1849. 2241.  930.]","[-1.7523e+01  4.2410e+00  6.9214e+01  0.0000e+00 -1.8310e-01  5.4930e-01
 -5.7600e-02 -3.0910e-01  9.4140e-01]",118
441,2,"[[ 0.29972133 -0.26580345  0.36419655]
 [-0.29968689 -0.29904628  0.33095372]
 [ 0.02398322 -0.30795126  0.32204874]
 [-0.02398322  0.30795126 -0.32204874]
 [-0.29972133  0.26580345 -0.36419655]
 [ 0.29968689  0.29904628 -0.33095372]]","[1852. 2221.  950. 2063. 2248.  923. 2243. 2242.  929. 2243. 2221.  950.
 2032. 2248.  923. 1852. 2242.  929.]","[1857. 2197.  973. 2078. 2219.  932. 2239. 2239.  928. 2238. 2199.  971.
 2015. 2229.  928. 1850. 2241.  931.]","[-17.512    4.252   69.241    0.4883   0.4272   0.7324  -0.0952  -0.3379
   1.0186]",118
442,2,"[[ 0.30113555 -0.27586119  0.35413881]
 [-0.29781229 -0.29872784  0.33127216]
 [ 0.01668218 -0.3080664   0.3219336 ]
 [-0.01668218  0.3080664  -0.3219336 ]
 [-0.30113555  0.27586119 -0.35413881]
 [ 0.29781229  0.29872784 -0.33127216]]","[1851. 2227.  944. 2058. 2248.  923. 2242. 2242.  929. 2244. 2227.  944.
 2037. 2248.  923. 1853. 2242.  929.]","[1856. 2201.  968. 2073. 2220.  932. 2240. 2240.  928. 2240. 2206.  965.
 2021. 2228.  928. 1849. 2240.  931.]","[-1.7485e+01  4.2960e+00  6.9263e+01  1.2207e+00  1.1597e+00  9.7660e-01
 -4.0000e-02 -3.2030e-01  9.0190e-01]",118
443,2,"[[ 0.30215163 -0.2861978   0.3438022 ]
 [-0.29541088 -0.29841014  0.33158986]
 [ 0.00934473 -0.30817805  0.32182195]
 [-0.00934473  0.30817805 -0.32182195]
 [-0.30215163  0.2861978  -0.3438022 ]
 [ 0.29541088  0.29841014 -0.33158986]]","[1851. 2234.  937. 2054. 2248.  923. 2240. 2242.  929. 2244. 2234.  937.
 2041. 2248.  923. 1855. 2242.  929.]","[1855. 2205.  963. 2069. 2220.  932. 2240. 2240.  928. 2241. 2213.  958.
 2025. 2228.  928. 1850. 2240.  931.]","[-1.7452e+01  4.3340e+00  6.9274e+01  4.8830e-01  7.9350e-01  2.4410e-01
 -6.5400e-02 -3.4030e-01  9.2970e-01]",118
444,2,"[[ 0.30276731 -0.29347086  0.33652914]
 [-0.29248765 -0.29809352  0.33190648]
 [ 0.00197556 -0.30828613  0.32171387]
 [-0.00197556  0.30828613 -0.32171387]
 [-0.30276731  0.29347086 -0.33652914]
 [ 0.29248765  0.29809352 -0.33190648]]","[1850. 2239.  932. 2049. 2248.  922. 2238. 2242.  929. 2245. 2239.  932.
 2046. 2248.  922. 1857. 2242.  929.]","[1855. 2210.  958. 2064. 2219.  932. 2240. 2240.  929. 2242. 2218.  952.
 2030. 2228.  927. 1851. 2240.  930.]","[-17.435    4.367   69.274    0.8545   0.8545   0.3662  -0.0986  -0.3315
   1.0015]",118
445,2,"[[ 0.3029828  -0.29363416  0.33636584]
 [-0.28905018 -0.29777837  0.33222163]
 [-0.005419   -0.30839059  0.32160941]
 [ 0.005419    0.30839059 -0.32160941]
 [-0.3029828   0.29363416 -0.33636584]
 [ 0.28905018  0.29777837 -0.33222163]]","[1850. 2239.  932. 2044. 2249.  922. 2236. 2242.  929. 2245. 2239.  932.
 2051. 2249.  922. 1859. 2242.  929.]","[1854. 2214.  954. 2060. 2219.  932. 2239. 2240.  929. 2243. 2224.  947.
 2035. 2228.  928. 1851. 2240.  931.]","[-17.397    4.417   69.285    1.5869   1.3428   0.8545  -0.0698  -0.3057
   0.9155]",118
446,2,"[[ 0.30291638 -0.29380134  0.33619866]
 [-0.28511565 -0.29746504  0.33253496]
 [-0.0128216  -0.30849138  0.32150862]
 [ 0.0128216   0.30849138 -0.32150862]
 [-0.30291638  0.29380134 -0.33619866]
 [ 0.28511565  0.29746504 -0.33253496]]","[1850. 2239.  932. 2039. 2249.  922. 2233. 2241.  930. 2245. 2239.  932.
 2056. 2249.  922. 1862. 2241.  930.]","[1853. 2216.  950. 2056. 2221.  932. 2238. 2241.  929. 2244. 2227.  944.
 2039. 2229.  928. 1852. 2240.  931.]","[-17.353    4.466   69.307    1.0986   0.7935   0.8545  -0.0889  -0.3032
   0.981 ]",118
447,2,"[[ 0.30271196 -0.29397174  0.33602826]
 [-0.2807011  -0.29715392  0.33284608]
 [-0.02021256 -0.30858842  0.32141158]
 [ 0.02021256  0.30858842 -0.32141158]
 [-0.30271196  0.29397174 -0.33602826]
 [ 0.2807011   0.29715392 -0.33284608]]","[1850. 2239.  932. 2034. 2249.  922. 2230. 2241.  930. 2245. 2239.  932.
 2061. 2249.  922. 1865. 2241.  930.]","[1853. 2218.  949. 2051. 2222.  932. 2236. 2241.  929. 2244. 2228.  942.
 2044. 2229.  927. 1854. 2239.  931.]","[-1.7303e+01  4.5100e+00  6.9324e+01  1.4038e+00  1.1597e+00  7.9350e-01
 -2.7300e-02 -2.7880e-01  9.3900e-01]",118
448,2,"[[ 0.30238383 -0.2941451   0.3358549 ]
 [-0.27581527 -0.29684539  0.33315461]
 [-0.02758356 -0.30868168  0.32131832]
 [ 0.02758356  0.30868168 -0.32131832]
 [-0.30238383  0.2941451  -0.3358549 ]
 [ 0.27581527  0.29684539 -0.33315461]]","[1850. 2239.  932. 2030. 2249.  922. 2227. 2241.  930. 2245. 2239.  932.
 2065. 2249.  922. 1868. 2241.  930.]","[1854. 2218.  947. 2046. 2224.  932. 2235. 2241.  929. 2244. 2229.  941.
 2049. 2229.  928. 1856. 2239.  931.]","[-1.7249e+01  4.5430e+00  6.9324e+01  1.4648e+00  8.5450e-01  0.0000e+00
 -5.6600e-02 -2.8270e-01  9.7410e-01]",118
449,2,"[[ 0.30193008 -0.29432133  0.33567867]
 [-0.27046804 -0.29653982  0.33346018]
 [-0.03492975 -0.30877107  0.32122893]
 [ 0.03492975  0.30877107 -0.32122893]
 [-0.30193008  0.29432133 -0.33567867]
 [ 0.27046804  0.29653982 -0.33346018]]","[1851. 2239.  932. 2025. 2249.  922. 2224. 2241.  930. 2244. 2239.  932.
 2070. 2249.  922. 1871. 2241.  930.]","[1854. 2218.  946. 2043. 2226.  931. 2233. 2241.  928. 2244. 2230.  940.
 2052. 2228.  928. 1857. 2238.  931.]","[-1.7199e+01  4.5540e+00  6.9302e+01  1.2817e+00  4.8830e-01 -4.8830e-01
 -4.5400e-02 -2.8080e-01  9.2580e-01]",118
450,2,"[[ 0.30135021 -0.29450034  0.33549966]
 [-0.26467176 -0.2962376   0.3337624 ]
 [-0.04224676 -0.30885656  0.32114344]
 [ 0.04224676  0.30885656 -0.32114344]
 [-0.30135021  0.29450034 -0.33549966]
 [ 0.26467176  0.2962376  -0.3337624 ]]","[1851. 2239.  931. 2020. 2249.  922. 2220. 2241.  930. 2244. 2239.  931.
 2075. 2249.  922. 1875. 2241.  930.]","[1853. 2218.  945. 2038. 2226.  931. 2231. 2241.  928. 2243. 2231.  940.
 2057. 2229.  928. 1860. 2239.  932.]","[-17.155    4.543   69.269    1.1597   0.1831  -0.8545  -0.0894  -0.2896
   0.9399]",118
451,2,"[[ 0.30064432 -0.29468204  0.33531796]
 [-0.25844042 -0.2959391   0.3340609 ]
 [-0.04953035 -0.30893809  0.32106191]
 [ 0.04953035  0.30893809 -0.32106191]
 [-0.30064432  0.29468204 -0.33531796]
 [ 0.25844042  0.2959391  -0.3340609 ]]","[1852. 2240.  931. 2015. 2249.  922. 2216. 2240.  931. 2243. 2240.  931.
 2080. 2249.  922. 1879. 2240.  931.]","[1854. 2219.  945. 2035. 2226.  931. 2227. 2241.  927. 2243. 2231.  940.
 2061. 2228.  928. 1863. 2239.  931.]","[-17.122    4.526   69.236    0.7324   0.      -0.7324  -0.1055  -0.2974
   0.9302]",118
452,2,"[[ 0.29981266 -0.29486633  0.33513367]
 [-0.25178905 -0.2956447   0.3343553 ]
 [-0.0567763  -0.30901559  0.32098441]
 [ 0.0567763   0.30901559 -0.32098441]
 [-0.29981266  0.29486633 -0.33513367]
 [ 0.25178905  0.2956447  -0.3343553 ]]","[1852. 2240.  931. 2010. 2249.  922. 2212. 2240.  931. 2243. 2240.  931.
 2085. 2249.  922. 1883. 2240.  931.]","[1854. 2219.  943. 2029. 2226.  932. 2223. 2241.  929. 2243. 2232.  939.
 2065. 2229.  928. 1865. 2238.  932.]","[-1.7106e+01  4.5210e+00  6.9214e+01  3.6620e-01  6.1000e-02 -4.8830e-01
 -1.1910e-01 -2.9790e-01  9.3410e-01]",118
453,2,"[[ 0.29885559 -0.29505311  0.33494689]
 [-0.24473343 -0.29535476  0.33464524]
 [-0.06398048 -0.30908903  0.32091097]
 [ 0.06398048  0.30908903 -0.32091097]
 [-0.29885559  0.29505311 -0.33494689]
 [ 0.24473343  0.29535476 -0.33464524]]","[1853. 2240.  931. 2006. 2249.  922. 2207. 2240.  931. 2242. 2240.  931.
 2089. 2249.  922. 1888. 2240.  931.]","[1854. 2219.  943. 2025. 2226.  932. 2219. 2241.  930. 2243. 2232.  939.
 2069. 2229.  928. 1869. 2239.  932.]","[-17.1      4.532   69.203    0.1221   0.1221  -0.1221  -0.1113  -0.2915
   0.9409]",118
454,2,"[[ 0.2977735  -0.29524228  0.33475772]
 [-0.23728991 -0.29506968  0.33493032]
 [-0.0711388  -0.30915834  0.32084166]
 [ 0.0711388   0.30915834 -0.32084166]
 [-0.2977735   0.29524228 -0.33475772]
 [ 0.23728991  0.29506968 -0.33493032]]","[1853. 2240.  931. 2001. 2249.  922. 2202. 2240.  931. 2242. 2240.  931.
 2094. 2249.  922. 1893. 2240.  931.]","[1855. 2220.  943. 2021. 2226.  931. 2215. 2240.  930. 2242. 2232.  939.
 2073. 2229.  928. 1872. 2238.  932.]","[-1.7095e+01  4.5430e+00  6.9203e+01  6.1000e-02  1.8310e-01  0.0000e+00
 -8.3500e-02 -2.9930e-01  9.5610e-01]",118
455,2,"[[ 0.29656685 -0.29543373  0.33456627]
 [-0.22947532 -0.2947898   0.3352102 ]
 [-0.07824722 -0.3092235   0.3207765 ]
 [ 0.07824722  0.3092235  -0.3207765 ]
 [-0.29656685  0.29543373 -0.33456627]
 [ 0.22947532  0.2947898  -0.3352102 ]]","[1854. 2240.  931. 1996. 2249.  922. 2197. 2240.  931. 2241. 2240.  931.
 2099. 2249.  922. 1898. 2240.  931.]","[1855. 2221.  942. 2017. 2226.  931. 2210. 2241.  930. 2242. 2232.  939.
 2077. 2229.  927. 1878. 2238.  932.]","[-1.7095e+01  4.5590e+00  6.9197e+01  1.2210e-01  2.4410e-01  0.0000e+00
 -5.6600e-02 -2.9790e-01  9.4630e-01]",118
456,2,"[[ 0.29523614 -0.29562737  0.33437263]
 [-0.22130694 -0.29451549  0.33548451]
 [-0.08530175 -0.30928444  0.32071556]
 [ 0.08530175  0.30928444 -0.32071556]
 [-0.29523614  0.29562737 -0.33437263]
 [ 0.22130694  0.29451549 -0.33548451]]","[1855. 2240.  931. 1992. 2249.  922. 2192. 2239.  931. 2240. 2240.  931.
 2103. 2249.  922. 1903. 2239.  931.]","[1856. 2222.  942. 2014. 2226.  931. 2206. 2241.  933. 2242. 2232.  938.
 2083. 2229.  928. 1882. 2238.  932.]","[-1.7089e+01  4.5650e+00  6.9186e+01  1.2210e-01  2.4410e-01 -3.0520e-01
 -5.1300e-02 -3.0030e-01  9.6340e-01]",118
457,2,"[[ 0.29378193 -0.2958231   0.3341769 ]
 [-0.21280238 -0.29424711  0.33575289]
 [-0.09229848 -0.30934113  0.32065887]
 [ 0.09229848  0.30934113 -0.32065887]
 [-0.29378193  0.2958231  -0.3341769 ]
 [ 0.21280238  0.29424711 -0.33575289]]","[1856. 2240.  931. 1987. 2249.  922. 2186. 2239.  932. 2239. 2240.  931.
 2108. 2249.  922. 1909. 2239.  932.]","[1856. 2222.  941. 2009. 2226.  931. 2201. 2240.  933. 2240. 2232.  938.
 2087. 2229.  928. 1887. 2237.  932.]","[-1.7078e+01  4.5700e+00  6.9164e+01  3.0520e-01  3.0520e-01 -4.8830e-01
 -6.0500e-02 -3.0420e-01  9.5510e-01]",118
458,2,"[[ 0.29220483 -0.2960208   0.3339792 ]
 [-0.20397956 -0.29398502  0.33601498]
 [-0.09923352 -0.30939353  0.32060647]
 [ 0.09923352  0.30939353 -0.32060647]
 [-0.29220483  0.2960208  -0.3339792 ]
 [ 0.20397956  0.29398502 -0.33601498]]","[1857. 2240.  930. 1983. 2249.  922. 2180. 2239.  932. 2238. 2240.  930.
 2112. 2249.  922. 1915. 2239.  932.]","[1857. 2222.  940. 2005. 2226.  931. 2197. 2239.  933. 2239. 2233.  937.
 2091. 2229.  928. 1892. 2237.  933.]","[-17.067    4.57    69.142    0.4272   0.2441  -0.6104  -0.0771  -0.2905
   0.9517]",118
459,2,"[[ 0.29050549 -0.29622038  0.33377962]
 [-0.19485666 -0.29372955  0.33627045]
 [-0.10610306 -0.3094416   0.3205584 ]
 [ 0.10610306  0.3094416  -0.3205584 ]
 [-0.29050549  0.29622038 -0.33377962]
 [ 0.19485666  0.29372955 -0.33627045]]","[1858. 2241.  930. 1978. 2249.  922. 2175. 2239.  932. 2237. 2241.  930.
 2117. 2249.  922. 1920. 2239.  932.]","[1858. 2222.  940. 2001. 2226.  932. 2191. 2239.  933. 2238. 2232.  937.
 2095. 2229.  928. 1897. 2237.  933.]","[-17.051    4.57    69.115    0.3662   0.1831  -0.5493  -0.0889  -0.2725
   0.9473]",118
460,2,"[[ 0.28868464 -0.29642173  0.33357827]
 [-0.18545207 -0.29348105  0.33651895]
 [-0.11290335 -0.3094853   0.3205147 ]
 [ 0.11290335  0.3094853  -0.3205147 ]
 [-0.28868464  0.29642173 -0.33357827]
 [ 0.18545207  0.29348105 -0.33651895]]","[1859. 2241.  930. 1974. 2249.  922. 2168. 2239.  932. 2236. 2241.  930.
 2121. 2249.  922. 1927. 2239.  932.]","[1860. 2223.  939. 1997. 2226.  932. 2186. 2239.  933. 2237. 2232.  937.
 2099. 2228.  927. 1903. 2237.  933.]","[-17.04     4.576   69.099    0.2441   0.2441  -0.3662  -0.1147  -0.2886
   0.9365]",118
461,2,"[[ 0.28674302 -0.29662474  0.33337526]
 [-0.17578435 -0.28141004  0.34858996]
 [-0.1196307  -0.30952461  0.32047539]
 [ 0.1196307   0.30952461 -0.32047539]
 [-0.28674302  0.29662474 -0.33337526]
 [ 0.17578435  0.28141004 -0.34858996]]","[1861. 2241.  930. 1970. 2249.  922. 2162. 2231.  940. 2234. 2241.  930.
 2125. 2249.  922. 1933. 2231.  940.]","[1861. 2223.  938. 1993. 2226.  932. 2180. 2239.  933. 2236. 2233.  937.
 2103. 2229.  928. 1909. 2237.  932.]","[-1.7034e+01  4.5810e+00  6.9099e+01  6.1000e-02  0.0000e+00  6.1000e-02
 -7.4700e-02 -2.8810e-01  9.4970e-01]",118
462,2,"[[ 0.28468145 -0.29682932  0.33317068]
 [-0.16587217 -0.26583838  0.36416162]
 [-0.12628147 -0.30955948  0.32044052]
 [ 0.12628147  0.30955948 -0.32044052]
 [-0.28468145  0.29682932 -0.33317068]
 [ 0.16587217  0.26583838 -0.36416162]]","[1862. 2241.  930. 1965. 2249.  922. 2156. 2221.  950. 2233. 2241.  930.
 2130. 2249.  922. 1939. 2221.  950.]","[1862. 2222.  937. 1989. 2226.  932. 2174. 2240.  935. 2235. 2233.  936.
 2107. 2229.  928. 1915. 2235.  935.]","[-1.7029e+01  4.5870e+00  6.9093e+01  0.0000e+00  6.1000e-02 -6.1000e-02
 -7.3700e-02 -2.9300e-01  9.6190e-01]",118
463,2,"[[ 0.2825008  -0.29703536  0.33296464]
 [-0.15573428 -0.25079604  0.37920396]
 [-0.1328521  -0.30958989  0.32041011]
 [ 0.1328521   0.30958989 -0.32041011]
 [-0.2825008   0.29703536 -0.33296464]
 [ 0.15573428  0.25079604 -0.37920396]]","[1863. 2241.  930. 1961. 2249.  922. 2149. 2211.  960. 2232. 2241.  930.
 2134. 2249.  922. 1946. 2211.  960.]","[1863. 2223.  937. 1985. 2225.  932. 2168. 2236.  936. 2233. 2233.  935.
 2112. 2229.  928. 1921. 2230.  939.]","[-1.7012e+01  4.5870e+00  6.9066e+01  6.1000e-02  1.2210e-01 -4.2720e-01
 -7.9100e-02 -2.9490e-01  9.5510e-01]",118
464,2,"[[ 0.28020197 -0.29724274  0.33275726]
 [-0.14538948 -0.23630347  0.39369653]
 [-0.1393391  -0.30961582  0.32038418]
 [ 0.1393391   0.30961582 -0.32038418]
 [-0.28020197  0.29724274 -0.33275726]
 [ 0.14538948  0.23630347 -0.39369653]]","[1865. 2241.  930. 1957. 2249.  922. 2142. 2202.  969. 2230. 2241.  930.
 2138. 2249.  922. 1953. 2202.  969.]","[1864. 2223.  937. 1981. 2226.  931. 2161. 2228.  944. 2232. 2233.  935.
 2116. 2229.  928. 1928. 2223.  944.]","[-16.985    4.592   69.049    0.6104   0.2441  -0.4272  -0.0815  -0.2817
   0.9399]",118
465,2,"[[ 0.27778593 -0.29745136  0.33254864]
 [-0.13485655 -0.22238048  0.40761952]
 [-0.14573902 -0.30963724  0.32036276]
 [ 0.14573902  0.30963724 -0.32036276]
 [-0.27778593  0.29745136 -0.33254864]
 [ 0.13485655  0.22238048 -0.40761952]]","[1866. 2241.  930. 1952. 2249.  922. 2135. 2192.  978. 2229. 2241.  930.
 2143. 2249.  922. 1960. 2192.  978.]","[1866. 2225.  936. 1977. 2226.  931. 2155. 2220.  952. 2230. 2232.  935.
 2122. 2228.  927. 1936. 2218.  952.]","[-16.946    4.603   69.022    0.9766   0.3662  -0.5493  -0.0947  -0.2998
   0.9673]",118
466,2,"[[ 0.27525369 -0.29766112  0.33233888]
 [-0.12415426 -0.2090462   0.4209538 ]
 [-0.1520485  -0.30965412  0.32034588]
 [ 0.1520485   0.30965412 -0.32034588]
 [-0.27525369  0.29766112 -0.33233888]
 [ 0.12415426  0.2090462  -0.4209538 ]]","[1868. 2242.  929. 1948. 2249.  922. 2128. 2184.  987. 2227. 2242.  929.
 2147. 2249.  922. 1967. 2184.  987.]","[1867. 2226.  936. 1972. 2226.  932. 2148. 2211.  961. 2229. 2232.  934.
 2127. 2229.  927. 1944. 2211.  960.]","[-1.6902e+01  4.6140e+00  6.9005e+01  1.0376e+00  4.2720e-01 -2.4410e-01
 -6.0100e-02 -2.8320e-01  9.6000e-01]",118
467,2,"[[ 0.2726063  -0.29787192  0.33212808]
 [-0.11330127 -0.19631904  0.43368096]
 [-0.15826425 -0.30966646  0.32033354]
 [ 0.15826425  0.30966646 -0.32033354]
 [-0.2726063   0.29787192 -0.33212808]
 [ 0.11330127  0.19631904 -0.43368096]]","[1870. 2242.  929. 1944. 2249.  922. 2121. 2175.  995. 2225. 2242.  929.
 2151. 2249.  922. 1974. 2175.  995.]","[1868. 2227.  936. 1967. 2225.  932. 2140. 2201.  970. 2227. 2232.  933.
 2131. 2228.  927. 1952. 2202.  970.]","[-16.853    4.625   68.994    1.0986   0.3052  -0.1831  -0.085   -0.2822
   0.9521]",118
468,2,"[[ 0.26984488 -0.29808363  0.33191637]
 [-0.10231615 -0.18421668  0.44578332]
 [-0.16438304 -0.30967427  0.32032573]
 [ 0.16438304  0.30967427 -0.32032573]
 [-0.26984488  0.29808363 -0.33191637]
 [ 0.10231615  0.18421668 -0.44578332]]","[1872. 2242.  929. 1940. 2249.  922. 2114. 2168. 1003. 2223. 2242.  929.
 2155. 2249.  922. 1981. 2168. 1003.]","[1870. 2229.  935. 1962. 2226.  932. 2131. 2189.  982. 2224. 2232.  931.
 2138. 2228.  927. 1965. 2191.  982.]","[-1.6809e+01  4.6470e+00  6.9000e+01  1.0376e+00  4.8830e-01  2.4410e-01
 -6.2000e-02 -3.0080e-01  9.6290e-01]",118
469,2,"[[ 0.26697059 -0.29829616  0.33170384]
 [-0.09121733 -0.17275604  0.45724396]
 [-0.17040171 -0.30967766  0.32032234]
 [ 0.17040171  0.30967766 -0.32032234]
 [-0.26697059  0.29829616 -0.33170384]
 [ 0.09121733  0.17275604 -0.45724396]]","[1873. 2242.  929. 1936. 2249.  922. 2107. 2160. 1011. 2222. 2242.  929.
 2159. 2249.  922. 1988. 2160. 1011.]","[1871. 2229.  935. 1958. 2226.  932. 2126. 2183.  988. 2222. 2232.  931.
 2143. 2229.  927. 1972. 2184.  989.]","[-1.6760e+01  4.6640e+00  6.8989e+01  1.1597e+00  4.8830e-01  0.0000e+00
 -6.4500e-02 -2.8710e-01  9.5510e-01]",118
470,2,"[[ 0.26398461 -0.2985094   0.3314906 ]
 [-0.08002308 -0.1619532   0.4680468 ]
 [-0.1763172  -0.30967602  0.32032398]
 [ 0.1763172   0.30967602 -0.32032398]
 [-0.26398461  0.2985094  -0.3314906 ]
 [ 0.08002308  0.1619532  -0.4680468 ]]","[1875. 2242.  929. 1933. 2249.  922. 2100. 2153. 1018. 2220. 2242.  929.
 2162. 2249.  922. 1995. 2153. 1018.]","[1873. 2229.  935. 1955. 2226.  931. 2120. 2177.  995. 2221. 2232.  930.
 2145. 2228.  928. 1978. 2178.  995.]","[-16.727    4.675   68.967    0.7935   0.4883  -0.3662  -0.0884  -0.3071
   0.9263]",118
471,2,"[[ 0.2608882  -0.29872323  0.33127677]
 [-0.06875143 -0.15182343  0.47817657]
 [-0.18212649 -0.30966335  0.32033665]
 [ 0.18212649  0.30966335 -0.32033665]
 [-0.2608882   0.29872323 -0.33127677]
 [ 0.06875143  0.15182343 -0.47817657]]","[1877. 2242.  929. 1929. 2249.  922. 2092. 2146. 1024. 2218. 2242.  929.
 2166. 2249.  922. 2003. 2146. 1024.]","[1875. 2229.  934. 1952. 2226.  932. 2113. 2169. 1003. 2219. 2232.  930.
 2149. 2228.  928. 1985. 2171. 1003.]","[-16.732    4.675   68.939    0.       0.1221  -0.6714  -0.1113  -0.2979
   0.939 ]",118
472,2,"[[ 0.25768267 -0.29893757  0.33106243]
 [-0.05742023 -0.14238113  0.48761887]
 [-0.18782665 -0.30963487  0.32036513]
 [ 0.18782665  0.30963487 -0.32036513]
 [-0.25768267  0.29893757 -0.33106243]
 [ 0.05742023  0.14238113 -0.48761887]]","[1880. 2242.  929. 1925. 2249.  922. 2085. 2140. 1031. 2215. 2242.  929.
 2170. 2249.  922. 2010. 2140. 1031.]","[1877. 2229.  933. 1948. 2226.  931. 2106. 2161. 1011. 2217. 2232.  930.
 2153. 2228.  928. 1990. 2163. 1010.]","[-1.6738e+01  4.6800e+00  6.8917e+01 -6.1000e-02  1.8310e-01 -4.8830e-01
 -9.7700e-02 -3.0030e-01  9.4190e-01]",118
473,2,"[[ 0.25436934 -0.29915229  0.33084771]
 [-0.04604705 -0.13363983  0.49636017]
 [-0.19341483 -0.30959233  0.32040767]
 [ 0.19341483  0.30959233 -0.32040767]
 [-0.25436934  0.29915229 -0.33084771]
 [ 0.04604705  0.13363983 -0.49636017]]","[1882. 2243.  928. 1921. 2249.  922. 2078. 2135. 1036. 2213. 2243.  928.
 2174. 2249.  922. 2017. 2135. 1036.]","[1879. 2230.  933. 1944. 2226.  931. 2099. 2154. 1018. 2215. 2232.  931.
 2156. 2229.  928. 1994. 2155. 1018.]","[-16.749    4.686   68.89     0.       0.2441  -0.6104  -0.0806  -0.3179
   0.9487]",118
474,2,"[[ 0.2509496  -0.29936729  0.33063271]
 [-0.03464918 -0.12561212  0.50438788]
 [-0.19888825 -0.30953643  0.32046357]
 [ 0.19888825  0.30953643 -0.32046357]
 [-0.2509496   0.29936729 -0.33063271]
 [ 0.03464918  0.12561212 -0.50438788]]","[1884. 2243.  928. 1918. 2249.  922. 2070. 2129. 1042. 2211. 2243.  928.
 2177. 2249.  922. 2025. 2129. 1042.]","[1882. 2229.  932. 1940. 2226.  931. 2092. 2148. 1025. 2213. 2232.  930.
 2160. 2229.  928. 2001. 2149. 1024.]","[-1.6760e+01  4.6910e+00  6.8862e+01  0.0000e+00  1.8310e-01 -6.7140e-01
 -6.8800e-02 -3.1590e-01  9.5020e-01]",118
475,2,"[[ 0.24742489 -0.29958247  0.33041753]
 [-0.02324362 -0.11830968  0.51169032]
 [-0.20424422 -0.30946743  0.32053257]
 [ 0.20424422  0.30946743 -0.32053257]
 [-0.24742489  0.29958247 -0.33041753]
 [ 0.02324362  0.11830968 -0.51169032]]","[1886. 2243.  928. 1914. 2249.  922. 2063. 2125. 1046. 2209. 2243.  928.
 2181. 2249.  922. 2032. 2125. 1046.]","[1883. 2229.  932. 1937. 2226.  932. 2083. 2142. 1030. 2211. 2232.  930.
 2163. 2229.  928. 2009. 2143. 1030.]","[-1.6765e+01  4.6860e+00  6.8835e+01  6.1000e-02  1.2210e-01 -6.7140e-01
 -7.8600e-02 -3.0570e-01  9.4530e-01]",118
476,2,"[[ 0.24379668 -0.29979771  0.33020229]
 [-0.01184706 -0.11174322  0.51825678]
 [-0.20948011 -0.30938555  0.32061445]
 [ 0.20948011  0.30938555 -0.32061445]
 [-0.24379668  0.29979771 -0.33020229]
 [ 0.01184706  0.11174322 -0.51825678]]","[1889. 2243.  928. 1911. 2249.  922. 2055. 2120. 1051. 2206. 2243.  928.
 2184. 2249.  922. 2040. 2120. 1051.]","[1886. 2229.  932. 1931. 2226.  931. 2073. 2134. 1038. 2207. 2232.  930.
 2168. 2229.  928. 2020. 2136. 1038.]","[-16.765    4.691   68.813    0.2441   0.1221  -0.4272  -0.0791  -0.3027
   0.9478]",118
477,2,"[[ 0.24098513 -0.29996175  0.33003825]
 [-0.00324466 -0.10728148  0.52271852]
 [-0.21335832 -0.3093148   0.3206852 ]
 [ 0.21335832  0.3093148  -0.3206852 ]
 [-0.24098513  0.29996175 -0.33003825]
 [ 0.00324466  0.10728148 -0.52271852]]","[1890. 2243.  928. 1908. 2249.  922. 2050. 2117. 1054. 2205. 2243.  928.
 2187. 2249.  922. 2045. 2117. 1054.]","[1887. 2229.  931. 1929. 2226.  931. 2069. 2131. 1042. 2206. 2232.  930.
 2170. 2229.  927. 2025. 2133. 1041.]","[-1.6760e+01  4.6860e+00  6.8796e+01  2.4410e-01  6.1000e-02 -4.2720e-01
 -7.8100e-02 -2.9250e-01  9.5510e-01]",118
478,2,"[[ 0.23717884 -0.30017685  0.32982315]
 [ 0.00809677 -0.10202922  0.52797078]
 [-0.21837723 -0.30921081  0.32078919]
 [ 0.21837723  0.30921081 -0.32078919]
 [-0.23717884  0.30017685 -0.32982315]
 [-0.00809677  0.10202922 -0.52797078]]","[1893. 2243.  928. 1905. 2249.  922. 2042. 2114. 1057. 2202. 2243.  928.
 2190. 2249.  922. 2053. 2114. 1057.]","[1890. 2229.  931. 1926. 2226.  931. 2062. 2127. 1046. 2205. 2232.  930.
 2173. 2228.  928. 2033. 2127. 1046.]","[-1.676e+01  4.686e+00  6.878e+01  6.100e-02  6.100e-02 -3.052e-01
 -8.400e-02 -2.749e-01  9.570e-01]",118
479,2,"[[ 0.23327334 -0.30039172  0.32960828]
 [ 0.01938505 -0.09753738  0.53246262]
 [-0.22326925 -0.3090946   0.3209054 ]
 [ 0.22326925  0.3090946  -0.3209054 ]
 [-0.23327334  0.30039172 -0.32960828]
 [-0.01938505  0.09753738 -0.53246262]]","[1895. 2243.  928. 1902. 2249.  922. 2035. 2111. 1060. 2200. 2243.  928.
 2193. 2249.  922. 2060. 2111. 1060.]","[1893. 2229.  931. 1922. 2226.  931. 2055. 2122. 1050. 2202. 2232.  930.
 2176. 2228.  928. 2040. 2124. 1050.]","[-1.6760e+01  4.6910e+00  6.8769e+01 -6.1000e-02  1.2210e-01 -4.8830e-01
 -7.1300e-02 -2.8170e-01  9.4920e-01]",118
480,2,"[[ 0.22927026 -0.30060627  0.32939373]
 [ 0.03060484 -0.09381295  0.53618705]
 [-0.22803207 -0.30896644  0.32103356]
 [ 0.22803207  0.30896644 -0.32103356]
 [-0.22927026  0.30060627 -0.32939373]
 [-0.03060484  0.09381295 -0.53618705]]","[1898. 2243.  928. 1899. 2249.  922. 2028. 2109. 1062. 2197. 2243.  928.
 2196. 2249.  922. 2067. 2109. 1062.]","[1895. 2229.  931. 1919. 2226.  931. 2048. 2119. 1053. 2200. 2232.  930.
 2180. 2229.  928. 2047. 2120. 1053.]","[-16.765    4.691   68.741   -0.1221   0.1831  -0.7324  -0.0859  -0.2896
   0.9556]",118
481,2,"[[ 0.22517127 -0.30082039  0.32917961]
 [ 0.04174122 -0.09086186  0.53913814]
 [-0.23266345 -0.30882661  0.32117339]
 [ 0.23266345  0.30882661 -0.32117339]
 [-0.22517127  0.30082039 -0.32917961]
 [-0.04174122  0.09086186 -0.53913814]]","[1901. 2244.  927. 1896. 2249.  922. 2020. 2107. 1064. 2194. 2244.  927.
 2199. 2249.  922. 2075. 2107. 1064.]","[1897. 2229.  931. 1916. 2226.  931. 2041. 2116. 1057. 2198. 2232.  930.
 2183. 2228.  928. 2054. 2117. 1056.]","[-16.771    4.691   68.714    0.       0.1221  -0.5493  -0.0781  -0.29
   0.9502]",118
482,2,"[[ 0.22097809 -0.30103396  0.32896604]
 [ 0.05277969 -0.08868901  0.54131099]
 [-0.23716124 -0.30867539  0.32132461]
 [ 0.23716124  0.30867539 -0.32132461]
 [-0.22097809  0.30103396 -0.32896604]
 [-0.05277969  0.08868901 -0.54131099]]","[1903. 2244.  927. 1893. 2249.  922. 2013. 2105. 1066. 2192. 2244.  927.
 2202. 2249.  922. 2082. 2105. 1066.]","[1901. 2229.  930. 1913. 2226.  931. 2031. 2112. 1060. 2194. 2232.  929.
 2186. 2228.  928. 2063. 2113. 1060.]","[-1.6776e+01  4.6910e+00  6.8692e+01  0.0000e+00  6.1000e-02 -3.6620e-01
 -7.6700e-02 -2.9640e-01  9.5560e-01]",118
483,2,"[[ 0.21669247 -0.3012469   0.3287531 ]
 [ 0.06370614 -0.08729848  0.54270152]
 [-0.24152337 -0.30851309  0.32148691]
 [ 0.24152337  0.30851309 -0.32148691]
 [-0.21669247  0.3012469  -0.3287531 ]
 [-0.06370614  0.08729848 -0.54270152]]","[1906. 2244.  927. 1890. 2249.  922. 2006. 2104. 1067. 2189. 2244.  927.
 2205. 2249.  922. 2089. 2104. 1067.]","[1902. 2229.  930. 1911. 2226.  931. 2027. 2111. 1062. 2192. 2232.  928.
 2189. 2229.  928. 2069. 2112. 1062.]","[-1.6776e+01  4.6910e+00  6.8681e+01  0.0000e+00  6.1000e-02 -3.0520e-01
 -8.1500e-02 -2.9540e-01  9.4920e-01]",118
484,2,"[[ 0.21231621 -0.3014591   0.3285409 ]
 [ 0.0745069  -0.08669711  0.54330289]
 [-0.24574786 -0.30834002  0.32165998]
 [ 0.24574786  0.30834002 -0.32165998]
 [-0.21231621  0.3014591  -0.3285409 ]
 [-0.0745069   0.08669711 -0.54330289]]","[1909. 2244.  927. 1887. 2249.  922. 1999. 2104. 1067. 2186. 2244.  927.
 2208. 2249.  922. 2096. 2104. 1067.]","[1905. 2229.  930. 1908. 2226.  931. 2019. 2108. 1064. 2190. 2232.  928.
 2192. 2229.  928. 2076. 2110. 1064.]","[-1.6776e+01  4.6910e+00  6.8665e+01  0.0000e+00  6.1000e-02 -2.4410e-01
 -8.5900e-02 -2.9150e-01  9.5120e-01]",118
485,2,"[[ 0.20785113 -0.30167046  0.32832954]
 [ 0.08516876 -0.08689716  0.54310284]
 [-0.2498328  -0.30815651  0.32184349]
 [ 0.2498328   0.30815651 -0.32184349]
 [-0.20785113  0.30167046 -0.32832954]
 [-0.08516876  0.08689716 -0.54310284]]","[1912. 2244.  927. 1885. 2248.  923. 1992. 2104. 1067. 2183. 2244.  927.
 2210. 2248.  923. 2103. 2104. 1067.]","[1908. 2229.  930. 1905. 2226.  931. 2012. 2107. 1065. 2187. 2232.  928.
 2195. 2228.  927. 2083. 2109. 1065.]","[-16.776    4.691   68.654    0.       0.1221  -0.3662  -0.0864  -0.291
   0.9502]",118
486,2,"[[ 0.2032991  -0.30188087  0.32811913]
 [ 0.09567892 -0.0874837   0.5425163 ]
 [-0.25377637 -0.30796287  0.32203713]
 [ 0.25377637  0.30796287 -0.32203713]
 [-0.2032991   0.30188087 -0.32811913]
 [-0.09567892  0.0874837  -0.5425163 ]]","[1915. 2244.  927. 1882. 2248.  923. 1985. 2105. 1066. 2180. 2244.  927.
 2213. 2248.  923. 2110. 2105. 1066.]","[1911. 2229.  930. 1902. 2226.  931. 2005. 2107. 1066. 2185. 2232.  928.
 2198. 2228.  928. 2091. 2108. 1065.]","[-16.776    4.691   68.637    0.       0.1221  -0.4272  -0.0869  -0.292
   0.9517]",118
487,2,"[[ 0.19866203 -0.30209023  0.32790977]
 [ 0.10602505 -0.08814839  0.54185161]
 [-0.25757685 -0.30775946  0.32224054]
 [ 0.25757685  0.30775946 -0.32224054]
 [-0.19866203  0.30209023 -0.32790977]
 [-0.10602505  0.08814839 -0.54185161]]","[1918. 2244.  927. 1880. 2248.  923. 1978. 2105. 1066. 2177. 2244.  927.
 2215. 2248.  923. 2117. 2105. 1066.]","[1914. 2229.  930. 1899. 2226.  932. 1998. 2107. 1065. 2181. 2232.  928.
 2201. 2228.  928. 2097. 2108. 1065.]","[-16.776    4.691   68.615    0.       0.1221  -0.4883  -0.0864  -0.2969
   0.9468]",118
488,2,"[[ 0.19394186 -0.30229845  0.32770155]
 [ 0.11619527 -0.08902122  0.54097878]
 [-0.26123258 -0.30754662  0.32245338]
 [ 0.26123258  0.30754662 -0.32245338]
 [-0.19394186  0.30229845 -0.32770155]
 [-0.11619527  0.08902122 -0.54097878]]","[1921. 2245.  926. 1877. 2248.  923. 1972. 2106. 1065. 2174. 2245.  926.
 2218. 2248.  923. 2123. 2106. 1065.]","[1917. 2229.  929. 1897. 2226.  932. 1991. 2106. 1066. 2178. 2232.  928.
 2204. 2228.  928. 2105. 2108. 1065.]","[-1.6782e+01  4.6970e+00  6.8593e+01 -6.1000e-02  1.8310e-01 -5.4930e-01
 -7.6700e-02 -2.9250e-01  9.5020e-01]",118
489,2,"[[ 0.18914056 -0.30250543  0.32749457]
 [ 0.12617817 -0.09013791  0.53986209]
 [-0.26474201 -0.30732471  0.32267529]
 [ 0.26474201  0.30732471 -0.32267529]
 [-0.18914056  0.30250543 -0.32749457]
 [-0.12617817  0.09013791 -0.53986209]]","[1924. 2245.  926. 1875. 2248.  923. 1965. 2106. 1065. 2171. 2245.  926.
 2220. 2248.  923. 2130. 2106. 1065.]","[1921. 2229.  929. 1893. 2226.  931. 1982. 2107. 1066. 2175. 2232.  928.
 2207. 2229.  928. 2113. 2108. 1065.]","[-1.6782e+01  4.6970e+00  6.8571e+01  0.0000e+00  1.2210e-01 -4.8830e-01
 -6.6900e-02 -2.8860e-01  9.5510e-01]",118
490,2,"[[ 0.18426014 -0.30271106  0.32728894]
 [ 0.1359628  -0.09150854  0.53849146]
 [-0.26810365 -0.30709409  0.32290591]
 [ 0.26810365  0.30709409 -0.32290591]
 [-0.18426014  0.30271106 -0.32728894]
 [-0.1359628   0.09150854 -0.53849146]]","[1927. 2245.  926. 1873. 2248.  923. 1959. 2107. 1064. 2168. 2245.  926.
 2222. 2248.  923. 2136. 2107. 1064.]","[1922. 2229.  929. 1892. 2226.  931. 1977. 2106. 1065. 2173. 2232.  928.
 2208. 2229.  928. 2118. 2108. 1065.]","[-1.6782e+01  4.6970e+00  6.8555e+01  6.1000e-02  6.1000e-02 -3.6620e-01
 -7.1800e-02 -2.8960e-01  9.5410e-01]",118
491,2,"[[ 0.17930264 -0.30291526  0.32708474]
 [ 0.14553865 -0.09313831  0.53686169]
 [-0.27131611 -0.30685512  0.32314488]
 [ 0.27131611  0.30685512 -0.32314488]
 [-0.17930264  0.30291526 -0.32708474]
 [-0.14553865  0.09313831 -0.53686169]]","[1931. 2245.  926. 1871. 2248.  923. 1953. 2108. 1063. 2164. 2245.  926.
 2224. 2248.  923. 2142. 2108. 1063.]","[1926. 2229.  929. 1890. 2226.  932. 1971. 2107. 1065. 2170. 2232.  927.
 2211. 2229.  928. 2124. 2108. 1065.]","[-1.6782e+01  4.6970e+00  6.8538e+01  6.1000e-02  6.1000e-02 -2.4410e-01
 -8.6900e-02 -2.9250e-01  9.4870e-01]",118
492,2,"[[ 0.17427013 -0.30311792  0.32688208]
 [ 0.15489571 -0.09503146  0.53496854]
 [-0.27437809 -0.30660818  0.32339182]
 [ 0.27437809  0.30660818 -0.32339182]
 [-0.17427013  0.30311792 -0.32688208]
 [-0.15489571  0.09503146 -0.53496854]]","[1934. 2245.  926. 1869. 2247.  924. 1947. 2109. 1062. 2161. 2245.  926.
 2226. 2247.  924. 2148. 2109. 1062.]","[1929. 2229.  928. 1887. 2226.  932. 1964. 2107. 1064. 2167. 2232.  927.
 2213. 2228.  928. 2131. 2108. 1064.]","[-1.6782e+01  4.6970e+00  6.8527e+01  0.0000e+00  6.1000e-02 -2.4410e-01
 -8.5000e-02 -2.9150e-01  9.4970e-01]",118
493,2,"[[ 0.16916473 -0.30331895  0.32668105]
 [ 0.16402443 -0.09719192  0.53280808]
 [-0.27728838 -0.30635364  0.32364636]
 [ 0.27728838  0.30635364 -0.32364636]
 [-0.16916473  0.30331895 -0.32668105]
 [-0.16402443  0.09719192 -0.53280808]]","[1937. 2245.  926. 1867. 2247.  924. 1941. 2111. 1060. 2158. 2245.  926.
 2228. 2247.  924. 2154. 2111. 1060.]","[1932. 2230.  928. 1885. 2226.  932. 1958. 2108. 1063. 2164. 2232.  927.
 2216. 2229.  928. 2137. 2109. 1063.]","[-16.782    4.697   68.516    0.       0.1221  -0.3662  -0.083   -0.293
   0.9512]",118
494,2,"[[ 0.16398856 -0.30351826  0.32648174]
 [ 0.1729157  -0.09962339  0.53037661]
 [-0.28004582 -0.3060919   0.3239081 ]
 [ 0.28004582  0.3060919  -0.3239081 ]
 [-0.16398856  0.30351826 -0.32648174]
 [-0.1729157   0.09962339 -0.53037661]]","[1941. 2245.  926. 1865. 2247.  924. 1935. 2112. 1059. 2154. 2245.  926.
 2230. 2247.  924. 2160. 2112. 1059.]","[1936. 2229.  929. 1883. 2226.  932. 1952. 2109. 1062. 2161. 2232.  927.
 2218. 2229.  928. 2143. 2110. 1062.]","[-16.782    4.702   68.494    0.       0.1831  -0.5493  -0.0791  -0.292
   0.9502]",118
495,2,"[[ 0.15874379 -0.30371575  0.32628425]
 [ 0.18156092 -0.10232936  0.52767064]
 [-0.28264938 -0.30582332  0.32417668]
 [ 0.28264938  0.30582332 -0.32417668]
 [-0.15874379  0.30371575 -0.32628425]
 [-0.18156092  0.10232936 -0.52767064]]","[1944. 2245.  925. 1863. 2247.  924. 1929. 2114. 1057. 2151. 2245.  925.
 2232. 2247.  924. 2166. 2114. 1057.]","[1939. 2229.  928. 1881. 2226.  931. 1946. 2111. 1060. 2157. 2232.  927.
 2220. 2228.  928. 2149. 2111. 1060.]","[-16.782    4.702   68.472    0.       0.1831  -0.5493  -0.0806  -0.2939
   0.9546]",118
496,2,"[[ 0.15343262 -0.30391134  0.32608866]
 [ 0.18995191 -0.10531311  0.52468689]
 [-0.2850981  -0.30554831  0.32445169]
 [ 0.2850981   0.30554831 -0.32445169]
 [-0.15343262  0.30391134 -0.32608866]
 [-0.18995191  0.10531311 -0.52468689]]","[1947. 2246.  925. 1862. 2247.  924. 1924. 2116. 1055. 2148. 2246.  925.
 2233. 2247.  924. 2171. 2116. 1055.]","[1942. 2229.  928. 1879. 2226.  932. 1940. 2112. 1059. 2154. 2232.  926.
 2223. 2228.  928. 2155. 2112. 1059.]","[-1.6787e+01  4.7020e+00  6.8450e+01  0.0000e+00  6.1000e-02 -4.8830e-01
 -7.8100e-02 -2.9050e-01  9.4630e-01]",118
497,2,"[[ 0.14805727 -0.30410492  0.32589508]
 [ 0.19808099 -0.10857769  0.52142231]
 [-0.28739109 -0.30526726  0.32473274]
 [ 0.28739109  0.30526726 -0.32473274]
 [-0.14805727  0.30410492 -0.32589508]
 [-0.19808099  0.10857769 -0.52142231]]","[1951. 2246.  925. 1860. 2247.  924. 1918. 2118. 1053. 2144. 2246.  925.
 2235. 2247.  924. 2177. 2118. 1053.]","[1945. 2230.  927. 1877. 2226.  932. 1935. 2115. 1057. 2151. 2232.  926.
 2225. 2228.  928. 2161. 2114. 1057.]","[-16.787    4.697   68.434    0.       0.      -0.4272  -0.083   -0.2935
   0.9536]",118
498,2,"[[ 0.14261998 -0.30429642  0.32570358]
 [ 0.2059409  -0.11212593  0.51787407]
 [-0.28952757 -0.30498055  0.32501945]
 [ 0.28952757  0.30498055 -0.32501945]
 [-0.14261998  0.30429642 -0.32570358]
 [-0.2059409   0.11212593 -0.51787407]]","[1955. 2246.  925. 1859. 2246.  925. 1913. 2121. 1050. 2140. 2246.  925.
 2236. 2246.  925. 2182. 2121. 1050.]","[1948. 2231.  928. 1875. 2226.  932. 1929. 2116. 1055. 2148. 2232.  926.
 2226. 2228.  928. 2167. 2116. 1055.]","[-1.6793e+01  4.6970e+00  6.8417e+01  0.0000e+00  6.1000e-02 -3.6620e-01
 -8.7900e-02 -2.9300e-01  9.5260e-01]",118
499,2,"[[ 0.13712303 -0.30448574  0.32551426]
 [ 0.21352488 -0.11596041  0.51403959]
 [-0.29150683 -0.30468858  0.32531142]
 [ 0.29150683  0.30468858 -0.32531142]
 [-0.13712303  0.30448574 -0.32551426]
 [-0.21352488  0.11596041 -0.51403959]]","[1958. 2246.  925. 1857. 2246.  925. 1908. 2123. 1048. 2137. 2246.  925.
 2238. 2246.  925. 2187. 2123. 1048.]","[1952. 2231.  927. 1873. 2226.  932. 1923. 2118. 1053. 2144. 2232.  926.
 2228. 2228.  928. 2172. 2119. 1053.]","[-16.793    4.702   68.401    0.       0.1831  -0.1831  -0.0898  -0.2939
   0.9536]",118
500,2,"[[ 0.13156872 -0.3046728   0.3253272 ]
 [ 0.22082657 -0.12008349  0.50991651]
 [-0.29332824 -0.30439175  0.32560825]
 [ 0.29332824  0.30439175 -0.32560825]
 [-0.13156872  0.3046728  -0.3253272 ]
 [-0.22082657  0.12008349 -0.50991651]]","[1962. 2246.  925. 1856. 2246.  925. 1904. 2126. 1045. 2133. 2246.  925.
 2239. 2246.  925. 2191. 2126. 1045.]","[1956. 2232.  928. 1871. 2226.  932. 1916. 2122. 1050. 2141. 2232.  926.
 2231. 2228.  928. 2179. 2121. 1050.]","[-1.6787e+01  4.7130e+00  6.8395e+01  6.1000e-02  1.8310e-01 -1.2210e-01
 -8.4000e-02 -2.9440e-01  9.4580e-01]",118
501,2,"[[ 0.12595938 -0.30485751  0.32514249]
 [ 0.22784011 -0.12449726  0.50550274]
 [-0.29499128 -0.30409045  0.32590955]
 [ 0.29499128  0.30409045 -0.32590955]
 [-0.12595938  0.30485751 -0.32514249]
 [-0.22784011  0.12449726 -0.50550274]]","[1965. 2246.  925. 1855. 2246.  925. 1899. 2129. 1042. 2130. 2246.  925.
 2240. 2246.  925. 2196. 2129. 1042.]","[1959. 2232.  927. 1870. 2226.  932. 1913. 2123. 1048. 2138. 2232.  926.
 2232. 2228.  928. 2183. 2123. 1049.]","[-16.787    4.719   68.384    0.       0.1221  -0.2441  -0.0767  -0.29
   0.9463]",118
502,2,"[[ 0.12029734 -0.30503978  0.32496022]
 [ 0.23456005 -0.12920358  0.50079642]
 [-0.29649548 -0.30378508  0.32621492]
 [ 0.29649548  0.30378508 -0.32621492]
 [-0.12029734  0.30503978 -0.32496022]
 [-0.23456005  0.12920358 -0.50079642]]","[1969. 2246.  925. 1854. 2246.  925. 1895. 2132. 1039. 2126. 2246.  925.
 2241. 2246.  925. 2200. 2132. 1039.]","[1962. 2232.  927. 1868. 2226.  932. 1908. 2126. 1046. 2135. 2232.  926.
 2234. 2228.  928. 2188. 2125. 1046.]","[-1.6787e+01  4.7190e+00  6.8373e+01 -6.1000e-02  6.1000e-02 -3.6620e-01
 -7.6700e-02 -2.8860e-01  9.5360e-01]",118
503,2,"[[ 0.11458498 -0.30521954  0.32478046]
 [ 0.24098138 -0.13420404  0.49579596]
 [-0.29784049 -0.30347604  0.32652396]
 [ 0.29784049  0.30347604 -0.32652396]
 [-0.11458498  0.30521954 -0.32478046]
 [-0.24098138  0.13420404 -0.49579596]]","[1973. 2246.  924. 1853. 2245.  926. 1890. 2135. 1036. 2122. 2246.  924.
 2242. 2245.  926. 2205. 2135. 1036.]","[1965. 2232.  927. 1866. 2226.  932. 1903. 2129. 1043. 2131. 2232.  926.
 2236. 2228.  928. 2192. 2129. 1043.]","[-1.6793e+01  4.7190e+00  6.8357e+01 -6.1000e-02  6.1000e-02 -4.2720e-01
 -7.3200e-02 -2.8760e-01  9.5460e-01]",118
504,2,"[[ 0.10882469 -0.3053967   0.3246033 ]
 [ 0.24709954 -0.13949999  0.49050001]
 [-0.29902602 -0.30316371  0.32683629]
 [ 0.29902602  0.30316371 -0.32683629]
 [-0.10882469  0.3053967  -0.3246033 ]
 [-0.24709954  0.13949999 -0.49050001]]","[1977. 2247.  924. 1853. 2245.  926. 1886. 2138. 1033. 2118. 2247.  924.
 2242. 2245.  926. 2209. 2138. 1033.]","[1969. 2232.  927. 1866. 2226.  932. 1898. 2132. 1040. 2127. 2232.  926.
 2237. 2228.  928. 2197. 2132. 1040.]","[-1.6798e+01  4.7190e+00  6.8335e+01  0.0000e+00  6.1000e-02 -4.2720e-01
 -7.6200e-02 -2.9150e-01  9.4870e-01]",118
505,2,"[[ 0.10301888 -0.30557118  0.32442882]
 [ 0.25291037 -0.14509249  0.48490751]
 [-0.30005186 -0.3028485   0.3271515 ]
 [ 0.30005186  0.3028485  -0.3271515 ]
 [-0.10301888  0.30557118 -0.32442882]
 [-0.25291037  0.14509249 -0.48490751]]","[1980. 2247.  924. 1852. 2245.  926. 1883. 2142. 1029. 2115. 2247.  924.
 2243. 2245.  926. 2212. 2142. 1029.]","[1973. 2232.  927. 1865. 2226.  932. 1894. 2134. 1037. 2124. 2233.  925.
 2238. 2228.  929. 2201. 2134. 1037.]","[-1.6798e+01  4.7130e+00  6.8318e+01 -6.1000e-02  6.1000e-02 -4.8830e-01
 -8.1100e-02 -2.9540e-01  9.4870e-01]",118
506,2,"[[ 0.09716997 -0.30574291  0.32425709]
 [ 0.25841015 -0.15098235  0.47901765]
 [-0.30091791 -0.30253079  0.32746921]
 [ 0.30091791  0.30253079 -0.32746921]
 [-0.09716997  0.30574291 -0.32425709]
 [-0.25841015  0.15098235 -0.47901765]]","[1984. 2247.  924. 1851. 2245.  926. 1879. 2146. 1025. 2111. 2247.  924.
 2244. 2245.  926. 2216. 2146. 1025.]","[1977. 2232.  927. 1864. 2226.  932. 1890. 2137. 1034. 2121. 2232.  925.
 2239. 2228.  930. 2205. 2137. 1034.]","[-16.804    4.708   68.302   -0.1221   0.      -0.3052  -0.0908  -0.2925
   0.9507]",118
507,2,"[[ 0.09128041 -0.3059118   0.3240882 ]
 [ 0.26359556 -0.1571701   0.4728299 ]
 [-0.30162415 -0.30221096  0.32778904]
 [ 0.30162415  0.30221096 -0.32778904]
 [-0.09128041  0.3059118  -0.3240882 ]
 [-0.26359556  0.1571701  -0.4728299 ]]","[1988. 2247.  924. 1851. 2245.  926. 1876. 2150. 1021. 2107. 2247.  924.
 2244. 2245.  926. 2219. 2150. 1021.]","[1980. 2232.  927. 1862. 2226.  933. 1886. 2142. 1030. 2118. 2232.  925.
 2241. 2228.  930. 2210. 2141. 1030.]","[-1.6809e+01  4.7080e+00  6.8297e+01 -1.8310e-01 -6.1000e-02  0.0000e+00
 -7.8600e-02 -2.9000e-01  9.4680e-01]",118
508,2,"[[ 0.08535267 -0.30607779  0.32392221]
 [ 0.26846371 -0.16365602  0.46634398]
 [-0.30217072 -0.30188942  0.32811058]
 [ 0.30217072  0.30188942 -0.32811058]
 [-0.08535267  0.30607779 -0.32392221]
 [-0.26846371  0.16365602 -0.46634398]]","[1992. 2247.  924. 1851. 2244.  927. 1872. 2154. 1017. 2103. 2247.  924.
 2244. 2244.  927. 2223. 2154. 1017.]","[1983. 2232.  927. 1861. 2226.  933. 1882. 2144. 1026. 2115. 2232.  925.
 2241. 2228.  931. 2213. 2145. 1027.]","[-1.6820e+01  4.7080e+00  6.8302e+01 -1.2210e-01 -6.1000e-02  6.1000e-02
 -8.0100e-02 -2.9740e-01  9.6040e-01]",118
509,2,"[[ 0.07938923 -0.30624079  0.32375921]
 [ 0.27301208 -0.17044009  0.45955991]
 [-0.30255843 -0.30156653  0.32843347]
 [ 0.30255843  0.30156653 -0.32843347]
 [-0.07938923  0.30624079 -0.32375921]
 [-0.27301208  0.17044009 -0.45955991]]","[1996. 2247.  924. 1850. 2244.  927. 1870. 2159. 1012. 2099. 2247.  924.
 2245. 2244.  927. 2225. 2159. 1012.]","[1987. 2232.  927. 1860. 2226.  933. 1879. 2149. 1023. 2112. 2232.  926.
 2242. 2228.  931. 2217. 2149. 1023.]","[-16.82     4.708   68.302    0.       0.       0.      -0.084   -0.2988
   0.9463]",118
510,2,"[[ 0.07339258 -0.30640073  0.32359927]
 [ 0.27723856 -0.17752202  0.45247798]
 [-0.30278988 -0.30124268  0.32875732]
 [ 0.30278988  0.30124268 -0.32875732]
 [-0.07339258  0.30640073 -0.32359927]
 [-0.27723856  0.17752202 -0.45247798]]","[2000. 2247.  924. 1850. 2244.  927. 1867. 2163. 1008. 2095. 2247.  924.
 2245. 2244.  927. 2228. 2163. 1008.]","[1990. 2233.  927. 1860. 2226.  933. 1875. 2153. 1019. 2108. 2232.  925.
 2243. 2228.  932. 2220. 2153. 1018.]","[-16.826    4.708   68.297    0.       0.      -0.1831  -0.083   -0.2974
   0.9429]",118
511,2,"[[ 0.06736522 -0.30655754  0.32344246]
 [ 0.28114142 -0.18490124  0.44509876]
 [-0.30284432 -0.30091819  0.32908181]
 [ 0.30284432  0.30091819 -0.32908181]
 [-0.06736522  0.30655754 -0.32344246]
 [-0.28114142  0.18490124 -0.44509876]]","[2004. 2247.  924. 1850. 2244.  927. 1864. 2168. 1003. 2091. 2247.  924.
 2245. 2244.  927. 2231. 2168. 1003.]","[1994. 2233.  927. 1859. 2225.  933. 1872. 2157. 1015. 2104. 2232.  926.
 2244. 2228.  932. 2223. 2157. 1014.]","[-1.6831e+01  4.7080e+00  6.8286e+01 -1.2210e-01  6.1000e-02 -3.6620e-01
 -8.4000e-02 -2.9490e-01  9.5210e-01]",118
512,2,"[[ 0.06130969 -0.30671116  0.32328884]
 [ 0.28471931 -0.1925769   0.4374231 ]
 [-0.30254824 -0.30059307  0.32940693]
 [ 0.30254824  0.30059307 -0.32940693]
 [-0.06130969  0.30671116 -0.32328884]
 [-0.28471931  0.1925769  -0.4374231 ]]","[2008. 2247.  924. 1850. 2243.  928. 1862. 2173.  998. 2087. 2247.  924.
 2245. 2243.  928. 2233. 2173.  998.]","[1995. 2233.  928. 1859. 2226.  933. 1869. 2161. 1010. 2100. 2232.  925.
 2245. 2228.  932. 2226. 2161. 1010.]","[-16.842    4.708   68.269   -0.2441   0.      -0.3662  -0.0742  -0.2886
   0.9492]",118
513,2,"[[ 0.05522851 -0.30686152  0.32313848]
 [ 0.28797125 -0.20054788  0.42945212]
 [-0.30180395 -0.30026705  0.32973295]
 [ 0.30180395  0.30026705 -0.32973295]
 [-0.05522851  0.30686152 -0.32313848]
 [-0.28797125  0.20054788 -0.42945212]]","[2011. 2248.  923. 1851. 2243.  928. 1860. 2178.  993. 2084. 2248.  923.
 2244. 2243.  928. 2235. 2178.  993.]","[1999. 2233.  927. 1858. 2226.  934. 1866. 2166. 1005. 2096. 2232.  925.
 2247. 2228.  932. 2229. 2166. 1006.]","[-16.848    4.702   68.258   -0.1221   0.      -0.3052  -0.083   -0.2964
   0.9546]",118
514,2,"[[ 0.04912422 -0.30700854  0.32299146]
 [ 0.29089663 -0.20881277  0.42118723]
 [-0.30061712 -0.29994037  0.33005963]
 [ 0.30061712  0.29994037 -0.33005963]
 [-0.04912422  0.30700854 -0.32299146]
 [-0.29089663  0.20881277 -0.42118723]]","[2015. 2248.  923. 1852. 2243.  928. 1858. 2184.  987. 2080. 2248.  923.
 2243. 2243.  928. 2237. 2184.  987.]","[2002. 2232.  927. 1858. 2226.  933. 1864. 2171. 1001. 2092. 2232.  925.
 2248. 2228.  933. 2231. 2171. 1001.]","[-1.6853e+01  4.7020e+00  6.8247e+01 -6.1000e-02  0.0000e+00 -1.2210e-01
 -8.2500e-02 -2.9690e-01  9.5020e-01]",118
515,2,"[[ 0.04299939 -0.30715217  0.32284783]
 [ 0.29349517 -0.21736986  0.41263014]
 [-0.2989938  -0.29961339  0.33038661]
 [ 0.2989938   0.29961339 -0.33038661]
 [-0.04299939  0.30715217 -0.32284783]
 [-0.29349517  0.21736986 -0.41263014]]","[2019. 2248.  923. 1853. 2243.  928. 1856. 2189.  982. 2076. 2248.  923.
 2242. 2243.  928. 2239. 2189.  982.]","[2006. 2233.  927. 1858. 2226.  933. 1862. 2176.  996. 2090. 2232.  925.
 2247. 2228.  933. 2233. 2176.  995.]","[-16.853    4.702   68.242    0.       0.      -0.1831  -0.0815  -0.2935
   0.9492]",118
516,2,"[[ 0.03685657 -0.30729234  0.32270766]
 [ 0.29576697 -0.22621719  0.40378281]
 [-0.29694081 -0.29928652  0.33071348]
 [ 0.29694081  0.29928652 -0.33071348]
 [-0.03685657  0.30729234 -0.32270766]
 [-0.29576697  0.22621719 -0.40378281]]","[2023. 2248.  923. 1854. 2243.  928. 1855. 2195.  976. 2072. 2248.  923.
 2241. 2243.  928. 2240. 2195.  976.]","[2010. 2233.  927. 1858. 2226.  934. 1859. 2181.  990. 2086. 2232.  925.
 2247. 2227.  933. 2235. 2181.  991.]","[-16.859    4.702   68.236   -0.1831   0.      -0.1831  -0.0776  -0.2915
   0.9473]",118
517,2,"[[ 0.03069833 -0.307429    0.322571  ]
 [ 0.29771244 -0.23535249  0.39464751]
 [-0.29446579 -0.29896013  0.33103987]
 [ 0.29446579  0.29896013 -0.33103987]
 [-0.03069833  0.307429   -0.322571  ]
 [-0.29771244  0.23535249 -0.39464751]]","[2027. 2248.  923. 1856. 2242.  929. 1853. 2201.  970. 2068. 2248.  923.
 2239. 2242.  929. 2242. 2201.  970.]","[2014. 2233.  927. 1857. 2226.  934. 1858. 2187.  985. 2083. 2232.  925.
 2246. 2228.  933. 2238. 2186.  985.]","[-16.875    4.697   68.225   -0.3662   0.      -0.1831  -0.0801  -0.2935
   0.9507]",118
518,2,"[[ 0.02452725 -0.30756207  0.32243793]
 [ 0.29933234 -0.24477323  0.38522677]
 [-0.29157699 -0.29863462  0.33136538]
 [ 0.29157699  0.29863462 -0.33136538]
 [-0.02452725  0.30756207 -0.32243793]
 [-0.29933234  0.24477323 -0.38522677]]","[2032. 2248.  923. 1857. 2242.  929. 1852. 2207.  964. 2063. 2248.  923.
 2238. 2242.  929. 2243. 2207.  964.]","[2017. 2233.  927. 1858. 2226.  933. 1856. 2192.  980. 2079. 2232.  925.
 2245. 2228.  934. 2240. 2192.  979.]","[-16.886    4.697   68.22    -0.1831   0.      -0.1831  -0.085   -0.2993
   0.9507]",118
519,2,"[[ 0.01834591 -0.30769152  0.32230848]
 [ 0.30062773 -0.25447659  0.37552341]
 [-0.28828323 -0.29831038  0.33168962]
 [ 0.28828323  0.29831038 -0.33168962]
 [-0.01834591  0.30769152 -0.32230848]
 [-0.30062773  0.25447659 -0.37552341]]","[2036. 2248.  923. 1860. 2242.  929. 1852. 2213.  958. 2059. 2248.  923.
 2235. 2242.  929. 2243. 2213.  958.]","[2021. 2233.  927. 1858. 2226.  934. 1854. 2198.  974. 2075. 2232.  925.
 2245. 2227.  934. 2241. 2198.  976.]","[-16.897    4.697   68.209   -0.1831   0.      -0.1831  -0.0869  -0.3022
   0.9478]",118
520,2,"[[ 0.0121569  -0.30781727  0.32218273]
 [ 0.3016     -0.26445946  0.36554054]
 [-0.28459376 -0.2979878   0.3320122 ]
 [ 0.28459376  0.2979878  -0.3320122 ]
 [-0.0121569   0.30781727 -0.32218273]
 [-0.3016      0.26445946 -0.36554054]]","[2040. 2248.  923. 1862. 2242.  929. 1851. 2220.  951. 2055. 2248.  923.
 2233. 2242.  929. 2244. 2220.  951.]","[2025. 2232.  927. 1859. 2226.  935. 1853. 2204.  968. 2071. 2232.  925.
 2245. 2228.  934. 2241. 2202.  971.]","[-16.908    4.697   68.209   -0.3052   0.      -0.1221  -0.0874  -0.3008
   0.9482]",118
521,2,"[[ 0.0059628  -0.30793928  0.32206072]
 [ 0.3022505  -0.27471847  0.35528153]
 [-0.28051828 -0.29766727  0.33233273]
 [ 0.28051828  0.29766727 -0.33233273]
 [-0.0059628   0.30793928 -0.32206072]
 [-0.3022505   0.27471847 -0.35528153]]","[2044. 2248.  923. 1865. 2242.  929. 1850. 2227.  944. 2051. 2248.  923.
 2230. 2242.  929. 2245. 2227.  944.]","[2029. 2233.  927. 1859. 2226.  935. 1852. 2210.  962. 2067. 2232.  925.
 2243. 2228.  934. 2243. 2207.  965.]","[-1.6924e+01  4.6970e+00  6.8203e+01 -3.0520e-01 -6.1000e-02  0.0000e+00
 -9.1800e-02 -2.9100e-01  9.5070e-01]",118
522,2,"[[-2.33792664e-04 -3.08057490e-01  3.21942510e-01]
 [ 3.02578818e-01 -2.85249848e-01  3.44750152e-01]
 [-2.76066854e-01 -2.97349185e-01  3.32650815e-01]
 [ 2.76066854e-01  2.97349185e-01 -3.32650815e-01]
 [ 2.33792664e-04  3.08057490e-01 -3.21942510e-01]
 [-3.02578818e-01  2.85249848e-01 -3.44750152e-01]]","[2048. 2248.  923. 1868. 2241.  930. 1850. 2233.  938. 2047. 2248.  923.
 2227. 2241.  930. 2245. 2233.  938.]","[2032. 2232.  927. 1860. 2226.  936. 1852. 2217.  955. 2064. 2232.  925.
 2241. 2227.  935. 2243. 2213.  958.]","[-16.935    4.702   68.209   -0.3052   0.       0.1831  -0.0757  -0.2939
   0.9453]",118
523,2,"[[-0.00643029 -0.30817186  0.32182814]
 [ 0.30261859 -0.2934594   0.3365406 ]
 [-0.27124994 -0.29703392  0.33296608]
 [ 0.27124994  0.29703392 -0.33296608]
 [ 0.00643029  0.30817186 -0.32182814]
 [-0.30261859  0.2934594  -0.3365406 ]]","[2052. 2248.  923. 1871. 2241.  930. 1850. 2239.  932. 2043. 2248.  923.
 2224. 2241.  930. 2245. 2239.  932.]","[2035. 2233.  927. 1861. 2226.  936. 1851. 2224.  949. 2061. 2232.  925.
 2240. 2228.  935. 2244. 2219.  952.]","[-16.957    4.702   68.214   -0.4883   0.       0.      -0.0801  -0.2959
   0.9502]",118
524,2,"[[-0.01262409 -0.30828233  0.32171767]
 [ 0.30251839 -0.29362491  0.33637509]
 [-0.26607831 -0.29672187  0.33327813]
 [ 0.26607831  0.29672187 -0.33327813]
 [ 0.01262409  0.30828233 -0.32171767]
 [-0.30251839  0.29362491 -0.33637509]]","[2056. 2248.  923. 1874. 2241.  930. 1850. 2239.  932. 2039. 2248.  923.
 2221. 2241.  930. 2245. 2239.  932.]","[2039. 2233.  927. 1864. 2226.  937. 1851. 2228.  943. 2057. 2233.  925.
 2238. 2228.  936. 2243. 2224.  946.]","[-16.974    4.702   68.214   -0.5493   0.       0.      -0.0742  -0.291
   0.9512]",118
525,2,"[[-0.01881262 -0.30838887  0.32161113]
 [ 0.30234272 -0.29379344  0.33620656]
 [-0.26056305 -0.29641341  0.33358659]
 [ 0.26056305  0.29641341 -0.33358659]
 [ 0.01881262  0.30838887 -0.32161113]
 [-0.30234272  0.29379344 -0.33620656]]","[2060. 2249.  922. 1878. 2241.  930. 1850. 2239.  932. 2035. 2249.  922.
 2217. 2241.  930. 2245. 2239.  932.]","[2041. 2233.  927. 1866. 2226.  937. 1851. 2230.  941. 2053. 2233.  925.
 2235. 2228.  936. 2244. 2228.  942.]","[-1.6990e+01  4.7080e+00  6.8214e+01 -1.8310e-01  0.0000e+00  6.1000e-02
 -7.9100e-02 -3.0570e-01  9.4340e-01]",118
526,2,"[[-0.02499328 -0.30849142  0.32150858]
 [ 0.30209107 -0.29396484  0.33603516]
 [-0.2547155  -0.29610893  0.33389107]
 [ 0.2547155   0.29610893 -0.33389107]
 [ 0.02499328  0.30849142 -0.32150858]
 [-0.30209107  0.29396484 -0.33603516]]","[2064. 2249.  922. 1881. 2241.  930. 1851. 2239.  932. 2031. 2249.  922.
 2214. 2241.  930. 2244. 2239.  932.]","[2044. 2233.  928. 1869. 2226.  937. 1850. 2233.  938. 2050. 2234.  924.
 2233. 2228.  936. 2244. 2229.  940.]","[-17.023    4.702   68.236   -1.1597  -0.4272   0.4883  -0.0684  -0.3008
   0.981 ]",118
527,2,"[[-0.03116348 -0.30858994  0.32141006]
 [ 0.30175964 -0.29413901  0.33586099]
 [-0.2485473  -0.29580878  0.33419122]
 [ 0.2485473   0.29580878 -0.33419122]
 [ 0.03116348  0.30858994 -0.32141006]
 [-0.30175964  0.29413901 -0.33586099]]","[2068. 2249.  922. 1885. 2240.  931. 1851. 2239.  932. 2027. 2249.  922.
 2210. 2240.  931. 2244. 2239.  932.]","[2048. 2233.  928. 1871. 2226.  937. 1850. 2235.  935. 2046. 2234.  924.
 2229. 2228.  936. 2244. 2230.  939.]","[-1.7056e+01  4.6800e+00  6.8253e+01 -6.7140e-01 -4.8830e-01  1.8310e-01
 -4.1500e-02 -2.7590e-01  9.2770e-01]",118
528,2,"[[-0.03732064 -0.30868439  0.32131561]
 [ 0.30134648 -0.29431587  0.33568413]
 [-0.24207027 -0.29551335  0.33448665]
 [ 0.24207027  0.29551335 -0.33448665]
 [ 0.03732064  0.30868439 -0.32131561]
 [-0.30134648  0.29431587 -0.33568413]]","[2072. 2249.  922. 1890. 2240.  931. 1851. 2239.  932. 2023. 2249.  922.
 2205. 2240.  931. 2244. 2239.  932.]","[2051. 2233.  927. 1873. 2226.  937. 1851. 2236.  934. 2042. 2234.  924.
 2226. 2228.  936. 2244. 2231.  938.]","[-17.073    4.669   68.253   -0.5493  -0.1831   0.      -0.0864  -0.2905
   0.9741]",118
529,2,"[[-0.04346219 -0.30877475  0.32122525]
 [ 0.30085066 -0.29449528  0.33550472]
 [-0.23529646 -0.295223    0.334777  ]
 [ 0.23529646  0.295223   -0.334777  ]
 [ 0.04346219  0.30877475 -0.32122525]
 [-0.30085066  0.29449528 -0.33550472]]","[2076. 2249.  922. 1894. 2240.  931. 1851. 2239.  931. 2019. 2249.  922.
 2201. 2240.  931. 2244. 2239.  931.]","[2055. 2232.  927. 1876. 2226.  936. 1850. 2237.  933. 2039. 2233.  923.
 2222. 2228.  936. 2243. 2232.  938.]","[-1.7095e+01  4.6640e+00  6.8258e+01 -5.4930e-01 -1.2210e-01  6.1000e-02
 -8.9400e-02 -2.9390e-01  9.4380e-01]",118
530,2,"[[-0.04958556 -0.30886095  0.32113905]
 [ 0.30027165 -0.29467716  0.33532284]
 [-0.22823809 -0.29493807  0.33506193]
 [ 0.22823809  0.29493807 -0.33506193]
 [ 0.04958556  0.30886095 -0.32113905]
 [-0.30027165  0.29467716 -0.33532284]]","[2080. 2249.  922. 1899. 2240.  931. 1852. 2240.  931. 2015. 2249.  922.
 2196. 2240.  931. 2243. 2240.  931.]","[2059. 2233.  927. 1879. 2226.  937. 1850. 2237.  933. 2035. 2234.  924.
 2218. 2228.  935. 2243. 2231.  937.]","[-17.106    4.658   68.264   -0.3052  -0.1221   0.1831  -0.0947  -0.3066
   0.9561]",118
531,2,"[[-0.05568819 -0.30894299  0.32105701]
 [ 0.29960909 -0.2948614   0.3351386 ]
 [-0.22090754 -0.29465894  0.33534106]
 [ 0.22090754  0.29465894 -0.33534106]
 [ 0.05568819  0.30894299 -0.32105701]
 [-0.29960909  0.2948614  -0.3351386 ]]","[2084. 2249.  922. 1903. 2240.  931. 1852. 2240.  931. 2011. 2249.  922.
 2192. 2240.  931. 2243. 2240.  931.]","[2063. 2233.  927. 1882. 2226.  936. 1850. 2238.  932. 2032. 2233.  923.
 2213. 2228.  936. 2243. 2233.  936.]","[-1.7106e+01  4.6640e+00  6.8286e+01 -6.1000e-02 -1.8310e-01  4.8830e-01
 -1.0010e-01 -3.2180e-01  9.4090e-01]",118
532,2,"[[-0.06176753 -0.30902081  0.32097919]
 [ 0.29886271 -0.29504788  0.33495212]
 [-0.21331731 -0.29438593  0.33561407]
 [ 0.21331731  0.29438593 -0.33561407]
 [ 0.06176753  0.30902081 -0.32097919]
 [-0.29886271  0.29504788 -0.33495212]]","[2088. 2249.  922. 1908. 2239.  932. 1853. 2240.  931. 2007. 2249.  922.
 2187. 2239.  932. 2242. 2240.  931.]","[2066. 2233.  927. 1886. 2227.  936. 1851. 2238.  932. 2028. 2234.  923.
 2209. 2228.  935. 2243. 2233.  936.]","[-17.106    4.664   68.318    0.      -0.2441   0.7324  -0.1006  -0.3115
   0.9448]",118
533,2,"[[-0.06782102 -0.30909439  0.32090561]
 [ 0.29803226 -0.29523649  0.33476351]
 [-0.20548004 -0.29411939  0.33588061]
 [ 0.20548004  0.29411939 -0.33588061]
 [ 0.06782102  0.30909439 -0.32090561]
 [-0.29803226  0.29523649 -0.33476351]]","[2092. 2249.  922. 1914. 2239.  932. 1853. 2240.  931. 2003. 2249.  922.
 2181. 2239.  932. 2242. 2240.  931.]","[2070. 2233.  926. 1891. 2227.  937. 1851. 2238.  932. 2025. 2233.  923.
 2206. 2228.  935. 2242. 2233.  935.]","[-1.7111e+01  4.6690e+00  6.8368e+01 -6.1000e-02 -3.6620e-01  1.1597e+00
 -1.0500e-01 -3.2470e-01  9.4090e-01]",118
534,2,"[[-0.07384615 -0.30916371  0.32083629]
 [ 0.29711758 -0.29542714  0.33457286]
 [-0.19740843 -0.29385964  0.33614036]
 [ 0.19740843  0.29385964 -0.33614036]
 [ 0.07384615  0.30916371 -0.32083629]
 [-0.29711758  0.29542714 -0.33457286]]","[2096. 2249.  922. 1919. 2239.  932. 1854. 2240.  931. 1999. 2249.  922.
 2176. 2239.  932. 2241. 2240.  931.]","[2074. 2234.  926. 1895. 2227.  936. 1851. 2238.  932. 2021. 2234.  923.
 2201. 2228.  935. 2241. 2234.  936.]","[-17.111    4.68    68.428    0.      -0.4272   1.5259  -0.0898  -0.3022
   0.9443]",118
535,2,"[[-0.07984038 -0.30922873  0.32077127]
 [ 0.29611848 -0.29561971  0.33438029]
 [-0.18911527 -0.29360701  0.33639299]
 [ 0.18911527  0.29360701 -0.33639299]
 [ 0.07984038  0.30922873 -0.32077127]
 [-0.29611848  0.29561971 -0.33438029]]","[2100. 2249.  922. 1924. 2239.  932. 1854. 2240.  931. 1995. 2249.  922.
 2171. 2239.  932. 2241. 2240.  931.]","[2078. 2234.  925. 1901. 2227.  936. 1851. 2239.  932. 2017. 2233.  923.
 2196. 2228.  935. 2241. 2234.  935.]","[-17.111    4.691   68.505    0.      -0.4883   1.77    -0.0864  -0.2983
   0.9502]",118
536,2,"[[-0.08580122 -0.30928943  0.32071057]
 [ 0.29503484 -0.2958141   0.3341859 ]
 [-0.18061339 -0.28954023  0.34045977]
 [ 0.18061339  0.28954023 -0.34045977]
 [ 0.08580122  0.30928943 -0.32071057]
 [-0.29503484  0.2958141  -0.3341859 ]]","[2103. 2249.  922. 1930. 2236.  935. 1855. 2240.  931. 1992. 2249.  922.
 2165. 2236.  935. 2240. 2240.  931.]","[2082. 2234.  925. 1906. 2227.  936. 1851. 2238.  932. 2013. 2233.  923.
 2191. 2228.  935. 2240. 2234.  935.]","[-17.106    4.702   68.588    0.      -0.4883   1.9531  -0.0962  -0.3008
   0.9463]",118
537,2,"[[-0.09172617 -0.30934578  0.32065422]
 [ 0.29386657 -0.29601021  0.33398979]
 [-0.17191567 -0.2737084   0.3562916 ]
 [ 0.17191567  0.2737084  -0.3562916 ]
 [ 0.09172617  0.30934578 -0.32065422]
 [-0.29386657  0.29601021 -0.33398979]]","[2107. 2249.  922. 1935. 2226.  945. 1856. 2240.  931. 1988. 2249.  922.
 2160. 2226.  945. 2239. 2240.  931.]","[2085. 2234.  924. 1911. 2227.  936. 1852. 2239.  932. 2010. 2233.  924.
 2186. 2228.  936. 2240. 2234.  934.]","[-17.106    4.713   68.681   -0.1221  -0.6104   2.2583  -0.0908  -0.2979
   0.9424]",118
538,2,"[[-0.09761274 -0.30939778  0.32060222]
 [ 0.29261358 -0.29620791  0.33379209]
 [-0.16303497 -0.25841127  0.37158873]
 [ 0.16303497  0.25841127 -0.37158873]
 [ 0.09761274  0.30939778 -0.32060222]
 [-0.29261358  0.29620791 -0.33379209]]","[2111. 2249.  922. 1941. 2216.  955. 1857. 2241.  930. 1984. 2249.  922.
 2154. 2216.  955. 2238. 2241.  930.]","[2089. 2234.  924. 1916. 2226.  940. 1852. 2239.  932. 2006. 2233.  924.
 2181. 2225.  940. 2239. 2235.  934.]","[-17.106    4.724   68.78     0.      -0.6104   2.3193  -0.0776  -0.291
   0.9487]",118
539,3,"[[-0.10345848 -0.30944539  0.32055461]
 [ 0.29127583 -0.29640712  0.33359288]
 [-0.15398419 -0.24366767  0.38633233]
 [ 0.15398419  0.24366767 -0.38633233]
 [ 0.10345848  0.30944539 -0.32055461]
 [-0.29127583  0.29640712 -0.33359288]]","[2115. 2249.  922. 1947. 2206.  965. 1858. 2241.  930. 1980. 2249.  922.
 2148. 2206.  965. 2237. 2241.  930.]","[2094. 2234.  924. 1922. 2222.  944. 1854. 2239.  932. 2003. 2234.  924.
 2176. 2221.  943. 2238. 2235.  933.]","[-1.7106e+01  4.7300e+00  6.8862e+01 -1.8310e-01 -6.1040e-01  2.0142e+00
 -6.5900e-02 -2.8470e-01  9.5510e-01]",118
540,3,"[[-0.10926095 -0.30948861  0.32051139]
 [ 0.28985331 -0.29660771  0.33339229]
 [-0.14477617 -0.22949568  0.40050432]
 [ 0.14477617  0.22949568 -0.40050432]
 [ 0.10926095  0.30948861 -0.32051139]
 [-0.28985331  0.29660771 -0.33339229]]","[2119. 2249.  922. 1953. 2197.  974. 1859. 2241.  930. 1976. 2249.  922.
 2142. 2197.  974. 2236. 2241.  930.]","[2098. 2235.  923. 1929. 2217.  950. 1855. 2239.  932. 1998. 2233.  923.
 2169. 2215.  948. 2237. 2236.  932.]","[-17.095    4.735   68.934    0.      -0.3662   1.709   -0.0796  -0.2705
   0.958 ]",118
541,3,"[[-0.1150177  -0.30952741  0.32047259]
 [ 0.28834604 -0.2968096   0.3331904 ]
 [-0.13542375 -0.21591268  0.41408732]
 [ 0.13542375  0.21591268 -0.41408732]
 [ 0.1150177   0.30952741 -0.32047259]
 [-0.28834604  0.2968096  -0.3331904 ]]","[2122. 2249.  922. 1959. 2188.  983. 1860. 2241.  930. 1973. 2249.  922.
 2136. 2188.  983. 2235. 2241.  930.]","[2102. 2235.  922. 1936. 2212.  958. 1856. 2238.  932. 1993. 2234.  923.
 2162. 2208.  956. 2235. 2236.  930.]","[-17.062    4.746   69.033    0.4883  -0.6104   2.4414  -0.1206  -0.2715
   0.9185]",118
542,3,"[[-0.12072635 -0.30956179  0.32043821]
 [ 0.28675406 -0.29701267  0.33298733]
 [-0.1259397  -0.20293528  0.42706472]
 [ 0.1259397   0.20293528 -0.42706472]
 [ 0.12072635  0.30956179 -0.32043821]
 [-0.28675406  0.29701267 -0.33298733]]","[2126. 2249.  922. 1965. 2180.  991. 1861. 2241.  930. 1969. 2249.  922.
 2130. 2180.  991. 2234. 2241.  930.]","[2106. 2235.  923. 1944. 2206.  966. 1858. 2237.  931. 1988. 2233.  922.
 2154. 2201.  964. 2234. 2236.  930.]","[-17.007    4.774   69.197    0.7935  -0.6104   4.0283  -0.0708  -0.2197
   0.9731]",118
543,3,"[[-0.12638449 -0.30959173  0.32040827]
 [ 0.28507745 -0.29721682  0.33278318]
 [-0.11633673 -0.19057931  0.43942069]
 [ 0.11633673  0.19057931 -0.43942069]
 [ 0.12638449  0.30959173 -0.32040827]
 [-0.28507745  0.29721682 -0.33278318]]","[2130. 2249.  922. 1972. 2172.  999. 1862. 2241.  930. 1965. 2249.  922.
 2123. 2172.  999. 2233. 2241.  930.]","[2111. 2234.  923. 1954. 2198.  974. 1863. 2238.  931. 1984. 2234.  920.
 2146. 2194.  973. 2232. 2236.  929.]","[-1.6952e+01  4.8120e+00  6.9379e+01  4.8830e-01 -5.4930e-01  4.5166e+00
 -4.8300e-02 -2.2950e-01  9.9950e-01]",118
544,3,"[[-0.13198977 -0.30961722  0.32038278]
 [ 0.28331631 -0.29742195  0.33257805]
 [-0.10662747 -0.1788598   0.4511402 ]
 [ 0.10662747  0.1788598  -0.4511402 ]
 [ 0.13198977  0.30961722 -0.32038278]
 [-0.28331631  0.29742195 -0.33257805]]","[2134. 2249.  922. 1978. 2164. 1007. 1863. 2241.  930. 1961. 2249.  922.
 2117. 2164. 1007. 2232. 2241.  930.]","[2116. 2234.  924. 1962. 2189.  983. 1863. 2237.  931. 1980. 2234.  920.
 2140. 2190.  982. 2231. 2236.  929.]","[-1.6831e+01  4.8010e+00  6.9467e+01  2.6855e+00 -4.8830e-01  0.0000e+00
 -1.3200e-02 -2.5540e-01  1.0020e+00]",118
545,3,"[[-0.13753983 -0.30963827  0.32036173]
 [ 0.28147078 -0.29762796  0.33237204]
 [-0.09682445 -0.16779097  0.46220903]
 [ 0.09682445  0.16779097 -0.46220903]
 [ 0.13753983  0.30963827 -0.32036173]
 [-0.28147078  0.29762796 -0.33237204]]","[2137. 2249.  922. 1984. 2157. 1014. 1864. 2242.  929. 1958. 2249.  922.
 2111. 2157. 1014. 2231. 2242.  929.]","[2122. 2234.  925. 1966. 2181.  991. 1863. 2236.  931. 1976. 2234.  920.
 2131. 2182.  991. 2230. 2236.  929.]","[-1.6705e+01  4.7680e+00  6.9445e+01  2.8687e+00  6.1000e-02 -2.5635e+00
 -8.5400e-02 -3.2420e-01  9.3700e-01]",118
546,3,"[[-0.14303235 -0.30965486  0.32034514]
 [ 0.27954103 -0.29783473  0.33216527]
 [-0.08694012 -0.15738619  0.47261381]
 [ 0.08694012  0.15738619 -0.47261381]
 [ 0.14303235  0.30965486 -0.32034514]
 [-0.27954103  0.29783473 -0.33216527]]","[2141. 2249.  922. 1991. 2150. 1021. 1865. 2242.  929. 1954. 2249.  922.
 2104. 2150. 1021. 2230. 2242.  929.]","[2127. 2234.  926. 1971. 2173.  999. 1863. 2235.  926. 1972. 2233.  921.
 2124. 2174.  999. 2229. 2236.  930.]","[-16.589    4.73    69.329    2.3804   0.7324  -3.7842  -0.1025  -0.3047
   0.9351]",118
547,3,"[[-0.14846505 -0.30966701  0.32033299]
 [ 0.27752726 -0.29804218  0.33195782]
 [-0.07698678 -0.14765798  0.48234202]
 [ 0.07698678  0.14765798 -0.48234202]
 [ 0.14846505  0.30966701 -0.32033299]
 [-0.27752726  0.29804218 -0.33195782]]","[2144. 2249.  922. 1997. 2144. 1027. 1867. 2242.  929. 1951. 2249.  922.
 2098. 2144. 1027. 2228. 2242.  929.]","[2132. 2234.  926. 1978. 2165. 1007. 1864. 2235.  925. 1969. 2234.  922.
 2116. 2166. 1007. 2227. 2236.  931.]","[-16.501    4.713   69.17     2.3193   1.1597  -4.0894  -0.1357  -0.3486
   0.9346]",118
548,3,"[[-0.15383564 -0.30967473  0.32032527]
 [ 0.27542969 -0.2982502   0.3317498 ]
 [-0.06697664 -0.13861798  0.49138202]
 [ 0.06697664  0.13861798 -0.49138202]
 [ 0.15383564  0.30967473 -0.32032527]
 [-0.27542969  0.2982502  -0.3317498 ]]","[2148. 2249.  922. 2004. 2138. 1033. 1868. 2242.  929. 1947. 2249.  922.
 2091. 2138. 1033. 2227. 2242.  929.]","[2136. 2234.  926. 1984. 2158. 1014. 1865. 2235.  925. 1966. 2233.  923.
 2107. 2159. 1014. 2226. 2236.  931.]","[-16.441    4.713   69.011    0.3662   1.0986  -3.1738  -0.1362  -0.3564
   0.8867]",118
549,3,"[[-0.15914188 -0.30967816  0.32032184]
 [ 0.2732486  -0.29845868  0.33154132]
 [-0.05692174 -0.13027695  0.49972305]
 [ 0.05692174  0.13027695 -0.49972305]
 [ 0.15914188  0.30967816 -0.32032184]
 [-0.2732486   0.29845868 -0.33154132]]","[2151. 2249.  922. 2010. 2132. 1039. 1869. 2242.  929. 1944. 2249.  922.
 2085. 2132. 1039. 2226. 2242.  929.]","[2139. 2235.  926. 1991. 2151. 1021. 1867. 2235.  926. 1963. 2233.  924.
 2101. 2153. 1020. 2225. 2236.  931.]","[-16.463    4.73    68.901   -0.9155   0.6104  -0.4883  -0.1509  -0.3164
   0.9326]",118
550,3,"[[-0.16438154 -0.30967673  0.32032327]
 [ 0.27098427 -0.29866754  0.33133246]
 [-0.04683398 -0.12264475  0.50735525]
 [ 0.04683398  0.12264475 -0.50735525]
 [ 0.16438154  0.30967673 -0.32032327]
 [-0.27098427  0.29866754 -0.33133246]]","[2155. 2249.  922. 2017. 2127. 1044. 1871. 2242.  929. 1940. 2249.  922.
 2078. 2127. 1044. 2224. 2242.  929.]","[2142. 2235.  926. 1998. 2145. 1027. 1868. 2235.  926. 1960. 2234.  923.
 2099. 2146. 1027. 2224. 2236.  931.]","[-1.6507e+01  4.7570e+00  6.8906e+01 -4.2720e-01 -4.8830e-01  2.2583e+00
 -4.8300e-02 -3.1450e-01  9.9120e-01]",118
551,3,"[[-0.16955245 -0.30966467  0.32033533]
 [ 0.26863703 -0.29887667  0.33112333]
 [-0.03672512 -0.11573033  0.51426967]
 [ 0.03672512  0.11573033 -0.51426967]
 [ 0.16955245  0.30966467 -0.32033533]
 [-0.26863703  0.29887667 -0.33112333]]","[2158. 2249.  922. 2024. 2123. 1048. 1872. 2242.  929. 1937. 2249.  922.
 2071. 2123. 1048. 2223. 2242.  929.]","[2145. 2235.  926. 2005. 2139. 1033. 1869. 2235.  926. 1956. 2234.  923.
 2093. 2140. 1033. 2223. 2235.  930.]","[-1.6523e+01  4.7740e+00  6.9000e+01  4.2720e-01 -6.7140e-01  2.1973e+00
 -1.0300e-02 -2.8710e-01  9.6240e-01]",118
552,3,"[[-0.17465242 -0.3096371   0.3203629 ]
 [ 0.26620724 -0.29908597  0.33091403]
 [-0.02660673 -0.10954171  0.52045829]
 [ 0.02660673  0.10954171 -0.52045829]
 [ 0.17465242  0.3096371  -0.3203629 ]
 [-0.26620724  0.29908597 -0.33091403]]","[2161. 2249.  922. 2030. 2119. 1052. 1874. 2242.  928. 1934. 2249.  922.
 2065. 2119. 1052. 2221. 2242.  928.]","[2148. 2235.  926. 2012. 2134. 1038. 1870. 2235.  927. 1954. 2233.  923.
 2085. 2134. 1038. 2221. 2236.  930.]","[-1.6507e+01  4.7740e+00  6.9082e+01  7.9350e-01 -3.6620e-01  1.1597e+00
 -4.3000e-02 -2.9980e-01  9.3410e-01]",118
553,3,"[[-0.17967934 -0.30959575  0.32040425]
 [ 0.26369528 -0.29929535  0.33070465]
 [-0.01649021 -0.10408599  0.52591401]
 [ 0.01649021  0.10408599 -0.52591401]
 [ 0.17967934  0.30959575 -0.32040425]
 [-0.26369528  0.29929535 -0.33070465]]","[2165. 2249.  922. 2037. 2115. 1056. 1876. 2243.  928. 1930. 2249.  922.
 2058. 2115. 1056. 2219. 2243.  928.]","[2150. 2235.  926. 2017. 2129. 1043. 1872. 2235.  927. 1949. 2234.  923.
 2078. 2129. 1043. 2220. 2236.  930.]","[-1.6485e+01  4.7630e+00  6.9120e+01  4.8830e-01 -2.4410e-01  2.4410e-01
 -5.2200e-02 -2.7340e-01  9.5850e-01]",118
554,3,"[[-0.1846311  -0.30954137  0.32045863]
 [ 0.26110157 -0.29950471  0.33049529]
 [-0.00638679 -0.09936933  0.53063067]
 [ 0.00638679  0.09936933 -0.53063067]
 [ 0.1846311   0.30954137 -0.32045863]
 [-0.26110157  0.29950471 -0.33049529]]","[2168. 2249.  922. 2043. 2112. 1059. 1877. 2243.  928. 1927. 2249.  922.
 2052. 2112. 1059. 2218. 2243.  928.]","[2153. 2235.  926. 2024. 2124. 1048. 1874. 2235.  926. 1947. 2233.  923.
 2071. 2125. 1048. 2219. 2235.  931.]","[-16.474    4.746   69.126    0.2441   0.      -0.6714  -0.1035  -0.2598
   0.9541]",118
555,3,"[[-0.18950562 -0.30947424  0.32052576]
 [ 0.25842657 -0.29971396  0.33028604]
 [ 0.00369251 -0.09539695  0.53460305]
 [-0.00369251  0.09539695 -0.53460305]
 [ 0.18950562  0.30947424 -0.32052576]
 [-0.25842657  0.29971396 -0.33028604]]","[2171. 2249.  922. 2050. 2110. 1061. 1879. 2243.  928. 1924. 2249.  922.
 2045. 2110. 1061. 2216. 2243.  928.]","[2156. 2235.  926. 2031. 2121. 1052. 1876. 2235.  926. 1944. 2234.  923.
 2064. 2121. 1051. 2216. 2236.  930.]","[-16.469    4.735   69.099    0.1221   0.      -0.4883  -0.1128  -0.272
   0.9551]",118
556,3,"[[-0.19430087 -0.30939459  0.32060541]
 [ 0.25567076 -0.299923    0.330077  ]
 [ 0.01373685 -0.09217312  0.53782688]
 [-0.01373685  0.09217312 -0.53782688]
 [ 0.19430087  0.30939459 -0.32060541]
 [-0.25567076  0.299923   -0.330077  ]]","[2174. 2249.  922. 2056. 2108. 1063. 1881. 2243.  928. 1921. 2249.  922.
 2039. 2108. 1063. 2214. 2243.  928.]","[2159. 2235.  926. 2037. 2117. 1055. 1878. 2235.  926. 1940. 2233.  923.
 2058. 2118. 1055. 2215. 2236.  930.]","[-16.469    4.73    69.082   -0.1221   0.       0.      -0.0996  -0.2715
   0.9492]",118
557,3,"[[-0.19901484 -0.30930268  0.32069732]
 [ 0.25283466 -0.30013173  0.32986827]
 [ 0.02373561 -0.08970117  0.54029883]
 [-0.02373561  0.08970117 -0.54029883]
 [ 0.19901484  0.30930268 -0.32069732]
 [-0.25283466  0.30013173 -0.32986827]]","[2177. 2249.  922. 2063. 2106. 1065. 1883. 2243.  928. 1918. 2249.  922.
 2032. 2106. 1065. 2212. 2243.  928.]","[2162. 2235.  926. 2044. 2114. 1057. 1879. 2235.  926. 1937. 2233.  923.
 2051. 2115. 1058. 2213. 2236.  930.]","[-16.479    4.735   69.088   -0.4272   0.       0.3052  -0.0781  -0.2744
   0.9419]",118
558,3,"[[-0.20364556 -0.30919876  0.32080124]
 [ 0.24991882 -0.30034007  0.32965993]
 [ 0.03367837 -0.08798351  0.54201649]
 [-0.03367837  0.08798351 -0.54201649]
 [ 0.20364556  0.30919876 -0.32080124]
 [-0.24991882  0.30034007 -0.32965993]]","[2180. 2249.  922. 2069. 2105. 1066. 1885. 2243.  928. 1915. 2249.  922.
 2026. 2105. 1066. 2210. 2243.  928.]","[2165. 2235.  926. 2050. 2112. 1060. 1881. 2235.  927. 1934. 2234.  924.
 2044. 2112. 1060. 2211. 2236.  930.]","[-16.49     4.741   69.099   -0.5493   0.       0.3662  -0.0771  -0.2725
   0.9648]",118
559,3,"[[-0.20819109 -0.3090831   0.3209169 ]
 [ 0.24692382 -0.30054792  0.32945208]
 [ 0.04355493 -0.08702262  0.54297738]
 [-0.04355493  0.08702262 -0.54297738]
 [ 0.20819109  0.3090831  -0.3209169 ]
 [-0.24692382  0.30054792 -0.32945208]]","[2183. 2249.  922. 2076. 2104. 1067. 1887. 2243.  928. 1912. 2249.  922.
 2019. 2104. 1067. 2208. 2243.  928.]","[2168. 2235.  926. 2057. 2110. 1062. 1884. 2235.  926. 1931. 2233.  923.
 2038. 2110. 1062. 2209. 2236.  930.]","[-16.507    4.746   69.12    -0.3052  -0.1221   0.6104  -0.0815  -0.2754
   0.9609]",118
560,3,"[[-0.21264953 -0.30895597  0.32104403]
 [ 0.24385027 -0.30075519  0.32924481]
 [ 0.05335532 -0.08683197  0.54316803]
 [-0.05335532  0.08683197 -0.54316803]
 [ 0.21264953  0.30895597 -0.32104403]
 [-0.24385027  0.30075519 -0.32924481]]","[2186. 2249.  922. 2082. 2104. 1067. 1889. 2244.  927. 1909. 2249.  922.
 2013. 2104. 1067. 2206. 2244.  927.]","[2171. 2235.  926. 2064. 2108. 1064. 1885. 2235.  926. 1928. 2234.  923.
 2031. 2109. 1064. 2207. 2236.  930.]","[-16.518    4.746   69.142   -0.5493  -0.1831   0.6714  -0.0732  -0.2866
   0.9355]",118
561,3,"[[-0.21701902 -0.30881766  0.32118234]
 [ 0.24069882 -0.3009618   0.3290382 ]
 [ 0.06306978 -0.08729395  0.54270605]
 [-0.06306978  0.08729395 -0.54270605]
 [ 0.21701902  0.30881766 -0.32118234]
 [-0.24069882  0.3009618  -0.3290382 ]]","[2189. 2249.  922. 2089. 2104. 1067. 1891. 2244.  927. 1906. 2249.  922.
 2006. 2104. 1067. 2204. 2244.  927.]","[2174. 2235.  926. 2070. 2107. 1065. 1887. 2235.  926. 1924. 2233.  923.
 2025. 2108. 1065. 2205. 2236.  929.]","[-16.54     4.752   69.17    -0.8545   0.       0.5493  -0.0859  -0.2783
   0.9497]",118
562,3,"[[-0.22129773 -0.30866848  0.32133152]
 [ 0.23747015 -0.30116765  0.32883235]
 [ 0.07268879 -0.08785403  0.54214597]
 [-0.07268879  0.08785403 -0.54214597]
 [ 0.22129773  0.30866848 -0.32133152]
 [-0.23747015  0.30116765 -0.32883235]]","[2192. 2249.  922. 2095. 2105. 1066. 1893. 2244.  927. 1903. 2249.  922.
 2000. 2105. 1066. 2202. 2244.  927.]","[2177. 2235.  926. 2076. 2106. 1066. 1890. 2235.  925. 1921. 2233.  923.
 2019. 2107. 1065. 2204. 2236.  929.]","[-1.6567e+01  4.7570e+00  6.9192e+01 -8.5450e-01 -6.1000e-02  5.4930e-01
 -8.1100e-02 -2.8910e-01  9.6730e-01]",118
563,3,"[[-0.22548386 -0.30850872  0.32149128]
 [ 0.23416497 -0.30137265  0.32862735]
 [ 0.08220306 -0.08855282  0.54144718]
 [-0.08220306  0.08855282 -0.54144718]
 [ 0.22548386  0.30850872 -0.32149128]
 [-0.23416497  0.30137265 -0.32862735]]","[2194. 2249.  922. 2101. 2105. 1066. 1895. 2244.  927. 1901. 2249.  922.
 1994. 2105. 1066. 2200. 2244.  927.]","[2180. 2235.  926. 2084. 2107. 1065. 1891. 2235.  925. 1917. 2233.  923.
 2011. 2107. 1066. 2201. 2236.  927.]","[-16.589    4.763   69.219   -0.5493  -0.1221   0.6714  -0.0923  -0.2827
   0.9526]",118
564,3,"[[-0.22957567 -0.30833871  0.32166129]
 [ 0.23078401 -0.30157672  0.32842328]
 [ 0.09160355 -0.0894618   0.5405382 ]
 [-0.09160355  0.0894618  -0.5405382 ]
 [ 0.22957567  0.30833871 -0.32166129]
 [-0.23078401  0.30157672 -0.32842328]]","[2197. 2249.  922. 2107. 2106. 1065. 1897. 2244.  927. 1898. 2249.  922.
 1988. 2106. 1065. 2198. 2244.  927.]","[2182. 2235.  926. 2090. 2106. 1065. 1894. 2235.  925. 1914. 2233.  924.
 2005. 2107. 1065. 2199. 2236.  929.]","[-16.606    4.768   69.247   -0.5493  -0.1221   0.7324  -0.0791  -0.2974
   0.9424]",118
565,3,"[[-0.23357145 -0.30815876  0.32184124]
 [ 0.22732806 -0.30177978  0.32822022]
 [ 0.10088144 -0.09059887  0.53940113]
 [-0.10088144  0.09059887 -0.53940113]
 [ 0.23357145  0.30815876 -0.32184124]
 [-0.22732806  0.30177978 -0.32822022]]","[2200. 2248.  923. 2113. 2107. 1064. 1899. 2244.  927. 1895. 2248.  923.
 1982. 2107. 1064. 2196. 2244.  927.]","[2184. 2235.  926. 2095. 2107. 1065. 1896. 2235.  925. 1911. 2233.  923.
 1999. 2107. 1065. 2198. 2236.  927.]","[-16.628    4.774   69.274   -0.9155   0.       0.4883  -0.0732  -0.292
   0.9424]",118
566,3,"[[-0.23746952 -0.30796921  0.32203079]
 [ 0.22379792 -0.30198173  0.32801827]
 [ 0.1100282  -0.09197006  0.53802994]
 [-0.1100282   0.09197006 -0.53802994]
 [ 0.23746952  0.30796921 -0.32203079]
 [-0.22379792  0.30198173 -0.32801827]]","[2202. 2248.  923. 2119. 2107. 1064. 1902. 2244.  927. 1893. 2248.  923.
 1976. 2107. 1064. 2193. 2244.  927.]","[2187. 2235.  926. 2101. 2107. 1065. 1898. 2235.  925. 1908. 2234.  924.
 1993. 2108. 1065. 2196. 2236.  927.]","[-16.661    4.779   69.291   -0.7324   0.       0.4883  -0.0889  -0.293
   0.9683]",118
567,3,"[[-0.24126825 -0.30777039  0.32222961]
 [ 0.22019442 -0.30218249  0.32781751]
 [ 0.11903549 -0.09357913  0.53642087]
 [-0.11903549  0.09357913 -0.53642087]
 [ 0.24126825  0.30777039 -0.32222961]
 [-0.22019442  0.30218249 -0.32781751]]","[2205. 2248.  923. 2125. 2109. 1062. 1904. 2244.  926. 1890. 2248.  923.
 1970. 2109. 1062. 2191. 2244.  926.]","[2190. 2235.  926. 2107. 2107. 1064. 1900. 2235.  925. 1905. 2233.  924.
 1987. 2108. 1065. 2194. 2236.  927.]","[-16.672    4.785   69.324   -0.1831  -0.1831   1.0986  -0.0918  -0.2915
   0.958 ]",118
568,3,"[[-0.24496606 -0.30756264  0.32243736]
 [ 0.21651844 -0.30238199  0.32761801]
 [ 0.12789526 -0.0954293   0.5345707 ]
 [-0.12789526  0.0954293  -0.5345707 ]
 [ 0.24496606  0.30756264 -0.32243736]
 [-0.21651844  0.30238199 -0.32761801]]","[2207. 2248.  923. 2131. 2110. 1061. 1906. 2245.  926. 1888. 2248.  923.
 1964. 2110. 1061. 2189. 2245.  926.]","[2193. 2235.  926. 2114. 2108. 1063. 1902. 2235.  925. 1903. 2233.  924.
 1981. 2108. 1064. 2191. 2236.  927.]","[-16.683    4.79    69.373   -0.5493  -0.2441   1.0986  -0.0698  -0.2944
   0.9258]",118
569,3,"[[-0.2485614  -0.30734632  0.32265368]
 [ 0.21277089 -0.30258014  0.32741986]
 [ 0.1365997  -0.09752362  0.53247638]
 [-0.1365997   0.09752362 -0.53247638]
 [ 0.2485614   0.30734632 -0.32265368]
 [-0.21277089  0.30258014 -0.32741986]]","[2210. 2248.  923. 2137. 2111. 1060. 1909. 2245.  926. 1885. 2248.  923.
 1958. 2111. 1060. 2186. 2245.  926.]","[2196. 2235.  926. 2120. 2109. 1062. 1905. 2235.  924. 1901. 2233.  924.
 1975. 2109. 1062. 2189. 2236.  927.]","[-1.6705e+01  4.7960e+00  6.9406e+01 -7.3240e-01  6.1000e-02  6.7140e-01
 -8.3000e-02 -2.7730e-01  9.5750e-01]",118
570,3,"[[-0.25205276 -0.30712177  0.32287823]
 [ 0.20895268 -0.30277686  0.32722314]
 [ 0.14514125 -0.09986493  0.53013507]
 [-0.14514125  0.09986493 -0.53013507]
 [ 0.25205276  0.30712177 -0.32287823]
 [-0.20895268  0.30277686 -0.32722314]]","[2212. 2248.  923. 2142. 2113. 1058. 1911. 2245.  926. 1883. 2248.  923.
 1953. 2113. 1058. 2184. 2245.  926.]","[2199. 2235.  926. 2126. 2110. 1061. 1907. 2236.  924. 1898. 2233.  924.
 1970. 2110. 1062. 2186. 2236.  926.]","[-16.727    4.807   69.428   -0.4272   0.       0.4883  -0.0835  -0.292
   0.9668]",118
571,3,"[[-0.25543868 -0.30688934  0.32311066]
 [ 0.20506479 -0.30297207  0.32702793]
 [ 0.15351263 -0.10245595  0.52754405]
 [-0.15351263  0.10245595 -0.52754405]
 [ 0.25543868  0.30688934 -0.32311066]
 [-0.20506479  0.30297207 -0.32702793]]","[2214. 2248.  923. 2148. 2114. 1057. 1914. 2245.  926. 1881. 2248.  923.
 1947. 2114. 1057. 2181. 2245.  926.]","[2201. 2235.  926. 2131. 2112. 1060. 1909. 2236.  924. 1896. 2234.  924.
 1964. 2111. 1060. 2184. 2236.  926.]","[-16.743    4.812   69.445   -0.6714   0.       0.3662  -0.0825  -0.2939
   0.9268]",118
572,3,"[[-0.25871775 -0.3066494   0.3233506 ]
 [ 0.20110821 -0.30316569  0.32683431]
 [ 0.16170678 -0.10529923  0.52470077]
 [-0.16170678  0.10529923 -0.52470077]
 [ 0.25871775  0.3066494  -0.3233506 ]
 [-0.20110821  0.30316569 -0.32683431]]","[2216. 2247.  924. 2153. 2116. 1055. 1916. 2245.  926. 1879. 2247.  924.
 1942. 2116. 1055. 2179. 2245.  926.]","[2204. 2235.  926. 2137. 2113. 1058. 1912. 2235.  924. 1893. 2234.  924.
 1958. 2113. 1058. 2182. 2236.  926.]","[-16.782    4.818   69.456   -1.1597   0.2441   0.2441  -0.0703  -0.2969
   0.9419]",118
573,3,"[[-0.26188859 -0.3064023   0.3235977 ]
 [ 0.19708396 -0.30335764  0.32664236]
 [ 0.16971693 -0.10839713  0.52160287]
 [-0.16971693  0.10839713 -0.52160287]
 [ 0.26188859  0.3064023  -0.3235977 ]
 [-0.19708396  0.30335764 -0.32664236]]","[2218. 2247.  924. 2158. 2118. 1053. 1919. 2245.  926. 1877. 2247.  924.
 1937. 2118. 1053. 2176. 2245.  926.]","[2206. 2235.  927. 2143. 2114. 1057. 1914. 2235.  924. 1891. 2233.  924.
 1952. 2115. 1057. 2179. 2236.  927.]","[-1.6826e+01  4.8280e+00  6.9461e+01 -1.1597e+00  1.8310e-01  6.1000e-02
 -7.7100e-02 -3.0130e-01  9.7170e-01]",118
574,3,"[[-0.26494988 -0.30614842  0.32385158]
 [ 0.19299311 -0.30354786  0.32645214]
 [ 0.17753656 -0.11175185  0.51824815]
 [-0.17753656  0.11175185 -0.51824815]
 [ 0.26494988  0.30614842 -0.32385158]
 [-0.19299311  0.30354786 -0.32645214]]","[2220. 2247.  924. 2163. 2120. 1051. 1922. 2245.  926. 1875. 2247.  924.
 1932. 2120. 1051. 2173. 2245.  926.]","[2208. 2235.  926. 2148. 2116. 1055. 1917. 2236.  924. 1889. 2233.  924.
 1946. 2116. 1055. 2177. 2237.  926.]","[-16.859    4.834   69.467   -0.6104   0.       0.2441  -0.0947  -0.2959
   0.9512]",118
575,3,"[[-0.26790034 -0.30588811  0.32411189]
 [ 0.18883673 -0.30373626  0.32626374]
 [ 0.18515941 -0.11536544  0.51463456]
 [-0.18515941  0.11536544 -0.51463456]
 [ 0.26790034  0.30588811 -0.32411189]
 [-0.18883673  0.30373626 -0.32626374]]","[2222. 2247.  924. 2168. 2123. 1048. 1924. 2246.  925. 1873. 2247.  924.
 1927. 2123. 1048. 2171. 2246.  925.]","[2210. 2235.  927. 2153. 2119. 1054. 1919. 2236.  924. 1886. 2233.  925.
 1941. 2118. 1053. 2174. 2237.  926.]","[-1.6880e+01  4.8390e+00  6.9483e+01 -4.8830e-01 -6.1000e-02  6.1040e-01
 -8.1100e-02 -3.0470e-01  9.4970e-01]",118
576,3,"[[-0.27073873 -0.30562175  0.32437825]
 [ 0.18461595 -0.30392277  0.32607723]
 [ 0.19257947 -0.11923972  0.51076028]
 [-0.19257947  0.11923972 -0.51076028]
 [ 0.27073873  0.30562175 -0.32437825]
 [-0.18461595  0.30392277 -0.32607723]]","[2224. 2247.  924. 2173. 2125. 1046. 1927. 2246.  925. 1871. 2247.  924.
 1922. 2125. 1046. 2168. 2246.  925.]","[2212. 2235.  927. 2158. 2121. 1051. 1922. 2236.  924. 1883. 2233.  925.
 1937. 2120. 1051. 2172. 2238.  926.]","[-1.6908e+01  4.8390e+00  6.9505e+01 -7.9350e-01  0.0000e+00  3.6620e-01
 -6.9300e-02 -2.9880e-01  9.3650e-01]",118
577,3,"[[-0.27346387 -0.30534969  0.32465031]
 [ 0.18033191 -0.30410732  0.32589268]
 [ 0.19979102 -0.12337636  0.50662364]
 [-0.19979102  0.12337636 -0.50662364]
 [ 0.27346387  0.30534969 -0.32465031]
 [-0.18033191  0.30410732 -0.32589268]]","[2226. 2247.  924. 2178. 2128. 1043. 1930. 2246.  925. 1869. 2247.  924.
 1917. 2128. 1043. 2165. 2246.  925.]","[2214. 2235.  927. 2163. 2123. 1048. 1924. 2236.  924. 1881. 2233.  924.
 1931. 2122. 1049. 2169. 2238.  926.]","[-16.935    4.845   69.505   -0.7324   0.1221   0.      -0.0835  -0.2983
   0.958 ]",118
578,3,"[[-0.27607462 -0.30507231  0.32492769]
 [ 0.17598579 -0.30428984  0.32571016]
 [ 0.20678856 -0.12777683  0.50222317]
 [-0.20678856  0.12777683 -0.50222317]
 [ 0.27607462  0.30507231 -0.32492769]
 [-0.17598579  0.30428984 -0.32571016]]","[2227. 2246.  925. 2182. 2131. 1040. 1933. 2246.  925. 1868. 2246.  925.
 1913. 2131. 1040. 2162. 2246.  925.]","[2216. 2235.  927. 2169. 2126. 1047. 1927. 2236.  924. 1880. 2233.  925.
 1926. 2125. 1046. 2166. 2238.  926.]","[-1.6957e+01  4.8450e+00  6.9505e+01 -4.2720e-01  6.1000e-02  0.0000e+00
 -9.7200e-02 -3.0420e-01  9.6040e-01]",118
579,3,"[[-0.27856988 -0.30478998  0.32521002]
 [ 0.1715788  -0.30447025  0.32552975]
 [ 0.21356689 -0.13244242  0.49755758]
 [-0.21356689  0.13244242 -0.49755758]
 [ 0.27856988  0.30478998 -0.32521002]
 [-0.1715788   0.30447025 -0.32552975]]","[2229. 2246.  925. 2187. 2134. 1037. 1936. 2246.  925. 1866. 2246.  925.
 1908. 2134. 1037. 2159. 2246.  925.]","[2218. 2235.  927. 2173. 2129. 1044. 1930. 2236.  924. 1878. 2233.  926.
 1921. 2128. 1044. 2163. 2238.  926.]","[-16.979    4.85    69.51    -0.4272   0.       0.1831  -0.0928  -0.3027
   0.9355]",118
580,3,"[[-0.28094861 -0.30450307  0.32549693]
 [ 0.16711216 -0.3046485   0.3253515 ]
 [ 0.22012105 -0.1373742   0.4926258 ]
 [-0.22012105  0.1373742  -0.4926258 ]
 [ 0.28094861  0.30450307 -0.32549693]
 [-0.16711216  0.3046485  -0.3253515 ]]","[2231. 2246.  925. 2191. 2137. 1034. 1939. 2246.  925. 1864. 2246.  925.
 1904. 2137. 1034. 2156. 2246.  925.]","[2220. 2235.  928. 2178. 2131. 1041. 1932. 2236.  923. 1876. 2233.  926.
 1916. 2131. 1041. 2160. 2238.  926.]","[-17.001    4.856   69.521   -0.4883   0.       0.3052  -0.0811  -0.3013
   0.9521]",118
581,3,"[[-0.28320981 -0.30421194  0.32578806]
 [ 0.16258714 -0.30482451  0.32517549]
 [ 0.22644635 -0.14257306  0.48742694]
 [-0.22644635  0.14257306 -0.48742694]
 [ 0.28320981  0.30421194 -0.32578806]
 [-0.16258714  0.30482451 -0.32517549]]","[2232. 2246.  925. 2195. 2140. 1031. 1942. 2246.  925. 1863. 2246.  925.
 1900. 2140. 1031. 2153. 2246.  925.]","[2222. 2235.  928. 2183. 2134. 1038. 1936. 2236.  923. 1874. 2233.  926.
 1912. 2134. 1039. 2157. 2237.  926.]","[-17.018    4.861   69.532   -0.3662   0.       0.2441  -0.0767  -0.2969
   0.9575]",118
582,3,"[[-0.28535255 -0.30391695  0.32608305]
 [ 0.15800504 -0.30499821  0.32500179]
 [ 0.23253834 -0.14803969  0.48196031]
 [-0.23253834  0.14803969 -0.48196031]
 [ 0.28535255  0.30391695 -0.32608305]
 [-0.15800504  0.30499821 -0.32500179]]","[2234. 2246.  925. 2199. 2144. 1027. 1944. 2246.  925. 1861. 2246.  925.
 1896. 2144. 1027. 2151. 2246.  925.]","[2225. 2235.  928. 2187. 2137. 1035. 1938. 2236.  923. 1872. 2233.  926.
 1908. 2137. 1035. 2154. 2238.  926.]","[-1.7029e+01  4.8610e+00  6.9538e+01 -1.8310e-01  0.0000e+00  6.1000e-02
 -6.9800e-02 -2.9880e-01  9.4920e-01]",118
583,3,"[[-0.28737591 -0.30361848  0.32638152]
 [ 0.15336717 -0.30516955  0.32483045]
 [ 0.23839286 -0.15377456  0.47622544]
 [-0.23839286  0.15377456 -0.47622544]
 [ 0.28737591  0.30361848 -0.32638152]
 [-0.15336717  0.30516955 -0.32483045]]","[2235. 2245.  926. 2203. 2148. 1023. 1948. 2246.  925. 1860. 2245.  926.
 1892. 2148. 1023. 2147. 2246.  925.]","[2226. 2235.  928. 2191. 2140. 1032. 1941. 2236.  924. 1871. 2234.  927.
 1903. 2140. 1032. 2152. 2238.  925.]","[-1.7034e+01  4.8610e+00  6.9538e+01 -1.8310e-01  6.1000e-02 -6.1000e-02
 -8.1100e-02 -2.9490e-01  9.4430e-01]",118
584,3,"[[-0.28927907 -0.30331688  0.32668312]
 [ 0.14867487 -0.30533846  0.32466154]
 [ 0.24400598 -0.15977795  0.47022205]
 [-0.24400598  0.15977795 -0.47022205]
 [ 0.28927907  0.30331688 -0.32668312]
 [-0.14867487  0.30533846 -0.32466154]]","[2236. 2245.  926. 2207. 2152. 1019. 1951. 2247.  924. 1859. 2245.  926.
 1888. 2152. 1019. 2144. 2247.  924.]","[2228. 2235.  928. 2195. 2144. 1028. 1944. 2236.  923. 1869. 2233.  927.
 1899. 2143. 1028. 2149. 2238.  926.]","[-1.7051e+01  4.8610e+00  6.9532e+01 -3.6620e-01  6.1000e-02  0.0000e+00
 -9.3300e-02 -2.9540e-01  9.4730e-01]",118
585,3,"[[-0.29106121 -0.30301251  0.32698749]
 [ 0.14392953 -0.30550487  0.32449513]
 [ 0.24937405 -0.16604993  0.46395007]
 [-0.24937405  0.16604993 -0.46395007]
 [ 0.29106121  0.30301251 -0.32698749]
 [-0.14392953  0.30550487 -0.32449513]]","[2237. 2245.  926. 2210. 2156. 1015. 1954. 2247.  924. 1858. 2245.  926.
 1885. 2156. 1015. 2141. 2247.  924.]","[2230. 2235.  928. 2199. 2147. 1025. 1947. 2236.  924. 1868. 2233.  927.
 1896. 2147. 1025. 2146. 2238.  925.]","[-17.067    4.867   69.538   -0.4883   0.       0.1221  -0.0977  -0.2964
   0.9492]",118
586,3,"[[-0.2927216  -0.30270574  0.32729426]
 [ 0.13913255 -0.30566873  0.32433127]
 [ 0.25449365 -0.17259034  0.45740966]
 [-0.25449365  0.17259034 -0.45740966]
 [ 0.2927216   0.30270574 -0.32729426]
 [-0.13913255  0.30566873 -0.32433127]]","[2238. 2245.  926. 2213. 2160. 1011. 1957. 2247.  924. 1857. 2245.  926.
 1882. 2160. 1011. 2138. 2247.  924.]","[2231. 2235.  928. 2203. 2151. 1021. 1950. 2236.  923. 1866. 2233.  928.
 1892. 2151. 1021. 2143. 2238.  925.]","[-17.089    4.872   69.543   -0.4883   0.       0.1831  -0.0859  -0.2925
   0.9478]",118
587,3,"[[-0.29425954 -0.30239691  0.32760309]
 [ 0.13428535 -0.30582997  0.32417003]
 [ 0.25936163 -0.17939882  0.45060118]
 [-0.25936163  0.17939882 -0.45060118]
 [ 0.29425954  0.30239691 -0.32760309]
 [-0.13428535  0.30582997 -0.32417003]]","[2239. 2245.  926. 2217. 2164. 1007. 1960. 2247.  924. 1856. 2245.  926.
 1878. 2164. 1007. 2135. 2247.  924.]","[2233. 2235.  928. 2206. 2156. 1017. 1952. 2236.  924. 1865. 2233.  928.
 1889. 2155. 1017. 2140. 2238.  925.]","[-1.7100e+01  4.8720e+00  6.9549e+01 -3.6620e-01  6.1000e-02  6.1000e-02
 -7.8600e-02 -2.9590e-01  9.5260e-01]",118
588,3,"[[-0.29567439 -0.30208638  0.32791362]
 [ 0.12938938 -0.30598854  0.32401146]
 [ 0.26397509 -0.18647482  0.44352518]
 [-0.26397509  0.18647482 -0.44352518]
 [ 0.29567439  0.30208638 -0.32791362]
 [-0.12938938  0.30598854 -0.32401146]]","[2240. 2244.  927. 2220. 2169. 1002. 1963. 2247.  924. 1855. 2244.  927.
 1875. 2169. 1002. 2132. 2247.  924.]","[2234. 2235.  929. 2210. 2159. 1013. 1955. 2236.  923. 1863. 2233.  928.
 1884. 2159. 1013. 2137. 2238.  925.]","[-1.7117e+01  4.8780e+00  6.9549e+01 -4.2720e-01  6.1000e-02  0.0000e+00
 -7.7600e-02 -2.9540e-01  9.4780e-01]",118
589,3,"[[-0.29696555 -0.3017745   0.3282255 ]
 [ 0.12444612 -0.30614438  0.32385562]
 [ 0.26833139 -0.19381752  0.43618248]
 [-0.26833139  0.19381752 -0.43618248]
 [ 0.29696555  0.3017745  -0.3282255 ]
 [-0.12444612  0.30614438 -0.32385562]]","[2241. 2244.  927. 2222. 2174.  997. 1966. 2247.  924. 1854. 2244.  927.
 1873. 2174.  997. 2129. 2247.  924.]","[2236. 2235.  929. 2214. 2163. 1009. 1957. 2236.  923. 1862. 2233.  928.
 1881. 2163. 1009. 2134. 2239.  925.]","[-1.7139e+01  4.8830e+00  6.9549e+01 -5.4930e-01  6.1000e-02  0.0000e+00
 -7.8600e-02 -2.9930e-01  9.3990e-01]",118
590,3,"[[-0.29813249 -0.30146161  0.32853839]
 [ 0.11945708 -0.30629743  0.32370257]
 [ 0.27242811 -0.20142593  0.42857407]
 [-0.27242811  0.20142593 -0.42857407]
 [ 0.29813249  0.30146161 -0.32853839]
 [-0.11945708  0.30629743 -0.32370257]]","[2242. 2244.  927. 2225. 2179.  992. 1970. 2247.  924. 1853. 2244.  927.
 1870. 2179.  992. 2125. 2247.  924.]","[2237. 2234.  929. 2217. 2168. 1004. 1960. 2235.  923. 1861. 2233.  929.
 1879. 2167. 1005. 2131. 2239.  925.]","[-1.7166e+01  4.8830e+00  6.9554e+01 -7.9350e-01  6.1000e-02  6.1000e-02
 -8.0600e-02 -3.0320e-01  9.4480e-01]",118
591,3,"[[-0.29917472 -0.30114805  0.32885195]
 [ 0.11442379 -0.30644764  0.32355236]
 [ 0.27626312 -0.20929883  0.42070117]
 [-0.27626312  0.20929883 -0.42070117]
 [ 0.29917472  0.30114805 -0.32885195]
 [-0.11442379  0.30644764 -0.32355236]]","[2243. 2244.  927. 2228. 2184.  987. 1973. 2247.  924. 1852. 2244.  927.
 1867. 2184.  987. 2122. 2247.  924.]","[2239. 2235.  929. 2220. 2173. 1000. 1963. 2236.  923. 1859. 2233.  928.
 1875. 2173. 1000. 2128. 2239.  925.]","[-1.7199e+01  4.8890e+00  6.9554e+01 -7.9350e-01  0.0000e+00  6.1000e-02
 -8.7400e-02 -3.0570e-01  9.5610e-01]",118
592,3,"[[-0.30009179 -0.30083416  0.32916584]
 [ 0.10934779 -0.30659496  0.32340504]
 [ 0.27983449 -0.21743477  0.41256523]
 [-0.27983449  0.21743477 -0.41256523]
 [ 0.30009179  0.30083416 -0.32916584]
 [-0.10934779  0.30659496 -0.32340504]]","[2243. 2244.  927. 2230. 2189.  982. 1976. 2247.  924. 1852. 2244.  927.
 1865. 2189.  982. 2119. 2247.  924.]","[2240. 2234.  929. 2223. 2177.  996. 1966. 2236.  923. 1857. 2233.  928.
 1872. 2177.  995. 2125. 2239.  925.]","[-17.227    4.889   69.56    -0.6104   0.       0.1831  -0.0811  -0.3018
   0.9492]",118
593,3,"[[-0.30088334 -0.30052027  0.32947973]
 [ 0.10423066 -0.30673934  0.32326066]
 [ 0.28314057 -0.22583208  0.40416792]
 [-0.28314057  0.22583208 -0.40416792]
 [ 0.30088334  0.30052027 -0.32947973]
 [-0.10423066  0.30673934 -0.32326066]]","[2244. 2243.  928. 2232. 2195.  976. 1980. 2247.  924. 1851. 2243.  928.
 1863. 2195.  976. 2115. 2247.  924.]","[2241. 2234.  930. 2225. 2182.  993. 1969. 2236.  923. 1857. 2233.  928.
 1870. 2182.  990. 2121. 2240.  925.]","[-17.249    4.894   69.565   -0.6104   0.       0.1831  -0.0811  -0.3037
   0.9448]",118
594,3,"[[-0.30154903 -0.30020671  0.32979329]
 [ 0.09907401 -0.30688072  0.32311928]
 [ 0.28617992 -0.2344889   0.3955111 ]
 [-0.28617992  0.2344889  -0.3955111 ]
 [ 0.30154903  0.30020671 -0.32979329]
 [-0.09907401  0.30688072 -0.32311928]]","[2244. 2243.  928. 2234. 2200.  971. 1983. 2248.  923. 1851. 2243.  928.
 1861. 2200.  971. 2112. 2248.  923.]","[2242. 2234.  931. 2228. 2183.  988. 1972. 2236.  923. 1856. 2233.  929.
 1867. 2187.  985. 2118. 2240.  924.]","[-17.271    4.894   69.571   -0.5493   0.       0.1221  -0.082   -0.3027
   0.9546]",118
595,3,"[[-0.30208863 -0.29989379  0.33010621]
 [ 0.09387945 -0.30701906  0.32298094]
 [ 0.28895136 -0.24340311  0.38659689]
 [-0.28895136  0.24340311 -0.38659689]
 [ 0.30208863  0.29989379 -0.33010621]
 [-0.09387945  0.30701906 -0.32298094]]","[2244. 2243.  928. 2236. 2206.  965. 1986. 2248.  923. 1851. 2243.  928.
 1859. 2206.  965. 2109. 2248.  923.]","[2243. 2235.  931. 2229. 2187.  983. 1976. 2236.  924. 1855. 2233.  929.
 1865. 2192.  980. 2115. 2239.  924.]","[-1.7287e+01  4.8890e+00  6.9571e+01 -3.0520e-01 -6.1000e-02  0.0000e+00
 -8.3000e-02 -3.0620e-01  9.6390e-01]",118
596,3,"[[-0.30250217 -0.29958185  0.33041815]
 [ 0.0886486  -0.30715431  0.32284569]
 [ 0.29145396 -0.2525724   0.3774276 ]
 [-0.29145396  0.2525724  -0.3774276 ]
 [ 0.30250217  0.29958185 -0.33041815]
 [-0.0886486   0.30715431 -0.32284569]]","[2245. 2243.  928. 2237. 2212.  959. 1990. 2248.  923. 1850. 2243.  928.
 1858. 2212.  959. 2105. 2248.  923.]","[2243. 2235.  931. 2232. 2193.  977. 1980. 2235.  923. 1854. 2233.  929.
 1863. 2197.  978. 2113. 2240.  924.]","[-17.276    4.883   69.565    0.2441  -0.1831  -0.1831  -0.0786  -0.3115
   0.959 ]",118
597,3,"[[-0.30279056 -0.29927118  0.33072882]
 [ 0.083383   -0.30728641  0.32271359]
 [ 0.2936871  -0.26199423  0.36800577]
 [-0.2936871   0.26199423 -0.36800577]
 [ 0.30279056  0.29927118 -0.33072882]
 [-0.083383    0.30728641 -0.32271359]]","[2245. 2243.  928. 2239. 2218.  953. 1993. 2248.  923. 1850. 2243.  928.
 1856. 2218.  953. 2102. 2248.  923.]","[2244. 2234.  931. 2233. 2197.  973. 1983. 2236.  925. 1854. 2234.  929.
 1861. 2203.  972. 2109. 2239.  924.]","[-17.249    4.872   69.56     0.7324  -0.1221  -0.2441  -0.0933  -0.3223
   0.957 ]",118
598,3,"[[-0.30295529 -0.29896208  0.33103792]
 [ 0.07808319 -0.30741534  0.32258466]
 [ 0.29565112 -0.27166585  0.35833415]
 [-0.29565112  0.27166585 -0.35833415]
 [ 0.30295529  0.29896208 -0.33103792]
 [-0.07808319  0.30741534 -0.32258466]]","[2245. 2242.  929. 2240. 2225.  946. 1997. 2248.  923. 1850. 2242.  929.
 1855. 2225.  946. 2098. 2248.  923.]","[2245. 2235.  932. 2235. 2201.  969. 1987. 2236.  925. 1853. 2234.  929.
 1859. 2206.  966. 2106. 2239.  924.]","[-1.7243e+01  4.8780e+00  6.9554e+01  3.0520e-01  1.2210e-01 -6.1000e-02
 -8.1500e-02 -3.0960e-01  8.6670e-01]",118
599,3,"[[-0.30295521 -0.29865477  0.33134523]
 [ 0.07274352 -0.30754104  0.32245896]
 [ 0.29735081 -0.28158427  0.34841573]
 [-0.29735081  0.28158427 -0.34841573]
 [ 0.30295521  0.29865477 -0.33134523]
 [-0.07274352  0.30754104 -0.32245896]]","[2245. 2242.  929. 2241. 2231.  940. 2000. 2248.  923. 1850. 2242.  929.
 1854. 2231.  940. 2095. 2248.  923.]","[2246. 2235.  933. 2236. 2205.  965. 1990. 2236.  925. 1852. 2234.  929.
 1858. 2209.  961. 2103. 2239.  924.]","[-17.26     4.85    69.549   -0.1831  -0.6104  -0.3052  -0.0815  -0.3311
   1.0791]",118
600,3,"[[-0.30261453 -0.2983491   0.3316509 ]
 [ 0.06734695 -0.30766347  0.32233653]
 [ 0.2987951  -0.29174637  0.33825363]
 [-0.2987951   0.29174637 -0.33825363]
 [ 0.30261453  0.2983491  -0.3316509 ]
 [-0.06734695  0.30766347 -0.32233653]]","[2245. 2242.  929. 2242. 2238.  933. 2004. 2248.  923. 1850. 2242.  929.
 1853. 2238.  933. 2091. 2248.  923.]","[2246. 2234.  933. 2238. 2210.  961. 1993. 2236.  924. 1852. 2234.  930.
 1857. 2214.  956. 2100. 2239.  924.]","[-17.183    4.818   69.554    2.0142  -0.6714  -0.1221  -0.0786  -0.3047
   0.9238]",118
601,3,"[[-0.30187062 -0.29804485  0.33195515]
 [ 0.06188565 -0.3077826   0.3222174 ]
 [ 0.29998015 -0.29355093  0.33644907]
 [-0.29998015  0.29355093 -0.33644907]
 [ 0.30187062  0.29804485 -0.33195515]
 [-0.06188565  0.3077826  -0.3222174 ]]","[2244. 2242.  929. 2243. 2239.  932. 2007. 2248.  923. 1851. 2242.  929.
 1852. 2239.  932. 2088. 2248.  923.]","[2246. 2235.  933. 2240. 2214.  957. 1997. 2237.  924. 1852. 2234.  929.
 1856. 2217.  952. 2098. 2239.  924.]","[-17.084    4.796   69.554    2.7466  -0.4883  -0.1831  -0.0698  -0.3398
   0.9165]",118
602,3,"[[-0.30072725 -0.2977423   0.3322577 ]
 [ 0.05635994 -0.3078984   0.3221016 ]
 [ 0.30089889 -0.29371053  0.33628947]
 [-0.30089889  0.29371053 -0.33628947]
 [ 0.30072725  0.2977423  -0.3322577 ]
 [-0.05635994  0.3078984  -0.3221016 ]]","[2244. 2242.  929. 2244. 2239.  932. 2011. 2248.  923. 1851. 2242.  929.
 1851. 2239.  932. 2084. 2248.  923.]","[2246. 2235.  934. 2240. 2216.  955. 2000. 2238.  924. 1852. 2235.  929.
 1856. 2220.  949. 2098. 2239.  924.]","[-17.078    4.757   69.521    0.4272  -0.6714  -1.0376  -0.082   -0.314
   0.9336]",118
603,3,"[[-0.29918631 -0.29744178  0.33255822]
 [ 0.05077122 -0.30801083  0.32198917]
 [ 0.30154679 -0.29387364  0.33612636]
 [-0.30154679  0.29387364 -0.33612636]
 [ 0.29918631  0.29744178 -0.33255822]
 [-0.05077122  0.30801083 -0.32198917]]","[2243. 2241.  930. 2244. 2239.  932. 2014. 2248.  923. 1852. 2241.  930.
 1851. 2239.  932. 2081. 2248.  923.]","[2246. 2235.  934. 2242. 2217.  952. 2004. 2238.  924. 1852. 2234.  929.
 1855. 2221.  947. 2095. 2239.  925.]","[-17.078    4.746   69.472    0.3052   0.      -1.2207  -0.0854  -0.2856
   0.9575]",118
604,3,"[[-0.29724984 -0.2971436   0.3328564 ]
 [ 0.04512117 -0.30811985  0.32188015]
 [ 0.30191928 -0.2940402   0.3359598 ]
 [-0.30191928  0.2940402  -0.3359598 ]
 [ 0.29724984  0.2971436  -0.3328564 ]
 [-0.04512117  0.30811985 -0.32188015]]","[2241. 2241.  930. 2244. 2239.  932. 2018. 2248.  923. 1854. 2241.  930.
 1851. 2239.  932. 2077. 2248.  923.]","[2246. 2235.  934. 2242. 2218.  952. 2007. 2239.  924. 1852. 2234.  930.
 1855. 2221.  946. 2090. 2239.  925.]","[-17.062    4.73    69.417    0.7935   0.      -1.5259  -0.0962  -0.291
   0.9565]",118
605,3,"[[-0.29492042 -0.29684809  0.33315191]
 [ 0.03941165 -0.30822544  0.32177456]
 [ 0.30202967 -0.29421013  0.33578987]
 [-0.30202967  0.29421013 -0.33578987]
 [ 0.29492042  0.29684809 -0.33315191]
 [-0.03941165  0.30822544 -0.32177456]]","[2240. 2241.  930. 2244. 2239.  932. 2022. 2248.  923. 1855. 2241.  930.
 1851. 2239.  932. 2073. 2248.  923.]","[2245. 2234.  934. 2242. 2218.  952. 2011. 2239.  924. 1853. 2235.  930.
 1855. 2221.  946. 2086. 2239.  925.]","[-1.7062e+01  4.7240e+00  6.9368e+01  1.8310e-01  6.1000e-02 -1.2207e+00
 -1.1620e-01 -2.7490e-01  9.2090e-01]",118
606,3,"[[-0.29220112 -0.29655555  0.33344445]
 [ 0.03364465 -0.30832756  0.32167244]
 [ 0.30199673 -0.2943831   0.3356169 ]
 [-0.30199673  0.2943831  -0.3356169 ]
 [ 0.29220112  0.29655555 -0.33344445]
 [-0.03364465  0.30832756 -0.32167244]]","[2238. 2241.  930. 2244. 2239.  932. 2026. 2248.  922. 1857. 2241.  930.
 1851. 2239.  932. 2069. 2248.  922.]","[2244. 2235.  933. 2242. 2218.  952. 2015. 2239.  924. 1853. 2235.  930.
 1855. 2221.  946. 2082. 2239.  924.]","[-17.056    4.73    69.351    0.1831   0.1221  -0.4272  -0.0942  -0.2925
   0.9492]",118
607,3,"[[-0.28909553 -0.2962663   0.3337337 ]
 [ 0.02782227 -0.30842619  0.32157381]
 [ 0.30190297 -0.29455852  0.33544148]
 [-0.30190297  0.29455852 -0.33544148]
 [ 0.28909553  0.2962663  -0.3337337 ]
 [-0.02782227  0.30842619 -0.32157381]]","[2236. 2241.  930. 2244. 2240.  931. 2029. 2249.  922. 1859. 2241.  930.
 1851. 2240.  931. 2066. 2249.  922.]","[2243. 2234.  934. 2242. 2219.  952. 2019. 2239.  924. 1855. 2235.  931.
 1855. 2221.  946. 2078. 2239.  925.]","[-1.7056e+01  4.7350e+00  6.9351e+01  6.1000e-02  0.0000e+00  0.0000e+00
 -6.4000e-02 -2.9390e-01  9.5020e-01]",118
608,3,"[[-0.28560777 -0.29598066  0.33401934]
 [ 0.02194674 -0.30852129  0.32147871]
 [ 0.30175168 -0.29473615  0.33526385]
 [-0.30175168  0.29473615 -0.33526385]
 [ 0.28560777  0.29598066 -0.33401934]
 [-0.02194674  0.30852129 -0.32147871]]","[2234. 2240.  931. 2244. 2240.  931. 2033. 2249.  922. 1861. 2240.  931.
 1851. 2240.  931. 2062. 2249.  922.]","[2242. 2235.  934. 2243. 2219.  951. 2022. 2240.  923. 1857. 2235.  930.
 1855. 2222.  946. 2075. 2239.  924.]","[-1.7051e+01  4.7410e+00  6.9362e+01  6.1000e-02  0.0000e+00  2.4410e-01
 -4.7400e-02 -2.9980e-01  9.3510e-01]",118
609,3,"[[-0.28174244 -0.29569893  0.33430107]
 [ 0.0160204  -0.30861283  0.32138717]
 [ 0.30153648 -0.29491586  0.33508414]
 [-0.30153648  0.29491586 -0.33508414]
 [ 0.28174244  0.29569893 -0.33430107]
 [-0.0160204   0.30861283 -0.32138717]]","[2231. 2240.  931. 2244. 2240.  931. 2037. 2249.  922. 1864. 2240.  931.
 1851. 2240.  931. 2058. 2249.  922.]","[2240. 2235.  934. 2242. 2219.  951. 2026. 2241.  923. 1858. 2235.  931.
 1854. 2222.  946. 2072. 2239.  924.]","[-1.7056e+01  4.7350e+00  6.9368e+01 -6.1000e-02 -1.2210e-01  6.1000e-02
 -8.2000e-02 -3.1100e-01  9.4140e-01]",118
610,3,"[[-0.27750465 -0.29542142  0.33457858]
 [ 0.01004571 -0.30870078  0.32129922]
 [ 0.30125285 -0.29509756  0.33490244]
 [-0.30125285  0.29509756 -0.33490244]
 [ 0.27750465  0.29542142 -0.33457858]
 [-0.01004571  0.30870078 -0.32129922]]","[2228. 2240.  931. 2244. 2240.  931. 2041. 2249.  922. 1867. 2240.  931.
 1851. 2240.  931. 2054. 2249.  922.]","[2238. 2235.  934. 2242. 2219.  952. 2029. 2241.  923. 1860. 2235.  931.
 1855. 2221.  946. 2069. 2239.  925.]","[-17.062    4.73    69.379    0.      -0.1221   0.1831  -0.0913  -0.3086
   0.9561]",118
611,3,"[[-0.27290001 -0.29514844  0.33485156]
 [ 0.00402522 -0.30878512  0.32121488]
 [ 0.30089776 -0.29528115  0.33471885]
 [-0.30089776  0.29528115 -0.33471885]
 [ 0.27290001  0.29514844 -0.33485156]
 [-0.00402522  0.30878512 -0.32121488]]","[2225. 2240.  931. 2244. 2240.  931. 2045. 2249.  922. 1870. 2240.  931.
 1851. 2240.  931. 2050. 2249.  922.]","[2237. 2235.  934. 2242. 2220.  952. 2032. 2241.  923. 1861. 2236.  931.
 1855. 2221.  946. 2064. 2238.  924.]","[-1.7067e+01  4.7240e+00  6.9384e+01  6.1000e-02  0.0000e+00  1.2210e-01
 -7.5700e-02 -2.8910e-01  9.4780e-01]",118
612,3,"[[-0.2679346  -0.29488027  0.33511973]
 [-0.0020384  -0.30886582  0.32113418]
 [ 0.30046887 -0.29546654  0.33453346]
 [-0.30046887  0.29546654 -0.33453346]
 [ 0.2679346   0.29488027 -0.33511973]
 [ 0.0020384   0.30886582 -0.32113418]]","[2222. 2240.  931. 2243. 2240.  931. 2049. 2249.  922. 1873. 2240.  931.
 1852. 2240.  931. 2046. 2249.  922.]","[2235. 2234.  934. 2242. 2219.  951. 2036. 2241.  923. 1863. 2236.  931.
 1854. 2222.  946. 2061. 2239.  924.]","[-17.062    4.724   69.384    0.1221   0.      -0.1831  -0.0874  -0.2852
   0.9521]",118
613,3,"[[-0.26261498 -0.29461723  0.33538277]
 [-0.00814236 -0.30894285  0.32105715]
 [ 0.29996415 -0.29565364  0.33434636]
 [-0.29996415  0.29565364 -0.33434636]
 [ 0.26261498  0.29461723 -0.33538277]
 [ 0.00814236  0.30894285 -0.32105715]]","[2219. 2240.  931. 2243. 2240.  931. 2053. 2249.  922. 1876. 2240.  931.
 1852. 2240.  931. 2042. 2249.  922.]","[2233. 2234.  934. 2242. 2219.  951. 2039. 2242.  923. 1866. 2236.  931.
 1855. 2222.  946. 2057. 2238.  924.]","[-17.062    4.724   69.379    0.       0.      -0.2441  -0.0972  -0.2798
   0.9487]",118
614,3,"[[-0.25694819 -0.2943596   0.3356404 ]
 [-0.0142838  -0.30901618  0.32098382]
 [ 0.29938164 -0.29584234  0.33415766]
 [-0.29938164  0.29584234 -0.33415766]
 [ 0.25694819  0.2943596  -0.3356404 ]
 [ 0.0142838   0.30901618 -0.32098382]]","[2215. 2239.  932. 2243. 2240.  931. 2057. 2249.  922. 1880. 2239.  932.
 1852. 2240.  931. 2038. 2249.  922.]","[2232. 2235.  934. 2242. 2219.  951. 2042. 2242.  923. 1869. 2236.  931.
 1855. 2222.  946. 2054. 2239.  924.]","[-1.7062e+01  4.7240e+00  6.9373e+01 -6.1000e-02  0.0000e+00  0.0000e+00
 -8.1500e-02 -2.8470e-01  9.5120e-01]",118
615,3,"[[-0.25094173 -0.29410767  0.33589233]
 [-0.0204597  -0.30908579  0.32091421]
 [ 0.29871944 -0.29603257  0.33396743]
 [-0.29871944  0.29603257 -0.33396743]
 [ 0.25094173  0.29410767 -0.33589233]
 [ 0.0204597   0.30908579 -0.32091421]]","[2211. 2239.  932. 2242. 2240.  930. 2061. 2249.  922. 1884. 2239.  932.
 1853. 2240.  930. 2034. 2249.  922.]","[2230. 2234.  934. 2242. 2219.  951. 2045. 2242.  923. 1872. 2236.  931.
 1854. 2222.  946. 2051. 2239.  924.]","[-1.7062e+01  4.7240e+00  6.9373e+01 -6.1000e-02  0.0000e+00  6.1000e-02
 -7.9600e-02 -2.8810e-01  9.5610e-01]",118
616,3,"[[-0.24460352 -0.29386172  0.33613828]
 [-0.02666699 -0.30915166  0.32084834]
 [ 0.29797566 -0.29622423  0.33377577]
 [-0.29797566  0.29622423 -0.33377577]
 [ 0.24460352  0.29386172 -0.33613828]
 [ 0.02666699  0.30915166 -0.32084834]]","[2207. 2239.  932. 2242. 2241.  930. 2065. 2249.  922. 1888. 2239.  932.
 1853. 2241.  930. 2030. 2249.  922.]","[2227. 2234.  935. 2242. 2219.  951. 2049. 2242.  923. 1876. 2236.  931.
 1855. 2222.  946. 2047. 2238.  924.]","[-1.7062e+01  4.7240e+00  6.9373e+01 -1.2210e-01 -6.1000e-02  0.0000e+00
 -7.3200e-02 -2.9640e-01  9.5070e-01]",118
617,3,"[[-0.23794196 -0.29362202  0.33637798]
 [-0.03290247 -0.30921375  0.32078625]
 [ 0.29714842 -0.29641724  0.33358276]
 [-0.29714842  0.29641724 -0.33358276]
 [ 0.23794196  0.29362202 -0.33637798]
 [ 0.03290247  0.30921375 -0.32078625]]","[2203. 2239.  932. 2241. 2241.  930. 2069. 2249.  922. 1892. 2239.  932.
 1854. 2241.  930. 2026. 2249.  922.]","[2223. 2234.  935. 2241. 2219.  951. 2052. 2242.  923. 1879. 2236.  931.
 1855. 2222.  946. 2044. 2239.  924.]","[-1.7067e+01  4.7240e+00  6.9373e+01 -1.2210e-01 -6.1000e-02 -1.8310e-01
 -7.6700e-02 -3.0860e-01  9.4870e-01]",118
618,3,"[[-0.23096584 -0.29134402  0.33865598]
 [-0.03916283 -0.30927205  0.32072795]
 [ 0.29623583 -0.2966115   0.3333885 ]
 [-0.29623583  0.2966115  -0.3333885 ]
 [ 0.23096584  0.29134402 -0.33865598]
 [ 0.03916283  0.30927205 -0.32072795]]","[2198. 2237.  934. 2241. 2241.  930. 2073. 2249.  922. 1897. 2237.  934.
 1854. 2241.  930. 2022. 2249.  922.]","[2220. 2234.  935. 2242. 2219.  950. 2055. 2243.  923. 1882. 2236.  931.
 1855. 2222.  946. 2040. 2239.  924.]","[-17.073    4.713   69.368   -0.3662  -0.1221  -0.1831  -0.0752  -0.3218
   0.9375]",118
619,3,"[[-0.22368438 -0.27625294  0.35374706]
 [-0.04544469 -0.30932654  0.32067346]
 [ 0.29523602 -0.29680694  0.33319306]
 [-0.29523602  0.29680694 -0.33319306]
 [ 0.22368438  0.27625294 -0.35374706]
 [ 0.04544469  0.30932654 -0.32067346]]","[2193. 2228.  943. 2240. 2241.  930. 2077. 2249.  922. 1902. 2228.  943.
 1855. 2241.  930. 2018. 2249.  922.]","[2216. 2234.  935. 2242. 2219.  950. 2058. 2243.  923. 1886. 2235.  932.
 1855. 2222.  946. 2036. 2239.  924.]","[-1.7089e+01  4.7080e+00  6.9362e+01 -6.1000e-02 -6.1000e-02  0.0000e+00
 -7.7600e-02 -3.1980e-01  9.5850e-01]",118
620,3,"[[-0.21610723 -0.26163224  0.36836776]
 [-0.05174455 -0.30937718  0.32062282]
 [ 0.29414713 -0.29700345  0.33299655]
 [-0.29414713  0.29700345 -0.33299655]
 [ 0.21610723  0.26163224 -0.36836776]
 [ 0.05174455  0.30937718 -0.32062282]]","[2188. 2218.  953. 2239. 2241.  930. 2081. 2249.  922. 1907. 2218.  953.
 1856. 2241.  930. 2014. 2249.  922.]","[2212. 2231.  937. 2241. 2220.  950. 2063. 2243.  923. 1891. 2233.  934.
 1855. 2223.  946. 2033. 2239.  924.]","[-1.7089e+01  4.7020e+00  6.9362e+01  1.8310e-01 -1.2210e-01  6.1000e-02
 -6.8400e-02 -2.9830e-01  9.5360e-01]",118
621,3,"[[-0.20824438 -0.24749876  0.38250124]
 [-0.05805883 -0.30942396  0.32057604]
 [ 0.29296732 -0.29720096  0.33279904]
 [-0.29296732  0.29720096 -0.33279904]
 [ 0.20824438  0.24749876 -0.38250124]
 [ 0.05805883  0.30942396 -0.32057604]]","[2183. 2209.  962. 2238. 2241.  930. 2085. 2249.  922. 1912. 2209.  962.
 1857. 2241.  930. 2010. 2249.  922.]","[2208. 2224.  939. 2241. 2220.  950. 2067. 2243.  924. 1895. 2228.  938.
 1855. 2223.  946. 2030. 2239.  924.]","[-17.084    4.697   69.362    0.1221   0.      -0.2441  -0.0996  -0.2944
   0.9312]",118
622,3,"[[-0.20010624 -0.23386892  0.39613108]
 [-0.06438385 -0.30946685  0.32053315]
 [ 0.29169476 -0.29739939  0.33260061]
 [-0.29169476  0.29739939 -0.33260061]
 [ 0.20010624  0.23386892 -0.39613108]
 [ 0.06438385  0.30946685 -0.32053315]]","[2178. 2200.  971. 2238. 2241.  930. 2089. 2249.  922. 1917. 2200.  971.
 1857. 2241.  930. 2006. 2249.  922.]","[2203. 2219.  945. 2241. 2220.  949. 2071. 2243.  923. 1900. 2226.  945.
 1856. 2223.  946. 2027. 2239.  924.]","[-17.084    4.691   69.357   -0.1221  -0.5493   0.      -0.0781  -0.2622
   0.9194]",118
623,3,"[[-0.19170356 -0.22075862  0.40924138]
 [-0.07071585 -0.30950585  0.32049415]
 [ 0.29032764 -0.29759864  0.33240136]
 [-0.29032764  0.29759864 -0.33240136]
 [ 0.19170356  0.22075862 -0.40924138]
 [ 0.07071585  0.30950585 -0.32049415]]","[2172. 2191.  980. 2237. 2242.  929. 2094. 2249.  922. 1923. 2191.  980.
 1858. 2242.  929. 2001. 2249.  922.]","[2196. 2212.  953. 2240. 2219.  947. 2075. 2242.  924. 1905. 2218.  953.
 1858. 2223.  945. 2024. 2239.  924.]","[-1.7089e+01  4.6530e+00  6.9357e+01 -6.1000e-02 -1.8310e-01 -8.5450e-01
 -3.6100e-02 -2.1880e-01  9.0620e-01]",118
624,3,"[[-0.18304745 -0.20818328  0.42181672]
 [-0.07705099 -0.30954092  0.32045908]
 [ 0.28886418 -0.29779864  0.33220136]
 [-0.28886418  0.29779864 -0.33220136]
 [ 0.18304745  0.20818328 -0.42181672]
 [ 0.07705099  0.30954092 -0.32045908]]","[2167. 2183.  988. 2236. 2242.  929. 2098. 2249.  922. 1928. 2183.  988.
 1859. 2242.  929. 1997. 2249.  922.]","[2187. 2206.  963. 2238. 2219.  944. 2079. 2242.  924. 1912. 2209.  963.
 1858. 2223.  944. 2020. 2239.  924.]","[-17.089    4.62    69.318   -1.0986  -1.2817  -1.8311  -0.0923  -0.2153
   0.9448]",118
625,3,"[[-0.17414936 -0.19615779  0.43384221]
 [-0.08338532 -0.30957205  0.32042795]
 [ 0.28730264 -0.29799931  0.33200069]
 [-0.28730264  0.29799931 -0.33200069]
 [ 0.17414936  0.19615779 -0.43384221]
 [ 0.08338532  0.30957205 -0.32042795]]","[2161. 2175.  996. 2235. 2242.  929. 2102. 2249.  922. 1934. 2175.  996.
 1860. 2242.  929. 1993. 2249.  922.]","[2180. 2201.  971. 2235. 2219.  943. 2084. 2242.  924. 1919. 2201.  971.
 1859. 2223.  944. 2014. 2239.  924.]","[-17.139    4.548   69.285   -2.0752  -1.6479  -0.7935  -0.1621  -0.2212
   0.9849]",118
626,3,"[[-0.16502104 -0.18469649  0.44530351]
 [-0.08971485 -0.30959923  0.32040077]
 [ 0.28564131 -0.29820055  0.33179945]
 [-0.28564131  0.29820055 -0.33179945]
 [ 0.16502104  0.18469649 -0.44530351]
 [ 0.08971485  0.30959923 -0.32040077]]","[2155. 2168. 1003. 2234. 2242.  929. 2106. 2249.  922. 1940. 2168. 1003.
 1861. 2242.  929. 1989. 2249.  922.]","[2173. 2193.  980. 2234. 2219.  942. 2089. 2241.  923. 1925. 2193.  980.
 1860. 2224.  942. 2009. 2240.  923.]","[-17.183    4.499   69.307   -1.8311  -1.5869   1.0376  -0.1099  -0.2549
   0.9736]",118
627,3,"[[-0.15567458 -0.17381317  0.45618683]
 [-0.09603547 -0.30962242  0.32037758]
 [ 0.28387851 -0.2984023   0.3315977 ]
 [-0.28387851  0.2984023  -0.3315977 ]
 [ 0.15567458  0.17381317 -0.45618683]
 [ 0.09603547  0.30962242 -0.32037758]]","[2149. 2161. 1010. 2233. 2242.  929. 2110. 2249.  922. 1946. 2161. 1010.
 1862. 2242.  929. 1985. 2249.  922.]","[2167. 2185.  987. 2233. 2219.  942. 2094. 2241.  924. 1929. 2185.  988.
 1861. 2225.  940. 2003. 2240.  924.]","[-1.7232e+01  4.4660e+00  6.9368e+01 -2.2583e+00 -1.4038e+00  1.0986e+00
 -4.2500e-02 -2.7690e-01  9.5650e-01]",118
628,3,"[[-0.14612231 -0.16352103  0.46647897]
 [-0.10234304 -0.30964163  0.32035837]
 [ 0.28201261 -0.29860447  0.33139553]
 [-0.28201261  0.29860447 -0.33139553]
 [ 0.14612231  0.16352103 -0.46647897]
 [ 0.10234304  0.30964163 -0.32035837]]","[2143. 2154. 1017. 2231. 2242.  929. 2114. 2249.  922. 1952. 2154. 1017.
 1864. 2242.  929. 1981. 2249.  922.]","[2159. 2177.  996. 2231. 2220.  940. 2099. 2241.  923. 1934. 2177.  996.
 1863. 2226.  939. 1998. 2241.  924.]","[-1.7287e+01  4.4330e+00  6.9401e+01 -1.7700e+00 -8.5450e-01 -3.0520e-01
 -3.4700e-02 -3.7400e-01  9.8100e-01]",118
629,3,"[[-0.13637687 -0.15383268  0.47616732]
 [-0.10863333 -0.30965684  0.32034316]
 [ 0.28004204 -0.29880698  0.33119302]
 [-0.28004204  0.29880698 -0.33119302]
 [ 0.13637687  0.15383268 -0.47616732]
 [ 0.10863333  0.30965684 -0.32034316]]","[2136. 2148. 1023. 2230. 2242.  929. 2118. 2249.  922. 1959. 2148. 1023.
 1865. 2242.  929. 1977. 2249.  922.]","[2150. 2170. 1003. 2229. 2219.  939. 2104. 2241.  923. 1941. 2169. 1003.
 1864. 2226.  939. 1994. 2241.  924.]","[-1.7320e+01  4.4060e+00  6.9368e+01 -5.4930e-01  6.1000e-02 -1.4038e+00
 -1.6600e-02 -3.8570e-01  9.5700e-01]",118
630,3,"[[-0.12645115 -0.1447601   0.4852399 ]
 [-0.11490204 -0.30966803  0.32033197]
 [ 0.27796527 -0.29900975  0.33099025]
 [-0.27796527  0.29900975 -0.33099025]
 [ 0.12645115  0.1447601  -0.4852399 ]
 [ 0.11490204  0.30966803 -0.32033197]]","[2130. 2142. 1029. 2229. 2242.  929. 2122. 2249.  922. 1965. 2142. 1029.
 1866. 2242.  929. 1973. 2249.  922.]","[2142. 2163. 1010. 2228. 2219.  938. 2108. 2241.  924. 1946. 2162. 1010.
 1865. 2226.  938. 1990. 2241.  924.]","[-17.331    4.395   69.307    0.2441   0.4883  -1.709   -0.0732  -0.4102
   0.9111]",118
631,3,"[[-0.11635826 -0.13631463  0.49368537]
 [-0.12114482 -0.30967523  0.32032477]
 [ 0.27578081 -0.29921271  0.33078729]
 [-0.27578081  0.29921271 -0.33078729]
 [ 0.11635826  0.13631463 -0.49368537]
 [ 0.12114482  0.30967523 -0.32032477]]","[2123. 2136. 1035. 2227. 2243.  928. 2126. 2249.  922. 1972. 2136. 1035.
 1868. 2243.  928. 1969. 2249.  922.]","[2138. 2156. 1016. 2227. 2220.  937. 2111. 2241.  924. 1953. 2156. 1016.
 1866. 2226.  938. 1987. 2240.  924.]","[-17.336    4.378   69.252    0.1831   0.      -0.9155  -0.0879  -0.376
   0.9106]",118
632,3,"[[-0.10611155 -0.128507    0.501493  ]
 [-0.12735725 -0.30967855  0.32032145]
 [ 0.27348727 -0.29941577  0.33058423]
 [-0.27348727  0.29941577 -0.33058423]
 [ 0.10611155  0.128507   -0.501493  ]
 [ 0.12735725  0.30967855 -0.32032145]]","[2117. 2131. 1040. 2226. 2243.  928. 2131. 2249.  922. 1978. 2131. 1040.
 1869. 2243.  928. 1964. 2249.  922.]","[2136. 2149. 1023. 2226. 2219.  936. 2114. 2242.  923. 1960. 2149. 1023.
 1868. 2226.  938. 1984. 2240.  923.]","[-17.353    4.367   69.236    0.1221  -0.1831  -0.1221  -0.1074  -0.3496
   0.9321]",118
633,3,"[[-0.09572456 -0.12134722  0.50865278]
 [-0.13353488 -0.30967743  0.32032257]
 [ 0.27108329 -0.29961885  0.33038115]
 [-0.27108329  0.29961885 -0.33038115]
 [ 0.09572456  0.12134722 -0.50865278]
 [ 0.13353488  0.30967743 -0.32032257]]","[2110. 2127. 1044. 2224. 2243.  928. 2135. 2249.  922. 1985. 2127. 1044.
 1871. 2243.  928. 1960. 2249.  922.]","[2132. 2143. 1029. 2225. 2220.  937. 2117. 2241.  924. 1966. 2144. 1029.
 1869. 2226.  938. 1979. 2240.  924.]","[-1.7369e+01  4.3620e+00  6.9236e+01  6.1000e-02 -2.4410e-01  1.2210e-01
 -8.9400e-02 -3.1050e-01  9.3950e-01]",118
634,3,"[[-0.08521102 -0.11484466  0.51515534]
 [-0.13967319 -0.30966652  0.32033348]
 [ 0.26856759 -0.29982189  0.33017811]
 [-0.26856759  0.29982189 -0.33017811]
 [ 0.08521102  0.11484466 -0.51515534]
 [ 0.13967319  0.30966652 -0.32033348]]","[2103. 2122. 1049. 2223. 2243.  928. 2139. 2249.  922. 1992. 2122. 1049.
 1872. 2243.  928. 1956. 2249.  922.]","[2124. 2138. 1035. 2224. 2219.  937. 2120. 2241.  924. 1973. 2138. 1034.
 1871. 2226.  937. 1975. 2241.  924.]","[-17.38     4.362   69.236    0.2441   0.      -0.1221  -0.0723  -0.292
   0.9634]",118
635,3,"[[-0.07458484 -0.10900796  0.52099204]
 [-0.14576762 -0.3096408   0.3203592 ]
 [ 0.26593896 -0.3000248   0.3299752 ]
 [-0.26593896  0.3000248  -0.3299752 ]
 [ 0.07458484  0.10900796 -0.52099204]
 [ 0.14576762  0.3096408  -0.3203592 ]]","[2096. 2119. 1052. 2221. 2243.  928. 2143. 2249.  922. 1999. 2119. 1052.
 1874. 2243.  928. 1952. 2249.  922.]","[2116. 2133. 1040. 2223. 2219.  937. 2123. 2241.  924. 1979. 2133. 1039.
 1872. 2226.  936. 1971. 2240.  924.]","[-1.7386e+01  4.3620e+00  6.9225e+01  2.4410e-01  1.8310e-01 -4.8830e-01
 -6.0500e-02 -2.8470e-01  9.6530e-01]",118
636,3,"[[-0.06386006 -0.10384509  0.52615491]
 [-0.15181358 -0.30960184  0.32039816]
 [ 0.26319628 -0.30022751  0.32977249]
 [-0.26319628  0.30022751 -0.32977249]
 [ 0.06386006  0.10384509 -0.52615491]
 [ 0.15181358  0.30960184 -0.32039816]]","[2089. 2115. 1056. 2219. 2243.  928. 2146. 2249.  922. 2006. 2115. 1056.
 1876. 2243.  928. 1949. 2249.  922.]","[2109. 2128. 1044. 2222. 2220.  936. 2127. 2241.  924. 1986. 2129. 1044.
 1874. 2226.  936. 1967. 2240.  924.]","[-17.38     4.367   69.197    0.4883   0.3662  -0.7935  -0.0737  -0.2539
   0.9561]",118
637,3,"[[-0.05305086 -0.09936326  0.53063674]
 [-0.15780644 -0.30955042  0.32044958]
 [ 0.26033849 -0.30042994  0.32957006]
 [-0.26033849  0.30042994 -0.32957006]
 [ 0.05305086  0.09936326 -0.53063674]
 [ 0.15780644  0.30955042 -0.32044958]]","[2082. 2112. 1059. 2217. 2243.  928. 2150. 2249.  922. 2013. 2112. 1059.
 1878. 2243.  928. 1945. 2249.  922.]","[2102. 2125. 1048. 2220. 2219.  936. 2130. 2241.  924. 1993. 2124. 1048.
 1876. 2226.  936. 1963. 2241.  924.]","[-17.375    4.367   69.164    0.       0.1221  -0.6104  -0.0918  -0.2666
   0.9419]",118
638,3,"[[-0.04217152 -0.09556897  0.53443103]
 [-0.16374152 -0.30948677  0.32051323]
 [ 0.25736462 -0.30063202  0.32936798]
 [-0.25736462  0.30063202 -0.32936798]
 [ 0.04217152  0.09556897 -0.53443103]
 [ 0.16374152  0.30948677 -0.32051323]]","[2075. 2110. 1061. 2215. 2243.  927. 2154. 2249.  922. 2020. 2110. 1061.
 1880. 2243.  927. 1941. 2249.  922.]","[2095. 2120. 1052. 2218. 2220.  936. 2133. 2242.  924. 1999. 2120. 1051.
 1878. 2226.  935. 1959. 2240.  924.]","[-17.38     4.362   69.148   -0.3662  -0.1831  -0.3052  -0.084   -0.2935
   0.9443]",118
639,3,"[[-0.03123643 -0.09246797  0.53753203]
 [-0.16961415 -0.30941111  0.32058889]
 [ 0.25427379 -0.30083367  0.32916633]
 [-0.25427379  0.30083367 -0.32916633]
 [ 0.03123643  0.09246797 -0.53753203]
 [ 0.16961415  0.30941111 -0.32058889]]","[2068. 2108. 1063. 2213. 2244.  927. 2158. 2249.  922. 2027. 2108. 1063.
 1882. 2244.  927. 1937. 2249.  922.]","[2088. 2118. 1055. 2215. 2219.  935. 2136. 2241.  924. 2007. 2117. 1055.
 1880. 2226.  935. 1954. 2240.  924.]","[-17.391    4.362   69.137   -0.3052   0.      -0.2441  -0.0737  -0.3105
   0.9644]",118
640,3,"[[-0.02026005 -0.09006524  0.53993476]
 [-0.17541962 -0.30932362  0.32067638]
 [ 0.25106522 -0.30103481  0.32896519]
 [-0.25106522  0.30103481 -0.32896519]
 [ 0.02026005  0.09006524 -0.53993476]
 [ 0.17541962  0.30932362 -0.32067638]]","[2061. 2106. 1065. 2211. 2244.  927. 2162. 2249.  922. 2034. 2106. 1065.
 1884. 2244.  927. 1933. 2249.  922.]","[2078. 2114. 1059. 2213. 2220.  935. 2142. 2241.  924. 2017. 2114. 1059.
 1882. 2226.  933. 1949. 2241.  924.]","[-1.7397e+01  4.3620e+00  6.9126e+01 -1.2210e-01  6.1000e-02 -3.6620e-01
 -6.1000e-02 -3.1590e-01  9.3750e-01]",118
641,3,"[[-0.00925689 -0.08836507  0.54163493]
 [-0.1811532  -0.30922453  0.32077547]
 [ 0.2477382  -0.30123537  0.32876463]
 [-0.2477382   0.30123537 -0.32876463]
 [ 0.00925689  0.08836507 -0.54163493]
 [ 0.1811532   0.30922453 -0.32077547]]","[2054. 2105. 1066. 2209. 2244.  927. 2166. 2249.  922. 2041. 2105. 1066.
 1886. 2244.  927. 1929. 2249.  922.]","[2073. 2112. 1060. 2212. 2219.  935. 2143. 2241.  924. 2021. 2112. 1061.
 1884. 2226.  933. 1946. 2241.  923.]","[-1.7402e+01  4.3510e+00  6.9104e+01 -1.2210e-01  0.0000e+00 -6.1040e-01
 -6.1500e-02 -3.2080e-01  9.4730e-01]",118
642,3,"[[ 0.00175851 -0.08737178  0.54262822]
 [-0.18681016 -0.30911405  0.32088595]
 [ 0.24429214 -0.30143528  0.32856472]
 [-0.24429214  0.30143528 -0.32856472]
 [-0.00175851  0.08737178 -0.54262822]
 [ 0.18681016  0.30911405 -0.32088595]]","[2046. 2104. 1067. 2207. 2244.  927. 2169. 2249.  922. 2049. 2104. 1067.
 1888. 2244.  927. 1926. 2249.  922.]","[2066. 2110. 1063. 2210. 2219.  935. 2147. 2241.  924. 2028. 2110. 1063.
 1886. 2226.  933. 1942. 2241.  924.]","[-1.7408e+01  4.3510e+00  6.9082e+01  0.0000e+00  6.1000e-02 -4.8830e-01
 -7.8600e-02 -3.1740e-01  9.5020e-01]",118
643,3,"[[ 0.01277159 -0.08709884  0.54290116]
 [-0.19238575 -0.30899241  0.32100759]
 [ 0.24072655 -0.30163446  0.32836554]
 [-0.24072655  0.30163446 -0.32836554]
 [-0.01277159  0.08709884 -0.54290116]
 [ 0.19238575  0.30899241 -0.32100759]]","[2039. 2104. 1067. 2204. 2244.  927. 2173. 2249.  922. 2056. 2104. 1067.
 1891. 2244.  927. 1922. 2249.  922.]","[2056. 2108. 1064. 2206. 2219.  934. 2151. 2242.  924. 2038. 2108. 1065.
 1890. 2226.  932. 1936. 2241.  924.]","[-17.413    4.345   69.071    0.       0.      -0.1831  -0.0801  -0.3091
   0.939 ]",118
644,3,"[[ 0.02376778 -0.08747568  0.54252432]
 [-0.19787524 -0.30885986  0.32114014]
 [ 0.23704104 -0.30183284  0.32816716]
 [-0.23704104  0.30183284 -0.32816716]
 [-0.02376778  0.08747568 -0.54252432]
 [ 0.19787524  0.30885986 -0.32114014]]","[2032. 2105. 1066. 2202. 2244.  927. 2176. 2249.  922. 2063. 2105. 1066.
 1893. 2244.  927. 1919. 2249.  922.]","[2051. 2108. 1065. 2205. 2219.  935. 2154. 2241.  924. 2042. 2108. 1065.
 1891. 2226.  932. 1934. 2241.  924.]","[-1.7419e+01  4.3450e+00  6.9071e+01 -6.1000e-02 -1.2210e-01  0.0000e+00
 -7.5200e-02 -3.0470e-01  9.4580e-01]",118
645,3,"[[ 0.03473255 -0.08797229  0.54202771]
 [-0.20327389 -0.30871664  0.32128336]
 [ 0.23323531 -0.30203035  0.32796965]
 [-0.23323531  0.30203035 -0.32796965]
 [-0.03473255  0.08797229 -0.54202771]
 [ 0.20327389  0.30871664 -0.32128336]]","[2025. 2105. 1066. 2200. 2244.  927. 2180. 2249.  922. 2070. 2105. 1066.
 1895. 2244.  927. 1915. 2249.  922.]","[2042. 2107. 1065. 2202. 2219.  934. 2158. 2242.  924. 2052. 2107. 1065.
 1893. 2226.  931. 1929. 2241.  923.]","[-17.424    4.34    69.077   -0.1221  -0.1221   0.      -0.0693  -0.2998
   0.9541]",118
646,3,"[[ 0.0456514  -0.08856886  0.54143114]
 [-0.20857698 -0.30856301  0.32143699]
 [ 0.2293092  -0.3022269   0.3277731 ]
 [-0.2293092   0.3022269  -0.3277731 ]
 [-0.0456514   0.08856886 -0.54143114]
 [ 0.20857698  0.30856301 -0.32143699]]","[2018. 2105. 1066. 2197. 2245.  926. 2183. 2249.  922. 2077. 2105. 1066.
 1898. 2245.  926. 1912. 2249.  922.]","[2038. 2107. 1065. 2201. 2220.  935. 2161. 2241.  924. 2056. 2107. 1065.
 1894. 2226.  931. 1927. 2241.  924.]","[-1.7430e+01  4.3340e+00  6.9077e+01 -1.2210e-01 -6.1000e-02  0.0000e+00
 -7.6700e-02 -3.0220e-01  9.4480e-01]",118
647,3,"[[ 0.05650991 -0.08935017  0.54064983]
 [-0.21377979 -0.30839924  0.32160076]
 [ 0.22526264 -0.30242244  0.32757756]
 [-0.22526264  0.30242244 -0.32757756]
 [-0.05650991  0.08935017 -0.54064983]
 [ 0.21377979  0.30839924 -0.32160076]]","[2011. 2106. 1065. 2194. 2245.  926. 2187. 2249.  922. 2084. 2106. 1065.
 1901. 2245.  926. 1908. 2249.  922.]","[2030. 2107. 1065. 2199. 2219.  934. 2164. 2241.  924. 2064. 2107. 1065.
 1897. 2226.  931. 1923. 2241.  924.]","[-17.441    4.329   69.082   -0.2441  -0.1831   0.1221  -0.0771  -0.3076
   0.9409]",118
648,3,"[[ 0.06729371 -0.09033917  0.53966083]
 [-0.21887764 -0.3082256   0.3217744 ]
 [ 0.22109569 -0.30261687  0.32738313]
 [-0.22109569  0.30261687 -0.32738313]
 [-0.06729371  0.09033917 -0.53966083]
 [ 0.21887764  0.3082256  -0.3217744 ]]","[2004. 2106. 1065. 2192. 2245.  926. 2190. 2248.  923. 2091. 2106. 1065.
 1903. 2245.  926. 1905. 2248.  923.]","[2021. 2107. 1065. 2196. 2219.  934. 2169. 2241.  924. 2071. 2107. 1065.
 1901. 2227.  930. 1919. 2241.  923.]","[-1.7446e+01  4.3290e+00  6.9093e+01 -1.8310e-01 -1.2210e-01  1.8310e-01
 -6.6400e-02 -3.0620e-01  9.5850e-01]",118
649,3,"[[ 0.07798855 -0.09154401  0.53845599]
 [-0.22386587 -0.30804238  0.32195762]
 [ 0.21680853 -0.30281014  0.32718986]
 [-0.21680853  0.30281014 -0.32718986]
 [-0.07798855  0.09154401 -0.53845599]
 [ 0.22386587  0.30804238 -0.32195762]]","[1997. 2107. 1064. 2189. 2245.  926. 2193. 2248.  923. 2098. 2107. 1064.
 1906. 2245.  926. 1902. 2248.  923.]","[2014. 2107. 1065. 2193. 2219.  934. 2172. 2241.  924. 2079. 2107. 1065.
 1903. 2227.  930. 1915. 2241.  924.]","[-1.7452e+01  4.3290e+00  6.9093e+01  0.0000e+00  0.0000e+00  0.0000e+00
 -6.7400e-02 -3.0370e-01  9.4920e-01]",118
650,3,"[[ 0.08858029 -0.0929699   0.5370301 ]
 [-0.22873984 -0.30784986  0.32215014]
 [ 0.21240145 -0.30300217  0.32699783]
 [-0.21240145  0.30300217 -0.32699783]
 [-0.08858029  0.0929699  -0.5370301 ]
 [ 0.22873984  0.30784986 -0.32215014]]","[1990. 2108. 1063. 2186. 2245.  926. 2197. 2248.  923. 2105. 2108. 1063.
 1909. 2245.  926. 1898. 2248.  923.]","[2010. 2107. 1064. 2191. 2219.  934. 2174. 2241.  924. 2084. 2107. 1065.
 1905. 2227.  930. 1912. 2241.  924.]","[-1.7452e+01  4.3230e+00  6.9093e+01  0.0000e+00  0.0000e+00 -6.1000e-02
 -7.3200e-02 -2.9790e-01  9.4920e-01]",118
651,3,"[[ 0.09905493 -0.09462143  0.53537857]
 [-0.23349496 -0.30764834  0.32235166]
 [ 0.20787486 -0.30319289  0.32680711]
 [-0.20787486  0.30319289 -0.32680711]
 [-0.09905493  0.09462143 -0.53537857]
 [ 0.23349496  0.30764834 -0.32235166]]","[1983. 2109. 1062. 2183. 2245.  926. 2200. 2248.  923. 2112. 2109. 1062.
 1912. 2245.  926. 1895. 2248.  923.]","[2002. 2108. 1064. 2188. 2220.  934. 2177. 2241.  924. 2091. 2108. 1064.
 1908. 2227.  930. 1909. 2241.  924.]","[-1.7457e+01  4.3230e+00  6.9088e+01 -1.2210e-01  0.0000e+00 -6.1000e-02
 -7.8600e-02 -3.0180e-01  9.4780e-01]",118
652,3,"[[ 0.10939862 -0.09650299  0.53349701]
 [-0.23812669 -0.30743812  0.32256188]
 [ 0.20322931 -0.30338222  0.32661778]
 [-0.20322931  0.30338222 -0.32661778]
 [-0.10939862  0.09650299 -0.53349701]
 [ 0.23812669  0.30743812 -0.32256188]]","[1976. 2110. 1061. 2180. 2245.  926. 2203. 2248.  923. 2119. 2110. 1061.
 1915. 2245.  926. 1892. 2248.  923.]","[1995. 2108. 1062. 2185. 2219.  934. 2182. 2242.  924. 2098. 2108. 1063.
 1910. 2227.  929. 1905. 2241.  924.]","[-1.7463e+01  4.3180e+00  6.9088e+01 -1.2210e-01 -6.1000e-02  0.0000e+00
 -7.3200e-02 -2.9390e-01  9.4780e-01]",118
653,3,"[[ 0.11959769 -0.09861891  0.53138109]
 [-0.24263052 -0.30721951  0.32278049]
 [ 0.19846548 -0.30357009  0.32642991]
 [-0.19846548  0.30357009 -0.32642991]
 [-0.11959769  0.09861891 -0.53138109]
 [ 0.24263052  0.30721951 -0.32278049]]","[1970. 2112. 1059. 2177. 2245.  926. 2206. 2248.  923. 2125. 2112. 1059.
 1918. 2245.  926. 1889. 2248.  923.]","[1988. 2109. 1061. 2182. 2219.  934. 2185. 2241.  924. 2105. 2109. 1062.
 1914. 2226.  929. 1902. 2241.  924.]","[-1.7463e+01  4.3180e+00  6.9093e+01 -6.1000e-02 -6.1000e-02  1.2210e-01
 -7.4200e-02 -2.9880e-01  9.5310e-01]",118
654,3,"[[ 0.12963865 -0.10097338  0.52902662]
 [-0.24700201 -0.30699282  0.32300718]
 [ 0.19358415 -0.30375643  0.32624357]
 [-0.19358415  0.30375643 -0.32624357]
 [-0.12963865  0.10097338 -0.52902662]
 [ 0.24700201  0.30699282 -0.32300718]]","[1963. 2113. 1058. 2174. 2246.  925. 2209. 2248.  923. 2132. 2113. 1058.
 1921. 2246.  925. 1886. 2248.  923.]","[1979. 2111. 1060. 2178. 2220.  934. 2190. 2241.  924. 2114. 2111. 1060.
 1917. 2227.  929. 1898. 2241.  924.]","[-17.468    4.312   69.104   -0.1831  -0.1831   0.2441  -0.0757  -0.2988
   0.9429]",118
655,3,"[[ 0.13950824 -0.10357049  0.52642951]
 [-0.25123677 -0.30675838  0.32324162]
 [ 0.18858626 -0.30394117  0.32605883]
 [-0.18858626  0.30394117 -0.32605883]
 [-0.13950824  0.10357049 -0.52642951]
 [ 0.25123677  0.30675838 -0.32324162]]","[1957. 2115. 1056. 2170. 2246.  925. 2211. 2247.  923. 2138. 2115. 1056.
 1925. 2246.  925. 1884. 2247.  923.]","[1975. 2112. 1059. 2176. 2219.  934. 2191. 2242.  924. 2119. 2112. 1059.
 1919. 2227.  929. 1895. 2241.  924.]","[-17.474    4.312   69.12    -0.1831  -0.2441   0.3662  -0.0718  -0.3057
   0.9482]",118
656,3,"[[ 0.14919339 -0.10641421  0.52358579]
 [-0.25533048 -0.30651649  0.32348351]
 [ 0.18347287 -0.30412423  0.32587577]
 [-0.18347287  0.30412423 -0.32587577]
 [-0.14919339  0.10641421 -0.52358579]
 [ 0.25533048  0.30651649 -0.32348351]]","[1950. 2117. 1054. 2167. 2246.  925. 2214. 2247.  924. 2145. 2117. 1054.
 1928. 2246.  925. 1881. 2247.  924.]","[1968. 2113. 1057. 2173. 2219.  934. 2194. 2242.  925. 2126. 2113. 1058.
 1923. 2227.  928. 1892. 2241.  924.]","[-1.7474e+01  4.3070e+00  6.9137e+01 -1.2210e-01 -1.8310e-01  3.6620e-01
 -6.7400e-02 -3.0570e-01  9.4820e-01]",118
657,3,"[[ 0.15868132 -0.10950838  0.52049162]
 [-0.25927889 -0.3062675   0.3237325 ]
 [ 0.17824518 -0.30430555  0.32569445]
 [-0.17824518  0.30430555 -0.32569445]
 [-0.15868132  0.10950838 -0.52049162]
 [ 0.25927889  0.3062675  -0.3237325 ]]","[1944. 2119. 1052. 2164. 2246.  925. 2217. 2247.  924. 2151. 2119. 1052.
 1931. 2246.  925. 1878. 2247.  924.]","[1962. 2115. 1056. 2170. 2219.  934. 2197. 2241.  925. 2133. 2115. 1057.
 1926. 2228.  928. 1890. 2241.  924.]","[-1.7479e+01  4.3010e+00  6.9153e+01 -1.8310e-01 -1.8310e-01  2.4410e-01
 -6.5900e-02 -3.0860e-01  9.4530e-01]",118
658,3,"[[ 0.16795947 -0.1128567   0.5171433 ]
 [-0.26307782 -0.30601173  0.32398827]
 [ 0.17290452 -0.30448505  0.32551495]
 [-0.17290452  0.30448505 -0.32551495]
 [-0.16795947  0.1128567  -0.5171433 ]
 [ 0.26307782  0.30601173 -0.32398827]]","[1938. 2121. 1050. 2160. 2246.  925. 2219. 2247.  924. 2157. 2121. 1050.
 1935. 2246.  925. 1876. 2247.  924.]","[1953. 2118. 1054. 2166. 2219.  934. 2201. 2241.  925. 2141. 2118. 1053.
 1930. 2228.  928. 1886. 2241.  925.]","[-1.7485e+01  4.2960e+00  6.9153e+01 -1.2210e-01 -1.2210e-01  6.1000e-02
 -6.5400e-02 -3.0960e-01  9.5510e-01]",118
659,3,"[[ 0.17701558 -0.11646275  0.51353725]
 [-0.26672317 -0.30574951  0.32425049]
 [ 0.16745235 -0.30466266  0.32533734]
 [-0.16745235  0.30466266 -0.32533734]
 [-0.17701558  0.11646275 -0.51353725]
 [ 0.26672317  0.30574951 -0.32425049]]","[1932. 2123. 1048. 2157. 2246.  925. 2221. 2247.  924. 2163. 2123. 1048.
 1938. 2246.  925. 1874. 2247.  924.]","[1949. 2119. 1052. 2163. 2220.  934. 2203. 2241.  925. 2145. 2119. 1052.
 1933. 2228.  927. 1884. 2241.  925.]","[-1.7490e+01  4.2900e+00  6.9153e+01 -6.1000e-02  0.0000e+00 -6.1000e-02
 -6.8800e-02 -3.0760e-01  9.4380e-01]",118
660,3,"[[ 0.18583769 -0.12032991  0.50967009]
 [-0.27021095 -0.30548118  0.32451882]
 [ 0.16189027 -0.30483832  0.32516168]
 [-0.16189027  0.30483832 -0.32516168]
 [-0.18583769  0.12032991 -0.50967009]
 [ 0.27021095  0.30548118 -0.32451882]]","[1926. 2126. 1045. 2153. 2246.  925. 2224. 2247.  924. 2169. 2126. 1045.
 1942. 2246.  925. 1871. 2247.  924.]","[1943. 2121. 1050. 2160. 2219.  934. 2205. 2241.  925. 2151. 2121. 1050.
 1936. 2228.  928. 1882. 2241.  926.]","[-1.7496e+01  4.2900e+00  6.9148e+01 -6.1000e-02  0.0000e+00 -6.1000e-02
 -7.3700e-02 -3.0570e-01  9.4970e-01]",118
661,3,"[[ 0.19441412 -0.12446144  0.50553856]
 [-0.27353723 -0.30520709  0.32479291]
 [ 0.15622003 -0.30501194  0.32498806]
 [-0.15622003  0.30501194 -0.32498806]
 [-0.19441412  0.12446144 -0.50553856]
 [ 0.27353723  0.30520709 -0.32479291]]","[1921. 2129. 1042. 2149. 2246.  925. 2226. 2246.  925. 2174. 2129. 1042.
 1946. 2246.  925. 1869. 2246.  925.]","[1936. 2123. 1048. 2157. 2219.  933. 2208. 2241.  925. 2157. 2123. 1048.
 1939. 2228.  928. 1880. 2241.  925.]","[-1.7496e+01  4.2900e+00  6.9153e+01 -6.1000e-02 -6.1000e-02  0.0000e+00
 -8.3000e-02 -3.0470e-01  9.4680e-01]",118
662,3,"[[ 0.20273353 -0.12886039  0.50113961]
 [-0.2766982  -0.30492758  0.32507242]
 [ 0.15044349 -0.30518346  0.32481654]
 [-0.15044349  0.30518346 -0.32481654]
 [-0.20273353  0.12886039 -0.50113961]
 [ 0.2766982   0.30492758 -0.32507242]]","[1915. 2132. 1039. 2146. 2246.  925. 2228. 2246.  925. 2180. 2132. 1039.
 1949. 2246.  925. 1867. 2246.  925.]","[1930. 2126. 1045. 2153. 2219.  933. 2210. 2241.  925. 2164. 2126. 1045.
 1943. 2228.  928. 1877. 2241.  926.]","[-1.7501e+01  4.2900e+00  6.9159e+01 -6.1000e-02 -6.1000e-02  1.8310e-01
 -7.7100e-02 -3.0520e-01  9.4480e-01]",118
663,3,"[[ 0.21078494 -0.13352965  0.49647035]
 [-0.27969014 -0.30464299  0.32535701]
 [ 0.14456268 -0.30535281  0.32464719]
 [-0.14456268  0.30535281 -0.32464719]
 [-0.21078494  0.13352965 -0.49647035]
 [ 0.27969014  0.30464299 -0.32535701]]","[1910. 2135. 1036. 2142. 2247.  924. 2230. 2246.  925. 2185. 2135. 1036.
 1953. 2247.  924. 1865. 2246.  925.]","[1924. 2130. 1042. 2149. 2219.  934. 2213. 2241.  926. 2171. 2130. 1042.
 1947. 2228.  927. 1873. 2241.  926.]","[-1.7507e+01  4.2850e+00  6.9170e+01 -1.2210e-01 -1.8310e-01  2.4410e-01
 -6.4900e-02 -3.0470e-01  9.4680e-01]",118
664,3,"[[ 0.2185577  -0.13847192  0.49152808]
 [-0.28250944 -0.30435367  0.32564633]
 [ 0.13857975 -0.30551992  0.32448008]
 [-0.13857975  0.30551992 -0.32448008]
 [-0.2185577   0.13847192 -0.49152808]
 [ 0.28250944  0.30435367 -0.32564633]]","[1905. 2138. 1033. 2138. 2247.  924. 2232. 2246.  925. 2190. 2138. 1033.
 1957. 2247.  924. 1863. 2246.  925.]","[1918. 2133. 1039. 2145. 2219.  933. 2216. 2241.  926. 2176. 2132. 1039.
 1951. 2229.  926. 1870. 2241.  926.]","[-1.7507e+01  4.2790e+00  6.9181e+01 -6.1000e-02 -1.2210e-01  1.8310e-01
 -6.4900e-02 -3.0470e-01  9.5700e-01]",118
665,3,"[[ 0.22604153 -0.1436897   0.4863103 ]
 [-0.28515261 -0.30405996  0.32594004]
 [ 0.13249697 -0.30568471  0.32431529]
 [-0.13249697  0.30568471 -0.32431529]
 [-0.22604153  0.1436897  -0.4863103 ]
 [ 0.28515261  0.30405996 -0.32594004]]","[1900. 2141. 1030. 2134. 2247.  924. 2233. 2246.  925. 2195. 2141. 1030.
 1961. 2247.  924. 1862. 2246.  925.]","[1913. 2135. 1036. 2142. 2219.  933. 2218. 2241.  926. 2181. 2135. 1037.
 1954. 2228.  927. 1868. 2241.  927.]","[-1.7507e+01  4.2790e+00  6.9186e+01  0.0000e+00  0.0000e+00  1.8310e-01
 -6.7900e-02 -3.0660e-01  9.4820e-01]",118
666,3,"[[ 0.23322653 -0.14918529  0.48081471]
 [-0.28761627 -0.30376223  0.32623777]
 [ 0.12631679 -0.30584713  0.32415287]
 [-0.12631679  0.30584713 -0.32415287]
 [-0.23322653  0.14918529 -0.48081471]
 [ 0.28761627  0.30376223 -0.32623777]]","[1895. 2145. 1026. 2130. 2247.  924. 2235. 2246.  925. 2200. 2145. 1026.
 1965. 2247.  924. 1860. 2246.  925.]","[1908. 2137. 1034. 2138. 2219.  933. 2219. 2241.  926. 2185. 2138. 1034.
 1957. 2228.  927. 1867. 2241.  927.]","[-1.7507e+01  4.2790e+00  6.9197e+01  0.0000e+00 -1.2210e-01  2.4410e-01
 -6.7900e-02 -3.0660e-01  9.3990e-01]",118
667,3,"[[ 0.24010321 -0.15496075  0.47503925]
 [-0.28989716 -0.30346081  0.32653919]
 [ 0.12004176 -0.30600709  0.32399291]
 [-0.12004176  0.30600709 -0.32399291]
 [-0.24010321  0.15496075 -0.47503925]
 [ 0.28989716  0.30346081 -0.32653919]]","[1891. 2149. 1022. 2126. 2247.  924. 2236. 2245.  926. 2204. 2149. 1022.
 1969. 2247.  924. 1859. 2245.  926.]","[1904. 2141. 1031. 2135. 2219.  933. 2221. 2241.  926. 2191. 2141. 1031.
 1961. 2228.  926. 1865. 2241.  927.]","[-1.7507e+01  4.2740e+00  6.9208e+01 -6.1000e-02 -1.2210e-01  1.8310e-01
 -7.5200e-02 -3.0810e-01  9.5360e-01]",118
668,3,"[[ 0.24666249 -0.16101796  0.46898204]
 [-0.29199215 -0.30315607  0.32684393]
 [ 0.11367458 -0.30616453  0.32383547]
 [-0.11367458  0.30616453 -0.32383547]
 [-0.24666249  0.16101796 -0.46898204]
 [ 0.29199215  0.30315607 -0.32684393]]","[1887. 2152. 1019. 2122. 2247.  924. 2238. 2245.  926. 2208. 2152. 1019.
 1973. 2247.  924. 1857. 2245.  926.]","[1899. 2145. 1027. 2131. 2219.  932. 2223. 2241.  927. 2195. 2145. 1027.
 1965. 2229.  927. 1863. 2241.  927.]","[-1.7512e+01  4.2740e+00  6.9219e+01  0.0000e+00 -6.1000e-02  2.4410e-01
 -6.9300e-02 -3.1100e-01  9.4630e-01]",118
669,3,"[[ 0.25289568 -0.16735854  0.46264146]
 [-0.29389826 -0.30284834  0.32715166]
 [ 0.10721808 -0.30631939  0.32368061]
 [-0.10721808  0.30631939 -0.32368061]
 [-0.25289568  0.16735854 -0.46264146]
 [ 0.29389826  0.30284834 -0.32715166]]","[1883. 2157. 1014. 2117. 2247.  924. 2239. 2245.  926. 2212. 2157. 1014.
 1978. 2247.  924. 1856. 2245.  926.]","[1895. 2148. 1024. 2127. 2219.  932. 2225. 2241.  927. 2200. 2148. 1024.
 1968. 2228.  927. 1861. 2241.  927.]","[-1.7512e+01  4.2680e+00  6.9230e+01  0.0000e+00 -6.1000e-02  2.4410e-01
 -6.9300e-02 -3.0910e-01  9.4730e-01]",118
670,3,"[[ 0.25879455 -0.1739839   0.4560161 ]
 [-0.2956126  -0.30253799  0.32746201]
 [ 0.10067524 -0.30647159  0.32352841]
 [-0.10067524  0.30647159 -0.32352841]
 [-0.25879455  0.1739839  -0.4560161 ]
 [ 0.2956126   0.30253799 -0.32746201]]","[1879. 2161. 1010. 2113. 2247.  924. 2240. 2245.  926. 2216. 2161. 1010.
 1982. 2247.  924. 1855. 2245.  926.]","[1891. 2152. 1020. 2123. 2219.  932. 2227. 2240.  927. 2204. 2152. 1020.
 1972. 2228.  927. 1858. 2241.  927.]","[-1.7512e+01  4.2680e+00  6.9241e+01  0.0000e+00 -1.2210e-01  1.8310e-01
 -6.7900e-02 -3.0810e-01  9.4340e-01]",118
671,3,"[[ 0.26435129 -0.18089518  0.44910482]
 [-0.29713247 -0.30222536  0.32777464]
 [ 0.09404915 -0.30662106  0.32337894]
 [-0.09404915  0.30662106 -0.32337894]
 [-0.26435129  0.18089518 -0.44910482]
 [ 0.29713247  0.30222536 -0.32777464]]","[1875. 2165. 1006. 2109. 2247.  924. 2241. 2245.  926. 2220. 2165. 1006.
 1986. 2247.  924. 1854. 2245.  926.]","[1885. 2156. 1016. 2119. 2219.  932. 2229. 2240.  927. 2207. 2156. 1016.
 1976. 2228.  927. 1857. 2241.  927.]","[-17.512    4.263   69.252    0.      -0.1221   0.1831  -0.0708  -0.3052
   0.9492]",118
672,3,"[[ 0.26955857 -0.1880933   0.4419067 ]
 [-0.29845529 -0.30191081  0.32808919]
 [ 0.08734305 -0.30676774  0.32323226]
 [-0.08734305  0.30676774 -0.32323226]
 [-0.26955857  0.1880933  -0.4419067 ]
 [ 0.29845529  0.30191081 -0.32808919]]","[1872. 2170. 1001. 2104. 2247.  923. 2242. 2244.  927. 2223. 2170. 1001.
 1991. 2247.  923. 1853. 2244.  927.]","[1881. 2160. 1012. 2115. 2219.  932. 2230. 2240.  927. 2213. 2160. 1012.
 1980. 2228.  927. 1856. 2241.  927.]","[-17.512    4.257   69.263    0.      -0.1221   0.2441  -0.0786  -0.3062
   0.9502]",118
673,3,"[[ 0.2744095  -0.19557892  0.43442108]
 [-0.29957863 -0.30159469  0.32840531]
 [ 0.08056029 -0.30691156  0.32308844]
 [-0.08056029  0.30691156 -0.32308844]
 [-0.2744095   0.19557892 -0.43442108]
 [ 0.29957863  0.30159469 -0.32840531]]","[1869. 2175.  996. 2100. 2248.  923. 2243. 2244.  927. 2226. 2175.  996.
 1995. 2248.  923. 1852. 2244.  927.]","[1877. 2165. 1007. 2110. 2219.  932. 2232. 2240.  928. 2217. 2165. 1007.
 1985. 2228.  927. 1853. 2241.  929.]","[-17.512    4.257   69.285    0.      -0.1831   0.4883  -0.0703  -0.3037
   0.9502]",118
674,3,"[[ 0.27889767 -0.20335241  0.42664759]
 [-0.30050022 -0.30127733  0.32872267]
 [ 0.07370437 -0.30705245  0.32294755]
 [-0.07370437  0.30705245 -0.32294755]
 [-0.27889767  0.20335241 -0.42664759]
 [ 0.30050022  0.30127733 -0.32872267]]","[1866. 2180.  991. 2096. 2248.  923. 2243. 2244.  927. 2229. 2180.  991.
 1999. 2248.  923. 1852. 2244.  927.]","[1874. 2168. 1003. 2107. 2219.  932. 2234. 2239.  928. 2220. 2168. 1004.
 1988. 2228.  927. 1852. 2241.  929.]","[-1.7512e+01  4.2570e+00  6.9307e+01  0.0000e+00 -1.8310e-01  5.4930e-01
 -6.5900e-02 -2.9980e-01  9.5210e-01]",118
675,3,"[[ 0.28301714 -0.21141391  0.41858609]
 [-0.30121798 -0.3009591   0.3290409 ]
 [ 0.0667789  -0.30719035  0.32280965]
 [-0.0667789   0.30719035 -0.32280965]
 [-0.28301714  0.21141391 -0.41858609]
 [ 0.30121798  0.3009591  -0.3290409 ]]","[1863. 2185.  986. 2091. 2248.  923. 2244. 2244.  927. 2232. 2185.  986.
 2004. 2248.  923. 1851. 2244.  927.]","[1871. 2173.  999. 2103. 2219.  932. 2235. 2239.  928. 2223. 2173.  999.
 1993. 2229.  927. 1852. 2241.  929.]","[-1.7512e+01  4.2520e+00  6.9329e+01  0.0000e+00 -1.8310e-01  3.0520e-01
 -6.2500e-02 -3.0130e-01  9.4430e-01]",118
676,3,"[[ 0.28676247 -0.21976328  0.41023672]
 [-0.30173027 -0.30064033  0.32935967]
 [ 0.05978761 -0.30732519  0.32267481]
 [-0.05978761  0.30732519 -0.32267481]
 [-0.28676247  0.21976328 -0.41023672]
 [ 0.30173027  0.30064033 -0.32935967]]","[1861. 2191.  980. 2086. 2248.  923. 2244. 2243.  927. 2234. 2191.  980.
 2009. 2248.  923. 1851. 2243.  927.]","[1868. 2177.  998. 2099. 2219.  932. 2236. 2239.  928. 2226. 2178.  994.
 1997. 2228.  927. 1850. 2241.  929.]","[-1.7512e+01  4.2460e+00  6.9340e+01 -6.1000e-02 -2.4410e-01  1.8310e-01
 -7.1300e-02 -3.0470e-01  9.4870e-01]",118
677,3,"[[ 0.2901287  -0.2284001   0.4015999 ]
 [-0.30203731 -0.30032136  0.32967864]
 [ 0.05273438 -0.30745691  0.32254309]
 [-0.05273438  0.30745691 -0.32254309]
 [-0.2901287   0.2284001  -0.4015999 ]
 [ 0.30203731  0.30032136 -0.32967864]]","[1858. 2196.  975. 2082. 2248.  923. 2244. 2243.  928. 2237. 2196.  975.
 2013. 2248.  923. 1851. 2243.  928.]","[1866. 2180.  994. 2094. 2219.  932. 2238. 2239.  929. 2229. 2183.  988.
 2001. 2228.  927. 1849. 2241.  930.]","[-1.7512e+01  4.2410e+00  6.9351e+01 -6.1000e-02 -1.2210e-01  3.0520e-01
 -7.1800e-02 -3.0910e-01  9.6680e-01]",118
678,3,"[[ 0.29311139 -0.23732365  0.39267635]
 [-0.30213051 -0.30000252  0.32999748]
 [ 0.04562317 -0.30758544  0.32241456]
 [-0.04562317  0.30758544 -0.32241456]
 [-0.29311139  0.23732365 -0.39267635]
 [ 0.30213051  0.30000252 -0.32999748]]","[1856. 2202.  969. 2077. 2248.  923. 2244. 2243.  928. 2239. 2202.  969.
 2018. 2248.  923. 1851. 2243.  928.]","[1863. 2183.  986. 2090. 2219.  932. 2238. 2239.  929. 2232. 2188.  983.
 2005. 2229.  927. 1849. 2241.  930.]","[-17.507    4.241   69.368    0.3662   0.2441   0.6714  -0.083   -0.3198
   0.9399]",118
679,3,"[[ 0.29570659 -0.24653296  0.38346704]
 [-0.30184464 -0.29968388  0.33031612]
 [ 0.03845809 -0.30771071  0.32228929]
 [-0.03845809  0.30771071 -0.32228929]
 [-0.29570659  0.24653296 -0.38346704]
 [ 0.30184464  0.29968388 -0.33031612]]","[1855. 2208.  963. 2073. 2248.  923. 2244. 2243.  928. 2240. 2208.  963.
 2022. 2248.  923. 1851. 2243.  928.]","[1860. 2188.  982. 2086. 2219.  932. 2239. 2239.  929. 2234. 2194.  981.
 2007. 2228.  927. 1849. 2241.  930.]","[-1.7496e+01  4.2570e+00  6.9395e+01  1.8310e-01 -6.1000e-02  7.3240e-01
 -4.5400e-02 -3.1100e-01  9.2090e-01]",118
680,3,"[[ 0.29791087 -0.25602675  0.37397325]
 [-0.30103139 -0.29936508  0.33063492]
 [ 0.03124333 -0.30783268  0.32216732]
 [-0.03124333  0.30783268 -0.32216732]
 [-0.29791087  0.25602675 -0.37397325]
 [ 0.30103139  0.29936508 -0.33063492]]","[1853. 2214.  957. 2068. 2248.  923. 2244. 2243.  928. 2242. 2214.  957.
 2027. 2248.  923. 1851. 2243.  928.]","[1859. 2192.  977. 2081. 2219.  932. 2239. 2239.  928. 2237. 2196.  977.
 2011. 2228.  927. 1849. 2241.  930.]","[-1.7490e+01  4.2630e+00  6.9423e+01  1.8310e-01  6.1000e-02  5.4930e-01
 -9.8600e-02 -3.3500e-01  1.0195e+00]",118
681,3,"[[ 0.29972133 -0.26580345  0.36419655]
 [-0.29968689 -0.29904628  0.33095372]
 [ 0.02398322 -0.30795126  0.32204874]
 [-0.02398322  0.30795126 -0.32204874]
 [-0.29972133  0.26580345 -0.36419655]
 [ 0.29968689  0.29904628 -0.33095372]]","[1852. 2221.  950. 2063. 2248.  923. 2243. 2242.  929. 2243. 2221.  950.
 2032. 2248.  923. 1852. 2242.  929.]","[1857. 2197.  973. 2078. 2219.  932. 2239. 2239.  929. 2238. 2199.  971.
 2015. 2228.  927. 1849. 2241.  930.]","[-1.7474e+01  4.2790e+00  6.9445e+01  1.2207e+00  1.1597e+00  1.0376e+00
 -5.1300e-02 -3.1880e-01  9.2190e-01]",118
682,3,"[[ 0.30113555 -0.27586119  0.35413881]
 [-0.29781229 -0.29872784  0.33127216]
 [ 0.01668218 -0.3080664   0.3219336 ]
 [-0.01668218  0.3080664  -0.3219336 ]
 [-0.30113555  0.27586119 -0.35413881]
 [ 0.29781229  0.29872784 -0.33127216]]","[1851. 2227.  944. 2058. 2248.  923. 2242. 2242.  929. 2244. 2227.  944.
 2037. 2248.  923. 1853. 2242.  929.]","[1856. 2201.  968. 2073. 2219.  932. 2240. 2240.  928. 2240. 2205.  965.
 2021. 2228.  927. 1850. 2240.  930.]","[-1.7435e+01  4.3340e+00  6.9461e+01  6.7140e-01  9.1550e-01  2.4410e-01
 -5.3200e-02 -3.3150e-01  9.1500e-01]",118
683,3,"[[ 0.30215163 -0.2861978   0.3438022 ]
 [-0.29541088 -0.29841014  0.33158986]
 [ 0.00934473 -0.30817805  0.32182195]
 [-0.00934473  0.30817805 -0.32182195]
 [-0.30215163  0.2861978  -0.3438022 ]
 [ 0.29541088  0.29841014 -0.33158986]]","[1851. 2234.  937. 2054. 2248.  923. 2240. 2242.  929. 2244. 2234.  937.
 2041. 2248.  923. 1855. 2242.  929.]","[1855. 2205.  963. 2069. 2219.  932. 2240. 2240.  929. 2241. 2212.  959.
 2025. 2229.  927. 1850. 2240.  931.]","[-17.413    4.367   69.461    0.7324   0.7324   0.1221  -0.0952  -0.3286
   1.0078]",118
684,3,"[[ 0.30276731 -0.29347086  0.33652914]
 [-0.29248765 -0.29809352  0.33190648]
 [ 0.00197556 -0.30828613  0.32171387]
 [-0.00197556  0.30828613 -0.32171387]
 [-0.30276731  0.29347086 -0.33652914]
 [ 0.29248765  0.29809352 -0.33190648]]","[1850. 2239.  932. 2049. 2248.  922. 2238. 2242.  929. 2245. 2239.  932.
 2046. 2248.  922. 1857. 2242.  929.]","[1854. 2210.  958. 2064. 2219.  932. 2239. 2241.  929. 2242. 2218.  952.
 2030. 2228.  927. 1850. 2240.  931.]","[-17.386    4.4     69.461    1.4648   1.3428   0.7324  -0.0713  -0.3086
   0.9121]",118
685,3,"[[ 0.3029828  -0.29363416  0.33636584]
 [-0.28905018 -0.29777837  0.33222163]
 [-0.005419   -0.30839059  0.32160941]
 [ 0.005419    0.30839059 -0.32160941]
 [-0.3029828   0.29363416 -0.33636584]
 [ 0.28905018  0.29777837 -0.33222163]]","[1850. 2239.  932. 2044. 2249.  922. 2236. 2242.  929. 2245. 2239.  932.
 2051. 2249.  922. 1859. 2242.  929.]","[1854. 2215.  952. 2058. 2219.  932. 2239. 2240.  929. 2243. 2225.  945.
 2036. 2228.  927. 1852. 2240.  931.]","[-17.336    4.455   69.472    1.2817   1.0986   0.7324  -0.104   -0.3008
   0.9565]",118
686,3,"[[ 0.30291638 -0.29380134  0.33619866]
 [-0.28511565 -0.29746504  0.33253496]
 [-0.0128216  -0.30849138  0.32150862]
 [ 0.0128216   0.30849138 -0.32150862]
 [-0.30291638  0.29380134 -0.33619866]
 [ 0.28511565  0.29746504 -0.33253496]]","[1850. 2239.  932. 2039. 2249.  922. 2233. 2241.  930. 2245. 2239.  932.
 2056. 2249.  922. 1862. 2241.  930.]","[1854. 2216.  951. 2055. 2220.  932. 2237. 2241.  929. 2243. 2227.  944.
 2039. 2229.  927. 1852. 2240.  931.]","[-1.7292e+01  4.5040e+00  6.9494e+01  1.2207e+00  9.7660e-01  1.1597e+00
 -5.0800e-02 -2.8660e-01  9.6240e-01]",118
687,3,"[[ 0.30271196 -0.29397174  0.33602826]
 [-0.2807011  -0.29715392  0.33284608]
 [-0.02021256 -0.30858842  0.32141158]
 [ 0.02021256  0.30858842 -0.32141158]
 [-0.30271196  0.29397174 -0.33602826]
 [ 0.2807011   0.29715392 -0.33284608]]","[1850. 2239.  932. 2034. 2249.  922. 2230. 2241.  930. 2245. 2239.  932.
 2061. 2249.  922. 1865. 2241.  930.]","[1854. 2218.  949. 2051. 2222.  932. 2236. 2241.  928. 2243. 2229.  942.
 2044. 2228.  927. 1854. 2239.  931.]","[-1.7249e+01  4.5540e+00  6.9516e+01  1.3428e+00  9.1550e-01  4.2720e-01
 -2.6400e-02 -2.8710e-01  9.5610e-01]",118
688,3,"[[ 0.30238383 -0.2941451   0.3358549 ]
 [-0.27581527 -0.29684539  0.33315461]
 [-0.02758356 -0.30868168  0.32131832]
 [ 0.02758356  0.30868168 -0.32131832]
 [-0.30238383  0.2941451  -0.3358549 ]
 [ 0.27581527  0.29684539 -0.33315461]]","[1850. 2239.  932. 2030. 2249.  922. 2227. 2241.  930. 2245. 2239.  932.
 2065. 2249.  922. 1868. 2241.  930.]","[1854. 2218.  947. 2047. 2224.  931. 2234. 2241.  929. 2243. 2230.  940.
 2048. 2229.  927. 1856. 2239.  932.]","[-1.7194e+01  4.5760e+00  6.9516e+01  1.2817e+00  6.1040e-01 -4.8830e-01
 -4.4400e-02 -2.8660e-01  9.5070e-01]",118
689,3,"[[ 0.30193008 -0.29432133  0.33567867]
 [-0.27046804 -0.29653982  0.33346018]
 [-0.03492975 -0.30877107  0.32122893]
 [ 0.03492975  0.30877107 -0.32122893]
 [-0.30193008  0.29432133 -0.33567867]
 [ 0.27046804  0.29653982 -0.33346018]]","[1851. 2239.  932. 2025. 2249.  922. 2224. 2241.  930. 2244. 2239.  932.
 2070. 2249.  922. 1871. 2241.  930.]","[1853. 2218.  946. 2043. 2225.  932. 2233. 2241.  929. 2244. 2230.  940.
 2052. 2229.  927. 1858. 2239.  932.]","[-17.15     4.581   69.483    1.0986   0.1831  -0.9766  -0.0806  -0.2905
   0.9395]",118
690,3,"[[ 0.30135021 -0.29450034  0.33549966]
 [-0.26467176 -0.2962376   0.3337624 ]
 [-0.04224676 -0.30885656  0.32114344]
 [ 0.04224676  0.30885656 -0.32114344]
 [-0.30135021  0.29450034 -0.33549966]
 [ 0.26467176  0.2962376  -0.3337624 ]]","[1851. 2239.  931. 2020. 2249.  922. 2220. 2241.  930. 2244. 2239.  931.
 2075. 2249.  922. 1875. 2241.  930.]","[1853. 2218.  945. 2039. 2226.  932. 2230. 2241.  928. 2244. 2231.  939.
 2057. 2229.  927. 1860. 2239.  931.]","[-17.117    4.565   69.45     0.8545   0.      -0.8545  -0.1006  -0.293
   0.9321]",118
691,3,"[[ 0.30064432 -0.29468204  0.33531796]
 [-0.25844042 -0.2959391   0.3340609 ]
 [-0.04953035 -0.30893809  0.32106191]
 [ 0.04953035  0.30893809 -0.32106191]
 [-0.30064432  0.29468204 -0.33531796]
 [ 0.25844042  0.2959391  -0.3340609 ]]","[1852. 2240.  931. 2015. 2249.  922. 2216. 2240.  931. 2243. 2240.  931.
 2080. 2249.  922. 1879. 2240.  931.]","[1854. 2219.  945. 2035. 2226.  932. 2228. 2241.  928. 2244. 2232.  939.
 2061. 2229.  928. 1863. 2239.  932.]","[-17.089    4.548   69.417    0.5493   0.      -0.6714  -0.1138  -0.29
   0.9307]",118
692,3,"[[ 0.29981266 -0.29486633  0.33513367]
 [-0.25178905 -0.2956447   0.3343553 ]
 [-0.0567763  -0.30901559  0.32098441]
 [ 0.0567763   0.30901559 -0.32098441]
 [-0.29981266  0.29486633 -0.33513367]
 [ 0.25178905  0.2956447  -0.3343553 ]]","[1852. 2240.  931. 2010. 2249.  922. 2212. 2240.  931. 2243. 2240.  931.
 2085. 2249.  922. 1883. 2240.  931.]","[1854. 2219.  943. 2030. 2226.  932. 2224. 2240.  929. 2243. 2232.  939.
 2065. 2229.  927. 1865. 2238.  932.]","[-17.078    4.548   69.401    0.2441   0.1221  -0.2441  -0.1152  -0.2964
   0.9395]",118
693,3,"[[ 0.29885559 -0.29505311  0.33494689]
 [-0.24473343 -0.29535476  0.33464524]
 [-0.06398048 -0.30908903  0.32091097]
 [ 0.06398048  0.30908903 -0.32091097]
 [-0.29885559  0.29505311 -0.33494689]
 [ 0.24473343  0.29535476 -0.33464524]]","[1853. 2240.  931. 2006. 2249.  922. 2207. 2240.  931. 2242. 2240.  931.
 2089. 2249.  922. 1888. 2240.  931.]","[1855. 2220.  943. 2025. 2225.  932. 2219. 2241.  930. 2243. 2232.  938.
 2069. 2228.  928. 1869. 2238.  932.]","[-17.067    4.559   69.395    0.1221   0.1831   0.1221  -0.0967  -0.2944
   0.9512]",118
694,3,"[[ 0.2977735  -0.29524228  0.33475772]
 [-0.23728991 -0.29506968  0.33493032]
 [-0.0711388  -0.30915834  0.32084166]
 [ 0.0711388   0.30915834 -0.32084166]
 [-0.2977735   0.29524228 -0.33475772]
 [ 0.23728991  0.29506968 -0.33493032]]","[1853. 2240.  931. 2001. 2249.  922. 2202. 2240.  931. 2242. 2240.  931.
 2094. 2249.  922. 1893. 2240.  931.]","[1855. 2221.  943. 2020. 2226.  931. 2214. 2240.  930. 2242. 2233.  937.
 2074. 2229.  927. 1875. 2238.  932.]","[-1.7062e+01  4.5760e+00  6.9395e+01  1.8310e-01  2.4410e-01  6.1000e-02
 -5.9600e-02 -2.9390e-01  9.4920e-01]",118
695,3,"[[ 0.29656685 -0.29543373  0.33456627]
 [-0.22947532 -0.2947898   0.3352102 ]
 [-0.07824722 -0.3092235   0.3207765 ]
 [ 0.07824722  0.3092235  -0.3207765 ]
 [-0.29656685  0.29543373 -0.33456627]
 [ 0.22947532  0.2947898  -0.3352102 ]]","[1854. 2240.  931. 1996. 2249.  922. 2197. 2240.  931. 2241. 2240.  931.
 2099. 2249.  922. 1898. 2240.  931.]","[1855. 2221.  942. 2017. 2226.  931. 2211. 2241.  931. 2242. 2233.  937.
 2077. 2229.  927. 1878. 2238.  932.]","[-1.7056e+01  4.5870e+00  6.9390e+01  1.8310e-01  2.4410e-01 -1.8310e-01
 -5.9600e-02 -2.9980e-01  9.6830e-01]",118
696,3,"[[ 0.29523614 -0.29562737  0.33437263]
 [-0.22130694 -0.29451549  0.33548451]
 [-0.08530175 -0.30928444  0.32071556]
 [ 0.08530175  0.30928444 -0.32071556]
 [-0.29523614  0.29562737 -0.33437263]
 [ 0.22130694  0.29451549 -0.33548451]]","[1855. 2240.  931. 1992. 2249.  922. 2192. 2239.  931. 2240. 2240.  931.
 2103. 2249.  922. 1903. 2239.  931.]","[1856. 2222.  942. 2014. 2226.  932. 2206. 2240.  933. 2242. 2233.  937.
 2082. 2229.  928. 1882. 2238.  932.]","[-1.7045e+01  4.5920e+00  6.9373e+01  3.0520e-01  3.0520e-01 -3.6620e-01
 -6.1500e-02 -2.8710e-01  9.4920e-01]",118
697,3,"[[ 0.29378193 -0.2958231   0.3341769 ]
 [-0.21280238 -0.29424711  0.33575289]
 [-0.09229848 -0.30934113  0.32065887]
 [ 0.09229848  0.30934113 -0.32065887]
 [-0.29378193  0.2958231  -0.3341769 ]
 [ 0.21280238  0.29424711 -0.33575289]]","[1856. 2240.  931. 1987. 2249.  922. 2186. 2239.  932. 2239. 2240.  931.
 2108. 2249.  922. 1909. 2239.  932.]","[1856. 2222.  941. 2009. 2226.  932. 2202. 2240.  932. 2240. 2233.  936.
 2087. 2229.  927. 1887. 2237.  932.]","[-1.7034e+01  4.5980e+00  6.9357e+01  3.0520e-01  1.8310e-01 -4.8830e-01
 -6.7900e-02 -2.8910e-01  9.5210e-01]",118
698,3,"[[ 0.29220483 -0.2960208   0.3339792 ]
 [-0.20397956 -0.29398502  0.33601498]
 [-0.09923352 -0.30939353  0.32060647]
 [ 0.09923352  0.30939353 -0.32060647]
 [-0.29220483  0.2960208  -0.3339792 ]
 [ 0.20397956  0.29398502 -0.33601498]]","[1857. 2240.  930. 1983. 2249.  922. 2180. 2239.  932. 2238. 2240.  930.
 2112. 2249.  922. 1915. 2239.  932.]","[1857. 2222.  940. 2005. 2226.  931. 2197. 2240.  933. 2239. 2233.  936.
 2091. 2229.  927. 1892. 2237.  932.]","[-17.023    4.592   69.335    0.2441   0.1221  -0.4883  -0.0854  -0.2837
   0.9448]",118
699,3,"[[ 0.29050549 -0.29622038  0.33377962]
 [-0.19485666 -0.29372955  0.33627045]
 [-0.10610306 -0.3094416   0.3205584 ]
 [ 0.10610306  0.3094416  -0.3205584 ]
 [-0.29050549  0.29622038 -0.33377962]
 [ 0.19485666  0.29372955 -0.33627045]]","[1858. 2241.  930. 1978. 2249.  922. 2175. 2239.  932. 2237. 2241.  930.
 2117. 2249.  922. 1920. 2239.  932.]","[1858. 2223.  939. 2001. 2225.  932. 2191. 2240.  932. 2239. 2233.  935.
 2095. 2229.  927. 1898. 2237.  932.]","[-17.012    4.598   69.313    0.1831   0.2441  -0.3052  -0.1206  -0.2949
   0.9409]",118
700,3,"[[ 0.28868464 -0.29642173  0.33357827]
 [-0.18545207 -0.29348105  0.33651895]
 [-0.11290335 -0.3094853   0.3205147 ]
 [ 0.11290335  0.3094853  -0.3205147 ]
 [-0.28868464  0.29642173 -0.33357827]
 [ 0.18545207  0.29348105 -0.33651895]]","[1859. 2241.  930. 1974. 2249.  922. 2168. 2239.  932. 2236. 2241.  930.
 2121. 2249.  922. 1927. 2239.  932.]","[1859. 2223.  938. 1997. 2226.  932. 2186. 2239.  932. 2237. 2233.  935.
 2099. 2228.  927. 1904. 2238.  932.]","[-1.7001e+01  4.6030e+00  6.9307e+01  6.1000e-02  0.0000e+00  1.2210e-01
 -6.2500e-02 -2.9590e-01  9.5460e-01]",118
701,3,"[[ 0.28674302 -0.29662474  0.33337526]
 [-0.17578435 -0.28141004  0.34858996]
 [-0.1196307  -0.30952461  0.32047539]
 [ 0.1196307   0.30952461 -0.32047539]
 [-0.28674302  0.29662474 -0.33337526]
 [ 0.17578435  0.28141004 -0.34858996]]","[1861. 2241.  930. 1970. 2249.  922. 2162. 2231.  940. 2234. 2241.  930.
 2125. 2249.  922. 1933. 2231.  940.]","[1861. 2223.  938. 1992. 2226.  931. 2179. 2239.  933. 2236. 2233.  935.
 2104. 2229.  927. 1911. 2237.  933.]","[-1.6996e+01  4.6090e+00  6.9313e+01  6.1000e-02  6.1000e-02  0.0000e+00
 -7.6700e-02 -2.9100e-01  9.5020e-01]",118
702,3,"[[ 0.28468145 -0.29682932  0.33317068]
 [-0.16587217 -0.26583838  0.36416162]
 [-0.12628147 -0.30955948  0.32044052]
 [ 0.12628147  0.30955948 -0.32044052]
 [-0.28468145  0.29682932 -0.33317068]
 [ 0.16587217  0.26583838 -0.36416162]]","[1862. 2241.  930. 1965. 2249.  922. 2156. 2221.  950. 2233. 2241.  930.
 2130. 2249.  922. 1939. 2221.  950.]","[1862. 2223.  937. 1989. 2225.  932. 2175. 2239.  934. 2235. 2233.  934.
 2107. 2229.  927. 1916. 2235.  935.]","[-16.99     4.609   69.302    0.1221   0.1221  -0.2441  -0.0703  -0.292
   0.9585]",118
703,3,"[[ 0.2825008  -0.29703536  0.33296464]
 [-0.15573428 -0.25079604  0.37920396]
 [-0.1328521  -0.30958989  0.32041011]
 [ 0.1328521   0.30958989 -0.32041011]
 [-0.2825008   0.29703536 -0.33296464]
 [ 0.15573428  0.25079604 -0.37920396]]","[1863. 2241.  930. 1961. 2249.  922. 2149. 2211.  960. 2232. 2241.  930.
 2134. 2249.  922. 1946. 2211.  960.]","[1863. 2223.  937. 1985. 2226.  932. 2168. 2236.  936. 2234. 2233.  934.
 2112. 2229.  927. 1922. 2230.  938.]","[-16.985    4.609   69.285    0.1831   0.1831  -0.7324  -0.0732  -0.2954
   0.9561]",118
704,3,"[[ 0.28020197 -0.29724274  0.33275726]
 [-0.14538948 -0.23630347  0.39369653]
 [-0.1393391  -0.30961582  0.32038418]
 [ 0.1393391   0.30961582 -0.32038418]
 [-0.28020197  0.29724274 -0.33275726]
 [ 0.14538948  0.23630347 -0.39369653]]","[1865. 2241.  930. 1957. 2249.  922. 2142. 2202.  969. 2230. 2241.  930.
 2138. 2249.  922. 1953. 2202.  969.]","[1865. 2224.  936. 1980. 2226.  932. 2162. 2228.  943. 2232. 2233.  934.
 2117. 2228.  927. 1928. 2223.  944.]","[-16.974    4.609   69.252    0.4883   0.1831  -0.6104  -0.0938  -0.2764
   0.9419]",118
705,3,"[[ 0.27778593 -0.29745136  0.33254864]
 [-0.13485655 -0.22238048  0.40761952]
 [-0.14573902 -0.30963724  0.32036276]
 [ 0.14573902  0.30963724 -0.32036276]
 [-0.27778593  0.29745136 -0.33254864]
 [ 0.13485655  0.22238048 -0.40761952]]","[1866. 2241.  930. 1952. 2249.  922. 2135. 2192.  978. 2229. 2241.  930.
 2143. 2249.  922. 1960. 2192.  978.]","[1866. 2225.  936. 1976. 2226.  932. 2155. 2220.  952. 2230. 2233.  933.
 2122. 2229.  927. 1937. 2219.  952.]","[-16.941    4.614   69.23     0.9155   0.3662  -0.4883  -0.0928  -0.2979
   0.9614]",118
706,3,"[[ 0.27525369 -0.29766112  0.33233888]
 [-0.12415426 -0.2090462   0.4209538 ]
 [-0.1520485  -0.30965412  0.32034588]
 [ 0.1520485   0.30965412 -0.32034588]
 [-0.27525369  0.29766112 -0.33233888]
 [ 0.12415426  0.2090462  -0.4209538 ]]","[1868. 2242.  929. 1948. 2249.  922. 2128. 2184.  987. 2227. 2242.  929.
 2147. 2249.  922. 1967. 2184.  987.]","[1867. 2226.  936. 1972. 2226.  932. 2148. 2210.  961. 2229. 2233.  933.
 2126. 2229.  927. 1944. 2211.  960.]","[-1.6902e+01  4.6250e+00  6.9214e+01  9.1550e-01  3.0520e-01 -6.1000e-02
 -6.1500e-02 -2.7980e-01  9.4820e-01]",118
707,3,"[[ 0.2726063  -0.29787192  0.33212808]
 [-0.11330127 -0.19631904  0.43368096]
 [-0.15826425 -0.30966646  0.32033354]
 [ 0.15826425  0.30966646 -0.32033354]
 [-0.2726063   0.29787192 -0.33212808]
 [ 0.11330127  0.19631904 -0.43368096]]","[1870. 2242.  929. 1944. 2249.  922. 2121. 2175.  995. 2225. 2242.  929.
 2151. 2249.  922. 1974. 2175.  995.]","[1869. 2228.  936. 1967. 2226.  932. 2139. 2199.  971. 2226. 2233.  931.
 2133. 2229.  927. 1954. 2200.  972.]","[-16.864    4.631   69.203    0.9155   0.1831  -0.3052  -0.0708  -0.2876
   0.9707]",118
708,3,"[[ 0.26984488 -0.29808363  0.33191637]
 [-0.10231615 -0.18421668  0.44578332]
 [-0.16438304 -0.30967427  0.32032573]
 [ 0.16438304  0.30967427 -0.32032573]
 [-0.26984488  0.29808363 -0.33191637]
 [ 0.10231615  0.18421668 -0.44578332]]","[1872. 2242.  929. 1940. 2249.  922. 2114. 2168. 1003. 2223. 2242.  929.
 2155. 2249.  922. 1981. 2168. 1003.]","[1870. 2229.  935. 1962. 2226.  932. 2132. 2191.  980. 2225. 2233.  930.
 2138. 2228.  927. 1964. 2192.  981.]","[-1.6820e+01  4.6530e+00  6.9197e+01  1.0986e+00  6.7140e-01  1.2210e-01
 -6.8400e-02 -2.9490e-01  9.5070e-01]",118
709,3,"[[ 0.26697059 -0.29829616  0.33170384]
 [-0.09121733 -0.17275604  0.45724396]
 [-0.17040171 -0.30967766  0.32032234]
 [ 0.17040171  0.30967766 -0.32032234]
 [-0.26697059  0.29829616 -0.33170384]
 [ 0.09121733  0.17275604 -0.45724396]]","[1873. 2242.  929. 1936. 2249.  922. 2107. 2160. 1011. 2222. 2242.  929.
 2159. 2249.  922. 1988. 2160. 1011.]","[1871. 2229.  935. 1959. 2226.  931. 2127. 2185.  986. 2223. 2232.  930.
 2142. 2228.  928. 1971. 2186.  987.]","[-1.6771e+01  4.6690e+00  6.9186e+01  1.2207e+00  4.2720e-01 -6.1000e-02
 -6.7400e-02 -2.9200e-01  9.5410e-01]",118
710,3,"[[ 0.26398461 -0.2985094   0.3314906 ]
 [-0.08002308 -0.1619532   0.4680468 ]
 [-0.1763172  -0.30967602  0.32032398]
 [ 0.1763172   0.30967602 -0.32032398]
 [-0.26398461  0.2985094  -0.3314906 ]
 [ 0.08002308  0.1619532  -0.4680468 ]]","[1875. 2242.  929. 1933. 2249.  922. 2100. 2153. 1018. 2220. 2242.  929.
 2162. 2249.  922. 1995. 2153. 1018.]","[1873. 2229.  935. 1955. 2227.  932. 2120. 2177.  995. 2221. 2233.  930.
 2144. 2229.  927. 1978. 2178.  995.]","[-16.738    4.68    69.175    0.6104   0.3662  -0.1831  -0.0903  -0.3047
   0.9312]",118
711,3,"[[ 0.2608882  -0.29872323  0.33127677]
 [-0.06875143 -0.15182343  0.47817657]
 [-0.18212649 -0.30966335  0.32033665]
 [ 0.18212649  0.30966335 -0.32033665]
 [-0.2608882   0.29872323 -0.33127677]
 [ 0.06875143  0.15182343 -0.47817657]]","[1877. 2242.  929. 1929. 2249.  922. 2092. 2146. 1024. 2218. 2242.  929.
 2166. 2249.  922. 2003. 2146. 1024.]","[1875. 2229.  934. 1952. 2227.  932. 2113. 2169. 1003. 2219. 2233.  930.
 2149. 2228.  927. 1985. 2171. 1003.]","[-1.6738e+01  4.6800e+00  6.9159e+01  0.0000e+00  6.1000e-02 -4.8830e-01
 -1.0210e-01 -2.9980e-01  9.5120e-01]",118
712,3,"[[ 0.25768267 -0.29893757  0.33106243]
 [-0.05742023 -0.14238113  0.48761887]
 [-0.18782665 -0.30963487  0.32036513]
 [ 0.18782665  0.30963487 -0.32036513]
 [-0.25768267  0.29893757 -0.33106243]
 [ 0.05742023  0.14238113 -0.48761887]]","[1880. 2242.  929. 1925. 2249.  922. 2085. 2140. 1031. 2215. 2242.  929.
 2170. 2249.  922. 2010. 2140. 1031.]","[1877. 2229.  933. 1948. 2227.  932. 2106. 2161. 1011. 2217. 2233.  930.
 2152. 2228.  927. 1990. 2164. 1010.]","[-16.743    4.68    69.131    0.       0.1221  -0.6104  -0.0928  -0.3032
   0.938 ]",118
713,3,"[[ 0.25436934 -0.29915229  0.33084771]
 [-0.04604705 -0.13363983  0.49636017]
 [-0.19341483 -0.30959233  0.32040767]
 [ 0.19341483  0.30959233 -0.32040767]
 [-0.25436934  0.29915229 -0.33084771]
 [ 0.04604705  0.13363983 -0.49636017]]","[1882. 2243.  928. 1921. 2249.  922. 2078. 2135. 1036. 2213. 2243.  928.
 2174. 2249.  922. 2017. 2135. 1036.]","[1879. 2229.  933. 1944. 2227.  932. 2099. 2154. 1018. 2215. 2232.  930.
 2156. 2228.  928. 1994. 2155. 1018.]","[-1.6743e+01  4.6860e+00  6.9104e+01  6.1000e-02  2.4410e-01 -7.3240e-01
 -8.2500e-02 -3.1300e-01  9.3900e-01]",118
714,3,"[[ 0.2509496  -0.29936729  0.33063271]
 [-0.03464918 -0.12561212  0.50438788]
 [-0.19888825 -0.30953643  0.32046357]
 [ 0.19888825  0.30953643 -0.32046357]
 [-0.2509496   0.29936729 -0.33063271]
 [ 0.03464918  0.12561212 -0.50438788]]","[1884. 2243.  928. 1918. 2249.  922. 2070. 2129. 1042. 2211. 2243.  928.
 2177. 2249.  922. 2025. 2129. 1042.]","[1882. 2229.  933. 1940. 2227.  931. 2090. 2146. 1026. 2213. 2233.  929.
 2160. 2229.  928. 2003. 2148. 1026.]","[-16.754    4.691   69.077    0.       0.2441  -0.6104  -0.0811  -0.3125
   0.9541]",118
715,3,"[[ 0.24742489 -0.29958247  0.33041753]
 [-0.02324362 -0.11830968  0.51169032]
 [-0.20424422 -0.30946743  0.32053257]
 [ 0.20424422  0.30946743 -0.32053257]
 [-0.24742489  0.29958247 -0.33041753]
 [ 0.02324362  0.11830968 -0.51169032]]","[1886. 2243.  928. 1914. 2249.  922. 2063. 2125. 1046. 2209. 2243.  928.
 2181. 2249.  922. 2032. 2125. 1046.]","[1884. 2229.  932. 1937. 2227.  931. 2084. 2142. 1030. 2211. 2233.  929.
 2163. 2229.  927. 2009. 2143. 1030.]","[-1.6760e+01  4.6910e+00  6.9055e+01  1.2210e-01  1.2210e-01 -4.8830e-01
 -6.7900e-02 -2.9980e-01  9.4820e-01]",118
716,3,"[[ 0.24379668 -0.29979771  0.33020229]
 [-0.01184706 -0.11174322  0.51825678]
 [-0.20948011 -0.30938555  0.32061445]
 [ 0.20948011  0.30938555 -0.32061445]
 [-0.24379668  0.29979771 -0.33020229]
 [ 0.01184706  0.11174322 -0.51825678]]","[1889. 2243.  928. 1911. 2249.  922. 2055. 2120. 1051. 2206. 2243.  928.
 2184. 2249.  922. 2040. 2120. 1051.]","[1886. 2229.  932. 1932. 2227.  931. 2073. 2135. 1038. 2207. 2233.  929.
 2168. 2228.  927. 2020. 2136. 1038.]","[-16.754    4.691   69.033    0.3052   0.1221  -0.4883  -0.0781  -0.3018
   0.9497]",118
717,3,"[[ 0.24098513 -0.29996175  0.33003825]
 [-0.00324466 -0.10728148  0.52271852]
 [-0.21335832 -0.3093148   0.3206852 ]
 [ 0.21335832  0.3093148  -0.3206852 ]
 [-0.24098513  0.29996175 -0.33003825]
 [ 0.00324466  0.10728148 -0.52271852]]","[1890. 2243.  928. 1908. 2249.  922. 2050. 2117. 1054. 2205. 2243.  928.
 2187. 2249.  922. 2045. 2117. 1054.]","[1889. 2229.  932. 1929. 2227.  931. 2069. 2131. 1041. 2206. 2232.  929.
 2170. 2229.  927. 2026. 2133. 1041.]","[-16.754    4.691   69.016    0.1831   0.1221  -0.3662  -0.0869  -0.2881
   0.9521]",118
718,3,"[[ 0.23717884 -0.30017685  0.32982315]
 [ 0.00809677 -0.10202922  0.52797078]
 [-0.21837723 -0.30921081  0.32078919]
 [ 0.21837723  0.30921081 -0.32078919]
 [-0.23717884  0.30017685 -0.32982315]
 [-0.00809677  0.10202922 -0.52797078]]","[1893. 2243.  928. 1905. 2249.  922. 2042. 2114. 1057. 2202. 2243.  928.
 2190. 2249.  922. 2053. 2114. 1057.]","[1890. 2229.  931. 1926. 2228.  931. 2062. 2127. 1046. 2205. 2233.  929.
 2172. 2229.  927. 2033. 2129. 1046.]","[-16.754    4.697   69.       0.1221   0.1221  -0.3052  -0.085   -0.2729
   0.9526]",118
719,3,"[[ 0.23327334 -0.30039172  0.32960828]
 [ 0.01938505 -0.09753738  0.53246262]
 [-0.22326925 -0.3090946   0.3209054 ]
 [ 0.22326925  0.3090946  -0.3209054 ]
 [-0.23327334  0.30039172 -0.32960828]
 [-0.01938505  0.09753738 -0.53246262]]","[1895. 2243.  928. 1902. 2249.  922. 2035. 2111. 1060. 2200. 2243.  928.
 2193. 2249.  922. 2060. 2111. 1060.]","[1893. 2229.  931. 1923. 2228.  931. 2055. 2122. 1050. 2202. 2233.  929.
 2176. 2229.  927. 2040. 2124. 1050.]","[-1.6749e+01  4.6970e+00  6.8983e+01  6.1000e-02  6.1000e-02 -3.6620e-01
 -8.1100e-02 -2.7640e-01  9.5650e-01]",118
720,3,"[[ 0.22927026 -0.30060627  0.32939373]
 [ 0.03060484 -0.09381295  0.53618705]
 [-0.22803207 -0.30896644  0.32103356]
 [ 0.22803207  0.30896644 -0.32103356]
 [-0.22927026  0.30060627 -0.32939373]
 [-0.03060484  0.09381295 -0.53618705]]","[1898. 2243.  928. 1899. 2249.  922. 2028. 2109. 1062. 2197. 2243.  928.
 2196. 2249.  922. 2067. 2109. 1062.]","[1895. 2229.  931. 1920. 2228.  932. 2048. 2119. 1053. 2200. 2233.  929.
 2179. 2228.  927. 2047. 2120. 1053.]","[-16.749    4.697   68.967    0.       0.1221  -0.4272  -0.0703  -0.2817
   0.9497]",118
721,3,"[[ 0.22517127 -0.30082039  0.32917961]
 [ 0.04174122 -0.09086186  0.53913814]
 [-0.23266345 -0.30882661  0.32117339]
 [ 0.23266345  0.30882661 -0.32117339]
 [-0.22517127  0.30082039 -0.32917961]
 [-0.04174122  0.09086186 -0.53913814]]","[1901. 2244.  927. 1896. 2249.  922. 2020. 2107. 1064. 2194. 2244.  927.
 2199. 2249.  922. 2075. 2107. 1064.]","[1899. 2229.  931. 1916. 2228.  931. 2039. 2115. 1058. 2197. 2232.  928.
 2184. 2229.  927. 2056. 2116. 1057.]","[-16.754    4.691   68.939   -0.1221   0.1221  -0.6714  -0.0796  -0.2876
   0.9546]",118
722,3,"[[ 0.22097809 -0.30103396  0.32896604]
 [ 0.05277969 -0.08868901  0.54131099]
 [-0.23716124 -0.30867539  0.32132461]
 [ 0.23716124  0.30867539 -0.32132461]
 [-0.22097809  0.30103396 -0.32896604]
 [-0.05277969  0.08868901 -0.54131099]]","[1903. 2244.  927. 1893. 2249.  922. 2013. 2105. 1066. 2192. 2244.  927.
 2202. 2249.  922. 2082. 2105. 1066.]","[1900. 2229.  930. 1914. 2228.  932. 2034. 2113. 1059. 2195. 2233.  928.
 2186. 2229.  927. 2061. 2114. 1059.]","[-16.76     4.691   68.923    0.       0.1221  -0.4272  -0.0801  -0.2954
   0.9492]",118
723,3,"[[ 0.21669247 -0.3012469   0.3287531 ]
 [ 0.06370614 -0.08729848  0.54270152]
 [-0.24152337 -0.30851309  0.32148691]
 [ 0.24152337  0.30851309 -0.32148691]
 [-0.21669247  0.3012469  -0.3287531 ]
 [-0.06370614  0.08729848 -0.54270152]]","[1906. 2244.  927. 1890. 2249.  922. 2006. 2104. 1067. 2189. 2244.  927.
 2205. 2249.  922. 2089. 2104. 1067.]","[1902. 2229.  931. 1911. 2228.  931. 2026. 2111. 1062. 2192. 2233.  927.
 2189. 2228.  927. 2069. 2113. 1061.]","[-1.6760e+01  4.6910e+00  6.8901e+01  0.0000e+00  6.1000e-02 -4.2720e-01
 -7.5700e-02 -2.9740e-01  9.5260e-01]",118
724,3,"[[ 0.21231621 -0.3014591   0.3285409 ]
 [ 0.0745069  -0.08669711  0.54330289]
 [-0.24574786 -0.30834002  0.32165998]
 [ 0.24574786  0.30834002 -0.32165998]
 [-0.21231621  0.3014591  -0.3285409 ]
 [-0.0745069   0.08669711 -0.54330289]]","[1909. 2244.  927. 1887. 2249.  922. 1999. 2104. 1067. 2186. 2244.  927.
 2208. 2249.  922. 2096. 2104. 1067.]","[1905. 2229.  930. 1909. 2228.  932. 2019. 2108. 1064. 2190. 2232.  927.
 2192. 2228.  927. 2076. 2110. 1064.]","[-1.676e+01  4.691e+00  6.889e+01  6.100e-02  6.100e-02 -3.052e-01
 -8.640e-02 -2.939e-01  9.487e-01]",118
725,3,"[[ 0.20785113 -0.30167046  0.32832954]
 [ 0.08516876 -0.08689716  0.54310284]
 [-0.2498328  -0.30815651  0.32184349]
 [ 0.2498328   0.30815651 -0.32184349]
 [-0.20785113  0.30167046 -0.32832954]
 [-0.08516876  0.08689716 -0.54310284]]","[1912. 2244.  927. 1885. 2248.  923. 1992. 2104. 1067. 2183. 2244.  927.
 2210. 2248.  923. 2103. 2104. 1067.]","[1909. 2229.  930. 1904. 2227.  931. 2009. 2107. 1066. 2186. 2232.  927.
 2196. 2229.  927. 2086. 2108. 1065.]","[-1.6760e+01  4.6910e+00  6.8879e+01  0.0000e+00  6.1000e-02 -3.0520e-01
 -8.5400e-02 -2.8910e-01  9.5170e-01]",118
726,3,"[[ 0.2032991  -0.30188087  0.32811913]
 [ 0.09567892 -0.0874837   0.5425163 ]
 [-0.25377637 -0.30796287  0.32203713]
 [ 0.25377637  0.30796287 -0.32203713]
 [-0.2032991   0.30188087 -0.32811913]
 [-0.09567892  0.0874837  -0.5425163 ]]","[1915. 2244.  927. 1882. 2248.  923. 1985. 2105. 1066. 2180. 2244.  927.
 2213. 2248.  923. 2110. 2105. 1066.]","[1912. 2229.  929. 1902. 2228.  932. 2002. 2106. 1066. 2183. 2232.  927.
 2199. 2228.  928. 2093. 2108. 1065.]","[-16.76     4.691   68.862    0.       0.1221  -0.3052  -0.084   -0.293
   0.9546]",118
727,3,"[[ 0.19866203 -0.30209023  0.32790977]
 [ 0.10602505 -0.08814839  0.54185161]
 [-0.25757685 -0.30775946  0.32224054]
 [ 0.25757685  0.30775946 -0.32224054]
 [-0.19866203  0.30209023 -0.32790977]
 [-0.10602505  0.08814839 -0.54185161]]","[1918. 2244.  927. 1880. 2248.  923. 1978. 2105. 1066. 2177. 2244.  927.
 2215. 2248.  923. 2117. 2105. 1066.]","[1913. 2229.  929. 1900. 2228.  932. 1998. 2107. 1066. 2182. 2232.  927.
 2201. 2228.  927. 2097. 2108. 1066.]","[-16.76     4.691   68.84     0.       0.1221  -0.5493  -0.0835  -0.292
   0.9473]",118
728,3,"[[ 0.19394186 -0.30229845  0.32770155]
 [ 0.11619527 -0.08902122  0.54097878]
 [-0.26123258 -0.30754662  0.32245338]
 [ 0.26123258  0.30754662 -0.32245338]
 [-0.19394186  0.30229845 -0.32770155]
 [-0.11619527  0.08902122 -0.54097878]]","[1921. 2245.  926. 1877. 2248.  923. 1972. 2106. 1065. 2174. 2245.  926.
 2218. 2248.  923. 2123. 2106. 1065.]","[1918. 2229.  929. 1896. 2227.  931. 1989. 2107. 1066. 2178. 2232.  927.
 2205. 2229.  928. 2107. 2108. 1065.]","[-16.76     4.697   68.813    0.       0.1831  -0.5493  -0.0859  -0.2876
   0.9487]",118
729,3,"[[ 0.18914056 -0.30250543  0.32749457]
 [ 0.12617817 -0.09013791  0.53986209]
 [-0.26474201 -0.30732471  0.32267529]
 [ 0.26474201  0.30732471 -0.32267529]
 [-0.18914056  0.30250543 -0.32749457]
 [-0.12617817  0.09013791 -0.53986209]]","[1924. 2245.  926. 1875. 2248.  923. 1965. 2106. 1065. 2171. 2245.  926.
 2220. 2248.  923. 2130. 2106. 1065.]","[1920. 2229.  929. 1894. 2228.  932. 1985. 2107. 1066. 2176. 2232.  927.
 2207. 2228.  927. 2111. 2108. 1065.]","[-1.6765e+01  4.6970e+00  6.8796e+01 -6.1000e-02  1.2210e-01 -4.2720e-01
 -8.3000e-02 -2.9300e-01  9.5170e-01]",118
730,3,"[[ 0.18426014 -0.30271106  0.32728894]
 [ 0.1359628  -0.09150854  0.53849146]
 [-0.26810365 -0.30709409  0.32290591]
 [ 0.26810365  0.30709409 -0.32290591]
 [-0.18426014  0.30271106 -0.32728894]
 [-0.1359628   0.09150854 -0.53849146]]","[1927. 2245.  926. 1873. 2248.  923. 1959. 2107. 1064. 2168. 2245.  926.
 2222. 2248.  923. 2136. 2107. 1064.]","[1923. 2230.  928. 1892. 2227.  932. 1977. 2107. 1065. 2173. 2233.  927.
 2209. 2228.  927. 2118. 2108. 1065.]","[-1.6765e+01  4.6970e+00  6.8780e+01  0.0000e+00  6.1000e-02 -3.0520e-01
 -7.6200e-02 -2.9740e-01  9.4870e-01]",118
731,3,"[[ 0.17930264 -0.30291526  0.32708474]
 [ 0.14553865 -0.09313831  0.53686169]
 [-0.27131611 -0.30685512  0.32314488]
 [ 0.27131611  0.30685512 -0.32314488]
 [-0.17930264  0.30291526 -0.32708474]
 [-0.14553865  0.09313831 -0.53686169]]","[1931. 2245.  926. 1871. 2248.  923. 1953. 2108. 1063. 2164. 2245.  926.
 2224. 2248.  923. 2142. 2108. 1063.]","[1926. 2231.  928. 1890. 2227.  932. 1971. 2107. 1065. 2170. 2233.  927.
 2211. 2228.  927. 2124. 2108. 1065.]","[-16.765    4.697   68.763    0.       0.1221  -0.4272  -0.0703  -0.2925
   0.9497]",118
732,3,"[[ 0.17427013 -0.30311792  0.32688208]
 [ 0.15489571 -0.09503146  0.53496854]
 [-0.27437809 -0.30660818  0.32339182]
 [ 0.27437809  0.30660818 -0.32339182]
 [-0.17427013  0.30311792 -0.32688208]
 [-0.15489571  0.09503146 -0.53496854]]","[1934. 2245.  926. 1869. 2247.  924. 1947. 2109. 1062. 2161. 2245.  926.
 2226. 2247.  924. 2148. 2109. 1062.]","[1929. 2231.  929. 1886. 2227.  931. 1964. 2107. 1064. 2167. 2232.  926.
 2213. 2228.  927. 2131. 2108. 1064.]","[-1.6765e+01  4.7020e+00  6.8747e+01  6.1000e-02  1.8310e-01 -3.0520e-01
 -7.9100e-02 -2.9300e-01  9.6190e-01]",118
733,3,"[[ 0.16916473 -0.30331895  0.32668105]
 [ 0.16402443 -0.09719192  0.53280808]
 [-0.27728838 -0.30635364  0.32364636]
 [ 0.27728838  0.30635364 -0.32364636]
 [-0.16916473  0.30331895 -0.32668105]
 [-0.16402443  0.09719192 -0.53280808]]","[1937. 2245.  926. 1867. 2247.  924. 1941. 2111. 1060. 2158. 2245.  926.
 2228. 2247.  924. 2154. 2111. 1060.]","[1932. 2231.  929. 1884. 2228.  932. 1958. 2108. 1063. 2164. 2232.  926.
 2215. 2229.  928. 2137. 2109. 1063.]","[-16.76     4.713   68.736    0.1221   0.2441  -0.1831  -0.0732  -0.292
   0.9492]",118
734,3,"[[ 0.16398856 -0.30351826  0.32648174]
 [ 0.1729157  -0.09962339  0.53037661]
 [-0.28004582 -0.3060919   0.3239081 ]
 [ 0.28004582  0.3060919  -0.3239081 ]
 [-0.16398856  0.30351826 -0.32648174]
 [-0.1729157   0.09962339 -0.53037661]]","[1941. 2245.  926. 1865. 2247.  924. 1935. 2112. 1059. 2154. 2245.  926.
 2230. 2247.  924. 2160. 2112. 1059.]","[1935. 2231.  928. 1882. 2228.  931. 1952. 2109. 1062. 2161. 2233.  926.
 2218. 2228.  928. 2143. 2110. 1061.]","[-16.754    4.713   68.725    0.1221   0.1831  -0.2441  -0.0811  -0.293
   0.9492]",118
735,3,"[[ 0.15874379 -0.30371575  0.32628425]
 [ 0.18156092 -0.10232936  0.52767064]
 [-0.28264938 -0.30582332  0.32417668]
 [ 0.28264938  0.30582332 -0.32417668]
 [-0.15874379  0.30371575 -0.32628425]
 [-0.18156092  0.10232936 -0.52767064]]","[1944. 2245.  925. 1863. 2247.  924. 1929. 2114. 1057. 2151. 2245.  925.
 2232. 2247.  924. 2166. 2114. 1057.]","[1939. 2231.  928. 1880. 2228.  932. 1946. 2111. 1060. 2157. 2232.  926.
 2220. 2228.  927. 2149. 2111. 1060.]","[-1.6754e+01  4.7130e+00  6.8708e+01  6.1000e-02  1.2210e-01 -3.6620e-01
 -8.1500e-02 -2.9000e-01  9.4780e-01]",118
736,3,"[[ 0.15343262 -0.30391134  0.32608866]
 [ 0.18995191 -0.10531311  0.52468689]
 [-0.2850981  -0.30554831  0.32445169]
 [ 0.2850981   0.30554831 -0.32445169]
 [-0.15343262  0.30391134 -0.32608866]
 [-0.18995191  0.10531311 -0.52468689]]","[1947. 2246.  925. 1862. 2247.  924. 1924. 2116. 1055. 2148. 2246.  925.
 2233. 2247.  924. 2171. 2116. 1055.]","[1942. 2231.  929. 1879. 2228.  932. 1940. 2112. 1059. 2154. 2232.  926.
 2222. 2228.  928. 2155. 2113. 1058.]","[-16.76     4.713   68.687    0.       0.1221  -0.4272  -0.0859  -0.2905
   0.9546]",118
737,3,"[[ 0.14805727 -0.30410492  0.32589508]
 [ 0.19808099 -0.10857769  0.52142231]
 [-0.28739109 -0.30526726  0.32473274]
 [ 0.28739109  0.30526726 -0.32473274]
 [-0.14805727  0.30410492 -0.32589508]
 [-0.19808099  0.10857769 -0.52142231]]","[1951. 2246.  925. 1860. 2247.  924. 1918. 2118. 1053. 2144. 2246.  925.
 2235. 2247.  924. 2177. 2118. 1053.]","[1945. 2232.  928. 1876. 2227.  932. 1935. 2115. 1057. 2151. 2232.  926.
 2225. 2228.  927. 2161. 2114. 1057.]","[-16.76     4.713   68.67     0.       0.1221  -0.4883  -0.0801  -0.2881
   0.9458]",118
738,3,"[[ 0.14261998 -0.30429642  0.32570358]
 [ 0.2059409  -0.11212593  0.51787407]
 [-0.28952757 -0.30498055  0.32501945]
 [ 0.28952757  0.30498055 -0.32501945]
 [-0.14261998  0.30429642 -0.32570358]
 [-0.2059409   0.11212593 -0.51787407]]","[1955. 2246.  925. 1859. 2246.  925. 1913. 2121. 1050. 2140. 2246.  925.
 2236. 2246.  925. 2182. 2121. 1050.]","[1948. 2231.  928. 1875. 2228.  932. 1929. 2116. 1055. 2148. 2232.  926.
 2226. 2228.  928. 2167. 2116. 1055.]","[-1.6760e+01  4.7080e+00  6.8648e+01 -6.1000e-02  6.1000e-02 -4.8830e-01
 -8.4000e-02 -2.8960e-01  9.5120e-01]",118
739,3,"[[ 0.13712303 -0.30448574  0.32551426]
 [ 0.21352488 -0.11596041  0.51403959]
 [-0.29150683 -0.30468858  0.32531142]
 [ 0.29150683  0.30468858 -0.32531142]
 [-0.13712303  0.30448574 -0.32551426]
 [-0.21352488  0.11596041 -0.51403959]]","[1958. 2246.  925. 1857. 2246.  925. 1908. 2123. 1048. 2137. 2246.  925.
 2238. 2246.  925. 2187. 2123. 1048.]","[1952. 2231.  928. 1873. 2228.  932. 1923. 2118. 1053. 2144. 2232.  926.
 2228. 2228.  927. 2172. 2119. 1053.]","[-1.6765e+01  4.7080e+00  6.8632e+01 -6.1000e-02  6.1000e-02 -3.0520e-01
 -8.1100e-02 -2.9150e-01  9.4870e-01]",118
740,3,"[[ 0.13156872 -0.3046728   0.3253272 ]
 [ 0.22082657 -0.12008349  0.50991651]
 [-0.29332824 -0.30439175  0.32560825]
 [ 0.29332824  0.30439175 -0.32560825]
 [-0.13156872  0.3046728  -0.3253272 ]
 [-0.22082657  0.12008349 -0.50991651]]","[1962. 2246.  925. 1856. 2246.  925. 1904. 2126. 1045. 2133. 2246.  925.
 2239. 2246.  925. 2191. 2126. 1045.]","[1956. 2231.  928. 1871. 2227.  932. 1918. 2121. 1052. 2141. 2232.  926.
 2230. 2228.  928. 2177. 2120. 1051.]","[-1.6765e+01  4.7080e+00  6.8615e+01 -6.1000e-02  0.0000e+00 -3.0520e-01
 -7.7600e-02 -2.9350e-01  9.4820e-01]",118
741,3,"[[ 0.12595938 -0.30485751  0.32514249]
 [ 0.22784011 -0.12449726  0.50550274]
 [-0.29499128 -0.30409045  0.32590955]
 [ 0.29499128  0.30409045 -0.32590955]
 [-0.12595938  0.30485751 -0.32514249]
 [-0.22784011  0.12449726 -0.50550274]]","[1965. 2246.  925. 1855. 2246.  925. 1899. 2129. 1042. 2130. 2246.  925.
 2240. 2246.  925. 2196. 2129. 1042.]","[1959. 2231.  927. 1870. 2228.  932. 1913. 2123. 1048. 2137. 2232.  926.
 2232. 2228.  928. 2183. 2123. 1048.]","[-16.771    4.708   68.604   -0.1221   0.      -0.3662  -0.0781  -0.29
   0.9541]",118
742,3,"[[ 0.12029734 -0.30503978  0.32496022]
 [ 0.23456005 -0.12920358  0.50079642]
 [-0.29649548 -0.30378508  0.32621492]
 [ 0.29649548  0.30378508 -0.32621492]
 [-0.12029734  0.30503978 -0.32496022]
 [-0.23456005  0.12920358 -0.50079642]]","[1969. 2246.  925. 1854. 2246.  925. 1895. 2132. 1039. 2126. 2246.  925.
 2241. 2246.  925. 2200. 2132. 1039.]","[1962. 2231.  927. 1868. 2227.  932. 1908. 2126. 1045. 2134. 2232.  926.
 2234. 2228.  927. 2188. 2125. 1045.]","[-16.776    4.702   68.588    0.       0.1221  -0.4883  -0.0806  -0.2935
   0.9521]",118
743,3,"[[ 0.11458498 -0.30521954  0.32478046]
 [ 0.24098138 -0.13420404  0.49579596]
 [-0.29784049 -0.30347604  0.32652396]
 [ 0.29784049  0.30347604 -0.32652396]
 [-0.11458498  0.30521954 -0.32478046]
 [-0.24098138  0.13420404 -0.49579596]]","[1973. 2246.  924. 1853. 2245.  926. 1890. 2135. 1036. 2122. 2246.  924.
 2242. 2245.  926. 2205. 2135. 1036.]","[1965. 2232.  928. 1867. 2227.  932. 1903. 2129. 1043. 2132. 2233.  926.
 2235. 2228.  928. 2192. 2129. 1043.]","[-1.6776e+01  4.7020e+00  6.8571e+01 -6.1000e-02  6.1000e-02 -4.2720e-01
 -8.0600e-02 -2.9390e-01  9.4820e-01]",118
744,3,"[[ 0.10882469 -0.3053967   0.3246033 ]
 [ 0.24709954 -0.13949999  0.49050001]
 [-0.29902602 -0.30316371  0.32683629]
 [ 0.29902602  0.30316371 -0.32683629]
 [-0.10882469  0.3053967  -0.3246033 ]
 [-0.24709954  0.13949999 -0.49050001]]","[1977. 2247.  924. 1853. 2245.  926. 1886. 2138. 1033. 2118. 2247.  924.
 2242. 2245.  926. 2209. 2138. 1033.]","[1969. 2231.  927. 1865. 2227.  932. 1898. 2132. 1039. 2127. 2232.  926.
 2237. 2228.  928. 2197. 2132. 1040.]","[-1.6782e+01  4.7020e+00  6.8549e+01 -6.1000e-02  6.1000e-02 -4.2720e-01
 -7.9600e-02 -2.9740e-01  9.4730e-01]",118
745,3,"[[ 0.10301888 -0.30557118  0.32442882]
 [ 0.25291037 -0.14509249  0.48490751]
 [-0.30005186 -0.3028485   0.3271515 ]
 [ 0.30005186  0.3028485  -0.3271515 ]
 [-0.10301888  0.30557118 -0.32442882]
 [-0.25291037  0.14509249 -0.48490751]]","[1980. 2247.  924. 1852. 2245.  926. 1883. 2142. 1029. 2115. 2247.  924.
 2243. 2245.  926. 2212. 2142. 1029.]","[1973. 2232.  927. 1865. 2227.  932. 1894. 2134. 1037. 2124. 2233.  925.
 2238. 2228.  929. 2201. 2135. 1037.]","[-1.6787e+01  4.7020e+00  6.8533e+01 -6.1000e-02  6.1000e-02 -4.2720e-01
 -8.2000e-02 -2.9640e-01  9.5070e-01]",118
746,3,"[[ 0.09716997 -0.30574291  0.32425709]
 [ 0.25841015 -0.15098235  0.47901765]
 [-0.30091791 -0.30253079  0.32746921]
 [ 0.30091791  0.30253079 -0.32746921]
 [-0.09716997  0.30574291 -0.32425709]
 [-0.25841015  0.15098235 -0.47901765]]","[1984. 2247.  924. 1851. 2245.  926. 1879. 2146. 1025. 2111. 2247.  924.
 2244. 2245.  926. 2216. 2146. 1025.]","[1976. 2231.  927. 1864. 2227.  933. 1890. 2138. 1033. 2120. 2233.  925.
 2240. 2228.  930. 2205. 2138. 1034.]","[-16.793    4.697   68.516   -0.1221   0.      -0.3052  -0.0869  -0.2915
   0.9512]",118
747,3,"[[ 0.09128041 -0.3059118   0.3240882 ]
 [ 0.26359556 -0.1571701   0.4728299 ]
 [-0.30162415 -0.30221096  0.32778904]
 [ 0.30162415  0.30221096 -0.32778904]
 [-0.09128041  0.3059118  -0.3240882 ]
 [-0.26359556  0.1571701  -0.4728299 ]]","[1988. 2247.  924. 1851. 2245.  926. 1876. 2150. 1021. 2107. 2247.  924.
 2244. 2245.  926. 2219. 2150. 1021.]","[1979. 2231.  927. 1862. 2227.  932. 1886. 2141. 1030. 2118. 2233.  925.
 2241. 2228.  930. 2210. 2141. 1030.]","[-1.6798e+01  4.6970e+00  6.8505e+01 -1.8310e-01 -6.1000e-02  0.0000e+00
 -7.7100e-02 -2.8610e-01  9.4820e-01]",118
748,3,"[[ 0.08535267 -0.30607779  0.32392221]
 [ 0.26846371 -0.16365602  0.46634398]
 [-0.30217072 -0.30188942  0.32811058]
 [ 0.30217072  0.30188942 -0.32811058]
 [-0.08535267  0.30607779 -0.32392221]
 [-0.26846371  0.16365602 -0.46634398]]","[1992. 2247.  924. 1851. 2244.  927. 1872. 2154. 1017. 2103. 2247.  924.
 2244. 2244.  927. 2223. 2154. 1017.]","[1983. 2232.  927. 1861. 2227.  933. 1882. 2144. 1026. 2115. 2232.  925.
 2242. 2228.  930. 2213. 2144. 1027.]","[-1.6804e+01  4.6970e+00  6.8511e+01 -1.2210e-01 -6.1000e-02  6.1000e-02
 -7.7600e-02 -2.9050e-01  9.5800e-01]",118
749,3,"[[ 0.07938923 -0.30624079  0.32375921]
 [ 0.27301208 -0.17044009  0.45955991]
 [-0.30255843 -0.30156653  0.32843347]
 [ 0.30255843  0.30156653 -0.32843347]
 [-0.07938923  0.30624079 -0.32375921]
 [-0.27301208  0.17044009 -0.45955991]]","[1996. 2247.  924. 1850. 2244.  927. 1870. 2159. 1012. 2099. 2247.  924.
 2245. 2244.  927. 2225. 2159. 1012.]","[1987. 2231.  927. 1861. 2227.  933. 1879. 2149. 1023. 2112. 2233.  925.
 2242. 2228.  931. 2217. 2149. 1023.]","[-1.6809e+01  4.6910e+00  6.8511e+01  0.0000e+00  0.0000e+00 -6.1000e-02
 -8.0100e-02 -2.9640e-01  9.4970e-01]",118
750,3,"[[ 0.07339258 -0.30640073  0.32359927]
 [ 0.27723856 -0.17752202  0.45247798]
 [-0.30278988 -0.30124268  0.32875732]
 [ 0.30278988  0.30124268 -0.32875732]
 [-0.07339258  0.30640073 -0.32359927]
 [-0.27723856  0.17752202 -0.45247798]]","[2000. 2247.  924. 1850. 2244.  927. 1867. 2163. 1008. 2095. 2247.  924.
 2245. 2244.  927. 2228. 2163. 1008.]","[1990. 2231.  927. 1860. 2227.  933. 1875. 2153. 1019. 2108. 2232.  925.
 2243. 2228.  931. 2220. 2152. 1019.]","[-1.6815e+01  4.6910e+00  6.8505e+01 -1.2210e-01  6.1000e-02 -3.0520e-01
 -8.4500e-02 -2.9440e-01  9.4680e-01]",118
751,3,"[[ 0.06736522 -0.30655754  0.32344246]
 [ 0.28114142 -0.18490124  0.44509876]
 [-0.30284432 -0.30091819  0.32908181]
 [ 0.30284432  0.30091819 -0.32908181]
 [-0.06736522  0.30655754 -0.32344246]
 [-0.28114142  0.18490124 -0.44509876]]","[2004. 2247.  924. 1850. 2244.  927. 1864. 2168. 1003. 2091. 2247.  924.
 2245. 2244.  927. 2231. 2168. 1003.]","[1993. 2232.  927. 1860. 2227.  933. 1872. 2157. 1015. 2104. 2233.  925.
 2245. 2227.  932. 2223. 2157. 1015.]","[-16.82     4.691   68.494   -0.2441   0.      -0.3662  -0.0825  -0.2939
   0.9507]",118
752,3,"[[ 0.06130969 -0.30671116  0.32328884]
 [ 0.28471931 -0.1925769   0.4374231 ]
 [-0.30254824 -0.30059307  0.32940693]
 [ 0.30254824  0.30059307 -0.32940693]
 [-0.06130969  0.30671116 -0.32328884]
 [-0.28471931  0.1925769  -0.4374231 ]]","[2008. 2247.  924. 1850. 2243.  928. 1862. 2173.  998. 2087. 2247.  924.
 2245. 2243.  928. 2233. 2173.  998.]","[1995. 2231.  927. 1859. 2227.  934. 1869. 2162. 1010. 2100. 2233.  925.
 2246. 2228.  932. 2226. 2162. 1010.]","[-16.831    4.691   68.478   -0.1831   0.      -0.3052  -0.0776  -0.292
   0.9521]",118
753,3,"[[ 0.05522851 -0.30686152  0.32313848]
 [ 0.28797125 -0.20054788  0.42945212]
 [-0.30180395 -0.30026705  0.32973295]
 [ 0.30180395  0.30026705 -0.32973295]
 [-0.05522851  0.30686152 -0.32313848]
 [-0.28797125  0.20054788 -0.42945212]]","[2011. 2248.  923. 1851. 2243.  928. 1860. 2178.  993. 2084. 2248.  923.
 2244. 2243.  928. 2235. 2178.  993.]","[1998. 2231.  927. 1858. 2228.  933. 1866. 2166. 1006. 2096. 2232.  925.
 2247. 2228.  932. 2229. 2166. 1006.]","[-16.842    4.686   68.467   -0.1221   0.      -0.1831  -0.0776  -0.2974
   0.9541]",118
754,3,"[[ 0.04912422 -0.30700854  0.32299146]
 [ 0.29089663 -0.20881277  0.42118723]
 [-0.30061712 -0.29994037  0.33005963]
 [ 0.30061712  0.29994037 -0.33005963]
 [-0.04912422  0.30700854 -0.32299146]
 [-0.29089663  0.20881277 -0.42118723]]","[2015. 2248.  923. 1852. 2243.  928. 1858. 2184.  987. 2080. 2248.  923.
 2243. 2243.  928. 2237. 2184.  987.]","[2002. 2231.  927. 1858. 2228.  933. 1864. 2171. 1000. 2092. 2232.  925.
 2247. 2228.  933. 2231. 2171. 1001.]","[-1.6848e+01  4.6860e+00  6.8461e+01 -6.1000e-02  0.0000e+00 -1.2210e-01
 -8.1500e-02 -2.9880e-01  9.4820e-01]",118
755,3,"[[ 0.04299939 -0.30715217  0.32284783]
 [ 0.29349517 -0.21736986  0.41263014]
 [-0.2989938  -0.29961339  0.33038661]
 [ 0.2989938   0.29961339 -0.33038661]
 [-0.04299939  0.30715217 -0.32284783]
 [-0.29349517  0.21736986 -0.41263014]]","[2019. 2248.  923. 1853. 2243.  928. 1856. 2189.  982. 2076. 2248.  923.
 2242. 2243.  928. 2239. 2189.  982.]","[2006. 2232.  928. 1858. 2227.  934. 1862. 2176.  996. 2089. 2232.  924.
 2247. 2228.  933. 2233. 2175.  996.]","[-1.6848e+01  4.6860e+00  6.8456e+01  0.0000e+00  6.1000e-02 -1.8310e-01
 -8.4500e-02 -2.9590e-01  9.5170e-01]",118
756,3,"[[ 0.03685657 -0.30729234  0.32270766]
 [ 0.29576697 -0.22621719  0.40378281]
 [-0.29694081 -0.29928652  0.33071348]
 [ 0.29694081  0.29928652 -0.33071348]
 [-0.03685657  0.30729234 -0.32270766]
 [-0.29576697  0.22621719 -0.40378281]]","[2023. 2248.  923. 1854. 2243.  928. 1855. 2195.  976. 2072. 2248.  923.
 2241. 2243.  928. 2240. 2195.  976.]","[2010. 2231.  927. 1858. 2228.  933. 1859. 2181.  990. 2086. 2232.  924.
 2246. 2228.  933. 2236. 2181.  991.]","[-16.853    4.686   68.445   -0.1831   0.      -0.2441  -0.0786  -0.2969
   0.9414]",118
757,3,"[[ 0.03069833 -0.307429    0.322571  ]
 [ 0.29771244 -0.23535249  0.39464751]
 [-0.29446579 -0.29896013  0.33103987]
 [ 0.29446579  0.29896013 -0.33103987]
 [-0.03069833  0.307429   -0.322571  ]
 [-0.29771244  0.23535249 -0.39464751]]","[2027. 2248.  923. 1856. 2242.  929. 1853. 2201.  970. 2068. 2248.  923.
 2239. 2242.  929. 2242. 2201.  970.]","[2014. 2232.  927. 1858. 2227.  934. 1858. 2187.  985. 2083. 2232.  924.
 2247. 2228.  933. 2238. 2186.  985.]","[-1.6870e+01  4.6800e+00  6.8439e+01 -3.6620e-01 -6.1000e-02 -1.2210e-01
 -7.5200e-02 -2.9350e-01  9.5460e-01]",118
758,3,"[[ 0.02452725 -0.30756207  0.32243793]
 [ 0.29933234 -0.24477323  0.38522677]
 [-0.29157699 -0.29863462  0.33136538]
 [ 0.29157699  0.29863462 -0.33136538]
 [-0.02452725  0.30756207 -0.32243793]
 [-0.29933234  0.24477323 -0.38522677]]","[2032. 2248.  923. 1857. 2242.  929. 1852. 2207.  964. 2063. 2248.  923.
 2238. 2242.  929. 2243. 2207.  964.]","[2017. 2231.  927. 1857. 2227.  934. 1856. 2192.  980. 2078. 2232.  924.
 2245. 2227.  933. 2240. 2192.  980.]","[-16.88     4.675   68.428   -0.2441   0.      -0.1831  -0.085   -0.2983
   0.9526]",118
759,3,"[[ 0.01834591 -0.30769152  0.32230848]
 [ 0.30062773 -0.25447659  0.37552341]
 [-0.28828323 -0.29831038  0.33168962]
 [ 0.28828323  0.29831038 -0.33168962]
 [-0.01834591  0.30769152 -0.32230848]
 [-0.30062773  0.25447659 -0.37552341]]","[2036. 2248.  923. 1860. 2242.  929. 1852. 2213.  958. 2059. 2248.  923.
 2235. 2242.  929. 2243. 2213.  958.]","[2021. 2232.  927. 1858. 2227.  934. 1854. 2198.  974. 2075. 2233.  924.
 2245. 2228.  934. 2241. 2198.  976.]","[-1.6891e+01  4.6750e+00  6.8423e+01 -6.1000e-02  0.0000e+00 -2.4410e-01
 -9.0300e-02 -3.0220e-01  9.4680e-01]",118
760,3,"[[ 0.0121569  -0.30781727  0.32218273]
 [ 0.3016     -0.26445946  0.36554054]
 [-0.28459376 -0.2979878   0.3320122 ]
 [ 0.28459376  0.2979878  -0.3320122 ]
 [-0.0121569   0.30781727 -0.32218273]
 [-0.3016      0.26445946 -0.36554054]]","[2040. 2248.  923. 1862. 2242.  929. 1851. 2220.  951. 2055. 2248.  923.
 2233. 2242.  929. 2244. 2220.  951.]","[2025. 2232.  927. 1859. 2227.  935. 1853. 2204.  968. 2071. 2232.  924.
 2244. 2227.  934. 2241. 2202.  971.]","[-16.902    4.675   68.412   -0.3052   0.      -0.1221  -0.0879  -0.2998
   0.9482]",118
761,3,"[[ 0.0059628  -0.30793928  0.32206072]
 [ 0.3022505  -0.27471847  0.35528153]
 [-0.28051828 -0.29766727  0.33233273]
 [ 0.28051828  0.29766727 -0.33233273]
 [-0.0059628   0.30793928 -0.32206072]
 [-0.3022505   0.27471847 -0.35528153]]","[2044. 2248.  923. 1865. 2242.  929. 1850. 2227.  944. 2051. 2248.  923.
 2230. 2242.  929. 2245. 2227.  944.]","[2028. 2231.  927. 1860. 2227.  935. 1852. 2210.  962. 2068. 2232.  924.
 2243. 2228.  934. 2242. 2206.  965.]","[-1.6913e+01  4.6800e+00  6.8412e+01 -3.6620e-01 -6.1000e-02  0.0000e+00
 -8.9400e-02 -2.8610e-01  9.5170e-01]",118
762,3,"[[-2.33792664e-04 -3.08057490e-01  3.21942510e-01]
 [ 3.02578818e-01 -2.85249848e-01  3.44750152e-01]
 [-2.76066854e-01 -2.97349185e-01  3.32650815e-01]
 [ 2.76066854e-01  2.97349185e-01 -3.32650815e-01]
 [ 2.33792664e-04  3.08057490e-01 -3.21942510e-01]
 [-3.02578818e-01  2.85249848e-01 -3.44750152e-01]]","[2048. 2248.  923. 1868. 2241.  930. 1850. 2233.  938. 2047. 2248.  923.
 2227. 2241.  930. 2245. 2233.  938.]","[2032. 2232.  927. 1861. 2228.  935. 1852. 2217.  955. 2063. 2232.  924.
 2241. 2228.  934. 2244. 2213.  958.]","[-16.93     4.68    68.417   -0.3052   0.       0.1831  -0.0732  -0.2876
   0.9497]",118
763,3,"[[-0.00643029 -0.30817186  0.32182814]
 [ 0.30261859 -0.2934594   0.3365406 ]
 [-0.27124994 -0.29703392  0.33296608]
 [ 0.27124994  0.29703392 -0.33296608]
 [ 0.00643029  0.30817186 -0.32182814]
 [-0.30261859  0.2934594  -0.3365406 ]]","[2052. 2248.  923. 1871. 2241.  930. 1850. 2239.  932. 2043. 2248.  923.
 2224. 2241.  930. 2245. 2239.  932.]","[2035. 2232.  927. 1861. 2227.  936. 1851. 2223.  949. 2060. 2232.  924.
 2240. 2228.  935. 2244. 2219.  952.]","[-1.6946e+01  4.6860e+00  6.8423e+01 -4.2720e-01  0.0000e+00  6.1000e-02
 -7.5700e-02 -2.9740e-01  9.4580e-01]",118
764,3,"[[-0.01262409 -0.30828233  0.32171767]
 [ 0.30251839 -0.29362491  0.33637509]
 [-0.26607831 -0.29672187  0.33327813]
 [ 0.26607831  0.29672187 -0.33327813]
 [ 0.01262409  0.30828233 -0.32171767]
 [-0.30251839  0.29362491 -0.33637509]]","[2056. 2248.  923. 1874. 2241.  930. 1850. 2239.  932. 2039. 2248.  923.
 2221. 2241.  930. 2245. 2239.  932.]","[2038. 2232.  927. 1863. 2227.  937. 1851. 2228.  943. 2056. 2233.  924.
 2238. 2228.  935. 2243. 2224.  946.]","[-16.968    4.686   68.417   -0.7935   0.      -0.1221  -0.0771  -0.292
   0.9619]",118
765,3,"[[-0.01881262 -0.30838887  0.32161113]
 [ 0.30234272 -0.29379344  0.33620656]
 [-0.26056305 -0.29641341  0.33358659]
 [ 0.26056305  0.29641341 -0.33358659]
 [ 0.01881262  0.30838887 -0.32161113]
 [-0.30234272  0.29379344 -0.33620656]]","[2060. 2249.  922. 1878. 2241.  930. 1850. 2239.  932. 2035. 2249.  922.
 2217. 2241.  930. 2245. 2239.  932.]","[2041. 2231.  927. 1866. 2227.  937. 1851. 2230.  941. 2053. 2233.  924.
 2235. 2228.  935. 2244. 2228.  943.]","[-1.6985e+01  4.6860e+00  6.8412e+01  6.1000e-02  2.4410e-01 -2.4410e-01
 -9.1300e-02 -3.0760e-01  9.4530e-01]",118
766,3,"[[-0.02499328 -0.30849142  0.32150858]
 [ 0.30209107 -0.29396484  0.33603516]
 [-0.2547155  -0.29610893  0.33389107]
 [ 0.2547155   0.29610893 -0.33389107]
 [ 0.02499328  0.30849142 -0.32150858]
 [-0.30209107  0.29396484 -0.33603516]]","[2064. 2249.  922. 1881. 2241.  930. 1851. 2239.  932. 2031. 2249.  922.
 2214. 2241.  930. 2244. 2239.  932.]","[2044. 2232.  927. 1868. 2228.  937. 1851. 2233.  938. 2049. 2234.  924.
 2232. 2228.  935. 2244. 2229.  940.]","[-17.001    4.686   68.412   -1.0986  -0.4272   0.3662  -0.0732  -0.3071
   0.9653]",118
767,3,"[[-0.03116348 -0.30858994  0.32141006]
 [ 0.30175964 -0.29413901  0.33586099]
 [-0.2485473  -0.29580878  0.33419122]
 [ 0.2485473   0.29580878 -0.33419122]
 [ 0.03116348  0.30858994 -0.32141006]
 [-0.30175964  0.29413901 -0.33586099]]","[2068. 2249.  922. 1885. 2240.  931. 1851. 2239.  932. 2027. 2249.  922.
 2210. 2240.  931. 2244. 2239.  932.]","[2048. 2232.  928. 1871. 2228.  937. 1851. 2235.  936. 2046. 2235.  923.
 2229. 2228.  935. 2244. 2230.  939.]","[-1.7040e+01  4.6750e+00  6.8434e+01 -6.1040e-01 -4.2720e-01  4.2720e-01
 -2.8300e-02 -2.7150e-01  9.2770e-01]",118
768,3,"[[-0.03732064 -0.30868439  0.32131561]
 [ 0.30134648 -0.29431587  0.33568413]
 [-0.24207027 -0.29551335  0.33448665]
 [ 0.24207027  0.29551335 -0.33448665]
 [ 0.03732064  0.30868439 -0.32131561]
 [-0.30134648  0.29431587 -0.33568413]]","[2072. 2249.  922. 1890. 2240.  931. 1851. 2239.  932. 2023. 2249.  922.
 2205. 2240.  931. 2244. 2239.  932.]","[2052. 2231.  927. 1873. 2228.  937. 1851. 2235.  934. 2042. 2235.  923.
 2226. 2228.  935. 2243. 2231.  938.]","[-1.7062e+01  4.6580e+00  6.8450e+01 -6.1040e-01 -3.0520e-01  6.1000e-02
 -7.2800e-02 -2.9050e-01  9.8780e-01]",118
769,3,"[[-0.04346219 -0.30877475  0.32122525]
 [ 0.30085066 -0.29449528  0.33550472]
 [-0.23529646 -0.295223    0.334777  ]
 [ 0.23529646  0.295223   -0.334777  ]
 [ 0.04346219  0.30877475 -0.32122525]
 [-0.30085066  0.29449528 -0.33550472]]","[2076. 2249.  922. 1894. 2240.  931. 1851. 2239.  931. 2019. 2249.  922.
 2201. 2240.  931. 2244. 2239.  931.]","[2055. 2232.  928. 1876. 2228.  937. 1851. 2236.  933. 2039. 2235.  922.
 2222. 2228.  935. 2243. 2232.  938.]","[-17.078    4.642   68.45    -0.4883  -0.1221   0.      -0.0786  -0.2822
   0.9287]",118
770,3,"[[-0.04958556 -0.30886095  0.32113905]
 [ 0.30027165 -0.29467716  0.33532284]
 [-0.22823809 -0.29493807  0.33506193]
 [ 0.22823809  0.29493807 -0.33506193]
 [ 0.04958556  0.30886095 -0.32113905]
 [-0.30027165  0.29467716 -0.33532284]]","[2080. 2249.  922. 1899. 2240.  931. 1852. 2240.  931. 2015. 2249.  922.
 2196. 2240.  931. 2243. 2240.  931.]","[2059. 2231.  927. 1879. 2228.  937. 1850. 2236.  933. 2035. 2235.  922.
 2218. 2228.  935. 2243. 2232.  937.]","[-17.089    4.636   68.45    -0.3662  -0.1221   0.      -0.0972  -0.3091
   0.9688]",118
771,3,"[[-0.05568819 -0.30894299  0.32105701]
 [ 0.29960909 -0.2948614   0.3351386 ]
 [-0.22090754 -0.29465894  0.33534106]
 [ 0.22090754  0.29465894 -0.33534106]
 [ 0.05568819  0.30894299 -0.32105701]
 [-0.29960909  0.2948614  -0.3351386 ]]","[2084. 2249.  922. 1903. 2240.  931. 1852. 2240.  931. 2011. 2249.  922.
 2192. 2240.  931. 2243. 2240.  931.]","[2063. 2232.  927. 1882. 2228.  937. 1851. 2237.  932. 2031. 2235.  922.
 2213. 2228.  935. 2242. 2233.  937.]","[-17.1      4.631   68.456   -0.1831  -0.1221   0.1221  -0.1084  -0.3228
   0.9365]",118
772,3,"[[-0.06176753 -0.30902081  0.32097919]
 [ 0.29886271 -0.29504788  0.33495212]
 [-0.21331731 -0.29438593  0.33561407]
 [ 0.21331731  0.29438593 -0.33561407]
 [ 0.06176753  0.30902081 -0.32097919]
 [-0.29886271  0.29504788 -0.33495212]]","[2088. 2249.  922. 1908. 2239.  932. 1853. 2240.  931. 2007. 2249.  922.
 2187. 2239.  932. 2242. 2240.  931.]","[2067. 2232.  927. 1886. 2228.  936. 1851. 2237.  932. 2028. 2236.  922.
 2209. 2228.  935. 2242. 2233.  936.]","[-17.1      4.625   68.478    0.      -0.3662   0.6104  -0.1099  -0.3247
   0.9414]",118
773,3,"[[-0.06782102 -0.30909439  0.32090561]
 [ 0.29803226 -0.29523649  0.33476351]
 [-0.20548004 -0.29411939  0.33588061]
 [ 0.20548004  0.29411939 -0.33588061]
 [ 0.06782102  0.30909439 -0.32090561]
 [-0.29803226  0.29523649 -0.33476351]]","[2092. 2249.  922. 1914. 2239.  932. 1853. 2240.  931. 2003. 2249.  922.
 2181. 2239.  932. 2242. 2240.  931.]","[2070. 2232.  926. 1891. 2229.  936. 1851. 2238.  932. 2024. 2235.  923.
 2207. 2228.  935. 2241. 2233.  936.]","[-1.7100e+01  4.6310e+00  6.8522e+01  6.1000e-02 -3.6620e-01  1.0376e+00
 -1.0160e-01 -3.1840e-01  9.4380e-01]",118
774,3,"[[-0.07384615 -0.30916371  0.32083629]
 [ 0.29711758 -0.29542714  0.33457286]
 [-0.19740843 -0.29385964  0.33614036]
 [ 0.19740843  0.29385964 -0.33614036]
 [ 0.07384615  0.30916371 -0.32083629]
 [-0.29711758  0.29542714 -0.33457286]]","[2096. 2249.  922. 1919. 2239.  932. 1854. 2240.  931. 1999. 2249.  922.
 2176. 2239.  932. 2241. 2240.  931.]","[2074. 2233.  926. 1895. 2228.  936. 1851. 2238.  932. 2021. 2235.  923.
 2201. 2228.  935. 2241. 2234.  935.]","[-17.1      4.636   68.577    0.      -0.4272   1.4038  -0.0903  -0.3096
   0.9429]",118
775,3,"[[-0.07984038 -0.30922873  0.32077127]
 [ 0.29611848 -0.29561971  0.33438029]
 [-0.18911527 -0.29360701  0.33639299]
 [ 0.18911527  0.29360701 -0.33639299]
 [ 0.07984038  0.30922873 -0.32077127]
 [-0.29611848  0.29561971 -0.33438029]]","[2100. 2249.  922. 1924. 2239.  932. 1854. 2240.  931. 1995. 2249.  922.
 2171. 2239.  932. 2241. 2240.  931.]","[2078. 2234.  925. 1900. 2228.  936. 1851. 2239.  932. 2017. 2236.  923.
 2197. 2228.  935. 2241. 2234.  935.]","[-17.106    4.647   68.643    0.      -0.4883   1.709   -0.0967  -0.3115
   0.9395]",118
776,3,"[[-0.08580122 -0.30928943  0.32071057]
 [ 0.29503484 -0.2958141   0.3341859 ]
 [-0.18061339 -0.28954023  0.34045977]
 [ 0.18061339  0.28954023 -0.34045977]
 [ 0.08580122  0.30928943 -0.32071057]
 [-0.29503484  0.2958141  -0.3341859 ]]","[2103. 2249.  922. 1930. 2236.  935. 1855. 2240.  931. 1992. 2249.  922.
 2165. 2236.  935. 2240. 2240.  931.]","[2081. 2234.  925. 1906. 2228.  936. 1851. 2239.  932. 2013. 2236.  923.
 2192. 2228.  935. 2240. 2234.  935.]","[-17.106    4.658   68.73     0.      -0.5493   2.1973  -0.0938  -0.3096
   0.9536]",118
777,3,"[[-0.09172617 -0.30934578  0.32065422]
 [ 0.29386657 -0.29601021  0.33398979]
 [-0.17191567 -0.2737084   0.3562916 ]
 [ 0.17191567  0.2737084  -0.3562916 ]
 [ 0.09172617  0.30934578 -0.32065422]
 [-0.29386657  0.29601021 -0.33398979]]","[2107. 2249.  922. 1935. 2226.  945. 1856. 2240.  931. 1988. 2249.  922.
 2160. 2226.  945. 2239. 2240.  931.]","[2085. 2234.  924. 1911. 2228.  937. 1852. 2239.  932. 2010. 2235.  923.
 2186. 2228.  936. 2240. 2235.  934.]","[-17.1      4.675   68.829    0.      -0.6104   2.5635  -0.0933  -0.3042
   0.9404]",118
778,3,"[[-0.09761274 -0.30939778  0.32060222]
 [ 0.29261358 -0.29620791  0.33379209]
 [-0.16303497 -0.25841127  0.37158873]
 [ 0.16303497  0.25841127 -0.37158873]
 [ 0.09761274  0.30939778 -0.32060222]
 [-0.29261358  0.29620791 -0.33379209]]","[2111. 2249.  922. 1941. 2216.  955. 1857. 2241.  930. 1984. 2249.  922.
 2154. 2216.  955. 2238. 2241.  930.]","[2089. 2234.  924. 1916. 2227.  940. 1853. 2239.  933. 2005. 2235.  923.
 2181. 2225.  940. 2239. 2234.  934.]","[-1.7095e+01  4.6910e+00  6.8939e+01  6.1000e-02 -6.1040e-01  2.6245e+00
 -7.3700e-02 -2.8270e-01  9.4920e-01]",118
779,4,"[[-0.10345848 -0.30944539  0.32055461]
 [ 0.29127583 -0.29640712  0.33359288]
 [-0.15398419 -0.24366767  0.38633233]
 [ 0.15398419  0.24366767 -0.38633233]
 [ 0.10345848  0.30944539 -0.32055461]
 [-0.29127583  0.29640712 -0.33359288]]","[2115. 2249.  922. 1947. 2206.  965. 1858. 2241.  930. 1980. 2249.  922.
 2148. 2206.  965. 2237. 2241.  930.]","[2093. 2235.  924. 1922. 2223.  943. 1853. 2239.  932. 2002. 2236.  923.
 2176. 2221.  943. 2238. 2235.  933.]","[-1.7095e+01  4.6970e+00  6.9033e+01 -1.2210e-01 -6.1040e-01  2.1362e+00
 -6.7400e-02 -2.8120e-01  9.5120e-01]",118
780,4,"[[-0.10926095 -0.30948861  0.32051139]
 [ 0.28985331 -0.29660771  0.33339229]
 [-0.14477617 -0.22949568  0.40050432]
 [ 0.14477617  0.22949568 -0.40050432]
 [ 0.10926095  0.30948861 -0.32051139]
 [-0.28985331  0.29660771 -0.33339229]]","[2119. 2249.  922. 1953. 2197.  974. 1859. 2241.  930. 1976. 2249.  922.
 2142. 2197.  974. 2236. 2241.  930.]","[2097. 2235.  923. 1929. 2217.  950. 1855. 2238.  932. 1997. 2235.  923.
 2169. 2215.  947. 2237. 2236.  932.]","[-17.089    4.702   69.115    0.      -0.4272   1.8311  -0.0703  -0.269
   0.9644]",118
781,4,"[[-0.1150177  -0.30952741  0.32047259]
 [ 0.28834604 -0.2968096   0.3331904 ]
 [-0.13542375 -0.21591268  0.41408732]
 [ 0.13542375  0.21591268 -0.41408732]
 [ 0.1150177   0.30952741 -0.32047259]
 [-0.28834604  0.2968096  -0.3331904 ]]","[2122. 2249.  922. 1959. 2188.  983. 1860. 2241.  930. 1973. 2249.  922.
 2136. 2188.  983. 2235. 2241.  930.]","[2102. 2235.  923. 1936. 2213.  958. 1856. 2238.  932. 1993. 2235.  922.
 2162. 2208.  954. 2236. 2236.  930.]","[-17.067    4.713   69.203    0.3662  -0.4883   2.3193  -0.0996  -0.27
   0.915 ]",118
782,4,"[[-0.12072635 -0.30956179  0.32043821]
 [ 0.28675406 -0.29701267  0.33298733]
 [-0.1259397  -0.20293528  0.42706472]
 [ 0.1259397   0.20293528 -0.42706472]
 [ 0.12072635  0.30956179 -0.32043821]
 [-0.28675406  0.29701267 -0.33298733]]","[2126. 2249.  922. 1965. 2180.  991. 1861. 2241.  930. 1969. 2249.  922.
 2130. 2180.  991. 2234. 2241.  930.]","[2106. 2235.  923. 1944. 2206.  965. 1858. 2238.  932. 1989. 2236.  921.
 2155. 2201.  964. 2234. 2236.  929.]","[-17.029    4.741   69.34     0.4883  -0.4883   3.7231  -0.0854  -0.231
   0.9751]",118
783,4,"[[-0.12638449 -0.30959173  0.32040827]
 [ 0.28507745 -0.29721682  0.33278318]
 [-0.11633673 -0.19057931  0.43942069]
 [ 0.11633673  0.19057931 -0.43942069]
 [ 0.12638449  0.30959173 -0.32040827]
 [-0.28507745  0.29721682 -0.33278318]]","[2130. 2249.  922. 1972. 2172.  999. 1862. 2241.  930. 1965. 2249.  922.
 2123. 2172.  999. 2233. 2241.  930.]","[2110. 2234.  923. 1953. 2198.  974. 1862. 2237.  931. 1984. 2236.  920.
 2147. 2194.  973. 2233. 2236.  927.]","[-16.979    4.768   69.516    0.4883  -0.7324   4.6997  -0.0747  -0.228
   0.9575]",118
784,4,"[[-0.13198977 -0.30961722  0.32038278]
 [ 0.28331631 -0.29742195  0.33257805]
 [-0.10662747 -0.1788598   0.4511402 ]
 [ 0.10662747  0.1788598  -0.4511402 ]
 [ 0.13198977  0.30961722 -0.32038278]
 [-0.28331631  0.29742195 -0.33257805]]","[2134. 2249.  922. 1978. 2164. 1007. 1863. 2241.  930. 1961. 2249.  922.
 2117. 2164. 1007. 2232. 2241.  930.]","[2115. 2234.  925. 1962. 2189.  982. 1864. 2237.  931. 1979. 2235.  919.
 2140. 2190.  982. 2231. 2236.  927.]","[-16.776    4.757   69.758    2.4414  -0.7935   1.0376   0.      -0.2485
   0.9897]",118
785,4,"[[-0.13753983 -0.30963827  0.32036173]
 [ 0.28147078 -0.29762796  0.33237204]
 [-0.09682445 -0.16779097  0.46220903]
 [ 0.09682445  0.16779097 -0.46220903]
 [ 0.13753983  0.30963827 -0.32036173]
 [-0.28147078  0.29762796 -0.33237204]]","[2137. 2249.  922. 1984. 2157. 1014. 1864. 2242.  929. 1958. 2249.  922.
 2111. 2157. 1014. 2231. 2242.  929.]","[2122. 2234.  925. 1967. 2180.  992. 1863. 2235.  932. 1975. 2235.  920.
 2130. 2181.  992. 2229. 2236.  929.]","[-16.628    4.719   69.719    3.6011  -0.1221  -1.8311  -0.0713  -0.3232
   0.9424]",118
786,4,"[[-0.14303235 -0.30965486  0.32034514]
 [ 0.27954103 -0.29783473  0.33216527]
 [-0.08694012 -0.15738619  0.47261381]
 [ 0.08694012  0.15738619 -0.47261381]
 [ 0.14303235  0.30965486 -0.32034514]
 [-0.27954103  0.29783473 -0.33216527]]","[2141. 2249.  922. 1991. 2150. 1021. 1865. 2242.  929. 1954. 2249.  922.
 2104. 2150. 1021. 2230. 2242.  929.]","[2127. 2233.  926. 1970. 2174.  998. 1863. 2235.  927. 1972. 2235.  921.
 2125. 2175.  998. 2228. 2236.  931.]","[-16.529    4.686   69.593    1.9531   0.6714  -3.54    -0.105   -0.3091
   0.9268]",118
787,4,"[[-0.14846505 -0.30966701  0.32033299]
 [ 0.27752726 -0.29804218  0.33195782]
 [-0.07698678 -0.14765798  0.48234202]
 [ 0.07698678  0.14765798 -0.48234202]
 [ 0.14846505  0.30966701 -0.32033299]
 [-0.27752726  0.29804218 -0.33195782]]","[2144. 2249.  922. 1997. 2144. 1027. 1867. 2242.  929. 1951. 2249.  922.
 2098. 2144. 1027. 2228. 2242.  929.]","[2132. 2233.  926. 1977. 2165. 1006. 1864. 2235.  926. 1969. 2235.  923.
 2117. 2167. 1006. 2227. 2236.  932.]","[-16.463    4.675   69.417    1.9531   1.2817  -4.4556  -0.1357  -0.3335
   0.939 ]",118
788,4,"[[-0.15383564 -0.30967473  0.32032527]
 [ 0.27542969 -0.2982502   0.3317498 ]
 [-0.06697664 -0.13861798  0.49138202]
 [ 0.06697664  0.13861798 -0.49138202]
 [ 0.15383564  0.30967473 -0.32032527]
 [-0.27542969  0.2982502  -0.3317498 ]]","[2148. 2249.  922. 2004. 2138. 1033. 1868. 2242.  929. 1947. 2249.  922.
 2091. 2138. 1033. 2227. 2242.  929.]","[2136. 2234.  926. 1984. 2158. 1014. 1865. 2235.  925. 1966. 2235.  924.
 2108. 2160. 1014. 2226. 2236.  932.]","[-16.447    4.686   69.252    0.8545   1.3428  -3.9062  -0.1328  -0.3535
   0.9077]",118
789,4,"[[-0.15914188 -0.30967816  0.32032184]
 [ 0.2732486  -0.29845868  0.33154132]
 [-0.05692174 -0.13027695  0.49972305]
 [ 0.05692174  0.13027695 -0.49972305]
 [ 0.15914188  0.30967816 -0.32032184]
 [-0.2732486   0.29845868 -0.33154132]]","[2151. 2249.  922. 2010. 2132. 1039. 1869. 2242.  929. 1944. 2249.  922.
 2085. 2132. 1039. 2226. 2242.  929.]","[2139. 2234.  926. 1991. 2152. 1020. 1867. 2235.  926. 1963. 2236.  924.
 2101. 2153. 1021. 2225. 2236.  931.]","[-16.474    4.708   69.159   -0.2441   0.9766  -2.0142  -0.1382  -0.3335
   0.937 ]",118
790,4,"[[-0.16438154 -0.30967673  0.32032327]
 [ 0.27098427 -0.29866754  0.33133246]
 [-0.04683398 -0.12264475  0.50735525]
 [ 0.04683398  0.12264475 -0.50735525]
 [ 0.16438154  0.30967673 -0.32032327]
 [-0.27098427  0.29866754 -0.33133246]]","[2155. 2249.  922. 2017. 2127. 1044. 1871. 2242.  929. 1940. 2249.  922.
 2078. 2127. 1044. 2224. 2242.  929.]","[2142. 2235.  926. 1999. 2144. 1027. 1868. 2235.  927. 1960. 2235.  924.
 2098. 2146. 1027. 2224. 2236.  931.]","[-1.6479e+01  4.7350e+00  6.9192e+01  1.2210e-01  6.1000e-02  8.5450e-01
 -8.8400e-02 -3.1590e-01  9.7360e-01]",118
791,4,"[[-0.16955245 -0.30966467  0.32033533]
 [ 0.26863703 -0.29887667  0.33112333]
 [-0.03672512 -0.11573033  0.51426967]
 [ 0.03672512  0.11573033 -0.51426967]
 [ 0.16955245  0.30966467 -0.32033533]
 [-0.26863703  0.29887667 -0.33112333]]","[2158. 2249.  922. 2024. 2123. 1048. 1872. 2242.  929. 1937. 2249.  922.
 2071. 2123. 1048. 2223. 2242.  929.]","[2145. 2236.  926. 2004. 2139. 1033. 1868. 2235.  927. 1957. 2235.  924.
 2093. 2140. 1033. 2223. 2236.  931.]","[-1.6463e+01  4.7410e+00  6.9285e+01  5.4930e-01 -6.1040e-01  2.2583e+00
 -2.2000e-02 -2.9830e-01  9.4870e-01]",118
792,4,"[[-0.17465242 -0.3096371   0.3203629 ]
 [ 0.26620724 -0.29908597  0.33091403]
 [-0.02660673 -0.10954171  0.52045829]
 [ 0.02660673  0.10954171 -0.52045829]
 [ 0.17465242  0.3096371  -0.3203629 ]
 [-0.26620724  0.29908597 -0.33091403]]","[2161. 2249.  922. 2030. 2119. 1052. 1874. 2242.  928. 1934. 2249.  922.
 2065. 2119. 1052. 2221. 2242.  928.]","[2147. 2235.  926. 2011. 2134. 1038. 1870. 2235.  927. 1954. 2235.  923.
 2086. 2135. 1038. 2221. 2236.  931.]","[-1.6463e+01  4.7300e+00  6.9346e+01  1.8310e-01 -4.8830e-01  1.4038e+00
 -8.3000e-03 -2.9200e-01  9.1940e-01]",118
793,4,"[[-0.17967934 -0.30959575  0.32040425]
 [ 0.26369528 -0.29929535  0.33070465]
 [-0.01649021 -0.10408599  0.52591401]
 [ 0.01649021  0.10408599 -0.52591401]
 [ 0.17967934  0.30959575 -0.32040425]
 [-0.26369528  0.29929535 -0.33070465]]","[2165. 2249.  922. 2037. 2115. 1056. 1876. 2243.  928. 1930. 2249.  922.
 2058. 2115. 1056. 2219. 2243.  928.]","[2150. 2236.  926. 2017. 2129. 1043. 1872. 2235.  927. 1950. 2235.  923.
 2078. 2130. 1043. 2220. 2235.  931.]","[-1.6474e+01  4.7190e+00  6.9362e+01 -6.1000e-02 -1.2210e-01  3.6620e-01
 -4.4400e-02 -2.8420e-01  9.6920e-01]",118
794,4,"[[-0.1846311  -0.30954137  0.32045863]
 [ 0.26110157 -0.29950471  0.33049529]
 [-0.00638679 -0.09936933  0.53063067]
 [ 0.00638679  0.09936933 -0.53063067]
 [ 0.1846311   0.30954137 -0.32045863]
 [-0.26110157  0.29950471 -0.33049529]]","[2168. 2249.  922. 2043. 2112. 1059. 1877. 2243.  928. 1927. 2249.  922.
 2052. 2112. 1059. 2218. 2243.  928.]","[2154. 2235.  926. 2025. 2123. 1048. 1875. 2235.  927. 1947. 2235.  923.
 2070. 2124. 1048. 2218. 2236.  930.]","[-16.458    4.697   69.34     0.5493  -0.1221  -0.6104  -0.0908  -0.2563
   0.9941]",118
795,4,"[[-0.18950562 -0.30947424  0.32052576]
 [ 0.25842657 -0.29971396  0.33028604]
 [ 0.00369251 -0.09539695  0.53460305]
 [-0.00369251  0.09539695 -0.53460305]
 [ 0.18950562  0.30947424 -0.32052576]
 [-0.25842657  0.29971396 -0.33028604]]","[2171. 2249.  922. 2050. 2110. 1061. 1879. 2243.  928. 1924. 2249.  922.
 2045. 2110. 1061. 2216. 2243.  928.]","[2157. 2235.  926. 2032. 2120. 1052. 1876. 2235.  927. 1943. 2235.  924.
 2063. 2121. 1052. 2216. 2236.  930.]","[-1.6414e+01  4.6800e+00  6.9313e+01  1.0986e+00 -6.1000e-02 -7.3240e-01
 -1.1330e-01 -2.7000e-01  9.5170e-01]",118
796,4,"[[-0.19430087 -0.30939459  0.32060541]
 [ 0.25567076 -0.299923    0.330077  ]
 [ 0.01373685 -0.09217312  0.53782688]
 [-0.01373685  0.09217312 -0.53782688]
 [ 0.19430087  0.30939459 -0.32060541]
 [-0.25567076  0.299923   -0.330077  ]]","[2174. 2249.  922. 2056. 2108. 1063. 1881. 2243.  928. 1921. 2249.  922.
 2039. 2108. 1063. 2214. 2243.  928.]","[2161. 2236.  926. 2040. 2116. 1056. 1878. 2235.  927. 1940. 2235.  923.
 2055. 2117. 1056. 2214. 2236.  931.]","[-16.392    4.675   69.296    0.5493   0.      -0.3662  -0.1001  -0.2749
   0.9238]",118
797,4,"[[-0.19901484 -0.30930268  0.32069732]
 [ 0.25283466 -0.30013173  0.32986827]
 [ 0.02373561 -0.08970117  0.54029883]
 [-0.02373561  0.08970117 -0.54029883]
 [ 0.19901484  0.30930268 -0.32069732]
 [-0.25283466  0.30013173 -0.32986827]]","[2177. 2249.  922. 2063. 2106. 1065. 1883. 2243.  928. 1918. 2249.  922.
 2032. 2106. 1065. 2212. 2243.  928.]","[2162. 2236.  926. 2044. 2115. 1057. 1879. 2235.  927. 1938. 2235.  923.
 2052. 2115. 1057. 2213. 2236.  930.]","[-1.6403e+01  4.6800e+00  6.9302e+01 -3.0520e-01  0.0000e+00  6.1000e-02
 -9.3300e-02 -2.6660e-01  9.3600e-01]",118
798,4,"[[-0.20364556 -0.30919876  0.32080124]
 [ 0.24991882 -0.30034007  0.32965993]
 [ 0.03367837 -0.08798351  0.54201649]
 [-0.03367837  0.08798351 -0.54201649]
 [ 0.20364556  0.30919876 -0.32080124]
 [-0.24991882  0.30034007 -0.32965993]]","[2180. 2249.  922. 2069. 2105. 1066. 1885. 2243.  928. 1915. 2249.  922.
 2026. 2105. 1066. 2210. 2243.  928.]","[2165. 2236.  926. 2050. 2112. 1060. 1881. 2235.  926. 1935. 2235.  924.
 2045. 2112. 1060. 2211. 2236.  930.]","[-16.43     4.68    69.313   -0.7324   0.       0.2441  -0.0815  -0.2715
   0.9619]",118
799,4,"[[-0.20819109 -0.3090831   0.3209169 ]
 [ 0.24692382 -0.30054792  0.32945208]
 [ 0.04355493 -0.08702262  0.54297738]
 [-0.04355493  0.08702262 -0.54297738]
 [ 0.20819109  0.3090831  -0.3209169 ]
 [-0.24692382  0.30054792 -0.32945208]]","[2183. 2249.  922. 2076. 2104. 1067. 1887. 2243.  928. 1912. 2249.  922.
 2019. 2104. 1067. 2208. 2243.  928.]","[2168. 2235.  926. 2057. 2109. 1062. 1882. 2235.  927. 1932. 2235.  924.
 2038. 2110. 1062. 2209. 2236.  930.]","[-16.441    4.691   69.324   -0.4883   0.       0.3052  -0.0806  -0.2686
   0.9668]",118
800,4,"[[-0.21264953 -0.30895597  0.32104403]
 [ 0.24385027 -0.30075519  0.32924481]
 [ 0.05335532 -0.08683197  0.54316803]
 [-0.05335532  0.08683197 -0.54316803]
 [ 0.21264953  0.30895597 -0.32104403]
 [-0.24385027  0.30075519 -0.32924481]]","[2186. 2249.  922. 2082. 2104. 1067. 1889. 2244.  927. 1909. 2249.  922.
 2013. 2104. 1067. 2206. 2244.  927.]","[2172. 2235.  926. 2065. 2108. 1064. 1886. 2235.  927. 1927. 2235.  923.
 2030. 2109. 1064. 2207. 2236.  930.]","[-16.441    4.691   69.346   -0.1831  -0.1221   0.5493  -0.0884  -0.2773
   0.959 ]",118
801,4,"[[-0.21701902 -0.30881766  0.32118234]
 [ 0.24069882 -0.3009618   0.3290382 ]
 [ 0.06306978 -0.08729395  0.54270605]
 [-0.06306978  0.08729395 -0.54270605]
 [ 0.21701902  0.30881766 -0.32118234]
 [-0.24069882  0.3009618  -0.3290382 ]]","[2189. 2249.  922. 2089. 2104. 1067. 1891. 2244.  927. 1906. 2249.  922.
 2006. 2104. 1067. 2204. 2244.  927.]","[2175. 2235.  926. 2070. 2107. 1065. 1886. 2235.  926. 1925. 2235.  924.
 2025. 2108. 1065. 2205. 2236.  930.]","[-16.441    4.697   69.373   -0.2441  -0.1831   0.6714  -0.0757  -0.2632
   0.9429]",118
802,4,"[[-0.22129773 -0.30866848  0.32133152]
 [ 0.23747015 -0.30116765  0.32883235]
 [ 0.07268879 -0.08785403  0.54214597]
 [-0.07268879  0.08785403 -0.54214597]
 [ 0.22129773  0.30866848 -0.32133152]
 [-0.23747015  0.30116765 -0.32883235]]","[2192. 2249.  922. 2095. 2105. 1066. 1893. 2244.  927. 1903. 2249.  922.
 2000. 2105. 1066. 2202. 2244.  927.]","[2178. 2235.  926. 2076. 2106. 1065. 1890. 2235.  926. 1921. 2235.  924.
 2019. 2107. 1066. 2203. 2236.  930.]","[-1.6469e+01  4.7020e+00  6.9379e+01 -7.3240e-01  1.2210e-01  6.1000e-02
 -7.4200e-02 -2.8220e-01  9.3800e-01]",118
803,4,"[[-0.22548386 -0.30850872  0.32149128]
 [ 0.23416497 -0.30137265  0.32862735]
 [ 0.08220306 -0.08855282  0.54144718]
 [-0.08220306  0.08855282 -0.54144718]
 [ 0.22548386  0.30850872 -0.32149128]
 [-0.23416497  0.30137265 -0.32862735]]","[2194. 2249.  922. 2101. 2105. 1066. 1895. 2244.  927. 1901. 2249.  922.
 1994. 2105. 1066. 2200. 2244.  927.]","[2181. 2236.  926. 2083. 2106. 1065. 1891. 2235.  926. 1919. 2235.  924.
 2012. 2107. 1066. 2201. 2236.  929.]","[-16.507    4.708   69.373   -1.0986   0.1831   0.      -0.0938  -0.2905
   0.9551]",118
804,4,"[[-0.22957567 -0.30833871  0.32166129]
 [ 0.23078401 -0.30157672  0.32842328]
 [ 0.09160355 -0.0894618   0.5405382 ]
 [-0.09160355  0.0894618  -0.5405382 ]
 [ 0.22957567  0.30833871 -0.32166129]
 [-0.23078401  0.30157672 -0.32842328]]","[2197. 2249.  922. 2107. 2106. 1065. 1897. 2244.  927. 1898. 2249.  922.
 1988. 2106. 1065. 2198. 2244.  927.]","[2184. 2235.  926. 2089. 2106. 1066. 1893. 2235.  926. 1915. 2235.  924.
 2006. 2107. 1065. 2199. 2236.  929.]","[-16.534    4.719   69.406   -0.8545  -0.1221   1.2207  -0.082   -0.2847
   0.9497]",118
805,4,"[[-0.23357145 -0.30815876  0.32184124]
 [ 0.22732806 -0.30177978  0.32822022]
 [ 0.10088144 -0.09059887  0.53940113]
 [-0.10088144  0.09059887 -0.53940113]
 [ 0.23357145  0.30815876 -0.32184124]
 [-0.22732806  0.30177978 -0.32822022]]","[2200. 2248.  923. 2113. 2107. 1064. 1899. 2244.  927. 1895. 2248.  923.
 1982. 2107. 1064. 2196. 2244.  927.]","[2186. 2236.  926. 2095. 2107. 1065. 1895. 2235.  926. 1911. 2235.  924.
 1999. 2107. 1065. 2198. 2236.  929.]","[-16.562    4.73    69.456   -0.8545  -0.1831   1.2817  -0.0713  -0.292
   0.9507]",118
806,4,"[[-0.23746952 -0.30796921  0.32203079]
 [ 0.22379792 -0.30198173  0.32801827]
 [ 0.1100282  -0.09197006  0.53802994]
 [-0.1100282   0.09197006 -0.53802994]
 [ 0.23746952  0.30796921 -0.32203079]
 [-0.22379792  0.30198173 -0.32801827]]","[2202. 2248.  923. 2119. 2107. 1064. 1902. 2244.  927. 1893. 2248.  923.
 1976. 2107. 1064. 2193. 2244.  927.]","[2189. 2235.  926. 2102. 2107. 1065. 1897. 2235.  926. 1908. 2235.  924.
 1993. 2107. 1065. 2196. 2236.  929.]","[-1.6589e+01  4.7410e+00  6.9505e+01 -9.1550e-01 -6.1000e-02  1.0376e+00
 -8.0600e-02 -2.8760e-01  9.4820e-01]",118
807,4,"[[-0.24126825 -0.30777039  0.32222961]
 [ 0.22019442 -0.30218249  0.32781751]
 [ 0.11903549 -0.09357913  0.53642087]
 [-0.11903549  0.09357913 -0.53642087]
 [ 0.24126825  0.30777039 -0.32222961]
 [-0.22019442  0.30218249 -0.32781751]]","[2205. 2248.  923. 2125. 2109. 1062. 1904. 2244.  926. 1890. 2248.  923.
 1970. 2109. 1062. 2191. 2244.  926.]","[2191. 2235.  926. 2107. 2108. 1064. 1899. 2235.  926. 1906. 2235.  924.
 1988. 2108. 1064. 2193. 2236.  929.]","[-1.6617e+01  4.7460e+00  6.9549e+01 -9.7660e-01 -6.1000e-02  1.0376e+00
 -7.4200e-02 -2.9690e-01  9.5260e-01]",118
808,4,"[[-0.24496606 -0.30756264  0.32243736]
 [ 0.21651844 -0.30238199  0.32761801]
 [ 0.12789526 -0.0954293   0.5345707 ]
 [-0.12789526  0.0954293  -0.5345707 ]
 [ 0.24496606  0.30756264 -0.32243736]
 [-0.21651844  0.30238199 -0.32761801]]","[2207. 2248.  923. 2131. 2110. 1061. 1906. 2245.  926. 1888. 2248.  923.
 1964. 2110. 1061. 2189. 2245.  926.]","[2195. 2235.  926. 2114. 2108. 1063. 1902. 2236.  925. 1903. 2235.  924.
 1981. 2108. 1064. 2191. 2236.  929.]","[-16.65     4.757   69.587   -0.7935   0.       0.9766  -0.0967  -0.2905
   0.9536]",118
809,4,"[[-0.2485614  -0.30734632  0.32265368]
 [ 0.21277089 -0.30258014  0.32741986]
 [ 0.1365997  -0.09752362  0.53247638]
 [-0.1365997   0.09752362 -0.53247638]
 [ 0.2485614   0.30734632 -0.32265368]
 [-0.21277089  0.30258014 -0.32741986]]","[2210. 2248.  923. 2137. 2111. 1060. 1909. 2245.  926. 1885. 2248.  923.
 1958. 2111. 1060. 2186. 2245.  926.]","[2198. 2235.  926. 2120. 2109. 1062. 1904. 2236.  925. 1900. 2235.  924.
 1975. 2109. 1062. 2189. 2236.  927.]","[-16.677    4.768   69.626   -0.7935  -0.1221   1.1597  -0.0762  -0.2974
   0.9478]",118
810,4,"[[-0.25205276 -0.30712177  0.32287823]
 [ 0.20895268 -0.30277686  0.32722314]
 [ 0.14514125 -0.09986493  0.53013507]
 [-0.14514125  0.09986493 -0.53013507]
 [ 0.25205276  0.30712177 -0.32287823]
 [-0.20895268  0.30277686 -0.32722314]]","[2212. 2248.  923. 2142. 2113. 1058. 1911. 2245.  926. 1883. 2248.  923.
 1953. 2113. 1058. 2184. 2245.  926.]","[2201. 2235.  926. 2126. 2110. 1061. 1906. 2235.  925. 1898. 2235.  924.
 1970. 2110. 1061. 2186. 2236.  927.]","[-1.6710e+01  4.7790e+00  6.9670e+01 -1.0986e+00  0.0000e+00  6.7140e-01
 -6.8400e-02 -2.9980e-01  9.3600e-01]",118
811,4,"[[-0.25543868 -0.30688934  0.32311066]
 [ 0.20506479 -0.30297207  0.32702793]
 [ 0.15351263 -0.10245595  0.52754405]
 [-0.15351263  0.10245595 -0.52754405]
 [ 0.25543868  0.30688934 -0.32311066]
 [-0.20506479  0.30297207 -0.32702793]]","[2214. 2248.  923. 2148. 2114. 1057. 1914. 2245.  926. 1881. 2248.  923.
 1947. 2114. 1057. 2181. 2245.  926.]","[2203. 2235.  926. 2132. 2112. 1060. 1908. 2235.  925. 1896. 2235.  924.
 1964. 2112. 1060. 2184. 2236.  927.]","[-1.6754e+01  4.7850e+00  6.9686e+01 -1.3428e+00  2.4410e-01  6.1000e-02
 -6.6900e-02 -3.0180e-01  9.5120e-01]",118
812,4,"[[-0.25871775 -0.3066494   0.3233506 ]
 [ 0.20110821 -0.30316569  0.32683431]
 [ 0.16170678 -0.10529923  0.52470077]
 [-0.16170678  0.10529923 -0.52470077]
 [ 0.25871775  0.3066494  -0.3233506 ]
 [-0.20110821  0.30316569 -0.32683431]]","[2216. 2247.  924. 2153. 2116. 1055. 1916. 2245.  926. 1879. 2247.  924.
 1942. 2116. 1055. 2179. 2245.  926.]","[2205. 2235.  926. 2137. 2113. 1058. 1911. 2235.  925. 1893. 2235.  924.
 1958. 2113. 1058. 2182. 2236.  927.]","[-16.804    4.796   69.686   -0.9766   0.1831  -0.1831  -0.0898  -0.3096
   0.9702]",118
813,4,"[[-0.26188859 -0.3064023   0.3235977 ]
 [ 0.19708396 -0.30335764  0.32664236]
 [ 0.16971693 -0.10839713  0.52160287]
 [-0.16971693  0.10839713 -0.52160287]
 [ 0.26188859  0.3064023  -0.3235977 ]
 [-0.19708396  0.30335764 -0.32664236]]","[2218. 2247.  924. 2158. 2118. 1053. 1919. 2245.  926. 1877. 2247.  924.
 1937. 2118. 1053. 2176. 2245.  926.]","[2207. 2235.  927. 2143. 2115. 1057. 1914. 2235.  925. 1891. 2235.  924.
 1952. 2115. 1057. 2179. 2237.  927.]","[-16.842    4.796   69.675   -0.4883   0.       0.      -0.0933  -0.3115
   0.9463]",118
814,4,"[[-0.26494988 -0.30614842  0.32385158]
 [ 0.19299311 -0.30354786  0.32645214]
 [ 0.17753656 -0.11175185  0.51824815]
 [-0.17753656  0.11175185 -0.51824815]
 [ 0.26494988  0.30614842 -0.32385158]
 [-0.19299311  0.30354786 -0.32645214]]","[2220. 2247.  924. 2163. 2120. 1051. 1922. 2245.  926. 1875. 2247.  924.
 1932. 2120. 1051. 2173. 2245.  926.]","[2210. 2235.  927. 2148. 2116. 1055. 1916. 2235.  925. 1889. 2235.  925.
 1947. 2116. 1055. 2177. 2237.  927.]","[-16.864    4.796   69.681   -0.3662   0.       0.1831  -0.0879  -0.3101
   0.9512]",118
815,4,"[[-0.26790034 -0.30588811  0.32411189]
 [ 0.18883673 -0.30373626  0.32626374]
 [ 0.18515941 -0.11536544  0.51463456]
 [-0.18515941  0.11536544 -0.51463456]
 [ 0.26790034  0.30588811 -0.32411189]
 [-0.18883673  0.30373626 -0.32626374]]","[2222. 2247.  924. 2168. 2123. 1048. 1924. 2246.  925. 1873. 2247.  924.
 1927. 2123. 1048. 2171. 2246.  925.]","[2213. 2235.  927. 2155. 2119. 1053. 1919. 2235.  925. 1885. 2235.  925.
 1940. 2119. 1053. 2173. 2236.  927.]","[-1.6880e+01  4.8010e+00  6.9686e+01 -1.8310e-01  0.0000e+00  6.1000e-02
 -7.7600e-02 -2.9690e-01  9.5560e-01]",118
816,4,"[[-0.27073873 -0.30562175  0.32437825]
 [ 0.18461595 -0.30392277  0.32607723]
 [ 0.19257947 -0.11923972  0.51076028]
 [-0.19257947  0.11923972 -0.51076028]
 [ 0.27073873  0.30562175 -0.32437825]
 [-0.18461595  0.30392277 -0.32607723]]","[2224. 2247.  924. 2173. 2125. 1046. 1927. 2246.  925. 1871. 2247.  924.
 1922. 2125. 1046. 2168. 2246.  925.]","[2214. 2235.  927. 2159. 2121. 1051. 1920. 2235.  925. 1884. 2235.  925.
 1937. 2120. 1051. 2172. 2237.  927.]","[-16.886    4.801   69.686    0.1221   0.       0.      -0.0825  -0.2954
   0.9521]",118
817,4,"[[-0.27346387 -0.30534969  0.32465031]
 [ 0.18033191 -0.30410732  0.32589268]
 [ 0.19979102 -0.12337636  0.50662364]
 [-0.19979102  0.12337636 -0.50662364]
 [ 0.27346387  0.30534969 -0.32465031]
 [-0.18033191  0.30410732 -0.32589268]]","[2226. 2247.  924. 2178. 2128. 1043. 1930. 2246.  925. 1869. 2247.  924.
 1917. 2128. 1043. 2165. 2246.  925.]","[2217. 2235.  927. 2165. 2124. 1048. 1922. 2235.  925. 1881. 2235.  925.
 1930. 2123. 1048. 2168. 2237.  927.]","[-16.886    4.801   69.686    0.1831   0.      -0.1221  -0.0879  -0.293
   0.9463]",118
818,4,"[[-0.27607462 -0.30507231  0.32492769]
 [ 0.17598579 -0.30428984  0.32571016]
 [ 0.20678856 -0.12777683  0.50222317]
 [-0.20678856  0.12777683 -0.50222317]
 [ 0.27607462  0.30507231 -0.32492769]
 [-0.17598579  0.30428984 -0.32571016]]","[2227. 2246.  925. 2182. 2131. 1040. 1933. 2246.  925. 1868. 2246.  925.
 1913. 2131. 1040. 2162. 2246.  925.]","[2219. 2235.  927. 2170. 2127. 1046. 1925. 2235.  925. 1879. 2235.  926.
 1925. 2126. 1045. 2165. 2237.  927.]","[-1.6886e+01  4.8070e+00  6.9681e+01 -1.8310e-01  1.2210e-01 -6.1000e-02
 -8.5900e-02 -2.9300e-01  9.3800e-01]",118
819,4,"[[-0.27856988 -0.30478998  0.32521002]
 [ 0.1715788  -0.30447025  0.32552975]
 [ 0.21356689 -0.13244242  0.49755758]
 [-0.21356689  0.13244242 -0.49755758]
 [ 0.27856988  0.30478998 -0.32521002]
 [-0.1715788   0.30447025 -0.32552975]]","[2229. 2246.  925. 2187. 2134. 1037. 1936. 2246.  925. 1866. 2246.  925.
 1908. 2134. 1037. 2159. 2246.  925.]","[2220. 2235.  927. 2175. 2129. 1043. 1928. 2235.  925. 1877. 2235.  926.
 1920. 2129. 1043. 2162. 2237.  926.]","[-1.6897e+01  4.8120e+00  6.9681e+01 -4.8830e-01  6.1000e-02  1.2210e-01
 -7.7600e-02 -2.8810e-01  9.5210e-01]",118
820,4,"[[-0.28094861 -0.30450307  0.32549693]
 [ 0.16711216 -0.3046485   0.3253515 ]
 [ 0.22012105 -0.1373742   0.4926258 ]
 [-0.22012105  0.1373742  -0.4926258 ]
 [ 0.28094861  0.30450307 -0.32549693]
 [-0.16711216  0.3046485  -0.3253515 ]]","[2231. 2246.  925. 2191. 2137. 1034. 1939. 2246.  925. 1864. 2246.  925.
 1904. 2137. 1034. 2156. 2246.  925.]","[2222. 2235.  927. 2178. 2131. 1041. 1930. 2235.  925. 1876. 2235.  926.
 1917. 2131. 1041. 2160. 2237.  926.]","[-16.919    4.818   69.686   -0.4883   0.       0.1221  -0.0762  -0.2876
   0.9541]",118
821,4,"[[-0.28320981 -0.30421194  0.32578806]
 [ 0.16258714 -0.30482451  0.32517549]
 [ 0.22644635 -0.14257306  0.48742694]
 [-0.22644635  0.14257306 -0.48742694]
 [ 0.28320981  0.30421194 -0.32578806]
 [-0.16258714  0.30482451 -0.32517549]]","[2232. 2246.  925. 2195. 2140. 1031. 1942. 2246.  925. 1863. 2246.  925.
 1900. 2140. 1031. 2153. 2246.  925.]","[2225. 2235.  928. 2184. 2135. 1037. 1934. 2235.  925. 1874. 2235.  926.
 1911. 2135. 1037. 2157. 2237.  927.]","[-16.935    4.818   69.692   -0.4272   0.       0.1221  -0.0718  -0.2935
   0.9463]",118
822,4,"[[-0.28535255 -0.30391695  0.32608305]
 [ 0.15800504 -0.30499821  0.32500179]
 [ 0.23253834 -0.14803969  0.48196031]
 [-0.23253834  0.14803969 -0.48196031]
 [ 0.28535255  0.30391695 -0.32608305]
 [-0.15800504  0.30499821 -0.32500179]]","[2234. 2246.  925. 2199. 2144. 1027. 1944. 2246.  925. 1861. 2246.  925.
 1896. 2144. 1027. 2151. 2246.  925.]","[2227. 2235.  928. 2188. 2138. 1034. 1936. 2236.  925. 1872. 2234.  927.
 1907. 2138. 1034. 2154. 2237.  926.]","[-1.6957e+01  4.8180e+00  6.9692e+01 -5.4930e-01  6.1000e-02 -6.1000e-02
 -7.6700e-02 -2.9200e-01  9.4730e-01]",118
823,4,"[[-0.28737591 -0.30361848  0.32638152]
 [ 0.15336717 -0.30516955  0.32483045]
 [ 0.23839286 -0.15377456  0.47622544]
 [-0.23839286  0.15377456 -0.47622544]
 [ 0.28737591  0.30361848 -0.32638152]
 [-0.15336717  0.30516955 -0.32483045]]","[2235. 2245.  926. 2203. 2148. 1023. 1948. 2246.  925. 1860. 2245.  926.
 1892. 2148. 1023. 2147. 2246.  925.]","[2228. 2235.  928. 2191. 2140. 1032. 1939. 2235.  925. 1871. 2235.  927.
 1904. 2140. 1032. 2152. 2237.  926.]","[-1.6979e+01  4.8180e+00  6.9686e+01 -6.7140e-01  6.1000e-02 -1.2210e-01
 -8.7400e-02 -2.9350e-01  9.4920e-01]",118
824,4,"[[-0.28927907 -0.30331688  0.32668312]
 [ 0.14867487 -0.30533846  0.32466154]
 [ 0.24400598 -0.15977795  0.47022205]
 [-0.24400598  0.15977795 -0.47022205]
 [ 0.28927907  0.30331688 -0.32668312]
 [-0.14867487  0.30533846 -0.32466154]]","[2236. 2245.  926. 2207. 2152. 1019. 1951. 2247.  924. 1859. 2245.  926.
 1888. 2152. 1019. 2144. 2247.  924.]","[2230. 2235.  928. 2195. 2143. 1028. 1942. 2235.  925. 1869. 2235.  927.
 1899. 2145. 1029. 2149. 2237.  926.]","[-1.7007e+01  4.8180e+00  6.9681e+01 -6.7140e-01  6.1000e-02  0.0000e+00
 -9.5200e-02 -3.0030e-01  9.4970e-01]",118
825,4,"[[-0.29106121 -0.30301251  0.32698749]
 [ 0.14392953 -0.30550487  0.32449513]
 [ 0.24937405 -0.16604993  0.46395007]
 [-0.24937405  0.16604993 -0.46395007]
 [ 0.29106121  0.30301251 -0.32698749]
 [-0.14392953  0.30550487 -0.32449513]]","[2237. 2245.  926. 2210. 2156. 1015. 1954. 2247.  924. 1858. 2245.  926.
 1885. 2156. 1015. 2141. 2247.  924.]","[2233. 2235.  928. 2201. 2148. 1024. 1946. 2235.  925. 1867. 2234.  928.
 1894. 2149. 1024. 2145. 2238.  926.]","[-17.034    4.823   69.686   -0.7324   0.       0.1221  -0.0879  -0.2979
   0.9463]",118
826,4,"[[-0.2927216  -0.30270574  0.32729426]
 [ 0.13913255 -0.30566873  0.32433127]
 [ 0.25449365 -0.17259034  0.45740966]
 [-0.25449365  0.17259034 -0.45740966]
 [ 0.2927216   0.30270574 -0.32729426]
 [-0.13913255  0.30566873 -0.32433127]]","[2238. 2245.  926. 2213. 2160. 1011. 1957. 2247.  924. 1857. 2245.  926.
 1882. 2160. 1011. 2138. 2247.  924.]","[2234. 2235.  929. 2204. 2152. 1020. 1949. 2235.  924. 1866. 2235.  928.
 1891. 2153. 1020. 2142. 2238.  926.]","[-1.7062e+01  4.8280e+00  6.9686e+01 -6.7140e-01  6.1000e-02  1.2210e-01
 -7.9100e-02 -3.0080e-01  9.4970e-01]",118
827,4,"[[-0.29425954 -0.30239691  0.32760309]
 [ 0.13428535 -0.30582997  0.32417003]
 [ 0.25936163 -0.17939882  0.45060118]
 [-0.25936163  0.17939882 -0.45060118]
 [ 0.29425954  0.30239691 -0.32760309]
 [-0.13428535  0.30582997 -0.32417003]]","[2239. 2245.  926. 2217. 2164. 1007. 1960. 2247.  924. 1856. 2245.  926.
 1878. 2164. 1007. 2135. 2247.  924.]","[2235. 2235.  929. 2206. 2155. 1017. 1951. 2236.  925. 1865. 2235.  928.
 1889. 2155. 1017. 2140. 2238.  926.]","[-1.7089e+01  4.8340e+00  6.9692e+01 -6.7140e-01  6.1000e-02  6.1000e-02
 -7.8100e-02 -3.0080e-01  9.5020e-01]",118
828,4,"[[-0.29567439 -0.30208638  0.32791362]
 [ 0.12938938 -0.30598854  0.32401146]
 [ 0.26397509 -0.18647482  0.44352518]
 [-0.26397509  0.18647482 -0.44352518]
 [ 0.29567439  0.30208638 -0.32791362]
 [-0.12938938  0.30598854 -0.32401146]]","[2240. 2244.  927. 2220. 2169. 1002. 1963. 2247.  924. 1855. 2244.  927.
 1875. 2169. 1002. 2132. 2247.  924.]","[2236. 2235.  929. 2212. 2160. 1012. 1955. 2236.  925. 1863. 2234.  928.
 1884. 2160. 1012. 2136. 2238.  926.]","[-17.117    4.839   69.697   -0.7935   0.       0.1221  -0.0815  -0.3027
   0.9404]",118
829,4,"[[-0.29696555 -0.3017745   0.3282255 ]
 [ 0.12444612 -0.30614438  0.32385562]
 [ 0.26833139 -0.19381752  0.43618248]
 [-0.26833139  0.19381752 -0.43618248]
 [ 0.29696555  0.3017745  -0.3282255 ]
 [-0.12444612  0.30614438 -0.32385562]]","[2241. 2244.  927. 2222. 2174.  997. 1966. 2247.  924. 1854. 2244.  927.
 1873. 2174.  997. 2129. 2247.  924.]","[2237. 2235.  929. 2214. 2163. 1009. 1957. 2236.  926. 1862. 2234.  928.
 1881. 2163. 1009. 2134. 2238.  926.]","[-17.15     4.839   69.703   -0.8545   0.       0.1831  -0.084   -0.3071
   0.9438]",118
830,4,"[[-0.29813249 -0.30146161  0.32853839]
 [ 0.11945708 -0.30629743  0.32370257]
 [ 0.27242811 -0.20142593  0.42857407]
 [-0.27242811  0.20142593 -0.42857407]
 [ 0.29813249  0.30146161 -0.32853839]
 [-0.11945708  0.30629743 -0.32370257]]","[2242. 2244.  927. 2225. 2179.  992. 1970. 2247.  924. 1853. 2244.  927.
 1870. 2179.  992. 2125. 2247.  924.]","[2239. 2235.  929. 2217. 2168. 1005. 1960. 2236.  926. 1861. 2235.  928.
 1878. 2167. 1005. 2131. 2239.  926.]","[-17.183    4.845   69.708   -0.7324   0.       0.3052  -0.0903  -0.3115
   0.96  ]",118
831,4,"[[-0.29917472 -0.30114805  0.32885195]
 [ 0.11442379 -0.30644764  0.32355236]
 [ 0.27626312 -0.20929883  0.42070117]
 [-0.27626312  0.20929883 -0.42070117]
 [ 0.29917472  0.30114805 -0.32885195]
 [-0.11442379  0.30644764 -0.32355236]]","[2243. 2244.  927. 2228. 2184.  987. 1973. 2247.  924. 1852. 2244.  927.
 1867. 2184.  987. 2122. 2247.  924.]","[2240. 2235.  929. 2220. 2172. 1000. 1963. 2236.  926. 1860. 2234.  929.
 1876. 2172. 1000. 2128. 2239.  926.]","[-17.21     4.85    69.725   -0.5493   0.       0.3662  -0.082   -0.3042
   0.9463]",118
832,4,"[[-0.30009179 -0.30083416  0.32916584]
 [ 0.10934779 -0.30659496  0.32340504]
 [ 0.27983449 -0.21743477  0.41256523]
 [-0.27983449  0.21743477 -0.41256523]
 [ 0.30009179  0.30083416 -0.32916584]
 [-0.10934779  0.30659496 -0.32340504]]","[2243. 2244.  927. 2230. 2189.  982. 1976. 2247.  924. 1852. 2244.  927.
 1865. 2189.  982. 2119. 2247.  924.]","[2241. 2235.  929. 2223. 2178.  994. 1967. 2235.  925. 1857. 2235.  929.
 1872. 2179.  994. 2124. 2239.  925.]","[-17.232    4.856   69.741   -0.4883   0.       0.3052  -0.0796  -0.3076
   0.9473]",118
833,4,"[[-0.30088334 -0.30052027  0.32947973]
 [ 0.10423066 -0.30673934  0.32326066]
 [ 0.28314057 -0.22583208  0.40416792]
 [-0.28314057  0.22583208 -0.40416792]
 [ 0.30088334  0.30052027 -0.32947973]
 [-0.10423066  0.30673934 -0.32326066]]","[2244. 2243.  928. 2232. 2195.  976. 1980. 2247.  924. 1851. 2243.  928.
 1863. 2195.  976. 2115. 2247.  924.]","[2242. 2234.  929. 2225. 2182.  993. 1970. 2236.  925. 1857. 2235.  929.
 1869. 2182.  990. 2121. 2239.  925.]","[-17.254    4.856   69.752   -0.3662   0.       0.2441  -0.082   -0.3062
   0.9531]",118
834,4,"[[-0.30154903 -0.30020671  0.32979329]
 [ 0.09907401 -0.30688072  0.32311928]
 [ 0.28617992 -0.2344889   0.3955111 ]
 [-0.28617992  0.2344889  -0.3955111 ]
 [ 0.30154903  0.30020671 -0.32979329]
 [-0.09907401  0.30688072 -0.32311928]]","[2244. 2243.  928. 2234. 2200.  971. 1983. 2248.  923. 1851. 2243.  928.
 1861. 2200.  971. 2112. 2248.  923.]","[2242. 2234.  930. 2228. 2184.  988. 1973. 2236.  925. 1856. 2235.  929.
 1867. 2187.  985. 2119. 2239.  925.]","[-1.7265e+01  4.8560e+00  6.9758e+01 -2.4410e-01 -6.1000e-02  1.8310e-01
 -8.4000e-02 -3.0660e-01  9.4920e-01]",118
835,4,"[[-0.30208863 -0.29989379  0.33010621]
 [ 0.09387945 -0.30701906  0.32298094]
 [ 0.28895136 -0.24340311  0.38659689]
 [-0.28895136  0.24340311 -0.38659689]
 [ 0.30208863  0.29989379 -0.33010621]
 [-0.09387945  0.30701906 -0.32298094]]","[2244. 2243.  928. 2236. 2206.  965. 1986. 2248.  923. 1851. 2243.  928.
 1859. 2206.  965. 2109. 2248.  923.]","[2243. 2235.  930. 2230. 2188.  983. 1977. 2236.  925. 1855. 2235.  929.
 1865. 2192.  980. 2115. 2239.  925.]","[-17.271    4.85    69.769    0.1831  -0.2441   0.1221  -0.0771  -0.3115
   0.981 ]",118
836,4,"[[-0.30250217 -0.29958185  0.33041815]
 [ 0.0886486  -0.30715431  0.32284569]
 [ 0.29145396 -0.2525724   0.3774276 ]
 [-0.29145396  0.2525724  -0.3774276 ]
 [ 0.30250217  0.29958185 -0.33041815]
 [-0.0886486   0.30715431 -0.32284569]]","[2245. 2243.  928. 2237. 2212.  959. 1990. 2248.  923. 1850. 2243.  928.
 1858. 2212.  959. 2105. 2248.  923.]","[2243. 2235.  930. 2232. 2194.  976. 1981. 2236.  925. 1854. 2234.  929.
 1863. 2198.  977. 2112. 2239.  924.]","[-1.7254e+01  4.8450e+00  6.9774e+01  6.1040e-01 -1.2210e-01  6.1000e-02
 -8.7400e-02 -3.0960e-01  9.2190e-01]",118
837,4,"[[-0.30279056 -0.29927118  0.33072882]
 [ 0.083383   -0.30728641  0.32271359]
 [ 0.2936871  -0.26199423  0.36800577]
 [-0.2936871   0.26199423 -0.36800577]
 [ 0.30279056  0.29927118 -0.33072882]
 [-0.083383    0.30728641 -0.32271359]]","[2245. 2243.  928. 2239. 2218.  953. 1993. 2248.  923. 1850. 2243.  928.
 1856. 2218.  953. 2102. 2248.  923.]","[2244. 2235.  931. 2234. 2198.  972. 1985. 2236.  925. 1854. 2235.  929.
 1860. 2202.  970. 2108. 2240.  924.]","[-17.249    4.845   69.78     0.1831   0.       0.1221  -0.085   -0.3164
   0.9243]",118
838,4,"[[-0.30295529 -0.29896208  0.33103792]
 [ 0.07808319 -0.30741534  0.32258466]
 [ 0.29565112 -0.27166585  0.35833415]
 [-0.29565112  0.27166585 -0.35833415]
 [ 0.30295529  0.29896208 -0.33103792]
 [-0.07808319  0.30741534 -0.32258466]]","[2245. 2242.  929. 2240. 2225.  946. 1997. 2248.  923. 1850. 2242.  929.
 1855. 2225.  946. 2098. 2248.  923.]","[2244. 2235.  931. 2235. 2203.  967. 1988. 2236.  924. 1853. 2235.  929.
 1859. 2205.  965. 2105. 2239.  924.]","[-17.265    4.834   69.785   -0.4272  -0.3662   0.      -0.0708  -0.3159
   1.0137]",118
839,4,"[[-0.30295521 -0.29865477  0.33134523]
 [ 0.07274352 -0.30754104  0.32245896]
 [ 0.29735081 -0.28158427  0.34841573]
 [-0.29735081  0.28158427 -0.34841573]
 [ 0.30295521  0.29865477 -0.33134523]
 [-0.07274352  0.30754104 -0.32245896]]","[2245. 2242.  929. 2241. 2231.  940. 2000. 2248.  923. 1850. 2242.  929.
 1854. 2231.  940. 2095. 2248.  923.]","[2245. 2235.  932. 2237. 2206.  963. 1991. 2236.  924. 1852. 2235.  930.
 1858. 2210.  960. 2102. 2239.  924.]","[-17.216    4.801   69.796    1.8311  -0.7935   0.      -0.082   -0.3071
   0.9839]",118
840,4,"[[-0.30261453 -0.2983491   0.3316509 ]
 [ 0.06734695 -0.30766347  0.32233653]
 [ 0.2987951  -0.29174637  0.33825363]
 [-0.2987951   0.29174637 -0.33825363]
 [ 0.30261453  0.2983491  -0.3316509 ]
 [-0.06734695  0.30766347 -0.32233653]]","[2245. 2242.  929. 2242. 2238.  933. 2004. 2248.  923. 1850. 2242.  929.
 1853. 2238.  933. 2091. 2248.  923.]","[2245. 2235.  933. 2238. 2210.  960. 1994. 2236.  924. 1852. 2235.  929.
 1857. 2214.  956. 2100. 2239.  924.]","[-17.122    4.779   69.802    2.6855  -0.6104   0.      -0.0723  -0.3301
   0.8862]",118
841,4,"[[-0.30187062 -0.29804485  0.33195515]
 [ 0.06188565 -0.3077826   0.3222174 ]
 [ 0.29998015 -0.29355093  0.33644907]
 [-0.29998015  0.29355093 -0.33644907]
 [ 0.30187062  0.29804485 -0.33195515]
 [-0.06188565  0.3077826  -0.3222174 ]]","[2244. 2242.  929. 2243. 2239.  932. 2007. 2248.  923. 1851. 2242.  929.
 1852. 2239.  932. 2088. 2248.  923.]","[2246. 2235.  933. 2239. 2214.  956. 1998. 2237.  924. 1852. 2235.  930.
 1856. 2217.  953. 2098. 2239.  924.]","[-17.1      4.746   69.785    0.1831  -0.6104  -0.9155  -0.0786  -0.3125
   0.9478]",118
842,4,"[[-0.30072725 -0.2977423   0.3322577 ]
 [ 0.05635994 -0.3078984   0.3221016 ]
 [ 0.30089889 -0.29371053  0.33628947]
 [-0.30089889  0.29371053 -0.33628947]
 [ 0.30072725  0.2977423  -0.3322577 ]
 [-0.05635994  0.3078984  -0.3221016 ]]","[2244. 2242.  929. 2244. 2239.  932. 2011. 2248.  923. 1851. 2242.  929.
 1851. 2239.  932. 2084. 2248.  923.]","[2246. 2235.  934. 2240. 2216.  954. 2001. 2238.  924. 1852. 2236.  930.
 1856. 2219.  950. 2098. 2239.  924.]","[-1.7100e+01  4.7240e+00  6.9741e+01  3.0520e-01  6.1000e-02 -1.2207e+00
 -8.3500e-02 -2.8470e-01  9.5610e-01]",118
843,4,"[[-0.29918631 -0.29744178  0.33255822]
 [ 0.05077122 -0.30801083  0.32198917]
 [ 0.30154679 -0.29387364  0.33612636]
 [-0.30154679  0.29387364 -0.33612636]
 [ 0.29918631  0.29744178 -0.33255822]
 [-0.05077122  0.30801083 -0.32198917]]","[2243. 2241.  930. 2244. 2239.  932. 2014. 2248.  923. 1852. 2241.  930.
 1851. 2239.  932. 2081. 2248.  923.]","[2246. 2235.  933. 2242. 2218.  952. 2005. 2239.  924. 1852. 2236.  930.
 1855. 2220.  948. 2093. 2239.  925.]","[-1.7078e+01  4.7080e+00  6.9686e+01  8.5450e-01 -6.1000e-02 -1.5259e+00
 -9.3800e-02 -2.9590e-01  9.5950e-01]",118
844,4,"[[-0.29724984 -0.2971436   0.3328564 ]
 [ 0.04512117 -0.30811985  0.32188015]
 [ 0.30191928 -0.2940402   0.3359598 ]
 [-0.30191928  0.2940402  -0.3359598 ]
 [ 0.29724984  0.2971436  -0.3328564 ]
 [-0.04512117  0.30811985 -0.32188015]]","[2241. 2241.  930. 2244. 2239.  932. 2018. 2248.  923. 1854. 2241.  930.
 1851. 2239.  932. 2077. 2248.  923.]","[2247. 2235.  933. 2242. 2218.  952. 2008. 2240.  924. 1852. 2236.  930.
 1855. 2220.  947. 2090. 2239.  924.]","[-17.073    4.691   69.631    0.2441   0.      -1.3428  -0.1099  -0.2749
   0.9141]",118
845,4,"[[-0.29492042 -0.29684809  0.33315191]
 [ 0.03941165 -0.30822544  0.32177456]
 [ 0.30202967 -0.29421013  0.33578987]
 [-0.30202967  0.29421013 -0.33578987]
 [ 0.29492042  0.29684809 -0.33315191]
 [-0.03941165  0.30822544 -0.32177456]]","[2240. 2241.  930. 2244. 2239.  932. 2022. 2248.  923. 1855. 2241.  930.
 1851. 2239.  932. 2073. 2248.  923.]","[2245. 2235.  933. 2242. 2219.  952. 2011. 2240.  924. 1853. 2236.  931.
 1855. 2221.  946. 2086. 2239.  925.]","[-1.7067e+01  4.6910e+00  6.9598e+01  1.8310e-01  6.1000e-02 -5.4930e-01
 -8.9800e-02 -2.8860e-01  9.4820e-01]",118
846,4,"[[-0.29220112 -0.29655555  0.33344445]
 [ 0.03364465 -0.30832756  0.32167244]
 [ 0.30199673 -0.2943831   0.3356169 ]
 [-0.30199673  0.2943831  -0.3356169 ]
 [ 0.29220112  0.29655555 -0.33344445]
 [-0.03364465  0.30832756 -0.32167244]]","[2238. 2241.  930. 2244. 2239.  932. 2026. 2248.  922. 1857. 2241.  930.
 1851. 2239.  932. 2069. 2248.  922.]","[2244. 2235.  933. 2242. 2219.  951. 2015. 2240.  924. 1853. 2236.  931.
 1855. 2221.  946. 2082. 2239.  925.]","[-1.7067e+01  4.7020e+00  6.9587e+01  6.1000e-02  1.2210e-01 -1.8310e-01
 -7.3200e-02 -2.9790e-01  9.5610e-01]",118
847,4,"[[-0.28909553 -0.2962663   0.3337337 ]
 [ 0.02782227 -0.30842619  0.32157381]
 [ 0.30190297 -0.29455852  0.33544148]
 [-0.30190297  0.29455852 -0.33544148]
 [ 0.28909553  0.2962663  -0.3337337 ]
 [-0.02782227  0.30842619 -0.32157381]]","[2236. 2241.  930. 2244. 2240.  931. 2029. 2249.  922. 1859. 2241.  930.
 1851. 2240.  931. 2066. 2249.  922.]","[2243. 2235.  933. 2242. 2219.  951. 2019. 2240.  923. 1855. 2236.  930.
 1855. 2221.  946. 2078. 2239.  925.]","[-1.7062e+01  4.7020e+00  6.9593e+01  6.1000e-02  0.0000e+00  1.8310e-01
 -6.5400e-02 -2.9980e-01  9.2580e-01]",118
848,4,"[[-0.28560777 -0.29598066  0.33401934]
 [ 0.02194674 -0.30852129  0.32147871]
 [ 0.30175168 -0.29473615  0.33526385]
 [-0.30175168  0.29473615 -0.33526385]
 [ 0.28560777  0.29598066 -0.33401934]
 [-0.02194674  0.30852129 -0.32147871]]","[2234. 2240.  931. 2244. 2240.  931. 2033. 2249.  922. 1861. 2240.  931.
 1851. 2240.  931. 2062. 2249.  922.]","[2242. 2235.  934. 2242. 2219.  951. 2023. 2241.  923. 1857. 2236.  930.
 1855. 2221.  946. 2075. 2239.  925.]","[-1.7067e+01  4.7020e+00  6.9609e+01 -1.2210e-01 -1.8310e-01  3.6620e-01
 -5.4200e-02 -3.0910e-01  9.5850e-01]",118
849,4,"[[-0.28174244 -0.29569893  0.33430107]
 [ 0.0160204  -0.30861283  0.32138717]
 [ 0.30153648 -0.29491586  0.33508414]
 [-0.30153648  0.29491586 -0.33508414]
 [ 0.28174244  0.29569893 -0.33430107]
 [-0.0160204   0.30861283 -0.32138717]]","[2231. 2240.  931. 2244. 2240.  931. 2037. 2249.  922. 1864. 2240.  931.
 1851. 2240.  931. 2058. 2249.  922.]","[2240. 2235.  933. 2242. 2219.  951. 2027. 2241.  923. 1859. 2237.  930.
 1855. 2221.  946. 2071. 2239.  924.]","[-1.7073e+01  4.6970e+00  6.9620e+01 -6.1000e-02 -1.2210e-01  1.2210e-01
 -7.0300e-02 -3.1050e-01  9.4380e-01]",118
850,4,"[[-0.27750465 -0.29542142  0.33457858]
 [ 0.01004571 -0.30870078  0.32129922]
 [ 0.30125285 -0.29509756  0.33490244]
 [-0.30125285  0.29509756 -0.33490244]
 [ 0.27750465  0.29542142 -0.33457858]
 [-0.01004571  0.30870078 -0.32129922]]","[2228. 2240.  931. 2244. 2240.  931. 2041. 2249.  922. 1867. 2240.  931.
 1851. 2240.  931. 2054. 2249.  922.]","[2239. 2235.  934. 2242. 2219.  951. 2029. 2242.  923. 1860. 2237.  930.
 1855. 2221.  946. 2069. 2239.  924.]","[-17.073    4.691   69.62     0.       0.       0.      -0.0874  -0.3042
   0.9541]",118
851,4,"[[-0.27290001 -0.29514844  0.33485156]
 [ 0.00402522 -0.30878512  0.32121488]
 [ 0.30089776 -0.29528115  0.33471885]
 [-0.30089776  0.29528115 -0.33471885]
 [ 0.27290001  0.29514844 -0.33485156]
 [-0.00402522  0.30878512 -0.32121488]]","[2225. 2240.  931. 2244. 2240.  931. 2045. 2249.  922. 1870. 2240.  931.
 1851. 2240.  931. 2050. 2249.  922.]","[2236. 2235.  934. 2242. 2219.  951. 2033. 2242.  923. 1862. 2236.  931.
 1855. 2221.  946. 2063. 2239.  924.]","[-1.7073e+01  4.6910e+00  6.9620e+01  1.2210e-01  0.0000e+00 -6.1000e-02
 -8.8400e-02 -2.9200e-01  9.4430e-01]",118
852,4,"[[-0.2679346  -0.29488027  0.33511973]
 [-0.0020384  -0.30886582  0.32113418]
 [ 0.30046887 -0.29546654  0.33453346]
 [-0.30046887  0.29546654 -0.33453346]
 [ 0.2679346   0.29488027 -0.33511973]
 [ 0.0020384   0.30886582 -0.32113418]]","[2222. 2240.  931. 2243. 2240.  931. 2049. 2249.  922. 1873. 2240.  931.
 1852. 2240.  931. 2046. 2249.  922.]","[2235. 2234.  934. 2242. 2219.  951. 2035. 2242.  923. 1863. 2236.  931.
 1854. 2220.  946. 2061. 2239.  925.]","[-1.7073e+01  4.6910e+00  6.9609e+01  0.0000e+00  6.1000e-02 -2.4410e-01
 -8.5900e-02 -2.8420e-01  9.5460e-01]",118
853,4,"[[-0.26261498 -0.29461723  0.33538277]
 [-0.00814236 -0.30894285  0.32105715]
 [ 0.29996415 -0.29565364  0.33434636]
 [-0.29996415  0.29565364 -0.33434636]
 [ 0.26261498  0.29461723 -0.33538277]
 [ 0.00814236  0.30894285 -0.32105715]]","[2219. 2240.  931. 2243. 2240.  931. 2053. 2249.  922. 1876. 2240.  931.
 1852. 2240.  931. 2042. 2249.  922.]","[2234. 2235.  934. 2242. 2219.  951. 2038. 2242.  923. 1866. 2236.  931.
 1855. 2221.  946. 2057. 2239.  924.]","[-1.7073e+01  4.6970e+00  6.9604e+01  0.0000e+00  6.1000e-02 -1.8310e-01
 -8.8400e-02 -2.8610e-01  9.4780e-01]",118
854,4,"[[-0.25694819 -0.2943596   0.3356404 ]
 [-0.0142838  -0.30901618  0.32098382]
 [ 0.29938164 -0.29584234  0.33415766]
 [-0.29938164  0.29584234 -0.33415766]
 [ 0.25694819  0.2943596  -0.3356404 ]
 [ 0.0142838   0.30901618 -0.32098382]]","[2215. 2239.  932. 2243. 2240.  931. 2057. 2249.  922. 1880. 2239.  932.
 1852. 2240.  931. 2038. 2249.  922.]","[2231. 2235.  934. 2242. 2219.  951. 2042. 2242.  923. 1870. 2237.  931.
 1855. 2221.  946. 2053. 2239.  925.]","[-1.7073e+01  4.6970e+00  6.9609e+01  0.0000e+00  0.0000e+00  1.2210e-01
 -6.8800e-02 -2.8610e-01  9.5650e-01]",118
855,4,"[[-0.25094173 -0.29410767  0.33589233]
 [-0.0204597  -0.30908579  0.32091421]
 [ 0.29871944 -0.29603257  0.33396743]
 [-0.29871944  0.29603257 -0.33396743]
 [ 0.25094173  0.29410767 -0.33589233]
 [ 0.0204597   0.30908579 -0.32091421]]","[2211. 2239.  932. 2242. 2240.  930. 2061. 2249.  922. 1884. 2239.  932.
 1853. 2240.  930. 2034. 2249.  922.]","[2230. 2234.  934. 2242. 2219.  951. 2044. 2243.  923. 1872. 2237.  931.
 1855. 2221.  946. 2050. 2239.  924.]","[-1.7073e+01  4.6970e+00  6.9615e+01  0.0000e+00  0.0000e+00  6.1000e-02
 -7.7100e-02 -2.9390e-01  9.5120e-01]",118
856,4,"[[-0.24460352 -0.29386172  0.33613828]
 [-0.02666699 -0.30915166  0.32084834]
 [ 0.29797566 -0.29622423  0.33377577]
 [-0.29797566  0.29622423 -0.33377577]
 [ 0.24460352  0.29386172 -0.33613828]
 [ 0.02666699  0.30915166 -0.32084834]]","[2207. 2239.  932. 2242. 2241.  930. 2065. 2249.  922. 1888. 2239.  932.
 1853. 2241.  930. 2030. 2249.  922.]","[2227. 2234.  935. 2242. 2219.  950. 2048. 2242.  923. 1876. 2237.  931.
 1855. 2221.  946. 2048. 2239.  924.]","[-1.7073e+01  4.6970e+00  6.9615e+01 -6.1000e-02  0.0000e+00  0.0000e+00
 -8.5900e-02 -2.9690e-01  9.4530e-01]",118
857,4,"[[-0.23794196 -0.29362202  0.33637798]
 [-0.03290247 -0.30921375  0.32078625]
 [ 0.29714842 -0.29641724  0.33358276]
 [-0.29714842  0.29641724 -0.33358276]
 [ 0.23794196  0.29362202 -0.33637798]
 [ 0.03290247  0.30921375 -0.32078625]]","[2203. 2239.  932. 2241. 2241.  930. 2069. 2249.  922. 1892. 2239.  932.
 1854. 2241.  930. 2026. 2249.  922.]","[2223. 2234.  935. 2242. 2219.  951. 2053. 2243.  923. 1880. 2237.  931.
 1855. 2221.  946. 2042. 2239.  924.]","[-1.7078e+01  4.6910e+00  6.9609e+01 -1.8310e-01  0.0000e+00 -1.2210e-01
 -6.6400e-02 -3.0180e-01  9.4680e-01]",118
858,4,"[[-0.23096584 -0.29134402  0.33865598]
 [-0.03916283 -0.30927205  0.32072795]
 [ 0.29623583 -0.2966115   0.3333885 ]
 [-0.29623583  0.2966115  -0.3333885 ]
 [ 0.23096584  0.29134402 -0.33865598]
 [ 0.03916283  0.30927205 -0.32072795]]","[2198. 2237.  934. 2241. 2241.  930. 2073. 2249.  922. 1897. 2237.  934.
 1854. 2241.  930. 2022. 2249.  922.]","[2220. 2234.  935. 2241. 2219.  950. 2057. 2243.  923. 1883. 2236.  932.
 1855. 2222.  946. 2039. 2239.  925.]","[-17.084    4.68    69.598   -0.1221  -0.1221  -0.3662  -0.0835  -0.3179
   0.9556]",118
859,4,"[[-0.22368438 -0.27625294  0.35374706]
 [-0.04544469 -0.30932654  0.32067346]
 [ 0.29523602 -0.29680694  0.33319306]
 [-0.29523602  0.29680694 -0.33319306]
 [ 0.22368438  0.27625294 -0.35374706]
 [ 0.04544469  0.30932654 -0.32067346]]","[2193. 2228.  943. 2240. 2241.  930. 2077. 2249.  922. 1902. 2228.  943.
 1855. 2241.  930. 2018. 2249.  922.]","[2217. 2234.  935. 2241. 2219.  950. 2059. 2243.  923. 1886. 2236.  932.
 1855. 2222.  946. 2036. 2239.  924.]","[-1.7100e+01  4.6750e+00  6.9598e+01 -3.0520e-01 -1.8310e-01  6.1000e-02
 -9.1800e-02 -3.2710e-01  9.3120e-01]",118
860,4,"[[-0.21610723 -0.26163224  0.36836776]
 [-0.05174455 -0.30937718  0.32062282]
 [ 0.29414713 -0.29700345  0.33299655]
 [-0.29414713  0.29700345 -0.33299655]
 [ 0.21610723  0.26163224 -0.36836776]
 [ 0.05174455  0.30937718 -0.32062282]]","[2188. 2218.  953. 2239. 2241.  930. 2081. 2249.  922. 1907. 2218.  953.
 1856. 2241.  930. 2014. 2249.  922.]","[2213. 2231.  938. 2241. 2220.  950. 2063. 2243.  923. 1891. 2233.  934.
 1855. 2222.  946. 2033. 2239.  924.]","[-17.111    4.675   69.631   -0.1221  -0.2441   0.6714  -0.0801  -0.3198
   0.9448]",118
861,4,"[[-0.20824438 -0.24749876  0.38250124]
 [-0.05805883 -0.30942396  0.32057604]
 [ 0.29296732 -0.29720096  0.33279904]
 [-0.29296732  0.29720096 -0.33279904]
 [ 0.20824438  0.24749876 -0.38250124]
 [ 0.05805883  0.30942396 -0.32057604]]","[2183. 2209.  962. 2238. 2241.  930. 2085. 2249.  922. 1912. 2209.  962.
 1857. 2241.  930. 2010. 2249.  922.]","[2207. 2223.  940. 2241. 2220.  949. 2069. 2243.  923. 1897. 2227.  940.
 1855. 2222.  946. 2029. 2238.  924.]","[-1.7117e+01  4.6690e+00  6.9659e+01  6.1000e-02 -3.0520e-01  6.7140e-01
 -9.2300e-02 -3.1400e-01  9.6390e-01]",118
862,4,"[[-0.20010624 -0.23386892  0.39613108]
 [-0.06438385 -0.30946685  0.32053315]
 [ 0.29169476 -0.29739939  0.33260061]
 [-0.29169476  0.29739939 -0.33260061]
 [ 0.20010624  0.23386892 -0.39613108]
 [ 0.06438385  0.30946685 -0.32053315]]","[2178. 2200.  971. 2238. 2241.  930. 2089. 2249.  922. 1917. 2200.  971.
 1857. 2241.  930. 2006. 2249.  922.]","[2200. 2217.  948. 2241. 2220.  948. 2072. 2243.  923. 1901. 2224.  947.
 1856. 2222.  945. 2026. 2239.  924.]","[-1.7100e+01  4.6580e+00  6.9675e+01  3.6620e-01 -4.8830e-01  2.4410e-01
 -6.4900e-02 -2.5930e-01  9.2090e-01]",118
863,4,"[[-0.19170356 -0.22075862  0.40924138]
 [-0.07071585 -0.30950585  0.32049415]
 [ 0.29032764 -0.29759864  0.33240136]
 [-0.29032764  0.29759864 -0.33240136]
 [ 0.19170356  0.22075862 -0.40924138]
 [ 0.07071585  0.30950585 -0.32049415]]","[2172. 2191.  980. 2237. 2242.  929. 2094. 2249.  922. 1923. 2191.  980.
 1858. 2242.  929. 2001. 2249.  922.]","[2195. 2212.  953. 2241. 2220.  946. 2074. 2242.  923. 1905. 2218.  953.
 1857. 2222.  945. 2024. 2239.  924.]","[-1.7095e+01  4.6360e+00  6.9653e+01  1.2210e-01 -3.0520e-01 -6.1040e-01
 -5.6200e-02 -2.1780e-01  9.9510e-01]",118
864,4,"[[-0.18304745 -0.20818328  0.42181672]
 [-0.07705099 -0.30954092  0.32045908]
 [ 0.28886418 -0.29779864  0.33220136]
 [-0.28886418  0.29779864 -0.33220136]
 [ 0.18304745  0.20818328 -0.42181672]
 [ 0.07705099  0.30954092 -0.32045908]]","[2167. 2183.  988. 2236. 2242.  929. 2098. 2249.  922. 1928. 2183.  988.
 1859. 2242.  929. 1997. 2249.  922.]","[2187. 2206.  962. 2238. 2220.  944. 2080. 2242.  923. 1912. 2210.  962.
 1858. 2222.  944. 2020. 2239.  924.]","[-1.7084e+01  4.6140e+00  6.9615e+01  0.0000e+00 -1.2210e-01 -1.0376e+00
 -3.9100e-02 -2.0610e-01  9.3020e-01]",118
865,4,"[[-0.17414936 -0.19615779  0.43384221]
 [-0.08338532 -0.30957205  0.32042795]
 [ 0.28730264 -0.29799931  0.33200069]
 [-0.28730264  0.29799931 -0.33200069]
 [ 0.17414936  0.19615779 -0.43384221]
 [ 0.08338532  0.30957205 -0.32042795]]","[2161. 2175.  996. 2235. 2242.  929. 2102. 2249.  922. 1934. 2175.  996.
 1860. 2242.  929. 1993. 2249.  922.]","[2180. 2202.  971. 2235. 2220.  942. 2085. 2242.  923. 1920. 2201.  971.
 1859. 2223.  943. 2014. 2239.  923.]","[-17.106    4.537   69.56    -1.0376  -1.2207  -1.77    -0.0815  -0.1948
   0.9126]",118
866,4,"[[-0.16502104 -0.18469649  0.44530351]
 [-0.08971485 -0.30959923  0.32040077]
 [ 0.28564131 -0.29820055  0.33179945]
 [-0.28564131  0.29820055 -0.33179945]
 [ 0.16502104  0.18469649 -0.44530351]
 [ 0.08971485  0.30959923 -0.32040077]]","[2155. 2168. 1003. 2234. 2242.  929. 2106. 2249.  922. 1940. 2168. 1003.
 1861. 2242.  929. 1989. 2249.  922.]","[2173. 2193.  980. 2234. 2220.  942. 2090. 2242.  923. 1924. 2193.  980.
 1860. 2224.  942. 2009. 2240.  923.]","[-17.166    4.471   69.538   -2.2583  -1.5869  -1.1597  -0.1763  -0.2305
   1.0049]",118
867,4,"[[-0.15567458 -0.17381317  0.45618683]
 [-0.09603547 -0.30962242  0.32037758]
 [ 0.28387851 -0.2984023   0.3315977 ]
 [-0.28387851  0.2984023  -0.3315977 ]
 [ 0.15567458  0.17381317 -0.45618683]
 [ 0.09603547  0.30962242 -0.32037758]]","[2149. 2161. 1010. 2233. 2242.  929. 2110. 2249.  922. 1946. 2161. 1010.
 1862. 2242.  929. 1985. 2249.  922.]","[2167. 2185.  987. 2232. 2220.  942. 2094. 2241.  923. 1928. 2185.  988.
 1861. 2225.  941. 2003. 2240.  923.]","[-17.21     4.438   69.598   -1.8921  -1.5869   1.0376  -0.1362  -0.2588
   0.9727]",118
868,4,"[[-0.14612231 -0.16352103  0.46647897]
 [-0.10234304 -0.30964163  0.32035837]
 [ 0.28201261 -0.29860447  0.33139553]
 [-0.28201261  0.29860447 -0.33139553]
 [ 0.14612231  0.16352103 -0.46647897]
 [ 0.10234304  0.30964163 -0.32035837]]","[2143. 2154. 1017. 2231. 2242.  929. 2114. 2249.  922. 1952. 2154. 1017.
 1864. 2242.  929. 1981. 2249.  922.]","[2159. 2177.  996. 2231. 2220.  941. 2099. 2242.  923. 1935. 2177.  996.
 1863. 2226.  940. 1998. 2241.  923.]","[-1.7265e+01  4.4060e+00  6.9670e+01 -2.3804e+00 -1.6479e+00  1.3428e+00
 -4.4400e-02 -2.9300e-01  9.2330e-01]",118
869,4,"[[-0.13637687 -0.15383268  0.47616732]
 [-0.10863333 -0.30965684  0.32034316]
 [ 0.28004204 -0.29880698  0.33119302]
 [-0.28004204  0.29880698 -0.33119302]
 [ 0.13637687  0.15383268 -0.47616732]
 [ 0.10863333  0.30965684 -0.32034316]]","[2136. 2148. 1023. 2230. 2242.  929. 2118. 2249.  922. 1959. 2148. 1023.
 1865. 2242.  929. 1977. 2249.  922.]","[2150. 2170. 1003. 2229. 2220.  939. 2104. 2241.  923. 1941. 2170. 1003.
 1864. 2226.  939. 1994. 2240.  924.]","[-1.7314e+01  4.3730e+00  6.9664e+01 -6.1040e-01  0.0000e+00 -1.2817e+00
 -1.9500e-02 -4.0230e-01  9.5410e-01]",118
870,4,"[[-0.12645115 -0.1447601   0.4852399 ]
 [-0.11490204 -0.30966803  0.32033197]
 [ 0.27796527 -0.29900975  0.33099025]
 [-0.27796527  0.29900975 -0.33099025]
 [ 0.12645115  0.1447601  -0.4852399 ]
 [ 0.11490204  0.30966803 -0.32033197]]","[2130. 2142. 1029. 2229. 2242.  929. 2122. 2249.  922. 1965. 2142. 1029.
 1866. 2242.  929. 1973. 2249.  922.]","[2141. 2161. 1012. 2228. 2220.  938. 2108. 2241.  923. 1948. 2161. 1011.
 1866. 2226.  939. 1989. 2240.  923.]","[-1.7325e+01  4.3560e+00  6.9615e+01  4.2720e-01  5.4930e-01 -1.5259e+00
 -6.2000e-02 -4.0770e-01  9.0670e-01]",118
871,4,"[[-0.11635826 -0.13631463  0.49368537]
 [-0.12114482 -0.30967523  0.32032477]
 [ 0.27578081 -0.29921271  0.33078729]
 [-0.27578081  0.29921271 -0.33078729]
 [ 0.11635826  0.13631463 -0.49368537]
 [ 0.12114482  0.30967523 -0.32032477]]","[2123. 2136. 1035. 2227. 2243.  928. 2126. 2249.  922. 1972. 2136. 1035.
 1868. 2243.  928. 1969. 2249.  922.]","[2138. 2155. 1018. 2227. 2220.  937. 2112. 2241.  924. 1955. 2154. 1018.
 1867. 2225.  939. 1986. 2240.  924.]","[-1.7325e+01  4.3510e+00  6.9554e+01  2.4410e-01  6.1000e-02 -9.7660e-01
 -9.2800e-02 -3.7300e-01  9.1990e-01]",118
872,4,"[[-0.10611155 -0.128507    0.501493  ]
 [-0.12735725 -0.30967855  0.32032145]
 [ 0.27348727 -0.29941577  0.33058423]
 [-0.27348727  0.29941577 -0.33058423]
 [ 0.10611155  0.128507   -0.501493  ]
 [ 0.12735725  0.30967855 -0.32032145]]","[2117. 2131. 1040. 2226. 2243.  928. 2131. 2249.  922. 1978. 2131. 1040.
 1869. 2243.  928. 1964. 2249.  922.]","[2137. 2150. 1023. 2226. 2220.  937. 2113. 2241.  924. 1960. 2149. 1023.
 1868. 2226.  939. 1984. 2241.  923.]","[-17.336    4.34    69.521    0.2441  -0.1221  -0.1221  -0.1011  -0.3394
   0.9307]",118
873,4,"[[-0.09572456 -0.12134722  0.50865278]
 [-0.13353488 -0.30967743  0.32032257]
 [ 0.27108329 -0.29961885  0.33038115]
 [-0.27108329  0.29961885 -0.33038115]
 [ 0.09572456  0.12134722 -0.50865278]
 [ 0.13353488  0.30967743 -0.32032257]]","[2110. 2127. 1044. 2224. 2243.  928. 2135. 2249.  922. 1985. 2127. 1044.
 1871. 2243.  928. 1960. 2249.  922.]","[2131. 2143. 1029. 2225. 2220.  937. 2116. 2242.  924. 1966. 2143. 1029.
 1869. 2226.  939. 1979. 2240.  924.]","[-1.7347e+01  4.3340e+00  6.9521e+01  6.1000e-02 -2.4410e-01  1.2210e-01
 -9.0800e-02 -3.0030e-01  9.4090e-01]",118
874,4,"[[-0.08521102 -0.11484466  0.51515534]
 [-0.13967319 -0.30966652  0.32033348]
 [ 0.26856759 -0.29982189  0.33017811]
 [-0.26856759  0.29982189 -0.33017811]
 [ 0.08521102  0.11484466 -0.51515534]
 [ 0.13967319  0.30966652 -0.32033348]]","[2103. 2122. 1049. 2223. 2243.  928. 2139. 2249.  922. 1992. 2122. 1049.
 1872. 2243.  928. 1956. 2249.  922.]","[2124. 2138. 1035. 2224. 2220.  937. 2120. 2241.  924. 1972. 2138. 1034.
 1871. 2225.  938. 1976. 2241.  924.]","[-17.358    4.334   69.527    0.1221   0.       0.      -0.082   -0.2886
   0.9624]",118
875,4,"[[-0.07458484 -0.10900796  0.52099204]
 [-0.14576762 -0.3096408   0.3203592 ]
 [ 0.26593896 -0.3000248   0.3299752 ]
 [-0.26593896  0.3000248  -0.3299752 ]
 [ 0.07458484  0.10900796 -0.52099204]
 [ 0.14576762  0.3096408  -0.3203592 ]]","[2096. 2119. 1052. 2221. 2243.  928. 2143. 2249.  922. 1999. 2119. 1052.
 1874. 2243.  928. 1952. 2249.  922.]","[2116. 2133. 1039. 2223. 2220.  937. 2123. 2241.  924. 1979. 2134. 1039.
 1872. 2226.  937. 1971. 2240.  924.]","[-1.7369e+01  4.3340e+00  6.9521e+01  1.2210e-01  1.2210e-01 -2.4410e-01
 -5.1800e-02 -2.7150e-01  9.6090e-01]",118
876,4,"[[-0.06386006 -0.10384509  0.52615491]
 [-0.15181358 -0.30960184  0.32039816]
 [ 0.26319628 -0.30022751  0.32977249]
 [-0.26319628  0.30022751 -0.32977249]
 [ 0.06386006  0.10384509 -0.52615491]
 [ 0.15181358  0.30960184 -0.32039816]]","[2089. 2115. 1056. 2219. 2243.  928. 2146. 2249.  922. 2006. 2115. 1056.
 1876. 2243.  928. 1949. 2249.  922.]","[2109. 2128. 1044. 2222. 2220.  936. 2127. 2241.  924. 1986. 2129. 1044.
 1874. 2226.  936. 1967. 2241.  923.]","[-17.369    4.34    69.505    0.2441   0.2441  -0.8545  -0.0703  -0.2607
   0.9604]",118
877,4,"[[-0.05305086 -0.09936326  0.53063674]
 [-0.15780644 -0.30955042  0.32044958]
 [ 0.26033849 -0.30042994  0.32957006]
 [-0.26033849  0.30042994 -0.32957006]
 [ 0.05305086  0.09936326 -0.53063674]
 [ 0.15780644  0.30955042 -0.32044958]]","[2082. 2112. 1059. 2217. 2243.  928. 2150. 2249.  922. 2013. 2112. 1059.
 1878. 2243.  928. 1945. 2249.  922.]","[2102. 2124. 1048. 2220. 2220.  936. 2130. 2241.  924. 1993. 2124. 1048.
 1876. 2226.  936. 1963. 2240.  924.]","[-17.364    4.334   69.467   -0.1831   0.1221  -1.1597  -0.0786  -0.2886
   0.9434]",118
878,4,"[[-0.04217152 -0.09556897  0.53443103]
 [-0.16374152 -0.30948677  0.32051323]
 [ 0.25736462 -0.30063202  0.32936798]
 [-0.25736462  0.30063202 -0.32936798]
 [ 0.04217152  0.09556897 -0.53443103]
 [ 0.16374152  0.30948677 -0.32051323]]","[2075. 2110. 1061. 2215. 2243.  927. 2154. 2249.  922. 2020. 2110. 1061.
 1880. 2243.  927. 1941. 2249.  922.]","[2094. 2120. 1052. 2218. 2220.  936. 2134. 2241.  923. 1999. 2120. 1051.
 1878. 2226.  935. 1958. 2241.  924.]","[-17.375    4.329   69.423   -0.1221   0.2441  -1.0986  -0.0952  -0.3096
   0.9492]",118
879,4,"[[-0.03123643 -0.09246797  0.53753203]
 [-0.16961415 -0.30941111  0.32058889]
 [ 0.25427379 -0.30083367  0.32916633]
 [-0.25427379  0.30083367 -0.32916633]
 [ 0.03123643  0.09246797 -0.53753203]
 [ 0.16961415  0.30941111 -0.32058889]]","[2068. 2108. 1063. 2213. 2244.  927. 2158. 2249.  922. 2027. 2108. 1063.
 1882. 2244.  927. 1937. 2249.  922.]","[2086. 2117. 1056. 2216. 2220.  935. 2138. 2241.  924. 2008. 2117. 1055.
 1880. 2226.  934. 1954. 2240.  924.]","[-17.38     4.329   69.379   -0.1221   0.1221  -0.5493  -0.082   -0.312
   0.9395]",118
880,4,"[[-0.02026005 -0.09006524  0.53993476]
 [-0.17541962 -0.30932362  0.32067638]
 [ 0.25106522 -0.30103481  0.32896519]
 [-0.25106522  0.30103481 -0.32896519]
 [ 0.02026005  0.09006524 -0.53993476]
 [ 0.17541962  0.30932362 -0.32067638]]","[2061. 2106. 1065. 2211. 2244.  927. 2162. 2249.  922. 2034. 2106. 1065.
 1884. 2244.  927. 1933. 2249.  922.]","[2080. 2115. 1058. 2214. 2220.  935. 2140. 2241.  924. 2013. 2114. 1058.
 1882. 2226.  934. 1950. 2241.  924.]","[-1.7386e+01  4.3290e+00  6.9362e+01 -1.8310e-01  0.0000e+00 -1.8310e-01
 -6.8400e-02 -3.1250e-01  9.4730e-01]",118
881,4,"[[-0.00925689 -0.08836507  0.54163493]
 [-0.1811532  -0.30922453  0.32077547]
 [ 0.2477382  -0.30123537  0.32876463]
 [-0.2477382   0.30123537 -0.32876463]
 [ 0.00925689  0.08836507 -0.54163493]
 [ 0.1811532   0.30922453 -0.32077547]]","[2054. 2105. 1066. 2209. 2244.  927. 2166. 2249.  922. 2041. 2105. 1066.
 1886. 2244.  927. 1929. 2249.  922.]","[2073. 2112. 1061. 2212. 2220.  935. 2143. 2241.  923. 2022. 2112. 1060.
 1884. 2226.  934. 1946. 2241.  924.]","[-1.7391e+01  4.3290e+00  6.9357e+01  6.1000e-02  0.0000e+00  6.1000e-02
 -6.7400e-02 -3.0420e-01  9.5460e-01]",118
882,4,"[[ 0.00175851 -0.08737178  0.54262822]
 [-0.18681016 -0.30911405  0.32088595]
 [ 0.24429214 -0.30143528  0.32856472]
 [-0.24429214  0.30143528 -0.32856472]
 [-0.00175851  0.08737178 -0.54262822]
 [ 0.18681016  0.30911405 -0.32088595]]","[2046. 2104. 1067. 2207. 2244.  927. 2169. 2249.  922. 2049. 2104. 1067.
 1888. 2244.  927. 1926. 2249.  922.]","[2065. 2110. 1063. 2209. 2220.  935. 2148. 2241.  924. 2030. 2110. 1063.
 1886. 2225.  934. 1941. 2241.  924.]","[-1.7391e+01  4.3290e+00  6.9362e+01 -6.1000e-02 -1.8310e-01  1.2210e-01
 -5.9600e-02 -2.9690e-01  9.3800e-01]",118
883,4,"[[ 0.01277159 -0.08709884  0.54290116]
 [-0.19238575 -0.30899241  0.32100759]
 [ 0.24072655 -0.30163446  0.32836554]
 [-0.24072655  0.30163446 -0.32836554]
 [-0.01277159  0.08709884 -0.54290116]
 [ 0.19238575  0.30899241 -0.32100759]]","[2039. 2104. 1067. 2204. 2244.  927. 2173. 2249.  922. 2056. 2104. 1067.
 1891. 2244.  927. 1922. 2249.  922.]","[2059. 2109. 1064. 2207. 2220.  934. 2150. 2242.  924. 2035. 2108. 1064.
 1889. 2226.  933. 1937. 2240.  924.]","[-17.397    4.323   69.368   -0.1831  -0.1221  -0.1831  -0.0791  -0.3071
   0.9595]",118
884,4,"[[ 0.02376778 -0.08747568  0.54252432]
 [-0.19787524 -0.30885986  0.32114014]
 [ 0.23704104 -0.30183284  0.32816716]
 [-0.23704104  0.30183284 -0.32816716]
 [-0.02376778  0.08747568 -0.54252432]
 [ 0.19787524  0.30885986 -0.32114014]]","[2032. 2105. 1066. 2202. 2244.  927. 2176. 2249.  922. 2063. 2105. 1066.
 1893. 2244.  927. 1919. 2249.  922.]","[2051. 2107. 1065. 2206. 2220.  935. 2154. 2241.  924. 2042. 2107. 1065.
 1891. 2226.  933. 1934. 2240.  924.]","[-1.7408e+01  4.3180e+00  6.9357e+01 -6.1000e-02  6.1000e-02 -3.0520e-01
 -7.3200e-02 -3.1150e-01  9.4290e-01]",118
885,4,"[[ 0.03473255 -0.08797229  0.54202771]
 [-0.20327389 -0.30871664  0.32128336]
 [ 0.23323531 -0.30203035  0.32796965]
 [-0.23323531  0.30203035 -0.32796965]
 [-0.03473255  0.08797229 -0.54202771]
 [ 0.20327389  0.30871664 -0.32128336]]","[2025. 2105. 1066. 2200. 2244.  927. 2180. 2249.  922. 2070. 2105. 1066.
 1895. 2244.  927. 1915. 2249.  922.]","[2044. 2107. 1065. 2203. 2220.  935. 2157. 2242.  924. 2049. 2107. 1065.
 1893. 2226.  932. 1930. 2241.  924.]","[-1.7413e+01  4.3120e+00  6.9346e+01 -6.1000e-02  0.0000e+00 -4.2720e-01
 -7.5700e-02 -3.1490e-01  9.4380e-01]",118
886,4,"[[ 0.0456514  -0.08856886  0.54143114]
 [-0.20857698 -0.30856301  0.32143699]
 [ 0.2293092  -0.3022269   0.3277731 ]
 [-0.2293092   0.3022269  -0.3277731 ]
 [-0.0456514   0.08856886 -0.54143114]
 [ 0.20857698  0.30856301 -0.32143699]]","[2018. 2105. 1066. 2197. 2245.  926. 2183. 2249.  922. 2077. 2105. 1066.
 1898. 2245.  926. 1912. 2249.  922.]","[2037. 2107. 1065. 2201. 2220.  935. 2161. 2241.  924. 2056. 2107. 1065.
 1895. 2226.  931. 1926. 2241.  924.]","[-17.419    4.312   69.335   -0.1221   0.      -0.1221  -0.0801  -0.3101
   0.9492]",118
887,4,"[[ 0.05650991 -0.08935017  0.54064983]
 [-0.21377979 -0.30839924  0.32160076]
 [ 0.22526264 -0.30242244  0.32757756]
 [-0.22526264  0.30242244 -0.32757756]
 [-0.05650991  0.08935017 -0.54064983]
 [ 0.21377979  0.30839924 -0.32160076]]","[2011. 2106. 1065. 2194. 2245.  926. 2187. 2249.  922. 2084. 2106. 1065.
 1901. 2245.  926. 1908. 2249.  922.]","[2031. 2107. 1065. 2199. 2220.  934. 2163. 2241.  924. 2063. 2107. 1065.
 1897. 2226.  931. 1923. 2241.  924.]","[-1.7424e+01  4.3120e+00  6.9335e+01 -6.1000e-02 -1.2210e-01  1.8310e-01
 -6.5900e-02 -3.0130e-01  9.3850e-01]",118
888,4,"[[ 0.06729371 -0.09033917  0.53966083]
 [-0.21887764 -0.3082256   0.3217744 ]
 [ 0.22109569 -0.30261687  0.32738313]
 [-0.22109569  0.30261687 -0.32738313]
 [-0.06729371  0.09033917 -0.53966083]
 [ 0.21887764  0.3082256  -0.3217744 ]]","[2004. 2106. 1065. 2192. 2245.  926. 2190. 2248.  923. 2091. 2106. 1065.
 1903. 2245.  926. 1905. 2248.  923.]","[2024. 2107. 1065. 2196. 2220.  934. 2166. 2241.  924. 2070. 2107. 1065.
 1900. 2226.  930. 1919. 2241.  924.]","[-1.743e+01  4.307e+00  6.934e+01 -6.100e-02 -1.831e-01  6.100e-02
 -7.080e-02 -3.047e-01  9.590e-01]",118
889,4,"[[ 0.07798855 -0.09154401  0.53845599]
 [-0.22386587 -0.30804238  0.32195762]
 [ 0.21680853 -0.30281014  0.32718986]
 [-0.21680853  0.30281014 -0.32718986]
 [-0.07798855  0.09154401 -0.53845599]
 [ 0.22386587  0.30804238 -0.32195762]]","[1997. 2107. 1064. 2189. 2245.  926. 2193. 2248.  923. 2098. 2107. 1064.
 1906. 2245.  926. 1902. 2248.  923.]","[2016. 2107. 1065. 2193. 2220.  934. 2170. 2242.  924. 2077. 2107. 1065.
 1902. 2226.  930. 1916. 2241.  924.]","[-1.7435e+01  4.3010e+00  6.9346e+01  0.0000e+00  0.0000e+00 -6.1000e-02
 -7.1800e-02 -2.9930e-01  9.5360e-01]",118
890,4,"[[ 0.08858029 -0.0929699   0.5370301 ]
 [-0.22873984 -0.30784986  0.32215014]
 [ 0.21240145 -0.30300217  0.32699783]
 [-0.21240145  0.30300217 -0.32699783]
 [-0.08858029  0.0929699  -0.5370301 ]
 [ 0.22873984  0.30784986 -0.32215014]]","[1990. 2108. 1063. 2186. 2245.  926. 2197. 2248.  923. 2105. 2108. 1063.
 1909. 2245.  926. 1898. 2248.  923.]","[2009. 2107. 1064. 2191. 2220.  934. 2173. 2242.  924. 2085. 2107. 1065.
 1905. 2226.  930. 1912. 2241.  924.]","[-17.435    4.301   69.346    0.       0.       0.      -0.0781  -0.2979
   0.9434]",118
891,4,"[[ 0.09905493 -0.09462143  0.53537857]
 [-0.23349496 -0.30764834  0.32235166]
 [ 0.20787486 -0.30319289  0.32680711]
 [-0.20787486  0.30319289 -0.32680711]
 [-0.09905493  0.09462143 -0.53537857]
 [ 0.23349496  0.30764834 -0.32235166]]","[1983. 2109. 1062. 2183. 2245.  926. 2200. 2248.  923. 2112. 2109. 1062.
 1912. 2245.  926. 1895. 2248.  923.]","[2002. 2108. 1064. 2188. 2220.  934. 2177. 2242.  924. 2092. 2108. 1064.
 1908. 2226.  930. 1909. 2241.  924.]","[-1.7435e+01  4.3010e+00  6.9346e+01 -1.2210e-01 -1.8310e-01  6.1000e-02
 -7.3200e-02 -2.9830e-01  9.4870e-01]",118
892,4,"[[ 0.10939862 -0.09650299  0.53349701]
 [-0.23812669 -0.30743812  0.32256188]
 [ 0.20322931 -0.30338222  0.32661778]
 [-0.20322931  0.30338222 -0.32661778]
 [-0.10939862  0.09650299 -0.53349701]
 [ 0.23812669  0.30743812 -0.32256188]]","[1976. 2110. 1061. 2180. 2245.  926. 2203. 2248.  923. 2119. 2110. 1061.
 1915. 2245.  926. 1892. 2248.  923.]","[1995. 2108. 1062. 2185. 2220.  934. 2181. 2241.  924. 2099. 2108. 1063.
 1911. 2226.  929. 1905. 2241.  924.]","[-1.7441e+01  4.2960e+00  6.9351e+01 -1.2210e-01 -1.2210e-01  6.1000e-02
 -6.8400e-02 -2.9540e-01  9.5560e-01]",118
893,4,"[[ 0.11959769 -0.09861891  0.53138109]
 [-0.24263052 -0.30721951  0.32278049]
 [ 0.19846548 -0.30357009  0.32642991]
 [-0.19846548  0.30357009 -0.32642991]
 [-0.11959769  0.09861891 -0.53138109]
 [ 0.24263052  0.30721951 -0.32278049]]","[1970. 2112. 1059. 2177. 2245.  926. 2206. 2248.  923. 2125. 2112. 1059.
 1918. 2245.  926. 1889. 2248.  923.]","[1988. 2109. 1062. 2182. 2220.  934. 2184. 2241.  924. 2106. 2109. 1062.
 1914. 2226.  929. 1902. 2241.  924.]","[-1.7441e+01  4.2900e+00  6.9351e+01 -6.1000e-02  0.0000e+00  0.0000e+00
 -7.6700e-02 -3.0130e-01  9.4530e-01]",118
894,4,"[[ 0.12963865 -0.10097338  0.52902662]
 [-0.24700201 -0.30699282  0.32300718]
 [ 0.19358415 -0.30375643  0.32624357]
 [-0.19358415  0.30375643 -0.32624357]
 [-0.12963865  0.10097338 -0.52902662]
 [ 0.24700201  0.30699282 -0.32300718]]","[1963. 2113. 1058. 2174. 2246.  925. 2209. 2248.  923. 2132. 2113. 1058.
 1921. 2246.  925. 1886. 2248.  923.]","[1981. 2110. 1060. 2179. 2220.  934. 2188. 2241.  924. 2112. 2110. 1060.
 1917. 2226.  929. 1898. 2241.  924.]","[-17.446    4.29    69.357   -0.2441  -0.2441   0.1221  -0.0737  -0.3062
   0.9414]",118
895,4,"[[ 0.13950824 -0.10357049  0.52642951]
 [-0.25123677 -0.30675838  0.32324162]
 [ 0.18858626 -0.30394117  0.32605883]
 [-0.18858626  0.30394117 -0.32605883]
 [-0.13950824  0.10357049 -0.52642951]
 [ 0.25123677  0.30675838 -0.32324162]]","[1957. 2115. 1056. 2170. 2246.  925. 2211. 2247.  923. 2138. 2115. 1056.
 1925. 2246.  925. 1884. 2247.  923.]","[1974. 2112. 1059. 2176. 2220.  934. 2191. 2242.  924. 2119. 2112. 1059.
 1920. 2227.  929. 1895. 2240.  924.]","[-17.457    4.285   69.368   -0.1831  -0.1831   0.1831  -0.0728  -0.3115
   0.9517]",118
896,4,"[[ 0.14919339 -0.10641421  0.52358579]
 [-0.25533048 -0.30651649  0.32348351]
 [ 0.18347287 -0.30412423  0.32587577]
 [-0.18347287  0.30412423 -0.32587577]
 [-0.14919339  0.10641421 -0.52358579]
 [ 0.25533048  0.30651649 -0.32348351]]","[1950. 2117. 1054. 2167. 2246.  925. 2214. 2247.  924. 2145. 2117. 1054.
 1928. 2246.  925. 1881. 2247.  924.]","[1966. 2114. 1057. 2172. 2220.  934. 2194. 2241.  924. 2127. 2114. 1058.
 1924. 2227.  928. 1891. 2241.  924.]","[-1.7457e+01  4.2790e+00  6.9379e+01 -6.1000e-02 -1.2210e-01  3.6620e-01
 -6.7900e-02 -3.1010e-01  9.4480e-01]",118
897,4,"[[ 0.15868132 -0.10950838  0.52049162]
 [-0.25927889 -0.3062675   0.3237325 ]
 [ 0.17824518 -0.30430555  0.32569445]
 [-0.17824518  0.30430555 -0.32569445]
 [-0.15868132  0.10950838 -0.52049162]
 [ 0.25927889  0.3062675  -0.3237325 ]]","[1944. 2119. 1052. 2164. 2246.  925. 2217. 2247.  924. 2151. 2119. 1052.
 1931. 2246.  925. 1878. 2247.  924.]","[1962. 2115. 1056. 2170. 2220.  933. 2196. 2241.  925. 2133. 2115. 1057.
 1926. 2227.  929. 1890. 2240.  925.]","[-1.7463e+01  4.2790e+00  6.9395e+01 -1.2210e-01 -1.8310e-01  3.6620e-01
 -6.4500e-02 -3.0660e-01  9.4730e-01]",118
898,4,"[[ 0.16795947 -0.1128567   0.5171433 ]
 [-0.26307782 -0.30601173  0.32398827]
 [ 0.17290452 -0.30448505  0.32551495]
 [-0.17290452  0.30448505 -0.32551495]
 [-0.16795947  0.1128567  -0.5171433 ]
 [ 0.26307782  0.30601173 -0.32398827]]","[1938. 2121. 1050. 2160. 2246.  925. 2219. 2247.  924. 2157. 2121. 1050.
 1935. 2246.  925. 1876. 2247.  924.]","[1953. 2118. 1053. 2165. 2220.  934. 2200. 2242.  925. 2141. 2118. 1053.
 1930. 2227.  929. 1886. 2240.  925.]","[-1.7468e+01  4.2740e+00  6.9412e+01 -1.2210e-01 -1.8310e-01  1.8310e-01
 -6.4900e-02 -3.0470e-01  9.5560e-01]",118
899,4,"[[ 0.17701558 -0.11646275  0.51353725]
 [-0.26672317 -0.30574951  0.32425049]
 [ 0.16745235 -0.30466266  0.32533734]
 [-0.16745235  0.30466266 -0.32533734]
 [-0.17701558  0.11646275 -0.51353725]
 [ 0.26672317  0.30574951 -0.32425049]]","[1932. 2123. 1048. 2157. 2246.  925. 2221. 2247.  924. 2163. 2123. 1048.
 1938. 2246.  925. 1874. 2247.  924.]","[1949. 2119. 1052. 2163. 2220.  933. 2202. 2241.  925. 2145. 2119. 1052.
 1933. 2227.  929. 1884. 2241.  925.]","[-1.7474e+01  4.2680e+00  6.9417e+01 -1.2210e-01 -6.1000e-02  0.0000e+00
 -6.8400e-02 -3.0370e-01  9.4630e-01]",118
900,4,"[[ 0.18583769 -0.12032991  0.50967009]
 [-0.27021095 -0.30548118  0.32451882]
 [ 0.16189027 -0.30483832  0.32516168]
 [-0.16189027  0.30483832 -0.32516168]
 [-0.18583769  0.12032991 -0.50967009]
 [ 0.27021095  0.30548118 -0.32451882]]","[1926. 2126. 1045. 2153. 2246.  925. 2224. 2247.  924. 2169. 2126. 1045.
 1942. 2246.  925. 1871. 2247.  924.]","[1940. 2122. 1049. 2159. 2220.  934. 2205. 2241.  925. 2153. 2122. 1050.
 1937. 2227.  929. 1881. 2241.  925.]","[-1.7479e+01  4.2630e+00  6.9417e+01 -6.1000e-02 -6.1000e-02  6.1000e-02
 -7.8600e-02 -3.0470e-01  9.5170e-01]",118
901,4,"[[ 0.19441412 -0.12446144  0.50553856]
 [-0.27353723 -0.30520709  0.32479291]
 [ 0.15622003 -0.30501194  0.32498806]
 [-0.15622003  0.30501194 -0.32498806]
 [-0.19441412  0.12446144 -0.50553856]
 [ 0.27353723  0.30520709 -0.32479291]]","[1921. 2129. 1042. 2149. 2246.  925. 2226. 2246.  925. 2174. 2129. 1042.
 1946. 2246.  925. 1869. 2246.  925.]","[1936. 2123. 1048. 2157. 2220.  933. 2207. 2241.  925. 2157. 2124. 1048.
 1940. 2227.  929. 1879. 2241.  925.]","[-1.7479e+01  4.2630e+00  6.9423e+01 -6.1000e-02  0.0000e+00  2.4410e-01
 -7.9100e-02 -3.0420e-01  9.4340e-01]",118
902,4,"[[ 0.20273353 -0.12886039  0.50113961]
 [-0.2766982  -0.30492758  0.32507242]
 [ 0.15044349 -0.30518346  0.32481654]
 [-0.15044349  0.30518346 -0.32481654]
 [-0.20273353  0.12886039 -0.50113961]
 [ 0.2766982   0.30492758 -0.32507242]]","[1915. 2132. 1039. 2146. 2246.  925. 2228. 2246.  925. 2180. 2132. 1039.
 1949. 2246.  925. 1867. 2246.  925.]","[1930. 2126. 1046. 2153. 2220.  933. 2209. 2242.  926. 2164. 2126. 1046.
 1943. 2227.  928. 1877. 2241.  926.]","[-17.485    4.263   69.439   -0.1221  -0.1221   0.3662  -0.0728  -0.3071
   0.9468]",118
903,4,"[[ 0.21078494 -0.13352965  0.49647035]
 [-0.27969014 -0.30464299  0.32535701]
 [ 0.14456268 -0.30535281  0.32464719]
 [-0.14456268  0.30535281 -0.32464719]
 [-0.21078494  0.13352965 -0.49647035]
 [ 0.27969014  0.30464299 -0.32535701]]","[1910. 2135. 1036. 2142. 2247.  924. 2230. 2246.  925. 2185. 2135. 1036.
 1953. 2247.  924. 1865. 2246.  925.]","[1925. 2129. 1043. 2150. 2220.  933. 2212. 2241.  926. 2169. 2129. 1043.
 1946. 2227.  928. 1875. 2241.  926.]","[-1.7490e+01  4.2570e+00  6.9456e+01 -1.2210e-01 -1.8310e-01  3.0520e-01
 -6.6900e-02 -3.0710e-01  9.5020e-01]",118
904,4,"[[ 0.2185577  -0.13847192  0.49152808]
 [-0.28250944 -0.30435367  0.32564633]
 [ 0.13857975 -0.30551992  0.32448008]
 [-0.13857975  0.30551992 -0.32448008]
 [-0.2185577   0.13847192 -0.49152808]
 [ 0.28250944  0.30435367 -0.32564633]]","[1905. 2138. 1033. 2138. 2247.  924. 2232. 2246.  925. 2190. 2138. 1033.
 1957. 2247.  924. 1863. 2246.  925.]","[1920. 2132. 1040. 2146. 2220.  933. 2214. 2241.  926. 2174. 2132. 1040.
 1950. 2227.  928. 1871. 2241.  927.]","[-1.7490e+01  4.2570e+00  6.9461e+01  0.0000e+00 -6.1000e-02  1.2210e-01
 -6.8400e-02 -3.0570e-01  9.5070e-01]",118
905,4,"[[ 0.22604153 -0.1436897   0.4863103 ]
 [-0.28515261 -0.30405996  0.32594004]
 [ 0.13249697 -0.30568471  0.32431529]
 [-0.13249697  0.30568471 -0.32431529]
 [-0.22604153  0.1436897  -0.4863103 ]
 [ 0.28515261  0.30405996 -0.32594004]]","[1900. 2141. 1030. 2134. 2247.  924. 2233. 2246.  925. 2195. 2141. 1030.
 1961. 2247.  924. 1862. 2246.  925.]","[1912. 2135. 1036. 2141. 2220.  932. 2218. 2241.  926. 2181. 2136. 1036.
 1955. 2228.  928. 1868. 2241.  927.]","[-1.7490e+01  4.2570e+00  6.9467e+01  0.0000e+00  0.0000e+00  6.1000e-02
 -7.1300e-02 -3.0760e-01  9.4580e-01]",118
906,4,"[[ 0.23322653 -0.14918529  0.48081471]
 [-0.28761627 -0.30376223  0.32623777]
 [ 0.12631679 -0.30584713  0.32415287]
 [-0.12631679  0.30584713 -0.32415287]
 [-0.23322653  0.14918529 -0.48081471]
 [ 0.28761627  0.30376223 -0.32623777]]","[1895. 2145. 1026. 2130. 2247.  924. 2235. 2246.  925. 2200. 2145. 1026.
 1965. 2247.  924. 1860. 2246.  925.]","[1909. 2138. 1034. 2138. 2220.  932. 2219. 2241.  926. 2185. 2138. 1034.
 1957. 2228.  928. 1867. 2241.  926.]","[-1.7496e+01  4.2570e+00  6.9472e+01 -6.1000e-02 -6.1000e-02  6.1000e-02
 -6.8800e-02 -3.0810e-01  9.3990e-01]",118
907,4,"[[ 0.24010321 -0.15496075  0.47503925]
 [-0.28989716 -0.30346081  0.32653919]
 [ 0.12004176 -0.30600709  0.32399291]
 [-0.12004176  0.30600709 -0.32399291]
 [-0.24010321  0.15496075 -0.47503925]
 [ 0.28989716  0.30346081 -0.32653919]]","[1891. 2149. 1022. 2126. 2247.  924. 2236. 2245.  926. 2204. 2149. 1022.
 1969. 2247.  924. 1859. 2245.  926.]","[1904. 2141. 1031. 2135. 2220.  932. 2221. 2241.  926. 2191. 2141. 1031.
 1961. 2228.  928. 1864. 2241.  927.]","[-1.7501e+01  4.2460e+00  6.9472e+01 -1.8310e-01 -1.8310e-01  0.0000e+00
 -6.8800e-02 -3.0620e-01  9.5360e-01]",118
908,4,"[[ 0.24666249 -0.16101796  0.46898204]
 [-0.29199215 -0.30315607  0.32684393]
 [ 0.11367458 -0.30616453  0.32383547]
 [-0.11367458  0.30616453 -0.32383547]
 [-0.24666249  0.16101796 -0.46898204]
 [ 0.29199215  0.30315607 -0.32684393]]","[1887. 2152. 1019. 2122. 2247.  924. 2238. 2245.  926. 2208. 2152. 1019.
 1973. 2247.  924. 1857. 2245.  926.]","[1899. 2145. 1027. 2131. 2220.  932. 2223. 2241.  926. 2195. 2145. 1028.
 1965. 2228.  928. 1863. 2241.  927.]","[-1.7507e+01  4.2460e+00  6.9478e+01 -6.1000e-02 -6.1000e-02  6.1000e-02
 -7.2800e-02 -3.0810e-01  9.5260e-01]",118
909,4,"[[ 0.25289568 -0.16735854  0.46264146]
 [-0.29389826 -0.30284834  0.32715166]
 [ 0.10721808 -0.30631939  0.32368061]
 [-0.10721808  0.30631939 -0.32368061]
 [-0.25289568  0.16735854 -0.46264146]
 [ 0.29389826  0.30284834 -0.32715166]]","[1883. 2157. 1014. 2117. 2247.  924. 2239. 2245.  926. 2212. 2157. 1014.
 1978. 2247.  924. 1856. 2245.  926.]","[1893. 2149. 1022. 2127. 2220.  933. 2226. 2241.  927. 2201. 2149. 1023.
 1970. 2228.  928. 1860. 2241.  927.]","[-17.512    4.246   69.483    0.       0.       0.1831  -0.0728  -0.3047
   0.9468]",118
910,4,"[[ 0.25879455 -0.1739839   0.4560161 ]
 [-0.2956126  -0.30253799  0.32746201]
 [ 0.10067524 -0.30647159  0.32352841]
 [-0.10067524  0.30647159 -0.32352841]
 [-0.25879455  0.1739839  -0.4560161 ]
 [ 0.2956126   0.30253799 -0.32746201]]","[1879. 2161. 1010. 2113. 2247.  924. 2240. 2245.  926. 2216. 2161. 1010.
 1982. 2247.  924. 1855. 2245.  926.]","[1890. 2152. 1020. 2123. 2220.  932. 2227. 2241.  927. 2204. 2152. 1021.
 1972. 2229.  928. 1859. 2241.  927.]","[-1.7507e+01  4.2460e+00  6.9494e+01  0.0000e+00 -6.1000e-02  2.4410e-01
 -7.0300e-02 -3.0420e-01  9.4140e-01]",118
911,4,"[[ 0.26435129 -0.18089518  0.44910482]
 [-0.29713247 -0.30222536  0.32777464]
 [ 0.09404915 -0.30662106  0.32337894]
 [-0.09404915  0.30662106 -0.32337894]
 [-0.26435129  0.18089518 -0.44910482]
 [ 0.29713247  0.30222536 -0.32777464]]","[1875. 2165. 1006. 2109. 2247.  924. 2241. 2245.  926. 2220. 2165. 1006.
 1986. 2247.  924. 1854. 2245.  926.]","[1885. 2156. 1016. 2119. 2220.  932. 2229. 2240.  927. 2207. 2156. 1016.
 1976. 2228.  928. 1857. 2241.  929.]","[-1.7512e+01  4.2410e+00  6.9505e+01 -6.1000e-02 -1.8310e-01  2.4410e-01
 -7.0300e-02 -3.0520e-01  9.4730e-01]",118
912,4,"[[ 0.26955857 -0.1880933   0.4419067 ]
 [-0.29845529 -0.30191081  0.32808919]
 [ 0.08734305 -0.30676774  0.32323226]
 [-0.08734305  0.30676774 -0.32323226]
 [-0.26955857  0.1880933  -0.4419067 ]
 [ 0.29845529  0.30191081 -0.32808919]]","[1872. 2170. 1001. 2104. 2247.  923. 2242. 2244.  927. 2223. 2170. 1001.
 1991. 2247.  923. 1853. 2244.  927.]","[1881. 2160. 1012. 2115. 2220.  932. 2231. 2240.  927. 2213. 2160. 1012.
 1980. 2228.  928. 1856. 2241.  927.]","[-17.512    4.241   69.521    0.      -0.1831   0.3052  -0.0767  -0.3076
   0.9561]",118
913,4,"[[ 0.2744095  -0.19557892  0.43442108]
 [-0.29957863 -0.30159469  0.32840531]
 [ 0.08056029 -0.30691156  0.32308844]
 [-0.08056029  0.30691156 -0.32308844]
 [-0.2744095   0.19557892 -0.43442108]
 [ 0.29957863  0.30159469 -0.32840531]]","[1869. 2175.  996. 2100. 2248.  923. 2243. 2244.  927. 2226. 2175.  996.
 1995. 2248.  923. 1852. 2244.  927.]","[1878. 2164. 1008. 2111. 2220.  932. 2232. 2240.  928. 2216. 2164. 1008.
 1984. 2228.  928. 1853. 2241.  929.]","[-1.7512e+01  4.2350e+00  6.9538e+01  0.0000e+00 -1.2210e-01  4.2720e-01
 -6.6400e-02 -3.0570e-01  9.3750e-01]",118
914,4,"[[ 0.27889767 -0.20335241  0.42664759]
 [-0.30050022 -0.30127733  0.32872267]
 [ 0.07370437 -0.30705245  0.32294755]
 [-0.07370437  0.30705245 -0.32294755]
 [-0.27889767  0.20335241 -0.42664759]
 [ 0.30050022  0.30127733 -0.32872267]]","[1866. 2180.  991. 2096. 2248.  923. 2243. 2244.  927. 2229. 2180.  991.
 1999. 2248.  923. 1852. 2244.  927.]","[1874. 2168. 1003. 2107. 2220.  932. 2233. 2239.  928. 2220. 2168. 1004.
 1989. 2228.  927. 1852. 2241.  929.]","[-1.7512e+01  4.2350e+00  6.9554e+01 -6.1000e-02 -1.8310e-01  4.2720e-01
 -7.2300e-02 -3.0620e-01  9.5120e-01]",118
915,4,"[[ 0.28301714 -0.21141391  0.41858609]
 [-0.30121798 -0.3009591   0.3290409 ]
 [ 0.0667789  -0.30719035  0.32280965]
 [-0.0667789   0.30719035 -0.32280965]
 [-0.28301714  0.21141391 -0.41858609]
 [ 0.30121798  0.3009591  -0.3290409 ]]","[1863. 2185.  986. 2091. 2248.  923. 2244. 2244.  927. 2232. 2185.  986.
 2004. 2248.  923. 1851. 2244.  927.]","[1871. 2173.  999. 2103. 2220.  932. 2234. 2239.  928. 2223. 2173.  999.
 1993. 2228.  928. 1852. 2241.  929.]","[-1.7512e+01  4.2300e+00  6.9576e+01 -6.1000e-02 -1.8310e-01  4.8830e-01
 -7.0300e-02 -3.0420e-01  9.5210e-01]",118
916,4,"[[ 0.28676247 -0.21976328  0.41023672]
 [-0.30173027 -0.30064033  0.32935967]
 [ 0.05978761 -0.30732519  0.32267481]
 [-0.05978761  0.30732519 -0.32267481]
 [-0.28676247  0.21976328 -0.41023672]
 [ 0.30173027  0.30064033 -0.32935967]]","[1861. 2191.  980. 2086. 2248.  923. 2244. 2243.  927. 2234. 2191.  980.
 2009. 2248.  923. 1851. 2243.  927.]","[1868. 2178.  998. 2099. 2220.  932. 2236. 2239.  928. 2227. 2178.  994.
 1997. 2228.  928. 1850. 2241.  930.]","[-1.7512e+01  4.2300e+00  6.9598e+01  0.0000e+00 -1.8310e-01  3.6620e-01
 -6.2500e-02 -3.0270e-01  9.3900e-01]",118
917,4,"[[ 0.2901287  -0.2284001   0.4015999 ]
 [-0.30203731 -0.30032136  0.32967864]
 [ 0.05273438 -0.30745691  0.32254309]
 [-0.05273438  0.30745691 -0.32254309]
 [-0.2901287   0.2284001  -0.4015999 ]
 [ 0.30203731  0.30032136 -0.32967864]]","[1858. 2196.  975. 2082. 2248.  923. 2244. 2243.  928. 2237. 2196.  975.
 2013. 2248.  923. 1851. 2243.  928.]","[1865. 2180.  994. 2094. 2220.  932. 2237. 2239.  928. 2229. 2183.  988.
 2001. 2228.  927. 1849. 2241.  930.]","[-17.518    4.219   69.609   -0.1221  -0.2441   0.1831  -0.0698  -0.3071
   0.9497]",118
918,4,"[[ 0.29311139 -0.23732365  0.39267635]
 [-0.30213051 -0.30000252  0.32999748]
 [ 0.04562317 -0.30758544  0.32241456]
 [-0.04562317  0.30758544 -0.32241456]
 [-0.29311139  0.23732365 -0.39267635]
 [ 0.30213051  0.30000252 -0.32999748]]","[1856. 2202.  969. 2077. 2248.  923. 2244. 2243.  928. 2239. 2202.  969.
 2018. 2248.  923. 1851. 2243.  928.]","[1863. 2184.  987. 2090. 2219.  932. 2238. 2239.  929. 2232. 2189.  983.
 2005. 2228.  928. 1849. 2241.  930.]","[-1.7518e+01  4.2130e+00  6.9626e+01 -6.1000e-02 -1.8310e-01  3.0520e-01
 -7.1300e-02 -3.0710e-01  9.6190e-01]",118
919,4,"[[ 0.29570659 -0.24653296  0.38346704]
 [-0.30184464 -0.29968388  0.33031612]
 [ 0.03845809 -0.30771071  0.32228929]
 [-0.03845809  0.30771071 -0.32228929]
 [-0.29570659  0.24653296 -0.38346704]
 [ 0.30184464  0.29968388 -0.33031612]]","[1855. 2208.  963. 2073. 2248.  923. 2244. 2243.  928. 2240. 2208.  963.
 2022. 2248.  923. 1851. 2243.  928.]","[1860. 2188.  982. 2087. 2220.  932. 2239. 2239.  929. 2235. 2193.  981.
 2008. 2228.  928. 1849. 2241.  930.]","[-17.512    4.235   69.642    0.2441   0.3662   0.6104  -0.0869  -0.3193
   0.9556]",118
920,4,"[[ 0.29791087 -0.25602675  0.37397325]
 [-0.30103139 -0.29936508  0.33063492]
 [ 0.03124333 -0.30783268  0.32216732]
 [-0.03124333  0.30783268 -0.32216732]
 [-0.29791087  0.25602675 -0.37397325]
 [ 0.30103139  0.29936508 -0.33063492]]","[1853. 2214.  957. 2068. 2248.  923. 2244. 2243.  928. 2242. 2214.  957.
 2027. 2248.  923. 1851. 2243.  928.]","[1859. 2193.  978. 2082. 2220.  932. 2239. 2239.  928. 2236. 2197.  978.
 2011. 2228.  927. 1849. 2241.  930.]","[-1.7501e+01  4.2460e+00  6.9670e+01  1.8310e-01  6.1000e-02  7.9350e-01
 -4.8300e-02 -3.1490e-01  9.2140e-01]",118
921,4,"[[ 0.29972133 -0.26580345  0.36419655]
 [-0.29968689 -0.29904628  0.33095372]
 [ 0.02398322 -0.30795126  0.32204874]
 [-0.02398322  0.30795126 -0.32204874]
 [-0.29972133  0.26580345 -0.36419655]
 [ 0.29968689  0.29904628 -0.33095372]]","[1852. 2221.  950. 2063. 2248.  923. 2243. 2242.  929. 2243. 2221.  950.
 2032. 2248.  923. 1852. 2242.  929.]","[1857. 2197.  973. 2078. 2219.  932. 2240. 2239.  929. 2238. 2199.  971.
 2017. 2228.  928. 1849. 2241.  931.]","[-1.7501e+01  4.2520e+00  6.9692e+01  6.1000e-02 -6.1000e-02  4.8830e-01
 -8.0600e-02 -3.2320e-01  9.8930e-01]",118
922,4,"[[ 0.30113555 -0.27586119  0.35413881]
 [-0.29781229 -0.29872784  0.33127216]
 [ 0.01668218 -0.3080664   0.3219336 ]
 [-0.01668218  0.3080664  -0.3219336 ]
 [-0.30113555  0.27586119 -0.35413881]
 [ 0.29781229  0.29872784 -0.33127216]]","[1851. 2227.  944. 2058. 2248.  923. 2242. 2242.  929. 2244. 2227.  944.
 2037. 2248.  923. 1853. 2242.  929.]","[1856. 2201.  968. 2073. 2220.  932. 2240. 2240.  929. 2240. 2205.  965.
 2021. 2228.  928. 1849. 2240.  931.]","[-17.457    4.307   69.714    1.0986   1.1597   0.9766  -0.0703  -0.3242
   0.9624]",118
923,4,"[[ 0.30215163 -0.2861978   0.3438022 ]
 [-0.29541088 -0.29841014  0.33158986]
 [ 0.00934473 -0.30817805  0.32182195]
 [-0.00934473  0.30817805 -0.32182195]
 [-0.30215163  0.2861978  -0.3438022 ]
 [ 0.29541088  0.29841014 -0.33158986]]","[1851. 2234.  937. 2054. 2248.  923. 2240. 2242.  929. 2244. 2234.  937.
 2041. 2248.  923. 1855. 2242.  929.]","[1855. 2205.  963. 2068. 2220.  932. 2240. 2240.  929. 2241. 2212.  958.
 2026. 2228.  928. 1850. 2240.  930.]","[-1.7430e+01  4.3400e+00  6.9719e+01  8.5450e-01  7.9350e-01  3.6620e-01
 -4.3500e-02 -3.2760e-01  9.0720e-01]",118
924,4,"[[ 0.30276731 -0.29347086  0.33652914]
 [-0.29248765 -0.29809352  0.33190648]
 [ 0.00197556 -0.30828613  0.32171387]
 [-0.00197556  0.30828613 -0.32171387]
 [-0.30276731  0.29347086 -0.33652914]
 [ 0.29248765  0.29809352 -0.33190648]]","[1850. 2239.  932. 2049. 2248.  922. 2238. 2242.  929. 2245. 2239.  932.
 2046. 2248.  922. 1857. 2242.  929.]","[1854. 2210.  957. 2064. 2220.  932. 2239. 2240.  929. 2242. 2218.  952.
 2030. 2228.  928. 1850. 2240.  931.]","[-17.413    4.362   69.714    0.7324   0.6714   0.1221  -0.0933  -0.3223
   0.9858]",118
925,4,"[[ 0.3029828  -0.29363416  0.33636584]
 [-0.28905018 -0.29777837  0.33222163]
 [-0.005419   -0.30839059  0.32160941]
 [ 0.005419    0.30839059 -0.32160941]
 [-0.3029828   0.29363416 -0.33636584]
 [ 0.28905018  0.29777837 -0.33222163]]","[1850. 2239.  932. 2044. 2249.  922. 2236. 2242.  929. 2245. 2239.  932.
 2051. 2249.  922. 1859. 2242.  929.]","[1854. 2214.  953. 2060. 2220.  932. 2239. 2240.  929. 2243. 2224.  946.
 2035. 2228.  928. 1852. 2240.  931.]","[-17.364    4.411   69.73     1.4038   1.0376   0.7935  -0.0771  -0.3174
   0.9487]",118
926,4,"[[ 0.30291638 -0.29380134  0.33619866]
 [-0.28511565 -0.29746504  0.33253496]
 [-0.0128216  -0.30849138  0.32150862]
 [ 0.0128216   0.30849138 -0.32150862]
 [-0.30291638  0.29380134 -0.33619866]
 [ 0.28511565  0.29746504 -0.33253496]]","[1850. 2239.  932. 2039. 2249.  922. 2233. 2241.  930. 2245. 2239.  932.
 2056. 2249.  922. 1862. 2241.  930.]","[1853. 2216.  950. 2055. 2220.  932. 2237. 2241.  929. 2243. 2228.  943.
 2039. 2228.  927. 1853. 2240.  931.]","[-1.7314e+01  4.4660e+00  6.9752e+01  1.2817e+00  1.2817e+00  9.1550e-01
 -6.7400e-02 -2.9100e-01  9.1410e-01]",118
927,4,"[[ 0.30271196 -0.29397174  0.33602826]
 [-0.2807011  -0.29715392  0.33284608]
 [-0.02021256 -0.30858842  0.32141158]
 [ 0.02021256  0.30858842 -0.32141158]
 [-0.30271196  0.29397174 -0.33602826]
 [ 0.2807011   0.29715392 -0.33284608]]","[1850. 2239.  932. 2034. 2249.  922. 2230. 2241.  930. 2245. 2239.  932.
 2061. 2249.  922. 1865. 2241.  930.]","[1853. 2218.  948. 2051. 2222.  932. 2236. 2240.  929. 2244. 2229.  941.
 2044. 2228.  928. 1854. 2239.  931.]","[-17.271    4.51    69.78     1.2207   0.8545   0.9766  -0.1021  -0.3008
   1.0005]",118
928,4,"[[ 0.30238383 -0.2941451   0.3358549 ]
 [-0.27581527 -0.29684539  0.33315461]
 [-0.02758356 -0.30868168  0.32131832]
 [ 0.02758356  0.30868168 -0.32131832]
 [-0.30238383  0.2941451  -0.3358549 ]
 [ 0.27581527  0.29684539 -0.33315461]]","[1850. 2239.  932. 2030. 2249.  922. 2227. 2241.  930. 2245. 2239.  932.
 2065. 2249.  922. 1868. 2241.  930.]","[1853. 2219.  947. 2047. 2224.  932. 2235. 2241.  929. 2244. 2230.  940.
 2048. 2228.  928. 1856. 2239.  932.]","[-1.7221e+01  4.5540e+00  6.9796e+01  1.2817e+00  1.0376e+00  7.3240e-01
 -1.8100e-02 -2.8030e-01  9.2970e-01]",118
929,4,"[[ 0.30193008 -0.29432133  0.33567867]
 [-0.27046804 -0.29653982  0.33346018]
 [-0.03492975 -0.30877107  0.32122893]
 [ 0.03492975  0.30877107 -0.32122893]
 [-0.30193008  0.29432133 -0.33567867]
 [ 0.27046804  0.29653982 -0.33346018]]","[1851. 2239.  932. 2025. 2249.  922. 2224. 2241.  930. 2244. 2239.  932.
 2070. 2249.  922. 1871. 2241.  930.]","[1853. 2218.  946. 2043. 2225.  932. 2234. 2240.  928. 2244. 2231.  940.
 2052. 2228.  928. 1857. 2239.  932.]","[-1.7177e+01  4.5650e+00  6.9769e+01  1.2207e+00  6.1040e-01 -3.6620e-01
 -5.5200e-02 -2.8910e-01  9.5900e-01]",118
930,4,"[[ 0.30135021 -0.29450034  0.33549966]
 [-0.26467176 -0.2962376   0.3337624 ]
 [-0.04224676 -0.30885656  0.32114344]
 [ 0.04224676  0.30885656 -0.32114344]
 [-0.30135021  0.29450034 -0.33549966]
 [ 0.26467176  0.2962376  -0.3337624 ]]","[1851. 2239.  931. 2020. 2249.  922. 2220. 2241.  930. 2244. 2239.  931.
 2075. 2249.  922. 1875. 2241.  930.]","[1854. 2219.  945. 2039. 2226.  931. 2231. 2240.  928. 2244. 2231.  939.
 2056. 2229.  928. 1860. 2239.  932.]","[-1.7139e+01  4.5590e+00  6.9741e+01  1.0986e+00  2.4410e-01 -7.3240e-01
 -6.9300e-02 -2.9590e-01  9.3020e-01]",118
931,4,"[[ 0.30064432 -0.29468204  0.33531796]
 [-0.25844042 -0.2959391   0.3340609 ]
 [-0.04953035 -0.30893809  0.32106191]
 [ 0.04953035  0.30893809 -0.32106191]
 [-0.30064432  0.29468204 -0.33531796]
 [ 0.25844042  0.2959391  -0.3340609 ]]","[1852. 2240.  931. 2015. 2249.  922. 2216. 2240.  931. 2243. 2240.  931.
 2080. 2249.  922. 1879. 2240.  931.]","[1853. 2220.  944. 2035. 2226.  931. 2227. 2240.  927. 2243. 2232.  939.
 2061. 2229.  928. 1862. 2239.  932.]","[-1.7106e+01  4.5370e+00  6.9703e+01  8.5450e-01 -6.1000e-02 -9.1550e-01
 -9.4200e-02 -2.9880e-01  9.4190e-01]",118
932,4,"[[ 0.29981266 -0.29486633  0.33513367]
 [-0.25178905 -0.2956447   0.3343553 ]
 [-0.0567763  -0.30901559  0.32098441]
 [ 0.0567763   0.30901559 -0.32098441]
 [-0.29981266  0.29486633 -0.33513367]
 [ 0.25178905  0.2956447  -0.3343553 ]]","[1852. 2240.  931. 2010. 2249.  922. 2212. 2240.  931. 2243. 2240.  931.
 2085. 2249.  922. 1883. 2240.  931.]","[1854. 2221.  943. 2030. 2225.  931. 2223. 2241.  928. 2243. 2232.  938.
 2065. 2229.  928. 1865. 2238.  932.]","[-1.7089e+01  4.5320e+00  6.9675e+01  6.1040e-01  6.1000e-02 -7.3240e-01
 -1.0690e-01 -2.9980e-01  9.3410e-01]",118
933,4,"[[ 0.29885559 -0.29505311  0.33494689]
 [-0.24473343 -0.29535476  0.33464524]
 [-0.06398048 -0.30908903  0.32091097]
 [ 0.06398048  0.30908903 -0.32091097]
 [-0.29885559  0.29505311 -0.33494689]
 [ 0.24473343  0.29535476 -0.33464524]]","[1853. 2240.  931. 2006. 2249.  922. 2207. 2240.  931. 2242. 2240.  931.
 2089. 2249.  922. 1888. 2240.  931.]","[1854. 2221.  943. 2025. 2226.  932. 2219. 2240.  930. 2243. 2233.  938.
 2069. 2229.  928. 1868. 2238.  932.]","[-17.073    4.537   69.659    0.4272   0.1831  -0.3662  -0.1099  -0.2915
   0.938 ]",118
934,4,"[[ 0.2977735  -0.29524228  0.33475772]
 [-0.23728991 -0.29506968  0.33493032]
 [-0.0711388  -0.30915834  0.32084166]
 [ 0.0711388   0.30915834 -0.32084166]
 [-0.2977735   0.29524228 -0.33475772]
 [ 0.23728991  0.29506968 -0.33493032]]","[1853. 2240.  931. 2001. 2249.  922. 2202. 2240.  931. 2242. 2240.  931.
 2094. 2249.  922. 1893. 2240.  931.]","[1855. 2222.  943. 2021. 2226.  932. 2215. 2240.  930. 2242. 2233.  938.
 2073. 2228.  928. 1872. 2238.  933.]","[-1.7067e+01  4.5540e+00  6.9653e+01  2.4410e-01  2.4410e-01 -6.1000e-02
 -9.8600e-02 -2.8960e-01  9.5410e-01]",118
935,4,"[[ 0.29656685 -0.29543373  0.33456627]
 [-0.22947532 -0.2947898   0.3352102 ]
 [-0.07824722 -0.3092235   0.3207765 ]
 [ 0.07824722  0.3092235  -0.3207765 ]
 [-0.29656685  0.29543373 -0.33456627]
 [ 0.22947532  0.2947898  -0.3352102 ]]","[1854. 2240.  931. 1996. 2249.  922. 2197. 2240.  931. 2241. 2240.  931.
 2099. 2249.  922. 1898. 2240.  931.]","[1855. 2222.  942. 2017. 2226.  932. 2211. 2241.  930. 2242. 2233.  937.
 2077. 2228.  928. 1877. 2238.  933.]","[-17.056    4.57    69.642    0.1831   0.2441  -0.2441  -0.0698  -0.2925
   0.9526]",118
936,4,"[[ 0.29523614 -0.29562737  0.33437263]
 [-0.22130694 -0.29451549  0.33548451]
 [-0.08530175 -0.30928444  0.32071556]
 [ 0.08530175  0.30928444 -0.32071556]
 [-0.29523614  0.29562737 -0.33437263]
 [ 0.22130694  0.29451549 -0.33548451]]","[1855. 2240.  931. 1992. 2249.  922. 2192. 2239.  931. 2240. 2240.  931.
 2103. 2249.  922. 1903. 2239.  931.]","[1856. 2222.  941. 2014. 2226.  931. 2206. 2240.  933. 2242. 2233.  937.
 2082. 2228.  928. 1882. 2238.  932.]","[-1.7051e+01  4.5810e+00  6.9631e+01  1.8310e-01  1.8310e-01 -3.0520e-01
 -5.9100e-02 -2.9590e-01  9.5260e-01]",118
937,4,"[[ 0.29378193 -0.2958231   0.3341769 ]
 [-0.21280238 -0.29424711  0.33575289]
 [-0.09229848 -0.30934113  0.32065887]
 [ 0.09229848  0.30934113 -0.32065887]
 [-0.29378193  0.2958231  -0.3341769 ]
 [ 0.21280238  0.29424711 -0.33575289]]","[1856. 2240.  931. 1987. 2249.  922. 2186. 2239.  932. 2239. 2240.  931.
 2108. 2249.  922. 1909. 2239.  932.]","[1856. 2222.  941. 2010. 2226.  931. 2201. 2240.  933. 2240. 2233.  937.
 2086. 2229.  928. 1887. 2237.  932.]","[-1.7040e+01  4.5810e+00  6.9615e+01  1.8310e-01  6.1000e-02 -3.0520e-01
 -6.7400e-02 -2.8760e-01  9.4970e-01]",118
938,4,"[[ 0.29220483 -0.2960208   0.3339792 ]
 [-0.20397956 -0.29398502  0.33601498]
 [-0.09923352 -0.30939353  0.32060647]
 [ 0.09923352  0.30939353 -0.32060647]
 [-0.29220483  0.2960208  -0.3339792 ]
 [ 0.20397956  0.29398502 -0.33601498]]","[1857. 2240.  930. 1983. 2249.  922. 2180. 2239.  932. 2238. 2240.  930.
 2112. 2249.  922. 1915. 2239.  932.]","[1857. 2223.  940. 2005. 2226.  931. 2197. 2239.  933. 2239. 2233.  936.
 2090. 2229.  928. 1892. 2237.  932.]","[-17.034    4.581   69.598    0.2441   0.1221  -0.4883  -0.0889  -0.2861
   0.9614]",118
939,4,"[[ 0.29050549 -0.29622038  0.33377962]
 [-0.19485666 -0.29372955  0.33627045]
 [-0.10610306 -0.3094416   0.3205584 ]
 [ 0.10610306  0.3094416  -0.3205584 ]
 [-0.29050549  0.29622038 -0.33377962]
 [ 0.19485666  0.29372955 -0.33627045]]","[1858. 2241.  930. 1978. 2249.  922. 2175. 2239.  932. 2237. 2241.  930.
 2117. 2249.  922. 1920. 2239.  932.]","[1858. 2222.  939. 2001. 2226.  932. 2191. 2239.  933. 2238. 2234.  935.
 2095. 2229.  928. 1898. 2237.  932.]","[-17.023    4.581   69.576    0.2441   0.2441  -0.4272  -0.0913  -0.29
   0.9453]",118
940,4,"[[ 0.28868464 -0.29642173  0.33357827]
 [-0.18545207 -0.29348105  0.33651895]
 [-0.11290335 -0.3094853   0.3205147 ]
 [ 0.11290335  0.3094853  -0.3205147 ]
 [-0.28868464  0.29642173 -0.33357827]
 [ 0.18545207  0.29348105 -0.33651895]]","[1859. 2241.  930. 1974. 2249.  922. 2168. 2239.  932. 2236. 2241.  930.
 2121. 2249.  922. 1927. 2239.  932.]","[1859. 2223.  938. 1997. 2226.  932. 2186. 2239.  933. 2237. 2233.  935.
 2099. 2229.  927. 1903. 2237.  932.]","[-17.012    4.587   69.565    0.1221   0.1831   0.      -0.0791  -0.2979
   0.9385]",118
941,4,"[[ 0.28674302 -0.29662474  0.33337526]
 [-0.17578435 -0.28141004  0.34858996]
 [-0.1196307  -0.30952461  0.32047539]
 [ 0.1196307   0.30952461 -0.32047539]
 [-0.28674302  0.29662474 -0.33337526]
 [ 0.17578435  0.28141004 -0.34858996]]","[1861. 2241.  930. 1970. 2249.  922. 2162. 2231.  940. 2234. 2241.  930.
 2125. 2249.  922. 1933. 2231.  940.]","[1860. 2223.  938. 1993. 2226.  931. 2181. 2239.  933. 2236. 2233.  935.
 2103. 2229.  928. 1909. 2237.  933.]","[-1.7001e+01  4.5920e+00  6.9560e+01  1.2210e-01  6.1000e-02 -6.1000e-02
 -8.5900e-02 -2.9200e-01  9.6040e-01]",118
942,4,"[[ 0.28468145 -0.29682932  0.33317068]
 [-0.16587217 -0.26583838  0.36416162]
 [-0.12628147 -0.30955948  0.32044052]
 [ 0.12628147  0.30955948 -0.32044052]
 [-0.28468145  0.29682932 -0.33317068]
 [ 0.16587217  0.26583838 -0.36416162]]","[1862. 2241.  930. 1965. 2249.  922. 2156. 2221.  950. 2233. 2241.  930.
 2130. 2249.  922. 1939. 2221.  950.]","[1862. 2223.  937. 1989. 2226.  932. 2174. 2239.  935. 2235. 2233.  934.
 2108. 2228.  928. 1915. 2235.  935.]","[-1.6996e+01  4.5980e+00  6.9560e+01  1.2210e-01  6.1000e-02 -6.1000e-02
 -6.2000e-02 -2.8610e-01  9.4820e-01]",118
943,4,"[[ 0.2825008  -0.29703536  0.33296464]
 [-0.15573428 -0.25079604  0.37920396]
 [-0.1328521  -0.30958989  0.32041011]
 [ 0.1328521   0.30958989 -0.32041011]
 [-0.2825008   0.29703536 -0.33296464]
 [ 0.15573428  0.25079604 -0.37920396]]","[1863. 2241.  930. 1961. 2249.  922. 2149. 2211.  960. 2232. 2241.  930.
 2134. 2249.  922. 1946. 2211.  960.]","[1864. 2224.  937. 1985. 2226.  932. 2168. 2236.  936. 2233. 2233.  935.
 2112. 2229.  928. 1921. 2230.  938.]","[-16.99     4.598   69.549    0.1221   0.1221  -0.4883  -0.0747  -0.2988
   0.9619]",118
944,4,"[[ 0.28020197 -0.29724274  0.33275726]
 [-0.14538948 -0.23630347  0.39369653]
 [-0.1393391  -0.30961582  0.32038418]
 [ 0.1393391   0.30961582 -0.32038418]
 [-0.28020197  0.29724274 -0.33275726]
 [ 0.14538948  0.23630347 -0.39369653]]","[1865. 2241.  930. 1957. 2249.  922. 2142. 2202.  969. 2230. 2241.  930.
 2138. 2249.  922. 1953. 2202.  969.]","[1864. 2224.  936. 1981. 2226.  931. 2162. 2228.  944. 2232. 2233.  934.
 2117. 2228.  928. 1928. 2223.  944.]","[-16.979    4.598   69.527    0.4883   0.2441  -0.7324  -0.0786  -0.2852
   0.9497]",118
945,4,"[[ 0.27778593 -0.29745136  0.33254864]
 [-0.13485655 -0.22238048  0.40761952]
 [-0.14573902 -0.30963724  0.32036276]
 [ 0.14573902  0.30963724 -0.32036276]
 [-0.27778593  0.29745136 -0.33254864]
 [ 0.13485655  0.22238048 -0.40761952]]","[1866. 2241.  930. 1952. 2249.  922. 2135. 2192.  978. 2229. 2241.  930.
 2143. 2249.  922. 1960. 2192.  978.]","[1865. 2225.  936. 1976. 2226.  931. 2155. 2220.  953. 2230. 2233.  933.
 2122. 2228.  928. 1936. 2219.  951.]","[-16.919    4.609   69.467    0.9155   0.3662  -0.3052  -0.0918  -0.2896
   0.9609]",118
946,4,"[[ 0.27525369 -0.29766112  0.33233888]
 [-0.12415426 -0.2090462   0.4209538 ]
 [-0.1520485  -0.30965412  0.32034588]
 [ 0.1520485   0.30965412 -0.32034588]
 [-0.27525369  0.29766112 -0.33233888]
 [ 0.12415426  0.2090462  -0.4209538 ]]","[1868. 2242.  929. 1948. 2249.  922. 2128. 2184.  987. 2227. 2242.  929.
 2147. 2249.  922. 1967. 2184.  987.]","[1867. 2226.  935. 1972. 2226.  931. 2148. 2211.  961. 2229. 2233.  933.
 2126. 2228.  928. 1944. 2210.  960.]","[-1.6875e+01  4.6200e+00  6.9450e+01  9.1550e-01  1.2210e-01 -1.2210e-01
 -5.8100e-02 -2.7690e-01  9.5310e-01]",118
947,4,"[[ 0.2726063  -0.29787192  0.33212808]
 [-0.11330127 -0.19631904  0.43368096]
 [-0.15826425 -0.30966646  0.32033354]
 [ 0.15826425  0.30966646 -0.32033354]
 [-0.2726063   0.29787192 -0.33212808]
 [ 0.11330127  0.19631904 -0.43368096]]","[1870. 2242.  929. 1944. 2249.  922. 2121. 2175.  995. 2225. 2242.  929.
 2151. 2249.  922. 1974. 2175.  995.]","[1868. 2228.  935. 1967. 2226.  932. 2140. 2201.  970. 2227. 2233.  931.
 2132. 2228.  927. 1952. 2202.  970.]","[-16.837    4.631   69.445    1.0376   0.6104   0.1221  -0.0806  -0.3062
   0.96  ]",118
948,4,"[[ 0.26984488 -0.29808363  0.33191637]
 [-0.10231615 -0.18421668  0.44578332]
 [-0.16438304 -0.30967427  0.32032573]
 [ 0.16438304  0.30967427 -0.32032573]
 [-0.26984488  0.29808363 -0.33191637]
 [ 0.10231615  0.18421668 -0.44578332]]","[1872. 2242.  929. 1940. 2249.  922. 2114. 2168. 1003. 2223. 2242.  929.
 2155. 2249.  922. 1981. 2168. 1003.]","[1870. 2229.  935. 1963. 2226.  932. 2135. 2193.  978. 2225. 2233.  931.
 2137. 2228.  928. 1960. 2193.  979.]","[-1.6787e+01  4.6530e+00  6.9445e+01  1.2207e+00  4.2720e-01  6.1000e-02
 -5.3700e-02 -2.9000e-01  9.5610e-01]",118
949,4,"[[ 0.26697059 -0.29829616  0.33170384]
 [-0.09121733 -0.17275604  0.45724396]
 [-0.17040171 -0.30967766  0.32032234]
 [ 0.17040171  0.30967766 -0.32032234]
 [-0.26697059  0.29829616 -0.33170384]
 [ 0.09121733  0.17275604 -0.45724396]]","[1873. 2242.  929. 1936. 2249.  922. 2107. 2160. 1011. 2222. 2242.  929.
 2159. 2249.  922. 1988. 2160. 1011.]","[1871. 2229.  935. 1959. 2227.  932. 2127. 2184.  987. 2223. 2233.  930.
 2142. 2228.  928. 1971. 2186.  988.]","[-16.743    4.664   69.439    0.8545   0.4272  -0.2441  -0.0811  -0.3013
   0.9443]",118
950,4,"[[ 0.26398461 -0.2985094   0.3314906 ]
 [-0.08002308 -0.1619532   0.4680468 ]
 [-0.1763172  -0.30967602  0.32032398]
 [ 0.1763172   0.30967602 -0.32032398]
 [-0.26398461  0.2985094  -0.3314906 ]
 [ 0.08002308  0.1619532  -0.4680468 ]]","[1875. 2242.  929. 1933. 2249.  922. 2100. 2153. 1018. 2220. 2242.  929.
 2162. 2249.  922. 1995. 2153. 1018.]","[1873. 2229.  934. 1954. 2227.  931. 2120. 2176.  995. 2221. 2233.  930.
 2145. 2228.  928. 1978. 2178.  995.]","[-1.6727e+01  4.6690e+00  6.9417e+01  6.1000e-02  1.8310e-01 -5.4930e-01
 -9.4200e-02 -2.9880e-01  9.2970e-01]",118
951,4,"[[ 0.2608882  -0.29872323  0.33127677]
 [-0.06875143 -0.15182343  0.47817657]
 [-0.18212649 -0.30966335  0.32033665]
 [ 0.18212649  0.30966335 -0.32033665]
 [-0.2608882   0.29872323 -0.33127677]
 [ 0.06875143  0.15182343 -0.47817657]]","[1877. 2242.  929. 1929. 2249.  922. 2092. 2146. 1024. 2218. 2242.  929.
 2166. 2249.  922. 2003. 2146. 1024.]","[1875. 2229.  933. 1951. 2227.  932. 2113. 2169. 1003. 2219. 2233.  930.
 2149. 2228.  928. 1984. 2171. 1003.]","[-16.727    4.669   69.395    0.       0.1221  -0.6714  -0.1064  -0.2993
   0.9492]",118
952,4,"[[ 0.25768267 -0.29893757  0.33106243]
 [-0.05742023 -0.14238113  0.48761887]
 [-0.18782665 -0.30963487  0.32036513]
 [ 0.18782665  0.30963487 -0.32036513]
 [-0.25768267  0.29893757 -0.33106243]
 [ 0.05742023  0.14238113 -0.48761887]]","[1880. 2242.  929. 1925. 2249.  922. 2085. 2140. 1031. 2215. 2242.  929.
 2170. 2249.  922. 2010. 2140. 1031.]","[1876. 2229.  933. 1948. 2227.  932. 2106. 2162. 1011. 2217. 2233.  929.
 2152. 2228.  928. 1990. 2164. 1010.]","[-16.732    4.669   69.368    0.       0.1831  -0.6714  -0.0859  -0.3086
   0.9473]",118
953,4,"[[ 0.25436934 -0.29915229  0.33084771]
 [-0.04604705 -0.13363983  0.49636017]
 [-0.19341483 -0.30959233  0.32040767]
 [ 0.19341483  0.30959233 -0.32040767]
 [-0.25436934  0.29915229 -0.33084771]
 [ 0.04604705  0.13363983 -0.49636017]]","[1882. 2243.  928. 1921. 2249.  922. 2078. 2135. 1036. 2213. 2243.  928.
 2174. 2249.  922. 2017. 2135. 1036.]","[1879. 2229.  933. 1944. 2228.  932. 2099. 2154. 1018. 2215. 2233.  930.
 2156. 2228.  928. 1994. 2155. 1017.]","[-16.738    4.675   69.335    0.       0.2441  -0.7324  -0.0713  -0.314
   0.9438]",118
954,4,"[[ 0.2509496  -0.29936729  0.33063271]
 [-0.03464918 -0.12561212  0.50438788]
 [-0.19888825 -0.30953643  0.32046357]
 [ 0.19888825  0.30953643 -0.32046357]
 [-0.2509496   0.29936729 -0.33063271]
 [ 0.03464918  0.12561212 -0.50438788]]","[1884. 2243.  928. 1918. 2249.  922. 2070. 2129. 1042. 2211. 2243.  928.
 2177. 2249.  922. 2025. 2129. 1042.]","[1882. 2229.  932. 1940. 2228.  932. 2092. 2147. 1025. 2213. 2233.  929.
 2160. 2229.  928. 2001. 2149. 1024.]","[-16.749    4.675   69.307    0.       0.1831  -0.6714  -0.0781  -0.3042
   0.9492]",118
955,4,"[[ 0.24742489 -0.29958247  0.33041753]
 [-0.02324362 -0.11830968  0.51169032]
 [-0.20424422 -0.30946743  0.32053257]
 [ 0.20424422  0.30946743 -0.32053257]
 [-0.24742489  0.29958247 -0.33041753]
 [ 0.02324362  0.11830968 -0.51169032]]","[1886. 2243.  928. 1914. 2249.  922. 2063. 2125. 1046. 2209. 2243.  928.
 2181. 2249.  922. 2032. 2125. 1046.]","[1884. 2229.  932. 1937. 2228.  932. 2084. 2141. 1031. 2210. 2233.  929.
 2164. 2229.  928. 2009. 2143. 1030.]","[-16.754    4.675   69.28     0.1221   0.1221  -0.4272  -0.0757  -0.3008
   0.9482]",118
956,4,"[[ 0.24379668 -0.29979771  0.33020229]
 [-0.01184706 -0.11174322  0.51825678]
 [-0.20948011 -0.30938555  0.32061445]
 [ 0.20948011  0.30938555 -0.32061445]
 [-0.24379668  0.29979771 -0.33020229]
 [ 0.01184706  0.11174322 -0.51825678]]","[1889. 2243.  928. 1911. 2249.  922. 2055. 2120. 1051. 2206. 2243.  928.
 2184. 2249.  922. 2040. 2120. 1051.]","[1885. 2229.  932. 1933. 2228.  931. 2076. 2137. 1036. 2209. 2233.  929.
 2167. 2229.  928. 2017. 2138. 1036.]","[-1.6754e+01  4.6750e+00  6.9263e+01  2.4410e-01  6.1000e-02 -3.0520e-01
 -8.1500e-02 -2.9740e-01  9.5070e-01]",118
957,4,"[[ 0.24098513 -0.29996175  0.33003825]
 [-0.00324466 -0.10728148  0.52271852]
 [-0.21335832 -0.3093148   0.3206852 ]
 [ 0.21335832  0.3093148  -0.3206852 ]
 [-0.24098513  0.29996175 -0.33003825]
 [ 0.00324466  0.10728148 -0.52271852]]","[1890. 2243.  928. 1908. 2249.  922. 2050. 2117. 1054. 2205. 2243.  928.
 2187. 2249.  922. 2045. 2117. 1054.]","[1889. 2229.  931. 1929. 2228.  931. 2067. 2130. 1043. 2206. 2233.  929.
 2171. 2229.  928. 2028. 2132. 1042.]","[-1.6749e+01  4.6750e+00  6.9252e+01  1.2210e-01  6.1000e-02 -2.4410e-01
 -8.6900e-02 -2.8320e-01  9.5120e-01]",118
958,4,"[[ 0.23717884 -0.30017685  0.32982315]
 [ 0.00809677 -0.10202922  0.52797078]
 [-0.21837723 -0.30921081  0.32078919]
 [ 0.21837723  0.30921081 -0.32078919]
 [-0.23717884  0.30017685 -0.32982315]
 [-0.00809677  0.10202922 -0.52797078]]","[1893. 2243.  928. 1905. 2249.  922. 2042. 2114. 1057. 2202. 2243.  928.
 2190. 2249.  922. 2053. 2114. 1057.]","[1890. 2229.  931. 1926. 2228.  931. 2063. 2127. 1046. 2204. 2233.  929.
 2173. 2229.  927. 2034. 2129. 1046.]","[-1.6754e+01  4.6750e+00  6.9241e+01  6.1000e-02  6.1000e-02 -3.6620e-01
 -8.3500e-02 -2.8220e-01  9.5310e-01]",118
959,4,"[[ 0.23327334 -0.30039172  0.32960828]
 [ 0.01938505 -0.09753738  0.53246262]
 [-0.22326925 -0.3090946   0.3209054 ]
 [ 0.22326925  0.3090946  -0.3209054 ]
 [-0.23327334  0.30039172 -0.32960828]
 [-0.01938505  0.09753738 -0.53246262]]","[1895. 2243.  928. 1902. 2249.  922. 2035. 2111. 1060. 2200. 2243.  928.
 2193. 2249.  922. 2060. 2111. 1060.]","[1893. 2229.  931. 1922. 2229.  931. 2054. 2121. 1051. 2201. 2233.  929.
 2177. 2228.  927. 2042. 2123. 1051.]","[-1.6754e+01  4.6750e+00  6.9219e+01  6.1000e-02  1.2210e-01 -5.4930e-01
 -7.4200e-02 -2.9000e-01  9.5210e-01]",118
