count,T_count,theta_sim,theta_tick,position_Read_tick,IMU_data,voltage
0,0,"[[-3.52447074e-05 -3.15976197e-01  3.14023803e-01]
 [ 3.02319777e-01 -2.86978506e-01  3.43021494e-01]
 [-2.78224900e-01 -2.93711989e-01  3.36288011e-01]
 [ 2.78224900e-01  2.93711989e-01 -3.36288011e-01]
 [ 3.52447074e-05  3.15976197e-01 -3.14023803e-01]
 [-3.02319777e-01  2.86978506e-01 -3.43021494e-01]]","[2048. 2253.  917. 1866. 2239.  932. 1850. 2235.  936. 2047. 2253.  917.
 2229. 2239.  932. 2245. 2235.  936.]","[2047. 2248.  915. 1864. 2234.  931. 1850. 2235.  937. 2047. 2247.  918.
 2231. 2231.  932. 2244. 2233.  936.]",[ 0.      0.      0.      0.      0.      0.     -0.0815 -0.2896  0.9526],114
1,0,"[[-0.00604404 -0.31620388  0.31379612]
 [ 0.30210785 -0.28730432  0.34269568]
 [-0.27329469 -0.29306393  0.33693607]
 [ 0.27329469  0.29306393 -0.33693607]
 [ 0.00604404  0.31620388 -0.31379612]
 [-0.30210785  0.28730432 -0.34269568]]","[2051. 2254.  917. 1869. 2239.  932. 1851. 2235.  936. 2044. 2254.  917.
 2226. 2239.  932. 2244. 2235.  936.]","[2046. 2248.  915. 1864. 2234.  931. 1851. 2235.  937. 2048. 2247.  918.
 2231. 2231.  932. 2244. 2233.  936.]","[-16.595    4.752   67.055    0.       0.       0.      -0.0811  -0.2891
   0.9531]",114
2,0,"[[-0.01205045 -0.3164242   0.3135758 ]
 [ 0.30182758 -0.28763577  0.34236423]
 [-0.26796202 -0.29242415  0.33757585]
 [ 0.26796202  0.29242415 -0.33757585]
 [ 0.01205045  0.3164242  -0.3135758 ]
 [-0.30182758  0.28763577 -0.34236423]]","[2055. 2254.  917. 1873. 2238.  933. 1851. 2235.  936. 2040. 2254.  917.
 2222. 2238.  933. 2244. 2235.  936.]","[2047. 2247.  915. 1864. 2234.  931. 1850. 2235.  937. 2047. 2247.  919.
 2231. 2231.  932. 2244. 2233.  936.]","[-16.595    4.752   67.055    0.       0.       0.      -0.0806  -0.2891
   0.9517]",114
3,0,"[[-0.01805212 -0.31663707  0.31336293]
 [ 0.30147615 -0.28797266  0.34202734]
 [-0.26224015 -0.2917935   0.3382065 ]
 [ 0.26224015  0.2917935  -0.3382065 ]
 [ 0.01805212  0.31663707 -0.31336293]
 [-0.30147615  0.28797266 -0.34202734]]","[2059. 2254.  917. 1877. 2238.  933. 1851. 2235.  936. 2036. 2254.  917.
 2218. 2238.  933. 2244. 2235.  936.]","[2050. 2248.  915. 1866. 2234.  931. 1850. 2235.  937. 2044. 2247.  918.
 2228. 2231.  931. 2244. 2233.  936.]","[-16.595    4.752   67.055    0.       0.       0.      -0.0811  -0.2896
   0.9526]",114
4,0,"[[-0.02404669 -0.31684239  0.31315761]
 [ 0.30105219 -0.2883148   0.3416852 ]
 [-0.2561427  -0.29117284  0.33882716]
 [ 0.2561427   0.29117284 -0.33882716]
 [ 0.02404669  0.31684239 -0.31315761]
 [-0.30105219  0.2883148  -0.3416852 ]]","[2063. 2254.  917. 1881. 2237.  934. 1851. 2235.  936. 2032. 2254.  917.
 2214. 2237.  934. 2244. 2235.  936.]","[2051. 2248.  915. 1867. 2234.  932. 1850. 2235.  937. 2042. 2247.  918.
 2226. 2231.  931. 2244. 2233.  937.]","[-16.595    4.752   67.055    0.       0.       0.      -0.0806  -0.2891
   0.9512]",114
5,0,"[[-0.03003181 -0.31704009  0.31295991]
 [ 0.30055497 -0.28866198  0.34133802]
 [-0.24968358 -0.29056302  0.33943698]
 [ 0.24968358  0.29056302 -0.33943698]
 [ 0.03003181  0.31704009 -0.31295991]
 [-0.30055497  0.28866198 -0.34133802]]","[2067. 2254.  917. 1885. 2237.  934. 1852. 2236.  935. 2028. 2254.  917.
 2210. 2237.  934. 2243. 2236.  935.]","[2053. 2248.  915. 1870. 2234.  932. 1851. 2235.  937. 2039. 2246.  918.
 2224. 2231.  932. 2244. 2233.  936.]","[-16.595    4.752   67.055    0.       0.       0.      -0.0757  -0.29
   0.9507]",114
6,0,"[[-0.03600511 -0.3172301   0.3127699 ]
 [ 0.29998403 -0.289014    0.340986  ]
 [-0.24287702 -0.28996484  0.34003516]
 [ 0.24287702  0.28996484 -0.34003516]
 [ 0.03600511  0.3172301  -0.3127699 ]
 [-0.29998403  0.289014   -0.340986  ]]","[2071. 2254.  917. 1889. 2237.  934. 1852. 2236.  935. 2024. 2254.  917.
 2206. 2237.  934. 2243. 2236.  935.]","[2056. 2248.  915. 1873. 2234.  932. 1850. 2235.  936. 2036. 2247.  918.
 2220. 2231.  932. 2244. 2233.  936.]","[-16.595    4.746   67.055    0.       0.       0.      -0.0786  -0.2896
   0.9531]",114
7,0,"[[-0.04196425 -0.31741235  0.31258765]
 [ 0.29933901 -0.28937064  0.34062936]
 [-0.23573746 -0.28937914  0.34062086]
 [ 0.23573746  0.28937914 -0.34062086]
 [ 0.04196425  0.31741235 -0.31258765]
 [-0.29933901  0.28937064 -0.34062936]]","[2075. 2254.  917. 1894. 2236.  935. 1852. 2236.  935. 2020. 2254.  917.
 2201. 2236.  935. 2243. 2236.  935.]","[2059. 2248.  915. 1875. 2234.  932. 1851. 2235.  936. 2033. 2247.  918.
 2218. 2231.  932. 2244. 2234.  936.]","[-16.6      4.746   67.055   -0.1221   0.       0.      -0.082   -0.2891
   0.9526]",114
8,0,"[[-0.04790688 -0.31758675  0.31241325]
 [ 0.29861963 -0.2897317   0.3402683 ]
 [-0.22827958 -0.2888067   0.3411933 ]
 [ 0.22827958  0.2888067  -0.3411933 ]
 [ 0.04790688  0.31758675 -0.31241325]
 [-0.29861963  0.2897317  -0.3402683 ]]","[2079. 2255.  916. 1899. 2236.  935. 1853. 2236.  935. 2016. 2255.  916.
 2196. 2236.  935. 2242. 2236.  935.]","[2062. 2248.  915. 1877. 2234.  932. 1851. 2235.  936. 2030. 2246.  918.
 2215. 2231.  932. 2244. 2234.  936.]","[-16.606    4.746   67.061   -0.2441   0.       0.1831  -0.0796  -0.29
   0.9502]",114
9,0,"[[-0.05383067 -0.31775326  0.31224674]
 [ 0.29782563 -0.29009699  0.33990301]
 [-0.22051824 -0.28824831  0.34175169]
 [ 0.22051824  0.28824831 -0.34175169]
 [ 0.05383067  0.31775326 -0.31224674]
 [-0.29782563  0.29009699 -0.33990301]]","[2083. 2255.  916. 1904. 2235.  936. 1853. 2237.  934. 2012. 2255.  916.
 2191. 2235.  936. 2242. 2237.  934.]","[2066. 2248.  915. 1881. 2234.  932. 1851. 2235.  936. 2026. 2247.  918.
 2210. 2231.  933. 2243. 2234.  936.]","[-16.617    4.746   67.066   -0.1831   0.       0.1221  -0.0767  -0.2935
   0.9531]",114
10,0,"[[-0.05973328 -0.31791179  0.31208821]
 [ 0.29695677 -0.29046628  0.33953372]
 [-0.21246844 -0.28770471  0.34229529]
 [ 0.21246844  0.28770471 -0.34229529]
 [ 0.05973328  0.31791179 -0.31208821]
 [-0.29695677  0.29046628 -0.33953372]]","[2086. 2255.  916. 1909. 2235.  936. 1854. 2237.  934. 2009. 2255.  916.
 2186. 2235.  936. 2241. 2237.  934.]","[2068. 2248.  915. 1886. 2233.  933. 1851. 2236.  935. 2023. 2247.  918.
 2207. 2231.  933. 2243. 2235.  935.]","[-1.6628e+01  4.7520e+00  6.7072e+01 -2.4410e-01  0.0000e+00  6.1000e-02
 -8.4000e-02 -2.9490e-01  9.4730e-01]",114
11,0,"[[-0.0656124  -0.31806231  0.31193769]
 [ 0.29601286 -0.29083938  0.33916062]
 [-0.20414532 -0.28717667  0.34282333]
 [ 0.20414532  0.28717667 -0.34282333]
 [ 0.0656124   0.31806231 -0.31193769]
 [-0.29601286  0.29083938 -0.33916062]]","[2090. 2255.  916. 1914. 2235.  936. 1855. 2237.  934. 2005. 2255.  916.
 2181. 2235.  936. 2240. 2237.  934.]","[2070. 2248.  915. 1890. 2233.  934. 1852. 2236.  935. 2021. 2247.  918.
 2204. 2231.  934. 2242. 2235.  934.]","[-16.639    4.752   67.077   -0.3052   0.       0.1831  -0.0771  -0.2949
   0.9463]",114
12,0,"[[-0.06958873 -0.31815776  0.31184224]
 [ 0.29530656 -0.291158    0.338842  ]
 [-0.19851517 -0.28694075  0.34305925]
 [ 0.19851517  0.28694075 -0.34305925]
 [ 0.06958873  0.31815776 -0.31184224]
 [-0.29530656  0.291158   -0.338842  ]]","[2093. 2255.  916. 1918. 2235.  936. 1855. 2237.  934. 2002. 2255.  916.
 2177. 2235.  936. 2240. 2237.  934.]","[2072. 2248.  915. 1895. 2233.  934. 1853. 2236.  935. 2018. 2247.  918.
 2200. 2231.  935. 2241. 2235.  933.]","[-16.65     4.757   67.094   -0.3052   0.       0.3662  -0.0767  -0.2827
   0.9565]",114
13,0,"[[-0.07542321 -0.31829483  0.31170517]
 [ 0.29423488 -0.29153729  0.33846271]
 [-0.18977138 -0.27336673  0.35663327]
 [ 0.18977138  0.27336673 -0.35663327]
 [ 0.07542321  0.31829483 -0.31170517]
 [-0.29423488  0.29153729 -0.33846271]]","[2097. 2255.  916. 1924. 2226.  945. 1856. 2238.  933. 1998. 2255.  916.
 2171. 2226.  945. 2239. 2238.  933.]","[2075. 2248.  915. 1900. 2233.  936. 1853. 2236.  935. 2014. 2246.  917.
 2197. 2231.  937. 2241. 2236.  933.]","[-16.655    4.757   67.121   -0.2441  -0.1221   0.7324  -0.0801  -0.269
   0.96  ]",114
14,0,"[[-0.08122802 -0.31842372  0.31157628]
 [ 0.29308774 -0.2919198   0.3380802 ]
 [-0.18079483 -0.25711302  0.37288698]
 [ 0.18079483  0.25711302 -0.37288698]
 [ 0.08122802  0.31842372 -0.31157628]
 [-0.29308774  0.2919198  -0.3380802 ]]","[2100. 2255.  916. 1930. 2215.  956. 1856. 2238.  933. 1995. 2255.  916.
 2165. 2215.  956. 2239. 2238.  933.]","[2078. 2249.  915. 1905. 2230.  937. 1854. 2237.  935. 2011. 2247.  917.
 2193. 2229.  938. 2240. 2236.  932.]","[-16.661    4.757   67.176   -0.3662  -0.4272   1.2817  -0.0913  -0.2778
   0.9517]",114
15,0,"[[-0.08700088 -0.31854441  0.31145559]
 [ 0.29186504 -0.29230533  0.33769467]
 [-0.17160089 -0.24145955  0.38854045]
 [ 0.17160089  0.24145955 -0.38854045]
 [ 0.08700088  0.31854441 -0.31145559]
 [-0.29186504  0.29230533 -0.33769467]]","[2104. 2255.  916. 1936. 2205.  966. 1857. 2238.  933. 1991. 2255.  916.
 2159. 2205.  966. 2238. 2238.  933.]","[2082. 2248.  915. 1914. 2224.  945. 1855. 2237.  935. 2006. 2247.  916.
 2186. 2221.  943. 2240. 2237.  931.]","[-16.666    4.757   67.253   -0.3662  -0.6104   1.8311  -0.103   -0.2832
   0.9546]",114
16,0,"[[-0.09273952 -0.31865685  0.31134315]
 [ 0.29056667 -0.29269369  0.33730631]
 [-0.16220488 -0.22642768  0.40357232]
 [ 0.16220488  0.22642768 -0.40357232]
 [ 0.09273952  0.31865685 -0.31134315]
 [-0.29056667  0.29269369 -0.33730631]]","[2108. 2255.  916. 1942. 2195.  976. 1858. 2238.  933. 1987. 2255.  916.
 2153. 2195.  976. 2237. 2238.  933.]","[2085. 2248.  915. 1919. 2221.  950. 1856. 2237.  935. 2004. 2246.  916.
 2181. 2216.  947. 2239. 2237.  931.]","[-16.666    4.768   67.341   -0.2441  -0.4272   2.0752  -0.1074  -0.2783
   0.9458]",114
17,0,"[[-0.09844168 -0.318761    0.311239  ]
 [ 0.28919258 -0.29308468  0.33691532]
 [-0.15262214 -0.2120379   0.4179621 ]
 [ 0.15262214  0.2120379  -0.4179621 ]
 [ 0.09844168  0.318761   -0.311239  ]
 [-0.28919258  0.29308468 -0.33691532]]","[2112. 2255.  916. 1948. 2186.  985. 1859. 2239.  932. 1983. 2255.  916.
 2147. 2186.  985. 2236. 2239.  932.]","[2089. 2248.  915. 1926. 2215.  958. 1858. 2237.  934. 2000. 2246.  915.
 2174. 2208.  955. 2238. 2237.  931.]","[-16.639    4.801   67.44     0.3662  -0.1221   2.4414  -0.1113  -0.2573
   0.9336]",114
18,0,"[[-0.10410511 -0.31885683  0.31114317]
 [ 0.28774272 -0.2934781   0.3365219 ]
 [-0.14286794 -0.19830979  0.43169021]
 [ 0.14286794  0.19830979 -0.43169021]
 [ 0.10410511  0.31885683 -0.31114317]
 [-0.28774272  0.2934781  -0.3365219 ]]","[2115. 2255.  916. 1954. 2177.  994. 1860. 2239.  932. 1980. 2255.  916.
 2141. 2177.  994. 2235. 2239.  932.]","[2095. 2247.  916. 1937. 2203.  969. 1860. 2237.  935. 1994. 2246.  914.
 2165. 2197.  966. 2236. 2237.  930.]","[-1.6573e+01  4.8230e+00  6.7538e+01  9.7660e-01 -1.8310e-01  2.5024e+00
 -4.3000e-02 -2.0800e-01  1.0044e+00]",114
19,0,"[[-0.1097276  -0.31894431  0.31105569]
 [ 0.28621706 -0.29387375  0.33612625]
 [-0.13295748 -0.185262    0.444738  ]
 [ 0.13295748  0.185262   -0.444738  ]
 [ 0.1097276   0.31894431 -0.31105569]
 [-0.28621706  0.29387375 -0.33612625]]","[2119. 2255.  916. 1961. 2168. 1003. 1861. 2239.  932. 1976. 2255.  916.
 2134. 2168. 1003. 2234. 2239.  932.]","[2099. 2248.  918. 1942. 2197.  976. 1860. 2235.  934. 1992. 2247.  914.
 2161. 2192.  973. 2235. 2237.  930.]","[-1.6463e+01  4.8120e+00  6.7593e+01  2.1362e+00 -6.1040e-01  1.2817e+00
 -3.5200e-02 -2.1040e-01  9.7710e-01]",114
20,0,"[[-0.11530693 -0.3190234   0.3109766 ]
 [ 0.28461563 -0.29427144  0.33572856]
 [-0.12290588 -0.17291223  0.45708777]
 [ 0.12290588  0.17291223 -0.45708777]
 [ 0.11530693  0.3190234  -0.3109766 ]
 [-0.28461563  0.29427144 -0.33572856]]","[2123. 2255.  915. 1967. 2160. 1011. 1862. 2239.  932. 1972. 2255.  915.
 2128. 2160. 1011. 2233. 2239.  932.]","[2105. 2247.  919. 1948. 2187.  985. 1860. 2235.  934. 1987. 2247.  914.
 2153. 2184.  984. 2235. 2237.  930.]","[-1.6326e+01  4.7570e+00  6.7577e+01  2.9297e+00 -1.0986e+00 -6.7140e-01
 -4.9800e-02 -2.6760e-01  1.0278e+00]",114
21,0,"[[-0.1208409  -0.31909409  0.31090591]
 [ 0.28293844 -0.29467098  0.33532902]
 [-0.11272817 -0.16127718  0.46872282]
 [ 0.11272817  0.16127718 -0.46872282]
 [ 0.1208409   0.31909409 -0.31090591]
 [-0.28293844  0.29467098 -0.33532902]]","[2126. 2256.  915. 1974. 2153. 1018. 1863. 2240.  931. 1969. 2256.  915.
 2121. 2153. 1018. 2232. 2240.  931.]","[2114. 2247.  920. 1956. 2176.  996. 1862. 2234.  934. 1983. 2247.  914.
 2144. 2175.  994. 2233. 2236.  930.]","[-1.6166e+01  4.7190e+00  6.7489e+01  3.6011e+00 -6.1000e-02 -2.3804e+00
 -4.9300e-02 -2.6860e-01  9.5560e-01]",114
22,0,"[[-0.12632734 -0.31915636  0.31084364]
 [ 0.28118556 -0.29507217  0.33492783]
 [-0.10243923 -0.15037256  0.47962744]
 [ 0.10243923  0.15037256 -0.47962744]
 [ 0.12632734  0.31915636 -0.31084364]
 [-0.28118556  0.29507217 -0.33492783]]","[2130. 2256.  915. 1981. 2146. 1025. 1864. 2240.  931. 1965. 2256.  915.
 2114. 2146. 1025. 2231. 2240.  931.]","[2119. 2247.  919. 1961. 2171. 1002. 1863. 2234.  933. 1980. 2246.  915.
 2137. 2172. 1001. 2233. 2236.  931.]","[-1.5991e+01  4.6640e+00  6.7330e+01  4.5166e+00  0.0000e+00 -4.0283e+00
 -6.6900e-02 -3.1790e-01  9.3260e-01]",114
23,0,"[[-0.13176409 -0.31921019  0.31078981]
 [ 0.27935706 -0.29547482  0.33452518]
 [-0.09205381 -0.14021302  0.48978698]
 [ 0.09205381  0.14021302 -0.48978698]
 [ 0.13176409  0.31921019 -0.31078981]
 [-0.27935706  0.29547482 -0.33452518]]","[2133. 2256.  915. 1987. 2139. 1032. 1865. 2240.  931. 1962. 2256.  915.
 2108. 2139. 1032. 2230. 2240.  931.]","[2123. 2247.  920. 1967. 2162. 1010. 1864. 2234.  930. 1977. 2246.  916.
 2125. 2164. 1009. 2231. 2236.  932.]","[-15.831    4.636   67.132    4.2725   0.9155  -4.9438  -0.126   -0.3589
   0.9653]",114
24,0,"[[-0.13714901 -0.31925556  0.31074444]
 [ 0.27745307 -0.29587875  0.33412125]
 [-0.08158652 -0.13081217  0.49918783]
 [ 0.08158652  0.13081217 -0.49918783]
 [ 0.13714901  0.31925556 -0.31074444]
 [-0.27745307  0.29587875 -0.33412125]]","[2137. 2256.  915. 1994. 2133. 1038. 1867. 2240.  931. 1958. 2256.  915.
 2101. 2133. 1038. 2228. 2240.  931.]","[2125. 2247.  918. 1976. 2153. 1019. 1865. 2234.  929. 1974. 2247.  917.
 2117. 2155. 1019. 2230. 2236.  933.]","[-15.705    4.636   66.973    3.2959   0.3662  -1.77    -0.1768  -0.3765
   0.8936]",114
25,0,"[[-0.14247998 -0.31929248  0.31070752]
 [ 0.2754737  -0.29628376  0.33371624]
 [-0.07105177 -0.12218253  0.50781747]
 [ 0.07105177  0.12218253 -0.50781747]
 [ 0.14247998  0.31929248 -0.31070752]
 [-0.2754737   0.29628376 -0.33371624]]","[2140. 2256.  915. 2001. 2127. 1044. 1868. 2241.  930. 1955. 2256.  915.
 2094. 2127. 1044. 2227. 2241.  930.]","[2127. 2247.  917. 1981. 2148. 1024. 1866. 2234.  929. 1971. 2247.  917.
 2117. 2150. 1024. 2229. 2236.  933.]","[-1.5612e+01  4.6530e+00  6.6923e+01  1.9531e+00 -6.1000e-02  7.3240e-01
 -9.7200e-02 -3.3150e-01  9.0920e-01]",114
26,0,"[[-0.14775491 -0.31932093  0.31067907]
 [ 0.27341913 -0.29668968  0.33331032]
 [-0.06046381 -0.11433555  0.51566445]
 [ 0.06046381  0.11433555 -0.51566445]
 [ 0.14775491  0.31932093 -0.31067907]
 [-0.27341913  0.29668968 -0.33331032]]","[2144. 2256.  915. 2008. 2122. 1049. 1869. 2241.  930. 1951. 2256.  915.
 2087. 2122. 1049. 2226. 2241.  930.]","[2130. 2248.  915. 1987. 2141. 1031. 1867. 2234.  929. 1968. 2247.  918.
 2110. 2142. 1030. 2228. 2236.  932.]","[-1.5573e+01  4.6690e+00  6.6962e+01  1.0376e+00 -4.8830e-01  1.5259e+00
 -4.4900e-02 -2.8660e-01  9.7120e-01]",114
27,0,"[[-0.15297172 -0.31934096  0.31065904]
 [ 0.27128953 -0.29709631  0.33290369]
 [-0.0498367  -0.10728155  0.52271845]
 [ 0.0498367   0.10728155 -0.52271845]
 [ 0.15297172  0.31934096 -0.31065904]
 [-0.27128953  0.29709631 -0.33290369]]","[2147. 2256.  915. 2015. 2117. 1054. 1871. 2241.  930. 1948. 2256.  915.
 2080. 2117. 1054. 2224. 2241.  930.]","[2134. 2248.  916. 1996. 2134. 1038. 1868. 2233.  929. 1964. 2246.  917.
 2102. 2135. 1038. 2226. 2236.  932.]","[-1.5540e+01  4.6800e+00  6.7033e+01  2.1973e+00 -7.3240e-01  1.6479e+00
 -3.4700e-02 -2.8170e-01  9.9610e-01]",114
28,0,"[[-0.15812836 -0.3193527   0.3106473 ]
 [ 0.26908512 -0.29750347  0.33249653]
 [-0.03918425 -0.10102974  0.52897026]
 [ 0.03918425  0.10102974 -0.52897026]
 [ 0.15812836  0.3193527  -0.3106473 ]
 [-0.26908512  0.29750347 -0.33249653]]","[2151. 2256.  915. 2022. 2113. 1058. 1872. 2241.  930. 1944. 2256.  915.
 2073. 2113. 1058. 2223. 2241.  930.]","[2135. 2248.  916. 2001. 2129. 1043. 1870. 2234.  930. 1962. 2247.  917.
 2096. 2130. 1043. 2225. 2236.  931.]","[-1.5458e+01  4.6690e+00  6.7099e+01  3.7231e+00 -1.0376e+00  1.0986e+00
  1.0300e-02 -2.5000e-01  1.0024e+00]",114
29,0,"[[-0.1632228  -0.31935637  0.31064363]
 [ 0.26680615 -0.29791098  0.33208902]
 [-0.0285201  -0.0955882   0.5344118 ]
 [ 0.0285201   0.0955882  -0.5344118 ]
 [ 0.1632228   0.31935637 -0.31064363]
 [-0.26680615  0.29791098 -0.33208902]]","[2154. 2256.  915. 2029. 2110. 1061. 1874. 2242.  929. 1941. 2256.  915.
 2066. 2110. 1061. 2221. 2242.  929.]","[2138. 2248.  916. 2009. 2124. 1048. 1872. 2233.  930. 1959. 2246.  918.
 2088. 2125. 1048. 2224. 2236.  932.]","[-1.5320e+01  4.6310e+00  6.7137e+01  3.7231e+00 -5.4930e-01 -6.1040e-01
 -1.2700e-02 -2.3000e-01  9.3950e-01]",114
30,0,"[[-0.16825303 -0.3193474   0.3106526 ]
 [ 0.26445288 -0.29831866  0.33168134]
 [-0.01785762 -0.09096386  0.53903614]
 [ 0.01785762  0.09096386 -0.53903614]
 [ 0.16825303  0.3193474  -0.3106526 ]
 [-0.26445288  0.29831866 -0.33168134]]","[2157. 2256.  915. 2036. 2107. 1064. 1875. 2242.  929. 1938. 2256.  915.
 2059. 2107. 1064. 2220. 2242.  929.]","[2141. 2248.  917. 2015. 2120. 1052. 1873. 2233.  930. 1956. 2247.  917.
 2081. 2121. 1052. 2223. 2236.  931.]","[-1.5194e+01  4.5920e+00  6.7104e+01  2.4414e+00 -1.2210e-01 -1.5259e+00
 -4.9800e-02 -2.1390e-01  9.2380e-01]",114
31,0,"[[-0.17321709 -0.31930826  0.31069174]
 [ 0.26202559 -0.29872634  0.33127366]
 [-0.00720996 -0.0871625   0.5428375 ]
 [ 0.00720996  0.0871625  -0.5428375 ]
 [ 0.17321709  0.31930826 -0.31069174]
 [-0.26202559  0.29872634 -0.33127366]]","[2160. 2256.  915. 2043. 2104. 1067. 1877. 2242.  929. 1935. 2256.  915.
 2052. 2104. 1067. 2218. 2242.  929.]","[2143. 2248.  917. 2021. 2116. 1056. 1874. 2233.  931. 1954. 2247.  917.
 2074. 2117. 1056. 2221. 2236.  931.]","[-15.123    4.559   67.05     0.9155   0.1831  -1.4038  -0.1108  -0.2036
   0.9487]",114
32,0,"[[-0.17811301 -0.3192351   0.3107649 ]
 [ 0.25952462 -0.29913383  0.33086617]
 [ 0.00340999 -0.08418875  0.54581125]
 [-0.00340999  0.08418875 -0.54581125]
 [ 0.17811301  0.3192351  -0.3107649 ]
 [-0.25952462  0.29913383 -0.33086617]]","[2164. 2256.  915. 2050. 2102. 1069. 1878. 2243.  928. 1931. 2256.  915.
 2045. 2102. 1069. 2217. 2243.  928.]","[2147. 2248.  917. 2030. 2111. 1060. 1876. 2234.  931. 1949. 2246.  917.
 2065. 2112. 1060. 2219. 2236.  931.]","[-15.095    4.543   67.       0.1221   0.      -0.3052  -0.1289  -0.2109
   0.9756]",114
33,0,"[[-0.18293887 -0.31913199  0.31086801]
 [ 0.25695031 -0.29954097  0.33045903]
 [ 0.01398958 -0.08204609  0.54795391]
 [-0.01398958  0.08204609 -0.54795391]
 [ 0.18293887  0.31913199 -0.31086801]
 [-0.25695031  0.29954097 -0.33045903]]","[2167. 2256.  915. 2057. 2101. 1070. 1880. 2243.  928. 1928. 2256.  915.
 2038. 2101. 1070. 2215. 2243.  928.]","[2149. 2248.  917. 2035. 2109. 1063. 1877. 2233.  930. 1946. 2246.  917.
 2059. 2110. 1062. 2218. 2236.  930.]","[-15.09     4.537   67.      -0.5493  -0.3052   0.6714  -0.1118  -0.2104
   0.9517]",114
34,0,"[[-0.18769277 -0.31900006  0.31099994]
 [ 0.25430304 -0.29994758  0.33005242]
 [ 0.02451645 -0.08073722  0.54926278]
 [-0.02451645  0.08073722 -0.54926278]
 [ 0.18769277  0.31900006 -0.31099994]
 [-0.25430304  0.29994758 -0.33005242]]","[2170. 2255.  916. 2063. 2100. 1071. 1882. 2243.  928. 1925. 2255.  916.
 2032. 2100. 1071. 2213. 2243.  928.]","[2153. 2248.  917. 2043. 2107. 1065. 1879. 2234.  929. 1943. 2246.  918.
 2053. 2108. 1065. 2215. 2236.  930.]","[-15.101    4.537   67.033   -1.0986  -0.1831   0.9155  -0.0762  -0.2207
   0.9609]",114
35,0,"[[-0.19237285 -0.31883991  0.31116009]
 [ 0.2515832  -0.30035348  0.32964652]
 [ 0.03497849 -0.08027067  0.54972933]
 [-0.03497849  0.08027067 -0.54972933]
 [ 0.19237285  0.31883991 -0.31116009]
 [-0.2515832   0.30035348 -0.32964652]]","[2173. 2255.  916. 2070. 2100. 1071. 1883. 2243.  928. 1922. 2255.  916.
 2025. 2100. 1071. 2212. 2243.  928.]","[2156. 2248.  917. 2050. 2105. 1067. 1880. 2233.  927. 1940. 2247.  918.
 2046. 2105. 1067. 2214. 2236.  930.]","[-1.5128e+01  4.5480e+00  6.7061e+01 -1.4038e+00  1.8310e-01  6.1000e-02
 -6.3500e-02 -2.3830e-01  9.7070e-01]",114
36,0,"[[-0.19697725 -0.31865213  0.31134787]
 [ 0.24879124 -0.30075852  0.32924148]
 [ 0.04536388 -0.08062958  0.54937042]
 [-0.04536388  0.08062958 -0.54937042]
 [ 0.19697725  0.31865213 -0.31134787]
 [-0.24879124  0.30075852 -0.32924148]]","[2176. 2255.  916. 2077. 2100. 1071. 1885. 2244.  927. 1919. 2255.  916.
 2018. 2100. 1071. 2210. 2244.  927.]","[2160. 2248.  917. 2056. 2104. 1069. 1882. 2234.  925. 1936. 2246.  918.
 2038. 2104. 1069. 2212. 2236.  930.]","[-15.172    4.559   67.055   -1.5259   0.4272  -0.6714  -0.0703  -0.2495
   0.9556]",114
37,0,"[[-0.20150417 -0.31843735  0.31156265]
 [ 0.2459276  -0.30116251  0.32883749]
 [ 0.0556611  -0.08119145  0.54880855]
 [-0.0556611   0.08119145 -0.54880855]
 [ 0.20150417  0.31843735 -0.31156265]
 [-0.2459276   0.30116251 -0.32883749]]","[2179. 2255.  916. 2084. 2100. 1071. 1887. 2244.  927. 1916. 2255.  916.
 2011. 2100. 1071. 2208. 2244.  927.]","[2164. 2248.  917. 2063. 2103. 1069. 1884. 2234.  925. 1933. 2247.  917.
 2031. 2104. 1069. 2210. 2236.  930.]","[-15.216    4.565   67.017   -1.6479   0.6104  -0.9155  -0.0796  -0.2695
   0.9541]",114
38,0,"[[-0.20595184 -0.31819621  0.31180379]
 [ 0.24299277 -0.30156531  0.32843469]
 [ 0.06585888 -0.08179314  0.54820686]
 [-0.06585888  0.08179314 -0.54820686]
 [ 0.20595184  0.31819621 -0.31180379]
 [-0.24299277  0.30156531 -0.32843469]]","[2182. 2255.  916. 2090. 2101. 1070. 1889. 2244.  927. 1913. 2255.  916.
 2005. 2101. 1070. 2206. 2244.  927.]","[2167. 2247.  917. 2070. 2102. 1069. 1886. 2234.  925. 1931. 2246.  918.
 2025. 2103. 1070. 2208. 2236.  930.]","[-15.276    4.581   66.978   -1.77     0.4272  -0.6714  -0.0786  -0.2856
   0.9536]",114
39,0,"[[-0.21031849 -0.31792936  0.31207064]
 [ 0.23998726 -0.30196674  0.32803326]
 [ 0.07594628 -0.08256676  0.54743324]
 [-0.07594628  0.08256676 -0.54743324]
 [ 0.21031849  0.31792936 -0.31207064]
 [-0.23998726  0.30196674 -0.32803326]]","[2185. 2255.  916. 2097. 2101. 1070. 1891. 2244.  927. 1910. 2255.  916.
 1998. 2101. 1070. 2204. 2244.  927.]","[2170. 2247.  917. 2077. 2102. 1069. 1887. 2234.  925. 1927. 2247.  917.
 2018. 2103. 1070. 2206. 2236.  929.]","[-1.5337e+01  4.5920e+00  6.6956e+01 -1.7090e+00  1.8310e-01 -6.1000e-02
 -7.5700e-02 -3.0030e-01  9.5260e-01]",114
40,0,"[[-0.21460242 -0.31763752  0.31236248]
 [ 0.23691161 -0.30236664  0.32763336]
 [ 0.08591265 -0.08354349  0.54645651]
 [-0.08591265  0.08354349 -0.54645651]
 [ 0.21460242  0.31763752 -0.31236248]
 [-0.23691161  0.30236664 -0.32763336]]","[2187. 2255.  916. 2104. 2102. 1069. 1893. 2245.  926. 1908. 2255.  916.
 1991. 2102. 1069. 2202. 2245.  926.]","[2173. 2247.  917. 2084. 2102. 1069. 1890. 2234.  925. 1924. 2246.  918.
 2011. 2103. 1069. 2204. 2236.  929.]","[-1.5397e+01  4.5920e+00  6.6956e+01 -1.2207e+00  0.0000e+00  4.2720e-01
 -6.4500e-02 -3.0760e-01  9.7120e-01]",114
41,0,"[[-0.21880193 -0.3173214   0.3126786 ]
 [ 0.2337664  -0.30276485  0.32723515]
 [ 0.09574764 -0.08473239  0.54526761]
 [-0.09574764  0.08473239 -0.54526761]
 [ 0.21880193  0.3173214  -0.3126786 ]
 [-0.2337664   0.30276485 -0.32723515]]","[2190. 2254.  917. 2110. 2103. 1068. 1895. 2245.  926. 1905. 2254.  917.
 1985. 2103. 1068. 2200. 2245.  926.]","[2175. 2248.  918. 2091. 2103. 1069. 1892. 2234.  926. 1922. 2246.  917.
 2004. 2104. 1069. 2202. 2237.  929.]","[-15.425    4.592   66.973   -0.4272  -0.1221   0.4883  -0.0708  -0.3062
   0.9639]",114
42,0,"[[-0.22291538 -0.31698174  0.31301826]
 [ 0.23055221 -0.30316123  0.32683877]
 [ 0.1054412  -0.08613829  0.54386171]
 [-0.1054412   0.08613829 -0.54386171]
 [ 0.22291538  0.31698174 -0.31301826]
 [-0.23055221  0.30316123 -0.32683877]]","[2193. 2254.  917. 2116. 2104. 1067. 1897. 2245.  926. 1902. 2254.  917.
 1979. 2104. 1067. 2198. 2245.  926.]","[2178. 2248.  918. 2097. 2103. 1069. 1894. 2234.  925. 1919. 2246.  918.
 1998. 2104. 1069. 2200. 2237.  929.]","[-15.436    4.592   66.989    0.1221  -0.1221   0.2441  -0.0781  -0.2979
   0.9595]",114
43,0,"[[-0.22694114 -0.31661929  0.31338071]
 [ 0.22726967 -0.3035556   0.3264444 ]
 [ 0.11498359 -0.08776517  0.54223483]
 [-0.11498359  0.08776517 -0.54223483]
 [ 0.22694114  0.31661929 -0.31338071]
 [-0.22726967  0.3035556  -0.3264444 ]]","[2195. 2254.  917. 2122. 2105. 1066. 1899. 2245.  926. 1900. 2254.  917.
 1973. 2105. 1066. 2196. 2245.  926.]","[2180. 2247.  918. 2104. 2104. 1068. 1896. 2233.  925. 1917. 2247.  919.
 1991. 2104. 1068. 2198. 2236.  927.]","[-15.43     4.587   66.995    0.5493   0.       0.      -0.0942  -0.2832
   0.9614]",114
44,0,"[[-0.23087764 -0.31623485  0.31376515]
 [ 0.22391943 -0.30394782  0.32605218]
 [ 0.1243654  -0.08961675  0.54038325]
 [-0.1243654   0.08961675 -0.54038325]
 [ 0.23087764  0.31623485 -0.31376515]
 [-0.22391943  0.30394782 -0.32605218]]","[2198. 2254.  917. 2129. 2106. 1065. 1902. 2246.  925. 1897. 2254.  917.
 1966. 2106. 1065. 2193. 2246.  925.]","[2182. 2248.  918. 2110. 2104. 1067. 1898. 2234.  925. 1914. 2246.  919.
 1986. 2105. 1067. 2196. 2236.  927.]","[-15.408    4.581   66.995    0.6714  -0.1221   0.      -0.0894  -0.2671
   0.9604]",114
45,0,"[[-0.23472332 -0.3158292   0.3141708 ]
 [ 0.22050216 -0.30433774  0.32566226]
 [ 0.1335775  -0.09169657  0.53830343]
 [-0.1335775   0.09169657 -0.53830343]
 [ 0.23472332  0.3158292  -0.3141708 ]
 [-0.22050216  0.30433774 -0.32566226]]","[2201. 2253.  918. 2135. 2107. 1064. 1904. 2246.  925. 1894. 2253.  918.
 1960. 2107. 1064. 2191. 2246.  925.]","[2184. 2248.  918. 2116. 2105. 1067. 1901. 2234.  925. 1912. 2246.  919.
 1979. 2105. 1067. 2194. 2236.  927.]","[-1.5386e+01  4.5810e+00  6.7000e+01  6.7140e-01 -6.1000e-02  6.1000e-02
 -8.2000e-02 -2.5490e-01  9.5650e-01]",114
46,0,"[[-0.23847668 -0.31540315  0.31459685]
 [ 0.21701858 -0.30472521  0.32527479]
 [ 0.14261111 -0.09400808  0.53599192]
 [-0.14261111  0.09400808 -0.53599192]
 [ 0.23847668  0.31540315 -0.31459685]
 [-0.21701858  0.30472521 -0.32527479]]","[2203. 2253.  918. 2140. 2109. 1062. 1906. 2246.  925. 1892. 2253.  918.
 1955. 2109. 1062. 2189. 2246.  925.]","[2186. 2248.  918. 2122. 2106. 1065. 1902. 2233.  925. 1909. 2246.  919.
 1973. 2106. 1066. 2191. 2237.  927.]","[-1.5370e+01  4.5810e+00  6.7006e+01  3.0520e-01 -6.1000e-02  6.1000e-02
 -6.9300e-02 -2.4900e-01  9.5210e-01]",114
47,0,"[[-0.24213623 -0.31495752  0.31504248]
 [ 0.2134694  -0.30511008  0.32488992]
 [ 0.15145774 -0.09655452  0.53344548]
 [-0.15145774  0.09655452 -0.53344548]
 [ 0.24213623  0.31495752 -0.31504248]
 [-0.2134694   0.30511008 -0.32488992]]","[2205. 2253.  918. 2146. 2110. 1061. 1908. 2246.  925. 1890. 2253.  918.
 1949. 2110. 1061. 2187. 2246.  925.]","[2190. 2248.  919. 2130. 2108. 1063. 1905. 2234.  925. 1906. 2246.  920.
 1965. 2108. 1063. 2189. 2237.  926.]","[-15.359    4.581   67.006    0.       0.       0.      -0.0674  -0.2412
   0.9531]",114
48,0,"[[-0.24570053 -0.31449315  0.31550685]
 [ 0.20985541 -0.3054922   0.3245078 ]
 [ 0.16010923 -0.09933904  0.53066096]
 [-0.16010923  0.09933904 -0.53066096]
 [ 0.24570053  0.31449315 -0.31550685]
 [-0.20985541  0.3054922  -0.3245078 ]]","[2208. 2253.  918. 2152. 2112. 1059. 1911. 2247.  924. 1887. 2253.  918.
 1943. 2112. 1059. 2184. 2247.  924.]","[2191. 2248.  919. 2134. 2109. 1062. 1907. 2234.  925. 1905. 2246.  919.
 1961. 2109. 1063. 2188. 2236.  927.]","[-1.5364e+01  4.5810e+00  6.7006e+01 -3.0520e-01  0.0000e+00  0.0000e+00
 -6.5400e-02 -2.4320e-01  9.6580e-01]",114
49,0,"[[-0.2491682  -0.31401087  0.31598913]
 [ 0.20617737 -0.30587144  0.32412856]
 [ 0.16855773 -0.10236459  0.52763541]
 [-0.16855773  0.10236459 -0.52763541]
 [ 0.2491682   0.31401087 -0.31598913]
 [-0.20617737  0.30587144 -0.32412856]]","[2210. 2252.  919. 2157. 2114. 1057. 1913. 2247.  924. 1885. 2252.  919.
 1938. 2114. 1057. 2182. 2247.  924.]","[2195. 2248.  920. 2140. 2110. 1061. 1909. 2234.  925. 1902. 2246.  920.
 1955. 2110. 1061. 2184. 2237.  926.]","[-15.375    4.576   67.006   -0.6104   0.      -0.1221  -0.0732  -0.2554
   0.9482]",114
50,0,"[[-0.25253785 -0.31351154  0.31648846]
 [ 0.2024361  -0.30624765  0.32375235]
 [ 0.17679572 -0.10563396  0.52436604]
 [-0.17679572  0.10563396 -0.52436604]
 [ 0.25253785  0.31351154 -0.31648846]
 [-0.2024361   0.30624765 -0.32375235]]","[2212. 2252.  919. 2163. 2116. 1055. 1916. 2247.  924. 1883. 2252.  919.
 1932. 2116. 1055. 2179. 2247.  924.]","[2198. 2247.  920. 2148. 2113. 1059. 1913. 2234.  924. 1899. 2246.  920.
 1947. 2113. 1059. 2182. 2237.  925.]","[-15.408    4.576   66.995   -1.0986   0.1221  -0.1221  -0.0801  -0.2676
   0.9507]",114
51,0,"[[-0.25580817 -0.31299601  0.31700399]
 [ 0.19863245 -0.30662069  0.32337931]
 [ 0.18481599 -0.1091498   0.5208502 ]
 [-0.18481599  0.1091498  -0.5208502 ]
 [ 0.25580817  0.31299601 -0.31700399]
 [-0.19863245  0.30662069 -0.32337931]]","[2214. 2252.  919. 2168. 2119. 1052. 1918. 2247.  924. 1881. 2252.  919.
 1927. 2119. 1052. 2177. 2247.  924.]","[2201. 2247.  921. 2153. 2115. 1056. 1915. 2234.  924. 1897. 2246.  920.
 1942. 2115. 1057. 2179. 2237.  926.]","[-15.447    4.581   66.989   -1.2207   0.1831  -0.1221  -0.0845  -0.271
   0.9707]",114
52,0,"[[-0.25897786 -0.31246515  0.31753485]
 [ 0.19476729 -0.30699044  0.32300956]
 [ 0.19261164 -0.11291455  0.51708545]
 [-0.19261164  0.11291455 -0.51708545]
 [ 0.25897786  0.31246515 -0.31753485]
 [-0.19476729  0.30699044 -0.32300956]]","[2216. 2251.  920. 2173. 2121. 1050. 1921. 2248.  923. 1879. 2251.  920.
 1922. 2121. 1050. 2174. 2248.  923.]","[2203. 2247.  921. 2159. 2118. 1054. 1917. 2234.  924. 1896. 2245.  920.
 1936. 2117. 1055. 2177. 2238.  925.]","[-1.5485e+01  4.5810e+00  6.6989e+01 -7.9350e-01  6.1000e-02  0.0000e+00
 -8.1500e-02 -2.7780e-01  9.6480e-01]",114
53,0,"[[-0.26204569 -0.31191982  0.31808018]
 [ 0.1908415  -0.30735674  0.32264326]
 [ 0.20017611 -0.1169305   0.5130695 ]
 [-0.20017611  0.1169305  -0.5130695 ]
 [ 0.26204569  0.31191982 -0.31808018]
 [-0.1908415   0.30735674 -0.32264326]]","[2218. 2251.  920. 2178. 2124. 1047. 1923. 2248.  923. 1877. 2251.  920.
 1917. 2124. 1047. 2172. 2248.  923.]","[2204. 2247.  921. 2162. 2119. 1053. 1919. 2234.  924. 1894. 2245.  921.
 1932. 2119. 1053. 2174. 2237.  925.]","[-1.5507e+01  4.5870e+00  6.6984e+01 -4.8830e-01  6.1000e-02  0.0000e+00
 -7.4700e-02 -2.8560e-01  9.5120e-01]",114
54,0,"[[-0.26501045 -0.31136088  0.31863912]
 [ 0.18685601 -0.30771948  0.32228052]
 [ 0.20750314 -0.12119973  0.50880027]
 [-0.20750314  0.12119973 -0.50880027]
 [ 0.26501045  0.31136088 -0.31863912]
 [-0.18685601  0.30771948 -0.32228052]]","[2220. 2250.  920. 2183. 2127. 1044. 1926. 2248.  923. 1875. 2250.  920.
 1912. 2127. 1044. 2169. 2248.  923.]","[2207. 2247.  921. 2168. 2121. 1050. 1922. 2234.  923. 1891. 2244.  921.
 1927. 2121. 1051. 2172. 2238.  925.]","[-1.5524e+01  4.5870e+00  6.6984e+01 -4.8830e-01  6.1000e-02 -1.8310e-01
 -8.3500e-02 -2.8320e-01  9.5800e-01]",114
55,0,"[[-0.26787096 -0.31078921  0.31921079]
 [ 0.18281176 -0.30807853  0.32192147]
 [ 0.21458678 -0.12572415  0.50427585]
 [-0.21458678  0.12572415 -0.50427585]
 [ 0.26787096  0.31078921 -0.31921079]
 [-0.18281176  0.30807853 -0.32192147]]","[2222. 2250.  921. 2187. 2129. 1042. 1928. 2248.  923. 1873. 2250.  921.
 1908. 2129. 1042. 2167. 2248.  923.]","[2209. 2246.  921. 2173. 2124. 1048. 1924. 2234.  923. 1889. 2244.  921.
 1922. 2124. 1048. 2170. 2238.  925.]","[-1.5540e+01  4.5920e+00  6.6978e+01 -3.6620e-01  0.0000e+00 -6.1000e-02
 -7.7100e-02 -2.7880e-01  9.6000e-01]",114
56,0,"[[-0.27062611 -0.31020568  0.31979432]
 [ 0.17870973 -0.30843374  0.32156626]
 [ 0.22142142 -0.13050547  0.49949453]
 [-0.22142142  0.13050547 -0.49949453]
 [ 0.27062611  0.31020568 -0.31979432]
 [-0.17870973  0.30843374 -0.32156626]]","[2224. 2250.  921. 2192. 2133. 1038. 1931. 2249.  922. 1871. 2250.  921.
 1903. 2133. 1038. 2164. 2249.  922.]","[2211. 2246.  922. 2179. 2127. 1045. 1928. 2234.  923. 1885. 2244.  921.
 1916. 2127. 1045. 2167. 2238.  925.]","[-15.557    4.592   66.973   -0.1831   0.       0.      -0.0742  -0.2744
   0.9546]",114
57,0,"[[-0.27327481 -0.30961115  0.32038885]
 [ 0.17455092 -0.30878501  0.32121499]
 [ 0.22800175 -0.13554521  0.49445479]
 [-0.22800175  0.13554521 -0.49445479]
 [ 0.27327481  0.30961115 -0.32038885]
 [-0.17455092  0.30878501 -0.32121499]]","[2226. 2249.  922. 2196. 2136. 1035. 1934. 2249.  922. 1869. 2249.  922.
 1899. 2136. 1035. 2161. 2249.  922.]","[2213. 2246.  922. 2183. 2130. 1043. 1929. 2234.  923. 1884. 2244.  922.
 1913. 2130. 1043. 2165. 2238.  925.]","[-1.5568e+01  4.5870e+00  6.6973e+01 -2.4410e-01  0.0000e+00 -6.1000e-02
 -7.2300e-02 -2.6810e-01  9.5560e-01]",114
58,0,"[[-0.27581601 -0.3090065   0.3209935 ]
 [ 0.17033635 -0.30913221  0.32086779]
 [ 0.23432276 -0.14084468  0.48915532]
 [-0.23432276  0.14084468 -0.48915532]
 [ 0.27581601  0.3090065  -0.3209935 ]
 [-0.17033635  0.30913221 -0.32086779]]","[2227. 2249.  922. 2200. 2139. 1032. 1936. 2249.  922. 1868. 2249.  922.
 1895. 2139. 1032. 2159. 2249.  922.]","[2215. 2245.  922. 2187. 2132. 1040. 1932. 2234.  923. 1882. 2243.  922.
 1908. 2132. 1040. 2162. 2238.  924.]","[-1.5579e+01  4.5870e+00  6.6967e+01 -3.0520e-01  6.1000e-02 -1.2210e-01
 -7.7100e-02 -2.6610e-01  9.5950e-01]",114
59,1,"[[-0.27824873 -0.30839258  0.32160742]
 [ 0.16606707 -0.30947521  0.32052479]
 [ 0.24037978 -0.14640499  0.48359501]
 [-0.24037978  0.14640499 -0.48359501]
 [ 0.27824873  0.30839258 -0.32160742]
 [-0.16606707  0.30947521 -0.32052479]]","[2229. 2249.  922. 2204. 2143. 1028. 1939. 2249.  922. 1866. 2249.  922.
 1891. 2143. 1028. 2156. 2249.  922.]","[2217. 2245.  923. 2191. 2136. 1037. 1935. 2234.  922. 1880. 2243.  922.
 1904. 2136. 1037. 2160. 2238.  924.]","[-15.595    4.592   66.962   -0.4272   0.1221  -0.1221  -0.0815  -0.2661
   0.9536]",114
60,1,"[[-0.28057199 -0.30777025  0.32222975]
 [ 0.16174416 -0.3098139   0.3201861 ]
 [ 0.24616841 -0.15222704  0.47777296]
 [-0.24616841  0.15222704 -0.47777296]
 [ 0.28057199  0.30777025 -0.32222975]
 [-0.16174416  0.3098139  -0.3201861 ]]","[2230. 2248.  923. 2208. 2147. 1024. 1942. 2249.  922. 1865. 2248.  923.
 1887. 2147. 1024. 2153. 2249.  922.]","[2218. 2245.  923. 2195. 2139. 1034. 1937. 2234.  923. 1879. 2243.  922.
 1899. 2138. 1034. 2157. 2238.  924.]","[-15.612    4.598   66.956   -0.5493   0.1221   0.      -0.0801  -0.2646
   0.9634]",114
61,1,"[[-0.2827849  -0.30714038  0.32285962]
 [ 0.15736872 -0.31014816  0.31985184]
 [ 0.2516846  -0.15831152  0.47168848]
 [-0.2516846   0.15831152 -0.47168848]
 [ 0.2827849   0.30714038 -0.32285962]
 [-0.15736872  0.31014816 -0.31985184]]","[2232. 2248.  923. 2212. 2151. 1020. 1945. 2250.  921. 1863. 2248.  923.
 1883. 2151. 1020. 2150. 2250.  921.]","[2220. 2244.  923. 2199. 2143. 1030. 1939. 2234.  922. 1877. 2243.  922.
 1895. 2142. 1030. 2155. 2238.  924.]","[-1.5634e+01  4.5980e+00  6.6951e+01 -5.4930e-01  6.1000e-02 -6.1000e-02
 -7.1800e-02 -2.6860e-01  9.5410e-01]",114
62,1,"[[-0.28488657 -0.3065038   0.3234962 ]
 [ 0.15294187 -0.31047789  0.31952211]
 [ 0.25692458 -0.1646589   0.4653411 ]
 [-0.25692458  0.1646589  -0.4653411 ]
 [ 0.28488657  0.3065038  -0.3234962 ]
 [-0.15294187  0.31047789 -0.31952211]]","[2233. 2247.  924. 2215. 2155. 1016. 1948. 2250.  921. 1862. 2247.  924.
 1880. 2155. 1016. 2147. 2250.  921.]","[2222. 2244.  924. 2204. 2146. 1026. 1942. 2235.  922. 1875. 2242.  923.
 1891. 2146. 1026. 2151. 2239.  924.]","[-1.5661e+01  4.5980e+00  6.6945e+01 -7.3240e-01  6.1000e-02 -1.8310e-01
 -7.5700e-02 -2.7290e-01  9.4680e-01]",114
63,1,"[[-0.28687618 -0.30586137  0.32413863]
 [ 0.14846477 -0.31080296  0.31919704]
 [ 0.26188488 -0.17126946  0.45873054]
 [-0.26188488  0.17126946 -0.45873054]
 [ 0.28687618  0.30586137 -0.32413863]
 [-0.14846477  0.31080296 -0.31919704]]","[2235. 2247.  924. 2218. 2159. 1012. 1951. 2250.  921. 1860. 2247.  924.
 1877. 2159. 1012. 2144. 2250.  921.]","[2225. 2244.  924. 2207. 2150. 1022. 1945. 2235.  922. 1873. 2242.  923.
 1887. 2150. 1022. 2148. 2240.  924.]","[-15.688    4.598   66.94    -0.8545   0.1221  -0.1831  -0.082   -0.2773
   0.9614]",114
64,1,"[[-0.28875295 -0.30521391  0.32478609]
 [ 0.14393859 -0.31112327  0.31887673]
 [ 0.26656233 -0.17814322  0.45185678]
 [-0.26656233  0.17814322 -0.45185678]
 [ 0.28875295  0.30521391 -0.32478609]
 [-0.14393859  0.31112327 -0.31887673]]","[2236. 2246.  925. 2221. 2164. 1007. 1954. 2250.  921. 1859. 2246.  925.
 1874. 2164. 1007. 2141. 2250.  921.]","[2227. 2243.  925. 2212. 2154. 1018. 1948. 2236.  922. 1872. 2242.  923.
 1884. 2153. 1019. 2145. 2239.  924.]","[-15.721    4.603   66.934   -0.7324   0.1221   0.      -0.0796  -0.2769
   0.9624]",114
65,1,"[[-0.29051614 -0.30456226  0.32543774]
 [ 0.13936452 -0.31143871  0.31856129]
 [ 0.27095409 -0.18528001  0.44471999]
 [-0.27095409  0.18528001 -0.44471999]
 [ 0.29051614  0.30456226 -0.32543774]
 [-0.13936452  0.31143871 -0.31856129]]","[2237. 2246.  925. 2224. 2168. 1003. 1957. 2251.  920. 1858. 2246.  925.
 1871. 2168. 1003. 2138. 2251.  920.]","[2228. 2243.  925. 2214. 2158. 1014. 1951. 2237.  922. 1870. 2241.  924.
 1880. 2158. 1014. 2143. 2239.  923.]","[-1.5754e+01  4.6090e+00  6.6934e+01 -9.1550e-01  6.1000e-02  6.1000e-02
 -7.9600e-02 -2.7290e-01  9.4430e-01]",114
66,1,"[[-0.29216506 -0.30390723  0.32609277]
 [ 0.13474379 -0.31174917  0.31825083]
 [ 0.27505756 -0.19267943  0.43732057]
 [-0.27505756  0.19267943 -0.43732057]
 [ 0.29216506  0.30390723 -0.32609277]
 [-0.13474379  0.31174917 -0.31825083]]","[2238. 2246.  925. 2227. 2173.  998. 1960. 2251.  920. 1857. 2246.  925.
 1868. 2173.  998. 2135. 2251.  920.]","[2231. 2243.  925. 2218. 2162. 1010. 1954. 2237.  923. 1869. 2241.  924.
 1877. 2161. 1010. 2140. 2240.  923.]","[-15.798    4.62    66.94    -1.3428   0.2441   0.1221  -0.0786  -0.2651
   0.9463]",114
67,1,"[[-0.29369906 -0.30324962  0.32675038]
 [ 0.13007764 -0.31205456  0.31794544]
 [ 0.27887048 -0.20034085  0.42965915]
 [-0.27887048  0.20034085 -0.42965915]
 [ 0.29369906  0.30324962 -0.32675038]
 [-0.13007764  0.31205456 -0.31794544]]","[2239. 2245.  926. 2229. 2178.  993. 1963. 2251.  920. 1856. 2245.  926.
 1866. 2178.  993. 2132. 2251.  920.]","[2232. 2242.  926. 2221. 2166. 1005. 1957. 2237.  922. 1867. 2240.  924.
 1874. 2166. 1006. 2137. 2240.  923.]","[-1.5848e+01  4.6310e+00  6.6940e+01 -1.2207e+00  2.4410e-01  6.1000e-02
 -8.4000e-02 -2.6660e-01  9.6190e-01]",114
68,1,"[[-0.29511753 -0.30259025  0.32740975]
 [ 0.12536734 -0.31235478  0.31764522]
 [ 0.28239086 -0.20826341  0.42173659]
 [-0.28239086  0.20826341 -0.42173659]
 [ 0.29511753  0.30259025 -0.32740975]
 [-0.12536734  0.31235478 -0.31764522]]","[2240. 2245.  926. 2232. 2183.  988. 1966. 2251.  920. 1855. 2245.  926.
 1863. 2183.  988. 2129. 2251.  920.]","[2234. 2241.  926. 2223. 2171. 1001. 1960. 2238.  922. 1866. 2240.  924.
 1871. 2171. 1001. 2134. 2240.  923.]","[-1.5886e+01  4.6420e+00  6.6934e+01 -1.0376e+00  2.4410e-01 -6.1000e-02
 -7.8600e-02 -2.7290e-01  9.6000e-01]",114
69,1,"[[-0.29641992 -0.30192989  0.32807011]
 [ 0.12061418 -0.31264972  0.31735028]
 [ 0.28561699 -0.21644605  0.41355395]
 [-0.28561699  0.21644605 -0.41355395]
 [ 0.29641992  0.30192989 -0.32807011]
 [-0.12061418  0.31264972 -0.31735028]]","[2241. 2244.  927. 2234. 2189.  982. 1969. 2251.  920. 1854. 2244.  927.
 1861. 2189.  982. 2126. 2251.  920.]","[2235. 2241.  926. 2227. 2176.  996. 1962. 2237.  921. 1865. 2241.  924.
 1868. 2176.  997. 2131. 2240.  923.]","[-15.93     4.647   66.929   -1.2207   0.1831  -0.1221  -0.0791  -0.2749
   0.9517]",114
70,1,"[[-0.29760571 -0.30126931  0.32873069]
 [ 0.11581948 -0.3129393   0.3170607 ]
 [ 0.28854746 -0.22488744  0.40511256]
 [-0.28854746  0.22488744 -0.40511256]
 [ 0.29760571  0.30126931 -0.32873069]
 [-0.11581948  0.3129393  -0.3170607 ]]","[2242. 2244.  927. 2236. 2194.  977. 1972. 2252.  919. 1853. 2244.  927.
 1859. 2194.  977. 2123. 2252.  919.]","[2237. 2240.  927. 2229. 2181.  991. 1965. 2238.  921. 1864. 2240.  925.
 1866. 2180.  995. 2128. 2240.  923.]","[-15.98     4.653   66.923   -1.3428   0.1831   0.      -0.0762  -0.2778
   0.9463]",114
71,1,"[[-0.29867444 -0.3006093   0.3293907 ]
 [ 0.11098456 -0.31322342  0.31677658]
 [ 0.29118112 -0.23358606  0.39641394]
 [-0.29118112  0.23358606 -0.39641394]
 [ 0.29867444  0.3006093  -0.3293907 ]
 [-0.11098456  0.31322342 -0.31677658]]","[2242. 2243.  928. 2237. 2200.  971. 1975. 2252.  919. 1853. 2243.  928.
 1858. 2200.  971. 2120. 2252.  919.]","[2239. 2240.  927. 2231. 2186.  986. 1968. 2239.  921. 1862. 2239.  925.
 1864. 2184.  990. 2125. 2241.  922.]","[-16.035    4.664   66.929   -1.4648   0.1221   0.1221  -0.0757  -0.2852
   0.9546]",114
72,1,"[[-0.29962568 -0.29995059  0.33004941]
 [ 0.10611078 -0.31350198  0.31649802]
 [ 0.29351712 -0.24254013  0.38745987]
 [-0.29351712  0.24254013 -0.38745987]
 [ 0.29962568  0.29995059 -0.33004941]
 [-0.10611078  0.31350198 -0.31649802]]","[2243. 2243.  928. 2239. 2206.  965. 1978. 2252.  919. 1852. 2243.  928.
 1856. 2206.  965. 2117. 2252.  919.]","[2239. 2239.  927. 2233. 2192.  981. 1971. 2240.  921. 1861. 2238.  925.
 1862. 2187.  984. 2122. 2241.  923.]","[-1.6095e+01  4.6640e+00  6.6929e+01 -1.6479e+00  6.1000e-02  0.0000e+00
 -7.9100e-02 -2.8560e-01  9.5210e-01]",114
73,1,"[[-0.30045907 -0.29929392  0.33070608]
 [ 0.10119952 -0.31377491  0.31622509]
 [ 0.29555485 -0.25174766  0.37825234]
 [-0.29555485  0.25174766 -0.37825234]
 [ 0.30045907  0.29929392 -0.33070608]
 [-0.10119952  0.31377491 -0.31622509]]","[2243. 2243.  928. 2240. 2212.  959. 1982. 2252.  919. 1852. 2243.  928.
 1855. 2212.  959. 2113. 2252.  919.]","[2240. 2239.  927. 2235. 2197.  976. 1974. 2242.  920. 1860. 2238.  925.
 1860. 2191.  979. 2119. 2241.  923.]","[-16.166    4.675   66.923   -1.8311   0.2441   0.      -0.0869  -0.2856
   0.9478]",114
74,1,"[[-0.30117428 -0.29864003  0.33135997]
 [ 0.09625217 -0.31404211  0.31595789]
 [ 0.29729402 -0.26120643  0.36879357]
 [-0.29729402  0.26120643 -0.36879357]
 [ 0.30117428  0.29864003 -0.33135997]
 [-0.09625217  0.31404211 -0.31595789]]","[2244. 2242.  929. 2241. 2218.  953. 1985. 2252.  919. 1851. 2242.  929.
 1854. 2218.  953. 2110. 2252.  919.]","[2241. 2238.  927. 2237. 2200.  972. 1977. 2243.  920. 1860. 2238.  926.
 1859. 2197.  974. 2116. 2242.  923.]","[-16.243    4.691   66.918   -1.8921   0.3662   0.      -0.0903  -0.291
   0.9585]",114
75,1,"[[-0.30177105 -0.29798961  0.33201039]
 [ 0.09127015 -0.31430351  0.31569649]
 [ 0.29873455 -0.27091398  0.35908602]
 [-0.29873455  0.27091398 -0.35908602]
 [ 0.30177105  0.29798961 -0.33201039]
 [-0.09127015  0.31430351 -0.31569649]]","[2244. 2242.  929. 2242. 2224.  947. 1988. 2252.  919. 1851. 2242.  929.
 1853. 2224.  947. 2107. 2252.  919.]","[2242. 2238.  928. 2238. 2203.  967. 1980. 2244.  921. 1859. 2238.  927.
 1858. 2202.  969. 2113. 2242.  923.]","[-1.6342e+01  4.7080e+00  6.6918e+01 -2.5024e+00  3.0520e-01  6.1000e-02
 -8.7400e-02 -2.8320e-01  9.2820e-01]",114
76,1,"[[-0.30224923 -0.29734338  0.33265662]
 [ 0.08625489 -0.31455902  0.31544098]
 [ 0.29987667 -0.28086762  0.34913238]
 [-0.29987667  0.28086762 -0.34913238]
 [ 0.30224923  0.29734338 -0.33265662]
 [-0.08625489  0.31455902 -0.31544098]]","[2245. 2241.  930. 2243. 2231.  940. 1991. 2253.  918. 1850. 2241.  930.
 1852. 2231.  940. 2104. 2253.  918.]","[2243. 2238.  928. 2239. 2209.  961. 1983. 2245.  920. 1857. 2237.  928.
 1857. 2206.  964. 2110. 2242.  923.]","[-16.458    4.724   66.912   -2.9297   0.3662   0.      -0.0806  -0.2803
   0.9668]",114
77,1,"[[-0.30260912 -0.296702    0.333298  ]
 [ 0.08120781 -0.31480856  0.31519144]
 [ 0.30072082 -0.28696673  0.34303327]
 [-0.30072082  0.28696673 -0.34303327]
 [ 0.30260912  0.296702   -0.333298  ]
 [-0.08120781  0.31480856 -0.31519144]]","[2245. 2241.  930. 2244. 2235.  936. 1995. 2253.  918. 1850. 2241.  930.
 1851. 2235.  936. 2100. 2253.  918.]","[2246. 2237.  929. 2241. 2214.  956. 1986. 2246.  920. 1856. 2238.  928.
 1856. 2211.  959. 2107. 2243.  923.]","[-16.501    4.719   66.907   -1.2817   0.      -0.1221  -0.0732  -0.2939
   1.0371]",114
78,1,"[[-0.30285237 -0.29606615  0.33393385]
 [ 0.07613006 -0.31505205  0.31494795]
 [ 0.30126731 -0.28727984  0.34272016]
 [-0.30126731  0.28727984 -0.34272016]
 [ 0.30285237  0.29606615 -0.33393385]
 [-0.07613006  0.31505205 -0.31494795]]","[2245. 2241.  930. 2244. 2235.  936. 1998. 2253.  918. 1850. 2241.  930.
 1851. 2235.  936. 2097. 2253.  918.]","[2248. 2237.  929. 2241. 2218.  952. 1990. 2247.  919. 1855. 2238.  929.
 1856. 2214.  956. 2104. 2243.  923.]","[-16.562    4.735   66.885   -1.4038   0.4883  -0.4272  -0.0957  -0.3018
   0.8447]",114
79,1,"[[-0.30297774 -0.29543643  0.33456357]
 [ 0.07102078 -0.31528944  0.31471056]
 [ 0.30151629 -0.28760004  0.34239996]
 [-0.30151629  0.28760004 -0.34239996]
 [ 0.30297774  0.29543643 -0.33456357]
 [-0.07102078  0.31528944 -0.31471056]]","[2245. 2240.  931. 2244. 2235.  936. 2001. 2253.  918. 1850. 2240.  931.
 1851. 2235.  936. 2094. 2253.  918.]","[2248. 2237.  931. 2242. 2219.  951. 1993. 2247.  919. 1854. 2238.  929.
 1856. 2216.  954. 2101. 2242.  923.]","[-1.6661e+01  4.7410e+00  6.6846e+01 -2.5024e+00  3.6620e-01 -8.5450e-01
 -6.0100e-02 -3.0130e-01  1.0933e+00]",114
80,1,"[[-0.30288885 -0.29481315  0.33518685]
 [ 0.0658684  -0.31552063  0.31447937]
 [ 0.30153182 -0.28792706  0.34207294]
 [-0.30153182  0.28792706 -0.34207294]
 [ 0.30288885  0.29481315 -0.33518685]
 [-0.0658684   0.31552063 -0.31447937]]","[2245. 2240.  931. 2244. 2235.  936. 2005. 2253.  918. 1850. 2240.  931.
 1851. 2235.  936. 2090. 2253.  918.]","[2247. 2236.  931. 2243. 2220.  950. 1996. 2248.  920. 1854. 2238.  929.
 1855. 2217.  952. 2098. 2242.  923.]","[-1.6639e+01  4.7190e+00  6.6797e+01  6.1040e-01 -1.2210e-01 -1.2817e+00
 -4.2500e-02 -3.1840e-01  9.5310e-01]",114
81,1,"[[-0.30237735 -0.29419557  0.33580443]
 [ 0.06065264 -0.31574558  0.31425442]
 [ 0.30147729 -0.28825982  0.34174018]
 [-0.30147729  0.28825982 -0.34174018]
 [ 0.30237735  0.29419557 -0.33580443]
 [-0.06065264  0.31574558 -0.31425442]]","[2245. 2239.  932. 2244. 2235.  936. 2008. 2253.  918. 1850. 2239.  932.
 1851. 2235.  936. 2087. 2253.  918.]","[2247. 2236.  932. 2243. 2220.  950. 1998. 2248.  919. 1854. 2238.  929.
 1856. 2217.  951. 2095. 2243.  923.]","[-1.6650e+01  4.6910e+00  6.6731e+01  0.0000e+00  0.0000e+00 -1.7700e+00
 -5.0300e-02 -3.1840e-01  8.4860e-01]",114
82,1,"[[-0.30141521 -0.29358369  0.33641631]
 [ 0.05536839 -0.31596423  0.31403577]
 [ 0.30139463 -0.28859726  0.34140274]
 [-0.30139463  0.28859726 -0.34140274]
 [ 0.30141521  0.29358369 -0.33641631]
 [-0.05536839  0.31596423 -0.31403577]]","[2244. 2239.  932. 2244. 2236.  935. 2011. 2253.  917. 1851. 2239.  932.
 1851. 2236.  935. 2084. 2253.  917.]","[2247. 2235.  933. 2243. 2220.  950. 2000. 2248.  919. 1853. 2237.  930.
 1856. 2217.  951. 2092. 2242.  923.]","[-16.677    4.675   66.676   -0.3052   0.1221  -1.3428  -0.0986  -0.3442
   0.9888]",114
83,1,"[[-0.30000621 -0.2929783   0.3370217 ]
 [ 0.05001624 -0.31617652  0.31382348]
 [ 0.30127402 -0.28893903  0.34106097]
 [-0.30127402  0.28893903 -0.34106097]
 [ 0.30000621  0.2929783  -0.3370217 ]
 [-0.05001624  0.31617652 -0.31382348]]","[2243. 2238.  932. 2244. 2236.  935. 2015. 2254.  917. 1852. 2238.  932.
 1851. 2236.  935. 2080. 2254.  917.]","[2247. 2235.  933. 2242. 2220.  949. 2004. 2248.  919. 1853. 2237.  929.
 1856. 2217.  950. 2090. 2243.  922.]","[-1.6694e+01  4.6640e+00  6.6660e+01 -6.1000e-02 -6.1000e-02 -3.6620e-01
 -1.0640e-01 -3.2030e-01  9.0920e-01]",114
84,1,"[[-0.29815258 -0.29238012  0.33761988]
 [ 0.04459745 -0.3163824   0.3136176 ]
 [ 0.30110625 -0.28928492  0.34071508]
 [-0.30110625  0.28928492 -0.34071508]
 [ 0.29815258  0.29238012 -0.33761988]
 [-0.04459745  0.3163824  -0.3136176 ]]","[2242. 2238.  933. 2244. 2236.  935. 2018. 2254.  917. 1853. 2238.  933.
 1851. 2236.  935. 2077. 2254.  917.]","[2247. 2235.  932. 2242. 2219.  949. 2007. 2249.  918. 1853. 2237.  930.
 1855. 2217.  950. 2089. 2243.  922.]","[-1.6710e+01  4.6640e+00  6.6671e+01 -6.1000e-02 -1.2210e-01  2.4410e-01
 -1.0350e-01 -3.1400e-01  9.5410e-01]",114
85,1,"[[-0.29585707 -0.29178984  0.33821016]
 [ 0.03911355 -0.31658182  0.31341818]
 [ 0.30088577 -0.28963474  0.34036526]
 [-0.30088577  0.28963474 -0.34036526]
 [ 0.29585707  0.29178984 -0.33821016]
 [-0.03911355  0.31658182 -0.31341818]]","[2240. 2238.  933. 2244. 2236.  935. 2022. 2254.  917. 1855. 2238.  933.
 1851. 2236.  935. 2073. 2254.  917.]","[2246. 2235.  933. 2242. 2219.  950. 2011. 2249.  919. 1854. 2236.  929.
 1856. 2217.  949. 2087. 2243.  922.]","[-1.6721e+01  4.6690e+00  6.6671e+01  0.0000e+00  0.0000e+00 -6.1000e-02
 -7.7600e-02 -2.9050e-01  9.4780e-01]",114
86,1,"[[-0.29312308 -0.29120817  0.33879183]
 [ 0.03356625 -0.31677473  0.31322527]
 [ 0.30060919 -0.28998831  0.34001169]
 [-0.30060919  0.28998831 -0.34001169]
 [ 0.29312308  0.29120817 -0.33879183]
 [-0.03356625  0.31677473 -0.31322527]]","[2239. 2237.  934. 2243. 2237.  934. 2026. 2254.  917. 1856. 2237.  934.
 1852. 2237.  934. 2069. 2254.  917.]","[2246. 2235.  933. 2243. 2220.  949. 2014. 2249.  918. 1854. 2237.  930.
 1856. 2217.  949. 2083. 2243.  923.]","[-1.6727e+01  4.6690e+00  6.6654e+01  6.1000e-02  6.1000e-02 -3.6620e-01
 -8.2000e-02 -2.9300e-01  9.5460e-01]",114
87,1,"[[-0.28995467 -0.29063578  0.33936422]
 [ 0.02795741 -0.31696108  0.31303892]
 [ 0.30027404 -0.29034543  0.33965457]
 [-0.30027404  0.29034543 -0.33965457]
 [ 0.28995467  0.29063578 -0.33936422]
 [-0.02795741  0.31696108 -0.31303892]]","[2237. 2237.  934. 2243. 2237.  934. 2029. 2254.  917. 1858. 2237.  934.
 1852. 2237.  934. 2066. 2254.  917.]","[2245. 2235.  933. 2242. 2220.  949. 2018. 2249.  918. 1855. 2236.  930.
 1856. 2217.  949. 2079. 2243.  922.]","[-1.6738e+01  4.6690e+00  6.6638e+01 -6.1000e-02  1.2210e-01 -3.6620e-01
 -8.4500e-02 -2.8860e-01  9.5260e-01]",114
88,1,"[[-0.28635653 -0.29007335  0.33992665]
 [ 0.022289   -0.31714082  0.31285918]
 [ 0.29987828 -0.29070592  0.33929408]
 [-0.29987828  0.29070592 -0.33929408]
 [ 0.28635653  0.29007335 -0.33992665]
 [-0.022289    0.31714082 -0.31285918]]","[2234. 2237.  934. 2243. 2237.  934. 2033. 2254.  917. 1861. 2237.  934.
 1852. 2237.  934. 2062. 2254.  917.]","[2243. 2235.  933. 2242. 2220.  950. 2022. 2249.  918. 1856. 2235.  931.
 1856. 2217.  949. 2075. 2242.  922.]","[-1.6743e+01  4.6750e+00  6.6638e+01  0.0000e+00  0.0000e+00 -6.1000e-02
 -7.5200e-02 -2.9640e-01  9.5410e-01]",114
89,1,"[[-0.28233398 -0.28952154  0.34047846]
 [ 0.01656316 -0.3173139   0.3126861 ]
 [ 0.29942001 -0.29106961  0.33893039]
 [-0.29942001  0.29106961 -0.33893039]
 [ 0.28233398  0.28952154 -0.34047846]
 [-0.01656316  0.3173139  -0.3126861 ]]","[2232. 2236.  935. 2243. 2237.  934. 2037. 2254.  917. 1863. 2236.  935.
 1852. 2237.  934. 2058. 2254.  917.]","[2242. 2234.  933. 2242. 2220.  949. 2026. 2249.  918. 1859. 2236.  931.
 1856. 2217.  949. 2072. 2242.  922.]","[-1.6749e+01  4.6750e+00  6.6638e+01  0.0000e+00  0.0000e+00  6.1000e-02
 -8.0600e-02 -2.9590e-01  9.4340e-01]",114
90,1,"[[-0.277893   -0.28898103  0.34101897]
 [ 0.01078213 -0.31748027  0.31251973]
 [ 0.29889734 -0.29143633  0.33856367]
 [-0.29889734  0.29143633 -0.33856367]
 [ 0.277893    0.28898103 -0.34101897]
 [-0.01078213  0.31748027 -0.31251973]]","[2229. 2236.  935. 2242. 2237.  933. 2040. 2254.  917. 1866. 2236.  935.
 1853. 2237.  933. 2055. 2254.  917.]","[2241. 2234.  933. 2242. 2220.  949. 2029. 2249.  919. 1861. 2235.  931.
 1856. 2217.  949. 2068. 2243.  922.]","[-16.754    4.675   66.643    0.       0.       0.1221  -0.0771  -0.3022
   0.9536]",114
91,1,"[[-0.27304017 -0.28845244  0.34154756]
 [ 0.00494828 -0.31763989  0.31236011]
 [ 0.29830842 -0.29180589  0.33819411]
 [-0.29830842  0.29180589 -0.33819411]
 [ 0.27304017  0.28845244 -0.34154756]
 [-0.00494828  0.31763989 -0.31236011]]","[2225. 2236.  935. 2242. 2238.  933. 2044. 2255.  916. 1870. 2236.  935.
 1853. 2238.  933. 2051. 2255.  916.]","[2239. 2234.  933. 2242. 2219.  949. 2033. 2249.  918. 1862. 2235.  931.
 1856. 2217.  949. 2064. 2242.  922.]","[-1.6760e+01  4.6800e+00  6.6649e+01  0.0000e+00 -6.1000e-02  1.8310e-01
 -7.4700e-02 -3.0080e-01  9.5210e-01]",114
92,1,"[[-0.26778268 -0.28793643  0.34206357]
 [-0.00093589 -0.3177927   0.3122073 ]
 [ 0.29765134 -0.29217812  0.33782188]
 [-0.29765134  0.29217812 -0.33782188]
 [ 0.26778268  0.28793643 -0.34206357]
 [ 0.00093589  0.3177927  -0.3122073 ]]","[2222. 2235.  936. 2242. 2238.  933. 2048. 2255.  916. 1873. 2235.  936.
 1853. 2238.  933. 2047. 2255.  916.]","[2236. 2233.  933. 2242. 2220.  949. 2036. 2249.  918. 1865. 2235.  931.
 1856. 2217.  949. 2061. 2242.  921.]","[-1.6765e+01  4.6800e+00  6.6654e+01  6.1000e-02  0.0000e+00  1.8310e-01
 -7.4200e-02 -2.9740e-01  9.4780e-01]",114
93,1,"[[-0.26212831 -0.28743363  0.34256637]
 [-0.00686776 -0.31793867  0.31206133]
 [ 0.29692419 -0.29255287  0.33744713]
 [-0.29692419  0.29255287 -0.33744713]
 [ 0.26212831  0.28743363 -0.34256637]
 [ 0.00686776  0.31793867 -0.31206133]]","[2218. 2235.  936. 2241. 2238.  933. 2052. 2255.  916. 1877. 2235.  936.
 1854. 2238.  933. 2043. 2255.  916.]","[2235. 2233.  933. 2242. 2220.  949. 2041. 2249.  918. 1867. 2235.  931.
 1856. 2217.  949. 2058. 2242.  921.]","[-1.6765e+01  4.6800e+00  6.6665e+01  0.0000e+00 -6.1000e-02  2.4410e-01
 -8.5900e-02 -2.9830e-01  9.5210e-01]",114
94,1,"[[-0.25608546 -0.28694463  0.34305537]
 [-0.01284459 -0.31807775  0.31192225]
 [ 0.29612503 -0.29292995  0.33707005]
 [-0.29612503  0.29292995 -0.33707005]
 [ 0.25608546  0.28694463 -0.34305537]
 [ 0.01284459  0.31807775 -0.31192225]]","[2214. 2235.  936. 2241. 2238.  933. 2056. 2255.  916. 1881. 2235.  936.
 1854. 2238.  933. 2039. 2255.  916.]","[2232. 2233.  933. 2242. 2220.  949. 2045. 2249.  918. 1869. 2235.  932.
 1856. 2218.  949. 2054. 2243.  921.]","[-1.6771e+01  4.6800e+00  6.6676e+01 -6.1000e-02 -6.1000e-02  3.6620e-01
 -8.0100e-02 -2.9930e-01  9.5020e-01]",114
95,1,"[[-0.24966307 -0.27450852  0.35549148]
 [-0.01886351 -0.31820989  0.31179011]
 [ 0.2952519  -0.29330922  0.33669078]
 [-0.2952519   0.29330922 -0.33669078]
 [ 0.24966307  0.27450852 -0.35549148]
 [ 0.01886351  0.31820989 -0.31179011]]","[2210. 2226.  945. 2240. 2239.  932. 2060. 2255.  916. 1885. 2226.  945.
 1855. 2239.  932. 2035. 2255.  916.]","[2230. 2232.  933. 2242. 2220.  949. 2048. 2249.  918. 1872. 2234.  931.
 1855. 2218.  949. 2051. 2242.  921.]","[-1.6776e+01  4.6800e+00  6.6693e+01 -1.2210e-01 -6.1000e-02  2.4410e-01
 -7.4700e-02 -2.9790e-01  9.5070e-01]",114
96,1,"[[-0.24287066 -0.25918942  0.37081058]
 [-0.02492152 -0.31833505  0.31166495]
 [ 0.29430283 -0.2936905   0.3363095 ]
 [-0.29430283  0.2936905  -0.3363095 ]
 [ 0.24287066  0.25918942 -0.37081058]
 [ 0.02492152  0.31833505 -0.31166495]]","[2206. 2216.  955. 2239. 2239.  932. 2064. 2255.  916. 1889. 2216.  955.
 1856. 2239.  932. 2031. 2255.  916.]","[2227. 2230.  935. 2241. 2220.  949. 2052. 2249.  917. 1875. 2233.  934.
 1856. 2218.  949. 2048. 2243.  920.]","[-1.6787e+01  4.6800e+00  6.6703e+01 -6.1000e-02 -1.2210e-01  1.2210e-01
 -7.9100e-02 -2.9440e-01  9.5260e-01]",114
97,1,"[[-0.23571831 -0.24438954  0.38561046]
 [-0.03101554 -0.31845318  0.31154682]
 [ 0.29327583 -0.29407364  0.33592636]
 [-0.29327583  0.29407364 -0.33592636]
 [ 0.23571831  0.24438954 -0.38561046]
 [ 0.03101554  0.31845318 -0.31154682]]","[2201. 2207.  964. 2239. 2239.  932. 2068. 2255.  916. 1894. 2207.  964.
 1856. 2239.  932. 2027. 2255.  916.]","[2222. 2224.  940. 2242. 2220.  948. 2056. 2249.  917. 1879. 2230.  939.
 1856. 2218.  949. 2044. 2242.  920.]","[-1.6793e+01  4.6800e+00  6.6709e+01 -6.1000e-02 -6.1000e-02  1.2210e-01
 -8.3000e-02 -2.9540e-01  9.5260e-01]",114
98,1,"[[-0.22821661 -0.23012744  0.39987256]
 [-0.03714233 -0.31856425  0.31143575]
 [ 0.2921689  -0.29445849  0.33554151]
 [-0.2921689   0.29445849 -0.33554151]
 [ 0.22821661  0.23012744 -0.39987256]
 [ 0.03714233  0.31856425 -0.31143575]]","[2196. 2198.  973. 2238. 2239.  932. 2072. 2255.  916. 1899. 2198.  973.
 1857. 2239.  932. 2023. 2255.  916.]","[2217. 2218.  946. 2241. 2220.  947. 2059. 2249.  918. 1884. 2221.  945.
 1857. 2218.  949. 2041. 2242.  920.]","[-1.6798e+01  4.6750e+00  6.6714e+01  0.0000e+00 -6.1000e-02  0.0000e+00
 -5.5700e-02 -2.7830e-01  9.4380e-01]",114
99,1,"[[-0.22037667 -0.21642115  0.41357885]
 [-0.04329856 -0.31866821  0.31133179]
 [ 0.29098005 -0.29484488  0.33515512]
 [-0.29098005  0.29484488 -0.33515512]
 [ 0.22037667  0.21642115 -0.41357885]
 [ 0.04329856  0.31866821 -0.31133179]]","[2191. 2189.  982. 2237. 2240.  931. 2076. 2255.  916. 1904. 2189.  982.
 1858. 2240.  931. 2019. 2255.  916.]","[2211. 2211.  955. 2241. 2220.  945. 2063. 2249.  918. 1889. 2216.  954.
 1858. 2219.  949. 2038. 2243.  920.]","[-1.6804e+01  4.6640e+00  6.6709e+01 -3.6620e-01 -6.7140e-01 -7.9350e-01
 -5.1300e-02 -2.3050e-01  8.8090e-01]",114
100,1,"[[-0.21221012 -0.20328812  0.42671188]
 [-0.04948079 -0.31876501  0.31123499]
 [ 0.28970727 -0.29523267  0.33476733]
 [-0.28970727  0.29523267 -0.33476733]
 [ 0.21221012  0.20328812 -0.42671188]
 [ 0.04948079  0.31876501 -0.31123499]]","[2186. 2180.  991. 2236. 2240.  931. 2080. 2255.  916. 1909. 2180.  991.
 1859. 2240.  931. 2015. 2255.  916.]","[2205. 2203.  964. 2240. 2219.  944. 2066. 2249.  918. 1894. 2208.  964.
 1858. 2218.  949. 2034. 2242.  920.]","[-16.82     4.609   66.682   -1.2207  -1.6479  -1.4038  -0.105   -0.2368
   0.9839]",114
101,1,"[[-0.20372907 -0.1907452   0.4392548 ]
 [-0.05568544 -0.31885463  0.31114537]
 [ 0.28834858 -0.2956217   0.3343783 ]
 [-0.28834858  0.2956217  -0.3343783 ]
 [ 0.20372907  0.1907452  -0.4392548 ]
 [ 0.05568544  0.31885463 -0.31114537]]","[2180. 2172.  999. 2235. 2240.  931. 2084. 2255.  916. 1915. 2172.  999.
 1860. 2240.  931. 2011. 2255.  916.]","[2199. 2200.  973. 2236. 2219.  943. 2071. 2248.  918. 1900. 2199.  972.
 1859. 2218.  949. 2029. 2243.  919.]","[-16.87     4.532   66.654   -1.5259  -1.4038  -0.9155  -0.1123  -0.2612
   0.917 ]",114
102,1,"[[-0.19494608 -0.17880864  0.45119136]
 [-0.06190886 -0.31893701  0.31106299]
 [ 0.286902   -0.29601183  0.33398817]
 [-0.286902    0.29601183 -0.33398817]
 [ 0.19494608  0.17880864 -0.45119136]
 [ 0.06190886  0.31893701 -0.31106299]]","[2175. 2164. 1007. 2235. 2240.  930. 2088. 2255.  916. 1920. 2164. 1007.
 1860. 2240.  930. 2007. 2255.  916.]","[2193. 2192.  981. 2234. 2219.  944. 2074. 2248.  917. 1906. 2191.  981.
 1860. 2218.  948. 2025. 2243.  919.]","[-16.919    4.471   66.638   -2.0142  -1.6479  -0.4883  -0.1406  -0.2622
   0.9839]",114
103,1,"[[-0.18587416 -0.16749402  0.46250598]
 [-0.06814727 -0.31901213  0.31098787]
 [ 0.28536556 -0.29640292  0.33359708]
 [-0.28536556  0.29640292 -0.33359708]
 [ 0.18587416  0.16749402 -0.46250598]
 [ 0.06814727  0.31901213 -0.31098787]]","[2169. 2157. 1014. 2234. 2241.  930. 2092. 2255.  916. 1926. 2157. 1014.
 1861. 2241.  930. 2003. 2255.  916.]","[2186. 2183.  989. 2233. 2219.  944. 2078. 2247.  918. 1909. 2183.  990.
 1860. 2219.  946. 2020. 2243.  920.]","[-16.985    4.422   66.654   -1.77    -1.6479   1.2207  -0.1538  -0.2681
   1.0117]",114
104,1,"[[-0.17652677 -0.15681629  0.47318371]
 [-0.07439681 -0.31907994  0.31092006]
 [ 0.28373731 -0.29679481  0.33320519]
 [-0.28373731  0.29679481 -0.33320519]
 [ 0.17652677  0.15681629 -0.47318371]
 [ 0.07439681  0.31907994 -0.31092006]]","[2163. 2150. 1021. 2232. 2241.  930. 2096. 2256.  915. 1932. 2150. 1021.
 1863. 2241.  930. 1999. 2256.  915.]","[2179. 2175.  999. 2232. 2219.  943. 2082. 2247.  918. 1915. 2174.  998.
 1862. 2220.  944. 2016. 2244.  919.]","[-1.7029e+01  4.3950e+00  6.6725e+01 -1.6479e+00 -1.4648e+00  1.7700e+00
 -2.9800e-02 -2.8610e-01  9.0580e-01]",114
105,1,"[[-0.16691776 -0.14678967  0.48321033]
 [-0.08065349 -0.31914041  0.31085959]
 [ 0.28201534 -0.29718737  0.33281263]
 [-0.28201534  0.29718737 -0.33281263]
 [ 0.16691776  0.14678967 -0.48321033]
 [ 0.08065349  0.31914041 -0.31085959]]","[2156. 2143. 1028. 2231. 2241.  930. 2100. 2256.  915. 1939. 2143. 1028.
 1864. 2241.  930. 1995. 2256.  915.]","[2172. 2167. 1006. 2232. 2219.  943. 2086. 2248.  917. 1921. 2167. 1006.
 1863. 2222.  943. 2012. 2244.  919.]","[-1.7078e+01  4.3730e+00  6.6780e+01 -1.7090e+00 -9.7660e-01  2.4410e-01
 -4.4000e-03 -3.3690e-01  9.9710e-01]",114
106,1,"[[-0.15706136 -0.13742769  0.49257231]
 [-0.08691327 -0.3191935   0.3108065 ]
 [ 0.28019775 -0.29758045  0.33241955]
 [-0.28019775  0.29758045 -0.33241955]
 [ 0.15706136  0.13742769 -0.49257231]
 [ 0.08691327  0.3191935  -0.3108065 ]]","[2150. 2137. 1034. 2230. 2241.  929. 2104. 2256.  915. 1945. 2137. 1034.
 1865. 2241.  929. 1991. 2256.  915.]","[2165. 2160. 1013. 2230. 2219.  942. 2090. 2247.  918. 1927. 2159. 1013.
 1865. 2222.  942. 2008. 2244.  919.]","[-1.7122e+01  4.3450e+00  6.6775e+01 -9.7660e-01 -1.8310e-01 -9.7660e-01
 -3.4700e-02 -3.6470e-01  9.8780e-01]",114
107,1,"[[-0.1469722  -0.12874316  0.50125684]
 [-0.09317196 -0.31923918  0.31076082]
 [ 0.2782827  -0.29797391  0.33202609]
 [-0.2782827   0.29797391 -0.33202609]
 [ 0.1469722   0.12874316 -0.50125684]
 [ 0.09317196  0.31923918 -0.31076082]]","[2143. 2131. 1040. 2229. 2242.  929. 2108. 2256.  915. 1952. 2131. 1040.
 1866. 2242.  929. 1987. 2256.  915.]","[2159. 2153. 1020. 2229. 2219.  942. 2093. 2247.  918. 1933. 2153. 1020.
 1865. 2222.  942. 2005. 2244.  919.]","[-1.7144e+01  4.3340e+00  6.6731e+01  6.1000e-02  4.8830e-01 -1.1597e+00
 -6.8800e-02 -3.7060e-01  9.1500e-01]",114
108,1,"[[-0.1366652  -0.12074811  0.50925189]
 [-0.09942535 -0.31927741  0.31072259]
 [ 0.27626836 -0.29836762  0.33163238]
 [-0.27626836  0.29836762 -0.33163238]
 [ 0.1366652   0.12074811 -0.50925189]
 [ 0.09942535  0.31927741 -0.31072259]]","[2137. 2126. 1045. 2228. 2242.  929. 2112. 2256.  915. 1958. 2126. 1045.
 1867. 2242.  929. 1983. 2256.  915.]","[2155. 2146. 1027. 2228. 2219.  942. 2097. 2247.  918. 1939. 2146. 1026.
 1866. 2222.  943. 2001. 2244.  920.]","[-17.155    4.334   66.698    0.       0.      -0.4272  -0.0908  -0.3589
   0.9155]",114
109,1,"[[-0.12615567 -0.11345382  0.51654618]
 [-0.10566909 -0.31930817  0.31069183]
 [ 0.27415296 -0.29876143  0.33123857]
 [-0.27415296  0.29876143 -0.33123857]
 [ 0.12615567  0.11345382 -0.51654618]
 [ 0.10566909  0.31930817 -0.31069183]]","[2130. 2121. 1050. 2226. 2242.  929. 2116. 2256.  915. 1965. 2121. 1050.
 1869. 2242.  929. 1979. 2256.  915.]","[2151. 2139. 1033. 2227. 2219.  942. 2100. 2248.  918. 1945. 2140. 1032.
 1868. 2222.  943. 1998. 2244.  920.]","[-17.166    4.323   66.698    0.      -0.3052   0.3052  -0.0688  -0.333
   0.9492]",114
110,1,"[[-0.11545916 -0.10687077  0.52312923]
 [-0.11189878 -0.31933143  0.31066857]
 [ 0.2719348  -0.29915522  0.33084478]
 [-0.2719348   0.29915522 -0.33084478]
 [ 0.11545916  0.10687077 -0.52312923]
 [ 0.11189878  0.31933143 -0.31066857]]","[2123. 2117. 1054. 2225. 2243.  928. 2120. 2256.  915. 1972. 2117. 1054.
 1870. 2243.  928. 1975. 2256.  915.]","[2144. 2133. 1039. 2226. 2219.  942. 2103. 2248.  918. 1951. 2134. 1038.
 1869. 2222.  943. 1994. 2244.  920.]","[-1.7177e+01  4.3180e+00  6.6714e+01  1.2210e-01 -1.2210e-01  4.2720e-01
 -5.2700e-02 -3.0130e-01  9.6390e-01]",114
111,1,"[[-0.10459153 -0.10100864  0.52899136]
 [-0.11810993 -0.31934723  0.31065277]
 [ 0.26961219 -0.29954884  0.33045116]
 [-0.26961219  0.29954884 -0.33045116]
 [ 0.10459153  0.10100864 -0.52899136]
 [ 0.11810993  0.31934723 -0.31065277]]","[2116. 2113. 1058. 2223. 2243.  928. 2124. 2256.  915. 1979. 2113. 1058.
 1872. 2243.  928. 1971. 2256.  915.]","[2136. 2129. 1044. 2225. 2219.  941. 2106. 2247.  918. 1959. 2129. 1044.
 1871. 2222.  943. 1991. 2244.  920.]","[-17.177    4.318   66.72     0.3662   0.       0.      -0.0728  -0.293
   0.9497]",114
112,1,"[[-0.0935689  -0.09587627  0.53412373]
 [-0.124298   -0.31935575  0.31064425]
 [ 0.26718354 -0.29994217  0.33005783]
 [-0.26718354  0.29994217 -0.33005783]
 [ 0.0935689   0.09587627 -0.53412373]
 [ 0.124298    0.31935575 -0.31064425]]","[2108. 2110. 1061. 2222. 2243.  928. 2129. 2256.  915. 1987. 2110. 1061.
 1873. 2243.  928. 1966. 2256.  915.]","[2129. 2124. 1049. 2224. 2219.  940. 2110. 2247.  918. 1965. 2124. 1048.
 1872. 2222.  942. 1987. 2244.  920.]","[-1.7177e+01  4.3120e+00  6.6720e+01  1.2210e-01 -6.1000e-02 -6.1000e-02
 -6.8400e-02 -2.6860e-01  9.4630e-01]",114
113,1,"[[-0.08240759 -0.09148167  0.53851833]
 [-0.13045837 -0.31935668  0.31064332]
 [ 0.2646473  -0.30033507  0.32966493]
 [-0.2646473   0.30033507 -0.32966493]
 [ 0.08240759  0.09148167 -0.53851833]
 [ 0.13045837  0.31935668 -0.31064332]]","[2101. 2107. 1064. 2220. 2243.  928. 2133. 2256.  915. 1994. 2107. 1064.
 1875. 2243.  928. 1962. 2256.  915.]","[2122. 2119. 1053. 2223. 2219.  940. 2113. 2247.  918. 1972. 2119. 1052.
 1873. 2222.  942. 1982. 2244.  919.]","[-1.7188e+01  4.2900e+00  6.6665e+01  6.1000e-02  1.8310e-01 -1.0986e+00
 -9.0300e-02 -2.8520e-01  9.6390e-01]",114
114,1,"[[-0.07112414 -0.087832    0.542168  ]
 [-0.13658635 -0.31934157  0.31065843]
 [ 0.26200201 -0.30072741  0.32927259]
 [-0.26200201  0.30072741 -0.32927259]
 [ 0.07112414  0.087832   -0.542168  ]
 [ 0.13658635  0.31934157 -0.31065843]]","[2094. 2105. 1066. 2218. 2244.  927. 2137. 2256.  915. 2001. 2105. 1066.
 1877. 2244.  927. 1958. 2256.  915.]","[2114. 2116. 1057. 2221. 2219.  940. 2118. 2248.  918. 1980. 2116. 1057.
 1875. 2222.  941. 1977. 2244.  920.]","[-1.7188e+01  4.2850e+00  6.6627e+01  0.0000e+00  6.1000e-02 -6.7140e-01
 -7.5700e-02 -2.9590e-01  9.3260e-01]",114
115,1,"[[-0.05973529 -0.08493354  0.54506646]
 [-0.14267721 -0.31929423  0.31070577]
 [ 0.25924626 -0.30111906  0.32888094]
 [-0.25924626  0.30111906 -0.32888094]
 [ 0.05973529  0.08493354 -0.54506646]
 [ 0.14267721  0.31929423 -0.31070577]]","[2086. 2103. 1068. 2217. 2244.  927. 2141. 2256.  915. 2009. 2103. 1068.
 1878. 2244.  927. 1954. 2256.  915.]","[2107. 2112. 1060. 2219. 2219.  939. 2121. 2248.  918. 1987. 2113. 1060.
 1878. 2222.  941. 1973. 2244.  920.]","[-17.194    4.279   66.61    -0.1831  -0.1221  -0.4272  -0.0859  -0.3047
   0.9478]",114
116,1,"[[-0.0482579  -0.08279169  0.54720831]
 [-0.14872616 -0.31921593  0.31078407]
 [ 0.25637873 -0.30150988  0.32849012]
 [-0.25637873  0.30150988 -0.32849012]
 [ 0.0482579   0.08279169 -0.54720831]
 [ 0.14872616  0.31921593 -0.31078407]]","[2079. 2101. 1069. 2215. 2244.  927. 2144. 2256.  915. 2016. 2101. 1069.
 1880. 2244.  927. 1951. 2256.  915.]","[2100. 2110. 1063. 2218. 2219.  939. 2125. 2248.  918. 1994. 2110. 1063.
 1879. 2223.  940. 1969. 2245.  919.]","[-17.199    4.274   66.599   -0.1831  -0.1221  -0.1221  -0.0762  -0.3096
   0.9521]",114
117,1,"[[-0.036709   -0.08141123  0.54858877]
 [-0.15472837 -0.3191095   0.3108905 ]
 [ 0.2533982  -0.30189975  0.32810025]
 [-0.2533982   0.30189975 -0.32810025]
 [ 0.036709    0.08141123 -0.54858877]
 [ 0.15472837  0.3191095  -0.3108905 ]]","[2071. 2101. 1070. 2213. 2244.  927. 2148. 2256.  915. 2024. 2101. 1070.
 1882. 2244.  927. 1947. 2256.  915.]","[2092. 2107. 1065. 2215. 2219.  939. 2128. 2248.  918. 2002. 2107. 1065.
 1881. 2223.  939. 1965. 2245.  920.]","[-1.7210e+01  4.2680e+00  6.6594e+01 -1.8310e-01 -1.2210e-01 -1.8310e-01
 -6.1500e-02 -3.1490e-01  9.4090e-01]",114
118,1,"[[-0.02510569 -0.08080043  0.54919957]
 [-0.16067897 -0.31897572  0.31102428]
 [ 0.2503035  -0.30228854  0.32771146]
 [-0.2503035   0.30228854 -0.32771146]
 [ 0.02510569  0.08080043 -0.54919957]
 [ 0.16067897  0.31897572 -0.31102428]]","[2064. 2100. 1071. 2211. 2245.  926. 2152. 2255.  916. 2031. 2100. 1071.
 1884. 2245.  926. 1943. 2255.  916.]","[2085. 2106. 1067. 2214. 2219.  939. 2132. 2248.  918. 2008. 2105. 1067.
 1883. 2223.  938. 1961. 2245.  919.]","[-17.221    4.257   66.583   -0.2441   0.      -0.4883  -0.0747  -0.312
   0.9517]",114
119,1,"[[-0.01346517 -0.08097484  0.54902516]
 [-0.16657304 -0.31881508  0.31118492]
 [ 0.24709358 -0.30267613  0.32732387]
 [-0.24709358  0.30267613 -0.32732387]
 [ 0.01346517  0.08097484 -0.54902516]
 [ 0.16657304  0.31881508 -0.31118492]]","[2056. 2100. 1071. 2209. 2245.  926. 2156. 2255.  916. 2039. 2100. 1071.
 1886. 2245.  926. 1939. 2255.  916.]","[2078. 2105. 1068. 2212. 2219.  939. 2135. 2248.  918. 2017. 2104. 1068.
 1885. 2224.  937. 1957. 2245.  920.]","[-17.238    4.257   66.561   -0.1831   0.1831  -0.6714  -0.0674  -0.3135
   0.9448]",114
120,1,"[[-0.00180469 -0.08147287  0.54852713]
 [-0.17240565 -0.31862806  0.31137194]
 [ 0.24376748 -0.30306237  0.32693763]
 [-0.24376748  0.30306237 -0.32693763]
 [ 0.00180469  0.08147287 -0.54852713]
 [ 0.17240565  0.31862806 -0.31137194]]","[2049. 2101. 1070. 2206. 2245.  926. 2160. 2255.  916. 2046. 2101. 1070.
 1889. 2245.  926. 1935. 2255.  916.]","[2070. 2104. 1069. 2210. 2219.  938. 2138. 2248.  918. 2025. 2103. 1069.
 1887. 2224.  936. 1953. 2245.  920.]","[-1.7249e+01  4.2520e+00  6.6522e+01 -6.1000e-02  2.4410e-01 -9.7660e-01
 -7.2300e-02 -3.1790e-01  9.4820e-01]",114
121,1,"[[ 0.00985846 -0.08194504  0.54805496]
 [-0.17817184 -0.31841518  0.31158482]
 [ 0.24032435 -0.30344715  0.32655285]
 [-0.24032435  0.30344715 -0.32655285]
 [-0.00985846  0.08194504 -0.54805496]
 [ 0.17817184  0.31841518 -0.31158482]]","[2041. 2101. 1070. 2204. 2245.  926. 2164. 2255.  916. 2054. 2101. 1070.
 1891. 2245.  926. 1931. 2255.  916.]","[2060. 2104. 1069. 2207. 2219.  938. 2143. 2248.  918. 2034. 2103. 1069.
 1891. 2224.  936. 1947. 2245.  919.]","[-17.26     4.252   66.484    0.       0.2441  -0.7935  -0.0747  -0.3047
   0.9517]",114
122,1,"[[ 0.021507   -0.08254554  0.54745446]
 [-0.18386661 -0.31817697  0.31182303]
 [ 0.23676342 -0.30383033  0.32616967]
 [-0.23676342  0.30383033 -0.32616967]
 [-0.021507    0.08254554 -0.54745446]
 [ 0.18386661  0.31817697 -0.31182303]]","[2033. 2101. 1070. 2202. 2246.  925. 2167. 2255.  916. 2062. 2101. 1070.
 1893. 2246.  925. 1928. 2255.  916.]","[2055. 2103. 1069. 2206. 2219.  938. 2145. 2248.  918. 2039. 2103. 1069.
 1892. 2224.  936. 1944. 2245.  920.]","[-17.265    4.257   66.462    0.       0.1221  -0.4272  -0.0732  -0.2969
   0.9453]",114
123,1,"[[ 0.03312367 -0.0833176   0.5466824 ]
 [-0.18948499 -0.317914    0.312086  ]
 [ 0.23308405 -0.3042118   0.3257882 ]
 [-0.23308405  0.3042118  -0.3257882 ]
 [-0.03312367  0.0833176  -0.5466824 ]
 [ 0.18948499  0.317914   -0.312086  ]]","[2026. 2102. 1069. 2199. 2246.  925. 2171. 2255.  916. 2069. 2102. 1069.
 1896. 2246.  925. 1924. 2255.  916.]","[2044. 2104. 1069. 2203. 2219.  938. 2149. 2248.  918. 2049. 2103. 1069.
 1894. 2224.  935. 1939. 2245.  920.]","[-1.7271e+01  4.2520e+00  6.6451e+01 -6.1000e-02  0.0000e+00 -1.8310e-01
 -7.3200e-02 -2.9350e-01  9.4730e-01]",114
124,1,"[[ 0.04469124 -0.08427416  0.54572584]
 [-0.19502196 -0.31762684  0.31237316]
 [ 0.2292857  -0.30459142  0.32540858]
 [-0.2292857   0.30459142 -0.32540858]
 [-0.04469124  0.08427416 -0.54572584]
 [ 0.19502196  0.31762684 -0.31237316]]","[2018. 2102. 1069. 2197. 2246.  925. 2175. 2255.  916. 2077. 2102. 1069.
 1898. 2246.  925. 1920. 2255.  916.]","[2039. 2104. 1069. 2201. 2219.  938. 2152. 2248.  918. 2054. 2103. 1069.
 1896. 2224.  935. 1936. 2245.  919.]","[-17.281    4.252   66.451   -0.1221  -0.1221   0.      -0.0698  -0.2998
   0.9531]",114
125,1,"[[ 0.05619258 -0.08542181  0.54457819]
 [-0.20047253 -0.31731611  0.31268389]
 [ 0.22536797 -0.30496907  0.32503093]
 [-0.22536797  0.30496907 -0.32503093]
 [-0.05619258  0.08542181 -0.54457819]
 [ 0.20047253  0.31731611 -0.31268389]]","[2011. 2103. 1068. 2194. 2246.  925. 2178. 2254.  917. 2084. 2103. 1068.
 1901. 2246.  925. 1917. 2254.  917.]","[2029. 2104. 1069. 2198. 2219.  938. 2157. 2248.  918. 2064. 2103. 1068.
 1900. 2225.  934. 1931. 2245.  919.]","[-1.7287e+01  4.2460e+00  6.6451e+01 -6.1000e-02 -6.1000e-02  6.1000e-02
 -7.1800e-02 -2.9390e-01  9.5210e-01]",114
126,1,"[[ 0.06761064 -0.08676587  0.54323413]
 [-0.2058317  -0.31698243  0.31301757]
 [ 0.22133054 -0.30534461  0.32465539]
 [-0.22133054  0.30534461 -0.32465539]
 [-0.06761064  0.08676587 -0.54323413]
 [ 0.2058317   0.31698243 -0.31301757]]","[2003. 2104. 1067. 2192. 2247.  924. 2182. 2254.  917. 2092. 2104. 1067.
 1903. 2247.  924. 1913. 2254.  917.]","[2022. 2104. 1068. 2195. 2219.  938. 2161. 2248.  918. 2071. 2104. 1068.
 1902. 2225.  934. 1927. 2245.  920.]","[-1.7292e+01  4.2460e+00  6.6456e+01 -1.8310e-01 -1.8310e-01  6.1000e-02
 -6.9300e-02 -2.9880e-01  9.4090e-01]",114
127,1,"[[ 0.07892849 -0.08831137  0.54168863]
 [-0.21109449 -0.31662646  0.31337354]
 [ 0.21717324 -0.30571793  0.32428207]
 [-0.21717324  0.30571793 -0.32428207]
 [-0.07892849  0.08831137 -0.54168863]
 [ 0.21109449  0.31662646 -0.31337354]]","[1996. 2105. 1066. 2189. 2247.  924. 2185. 2254.  917. 2099. 2105. 1066.
 1906. 2247.  924. 1910. 2254.  917.]","[2014. 2104. 1067. 2193. 2219.  938. 2164. 2248.  918. 2079. 2104. 1068.
 1904. 2225.  933. 1923. 2245.  919.]","[-17.303    4.235   66.462   -0.3052  -0.1831   0.      -0.0762  -0.311
   0.9478]",114
128,1,"[[ 0.09012937 -0.09006325  0.53993675]
 [-0.21625593 -0.31624884  0.31375116]
 [ 0.21289602 -0.3060889   0.3239111 ]
 [-0.21289602  0.3060889  -0.3239111 ]
 [-0.09012937  0.09006325 -0.53993675]
 [ 0.21625593  0.31624884 -0.31375116]]","[1989. 2106. 1065. 2186. 2247.  924. 2188. 2254.  917. 2106. 2106. 1065.
 1909. 2247.  924. 1907. 2254.  917.]","[2010. 2104. 1067. 2191. 2219.  938. 2166. 2248.  918. 2084. 2104. 1067.
 1906. 2225.  933. 1921. 2245.  920.]","[-1.7309e+01  4.2350e+00  6.6456e+01 -6.1000e-02  0.0000e+00 -6.1000e-02
 -7.4700e-02 -3.1200e-01  9.5510e-01]",114
129,1,"[[ 0.10119667 -0.09202641  0.53797359]
 [-0.22131108 -0.31585028  0.31414972]
 [ 0.20849897 -0.30645739  0.32354261]
 [-0.20849897  0.30645739 -0.32354261]
 [-0.10119667  0.09202641 -0.53797359]
 [ 0.22131108  0.31585028 -0.31414972]]","[1982. 2107. 1063. 2183. 2247.  924. 2192. 2253.  918. 2113. 2107. 1063.
 1912. 2247.  924. 1903. 2253.  918.]","[2002. 2105. 1066. 2188. 2219.  937. 2169. 2248.  918. 2091. 2105. 1067.
 1909. 2225.  932. 1918. 2245.  919.]","[-1.7320e+01  4.2350e+00  6.6456e+01 -1.2210e-01  0.0000e+00 -1.2210e-01
 -5.4700e-02 -3.0660e-01  9.3650e-01]",114
130,1,"[[ 0.112114   -0.09420565  0.53579435]
 [-0.22625504 -0.31543147  0.31456853]
 [ 0.2039823  -0.30682328  0.32317672]
 [-0.2039823   0.30682328 -0.32317672]
 [-0.112114    0.09420565 -0.53579435]
 [ 0.22625504  0.31543147 -0.31456853]]","[1974. 2109. 1062. 2180. 2248.  923. 2195. 2253.  918. 2121. 2109. 1062.
 1915. 2248.  923. 1900. 2253.  918.]","[1995. 2106. 1065. 2186. 2219.  937. 2172. 2248.  918. 2099. 2106. 1065.
 1912. 2226.  932. 1914. 2245.  919.]","[-1.7331e+01  4.2240e+00  6.6440e+01 -2.4410e-01 -6.1000e-02 -4.2720e-01
 -5.3700e-02 -3.0570e-01  9.6190e-01]",114
131,1,"[[ 0.12286516 -0.09660573  0.53339427]
 [-0.2310829  -0.31499312  0.31500688]
 [ 0.19934633 -0.30718643  0.32281357]
 [-0.19934633  0.30718643 -0.32281357]
 [-0.12286516  0.09660573 -0.53339427]
 [ 0.2310829   0.31499312 -0.31500688]]","[1967. 2110. 1060. 2177. 2248.  923. 2198. 2253.  918. 2128. 2110. 1060.
 1918. 2248.  923. 1897. 2253.  918.]","[1985. 2108. 1063. 2182. 2219.  936. 2177. 2248.  918. 2109. 2108. 1063.
 1916. 2226.  932. 1909. 2246.  920.]","[-1.7336e+01  4.2190e+00  6.6423e+01 -6.1000e-02  1.2210e-01 -4.2720e-01
 -7.3200e-02 -3.0760e-01  9.5410e-01]",114
132,1,"[[ 0.13343422 -0.09923132  0.53076868]
 [-0.23578986 -0.31453596  0.31546404]
 [ 0.19459158 -0.30754673  0.32245327]
 [-0.19459158  0.30754673 -0.32245327]
 [-0.13343422  0.09923132 -0.53076868]
 [ 0.23578986  0.31453596 -0.31546404]]","[1961. 2112. 1059. 2174. 2248.  923. 2201. 2253.  918. 2134. 2112. 1059.
 1921. 2248.  923. 1894. 2253.  918.]","[1978. 2109. 1061. 2179. 2218.  936. 2181. 2248.  919. 2116. 2109. 1061.
 1918. 2227.  931. 1906. 2245.  920.]","[-17.342    4.213   66.407    0.       0.      -0.2441  -0.0723  -0.3037
   0.9282]",114
133,1,"[[ 0.14380553 -0.10208698  0.52791302]
 [-0.24037113 -0.31406073  0.31593927]
 [ 0.18971865 -0.30790404  0.32209596]
 [-0.18971865  0.30790404 -0.32209596]
 [-0.14380553  0.10208698 -0.52791302]
 [ 0.24037113  0.31406073 -0.31593927]]","[1954. 2114. 1057. 2171. 2248.  923. 2204. 2252.  919. 2141. 2114. 1057.
 1924. 2248.  923. 1891. 2252.  919.]","[1971. 2111. 1060. 2177. 2219.  936. 2184. 2248.  919. 2122. 2111. 1060.
 1922. 2227.  931. 1902. 2245.  920.]","[-17.347    4.208   66.407   -0.1221  -0.2441   0.      -0.0791  -0.3052
   0.9551]",114
134,1,"[[ 0.15396372 -0.10517719  0.52482281]
 [-0.24482199 -0.31356818  0.31643182]
 [ 0.18472832 -0.30825824  0.32174176]
 [-0.18472832  0.30825824 -0.32174176]
 [-0.15396372  0.10517719 -0.52482281]
 [ 0.24482199  0.31356818 -0.31643182]]","[1947. 2116. 1055. 2168. 2248.  923. 2207. 2252.  919. 2148. 2116. 1055.
 1927. 2248.  923. 1888. 2252.  919.]","[1964. 2112. 1058. 2174. 2219.  936. 2187. 2248.  919. 2130. 2113. 1059.
 1924. 2226.  931. 1899. 2245.  920.]","[-1.7353e+01  4.1970e+00  6.6418e+01 -6.1000e-02 -1.8310e-01  1.8310e-01
 -6.8400e-02 -2.9930e-01  9.5460e-01]",114
135,1,"[[ 0.16389371 -0.10850628  0.52149372]
 [-0.24913774 -0.31305909  0.31694091]
 [ 0.17962149 -0.30860921  0.32139079]
 [-0.17962149  0.30860921 -0.32139079]
 [-0.16389371  0.10850628 -0.52149372]
 [ 0.24913774  0.31305909 -0.31694091]]","[1941. 2118. 1053. 2165. 2249.  922. 2210. 2252.  919. 2154. 2118. 1053.
 1930. 2249.  922. 1885. 2252.  919.]","[1957. 2115. 1057. 2171. 2219.  935. 2190. 2248.  919. 2137. 2115. 1057.
 1927. 2227.  931. 1896. 2246.  921.]","[-1.7358e+01  4.1910e+00  6.6429e+01 -6.1000e-02 -1.8310e-01  1.8310e-01
 -7.0800e-02 -2.9880e-01  9.4580e-01]",114
136,1,"[[ 0.17358081 -0.1120785   0.5179215 ]
 [-0.25331381 -0.31253423  0.31746577]
 [ 0.17439921 -0.30895681  0.32104319]
 [-0.17439921  0.30895681 -0.32104319]
 [-0.17358081  0.1120785  -0.5179215 ]
 [ 0.25331381  0.31253423 -0.31746577]]","[1934. 2121. 1050. 2161. 2249.  922. 2213. 2251.  920. 2161. 2121. 1050.
 1934. 2249.  922. 1882. 2251.  920.]","[1951. 2117. 1055. 2168. 2219.  935. 2193. 2248.  919. 2143. 2117. 1054.
 1930. 2227.  931. 1893. 2245.  920.]","[-1.7358e+01  4.1860e+00  6.6440e+01 -6.1000e-02 -1.8310e-01  1.8310e-01
 -7.3200e-02 -3.0520e-01  9.5170e-01]",114
137,1,"[[ 0.18301065 -0.11589791  0.51410209]
 [-0.25734567 -0.31199437  0.31800563]
 [ 0.16906269 -0.30930092  0.32069908]
 [-0.16906269  0.30930092 -0.32069908]
 [-0.18301065  0.11589791 -0.51410209]
 [ 0.25734567  0.31199437 -0.31800563]]","[1928. 2123. 1048. 2158. 2249.  922. 2215. 2251.  920. 2167. 2123. 1048.
 1937. 2249.  922. 1880. 2251.  920.]","[1946. 2119. 1052. 2165. 2219.  935. 2195. 2248.  920. 2147. 2118. 1053.
 1933. 2227.  931. 1891. 2246.  921.]","[-1.7364e+01  4.1860e+00  6.6445e+01 -6.1000e-02 -1.2210e-01  1.8310e-01
 -7.3700e-02 -3.0660e-01  9.4480e-01]",114
138,1,"[[ 0.19216926 -0.11996846  0.51003154]
 [-0.26122887 -0.31144031  0.31855969]
 [ 0.16361327 -0.30964142  0.32035858]
 [-0.16361327  0.30964142 -0.32035858]
 [-0.19216926  0.11996846 -0.51003154]
 [ 0.26122887  0.31144031 -0.31855969]]","[1922. 2126. 1045. 2154. 2249.  922. 2218. 2251.  920. 2173. 2126. 1045.
 1941. 2249.  922. 1877. 2251.  920.]","[1937. 2121. 1050. 2161. 2219.  935. 2199. 2247.  919. 2155. 2122. 1050.
 1937. 2227.  931. 1887. 2246.  921.]","[-17.375    4.18    66.456   -0.1831  -0.1831   0.1831  -0.0688  -0.3101
   0.9443]",114
139,1,"[[ 0.20104306 -0.12429393  0.50570607]
 [-0.26495905 -0.31087285  0.31912715]
 [ 0.15805246 -0.30997817  0.32002183]
 [-0.15805246  0.30997817 -0.32002183]
 [-0.20104306  0.12429393 -0.50570607]
 [ 0.26495905  0.31087285 -0.31912715]]","[1916. 2129. 1042. 2151. 2250.  921. 2220. 2250.  921. 2179. 2129. 1042.
 1944. 2250.  921. 1875. 2250.  921.]","[1933. 2123. 1049. 2159. 2219.  935. 2201. 2248.  920. 2161. 2123. 1049.
 1939. 2227.  930. 1885. 2245.  921.]","[-17.38     4.175   66.462   -0.1221  -0.1831   0.1221  -0.0688  -0.3135
   0.9512]",114
140,1,"[[ 0.20961891 -0.12887793  0.50112207]
 [-0.26853194 -0.3102928   0.3197072 ]
 [ 0.15238191 -0.31031105  0.31968895]
 [-0.15238191  0.31031105 -0.31968895]
 [-0.20961891  0.12887793 -0.50112207]
 [ 0.26853194  0.3102928  -0.3197072 ]]","[1911. 2132. 1039. 2147. 2250.  921. 2223. 2250.  921. 2184. 2132. 1039.
 1948. 2250.  921. 1872. 2250.  921.]","[1926. 2127. 1045. 2155. 2219.  935. 2205. 2248.  920. 2168. 2127. 1045.
 1944. 2229.  930. 1881. 2246.  922.]","[-1.7386e+01  4.1690e+00  6.6467e+01 -6.1000e-02 -6.1000e-02  6.1000e-02
 -7.3200e-02 -3.1400e-01  9.4920e-01]",114
141,1,"[[ 0.21788408 -0.13372388  0.49627612]
 [-0.27194338 -0.30970096  0.32029904]
 [ 0.1466034  -0.31063994  0.31936006]
 [-0.1466034   0.31063994 -0.31936006]
 [-0.21788408  0.13372388 -0.49627612]
 [ 0.27194338  0.30970096 -0.32029904]]","[1905. 2135. 1036. 2143. 2250.  921. 2225. 2249.  922. 2190. 2135. 1036.
 1952. 2250.  921. 1870. 2249.  922.]","[1921. 2129. 1043. 2152. 2219.  935. 2206. 2247.  920. 2173. 2129. 1043.
 1946. 2229.  930. 1879. 2246.  922.]","[-1.7391e+01  4.1690e+00  6.6473e+01  0.0000e+00 -6.1000e-02  1.2210e-01
 -6.9300e-02 -3.0620e-01  9.4340e-01]",114
142,1,"[[ 0.22582634 -0.13883502  0.49116498]
 [-0.27518931 -0.30909815  0.32090185]
 [ 0.1407189  -0.3109647   0.3190353 ]
 [-0.1407189   0.3109647  -0.3190353 ]
 [-0.22582634  0.13883502 -0.49116498]
 [ 0.27518931  0.30909815 -0.32090185]]","[1900. 2138. 1033. 2139. 2250.  921. 2227. 2249.  922. 2195. 2138. 1033.
 1956. 2250.  921. 1868. 2249.  922.]","[1915. 2132. 1040. 2149. 2219.  934. 2209. 2247.  921. 2179. 2132. 1040.
 1950. 2228.  930. 1877. 2245.  923.]","[-1.7397e+01  4.1640e+00  6.6478e+01 -1.2210e-01 -1.2210e-01  1.2210e-01
 -5.9600e-02 -3.0220e-01  9.4530e-01]",114
143,1,"[[ 0.23343391 -0.14421439  0.48578561]
 [-0.27826576 -0.30848519  0.32151481]
 [ 0.13473051 -0.31128522  0.31871478]
 [-0.13473051  0.31128522 -0.31871478]
 [-0.23343391  0.14421439 -0.48578561]
 [ 0.27826576  0.30848519 -0.32151481]]","[1895. 2142. 1029. 2135. 2250.  921. 2229. 2249.  922. 2200. 2142. 1029.
 1960. 2250.  921. 1866. 2249.  922.]","[1908. 2135. 1036. 2143. 2219.  934. 2212. 2246.  921. 2185. 2135. 1037.
 1954. 2228.  930. 1873. 2245.  923.]","[-1.7402e+01  4.1580e+00  6.6484e+01 -1.2210e-01 -1.2210e-01  0.0000e+00
 -6.2000e-02 -3.0080e-01  9.5850e-01]",114
144,1,"[[ 0.24069551 -0.14986483  0.48013517]
 [-0.2811689  -0.3078629   0.3221371 ]
 [ 0.12864047 -0.31160135  0.31839865]
 [-0.12864047  0.31160135 -0.31839865]
 [-0.24069551  0.14986483 -0.48013517]
 [ 0.2811689   0.3078629  -0.3221371 ]]","[1891. 2145. 1026. 2131. 2251.  920. 2231. 2248.  923. 2204. 2145. 1026.
 1964. 2251.  920. 1864. 2248.  923.]","[1904. 2137. 1034. 2141. 2219.  934. 2214. 2246.  921. 2190. 2137. 1035.
 1957. 2229.  930. 1871. 2245.  923.]","[-17.408    4.158   66.484    0.       0.       0.      -0.0713  -0.3022
   0.9502]",114
145,1,"[[ 0.2476004  -0.15578893  0.47421107]
 [-0.28389501 -0.3072321   0.3227679 ]
 [ 0.1224512  -0.31191298  0.31808702]
 [-0.1224512   0.31191298 -0.31808702]
 [-0.2476004   0.15578893 -0.47421107]
 [ 0.28389501  0.3072321  -0.3227679 ]]","[1886. 2149. 1022. 2127. 2251.  920. 2233. 2248.  923. 2209. 2149. 1022.
 1968. 2251.  920. 1862. 2248.  923.]","[1900. 2141. 1031. 2137. 2219.  934. 2216. 2246.  922. 2194. 2141. 1031.
 1961. 2228.  930. 1869. 2245.  924.]","[-17.408    4.153   66.495    0.      -0.1221   0.1831  -0.0732  -0.3032
   0.9414]",114
146,1,"[[ 0.25413832 -0.16198908  0.46801092]
 [-0.2864405  -0.30659361  0.32340639]
 [ 0.11616525 -0.31221999  0.31778001]
 [-0.11616525  0.31221999 -0.31778001]
 [-0.25413832  0.16198908 -0.46801092]
 [ 0.2864405   0.30659361 -0.32340639]]","[1882. 2153. 1018. 2123. 2251.  920. 2234. 2247.  924. 2213. 2153. 1018.
 1972. 2251.  920. 1861. 2247.  924.]","[1894. 2146. 1026. 2133. 2219.  933. 2219. 2245.  922. 2200. 2145. 1027.
 1966. 2229.  929. 1866. 2246.  924.]","[-1.7408e+01  4.1470e+00  6.6506e+01 -6.1000e-02 -2.4410e-01  3.0520e-01
 -7.5200e-02 -3.0710e-01  9.5210e-01]",114
147,1,"[[ 0.26029959 -0.16846743  0.46153257]
 [-0.28880191 -0.30594827  0.32405173]
 [ 0.10978532 -0.31252223  0.31747777]
 [-0.10978532  0.31252223 -0.31747777]
 [-0.26029959  0.16846743 -0.46153257]
 [ 0.28880191  0.30594827 -0.32405173]]","[1878. 2157. 1014. 2119. 2251.  920. 2236. 2247.  924. 2217. 2157. 1014.
 1976. 2251.  920. 1859. 2247.  924.]","[1891. 2148. 1024. 2130. 2219.  933. 2220. 2245.  923. 2204. 2148. 1024.
 1968. 2229.  929. 1864. 2246.  925.]","[-1.7413e+01  4.1420e+00  6.6522e+01 -6.1000e-02 -1.8310e-01  3.0520e-01
 -6.0100e-02 -3.0620e-01  9.4530e-01]",114
148,1,"[[ 0.26607509 -0.17522588  0.45477412]
 [-0.29097592 -0.30529689  0.32470311]
 [ 0.10331427 -0.31281959  0.31718041]
 [-0.10331427  0.31281959 -0.31718041]
 [-0.26607509  0.17522588 -0.45477412]
 [ 0.29097592  0.30529689 -0.32470311]]","[1874. 2162. 1009. 2115. 2251.  920. 2237. 2247.  924. 2221. 2162. 1009.
 1980. 2251.  920. 1858. 2247.  924.]","[1884. 2153. 1019. 2126. 2219.  933. 2223. 2245.  923. 2210. 2153. 1019.
 1973. 2229.  929. 1862. 2245.  926.]","[-1.7419e+01  4.1360e+00  6.6522e+01 -6.1000e-02 -1.8310e-01  0.0000e+00
 -6.2000e-02 -3.1010e-01  9.4870e-01]",114
149,1,"[[ 0.27145625 -0.18226606  0.44773394]
 [-0.29295935 -0.3046403   0.3253597 ]
 [ 0.09675511 -0.31311195  0.31688805]
 [-0.09675511  0.31311195 -0.31688805]
 [-0.27145625  0.18226606 -0.44773394]
 [ 0.29295935  0.3046403  -0.3253597 ]]","[1871. 2166. 1005. 2111. 2252.  919. 2238. 2246.  925. 2224. 2166. 1005.
 1984. 2252.  919. 1857. 2246.  925.]","[1880. 2157. 1015. 2122. 2219.  934. 2225. 2244.  923. 2214. 2157. 1015.
 1977. 2229.  929. 1861. 2246.  926.]","[-1.7419e+01  4.1310e+00  6.6522e+01  0.0000e+00 -6.1000e-02  0.0000e+00
 -7.7100e-02 -3.1300e-01  9.5260e-01]",114
150,1,"[[ 0.27643509 -0.18958938  0.44041062]
 [-0.29474917 -0.30397932  0.32602068]
 [ 0.09011097 -0.31339917  0.31660083]
 [-0.09011097  0.31339917 -0.31660083]
 [-0.27643509  0.18958938 -0.44041062]
 [ 0.29474917  0.30397932 -0.32602068]]","[1867. 2171. 1000. 2106. 2252.  919. 2240. 2246.  925. 2228. 2171. 1000.
 1989. 2252.  919. 1855. 2246.  925.]","[1876. 2161. 1011. 2119. 2219.  933. 2227. 2244.  924. 2218. 2161. 1011.
 1981. 2229.  929. 1859. 2245.  926.]","[-1.7419e+01  4.1310e+00  6.6528e+01  6.1000e-02  0.0000e+00  1.2210e-01
 -7.4200e-02 -3.1690e-01  9.4240e-01]",114
151,1,"[[ 0.28100424 -0.19719692  0.43280308]
 [-0.2963425  -0.30331476  0.32668524]
 [ 0.08338515 -0.31368113  0.31631887]
 [-0.08338515  0.31368113 -0.31631887]
 [-0.28100424  0.19719692 -0.43280308]
 [ 0.2963425   0.30331476 -0.32668524]]","[1864. 2176.  995. 2102. 2252.  919. 2241. 2245.  926. 2231. 2176.  995.
 1993. 2252.  919. 1854. 2245.  926.]","[1872. 2165. 1007. 2115. 2219.  933. 2229. 2243.  924. 2221. 2165. 1007.
 1985. 2229.  929. 1857. 2245.  926.]","[-1.7424e+01  4.1310e+00  6.6544e+01  0.0000e+00 -6.1000e-02  2.4410e-01
 -6.9800e-02 -3.1690e-01  9.4730e-01]",114
152,1,"[[ 0.28515692 -0.20508955  0.42491045]
 [-0.29773662 -0.30264744  0.32735256]
 [ 0.07658109 -0.3139577   0.3160423 ]
 [-0.07658109  0.3139577  -0.3160423 ]
 [-0.28515692  0.20508955 -0.42491045]
 [ 0.29773662  0.30264744 -0.32735256]]","[1862. 2181.  990. 2097. 2252.  919. 2242. 2245.  926. 2233. 2181.  990.
 1998. 2252.  919. 1853. 2245.  926.]","[1869. 2170. 1002. 2111. 2219.  933. 2230. 2243.  925. 2225. 2170. 1002.
 1989. 2229.  929. 1855. 2244.  927.]","[-1.7430e+01  4.1310e+00  6.6555e+01  1.2210e-01 -6.1000e-02  1.8310e-01
 -7.0300e-02 -3.0710e-01  9.5850e-01]",114
153,1,"[[ 0.28888698 -0.2132678   0.4167322 ]
 [-0.29892896 -0.30197816  0.32802184]
 [ 0.06970236 -0.31422877  0.31577123]
 [-0.06970236  0.31422877 -0.31577123]
 [-0.28888698  0.2132678  -0.4167322 ]
 [ 0.29892896  0.30197816 -0.32802184]]","[1859. 2187.  984. 2093. 2252.  919. 2242. 2244.  927. 2236. 2187.  984.
 2002. 2252.  919. 1853. 2244.  927.]","[1867. 2173. 1003. 2107. 2218.  932. 2232. 2242.  925. 2227. 2173.  998.
 1992. 2229.  928. 1854. 2244.  927.]","[-17.424    4.125   66.561    0.1831   0.       0.1831  -0.0693  -0.2974
   0.9448]",114
154,1,"[[ 0.2921889  -0.22173193  0.40826807]
 [-0.29991714 -0.30130774  0.32869226]
 [ 0.06275269 -0.3144942   0.3155058 ]
 [-0.06275269  0.3144942  -0.3155058 ]
 [-0.2921889   0.22173193 -0.40826807]
 [ 0.29991714  0.30130774 -0.32869226]]","[1857. 2192.  979. 2088. 2253.  918. 2243. 2244.  927. 2238. 2192.  979.
 2007. 2253.  918. 1852. 2244.  927.]","[1864. 2177.  998. 2102. 2219.  932. 2234. 2242.  926. 2230. 2179.  993.
 1997. 2229.  928. 1853. 2244.  929.]","[-1.7419e+01  4.1310e+00  6.6572e+01  1.8310e-01  6.1000e-02  3.0520e-01
 -7.7100e-02 -2.9980e-01  9.6730e-01]",114
155,1,"[[ 0.29505777 -0.23048192  0.39951808]
 [-0.30069895 -0.30063697  0.32936303]
 [ 0.05573591 -0.31475387  0.31524613]
 [-0.05573591  0.31475387 -0.31524613]
 [-0.29505777  0.23048192 -0.39951808]
 [ 0.30069895  0.30063697 -0.32936303]]","[1855. 2198.  973. 2084. 2253.  918. 2244. 2243.  927. 2240. 2198.  973.
 2011. 2253.  918. 1851. 2243.  927.]","[1861. 2179.  990. 2097. 2218.  932. 2235. 2242.  926. 2234. 2185.  986.
 2001. 2229.  928. 1852. 2243.  929.]","[-1.7413e+01  4.1360e+00  6.6583e+01  1.2210e-01  1.2210e-01  6.1040e-01
 -6.6400e-02 -3.0570e-01  9.2290e-01]",114
156,1,"[[ 0.29748936 -0.23951743  0.39048257]
 [-0.30127252 -0.29996663  0.33003337]
 [ 0.04865602 -0.31500767  0.31499233]
 [-0.04865602  0.31500767 -0.31499233]
 [-0.29748936  0.23951743 -0.39048257]
 [ 0.30127252  0.29996663 -0.33003337]]","[1854. 2204.  967. 2079. 2253.  918. 2244. 2243.  928. 2241. 2204.  967.
 2016. 2253.  918. 1851. 2243.  928.]","[1860. 2183.  987. 2094. 2218.  932. 2236. 2242.  926. 2235. 2189.  983.
 2005. 2229.  928. 1851. 2243.  930.]","[-1.7408e+01  4.1470e+00  6.6610e+01  1.8310e-01 -6.1000e-02  6.1040e-01
 -8.0600e-02 -3.0710e-01  9.8290e-01]",114
157,1,"[[ 0.29948004 -0.2488378   0.3811622 ]
 [-0.30163746 -0.29929752  0.33070248]
 [ 0.04151712 -0.31525546  0.31474454]
 [-0.04151712  0.31525546 -0.31474454]
 [-0.29948004  0.2488378  -0.3811622 ]
 [ 0.30163746  0.29929752 -0.33070248]]","[1852. 2210.  961. 2075. 2253.  918. 2244. 2243.  928. 2243. 2210.  961.
 2020. 2253.  918. 1851. 2243.  928.]","[1858. 2188.  982. 2088. 2218.  933. 2237. 2241.  927. 2238. 2195.  981.
 2010. 2229.  928. 1850. 2242.  930.]","[-1.7391e+01  4.1640e+00  6.6638e+01  7.9350e-01  8.5450e-01  1.2207e+00
 -6.5400e-02 -3.1790e-01  9.5560e-01]",114
158,1,"[[ 0.30102688 -0.25844209  0.37155791]
 [-0.30179395 -0.29863039  0.33136961]
 [ 0.03432347 -0.31549713  0.31450287]
 [-0.03432347  0.31549713 -0.31450287]
 [-0.30102688  0.25844209 -0.37155791]
 [ 0.30179395  0.29863039 -0.33136961]]","[1851. 2216.  955. 2070. 2253.  918. 2244. 2242.  929. 2244. 2216.  955.
 2025. 2253.  918. 1851. 2242.  929.]","[1857. 2192.  977. 2084. 2218.  932. 2239. 2241.  927. 2240. 2197.  974.
 2014. 2229.  928. 1849. 2241.  931.]","[-1.7364e+01  4.2130e+00  6.6671e+01  6.7140e-01  8.5450e-01  9.7660e-01
 -5.4700e-02 -3.1980e-01  9.3020e-01]",114
159,1,"[[ 0.30212752 -0.268329    0.361671  ]
 [-0.30161308 -0.29796569  0.33203431]
 [ 0.02707942 -0.31573255  0.31426745]
 [-0.02707942  0.31573255 -0.31426745]
 [-0.30212752  0.268329   -0.361671  ]
 [ 0.30161308  0.29796569 -0.33203431]]","[1851. 2222.  949. 2065. 2253.  918. 2244. 2242.  929. 2244. 2222.  949.
 2030. 2253.  918. 1851. 2242.  929.]","[1856. 2196.  973. 2079. 2219.  932. 2240. 2241.  928. 2241. 2202.  968.
 2019. 2229.  928. 1849. 2241.  931.]","[-1.7336e+01  4.2520e+00  6.6693e+01  7.3240e-01  7.9350e-01  6.1040e-01
 -6.0500e-02 -3.4620e-01  9.8680e-01]",114
160,1,"[[ 0.30277921 -0.27849694  0.35150306]
 [-0.30084945 -0.29730258  0.33269742]
 [ 0.01978953 -0.31596161  0.31403839]
 [-0.01978953  0.31596161 -0.31403839]
 [-0.30277921  0.27849694 -0.35150306]
 [ 0.30084945  0.29730258 -0.33269742]]","[1850. 2229.  942. 2060. 2253.  917. 2244. 2241.  930. 2245. 2229.  942.
 2035. 2253.  917. 1851. 2241.  930.]","[1855. 2199.  969. 2076. 2218.  933. 2240. 2241.  928. 2242. 2209.  963.
 2022. 2229.  928. 1849. 2240.  930.]","[-1.7314e+01  4.2900e+00  6.6709e+01  1.0986e+00  7.9350e-01  4.2720e-01
 -5.0300e-02 -3.3150e-01  9.4430e-01]",114
161,1,"[[ 0.30298474 -0.2869031   0.3430969 ]
 [-0.29948107 -0.29664116  0.33335884]
 [ 0.01246059 -0.31618419  0.31381581]
 [-0.01246059  0.31618419 -0.31381581]
 [-0.30298474  0.2869031  -0.3430969 ]
 [ 0.29948107  0.29664116 -0.33335884]]","[1850. 2235.  936. 2056. 2254.  917. 2243. 2241.  930. 2245. 2235.  936.
 2039. 2254.  917. 1852. 2241.  930.]","[1854. 2203.  964. 2071. 2219.  933. 2240. 2241.  929. 2243. 2214.  957.
 2025. 2229.  928. 1849. 2239.  931.]","[-17.276    4.323   66.709    1.3428   1.1597   0.2441  -0.0703  -0.3174
   0.936 ]",114
162,1,"[[ 0.30290441 -0.28722434  0.34277566]
 [-0.29751992 -0.29598225  0.33401775]
 [ 0.00511314 -0.31640016  0.31359984]
 [-0.00511314  0.31640016 -0.31359984]
 [-0.30290441  0.28722434 -0.34277566]
 [ 0.29751992  0.29598225 -0.33401775]]","[1850. 2235.  936. 2051. 2254.  917. 2241. 2240.  931. 2245. 2235.  936.
 2044. 2254.  917. 1854. 2240.  931.]","[1853. 2207.  960. 2067. 2219.  933. 2240. 2242.  929. 2243. 2219.  951.
 2028. 2229.  927. 1849. 2239.  931.]","[-17.232    4.362   66.709    1.3428   0.9155   0.4883  -0.1118  -0.3076
   0.9678]",114
163,1,"[[ 0.30269672 -0.28755188  0.34244812]
 [-0.29497624 -0.2953267   0.3346733 ]
 [-0.002232   -0.31660942  0.31339058]
 [ 0.002232    0.31660942 -0.31339058]
 [-0.30269672  0.28755188 -0.34244812]
 [ 0.29497624  0.2953267  -0.3346733 ]]","[1850. 2235.  936. 2046. 2254.  917. 2240. 2240.  931. 2245. 2235.  936.
 2049. 2254.  917. 1855. 2240.  931.]","[1854. 2211.  956. 2063. 2220.  933. 2241. 2244.  930. 2244. 2223.  947.
 2032. 2229.  928. 1850. 2238.  932.]","[-1.7188e+01  4.4060e+00  6.6720e+01  1.3428e+00  1.2817e+00  1.0376e+00
 -5.1800e-02 -2.8810e-01  9.4580e-01]",114
164,1,"[[ 0.3023732  -0.28788525  0.34211475]
 [-0.29185296 -0.29467538  0.33532462]
 [-0.00956704 -0.31681183  0.31318817]
 [ 0.00956704  0.31681183 -0.31318817]
 [-0.3023732   0.28788525 -0.34211475]
 [ 0.29185296  0.29467538 -0.33532462]]","[1850. 2235.  936. 2041. 2254.  917. 2238. 2240.  931. 2245. 2235.  936.
 2054. 2254.  917. 1857. 2240.  931.]","[1854. 2212.  953. 2059. 2222.  933. 2240. 2243.  930. 2244. 2226.  945.
 2037. 2229.  928. 1850. 2238.  932.]","[-1.7144e+01  4.4600e+00  6.6742e+01  1.3428e+00  1.1597e+00  3.6620e-01
 -4.6400e-02 -2.8860e-01  9.6680e-01]",114
165,1,"[[ 0.30193169 -0.28822433  0.34177567]
 [-0.28815655 -0.29402912  0.33597088]
 [-0.01688735 -0.31700729  0.31299271]
 [ 0.01688735  0.31700729 -0.31299271]
 [-0.30193169  0.28822433 -0.34177567]
 [ 0.28815655  0.29402912 -0.33597088]]","[1851. 2235.  936. 2036. 2254.  917. 2235. 2239.  932. 2244. 2235.  936.
 2059. 2254.  917. 1860. 2239.  932.]","[1853. 2213.  952. 2055. 2224.  933. 2241. 2242.  930. 2244. 2227.  944.
 2042. 2229.  928. 1851. 2238.  932.]","[-1.7095e+01  4.4930e+00  6.6736e+01  1.4648e+00  7.9350e-01 -5.4930e-01
 -4.9800e-02 -2.8320e-01  9.2630e-01]",114
166,1,"[[ 0.30137161 -0.28856895  0.34143105]
 [-0.28389743 -0.29338879  0.33661121]
 [-0.02418869 -0.31719566  0.31280434]
 [ 0.02418869  0.31719566 -0.31280434]
 [-0.30137161  0.28856895 -0.34143105]
 [ 0.28389743  0.29338879 -0.33661121]]","[1851. 2236.  935. 2032. 2254.  917. 2233. 2239.  932. 2244. 2236.  935.
 2063. 2254.  917. 1862. 2239.  932.]","[1854. 2214.  951. 2051. 2225.  933. 2240. 2242.  930. 2244. 2227.  944.
 2046. 2229.  928. 1852. 2237.  933.]","[-17.045    4.504   66.698    1.0986   0.2441  -0.9155  -0.0928  -0.2935
   0.9487]",114
167,1,"[[ 0.30069303 -0.28891895  0.34108105]
 [-0.27908852 -0.29275525  0.33724475]
 [-0.03146688 -0.31737684  0.31262316]
 [ 0.03146688  0.31737684 -0.31262316]
 [-0.30069303  0.28891895 -0.34108105]
 [ 0.27908852  0.29275525 -0.33724475]]","[1851. 2236.  935. 2027. 2254.  917. 2229. 2238.  933. 2244. 2236.  935.
 2068. 2254.  917. 1866. 2238.  933.]","[1853. 2216.  951. 2047. 2225.  932. 2239. 2241.  929. 2243. 2228.  943.
 2051. 2229.  928. 1854. 2237.  933.]","[-1.7007e+01  4.4990e+00  6.6665e+01  9.1550e-01  6.1000e-02 -4.2720e-01
 -8.8400e-02 -2.9490e-01  9.3020e-01]",114
168,1,"[[ 0.29989618 -0.28927413  0.34072587]
 [-0.27374449 -0.29212935  0.33787065]
 [-0.03871776 -0.31755071  0.31244929]
 [ 0.03871776  0.31755071 -0.31244929]
 [-0.29989618  0.28927413 -0.34072587]
 [ 0.27374449  0.29212935 -0.33787065]]","[1852. 2236.  935. 2022. 2255.  916. 2226. 2238.  933. 2243. 2236.  935.
 2073. 2255.  916. 1869. 2238.  933.]","[1854. 2216.  949. 2043. 2225.  933. 2236. 2240.  930. 2243. 2228.  943.
 2055. 2229.  928. 1856. 2236.  934.]","[-1.6974e+01  4.4990e+00  6.6654e+01  7.9350e-01  3.0520e-01 -6.1000e-02
 -1.0450e-01 -2.9980e-01  9.3600e-01]",114
169,1,"[[ 0.29898136 -0.2896343   0.3403657 ]
 [-0.26788126 -0.29151194  0.33848806]
 [-0.04593722 -0.31771715  0.31228285]
 [ 0.04593722  0.31771715 -0.31228285]
 [-0.29898136  0.2896343  -0.3403657 ]
 [ 0.26788126  0.29151194 -0.33848806]]","[1853. 2236.  935. 2018. 2255.  916. 2222. 2238.  933. 2242. 2236.  935.
 2077. 2255.  916. 1873. 2238.  933.]","[1854. 2216.  948. 2039. 2224.  932. 2232. 2240.  931. 2243. 2228.  942.
 2060. 2229.  928. 1857. 2236.  934.]","[-16.957    4.51    66.649    0.4883   0.3052   0.      -0.0933  -0.3013
   0.9395]",114
170,1,"[[ 0.29794895 -0.28999929  0.34000071]
 [-0.26151579 -0.29090388  0.33909612]
 [-0.0531212  -0.31787607  0.31212393]
 [ 0.0531212   0.31787607 -0.31212393]
 [-0.29794895  0.28999929 -0.34000071]
 [ 0.26151579  0.29090388 -0.33909612]]","[1853. 2237.  934. 2013. 2255.  916. 2218. 2237.  934. 2242. 2237.  934.
 2082. 2255.  916. 1877. 2237.  934.]","[1855. 2216.  948. 2035. 2224.  932. 2229. 2240.  932. 2243. 2228.  942.
 2064. 2229.  927. 1860. 2236.  934.]","[-16.941    4.521   66.638    0.4272   0.2441  -0.2441  -0.084   -0.2959
   0.9341]",114
171,1,"[[ 0.29679933 -0.29036889  0.33963111]
 [-0.25466596 -0.29030601  0.33969399]
 [-0.06026567 -0.31802737  0.31197263]
 [ 0.06026567  0.31802737 -0.31197263]
 [-0.29679933  0.29036889 -0.33963111]
 [ 0.25466596  0.29030601 -0.33969399]]","[1854. 2237.  934. 2008. 2255.  916. 2214. 2237.  934. 2241. 2237.  934.
 2087. 2255.  916. 1881. 2237.  934.]","[1855. 2216.  947. 2030. 2224.  932. 2226. 2239.  932. 2242. 2228.  941.
 2068. 2229.  927. 1863. 2236.  935.]","[-16.935    4.532   66.627    0.2441   0.1831  -0.3052  -0.0864  -0.2974
   0.96  ]",114
172,1,"[[ 0.29553297 -0.29074292  0.33925708]
 [-0.24735046 -0.28971915  0.34028085]
 [-0.06736667 -0.31817093  0.31182907]
 [ 0.06736667  0.31817093 -0.31182907]
 [-0.29553297  0.29074292 -0.33925708]
 [ 0.24735046  0.28971915 -0.34028085]]","[1855. 2237.  934. 2004. 2255.  916. 2209. 2236.  935. 2240. 2237.  934.
 2091. 2255.  916. 1886. 2236.  935.]","[1856. 2216.  946. 2027. 2224.  932. 2222. 2239.  933. 2242. 2229.  941.
 2072. 2229.  927. 1866. 2235.  935.]","[-1.6930e+01  4.5370e+00  6.6621e+01  1.8310e-01  6.1000e-02  6.1000e-02
 -7.3700e-02 -2.7830e-01  9.4580e-01]",114
173,1,"[[ 0.29415037 -0.29112118  0.33887882]
 [-0.23958869 -0.28914415  0.34085585]
 [-0.07442029 -0.31830669  0.31169331]
 [ 0.07442029  0.31830669 -0.31169331]
 [-0.29415037  0.29112118 -0.33887882]
 [ 0.23958869  0.28914415 -0.34085585]]","[1856. 2237.  934. 1999. 2255.  916. 2204. 2236.  935. 2239. 2237.  934.
 2096. 2255.  916. 1891. 2236.  935.]","[1857. 2216.  946. 2022. 2225.  933. 2218. 2238.  933. 2241. 2229.  941.
 2076. 2229.  927. 1870. 2235.  935.]","[-1.6919e+01  4.5430e+00  6.6621e+01  2.4410e-01  6.1000e-02  1.8310e-01
 -6.6900e-02 -2.7980e-01  9.6290e-01]",114
174,1,"[[ 0.29265206 -0.29150348  0.33849652]
 [-0.23140069 -0.28858182  0.34141818]
 [-0.08142265 -0.31843453  0.31156547]
 [ 0.08142265  0.31843453 -0.31156547]
 [-0.29265206  0.29150348 -0.33849652]
 [ 0.23140069  0.28858182 -0.34141818]]","[1857. 2238.  933. 1994. 2255.  916. 2198. 2236.  935. 2238. 2238.  933.
 2101. 2255.  916. 1897. 2236.  935.]","[1858. 2216.  945. 2019. 2225.  933. 2213. 2238.  934. 2240. 2229.  940.
 2079. 2229.  927. 1875. 2234.  935.]","[-1.6908e+01  4.5480e+00  6.6627e+01  2.4410e-01  0.0000e+00  0.0000e+00
 -6.0500e-02 -2.8030e-01  9.5800e-01]",114
175,1,"[[ 0.29103863 -0.29188963  0.33811037]
 [-0.22280708 -0.28803297  0.34196703]
 [-0.08836994 -0.31855437  0.31144563]
 [ 0.08836994  0.31855437 -0.31144563]
 [-0.29103863  0.29188963 -0.33811037]
 [ 0.22280708  0.28803297 -0.34196703]]","[1858. 2238.  933. 1990. 2255.  916. 2193. 2235.  936. 2237. 2238.  933.
 2105. 2255.  916. 1902. 2235.  936.]","[1859. 2218.  944. 2015. 2225.  933. 2208. 2238.  934. 2239. 2230.  940.
 2085. 2229.  927. 1880. 2234.  936.]","[-16.897    4.548   66.621    0.3052   0.1831  -0.3662  -0.0864  -0.2827
   0.9639]",114
176,1,"[[ 0.28931073 -0.29227943  0.33772057]
 [-0.21382897 -0.28749838  0.34250162]
 [-0.09525842 -0.31866613  0.31133387]
 [ 0.09525842  0.31866613 -0.31133387]
 [-0.28931073  0.29227943 -0.33772057]
 [ 0.21382897  0.28749838 -0.34250162]]","[1859. 2238.  933. 1985. 2255.  916. 2187. 2235.  936. 2236. 2238.  933.
 2110. 2255.  916. 1908. 2235.  936.]","[1860. 2218.  943. 2011. 2225.  932. 2203. 2238.  934. 2237. 2230.  940.
 2090. 2229.  928. 1885. 2234.  936.]","[-1.6880e+01  4.5540e+00  6.6599e+01  3.0520e-01  2.4410e-01 -3.6620e-01
 -5.8100e-02 -2.8120e-01  9.5070e-01]",114
177,1,"[[ 0.28746903 -0.29267267  0.33732733]
 [-0.20448789 -0.28697884  0.34302116]
 [-0.10208438 -0.31876974  0.31123026]
 [ 0.10208438  0.31876974 -0.31123026]
 [-0.28746903  0.29267267 -0.33732733]
 [ 0.20448789  0.28697884 -0.34302116]]","[1860. 2238.  933. 1981. 2255.  916. 2181. 2235.  936. 2235. 2238.  933.
 2114. 2255.  916. 1914. 2235.  936.]","[1861. 2219.  943. 2007. 2225.  932. 2198. 2237.  935. 2236. 2230.  939.
 2095. 2229.  927. 1890. 2233.  936.]","[-16.864    4.554   66.577    0.3662   0.3052  -0.5493  -0.1064  -0.2856
   0.9624]",114
178,1,"[[ 0.28551425 -0.29306918  0.33693082]
 [-0.19480575 -0.27467708  0.35532292]
 [-0.10884418 -0.31886511  0.31113489]
 [ 0.10884418  0.31886511 -0.31113489]
 [-0.28551425  0.29306918 -0.33693082]
 [ 0.19480575  0.27467708 -0.35532292]]","[1861. 2239.  932. 1977. 2255.  916. 2174. 2227.  944. 2234. 2239.  932.
 2118. 2255.  916. 1921. 2227.  944.]","[1862. 2219.  942. 2002. 2225.  933. 2191. 2237.  935. 2235. 2231.  939.
 2099. 2229.  928. 1896. 2233.  937.]","[-1.6848e+01  4.5650e+00  6.6561e+01  2.4410e-01  3.0520e-01 -3.0520e-01
 -6.5400e-02 -2.8080e-01  9.3650e-01]",114
179,1,"[[ 0.28344717 -0.29346873  0.33653127]
 [-0.18480474 -0.25843784  0.37156216]
 [-0.11553423 -0.31895218  0.31104782]
 [ 0.11553423  0.31895218 -0.31104782]
 [-0.28344717  0.29346873 -0.33653127]
 [ 0.18480474  0.25843784 -0.37156216]]","[1863. 2239.  932. 1972. 2255.  916. 2168. 2216.  955. 2232. 2239.  932.
 2123. 2255.  916. 1927. 2216.  955.]","[1863. 2219.  942. 1998. 2224.  933. 2185. 2235.  937. 2234. 2230.  938.
 2103. 2229.  927. 1902. 2231.  938.]","[-16.831    4.57    66.539    0.1831   0.2441  -0.4272  -0.0908  -0.313
   0.959 ]",114
180,1,"[[ 0.28126859 -0.29387114  0.33612886]
 [-0.17450726 -0.24277452  0.38722548]
 [-0.12215103 -0.31903087  0.31096913]
 [ 0.12215103  0.31903087 -0.31096913]
 [-0.28126859  0.29387114 -0.33612886]
 [ 0.17450726  0.24277452 -0.38722548]]","[1864. 2239.  932. 1968. 2255.  915. 2161. 2206.  965. 2231. 2239.  932.
 2127. 2255.  915. 1934. 2206.  965.]","[1864. 2220.  941. 1995. 2225.  932. 2180. 2229.  943. 2233. 2230.  938.
 2108. 2229.  927. 1909. 2226.  942.]","[-1.6826e+01  4.5760e+00  6.6522e+01  1.8310e-01  1.2210e-01 -3.0520e-01
 -6.2000e-02 -2.9100e-01  9.3850e-01]",114
181,1,"[[ 0.27897938 -0.29427621  0.33572379]
 [-0.1639359  -0.22771061  0.40228939]
 [-0.12869112 -0.31910114  0.31089886]
 [ 0.12869112  0.31910114 -0.31089886]
 [-0.27897938  0.29427621 -0.33572379]
 [ 0.1639359   0.22771061 -0.40228939]]","[1866. 2239.  932. 1964. 2256.  915. 2154. 2196.  975. 2229. 2239.  932.
 2131. 2256.  915. 1941. 2196.  975.]","[1865. 2221.  941. 1990. 2226.  933. 2174. 2222.  949. 2231. 2230.  937.
 2113. 2229.  927. 1916. 2221.  948.]","[-16.809    4.581   66.506    0.5493   0.3052  -0.4272  -0.0952  -0.3066
   0.9644]",114
182,1,"[[ 0.27658044 -0.29468373  0.33531627]
 [-0.15311333 -0.21326882  0.41673118]
 [-0.13515109 -0.31916291  0.31083709]
 [ 0.13515109  0.31916291 -0.31083709]
 [-0.27658044  0.29468373 -0.33531627]
 [ 0.15311333  0.21326882 -0.41673118]]","[1867. 2240.  931. 1959. 2256.  915. 2147. 2187.  984. 2228. 2240.  931.
 2136. 2256.  915. 1948. 2187.  984.]","[1866. 2223.  940. 1986. 2227.  933. 2167. 2214.  958. 2230. 2230.  937.
 2117. 2229.  927. 1923. 2215.  956.]","[-1.6776e+01  4.5920e+00  6.6489e+01  1.2207e+00  5.4930e-01 -2.4410e-01
 -5.8100e-02 -2.9440e-01  9.6730e-01]",114
183,1,"[[ 0.2740727  -0.29509351  0.33490649]
 [-0.14206229 -0.19947113  0.43052887]
 [-0.14152763 -0.31921613  0.31078387]
 [ 0.14152763  0.31921613 -0.31078387]
 [-0.2740727   0.29509351 -0.33490649]
 [ 0.14206229  0.19947113 -0.43052887]]","[1869. 2240.  931. 1955. 2256.  915. 2140. 2178.  993. 2226. 2240.  931.
 2140. 2256.  915. 1955. 2178.  993.]","[1867. 2223.  940. 1981. 2228.  933. 2160. 2206.  967. 2228. 2230.  935.
 2123. 2229.  927. 1931. 2206.  965.]","[-16.727    4.609   66.467    1.4038   0.5493  -0.3662  -0.0776  -0.29
   0.9463]",114
184,1,"[[ 0.27145715 -0.29550534  0.33449466]
 [-0.13080549 -0.18633864  0.44366136]
 [-0.14781747 -0.31926076  0.31073924]
 [ 0.14781747  0.31926076 -0.31073924]
 [-0.27145715  0.29550534 -0.33449466]
 [ 0.13080549  0.18633864 -0.44366136]]","[1871. 2240.  931. 1951. 2256.  915. 2133. 2169. 1002. 2224. 2240.  931.
 2144. 2256.  915. 1962. 2169. 1002.]","[1869. 2225.  939. 1977. 2229.  933. 2154. 2197.  975. 2226. 2231.  934.
 2127. 2229.  927. 1939. 2198.  974.]","[-1.6666e+01  4.6200e+00  6.6451e+01  1.6479e+00  3.6620e-01 -2.4410e-01
 -6.5900e-02 -2.7930e-01  9.6290e-01]",114
185,1,"[[ 0.26873483 -0.29591902  0.33408098]
 [-0.11936559 -0.17389162  0.45610838]
 [-0.15401743 -0.31929676  0.31070324]
 [ 0.15401743  0.31929676 -0.31070324]
 [-0.26873483  0.29591902 -0.33408098]
 [ 0.11936559  0.17389162 -0.45610838]]","[1872. 2240.  931. 1947. 2256.  915. 2125. 2161. 1010. 2223. 2240.  931.
 2148. 2256.  915. 1970. 2161. 1010.]","[1870. 2226.  939. 1973. 2230.  933. 2147. 2188.  984. 2224. 2231.  934.
 2132. 2229.  927. 1949. 2189.  984.]","[-16.6      4.625   66.44     1.5869   0.2441  -0.1831  -0.0801  -0.2959
   0.9648]",114
186,1,"[[ 0.26590681 -0.29633436  0.33366564]
 [-0.10776512 -0.16214939  0.46785061]
 [-0.16012436 -0.31932407  0.31067593]
 [ 0.16012436  0.31932407 -0.31067593]
 [-0.26590681  0.29633436 -0.33366564]
 [ 0.10776512  0.16214939 -0.46785061]]","[1874. 2241.  930. 1943. 2256.  915. 2118. 2153. 1018. 2221. 2241.  930.
 2152. 2256.  915. 1977. 2153. 1018.]","[1871. 2227.  938. 1969. 2230.  933. 2140. 2180.  994. 2223. 2230.  933.
 2136. 2229.  928. 1957. 2181.  992.]","[-1.6545e+01  4.6360e+00  6.6434e+01  1.3428e+00  3.6620e-01  0.0000e+00
 -6.4900e-02 -2.9490e-01  9.3550e-01]",114
187,1,"[[ 0.26297419 -0.29675114  0.33324886]
 [-0.09602646 -0.15113035  0.47886965]
 [-0.16613524 -0.31934273  0.31065727]
 [ 0.16613524  0.31934273 -0.31065727]
 [-0.26297419  0.29675114 -0.33324886]
 [ 0.09602646  0.15113035 -0.47886965]]","[1876. 2241.  930. 1939. 2256.  915. 2110. 2146. 1025. 2219. 2241.  930.
 2156. 2256.  915. 1985. 2146. 1025.]","[1873. 2227.  937. 1965. 2230.  933. 2132. 2171. 1001. 2221. 2230.  932.
 2140. 2228.  927. 1965. 2173. 1001.]","[-16.507    4.647   66.412    0.9766   0.3662  -0.4883  -0.1064  -0.2979
   0.9375]",114
188,1,"[[ 0.25993813 -0.29716918  0.33283082]
 [-0.08417179 -0.1408519   0.4891481 ]
 [-0.17204705 -0.31935287  0.31064713]
 [ 0.17204705  0.31935287 -0.31064713]
 [-0.25993813  0.29716918 -0.33283082]
 [ 0.08417179  0.1408519  -0.4891481 ]]","[1878. 2241.  930. 1935. 2256.  915. 2102. 2139. 1032. 2217. 2241.  930.
 2160. 2256.  915. 1993. 2139. 1032.]","[1875. 2228.  937. 1961. 2230.  933. 2125. 2163. 1009. 2219. 2230.  932.
 2144. 2229.  927. 1971. 2165. 1009.]","[-16.496    4.653   66.385    0.3052   0.4272  -0.6714  -0.106   -0.2856
   0.9414]",114
189,1,"[[ 0.25679982 -0.29758826  0.33241174]
 [-0.072223   -0.1313304   0.4986696 ]
 [-0.17785691 -0.31935449  0.31064551]
 [ 0.17785691  0.31935449 -0.31064551]
 [-0.25679982  0.29758826 -0.33241174]
 [ 0.072223    0.1313304  -0.4986696 ]]","[1880. 2241.  929. 1932. 2256.  915. 2095. 2133. 1038. 2215. 2241.  929.
 2163. 2256.  915. 2000. 2133. 1038.]","[1878. 2227.  936. 1957. 2230.  933. 2117. 2155. 1018. 2216. 2230.  933.
 2148. 2229.  927. 1976. 2156. 1016.]","[-1.6496e+01  4.6640e+00  6.6352e+01  6.1000e-02  3.6620e-01 -6.7140e-01
 -9.8100e-02 -2.9250e-01  9.4480e-01]",114
190,1,"[[ 0.2535605  -0.29800818  0.33199182]
 [-0.06020175 -0.12258116  0.50741884]
 [-0.18356196 -0.31933991  0.31066009]
 [ 0.18356196  0.31933991 -0.31066009]
 [-0.2535605   0.29800818 -0.33199182]
 [ 0.06020175  0.12258116 -0.50741884]]","[1882. 2242.  929. 1928. 2256.  915. 2087. 2127. 1044. 2213. 2242.  929.
 2167. 2256.  915. 2008. 2127. 1044.]","[1880. 2227.  935. 1953. 2230.  932. 2110. 2148. 1025. 2215. 2230.  932.
 2151. 2229.  927. 1982. 2149. 1024.]","[-16.501    4.675   66.33     0.       0.2441  -0.4883  -0.0811  -0.3062
   0.9482]",114
191,1,"[[ 0.25022145 -0.29842876  0.33157124]
 [-0.04812932 -0.11461841  0.51538159]
 [-0.18915945 -0.31929134  0.31070866]
 [ 0.18915945  0.31929134 -0.31070866]
 [-0.25022145  0.29842876 -0.33157124]
 [ 0.04812932  0.11461841 -0.51538159]]","[1884. 2242.  929. 1924. 2256.  915. 2079. 2122. 1049. 2211. 2242.  929.
 2171. 2256.  915. 2016. 2122. 1049.]","[1881. 2228.  935. 1950. 2230.  932. 2102. 2142. 1031. 2213. 2230.  932.
 2156. 2229.  928. 1991. 2143. 1030.]","[-16.507    4.68    66.313    0.       0.1221  -0.3052  -0.0718  -0.3086
   0.9487]",114
192,1,"[[ 0.24678397 -0.29884978  0.33115022]
 [-0.03602667 -0.10745525  0.52254475]
 [-0.19464667 -0.31920929  0.31079071]
 [ 0.19464667  0.31920929 -0.31079071]
 [-0.24678397  0.29884978 -0.33115022]
 [ 0.03602667  0.10745525 -0.52254475]]","[1887. 2242.  929. 1921. 2256.  915. 2071. 2118. 1053. 2208. 2242.  929.
 2174. 2256.  915. 2024. 2118. 1053.]","[1883. 2228.  934. 1946. 2230.  931. 2094. 2135. 1037. 2211. 2231.  932.
 2158. 2229.  928. 1998. 2138. 1037.]","[-1.6507e+01  4.6800e+00  6.6297e+01  1.8310e-01  1.2210e-01 -4.2720e-01
 -6.5400e-02 -3.0470e-01  9.4870e-01]",114
193,1,"[[ 0.24324942 -0.29927105  0.33072895]
 [-0.02391433 -0.10110362  0.52889638]
 [-0.20002102 -0.31909686  0.31090314]
 [ 0.20002102  0.31909686 -0.31090314]
 [-0.24324942  0.29927105 -0.33072895]
 [ 0.02391433  0.10110362 -0.52889638]]","[1889. 2243.  928. 1917. 2256.  915. 2063. 2113. 1058. 2206. 2243.  928.
 2178. 2256.  915. 2032. 2113. 1058.]","[1885. 2228.  934. 1942. 2230.  931. 2086. 2130. 1043. 2209. 2230.  932.
 2162. 2229.  928. 2007. 2132. 1042.]","[-16.507    4.686   66.27     0.2441   0.1831  -0.5493  -0.0786  -0.2974
   0.9526]",114
194,1,"[[ 0.23961919 -0.29969236  0.33030764]
 [-0.01181243 -0.0955743   0.5344257 ]
 [-0.20527996 -0.31895491  0.31104509]
 [ 0.20527996  0.31895491 -0.31104509]
 [-0.23961919  0.29969236 -0.33030764]
 [ 0.01181243  0.0955743  -0.5344257 ]]","[1891. 2243.  928. 1914. 2255.  916. 2055. 2110. 1061. 2204. 2243.  928.
 2181. 2255.  916. 2040. 2110. 1061.]","[1887. 2228.  934. 1938. 2230.  930. 2078. 2124. 1048. 2206. 2230.  932.
 2165. 2229.  927. 2016. 2126. 1048.]","[-16.507    4.686   66.253    0.2441   0.1221  -0.4272  -0.0786  -0.2817
   0.9526]",114
195,1,"[[ 2.35894705e-01 -3.00113528e-01  3.29886472e-01]
 [ 2.59362348e-04 -9.08768622e-02  5.39123138e-01]
 [-2.10421016e-01 -3.18783994e-01  3.11216006e-01]
 [ 2.10421016e-01  3.18783994e-01 -3.11216006e-01]
 [-2.35894705e-01  3.00113528e-01 -3.29886472e-01]
 [-2.59362348e-04  9.08768622e-02 -5.39123138e-01]]","[1894. 2243.  928. 1910. 2255.  916. 2047. 2107. 1064. 2201. 2243.  928.
 2185. 2255.  916. 2048. 2107. 1064.]","[1890. 2228.  933. 1935. 2230.  930. 2071. 2120. 1053. 2204. 2230.  931.
 2169. 2229.  927. 2024. 2121. 1052.]","[-1.6501e+01  4.6800e+00  6.6237e+01  1.8310e-01  6.1000e-02 -3.0520e-01
 -8.3500e-02 -2.7930e-01  9.5800e-01]",114
196,1,"[[ 0.23207743 -0.30053435  0.32946565]
 [ 0.01228184 -0.08701967  0.54298033]
 [-0.21544181 -0.31858467  0.31141533]
 [ 0.21544181  0.31858467 -0.31141533]
 [-0.23207743  0.30053435 -0.32946565]
 [-0.01228184  0.08701967 -0.54298033]]","[1896. 2243.  928. 1907. 2255.  916. 2039. 2104. 1067. 2199. 2243.  928.
 2188. 2255.  916. 2056. 2104. 1067.]","[1893. 2229.  933. 1931. 2230.  930. 2063. 2116. 1057. 2202. 2230.  931.
 2172. 2229.  927. 2032. 2118. 1056.]","[-16.496    4.686   66.226    0.2441   0.1221  -0.3662  -0.084   -0.2773
   0.9551]",114
197,1,"[[ 0.22816887 -0.30095462  0.32904538]
 [ 0.0242363  -0.08400985  0.54599015]
 [-0.22034003 -0.31835752  0.31164248]
 [ 0.22034003  0.31835752 -0.31164248]
 [-0.22816887  0.30095462 -0.32904538]
 [-0.0242363   0.08400985 -0.54599015]]","[1899. 2244.  927. 1904. 2255.  916. 2032. 2102. 1069. 2196. 2244.  927.
 2191. 2255.  916. 2063. 2102. 1069.]","[1895. 2228.  933. 1928. 2230.  930. 2055. 2112. 1060. 2199. 2230.  931.
 2176. 2229.  928. 2040. 2114. 1060.]","[-16.49     4.686   66.204    0.1221   0.1831  -0.4272  -0.0825  -0.2769
   0.9502]",114
198,1,"[[ 0.22417056 -0.30137415  0.32862585]
 [ 0.03610455 -0.08185329  0.54814671]
 [-0.22511344 -0.31810318  0.31189682]
 [ 0.22511344  0.31810318 -0.31189682]
 [-0.22417056  0.30137415 -0.32862585]
 [-0.03610455  0.08185329 -0.54814671]]","[1901. 2244.  927. 1901. 2255.  916. 2024. 2101. 1070. 2194. 2244.  927.
 2194. 2255.  916. 2071. 2101. 1070.]","[1898. 2229.  932. 1924. 2230.  930. 2047. 2109. 1063. 2197. 2231.  930.
 2179. 2229.  927. 2048. 2111. 1063.]","[-16.49     4.686   66.182    0.       0.1831  -0.5493  -0.0869  -0.2729
   0.9565]",114
199,1,"[[ 0.22008408 -0.30179275  0.32820725]
 [ 0.04786895 -0.08055503  0.54944497]
 [-0.22975991 -0.31782231  0.31217769]
 [ 0.22975991  0.31782231 -0.31217769]
 [-0.22008408  0.30179275 -0.32820725]
 [-0.04786895  0.08055503 -0.54944497]]","[1904. 2244.  927. 1898. 2255.  916. 2016. 2100. 1071. 2191. 2244.  927.
 2197. 2255.  916. 2079. 2100. 1071.]","[1900. 2229.  932. 1921. 2230.  930. 2040. 2107. 1066. 2195. 2230.  930.
 2182. 2229.  927. 2055. 2108. 1065.]","[-16.49     4.691   66.165    0.       0.1221  -0.3662  -0.082   -0.2832
   0.9575]",114
200,1,"[[ 0.21591102 -0.30221023  0.32778977]
 [ 0.05951239 -0.08012695  0.54987305]
 [-0.23427734 -0.31751558  0.31248442]
 [ 0.23427734  0.31751558 -0.31248442]
 [-0.21591102  0.30221023 -0.32778977]
 [-0.05951239  0.08012695 -0.54987305]]","[1907. 2245.  926. 1895. 2254.  916. 2009. 2100. 1071. 2188. 2245.  926.
 2200. 2254.  916. 2086. 2100. 1071.]","[1903. 2228.  931. 1918. 2230.  930. 2032. 2105. 1068. 2192. 2230.  930.
 2185. 2229.  927. 2063. 2106. 1067.]","[-1.6490e+01  4.6910e+00  6.6149e+01  0.0000e+00  6.1000e-02 -3.0520e-01
 -7.7100e-02 -2.9100e-01  9.5360e-01]",114
201,1,"[[ 0.21165304 -0.30262638  0.32737362]
 [ 0.07101832 -0.08053617  0.54946383]
 [-0.23866376 -0.31718371  0.31281629]
 [ 0.23866376  0.31718371 -0.31281629]
 [-0.21165304  0.30262638 -0.32737362]
 [-0.07101832  0.08053617 -0.54946383]]","[1910. 2245.  926. 1892. 2254.  917. 2001. 2100. 1071. 2185. 2245.  926.
 2203. 2254.  917. 2094. 2100. 1071.]","[1906. 2228.  931. 1915. 2230.  930. 2024. 2103. 1069. 2190. 2230.  930.
 2189. 2229.  928. 2071. 2106. 1069.]","[-1.6490e+01  4.6910e+00  6.6127e+01  6.1000e-02  1.2210e-01 -4.8830e-01
 -8.5900e-02 -2.9740e-01  9.4380e-01]",114
202,1,"[[ 0.20731181 -0.30304102  0.32695898]
 [ 0.08237078 -0.08111714  0.54888286]
 [-0.24291725 -0.31682746  0.31317254]
 [ 0.24291725  0.31682746 -0.31317254]
 [-0.20731181  0.30304102 -0.32695898]
 [-0.08237078  0.08111714 -0.54888286]]","[1912. 2245.  926. 1889. 2254.  917. 1994. 2100. 1071. 2183. 2245.  926.
 2206. 2254.  917. 2101. 2100. 1071.]","[1908. 2228.  931. 1913. 2230.  930. 2016. 2103. 1070. 2187. 2230.  929.
 2192. 2229.  928. 2079. 2105. 1069.]","[-16.49     4.697   66.116    0.       0.1221  -0.3662  -0.0757  -0.292
   0.9561]",114
203,1,"[[ 0.20288903 -0.30345396  0.32654604]
 [ 0.09355438 -0.08177069  0.54822931]
 [-0.24703597 -0.31644757  0.31355243]
 [ 0.24703597  0.31644757 -0.31355243]
 [-0.20288903  0.30345396 -0.32654604]
 [-0.09355438  0.08177069 -0.54822931]]","[1915. 2245.  926. 1886. 2254.  917. 1987. 2101. 1070. 2180. 2245.  926.
 2209. 2254.  917. 2108. 2101. 1070.]","[1911. 2229.  931. 1909. 2230.  930. 2008. 2102. 1070. 2184. 2230.  929.
 2194. 2229.  928. 2086. 2104. 1069.]","[-1.6485e+01  4.6970e+00  6.6099e+01  6.1000e-02  6.1000e-02 -3.6620e-01
 -7.4200e-02 -2.9150e-01  9.5560e-01]",114
204,1,"[[ 0.19838644 -0.30386501  0.32613499]
 [ 0.10455433 -0.08261918  0.54738082]
 [-0.25101818 -0.31604486  0.31395514]
 [ 0.25101818  0.31604486 -0.31395514]
 [-0.19838644  0.30386501 -0.32613499]
 [-0.10455433  0.08261918 -0.54738082]]","[1918. 2246.  925. 1884. 2254.  917. 1979. 2101. 1070. 2177. 2246.  925.
 2211. 2254.  917. 2116. 2101. 1070.]","[1915. 2229.  930. 1906. 2230.  930. 2000. 2102. 1069. 2181. 2230.  929.
 2199. 2229.  928. 2095. 2104. 1069.]","[-16.485    4.697   66.083    0.1221   0.1221  -0.4272  -0.0859  -0.2886
   0.9473]",114
205,1,"[[ 0.19380582 -0.30427398  0.32572602]
 [ 0.11535643 -0.08369163  0.54630837]
 [-0.25486221 -0.31562012  0.31437988]
 [ 0.25486221  0.31562012 -0.31437988]
 [-0.19380582  0.30427398 -0.32572602]
 [-0.11535643  0.08369163 -0.54630837]]","[1921. 2246.  925. 1881. 2253.  918. 1972. 2102. 1069. 2174. 2246.  925.
 2214. 2253.  918. 2123. 2102. 1069.]","[1918. 2230.  930. 1903. 2230.  931. 1991. 2103. 1070. 2178. 2230.  929.
 2202. 2229.  927. 2104. 2104. 1069.]","[-1.6485e+01  4.6970e+00  6.6066e+01  1.2210e-01  6.1000e-02 -3.6620e-01
 -9.2300e-02 -2.8910e-01  9.5560e-01]",114
206,1,"[[ 0.18914896 -0.30468069  0.32531931]
 [ 0.12594709 -0.0849974   0.5450026 ]
 [-0.25856647 -0.31517418  0.31482582]
 [ 0.25856647  0.31517418 -0.31482582]
 [-0.18914896  0.30468069 -0.32531931]
 [-0.12594709  0.0849974  -0.5450026 ]]","[1924. 2246.  925. 1879. 2253.  918. 1965. 2103. 1068. 2171. 2246.  925.
 2216. 2253.  918. 2130. 2103. 1068.]","[1919. 2230.  930. 1901. 2230.  930. 1986. 2102. 1069. 2176. 2230.  929.
 2204. 2229.  927. 2108. 2104. 1069.]","[-16.485    4.702   66.05     0.       0.1221  -0.3662  -0.0874  -0.2905
   0.9478]",114
207,1,"[[ 0.18441771 -0.30508496  0.32491504]
 [ 0.13631332 -0.08654218  0.54345782]
 [-0.26212944 -0.31470791  0.31529209]
 [ 0.26212944  0.31470791 -0.31529209]
 [-0.18441771  0.30508496 -0.32491504]
 [-0.13631332  0.08654218 -0.54345782]]","[1927. 2246.  925. 1877. 2253.  918. 1959. 2104. 1067. 2168. 2246.  925.
 2218. 2253.  918. 2136. 2104. 1067.]","[1922. 2231.  929. 1898. 2230.  931. 1979. 2103. 1069. 2173. 2230.  928.
 2207. 2229.  927. 2116. 2104. 1069.]","[-1.6485e+01  4.7080e+00  6.6028e+01  6.1000e-02  1.8310e-01 -4.2720e-01
 -7.4200e-02 -2.8660e-01  9.5560e-01]",114
208,1,"[[ 0.17961391 -0.3054866   0.3245134 ]
 [ 0.14644274 -0.08833093  0.54166907]
 [-0.2655497  -0.31422215  0.31577785]
 [ 0.2655497   0.31422215 -0.31577785]
 [-0.17961391  0.3054866  -0.3245134 ]
 [-0.14644274  0.08833093 -0.54166907]]","[1930. 2247.  924. 1874. 2252.  919. 1952. 2105. 1066. 2165. 2247.  924.
 2221. 2252.  919. 2143. 2105. 1066.]","[1925. 2232.  929. 1895. 2230.  931. 1972. 2103. 1068. 2170. 2230.  928.
 2208. 2229.  928. 2123. 2104. 1068.]","[-16.479    4.713   66.011    0.1221   0.3052  -0.3052  -0.0742  -0.2852
   0.9678]",114
209,1,"[[ 0.17473947 -0.30588543  0.32411457]
 [ 0.15632357 -0.09036832  0.53963168]
 [-0.26882591 -0.3137178   0.3162822 ]
 [ 0.26882591  0.3137178  -0.3162822 ]
 [-0.17473947  0.30588543 -0.32411457]
 [-0.15632357  0.09036832 -0.53963168]]","[1934. 2247.  924. 1872. 2252.  919. 1946. 2106. 1065. 2161. 2247.  924.
 2223. 2252.  919. 2149. 2106. 1065.]","[1928. 2232.  929. 1893. 2230.  931. 1965. 2104. 1067. 2168. 2230.  928.
 2211. 2229.  928. 2130. 2105. 1068.]","[-16.474    4.724   66.       0.2441   0.2441  -0.2441  -0.085   -0.2905
   0.9424]",114
210,1,"[[ 0.16979629 -0.30628128  0.32371872]
 [ 0.16594465 -0.09265882  0.53734118]
 [-0.27195681 -0.31319574  0.31680426]
 [ 0.27195681  0.31319574 -0.31680426]
 [-0.16979629  0.30628128 -0.32371872]
 [-0.16594465  0.09265882 -0.53734118]]","[1937. 2247.  924. 1870. 2252.  919. 1939. 2108. 1063. 2158. 2247.  924.
 2225. 2252.  919. 2156. 2108. 1063.]","[1932. 2233.  929. 1891. 2231.  930. 1959. 2105. 1066. 2164. 2230.  928.
 2213. 2229.  927. 2136. 2106. 1066.]","[-16.469    4.73    65.989    0.1221   0.1831  -0.1831  -0.0942  -0.2944
   0.9448]",114
211,1,"[[ 0.16478632 -0.30667396  0.32332604]
 [ 0.17529542 -0.09520669  0.53479331]
 [-0.2749412  -0.31265686  0.31734314]
 [ 0.2749412   0.31265686 -0.31734314]
 [-0.16478632  0.30667396 -0.32332604]
 [-0.17529542  0.09520669 -0.53479331]]","[1940. 2247.  924. 1868. 2251.  920. 1933. 2110. 1061. 2155. 2247.  924.
 2227. 2251.  920. 2162. 2110. 1061.]","[1935. 2232.  929. 1887. 2230.  930. 1952. 2106. 1066. 2162. 2230.  928.
 2216. 2229.  928. 2143. 2106. 1065.]","[-16.469    4.735   65.978    0.       0.1831  -0.3052  -0.0669  -0.2861
   0.9541]",114
212,1,"[[ 0.15971154 -0.30706331  0.32293669]
 [ 0.18436592 -0.098016    0.531984  ]
 [-0.27777799 -0.31210209  0.31789791]
 [ 0.27777799  0.31210209 -0.31789791]
 [-0.15971154  0.30706331 -0.32293669]
 [-0.18436592  0.098016   -0.531984  ]]","[1943. 2248.  923. 1866. 2251.  920. 1927. 2111. 1060. 2152. 2248.  923.
 2229. 2251.  920. 2168. 2111. 1060.]","[1939. 2233.  929. 1885. 2230.  930. 1943. 2109. 1063. 2157. 2230.  927.
 2219. 2229.  928. 2151. 2109. 1063.]","[-16.469    4.741   65.956    0.1221   0.1831  -0.3662  -0.0723  -0.2852
   0.9644]",114
213,1,"[[ 0.15457393 -0.30744915  0.32255085]
 [ 0.19314678 -0.10109062  0.52890938]
 [-0.28046616 -0.31153235  0.31846765]
 [ 0.28046616  0.31153235 -0.31846765]
 [-0.15457393  0.30744915 -0.32255085]
 [-0.19314678  0.10109062 -0.52890938]]","[1947. 2248.  923. 1865. 2251.  920. 1922. 2113. 1058. 2148. 2248.  923.
 2230. 2251.  920. 2173. 2113. 1058.]","[1942. 2233.  929. 1883. 2230.  931. 1937. 2110. 1061. 2154. 2230.  927.
 2221. 2229.  928. 2158. 2110. 1061.]","[-1.6463e+01  4.7350e+00  6.5945e+01  1.2210e-01  6.1000e-02 -3.6620e-01
 -7.9100e-02 -2.8270e-01  9.4240e-01]",114
214,1,"[[ 0.14937552 -0.3078313   0.3221687 ]
 [ 0.20162925 -0.10443418  0.52556582]
 [-0.28300477 -0.31094855  0.31905145]
 [ 0.28300477  0.31094855 -0.31905145]
 [-0.14937552  0.3078313  -0.3221687 ]
 [-0.20162925  0.10443418 -0.52556582]]","[1950. 2248.  923. 1863. 2250.  921. 1916. 2116. 1055. 2145. 2248.  923.
 2232. 2250.  921. 2179. 2116. 1055.]","[1944. 2233.  929. 1882. 2230.  930. 1933. 2111. 1060. 2152. 2231.  927.
 2223. 2229.  928. 2162. 2111. 1060.]","[-1.6463e+01  4.7350e+00  6.5929e+01  0.0000e+00  6.1000e-02 -3.6620e-01
 -8.1500e-02 -2.8220e-01  9.5610e-01]",114
215,1,"[[ 0.14411836 -0.30820961  0.32179039]
 [ 0.20980513 -0.10805008  0.52194992]
 [-0.28539297 -0.31035163  0.31964837]
 [ 0.28539297  0.31035163 -0.31964837]
 [-0.14411836  0.30820961 -0.32179039]
 [-0.20980513  0.10805008 -0.52194992]]","[1954. 2248.  923. 1861. 2250.  921. 1911. 2118. 1053. 2141. 2248.  923.
 2234. 2250.  921. 2184. 2118. 1053.]","[1948. 2233.  929. 1880. 2230.  931. 1927. 2113. 1058. 2149. 2231.  926.
 2225. 2228.  928. 2168. 2113. 1058.]","[-1.6463e+01  4.7350e+00  6.5901e+01  6.1000e-02  1.2210e-01 -5.4930e-01
 -8.5000e-02 -2.8560e-01  9.5360e-01]",114
216,1,"[[ 0.1388045  -0.30858391  0.32141609]
 [ 0.21766683 -0.11194149  0.51805851]
 [-0.28762996 -0.30974251  0.32025749]
 [ 0.28762996  0.30974251 -0.32025749]
 [-0.1388045   0.30858391 -0.32141609]
 [-0.21766683  0.11194149 -0.51805851]]","[1957. 2249.  922. 1860. 2249.  922. 1906. 2120. 1050. 2138. 2249.  922.
 2235. 2249.  922. 2189. 2120. 1050.]","[1951. 2233.  929. 1877. 2230.  931. 1922. 2116. 1056. 2146. 2231.  926.
 2227. 2228.  928. 2173. 2116. 1056.]","[-1.6463e+01  4.7350e+00  6.5885e+01 -1.2210e-01  6.1000e-02 -3.6620e-01
 -8.1100e-02 -2.8810e-01  9.5210e-01]",114
217,1,"[[ 0.13343605 -0.30895403  0.32104597]
 [ 0.22520732 -0.11611135  0.51388865]
 [-0.28971507 -0.30912215  0.32087785]
 [ 0.28971507  0.30912215 -0.32087785]
 [-0.13343605  0.30895403 -0.32104597]
 [-0.22520732  0.11611135 -0.51388865]]","[1961. 2249.  922. 1859. 2249.  922. 1901. 2123. 1048. 2134. 2249.  922.
 2236. 2249.  922. 2194. 2123. 1048.]","[1954. 2233.  928. 1876. 2230.  931. 1916. 2118. 1053. 2143. 2231.  926.
 2229. 2228.  928. 2178. 2118. 1053.]","[-16.469    4.735   65.869    0.       0.      -0.3662  -0.085   -0.291
   0.957 ]",114
218,1,"[[ 0.12801511 -0.30931981  0.32068019]
 [ 0.23242016 -0.12056233  0.50943767]
 [-0.29164767 -0.30849146  0.32150854]
 [ 0.29164767  0.30849146 -0.32150854]
 [-0.12801511  0.30931981 -0.32068019]
 [-0.23242016  0.12056233 -0.50943767]]","[1964. 2249.  922. 1857. 2249.  922. 1896. 2126. 1045. 2131. 2249.  922.
 2238. 2249.  922. 2199. 2126. 1045.]","[1959. 2233.  927. 1873. 2230.  931. 1909. 2121. 1050. 2138. 2231.  926.
 2231. 2228.  928. 2186. 2120. 1051.]","[-16.469    4.73    65.852    0.       0.      -0.3662  -0.083   -0.2891
   0.9492]",114
219,1,"[[ 0.12254382 -0.30968109  0.32031891]
 [ 0.23929943 -0.12529686  0.50470314]
 [-0.29342722 -0.30785138  0.32214862]
 [ 0.29342722  0.30785138 -0.32214862]
 [-0.12254382  0.30968109 -0.32031891]
 [-0.23929943  0.12529686 -0.50470314]]","[1968. 2249.  922. 1856. 2248.  923. 1892. 2129. 1042. 2127. 2249.  922.
 2239. 2248.  923. 2203. 2129. 1042.]","[1962. 2233.  927. 1872. 2230.  931. 1904. 2123. 1048. 2135. 2232.  926.
 2233. 2229.  928. 2191. 2123. 1048.]","[-1.6474e+01  4.7300e+00  6.5841e+01 -6.1000e-02  0.0000e+00 -3.0520e-01
 -8.4500e-02 -2.8960e-01  9.4780e-01]",114
220,1,"[[ 0.11702433 -0.31003772  0.31996228]
 [ 0.2458398  -0.13031709  0.49968291]
 [-0.29505328 -0.30720286  0.32279714]
 [ 0.29505328  0.30720286 -0.32279714]
 [-0.11702433  0.31003772 -0.31996228]
 [-0.2458398   0.13031709 -0.49968291]]","[1971. 2250.  921. 1855. 2248.  923. 1887. 2132. 1039. 2124. 2250.  921.
 2240. 2248.  923. 2208. 2132. 1039.]","[1965. 2233.  928. 1871. 2230.  931. 1900. 2127. 1045. 2132. 2232.  925.
 2235. 2228.  928. 2196. 2126. 1045.]","[-1.6479e+01  4.7300e+00  6.5830e+01 -6.1000e-02  0.0000e+00 -2.4410e-01
 -7.8100e-02 -2.8960e-01  9.5170e-01]",114
221,1,"[[ 0.1114588  -0.31038954  0.31961046]
 [ 0.25203645 -0.13562492  0.49437508]
 [-0.29652546 -0.30654681  0.32345319]
 [ 0.29652546  0.30654681 -0.32345319]
 [-0.1114588   0.31038954 -0.31961046]
 [-0.25203645  0.13562492 -0.49437508]]","[1975. 2250.  921. 1854. 2247.  924. 1883. 2136. 1035. 2120. 2250.  921.
 2241. 2247.  924. 2212. 2136. 1035.]","[1968. 2233.  927. 1869. 2230.  931. 1897. 2129. 1043. 2130. 2232.  925.
 2236. 2229.  928. 2199. 2129. 1043.]","[-1.6485e+01  4.7300e+00  6.5819e+01  0.0000e+00  6.1000e-02 -3.6620e-01
 -7.5200e-02 -2.8960e-01  9.6000e-01]",114
222,1,"[[ 0.10584943 -0.3107364   0.3192636 ]
 [ 0.2578851  -0.14122197  0.48877803]
 [-0.29784346 -0.30588416  0.32411584]
 [ 0.29784346  0.30588416 -0.32411584]
 [-0.10584943  0.3107364  -0.3192636 ]
 [-0.2578851   0.14122197 -0.48877803]]","[1978. 2250.  921. 1853. 2247.  924. 1879. 2140. 1031. 2117. 2250.  921.
 2242. 2247.  924. 2216. 2140. 1031.]","[1971. 2233.  927. 1868. 2230.  931. 1893. 2131. 1040. 2129. 2232.  925.
 2238. 2229.  928. 2203. 2131. 1040.]","[-16.485    4.724   65.797    0.       0.1221  -0.4272  -0.0737  -0.2886
   0.9492]",114
223,1,"[[ 0.10019843 -0.31107815  0.31892185]
 [ 0.26338201 -0.1471096   0.4828904 ]
 [-0.29900707 -0.30521583  0.32478417]
 [ 0.29900707  0.30521583 -0.32478417]
 [-0.10019843  0.31107815 -0.31892185]
 [-0.26338201  0.1471096  -0.4828904 ]]","[1982. 2250.  921. 1853. 2246.  924. 1876. 2143. 1028. 2113. 2250.  921.
 2242. 2246.  924. 2219. 2143. 1028.]","[1974. 2233.  927. 1867. 2230.  931. 1887. 2135. 1037. 2125. 2233.  925.
 2239. 2228.  929. 2208. 2135. 1036.]","[-1.6485e+01  4.7240e+00  6.5781e+01  0.0000e+00  6.1000e-02 -4.8830e-01
 -8.1100e-02 -2.9150e-01  9.5510e-01]",114
224,1,"[[ 0.09450801 -0.31141465  0.31858535]
 [ 0.26852392 -0.15328886  0.47671114]
 [-0.30001614 -0.30454274  0.32545726]
 [ 0.30001614  0.30454274 -0.32545726]
 [-0.09450801  0.31141465 -0.31858535]
 [-0.26852392  0.15328886 -0.47671114]]","[1986. 2251.  920. 1852. 2246.  925. 1872. 2147. 1024. 2109. 2251.  920.
 2243. 2246.  925. 2223. 2147. 1024.]","[1978. 2233.  928. 1866. 2230.  931. 1883. 2138. 1033. 2122. 2233.  925.
 2240. 2229.  929. 2212. 2138. 1034.]","[-16.49     4.724   65.764   -0.1221   0.      -0.3662  -0.083   -0.2856
   0.9482]",114
225,1,"[[ 0.08878042 -0.31174576  0.31825424]
 [ 0.27330809 -0.15976055  0.47023945]
 [-0.30087062 -0.30386579  0.32613421]
 [ 0.30087062  0.30386579 -0.32613421]
 [-0.08878042  0.31174576 -0.31825424]
 [-0.27330809  0.15976055 -0.47023945]]","[1990. 2251.  920. 1851. 2246.  925. 1869. 2152. 1019. 2105. 2251.  920.
 2244. 2246.  925. 2226. 2152. 1019.]","[1982. 2233.  927. 1865. 2230.  932. 1879. 2144. 1028. 2117. 2234.  924.
 2241. 2228.  930. 2217. 2143. 1029.]","[-16.501    4.719   65.748   -0.1831   0.      -0.2441  -0.0835  -0.2866
   0.9507]",114
226,1,"[[ 0.08301791 -0.31207132  0.31792868]
 [ 0.27773226 -0.16652515  0.46347485]
 [-0.30157053 -0.30318588  0.32681412]
 [ 0.30157053  0.30318588 -0.32681412]
 [-0.08301791  0.31207132 -0.31792868]
 [-0.27773226  0.16652515 -0.46347485]]","[1993. 2251.  920. 1851. 2245.  926. 1866. 2156. 1015. 2102. 2251.  920.
 2244. 2245.  926. 2229. 2156. 1015.]","[1984. 2233.  927. 1864. 2230.  932. 1876. 2146. 1026. 2113. 2233.  924.
 2241. 2228.  930. 2220. 2146. 1026.]","[-1.6507e+01  4.7190e+00  6.5742e+01 -6.1000e-02 -6.1000e-02 -6.1000e-02
 -9.2800e-02 -2.8860e-01  9.5510e-01]",114
227,1,"[[ 0.07722275 -0.31239121  0.31760879]
 [ 0.28179466 -0.17358288  0.45641712]
 [-0.30211607 -0.30250389  0.32749611]
 [ 0.30211607  0.30250389 -0.32749611]
 [-0.07722275  0.31239121 -0.31760879]
 [-0.28179466  0.17358288 -0.45641712]]","[1997. 2251.  920. 1851. 2245.  926. 1864. 2161. 1010. 2098. 2251.  920.
 2244. 2245.  926. 2231. 2161. 1010.]","[1987. 2233.  927. 1863. 2230.  934. 1873. 2150. 1022. 2110. 2233.  924.
 2243. 2228.  931. 2223. 2149. 1022.]","[-1.6512e+01  4.7130e+00  6.5737e+01 -1.8310e-01 -6.1000e-02  0.0000e+00
 -8.8900e-02 -2.8470e-01  9.4780e-01]",114
228,1,"[[ 0.0713972  -0.31270529  0.31729471]
 [ 0.28549398 -0.18093366  0.44906634]
 [-0.3025081  -0.30182071  0.32817929]
 [ 0.3025081   0.30182071 -0.32817929]
 [-0.0713972   0.31270529 -0.31729471]
 [-0.28549398  0.18093366 -0.44906634]]","[2001. 2251.  920. 1850. 2244.  927. 1861. 2165. 1006. 2094. 2251.  920.
 2245. 2244.  927. 2234. 2165. 1006.]","[1989. 2233.  927. 1862. 2230.  934. 1869. 2154. 1018. 2107. 2234.  924.
 2246. 2228.  931. 2226. 2154. 1017.]","[-16.523    4.713   65.742   -0.2441  -0.1221   0.      -0.085   -0.2842
   0.9507]",114
229,1,"[[ 0.06554358 -0.31301343  0.31698657]
 [ 0.28882936 -0.18857712  0.44142288]
 [-0.30274954 -0.30113718  0.32886282]
 [ 0.30274954  0.30113718 -0.32886282]
 [-0.06554358  0.31301343 -0.31698657]
 [-0.28882936  0.18857712 -0.44142288]]","[2005. 2252.  919. 1850. 2244.  927. 1859. 2170. 1001. 2090. 2252.  919.
 2245. 2244.  927. 2236. 2170. 1001.]","[1993. 2233.  926. 1861. 2230.  934. 1866. 2160. 1012. 2102. 2234.  924.
 2247. 2228.  932. 2230. 2159. 1012.]","[-16.529    4.713   65.742   -0.1221   0.       0.      -0.0845  -0.2861
   0.9604]",114
230,1,"[[ 0.05966417 -0.3133155   0.3166845 ]
 [ 0.29180039 -0.19651257  0.43348743]
 [-0.30282348 -0.30045408  0.32954592]
 [ 0.30282348  0.30045408 -0.32954592]
 [-0.05966417  0.3133155  -0.3166845 ]
 [-0.29180039  0.19651257 -0.43348743]]","[2009. 2252.  919. 1850. 2243.  928. 1857. 2176.  995. 2086. 2252.  919.
 2245. 2243.  928. 2238. 2176.  995.]","[1996. 2233.  926. 1860. 2230.  934. 1864. 2163. 1009. 2099. 2233.  924.
 2247. 2228.  932. 2232. 2163. 1008.]","[-1.6534e+01  4.7190e+00  6.5742e+01 -1.2210e-01  6.1000e-02 -6.1000e-02
 -6.0100e-02 -2.8660e-01  9.4870e-01]",114
231,1,"[[ 0.0537613  -0.31361137  0.31638863]
 [ 0.2944071  -0.20473905  0.42526095]
 [-0.30253239 -0.2997715   0.3302285 ]
 [ 0.30253239  0.2997715  -0.3302285 ]
 [-0.0537613   0.31361137 -0.31638863]
 [-0.2944071   0.20473905 -0.42526095]]","[2012. 2252.  919. 1850. 2243.  928. 1856. 2181.  990. 2083. 2252.  919.
 2245. 2243.  928. 2239. 2181.  990.]","[2000. 2233.  926. 1860. 2230.  935. 1861. 2168. 1004. 2095. 2234.  924.
 2247. 2228.  933. 2234. 2168. 1004.]","[-16.54     4.719   65.737   -0.1221   0.      -0.3662  -0.0742  -0.2949
   0.96  ]",114
232,1,"[[ 0.04783727 -0.31390092  0.31609908]
 [ 0.29664993 -0.21325531  0.41674469]
 [-0.30173869 -0.29908871  0.33091129]
 [ 0.30173869  0.29908871 -0.33091129]
 [-0.04783727  0.31390092 -0.31609908]
 [-0.29664993  0.21325531 -0.41674469]]","[2016. 2252.  919. 1851. 2242.  928. 1854. 2187.  984. 2079. 2252.  919.
 2244. 2242.  928. 2241. 2187.  984.]","[2003. 2233.  926. 1859. 2230.  935. 1859. 2173.  999. 2092. 2233.  924.
 2247. 2229.  934. 2236. 2173.  999.]","[-16.545    4.713   65.72    -0.2441   0.      -0.2441  -0.0815  -0.2935
   0.9414]",114
233,1,"[[ 0.04189444 -0.31418404  0.31581596]
 [ 0.29852973 -0.22205978  0.40794022]
 [-0.3004479  -0.29840623  0.33159377]
 [ 0.3004479   0.29840623 -0.33159377]
 [-0.04189444  0.31418404 -0.31581596]
 [-0.29852973  0.22205978 -0.40794022]]","[2020. 2252.  919. 1852. 2242.  929. 1853. 2192.  979. 2075. 2252.  919.
 2243. 2242.  929. 2242. 2192.  979.]","[2007. 2233.  926. 1859. 2230.  936. 1857. 2178.  994. 2089. 2233.  923.
 2247. 2228.  935. 2238. 2178.  992.]","[-1.6556e+01  4.7130e+00  6.5715e+01 -1.8310e-01 -6.1000e-02  0.0000e+00
 -9.2800e-02 -2.9830e-01  9.5650e-01]",114
234,1,"[[ 0.03593512 -0.3144606   0.3155394 ]
 [ 0.30004777 -0.2311506   0.3988494 ]
 [-0.29866726 -0.29772493  0.33227507]
 [ 0.29866726  0.29772493 -0.33227507]
 [-0.03593512  0.3144606  -0.3155394 ]
 [-0.30004777  0.2311506  -0.3988494 ]]","[2024. 2252.  918. 1853. 2242.  929. 1852. 2198.  973. 2071. 2252.  918.
 2242. 2242.  929. 2243. 2198.  973.]","[2011. 2233.  926. 1858. 2230.  936. 1856. 2184.  988. 2086. 2233.  923.
 2247. 2228.  935. 2239. 2184.  988.]","[-16.562    4.708   65.726   -0.1221  -0.1221   0.4272  -0.0918  -0.2998
   0.9531]",114
235,1,"[[ 0.02996166 -0.31473049  0.31526951]
 [ 0.30120568 -0.24052562  0.38947438]
 [-0.29640507 -0.29704572  0.33295428]
 [ 0.29640507  0.29704572 -0.33295428]
 [-0.02996166  0.31473049 -0.31526951]
 [-0.30120568  0.24052562 -0.38947438]]","[2028. 2253.  918. 1854. 2241.  930. 1851. 2204.  967. 2067. 2253.  918.
 2241. 2241.  930. 2244. 2204.  967.]","[2014. 2233.  926. 1859. 2230.  936. 1854. 2190.  982. 2083. 2233.  923.
 2247. 2228.  936. 2241. 2189.  982.]","[-16.567    4.713   65.748   -0.1221  -0.1221   0.6714  -0.0703  -0.3022
   0.9351]",114
236,1,"[[ 0.02397643 -0.31499361  0.31500639]
 [ 0.3020053  -0.25018239  0.37981761]
 [-0.29367073 -0.29636947  0.33363053]
 [ 0.29367073  0.29636947 -0.33363053]
 [-0.02397643  0.31499361 -0.31500639]
 [-0.3020053   0.25018239 -0.37981761]]","[2032. 2253.  918. 1856. 2241.  930. 1851. 2211.  960. 2063. 2253.  918.
 2239. 2241.  930. 2244. 2211.  960.]","[2017. 2233.  926. 1858. 2230.  937. 1853. 2195.  977. 2078. 2233.  923.
 2246. 2228.  936. 2242. 2194.  977.]","[-1.6573e+01  4.7130e+00  6.5770e+01 -6.1000e-02 -1.2210e-01  3.0520e-01
 -7.6200e-02 -2.9740e-01  9.6830e-01]",114
237,1,"[[ 0.01798176 -0.31524984  0.31475016]
 [ 0.30244704 -0.26011812  0.36988188]
 [-0.29047441 -0.29569708  0.33430292]
 [ 0.29047441  0.29569708 -0.33430292]
 [-0.01798176  0.31524984 -0.31475016]
 [-0.30244704  0.26011812 -0.36988188]]","[2036. 2253.  918. 1858. 2240.  931. 1850. 2217.  954. 2059. 2253.  918.
 2237. 2240.  931. 2245. 2217.  954.]","[2021. 2234.  926. 1858. 2230.  937. 1852. 2201.  972. 2075. 2233.  923.
 2246. 2228.  936. 2243. 2200.  974.]","[-1.6578e+01  4.7130e+00  6.5775e+01 -6.1000e-02  0.0000e+00  0.0000e+00
 -7.9100e-02 -2.8080e-01  9.4630e-01]",114
238,1,"[[ 0.01198001 -0.31549908  0.31450092]
 [ 0.30254801 -0.27032843  0.35967157]
 [-0.28682695 -0.29502944  0.33497056]
 [ 0.28682695  0.29502944 -0.33497056]
 [-0.01198001  0.31549908 -0.31450092]
 [-0.30254801  0.27032843 -0.35967157]]","[2040. 2253.  918. 1861. 2240.  931. 1850. 2224.  947. 2055. 2253.  918.
 2234. 2240.  931. 2245. 2224.  947.]","[2025. 2234.  926. 1859. 2230.  938. 1851. 2207.  965. 2071. 2234.  923.
 2246. 2228.  936. 2243. 2204.  968.]","[-16.589    4.713   65.775   -0.1831   0.      -0.1221  -0.0879  -0.2798
   0.958 ]",114
239,1,"[[ 0.00597356 -0.31574123  0.31425877]
 [ 0.30246829 -0.28078961  0.34921039]
 [-0.2827398  -0.29436745  0.33563255]
 [ 0.2827398   0.29436745 -0.33563255]
 [-0.00597356  0.31574123 -0.31425877]
 [-0.30246829  0.28078961 -0.34921039]]","[2044. 2253.  918. 1863. 2239.  932. 1850. 2231.  940. 2051. 2253.  918.
 2232. 2239.  932. 2245. 2231.  940.]","[2028. 2233.  926. 1859. 2230.  938. 1851. 2213.  959. 2068. 2234.  923.
 2245. 2228.  937. 2244. 2207.  962.]","[-16.6      4.713   65.77    -0.3052   0.      -0.1831  -0.0825  -0.2783
   0.9526]",114
240,1,"[[-3.52447074e-05 -3.15976197e-01  3.14023803e-01]
 [ 3.02319777e-01 -2.86978506e-01  3.43021494e-01]
 [-2.78224900e-01 -2.93711989e-01  3.36288011e-01]
 [ 2.78224900e-01  2.93711989e-01 -3.36288011e-01]
 [ 3.52447074e-05  3.15976197e-01 -3.14023803e-01]
 [-3.02319777e-01  2.86978506e-01 -3.43021494e-01]]","[2048. 2253.  917. 1866. 2239.  932. 1850. 2235.  936. 2047. 2253.  917.
 2229. 2239.  932. 2245. 2235.  936.]","[2031. 2233.  926. 1861. 2230.  939. 1851. 2220.  952. 2063. 2234.  923.
 2244. 2228.  938. 2244. 2214.  956.]","[-16.611    4.713   65.764   -0.3662   0.      -0.1221  -0.0815  -0.2876
   0.9492]",114
241,1,"[[-0.00604404 -0.31620388  0.31379612]
 [ 0.30210785 -0.28730432  0.34269568]
 [-0.27329469 -0.29306393  0.33693607]
 [ 0.27329469  0.29306393 -0.33693607]
 [ 0.00604404  0.31620388 -0.31379612]
 [-0.30210785  0.28730432 -0.34269568]]","[2051. 2254.  917. 1869. 2239.  932. 1851. 2235.  936. 2044. 2254.  917.
 2226. 2239.  932. 2244. 2235.  936.]","[2034. 2234.  926. 1861. 2230.  939. 1851. 2226.  946. 2060. 2236.  923.
 2242. 2228.  938. 2244. 2220.  950.]","[-1.6628e+01  4.7130e+00  6.5759e+01 -5.4930e-01 -6.1000e-02  0.0000e+00
 -8.1500e-02 -2.9000e-01  9.4730e-01]",114
242,1,"[[-0.01205045 -0.3164242   0.3135758 ]
 [ 0.30182758 -0.28763577  0.34236423]
 [-0.26796202 -0.29242415  0.33757585]
 [ 0.26796202  0.29242415 -0.33757585]
 [ 0.01205045  0.3164242  -0.3135758 ]
 [-0.30182758  0.28763577 -0.34236423]]","[2055. 2254.  917. 1873. 2238.  933. 1851. 2235.  936. 2040. 2254.  917.
 2222. 2238.  933. 2244. 2235.  936.]","[2037. 2233.  926. 1861. 2230.  938. 1851. 2230.  943. 2057. 2236.  923.
 2240. 2227.  939. 2244. 2224.  946.]","[-1.6661e+01  4.7020e+00  6.5764e+01 -9.7660e-01 -4.8830e-01  6.1000e-02
 -6.0500e-02 -2.9250e-01  9.5260e-01]",114
243,1,"[[-0.01805212 -0.31663707  0.31336293]
 [ 0.30147615 -0.28797266  0.34202734]
 [-0.26224015 -0.2917935   0.3382065 ]
 [ 0.26224015  0.2917935  -0.3382065 ]
 [ 0.01805212  0.31663707 -0.31336293]
 [-0.30147615  0.28797266 -0.34202734]]","[2059. 2254.  917. 1877. 2238.  933. 1851. 2235.  936. 2036. 2254.  917.
 2218. 2238.  933. 2244. 2235.  936.]","[2040. 2234.  926. 1864. 2230.  939. 1851. 2233.  940. 2054. 2236.  922.
 2238. 2228.  938. 2244. 2227.  943.]","[-1.6694e+01  4.6750e+00  6.5770e+01 -8.5450e-01 -6.7140e-01 -1.8310e-01
 -6.4500e-02 -2.7980e-01  1.0005e+00]",114
244,1,"[[-0.02404669 -0.31684239  0.31315761]
 [ 0.30105219 -0.2883148   0.3416852 ]
 [-0.2561427  -0.29117284  0.33882716]
 [ 0.2561427   0.29117284 -0.33882716]
 [ 0.02404669  0.31684239 -0.31315761]
 [-0.30105219  0.2883148  -0.3416852 ]]","[2063. 2254.  917. 1881. 2237.  934. 1851. 2235.  936. 2032. 2254.  917.
 2214. 2237.  934. 2244. 2235.  936.]","[2044. 2233.  926. 1868. 2230.  939. 1851. 2234.  938. 2048. 2236.  922.
 2234. 2228.  938. 2243. 2229.  941.]","[-16.699    4.664   65.764    0.6104   0.2441  -0.1831  -0.0742  -0.2954
   0.8481]",114
245,1,"[[-0.03003181 -0.31704009  0.31295991]
 [ 0.30055497 -0.28866198  0.34133802]
 [-0.24968358 -0.29056302  0.33943698]
 [ 0.24968358  0.29056302 -0.33943698]
 [ 0.03003181  0.31704009 -0.31295991]
 [-0.30055497  0.28866198 -0.34133802]]","[2067. 2254.  917. 1885. 2237.  934. 1852. 2236.  935. 2028. 2254.  917.
 2210. 2237.  934. 2243. 2236.  935.]","[2047. 2233.  926. 1870. 2230.  939. 1851. 2234.  937. 2045. 2236.  922.
 2230. 2228.  938. 2243. 2229.  940.]","[-16.71     4.658   65.77    -1.2817  -0.6714   0.3052  -0.103   -0.3022
   1.0493]",114
246,1,"[[-0.03600511 -0.3172301   0.3127699 ]
 [ 0.29998403 -0.289014    0.340986  ]
 [-0.24287702 -0.28996484  0.34003516]
 [ 0.24287702  0.28996484 -0.34003516]
 [ 0.03600511  0.3172301  -0.3127699 ]
 [-0.29998403  0.289014   -0.340986  ]]","[2071. 2254.  917. 1889. 2237.  934. 1852. 2236.  935. 2024. 2254.  917.
 2206. 2237.  934. 2243. 2236.  935.]","[2050. 2233.  926. 1873. 2230.  939. 1852. 2235.  936. 2042. 2236.  922.
 2227. 2228.  939. 2243. 2230.  940.]","[-1.6743e+01  4.6470e+00  6.5786e+01 -3.6620e-01 -1.2210e-01  3.6620e-01
 -4.7400e-02 -2.8760e-01  8.8480e-01]",114
247,1,"[[-0.04196425 -0.31741235  0.31258765]
 [ 0.29933901 -0.28937064  0.34062936]
 [-0.23573746 -0.28937914  0.34062086]
 [ 0.23573746  0.28937914 -0.34062086]
 [ 0.04196425  0.31741235 -0.31258765]
 [-0.29933901  0.28937064 -0.34062936]]","[2075. 2254.  917. 1894. 2236.  935. 1852. 2236.  935. 2020. 2254.  917.
 2201. 2236.  935. 2243. 2236.  935.]","[2054. 2233.  926. 1876. 2230.  939. 1851. 2235.  936. 2038. 2236.  922.
 2224. 2228.  938. 2243. 2231.  939.]","[-1.6760e+01  4.6360e+00  6.5797e+01 -5.4930e-01 -1.8310e-01 -6.1000e-02
 -9.7700e-02 -3.1490e-01  9.9510e-01]",114
248,1,"[[-0.04790688 -0.31758675  0.31241325]
 [ 0.29861963 -0.2897317   0.3402683 ]
 [-0.22827958 -0.2888067   0.3411933 ]
 [ 0.22827958  0.2888067  -0.3411933 ]
 [ 0.04790688  0.31758675 -0.31241325]
 [-0.29861963  0.2897317  -0.3402683 ]]","[2079. 2255.  916. 1899. 2236.  935. 1853. 2236.  935. 2016. 2255.  916.
 2196. 2236.  935. 2242. 2236.  935.]","[2056. 2233.  926. 1878. 2231.  939. 1851. 2235.  936. 2036. 2236.  922.
 2220. 2228.  938. 2243. 2231.  939.]","[-16.782    4.631   65.792   -0.3052   0.      -0.1221  -0.0796  -0.3052
   0.938 ]",114
249,1,"[[-0.05383067 -0.31775326  0.31224674]
 [ 0.29782563 -0.29009699  0.33990301]
 [-0.22051824 -0.28824831  0.34175169]
 [ 0.22051824  0.28824831 -0.34175169]
 [ 0.05383067  0.31775326 -0.31224674]
 [-0.29782563  0.29009699 -0.33990301]]","[2083. 2255.  916. 1904. 2235.  936. 1853. 2237.  934. 2012. 2255.  916.
 2191. 2235.  936. 2242. 2237.  934.]","[2061. 2234.  926. 1882. 2231.  940. 1851. 2236.  936. 2032. 2236.  921.
 2215. 2228.  938. 2243. 2231.  939.]","[-16.793    4.631   65.786   -0.2441   0.      -0.2441  -0.1016  -0.3198
   0.9507]",114
250,1,"[[-0.05973328 -0.31791179  0.31208821]
 [ 0.29695677 -0.29046628  0.33953372]
 [-0.21246844 -0.28770471  0.34229529]
 [ 0.21246844  0.28770471 -0.34229529]
 [ 0.05973328  0.31791179 -0.31208821]
 [-0.29695677  0.29046628 -0.33953372]]","[2086. 2255.  916. 1909. 2235.  936. 1854. 2237.  934. 2009. 2255.  916.
 2186. 2235.  936. 2241. 2237.  934.]","[2064. 2234.  926. 1887. 2231.  939. 1851. 2236.  935. 2029. 2236.  922.
 2211. 2228.  938. 2243. 2232.  938.]","[-1.6798e+01  4.6310e+00  6.5786e+01  0.0000e+00 -6.1000e-02  6.1000e-02
 -9.8100e-02 -3.0960e-01  9.5360e-01]",114
251,1,"[[-0.0656124  -0.31806231  0.31193769]
 [ 0.29601286 -0.29083938  0.33916062]
 [-0.20414532 -0.28717667  0.34282333]
 [ 0.20414532  0.28717667 -0.34282333]
 [ 0.0656124   0.31806231 -0.31193769]
 [-0.29601286  0.29083938 -0.33916062]]","[2090. 2255.  916. 1914. 2235.  936. 1855. 2237.  934. 2005. 2255.  916.
 2181. 2235.  936. 2240. 2237.  934.]","[2066. 2234.  925. 1890. 2231.  939. 1852. 2236.  935. 2027. 2236.  922.
 2208. 2228.  939. 2242. 2232.  938.]","[-1.6804e+01  4.6360e+00  6.5808e+01  6.1000e-02 -1.8310e-01  6.7140e-01
 -9.4200e-02 -3.0960e-01  9.4530e-01]",114
252,1,"[[-0.06958873 -0.31815776  0.31184224]
 [ 0.29530656 -0.291158    0.338842  ]
 [-0.19851517 -0.28694075  0.34305925]
 [ 0.19851517  0.28694075 -0.34305925]
 [ 0.06958873  0.31815776 -0.31184224]
 [-0.29530656  0.291158   -0.338842  ]]","[2093. 2255.  916. 1918. 2235.  936. 1855. 2237.  934. 2002. 2255.  916.
 2177. 2235.  936. 2240. 2237.  934.]","[2070. 2234.  924. 1894. 2230.  939. 1852. 2236.  935. 2023. 2236.  922.
 2203. 2228.  939. 2241. 2232.  938.]","[-16.804    4.647   65.852    0.1221  -0.3052   1.0986  -0.0859  -0.2944
   0.9478]",114
253,1,"[[-0.07542321 -0.31829483  0.31170517]
 [ 0.29423488 -0.29153729  0.33846271]
 [-0.18977138 -0.27336673  0.35663327]
 [ 0.18977138  0.27336673 -0.35663327]
 [ 0.07542321  0.31829483 -0.31170517]
 [-0.29423488  0.29153729 -0.33846271]]","[2097. 2255.  916. 1924. 2226.  945. 1856. 2238.  933. 1998. 2255.  916.
 2171. 2226.  945. 2239. 2238.  933.]","[2074. 2234.  923. 1898. 2230.  939. 1853. 2236.  935. 2020. 2236.  922.
 2198. 2227.  939. 2241. 2232.  936.]","[-1.6798e+01  4.6530e+00  6.5907e+01  6.1000e-02 -4.2720e-01  1.4038e+00
 -8.2000e-02 -2.8910e-01  9.4970e-01]",114
254,1,"[[-0.08122802 -0.31842372  0.31157628]
 [ 0.29308774 -0.2919198   0.3380802 ]
 [-0.18079483 -0.25711302  0.37288698]
 [ 0.18079483  0.25711302 -0.37288698]
 [ 0.08122802  0.31842372 -0.31157628]
 [-0.29308774  0.2919198  -0.3380802 ]]","[2100. 2255.  916. 1930. 2215.  956. 1856. 2238.  933. 1995. 2255.  916.
 2165. 2215.  956. 2239. 2238.  933.]","[2078. 2234.  923. 1902. 2229.  942. 1854. 2237.  935. 2017. 2236.  921.
 2193. 2225.  942. 2240. 2233.  936.]","[-16.798    4.658   65.973    0.      -0.4883   1.6479  -0.0913  -0.2881
   0.9443]",114
255,1,"[[-0.08700088 -0.31854441  0.31145559]
 [ 0.29186504 -0.29230533  0.33769467]
 [-0.17160089 -0.24145955  0.38854045]
 [ 0.17160089  0.24145955 -0.38854045]
 [ 0.08700088  0.31854441 -0.31145559]
 [-0.29186504  0.29230533 -0.33769467]]","[2104. 2255.  916. 1936. 2205.  966. 1857. 2238.  933. 1991. 2255.  916.
 2159. 2205.  966. 2238. 2238.  933.]","[2081. 2234.  922. 1906. 2225.  944. 1854. 2237.  936. 2013. 2236.  921.
 2188. 2221.  945. 2240. 2233.  936.]","[-16.793    4.664   66.05     0.      -0.4883   1.8311  -0.084   -0.2896
   0.9526]",114
256,1,"[[-0.09273952 -0.31865685  0.31134315]
 [ 0.29056667 -0.29269369  0.33730631]
 [-0.16220488 -0.22642768  0.40357232]
 [ 0.16220488  0.22642768 -0.40357232]
 [ 0.09273952  0.31865685 -0.31134315]
 [-0.29056667  0.29269369 -0.33730631]]","[2108. 2255.  916. 1942. 2195.  976. 1858. 2238.  933. 1987. 2255.  916.
 2153. 2195.  976. 2237. 2238.  933.]","[2084. 2234.  921. 1912. 2218.  950. 1855. 2237.  936. 2010. 2236.  922.
 2181. 2214.  948. 2239. 2233.  935.]","[-1.6793e+01  4.6750e+00  6.6116e+01 -1.2210e-01 -2.4410e-01  1.5259e+00
 -5.1800e-02 -2.8520e-01  9.4480e-01]",114
257,1,"[[-0.09844168 -0.318761    0.311239  ]
 [ 0.28919258 -0.29308468  0.33691532]
 [-0.15262214 -0.2120379   0.4179621 ]
 [ 0.15262214  0.2120379  -0.4179621 ]
 [ 0.09844168  0.318761   -0.311239  ]
 [-0.28919258  0.29308468 -0.33691532]]","[2112. 2255.  916. 1948. 2186.  985. 1859. 2239.  932. 1983. 2255.  916.
 2147. 2186.  985. 2236. 2239.  932.]","[2088. 2235.  921. 1922. 2214.  958. 1856. 2237.  935. 2005. 2236.  921.
 2174. 2207.  955. 2238. 2234.  933.]","[-16.782    4.691   66.171    0.4272   0.       1.4648  -0.1177  -0.2983
   0.9307]",114
258,1,"[[-0.10410511 -0.31885683  0.31114317]
 [ 0.28774272 -0.2934781   0.3365219 ]
 [-0.14286794 -0.19830979  0.43169021]
 [ 0.14286794  0.19830979 -0.43169021]
 [ 0.10410511  0.31885683 -0.31114317]
 [-0.28774272  0.2934781  -0.3365219 ]]","[2115. 2255.  916. 1954. 2177.  994. 1860. 2239.  932. 1980. 2255.  916.
 2141. 2177.  994. 2235. 2239.  932.]","[2092. 2235.  920. 1930. 2206.  967. 1860. 2234.  934. 2000. 2236.  920.
 2167. 2198.  963. 2236. 2234.  932.]","[-16.732    4.708   66.264    1.2207  -0.4272   2.5024  -0.0889  -0.2393
   1.0137]",114
259,1,"[[-0.1097276  -0.31894431  0.31105569]
 [ 0.28621706 -0.29387375  0.33612625]
 [-0.13295748 -0.185262    0.444738  ]
 [ 0.13295748  0.185262   -0.444738  ]
 [ 0.1097276   0.31894431 -0.31105569]
 [-0.28621706  0.29387375 -0.33612625]]","[2119. 2255.  916. 1961. 2168. 1003. 1861. 2239.  932. 1976. 2255.  916.
 2134. 2168. 1003. 2234. 2239.  932.]","[2096. 2235.  920. 1941. 2196.  976. 1861. 2234.  935. 1996. 2236.  919.
 2160. 2191.  973. 2235. 2234.  930.]","[-16.65     4.746   66.407    1.5259  -0.3662   3.9673  -0.1328  -0.1807
   0.9282]",114
260,1,"[[-0.11530693 -0.3190234   0.3109766 ]
 [ 0.28461563 -0.29427144  0.33572856]
 [-0.12290588 -0.17291223  0.45708777]
 [ 0.12290588  0.17291223 -0.45708777]
 [ 0.11530693  0.3190234  -0.3109766 ]
 [-0.28461563  0.29427144 -0.33572856]]","[2123. 2255.  915. 1967. 2160. 1011. 1862. 2239.  932. 1972. 2255.  915.
 2128. 2160. 1011. 2233. 2239.  932.]","[2101. 2234.  920. 1950. 2187.  984. 1861. 2234.  934. 1991. 2237.  917.
 2153. 2183.  983. 2233. 2234.  930.]","[-1.6545e+01  4.7520e+00  6.6616e+01  1.8311e+00 -1.8921e+00  5.4321e+00
 -3.1200e-02 -2.0020e-01  9.7710e-01]",114
261,1,"[[-0.1208409  -0.31909409  0.31090591]
 [ 0.28293844 -0.29467098  0.33532902]
 [-0.11272817 -0.16127718  0.46872282]
 [ 0.11272817  0.16127718 -0.46872282]
 [ 0.1208409   0.31909409 -0.31090591]
 [-0.28293844  0.29467098 -0.33532902]]","[2126. 2256.  915. 1974. 2153. 1018. 1863. 2240.  931. 1969. 2256.  915.
 2121. 2153. 1018. 2232. 2240.  931.]","[2107. 2234.  921. 1955. 2179.  993. 1862. 2234.  934. 1986. 2237.  917.
 2145. 2179.  992. 2231. 2234.  930.]","[-1.6441e+01  4.7520e+00  6.6791e+01  1.5869e+00 -9.7660e-01  3.7231e+00
  1.3700e-02 -2.3970e-01  1.0034e+00]",114
262,1,"[[-0.12632734 -0.31915636  0.31084364]
 [ 0.28118556 -0.29507217  0.33492783]
 [-0.10243923 -0.15037256  0.47962744]
 [ 0.10243923  0.15037256 -0.47962744]
 [ 0.12632734  0.31915636 -0.31084364]
 [-0.28118556  0.29507217 -0.33492783]]","[2130. 2256.  915. 1981. 2146. 1025. 1864. 2240.  931. 1965. 2256.  915.
 2114. 2146. 1025. 2231. 2240.  931.]","[2113. 2234.  921. 1959. 2171. 1001. 1862. 2234.  934. 1982. 2236.  917.
 2137. 2172. 1001. 2230. 2234.  931.]","[-1.6298e+01  4.7190e+00  6.6846e+01  3.1128e+00 -7.9350e-01  1.8310e-01
 -4.9300e-02 -2.6420e-01  9.9560e-01]",114
263,1,"[[-0.13176409 -0.31921019  0.31078981]
 [ 0.27935706 -0.29547482  0.33452518]
 [-0.09205381 -0.14021302  0.48978698]
 [ 0.09205381  0.14021302 -0.48978698]
 [ 0.13176409  0.31921019 -0.31078981]
 [-0.27935706  0.29547482 -0.33452518]]","[2133. 2256.  915. 1987. 2139. 1032. 1865. 2240.  931. 1962. 2256.  915.
 2108. 2139. 1032. 2230. 2240.  931.]","[2120. 2234.  921. 1965. 2163. 1010. 1863. 2233.  933. 1979. 2237.  917.
 2126. 2165. 1009. 2229. 2234.  933.]","[-16.166    4.68    66.769    2.9907   0.      -2.7466  -0.0869  -0.3228
   0.9429]",114
264,1,"[[-0.13714901 -0.31925556  0.31074444]
 [ 0.27745307 -0.29587875  0.33412125]
 [-0.08158652 -0.13081217  0.49918783]
 [ 0.08158652  0.13081217 -0.49918783]
 [ 0.13714901  0.31925556 -0.31074444]
 [-0.27745307  0.29587875 -0.33412125]]","[2137. 2256.  915. 1994. 2133. 1038. 1867. 2240.  931. 1958. 2256.  915.
 2101. 2133. 1038. 2228. 2240.  931.]","[2125. 2234.  921. 1973. 2155. 1017. 1864. 2233.  933. 1976. 2236.  917.
 2117. 2157. 1017. 2227. 2233.  934.]","[-16.051    4.658   66.588    2.9907   1.0986  -5.0049  -0.1377  -0.3398
   0.9492]",114
265,1,"[[-0.14247998 -0.31929248  0.31070752]
 [ 0.2754737  -0.29628376  0.33371624]
 [-0.07105177 -0.12218253  0.50781747]
 [ 0.07105177  0.12218253 -0.50781747]
 [ 0.14247998  0.31929248 -0.31070752]
 [-0.2754737   0.29628376 -0.33371624]]","[2140. 2256.  915. 2001. 2127. 1044. 1868. 2241.  930. 1955. 2256.  915.
 2094. 2127. 1044. 2227. 2241.  930.]","[2128. 2235.  920. 1980. 2148. 1024. 1865. 2233.  933. 1973. 2237.  918.
 2113. 2149. 1024. 2226. 2233.  935.]","[-15.952    4.658   66.379    3.1128   1.4038  -5.0049  -0.1768  -0.4019
   0.9185]",114
266,1,"[[-0.14775491 -0.31932093  0.31067907]
 [ 0.27341913 -0.29668968  0.33331032]
 [-0.06046381 -0.11433555  0.51566445]
 [ 0.06046381  0.11433555 -0.51566445]
 [ 0.14775491  0.31932093 -0.31067907]
 [-0.27341913  0.29668968 -0.33331032]]","[2144. 2256.  915. 2008. 2122. 1049. 1869. 2241.  930. 1951. 2256.  915.
 2087. 2122. 1049. 2226. 2241.  930.]","[2131. 2238.  920. 1989. 2140. 1032. 1867. 2233.  932. 1969. 2237.  918.
 2109. 2141. 1032. 2224. 2233.  934.]","[-15.941    4.68    66.253    0.9766   1.0376  -2.9297  -0.1431  -0.3892
   0.8862]",114
267,1,"[[-0.15297172 -0.31934096  0.31065904]
 [ 0.27128953 -0.29709631  0.33290369]
 [-0.0498367  -0.10728155  0.52271845]
 [ 0.0498367   0.10728155 -0.52271845]
 [ 0.15297172  0.31934096 -0.31065904]
 [-0.27128953  0.29709631 -0.33290369]]","[2147. 2256.  915. 2015. 2117. 1054. 1871. 2241.  930. 1948. 2256.  915.
 2080. 2117. 1054. 2224. 2241.  930.]","[2133. 2238.  920. 1996. 2134. 1038. 1868. 2233.  932. 1967. 2237.  917.
 2102. 2135. 1038. 2224. 2233.  933.]","[-1.5963e+01  4.7020e+00  6.6248e+01  1.8310e-01  1.8310e-01 -6.1000e-02
 -7.1300e-02 -3.1050e-01  9.7170e-01]",114
268,1,"[[-0.15812836 -0.3193527   0.3106473 ]
 [ 0.26908512 -0.29750347  0.33249653]
 [-0.03918425 -0.10102974  0.52897026]
 [ 0.03918425  0.10102974 -0.52897026]
 [ 0.15812836  0.3193527  -0.3106473 ]
 [-0.26908512  0.29750347 -0.33249653]]","[2151. 2256.  915. 2022. 2113. 1058. 1872. 2241.  930. 1944. 2256.  915.
 2073. 2113. 1058. 2223. 2241.  930.]","[2135. 2238.  920. 2001. 2129. 1043. 1869. 2233.  932. 1964. 2237.  918.
 2096. 2130. 1042. 2223. 2233.  933.]","[-1.5892e+01  4.7080e+00  6.6346e+01  2.1362e+00 -6.7140e-01  2.3804e+00
 -4.9000e-03 -3.1150e-01  1.0107e+00]",114
269,1,"[[-0.1632228  -0.31935637  0.31064363]
 [ 0.26680615 -0.29791098  0.33208902]
 [-0.0285201  -0.0955882   0.5344118 ]
 [ 0.0285201   0.0955882  -0.5344118 ]
 [ 0.1632228   0.31935637 -0.31064363]
 [-0.26680615  0.29791098 -0.33208902]]","[2154. 2256.  915. 2029. 2110. 1061. 1874. 2242.  929. 1941. 2256.  915.
 2066. 2110. 1061. 2221. 2242.  929.]","[2137. 2239.  920. 2009. 2124. 1047. 1871. 2233.  932. 1962. 2237.  918.
 2089. 2125. 1048. 2222. 2233.  932.]","[-1.5787e+01  4.6800e+00  6.6456e+01  2.9907e+00 -1.2207e+00  2.3804e+00
  3.4000e-03 -3.1010e-01  9.2330e-01]",114
270,1,"[[-0.16825303 -0.3193474   0.3106526 ]
 [ 0.26445288 -0.29831866  0.33168134]
 [-0.01785762 -0.09096386  0.53903614]
 [ 0.01785762  0.09096386 -0.53903614]
 [ 0.16825303  0.3193474  -0.3106526 ]
 [-0.26445288  0.29831866 -0.33168134]]","[2157. 2256.  915. 2036. 2107. 1064. 1875. 2242.  929. 1938. 2256.  915.
 2059. 2107. 1064. 2220. 2242.  929.]","[2141. 2239.  920. 2015. 2120. 1052. 1872. 2233.  932. 1959. 2237.  918.
 2081. 2120. 1052. 2221. 2233.  932.]","[-1.5721e+01  4.6530e+00  6.6500e+01  2.0752e+00 -6.7140e-01  1.0376e+00
 -1.0300e-02 -2.5100e-01  9.1940e-01]",114
271,1,"[[-0.17321709 -0.31930826  0.31069174]
 [ 0.26202559 -0.29872634  0.33127366]
 [-0.00720996 -0.0871625   0.5428375 ]
 [ 0.00720996  0.0871625  -0.5428375 ]
 [ 0.17321709  0.31930826 -0.31069174]
 [-0.26202559  0.29872634 -0.33127366]]","[2160. 2256.  915. 2043. 2104. 1067. 1877. 2242.  929. 1935. 2256.  915.
 2052. 2104. 1067. 2218. 2242.  929.]","[2145. 2239.  920. 2025. 2114. 1058. 1874. 2233.  932. 1954. 2238.  918.
 2070. 2115. 1058. 2219. 2233.  932.]","[-15.661    4.631   66.473    1.8311   0.      -0.7324  -0.0938  -0.2231
   0.9922]",114
272,1,"[[-0.17811301 -0.3192351   0.3107649 ]
 [ 0.25952462 -0.29913383  0.33086617]
 [ 0.00340999 -0.08418875  0.54581125]
 [-0.00340999  0.08418875 -0.54581125]
 [ 0.17811301  0.3192351  -0.3107649 ]
 [-0.25952462  0.29913383 -0.33086617]]","[2164. 2256.  915. 2050. 2102. 1069. 1878. 2243.  928. 1931. 2256.  915.
 2045. 2102. 1069. 2217. 2243.  928.]","[2146. 2239.  920. 2028. 2113. 1060. 1875. 2233.  932. 1951. 2238.  918.
 2067. 2114. 1060. 2219. 2233.  932.]","[-15.557    4.603   66.407    0.9766   0.      -0.6104  -0.1069  -0.2305
   0.9106]",114
273,1,"[[-0.18293887 -0.31913199  0.31086801]
 [ 0.25695031 -0.29954097  0.33045903]
 [ 0.01398958 -0.08204609  0.54795391]
 [-0.01398958  0.08204609 -0.54795391]
 [ 0.18293887  0.31913199 -0.31086801]
 [-0.25695031  0.29954097 -0.33045903]]","[2167. 2256.  915. 2057. 2101. 1070. 1880. 2243.  928. 1928. 2256.  915.
 2038. 2101. 1070. 2215. 2243.  928.]","[2150. 2239.  919. 2036. 2109. 1064. 1877. 2233.  931. 1947. 2238.  918.
 2058. 2110. 1063. 2216. 2233.  932.]","[-1.5557e+01  4.6090e+00  6.6401e+01 -1.2210e-01  6.1000e-02 -1.2210e-01
 -8.3500e-02 -2.2900e-01  9.6580e-01]",114
274,1,"[[-0.18769277 -0.31900006  0.31099994]
 [ 0.25430304 -0.29994758  0.33005242]
 [ 0.02451645 -0.08073722  0.54926278]
 [-0.02451645  0.08073722 -0.54926278]
 [ 0.18769277  0.31900006 -0.31099994]
 [-0.25430304  0.29994758 -0.33005242]]","[2170. 2255.  916. 2063. 2100. 1071. 1882. 2243.  928. 1925. 2255.  916.
 2032. 2100. 1071. 2213. 2243.  928.]","[2153. 2238.  920. 2045. 2106. 1066. 1879. 2233.  930. 1943. 2237.  918.
 2050. 2107. 1066. 2214. 2233.  932.]","[-1.5562e+01  4.6090e+00  6.6407e+01 -4.2720e-01 -6.1000e-02  1.2210e-01
 -6.7400e-02 -2.3440e-01  9.6630e-01]",114
275,1,"[[-0.19237285 -0.31883991  0.31116009]
 [ 0.2515832  -0.30035348  0.32964652]
 [ 0.03497849 -0.08027067  0.54972933]
 [-0.03497849  0.08027067 -0.54972933]
 [ 0.19237285  0.31883991 -0.31116009]
 [-0.2515832   0.30035348 -0.32964652]]","[2173. 2255.  916. 2070. 2100. 1071. 1883. 2243.  928. 1922. 2255.  916.
 2025. 2100. 1071. 2212. 2243.  928.]","[2156. 2239.  920. 2051. 2104. 1068. 1881. 2233.  930. 1941. 2237.  918.
 2044. 2105. 1068. 2212. 2233.  932.]","[-1.5584e+01  4.6030e+00  6.6412e+01 -7.9350e-01  0.0000e+00  6.1000e-02
 -6.0500e-02 -2.4800e-01  9.4430e-01]",114
276,1,"[[-0.19697725 -0.31865213  0.31134787]
 [ 0.24879124 -0.30075852  0.32924148]
 [ 0.04536388 -0.08062958  0.54937042]
 [-0.04536388  0.08062958 -0.54937042]
 [ 0.19697725  0.31865213 -0.31134787]
 [-0.24879124  0.30075852 -0.32924148]]","[2176. 2255.  916. 2077. 2100. 1071. 1885. 2244.  927. 1919. 2255.  916.
 2018. 2100. 1071. 2210. 2244.  927.]","[2158. 2239.  920. 2055. 2104. 1068. 1882. 2233.  930. 1939. 2238.  918.
 2040. 2105. 1069. 2211. 2233.  932.]","[-15.628    4.609   66.396   -1.2207   0.1831  -0.2441  -0.0742  -0.2554
   0.9541]",114
277,1,"[[-0.20150417 -0.31843735  0.31156265]
 [ 0.2459276  -0.30116251  0.32883749]
 [ 0.0556611  -0.08119145  0.54880855]
 [-0.0556611   0.08119145 -0.54880855]
 [ 0.20150417  0.31843735 -0.31156265]
 [-0.2459276   0.30116251 -0.32883749]]","[2179. 2255.  916. 2084. 2100. 1071. 1887. 2244.  927. 1916. 2255.  916.
 2011. 2100. 1071. 2208. 2244.  927.]","[2162. 2238.  921. 2062. 2103. 1069. 1884. 2233.  929. 1936. 2238.  918.
 2033. 2104. 1069. 2208. 2233.  932.]","[-15.672    4.614   66.379   -1.4038   0.2441  -0.4272  -0.0835  -0.269
   0.9673]",114
278,1,"[[-0.20595184 -0.31819621  0.31180379]
 [ 0.24299277 -0.30156531  0.32843469]
 [ 0.06585888 -0.08179314  0.54820686]
 [-0.06585888  0.08179314 -0.54820686]
 [ 0.20595184  0.31819621 -0.31180379]
 [-0.24299277  0.30156531 -0.32843469]]","[2182. 2255.  916. 2090. 2101. 1070. 1889. 2244.  927. 1913. 2255.  916.
 2005. 2101. 1070. 2206. 2244.  927.]","[2165. 2239.  921. 2070. 2102. 1070. 1886. 2233.  929. 1933. 2237.  918.
 2025. 2104. 1069. 2206. 2233.  932.]","[-15.71     4.614   66.363   -1.1597   0.1831  -0.3052  -0.0923  -0.2798
   0.959 ]",114
279,1,"[[-0.21031849 -0.31792936  0.31207064]
 [ 0.23998726 -0.30196674  0.32803326]
 [ 0.07594628 -0.08256676  0.54743324]
 [-0.07594628  0.08256676 -0.54743324]
 [ 0.21031849  0.31792936 -0.31207064]
 [-0.23998726  0.30196674 -0.32803326]]","[2185. 2255.  916. 2097. 2101. 1070. 1891. 2244.  927. 1910. 2255.  916.
 1998. 2101. 1070. 2204. 2244.  927.]","[2168. 2239.  921. 2076. 2103. 1069. 1887. 2233.  929. 1930. 2238.  919.
 2019. 2103. 1070. 2204. 2233.  932.]","[-1.5738e+01  4.6200e+00  6.6357e+01 -8.5450e-01  1.2210e-01 -6.1000e-02
 -8.6900e-02 -2.9390e-01  9.6040e-01]",114
280,1,"[[-0.21460242 -0.31763752  0.31236248]
 [ 0.23691161 -0.30236664  0.32763336]
 [ 0.08591265 -0.08354349  0.54645651]
 [-0.08591265  0.08354349 -0.54645651]
 [ 0.21460242  0.31763752 -0.31236248]
 [-0.23691161  0.30236664 -0.32763336]]","[2187. 2255.  916. 2104. 2102. 1069. 1893. 2245.  926. 1908. 2255.  916.
 1991. 2102. 1069. 2202. 2245.  926.]","[2171. 2239.  921. 2084. 2103. 1069. 1890. 2233.  928. 1926. 2238.  918.
 2011. 2103. 1070. 2202. 2234.  932.]","[-15.754    4.625   66.363   -0.3052   0.       0.3052  -0.0884  -0.292
   0.9521]",114
281,1,"[[-0.21880193 -0.3173214   0.3126786 ]
 [ 0.2337664  -0.30276485  0.32723515]
 [ 0.09574764 -0.08473239  0.54526761]
 [-0.09574764  0.08473239 -0.54526761]
 [ 0.21880193  0.3173214  -0.3126786 ]
 [-0.2337664   0.30276485 -0.32723515]]","[2190. 2254.  917. 2110. 2103. 1068. 1895. 2245.  926. 1905. 2254.  917.
 1985. 2103. 1068. 2200. 2245.  926.]","[2174. 2239.  921. 2091. 2103. 1069. 1892. 2233.  928. 1924. 2237.  919.
 2005. 2104. 1069. 2201. 2233.  932.]","[-1.5765e+01  4.6360e+00  6.6379e+01 -1.2210e-01 -6.1000e-02  5.4930e-01
 -7.8600e-02 -2.8220e-01  9.6140e-01]",114
282,1,"[[-0.22291538 -0.31698174  0.31301826]
 [ 0.23055221 -0.30316123  0.32683877]
 [ 0.1054412  -0.08613829  0.54386171]
 [-0.1054412   0.08613829 -0.54386171]
 [ 0.22291538  0.31698174 -0.31301826]
 [-0.23055221  0.30316123 -0.32683877]]","[2193. 2254.  917. 2116. 2104. 1067. 1897. 2245.  926. 1902. 2254.  917.
 1979. 2104. 1067. 2198. 2245.  926.]","[2176. 2239.  920. 2097. 2103. 1069. 1894. 2233.  927. 1921. 2238.  919.
 1998. 2104. 1069. 2199. 2233.  931.]","[-1.5765e+01  4.6420e+00  6.6401e+01  0.0000e+00 -1.2210e-01  4.2720e-01
 -6.3500e-02 -2.8120e-01  9.5460e-01]",114
283,1,"[[-0.22694114 -0.31661929  0.31338071]
 [ 0.22726967 -0.3035556   0.3264444 ]
 [ 0.11498359 -0.08776517  0.54223483]
 [-0.11498359  0.08776517 -0.54223483]
 [ 0.22694114  0.31661929 -0.31338071]
 [-0.22726967  0.3035556  -0.3264444 ]]","[2195. 2254.  917. 2122. 2105. 1066. 1899. 2245.  926. 1900. 2254.  917.
 1973. 2105. 1066. 2196. 2245.  926.]","[2178. 2238.  921. 2103. 2103. 1068. 1896. 2233.  928. 1918. 2238.  919.
 1992. 2104. 1068. 2197. 2233.  932.]","[-15.765    4.642   66.418   -0.1221   0.       0.2441  -0.0703  -0.2715
   0.9458]",114
284,1,"[[-0.23087764 -0.31623485  0.31376515]
 [ 0.22391943 -0.30394782  0.32605218]
 [ 0.1243654  -0.08961675  0.54038325]
 [-0.1243654   0.08961675 -0.54038325]
 [ 0.23087764  0.31623485 -0.31376515]
 [-0.22391943  0.30394782 -0.32605218]]","[2198. 2254.  917. 2129. 2106. 1065. 1902. 2246.  925. 1897. 2254.  917.
 1966. 2106. 1065. 2193. 2246.  925.]","[2182. 2238.  921. 2111. 2104. 1067. 1899. 2233.  928. 1915. 2237.  919.
 1984. 2104. 1067. 2194. 2233.  931.]","[-1.5771e+01  4.6420e+00  6.6423e+01 -3.0520e-01  0.0000e+00  6.1000e-02
 -7.7100e-02 -2.7290e-01  9.6090e-01]",114
285,1,"[[-0.23472332 -0.3158292   0.3141708 ]
 [ 0.22050216 -0.30433774  0.32566226]
 [ 0.1335775  -0.09169657  0.53830343]
 [-0.1335775   0.09169657 -0.53830343]
 [ 0.23472332  0.3158292  -0.3141708 ]
 [-0.22050216  0.30433774 -0.32566226]]","[2201. 2253.  918. 2135. 2107. 1064. 1904. 2246.  925. 1894. 2253.  918.
 1960. 2107. 1064. 2191. 2246.  925.]","[2184. 2238.  921. 2118. 2105. 1066. 1901. 2233.  927. 1912. 2238.  919.
 1977. 2105. 1066. 2192. 2233.  931.]","[-15.782    4.642   66.429   -0.2441   0.       0.1221  -0.0923  -0.272
   0.9561]",114
286,1,"[[-0.23847668 -0.31540315  0.31459685]
 [ 0.21701858 -0.30472521  0.32527479]
 [ 0.14261111 -0.09400808  0.53599192]
 [-0.14261111  0.09400808 -0.53599192]
 [ 0.23847668  0.31540315 -0.31459685]
 [-0.21701858  0.30472521 -0.32527479]]","[2203. 2253.  918. 2140. 2109. 1062. 1906. 2246.  925. 1892. 2253.  918.
 1955. 2109. 1062. 2189. 2246.  925.]","[2186. 2238.  921. 2124. 2106. 1065. 1903. 2233.  926. 1910. 2237.  920.
 1971. 2106. 1065. 2190. 2234.  930.]","[-1.5793e+01  4.6420e+00  6.6434e+01 -1.8310e-01 -6.1000e-02  3.6620e-01
 -8.1500e-02 -2.7200e-01  9.6090e-01]",114
287,1,"[[-0.24213623 -0.31495752  0.31504248]
 [ 0.2134694  -0.30511008  0.32488992]
 [ 0.15145774 -0.09655452  0.53344548]
 [-0.15145774  0.09655452 -0.53344548]
 [ 0.24213623  0.31495752 -0.31504248]
 [-0.2134694   0.30511008 -0.32488992]]","[2205. 2253.  918. 2146. 2110. 1061. 1908. 2246.  925. 1890. 2253.  918.
 1949. 2110. 1061. 2187. 2246.  925.]","[2189. 2239.  921. 2130. 2108. 1064. 1905. 2233.  926. 1906. 2237.  920.
 1965. 2108. 1064. 2188. 2233.  930.]","[-1.5798e+01  4.6470e+00  6.6451e+01 -1.8310e-01 -6.1000e-02  4.2720e-01
 -8.1500e-02 -2.6610e-01  9.5900e-01]",114
288,1,"[[-0.24570053 -0.31449315  0.31550685]
 [ 0.20985541 -0.3054922   0.3245078 ]
 [ 0.16010923 -0.09933904  0.53066096]
 [-0.16010923  0.09933904 -0.53066096]
 [ 0.24570053  0.31449315 -0.31550685]
 [-0.20985541  0.3054922  -0.3245078 ]]","[2208. 2253.  918. 2152. 2112. 1059. 1911. 2247.  924. 1887. 2253.  918.
 1943. 2112. 1059. 2184. 2247.  924.]","[2191. 2239.  921. 2135. 2109. 1062. 1907. 2233.  926. 1904. 2237.  921.
 1959. 2109. 1062. 2186. 2233.  930.]","[-1.5798e+01  4.6470e+00  6.6467e+01 -1.8310e-01 -6.1000e-02  3.6620e-01
 -7.8100e-02 -2.7100e-01  9.5650e-01]",114
289,1,"[[-0.2491682  -0.31401087  0.31598913]
 [ 0.20617737 -0.30587144  0.32412856]
 [ 0.16855773 -0.10236459  0.52763541]
 [-0.16855773  0.10236459 -0.52763541]
 [ 0.2491682   0.31401087 -0.31598913]
 [-0.20617737  0.30587144 -0.32412856]]","[2210. 2252.  919. 2157. 2114. 1057. 1913. 2247.  924. 1885. 2252.  919.
 1938. 2114. 1057. 2182. 2247.  924.]","[2195. 2239.  922. 2142. 2111. 1061. 1909. 2233.  926. 1902. 2237.  921.
 1953. 2111. 1060. 2184. 2234.  929.]","[-15.809    4.647   66.484   -0.4883   0.       0.3052  -0.0752  -0.2725
   0.9448]",114
290,1,"[[-0.25253785 -0.31351154  0.31648846]
 [ 0.2024361  -0.30624765  0.32375235]
 [ 0.17679572 -0.10563396  0.52436604]
 [-0.17679572  0.10563396 -0.52436604]
 [ 0.25253785  0.31351154 -0.31648846]
 [-0.2024361   0.30624765 -0.32375235]]","[2212. 2252.  919. 2163. 2116. 1055. 1916. 2247.  924. 1883. 2252.  919.
 1932. 2116. 1055. 2179. 2247.  924.]","[2197. 2238.  922. 2146. 2112. 1059. 1911. 2234.  926. 1900. 2237.  921.
 1949. 2112. 1059. 2182. 2234.  929.]","[-15.826    4.653   66.495   -0.7324   0.       0.1831  -0.0703  -0.2754
   0.957 ]",114
291,1,"[[-0.25580817 -0.31299601  0.31700399]
 [ 0.19863245 -0.30662069  0.32337931]
 [ 0.18481599 -0.1091498   0.5208502 ]
 [-0.18481599  0.1091498  -0.5208502 ]
 [ 0.25580817  0.31299601 -0.31700399]
 [-0.19863245  0.30662069 -0.32337931]]","[2214. 2252.  919. 2168. 2119. 1052. 1918. 2247.  924. 1881. 2252.  919.
 1927. 2119. 1052. 2177. 2247.  924.]","[2199. 2239.  922. 2153. 2115. 1057. 1915. 2233.  925. 1897. 2237.  922.
 1942. 2115. 1057. 2179. 2234.  929.]","[-1.5853e+01  4.6530e+00  6.6500e+01 -6.1040e-01  0.0000e+00  6.1000e-02
 -8.3500e-02 -2.7200e-01  9.6240e-01]",114
292,1,"[[-0.25897786 -0.31246515  0.31753485]
 [ 0.19476729 -0.30699044  0.32300956]
 [ 0.19261164 -0.11291455  0.51708545]
 [-0.19261164  0.11291455 -0.51708545]
 [ 0.25897786  0.31246515 -0.31753485]
 [-0.19476729  0.30699044 -0.32300956]]","[2216. 2251.  920. 2173. 2121. 1050. 1921. 2248.  923. 1879. 2251.  920.
 1922. 2121. 1050. 2174. 2248.  923.]","[2202. 2239.  922. 2157. 2116. 1055. 1916. 2233.  925. 1896. 2237.  921.
 1937. 2117. 1055. 2177. 2234.  929.]","[-15.87     4.658   66.506   -0.4883   0.       0.1221  -0.084   -0.2822
   0.9556]",114
293,1,"[[-0.26204569 -0.31191982  0.31808018]
 [ 0.1908415  -0.30735674  0.32264326]
 [ 0.20017611 -0.1169305   0.5130695 ]
 [-0.20017611  0.1169305  -0.5130695 ]
 [ 0.26204569  0.31191982 -0.31808018]
 [-0.1908415   0.30735674 -0.32264326]]","[2218. 2251.  920. 2178. 2124. 1047. 1923. 2248.  923. 1877. 2251.  920.
 1917. 2124. 1047. 2172. 2248.  923.]","[2205. 2238.  922. 2164. 2119. 1053. 1919. 2233.  925. 1893. 2237.  922.
 1931. 2119. 1052. 2174. 2235.  929.]","[-1.5892e+01  4.6580e+00  6.6506e+01 -6.1040e-01  6.1000e-02  0.0000e+00
 -8.4500e-02 -2.8520e-01  9.4780e-01]",114
294,1,"[[-0.26501045 -0.31136088  0.31863912]
 [ 0.18685601 -0.30771948  0.32228052]
 [ 0.20750314 -0.12119973  0.50880027]
 [-0.20750314  0.12119973 -0.50880027]
 [ 0.26501045  0.31136088 -0.31863912]
 [-0.18685601  0.30771948 -0.32228052]]","[2220. 2250.  920. 2183. 2127. 1044. 1926. 2248.  923. 1875. 2250.  920.
 1912. 2127. 1044. 2169. 2248.  923.]","[2206. 2238.  923. 2169. 2122. 1050. 1922. 2233.  925. 1890. 2237.  922.
 1926. 2122. 1050. 2171. 2235.  929.]","[-1.5914e+01  4.6640e+00  6.6506e+01 -5.4930e-01  1.2210e-01  6.1000e-02
 -8.0100e-02 -2.8170e-01  9.6190e-01]",114
295,1,"[[-0.26787096 -0.31078921  0.31921079]
 [ 0.18281176 -0.30807853  0.32192147]
 [ 0.21458678 -0.12572415  0.50427585]
 [-0.21458678  0.12572415 -0.50427585]
 [ 0.26787096  0.31078921 -0.31921079]
 [-0.18281176  0.30807853 -0.32192147]]","[2222. 2250.  921. 2187. 2129. 1042. 1928. 2248.  923. 1873. 2250.  921.
 1908. 2129. 1042. 2167. 2248.  923.]","[2208. 2238.  923. 2173. 2124. 1048. 1924. 2234.  924. 1889. 2237.  923.
 1922. 2124. 1048. 2170. 2235.  927.]","[-1.5936e+01  4.6690e+00  6.6506e+01 -2.4410e-01  0.0000e+00  1.2210e-01
 -6.4000e-02 -2.8660e-01  9.6920e-01]",114
296,1,"[[-0.27062611 -0.31020568  0.31979432]
 [ 0.17870973 -0.30843374  0.32156626]
 [ 0.22142142 -0.13050547  0.49949453]
 [-0.22142142  0.13050547 -0.49949453]
 [ 0.27062611  0.31020568 -0.31979432]
 [-0.17870973  0.30843374 -0.32156626]]","[2224. 2250.  921. 2192. 2133. 1038. 1931. 2249.  922. 1871. 2250.  921.
 1903. 2133. 1038. 2164. 2249.  922.]","[2210. 2238.  923. 2178. 2126. 1046. 1926. 2233.  925. 1885. 2237.  923.
 1917. 2126. 1046. 2167. 2235.  929.]","[-1.5947e+01  4.6690e+00  6.6511e+01 -2.4410e-01 -6.1000e-02  0.0000e+00
 -6.9300e-02 -2.7980e-01  9.3460e-01]",114
297,1,"[[-0.27327481 -0.30961115  0.32038885]
 [ 0.17455092 -0.30878501  0.32121499]
 [ 0.22800175 -0.13554521  0.49445479]
 [-0.22800175  0.13554521 -0.49445479]
 [ 0.27327481  0.30961115 -0.32038885]
 [-0.17455092  0.30878501 -0.32121499]]","[2226. 2249.  922. 2196. 2136. 1035. 1934. 2249.  922. 1869. 2249.  922.
 1899. 2136. 1035. 2161. 2249.  922.]","[2213. 2239.  924. 2183. 2129. 1043. 1929. 2234.  924. 1884. 2237.  923.
 1913. 2129. 1043. 2165. 2235.  927.]","[-1.5963e+01  4.6690e+00  6.6511e+01 -5.4930e-01  6.1000e-02 -6.1000e-02
 -8.1500e-02 -2.8170e-01  9.5410e-01]",114
298,1,"[[-0.27581601 -0.3090065   0.3209935 ]
 [ 0.17033635 -0.30913221  0.32086779]
 [ 0.23432276 -0.14084468  0.48915532]
 [-0.23432276  0.14084468 -0.48915532]
 [ 0.27581601  0.3090065  -0.3209935 ]
 [-0.17033635  0.30913221 -0.32086779]]","[2227. 2249.  922. 2200. 2139. 1032. 1936. 2249.  922. 1868. 2249.  922.
 1895. 2139. 1032. 2159. 2249.  922.]","[2214. 2238.  925. 2187. 2132. 1039. 1931. 2234.  924. 1882. 2237.  924.
 1908. 2132. 1040. 2162. 2235.  927.]","[-1.5985e+01  4.6690e+00  6.6500e+01 -4.2720e-01  6.1000e-02 -1.8310e-01
 -8.5000e-02 -2.8320e-01  9.7360e-01]",114
299,2,"[[-0.27824873 -0.30839258  0.32160742]
 [ 0.16606707 -0.30947521  0.32052479]
 [ 0.24037978 -0.14640499  0.48359501]
 [-0.24037978  0.14640499 -0.48359501]
 [ 0.27824873  0.30839258 -0.32160742]
 [-0.16606707  0.30947521 -0.32052479]]","[2229. 2249.  922. 2204. 2143. 1028. 1939. 2249.  922. 1866. 2249.  922.
 1891. 2143. 1028. 2156. 2249.  922.]","[2216. 2238.  925. 2192. 2136. 1037. 1934. 2234.  923. 1880. 2237.  924.
 1904. 2135. 1037. 2159. 2235.  927.]","[-1.5996e+01  4.6690e+00  6.6495e+01 -1.2210e-01  0.0000e+00 -6.1000e-02
 -9.0800e-02 -2.7830e-01  9.4630e-01]",114
300,2,"[[-0.28057199 -0.30777025  0.32222975]
 [ 0.16174416 -0.3098139   0.3201861 ]
 [ 0.24616841 -0.15222704  0.47777296]
 [-0.24616841  0.15222704 -0.47777296]
 [ 0.28057199  0.30777025 -0.32222975]
 [-0.16174416  0.3098139  -0.3201861 ]]","[2230. 2248.  923. 2208. 2147. 1024. 1942. 2249.  922. 1865. 2248.  923.
 1887. 2147. 1024. 2153. 2249.  922.]","[2218. 2239.  925. 2196. 2139. 1033. 1936. 2234.  924. 1878. 2237.  924.
 1899. 2138. 1034. 2156. 2236.  927.]","[-16.002    4.669   66.495   -0.3052   0.       0.1221  -0.082   -0.2832
   0.9468]",114
301,2,"[[-0.2827849  -0.30714038  0.32285962]
 [ 0.15736872 -0.31014816  0.31985184]
 [ 0.2516846  -0.15831152  0.47168848]
 [-0.2516846   0.15831152 -0.47168848]
 [ 0.2827849   0.30714038 -0.32285962]
 [-0.15736872  0.31014816 -0.31985184]]","[2232. 2248.  923. 2212. 2151. 1020. 1945. 2250.  921. 1863. 2248.  923.
 1883. 2151. 1020. 2150. 2250.  921.]","[2219. 2238.  925. 2199. 2142. 1030. 1939. 2234.  924. 1876. 2237.  925.
 1895. 2142. 1030. 2154. 2236.  927.]","[-16.024    4.675   66.506   -0.5493   0.       0.1831  -0.0791  -0.2803
   0.9507]",114
302,2,"[[-0.28488657 -0.3065038   0.3234962 ]
 [ 0.15294187 -0.31047789  0.31952211]
 [ 0.25692458 -0.1646589   0.4653411 ]
 [-0.25692458  0.1646589  -0.4653411 ]
 [ 0.28488657  0.3065038  -0.3234962 ]
 [-0.15294187  0.31047789 -0.31952211]]","[2233. 2247.  924. 2215. 2155. 1016. 1948. 2250.  921. 1862. 2247.  924.
 1880. 2155. 1016. 2147. 2250.  921.]","[2221. 2238.  925. 2203. 2146. 1026. 1942. 2235.  923. 1875. 2237.  925.
 1892. 2146. 1027. 2151. 2236.  926.]","[-1.6046e+01  4.6750e+00  6.6511e+01 -5.4930e-01  6.1000e-02  1.8310e-01
 -7.9100e-02 -2.7930e-01  9.5750e-01]",114
303,2,"[[-0.28687618 -0.30586137  0.32413863]
 [ 0.14846477 -0.31080296  0.31919704]
 [ 0.26188488 -0.17126946  0.45873054]
 [-0.26188488  0.17126946 -0.45873054]
 [ 0.28687618  0.30586137 -0.32413863]
 [-0.14846477  0.31080296 -0.31919704]]","[2235. 2247.  924. 2218. 2159. 1012. 1951. 2250.  921. 1860. 2247.  924.
 1877. 2159. 1012. 2144. 2250.  921.]","[2223. 2238.  926. 2207. 2150. 1022. 1944. 2235.  923. 1874. 2237.  926.
 1887. 2150. 1022. 2148. 2236.  926.]","[-1.6062e+01  4.6800e+00  6.6517e+01 -4.2720e-01  6.1000e-02  6.1000e-02
 -7.9100e-02 -2.8120e-01  9.6440e-01]",114
304,2,"[[-0.28875295 -0.30521391  0.32478609]
 [ 0.14393859 -0.31112327  0.31887673]
 [ 0.26656233 -0.17814322  0.45185678]
 [-0.26656233  0.17814322 -0.45185678]
 [ 0.28875295  0.30521391 -0.32478609]
 [-0.14393859  0.31112327 -0.31887673]]","[2236. 2246.  925. 2221. 2164. 1007. 1954. 2250.  921. 1859. 2246.  925.
 1874. 2164. 1007. 2141. 2250.  921.]","[2225. 2238.  927. 2211. 2154. 1019. 1947. 2236.  923. 1872. 2237.  926.
 1884. 2153. 1019. 2145. 2236.  926.]","[-16.078    4.686   66.517   -0.3662   0.1221   0.      -0.0776  -0.2793
   0.9536]",114
305,2,"[[-0.29051614 -0.30456226  0.32543774]
 [ 0.13936452 -0.31143871  0.31856129]
 [ 0.27095409 -0.18528001  0.44471999]
 [-0.27095409  0.18528001 -0.44471999]
 [ 0.29051614  0.30456226 -0.32543774]
 [-0.13936452  0.31143871 -0.31856129]]","[2237. 2246.  925. 2224. 2168. 1003. 1957. 2251.  920. 1858. 2246.  925.
 1871. 2168. 1003. 2138. 2251.  920.]","[2228. 2238.  927. 2214. 2158. 1014. 1950. 2236.  923. 1870. 2237.  927.
 1880. 2158. 1015. 2142. 2236.  926.]","[-1.6100e+01  4.6970e+00  6.6517e+01 -6.7140e-01  1.8310e-01  6.1000e-02
 -7.8100e-02 -2.7290e-01  9.4090e-01]",114
306,2,"[[-0.29216506 -0.30390723  0.32609277]
 [ 0.13474379 -0.31174917  0.31825083]
 [ 0.27505756 -0.19267943  0.43732057]
 [-0.27505756  0.19267943 -0.43732057]
 [ 0.29216506  0.30390723 -0.32609277]
 [-0.13474379  0.31174917 -0.31825083]]","[2238. 2246.  925. 2227. 2173.  998. 1960. 2251.  920. 1857. 2246.  925.
 1868. 2173.  998. 2135. 2251.  920.]","[2229. 2238.  927. 2218. 2162. 1010. 1953. 2236.  923. 1869. 2237.  927.
 1877. 2162. 1010. 2140. 2236.  926.]","[-1.6128e+01  4.7020e+00  6.6517e+01 -8.5450e-01  1.8310e-01  6.1000e-02
 -7.8600e-02 -2.7250e-01  9.5310e-01]",114
307,2,"[[-0.29369906 -0.30324962  0.32675038]
 [ 0.13007764 -0.31205456  0.31794544]
 [ 0.27887048 -0.20034085  0.42965915]
 [-0.27887048  0.20034085 -0.42965915]
 [ 0.29369906  0.30324962 -0.32675038]
 [-0.13007764  0.31205456 -0.31794544]]","[2239. 2245.  926. 2229. 2178.  993. 1963. 2251.  920. 1856. 2245.  926.
 1866. 2178.  993. 2132. 2251.  920.]","[2231. 2238.  928. 2221. 2167. 1005. 1956. 2236.  923. 1868. 2237.  927.
 1874. 2167. 1006. 2137. 2237.  925.]","[-1.6161e+01  4.7080e+00  6.6517e+01 -6.7140e-01  6.1000e-02  0.0000e+00
 -7.0800e-02 -2.7880e-01  9.6190e-01]",114
308,2,"[[-0.29511753 -0.30259025  0.32740975]
 [ 0.12536734 -0.31235478  0.31764522]
 [ 0.28239086 -0.20826341  0.42173659]
 [-0.28239086  0.20826341 -0.42173659]
 [ 0.29511753  0.30259025 -0.32740975]
 [-0.12536734  0.31235478 -0.31764522]]","[2240. 2245.  926. 2232. 2183.  988. 1966. 2251.  920. 1855. 2245.  926.
 1863. 2183.  988. 2129. 2251.  920.]","[2233. 2237.  928. 2224. 2171. 1001. 1959. 2236.  923. 1866. 2237.  927.
 1871. 2171. 1001. 2134. 2237.  925.]","[-1.6183e+01  4.7130e+00  6.6511e+01 -7.3240e-01  6.1000e-02 -1.2210e-01
 -7.9100e-02 -2.8420e-01  9.4680e-01]",114
309,2,"[[-0.29641992 -0.30192989  0.32807011]
 [ 0.12061418 -0.31264972  0.31735028]
 [ 0.28561699 -0.21644605  0.41355395]
 [-0.28561699  0.21644605 -0.41355395]
 [ 0.29641992  0.30192989 -0.32807011]
 [-0.12061418  0.31264972 -0.31735028]]","[2241. 2244.  927. 2234. 2189.  982. 1969. 2251.  920. 1854. 2244.  927.
 1861. 2189.  982. 2126. 2251.  920.]","[2234. 2237.  928. 2227. 2176.  996. 1962. 2236.  923. 1865. 2237.  928.
 1868. 2175.  996. 2131. 2237.  925.]","[-16.221    4.708   66.506   -1.0376   0.       0.      -0.085   -0.2837
   0.9473]",114
310,2,"[[-0.29760571 -0.30126931  0.32873069]
 [ 0.11581948 -0.3129393   0.3170607 ]
 [ 0.28854746 -0.22488744  0.40511256]
 [-0.28854746  0.22488744 -0.40511256]
 [ 0.29760571  0.30126931 -0.32873069]
 [-0.11581948  0.3129393  -0.3170607 ]]","[2242. 2244.  927. 2236. 2194.  977. 1972. 2252.  919. 1853. 2244.  927.
 1859. 2194.  977. 2123. 2252.  919.]","[2235. 2237.  929. 2229. 2181.  991. 1965. 2237.  922. 1863. 2237.  928.
 1866. 2181.  994. 2128. 2237.  925.]","[-16.26     4.708   66.511   -1.0986   0.       0.1221  -0.0801  -0.2866
   0.9541]",114
311,2,"[[-0.29867444 -0.3006093   0.3293907 ]
 [ 0.11098456 -0.31322342  0.31677658]
 [ 0.29118112 -0.23358606  0.39641394]
 [-0.29118112  0.23358606 -0.39641394]
 [ 0.29867444  0.3006093  -0.3293907 ]
 [-0.11098456  0.31322342 -0.31677658]]","[2242. 2243.  928. 2237. 2200.  971. 1975. 2252.  919. 1853. 2243.  928.
 1858. 2200.  971. 2120. 2252.  919.]","[2237. 2237.  929. 2232. 2186.  986. 1967. 2238.  922. 1862. 2237.  929.
 1864. 2185.  990. 2125. 2238.  925.]","[-16.304    4.713   66.511   -1.0376   0.       0.      -0.0762  -0.292
   0.9609]",114
312,2,"[[-0.29962568 -0.29995059  0.33004941]
 [ 0.10611078 -0.31350198  0.31649802]
 [ 0.29351712 -0.24254013  0.38745987]
 [-0.29351712  0.24254013 -0.38745987]
 [ 0.29962568  0.29995059 -0.33004941]
 [-0.10611078  0.31350198 -0.31649802]]","[2243. 2243.  928. 2239. 2206.  965. 1978. 2252.  919. 1852. 2243.  928.
 1856. 2206.  965. 2117. 2252.  919.]","[2237. 2236.  929. 2233. 2192.  980. 1971. 2239.  922. 1860. 2237.  929.
 1861. 2187.  984. 2122. 2238.  924.]","[-16.353    4.713   66.506   -1.2817   0.1221  -0.1221  -0.0884  -0.291
   0.937 ]",114
313,2,"[[-0.30045907 -0.29929392  0.33070608]
 [ 0.10119952 -0.31377491  0.31622509]
 [ 0.29555485 -0.25174766  0.37825234]
 [-0.29555485  0.25174766 -0.37825234]
 [ 0.30045907  0.29929392 -0.33070608]
 [-0.10119952  0.31377491 -0.31622509]]","[2243. 2243.  928. 2240. 2212.  959. 1982. 2252.  919. 1852. 2243.  928.
 1855. 2212.  959. 2113. 2252.  919.]","[2239. 2236.  929. 2235. 2197.  978. 1973. 2241.  921. 1860. 2236.  930.
 1860. 2191.  979. 2119. 2239.  925.]","[-1.6419e+01  4.7240e+00  6.6506e+01 -1.8311e+00  2.4410e-01  6.1000e-02
 -9.0300e-02 -2.8420e-01  9.4920e-01]",114
314,2,"[[-0.30117428 -0.29864003  0.33135997]
 [ 0.09625217 -0.31404211  0.31595789]
 [ 0.29729402 -0.26120643  0.36879357]
 [-0.29729402  0.26120643 -0.36879357]
 [ 0.30117428  0.29864003 -0.33135997]
 [-0.09625217  0.31404211 -0.31595789]]","[2244. 2242.  929. 2241. 2218.  953. 1985. 2252.  919. 1851. 2242.  929.
 1854. 2218.  953. 2110. 2252.  919.]","[2240. 2235.  930. 2237. 2197.  973. 1976. 2242.  921. 1859. 2236.  930.
 1859. 2196.  974. 2116. 2239.  925.]","[-16.485    4.735   66.511   -1.709    0.1831   0.3052  -0.0825  -0.2856
   0.9551]",114
315,2,"[[-0.30177105 -0.29798961  0.33201039]
 [ 0.09127015 -0.31430351  0.31569649]
 [ 0.29873455 -0.27091398  0.35908602]
 [-0.29873455  0.27091398 -0.35908602]
 [ 0.30177105  0.29798961 -0.33201039]
 [-0.09127015  0.31430351 -0.31569649]]","[2244. 2242.  929. 2242. 2224.  947. 1988. 2252.  919. 1851. 2242.  929.
 1853. 2224.  947. 2107. 2252.  919.]","[2241. 2235.  931. 2238. 2202.  968. 1978. 2243.  921. 1857. 2236.  930.
 1858. 2201.  970. 2113. 2239.  925.]","[-1.6562e+01  4.7410e+00  6.6511e+01 -2.0142e+00  0.0000e+00 -6.1000e-02
 -5.1800e-02 -2.8610e-01  9.6730e-01]",114
316,2,"[[-0.30224923 -0.29734338  0.33265662]
 [ 0.08625489 -0.31455902  0.31544098]
 [ 0.29987667 -0.28086762  0.34913238]
 [-0.29987667  0.28086762 -0.34913238]
 [ 0.30224923  0.29734338 -0.33265662]
 [-0.08625489  0.31455902 -0.31544098]]","[2245. 2241.  930. 2243. 2231.  940. 1991. 2253.  918. 1850. 2241.  930.
 1852. 2231.  940. 2104. 2253.  918.]","[2242. 2234.  931. 2239. 2207.  963. 1981. 2244.  921. 1857. 2236.  931.
 1857. 2205.  965. 2110. 2239.  925.]","[-1.6639e+01  4.7350e+00  6.6489e+01 -1.9531e+00  6.1000e-02 -6.7140e-01
 -8.0100e-02 -2.9490e-01  9.5460e-01]",114
317,2,"[[-0.30260912 -0.296702    0.333298  ]
 [ 0.08120781 -0.31480856  0.31519144]
 [ 0.30072082 -0.28696673  0.34303327]
 [-0.30072082  0.28696673 -0.34303327]
 [ 0.30260912  0.296702   -0.333298  ]
 [-0.08120781  0.31480856 -0.31519144]]","[2245. 2241.  930. 2244. 2235.  936. 1995. 2253.  918. 1850. 2241.  930.
 1851. 2235.  936. 2100. 2253.  918.]","[2243. 2235.  933. 2240. 2212.  959. 1985. 2245.  921. 1856. 2236.  931.
 1857. 2209.  962. 2107. 2240.  924.]","[-16.727    4.741   66.456   -2.1973   0.6104  -0.7324  -0.0747  -0.2993
   0.9512]",114
318,2,"[[-0.30285237 -0.29606615  0.33393385]
 [ 0.07613006 -0.31505205  0.31494795]
 [ 0.30126731 -0.28727984  0.34272016]
 [-0.30126731  0.28727984 -0.34272016]
 [ 0.30285237  0.29606615 -0.33393385]
 [-0.07613006  0.31505205 -0.31494795]]","[2245. 2241.  930. 2244. 2235.  936. 1998. 2253.  918. 1850. 2241.  930.
 1851. 2235.  936. 2097. 2253.  918.]","[2244. 2235.  934. 2241. 2215.  956. 1988. 2246.  920. 1854. 2237.  931.
 1856. 2212.  958. 2104. 2240.  925.]","[-1.6765e+01  4.7300e+00  6.6418e+01 -4.8830e-01 -6.1000e-02 -1.0376e+00
 -7.6200e-02 -3.1450e-01  1.0581e+00]",114
319,2,"[[-0.30297774 -0.29543643  0.33456357]
 [ 0.07102078 -0.31528944  0.31471056]
 [ 0.30151629 -0.28760004  0.34239996]
 [-0.30151629  0.28760004 -0.34239996]
 [ 0.30297774  0.29543643 -0.33456357]
 [-0.07102078  0.31528944 -0.31471056]]","[2245. 2240.  931. 2244. 2235.  936. 2001. 2253.  918. 1850. 2240.  931.
 1851. 2235.  936. 2094. 2253.  918.]","[2244. 2234.  935. 2242. 2216.  956. 1992. 2247.  920. 1854. 2237.  931.
 1856. 2214.  956. 2101. 2240.  925.]","[-16.765    4.702   66.368    0.1221  -0.2441  -1.3428  -0.0688  -0.3081
   0.8491]",114
320,2,"[[-0.30288885 -0.29481315  0.33518685]
 [ 0.0658684  -0.31552063  0.31447937]
 [ 0.30153182 -0.28792706  0.34207294]
 [-0.30153182  0.28792706 -0.34207294]
 [ 0.30288885  0.29481315 -0.33518685]
 [-0.0658684   0.31552063 -0.31447937]]","[2245. 2240.  931. 2244. 2235.  936. 2005. 2253.  918. 1850. 2240.  931.
 1851. 2235.  936. 2090. 2253.  918.]","[2245. 2234.  935. 2242. 2216.  955. 1994. 2247.  920. 1854. 2237.  931.
 1856. 2215.  955. 2098. 2240.  925.]","[-16.782    4.675   66.319   -0.2441  -0.1221  -1.4648  -0.0771  -0.3242
   0.9819]",114
321,2,"[[-0.30237735 -0.29419557  0.33580443]
 [ 0.06065264 -0.31574558  0.31425442]
 [ 0.30147729 -0.28825982  0.34174018]
 [-0.30147729  0.28825982 -0.34174018]
 [ 0.30237735  0.29419557 -0.33580443]
 [-0.06065264  0.31574558 -0.31425442]]","[2245. 2239.  932. 2244. 2235.  936. 2008. 2253.  918. 1850. 2239.  932.
 1851. 2235.  936. 2087. 2253.  918.]","[2246. 2235.  936. 2242. 2216.  955. 1997. 2247.  920. 1854. 2237.  932.
 1856. 2215.  954. 2095. 2239.  925.]","[-1.6793e+01  4.6640e+00  6.6270e+01  1.2210e-01  6.1000e-02 -1.1597e+00
 -1.0010e-01 -3.2320e-01  9.0480e-01]",114
322,2,"[[-0.30141521 -0.29358369  0.33641631]
 [ 0.05536839 -0.31596423  0.31403577]
 [ 0.30139463 -0.28859726  0.34140274]
 [-0.30139463  0.28859726 -0.34140274]
 [ 0.30141521  0.29358369 -0.33641631]
 [-0.05536839  0.31596423 -0.31403577]]","[2244. 2239.  932. 2244. 2236.  935. 2011. 2253.  917. 1851. 2239.  932.
 1851. 2236.  935. 2084. 2253.  917.]","[2246. 2235.  936. 2242. 2215.  955. 2001. 2247.  920. 1854. 2236.  932.
 1856. 2215.  954. 2092. 2239.  924.]","[-16.809    4.658   66.237   -0.1831   0.1221  -0.6104  -0.1226  -0.3208
   0.9536]",114
323,2,"[[-0.30000621 -0.2929783   0.3370217 ]
 [ 0.05001624 -0.31617652  0.31382348]
 [ 0.30127402 -0.28893903  0.34106097]
 [-0.30127402  0.28893903 -0.34106097]
 [ 0.30000621  0.2929783  -0.3370217 ]
 [-0.05001624  0.31617652 -0.31382348]]","[2243. 2238.  932. 2244. 2236.  935. 2015. 2254.  917. 1852. 2238.  932.
 1851. 2236.  935. 2080. 2254.  917.]","[2246. 2234.  936. 2242. 2216.  955. 2004. 2247.  920. 1854. 2236.  933.
 1856. 2215.  953. 2090. 2239.  924.]","[-16.82     4.664   66.231    0.1221   0.       0.      -0.0898  -0.3081
   0.9463]",114
324,2,"[[-0.29815258 -0.29238012  0.33761988]
 [ 0.04459745 -0.3163824   0.3136176 ]
 [ 0.30110625 -0.28928492  0.34071508]
 [-0.30110625  0.28928492 -0.34071508]
 [ 0.29815258  0.29238012 -0.33761988]
 [-0.04459745  0.3163824  -0.3136176 ]]","[2242. 2238.  933. 2244. 2236.  935. 2018. 2254.  917. 1853. 2238.  933.
 1851. 2236.  935. 2077. 2254.  917.]","[2246. 2234.  936. 2243. 2215.  955. 2008. 2247.  919. 1854. 2236.  933.
 1856. 2215.  954. 2090. 2240.  924.]","[-1.6820e+01  4.6750e+00  6.6231e+01  1.8310e-01  0.0000e+00  6.1000e-02
 -8.3500e-02 -3.0520e-01  9.4680e-01]",114
325,2,"[[-0.29585707 -0.29178984  0.33821016]
 [ 0.03911355 -0.31658182  0.31341818]
 [ 0.30088577 -0.28963474  0.34036526]
 [-0.30088577  0.28963474 -0.34036526]
 [ 0.29585707  0.29178984 -0.33821016]
 [-0.03911355  0.31658182 -0.31341818]]","[2240. 2238.  933. 2244. 2236.  935. 2022. 2254.  917. 1855. 2238.  933.
 1851. 2236.  935. 2073. 2254.  917.]","[2246. 2234.  936. 2243. 2215.  955. 2011. 2248.  919. 1854. 2236.  933.
 1856. 2215.  953. 2087. 2239.  924.]","[-16.826    4.68    66.237    0.1221   0.       0.1221  -0.0713  -0.2964
   0.9546]",114
326,2,"[[-0.29312308 -0.29120817  0.33879183]
 [ 0.03356625 -0.31677473  0.31322527]
 [ 0.30060919 -0.28998831  0.34001169]
 [-0.30060919  0.28998831 -0.34001169]
 [ 0.29312308  0.29120817 -0.33879183]
 [-0.03356625  0.31677473 -0.31322527]]","[2239. 2237.  934. 2243. 2237.  934. 2026. 2254.  917. 1856. 2237.  934.
 1852. 2237.  934. 2069. 2254.  917.]","[2245. 2234.  936. 2242. 2216.  955. 2015. 2248.  919. 1854. 2236.  933.
 1856. 2215.  954. 2083. 2240.  924.]","[-1.6826e+01  4.6800e+00  6.6242e+01  1.2210e-01  0.0000e+00  6.1000e-02
 -6.4900e-02 -2.9250e-01  9.4780e-01]",114
327,2,"[[-0.28995467 -0.29063578  0.33936422]
 [ 0.02795741 -0.31696108  0.31303892]
 [ 0.30027404 -0.29034543  0.33965457]
 [-0.30027404  0.29034543 -0.33965457]
 [ 0.28995467  0.29063578 -0.33936422]
 [-0.02795741  0.31696108 -0.31303892]]","[2237. 2237.  934. 2243. 2237.  934. 2029. 2254.  917. 1858. 2237.  934.
 1852. 2237.  934. 2066. 2254.  917.]","[2243. 2233.  935. 2242. 2216.  955. 2019. 2248.  919. 1855. 2235.  933.
 1856. 2215.  954. 2079. 2240.  924.]","[-16.831    4.686   66.242    0.       0.       0.      -0.0801  -0.2871
   0.9536]",114
328,2,"[[-0.28635653 -0.29007335  0.33992665]
 [ 0.022289   -0.31714082  0.31285918]
 [ 0.29987828 -0.29070592  0.33929408]
 [-0.29987828  0.29070592 -0.33929408]
 [ 0.28635653  0.29007335 -0.33992665]
 [-0.022289    0.31714082 -0.31285918]]","[2234. 2237.  934. 2243. 2237.  934. 2033. 2254.  917. 1861. 2237.  934.
 1852. 2237.  934. 2062. 2254.  917.]","[2242. 2233.  936. 2242. 2216.  954. 2022. 2248.  919. 1856. 2235.  933.
 1856. 2215.  954. 2076. 2239.  923.]","[-1.6837e+01  4.6800e+00  6.6242e+01 -6.1000e-02 -6.1000e-02 -6.1000e-02
 -8.5000e-02 -2.9100e-01  9.4920e-01]",114
329,2,"[[-0.28233398 -0.28952154  0.34047846]
 [ 0.01656316 -0.3173139   0.3126861 ]
 [ 0.29942001 -0.29106961  0.33893039]
 [-0.29942001  0.29106961 -0.33893039]
 [ 0.28233398  0.28952154 -0.34047846]
 [-0.01656316  0.3173139  -0.3126861 ]]","[2232. 2236.  935. 2243. 2237.  934. 2037. 2254.  917. 1863. 2236.  935.
 1852. 2237.  934. 2058. 2254.  917.]","[2240. 2233.  936. 2242. 2216.  954. 2026. 2248.  919. 1858. 2235.  934.
 1856. 2215.  953. 2072. 2240.  923.]","[-16.842    4.68    66.237    0.       0.      -0.1221  -0.0825  -0.2925
   0.9468]",114
330,2,"[[-0.277893   -0.28898103  0.34101897]
 [ 0.01078213 -0.31748027  0.31251973]
 [ 0.29889734 -0.29143633  0.33856367]
 [-0.29889734  0.29143633 -0.33856367]
 [ 0.277893    0.28898103 -0.34101897]
 [-0.01078213  0.31748027 -0.31251973]]","[2229. 2236.  935. 2242. 2237.  933. 2040. 2254.  917. 1866. 2236.  935.
 1853. 2237.  933. 2055. 2254.  917.]","[2238. 2232.  936. 2242. 2216.  954. 2029. 2248.  919. 1860. 2235.  934.
 1856. 2216.  953. 2069. 2240.  923.]","[-1.6848e+01  4.6800e+00  6.6231e+01 -6.1000e-02  0.0000e+00 -6.1000e-02
 -6.4000e-02 -2.9440e-01  9.5610e-01]",114
331,2,"[[-0.27304017 -0.28845244  0.34154756]
 [ 0.00494828 -0.31763989  0.31236011]
 [ 0.29830842 -0.29180589  0.33819411]
 [-0.29830842  0.29180589 -0.33819411]
 [ 0.27304017  0.28845244 -0.34154756]
 [-0.00494828  0.31763989 -0.31236011]]","[2225. 2236.  935. 2242. 2238.  933. 2044. 2255.  916. 1870. 2236.  935.
 1853. 2238.  933. 2051. 2255.  916.]","[2237. 2232.  937. 2242. 2216.  954. 2033. 2247.  919. 1862. 2234.  934.
 1856. 2216.  953. 2065. 2239.  923.]","[-1.6853e+01  4.6750e+00  6.6226e+01  0.0000e+00 -6.1000e-02 -6.1000e-02
 -8.1500e-02 -2.9740e-01  9.5510e-01]",114
332,2,"[[-0.26778268 -0.28793643  0.34206357]
 [-0.00093589 -0.3177927   0.3122073 ]
 [ 0.29765134 -0.29217812  0.33782188]
 [-0.29765134  0.29217812 -0.33782188]
 [ 0.26778268  0.28793643 -0.34206357]
 [ 0.00093589  0.3177927  -0.3122073 ]]","[2222. 2235.  936. 2242. 2238.  933. 2048. 2255.  916. 1873. 2235.  936.
 1853. 2238.  933. 2047. 2255.  916.]","[2235. 2232.  936. 2242. 2215.  954. 2036. 2248.  918. 1864. 2234.  934.
 1856. 2216.  953. 2062. 2239.  923.]","[-1.6859e+01  4.6800e+00  6.6226e+01 -6.1000e-02  0.0000e+00  0.0000e+00
 -9.7700e-02 -2.9640e-01  9.3900e-01]",114
333,2,"[[-0.26212831 -0.28743363  0.34256637]
 [-0.00686776 -0.31793867  0.31206133]
 [ 0.29692419 -0.29255287  0.33744713]
 [-0.29692419  0.29255287 -0.33744713]
 [ 0.26212831  0.28743363 -0.34256637]
 [ 0.00686776  0.31793867 -0.31206133]]","[2218. 2235.  936. 2241. 2238.  933. 2052. 2255.  916. 1877. 2235.  936.
 1854. 2238.  933. 2043. 2255.  916.]","[2232. 2232.  937. 2242. 2216.  954. 2041. 2249.  918. 1866. 2234.  935.
 1856. 2217.  953. 2058. 2239.  922.]","[-1.6870e+01  4.6800e+00  6.6231e+01 -1.8310e-01  0.0000e+00  6.1000e-02
 -7.6700e-02 -2.9830e-01  9.5750e-01]",114
334,2,"[[-0.25608546 -0.28694463  0.34305537]
 [-0.01284459 -0.31807775  0.31192225]
 [ 0.29612503 -0.29292995  0.33707005]
 [-0.29612503  0.29292995 -0.33707005]
 [ 0.25608546  0.28694463 -0.34305537]
 [ 0.01284459  0.31807775 -0.31192225]]","[2214. 2235.  936. 2241. 2238.  933. 2056. 2255.  916. 1881. 2235.  936.
 1854. 2238.  933. 2039. 2255.  916.]","[2230. 2231.  937. 2242. 2216.  953. 2044. 2249.  918. 1869. 2234.  935.
 1856. 2217.  953. 2055. 2239.  922.]","[-1.6875e+01  4.6800e+00  6.6231e+01 -1.2210e-01 -6.1000e-02  6.1000e-02
 -7.5200e-02 -3.0320e-01  9.4870e-01]",114
335,2,"[[-0.24966307 -0.27450852  0.35549148]
 [-0.01886351 -0.31820989  0.31179011]
 [ 0.2952519  -0.29330922  0.33669078]
 [-0.2952519   0.29330922 -0.33669078]
 [ 0.24966307  0.27450852 -0.35549148]
 [ 0.01886351  0.31820989 -0.31179011]]","[2210. 2226.  945. 2240. 2239.  932. 2060. 2255.  916. 1885. 2226.  945.
 1855. 2239.  932. 2035. 2255.  916.]","[2228. 2231.  938. 2242. 2216.  953. 2047. 2248.  918. 1872. 2233.  934.
 1856. 2217.  952. 2051. 2240.  923.]","[-1.6886e+01  4.6800e+00  6.6248e+01 -1.8310e-01 -6.1000e-02  3.0520e-01
 -7.6200e-02 -3.0180e-01  9.4870e-01]",114
336,2,"[[-0.24287066 -0.25918942  0.37081058]
 [-0.02492152 -0.31833505  0.31166495]
 [ 0.29430283 -0.2936905   0.3363095 ]
 [-0.29430283  0.2936905  -0.3363095 ]
 [ 0.24287066  0.25918942 -0.37081058]
 [ 0.02492152  0.31833505 -0.31166495]]","[2206. 2216.  955. 2239. 2239.  932. 2064. 2255.  916. 1889. 2216.  955.
 1856. 2239.  932. 2031. 2255.  916.]","[2225. 2228.  940. 2241. 2215.  952. 2051. 2248.  919. 1876. 2231.  936.
 1856. 2217.  952. 2048. 2239.  922.]","[-1.6891e+01  4.6800e+00  6.6264e+01 -6.1000e-02 -6.1000e-02  4.2720e-01
 -6.9300e-02 -2.9050e-01  9.4920e-01]",114
337,2,"[[-0.23571831 -0.24438954  0.38561046]
 [-0.03101554 -0.31845318  0.31154682]
 [ 0.29327583 -0.29407364  0.33592636]
 [-0.29327583  0.29407364 -0.33592636]
 [ 0.23571831  0.24438954 -0.38561046]
 [ 0.03101554  0.31845318 -0.31154682]]","[2201. 2207.  964. 2239. 2239.  932. 2068. 2255.  916. 1894. 2207.  964.
 1856. 2239.  932. 2027. 2255.  916.]","[2220. 2221.  941. 2241. 2216.  952. 2054. 2248.  918. 1880. 2227.  939.
 1857. 2217.  953. 2045. 2239.  923.]","[-1.6891e+01  4.6750e+00  6.6264e+01  0.0000e+00 -6.1000e-02  0.0000e+00
 -7.4700e-02 -2.9350e-01  9.5560e-01]",114
338,2,"[[-0.22821661 -0.23012744  0.39987256]
 [-0.03714233 -0.31856425  0.31143575]
 [ 0.2921689  -0.29445849  0.33554151]
 [-0.2921689   0.29445849 -0.33554151]
 [ 0.22821661  0.23012744 -0.39987256]
 [ 0.03714233  0.31856425 -0.31143575]]","[2196. 2198.  973. 2238. 2239.  932. 2072. 2255.  916. 1899. 2198.  973.
 1857. 2239.  932. 2023. 2255.  916.]","[2217. 2216.  945. 2241. 2216.  951. 2057. 2248.  918. 1884. 2223.  946.
 1858. 2217.  952. 2041. 2239.  922.]","[-16.891    4.658   66.248    0.      -0.2441  -0.4883  -0.0781  -0.2773
   0.9302]",114
339,2,"[[-0.22037667 -0.21642115  0.41357885]
 [-0.04329856 -0.31866821  0.31133179]
 [ 0.29098005 -0.29484488  0.33515512]
 [-0.29098005  0.29484488 -0.33515512]
 [ 0.22037667  0.21642115 -0.41357885]
 [ 0.04329856  0.31866821 -0.31133179]]","[2191. 2189.  982. 2237. 2240.  931. 2076. 2255.  916. 1904. 2189.  982.
 1858. 2240.  931. 2019. 2255.  916.]","[2212. 2210.  954. 2241. 2215.  950. 2061. 2248.  918. 1889. 2216.  954.
 1858. 2217.  953. 2038. 2239.  923.]","[-16.908    4.62    66.226   -0.3662  -0.7324  -0.8545  -0.0811  -0.27
   0.9434]",114
340,2,"[[-0.21221012 -0.20328812  0.42671188]
 [-0.04948079 -0.31876501  0.31123499]
 [ 0.28970727 -0.29523267  0.33476733]
 [-0.28970727  0.29523267 -0.33476733]
 [ 0.21221012  0.20328812 -0.42671188]
 [ 0.04948079  0.31876501 -0.31123499]]","[2186. 2180.  991. 2236. 2240.  931. 2080. 2255.  916. 1909. 2180.  991.
 1859. 2240.  931. 2015. 2255.  916.]","[2206. 2202.  963. 2240. 2215.  948. 2064. 2248.  918. 1893. 2208.  964.
 1859. 2217.  951. 2034. 2240.  922.]","[-16.924    4.592   66.209   -0.4883  -0.6104  -0.5493  -0.0815  -0.2798
   0.9897]",114
341,2,"[[-0.20372907 -0.1907452   0.4392548 ]
 [-0.05568544 -0.31885463  0.31114537]
 [ 0.28834858 -0.2956217   0.3343783 ]
 [-0.28834858  0.2956217  -0.3343783 ]
 [ 0.20372907  0.1907452  -0.4392548 ]
 [ 0.05568544  0.31885463 -0.31114537]]","[2180. 2172.  999. 2235. 2240.  931. 2084. 2255.  916. 1915. 2172.  999.
 1860. 2240.  931. 2011. 2255.  916.]","[2200. 2199.  972. 2238. 2215.  947. 2068. 2247.  919. 1900. 2200.  972.
 1860. 2217.  949. 2030. 2240.  922.]","[-1.6946e+01  4.5320e+00  6.6187e+01 -7.3240e-01 -1.1597e+00 -9.7660e-01
 -5.2700e-02 -2.3780e-01  8.5400e-01]",114
342,2,"[[-0.19494608 -0.17880864  0.45119136]
 [-0.06190886 -0.31893701  0.31106299]
 [ 0.286902   -0.29601183  0.33398817]
 [-0.286902    0.29601183 -0.33398817]
 [ 0.19494608  0.17880864 -0.45119136]
 [ 0.06190886  0.31893701 -0.31106299]]","[2175. 2164. 1007. 2235. 2240.  930. 2088. 2255.  916. 1920. 2164. 1007.
 1860. 2240.  930. 2007. 2255.  916.]","[2193. 2191.  981. 2233. 2215.  947. 2072. 2247.  919. 1906. 2191.  981.
 1861. 2217.  948. 2026. 2240.  922.]","[-17.012    4.471   66.149   -1.709   -1.2817  -1.4038  -0.1226  -0.269
   0.981 ]",114
343,2,"[[-0.18587416 -0.16749402  0.46250598]
 [-0.06814727 -0.31901213  0.31098787]
 [ 0.28536556 -0.29640292  0.33359708]
 [-0.28536556  0.29640292 -0.33359708]
 [ 0.18587416  0.16749402 -0.46250598]
 [ 0.06814727  0.31901213 -0.31098787]]","[2169. 2157. 1014. 2234. 2241.  930. 2092. 2255.  916. 1926. 2157. 1014.
 1861. 2241.  930. 2003. 2255.  916.]","[2186. 2183.  989. 2233. 2215.  947. 2077. 2247.  919. 1909. 2183.  990.
 1862. 2219.  946. 2020. 2241.  922.]","[-17.067    4.411   66.165   -1.8311  -1.77    -0.1221  -0.1675  -0.2412
   0.9976]",114
344,2,"[[-0.17652677 -0.15681629  0.47318371]
 [-0.07439681 -0.31907994  0.31092006]
 [ 0.28373731 -0.29679481  0.33320519]
 [-0.28373731  0.29679481 -0.33320519]
 [ 0.17652677  0.15681629 -0.47318371]
 [ 0.07439681  0.31907994 -0.31092006]]","[2163. 2150. 1021. 2232. 2241.  930. 2096. 2256.  915. 1932. 2150. 1021.
 1863. 2241.  930. 1999. 2256.  915.]","[2180. 2175.  999. 2232. 2216.  947. 2081. 2246.  918. 1914. 2175.  998.
 1863. 2220.  945. 2016. 2242.  922.]","[-1.7117e+01  4.3890e+00  6.6226e+01 -2.0142e+00 -1.0986e+00  1.2207e+00
 -2.2000e-02 -2.9100e-01  9.5310e-01]",114
345,2,"[[-0.16691776 -0.14678967  0.48321033]
 [-0.08065349 -0.31914041  0.31085959]
 [ 0.28201534 -0.29718737  0.33281263]
 [-0.28201534  0.29718737 -0.33281263]
 [ 0.16691776  0.14678967 -0.48321033]
 [ 0.08065349  0.31914041 -0.31085959]]","[2156. 2143. 1028. 2231. 2241.  930. 2100. 2256.  915. 1939. 2143. 1028.
 1864. 2241.  930. 1995. 2256.  915.]","[2173. 2167. 1006. 2232. 2215.  946. 2085. 2247.  918. 1920. 2167. 1006.
 1864. 2221.  943. 2012. 2243.  923.]","[-1.7172e+01  4.3670e+00  6.6270e+01 -1.7700e+00 -6.7140e-01 -4.2720e-01
 -2.9300e-02 -3.5740e-01  9.7950e-01]",114
346,2,"[[-0.15706136 -0.13742769  0.49257231]
 [-0.08691327 -0.3191935   0.3108065 ]
 [ 0.28019775 -0.29758045  0.33241955]
 [-0.28019775  0.29758045 -0.33241955]
 [ 0.15706136  0.13742769 -0.49257231]
 [ 0.08691327  0.3191935  -0.3108065 ]]","[2150. 2137. 1034. 2230. 2241.  929. 2104. 2256.  915. 1945. 2137. 1034.
 1865. 2241.  929. 1991. 2256.  915.]","[2165. 2160. 1014. 2230. 2216.  945. 2090. 2246.  918. 1926. 2160. 1013.
 1865. 2222.  943. 2008. 2243.  922.]","[-1.7227e+01  4.3450e+00  6.6253e+01 -8.5450e-01  0.0000e+00 -1.2207e+00
 -5.6600e-02 -3.6720e-01  9.5210e-01]",114
347,2,"[[-0.1469722  -0.12874316  0.50125684]
 [-0.09317196 -0.31923918  0.31076082]
 [ 0.2782827  -0.29797391  0.33202609]
 [-0.2782827   0.29797391 -0.33202609]
 [ 0.1469722   0.12874316 -0.50125684]
 [ 0.09317196  0.31923918 -0.31076082]]","[2143. 2131. 1040. 2229. 2242.  929. 2108. 2256.  915. 1952. 2131. 1040.
 1866. 2242.  929. 1987. 2256.  915.]","[2158. 2153. 1021. 2229. 2215.  944. 2093. 2247.  918. 1933. 2152. 1020.
 1866. 2222.  942. 2004. 2244.  923.]","[-1.7254e+01  4.3290e+00  6.6209e+01 -3.0520e-01  0.0000e+00 -8.5450e-01
 -5.7600e-02 -3.7060e-01  9.1890e-01]",114
348,2,"[[-0.1366652  -0.12074811  0.50925189]
 [-0.09942535 -0.31927741  0.31072259]
 [ 0.27626836 -0.29836762  0.33163238]
 [-0.27626836  0.29836762 -0.33163238]
 [ 0.1366652   0.12074811 -0.50925189]
 [ 0.09942535  0.31927741 -0.31072259]]","[2137. 2126. 1045. 2228. 2242.  929. 2112. 2256.  915. 1958. 2126. 1045.
 1867. 2242.  929. 1983. 2256.  915.]","[2154. 2145. 1027. 2228. 2215.  944. 2096. 2247.  919. 1939. 2146. 1026.
 1868. 2223.  942. 2000. 2244.  922.]","[-1.7276e+01  4.3120e+00  6.6176e+01 -1.8310e-01 -2.4410e-01 -5.4930e-01
 -5.8600e-02 -3.6520e-01  9.3650e-01]",114
349,2,"[[-0.12615567 -0.11345382  0.51654618]
 [-0.10566909 -0.31930817  0.31069183]
 [ 0.27415296 -0.29876143  0.33123857]
 [-0.27415296  0.29876143 -0.33123857]
 [ 0.12615567  0.11345382 -0.51654618]
 [ 0.10566909  0.31930817 -0.31069183]]","[2130. 2121. 1050. 2226. 2242.  929. 2116. 2256.  915. 1965. 2121. 1050.
 1869. 2242.  929. 1979. 2256.  915.]","[2151. 2140. 1033. 2228. 2216.  944. 2100. 2247.  918. 1945. 2139. 1033.
 1869. 2222.  943. 1997. 2244.  922.]","[-17.298    4.296   66.16     0.1831   0.      -0.3662  -0.083   -0.3379
   0.9561]",114
350,2,"[[-0.11545916 -0.10687077  0.52312923]
 [-0.11189878 -0.31933143  0.31066857]
 [ 0.2719348  -0.29915522  0.33084478]
 [-0.2719348   0.29915522 -0.33084478]
 [ 0.11545916  0.10687077 -0.52312923]
 [ 0.11189878  0.31933143 -0.31066857]]","[2123. 2117. 1054. 2225. 2243.  928. 2120. 2256.  915. 1972. 2117. 1054.
 1870. 2243.  928. 1975. 2256.  915.]","[2144. 2133. 1039. 2226. 2215.  944. 2102. 2247.  919. 1951. 2134. 1038.
 1870. 2222.  943. 1993. 2244.  922.]","[-1.7309e+01  4.2850e+00  6.6149e+01  3.6620e-01  0.0000e+00 -6.1000e-02
 -7.7600e-02 -3.0810e-01  9.3310e-01]",114
351,2,"[[-0.10459153 -0.10100864  0.52899136]
 [-0.11810993 -0.31934723  0.31065277]
 [ 0.26961219 -0.29954884  0.33045116]
 [-0.26961219  0.29954884 -0.33045116]
 [ 0.10459153  0.10100864 -0.52899136]
 [ 0.11810993  0.31934723 -0.31065277]]","[2116. 2113. 1058. 2223. 2243.  928. 2124. 2256.  915. 1979. 2113. 1058.
 1872. 2243.  928. 1971. 2256.  915.]","[2137. 2129. 1044. 2225. 2215.  944. 2106. 2246.  919. 1959. 2129. 1044.
 1871. 2222.  942. 1990. 2243.  922.]","[-1.7309e+01  4.2850e+00  6.6149e+01  6.1000e-02 -1.2210e-01  0.0000e+00
 -9.3300e-02 -2.9590e-01  9.3850e-01]",114
352,2,"[[-0.0935689  -0.09587627  0.53412373]
 [-0.124298   -0.31935575  0.31064425]
 [ 0.26718354 -0.29994217  0.33005783]
 [-0.26718354  0.29994217 -0.33005783]
 [ 0.0935689   0.09587627 -0.53412373]
 [ 0.124298    0.31935575 -0.31064425]]","[2108. 2110. 1061. 2222. 2243.  928. 2129. 2256.  915. 1987. 2110. 1061.
 1873. 2243.  928. 1966. 2256.  915.]","[2130. 2124. 1049. 2224. 2215.  944. 2109. 2247.  919. 1965. 2124. 1048.
 1872. 2222.  942. 1986. 2243.  922.]","[-17.32     4.279   66.149    0.      -0.1221   0.      -0.0728  -0.2822
   0.9624]",114
353,2,"[[-0.08240759 -0.09148167  0.53851833]
 [-0.13045837 -0.31935668  0.31064332]
 [ 0.2646473  -0.30033507  0.32966493]
 [-0.2646473   0.30033507 -0.32966493]
 [ 0.08240759  0.09148167 -0.53851833]
 [ 0.13045837  0.31935668 -0.31064332]]","[2101. 2107. 1064. 2220. 2243.  928. 2133. 2256.  915. 1994. 2107. 1064.
 1875. 2243.  928. 1962. 2256.  915.]","[2122. 2119. 1053. 2223. 2215.  944. 2113. 2247.  919. 1973. 2120. 1052.
 1874. 2222.  941. 1982. 2244.  922.]","[-17.331    4.274   66.143    0.       0.      -0.4883  -0.0732  -0.2749
   0.9644]",114
354,2,"[[-0.07112414 -0.087832    0.542168  ]
 [-0.13658635 -0.31934157  0.31065843]
 [ 0.26200201 -0.30072741  0.32927259]
 [-0.26200201  0.30072741 -0.32927259]
 [ 0.07112414  0.087832   -0.542168  ]
 [ 0.13658635  0.31934157 -0.31065843]]","[2094. 2105. 1066. 2218. 2244.  927. 2137. 2256.  915. 2001. 2105. 1066.
 1877. 2244.  927. 1958. 2256.  915.]","[2114. 2115. 1057. 2221. 2215.  944. 2116. 2246.  918. 1980. 2116. 1057.
 1875. 2222.  939. 1977. 2244.  922.]","[-17.331    4.274   66.121    0.       0.1831  -0.8545  -0.0762  -0.2856
   0.9487]",114
355,2,"[[-0.05973529 -0.08493354  0.54506646]
 [-0.14267721 -0.31929423  0.31070577]
 [ 0.25924626 -0.30111906  0.32888094]
 [-0.25924626  0.30111906 -0.32888094]
 [ 0.05973529  0.08493354 -0.54506646]
 [ 0.14267721  0.31929423 -0.31070577]]","[2086. 2103. 1068. 2217. 2244.  927. 2141. 2256.  915. 2009. 2103. 1068.
 1878. 2244.  927. 1954. 2256.  915.]","[2107. 2112. 1060. 2220. 2215.  944. 2120. 2247.  919. 1987. 2112. 1060.
 1877. 2223.  938. 1972. 2244.  922.]","[-17.336    4.268   66.083   -0.1831   0.1221  -0.9766  -0.0771  -0.2993
   0.9429]",114
356,2,"[[-0.0482579  -0.08279169  0.54720831]
 [-0.14872616 -0.31921593  0.31078407]
 [ 0.25637873 -0.30150988  0.32849012]
 [-0.25637873  0.30150988 -0.32849012]
 [ 0.0482579   0.08279169 -0.54720831]
 [ 0.14872616  0.31921593 -0.31078407]]","[2079. 2101. 1069. 2215. 2244.  927. 2144. 2256.  915. 2016. 2101. 1069.
 1880. 2244.  927. 1951. 2256.  915.]","[2099. 2110. 1063. 2218. 2215.  944. 2124. 2247.  919. 1994. 2110. 1063.
 1879. 2224.  937. 1968. 2244.  922.]","[-1.7347e+01  4.2680e+00  6.6044e+01 -2.4410e-01  6.1000e-02 -8.5450e-01
 -7.7600e-02 -3.1200e-01  9.5120e-01]",114
357,2,"[[-0.036709   -0.08141123  0.54858877]
 [-0.15472837 -0.3191095   0.3108905 ]
 [ 0.2533982  -0.30189975  0.32810025]
 [-0.2533982   0.30189975 -0.32810025]
 [ 0.036709    0.08141123 -0.54858877]
 [ 0.15472837  0.3191095  -0.3108905 ]]","[2071. 2101. 1070. 2213. 2244.  927. 2148. 2256.  915. 2024. 2101. 1070.
 1882. 2244.  927. 1947. 2256.  915.]","[2092. 2108. 1065. 2216. 2216.  944. 2127. 2247.  918. 2002. 2107. 1065.
 1882. 2224.  937. 1964. 2244.  922.]","[-1.7364e+01  4.2630e+00  6.6011e+01 -3.0520e-01  6.1000e-02 -6.7140e-01
 -6.4000e-02 -3.1250e-01  9.3950e-01]",114
358,2,"[[-0.02510569 -0.08080043  0.54919957]
 [-0.16067897 -0.31897572  0.31102428]
 [ 0.2503035  -0.30228854  0.32771146]
 [-0.2503035   0.30228854 -0.32771146]
 [ 0.02510569  0.08080043 -0.54919957]
 [ 0.16067897  0.31897572 -0.31102428]]","[2064. 2100. 1071. 2211. 2245.  926. 2152. 2255.  916. 2031. 2100. 1071.
 1884. 2245.  926. 1943. 2255.  916.]","[2085. 2106. 1067. 2214. 2215.  943. 2131. 2247.  919. 2009. 2105. 1067.
 1883. 2224.  936. 1960. 2245.  922.]","[-1.7380e+01  4.2570e+00  6.5989e+01 -3.0520e-01 -6.1000e-02 -6.1040e-01
 -6.2500e-02 -3.0910e-01  9.5120e-01]",114
359,2,"[[-0.01346517 -0.08097484  0.54902516]
 [-0.16657304 -0.31881508  0.31118492]
 [ 0.24709358 -0.30267613  0.32732387]
 [-0.24709358  0.30267613 -0.32732387]
 [ 0.01346517  0.08097484 -0.54902516]
 [ 0.16657304  0.31881508 -0.31118492]]","[2056. 2100. 1071. 2209. 2245.  926. 2156. 2255.  916. 2039. 2100. 1071.
 1886. 2245.  926. 1939. 2255.  916.]","[2078. 2105. 1069. 2212. 2215.  943. 2134. 2247.  919. 2018. 2104. 1068.
 1885. 2224.  936. 1956. 2245.  922.]","[-1.7391e+01  4.2460e+00  6.5967e+01 -1.8310e-01  0.0000e+00 -4.2720e-01
 -6.4000e-02 -3.1350e-01  9.6090e-01]",114
360,2,"[[-0.00180469 -0.08147287  0.54852713]
 [-0.17240565 -0.31862806  0.31137194]
 [ 0.24376748 -0.30306237  0.32693763]
 [-0.24376748  0.30306237 -0.32693763]
 [ 0.00180469  0.08147287 -0.54852713]
 [ 0.17240565  0.31862806 -0.31137194]]","[2049. 2101. 1070. 2206. 2245.  926. 2160. 2255.  916. 2046. 2101. 1070.
 1889. 2245.  926. 1935. 2255.  916.]","[2070. 2104. 1069. 2210. 2215.  942. 2137. 2247.  919. 2025. 2103. 1069.
 1887. 2224.  936. 1952. 2245.  922.]","[-17.402    4.246   65.951    0.       0.1221  -0.1831  -0.0679  -0.3091
   0.937 ]",114
361,2,"[[ 0.00985846 -0.08194504  0.54805496]
 [-0.17817184 -0.31841518  0.31158482]
 [ 0.24032435 -0.30344715  0.32655285]
 [-0.24032435  0.30344715 -0.32655285]
 [-0.00985846  0.08194504 -0.54805496]
 [ 0.17817184  0.31841518 -0.31158482]]","[2041. 2101. 1070. 2204. 2245.  926. 2164. 2255.  916. 2054. 2101. 1070.
 1891. 2245.  926. 1931. 2255.  916.]","[2063. 2104. 1069. 2207. 2215.  942. 2141. 2247.  918. 2032. 2103. 1069.
 1890. 2224.  935. 1948. 2245.  922.]","[-1.7402e+01  4.2410e+00  6.5945e+01 -1.2210e-01 -1.2210e-01 -1.8310e-01
 -6.0500e-02 -3.0370e-01  9.4340e-01]",114
362,2,"[[ 0.021507   -0.08254554  0.54745446]
 [-0.18386661 -0.31817697  0.31182303]
 [ 0.23676342 -0.30383033  0.32616967]
 [-0.23676342  0.30383033 -0.32616967]
 [-0.021507    0.08254554 -0.54745446]
 [ 0.18386661  0.31817697 -0.31182303]]","[2033. 2101. 1070. 2202. 2246.  925. 2167. 2255.  916. 2062. 2101. 1070.
 1893. 2246.  925. 1928. 2255.  916.]","[2055. 2103. 1069. 2206. 2215.  941. 2144. 2247.  919. 2040. 2103. 1069.
 1893. 2224.  935. 1943. 2245.  922.]","[-1.7413e+01  4.2300e+00  6.5934e+01 -6.1000e-02 -6.1000e-02 -3.6620e-01
 -7.2300e-02 -3.0710e-01  9.6390e-01]",114
363,2,"[[ 0.03312367 -0.0833176   0.5466824 ]
 [-0.18948499 -0.317914    0.312086  ]
 [ 0.23308405 -0.3042118   0.3257882 ]
 [-0.23308405  0.3042118  -0.3257882 ]
 [-0.03312367  0.0833176  -0.5466824 ]
 [ 0.18948499  0.317914   -0.312086  ]]","[2026. 2102. 1069. 2199. 2246.  925. 2171. 2255.  916. 2069. 2102. 1069.
 1896. 2246.  925. 1924. 2255.  916.]","[2048. 2103. 1069. 2203. 2215.  941. 2148. 2247.  919. 2047. 2103. 1069.
 1894. 2224.  934. 1940. 2245.  922.]","[-1.7419e+01  4.2240e+00  6.5923e+01  0.0000e+00  6.1000e-02 -3.6620e-01
 -7.3700e-02 -3.0370e-01  9.4240e-01]",114
364,2,"[[ 0.04469124 -0.08427416  0.54572584]
 [-0.19502196 -0.31762684  0.31237316]
 [ 0.2292857  -0.30459142  0.32540858]
 [-0.2292857   0.30459142 -0.32540858]
 [-0.04469124  0.08427416 -0.54572584]
 [ 0.19502196  0.31762684 -0.31237316]]","[2018. 2102. 1069. 2197. 2246.  925. 2175. 2255.  916. 2077. 2102. 1069.
 1898. 2246.  925. 1920. 2255.  916.]","[2040. 2104. 1069. 2201. 2215.  941. 2151. 2247.  919. 2054. 2103. 1069.
 1897. 2224.  933. 1936. 2245.  922.]","[-1.7419e+01  4.2240e+00  6.5907e+01 -6.1000e-02 -6.1000e-02 -2.4410e-01
 -8.2000e-02 -3.0660e-01  9.4380e-01]",114
365,2,"[[ 0.05619258 -0.08542181  0.54457819]
 [-0.20047253 -0.31731611  0.31268389]
 [ 0.22536797 -0.30496907  0.32503093]
 [-0.22536797  0.30496907 -0.32503093]
 [-0.05619258  0.08542181 -0.54457819]
 [ 0.20047253  0.31731611 -0.31268389]]","[2011. 2103. 1068. 2194. 2246.  925. 2178. 2254.  917. 2084. 2103. 1068.
 1901. 2246.  925. 1917. 2254.  917.]","[2033. 2103. 1069. 2199. 2215.  941. 2155. 2247.  919. 2061. 2103. 1068.
 1899. 2224.  933. 1932. 2245.  922.]","[-1.7424e+01  4.2190e+00  6.5901e+01 -1.2210e-01 -6.1000e-02 -1.8310e-01
 -7.1300e-02 -3.0520e-01  9.5260e-01]",114
366,2,"[[ 0.06761064 -0.08676587  0.54323413]
 [-0.2058317  -0.31698243  0.31301757]
 [ 0.22133054 -0.30534461  0.32465539]
 [-0.22133054  0.30534461 -0.32465539]
 [-0.06761064  0.08676587 -0.54323413]
 [ 0.2058317   0.31698243 -0.31301757]]","[2003. 2104. 1067. 2192. 2247.  924. 2182. 2254.  917. 2092. 2104. 1067.
 1903. 2247.  924. 1913. 2254.  917.]","[2025. 2104. 1069. 2196. 2215.  941. 2158. 2247.  919. 2069. 2103. 1068.
 1902. 2225.  933. 1928. 2245.  922.]","[-1.7430e+01  4.2130e+00  6.5896e+01 -6.1000e-02  0.0000e+00 -1.8310e-01
 -7.8600e-02 -3.0180e-01  9.5070e-01]",114
367,2,"[[ 0.07892849 -0.08831137  0.54168863]
 [-0.21109449 -0.31662646  0.31337354]
 [ 0.21717324 -0.30571793  0.32428207]
 [-0.21717324  0.30571793 -0.32428207]
 [-0.07892849  0.08831137 -0.54168863]
 [ 0.21109449  0.31662646 -0.31337354]]","[1996. 2105. 1066. 2189. 2247.  924. 2185. 2254.  917. 2099. 2105. 1066.
 1906. 2247.  924. 1910. 2254.  917.]","[2017. 2104. 1067. 2194. 2215.  941. 2162. 2247.  919. 2076. 2104. 1068.
 1904. 2225.  932. 1924. 2245.  922.]","[-17.441    4.213   65.885   -0.1831   0.      -0.1221  -0.0781  -0.3105
   0.9385]",114
368,2,"[[ 0.09012937 -0.09006325  0.53993675]
 [-0.21625593 -0.31624884  0.31375116]
 [ 0.21289602 -0.3060889   0.3239111 ]
 [-0.21289602  0.3060889  -0.3239111 ]
 [-0.09012937  0.09006325 -0.53993675]
 [ 0.21625593  0.31624884 -0.31375116]]","[1989. 2106. 1065. 2186. 2247.  924. 2188. 2254.  917. 2106. 2106. 1065.
 1909. 2247.  924. 1907. 2254.  917.]","[2009. 2104. 1067. 2191. 2215.  940. 2165. 2247.  919. 2084. 2104. 1067.
 1906. 2226.  932. 1921. 2245.  922.]","[-17.452    4.213   65.885   -0.2441  -0.1221   0.      -0.0747  -0.3086
   0.9463]",114
369,2,"[[ 0.10119667 -0.09202641  0.53797359]
 [-0.22131108 -0.31585028  0.31414972]
 [ 0.20849897 -0.30645739  0.32354261]
 [-0.20849897  0.30645739 -0.32354261]
 [-0.10119667  0.09202641 -0.53797359]
 [ 0.22131108  0.31585028 -0.31414972]]","[1982. 2107. 1063. 2183. 2247.  924. 2192. 2253.  918. 2113. 2107. 1063.
 1912. 2247.  924. 1903. 2253.  918.]","[2002. 2105. 1066. 2189. 2215.  941. 2169. 2247.  919. 2092. 2105. 1066.
 1909. 2226.  932. 1917. 2245.  922.]","[-1.7463e+01  4.2080e+00  6.5896e+01 -3.6620e-01 -1.8310e-01  3.0520e-01
 -6.4500e-02 -3.1840e-01  9.4530e-01]",114
370,2,"[[ 0.112114   -0.09420565  0.53579435]
 [-0.22625504 -0.31543147  0.31456853]
 [ 0.2039823  -0.30682328  0.32317672]
 [-0.2039823   0.30682328 -0.32317672]
 [-0.112114    0.09420565 -0.53579435]
 [ 0.22625504  0.31543147 -0.31456853]]","[1974. 2109. 1062. 2180. 2248.  923. 2195. 2253.  918. 2121. 2109. 1062.
 1915. 2248.  923. 1900. 2253.  918.]","[1995. 2105. 1065. 2186. 2215.  940. 2173. 2247.  919. 2099. 2106. 1065.
 1912. 2226.  933. 1914. 2245.  922.]","[-1.7479e+01  4.2080e+00  6.5912e+01 -1.2210e-01 -1.8310e-01  3.0520e-01
 -5.7600e-02 -3.0660e-01  9.5950e-01]",114
371,2,"[[ 0.12286516 -0.09660573  0.53339427]
 [-0.2310829  -0.31499312  0.31500688]
 [ 0.19934633 -0.30718643  0.32281357]
 [-0.19934633  0.30718643 -0.32281357]
 [-0.12286516  0.09660573 -0.53339427]
 [ 0.2310829   0.31499312 -0.31500688]]","[1967. 2110. 1060. 2177. 2248.  923. 2198. 2253.  918. 2128. 2110. 1060.
 1918. 2248.  923. 1897. 2253.  918.]","[1988. 2107. 1064. 2184. 2215.  940. 2176. 2247.  919. 2106. 2108. 1063.
 1915. 2227.  931. 1910. 2245.  922.]","[-1.7479e+01  4.2020e+00  6.5918e+01  0.0000e+00  0.0000e+00  0.0000e+00
 -6.4500e-02 -3.0570e-01  9.4780e-01]",114
372,2,"[[ 0.13343422 -0.09923132  0.53076868]
 [-0.23578986 -0.31453596  0.31546404]
 [ 0.19459158 -0.30754673  0.32245327]
 [-0.19459158  0.30754673 -0.32245327]
 [-0.13343422  0.09923132 -0.53076868]
 [ 0.23578986  0.31453596 -0.31546404]]","[1961. 2112. 1059. 2174. 2248.  923. 2201. 2253.  918. 2134. 2112. 1059.
 1921. 2248.  923. 1894. 2253.  918.]","[1980. 2109. 1062. 2180. 2215.  940. 2179. 2247.  920. 2114. 2109. 1062.
 1917. 2227.  931. 1907. 2245.  922.]","[-1.7485e+01  4.1970e+00  6.5918e+01 -6.1000e-02  0.0000e+00 -1.8310e-01
 -7.0800e-02 -3.0860e-01  9.4040e-01]",114
373,2,"[[ 0.14380553 -0.10208698  0.52791302]
 [-0.24037113 -0.31406073  0.31593927]
 [ 0.18971865 -0.30790404  0.32209596]
 [-0.18971865  0.30790404 -0.32209596]
 [-0.14380553  0.10208698 -0.52791302]
 [ 0.24037113  0.31406073 -0.31593927]]","[1954. 2114. 1057. 2171. 2248.  923. 2204. 2252.  919. 2141. 2114. 1057.
 1924. 2248.  923. 1891. 2252.  919.]","[1973. 2110. 1060. 2178. 2215.  939. 2183. 2247.  919. 2120. 2110. 1060.
 1920. 2227.  931. 1904. 2245.  922.]","[-17.49     4.191   65.907    0.       0.      -0.1831  -0.0723  -0.3037
   0.9556]",114
374,2,"[[ 0.15396372 -0.10517719  0.52482281]
 [-0.24482199 -0.31356818  0.31643182]
 [ 0.18472832 -0.30825824  0.32174176]
 [-0.18472832  0.30825824 -0.32174176]
 [-0.15396372  0.10517719 -0.52482281]
 [ 0.24482199  0.31356818 -0.31643182]]","[1947. 2116. 1055. 2168. 2248.  923. 2207. 2252.  919. 2148. 2116. 1055.
 1927. 2248.  923. 1888. 2252.  919.]","[1967. 2112. 1059. 2175. 2215.  940. 2186. 2247.  920. 2127. 2112. 1059.
 1923. 2227.  931. 1900. 2245.  922.]","[-1.7496e+01  4.1910e+00  6.5907e+01 -6.1000e-02 -6.1000e-02  0.0000e+00
 -7.1800e-02 -2.9830e-01  9.5260e-01]",114
375,2,"[[ 0.16389371 -0.10850628  0.52149372]
 [-0.24913774 -0.31305909  0.31694091]
 [ 0.17962149 -0.30860921  0.32139079]
 [-0.17962149  0.30860921 -0.32139079]
 [-0.16389371  0.10850628 -0.52149372]
 [ 0.24913774  0.31305909 -0.31694091]]","[1941. 2118. 1053. 2165. 2249.  922. 2210. 2252.  919. 2154. 2118. 1053.
 1930. 2249.  922. 1885. 2252.  919.]","[1960. 2114. 1057. 2171. 2215.  939. 2189. 2247.  921. 2134. 2114. 1057.
 1926. 2227.  931. 1897. 2245.  922.]","[-1.7501e+01  4.1860e+00  6.5907e+01 -6.1000e-02 -6.1000e-02  1.2210e-01
 -8.2000e-02 -3.0220e-01  9.4140e-01]",114
376,2,"[[ 0.17358081 -0.1120785   0.5179215 ]
 [-0.25331381 -0.31253423  0.31746577]
 [ 0.17439921 -0.30895681  0.32104319]
 [-0.17439921  0.30895681 -0.32104319]
 [-0.17358081  0.1120785  -0.5179215 ]
 [ 0.25331381  0.31253423 -0.31746577]]","[1934. 2121. 1050. 2161. 2249.  922. 2213. 2251.  920. 2161. 2121. 1050.
 1934. 2249.  922. 1882. 2251.  920.]","[1953. 2116. 1055. 2169. 2215.  940. 2193. 2247.  921. 2141. 2116. 1055.
 1929. 2227.  931. 1893. 2245.  922.]","[-17.507    4.186   65.918   -0.2441  -0.2441   0.4272  -0.0742  -0.3145
   0.9419]",114
377,2,"[[ 0.18301065 -0.11589791  0.51410209]
 [-0.25734567 -0.31199437  0.31800563]
 [ 0.16906269 -0.30930092  0.32069908]
 [-0.16906269  0.30930092 -0.32069908]
 [-0.18301065  0.11589791 -0.51410209]
 [ 0.25734567  0.31199437 -0.31800563]]","[1928. 2123. 1048. 2158. 2249.  922. 2215. 2251.  920. 2167. 2123. 1048.
 1937. 2249.  922. 1880. 2251.  920.]","[1946. 2119. 1053. 2165. 2215.  939. 2196. 2247.  921. 2147. 2118. 1053.
 1933. 2228.  931. 1891. 2245.  922.]","[-1.7512e+01  4.1800e+00  6.5945e+01 -1.8310e-01 -3.6620e-01  5.4930e-01
 -5.9100e-02 -3.1450e-01  9.5170e-01]",114
378,2,"[[ 0.19216926 -0.11996846  0.51003154]
 [-0.26122887 -0.31144031  0.31855969]
 [ 0.16361327 -0.30964142  0.32035858]
 [-0.16361327  0.30964142 -0.32035858]
 [-0.19216926  0.11996846 -0.51003154]
 [ 0.26122887  0.31144031 -0.31855969]]","[1922. 2126. 1045. 2154. 2249.  922. 2218. 2251.  920. 2173. 2126. 1045.
 1941. 2249.  922. 1877. 2251.  920.]","[1940. 2120. 1051. 2162. 2215.  939. 2199. 2247.  922. 2154. 2120. 1051.
 1936. 2228.  931. 1888. 2245.  922.]","[-1.7518e+01  4.1750e+00  6.5962e+01  0.0000e+00 -1.2210e-01  3.0520e-01
 -6.3000e-02 -3.1150e-01  9.5610e-01]",114
379,2,"[[ 0.20104306 -0.12429393  0.50570607]
 [-0.26495905 -0.31087285  0.31912715]
 [ 0.15805246 -0.30997817  0.32002183]
 [-0.15805246  0.30997817 -0.32002183]
 [-0.20104306  0.12429393 -0.50570607]
 [ 0.26495905  0.31087285 -0.31912715]]","[1916. 2129. 1042. 2151. 2250.  921. 2220. 2250.  921. 2179. 2129. 1042.
 1944. 2250.  921. 1875. 2250.  921.]","[1933. 2123. 1048. 2159. 2215.  938. 2202. 2247.  921. 2161. 2123. 1048.
 1939. 2228.  931. 1885. 2245.  922.]","[-1.7518e+01  4.1690e+00  6.5973e+01  0.0000e+00 -6.1000e-02  1.2210e-01
 -6.4000e-02 -3.1050e-01  9.3600e-01]",114
380,2,"[[ 0.20961891 -0.12887793  0.50112207]
 [-0.26853194 -0.3102928   0.3197072 ]
 [ 0.15238191 -0.31031105  0.31968895]
 [-0.15238191  0.31031105 -0.31968895]
 [-0.20961891  0.12887793 -0.50112207]
 [ 0.26853194  0.3102928  -0.3197072 ]]","[1911. 2132. 1039. 2147. 2250.  921. 2223. 2250.  921. 2184. 2132. 1039.
 1948. 2250.  921. 1872. 2250.  921.]","[1927. 2126. 1046. 2156. 2215.  938. 2204. 2247.  922. 2167. 2126. 1046.
 1943. 2228.  931. 1882. 2245.  922.]","[-1.7523e+01  4.1640e+00  6.5978e+01  0.0000e+00 -1.8310e-01  0.0000e+00
 -6.5900e-02 -3.0660e-01  9.5260e-01]",114
381,2,"[[ 0.21788408 -0.13372388  0.49627612]
 [-0.27194338 -0.30970096  0.32029904]
 [ 0.1466034  -0.31063994  0.31936006]
 [-0.1466034   0.31063994 -0.31936006]
 [-0.21788408  0.13372388 -0.49627612]
 [ 0.27194338  0.30970096 -0.32029904]]","[1905. 2135. 1036. 2143. 2250.  921. 2225. 2249.  922. 2190. 2135. 1036.
 1952. 2250.  921. 1870. 2249.  922.]","[1921. 2129. 1043. 2152. 2215.  937. 2207. 2246.  922. 2173. 2129. 1044.
 1946. 2228.  930. 1880. 2245.  923.]","[-1.7523e+01  4.1580e+00  6.5978e+01  6.1000e-02  0.0000e+00  0.0000e+00
 -7.6700e-02 -3.0370e-01  9.5900e-01]",114
382,2,"[[ 0.22582634 -0.13883502  0.49116498]
 [-0.27518931 -0.30909815  0.32090185]
 [ 0.1407189  -0.3109647   0.3190353 ]
 [-0.1407189   0.3109647  -0.3190353 ]
 [-0.22582634  0.13883502 -0.49116498]
 [ 0.27518931  0.30909815 -0.32090185]]","[1900. 2138. 1033. 2139. 2250.  921. 2227. 2249.  922. 2195. 2138. 1033.
 1956. 2250.  921. 1868. 2249.  922.]","[1915. 2131. 1040. 2149. 2215.  937. 2210. 2246.  923. 2178. 2131. 1041.
 1950. 2228.  931. 1877. 2245.  923.]","[-1.7523e+01  4.1530e+00  6.5978e+01  6.1000e-02 -6.1000e-02  6.1000e-02
 -7.6200e-02 -3.0320e-01  9.3160e-01]",114
383,2,"[[ 0.23343391 -0.14421439  0.48578561]
 [-0.27826576 -0.30848519  0.32151481]
 [ 0.13473051 -0.31128522  0.31871478]
 [-0.13473051  0.31128522 -0.31871478]
 [-0.23343391  0.14421439 -0.48578561]
 [ 0.27826576  0.30848519 -0.32151481]]","[1895. 2142. 1029. 2135. 2250.  921. 2229. 2249.  922. 2200. 2142. 1029.
 1960. 2250.  921. 1866. 2249.  922.]","[1910. 2134. 1037. 2145. 2215.  936. 2212. 2246.  923. 2184. 2135. 1037.
 1953. 2228.  930. 1875. 2245.  923.]","[-1.7529e+01  4.1470e+00  6.5984e+01 -1.8310e-01 -3.0520e-01  0.0000e+00
 -5.7100e-02 -3.0030e-01  9.4340e-01]",114
384,2,"[[ 0.24069551 -0.14986483  0.48013517]
 [-0.2811689  -0.3078629   0.3221371 ]
 [ 0.12864047 -0.31160135  0.31839865]
 [-0.12864047  0.31160135 -0.31839865]
 [-0.24069551  0.14986483 -0.48013517]
 [ 0.2811689   0.3078629  -0.3221371 ]]","[1891. 2145. 1026. 2131. 2251.  920. 2231. 2248.  923. 2204. 2145. 1026.
 1964. 2251.  920. 1864. 2248.  923.]","[1904. 2138. 1034. 2142. 2215.  936. 2215. 2246.  923. 2190. 2138. 1034.
 1957. 2229.  931. 1871. 2245.  923.]","[-1.7534e+01  4.1310e+00  6.5984e+01 -1.2210e-01 -1.8310e-01 -1.8310e-01
 -6.2500e-02 -3.0620e-01  9.6780e-01]",114
385,2,"[[ 0.2476004  -0.15578893  0.47421107]
 [-0.28389501 -0.3072321   0.3227679 ]
 [ 0.1224512  -0.31191298  0.31808702]
 [-0.1224512   0.31191298 -0.31808702]
 [-0.2476004   0.15578893 -0.47421107]
 [ 0.28389501  0.3072321  -0.3227679 ]]","[1886. 2149. 1022. 2127. 2251.  920. 2233. 2248.  923. 2209. 2149. 1022.
 1968. 2251.  920. 1862. 2248.  923.]","[1900. 2141. 1030. 2138. 2215.  935. 2217. 2245.  924. 2194. 2141. 1031.
 1961. 2228.  930. 1869. 2246.  924.]","[-1.7534e+01  4.1250e+00  6.5973e+01  6.1000e-02  0.0000e+00 -2.4410e-01
 -6.4900e-02 -3.0520e-01  9.4530e-01]",114
386,2,"[[ 0.25413832 -0.16198908  0.46801092]
 [-0.2864405  -0.30659361  0.32340639]
 [ 0.11616525 -0.31221999  0.31778001]
 [-0.11616525  0.31221999 -0.31778001]
 [-0.25413832  0.16198908 -0.46801092]
 [ 0.2864405   0.30659361 -0.32340639]]","[1882. 2153. 1018. 2123. 2251.  920. 2234. 2247.  924. 2213. 2153. 1018.
 1972. 2251.  920. 1861. 2247.  924.]","[1895. 2145. 1027. 2135. 2215.  935. 2219. 2244.  925. 2199. 2145. 1028.
 1965. 2228.  930. 1866. 2246.  924.]","[-1.7534e+01  4.1200e+00  6.5967e+01  0.0000e+00 -1.2210e-01 -6.1000e-02
 -8.1100e-02 -3.1100e-01  9.3900e-01]",114
387,2,"[[ 0.26029959 -0.16846743  0.46153257]
 [-0.28880191 -0.30594827  0.32405173]
 [ 0.10978532 -0.31252223  0.31747777]
 [-0.10978532  0.31252223 -0.31747777]
 [-0.26029959  0.16846743 -0.46153257]
 [ 0.28880191  0.30594827 -0.32405173]]","[1878. 2157. 1014. 2119. 2251.  920. 2236. 2247.  924. 2217. 2157. 1014.
 1976. 2251.  920. 1859. 2247.  924.]","[1890. 2148. 1024. 2132. 2215.  935. 2221. 2244.  925. 2204. 2148. 1024.
 1969. 2228.  931. 1864. 2245.  925.]","[-1.7534e+01  4.1140e+00  6.5978e+01 -6.1000e-02 -1.8310e-01  2.4410e-01
 -7.0300e-02 -3.1250e-01  9.4580e-01]",114
388,2,"[[ 0.26607509 -0.17522588  0.45477412]
 [-0.29097592 -0.30529689  0.32470311]
 [ 0.10331427 -0.31281959  0.31718041]
 [-0.10331427  0.31281959 -0.31718041]
 [-0.26607509  0.17522588 -0.45477412]
 [ 0.29097592  0.30529689 -0.32470311]]","[1874. 2162. 1009. 2115. 2251.  920. 2237. 2247.  924. 2221. 2162. 1009.
 1980. 2251.  920. 1858. 2247.  924.]","[1885. 2152. 1020. 2128. 2215.  935. 2223. 2244.  925. 2207. 2152. 1021.
 1972. 2228.  930. 1863. 2246.  925.]","[-1.7540e+01  4.1090e+00  6.5989e+01  0.0000e+00 -2.4410e-01  1.8310e-01
 -6.4900e-02 -3.1640e-01  9.4680e-01]",114
389,2,"[[ 0.27145625 -0.18226606  0.44773394]
 [-0.29295935 -0.3046403   0.3253597 ]
 [ 0.09675511 -0.31311195  0.31688805]
 [-0.09675511  0.31311195 -0.31688805]
 [-0.27145625  0.18226606 -0.44773394]
 [ 0.29295935  0.3046403  -0.3253597 ]]","[1871. 2166. 1005. 2111. 2252.  919. 2238. 2246.  925. 2224. 2166. 1005.
 1984. 2252.  919. 1857. 2246.  925.]","[1881. 2156. 1016. 2124. 2215.  935. 2225. 2244.  925. 2213. 2156. 1016.
 1976. 2228.  930. 1861. 2245.  926.]","[-1.7540e+01  4.1030e+00  6.5995e+01  0.0000e+00 -1.8310e-01  6.1000e-02
 -7.2300e-02 -3.1840e-01  9.4580e-01]",114
390,2,"[[ 0.27643509 -0.18958938  0.44041062]
 [-0.29474917 -0.30397932  0.32602068]
 [ 0.09011097 -0.31339917  0.31660083]
 [-0.09011097  0.31339917 -0.31660083]
 [-0.27643509  0.18958938 -0.44041062]
 [ 0.29474917  0.30397932 -0.32602068]]","[1867. 2171. 1000. 2106. 2252.  919. 2240. 2246.  925. 2228. 2171. 1000.
 1989. 2252.  919. 1855. 2246.  925.]","[1877. 2160. 1012. 2120. 2215.  935. 2227. 2243.  926. 2217. 2160. 1012.
 1980. 2228.  930. 1859. 2245.  926.]","[-1.7545e+01  4.0980e+00  6.6000e+01  0.0000e+00 -6.1000e-02  1.2210e-01
 -7.8100e-02 -3.1790e-01  9.5170e-01]",114
391,2,"[[ 0.28100424 -0.19719692  0.43280308]
 [-0.2963425  -0.30331476  0.32668524]
 [ 0.08338515 -0.31368113  0.31631887]
 [-0.08338515  0.31368113 -0.31631887]
 [-0.28100424  0.19719692 -0.43280308]
 [ 0.2963425   0.30331476 -0.32668524]]","[1864. 2176.  995. 2102. 2252.  919. 2241. 2245.  926. 2231. 2176.  995.
 1993. 2252.  919. 1854. 2245.  926.]","[1873. 2164. 1008. 2116. 2215.  935. 2229. 2243.  926. 2221. 2164. 1008.
 1984. 2228.  930. 1857. 2244.  927.]","[-17.545    4.103   66.011    0.1221   0.       0.3052  -0.0718  -0.311
   0.9468]",114
392,2,"[[ 0.28515692 -0.20508955  0.42491045]
 [-0.29773662 -0.30264744  0.32735256]
 [ 0.07658109 -0.3139577   0.3160423 ]
 [-0.07658109  0.3139577  -0.3160423 ]
 [-0.28515692  0.20508955 -0.42491045]
 [ 0.29773662  0.30264744 -0.32735256]]","[1862. 2181.  990. 2097. 2252.  919. 2242. 2245.  926. 2233. 2181.  990.
 1998. 2252.  919. 1853. 2245.  926.]","[1870. 2169. 1004. 2112. 2215.  935. 2231. 2242.  926. 2224. 2169. 1003.
 1988. 2229.  930. 1855. 2244.  927.]","[-1.7545e+01  4.1030e+00  6.6028e+01  6.1000e-02 -1.2210e-01  4.8830e-01
 -6.6900e-02 -3.0080e-01  9.4140e-01]",114
393,2,"[[ 0.28888698 -0.2132678   0.4167322 ]
 [-0.29892896 -0.30197816  0.32802184]
 [ 0.06970236 -0.31422877  0.31577123]
 [-0.06970236  0.31422877 -0.31577123]
 [-0.28888698  0.2132678  -0.4167322 ]
 [ 0.29892896  0.30197816 -0.32802184]]","[1859. 2187.  984. 2093. 2252.  919. 2242. 2244.  927. 2236. 2187.  984.
 2002. 2252.  919. 1853. 2244.  927.]","[1867. 2173. 1003. 2107. 2215.  934. 2233. 2242.  927. 2227. 2174.  998.
 1992. 2229.  930. 1854. 2244.  927.]","[-1.7545e+01  4.0980e+00  6.6050e+01  0.0000e+00 -2.4410e-01  3.6620e-01
 -6.4500e-02 -2.9790e-01  9.4920e-01]",114
394,2,"[[ 0.2921889  -0.22173193  0.40826807]
 [-0.29991714 -0.30130774  0.32869226]
 [ 0.06275269 -0.3144942   0.3155058 ]
 [-0.06275269  0.3144942  -0.3155058 ]
 [-0.2921889   0.22173193 -0.40826807]
 [ 0.29991714  0.30130774 -0.32869226]]","[1857. 2192.  979. 2088. 2253.  918. 2243. 2244.  927. 2238. 2192.  979.
 2007. 2253.  918. 1852. 2244.  927.]","[1864. 2174.  998. 2103. 2215.  935. 2234. 2242.  927. 2230. 2179.  993.
 1996. 2228.  929. 1852. 2243.  929.]","[-1.7545e+01  4.0980e+00  6.6061e+01  0.0000e+00 -1.2210e-01  2.4410e-01
 -6.3000e-02 -3.0080e-01  9.5460e-01]",114
395,2,"[[ 0.29505777 -0.23048192  0.39951808]
 [-0.30069895 -0.30063697  0.32936303]
 [ 0.05573591 -0.31475387  0.31524613]
 [-0.05573591  0.31475387 -0.31524613]
 [-0.29505777  0.23048192 -0.39951808]
 [ 0.30069895  0.30063697 -0.32936303]]","[1855. 2198.  973. 2084. 2253.  918. 2244. 2243.  927. 2240. 2198.  973.
 2011. 2253.  918. 1851. 2243.  927.]","[1862. 2177.  993. 2099. 2215.  935. 2235. 2241.  927. 2233. 2184.  988.
 2001. 2229.  929. 1851. 2243.  929.]","[-1.7540e+01  4.0980e+00  6.6072e+01  6.1000e-02  0.0000e+00  2.4410e-01
 -7.6200e-02 -3.0220e-01  9.5900e-01]",114
396,2,"[[ 0.29748936 -0.23951743  0.39048257]
 [-0.30127252 -0.29996663  0.33003337]
 [ 0.04865602 -0.31500767  0.31499233]
 [-0.04865602  0.31500767 -0.31499233]
 [-0.29748936  0.23951743 -0.39048257]
 [ 0.30127252  0.29996663 -0.33003337]]","[1854. 2204.  967. 2079. 2253.  918. 2244. 2243.  928. 2241. 2204.  967.
 2016. 2253.  918. 1851. 2243.  928.]","[1860. 2183.  987. 2094. 2215.  935. 2237. 2241.  928. 2235. 2189.  986.
 2005. 2229.  929. 1851. 2242.  930.]","[-1.7529e+01  4.1140e+00  6.6094e+01  2.4410e-01  6.1000e-02  6.1040e-01
 -7.6700e-02 -3.1540e-01  9.3900e-01]",114
397,2,"[[ 0.29948004 -0.2488378   0.3811622 ]
 [-0.30163746 -0.29929752  0.33070248]
 [ 0.04151712 -0.31525546  0.31474454]
 [-0.04151712  0.31525546 -0.31474454]
 [-0.29948004  0.2488378  -0.3811622 ]
 [ 0.30163746  0.29929752 -0.33070248]]","[1852. 2210.  961. 2075. 2253.  918. 2244. 2243.  928. 2243. 2210.  961.
 2020. 2253.  918. 1851. 2243.  928.]","[1858. 2187.  983. 2090. 2215.  934. 2238. 2241.  928. 2237. 2193.  982.
 2009. 2229.  930. 1850. 2242.  930.]","[-1.7518e+01  4.1200e+00  6.6121e+01  2.4410e-01  0.0000e+00  7.9350e-01
 -5.8100e-02 -3.1740e-01  9.5460e-01]",114
398,2,"[[ 0.30102688 -0.25844209  0.37155791]
 [-0.30179395 -0.29863039  0.33136961]
 [ 0.03432347 -0.31549713  0.31450287]
 [-0.03432347  0.31549713 -0.31450287]
 [-0.30102688  0.25844209 -0.37155791]
 [ 0.30179395  0.29863039 -0.33136961]]","[1851. 2216.  955. 2070. 2253.  918. 2244. 2242.  929. 2244. 2216.  955.
 2025. 2253.  918. 1851. 2242.  929.]","[1857. 2190.  979. 2086. 2215.  935. 2239. 2241.  929. 2239. 2197.  975.
 2013. 2229.  929. 1849. 2242.  931.]","[-17.49     4.169   66.154    0.7324   0.9155   1.1597  -0.0884  -0.3325
   0.9932]",114
399,2,"[[ 0.30212752 -0.268329    0.361671  ]
 [-0.30161308 -0.29796569  0.33203431]
 [ 0.02707942 -0.31573255  0.31426745]
 [-0.02707942  0.31573255 -0.31426745]
 [-0.30212752  0.268329   -0.361671  ]
 [ 0.30161308  0.29796569 -0.33203431]]","[1851. 2222.  949. 2065. 2253.  918. 2244. 2242.  929. 2244. 2222.  949.
 2030. 2253.  918. 1851. 2242.  929.]","[1856. 2194.  975. 2082. 2215.  935. 2239. 2241.  929. 2241. 2201.  969.
 2018. 2229.  930. 1849. 2241.  931.]","[-1.7468e+01  4.2240e+00  6.6182e+01  7.3240e-01  1.0376e+00  1.0376e+00
 -3.7600e-02 -3.2320e-01  8.9450e-01]",114
400,2,"[[ 0.30277921 -0.27849694  0.35150306]
 [-0.30084945 -0.29730258  0.33269742]
 [ 0.01978953 -0.31596161  0.31403839]
 [-0.01978953  0.31596161 -0.31403839]
 [-0.30277921  0.27849694 -0.35150306]
 [ 0.30084945  0.29730258 -0.33269742]]","[1850. 2229.  942. 2060. 2253.  917. 2244. 2241.  930. 2245. 2229.  942.
 2035. 2253.  917. 1851. 2241.  930.]","[1856. 2198.  971. 2077. 2215.  935. 2240. 2241.  929. 2242. 2208.  963.
 2022. 2229.  929. 1849. 2240.  931.]","[-17.441    4.257   66.187    0.7935   0.8545   0.4272  -0.0713  -0.3486
   0.9868]",114
401,2,"[[ 0.30298474 -0.2869031   0.3430969 ]
 [-0.29948107 -0.29664116  0.33335884]
 [ 0.01246059 -0.31618419  0.31381581]
 [-0.01246059  0.31618419 -0.31381581]
 [-0.30298474  0.2869031  -0.3430969 ]
 [ 0.29948107  0.29664116 -0.33335884]]","[1850. 2235.  936. 2056. 2254.  917. 2243. 2241.  930. 2245. 2235.  936.
 2039. 2254.  917. 1852. 2241.  930.]","[1855. 2202.  966. 2072. 2215.  935. 2241. 2241.  929. 2243. 2214.  957.
 2024. 2229.  930. 1849. 2239.  931.]","[-1.7402e+01  4.2900e+00  6.6193e+01  1.2207e+00  9.1550e-01  3.0520e-01
 -5.8100e-02 -3.2470e-01  9.4480e-01]",114
402,2,"[[ 0.30290441 -0.28722434  0.34277566]
 [-0.29751992 -0.29598225  0.33401775]
 [ 0.00511314 -0.31640016  0.31359984]
 [-0.00511314  0.31640016 -0.31359984]
 [-0.30290441  0.28722434 -0.34277566]
 [ 0.29751992  0.29598225 -0.33401775]]","[1850. 2235.  936. 2051. 2254.  917. 2241. 2240.  931. 2245. 2235.  936.
 2044. 2254.  917. 1854. 2240.  931.]","[1854. 2205.  961. 2068. 2217.  935. 2241. 2241.  929. 2244. 2219.  951.
 2027. 2229.  930. 1849. 2239.  931.]","[-17.369    4.329   66.187    1.2207   1.0986   0.1831  -0.0674  -0.3193
   0.9355]",114
403,2,"[[ 0.30269672 -0.28755188  0.34244812]
 [-0.29497624 -0.2953267   0.3346733 ]
 [-0.002232   -0.31660942  0.31339058]
 [ 0.002232    0.31660942 -0.31339058]
 [-0.30269672  0.28755188 -0.34244812]
 [ 0.29497624  0.2953267  -0.3346733 ]]","[1850. 2235.  936. 2046. 2254.  917. 2240. 2240.  931. 2245. 2235.  936.
 2049. 2254.  917. 1855. 2240.  931.]","[1854. 2209.  957. 2064. 2219.  935. 2241. 2242.  930. 2244. 2223.  947.
 2032. 2229.  930. 1850. 2239.  932.]","[-17.325    4.367   66.198    1.2817   0.8545   0.6714  -0.0986  -0.3066
   0.9673]",114
404,2,"[[ 0.3023732  -0.28788525  0.34211475]
 [-0.29185296 -0.29467538  0.33532462]
 [-0.00956704 -0.31681183  0.31318817]
 [ 0.00956704  0.31681183 -0.31318817]
 [-0.3023732   0.28788525 -0.34211475]
 [ 0.29185296  0.29467538 -0.33532462]]","[1850. 2235.  936. 2041. 2254.  917. 2238. 2240.  931. 2245. 2235.  936.
 2054. 2254.  917. 1857. 2240.  931.]","[1854. 2212.  954. 2060. 2221.  935. 2241. 2244.  930. 2243. 2225.  946.
 2037. 2229.  930. 1850. 2238.  932.]","[-1.7276e+01  4.4170e+00  6.6231e+01  1.2817e+00  9.7660e-01  1.1597e+00
 -4.2000e-02 -2.8710e-01  9.5950e-01]",114
405,2,"[[ 0.30193169 -0.28822433  0.34177567]
 [-0.28815655 -0.29402912  0.33597088]
 [-0.01688735 -0.31700729  0.31299271]
 [ 0.01688735  0.31700729 -0.31299271]
 [-0.30193169  0.28822433 -0.34177567]
 [ 0.28815655  0.29402912 -0.33597088]]","[1851. 2235.  936. 2036. 2254.  917. 2235. 2239.  932. 2244. 2235.  936.
 2059. 2254.  917. 1860. 2239.  932.]","[1854. 2212.  953. 2056. 2222.  935. 2240. 2243.  930. 2244. 2226.  945.
 2042. 2229.  930. 1851. 2238.  932.]","[-1.7216e+01  4.4440e+00  6.6237e+01  1.6479e+00  9.1550e-01  3.0520e-01
 -3.2700e-02 -2.8660e-01  9.8580e-01]",114
406,2,"[[ 0.30137161 -0.28856895  0.34143105]
 [-0.28389743 -0.29338879  0.33661121]
 [-0.02418869 -0.31719566  0.31280434]
 [ 0.02418869  0.31719566 -0.31280434]
 [-0.30137161  0.28856895 -0.34143105]
 [ 0.28389743  0.29338879 -0.33661121]]","[1851. 2236.  935. 2032. 2254.  917. 2233. 2239.  932. 2244. 2236.  935.
 2063. 2254.  917. 1862. 2239.  932.]","[1854. 2213.  952. 2052. 2224.  935. 2240. 2242.  930. 2244. 2227.  944.
 2047. 2228.  930. 1852. 2237.  932.]","[-1.7150e+01  4.4600e+00  6.6187e+01  1.7700e+00  9.7660e-01 -8.5450e-01
 -4.1500e-02 -2.8270e-01  9.4040e-01]",114
407,2,"[[ 0.30069303 -0.28891895  0.34108105]
 [-0.27908852 -0.29275525  0.33724475]
 [-0.03146688 -0.31737684  0.31262316]
 [ 0.03146688  0.31737684 -0.31262316]
 [-0.30069303  0.28891895 -0.34108105]
 [ 0.27908852  0.29275525 -0.33724475]]","[1851. 2236.  935. 2027. 2254.  917. 2229. 2238.  933. 2244. 2236.  935.
 2068. 2254.  917. 1866. 2238.  933.]","[1855. 2215.  951. 2048. 2224.  935. 2239. 2241.  931. 2244. 2228.  943.
 2051. 2229.  930. 1853. 2237.  933.]","[-17.095    4.46    66.127    1.5259   0.6714  -1.3428  -0.0977  -0.2852
   0.9312]",114
408,2,"[[ 0.29989618 -0.28927413  0.34072587]
 [-0.27374449 -0.29212935  0.33787065]
 [-0.03871776 -0.31755071  0.31244929]
 [ 0.03871776  0.31755071 -0.31244929]
 [-0.29989618  0.28927413 -0.34072587]
 [ 0.27374449  0.29212935 -0.33787065]]","[1852. 2236.  935. 2022. 2255.  916. 2226. 2238.  933. 2243. 2236.  935.
 2073. 2255.  916. 1869. 2238.  933.]","[1855. 2216.  950. 2044. 2224.  935. 2236. 2240.  929. 2243. 2228.  943.
 2056. 2229.  930. 1855. 2237.  934.]","[-1.7051e+01  4.4550e+00  6.6099e+01  8.5450e-01  6.1000e-02 -3.0520e-01
 -1.0890e-01 -3.0660e-01  9.2090e-01]",114
409,2,"[[ 0.29898136 -0.2896343   0.3403657 ]
 [-0.26788126 -0.29151194  0.33848806]
 [-0.04593722 -0.31771715  0.31228285]
 [ 0.04593722  0.31771715 -0.31228285]
 [-0.29898136  0.2896343  -0.3403657 ]
 [ 0.26788126  0.29151194 -0.33848806]]","[1853. 2236.  935. 2018. 2255.  916. 2222. 2238.  933. 2242. 2236.  935.
 2077. 2255.  916. 1873. 2238.  933.]","[1855. 2215.  949. 2040. 2224.  935. 2233. 2240.  929. 2243. 2228.  942.
 2060. 2229.  930. 1857. 2236.  934.]","[-1.7023e+01  4.4550e+00  6.6088e+01  4.8830e-01  3.0520e-01  6.1000e-02
 -1.0010e-01 -3.1740e-01  9.4340e-01]",114
410,2,"[[ 0.29794895 -0.28999929  0.34000071]
 [-0.26151579 -0.29090388  0.33909612]
 [-0.0531212  -0.31787607  0.31212393]
 [ 0.0531212   0.31787607 -0.31212393]
 [-0.29794895  0.28999929 -0.34000071]
 [ 0.26151579  0.29090388 -0.33909612]]","[1853. 2237.  934. 2013. 2255.  916. 2218. 2237.  934. 2242. 2237.  934.
 2082. 2255.  916. 1877. 2237.  934.]","[1855. 2216.  949. 2036. 2224.  935. 2229. 2240.  931. 2243. 2228.  942.
 2064. 2229.  930. 1860. 2236.  934.]","[-17.012    4.477   66.083    0.4883   0.3052   0.      -0.0703  -0.3096
   0.9438]",114
411,2,"[[ 0.29679933 -0.29036889  0.33963111]
 [-0.25466596 -0.29030601  0.33969399]
 [-0.06026567 -0.31802737  0.31197263]
 [ 0.06026567  0.31802737 -0.31197263]
 [-0.29679933  0.29036889 -0.33963111]
 [ 0.25466596  0.29030601 -0.33969399]]","[1854. 2237.  934. 2008. 2255.  916. 2214. 2237.  934. 2241. 2237.  934.
 2087. 2255.  916. 1881. 2237.  934.]","[1855. 2216.  948. 2032. 2224.  935. 2225. 2239.  932. 2242. 2229.  941.
 2068. 2229.  930. 1863. 2236.  935.]","[-17.001    4.488   66.077    0.3662   0.1221  -0.3052  -0.0703  -0.2988
   0.9487]",114
412,2,"[[ 0.29553297 -0.29074292  0.33925708]
 [-0.24735046 -0.28971915  0.34028085]
 [-0.06736667 -0.31817093  0.31182907]
 [ 0.06736667  0.31817093 -0.31182907]
 [-0.29553297  0.29074292 -0.33925708]
 [ 0.24735046  0.28971915 -0.34028085]]","[1855. 2237.  934. 2004. 2255.  916. 2209. 2236.  935. 2240. 2237.  934.
 2091. 2255.  916. 1886. 2236.  935.]","[1856. 2216.  947. 2028. 2224.  935. 2222. 2239.  932. 2242. 2229.  941.
 2072. 2229.  930. 1866. 2235.  934.]","[-1.6990e+01  4.4930e+00  6.6066e+01  3.0520e-01  6.1000e-02 -1.8310e-01
 -6.8800e-02 -2.8910e-01  9.4870e-01]",114
413,2,"[[ 0.29415037 -0.29112118  0.33887882]
 [-0.23958869 -0.28914415  0.34085585]
 [-0.07442029 -0.31830669  0.31169331]
 [ 0.07442029  0.31830669 -0.31169331]
 [-0.29415037  0.29112118 -0.33887882]
 [ 0.23958869  0.28914415 -0.34085585]]","[1856. 2237.  934. 1999. 2255.  916. 2204. 2236.  935. 2239. 2237.  934.
 2096. 2255.  916. 1891. 2236.  935.]","[1857. 2217.  946. 2024. 2225.  935. 2218. 2238.  933. 2241. 2229.  941.
 2076. 2229.  930. 1870. 2234.  935.]","[-1.6985e+01  4.4930e+00  6.6061e+01  3.6620e-01  6.1000e-02  0.0000e+00
 -7.5700e-02 -2.8320e-01  9.6580e-01]",114
414,2,"[[ 0.29265206 -0.29150348  0.33849652]
 [-0.23140069 -0.28858182  0.34141818]
 [-0.08142265 -0.31843453  0.31156547]
 [ 0.08142265  0.31843453 -0.31156547]
 [-0.29265206  0.29150348 -0.33849652]
 [ 0.23140069  0.28858182 -0.34141818]]","[1857. 2238.  933. 1994. 2255.  916. 2198. 2236.  935. 2238. 2238.  933.
 2101. 2255.  916. 1897. 2236.  935.]","[1858. 2217.  946. 2020. 2224.  935. 2213. 2238.  934. 2240. 2230.  940.
 2081. 2229.  930. 1875. 2234.  935.]","[-16.968    4.493   66.055    0.4883   0.1221  -0.1221  -0.0776  -0.2705
   0.9614]",114
415,2,"[[ 0.29103863 -0.29188963  0.33811037]
 [-0.22280708 -0.28803297  0.34196703]
 [-0.08836994 -0.31855437  0.31144563]
 [ 0.08836994  0.31855437 -0.31144563]
 [-0.29103863  0.29188963 -0.33811037]
 [ 0.22280708  0.28803297 -0.34196703]]","[1858. 2238.  933. 1990. 2255.  916. 2193. 2235.  936. 2237. 2238.  933.
 2105. 2255.  916. 1902. 2235.  936.]","[1859. 2217.  945. 2016. 2224.  935. 2208. 2238.  934. 2239. 2230.  939.
 2086. 2228.  930. 1879. 2234.  935.]","[-1.6952e+01  4.4990e+00  6.6050e+01  4.2720e-01  2.4410e-01 -6.1000e-02
 -6.5900e-02 -2.7000e-01  9.5120e-01]",114
416,2,"[[ 0.28931073 -0.29227943  0.33772057]
 [-0.21382897 -0.28749838  0.34250162]
 [-0.09525842 -0.31866613  0.31133387]
 [ 0.09525842  0.31866613 -0.31133387]
 [-0.28931073  0.29227943 -0.33772057]
 [ 0.21382897  0.28749838 -0.34250162]]","[1859. 2238.  933. 1985. 2255.  916. 2187. 2235.  936. 2236. 2238.  933.
 2110. 2255.  916. 1908. 2235.  936.]","[1860. 2218.  943. 2012. 2224.  935. 2203. 2237.  935. 2238. 2230.  939.
 2090. 2229.  930. 1885. 2233.  936.]","[-16.93     4.51    66.044    0.3662   0.2441  -0.4272  -0.0903  -0.2793
   0.9565]",114
417,2,"[[ 0.28746903 -0.29267267  0.33732733]
 [-0.20448789 -0.28697884  0.34302116]
 [-0.10208438 -0.31876974  0.31123026]
 [ 0.10208438  0.31876974 -0.31123026]
 [-0.28746903  0.29267267 -0.33732733]
 [ 0.20448789  0.28697884 -0.34302116]]","[1860. 2238.  933. 1981. 2255.  916. 2181. 2235.  936. 2235. 2238.  933.
 2114. 2255.  916. 1914. 2235.  936.]","[1861. 2217.  943. 2008. 2224.  935. 2197. 2237.  934. 2236. 2230.  938.
 2095. 2229.  930. 1890. 2233.  936.]","[-16.913    4.51    66.022    0.2441   0.2441  -0.3662  -0.0845  -0.2798
   0.959 ]",114
418,2,"[[ 0.28551425 -0.29306918  0.33693082]
 [-0.19480575 -0.27467708  0.35532292]
 [-0.10884418 -0.31886511  0.31113489]
 [ 0.10884418  0.31886511 -0.31113489]
 [-0.28551425  0.29306918 -0.33693082]
 [ 0.19480575  0.27467708 -0.35532292]]","[1861. 2239.  932. 1977. 2255.  916. 2174. 2227.  944. 2234. 2239.  932.
 2118. 2255.  916. 1921. 2227.  944.]","[1862. 2218.  942. 2003. 2224.  935. 2191. 2237.  935. 2236. 2230.  938.
 2100. 2229.  930. 1896. 2234.  936.]","[-16.897    4.521   66.006    0.1831   0.3052  -0.1221  -0.0708  -0.2886
   0.9473]",114
419,2,"[[ 0.28344717 -0.29346873  0.33653127]
 [-0.18480474 -0.25843784  0.37156216]
 [-0.11553423 -0.31895218  0.31104782]
 [ 0.11553423  0.31895218 -0.31104782]
 [-0.28344717  0.29346873 -0.33653127]
 [ 0.18480474  0.25843784 -0.37156216]]","[1863. 2239.  932. 1972. 2255.  916. 2168. 2216.  955. 2232. 2239.  932.
 2123. 2255.  916. 1927. 2216.  955.]","[1863. 2218.  942. 1999. 2224.  935. 2186. 2235.  937. 2235. 2231.  938.
 2104. 2229.  930. 1903. 2231.  938.]","[-16.886    4.532   66.       0.1831   0.1831  -0.3052  -0.0801  -0.2964
   0.9473]",114
420,2,"[[ 0.28126859 -0.29387114  0.33612886]
 [-0.17450726 -0.24277452  0.38722548]
 [-0.12215103 -0.31903087  0.31096913]
 [ 0.12215103  0.31903087 -0.31096913]
 [-0.28126859  0.29387114 -0.33612886]
 [ 0.17450726  0.24277452 -0.38722548]]","[1864. 2239.  932. 1968. 2255.  915. 2161. 2206.  965. 2231. 2239.  932.
 2127. 2255.  915. 1934. 2206.  965.]","[1864. 2219.  941. 1995. 2224.  934. 2180. 2230.  942. 2233. 2231.  937.
 2109. 2229.  930. 1909. 2226.  942.]","[-16.875    4.532   65.984    0.1831   0.1221  -0.4272  -0.0742  -0.3047
   0.9507]",114
421,2,"[[ 0.27897938 -0.29427621  0.33572379]
 [-0.1639359  -0.22771061  0.40228939]
 [-0.12869112 -0.31910114  0.31089886]
 [ 0.12869112  0.31910114 -0.31089886]
 [-0.27897938  0.29427621 -0.33572379]
 [ 0.1639359   0.22771061 -0.40228939]]","[1866. 2239.  932. 1964. 2256.  915. 2154. 2196.  975. 2229. 2239.  932.
 2131. 2256.  915. 1941. 2196.  975.]","[1865. 2221.  940. 1990. 2224.  935. 2174. 2222.  950. 2231. 2231.  937.
 2114. 2229.  930. 1916. 2221.  948.]","[-16.864    4.532   65.962    0.3662   0.3052  -0.6104  -0.0737  -0.3096
   0.9575]",114
422,2,"[[ 0.27658044 -0.29468373  0.33531627]
 [-0.15311333 -0.21326882  0.41673118]
 [-0.13515109 -0.31916291  0.31083709]
 [ 0.13515109  0.31916291 -0.31083709]
 [-0.27658044  0.29468373 -0.33531627]
 [ 0.15311333  0.21326882 -0.41673118]]","[1867. 2240.  931. 1959. 2256.  915. 2147. 2187.  984. 2228. 2240.  931.
 2136. 2256.  915. 1948. 2187.  984.]","[1867. 2222.  940. 1986. 2225.  935. 2167. 2214.  958. 2229. 2230.  936.
 2117. 2229.  930. 1924. 2215.  956.]","[-16.804    4.559   65.918    1.1597   0.6104   0.      -0.085   -0.3027
   0.9521]",114
423,2,"[[ 0.2740727  -0.29509351  0.33490649]
 [-0.14206229 -0.19947113  0.43052887]
 [-0.14152763 -0.31921613  0.31078387]
 [ 0.14152763  0.31921613 -0.31078387]
 [-0.2740727   0.29509351 -0.33490649]
 [ 0.14206229  0.19947113 -0.43052887]]","[1869. 2240.  931. 1955. 2256.  915. 2140. 2178.  993. 2226. 2240.  931.
 2140. 2256.  915. 1955. 2178.  993.]","[1868. 2223.  940. 1981. 2226.  935. 2160. 2206.  967. 2228. 2231.  935.
 2122. 2229.  930. 1931. 2206.  964.]","[-16.754    4.587   65.912    1.2817   0.4272   0.1221  -0.0693  -0.2939
   0.9595]",114
424,2,"[[ 0.27145715 -0.29550534  0.33449466]
 [-0.13080549 -0.18633864  0.44366136]
 [-0.14781747 -0.31926076  0.31073924]
 [ 0.14781747  0.31926076 -0.31073924]
 [-0.27145715  0.29550534 -0.33449466]
 [ 0.13080549  0.18633864 -0.44366136]]","[1871. 2240.  931. 1951. 2256.  915. 2133. 2169. 1002. 2224. 2240.  931.
 2144. 2256.  915. 1962. 2169. 1002.]","[1869. 2225.  939. 1977. 2227.  935. 2154. 2196.  975. 2226. 2230.  935.
 2127. 2229.  930. 1939. 2198.  974.]","[-1.6699e+01  4.6030e+00  6.5912e+01  1.5869e+00  3.0520e-01  6.1000e-02
 -7.7600e-02 -2.9490e-01  9.4190e-01]",114
425,2,"[[ 0.26873483 -0.29591902  0.33408098]
 [-0.11936559 -0.17389162  0.45610838]
 [-0.15401743 -0.31929676  0.31070324]
 [ 0.15401743  0.31929676 -0.31070324]
 [-0.26873483  0.29591902 -0.33408098]
 [ 0.11936559  0.17389162 -0.45610838]]","[1872. 2240.  931. 1947. 2256.  915. 2125. 2161. 1010. 2223. 2240.  931.
 2148. 2256.  915. 1970. 2161. 1010.]","[1870. 2226.  938. 1972. 2229.  935. 2146. 2187.  984. 2224. 2230.  934.
 2131. 2228.  930. 1948. 2189.  984.]","[-1.6644e+01  4.6140e+00  6.5912e+01  1.4038e+00  2.4410e-01  1.2210e-01
 -6.5900e-02 -3.1150e-01  9.6000e-01]",114
426,2,"[[ 0.26590681 -0.29633436  0.33366564]
 [-0.10776512 -0.16214939  0.46785061]
 [-0.16012436 -0.31932407  0.31067593]
 [ 0.16012436  0.31932407 -0.31067593]
 [-0.26590681  0.29633436 -0.33366564]
 [ 0.10776512  0.16214939 -0.46785061]]","[1874. 2241.  930. 1943. 2256.  915. 2118. 2153. 1018. 2221. 2241.  930.
 2152. 2256.  915. 1977. 2153. 1018.]","[1871. 2226.  938. 1968. 2229.  934. 2140. 2179.  993. 2222. 2230.  934.
 2135. 2228.  930. 1957. 2181.  992.]","[-16.595    4.62    65.907    1.2817   0.1221  -0.1221  -0.0688  -0.3013
   0.9497]",114
427,2,"[[ 0.26297419 -0.29675114  0.33324886]
 [-0.09602646 -0.15113035  0.47886965]
 [-0.16613524 -0.31934273  0.31065727]
 [ 0.16613524  0.31934273 -0.31065727]
 [-0.26297419  0.29675114 -0.33324886]
 [ 0.09602646  0.15113035 -0.47886965]]","[1876. 2241.  930. 1939. 2256.  915. 2110. 2146. 1025. 2219. 2241.  930.
 2156. 2256.  915. 1985. 2146. 1025.]","[1873. 2228.  937. 1965. 2230.  935. 2132. 2171. 1001. 2221. 2230.  933.
 2140. 2228.  930. 1965. 2172. 1001.]","[-16.562    4.62    65.896    0.7324   0.1831  -0.5493  -0.0786  -0.2744
   0.9546]",114
428,2,"[[ 0.25993813 -0.29716918  0.33283082]
 [-0.08417179 -0.1408519   0.4891481 ]
 [-0.17204705 -0.31935287  0.31064713]
 [ 0.17204705  0.31935287 -0.31064713]
 [-0.25993813  0.29716918 -0.33283082]
 [ 0.08417179  0.1408519  -0.4891481 ]]","[1878. 2241.  930. 1935. 2256.  915. 2102. 2139. 1032. 2217. 2241.  930.
 2160. 2256.  915. 1993. 2139. 1032.]","[1875. 2228.  937. 1961. 2229.  934. 2125. 2163. 1009. 2219. 2231.  933.
 2144. 2228.  930. 1971. 2165. 1008.]","[-16.54     4.62    65.863    0.6104   0.3662  -0.7935  -0.0947  -0.2686
   0.9438]",114
429,2,"[[ 0.25679982 -0.29758826  0.33241174]
 [-0.072223   -0.1313304   0.4986696 ]
 [-0.17785691 -0.31935449  0.31064551]
 [ 0.17785691  0.31935449 -0.31064551]
 [-0.25679982  0.29758826 -0.33241174]
 [ 0.072223    0.1313304  -0.4986696 ]]","[1880. 2241.  929. 1932. 2256.  915. 2095. 2133. 1038. 2215. 2241.  929.
 2163. 2256.  915. 2000. 2133. 1038.]","[1877. 2228.  936. 1957. 2229.  934. 2117. 2155. 1018. 2217. 2231.  932.
 2147. 2228.  930. 1975. 2157. 1016.]","[-16.523    4.625   65.83     0.3662   0.4272  -0.7324  -0.0967  -0.2749
   0.939 ]",114
430,2,"[[ 0.2535605  -0.29800818  0.33199182]
 [-0.06020175 -0.12258116  0.50741884]
 [-0.18356196 -0.31933991  0.31066009]
 [ 0.18356196  0.31933991 -0.31066009]
 [-0.2535605   0.29800818 -0.33199182]
 [ 0.06020175  0.12258116 -0.50741884]]","[1882. 2242.  929. 1928. 2256.  915. 2087. 2127. 1044. 2213. 2242.  929.
 2167. 2256.  915. 2008. 2127. 1044.]","[1879. 2228.  936. 1954. 2229.  934. 2110. 2148. 1025. 2215. 2230.  932.
 2151. 2229.  930. 1983. 2149. 1023.]","[-16.523    4.636   65.803    0.       0.1831  -0.5493  -0.0947  -0.2915
   0.9463]",114
431,2,"[[ 0.25022145 -0.29842876  0.33157124]
 [-0.04812932 -0.11461841  0.51538159]
 [-0.18915945 -0.31929134  0.31070866]
 [ 0.18915945  0.31929134 -0.31070866]
 [-0.25022145  0.29842876 -0.33157124]
 [ 0.04812932  0.11461841 -0.51538159]]","[1884. 2242.  929. 1924. 2256.  915. 2079. 2122. 1049. 2211. 2242.  929.
 2171. 2256.  915. 2016. 2122. 1049.]","[1882. 2227.  935. 1950. 2230.  934. 2102. 2142. 1031. 2214. 2230.  931.
 2155. 2228.  930. 1991. 2143. 1030.]","[-1.6523e+01  4.6360e+00  6.5781e+01 -6.1000e-02  1.2210e-01 -4.8830e-01
 -7.6200e-02 -3.0760e-01  9.5460e-01]",114
432,2,"[[ 0.24678397 -0.29884978  0.33115022]
 [-0.03602667 -0.10745525  0.52254475]
 [-0.19464667 -0.31920929  0.31079071]
 [ 0.19464667  0.31920929 -0.31079071]
 [-0.24678397  0.29884978 -0.33115022]
 [ 0.03602667  0.10745525 -0.52254475]]","[1887. 2242.  929. 1921. 2256.  915. 2071. 2118. 1053. 2208. 2242.  929.
 2174. 2256.  915. 2024. 2118. 1053.]","[1883. 2228.  935. 1946. 2230.  934. 2094. 2135. 1037. 2211. 2230.  932.
 2158. 2229.  930. 1999. 2137. 1037.]","[-1.6529e+01  4.6420e+00  6.5753e+01  6.1000e-02  1.8310e-01 -6.7140e-01
 -7.4700e-02 -3.1010e-01  9.4680e-01]",114
433,2,"[[ 0.24324942 -0.29927105  0.33072895]
 [-0.02391433 -0.10110362  0.52889638]
 [-0.20002102 -0.31909686  0.31090314]
 [ 0.20002102  0.31909686 -0.31090314]
 [-0.24324942  0.29927105 -0.33072895]
 [ 0.02391433  0.10110362 -0.52889638]]","[1889. 2243.  928. 1917. 2256.  915. 2063. 2113. 1058. 2206. 2243.  928.
 2178. 2256.  915. 2032. 2113. 1058.]","[1886. 2228.  934. 1943. 2229.  934. 2086. 2130. 1043. 2209. 2231.  931.
 2162. 2228.  930. 2008. 2132. 1042.]","[-16.529    4.642   65.731    0.1221   0.1831  -0.5493  -0.0854  -0.2979
   0.9482]",114
434,2,"[[ 0.23961919 -0.29969236  0.33030764]
 [-0.01181243 -0.0955743   0.5344257 ]
 [-0.20527996 -0.31895491  0.31104509]
 [ 0.20527996  0.31895491 -0.31104509]
 [-0.23961919  0.29969236 -0.33030764]
 [ 0.01181243  0.0955743  -0.5344257 ]]","[1891. 2243.  928. 1914. 2255.  916. 2055. 2110. 1061. 2204. 2243.  928.
 2181. 2255.  916. 2040. 2110. 1061.]","[1889. 2228.  934. 1938. 2230.  934. 2076. 2123. 1049. 2206. 2230.  931.
 2166. 2228.  930. 2018. 2125. 1049.]","[-1.6529e+01  4.6420e+00  6.5709e+01  1.8310e-01  6.1000e-02 -2.4410e-01
 -6.4000e-02 -2.8420e-01  9.5700e-01]",114
435,2,"[[ 2.35894705e-01 -3.00113528e-01  3.29886472e-01]
 [ 2.59362348e-04 -9.08768622e-02  5.39123138e-01]
 [-2.10421016e-01 -3.18783994e-01  3.11216006e-01]
 [ 2.10421016e-01  3.18783994e-01 -3.11216006e-01]
 [-2.35894705e-01  3.00113528e-01 -3.29886472e-01]
 [-2.59362348e-04  9.08768622e-02 -5.39123138e-01]]","[1894. 2243.  928. 1910. 2255.  916. 2047. 2107. 1064. 2201. 2243.  928.
 2185. 2255.  916. 2048. 2107. 1064.]","[1891. 2229.  933. 1936. 2229.  933. 2071. 2120. 1053. 2204. 2230.  931.
 2168. 2229.  930. 2024. 2122. 1052.]","[-16.523    4.642   65.704    0.2441   0.      -0.1831  -0.0859  -0.29
   0.9546]",114
436,2,"[[ 0.23207743 -0.30053435  0.32946565]
 [ 0.01228184 -0.08701967  0.54298033]
 [-0.21544181 -0.31858467  0.31141533]
 [ 0.21544181  0.31858467 -0.31141533]
 [-0.23207743  0.30053435 -0.32946565]
 [-0.01228184  0.08701967 -0.54298033]]","[1896. 2243.  928. 1907. 2255.  916. 2039. 2104. 1067. 2199. 2243.  928.
 2188. 2255.  916. 2056. 2104. 1067.]","[1894. 2228.  933. 1931. 2229.  933. 2060. 2115. 1057. 2201. 2230.  931.
 2173. 2229.  930. 2034. 2116. 1057.]","[-16.518    4.642   65.687    0.2441   0.1831  -0.4272  -0.0771  -0.2842
   0.9507]",114
437,2,"[[ 0.22816887 -0.30095462  0.32904538]
 [ 0.0242363  -0.08400985  0.54599015]
 [-0.22034003 -0.31835752  0.31164248]
 [ 0.22034003  0.31835752 -0.31164248]
 [-0.22816887  0.30095462 -0.32904538]
 [-0.0242363   0.08400985 -0.54599015]]","[1899. 2244.  927. 1904. 2255.  916. 2032. 2102. 1069. 2196. 2244.  927.
 2191. 2255.  916. 2063. 2102. 1069.]","[1896. 2229.  933. 1928. 2230.  933. 2053. 2111. 1061. 2199. 2230.  930.
 2176. 2229.  930. 2042. 2113. 1060.]","[-16.512    4.647   65.665    0.1831   0.3052  -0.7324  -0.0913  -0.2764
   0.9556]",114
438,2,"[[ 0.22417056 -0.30137415  0.32862585]
 [ 0.03610455 -0.08185329  0.54814671]
 [-0.22511344 -0.31810318  0.31189682]
 [ 0.22511344  0.31810318 -0.31189682]
 [-0.22417056  0.30137415 -0.32862585]
 [-0.03610455  0.08185329 -0.54814671]]","[1901. 2244.  927. 1901. 2255.  916. 2024. 2101. 1070. 2194. 2244.  927.
 2194. 2255.  916. 2071. 2101. 1070.]","[1898. 2229.  932. 1925. 2229.  933. 2047. 2109. 1063. 2198. 2230.  930.
 2178. 2228.  930. 2048. 2111. 1063.]","[-1.6512e+01  4.6530e+00  6.5638e+01  0.0000e+00  6.1000e-02 -5.4930e-01
 -8.2000e-02 -2.7730e-01  9.4920e-01]",114
439,2,"[[ 0.22008408 -0.30179275  0.32820725]
 [ 0.04786895 -0.08055503  0.54944497]
 [-0.22975991 -0.31782231  0.31217769]
 [ 0.22975991  0.31782231 -0.31217769]
 [-0.22008408  0.30179275 -0.32820725]
 [-0.04786895  0.08055503 -0.54944497]]","[1904. 2244.  927. 1898. 2255.  916. 2016. 2100. 1071. 2191. 2244.  927.
 2197. 2255.  916. 2079. 2100. 1071.]","[1901. 2229.  932. 1921. 2229.  933. 2037. 2106. 1066. 2194. 2231.  930.
 2183. 2228.  930. 2057. 2107. 1065.]","[-1.6512e+01  4.6530e+00  6.5616e+01  0.0000e+00  6.1000e-02 -3.6620e-01
 -8.9800e-02 -2.9200e-01  9.5170e-01]",114
440,2,"[[ 0.21591102 -0.30221023  0.32778977]
 [ 0.05951239 -0.08012695  0.54987305]
 [-0.23427734 -0.31751558  0.31248442]
 [ 0.23427734  0.31751558 -0.31248442]
 [-0.21591102  0.30221023 -0.32778977]
 [-0.05951239  0.08012695 -0.54987305]]","[1907. 2245.  926. 1895. 2254.  916. 2009. 2100. 1071. 2188. 2245.  926.
 2200. 2254.  916. 2086. 2100. 1071.]","[1903. 2228.  932. 1918. 2230.  933. 2029. 2104. 1068. 2191. 2230.  930.
 2186. 2228.  930. 2065. 2106. 1067.]","[-16.512    4.653   65.599    0.       0.1831  -0.4272  -0.0713  -0.2881
   0.9521]",114
441,2,"[[ 0.21165304 -0.30262638  0.32737362]
 [ 0.07101832 -0.08053617  0.54946383]
 [-0.23866376 -0.31718371  0.31281629]
 [ 0.23866376  0.31718371 -0.31281629]
 [-0.21165304  0.30262638 -0.32737362]
 [-0.07101832  0.08053617 -0.54946383]]","[1910. 2245.  926. 1892. 2254.  917. 2001. 2100. 1071. 2185. 2245.  926.
 2203. 2254.  917. 2094. 2100. 1071.]","[1905. 2229.  931. 1916. 2230.  933. 2024. 2103. 1069. 2190. 2230.  929.
 2188. 2229.  930. 2071. 2106. 1069.]","[-1.6512e+01  4.6580e+00  6.5583e+01  0.0000e+00  6.1000e-02 -3.0520e-01
 -7.5700e-02 -2.9300e-01  9.5610e-01]",114
442,2,"[[ 0.20731181 -0.30304102  0.32695898]
 [ 0.08237078 -0.08111714  0.54888286]
 [-0.24291725 -0.31682746  0.31317254]
 [ 0.24291725  0.31682746 -0.31317254]
 [-0.20731181  0.30304102 -0.32695898]
 [-0.08237078  0.08111714 -0.54888286]]","[1912. 2245.  926. 1889. 2254.  917. 1994. 2100. 1071. 2183. 2245.  926.
 2206. 2254.  917. 2101. 2100. 1071.]","[1909. 2229.  931. 1911. 2229.  933. 2014. 2103. 1070. 2186. 2230.  930.
 2192. 2229.  930. 2081. 2104. 1069.]","[-1.6512e+01  4.6530e+00  6.5572e+01  6.1000e-02  0.0000e+00 -2.4410e-01
 -8.4000e-02 -2.9100e-01  9.5510e-01]",114
443,2,"[[ 0.20288903 -0.30345396  0.32654604]
 [ 0.09355438 -0.08177069  0.54822931]
 [-0.24703597 -0.31644757  0.31355243]
 [ 0.24703597  0.31644757 -0.31355243]
 [-0.20288903  0.30345396 -0.32654604]
 [-0.09355438  0.08177069 -0.54822931]]","[1915. 2245.  926. 1886. 2254.  917. 1987. 2101. 1070. 2180. 2245.  926.
 2209. 2254.  917. 2108. 2101. 1070.]","[1911. 2229.  931. 1909. 2230.  933. 2008. 2102. 1070. 2185. 2230.  929.
 2194. 2228.  930. 2086. 2104. 1070.]","[-16.507    4.658   65.555    0.1831   0.1221  -0.3662  -0.0894  -0.2964
   0.9404]",114
444,2,"[[ 0.19838644 -0.30386501  0.32613499]
 [ 0.10455433 -0.08261918  0.54738082]
 [-0.25101818 -0.31604486  0.31395514]
 [ 0.25101818  0.31604486 -0.31395514]
 [-0.19838644  0.30386501 -0.32613499]
 [-0.10455433  0.08261918 -0.54738082]]","[1918. 2246.  925. 1884. 2254.  917. 1979. 2101. 1070. 2177. 2246.  925.
 2211. 2254.  917. 2116. 2101. 1070.]","[1915. 2229.  930. 1905. 2230.  933. 1999. 2102. 1070. 2181. 2230.  930.
 2199. 2229.  930. 2095. 2104. 1069.]","[-1.6507e+01  4.6580e+00  6.5539e+01  6.1000e-02  1.8310e-01 -3.6620e-01
 -7.8600e-02 -2.8610e-01  9.5700e-01]",114
445,2,"[[ 0.19380582 -0.30427398  0.32572602]
 [ 0.11535643 -0.08369163  0.54630837]
 [-0.25486221 -0.31562012  0.31437988]
 [ 0.25486221  0.31562012 -0.31437988]
 [-0.19380582  0.30427398 -0.32572602]
 [-0.11535643  0.08369163 -0.54630837]]","[1921. 2246.  925. 1881. 2253.  918. 1972. 2102. 1069. 2174. 2246.  925.
 2214. 2253.  918. 2123. 2102. 1069.]","[1917. 2229.  930. 1904. 2229.  933. 1994. 2102. 1070. 2179. 2230.  929.
 2200. 2229.  930. 2101. 2104. 1069.]","[-1.6507e+01  4.6640e+00  6.5528e+01  0.0000e+00  6.1000e-02 -3.0520e-01
 -8.2500e-02 -2.8610e-01  9.6000e-01]",114
446,2,"[[ 0.18914896 -0.30468069  0.32531931]
 [ 0.12594709 -0.0849974   0.5450026 ]
 [-0.25856647 -0.31517418  0.31482582]
 [ 0.25856647  0.31517418 -0.31482582]
 [-0.18914896  0.30468069 -0.32531931]
 [-0.12594709  0.0849974  -0.5450026 ]]","[1924. 2246.  925. 1879. 2253.  918. 1965. 2103. 1068. 2171. 2246.  925.
 2216. 2253.  918. 2130. 2103. 1068.]","[1920. 2231.  930. 1901. 2229.  933. 1986. 2102. 1069. 2176. 2230.  929.
 2204. 2229.  930. 2109. 2104. 1069.]","[-16.507    4.664   65.511    0.       0.1221  -0.3662  -0.0757  -0.2881
   0.9434]",114
447,2,"[[ 0.18441771 -0.30508496  0.32491504]
 [ 0.13631332 -0.08654218  0.54345782]
 [-0.26212944 -0.31470791  0.31529209]
 [ 0.26212944  0.31470791 -0.31529209]
 [-0.18441771  0.30508496 -0.32491504]
 [-0.13631332  0.08654218 -0.54345782]]","[1927. 2246.  925. 1877. 2253.  918. 1959. 2104. 1067. 2168. 2246.  925.
 2218. 2253.  918. 2136. 2104. 1067.]","[1922. 2231.  930. 1898. 2230.  933. 1979. 2103. 1069. 2173. 2230.  929.
 2207. 2228.  930. 2116. 2104. 1069.]","[-1.6507e+01  4.6690e+00  6.5490e+01  6.1000e-02  3.0520e-01 -3.6620e-01
 -7.7100e-02 -2.8860e-01  9.7020e-01]",114
448,2,"[[ 0.17961391 -0.3054866   0.3245134 ]
 [ 0.14644274 -0.08833093  0.54166907]
 [-0.2655497  -0.31422215  0.31577785]
 [ 0.2655497   0.31422215 -0.31577785]
 [-0.17961391  0.3054866  -0.3245134 ]
 [-0.14644274  0.08833093 -0.54166907]]","[1930. 2247.  924. 1874. 2252.  919. 1952. 2105. 1066. 2165. 2247.  924.
 2221. 2252.  919. 2143. 2105. 1066.]","[1926. 2232.  930. 1895. 2229.  933. 1971. 2103. 1068. 2170. 2230.  929.
 2208. 2229.  930. 2125. 2104. 1068.]","[-16.501    4.68    65.479    0.1831   0.3052  -0.2441  -0.0845  -0.2886
   0.9536]",114
449,2,"[[ 0.17473947 -0.30588543  0.32411457]
 [ 0.15632357 -0.09036832  0.53963168]
 [-0.26882591 -0.3137178   0.3162822 ]
 [ 0.26882591  0.3137178  -0.3162822 ]
 [-0.17473947  0.30588543 -0.32411457]
 [-0.15632357  0.09036832 -0.53963168]]","[1934. 2247.  924. 1872. 2252.  919. 1946. 2106. 1065. 2161. 2247.  924.
 2223. 2252.  919. 2149. 2106. 1065.]","[1928. 2232.  929. 1893. 2229.  933. 1965. 2104. 1067. 2167. 2231.  928.
 2210. 2228.  930. 2130. 2105. 1067.]","[-16.496    4.686   65.468    0.1221   0.1831  -0.1221  -0.0918  -0.2944
   0.9326]",114
450,2,"[[ 0.16979629 -0.30628128  0.32371872]
 [ 0.16594465 -0.09265882  0.53734118]
 [-0.27195681 -0.31319574  0.31680426]
 [ 0.27195681  0.31319574 -0.31680426]
 [-0.16979629  0.30628128 -0.32371872]
 [-0.16594465  0.09265882 -0.53734118]]","[1937. 2247.  924. 1870. 2252.  919. 1939. 2108. 1063. 2158. 2247.  924.
 2225. 2252.  919. 2156. 2108. 1063.]","[1932. 2233.  929. 1890. 2230.  933. 1957. 2105. 1066. 2164. 2231.  928.
 2213. 2229.  930. 2138. 2106. 1066.]","[-1.6490e+01  4.6910e+00  6.5457e+01  6.1000e-02  1.8310e-01 -2.4410e-01
 -6.4000e-02 -2.8860e-01  9.6000e-01]",114
451,2,"[[ 0.16478632 -0.30667396  0.32332604]
 [ 0.17529542 -0.09520669  0.53479331]
 [-0.2749412  -0.31265686  0.31734314]
 [ 0.2749412   0.31265686 -0.31734314]
 [-0.16478632  0.30667396 -0.32332604]
 [-0.17529542  0.09520669 -0.53479331]]","[1940. 2247.  924. 1868. 2251.  920. 1933. 2110. 1061. 2155. 2247.  924.
 2227. 2251.  920. 2162. 2110. 1061.]","[1935. 2233.  929. 1887. 2230.  933. 1952. 2106. 1065. 2162. 2230.  928.
 2215. 2228.  930. 2143. 2107. 1065.]","[-16.49     4.697   65.44     0.1221   0.1831  -0.4883  -0.0762  -0.2881
   0.9595]",114
452,2,"[[ 0.15971154 -0.30706331  0.32293669]
 [ 0.18436592 -0.098016    0.531984  ]
 [-0.27777799 -0.31210209  0.31789791]
 [ 0.27777799  0.31210209 -0.31789791]
 [-0.15971154  0.30706331 -0.32293669]
 [-0.18436592  0.098016   -0.531984  ]]","[1943. 2248.  923. 1866. 2251.  920. 1927. 2111. 1060. 2152. 2248.  923.
 2229. 2251.  920. 2168. 2111. 1060.]","[1939. 2233.  929. 1884. 2229.  933. 1944. 2109. 1063. 2157. 2230.  928.
 2219. 2228.  930. 2151. 2109. 1063.]","[-16.485    4.697   65.424    0.1221   0.1221  -0.3052  -0.0835  -0.2827
   0.9482]",114
453,2,"[[ 0.15457393 -0.30744915  0.32255085]
 [ 0.19314678 -0.10109062  0.52890938]
 [-0.28046616 -0.31153235  0.31846765]
 [ 0.28046616  0.31153235 -0.31846765]
 [-0.15457393  0.30744915 -0.32255085]
 [-0.19314678  0.10109062 -0.52890938]]","[1947. 2248.  923. 1865. 2251.  920. 1922. 2113. 1058. 2148. 2248.  923.
 2230. 2251.  920. 2173. 2113. 1058.]","[1941. 2233.  929. 1883. 2229.  934. 1938. 2110. 1061. 2154. 2230.  927.
 2221. 2228.  930. 2157. 2110. 1061.]","[-1.6485e+01  4.6970e+00  6.5407e+01  6.1000e-02  1.2210e-01 -3.0520e-01
 -8.6400e-02 -2.8710e-01  9.4580e-01]",114
454,2,"[[ 0.14937552 -0.3078313   0.3221687 ]
 [ 0.20162925 -0.10443418  0.52556582]
 [-0.28300477 -0.31094855  0.31905145]
 [ 0.28300477  0.31094855 -0.31905145]
 [-0.14937552  0.3078313  -0.3221687 ]
 [-0.20162925  0.10443418 -0.52556582]]","[1950. 2248.  923. 1863. 2250.  921. 1916. 2116. 1055. 2145. 2248.  923.
 2232. 2250.  921. 2179. 2116. 1055.]","[1944. 2233.  929. 1882. 2230.  933. 1934. 2111. 1060. 2152. 2230.  927.
 2222. 2228.  930. 2162. 2111. 1060.]","[-16.485    4.697   65.391    0.       0.1221  -0.4883  -0.0732  -0.2832
   0.9561]",114
455,2,"[[ 0.14411836 -0.30820961  0.32179039]
 [ 0.20980513 -0.10805008  0.52194992]
 [-0.28539297 -0.31035163  0.31964837]
 [ 0.28539297  0.31035163 -0.31964837]
 [-0.14411836  0.30820961 -0.32179039]
 [-0.20980513  0.10805008 -0.52194992]]","[1954. 2248.  923. 1861. 2250.  921. 1911. 2118. 1053. 2141. 2248.  923.
 2234. 2250.  921. 2184. 2118. 1053.]","[1947. 2233.  928. 1880. 2230.  933. 1928. 2113. 1058. 2149. 2230.  927.
 2225. 2229.  930. 2168. 2113. 1058.]","[-16.485    4.697   65.369    0.       0.1221  -0.5493  -0.0854  -0.2861
   0.9521]",114
456,2,"[[ 0.1388045  -0.30858391  0.32141609]
 [ 0.21766683 -0.11194149  0.51805851]
 [-0.28762996 -0.30974251  0.32025749]
 [ 0.28762996  0.30974251 -0.32025749]
 [-0.1388045   0.30858391 -0.32141609]
 [-0.21766683  0.11194149 -0.51805851]]","[1957. 2249.  922. 1860. 2249.  922. 1906. 2120. 1050. 2138. 2249.  922.
 2235. 2249.  922. 2189. 2120. 1050.]","[1951. 2233.  928. 1877. 2230.  933. 1922. 2116. 1056. 2146. 2231.  927.
 2227. 2228.  930. 2173. 2116. 1056.]","[-1.6490e+01  4.6970e+00  6.5352e+01 -1.2210e-01  6.1000e-02 -3.6620e-01
 -8.3500e-02 -2.8560e-01  9.5260e-01]",114
457,2,"[[ 0.13343605 -0.30895403  0.32104597]
 [ 0.22520732 -0.11611135  0.51388865]
 [-0.28971507 -0.30912215  0.32087785]
 [ 0.28971507  0.30912215 -0.32087785]
 [-0.13343605  0.30895403 -0.32104597]
 [-0.22520732  0.11611135 -0.51388865]]","[1961. 2249.  922. 1859. 2249.  922. 1901. 2123. 1048. 2134. 2249.  922.
 2236. 2249.  922. 2194. 2123. 1048.]","[1955. 2233.  928. 1875. 2230.  933. 1915. 2119. 1053. 2142. 2232.  926.
 2229. 2228.  930. 2180. 2118. 1053.]","[-1.6496e+01  4.6970e+00  6.5336e+01 -6.1000e-02  1.2210e-01 -3.0520e-01
 -8.0600e-02 -2.9050e-01  9.5310e-01]",114
458,2,"[[ 0.12801511 -0.30931981  0.32068019]
 [ 0.23242016 -0.12056233  0.50943767]
 [-0.29164767 -0.30849146  0.32150854]
 [ 0.29164767  0.30849146 -0.32150854]
 [-0.12801511  0.30931981 -0.32068019]
 [-0.23242016  0.12056233 -0.50943767]]","[1964. 2249.  922. 1857. 2249.  922. 1896. 2126. 1045. 2131. 2249.  922.
 2238. 2249.  922. 2199. 2126. 1045.]","[1957. 2233.  927. 1874. 2230.  933. 1911. 2120. 1051. 2139. 2232.  926.
 2230. 2228.  930. 2184. 2120. 1051.]","[-1.6496e+01  4.6970e+00  6.5319e+01  0.0000e+00  6.1000e-02 -4.2720e-01
 -8.1500e-02 -2.9050e-01  9.5560e-01]",114
459,2,"[[ 0.12254382 -0.30968109  0.32031891]
 [ 0.23929943 -0.12529686  0.50470314]
 [-0.29342722 -0.30785138  0.32214862]
 [ 0.29342722  0.30785138 -0.32214862]
 [-0.12254382  0.30968109 -0.32031891]
 [-0.23929943  0.12529686 -0.50470314]]","[1968. 2249.  922. 1856. 2248.  923. 1892. 2129. 1042. 2127. 2249.  922.
 2239. 2248.  923. 2203. 2129. 1042.]","[1961. 2233.  928. 1872. 2229.  933. 1906. 2123. 1049. 2136. 2232.  926.
 2232. 2228.  930. 2189. 2122. 1049.]","[-1.6496e+01  4.6970e+00  6.5297e+01 -6.1000e-02  6.1000e-02 -4.2720e-01
 -7.9600e-02 -2.9050e-01  9.4780e-01]",114
460,2,"[[ 0.11702433 -0.31003772  0.31996228]
 [ 0.2458398  -0.13031709  0.49968291]
 [-0.29505328 -0.30720286  0.32279714]
 [ 0.29505328  0.30720286 -0.32279714]
 [-0.11702433  0.31003772 -0.31996228]
 [-0.2458398   0.13031709 -0.49968291]]","[1971. 2250.  921. 1855. 2248.  923. 1887. 2132. 1039. 2124. 2250.  921.
 2240. 2248.  923. 2208. 2132. 1039.]","[1964. 2233.  928. 1871. 2230.  933. 1901. 2126. 1046. 2133. 2232.  926.
 2234. 2229.  930. 2194. 2125. 1046.]","[-16.507    4.691   65.281   -0.1831   0.      -0.4272  -0.082   -0.2896
   0.9492]",114
461,2,"[[ 0.1114588  -0.31038954  0.31961046]
 [ 0.25203645 -0.13562492  0.49437508]
 [-0.29652546 -0.30654681  0.32345319]
 [ 0.29652546  0.30654681 -0.32345319]
 [-0.1114588   0.31038954 -0.31961046]
 [-0.25203645  0.13562492 -0.49437508]]","[1975. 2250.  921. 1854. 2247.  924. 1883. 2136. 1035. 2120. 2250.  921.
 2241. 2247.  924. 2212. 2136. 1035.]","[1967. 2233.  927. 1870. 2230.  933. 1896. 2129. 1043. 2130. 2232.  925.
 2236. 2228.  930. 2199. 2127. 1043.]","[-1.6512e+01  4.6910e+00  6.5264e+01 -6.1000e-02  0.0000e+00 -4.2720e-01
 -8.7900e-02 -2.9200e-01  9.5850e-01]",114
462,2,"[[ 0.10584943 -0.3107364   0.3192636 ]
 [ 0.2578851  -0.14122197  0.48877803]
 [-0.29784346 -0.30588416  0.32411584]
 [ 0.29784346  0.30588416 -0.32411584]
 [-0.10584943  0.3107364  -0.3192636 ]
 [-0.2578851   0.14122197 -0.48877803]]","[1978. 2250.  921. 1853. 2247.  924. 1879. 2140. 1031. 2117. 2250.  921.
 2242. 2247.  924. 2216. 2140. 1031.]","[1971. 2233.  927. 1868. 2229.  933. 1892. 2131. 1039. 2129. 2232.  925.
 2237. 2228.  930. 2204. 2131. 1040.]","[-1.6518e+01  4.6910e+00  6.5253e+01  0.0000e+00  6.1000e-02 -3.0520e-01
 -7.9600e-02 -2.9050e-01  9.4780e-01]",114
463,2,"[[ 0.10019843 -0.31107815  0.31892185]
 [ 0.26338201 -0.1471096   0.4828904 ]
 [-0.29900707 -0.30521583  0.32478417]
 [ 0.29900707  0.30521583 -0.32478417]
 [-0.10019843  0.31107815 -0.31892185]
 [-0.26338201  0.1471096  -0.4828904 ]]","[1982. 2250.  921. 1853. 2246.  924. 1876. 2143. 1028. 2113. 2250.  921.
 2242. 2246.  924. 2219. 2143. 1028.]","[1974. 2233.  927. 1867. 2230.  933. 1887. 2135. 1036. 2125. 2232.  925.
 2238. 2228.  930. 2208. 2135. 1036.]","[-1.6518e+01  4.6860e+00  6.5237e+01 -6.1000e-02  0.0000e+00 -4.2720e-01
 -8.1500e-02 -2.9150e-01  9.4970e-01]",114
464,2,"[[ 0.09450801 -0.31141465  0.31858535]
 [ 0.26852392 -0.15328886  0.47671114]
 [-0.30001614 -0.30454274  0.32545726]
 [ 0.30001614  0.30454274 -0.32545726]
 [-0.09450801  0.31141465 -0.31858535]
 [-0.26852392  0.15328886 -0.47671114]]","[1986. 2251.  920. 1852. 2246.  925. 1872. 2147. 1024. 2109. 2251.  920.
 2243. 2246.  925. 2223. 2147. 1024.]","[1978. 2234.  927. 1866. 2230.  933. 1883. 2138. 1033. 2122. 2232.  925.
 2240. 2228.  930. 2212. 2138. 1033.]","[-1.6529e+01  4.6860e+00  6.5215e+01 -1.2210e-01  6.1000e-02 -4.2720e-01
 -7.3700e-02 -2.9000e-01  9.5610e-01]",114
465,2,"[[ 0.08878042 -0.31174576  0.31825424]
 [ 0.27330809 -0.15976055  0.47023945]
 [-0.30087062 -0.30386579  0.32613421]
 [ 0.30087062  0.30386579 -0.32613421]
 [-0.08878042  0.31174576 -0.31825424]
 [-0.27330809  0.15976055 -0.47023945]]","[1990. 2251.  920. 1851. 2246.  925. 1869. 2152. 1019. 2105. 2251.  920.
 2244. 2246.  925. 2226. 2152. 1019.]","[1981. 2233.  927. 1866. 2230.  934. 1879. 2143. 1029. 2118. 2232.  925.
 2241. 2228.  931. 2216. 2142. 1029.]","[-1.6534e+01  4.6860e+00  6.5193e+01 -6.1000e-02  1.2210e-01 -4.8830e-01
 -8.1100e-02 -2.8910e-01  9.5700e-01]",114
466,2,"[[ 0.08301791 -0.31207132  0.31792868]
 [ 0.27773226 -0.16652515  0.46347485]
 [-0.30157053 -0.30318588  0.32681412]
 [ 0.30157053  0.30318588 -0.32681412]
 [-0.08301791  0.31207132 -0.31792868]
 [-0.27773226  0.16652515 -0.46347485]]","[1993. 2251.  920. 1851. 2245.  926. 1866. 2156. 1015. 2102. 2251.  920.
 2244. 2245.  926. 2229. 2156. 1015.]","[1984. 2233.  927. 1864. 2230.  934. 1876. 2145. 1026. 2113. 2233.  924.
 2241. 2228.  932. 2219. 2145. 1026.]","[-1.6540e+01  4.6860e+00  6.5176e+01 -6.1000e-02  1.2210e-01 -4.2720e-01
 -8.5400e-02 -2.8960e-01  9.4820e-01]",114
467,2,"[[ 0.07722275 -0.31239121  0.31760879]
 [ 0.28179466 -0.17358288  0.45641712]
 [-0.30211607 -0.30250389  0.32749611]
 [ 0.30211607  0.30250389 -0.32749611]
 [-0.07722275  0.31239121 -0.31760879]
 [-0.28179466  0.17358288 -0.45641712]]","[1997. 2251.  920. 1851. 2245.  926. 1864. 2161. 1010. 2098. 2251.  920.
 2244. 2245.  926. 2231. 2161. 1010.]","[1988. 2233.  927. 1864. 2229.  934. 1873. 2150. 1022. 2110. 2233.  924.
 2243. 2228.  932. 2223. 2149. 1022.]","[-16.551    4.686   65.165   -0.1831   0.      -0.3052  -0.082   -0.2871
   0.9448]",114
468,2,"[[ 0.0713972  -0.31270529  0.31729471]
 [ 0.28549398 -0.18093366  0.44906634]
 [-0.3025081  -0.30182071  0.32817929]
 [ 0.3025081   0.30182071 -0.32817929]
 [-0.0713972   0.31270529 -0.31729471]
 [-0.28549398  0.18093366 -0.44906634]]","[2001. 2251.  920. 1850. 2244.  927. 1861. 2165. 1006. 2094. 2251.  920.
 2245. 2244.  927. 2234. 2165. 1006.]","[1991. 2233.  927. 1863. 2229.  934. 1869. 2154. 1018. 2107. 2232.  924.
 2246. 2228.  933. 2226. 2154. 1017.]","[-1.6562e+01  4.6800e+00  6.5154e+01 -2.4410e-01 -6.1000e-02 -2.4410e-01
 -7.5200e-02 -2.8520e-01  9.6090e-01]",114
469,2,"[[ 0.06554358 -0.31301343  0.31698657]
 [ 0.28882936 -0.18857712  0.44142288]
 [-0.30274954 -0.30113718  0.32886282]
 [ 0.30274954  0.30113718 -0.32886282]
 [-0.06554358  0.31301343 -0.31698657]
 [-0.28882936  0.18857712 -0.44142288]]","[2005. 2252.  919. 1850. 2244.  927. 1859. 2170. 1001. 2090. 2252.  919.
 2245. 2244.  927. 2236. 2170. 1001.]","[1993. 2233.  927. 1862. 2229.  934. 1866. 2159. 1013. 2103. 2233.  924.
 2247. 2228.  933. 2229. 2158. 1013.]","[-16.567    4.675   65.143   -0.1221   0.      -0.3052  -0.0737  -0.2837
   0.9634]",114
470,2,"[[ 0.05966417 -0.3133155   0.3166845 ]
 [ 0.29180039 -0.19651257  0.43348743]
 [-0.30282348 -0.30045408  0.32954592]
 [ 0.30282348  0.30045408 -0.32954592]
 [-0.05966417  0.3133155  -0.3166845 ]
 [-0.29180039  0.19651257 -0.43348743]]","[2009. 2252.  919. 1850. 2243.  928. 1857. 2176.  995. 2086. 2252.  919.
 2245. 2243.  928. 2238. 2176.  995.]","[1995. 2233.  927. 1861. 2229.  934. 1864. 2163. 1009. 2099. 2233.  924.
 2247. 2228.  934. 2231. 2163. 1009.]","[-1.6562e+01  4.6750e+00  6.5132e+01  6.1000e-02  6.1000e-02 -2.4410e-01
 -8.2000e-02 -2.7980e-01  9.4920e-01]",114
471,2,"[[ 0.0537613  -0.31361137  0.31638863]
 [ 0.2944071  -0.20473905  0.42526095]
 [-0.30253239 -0.2997715   0.3302285 ]
 [ 0.30253239  0.2997715  -0.3302285 ]
 [-0.0537613   0.31361137 -0.31638863]
 [-0.2944071   0.20473905 -0.42526095]]","[2012. 2252.  919. 1850. 2243.  928. 1856. 2181.  990. 2083. 2252.  919.
 2245. 2243.  928. 2239. 2181.  990.]","[2000. 2233.  927. 1860. 2229.  935. 1861. 2170. 1002. 2094. 2233.  924.
 2247. 2228.  935. 2235. 2169. 1002.]","[-16.562    4.675   65.127    0.       0.      -0.1831  -0.0908  -0.2905
   0.9497]",114
472,2,"[[ 0.04783727 -0.31390092  0.31609908]
 [ 0.29664993 -0.21325531  0.41674469]
 [-0.30173869 -0.29908871  0.33091129]
 [ 0.30173869  0.29908871 -0.33091129]
 [-0.04783727  0.31390092 -0.31609908]
 [-0.29664993  0.21325531 -0.41674469]]","[2016. 2252.  919. 1851. 2242.  928. 1854. 2187.  984. 2079. 2252.  919.
 2244. 2242.  928. 2241. 2187.  984.]","[2004. 2233.  926. 1859. 2229.  936. 1858. 2175.  997. 2091. 2233.  924.
 2247. 2227.  935. 2236. 2174.  997.]","[-16.567    4.68    65.132   -0.3662  -0.1221   0.3052  -0.0889  -0.293
   0.9448]",114
473,2,"[[ 0.04189444 -0.31418404  0.31581596]
 [ 0.29852973 -0.22205978  0.40794022]
 [-0.3004479  -0.29840623  0.33159377]
 [ 0.3004479   0.29840623 -0.33159377]
 [-0.04189444  0.31418404 -0.31581596]
 [-0.29852973  0.22205978 -0.40794022]]","[2020. 2252.  919. 1852. 2242.  929. 1853. 2192.  979. 2075. 2252.  919.
 2243. 2242.  929. 2242. 2192.  979.]","[2007. 2233.  926. 1859. 2229.  936. 1858. 2178.  994. 2089. 2232.  923.
 2247. 2228.  936. 2238. 2178.  993.]","[-16.578    4.68    65.149   -0.1831  -0.2441   0.4883  -0.0835  -0.2988
   0.9556]",114
474,2,"[[ 0.03593512 -0.3144606   0.3155394 ]
 [ 0.30004777 -0.2311506   0.3988494 ]
 [-0.29866726 -0.29772493  0.33227507]
 [ 0.29866726  0.29772493 -0.33227507]
 [-0.03593512  0.3144606  -0.3155394 ]
 [-0.30004777  0.2311506  -0.3988494 ]]","[2024. 2252.  918. 1853. 2242.  929. 1852. 2198.  973. 2071. 2252.  918.
 2242. 2242.  929. 2243. 2198.  973.]","[2011. 2234.  926. 1859. 2229.  937. 1856. 2185.  987. 2085. 2232.  923.
 2246. 2228.  936. 2240. 2185.  987.]","[-16.589    4.68    65.171   -0.1221  -0.1221   0.4883  -0.0728  -0.3032
   0.9478]",114
475,2,"[[ 0.02996166 -0.31473049  0.31526951]
 [ 0.30120568 -0.24052562  0.38947438]
 [-0.29640507 -0.29704572  0.33295428]
 [ 0.29640507  0.29704572 -0.33295428]
 [-0.02996166  0.31473049 -0.31526951]
 [-0.30120568  0.24052562 -0.38947438]]","[2028. 2253.  918. 1854. 2241.  930. 1851. 2204.  967. 2067. 2253.  918.
 2241. 2241.  930. 2244. 2204.  967.]","[2015. 2233.  926. 1859. 2229.  938. 1854. 2191.  981. 2082. 2232.  923.
 2246. 2227.  936. 2241. 2190.  981.]","[-16.595    4.68    65.187   -0.1831  -0.1221   0.2441  -0.0732  -0.2969
   0.9536]",114
476,2,"[[ 0.02397643 -0.31499361  0.31500639]
 [ 0.3020053  -0.25018239  0.37981761]
 [-0.29367073 -0.29636947  0.33363053]
 [ 0.29367073  0.29636947 -0.33363053]
 [-0.02397643  0.31499361 -0.31500639]
 [-0.3020053   0.25018239 -0.37981761]]","[2032. 2253.  918. 1856. 2241.  930. 1851. 2211.  960. 2063. 2253.  918.
 2239. 2241.  930. 2244. 2211.  960.]","[2019. 2234.  926. 1859. 2229.  938. 1853. 2197.  976. 2077. 2233.  923.
 2247. 2228.  936. 2243. 2196.  976.]","[-1.6600e+01  4.6800e+00  6.5198e+01 -6.1000e-02  0.0000e+00 -6.1000e-02
 -8.4500e-02 -2.9200e-01  9.5610e-01]",114
477,2,"[[ 0.01798176 -0.31524984  0.31475016]
 [ 0.30244704 -0.26011812  0.36988188]
 [-0.29047441 -0.29569708  0.33430292]
 [ 0.29047441  0.29569708 -0.33430292]
 [-0.01798176  0.31524984 -0.31475016]
 [-0.30244704  0.26011812 -0.36988188]]","[2036. 2253.  918. 1858. 2240.  931. 1850. 2217.  954. 2059. 2253.  918.
 2237. 2240.  931. 2245. 2217.  954.]","[2021. 2234.  926. 1859. 2229.  938. 1852. 2201.  971. 2075. 2232.  923.
 2246. 2228.  937. 2243. 2200.  973.]","[-1.6611e+01  4.6800e+00  6.5193e+01 -1.2210e-01  6.1000e-02 -1.8310e-01
 -8.4500e-02 -2.8420e-01  9.4920e-01]",114
478,2,"[[ 0.01198001 -0.31549908  0.31450092]
 [ 0.30254801 -0.27032843  0.35967157]
 [-0.28682695 -0.29502944  0.33497056]
 [ 0.28682695  0.29502944 -0.33497056]
 [-0.01198001  0.31549908 -0.31450092]
 [-0.30254801  0.27032843 -0.35967157]]","[2040. 2253.  918. 1861. 2240.  931. 1850. 2224.  947. 2055. 2253.  918.
 2234. 2240.  931. 2245. 2224.  947.]","[2025. 2234.  926. 1859. 2230.  939. 1851. 2209.  963. 2071. 2233.  923.
 2245. 2228.  937. 2244. 2205.  966.]","[-16.617    4.68    65.182   -0.2441   0.      -0.1831  -0.083   -0.2817
   0.9556]",114
479,2,"[[ 0.00597356 -0.31574123  0.31425877]
 [ 0.30246829 -0.28078961  0.34921039]
 [-0.2827398  -0.29436745  0.33563255]
 [ 0.2827398   0.29436745 -0.33563255]
 [-0.00597356  0.31574123 -0.31425877]
 [-0.30246829  0.28078961 -0.34921039]]","[2044. 2253.  918. 1863. 2239.  932. 1850. 2231.  940. 2051. 2253.  918.
 2232. 2239.  932. 2245. 2231.  940.]","[2027. 2234.  926. 1860. 2229.  939. 1851. 2213.  959. 2068. 2232.  923.
 2245. 2227.  938. 2244. 2209.  962.]","[-1.6633e+01  4.6860e+00  6.5176e+01 -4.2720e-01  0.0000e+00 -6.1000e-02
 -7.3700e-02 -2.8170e-01  9.4730e-01]",114
480,2,"[[-3.52447074e-05 -3.15976197e-01  3.14023803e-01]
 [ 3.02319777e-01 -2.86978506e-01  3.43021494e-01]
 [-2.78224900e-01 -2.93711989e-01  3.36288011e-01]
 [ 2.78224900e-01  2.93711989e-01 -3.36288011e-01]
 [ 3.52447074e-05  3.15976197e-01 -3.14023803e-01]
 [-3.02319777e-01  2.86978506e-01 -3.43021494e-01]]","[2048. 2253.  917. 1866. 2239.  932. 1850. 2235.  936. 2047. 2253.  917.
 2229. 2239.  932. 2245. 2235.  936.]","[2032. 2234.  926. 1861. 2229.  939. 1851. 2222.  951. 2063. 2234.  923.
 2243. 2228.  939. 2244. 2216.  954.]","[-1.6650e+01  4.6800e+00  6.5176e+01 -4.2720e-01 -6.1000e-02 -6.1000e-02
 -6.4000e-02 -2.9200e-01  9.5310e-01]",114
481,2,"[[-0.00604404 -0.31620388  0.31379612]
 [ 0.30210785 -0.28730432  0.34269568]
 [-0.27329469 -0.29306393  0.33693607]
 [ 0.27329469  0.29306393 -0.33693607]
 [ 0.00604404  0.31620388 -0.31379612]
 [-0.30210785  0.28730432 -0.34269568]]","[2051. 2254.  917. 1869. 2239.  932. 1851. 2235.  936. 2044. 2254.  917.
 2226. 2239.  932. 2244. 2235.  936.]","[2034. 2234.  926. 1862. 2229.  939. 1851. 2226.  946. 2061. 2234.  923.
 2242. 2227.  939. 2244. 2221.  950.]","[-1.6672e+01  4.6750e+00  6.5171e+01 -9.7660e-01 -2.4410e-01 -1.2210e-01
 -6.2000e-02 -2.9390e-01  9.5560e-01]",114
482,2,"[[-0.01205045 -0.3164242   0.3135758 ]
 [ 0.30182758 -0.28763577  0.34236423]
 [-0.26796202 -0.29242415  0.33757585]
 [ 0.26796202  0.29242415 -0.33757585]
 [ 0.01205045  0.3164242  -0.3135758 ]
 [-0.30182758  0.28763577 -0.34236423]]","[2055. 2254.  917. 1873. 2238.  933. 1851. 2235.  936. 2040. 2254.  917.
 2222. 2238.  933. 2244. 2235.  936.]","[2038. 2234.  926. 1863. 2229.  939. 1851. 2231.  942. 2056. 2235.  923.
 2240. 2227.  940. 2244. 2226.  945.]","[-16.71     4.664   65.171   -0.8545  -0.1831  -0.2441  -0.0869  -0.2852
   0.9746]",114
483,2,"[[-0.01805212 -0.31663707  0.31336293]
 [ 0.30147615 -0.28797266  0.34202734]
 [-0.26224015 -0.2917935   0.3382065 ]
 [ 0.26224015  0.2917935  -0.3382065 ]
 [ 0.01805212  0.31663707 -0.31336293]
 [-0.30147615  0.28797266 -0.34202734]]","[2059. 2254.  917. 1877. 2238.  933. 1851. 2235.  936. 2036. 2254.  917.
 2218. 2238.  933. 2244. 2235.  936.]","[2040. 2234.  926. 1864. 2229.  939. 1851. 2233.  941. 2054. 2236.  923.
 2238. 2227.  940. 2243. 2227.  943.]","[-1.6732e+01  4.6530e+00  6.5165e+01  3.0520e-01  6.1000e-02  0.0000e+00
 -9.0300e-02 -3.0810e-01  8.8620e-01]",114
484,2,"[[-0.02404669 -0.31684239  0.31315761]
 [ 0.30105219 -0.2883148   0.3416852 ]
 [-0.2561427  -0.29117284  0.33882716]
 [ 0.2561427   0.29117284 -0.33882716]
 [ 0.02404669  0.31684239 -0.31315761]
 [-0.30105219  0.2883148  -0.3416852 ]]","[2063. 2254.  917. 1881. 2237.  934. 1851. 2235.  936. 2032. 2254.  917.
 2214. 2237.  934. 2244. 2235.  936.]","[2043. 2234.  926. 1867. 2230.  939. 1851. 2234.  940. 2051. 2236.  923.
 2235. 2227.  940. 2244. 2229.  942.]","[-16.732    4.647   65.171   -0.9155  -0.7935   0.4883  -0.082   -0.2954
   1.0254]",114
485,2,"[[-0.03003181 -0.31704009  0.31295991]
 [ 0.30055497 -0.28866198  0.34133802]
 [-0.24968358 -0.29056302  0.33943698]
 [ 0.24968358  0.29056302 -0.33943698]
 [ 0.03003181  0.31704009 -0.31295991]
 [-0.30055497  0.28866198 -0.34133802]]","[2067. 2254.  917. 1885. 2237.  934. 1852. 2236.  935. 2028. 2254.  917.
 2210. 2237.  934. 2243. 2236.  935.]","[2046. 2233.  926. 1870. 2230.  939. 1851. 2234.  939. 2047. 2236.  923.
 2232. 2227.  940. 2244. 2229.  941.]","[-1.6760e+01  4.6250e+00  6.5198e+01 -1.8310e-01 -3.0520e-01  4.2720e-01
 -6.3000e-02 -2.7930e-01  8.9400e-01]",114
486,2,"[[-0.03600511 -0.3172301   0.3127699 ]
 [ 0.29998403 -0.289014    0.340986  ]
 [-0.24287702 -0.28996484  0.34003516]
 [ 0.24287702  0.28996484 -0.34003516]
 [ 0.03600511  0.3172301  -0.3127699 ]
 [-0.29998403  0.289014   -0.340986  ]]","[2071. 2254.  917. 1889. 2237.  934. 1852. 2236.  935. 2024. 2254.  917.
 2206. 2237.  934. 2243. 2236.  935.]","[2049. 2234.  926. 1873. 2230.  939. 1851. 2235.  937. 2044. 2236.  923.
 2229. 2227.  940. 2243. 2230.  940.]","[-16.771    4.62    65.215   -0.5493  -0.2441   0.2441  -0.0771  -0.2896
   0.9897]",114
487,2,"[[-0.04196425 -0.31741235  0.31258765]
 [ 0.29933901 -0.28937064  0.34062936]
 [-0.23573746 -0.28937914  0.34062086]
 [ 0.23573746  0.28937914 -0.34062086]
 [ 0.04196425  0.31741235 -0.31258765]
 [-0.29933901  0.28937064 -0.34062936]]","[2075. 2254.  917. 1894. 2236.  935. 1852. 2236.  935. 2020. 2254.  917.
 2201. 2236.  935. 2243. 2236.  935.]","[2053. 2234.  926. 1876. 2230.  940. 1851. 2235.  936. 2040. 2236.  923.
 2224. 2227.  940. 2243. 2230.  939.]","[-1.6787e+01  4.6140e+00  6.5226e+01 -2.4410e-01  0.0000e+00  6.1000e-02
 -9.1800e-02 -3.0270e-01  9.4290e-01]",114
488,2,"[[-0.04790688 -0.31758675  0.31241325]
 [ 0.29861963 -0.2897317   0.3402683 ]
 [-0.22827958 -0.2888067   0.3411933 ]
 [ 0.22827958  0.2888067  -0.3411933 ]
 [ 0.04790688  0.31758675 -0.31241325]
 [-0.29861963  0.2897317  -0.3402683 ]]","[2079. 2255.  916. 1899. 2236.  935. 1853. 2236.  935. 2016. 2255.  916.
 2196. 2236.  935. 2242. 2236.  935.]","[2057. 2233.  926. 1879. 2230.  940. 1851. 2235.  936. 2036. 2236.  923.
 2220. 2227.  940. 2243. 2231.  939.]","[-1.6798e+01  4.6140e+00  6.5226e+01 -3.0520e-01 -6.1000e-02  0.0000e+00
 -8.4000e-02 -2.9690e-01  9.6290e-01]",114
489,2,"[[-0.05383067 -0.31775326  0.31224674]
 [ 0.29782563 -0.29009699  0.33990301]
 [-0.22051824 -0.28824831  0.34175169]
 [ 0.22051824  0.28824831 -0.34175169]
 [ 0.05383067  0.31775326 -0.31224674]
 [-0.29782563  0.29009699 -0.33990301]]","[2083. 2255.  916. 1904. 2235.  936. 1853. 2237.  934. 2012. 2255.  916.
 2191. 2235.  936. 2242. 2237.  934.]","[2060. 2234.  926. 1881. 2230.  939. 1851. 2235.  936. 2034. 2236.  922.
 2217. 2228.  940. 2242. 2231.  939.]","[-16.809    4.614   65.231   -0.1221  -0.1221   0.1221  -0.0864  -0.3022
   0.9414]",114
490,2,"[[-0.05973328 -0.31791179  0.31208821]
 [ 0.29695677 -0.29046628  0.33953372]
 [-0.21246844 -0.28770471  0.34229529]
 [ 0.21246844  0.28770471 -0.34229529]
 [ 0.05973328  0.31791179 -0.31208821]
 [-0.29695677  0.29046628 -0.33953372]]","[2086. 2255.  916. 1909. 2235.  936. 1854. 2237.  934. 2009. 2255.  916.
 2186. 2235.  936. 2241. 2237.  934.]","[2064. 2234.  926. 1885. 2230.  940. 1851. 2236.  935. 2031. 2236.  922.
 2212. 2227.  940. 2242. 2232.  938.]","[-1.6809e+01  4.6090e+00  6.5242e+01 -6.1000e-02 -2.4410e-01  3.0520e-01
 -8.7900e-02 -3.1010e-01  9.5070e-01]",114
491,2,"[[-0.0656124  -0.31806231  0.31193769]
 [ 0.29601286 -0.29083938  0.33916062]
 [-0.20414532 -0.28717667  0.34282333]
 [ 0.20414532  0.28717667 -0.34282333]
 [ 0.0656124   0.31806231 -0.31193769]
 [-0.29601286  0.29083938 -0.33916062]]","[2090. 2255.  916. 1914. 2235.  936. 1855. 2237.  934. 2005. 2255.  916.
 2181. 2235.  936. 2240. 2237.  934.]","[2067. 2234.  925. 1890. 2230.  940. 1851. 2236.  935. 2028. 2236.  922.
 2207. 2227.  940. 2242. 2232.  938.]","[-1.6815e+01  4.6090e+00  6.5259e+01  6.1000e-02 -2.4410e-01  5.4930e-01
 -9.6700e-02 -3.0810e-01  9.6000e-01]",114
492,2,"[[-0.06958873 -0.31815776  0.31184224]
 [ 0.29530656 -0.291158    0.338842  ]
 [-0.19851517 -0.28694075  0.34305925]
 [ 0.19851517  0.28694075 -0.34305925]
 [ 0.06958873  0.31815776 -0.31184224]
 [-0.29530656  0.291158   -0.338842  ]]","[2093. 2255.  916. 1918. 2235.  936. 1855. 2237.  934. 2002. 2255.  916.
 2177. 2235.  936. 2240. 2237.  934.]","[2071. 2234.  924. 1895. 2230.  939. 1853. 2236.  935. 2024. 2236.  921.
 2201. 2227.  940. 2241. 2232.  937.]","[-1.6809e+01  4.6140e+00  6.5292e+01  6.1000e-02 -2.4410e-01  9.7660e-01
 -9.1800e-02 -3.0220e-01  9.2920e-01]",114
493,2,"[[-0.07542321 -0.31829483  0.31170517]
 [ 0.29423488 -0.29153729  0.33846271]
 [-0.18977138 -0.27336673  0.35663327]
 [ 0.18977138  0.27336673 -0.35663327]
 [ 0.07542321  0.31829483 -0.31170517]
 [-0.29423488  0.29153729 -0.33846271]]","[2097. 2255.  916. 1924. 2226.  945. 1856. 2238.  933. 1998. 2255.  916.
 2171. 2226.  945. 2239. 2238.  933.]","[2075. 2234.  923. 1899. 2230.  939. 1853. 2236.  935. 2020. 2236.  922.
 2197. 2227.  940. 2240. 2233.  937.]","[-1.6809e+01  4.6200e+00  6.5341e+01  6.1000e-02 -4.2720e-01  1.3428e+00
 -9.2800e-02 -2.8860e-01  9.6530e-01]",114
494,2,"[[-0.08122802 -0.31842372  0.31157628]
 [ 0.29308774 -0.2919198   0.3380802 ]
 [-0.18079483 -0.25711302  0.37288698]
 [ 0.18079483  0.25711302 -0.37288698]
 [ 0.08122802  0.31842372 -0.31157628]
 [-0.29308774  0.2919198  -0.3380802 ]]","[2100. 2255.  916. 1930. 2215.  956. 1856. 2238.  933. 1995. 2255.  916.
 2165. 2215.  956. 2239. 2238.  933.]","[2078. 2235.  923. 1902. 2228.  942. 1854. 2237.  935. 2017. 2236.  922.
 2193. 2225.  942. 2240. 2233.  936.]","[-16.804    4.625   65.407    0.      -0.4883   1.8311  -0.1045  -0.293
   0.9375]",114
495,2,"[[-0.08700088 -0.31854441  0.31145559]
 [ 0.29186504 -0.29230533  0.33769467]
 [-0.17160089 -0.24145955  0.38854045]
 [ 0.17160089  0.24145955 -0.38854045]
 [ 0.08700088  0.31854441 -0.31145559]
 [-0.29186504  0.29230533 -0.33769467]]","[2104. 2255.  916. 1936. 2205.  966. 1857. 2238.  933. 1991. 2255.  916.
 2159. 2205.  966. 2238. 2238.  933.]","[2082. 2236.  922. 1909. 2224.  945. 1854. 2237.  934. 2013. 2236.  922.
 2187. 2220.  946. 2239. 2233.  936.]","[-16.798    4.636   65.495    0.      -0.5493   2.1973  -0.0918  -0.2847
   0.9517]",114
496,2,"[[-0.09273952 -0.31865685  0.31134315]
 [ 0.29056667 -0.29269369  0.33730631]
 [-0.16220488 -0.22642768  0.40357232]
 [ 0.16220488  0.22642768 -0.40357232]
 [ 0.09273952  0.31865685 -0.31134315]
 [-0.29056667  0.29269369 -0.33730631]]","[2108. 2255.  916. 1942. 2195.  976. 1858. 2238.  933. 1987. 2255.  916.
 2153. 2195.  976. 2237. 2238.  933.]","[2085. 2237.  921. 1918. 2216.  953. 1855. 2237.  935. 2008. 2236.  921.
 2180. 2212.  950. 2238. 2234.  934.]","[-16.787    4.658   65.588    0.3052  -0.2441   2.6245  -0.1104  -0.2808
   0.9429]",114
497,2,"[[-0.09844168 -0.318761    0.311239  ]
 [ 0.28919258 -0.29308468  0.33691532]
 [-0.15262214 -0.2120379   0.4179621 ]
 [ 0.15262214  0.2120379  -0.4179621 ]
 [ 0.09844168  0.318761   -0.311239  ]
 [-0.28919258  0.29308468 -0.33691532]]","[2112. 2255.  916. 1948. 2186.  985. 1859. 2239.  932. 1983. 2255.  916.
 2147. 2186.  985. 2236. 2239.  932.]","[2088. 2237.  920. 1924. 2213.  959. 1857. 2235.  934. 2004. 2236.  921.
 2175. 2206.  956. 2237. 2234.  933.]","[-16.76     4.697   65.715    0.4883  -0.3052   3.7842  -0.1094  -0.248
   0.9429]",114
498,2,"[[-0.10410511 -0.31885683  0.31114317]
 [ 0.28774272 -0.2934781   0.3365219 ]
 [-0.14286794 -0.19830979  0.43169021]
 [ 0.14286794  0.19830979 -0.43169021]
 [ 0.10410511  0.31885683 -0.31114317]
 [-0.28774272  0.2934781  -0.3365219 ]]","[2115. 2255.  916. 1954. 2177.  994. 1860. 2239.  932. 1980. 2255.  916.
 2141. 2177.  994. 2235. 2239.  932.]","[2092. 2237.  920. 1932. 2206.  966. 1860. 2234.  934. 1999. 2236.  920.
 2168. 2199.  965. 2236. 2234.  932.]","[-1.6716e+01  4.7410e+00  6.5891e+01  7.3240e-01 -5.4930e-01  4.9438e+00
 -3.9100e-02 -2.1780e-01  9.8140e-01]",114
499,2,"[[-0.1097276  -0.31894431  0.31105569]
 [ 0.28621706 -0.29387375  0.33612625]
 [-0.13295748 -0.185262    0.444738  ]
 [ 0.13295748  0.185262   -0.444738  ]
 [ 0.1097276   0.31894431 -0.31105569]
 [-0.28621706  0.29387375 -0.33612625]]","[2119. 2255.  916. 1961. 2168. 1003. 1861. 2239.  932. 1976. 2255.  916.
 2134. 2168. 1003. 2234. 2239.  932.]","[2097. 2237.  920. 1940. 2197.  975. 1861. 2234.  933. 1995. 2236.  919.
 2161. 2191.  974. 2234. 2234.  931.]","[-1.6639e+01  4.7680e+00  6.6066e+01  1.5869e+00 -7.3240e-01  3.9062e+00
 -2.2500e-02 -2.0310e-01  1.0073e+00]",114
500,2,"[[-0.11530693 -0.3190234   0.3109766 ]
 [ 0.28461563 -0.29427144  0.33572856]
 [-0.12290588 -0.17291223  0.45708777]
 [ 0.12290588  0.17291223 -0.45708777]
 [ 0.11530693  0.3190234  -0.3109766 ]
 [-0.28461563  0.29427144 -0.33572856]]","[2123. 2255.  915. 1967. 2160. 1011. 1862. 2239.  932. 1972. 2255.  915.
 2128. 2160. 1011. 2233. 2239.  932.]","[2101. 2236.  920. 1949. 2187.  984. 1862. 2234.  934. 1990. 2236.  918.
 2153. 2183.  983. 2233. 2234.  931.]","[-1.6529e+01  4.7740e+00  6.6193e+01  2.1362e+00 -7.3240e-01  2.0752e+00
 -3.9000e-03 -2.3390e-01  9.7750e-01]",114
501,2,"[[-0.1208409  -0.31909409  0.31090591]
 [ 0.28293844 -0.29467098  0.33532902]
 [-0.11272817 -0.16127718  0.46872282]
 [ 0.11272817  0.16127718 -0.46872282]
 [ 0.1208409   0.31909409 -0.31090591]
 [-0.28293844  0.29467098 -0.33532902]]","[2126. 2256.  915. 1974. 2153. 1018. 1863. 2240.  931. 1969. 2256.  915.
 2121. 2153. 1018. 2232. 2240.  931.]","[2110. 2236.  921. 1958. 2176.  997. 1862. 2233.  934. 1984. 2236.  917.
 2143. 2176.  996. 2231. 2234.  931.]","[-16.397    4.741   66.231    2.9907  -0.6714  -0.4272  -0.0674  -0.2754
   1.0034]",114
502,2,"[[-0.12632734 -0.31915636  0.31084364]
 [ 0.28118556 -0.29507217  0.33492783]
 [-0.10243923 -0.15037256  0.47962744]
 [ 0.10243923  0.15037256 -0.47962744]
 [ 0.12632734  0.31915636 -0.31084364]
 [-0.28118556  0.29507217 -0.33492783]]","[2130. 2256.  915. 1981. 2146. 1025. 1864. 2240.  931. 1965. 2256.  915.
 2114. 2146. 1025. 2231. 2240.  931.]","[2113. 2236.  921. 1959. 2171. 1001. 1862. 2233.  934. 1982. 2236.  918.
 2137. 2172. 1001. 2229. 2234.  932.]","[-16.249    4.697   66.176    3.8452  -0.1831  -2.6245  -0.106   -0.3125
   0.9385]",114
503,2,"[[-0.13176409 -0.31921019  0.31078981]
 [ 0.27935706 -0.29547482  0.33452518]
 [-0.09205381 -0.14021302  0.48978698]
 [ 0.09205381  0.14021302 -0.48978698]
 [ 0.13176409  0.31921019 -0.31078981]
 [-0.27935706  0.29547482 -0.33452518]]","[2133. 2256.  915. 1987. 2139. 1032. 1865. 2240.  931. 1962. 2256.  915.
 2108. 2139. 1032. 2230. 2240.  931.]","[2119. 2236.  921. 1967. 2163. 1009. 1864. 2233.  933. 1979. 2236.  918.
 2126. 2164. 1009. 2228. 2234.  934.]","[-16.111    4.664   66.044    2.9297   0.9155  -4.0894  -0.1289  -0.3384
   0.9082]",114
504,2,"[[-0.13714901 -0.31925556  0.31074444]
 [ 0.27745307 -0.29587875  0.33412125]
 [-0.08158652 -0.13081217  0.49918783]
 [ 0.08158652  0.13081217 -0.49918783]
 [ 0.13714901  0.31925556 -0.31074444]
 [-0.27745307  0.29587875 -0.33412125]]","[2137. 2256.  915. 1994. 2133. 1038. 1867. 2240.  931. 1958. 2256.  915.
 2101. 2133. 1038. 2228. 2240.  931.]","[2123. 2237.  920. 1974. 2155. 1017. 1864. 2233.  933. 1976. 2236.  918.
 2118. 2157. 1017. 2228. 2233.  934.]","[-16.024    4.664   65.874    2.1973   1.2817  -4.0894  -0.1582  -0.3877
   0.9282]",114
505,2,"[[-0.14247998 -0.31929248  0.31070752]
 [ 0.2754737  -0.29628376  0.33371624]
 [-0.07105177 -0.12218253  0.50781747]
 [ 0.07105177  0.12218253 -0.50781747]
 [ 0.14247998  0.31929248 -0.31070752]
 [-0.2754737   0.29628376 -0.33371624]]","[2140. 2256.  915. 2001. 2127. 1044. 1868. 2241.  930. 1955. 2256.  915.
 2094. 2127. 1044. 2227. 2241.  930.]","[2127. 2238.  920. 1980. 2148. 1024. 1866. 2233.  933. 1973. 2236.  918.
 2114. 2150. 1024. 2226. 2234.  934.]","[-16.002    4.68    65.748    0.8545   0.9766  -2.6245  -0.1357  -0.3857
   0.9185]",114
506,2,"[[-0.14775491 -0.31932093  0.31067907]
 [ 0.27341913 -0.29668968  0.33331032]
 [-0.06046381 -0.11433555  0.51566445]
 [ 0.06046381  0.11433555 -0.51566445]
 [ 0.14775491  0.31932093 -0.31067907]
 [-0.27341913  0.29668968 -0.33331032]]","[2144. 2256.  915. 2008. 2122. 1049. 1869. 2241.  930. 1951. 2256.  915.
 2087. 2122. 1049. 2226. 2241.  930.]","[2130. 2239.  920. 1987. 2141. 1031. 1867. 2233.  933. 1970. 2236.  918.
 2111. 2142. 1030. 2225. 2233.  934.]","[-15.996    4.708   65.715    0.6714   0.2441   0.      -0.0767  -0.312
   0.9668]",114
507,2,"[[-0.15297172 -0.31934096  0.31065904]
 [ 0.27128953 -0.29709631  0.33290369]
 [-0.0498367  -0.10728155  0.52271845]
 [ 0.0498367   0.10728155 -0.52271845]
 [ 0.15297172  0.31934096 -0.31065904]
 [-0.27128953  0.29709631 -0.33290369]]","[2147. 2256.  915. 2015. 2117. 1054. 1871. 2241.  930. 1948. 2256.  915.
 2080. 2117. 1054. 2224. 2241.  930.]","[2132. 2239.  920. 1994. 2135. 1037. 1868. 2233.  933. 1967. 2237.  918.
 2103. 2136. 1036. 2224. 2233.  934.]","[-1.5941e+01  4.7080e+00  6.5781e+01  2.1973e+00 -6.7140e-01  2.0142e+00
  3.4000e-03 -3.1640e-01  9.9320e-01]",114
508,2,"[[-0.15812836 -0.3193527   0.3106473 ]
 [ 0.26908512 -0.29750347  0.33249653]
 [-0.03918425 -0.10102974  0.52897026]
 [ 0.03918425  0.10102974 -0.52897026]
 [ 0.15812836  0.3193527  -0.3106473 ]
 [-0.26908512  0.29750347 -0.33249653]]","[2151. 2256.  915. 2022. 2113. 1058. 1872. 2241.  930. 1944. 2256.  915.
 2073. 2113. 1058. 2223. 2241.  930.]","[2134. 2239.  920. 2001. 2129. 1042. 1870. 2233.  933. 1964. 2236.  918.
 2096. 2131. 1042. 2223. 2233.  933.]","[-1.5859e+01  4.6860e+00  6.5858e+01  2.5635e+00 -1.0376e+00  1.6479e+00
  3.4000e-03 -3.0960e-01  9.1750e-01]",114
509,2,"[[-0.1632228  -0.31935637  0.31064363]
 [ 0.26680615 -0.29791098  0.33208902]
 [-0.0285201  -0.0955882   0.5344118 ]
 [ 0.0285201   0.0955882  -0.5344118 ]
 [ 0.1632228   0.31935637 -0.31064363]
 [-0.26680615  0.29791098 -0.33208902]]","[2154. 2256.  915. 2029. 2110. 1061. 1874. 2242.  929. 1941. 2256.  915.
 2066. 2110. 1061. 2221. 2242.  929.]","[2137. 2239.  920. 2008. 2124. 1048. 1871. 2233.  933. 1962. 2236.  918.
 2089. 2125. 1048. 2222. 2233.  933.]","[-1.5798e+01  4.6530e+00  6.5896e+01  1.7700e+00 -6.7140e-01  3.6620e-01
 -3.1700e-02 -2.5100e-01  9.3550e-01]",114
510,2,"[[-0.16825303 -0.3193474   0.3106526 ]
 [ 0.26445288 -0.29831866  0.33168134]
 [-0.01785762 -0.09096386  0.53903614]
 [ 0.01785762  0.09096386 -0.53903614]
 [ 0.16825303  0.3193474  -0.3106526 ]
 [-0.26445288  0.29831866 -0.33168134]]","[2157. 2256.  915. 2036. 2107. 1064. 1875. 2242.  929. 1938. 2256.  915.
 2059. 2107. 1064. 2220. 2242.  929.]","[2141. 2239.  920. 2017. 2118. 1054. 1873. 2233.  933. 1957. 2237.  918.
 2078. 2119. 1054. 2221. 2233.  933.]","[-15.743    4.625   65.874    1.8311   0.      -0.9155  -0.1025  -0.228
   0.9946]",114
511,2,"[[-0.17321709 -0.31930826  0.31069174]
 [ 0.26202559 -0.29872634  0.33127366]
 [-0.00720996 -0.0871625   0.5428375 ]
 [ 0.00720996  0.0871625  -0.5428375 ]
 [ 0.17321709  0.31930826 -0.31069174]
 [-0.26202559  0.29872634 -0.33127366]]","[2160. 2256.  915. 2043. 2104. 1067. 1877. 2242.  929. 1935. 2256.  915.
 2052. 2104. 1067. 2218. 2242.  929.]","[2144. 2239.  920. 2024. 2115. 1057. 1874. 2233.  933. 1954. 2236.  918.
 2071. 2116. 1057. 2219. 2233.  933.]","[-15.667    4.603   65.841    2.0752  -0.1221  -0.7324  -0.127   -0.2368
   0.9824]",114
512,2,"[[-0.17811301 -0.3192351   0.3107649 ]
 [ 0.25952462 -0.29913383  0.33086617]
 [ 0.00340999 -0.08418875  0.54581125]
 [-0.00340999  0.08418875 -0.54581125]
 [ 0.17811301  0.3192351  -0.3107649 ]
 [-0.25952462  0.29913383 -0.33086617]]","[2164. 2256.  915. 2050. 2102. 1069. 1878. 2243.  928. 1931. 2256.  915.
 2045. 2102. 1069. 2217. 2243.  928.]","[2147. 2239.  920. 2031. 2111. 1061. 1876. 2233.  932. 1950. 2237.  918.
 2064. 2112. 1061. 2217. 2233.  933.]","[-15.617    4.592   65.836    1.0986  -0.1831  -0.1831  -0.0986  -0.2319
   0.9033]",114
513,2,"[[-0.18293887 -0.31913199  0.31086801]
 [ 0.25695031 -0.29954097  0.33045903]
 [ 0.01398958 -0.08204609  0.54795391]
 [-0.01398958  0.08204609 -0.54795391]
 [ 0.18293887  0.31913199 -0.31086801]
 [-0.25695031  0.29954097 -0.33045903]]","[2167. 2256.  915. 2057. 2101. 1070. 1880. 2243.  928. 1928. 2256.  915.
 2038. 2101. 1070. 2215. 2243.  928.]","[2150. 2239.  920. 2038. 2108. 1064. 1878. 2233.  932. 1947. 2237.  918.
 2057. 2109. 1064. 2215. 2234.  933.]","[-1.5606e+01  4.5980e+00  6.5830e+01 -1.2210e-01  6.1000e-02  0.0000e+00
 -7.2300e-02 -2.3240e-01  9.4630e-01]",114
514,2,"[[-0.18769277 -0.31900006  0.31099994]
 [ 0.25430304 -0.29994758  0.33005242]
 [ 0.02451645 -0.08073722  0.54926278]
 [-0.02451645  0.08073722 -0.54926278]
 [ 0.18769277  0.31900006 -0.31099994]
 [-0.25430304  0.29994758 -0.33005242]]","[2170. 2255.  916. 2063. 2100. 1071. 1882. 2243.  928. 1925. 2255.  916.
 2032. 2100. 1071. 2213. 2243.  928.]","[2152. 2239.  920. 2043. 2107. 1065. 1879. 2233.  932. 1945. 2237.  918.
 2052. 2108. 1065. 2215. 2233.  933.]","[-15.617    4.598   65.825   -0.4883   0.1221  -0.1831  -0.0742  -0.2349
   0.9883]",114
515,2,"[[-0.19237285 -0.31883991  0.31116009]
 [ 0.2515832  -0.30035348  0.32964652]
 [ 0.03497849 -0.08027067  0.54972933]
 [-0.03497849  0.08027067 -0.54972933]
 [ 0.19237285  0.31883991 -0.31116009]
 [-0.2515832   0.30035348 -0.32964652]]","[2173. 2255.  916. 2070. 2100. 1071. 1883. 2243.  928. 1922. 2255.  916.
 2025. 2100. 1071. 2212. 2243.  928.]","[2156. 2239.  920. 2052. 2104. 1068. 1881. 2233.  931. 1941. 2237.  918.
 2044. 2105. 1068. 2212. 2234.  932.]","[-15.628    4.598   65.819   -0.6104   0.      -0.1221  -0.0747  -0.2461
   0.9419]",114
516,2,"[[-0.19697725 -0.31865213  0.31134787]
 [ 0.24879124 -0.30075852  0.32924148]
 [ 0.04536388 -0.08062958  0.54937042]
 [-0.04536388  0.08062958 -0.54937042]
 [ 0.19697725  0.31865213 -0.31134787]
 [-0.24879124  0.30075852 -0.32924148]]","[2176. 2255.  916. 2077. 2100. 1071. 1885. 2244.  927. 1919. 2255.  916.
 2018. 2100. 1071. 2210. 2244.  927.]","[2158. 2240.  920. 2057. 2103. 1069. 1882. 2233.  931. 1939. 2237.  918.
 2038. 2105. 1069. 2210. 2234.  932.]","[-15.667    4.603   65.814   -1.2817   0.1831  -0.1221  -0.0752  -0.2617
   0.9414]",114
517,2,"[[-0.20150417 -0.31843735  0.31156265]
 [ 0.2459276  -0.30116251  0.32883749]
 [ 0.0556611  -0.08119145  0.54880855]
 [-0.0556611   0.08119145 -0.54880855]
 [ 0.20150417  0.31843735 -0.31156265]
 [-0.2459276   0.30116251 -0.32883749]]","[2179. 2255.  916. 2084. 2100. 1071. 1887. 2244.  927. 1916. 2255.  916.
 2011. 2100. 1071. 2208. 2244.  927.]","[2163. 2239.  920. 2065. 2103. 1069. 1884. 2233.  930. 1935. 2237.  918.
 2029. 2104. 1069. 2208. 2234.  932.]","[-15.716    4.609   65.803   -1.5869   0.2441  -0.1831  -0.0767  -0.2681
   0.9712]",114
518,2,"[[-0.20595184 -0.31819621  0.31180379]
 [ 0.24299277 -0.30156531  0.32843469]
 [ 0.06585888 -0.08179314  0.54820686]
 [-0.06585888  0.08179314 -0.54820686]
 [ 0.20595184  0.31819621 -0.31180379]
 [-0.24299277  0.30156531 -0.32843469]]","[2182. 2255.  916. 2090. 2101. 1070. 1889. 2244.  927. 1913. 2255.  916.
 2005. 2101. 1070. 2206. 2244.  927.]","[2165. 2239.  920. 2070. 2102. 1070. 1886. 2233.  930. 1933. 2237.  918.
 2025. 2103. 1069. 2206. 2233.  932.]","[-15.754    4.614   65.792   -1.0986   0.1221  -0.2441  -0.0898  -0.2847
   0.9683]",114
519,2,"[[-0.21031849 -0.31792936  0.31207064]
 [ 0.23998726 -0.30196674  0.32803326]
 [ 0.07594628 -0.08256676  0.54743324]
 [-0.07594628  0.08256676 -0.54743324]
 [ 0.21031849  0.31792936 -0.31207064]
 [-0.23998726  0.30196674 -0.32803326]]","[2185. 2255.  916. 2097. 2101. 1070. 1891. 2244.  927. 1910. 2255.  916.
 1998. 2101. 1070. 2204. 2244.  927.]","[2169. 2240.  920. 2078. 2102. 1069. 1889. 2233.  930. 1928. 2236.  919.
 2017. 2103. 1070. 2204. 2234.  932.]","[-1.5776e+01  4.6200e+00  6.5792e+01 -6.1040e-01  6.1000e-02  1.2210e-01
 -1.0600e-01 -2.8760e-01  9.5700e-01]",114
520,2,"[[-0.21460242 -0.31763752  0.31236248]
 [ 0.23691161 -0.30236664  0.32763336]
 [ 0.08591265 -0.08354349  0.54645651]
 [-0.08591265  0.08354349 -0.54645651]
 [ 0.21460242  0.31763752 -0.31236248]
 [-0.23691161  0.30236664 -0.32763336]]","[2187. 2255.  916. 2104. 2102. 1069. 1893. 2245.  926. 1908. 2255.  916.
 1991. 2102. 1069. 2202. 2245.  926.]","[2171. 2239.  920. 2084. 2103. 1069. 1890. 2233.  930. 1926. 2236.  919.
 2011. 2103. 1070. 2202. 2234.  931.]","[-1.5793e+01  4.6250e+00  6.5814e+01 -4.2720e-01 -6.1000e-02  6.7140e-01
 -8.9400e-02 -2.9150e-01  9.5650e-01]",114
521,2,"[[-0.21880193 -0.3173214   0.3126786 ]
 [ 0.2337664  -0.30276485  0.32723515]
 [ 0.09574764 -0.08473239  0.54526761]
 [-0.09574764  0.08473239 -0.54526761]
 [ 0.21880193  0.3173214  -0.3126786 ]
 [-0.2337664   0.30276485 -0.32723515]]","[2190. 2254.  917. 2110. 2103. 1068. 1895. 2245.  926. 1905. 2254.  917.
 1985. 2103. 1068. 2200. 2245.  926.]","[2173. 2239.  921. 2091. 2103. 1069. 1892. 2233.  929. 1924. 2236.  918.
 2004. 2104. 1069. 2200. 2233.  931.]","[-15.804    4.636   65.847   -0.3662  -0.1221   0.7935  -0.0781  -0.2852
   0.9546]",114
522,2,"[[-0.22291538 -0.31698174  0.31301826]
 [ 0.23055221 -0.30316123  0.32683877]
 [ 0.1054412  -0.08613829  0.54386171]
 [-0.1054412   0.08613829 -0.54386171]
 [ 0.22291538  0.31698174 -0.31301826]
 [-0.23055221  0.30316123 -0.32683877]]","[2193. 2254.  917. 2116. 2104. 1067. 1897. 2245.  926. 1902. 2254.  917.
 1979. 2104. 1067. 2198. 2245.  926.]","[2176. 2239.  920. 2097. 2103. 1069. 1894. 2233.  929. 1921. 2237.  919.
 1998. 2104. 1069. 2198. 2233.  931.]","[-1.5809e+01  4.6360e+00  6.5869e+01 -1.8310e-01 -6.1000e-02  5.4930e-01
 -5.3200e-02 -2.8860e-01  9.5700e-01]",114
523,2,"[[-0.22694114 -0.31661929  0.31338071]
 [ 0.22726967 -0.3035556   0.3264444 ]
 [ 0.11498359 -0.08776517  0.54223483]
 [-0.11498359  0.08776517 -0.54223483]
 [ 0.22694114  0.31661929 -0.31338071]
 [-0.22726967  0.3035556  -0.3264444 ]]","[2195. 2254.  917. 2122. 2105. 1066. 1899. 2245.  926. 1900. 2254.  917.
 1973. 2105. 1066. 2196. 2245.  926.]","[2179. 2239.  921. 2104. 2103. 1068. 1896. 2233.  928. 1918. 2236.  919.
 1992. 2104. 1069. 2197. 2234.  931.]","[-1.5815e+01  4.6360e+00  6.5869e+01 -1.2210e-01  0.0000e+00  0.0000e+00
 -6.4900e-02 -2.8420e-01  9.5020e-01]",114
524,2,"[[-0.23087764 -0.31623485  0.31376515]
 [ 0.22391943 -0.30394782  0.32605218]
 [ 0.1243654  -0.08961675  0.54038325]
 [-0.1243654   0.08961675 -0.54038325]
 [ 0.23087764  0.31623485 -0.31376515]
 [-0.22391943  0.30394782 -0.32605218]]","[2198. 2254.  917. 2129. 2106. 1065. 1902. 2246.  925. 1897. 2254.  917.
 1966. 2106. 1065. 2193. 2246.  925.]","[2180. 2239.  920. 2110. 2104. 1067. 1898. 2233.  928. 1915. 2236.  919.
 1986. 2105. 1067. 2195. 2233.  931.]","[-15.826    4.636   65.869   -0.2441   0.       0.      -0.084   -0.2793
   0.9507]",114
525,2,"[[-0.23472332 -0.3158292   0.3141708 ]
 [ 0.22050216 -0.30433774  0.32566226]
 [ 0.1335775  -0.09169657  0.53830343]
 [-0.1335775   0.09169657 -0.53830343]
 [ 0.23472332  0.3158292  -0.3141708 ]
 [-0.22050216  0.30433774 -0.32566226]]","[2201. 2253.  918. 2135. 2107. 1064. 1904. 2246.  925. 1894. 2253.  918.
 1960. 2107. 1064. 2191. 2246.  925.]","[2183. 2240.  921. 2116. 2105. 1066. 1901. 2233.  928. 1913. 2236.  919.
 1979. 2105. 1066. 2193. 2234.  931.]","[-1.5837e+01  4.6360e+00  6.5869e+01 -3.0520e-01  0.0000e+00  6.1000e-02
 -8.5900e-02 -2.7730e-01  9.6630e-01]",114
526,2,"[[-0.23847668 -0.31540315  0.31459685]
 [ 0.21701858 -0.30472521  0.32527479]
 [ 0.14261111 -0.09400808  0.53599192]
 [-0.14261111  0.09400808 -0.53599192]
 [ 0.23847668  0.31540315 -0.31459685]
 [-0.21701858  0.30472521 -0.32527479]]","[2203. 2253.  918. 2140. 2109. 1062. 1906. 2246.  925. 1892. 2253.  918.
 1955. 2109. 1062. 2189. 2246.  925.]","[2186. 2239.  921. 2122. 2106. 1065. 1903. 2233.  928. 1910. 2236.  920.
 1973. 2106. 1065. 2191. 2234.  930.]","[-15.837    4.642   65.874    0.       0.       0.1831  -0.0933  -0.2739
   0.959 ]",114
527,2,"[[-0.24213623 -0.31495752  0.31504248]
 [ 0.2134694  -0.30511008  0.32488992]
 [ 0.15145774 -0.09655452  0.53344548]
 [-0.15145774  0.09655452 -0.53344548]
 [ 0.24213623  0.31495752 -0.31504248]
 [-0.2134694   0.30511008 -0.32488992]]","[2205. 2253.  918. 2146. 2110. 1061. 1908. 2246.  925. 1890. 2253.  918.
 1949. 2110. 1061. 2187. 2246.  925.]","[2188. 2239.  921. 2128. 2107. 1064. 1905. 2233.  927. 1907. 2237.  920.
 1967. 2107. 1064. 2189. 2234.  930.]","[-15.831    4.642   65.896    0.1221  -0.1221   0.4883  -0.0894  -0.2686
   0.9663]",114
528,2,"[[-0.24570053 -0.31449315  0.31550685]
 [ 0.20985541 -0.3054922   0.3245078 ]
 [ 0.16010923 -0.09933904  0.53066096]
 [-0.16010923  0.09933904 -0.53066096]
 [ 0.24570053  0.31449315 -0.31550685]
 [-0.20985541  0.3054922  -0.3245078 ]]","[2208. 2253.  918. 2152. 2112. 1059. 1911. 2247.  924. 1887. 2253.  918.
 1943. 2112. 1059. 2184. 2247.  924.]","[2191. 2239.  921. 2134. 2109. 1062. 1907. 2233.  927. 1905. 2237.  920.
 1961. 2109. 1062. 2186. 2234.  930.]","[-15.826    4.642   65.923    0.      -0.1831   0.6104  -0.0703  -0.2637
   0.9458]",114
529,2,"[[-0.2491682  -0.31401087  0.31598913]
 [ 0.20617737 -0.30587144  0.32412856]
 [ 0.16855773 -0.10236459  0.52763541]
 [-0.16855773  0.10236459 -0.52763541]
 [ 0.2491682   0.31401087 -0.31598913]
 [-0.20617737  0.30587144 -0.32412856]]","[2210. 2252.  919. 2157. 2114. 1057. 1913. 2247.  924. 1885. 2252.  919.
 1938. 2114. 1057. 2182. 2247.  924.]","[2194. 2239.  921. 2140. 2111. 1061. 1909. 2233.  927. 1903. 2236.  921.
 1955. 2110. 1061. 2184. 2233.  930.]","[-1.5837e+01  4.6420e+00  6.5934e+01 -3.6620e-01  0.0000e+00  2.4410e-01
 -6.2000e-02 -2.6420e-01  9.5020e-01]",114
530,2,"[[-0.25253785 -0.31351154  0.31648846]
 [ 0.2024361  -0.30624765  0.32375235]
 [ 0.17679572 -0.10563396  0.52436604]
 [-0.17679572  0.10563396 -0.52436604]
 [ 0.25253785  0.31351154 -0.31648846]
 [-0.2024361   0.30624765 -0.32375235]]","[2212. 2252.  919. 2163. 2116. 1055. 1916. 2247.  924. 1883. 2252.  919.
 1932. 2116. 1055. 2179. 2247.  924.]","[2197. 2239.  921. 2146. 2113. 1059. 1912. 2233.  927. 1900. 2237.  921.
 1949. 2112. 1059. 2182. 2234.  929.]","[-15.859    4.647   65.934   -0.6104   0.1221   0.      -0.0835  -0.2705
   0.9507]",114
531,2,"[[-0.25580817 -0.31299601  0.31700399]
 [ 0.19863245 -0.30662069  0.32337931]
 [ 0.18481599 -0.1091498   0.5208502 ]
 [-0.18481599  0.1091498  -0.5208502 ]
 [ 0.25580817  0.31299601 -0.31700399]
 [-0.19863245  0.30662069 -0.32337931]]","[2214. 2252.  919. 2168. 2119. 1052. 1918. 2247.  924. 1881. 2252.  919.
 1927. 2119. 1052. 2177. 2247.  924.]","[2199. 2239.  922. 2151. 2115. 1057. 1915. 2233.  926. 1898. 2236.  921.
 1944. 2114. 1057. 2179. 2234.  929.]","[-15.881    4.653   65.945   -0.6104   0.       0.2441  -0.0942  -0.2754
   0.9673]",114
532,2,"[[-0.25897786 -0.31246515  0.31753485]
 [ 0.19476729 -0.30699044  0.32300956]
 [ 0.19261164 -0.11291455  0.51708545]
 [-0.19261164  0.11291455 -0.51708545]
 [ 0.25897786  0.31246515 -0.31753485]
 [-0.19476729  0.30699044 -0.32300956]]","[2216. 2251.  920. 2173. 2121. 1050. 1921. 2248.  923. 1879. 2251.  920.
 1922. 2121. 1050. 2174. 2248.  923.]","[2202. 2239.  922. 2157. 2116. 1055. 1916. 2233.  926. 1896. 2236.  922.
 1938. 2116. 1055. 2177. 2234.  929.]","[-1.5897e+01  4.6530e+00  6.5967e+01 -6.7140e-01 -6.1000e-02  5.4930e-01
 -8.0600e-02 -2.7390e-01  9.5260e-01]",114
533,2,"[[-0.26204569 -0.31191982  0.31808018]
 [ 0.1908415  -0.30735674  0.32264326]
 [ 0.20017611 -0.1169305   0.5130695 ]
 [-0.20017611  0.1169305  -0.5130695 ]
 [ 0.26204569  0.31191982 -0.31808018]
 [-0.1908415   0.30735674 -0.32264326]]","[2218. 2251.  920. 2178. 2124. 1047. 1923. 2248.  923. 1877. 2251.  920.
 1917. 2124. 1047. 2172. 2248.  923.]","[2204. 2239.  922. 2163. 2119. 1053. 1919. 2233.  926. 1893. 2237.  922.
 1932. 2118. 1053. 2175. 2235.  929.]","[-15.914    4.658   65.984   -0.4272   0.       0.4272  -0.0728  -0.2749
   0.9604]",114
534,2,"[[-0.26501045 -0.31136088  0.31863912]
 [ 0.18685601 -0.30771948  0.32228052]
 [ 0.20750314 -0.12119973  0.50880027]
 [-0.20750314  0.12119973 -0.50880027]
 [ 0.26501045  0.31136088 -0.31863912]
 [-0.18685601  0.30771948 -0.32228052]]","[2220. 2250.  920. 2183. 2127. 1044. 1926. 2248.  923. 1875. 2250.  920.
 1912. 2127. 1044. 2169. 2248.  923.]","[2206. 2239.  922. 2168. 2121. 1050. 1921. 2233.  926. 1891. 2236.  922.
 1927. 2121. 1051. 2172. 2235.  929.]","[-15.93     4.664   65.989   -0.4272   0.       0.1831  -0.0728  -0.2808
   0.9541]",114
535,2,"[[-0.26787096 -0.31078921  0.31921079]
 [ 0.18281176 -0.30807853  0.32192147]
 [ 0.21458678 -0.12572415  0.50427585]
 [-0.21458678  0.12572415 -0.50427585]
 [ 0.26787096  0.31078921 -0.31921079]
 [-0.18281176  0.30807853 -0.32192147]]","[2222. 2250.  921. 2187. 2129. 1042. 1928. 2248.  923. 1873. 2250.  921.
 1908. 2129. 1042. 2167. 2248.  923.]","[2208. 2239.  922. 2173. 2124. 1048. 1924. 2233.  926. 1889. 2237.  922.
 1922. 2124. 1048. 2170. 2235.  927.]","[-1.5952e+01  4.6690e+00  6.5989e+01 -6.7140e-01  6.1000e-02  6.1000e-02
 -8.0600e-02 -2.7930e-01  9.3750e-01]",114
536,2,"[[-0.27062611 -0.31020568  0.31979432]
 [ 0.17870973 -0.30843374  0.32156626]
 [ 0.22142142 -0.13050547  0.49949453]
 [-0.22142142  0.13050547 -0.49949453]
 [ 0.27062611  0.31020568 -0.31979432]
 [-0.17870973  0.30843374 -0.32156626]]","[2224. 2250.  921. 2192. 2133. 1038. 1931. 2249.  922. 1871. 2250.  921.
 1903. 2133. 1038. 2164. 2249.  922.]","[2211. 2239.  923. 2178. 2127. 1046. 1927. 2233.  925. 1885. 2236.  923.
 1917. 2126. 1045. 2167. 2235.  929.]","[-15.991    4.675   65.995   -0.9155   0.1221   0.1831  -0.0757  -0.2817
   0.9634]",114
537,2,"[[-0.27327481 -0.30961115  0.32038885]
 [ 0.17455092 -0.30878501  0.32121499]
 [ 0.22800175 -0.13554521  0.49445479]
 [-0.22800175  0.13554521 -0.49445479]
 [ 0.27327481  0.30961115 -0.32038885]
 [-0.17455092  0.30878501 -0.32121499]]","[2226. 2249.  922. 2196. 2136. 1035. 1934. 2249.  922. 1869. 2249.  922.
 1899. 2136. 1035. 2161. 2249.  922.]","[2213. 2239.  923. 2182. 2130. 1043. 1929. 2233.  925. 1883. 2236.  923.
 1913. 2129. 1043. 2165. 2235.  927.]","[-1.6013e+01  4.6750e+00  6.6000e+01 -4.2720e-01  0.0000e+00  6.1000e-02
 -8.2000e-02 -2.8270e-01  9.5310e-01]",114
538,2,"[[-0.27581601 -0.3090065   0.3209935 ]
 [ 0.17033635 -0.30913221  0.32086779]
 [ 0.23432276 -0.14084468  0.48915532]
 [-0.23432276  0.14084468 -0.48915532]
 [ 0.27581601  0.3090065  -0.3209935 ]
 [-0.17033635  0.30913221 -0.32086779]]","[2227. 2249.  922. 2200. 2139. 1032. 1936. 2249.  922. 1868. 2249.  922.
 1895. 2139. 1032. 2159. 2249.  922.]","[2214. 2239.  924. 2187. 2132. 1040. 1932. 2234.  925. 1882. 2237.  924.
 1908. 2132. 1040. 2162. 2236.  927.]","[-1.6029e+01  4.6750e+00  6.6006e+01 -4.2720e-01  6.1000e-02  0.0000e+00
 -8.1500e-02 -2.8810e-01  9.4970e-01]",114
539,3,"[[-0.27824873 -0.30839258  0.32160742]
 [ 0.16606707 -0.30947521  0.32052479]
 [ 0.24037978 -0.14640499  0.48359501]
 [-0.24037978  0.14640499 -0.48359501]
 [ 0.27824873  0.30839258 -0.32160742]
 [-0.16606707  0.30947521 -0.32052479]]","[2229. 2249.  922. 2204. 2143. 1028. 1939. 2249.  922. 1866. 2249.  922.
 1891. 2143. 1028. 2156. 2249.  922.]","[2216. 2239.  924. 2192. 2136. 1037. 1934. 2233.  925. 1879. 2236.  924.
 1903. 2136. 1036. 2160. 2236.  927.]","[-1.6051e+01  4.6800e+00  6.6000e+01 -6.1040e-01  6.1000e-02  0.0000e+00
 -8.2500e-02 -2.8660e-01  9.5120e-01]",114
540,3,"[[-0.28057199 -0.30777025  0.32222975]
 [ 0.16174416 -0.3098139   0.3201861 ]
 [ 0.24616841 -0.15222704  0.47777296]
 [-0.24616841  0.15222704 -0.47777296]
 [ 0.28057199  0.30777025 -0.32222975]
 [-0.16174416  0.3098139  -0.3201861 ]]","[2230. 2248.  923. 2208. 2147. 1024. 1942. 2249.  922. 1865. 2248.  923.
 1887. 2147. 1024. 2153. 2249.  922.]","[2218. 2239.  924. 2196. 2139. 1034. 1936. 2233.  925. 1878. 2237.  924.
 1899. 2138. 1034. 2157. 2236.  926.]","[-16.073    4.68    66.006   -0.5493   0.       0.1831  -0.0786  -0.2827
   0.9585]",114
541,3,"[[-0.2827849  -0.30714038  0.32285962]
 [ 0.15736872 -0.31014816  0.31985184]
 [ 0.2516846  -0.15831152  0.47168848]
 [-0.2516846   0.15831152 -0.47168848]
 [ 0.2827849   0.30714038 -0.32285962]
 [-0.15736872  0.31014816 -0.31985184]]","[2232. 2248.  923. 2212. 2151. 1020. 1945. 2250.  921. 1863. 2248.  923.
 1883. 2151. 1020. 2150. 2250.  921.]","[2220. 2239.  925. 2200. 2143. 1030. 1939. 2234.  924. 1876. 2236.  924.
 1895. 2142. 1030. 2154. 2236.  927.]","[-1.6095e+01  4.6860e+00  6.6011e+01 -4.2720e-01  6.1000e-02  1.2210e-01
 -7.6200e-02 -2.8560e-01  9.5020e-01]",114
542,3,"[[-0.28488657 -0.3065038   0.3234962 ]
 [ 0.15294187 -0.31047789  0.31952211]
 [ 0.25692458 -0.1646589   0.4653411 ]
 [-0.25692458  0.1646589  -0.4653411 ]
 [ 0.28488657  0.3065038  -0.3234962 ]
 [-0.15294187  0.31047789 -0.31952211]]","[2233. 2247.  924. 2215. 2155. 1016. 1948. 2250.  921. 1862. 2247.  924.
 1880. 2155. 1016. 2147. 2250.  921.]","[2221. 2239.  925. 2204. 2146. 1026. 1942. 2234.  925. 1875. 2236.  925.
 1891. 2146. 1027. 2151. 2236.  926.]","[-1.6117e+01  4.6860e+00  6.6011e+01 -5.4930e-01  6.1000e-02  0.0000e+00
 -8.3000e-02 -2.8420e-01  9.4970e-01]",114
543,3,"[[-0.28687618 -0.30586137  0.32413863]
 [ 0.14846477 -0.31080296  0.31919704]
 [ 0.26188488 -0.17126946  0.45873054]
 [-0.26188488  0.17126946 -0.45873054]
 [ 0.28687618  0.30586137 -0.32413863]
 [-0.14846477  0.31080296 -0.31919704]]","[2235. 2247.  924. 2218. 2159. 1012. 1951. 2250.  921. 1860. 2247.  924.
 1877. 2159. 1012. 2144. 2250.  921.]","[2223. 2239.  926. 2207. 2150. 1022. 1945. 2235.  924. 1873. 2237.  925.
 1887. 2150. 1022. 2148. 2236.  925.]","[-16.139    4.691   66.011   -0.5493   0.1221   0.      -0.0908  -0.2852
   0.9565]",114
544,3,"[[-0.28875295 -0.30521391  0.32478609]
 [ 0.14393859 -0.31112327  0.31887673]
 [ 0.26656233 -0.17814322  0.45185678]
 [-0.26656233  0.17814322 -0.45185678]
 [ 0.28875295  0.30521391 -0.32478609]
 [-0.14393859  0.31112327 -0.31887673]]","[2236. 2246.  925. 2221. 2164. 1007. 1954. 2250.  921. 1859. 2246.  925.
 1874. 2164. 1007. 2141. 2250.  921.]","[2226. 2239.  926. 2212. 2154. 1018. 1948. 2236.  923. 1871. 2236.  926.
 1884. 2153. 1019. 2145. 2236.  925.]","[-16.161    4.697   66.011   -0.5493   0.1221   0.1221  -0.0884  -0.2876
   0.96  ]",114
545,3,"[[-0.29051614 -0.30456226  0.32543774]
 [ 0.13936452 -0.31143871  0.31856129]
 [ 0.27095409 -0.18528001  0.44471999]
 [-0.27095409  0.18528001 -0.44471999]
 [ 0.29051614  0.30456226 -0.32543774]
 [-0.13936452  0.31143871 -0.31856129]]","[2237. 2246.  925. 2224. 2168. 1003. 1957. 2251.  920. 1858. 2246.  925.
 1871. 2168. 1003. 2138. 2251.  920.]","[2228. 2239.  926. 2215. 2158. 1014. 1950. 2236.  923. 1870. 2236.  927.
 1880. 2158. 1015. 2142. 2237.  925.]","[-1.6188e+01  4.7080e+00  6.6017e+01 -6.7140e-01  6.1000e-02  1.8310e-01
 -7.6200e-02 -2.8080e-01  9.5170e-01]",114
546,3,"[[-0.29216506 -0.30390723  0.32609277]
 [ 0.13474379 -0.31174917  0.31825083]
 [ 0.27505756 -0.19267943  0.43732057]
 [-0.27505756  0.19267943 -0.43732057]
 [ 0.29216506  0.30390723 -0.32609277]
 [-0.13474379  0.31174917 -0.31825083]]","[2238. 2246.  925. 2227. 2173.  998. 1960. 2251.  920. 1857. 2246.  925.
 1868. 2173.  998. 2135. 2251.  920.]","[2229. 2238.  927. 2218. 2162. 1010. 1953. 2236.  923. 1868. 2236.  927.
 1877. 2162. 1010. 2140. 2237.  925.]","[-1.6216e+01  4.7130e+00  6.6022e+01 -7.9350e-01  6.1000e-02  2.4410e-01
 -7.5200e-02 -2.7930e-01  9.4580e-01]",114
547,3,"[[-0.29369906 -0.30324962  0.32675038]
 [ 0.13007764 -0.31205456  0.31794544]
 [ 0.27887048 -0.20034085  0.42965915]
 [-0.27887048  0.20034085 -0.42965915]
 [ 0.29369906  0.30324962 -0.32675038]
 [-0.13007764  0.31205456 -0.31794544]]","[2239. 2245.  926. 2229. 2178.  993. 1963. 2251.  920. 1856. 2245.  926.
 1866. 2178.  993. 2132. 2251.  920.]","[2231. 2238.  927. 2221. 2167. 1005. 1957. 2236.  923. 1867. 2236.  927.
 1874. 2166. 1006. 2137. 2237.  924.]","[-1.6249e+01  4.7190e+00  6.6028e+01 -9.1550e-01  6.1000e-02  1.2210e-01
 -6.6400e-02 -2.7640e-01  9.5650e-01]",114
548,3,"[[-0.29511753 -0.30259025  0.32740975]
 [ 0.12536734 -0.31235478  0.31764522]
 [ 0.28239086 -0.20826341  0.42173659]
 [-0.28239086  0.20826341 -0.42173659]
 [ 0.29511753  0.30259025 -0.32740975]
 [-0.12536734  0.31235478 -0.31764522]]","[2240. 2245.  926. 2232. 2183.  988. 1966. 2251.  920. 1855. 2245.  926.
 1863. 2183.  988. 2129. 2251.  920.]","[2233. 2238.  928. 2223. 2171. 1001. 1959. 2236.  923. 1865. 2236.  928.
 1872. 2171. 1001. 2134. 2237.  924.]","[-1.6282e+01  4.7240e+00  6.6033e+01 -7.9350e-01  6.1000e-02 -1.8310e-01
 -7.1300e-02 -2.8080e-01  9.5360e-01]",114
549,3,"[[-0.29641992 -0.30192989  0.32807011]
 [ 0.12061418 -0.31264972  0.31735028]
 [ 0.28561699 -0.21644605  0.41355395]
 [-0.28561699  0.21644605 -0.41355395]
 [ 0.29641992  0.30192989 -0.32807011]
 [-0.12061418  0.31264972 -0.31735028]]","[2241. 2244.  927. 2234. 2189.  982. 1969. 2251.  920. 1854. 2244.  927.
 1861. 2189.  982. 2126. 2251.  920.]","[2234. 2238.  928. 2227. 2176.  997. 1962. 2236.  922. 1864. 2236.  928.
 1868. 2175.  996. 2131. 2237.  924.]","[-16.309    4.719   66.022   -0.7324   0.1221  -0.3052  -0.0864  -0.2861
   0.9526]",114
550,3,"[[-0.29760571 -0.30126931  0.32873069]
 [ 0.11581948 -0.3129393   0.3170607 ]
 [ 0.28854746 -0.22488744  0.40511256]
 [-0.28854746  0.22488744 -0.40511256]
 [ 0.29760571  0.30126931 -0.32873069]
 [-0.11581948  0.3129393  -0.3170607 ]]","[2242. 2244.  927. 2236. 2194.  977. 1972. 2252.  919. 1853. 2244.  927.
 1859. 2194.  977. 2123. 2252.  919.]","[2235. 2237.  929. 2229. 2181.  991. 1965. 2237.  923. 1862. 2236.  929.
 1866. 2181.  991. 2128. 2238.  924.]","[-1.6342e+01  4.7190e+00  6.6011e+01 -7.3240e-01  6.1000e-02 -1.2210e-01
 -9.3800e-02 -2.9150e-01  9.5170e-01]",114
551,3,"[[-0.29867444 -0.3006093   0.3293907 ]
 [ 0.11098456 -0.31322342  0.31677658]
 [ 0.29118112 -0.23358606  0.39641394]
 [-0.29118112  0.23358606 -0.39641394]
 [ 0.29867444  0.3006093  -0.3293907 ]
 [-0.11098456  0.31322342 -0.31677658]]","[2242. 2243.  928. 2237. 2200.  971. 1975. 2252.  919. 1853. 2243.  928.
 1858. 2200.  971. 2120. 2252.  919.]","[2237. 2237.  929. 2232. 2188.  984. 1969. 2237.  922. 1860. 2236.  929.
 1863. 2188.  984. 2124. 2239.  924.]","[-16.37     4.719   66.006   -0.8545   0.       0.      -0.0845  -0.2939
   0.9521]",114
552,3,"[[-0.29962568 -0.29995059  0.33004941]
 [ 0.10611078 -0.31350198  0.31649802]
 [ 0.29351712 -0.24254013  0.38745987]
 [-0.29351712  0.24254013 -0.38745987]
 [ 0.29962568  0.29995059 -0.33004941]
 [-0.10611078  0.31350198 -0.31649802]]","[2243. 2243.  928. 2239. 2206.  965. 1978. 2252.  919. 1852. 2243.  928.
 1856. 2206.  965. 2117. 2252.  919.]","[2237. 2237.  929. 2234. 2192.  981. 1971. 2237.  922. 1860. 2236.  929.
 1862. 2190.  984. 2122. 2239.  924.]","[-1.6403e+01  4.7240e+00  6.6006e+01 -7.9350e-01  0.0000e+00  6.1000e-02
 -7.9600e-02 -2.8760e-01  9.5210e-01]",114
553,3,"[[-0.30045907 -0.29929392  0.33070608]
 [ 0.10119952 -0.31377491  0.31622509]
 [ 0.29555485 -0.25174766  0.37825234]
 [-0.29555485  0.25174766 -0.37825234]
 [ 0.30045907  0.29929392 -0.33070608]
 [-0.10119952  0.31377491 -0.31622509]]","[2243. 2243.  928. 2240. 2212.  959. 1982. 2252.  919. 1852. 2243.  928.
 1855. 2212.  959. 2113. 2252.  919.]","[2239. 2236.  930. 2235. 2195.  979. 1973. 2239.  922. 1858. 2236.  930.
 1860. 2193.  979. 2120. 2239.  923.]","[-1.6436e+01  4.7240e+00  6.6011e+01 -7.9350e-01  6.1000e-02  0.0000e+00
 -8.0600e-02 -2.9740e-01  9.4920e-01]",114
554,3,"[[-0.30117428 -0.29864003  0.33135997]
 [ 0.09625217 -0.31404211  0.31595789]
 [ 0.29729402 -0.26120643  0.36879357]
 [-0.29729402  0.26120643 -0.36879357]
 [ 0.30117428  0.29864003 -0.33135997]
 [-0.09625217  0.31404211 -0.31595789]]","[2244. 2242.  929. 2241. 2218.  953. 1985. 2252.  919. 1851. 2242.  929.
 1854. 2218.  953. 2110. 2252.  919.]","[2240. 2236.  930. 2237. 2198.  971. 1978. 2241.  922. 1857. 2236.  930.
 1858. 2198.  972. 2115. 2239.  924.]","[-1.6485e+01  4.7300e+00  6.6011e+01 -1.4038e+00  1.2210e-01  6.1000e-02
 -8.5000e-02 -2.9100e-01  9.3260e-01]",114
555,3,"[[-0.30177105 -0.29798961  0.33201039]
 [ 0.09127015 -0.31430351  0.31569649]
 [ 0.29873455 -0.27091398  0.35908602]
 [-0.29873455  0.27091398 -0.35908602]
 [ 0.30177105  0.29798961 -0.33201039]
 [-0.09127015  0.31430351 -0.31569649]]","[2244. 2242.  929. 2242. 2224.  947. 1988. 2252.  919. 1851. 2242.  929.
 1853. 2224.  947. 2107. 2252.  919.]","[2241. 2235.  931. 2239. 2204.  966. 1980. 2242.  922. 1857. 2236.  930.
 1858. 2203.  968. 2112. 2239.  924.]","[-1.6545e+01  4.7350e+00  6.6011e+01 -1.7090e+00  0.0000e+00  0.0000e+00
 -5.6600e-02 -2.8810e-01  9.8340e-01]",114
556,3,"[[-0.30224923 -0.29734338  0.33265662]
 [ 0.08625489 -0.31455902  0.31544098]
 [ 0.29987667 -0.28086762  0.34913238]
 [-0.29987667  0.28086762 -0.34913238]
 [ 0.30224923  0.29734338 -0.33265662]
 [-0.08625489  0.31455902 -0.31544098]]","[2245. 2241.  930. 2243. 2231.  940. 1991. 2253.  918. 1850. 2241.  930.
 1852. 2231.  940. 2104. 2253.  918.]","[2242. 2235.  931. 2239. 2207.  964. 1982. 2242.  921. 1856. 2236.  931.
 1857. 2206.  965. 2110. 2240.  924.]","[-1.660e+01  4.724e+00  6.600e+01 -9.766e-01 -6.100e-02 -5.493e-01
 -7.960e-02 -3.013e-01  9.746e-01]",114
557,3,"[[-0.30260912 -0.296702    0.333298  ]
 [ 0.08120781 -0.31480856  0.31519144]
 [ 0.30072082 -0.28696673  0.34303327]
 [-0.30072082  0.28696673 -0.34303327]
 [ 0.30260912  0.296702   -0.333298  ]
 [-0.08120781  0.31480856 -0.31519144]]","[2245. 2241.  930. 2244. 2235.  936. 1995. 2253.  918. 1850. 2241.  930.
 1851. 2235.  936. 2100. 2253.  918.]","[2242. 2235.  932. 2240. 2212.  960. 1986. 2243.  921. 1855. 2236.  930.
 1856. 2210.  961. 2107. 2240.  924.]","[-16.661    4.719   65.973   -1.709    0.3052  -0.7935  -0.0801  -0.2769
   0.8545]",114
558,3,"[[-0.30285237 -0.29606615  0.33393385]
 [ 0.07613006 -0.31505205  0.31494795]
 [ 0.30126731 -0.28727984  0.34272016]
 [-0.30126731  0.28727984 -0.34272016]
 [ 0.30285237  0.29606615 -0.33393385]
 [-0.07613006  0.31505205 -0.31494795]]","[2245. 2241.  930. 2244. 2235.  936. 1998. 2253.  918. 1850. 2241.  930.
 1851. 2235.  936. 2097. 2253.  918.]","[2244. 2235.  933. 2241. 2214.  957. 1990. 2244.  921. 1854. 2236.  931.
 1856. 2213.  958. 2104. 2239.  924.]","[-16.727    4.719   65.929   -1.6479   0.3052  -1.1597  -0.0732  -0.3037
   1.1387]",114
559,3,"[[-0.30297774 -0.29543643  0.33456357]
 [ 0.07102078 -0.31528944  0.31471056]
 [ 0.30151629 -0.28760004  0.34239996]
 [-0.30151629  0.28760004 -0.34239996]
 [ 0.30297774  0.29543643 -0.33456357]
 [-0.07102078  0.31528944 -0.31471056]]","[2245. 2240.  931. 2244. 2235.  936. 2001. 2253.  918. 1850. 2240.  931.
 1851. 2235.  936. 2094. 2253.  918.]","[2244. 2235.  934. 2242. 2215.  956. 1993. 2245.  921. 1853. 2236.  931.
 1856. 2215.  955. 2100. 2239.  924.]","[-16.754    4.702   65.88     0.3662  -0.1221  -1.5259  -0.0767  -0.3052
   0.8545]",114
560,3,"[[-0.30288885 -0.29481315  0.33518685]
 [ 0.0658684  -0.31552063  0.31447937]
 [ 0.30153182 -0.28792706  0.34207294]
 [-0.30153182  0.28792706 -0.34207294]
 [ 0.30288885  0.29481315 -0.33518685]
 [-0.0658684   0.31552063 -0.31447937]]","[2245. 2240.  931. 2244. 2235.  936. 2005. 2253.  918. 1850. 2240.  931.
 1851. 2235.  936. 2090. 2253.  918.]","[2244. 2235.  935. 2242. 2215.  956. 1994. 2246.  921. 1853. 2236.  931.
 1856. 2215.  954. 2098. 2239.  924.]","[-16.76     4.68    65.825   -0.4272  -0.1221  -1.3428  -0.0791  -0.3179
   0.9531]",114
561,3,"[[-0.30237735 -0.29419557  0.33580443]
 [ 0.06065264 -0.31574558  0.31425442]
 [ 0.30147729 -0.28825982  0.34174018]
 [-0.30147729  0.28825982 -0.34174018]
 [ 0.30237735  0.29419557 -0.33580443]
 [-0.06065264  0.31574558 -0.31425442]]","[2245. 2239.  932. 2244. 2235.  936. 2008. 2253.  918. 1850. 2239.  932.
 1851. 2235.  936. 2087. 2253.  918.]","[2245. 2235.  935. 2242. 2215.  956. 1998. 2246.  920. 1853. 2236.  932.
 1856. 2215.  954. 2095. 2239.  924.]","[-1.6776e+01  4.6640e+00  6.5781e+01 -6.1000e-02  0.0000e+00 -9.1550e-01
 -9.0800e-02 -3.2320e-01  9.3410e-01]",114
562,3,"[[-0.30141521 -0.29358369  0.33641631]
 [ 0.05536839 -0.31596423  0.31403577]
 [ 0.30139463 -0.28859726  0.34140274]
 [-0.30139463  0.28859726 -0.34140274]
 [ 0.30141521  0.29358369 -0.33641631]
 [-0.05536839  0.31596423 -0.31403577]]","[2244. 2239.  932. 2244. 2236.  935. 2011. 2253.  917. 1851. 2239.  932.
 1851. 2236.  935. 2084. 2253.  917.]","[2245. 2235.  935. 2242. 2215.  956. 2000. 2246.  920. 1853. 2236.  932.
 1856. 2215.  953. 2093. 2240.  924.]","[-1.6798e+01  4.6580e+00  6.5753e+01 -3.6620e-01  6.1000e-02 -4.2720e-01
 -1.1330e-01 -3.2180e-01  9.3120e-01]",114
563,3,"[[-0.30000621 -0.2929783   0.3370217 ]
 [ 0.05001624 -0.31617652  0.31382348]
 [ 0.30127402 -0.28893903  0.34106097]
 [-0.30127402  0.28893903 -0.34106097]
 [ 0.30000621  0.2929783  -0.3370217 ]
 [-0.05001624  0.31617652 -0.31382348]]","[2243. 2238.  932. 2244. 2236.  935. 2015. 2254.  917. 1852. 2238.  932.
 1851. 2236.  935. 2080. 2254.  917.]","[2246. 2235.  935. 2242. 2215.  956. 2005. 2246.  920. 1853. 2236.  933.
 1856. 2215.  953. 2092. 2240.  924.]","[-1.6815e+01  4.6640e+00  6.5742e+01 -6.1000e-02  0.0000e+00  0.0000e+00
 -8.0600e-02 -3.0760e-01  9.5410e-01]",114
564,3,"[[-0.29815258 -0.29238012  0.33761988]
 [ 0.04459745 -0.3163824   0.3136176 ]
 [ 0.30110625 -0.28928492  0.34071508]
 [-0.30110625  0.28928492 -0.34071508]
 [ 0.29815258  0.29238012 -0.33761988]
 [-0.04459745  0.3163824  -0.3136176 ]]","[2242. 2238.  933. 2244. 2236.  935. 2018. 2254.  917. 1853. 2238.  933.
 1851. 2236.  935. 2077. 2254.  917.]","[2245. 2235.  935. 2242. 2215.  956. 2007. 2247.  920. 1853. 2236.  933.
 1856. 2215.  953. 2091. 2240.  923.]","[-1.6826e+01  4.6690e+00  6.5737e+01  6.1000e-02  6.1000e-02 -1.2210e-01
 -7.7600e-02 -3.0180e-01  9.5170e-01]",114
565,3,"[[-0.29585707 -0.29178984  0.33821016]
 [ 0.03911355 -0.31658182  0.31341818]
 [ 0.30088577 -0.28963474  0.34036526]
 [-0.30088577  0.28963474 -0.34036526]
 [ 0.29585707  0.29178984 -0.33821016]
 [-0.03911355  0.31658182 -0.31341818]]","[2240. 2238.  933. 2244. 2236.  935. 2022. 2254.  917. 1855. 2238.  933.
 1851. 2236.  935. 2073. 2254.  917.]","[2246. 2234.  935. 2243. 2215.  956. 2011. 2247.  919. 1853. 2236.  933.
 1856. 2215.  953. 2087. 2240.  924.]","[-16.831    4.669   65.731    0.1831   0.      -0.1831  -0.0737  -0.2988
   0.9492]",114
566,3,"[[-0.29312308 -0.29120817  0.33879183]
 [ 0.03356625 -0.31677473  0.31322527]
 [ 0.30060919 -0.28998831  0.34001169]
 [-0.30060919  0.28998831 -0.34001169]
 [ 0.29312308  0.29120817 -0.33879183]
 [-0.03356625  0.31677473 -0.31322527]]","[2239. 2237.  934. 2243. 2237.  934. 2026. 2254.  917. 1856. 2237.  934.
 1852. 2237.  934. 2069. 2254.  917.]","[2245. 2233.  935. 2242. 2215.  956. 2016. 2247.  919. 1854. 2235.  933.
 1856. 2215.  953. 2082. 2240.  923.]","[-16.831    4.669   65.731    0.       0.       0.      -0.0869  -0.292
   0.9468]",114
567,3,"[[-0.28995467 -0.29063578  0.33936422]
 [ 0.02795741 -0.31696108  0.31303892]
 [ 0.30027404 -0.29034543  0.33965457]
 [-0.30027404  0.29034543 -0.33965457]
 [ 0.28995467  0.29063578 -0.33936422]
 [-0.02795741  0.31696108 -0.31303892]]","[2237. 2237.  934. 2243. 2237.  934. 2029. 2254.  917. 1858. 2237.  934.
 1852. 2237.  934. 2066. 2254.  917.]","[2244. 2233.  936. 2241. 2215.  956. 2018. 2247.  919. 1855. 2235.  933.
 1856. 2215.  953. 2079. 2240.  923.]","[-1.6837e+01  4.6690e+00  6.5731e+01  0.0000e+00 -6.1000e-02  1.2210e-01
 -7.5200e-02 -2.9050e-01  9.5070e-01]",114
568,3,"[[-0.28635653 -0.29007335  0.33992665]
 [ 0.022289   -0.31714082  0.31285918]
 [ 0.29987828 -0.29070592  0.33929408]
 [-0.29987828  0.29070592 -0.33929408]
 [ 0.28635653  0.29007335 -0.33992665]
 [-0.022289    0.31714082 -0.31285918]]","[2234. 2237.  934. 2243. 2237.  934. 2033. 2254.  917. 1861. 2237.  934.
 1852. 2237.  934. 2062. 2254.  917.]","[2242. 2233.  936. 2242. 2215.  956. 2023. 2246.  919. 1857. 2235.  933.
 1856. 2216.  952. 2074. 2240.  923.]","[-1.6842e+01  4.6690e+00  6.5731e+01 -6.1000e-02 -6.1000e-02 -1.2210e-01
 -8.5900e-02 -2.9050e-01  9.5460e-01]",114
569,3,"[[-0.28233398 -0.28952154  0.34047846]
 [ 0.01656316 -0.3173139   0.3126861 ]
 [ 0.29942001 -0.29106961  0.33893039]
 [-0.29942001  0.29106961 -0.33893039]
 [ 0.28233398  0.28952154 -0.34047846]
 [-0.01656316  0.3173139  -0.3126861 ]]","[2232. 2236.  935. 2243. 2237.  934. 2037. 2254.  917. 1863. 2236.  935.
 1852. 2237.  934. 2058. 2254.  917.]","[2240. 2233.  936. 2242. 2215.  956. 2026. 2247.  919. 1859. 2235.  933.
 1856. 2216.  952. 2071. 2240.  923.]","[-16.848    4.669   65.726    0.       0.      -0.1831  -0.0864  -0.2969
   0.9473]",114
570,3,"[[-0.277893   -0.28898103  0.34101897]
 [ 0.01078213 -0.31748027  0.31251973]
 [ 0.29889734 -0.29143633  0.33856367]
 [-0.29889734  0.29143633 -0.33856367]
 [ 0.277893    0.28898103 -0.34101897]
 [-0.01078213  0.31748027 -0.31251973]]","[2229. 2236.  935. 2242. 2237.  933. 2040. 2254.  917. 1866. 2236.  935.
 1853. 2237.  933. 2055. 2254.  917.]","[2237. 2232.  936. 2241. 2215.  956. 2030. 2247.  919. 1860. 2234.  934.
 1856. 2217.  951. 2068. 2240.  923.]","[-1.6853e+01  4.6690e+00  6.5720e+01 -6.1000e-02  0.0000e+00 -6.1000e-02
 -7.8100e-02 -2.9590e-01  9.4780e-01]",114
571,3,"[[-0.27304017 -0.28845244  0.34154756]
 [ 0.00494828 -0.31763989  0.31236011]
 [ 0.29830842 -0.29180589  0.33819411]
 [-0.29830842  0.29180589 -0.33819411]
 [ 0.27304017  0.28845244 -0.34154756]
 [-0.00494828  0.31763989 -0.31236011]]","[2225. 2236.  935. 2242. 2238.  933. 2044. 2255.  916. 1870. 2236.  935.
 1853. 2238.  933. 2051. 2255.  916.]","[2236. 2232.  937. 2242. 2215.  956. 2033. 2247.  919. 1861. 2234.  934.
 1856. 2216.  951. 2065. 2239.  923.]","[-1.6864e+01  4.6690e+00  6.5720e+01 -1.2210e-01  0.0000e+00 -6.1000e-02
 -7.8600e-02 -2.9250e-01  9.5360e-01]",114
572,3,"[[-0.26778268 -0.28793643  0.34206357]
 [-0.00093589 -0.3177927   0.3122073 ]
 [ 0.29765134 -0.29217812  0.33782188]
 [-0.29765134  0.29217812 -0.33782188]
 [ 0.26778268  0.28793643 -0.34206357]
 [ 0.00093589  0.3177927  -0.3122073 ]]","[2222. 2235.  936. 2242. 2238.  933. 2048. 2255.  916. 1873. 2235.  936.
 1853. 2238.  933. 2047. 2255.  916.]","[2234. 2232.  937. 2242. 2215.  955. 2038. 2248.  918. 1864. 2234.  934.
 1856. 2217.  950. 2061. 2240.  922.]","[-1.687e+01  4.675e+00  6.572e+01 -6.100e-02  0.000e+00  0.000e+00
 -8.250e-02 -2.964e-01  9.478e-01]",114
573,3,"[[-0.26212831 -0.28743363  0.34256637]
 [-0.00686776 -0.31793867  0.31206133]
 [ 0.29692419 -0.29255287  0.33744713]
 [-0.29692419  0.29255287 -0.33744713]
 [ 0.26212831  0.28743363 -0.34256637]
 [ 0.00686776  0.31793867 -0.31206133]]","[2218. 2235.  936. 2241. 2238.  933. 2052. 2255.  916. 1877. 2235.  936.
 1854. 2238.  933. 2043. 2255.  916.]","[2232. 2232.  937. 2242. 2215.  955. 2040. 2247.  918. 1866. 2234.  935.
 1856. 2217.  950. 2058. 2240.  922.]","[-16.875    4.675   65.72    -0.1221   0.       0.1221  -0.0723  -0.2964
   0.9497]",114
574,3,"[[-0.25608546 -0.28694463  0.34305537]
 [-0.01284459 -0.31807775  0.31192225]
 [ 0.29612503 -0.29292995  0.33707005]
 [-0.29612503  0.29292995 -0.33707005]
 [ 0.25608546  0.28694463 -0.34305537]
 [ 0.01284459  0.31807775 -0.31192225]]","[2214. 2235.  936. 2241. 2238.  933. 2056. 2255.  916. 1881. 2235.  936.
 1854. 2238.  933. 2039. 2255.  916.]","[2230. 2232.  937. 2242. 2215.  954. 2043. 2248.  918. 1868. 2233.  934.
 1856. 2217.  950. 2055. 2240.  922.]","[-1.6886e+01  4.6750e+00  6.5720e+01 -1.8310e-01 -6.1000e-02  0.0000e+00
 -6.8800e-02 -3.0220e-01  9.5800e-01]",114
575,3,"[[-0.24966307 -0.27450852  0.35549148]
 [-0.01886351 -0.31820989  0.31179011]
 [ 0.2952519  -0.29330922  0.33669078]
 [-0.2952519   0.29330922 -0.33669078]
 [ 0.24966307  0.27450852 -0.35549148]
 [ 0.01886351  0.31820989 -0.31179011]]","[2210. 2226.  945. 2240. 2239.  932. 2060. 2255.  916. 1885. 2226.  945.
 1855. 2239.  932. 2035. 2255.  916.]","[2228. 2231.  938. 2242. 2215.  953. 2047. 2248.  919. 1872. 2234.  934.
 1856. 2217.  950. 2051. 2240.  922.]","[-1.6897e+01  4.6690e+00  6.5726e+01 -1.8310e-01 -6.1000e-02  0.0000e+00
 -7.4200e-02 -3.0180e-01  9.4780e-01]",114
576,3,"[[-0.24287066 -0.25918942  0.37081058]
 [-0.02492152 -0.31833505  0.31166495]
 [ 0.29430283 -0.2936905   0.3363095 ]
 [-0.29430283  0.2936905  -0.3363095 ]
 [ 0.24287066  0.25918942 -0.37081058]
 [ 0.02492152  0.31833505 -0.31166495]]","[2206. 2216.  955. 2239. 2239.  932. 2064. 2255.  916. 1889. 2216.  955.
 1856. 2239.  932. 2031. 2255.  916.]","[2225. 2228.  940. 2241. 2215.  953. 2050. 2247.  918. 1876. 2231.  936.
 1856. 2217.  950. 2048. 2239.  922.]","[-1.6902e+01  4.6640e+00  6.5737e+01  0.0000e+00 -1.2210e-01  3.0520e-01
 -6.4900e-02 -2.9540e-01  9.4340e-01]",114
577,3,"[[-0.23571831 -0.24438954  0.38561046]
 [-0.03101554 -0.31845318  0.31154682]
 [ 0.29327583 -0.29407364  0.33592636]
 [-0.29327583  0.29407364 -0.33592636]
 [ 0.23571831  0.24438954 -0.38561046]
 [ 0.03101554  0.31845318 -0.31154682]]","[2201. 2207.  964. 2239. 2239.  932. 2068. 2255.  916. 1894. 2207.  964.
 1856. 2239.  932. 2027. 2255.  916.]","[2220. 2222.  941. 2241. 2215.  953. 2053. 2248.  919. 1879. 2227.  939.
 1857. 2217.  950. 2045. 2239.  922.]","[-1.6902e+01  4.6580e+00  6.5737e+01  6.1000e-02 -1.2210e-01 -6.1000e-02
 -8.4500e-02 -2.9690e-01  9.5560e-01]",114
578,3,"[[-0.22821661 -0.23012744  0.39987256]
 [-0.03714233 -0.31856425  0.31143575]
 [ 0.2921689  -0.29445849  0.33554151]
 [-0.2921689   0.29445849 -0.33554151]
 [ 0.22821661  0.23012744 -0.39987256]
 [ 0.03714233  0.31856425 -0.31143575]]","[2196. 2198.  973. 2238. 2239.  932. 2072. 2255.  916. 1899. 2198.  973.
 1857. 2239.  932. 2023. 2255.  916.]","[2217. 2216.  945. 2241. 2215.  952. 2057. 2248.  918. 1883. 2221.  946.
 1858. 2217.  949. 2042. 2240.  922.]","[-16.908    4.647   65.726   -0.1831  -0.1831  -0.4883  -0.0957  -0.2837
   0.9268]",114
579,3,"[[-0.22037667 -0.21642115  0.41357885]
 [-0.04329856 -0.31866821  0.31133179]
 [ 0.29098005 -0.29484488  0.33515512]
 [-0.29098005  0.29484488 -0.33515512]
 [ 0.22037667  0.21642115 -0.41357885]
 [ 0.04329856  0.31866821 -0.31133179]]","[2191. 2189.  982. 2237. 2240.  931. 2076. 2255.  916. 1904. 2189.  982.
 1858. 2240.  931. 2019. 2255.  916.]","[2212. 2210.  954. 2241. 2215.  950. 2060. 2247.  919. 1889. 2216.  955.
 1858. 2217.  949. 2038. 2240.  922.]","[-16.919    4.62    65.704   -0.1221  -0.6104  -0.7324  -0.0835  -0.272
   0.9609]",114
580,3,"[[-0.21221012 -0.20328812  0.42671188]
 [-0.04948079 -0.31876501  0.31123499]
 [ 0.28970727 -0.29523267  0.33476733]
 [-0.28970727  0.29523267 -0.33476733]
 [ 0.21221012  0.20328812 -0.42671188]
 [ 0.04948079  0.31876501 -0.31123499]]","[2186. 2180.  991. 2236. 2240.  931. 2080. 2255.  916. 1909. 2180.  991.
 1859. 2240.  931. 2015. 2255.  916.]","[2204. 2201.  965. 2240. 2215.  948. 2064. 2247.  919. 1894. 2207.  965.
 1859. 2217.  949. 2034. 2239.  922.]","[-16.93     4.598   65.687   -0.3662  -0.3662  -0.4272  -0.084   -0.2773
   0.9722]",114
581,3,"[[-0.20372907 -0.1907452   0.4392548 ]
 [-0.05568544 -0.31885463  0.31114537]
 [ 0.28834858 -0.2956217   0.3343783 ]
 [-0.28834858  0.2956217  -0.3343783 ]
 [ 0.20372907  0.1907452  -0.4392548 ]
 [ 0.05568544  0.31885463 -0.31114537]]","[2180. 2172.  999. 2235. 2240.  931. 2084. 2255.  916. 1915. 2172.  999.
 1860. 2240.  931. 2011. 2255.  916.]","[2199. 2200.  972. 2237. 2215.  947. 2068. 2247.  919. 1900. 2200.  973.
 1860. 2217.  948. 2030. 2239.  922.]","[-1.6941e+01  4.5590e+00  6.5671e+01 -4.8830e-01 -9.7660e-01 -7.9350e-01
 -4.3500e-02 -2.3390e-01  8.6230e-01]",114
582,3,"[[-0.19494608 -0.17880864  0.45119136]
 [-0.06190886 -0.31893701  0.31106299]
 [ 0.286902   -0.29601183  0.33398817]
 [-0.286902    0.29601183 -0.33398817]
 [ 0.19494608  0.17880864 -0.45119136]
 [ 0.06190886  0.31893701 -0.31106299]]","[2175. 2164. 1007. 2235. 2240.  930. 2088. 2255.  916. 1920. 2164. 1007.
 1860. 2240.  930. 2007. 2255.  916.]","[2189. 2188.  985. 2234. 2215.  948. 2074. 2245.  919. 1908. 2188.  985.
 1862. 2217.  948. 2023. 2240.  922.]","[-16.985    4.499   65.632   -1.5869  -1.2207  -1.5259  -0.1074  -0.2676
   0.9814]",114
583,3,"[[-0.18587416 -0.16749402  0.46250598]
 [-0.06814727 -0.31901213  0.31098787]
 [ 0.28536556 -0.29640292  0.33359708]
 [-0.28536556  0.29640292 -0.33359708]
 [ 0.18587416  0.16749402 -0.46250598]
 [ 0.06814727  0.31901213 -0.31098787]]","[2169. 2157. 1014. 2234. 2241.  930. 2092. 2255.  916. 1926. 2157. 1014.
 1861. 2241.  930. 2003. 2255.  916.]","[2186. 2183.  989. 2233. 2215.  948. 2076. 2246.  919. 1909. 2183.  990.
 1862. 2218.  947. 2020. 2241.  922.]","[-17.04     4.444   65.621   -1.709   -1.4648  -0.4883  -0.1626  -0.2485
   0.9795]",114
584,3,"[[-0.17652677 -0.15681629  0.47318371]
 [-0.07439681 -0.31907994  0.31092006]
 [ 0.28373731 -0.29679481  0.33320519]
 [-0.28373731  0.29679481 -0.33320519]
 [ 0.17652677  0.15681629 -0.47318371]
 [ 0.07439681  0.31907994 -0.31092006]]","[2163. 2150. 1021. 2232. 2241.  930. 2096. 2256.  915. 1932. 2150. 1021.
 1863. 2241.  930. 1999. 2256.  915.]","[2180. 2175.  998. 2232. 2215.  947. 2081. 2246.  919. 1915. 2175.  998.
 1863. 2220.  945. 2017. 2242.  922.]","[-17.089    4.4     65.671   -1.77    -1.77     1.1597  -0.1123  -0.2622
   0.9556]",114
585,3,"[[-0.16691776 -0.14678967  0.48321033]
 [-0.08065349 -0.31914041  0.31085959]
 [ 0.28201534 -0.29718737  0.33281263]
 [-0.28201534  0.29718737 -0.33281263]
 [ 0.16691776  0.14678967 -0.48321033]
 [ 0.08065349  0.31914041 -0.31085959]]","[2156. 2143. 1028. 2231. 2241.  930. 2100. 2256.  915. 1939. 2143. 1028.
 1864. 2241.  930. 1995. 2256.  915.]","[2173. 2167. 1006. 2231. 2215.  947. 2085. 2245.  919. 1920. 2167. 1006.
 1864. 2222.  944. 2012. 2243.  922.]","[-1.7144e+01  4.3780e+00  6.5748e+01 -1.8921e+00 -1.2817e+00  1.5259e+00
 -4.6400e-02 -2.9440e-01  9.6440e-01]",114
586,3,"[[-0.15706136 -0.13742769  0.49257231]
 [-0.08691327 -0.3191935   0.3108065 ]
 [ 0.28019775 -0.29758045  0.33241955]
 [-0.28019775  0.29758045 -0.33241955]
 [ 0.15706136  0.13742769 -0.49257231]
 [ 0.08691327  0.3191935  -0.3108065 ]]","[2150. 2137. 1034. 2230. 2241.  929. 2104. 2256.  915. 1945. 2137. 1034.
 1865. 2241.  929. 1991. 2256.  915.]","[2165. 2160. 1013. 2230. 2214.  946. 2089. 2245.  919. 1927. 2160. 1013.
 1865. 2222.  943. 2008. 2243.  923.]","[-1.7199e+01  4.3510e+00  6.5759e+01 -1.7700e+00 -7.9350e-01  1.2210e-01
 -1.5000e-03 -3.3840e-01  9.8880e-01]",114
587,3,"[[-0.1469722  -0.12874316  0.50125684]
 [-0.09317196 -0.31923918  0.31076082]
 [ 0.2782827  -0.29797391  0.33202609]
 [-0.2782827   0.29797391 -0.33202609]
 [ 0.1469722   0.12874316 -0.50125684]
 [ 0.09317196  0.31923918 -0.31076082]]","[2143. 2131. 1040. 2229. 2242.  929. 2108. 2256.  915. 1952. 2131. 1040.
 1866. 2242.  929. 1987. 2256.  915.]","[2158. 2153. 1021. 2229. 2214.  945. 2093. 2246.  919. 1933. 2153. 1020.
 1867. 2222.  943. 2005. 2243.  923.]","[-1.7238e+01  4.3290e+00  6.5660e+01  0.0000e+00  3.6620e-01 -1.2817e+00
 -6.0100e-02 -3.5160e-01  9.1700e-01]",114
588,3,"[[-0.1366652  -0.12074811  0.50925189]
 [-0.09942535 -0.31927741  0.31072259]
 [ 0.27626836 -0.29836762  0.33163238]
 [-0.27626836  0.29836762 -0.33163238]
 [ 0.1366652   0.12074811 -0.50925189]
 [ 0.09942535  0.31927741 -0.31072259]]","[2137. 2126. 1045. 2228. 2242.  929. 2112. 2256.  915. 1958. 2126. 1045.
 1867. 2242.  929. 1983. 2256.  915.]","[2154. 2146. 1027. 2228. 2215.  944. 2096. 2246.  919. 1939. 2145. 1026.
 1868. 2222.  942. 2001. 2243.  922.]","[-17.254    4.307   65.627   -0.1221  -0.1221  -0.7935  -0.0801  -0.3569
   0.9106]",114
589,3,"[[-0.12615567 -0.11345382  0.51654618]
 [-0.10566909 -0.31930817  0.31069183]
 [ 0.27415296 -0.29876143  0.33123857]
 [-0.27415296  0.29876143 -0.33123857]
 [ 0.12615567  0.11345382 -0.51654618]
 [ 0.10566909  0.31930817 -0.31069183]]","[2130. 2121. 1050. 2226. 2242.  929. 2116. 2256.  915. 1965. 2121. 1050.
 1869. 2242.  929. 1979. 2256.  915.]","[2150. 2139. 1033. 2228. 2215.  944. 2099. 2246.  919. 1945. 2140. 1032.
 1870. 2222.  943. 1997. 2244.  922.]","[-1.7271e+01  4.2900e+00  6.5621e+01 -6.1000e-02 -3.6620e-01 -3.0520e-01
 -8.4000e-02 -3.3940e-01  9.5950e-01]",114
590,3,"[[-0.11545916 -0.10687077  0.52312923]
 [-0.11189878 -0.31933143  0.31066857]
 [ 0.2719348  -0.29915522  0.33084478]
 [-0.2719348   0.29915522 -0.33084478]
 [ 0.11545916  0.10687077 -0.52312923]
 [ 0.11189878  0.31933143 -0.31066857]]","[2123. 2117. 1054. 2225. 2243.  928. 2120. 2256.  915. 1972. 2117. 1054.
 1870. 2243.  928. 1975. 2256.  915.]","[2144. 2133. 1039. 2227. 2215.  944. 2102. 2246.  919. 1951. 2134. 1038.
 1870. 2222.  942. 1993. 2244.  922.]","[-1.7276e+01  4.2850e+00  6.5616e+01  1.8310e-01  0.0000e+00 -6.1000e-02
 -8.2000e-02 -3.1930e-01  9.4780e-01]",114
591,3,"[[-0.10459153 -0.10100864  0.52899136]
 [-0.11810993 -0.31934723  0.31065277]
 [ 0.26961219 -0.29954884  0.33045116]
 [-0.26961219  0.29954884 -0.33045116]
 [ 0.10459153  0.10100864 -0.52899136]
 [ 0.11810993  0.31934723 -0.31065277]]","[2116. 2113. 1058. 2223. 2243.  928. 2124. 2256.  915. 1979. 2113. 1058.
 1872. 2243.  928. 1971. 2256.  915.]","[2137. 2129. 1044. 2226. 2215.  944. 2105. 2246.  919. 1959. 2129. 1044.
 1872. 2222.  941. 1989. 2244.  922.]","[-17.287    4.285   65.605    0.1221   0.      -0.3052  -0.0806  -0.3071
   0.9282]",114
592,3,"[[-0.0935689  -0.09587627  0.53412373]
 [-0.124298   -0.31935575  0.31064425]
 [ 0.26718354 -0.29994217  0.33005783]
 [-0.26718354  0.29994217 -0.33005783]
 [ 0.0935689   0.09587627 -0.53412373]
 [ 0.124298    0.31935575 -0.31064425]]","[2108. 2110. 1061. 2222. 2243.  928. 2129. 2256.  915. 1987. 2110. 1061.
 1873. 2243.  928. 1966. 2256.  915.]","[2127. 2122. 1051. 2224. 2215.  944. 2110. 2246.  919. 1968. 2122. 1050.
 1873. 2223.  940. 1984. 2244.  922.]","[-17.298    4.279   65.588    0.       0.      -0.4272  -0.0884  -0.3013
   0.957 ]",114
593,3,"[[-0.08240759 -0.09148167  0.53851833]
 [-0.13045837 -0.31935668  0.31064332]
 [ 0.2646473  -0.30033507  0.32966493]
 [-0.2646473   0.30033507 -0.32966493]
 [ 0.08240759  0.09148167 -0.53851833]
 [ 0.13045837  0.31935668 -0.31064332]]","[2101. 2107. 1064. 2220. 2243.  928. 2133. 2256.  915. 1994. 2107. 1064.
 1875. 2243.  928. 1962. 2256.  915.]","[2122. 2119. 1053. 2223. 2214.  944. 2113. 2246.  919. 1973. 2119. 1052.
 1874. 2223.  939. 1981. 2244.  922.]","[-1.7309e+01  4.2790e+00  6.5561e+01  0.0000e+00  1.2210e-01 -6.7140e-01
 -6.3500e-02 -2.8420e-01  9.5560e-01]",114
594,3,"[[-0.07112414 -0.087832    0.542168  ]
 [-0.13658635 -0.31934157  0.31065843]
 [ 0.26200201 -0.30072741  0.32927259]
 [-0.26200201  0.30072741 -0.32927259]
 [ 0.07112414  0.087832   -0.542168  ]
 [ 0.13658635  0.31934157 -0.31065843]]","[2094. 2105. 1066. 2218. 2244.  927. 2137. 2256.  915. 2001. 2105. 1066.
 1877. 2244.  927. 1958. 2256.  915.]","[2115. 2116. 1057. 2221. 2215.  944. 2116. 2246.  919. 1980. 2116. 1057.
 1876. 2222.  938. 1977. 2244.  922.]","[-17.314    4.285   65.517    0.       0.3052  -0.9766  -0.082   -0.2856
   0.9575]",114
595,3,"[[-0.05973529 -0.08493354  0.54506646]
 [-0.14267721 -0.31929423  0.31070577]
 [ 0.25924626 -0.30111906  0.32888094]
 [-0.25924626  0.30111906 -0.32888094]
 [ 0.05973529  0.08493354 -0.54506646]
 [ 0.14267721  0.31929423 -0.31070577]]","[2086. 2103. 1068. 2217. 2244.  927. 2141. 2256.  915. 2009. 2103. 1068.
 1878. 2244.  927. 1954. 2256.  915.]","[2105. 2112. 1061. 2219. 2215.  944. 2121. 2246.  919. 1989. 2112. 1061.
 1878. 2223.  937. 1970. 2244.  922.]","[-1.7320e+01  4.2790e+00  6.5484e+01 -6.1000e-02  1.8310e-01 -7.9350e-01
 -7.5700e-02 -2.8420e-01  9.3950e-01]",114
596,3,"[[-0.0482579  -0.08279169  0.54720831]
 [-0.14872616 -0.31921593  0.31078407]
 [ 0.25637873 -0.30150988  0.32849012]
 [-0.25637873  0.30150988 -0.32849012]
 [ 0.0482579   0.08279169 -0.54720831]
 [ 0.14872616  0.31921593 -0.31078407]]","[2079. 2101. 1069. 2215. 2244.  927. 2144. 2256.  915. 2016. 2101. 1069.
 1880. 2244.  927. 1951. 2256.  915.]","[2100. 2110. 1063. 2218. 2215.  944. 2124. 2246.  919. 1994. 2110. 1062.
 1879. 2224.  937. 1968. 2244.  922.]","[-17.336    4.279   65.468   -0.3052   0.      -0.5493  -0.0781  -0.2915
   0.9551]",114
597,3,"[[-0.036709   -0.08141123  0.54858877]
 [-0.15472837 -0.3191095   0.3108905 ]
 [ 0.2533982  -0.30189975  0.32810025]
 [-0.2533982   0.30189975 -0.32810025]
 [ 0.036709    0.08141123 -0.54858877]
 [ 0.15472837  0.3191095  -0.3108905 ]]","[2071. 2101. 1070. 2213. 2244.  927. 2148. 2256.  915. 2024. 2101. 1070.
 1882. 2244.  927. 1947. 2256.  915.]","[2090. 2107. 1065. 2216. 2214.  944. 2129. 2246.  919. 2003. 2107. 1066.
 1882. 2224.  936. 1963. 2245.  922.]","[-1.7347e+01  4.2680e+00  6.5457e+01 -3.6620e-01 -1.2210e-01 -3.0520e-01
 -6.4500e-02 -3.0620e-01  9.5120e-01]",114
598,3,"[[-0.02510569 -0.08080043  0.54919957]
 [-0.16067897 -0.31897572  0.31102428]
 [ 0.2503035  -0.30228854  0.32771146]
 [-0.2503035   0.30228854 -0.32771146]
 [ 0.02510569  0.08080043 -0.54919957]
 [ 0.16067897  0.31897572 -0.31102428]]","[2064. 2100. 1071. 2211. 2245.  926. 2152. 2255.  916. 2031. 2100. 1071.
 1884. 2245.  926. 1943. 2255.  916.]","[2083. 2105. 1067. 2214. 2215.  945. 2132. 2246.  919. 2011. 2105. 1067.
 1884. 2224.  935. 1959. 2245.  922.]","[-17.364    4.263   65.44    -0.3052   0.      -0.3662  -0.0679  -0.3096
   0.9463]",114
599,3,"[[-0.01346517 -0.08097484  0.54902516]
 [-0.16657304 -0.31881508  0.31118492]
 [ 0.24709358 -0.30267613  0.32732387]
 [-0.24709358  0.30267613 -0.32732387]
 [ 0.01346517  0.08097484 -0.54902516]
 [ 0.16657304  0.31881508 -0.31118492]]","[2056. 2100. 1071. 2209. 2245.  926. 2156. 2255.  916. 2039. 2100. 1071.
 1886. 2245.  926. 1939. 2255.  916.]","[2075. 2105. 1069. 2212. 2215.  944. 2135. 2246.  919. 2019. 2104. 1068.
 1886. 2225.  935. 1955. 2245.  922.]","[-17.38     4.257   65.424   -0.3662   0.      -0.3662  -0.0688  -0.3125
   0.9453]",114
600,3,"[[-0.00180469 -0.08147287  0.54852713]
 [-0.17240565 -0.31862806  0.31137194]
 [ 0.24376748 -0.30306237  0.32693763]
 [-0.24376748  0.30306237 -0.32693763]
 [ 0.00180469  0.08147287 -0.54852713]
 [ 0.17240565  0.31862806 -0.31137194]]","[2049. 2101. 1070. 2206. 2245.  926. 2160. 2255.  916. 2046. 2101. 1070.
 1889. 2245.  926. 1935. 2255.  916.]","[2070. 2104. 1069. 2210. 2215.  944. 2138. 2246.  919. 2025. 2103. 1069.
 1887. 2225.  934. 1952. 2245.  922.]","[-1.7397e+01  4.2570e+00  6.5407e+01 -6.1000e-02  6.1000e-02 -3.6620e-01
 -7.8600e-02 -3.1540e-01  9.4290e-01]",114
601,3,"[[ 0.00985846 -0.08194504  0.54805496]
 [-0.17817184 -0.31841518  0.31158482]
 [ 0.24032435 -0.30344715  0.32655285]
 [-0.24032435  0.30344715 -0.32655285]
 [-0.00985846  0.08194504 -0.54805496]
 [ 0.17817184  0.31841518 -0.31158482]]","[2041. 2101. 1070. 2204. 2245.  926. 2164. 2255.  916. 2054. 2101. 1070.
 1891. 2245.  926. 1931. 2255.  916.]","[2063. 2104. 1069. 2207. 2215.  945. 2141. 2246.  920. 2032. 2103. 1069.
 1890. 2225.  934. 1948. 2245.  922.]","[-1.7402e+01  4.2570e+00  6.5396e+01 -1.2210e-01  6.1000e-02 -6.1000e-02
 -6.7900e-02 -3.1150e-01  9.5460e-01]",114
602,3,"[[ 0.021507   -0.08254554  0.54745446]
 [-0.18386661 -0.31817697  0.31182303]
 [ 0.23676342 -0.30383033  0.32616967]
 [-0.23676342  0.30383033 -0.32616967]
 [-0.021507    0.08254554 -0.54745446]
 [ 0.18386661  0.31817697 -0.31182303]]","[2033. 2101. 1070. 2202. 2246.  925. 2167. 2255.  916. 2062. 2101. 1070.
 1893. 2246.  925. 1928. 2255.  916.]","[2055. 2103. 1069. 2206. 2215.  944. 2144. 2246.  919. 2039. 2103. 1069.
 1892. 2225.  934. 1944. 2245.  922.]","[-1.7413e+01  4.2570e+00  6.5391e+01  0.0000e+00  6.1000e-02  0.0000e+00
 -6.0100e-02 -2.9640e-01  9.4680e-01]",114
603,3,"[[ 0.03312367 -0.0833176   0.5466824 ]
 [-0.18948499 -0.317914    0.312086  ]
 [ 0.23308405 -0.3042118   0.3257882 ]
 [-0.23308405  0.3042118  -0.3257882 ]
 [-0.03312367  0.0833176  -0.5466824 ]
 [ 0.18948499  0.317914   -0.312086  ]]","[2026. 2102. 1069. 2199. 2246.  925. 2171. 2255.  916. 2069. 2102. 1069.
 1896. 2246.  925. 1924. 2255.  916.]","[2048. 2103. 1069. 2203. 2214.  944. 2148. 2246.  919. 2046. 2103. 1069.
 1894. 2225.  933. 1940. 2245.  922.]","[-1.7413e+01  4.2570e+00  6.5391e+01  0.0000e+00 -6.1000e-02 -6.1000e-02
 -7.2800e-02 -3.0030e-01  9.5070e-01]",114
604,3,"[[ 0.04469124 -0.08427416  0.54572584]
 [-0.19502196 -0.31762684  0.31237316]
 [ 0.2292857  -0.30459142  0.32540858]
 [-0.2292857   0.30459142 -0.32540858]
 [-0.04469124  0.08427416 -0.54572584]
 [ 0.19502196  0.31762684 -0.31237316]]","[2018. 2102. 1069. 2197. 2246.  925. 2175. 2255.  916. 2077. 2102. 1069.
 1898. 2246.  925. 1920. 2255.  916.]","[2038. 2103. 1069. 2200. 2215.  944. 2153. 2246.  920. 2056. 2103. 1068.
 1896. 2225.  933. 1935. 2245.  922.]","[-17.419    4.246   65.391   -0.1221  -0.1221   0.      -0.0757  -0.3071
   0.9482]",114
605,3,"[[ 0.05619258 -0.08542181  0.54457819]
 [-0.20047253 -0.31731611  0.31268389]
 [ 0.22536797 -0.30496907  0.32503093]
 [-0.22536797  0.30496907 -0.32503093]
 [-0.05619258  0.08542181 -0.54457819]
 [ 0.20047253  0.31731611 -0.31268389]]","[2011. 2103. 1068. 2194. 2246.  925. 2178. 2254.  917. 2084. 2103. 1068.
 1901. 2246.  925. 1917. 2254.  917.]","[2032. 2104. 1069. 2199. 2214.  944. 2155. 2246.  919. 2062. 2103. 1068.
 1899. 2225.  932. 1932. 2245.  922.]","[-1.7424e+01  4.2410e+00  6.5391e+01  0.0000e+00 -6.1000e-02  0.0000e+00
 -7.5700e-02 -3.0320e-01  9.5020e-01]",114
606,3,"[[ 0.06761064 -0.08676587  0.54323413]
 [-0.2058317  -0.31698243  0.31301757]
 [ 0.22133054 -0.30534461  0.32465539]
 [-0.22133054  0.30534461 -0.32465539]
 [-0.06761064  0.08676587 -0.54323413]
 [ 0.2058317   0.31698243 -0.31301757]]","[2003. 2104. 1067. 2192. 2247.  924. 2182. 2254.  917. 2092. 2104. 1067.
 1903. 2247.  924. 1913. 2254.  917.]","[2023. 2103. 1068. 2195. 2214.  944. 2160. 2246.  919. 2071. 2103. 1068.
 1902. 2225.  932. 1927. 2245.  922.]","[-1.7424e+01  4.2410e+00  6.5391e+01 -6.1000e-02  0.0000e+00  6.1000e-02
 -7.0800e-02 -3.0270e-01  9.4920e-01]",114
607,3,"[[ 0.07892849 -0.08831137  0.54168863]
 [-0.21109449 -0.31662646  0.31337354]
 [ 0.21717324 -0.30571793  0.32428207]
 [-0.21717324  0.30571793 -0.32428207]
 [-0.07892849  0.08831137 -0.54168863]
 [ 0.21109449  0.31662646 -0.31337354]]","[1996. 2105. 1066. 2189. 2247.  924. 2185. 2254.  917. 2099. 2105. 1066.
 1906. 2247.  924. 1910. 2254.  917.]","[2018. 2104. 1068. 2193. 2215.  944. 2162. 2246.  920. 2076. 2104. 1068.
 1904. 2225.  931. 1924. 2245.  922.]","[-17.43     4.241   65.396   -0.1221  -0.1831   0.1221  -0.0688  -0.3003
   0.9468]",114
608,3,"[[ 0.09012937 -0.09006325  0.53993675]
 [-0.21625593 -0.31624884  0.31375116]
 [ 0.21289602 -0.3060889   0.3239111 ]
 [-0.21289602  0.3060889  -0.3239111 ]
 [-0.09012937  0.09006325 -0.53993675]
 [ 0.21625593  0.31624884 -0.31375116]]","[1989. 2106. 1065. 2186. 2247.  924. 2188. 2254.  917. 2106. 2106. 1065.
 1909. 2247.  924. 1907. 2254.  917.]","[2007. 2104. 1066. 2191. 2215.  943. 2166. 2246.  919. 2086. 2104. 1067.
 1907. 2226.  931. 1920. 2245.  922.]","[-1.7435e+01  4.2350e+00  6.5402e+01 -2.4410e-01 -1.8310e-01  0.0000e+00
 -6.3500e-02 -3.1300e-01  9.4630e-01]",114
609,3,"[[ 0.10119667 -0.09202641  0.53797359]
 [-0.22131108 -0.31585028  0.31414972]
 [ 0.20849897 -0.30645739  0.32354261]
 [-0.20849897  0.30645739 -0.32354261]
 [-0.10119667  0.09202641 -0.53797359]
 [ 0.22131108  0.31585028 -0.31414972]]","[1982. 2107. 1063. 2183. 2247.  924. 2192. 2253.  918. 2113. 2107. 1063.
 1912. 2247.  924. 1903. 2253.  918.]","[2000. 2105. 1066. 2188. 2214.  942. 2170. 2246.  920. 2094. 2105. 1066.
 1910. 2227.  931. 1917. 2245.  922.]","[-1.7446e+01  4.2240e+00  6.5402e+01 -1.8310e-01 -6.1000e-02 -2.4410e-01
 -5.5700e-02 -3.1050e-01  9.4680e-01]",114
610,3,"[[ 0.112114   -0.09420565  0.53579435]
 [-0.22625504 -0.31543147  0.31456853]
 [ 0.2039823  -0.30682328  0.32317672]
 [-0.2039823   0.30682328 -0.32317672]
 [-0.112114    0.09420565 -0.53579435]
 [ 0.22625504  0.31543147 -0.31456853]]","[1974. 2109. 1062. 2180. 2248.  923. 2195. 2253.  918. 2121. 2109. 1062.
 1915. 2248.  923. 1900. 2253.  918.]","[1995. 2106. 1065. 2185. 2214.  942. 2172. 2246.  920. 2099. 2106. 1065.
 1912. 2227.  931. 1914. 2245.  922.]","[-1.7457e+01  4.2190e+00  6.5391e+01 -2.4410e-01 -6.1000e-02 -3.0520e-01
 -6.5400e-02 -3.1010e-01  9.5460e-01]",114
611,3,"[[ 0.12286516 -0.09660573  0.53339427]
 [-0.2310829  -0.31499312  0.31500688]
 [ 0.19934633 -0.30718643  0.32281357]
 [-0.19934633  0.30718643 -0.32281357]
 [-0.12286516  0.09660573 -0.53339427]
 [ 0.2310829   0.31499312 -0.31500688]]","[1967. 2110. 1060. 2177. 2248.  923. 2198. 2253.  918. 2128. 2110. 1060.
 1918. 2248.  923. 1897. 2253.  918.]","[1986. 2108. 1063. 2183. 2214.  941. 2177. 2246.  920. 2108. 2108. 1063.
 1915. 2227.  931. 1910. 2245.  922.]","[-17.468    4.208   65.38    -0.1831   0.      -0.1221  -0.0786  -0.3125
   0.9526]",114
612,3,"[[ 0.13343422 -0.09923132  0.53076868]
 [-0.23578986 -0.31453596  0.31546404]
 [ 0.19459158 -0.30754673  0.32245327]
 [-0.19459158  0.30754673 -0.32245327]
 [-0.13343422  0.09923132 -0.53076868]
 [ 0.23578986  0.31453596 -0.31546404]]","[1961. 2112. 1059. 2174. 2248.  923. 2201. 2253.  918. 2134. 2112. 1059.
 1921. 2248.  923. 1894. 2253.  918.]","[1980. 2109. 1062. 2181. 2214.  941. 2180. 2246.  920. 2113. 2109. 1061.
 1918. 2227.  931. 1907. 2245.  922.]","[-1.7479e+01  4.2080e+00  6.5380e+01  6.1000e-02  0.0000e+00  6.1000e-02
 -7.5700e-02 -3.0760e-01  9.4140e-01]",114
613,3,"[[ 0.14380553 -0.10208698  0.52791302]
 [-0.24037113 -0.31406073  0.31593927]
 [ 0.18971865 -0.30790404  0.32209596]
 [-0.18971865  0.30790404 -0.32209596]
 [-0.14380553  0.10208698 -0.52791302]
 [ 0.24037113  0.31406073 -0.31593927]]","[1954. 2114. 1057. 2171. 2248.  923. 2204. 2252.  919. 2141. 2114. 1057.
 1924. 2248.  923. 1891. 2252.  919.]","[1971. 2111. 1060. 2177. 2214.  941. 2184. 2246.  920. 2122. 2110. 1060.
 1921. 2228.  931. 1903. 2245.  922.]","[-1.7479e+01  4.2020e+00  6.5385e+01 -6.1000e-02 -1.2210e-01  3.0520e-01
 -7.3200e-02 -3.0620e-01  9.4970e-01]",114
614,3,"[[ 0.15396372 -0.10517719  0.52482281]
 [-0.24482199 -0.31356818  0.31643182]
 [ 0.18472832 -0.30825824  0.32174176]
 [-0.18472832  0.30825824 -0.32174176]
 [-0.15396372  0.10517719 -0.52482281]
 [ 0.24482199  0.31356818 -0.31643182]]","[1947. 2116. 1055. 2168. 2248.  923. 2207. 2252.  919. 2148. 2116. 1055.
 1927. 2248.  923. 1888. 2252.  919.]","[1966. 2112. 1059. 2175. 2215.  941. 2187. 2246.  920. 2127. 2112. 1059.
 1923. 2227.  931. 1901. 2245.  922.]","[-1.7479e+01  4.2020e+00  6.5402e+01  6.1000e-02 -1.8310e-01  4.8830e-01
 -7.3700e-02 -3.0180e-01  9.5120e-01]",114
615,3,"[[ 0.16389371 -0.10850628  0.52149372]
 [-0.24913774 -0.31305909  0.31694091]
 [ 0.17962149 -0.30860921  0.32139079]
 [-0.17962149  0.30860921 -0.32139079]
 [-0.16389371  0.10850628 -0.52149372]
 [ 0.24913774  0.31305909 -0.31694091]]","[1941. 2118. 1053. 2165. 2249.  922. 2210. 2252.  919. 2154. 2118. 1053.
 1930. 2249.  922. 1885. 2252.  919.]","[1958. 2115. 1057. 2171. 2215.  941. 2191. 2246.  921. 2136. 2115. 1057.
 1927. 2227.  931. 1897. 2245.  922.]","[-17.479    4.202   65.418    0.      -0.1221   0.4272  -0.0786  -0.3086
   0.9429]",114
616,3,"[[ 0.17358081 -0.1120785   0.5179215 ]
 [-0.25331381 -0.31253423  0.31746577]
 [ 0.17439921 -0.30895681  0.32104319]
 [-0.17439921  0.30895681 -0.32104319]
 [-0.17358081  0.1120785  -0.5179215 ]
 [ 0.25331381  0.31253423 -0.31746577]]","[1934. 2121. 1050. 2161. 2249.  922. 2213. 2251.  920. 2161. 2121. 1050.
 1934. 2249.  922. 1882. 2251.  920.]","[1951. 2117. 1055. 2168. 2214.  941. 2194. 2246.  921. 2143. 2117. 1055.
 1930. 2227.  931. 1894. 2245.  922.]","[-17.479    4.202   65.44     0.      -0.2441   0.4272  -0.0674  -0.3081
   0.9424]",114
617,3,"[[ 0.18301065 -0.11589791  0.51410209]
 [-0.25734567 -0.31199437  0.31800563]
 [ 0.16906269 -0.30930092  0.32069908]
 [-0.16906269  0.30930092 -0.32069908]
 [-0.18301065  0.11589791 -0.51410209]
 [ 0.25734567  0.31199437 -0.31800563]]","[1928. 2123. 1048. 2158. 2249.  922. 2215. 2251.  920. 2167. 2123. 1048.
 1937. 2249.  922. 1880. 2251.  920.]","[1946. 2119. 1053. 2165. 2214.  940. 2196. 2246.  921. 2147. 2118. 1053.
 1932. 2228.  931. 1892. 2245.  922.]","[-17.479    4.197   65.457    0.      -0.1831   0.2441  -0.0723  -0.3042
   0.9536]",114
618,3,"[[ 0.19216926 -0.11996846  0.51003154]
 [-0.26122887 -0.31144031  0.31855969]
 [ 0.16361327 -0.30964142  0.32035858]
 [-0.16361327  0.30964142 -0.32035858]
 [-0.19216926  0.11996846 -0.51003154]
 [ 0.26122887  0.31144031 -0.31855969]]","[1922. 2126. 1045. 2154. 2249.  922. 2218. 2251.  920. 2173. 2126. 1045.
 1941. 2249.  922. 1877. 2251.  920.]","[1940. 2121. 1050. 2162. 2215.  940. 2199. 2246.  922. 2153. 2121. 1051.
 1936. 2228.  930. 1888. 2245.  922.]","[-1.7485e+01  4.1970e+00  6.5468e+01 -6.1000e-02 -1.2210e-01  1.2210e-01
 -5.6600e-02 -3.0220e-01  9.4340e-01]",114
619,3,"[[ 0.20104306 -0.12429393  0.50570607]
 [-0.26495905 -0.31087285  0.31912715]
 [ 0.15805246 -0.30997817  0.32002183]
 [-0.15805246  0.30997817 -0.32002183]
 [-0.20104306  0.12429393 -0.50570607]
 [ 0.26495905  0.31087285 -0.31912715]]","[1916. 2129. 1042. 2151. 2250.  921. 2220. 2250.  921. 2179. 2129. 1042.
 1944. 2250.  921. 1875. 2250.  921.]","[1932. 2124. 1048. 2158. 2215.  939. 2203. 2246.  922. 2162. 2124. 1048.
 1940. 2228.  931. 1885. 2245.  922.]","[-1.7490e+01  4.1860e+00  6.5468e+01 -1.2210e-01 -1.8310e-01 -1.8310e-01
 -6.2500e-02 -3.0660e-01  9.5070e-01]",114
620,3,"[[ 0.20961891 -0.12887793  0.50112207]
 [-0.26853194 -0.3102928   0.3197072 ]
 [ 0.15238191 -0.31031105  0.31968895]
 [-0.15238191  0.31031105 -0.31968895]
 [-0.20961891  0.12887793 -0.50112207]
 [ 0.26853194  0.3102928  -0.3197072 ]]","[1911. 2132. 1039. 2147. 2250.  921. 2223. 2250.  921. 2184. 2132. 1039.
 1948. 2250.  921. 1872. 2250.  921.]","[1927. 2126. 1046. 2156. 2214.  939. 2205. 2246.  922. 2167. 2126. 1046.
 1943. 2228.  930. 1882. 2245.  922.]","[-1.7496e+01  4.1800e+00  6.5457e+01 -6.1000e-02  0.0000e+00 -2.4410e-01
 -8.2000e-02 -3.0660e-01  9.5210e-01]",114
621,3,"[[ 0.21788408 -0.13372388  0.49627612]
 [-0.27194338 -0.30970096  0.32029904]
 [ 0.1466034  -0.31063994  0.31936006]
 [-0.1466034   0.31063994 -0.31936006]
 [-0.21788408  0.13372388 -0.49627612]
 [ 0.27194338  0.30970096 -0.32029904]]","[1905. 2135. 1036. 2143. 2250.  921. 2225. 2249.  922. 2190. 2135. 1036.
 1952. 2250.  921. 1870. 2249.  922.]","[1921. 2129. 1043. 2152. 2214.  939. 2207. 2245.  923. 2172. 2129. 1043.
 1946. 2228.  930. 1880. 2245.  923.]","[-1.7496e+01  4.1750e+00  6.5451e+01  0.0000e+00 -6.1000e-02 -6.1000e-02
 -7.5200e-02 -3.0960e-01  9.3510e-01]",114
622,3,"[[ 0.22582634 -0.13883502  0.49116498]
 [-0.27518931 -0.30909815  0.32090185]
 [ 0.1407189  -0.3109647   0.3190353 ]
 [-0.1407189   0.3109647  -0.3190353 ]
 [-0.22582634  0.13883502 -0.49116498]
 [ 0.27518931  0.30909815 -0.32090185]]","[1900. 2138. 1033. 2139. 2250.  921. 2227. 2249.  922. 2195. 2138. 1033.
 1956. 2250.  921. 1868. 2249.  922.]","[1915. 2132. 1040. 2149. 2214.  939. 2210. 2245.  924. 2178. 2131. 1040.
 1950. 2228.  930. 1877. 2245.  923.]","[-1.7501e+01  4.1640e+00  6.5457e+01 -1.2210e-01 -3.0520e-01  6.1000e-02
 -6.3500e-02 -3.0760e-01  9.4730e-01]",114
623,3,"[[ 0.23343391 -0.14421439  0.48578561]
 [-0.27826576 -0.30848519  0.32151481]
 [ 0.13473051 -0.31128522  0.31871478]
 [-0.13473051  0.31128522 -0.31871478]
 [-0.23343391  0.14421439 -0.48578561]
 [ 0.27826576  0.30848519 -0.32151481]]","[1895. 2142. 1029. 2135. 2250.  921. 2229. 2249.  922. 2200. 2142. 1029.
 1960. 2250.  921. 1866. 2249.  922.]","[1910. 2134. 1037. 2145. 2215.  938. 2212. 2245.  924. 2184. 2134. 1037.
 1953. 2228.  930. 1875. 2245.  923.]","[-17.507    4.158   65.462    0.      -0.2441   0.1831  -0.0693  -0.311
   0.9575]",114
624,3,"[[ 0.24069551 -0.14986483  0.48013517]
 [-0.2811689  -0.3078629   0.3221371 ]
 [ 0.12864047 -0.31160135  0.31839865]
 [-0.12864047  0.31160135 -0.31839865]
 [-0.24069551  0.14986483 -0.48013517]
 [ 0.2811689   0.3078629  -0.3221371 ]]","[1891. 2145. 1026. 2131. 2251.  920. 2231. 2248.  923. 2204. 2145. 1026.
 1964. 2251.  920. 1864. 2248.  923.]","[1904. 2138. 1034. 2141. 2214.  939. 2214. 2245.  924. 2190. 2138. 1035.
 1957. 2228.  930. 1871. 2245.  924.]","[-1.7507e+01  4.1530e+00  6.5473e+01  6.1000e-02 -6.1000e-02  2.4410e-01
 -7.3700e-02 -3.0760e-01  9.4780e-01]",114
625,3,"[[ 0.2476004  -0.15578893  0.47421107]
 [-0.28389501 -0.3072321   0.3227679 ]
 [ 0.1224512  -0.31191298  0.31808702]
 [-0.1224512   0.31191298 -0.31808702]
 [-0.2476004   0.15578893 -0.47421107]
 [ 0.28389501  0.3072321  -0.3227679 ]]","[1886. 2149. 1022. 2127. 2251.  920. 2233. 2248.  923. 2209. 2149. 1022.
 1968. 2251.  920. 1862. 2248.  923.]","[1900. 2141. 1031. 2137. 2214.  938. 2217. 2244.  925. 2194. 2141. 1031.
 1961. 2228.  930. 1869. 2245.  924.]","[-1.7501e+01  4.1530e+00  6.5484e+01  6.1000e-02 -1.2210e-01  2.4410e-01
 -7.6700e-02 -3.0660e-01  9.4140e-01]",114
626,3,"[[ 0.25413832 -0.16198908  0.46801092]
 [-0.2864405  -0.30659361  0.32340639]
 [ 0.11616525 -0.31221999  0.31778001]
 [-0.11616525  0.31221999 -0.31778001]
 [-0.25413832  0.16198908 -0.46801092]
 [ 0.2864405   0.30659361 -0.32340639]]","[1882. 2153. 1018. 2123. 2251.  920. 2234. 2247.  924. 2213. 2153. 1018.
 1972. 2251.  920. 1861. 2247.  924.]","[1895. 2144. 1027. 2135. 2214.  937. 2219. 2244.  925. 2199. 2145. 1028.
 1965. 2228.  929. 1867. 2245.  924.]","[-17.501    4.147   65.495    0.      -0.1831   0.1831  -0.0674  -0.3047
   0.936 ]",114
627,3,"[[ 0.26029959 -0.16846743  0.46153257]
 [-0.28880191 -0.30594827  0.32405173]
 [ 0.10978532 -0.31252223  0.31747777]
 [-0.10978532  0.31252223 -0.31747777]
 [-0.26029959  0.16846743 -0.46153257]
 [ 0.28880191  0.30594827 -0.32405173]]","[1878. 2157. 1014. 2119. 2251.  920. 2236. 2247.  924. 2217. 2157. 1014.
 1976. 2251.  920. 1859. 2247.  924.]","[1890. 2148. 1024. 2132. 2214.  937. 2221. 2244.  925. 2203. 2148. 1024.
 1968. 2228.  929. 1865. 2245.  925.]","[-1.7507e+01  4.1420e+00  6.5506e+01 -1.2210e-01 -3.0520e-01  0.0000e+00
 -5.0800e-02 -3.1010e-01  9.5700e-01]",114
628,3,"[[ 0.26607509 -0.17522588  0.45477412]
 [-0.29097592 -0.30529689  0.32470311]
 [ 0.10331427 -0.31281959  0.31718041]
 [-0.10331427  0.31281959 -0.31718041]
 [-0.26607509  0.17522588 -0.45477412]
 [ 0.29097592  0.30529689 -0.32470311]]","[1874. 2162. 1009. 2115. 2251.  920. 2237. 2247.  924. 2221. 2162. 1009.
 1980. 2251.  920. 1858. 2247.  924.]","[1885. 2152. 1020. 2129. 2214.  936. 2223. 2243.  926. 2209. 2152. 1020.
 1972. 2228.  929. 1863. 2245.  926.]","[-1.7518e+01  4.1310e+00  6.5506e+01 -6.1000e-02  0.0000e+00 -1.2210e-01
 -5.5200e-02 -3.1540e-01  9.6240e-01]",114
629,3,"[[ 0.27145625 -0.18226606  0.44773394]
 [-0.29295935 -0.3046403   0.3253597 ]
 [ 0.09675511 -0.31311195  0.31688805]
 [-0.09675511  0.31311195 -0.31688805]
 [-0.27145625  0.18226606 -0.44773394]
 [ 0.29295935  0.3046403  -0.3253597 ]]","[1871. 2166. 1005. 2111. 2252.  919. 2238. 2246.  925. 2224. 2166. 1005.
 1984. 2252.  919. 1857. 2246.  925.]","[1881. 2156. 1015. 2124. 2214.  936. 2225. 2243.  926. 2213. 2156. 1016.
 1976. 2228.  929. 1861. 2245.  926.]","[-1.7518e+01  4.1250e+00  6.5495e+01  1.2210e-01  0.0000e+00 -3.0520e-01
 -5.8600e-02 -3.1490e-01  9.3210e-01]",114
630,3,"[[ 0.27643509 -0.18958938  0.44041062]
 [-0.29474917 -0.30397932  0.32602068]
 [ 0.09011097 -0.31339917  0.31660083]
 [-0.09011097  0.31339917 -0.31660083]
 [-0.27643509  0.18958938 -0.44041062]
 [ 0.29474917  0.30397932 -0.32602068]]","[1867. 2171. 1000. 2106. 2252.  919. 2240. 2246.  925. 2228. 2171. 1000.
 1989. 2252.  919. 1855. 2246.  925.]","[1877. 2160. 1012. 2121. 2215.  935. 2227. 2242.  926. 2216. 2160. 1012.
 1980. 2228.  929. 1860. 2245.  926.]","[-17.518    4.114   65.484    0.      -0.1221  -0.3052  -0.084   -0.3164
   0.9463]",114
631,3,"[[ 0.28100424 -0.19719692  0.43280308]
 [-0.2963425  -0.30331476  0.32668524]
 [ 0.08338515 -0.31368113  0.31631887]
 [-0.08338515  0.31368113 -0.31631887]
 [-0.28100424  0.19719692 -0.43280308]
 [ 0.2963425   0.30331476 -0.32668524]]","[1864. 2176.  995. 2102. 2252.  919. 2241. 2245.  926. 2231. 2176.  995.
 1993. 2252.  919. 1854. 2245.  926.]","[1873. 2164. 1008. 2116. 2214.  935. 2229. 2242.  927. 2221. 2164. 1008.
 1984. 2229.  929. 1858. 2245.  927.]","[-1.7523e+01  4.1030e+00  6.5484e+01  6.1000e-02 -1.2210e-01  1.2210e-01
 -8.8400e-02 -3.1100e-01  9.5020e-01]",114
632,3,"[[ 0.28515692 -0.20508955  0.42491045]
 [-0.29773662 -0.30264744  0.32735256]
 [ 0.07658109 -0.3139577   0.3160423 ]
 [-0.07658109  0.3139577  -0.3160423 ]
 [-0.28515692  0.20508955 -0.42491045]
 [ 0.29773662  0.30264744 -0.32735256]]","[1862. 2181.  990. 2097. 2252.  919. 2242. 2245.  926. 2233. 2181.  990.
 1998. 2252.  919. 1853. 2245.  926.]","[1870. 2169. 1003. 2112. 2214.  935. 2231. 2242.  927. 2224. 2169. 1003.
 1988. 2228.  930. 1855. 2244.  927.]","[-17.518    4.109   65.495    0.1831  -0.1221   0.4883  -0.0781  -0.2998
   0.9404]",114
633,3,"[[ 0.28888698 -0.2132678   0.4167322 ]
 [-0.29892896 -0.30197816  0.32802184]
 [ 0.06970236 -0.31422877  0.31577123]
 [-0.06970236  0.31422877 -0.31577123]
 [-0.28888698  0.2132678  -0.4167322 ]
 [ 0.29892896  0.30197816 -0.32802184]]","[1859. 2187.  984. 2093. 2252.  919. 2242. 2244.  927. 2236. 2187.  984.
 2002. 2252.  919. 1853. 2244.  927.]","[1867. 2173. 1003. 2107. 2214.  935. 2233. 2241.  927. 2227. 2174.  999.
 1992. 2228.  929. 1854. 2243.  927.]","[-17.518    4.109   65.522    0.      -0.2441   0.6104  -0.0703  -0.2969
   0.9478]",114
634,3,"[[ 0.2921889  -0.22173193  0.40826807]
 [-0.29991714 -0.30130774  0.32869226]
 [ 0.06275269 -0.3144942   0.3155058 ]
 [-0.06275269  0.3144942  -0.3155058 ]
 [-0.2921889   0.22173193 -0.40826807]
 [ 0.29991714  0.30130774 -0.32869226]]","[1857. 2192.  979. 2088. 2253.  918. 2243. 2244.  927. 2238. 2192.  979.
 2007. 2253.  918. 1852. 2244.  927.]","[1864. 2176.  998. 2103. 2214.  935. 2234. 2241.  928. 2230. 2179.  993.
 1996. 2228.  929. 1853. 2243.  929.]","[-17.512    4.103   65.544    0.      -0.2441   0.5493  -0.0688  -0.2959
   0.9653]",114
635,3,"[[ 0.29505777 -0.23048192  0.39951808]
 [-0.30069895 -0.30063697  0.32936303]
 [ 0.05573591 -0.31475387  0.31524613]
 [-0.05573591  0.31475387 -0.31524613]
 [-0.29505777  0.23048192 -0.39951808]
 [ 0.30069895  0.30063697 -0.32936303]]","[1855. 2198.  973. 2084. 2253.  918. 2244. 2243.  927. 2240. 2198.  973.
 2011. 2253.  918. 1851. 2243.  927.]","[1862. 2177.  993. 2099. 2214.  935. 2235. 2241.  928. 2233. 2184.  988.
 2001. 2228.  929. 1852. 2243.  929.]","[-17.507    4.114   65.572    0.1831   0.       0.6714  -0.0767  -0.3066
   0.9517]",114
636,3,"[[ 0.29748936 -0.23951743  0.39048257]
 [-0.30127252 -0.29996663  0.33003337]
 [ 0.04865602 -0.31500767  0.31499233]
 [-0.04865602  0.31500767 -0.31499233]
 [-0.29748936  0.23951743 -0.39048257]
 [ 0.30127252  0.29996663 -0.33003337]]","[1854. 2204.  967. 2079. 2253.  918. 2244. 2243.  928. 2241. 2204.  967.
 2016. 2253.  918. 1851. 2243.  928.]","[1860. 2183.  987. 2094. 2214.  935. 2236. 2241.  928. 2236. 2189.  987.
 2005. 2228.  929. 1850. 2242.  930.]","[-1.7501e+01  4.1200e+00  6.5599e+01  1.2210e-01 -6.1000e-02  6.7140e-01
 -5.7100e-02 -3.0760e-01  9.3750e-01]",114
637,3,"[[ 0.29948004 -0.2488378   0.3811622 ]
 [-0.30163746 -0.29929752  0.33070248]
 [ 0.04151712 -0.31525546  0.31474454]
 [-0.04151712  0.31525546 -0.31474454]
 [-0.29948004  0.2488378  -0.3811622 ]
 [ 0.30163746  0.29929752 -0.33070248]]","[1852. 2210.  961. 2075. 2253.  918. 2244. 2243.  928. 2243. 2210.  961.
 2020. 2253.  918. 1851. 2243.  928.]","[1859. 2187.  983. 2090. 2214.  935. 2238. 2240.  929. 2237. 2193.  981.
 2009. 2228.  929. 1850. 2242.  930.]","[-17.479    4.147   65.627    0.5493   0.6104   0.9766  -0.0859  -0.3315
   0.998 ]",114
638,3,"[[ 0.30102688 -0.25844209  0.37155791]
 [-0.30179395 -0.29863039  0.33136961]
 [ 0.03432347 -0.31549713  0.31450287]
 [-0.03432347  0.31549713 -0.31450287]
 [-0.30102688  0.25844209 -0.37155791]
 [ 0.30179395  0.29863039 -0.33136961]]","[1851. 2216.  955. 2070. 2253.  918. 2244. 2242.  929. 2244. 2216.  955.
 2025. 2253.  918. 1851. 2242.  929.]","[1857. 2191.  978. 2086. 2215.  935. 2238. 2241.  929. 2239. 2195.  975.
 2013. 2228.  929. 1850. 2241.  930.]","[-1.7446e+01  4.2020e+00  6.5654e+01  9.7660e-01  1.1597e+00  1.0986e+00
 -3.6600e-02 -3.2130e-01  9.1210e-01]",114
639,3,"[[ 0.30212752 -0.268329    0.361671  ]
 [-0.30161308 -0.29796569  0.33203431]
 [ 0.02707942 -0.31573255  0.31426745]
 [-0.02707942  0.31573255 -0.31426745]
 [-0.30212752  0.268329   -0.361671  ]
 [ 0.30161308  0.29796569 -0.33203431]]","[1851. 2222.  949. 2065. 2253.  918. 2244. 2242.  929. 2244. 2222.  949.
 2030. 2253.  918. 1851. 2242.  929.]","[1856. 2195.  974. 2082. 2214.  935. 2240. 2241.  930. 2241. 2202.  969.
 2018. 2228.  929. 1849. 2240.  930.]","[-17.424    4.241   65.665    0.6714   0.8545   0.3662  -0.0698  -0.3423
   0.9795]",114
640,3,"[[ 0.30277921 -0.27849694  0.35150306]
 [-0.30084945 -0.29730258  0.33269742]
 [ 0.01978953 -0.31596161  0.31403839]
 [-0.01978953  0.31596161 -0.31403839]
 [-0.30277921  0.27849694 -0.35150306]
 [ 0.30084945  0.29730258 -0.33269742]]","[1850. 2229.  942. 2060. 2253.  917. 2244. 2241.  930. 2245. 2229.  942.
 2035. 2253.  917. 1851. 2241.  930.]","[1855. 2198.  970. 2077. 2214.  935. 2240. 2241.  930. 2242. 2208.  963.
 2022. 2228.  929. 1849. 2240.  931.]","[-17.386    4.274   65.671    1.1597   0.7935   0.3662  -0.0659  -0.3311
   0.9429]",114
641,3,"[[ 0.30298474 -0.2869031   0.3430969 ]
 [-0.29948107 -0.29664116  0.33335884]
 [ 0.01246059 -0.31618419  0.31381581]
 [-0.01246059  0.31618419 -0.31381581]
 [-0.30298474  0.2869031  -0.3430969 ]
 [ 0.29948107  0.29664116 -0.33335884]]","[1850. 2235.  936. 2056. 2254.  917. 2243. 2241.  930. 2245. 2235.  936.
 2039. 2254.  917. 1852. 2241.  930.]","[1854. 2202.  965. 2072. 2214.  935. 2240. 2241.  930. 2243. 2214.  957.
 2025. 2228.  930. 1849. 2239.  931.]","[-1.7353e+01  4.3070e+00  6.5671e+01  1.0986e+00  9.1550e-01  1.8310e-01
 -5.9600e-02 -3.2620e-01  9.2920e-01]",114
642,3,"[[ 0.30290441 -0.28722434  0.34277566]
 [-0.29751992 -0.29598225  0.33401775]
 [ 0.00511314 -0.31640016  0.31359984]
 [-0.00511314  0.31640016 -0.31359984]
 [-0.30290441  0.28722434 -0.34277566]
 [ 0.29751992  0.29598225 -0.33401775]]","[1850. 2235.  936. 2051. 2254.  917. 2241. 2240.  931. 2245. 2235.  936.
 2044. 2254.  917. 1854. 2240.  931.]","[1854. 2207.  960. 2068. 2215.  936. 2241. 2241.  930. 2243. 2218.  952.
 2028. 2228.  930. 1849. 2239.  931.]","[-17.314    4.34    65.676    1.3428   0.7935   0.4883  -0.1011  -0.3101
   0.9722]",114
643,3,"[[ 0.30269672 -0.28755188  0.34244812]
 [-0.29497624 -0.2953267   0.3346733 ]
 [-0.002232   -0.31660942  0.31339058]
 [ 0.002232    0.31660942 -0.31339058]
 [-0.30269672  0.28755188 -0.34244812]
 [ 0.29497624  0.2953267  -0.3346733 ]]","[1850. 2235.  936. 2046. 2254.  917. 2240. 2240.  931. 2245. 2235.  936.
 2049. 2254.  917. 1855. 2240.  931.]","[1854. 2211.  956. 2064. 2217.  936. 2241. 2241.  930. 2244. 2222.  948.
 2032. 2229.  930. 1850. 2239.  932.]","[-1.7271e+01  4.3840e+00  6.5698e+01  1.2207e+00  9.7660e-01  1.0376e+00
 -4.3500e-02 -2.9150e-01  9.6390e-01]",114
644,3,"[[ 0.3023732  -0.28788525  0.34211475]
 [-0.29185296 -0.29467538  0.33532462]
 [-0.00956704 -0.31681183  0.31318817]
 [ 0.00956704  0.31681183 -0.31318817]
 [-0.3023732   0.28788525 -0.34211475]
 [ 0.29185296  0.29467538 -0.33532462]]","[1850. 2235.  936. 2041. 2254.  917. 2238. 2240.  931. 2245. 2235.  936.
 2054. 2254.  917. 1857. 2240.  931.]","[1854. 2212.  953. 2060. 2220.  936. 2240. 2242.  930. 2244. 2224.  946.
 2037. 2229.  930. 1850. 2238.  932.]","[-1.7216e+01  4.4220e+00  6.5709e+01  1.5869e+00  1.0986e+00  4.2720e-01
 -4.7400e-02 -2.9000e-01  9.7120e-01]",114
645,3,"[[ 0.30193169 -0.28822433  0.34177567]
 [-0.28815655 -0.29402912  0.33597088]
 [-0.01688735 -0.31700729  0.31299271]
 [ 0.01688735  0.31700729 -0.31299271]
 [-0.30193169  0.28822433 -0.34177567]
 [ 0.28815655  0.29402912 -0.33597088]]","[1851. 2235.  936. 2036. 2254.  917. 2235. 2239.  932. 2244. 2235.  936.
 2059. 2254.  917. 1860. 2239.  932.]","[1854. 2213.  952. 2056. 2222.  935. 2240. 2242.  930. 2244. 2225.  945.
 2042. 2228.  930. 1851. 2238.  932.]","[-1.7155e+01  4.4440e+00  6.5682e+01  1.8311e+00  7.9350e-01 -6.1040e-01
 -3.3700e-02 -2.8610e-01  9.5410e-01]",114
646,3,"[[ 0.30137161 -0.28856895  0.34143105]
 [-0.28389743 -0.29338879  0.33661121]
 [-0.02418869 -0.31719566  0.31280434]
 [ 0.02418869  0.31719566 -0.31280434]
 [-0.30137161  0.28856895 -0.34143105]
 [ 0.28389743  0.29338879 -0.33661121]]","[1851. 2236.  935. 2032. 2254.  917. 2233. 2239.  932. 2244. 2236.  935.
 2063. 2254.  917. 1862. 2239.  932.]","[1854. 2215.  951. 2052. 2224.  936. 2240. 2242.  930. 2244. 2226.  945.
 2047. 2228.  930. 1852. 2237.  932.]","[-17.089    4.444   65.627    1.709    0.6104  -1.4038  -0.0757  -0.2915
   0.9316]",114
647,3,"[[ 0.30069303 -0.28891895  0.34108105]
 [-0.27908852 -0.29275525  0.33724475]
 [-0.03146688 -0.31737684  0.31262316]
 [ 0.03146688  0.31737684 -0.31262316]
 [-0.30069303  0.28891895 -0.34108105]
 [ 0.27908852  0.29275525 -0.33724475]]","[1851. 2236.  935. 2027. 2254.  917. 2229. 2238.  933. 2244. 2236.  935.
 2068. 2254.  917. 1866. 2238.  933.]","[1854. 2216.  950. 2048. 2224.  935. 2238. 2241.  931. 2244. 2228.  944.
 2051. 2229.  930. 1853. 2237.  932.]","[-17.04     4.433   65.577    1.3428   0.3052  -1.0986  -0.1147  -0.2939
   0.9282]",114
648,3,"[[ 0.29989618 -0.28927413  0.34072587]
 [-0.27374449 -0.29212935  0.33787065]
 [-0.03871776 -0.31755071  0.31244929]
 [ 0.03871776  0.31755071 -0.31244929]
 [-0.29989618  0.28927413 -0.34072587]
 [ 0.27374449  0.29212935 -0.33787065]]","[1852. 2236.  935. 2022. 2255.  916. 2226. 2238.  933. 2243. 2236.  935.
 2073. 2255.  916. 1869. 2238.  933.]","[1854. 2216.  949. 2044. 2224.  936. 2235. 2240.  931. 2243. 2228.  944.
 2056. 2228.  930. 1856. 2237.  933.]","[-17.001    4.433   65.55     1.0986   0.1221  -0.4272  -0.1157  -0.3013
   0.9277]",114
649,3,"[[ 0.29898136 -0.2896343   0.3403657 ]
 [-0.26788126 -0.29151194  0.33848806]
 [-0.04593722 -0.31771715  0.31228285]
 [ 0.04593722  0.31771715 -0.31228285]
 [-0.29898136  0.2896343  -0.3403657 ]
 [ 0.26788126  0.29151194 -0.33848806]]","[1853. 2236.  935. 2018. 2255.  916. 2222. 2238.  933. 2242. 2236.  935.
 2077. 2255.  916. 1873. 2238.  933.]","[1854. 2217.  948. 2040. 2224.  936. 2233. 2240.  930. 2243. 2228.  943.
 2060. 2228.  930. 1857. 2236.  934.]","[-16.974    4.449   65.55     0.7324   0.3052   0.      -0.0977  -0.3086
   0.9253]",114
650,3,"[[ 0.29794895 -0.28999929  0.34000071]
 [-0.26151579 -0.29090388  0.33909612]
 [-0.0531212  -0.31787607  0.31212393]
 [ 0.0531212   0.31787607 -0.31212393]
 [-0.29794895  0.28999929 -0.34000071]
 [ 0.26151579  0.29090388 -0.33909612]]","[1853. 2237.  934. 2013. 2255.  916. 2218. 2237.  934. 2242. 2237.  934.
 2082. 2255.  916. 1877. 2237.  934.]","[1855. 2216.  947. 2036. 2225.  936. 2229. 2240.  930. 2243. 2228.  943.
 2065. 2228.  930. 1860. 2236.  934.]","[-1.6963e+01  4.4600e+00  6.5544e+01  4.8830e-01  3.0520e-01 -6.1000e-02
 -8.1500e-02 -3.0270e-01  9.4970e-01]",114
651,3,"[[ 0.29679933 -0.29036889  0.33963111]
 [-0.25466596 -0.29030601  0.33969399]
 [-0.06026567 -0.31802737  0.31197263]
 [ 0.06026567  0.31802737 -0.31197263]
 [-0.29679933  0.29036889 -0.33963111]
 [ 0.25466596  0.29030601 -0.33969399]]","[1854. 2237.  934. 2008. 2255.  916. 2214. 2237.  934. 2241. 2237.  934.
 2087. 2255.  916. 1881. 2237.  934.]","[1855. 2216.  946. 2033. 2225.  935. 2226. 2239.  931. 2243. 2228.  942.
 2069. 2229.  930. 1863. 2236.  934.]","[-16.952    4.471   65.522    0.4272   0.1831  -0.3662  -0.0684  -0.3003
   0.9453]",114
652,3,"[[ 0.29553297 -0.29074292  0.33925708]
 [-0.24735046 -0.28971915  0.34028085]
 [-0.06736667 -0.31817093  0.31182907]
 [ 0.06736667  0.31817093 -0.31182907]
 [-0.29553297  0.29074292 -0.33925708]
 [ 0.24735046  0.28971915 -0.34028085]]","[1855. 2237.  934. 2004. 2255.  916. 2209. 2236.  935. 2240. 2237.  934.
 2091. 2255.  916. 1886. 2236.  935.]","[1856. 2216.  946. 2028. 2224.  936. 2222. 2239.  932. 2242. 2228.  942.
 2072. 2228.  930. 1866. 2235.  934.]","[-16.941    4.471   65.511    0.3662   0.1221  -0.3052  -0.0771  -0.2847
   0.9487]",114
653,3,"[[ 0.29415037 -0.29112118  0.33887882]
 [-0.23958869 -0.28914415  0.34085585]
 [-0.07442029 -0.31830669  0.31169331]
 [ 0.07442029  0.31830669 -0.31169331]
 [-0.29415037  0.29112118 -0.33887882]
 [ 0.23958869  0.28914415 -0.34085585]]","[1856. 2237.  934. 1999. 2255.  916. 2204. 2236.  935. 2239. 2237.  934.
 2096. 2255.  916. 1891. 2236.  935.]","[1857. 2217.  945. 2024. 2224.  935. 2218. 2238.  933. 2241. 2229.  941.
 2077. 2228.  930. 1870. 2235.  935.]","[-1.6935e+01  4.4770e+00  6.5506e+01  3.0520e-01  6.1000e-02  0.0000e+00
 -8.0600e-02 -2.8420e-01  9.6340e-01]",114
654,3,"[[ 0.29265206 -0.29150348  0.33849652]
 [-0.23140069 -0.28858182  0.34141818]
 [-0.08142265 -0.31843453  0.31156547]
 [ 0.08142265  0.31843453 -0.31156547]
 [-0.29265206  0.29150348 -0.33849652]
 [ 0.23140069  0.28858182 -0.34141818]]","[1857. 2238.  933. 1994. 2255.  916. 2198. 2236.  935. 2238. 2238.  933.
 2101. 2255.  916. 1897. 2236.  935.]","[1858. 2217.  945. 2020. 2224.  935. 2213. 2238.  933. 2240. 2229.  941.
 2081. 2228.  930. 1875. 2234.  935.]","[-1.6913e+01  4.4820e+00  6.5506e+01  4.8830e-01  6.1000e-02  0.0000e+00
 -7.0300e-02 -2.7250e-01  9.5210e-01]",114
655,3,"[[ 0.29103863 -0.29188963  0.33811037]
 [-0.22280708 -0.28803297  0.34196703]
 [-0.08836994 -0.31855437  0.31144563]
 [ 0.08836994  0.31855437 -0.31144563]
 [-0.29103863  0.29188963 -0.33811037]
 [ 0.22280708  0.28803297 -0.34196703]]","[1858. 2238.  933. 1990. 2255.  916. 2193. 2235.  936. 2237. 2238.  933.
 2105. 2255.  916. 1902. 2235.  936.]","[1858. 2217.  943. 2016. 2225.  935. 2209. 2238.  934. 2239. 2229.  940.
 2086. 2228.  930. 1880. 2234.  935.]","[-16.897    4.482   65.506    0.2441   0.       0.      -0.0757  -0.2744
   0.9526]",114
656,3,"[[ 0.28931073 -0.29227943  0.33772057]
 [-0.21382897 -0.28749838  0.34250162]
 [-0.09525842 -0.31866613  0.31133387]
 [ 0.09525842  0.31866613 -0.31133387]
 [-0.28931073  0.29227943 -0.33772057]
 [ 0.21382897  0.28749838 -0.34250162]]","[1859. 2238.  933. 1985. 2255.  916. 2187. 2235.  936. 2236. 2238.  933.
 2110. 2255.  916. 1908. 2235.  936.]","[1860. 2218.  943. 2013. 2225.  935. 2203. 2238.  935. 2238. 2229.  939.
 2091. 2229.  930. 1885. 2234.  936.]","[-1.6880e+01  4.4880e+00  6.5506e+01  3.0520e-01  1.2210e-01 -6.1000e-02
 -8.2000e-02 -2.8120e-01  9.6140e-01]",114
657,3,"[[ 0.28746903 -0.29267267  0.33732733]
 [-0.20448789 -0.28697884  0.34302116]
 [-0.10208438 -0.31876974  0.31123026]
 [ 0.10208438  0.31876974 -0.31123026]
 [-0.28746903  0.29267267 -0.33732733]
 [ 0.20448789  0.28697884 -0.34302116]]","[1860. 2238.  933. 1981. 2255.  916. 2181. 2235.  936. 2235. 2238.  933.
 2114. 2255.  916. 1914. 2235.  936.]","[1861. 2219.  942. 2008. 2224.  935. 2197. 2237.  935. 2236. 2230.  939.
 2095. 2229.  930. 1890. 2233.  936.]","[-16.87     4.493   65.49     0.2441   0.1831  -0.2441  -0.0752  -0.2808
   0.9614]",114
658,3,"[[ 0.28551425 -0.29306918  0.33693082]
 [-0.19480575 -0.27467708  0.35532292]
 [-0.10884418 -0.31886511  0.31113489]
 [ 0.10884418  0.31886511 -0.31113489]
 [-0.28551425  0.29306918 -0.33693082]
 [ 0.19480575  0.27467708 -0.35532292]]","[1861. 2239.  932. 1977. 2255.  916. 2174. 2227.  944. 2234. 2239.  932.
 2118. 2255.  916. 1921. 2227.  944.]","[1862. 2219.  942. 2004. 2224.  935. 2192. 2237.  935. 2235. 2230.  939.
 2100. 2228.  930. 1896. 2233.  936.]","[-16.848    4.504   65.473    0.3662   0.3052  -0.3052  -0.082   -0.2871
   0.9551]",114
659,3,"[[ 0.28344717 -0.29346873  0.33653127]
 [-0.18480474 -0.25843784  0.37156216]
 [-0.11553423 -0.31895218  0.31104782]
 [ 0.11553423  0.31895218 -0.31104782]
 [-0.28344717  0.29346873 -0.33653127]
 [ 0.18480474  0.25843784 -0.37156216]]","[1863. 2239.  932. 1972. 2255.  916. 2168. 2216.  955. 2232. 2239.  932.
 2123. 2255.  916. 1927. 2216.  955.]","[1863. 2220.  941. 1999. 2224.  936. 2186. 2235.  937. 2235. 2230.  939.
 2104. 2228.  930. 1902. 2231.  938.]","[-16.831    4.515   65.457    0.3052   0.3662  -0.3662  -0.0708  -0.2891
   0.9473]",114
660,3,"[[ 0.28126859 -0.29387114  0.33612886]
 [-0.17450726 -0.24277452  0.38722548]
 [-0.12215103 -0.31903087  0.31096913]
 [ 0.12215103  0.31903087 -0.31096913]
 [-0.28126859  0.29387114 -0.33612886]
 [ 0.17450726  0.24277452 -0.38722548]]","[1864. 2239.  932. 1968. 2255.  915. 2161. 2206.  965. 2231. 2239.  932.
 2127. 2255.  915. 1934. 2206.  965.]","[1864. 2221.  940. 1996. 2225.  936. 2180. 2230.  942. 2233. 2230.  938.
 2109. 2229.  930. 1909. 2226.  942.]","[-16.82     4.521   65.435    0.3052   0.2441  -0.4883  -0.0845  -0.3027
   0.9497]",114
661,3,"[[ 0.27897938 -0.29427621  0.33572379]
 [-0.1639359  -0.22771061  0.40228939]
 [-0.12869112 -0.31910114  0.31089886]
 [ 0.12869112  0.31910114 -0.31089886]
 [-0.27897938  0.29427621 -0.33572379]
 [ 0.1639359   0.22771061 -0.40228939]]","[1866. 2239.  932. 1964. 2256.  915. 2154. 2196.  975. 2229. 2239.  932.
 2131. 2256.  915. 1941. 2196.  975.]","[1865. 2222.  940. 1991. 2224.  935. 2174. 2222.  950. 2231. 2230.  938.
 2114. 2228.  930. 1916. 2221.  948.]","[-16.809    4.526   65.413    0.3052   0.2441  -0.4272  -0.0737  -0.3032
   0.9531]",114
662,3,"[[ 0.27658044 -0.29468373  0.33531627]
 [-0.15311333 -0.21326882  0.41673118]
 [-0.13515109 -0.31916291  0.31083709]
 [ 0.13515109  0.31916291 -0.31083709]
 [-0.27658044  0.29468373 -0.33531627]
 [ 0.15311333  0.21326882 -0.41673118]]","[1867. 2240.  931. 1959. 2256.  915. 2147. 2187.  984. 2228. 2240.  931.
 2136. 2256.  915. 1948. 2187.  984.]","[1866. 2223.  940. 1987. 2225.  935. 2167. 2214.  958. 2229. 2230.  937.
 2118. 2228.  930. 1923. 2215.  956.]","[-16.771    4.543   65.391    0.8545   0.6104  -0.3052  -0.084   -0.2959
   0.9531]",114
663,3,"[[ 0.2740727  -0.29509351  0.33490649]
 [-0.14206229 -0.19947113  0.43052887]
 [-0.14152763 -0.31921613  0.31078387]
 [ 0.14152763  0.31921613 -0.31078387]
 [-0.2740727   0.29509351 -0.33490649]
 [ 0.14206229  0.19947113 -0.43052887]]","[1869. 2240.  931. 1955. 2256.  915. 2140. 2178.  993. 2226. 2240.  931.
 2140. 2256.  915. 1955. 2178.  993.]","[1867. 2224.  939. 1982. 2226.  935. 2160. 2205.  967. 2228. 2230.  936.
 2123. 2228.  930. 1931. 2206.  965.]","[-16.727    4.565   65.38     1.2207   0.5493  -0.1831  -0.0806  -0.2974
   0.9429]",114
664,3,"[[ 0.27145715 -0.29550534  0.33449466]
 [-0.13080549 -0.18633864  0.44366136]
 [-0.14781747 -0.31926076  0.31073924]
 [ 0.14781747  0.31926076 -0.31073924]
 [-0.27145715  0.29550534 -0.33449466]
 [ 0.13080549  0.18633864 -0.44366136]]","[1871. 2240.  931. 1951. 2256.  915. 2133. 2169. 1002. 2224. 2240.  931.
 2144. 2256.  915. 1962. 2169. 1002.]","[1868. 2225.  938. 1977. 2227.  934. 2153. 2197.  975. 2226. 2230.  936.
 2127. 2229.  930. 1939. 2198.  974.]","[-16.677    4.576   65.38     1.5259   0.2441   0.      -0.0747  -0.2925
   0.9585]",114
665,3,"[[ 0.26873483 -0.29591902  0.33408098]
 [-0.11936559 -0.17389162  0.45610838]
 [-0.15401743 -0.31929676  0.31070324]
 [ 0.15401743  0.31929676 -0.31070324]
 [-0.26873483  0.29591902 -0.33408098]
 [ 0.11936559  0.17389162 -0.45610838]]","[1872. 2240.  931. 1947. 2256.  915. 2125. 2161. 1010. 2223. 2240.  931.
 2148. 2256.  915. 1970. 2161. 1010.]","[1870. 2226.  938. 1972. 2228.  934. 2147. 2188.  984. 2224. 2230.  935.
 2132. 2229.  930. 1949. 2189.  984.]","[-1.6622e+01  4.5870e+00  6.5374e+01  1.4038e+00  2.4410e-01 -6.1000e-02
 -6.9800e-02 -3.1200e-01  9.5410e-01]",114
666,3,"[[ 0.26590681 -0.29633436  0.33366564]
 [-0.10776512 -0.16214939  0.46785061]
 [-0.16012436 -0.31932407  0.31067593]
 [ 0.16012436  0.31932407 -0.31067593]
 [-0.26590681  0.29633436 -0.33366564]
 [ 0.10776512  0.16214939 -0.46785061]]","[1874. 2241.  930. 1943. 2256.  915. 2118. 2153. 1018. 2221. 2241.  930.
 2152. 2256.  915. 1977. 2153. 1018.]","[1871. 2227.  938. 1969. 2229.  934. 2139. 2179.  993. 2222. 2230.  935.
 2136. 2228.  930. 1957. 2180.  992.]","[-1.6573e+01  4.5920e+00  6.5363e+01  1.1597e+00  2.4410e-01 -3.0520e-01
 -5.8100e-02 -2.9740e-01  9.4780e-01]",114
667,3,"[[ 0.26297419 -0.29675114  0.33324886]
 [-0.09602646 -0.15113035  0.47886965]
 [-0.16613524 -0.31934273  0.31065727]
 [ 0.16613524  0.31934273 -0.31065727]
 [-0.26297419  0.29675114 -0.33324886]
 [ 0.09602646  0.15113035 -0.47886965]]","[1876. 2241.  930. 1939. 2256.  915. 2110. 2146. 1025. 2219. 2241.  930.
 2156. 2256.  915. 1985. 2146. 1025.]","[1873. 2228.  937. 1965. 2230.  934. 2132. 2171. 1001. 2221. 2230.  934.
 2140. 2228.  930. 1965. 2173. 1001.]","[-16.54     4.598   65.347    0.7324   0.2441  -0.6104  -0.0869  -0.2754
   0.9507]",114
668,3,"[[ 0.25993813 -0.29716918  0.33283082]
 [-0.08417179 -0.1408519   0.4891481 ]
 [-0.17204705 -0.31935287  0.31064713]
 [ 0.17204705  0.31935287 -0.31064713]
 [-0.25993813  0.29716918 -0.33283082]
 [ 0.08417179  0.1408519  -0.4891481 ]]","[1878. 2241.  930. 1935. 2256.  915. 2102. 2139. 1032. 2217. 2241.  930.
 2160. 2256.  915. 1993. 2139. 1032.]","[1875. 2228.  937. 1961. 2229.  934. 2125. 2163. 1009. 2219. 2230.  933.
 2144. 2228.  930. 1970. 2165. 1008.]","[-16.518    4.598   65.319    0.5493   0.2441  -0.6714  -0.0918  -0.2759
   0.9434]",114
669,3,"[[ 0.25679982 -0.29758826  0.33241174]
 [-0.072223   -0.1313304   0.4986696 ]
 [-0.17785691 -0.31935449  0.31064551]
 [ 0.17785691  0.31935449 -0.31064551]
 [-0.25679982  0.29758826 -0.33241174]
 [ 0.072223    0.1313304  -0.4986696 ]]","[1880. 2241.  929. 1932. 2256.  915. 2095. 2133. 1038. 2215. 2241.  929.
 2163. 2256.  915. 2000. 2133. 1038.]","[1877. 2228.  936. 1958. 2229.  934. 2118. 2155. 1018. 2217. 2230.  933.
 2147. 2228.  930. 1975. 2157. 1016.]","[-16.501    4.598   65.292    0.3662   0.3052  -0.6104  -0.0981  -0.2812
   0.9419]",114
670,3,"[[ 0.2535605  -0.29800818  0.33199182]
 [-0.06020175 -0.12258116  0.50741884]
 [-0.18356196 -0.31933991  0.31066009]
 [ 0.18356196  0.31933991 -0.31066009]
 [-0.2535605   0.29800818 -0.33199182]
 [ 0.06020175  0.12258116 -0.50741884]]","[1882. 2242.  929. 1928. 2256.  915. 2087. 2127. 1044. 2213. 2242.  929.
 2167. 2256.  915. 2008. 2127. 1044.]","[1879. 2228.  936. 1954. 2230.  934. 2109. 2148. 1025. 2215. 2229.  933.
 2151. 2228.  930. 1983. 2149. 1024.]","[-16.49     4.603   65.264    0.       0.1831  -0.6104  -0.0869  -0.2886
   0.9473]",114
671,3,"[[ 0.25022145 -0.29842876  0.33157124]
 [-0.04812932 -0.11461841  0.51538159]
 [-0.18915945 -0.31929134  0.31070866]
 [ 0.18915945  0.31929134 -0.31070866]
 [-0.25022145  0.29842876 -0.33157124]
 [ 0.04812932  0.11461841 -0.51538159]]","[1884. 2242.  929. 1924. 2256.  915. 2079. 2122. 1049. 2211. 2242.  929.
 2171. 2256.  915. 2016. 2122. 1049.]","[1881. 2228.  935. 1950. 2229.  934. 2102. 2141. 1031. 2213. 2230.  932.
 2155. 2228.  930. 1991. 2143. 1030.]","[-16.496    4.609   65.237    0.       0.1221  -0.5493  -0.0811  -0.3066
   0.9575]",114
672,3,"[[ 0.24678397 -0.29884978  0.33115022]
 [-0.03602667 -0.10745525  0.52254475]
 [-0.19464667 -0.31920929  0.31079071]
 [ 0.19464667  0.31920929 -0.31079071]
 [-0.24678397  0.29884978 -0.33115022]
 [ 0.03602667  0.10745525 -0.52254475]]","[1887. 2242.  929. 1921. 2256.  915. 2071. 2118. 1053. 2208. 2242.  929.
 2174. 2256.  915. 2024. 2118. 1053.]","[1883. 2228.  934. 1946. 2229.  933. 2095. 2135. 1037. 2211. 2230.  933.
 2158. 2228.  930. 1999. 2137. 1036.]","[-1.6501e+01  4.6090e+00  6.5209e+01  6.1000e-02  2.4410e-01 -7.9350e-01
 -6.9800e-02 -3.0220e-01  9.4340e-01]",114
673,3,"[[ 0.24324942 -0.29927105  0.33072895]
 [-0.02391433 -0.10110362  0.52889638]
 [-0.20002102 -0.31909686  0.31090314]
 [ 0.20002102  0.31909686 -0.31090314]
 [-0.24324942  0.29927105 -0.33072895]
 [ 0.02391433  0.10110362 -0.52889638]]","[1889. 2243.  928. 1917. 2256.  915. 2063. 2113. 1058. 2206. 2243.  928.
 2178. 2256.  915. 2032. 2113. 1058.]","[1885. 2228.  934. 1943. 2230.  933. 2086. 2129. 1043. 2209. 2230.  932.
 2162. 2228.  930. 2007. 2132. 1042.]","[-16.501    4.609   65.176    0.1221   0.2441  -0.7324  -0.0806  -0.293
   0.9561]",114
674,3,"[[ 0.23961919 -0.29969236  0.33030764]
 [-0.01181243 -0.0955743   0.5344257 ]
 [-0.20527996 -0.31895491  0.31104509]
 [ 0.20527996  0.31895491 -0.31104509]
 [-0.23961919  0.29969236 -0.33030764]
 [ 0.01181243  0.0955743  -0.5344257 ]]","[1891. 2243.  928. 1914. 2255.  916. 2055. 2110. 1061. 2204. 2243.  928.
 2181. 2255.  916. 2040. 2110. 1061.]","[1887. 2229.  934. 1939. 2229.  932. 2079. 2125. 1048. 2206. 2230.  932.
 2166. 2229.  930. 2016. 2126. 1047.]","[-1.6501e+01  4.6140e+00  6.5149e+01  1.8310e-01  6.1000e-02 -3.6620e-01
 -7.7600e-02 -2.9540e-01  9.4630e-01]",114
675,3,"[[ 2.35894705e-01 -3.00113528e-01  3.29886472e-01]
 [ 2.59362348e-04 -9.08768622e-02  5.39123138e-01]
 [-2.10421016e-01 -3.18783994e-01  3.11216006e-01]
 [ 2.10421016e-01  3.18783994e-01 -3.11216006e-01]
 [-2.35894705e-01  3.00113528e-01 -3.29886472e-01]
 [-2.59362348e-04  9.08768622e-02 -5.39123138e-01]]","[1894. 2243.  928. 1910. 2255.  916. 2047. 2107. 1064. 2201. 2243.  928.
 2185. 2255.  916. 2048. 2107. 1064.]","[1890. 2229.  933. 1936. 2229.  932. 2071. 2120. 1053. 2204. 2230.  932.
 2169. 2228.  930. 2024. 2121. 1052.]","[-16.501    4.614   65.132    0.1221   0.1221  -0.3662  -0.0693  -0.2842
   0.957 ]",114
676,3,"[[ 0.23207743 -0.30053435  0.32946565]
 [ 0.01228184 -0.08701967  0.54298033]
 [-0.21544181 -0.31858467  0.31141533]
 [ 0.21544181  0.31858467 -0.31141533]
 [-0.23207743  0.30053435 -0.32946565]
 [-0.01228184  0.08701967 -0.54298033]]","[1896. 2243.  928. 1907. 2255.  916. 2039. 2104. 1067. 2199. 2243.  928.
 2188. 2255.  916. 2056. 2104. 1067.]","[1893. 2229.  933. 1932. 2229.  932. 2063. 2116. 1057. 2202. 2230.  931.
 2173. 2228.  930. 2032. 2118. 1056.]","[-16.501    4.614   65.116    0.3052   0.1831  -0.4272  -0.0898  -0.2817
   0.9604]",114
677,3,"[[ 0.22816887 -0.30095462  0.32904538]
 [ 0.0242363  -0.08400985  0.54599015]
 [-0.22034003 -0.31835752  0.31164248]
 [ 0.22034003  0.31835752 -0.31164248]
 [-0.22816887  0.30095462 -0.32904538]
 [-0.0242363   0.08400985 -0.54599015]]","[1899. 2244.  927. 1904. 2255.  916. 2032. 2102. 1069. 2196. 2244.  927.
 2191. 2255.  916. 2063. 2102. 1069.]","[1895. 2229.  933. 1929. 2230.  932. 2055. 2112. 1060. 2200. 2230.  931.
 2176. 2228.  930. 2040. 2114. 1060.]","[-16.49     4.614   65.094    0.1221   0.1221  -0.4883  -0.0835  -0.2847
   0.9404]",114
678,3,"[[ 0.22417056 -0.30137415  0.32862585]
 [ 0.03610455 -0.08185329  0.54814671]
 [-0.22511344 -0.31810318  0.31189682]
 [ 0.22511344  0.31810318 -0.31189682]
 [-0.22417056  0.30137415 -0.32862585]
 [-0.03610455  0.08185329 -0.54814671]]","[1901. 2244.  927. 1901. 2255.  916. 2024. 2101. 1070. 2194. 2244.  927.
 2194. 2255.  916. 2071. 2101. 1070.]","[1898. 2229.  932. 1925. 2230.  932. 2047. 2109. 1064. 2197. 2230.  931.
 2179. 2228.  930. 2048. 2111. 1063.]","[-1.6490e+01  4.6200e+00  6.5078e+01  6.1000e-02  1.8310e-01 -5.4930e-01
 -9.2300e-02 -2.8080e-01  9.5510e-01]",114
679,3,"[[ 0.22008408 -0.30179275  0.32820725]
 [ 0.04786895 -0.08055503  0.54944497]
 [-0.22975991 -0.31782231  0.31217769]
 [ 0.22975991  0.31782231 -0.31217769]
 [-0.22008408  0.30179275 -0.32820725]
 [-0.04786895  0.08055503 -0.54944497]]","[1904. 2244.  927. 1898. 2255.  916. 2016. 2100. 1071. 2191. 2244.  927.
 2197. 2255.  916. 2079. 2100. 1071.]","[1900. 2228.  932. 1922. 2229.  932. 2039. 2106. 1066. 2195. 2230.  931.
 2182. 2228.  930. 2055. 2108. 1065.]","[-16.49     4.62    65.056    0.       0.1221  -0.3662  -0.0752  -0.2778
   0.958 ]",114
680,3,"[[ 0.21591102 -0.30221023  0.32778977]
 [ 0.05951239 -0.08012695  0.54987305]
 [-0.23427734 -0.31751558  0.31248442]
 [ 0.23427734  0.31751558 -0.31248442]
 [-0.21591102  0.30221023 -0.32778977]
 [-0.05951239  0.08012695 -0.54987305]]","[1907. 2245.  926. 1895. 2254.  916. 2009. 2100. 1071. 2188. 2245.  926.
 2200. 2254.  916. 2086. 2100. 1071.]","[1902. 2229.  931. 1918. 2229.  932. 2031. 2105. 1068. 2192. 2230.  931.
 2186. 2228.  930. 2063. 2106. 1067.]","[-1.6490e+01  4.6250e+00  6.5039e+01  6.1000e-02  6.1000e-02 -2.4410e-01
 -8.3000e-02 -2.9440e-01  9.5260e-01]",114
681,3,"[[ 0.21165304 -0.30262638  0.32737362]
 [ 0.07101832 -0.08053617  0.54946383]
 [-0.23866376 -0.31718371  0.31281629]
 [ 0.23866376  0.31718371 -0.31281629]
 [-0.21165304  0.30262638 -0.32737362]
 [-0.07101832  0.08053617 -0.54946383]]","[1910. 2245.  926. 1892. 2254.  917. 2001. 2100. 1071. 2185. 2245.  926.
 2203. 2254.  917. 2094. 2100. 1071.]","[1906. 2229.  931. 1916. 2230.  932. 2024. 2103. 1069. 2190. 2230.  930.
 2189. 2229.  930. 2072. 2105. 1069.]","[-1.6490e+01  4.6250e+00  6.5028e+01  0.0000e+00  6.1000e-02 -1.8310e-01
 -8.0100e-02 -2.9980e-01  9.3990e-01]",114
682,3,"[[ 0.20731181 -0.30304102  0.32695898]
 [ 0.08237078 -0.08111714  0.54888286]
 [-0.24291725 -0.31682746  0.31317254]
 [ 0.24291725  0.31682746 -0.31317254]
 [-0.20731181  0.30304102 -0.32695898]
 [-0.08237078  0.08111714 -0.54888286]]","[1912. 2245.  926. 1889. 2254.  917. 1994. 2100. 1071. 2183. 2245.  926.
 2206. 2254.  917. 2101. 2100. 1071.]","[1908. 2229.  930. 1913. 2230.  932. 2016. 2103. 1069. 2187. 2230.  930.
 2192. 2228.  930. 2079. 2104. 1069.]","[-16.49     4.631   65.017    0.       0.1221  -0.3662  -0.0698  -0.292
   0.9604]",114
683,3,"[[ 0.20288903 -0.30345396  0.32654604]
 [ 0.09355438 -0.08177069  0.54822931]
 [-0.24703597 -0.31644757  0.31355243]
 [ 0.24703597  0.31644757 -0.31355243]
 [-0.20288903  0.30345396 -0.32654604]
 [-0.09355438  0.08177069 -0.54822931]]","[1915. 2245.  926. 1886. 2254.  917. 1987. 2101. 1070. 2180. 2245.  926.
 2209. 2254.  917. 2108. 2101. 1070.]","[1911. 2229.  930. 1909. 2230.  932. 2008. 2103. 1070. 2184. 2230.  929.
 2195. 2228.  930. 2087. 2104. 1070.]","[-16.49     4.631   64.995    0.1221   0.1221  -0.4883  -0.0806  -0.2876
   0.9565]",114
684,3,"[[ 0.19838644 -0.30386501  0.32613499]
 [ 0.10455433 -0.08261918  0.54738082]
 [-0.25101818 -0.31604486  0.31395514]
 [ 0.25101818  0.31604486 -0.31395514]
 [-0.19838644  0.30386501 -0.32613499]
 [-0.10455433  0.08261918 -0.54738082]]","[1918. 2246.  925. 1884. 2254.  917. 1979. 2101. 1070. 2177. 2246.  925.
 2211. 2254.  917. 2116. 2101. 1070.]","[1914. 2230.  930. 1907. 2229.  933. 2001. 2102. 1069. 2182. 2230.  930.
 2198. 2229.  930. 2094. 2104. 1069.]","[-1.6490e+01  4.6310e+00  6.4979e+01  6.1000e-02  6.1000e-02 -3.0520e-01
 -9.3800e-02 -2.8960e-01  9.5070e-01]",114
685,3,"[[ 0.19380582 -0.30427398  0.32572602]
 [ 0.11535643 -0.08369163  0.54630837]
 [-0.25486221 -0.31562012  0.31437988]
 [ 0.25486221  0.31562012 -0.31437988]
 [-0.19380582  0.30427398 -0.32572602]
 [-0.11535643  0.08369163 -0.54630837]]","[1921. 2246.  925. 1881. 2253.  918. 1972. 2102. 1069. 2174. 2246.  925.
 2214. 2253.  918. 2123. 2102. 1069.]","[1917. 2232.  930. 1904. 2230.  932. 1994. 2102. 1070. 2179. 2230.  929.
 2201. 2229.  930. 2101. 2104. 1070.]","[-16.485    4.636   64.968    0.1221   0.2441  -0.3052  -0.0762  -0.2881
   0.9556]",114
686,3,"[[ 0.18914896 -0.30468069  0.32531931]
 [ 0.12594709 -0.0849974   0.5450026 ]
 [-0.25856647 -0.31517418  0.31482582]
 [ 0.25856647  0.31517418 -0.31482582]
 [-0.18914896  0.30468069 -0.32531931]
 [-0.12594709  0.0849974  -0.5450026 ]]","[1924. 2246.  925. 1879. 2253.  918. 1965. 2103. 1068. 2171. 2246.  925.
 2216. 2253.  918. 2130. 2103. 1068.]","[1919. 2232.  930. 1901. 2230.  932. 1986. 2103. 1070. 2176. 2230.  930.
 2204. 2228.  930. 2108. 2104. 1069.]","[-16.485    4.647   64.951    0.2441   0.3052  -0.3662  -0.0752  -0.2822
   0.9629]",114
687,3,"[[ 0.18441771 -0.30508496  0.32491504]
 [ 0.13631332 -0.08654218  0.54345782]
 [-0.26212944 -0.31470791  0.31529209]
 [ 0.26212944  0.31470791 -0.31529209]
 [-0.18441771  0.30508496 -0.32491504]
 [-0.13631332  0.08654218 -0.54345782]]","[1927. 2246.  925. 1877. 2253.  918. 1959. 2104. 1067. 2168. 2246.  925.
 2218. 2253.  918. 2136. 2104. 1067.]","[1922. 2232.  930. 1898. 2229.  932. 1979. 2103. 1069. 2173. 2230.  930.
 2207. 2228.  930. 2115. 2104. 1069.]","[-16.474    4.653   64.935    0.1831   0.2441  -0.2441  -0.0908  -0.2915
   0.9448]",114
688,3,"[[ 0.17961391 -0.3054866   0.3245134 ]
 [ 0.14644274 -0.08833093  0.54166907]
 [-0.2655497  -0.31422215  0.31577785]
 [ 0.2655497   0.31422215 -0.31577785]
 [-0.17961391  0.3054866  -0.3245134 ]
 [-0.14644274  0.08833093 -0.54166907]]","[1930. 2247.  924. 1874. 2252.  919. 1952. 2105. 1066. 2165. 2247.  924.
 2221. 2252.  919. 2143. 2105. 1066.]","[1925. 2232.  929. 1896. 2230.  932. 1972. 2103. 1068. 2171. 2230.  929.
 2208. 2228.  930. 2123. 2104. 1068.]","[-1.6469e+01  4.6640e+00  6.4924e+01  6.1000e-02  2.4410e-01 -1.8310e-01
 -7.8600e-02 -2.8960e-01  9.4340e-01]",114
689,3,"[[ 0.17473947 -0.30588543  0.32411457]
 [ 0.15632357 -0.09036832  0.53963168]
 [-0.26882591 -0.3137178   0.3162822 ]
 [ 0.26882591  0.3137178  -0.3162822 ]
 [-0.17473947  0.30588543 -0.32411457]
 [-0.15632357  0.09036832 -0.53963168]]","[1934. 2247.  924. 1872. 2252.  919. 1946. 2106. 1065. 2161. 2247.  924.
 2223. 2252.  919. 2149. 2106. 1065.]","[1928. 2233.  929. 1893. 2230.  932. 1965. 2104. 1067. 2167. 2230.  929.
 2211. 2228.  930. 2129. 2105. 1067.]","[-1.6469e+01  4.6690e+00  6.4907e+01  6.1000e-02  1.8310e-01 -4.2720e-01
 -6.9800e-02 -2.8470e-01  9.5700e-01]",114
690,3,"[[ 0.16979629 -0.30628128  0.32371872]
 [ 0.16594465 -0.09265882  0.53734118]
 [-0.27195681 -0.31319574  0.31680426]
 [ 0.27195681  0.31319574 -0.31680426]
 [-0.16979629  0.30628128 -0.32371872]
 [-0.16594465  0.09265882 -0.53734118]]","[1937. 2247.  924. 1870. 2252.  919. 1939. 2108. 1063. 2158. 2247.  924.
 2225. 2252.  919. 2156. 2108. 1063.]","[1931. 2233.  929. 1892. 2230.  932. 1959. 2105. 1066. 2164. 2230.  928.
 2213. 2228.  930. 2136. 2105. 1066.]","[-1.6469e+01  4.6690e+00  6.4891e+01  6.1000e-02  6.1000e-02 -3.6620e-01
 -7.3200e-02 -2.8320e-01  9.5560e-01]",114
691,3,"[[ 0.16478632 -0.30667396  0.32332604]
 [ 0.17529542 -0.09520669  0.53479331]
 [-0.2749412  -0.31265686  0.31734314]
 [ 0.2749412   0.31265686 -0.31734314]
 [-0.16478632  0.30667396 -0.32332604]
 [-0.17529542  0.09520669 -0.53479331]]","[1940. 2247.  924. 1868. 2251.  920. 1933. 2110. 1061. 2155. 2247.  924.
 2227. 2251.  920. 2162. 2110. 1061.]","[1935. 2233.  929. 1889. 2230.  932. 1952. 2106. 1065. 2162. 2230.  928.
 2216. 2229.  930. 2143. 2106. 1065.]","[-1.6469e+01  4.6690e+00  6.4874e+01  6.1000e-02  6.1000e-02 -3.0520e-01
 -8.5900e-02 -2.8810e-01  9.4780e-01]",114
692,3,"[[ 0.15971154 -0.30706331  0.32293669]
 [ 0.18436592 -0.098016    0.531984  ]
 [-0.27777799 -0.31210209  0.31789791]
 [ 0.27777799  0.31210209 -0.31789791]
 [-0.15971154  0.30706331 -0.32293669]
 [-0.18436592  0.098016   -0.531984  ]]","[1943. 2248.  923. 1866. 2251.  920. 1927. 2111. 1060. 2152. 2248.  923.
 2229. 2251.  920. 2168. 2111. 1060.]","[1937. 2233.  929. 1886. 2230.  932. 1945. 2108. 1063. 2158. 2230.  928.
 2218. 2229.  930. 2149. 2109. 1063.]","[-1.6469e+01  4.6690e+00  6.4863e+01  6.1000e-02  6.1000e-02 -3.6620e-01
 -7.3200e-02 -2.8560e-01  9.5850e-01]",114
693,3,"[[ 0.15457393 -0.30744915  0.32255085]
 [ 0.19314678 -0.10109062  0.52890938]
 [-0.28046616 -0.31153235  0.31846765]
 [ 0.28046616  0.31153235 -0.31846765]
 [-0.15457393  0.30744915 -0.32255085]
 [-0.19314678  0.10109062 -0.52890938]]","[1947. 2248.  923. 1865. 2251.  920. 1922. 2113. 1058. 2148. 2248.  923.
 2230. 2251.  920. 2173. 2113. 1058.]","[1941. 2233.  928. 1884. 2230.  932. 1940. 2110. 1062. 2156. 2231.  928.
 2221. 2228.  930. 2156. 2110. 1061.]","[-1.6469e+01  4.6690e+00  6.4841e+01  6.1000e-02  6.1000e-02 -4.8830e-01
 -8.7900e-02 -2.8710e-01  9.5210e-01]",114
694,3,"[[ 0.14937552 -0.3078313   0.3221687 ]
 [ 0.20162925 -0.10443418  0.52556582]
 [-0.28300477 -0.31094855  0.31905145]
 [ 0.28300477  0.31094855 -0.31905145]
 [-0.14937552  0.3078313  -0.3221687 ]
 [-0.20162925  0.10443418 -0.52556582]]","[1950. 2248.  923. 1863. 2250.  921. 1916. 2116. 1055. 2145. 2248.  923.
 2232. 2250.  921. 2179. 2116. 1055.]","[1944. 2233.  928. 1882. 2230.  932. 1933. 2111. 1060. 2153. 2231.  928.
 2223. 2228.  930. 2162. 2111. 1060.]","[-16.463    4.664   64.825    0.       0.1221  -0.4883  -0.0845  -0.2852
   0.9502]",114
695,3,"[[ 0.14411836 -0.30820961  0.32179039]
 [ 0.20980513 -0.10805008  0.52194992]
 [-0.28539297 -0.31035163  0.31964837]
 [ 0.28539297  0.31035163 -0.31964837]
 [-0.14411836  0.30820961 -0.32179039]
 [-0.20980513  0.10805008 -0.52194992]]","[1954. 2248.  923. 1861. 2250.  921. 1911. 2118. 1053. 2141. 2248.  923.
 2234. 2250.  921. 2184. 2118. 1053.]","[1947. 2233.  928. 1879. 2230.  932. 1928. 2114. 1058. 2149. 2231.  928.
 2225. 2228.  930. 2168. 2113. 1058.]","[-16.469    4.664   64.803    0.       0.1221  -0.4883  -0.0869  -0.2905
   0.9561]",114
696,3,"[[ 0.1388045  -0.30858391  0.32141609]
 [ 0.21766683 -0.11194149  0.51805851]
 [-0.28762996 -0.30974251  0.32025749]
 [ 0.28762996  0.30974251 -0.32025749]
 [-0.1388045   0.30858391 -0.32141609]
 [-0.21766683  0.11194149 -0.51805851]]","[1957. 2249.  922. 1860. 2249.  922. 1906. 2120. 1050. 2138. 2249.  922.
 2235. 2249.  922. 2189. 2120. 1050.]","[1951. 2233.  927. 1877. 2229.  932. 1922. 2115. 1056. 2146. 2231.  928.
 2227. 2228.  930. 2174. 2116. 1055.]","[-1.6469e+01  4.6690e+00  6.4781e+01 -6.1000e-02  6.1000e-02 -3.0520e-01
 -8.5900e-02 -2.9150e-01  9.4380e-01]",114
697,3,"[[ 0.13343605 -0.30895403  0.32104597]
 [ 0.22520732 -0.11611135  0.51388865]
 [-0.28971507 -0.30912215  0.32087785]
 [ 0.28971507  0.30912215 -0.32087785]
 [-0.13343605  0.30895403 -0.32104597]
 [-0.22520732  0.11611135 -0.51388865]]","[1961. 2249.  922. 1859. 2249.  922. 1901. 2123. 1048. 2134. 2249.  922.
 2236. 2249.  922. 2194. 2123. 1048.]","[1955. 2233.  927. 1876. 2230.  932. 1915. 2118. 1053. 2142. 2231.  927.
 2229. 2228.  930. 2180. 2118. 1053.]","[-1.6479e+01  4.6690e+00  6.4770e+01 -1.8310e-01  6.1000e-02 -2.4410e-01
 -7.1300e-02 -2.8960e-01  9.4970e-01]",114
698,3,"[[ 0.12801511 -0.30931981  0.32068019]
 [ 0.23242016 -0.12056233  0.50943767]
 [-0.29164767 -0.30849146  0.32150854]
 [ 0.29164767  0.30849146 -0.32150854]
 [-0.12801511  0.30931981 -0.32068019]
 [-0.23242016  0.12056233 -0.50943767]]","[1964. 2249.  922. 1857. 2249.  922. 1896. 2126. 1045. 2131. 2249.  922.
 2238. 2249.  922. 2199. 2126. 1045.]","[1957. 2233.  927. 1874. 2229.  932. 1911. 2120. 1051. 2139. 2231.  927.
 2231. 2228.  930. 2184. 2120. 1051.]","[-16.479    4.669   64.753    0.       0.1221  -0.4272  -0.0767  -0.2876
   0.9678]",114
699,3,"[[ 0.12254382 -0.30968109  0.32031891]
 [ 0.23929943 -0.12529686  0.50470314]
 [-0.29342722 -0.30785138  0.32214862]
 [ 0.29342722  0.30785138 -0.32214862]
 [-0.12254382  0.30968109 -0.32031891]
 [-0.23929943  0.12529686 -0.50470314]]","[1968. 2249.  922. 1856. 2248.  923. 1892. 2129. 1042. 2127. 2249.  922.
 2239. 2248.  923. 2203. 2129. 1042.]","[1961. 2233.  927. 1873. 2230.  932. 1906. 2123. 1049. 2136. 2232.  926.
 2232. 2228.  930. 2189. 2122. 1049.]","[-1.6479e+01  4.6690e+00  6.4737e+01  6.1000e-02  1.2210e-01 -3.6620e-01
 -7.5700e-02 -2.8710e-01  9.4820e-01]",114
700,3,"[[ 0.11702433 -0.31003772  0.31996228]
 [ 0.2458398  -0.13031709  0.49968291]
 [-0.29505328 -0.30720286  0.32279714]
 [ 0.29505328  0.30720286 -0.32279714]
 [-0.11702433  0.31003772 -0.31996228]
 [-0.2458398   0.13031709 -0.49968291]]","[1971. 2250.  921. 1855. 2248.  923. 1887. 2132. 1039. 2124. 2250.  921.
 2240. 2248.  923. 2208. 2132. 1039.]","[1964. 2233.  927. 1871. 2230.  932. 1901. 2125. 1046. 2133. 2231.  926.
 2234. 2228.  931. 2194. 2125. 1046.]","[-1.6485e+01  4.6690e+00  6.4720e+01 -6.1000e-02  6.1000e-02 -3.6620e-01
 -8.1500e-02 -2.8760e-01  9.5070e-01]",114
701,3,"[[ 0.1114588  -0.31038954  0.31961046]
 [ 0.25203645 -0.13562492  0.49437508]
 [-0.29652546 -0.30654681  0.32345319]
 [ 0.29652546  0.30654681 -0.32345319]
 [-0.1114588   0.31038954 -0.31961046]
 [-0.25203645  0.13562492 -0.49437508]]","[1975. 2250.  921. 1854. 2247.  924. 1883. 2136. 1035. 2120. 2250.  921.
 2241. 2247.  924. 2212. 2136. 1035.]","[1967. 2234.  927. 1870. 2230.  932. 1896. 2129. 1043. 2131. 2231.  926.
 2236. 2228.  930. 2199. 2127. 1043.]","[-16.485    4.669   64.704    0.       0.1221  -0.4272  -0.0801  -0.2881
   0.9561]",114
702,3,"[[ 0.10584943 -0.3107364   0.3192636 ]
 [ 0.2578851  -0.14122197  0.48877803]
 [-0.29784346 -0.30588416  0.32411584]
 [ 0.29784346  0.30588416 -0.32411584]
 [-0.10584943  0.3107364  -0.3192636 ]
 [-0.2578851   0.14122197 -0.48877803]]","[1978. 2250.  921. 1853. 2247.  924. 1879. 2140. 1031. 2117. 2250.  921.
 2242. 2247.  924. 2216. 2140. 1031.]","[1971. 2234.  927. 1868. 2230.  933. 1891. 2132. 1039. 2127. 2232.  926.
 2238. 2228.  930. 2205. 2132. 1039.]","[-1.6485e+01  4.6690e+00  6.4682e+01  6.1000e-02  1.2210e-01 -4.8830e-01
 -8.4000e-02 -2.8810e-01  9.5310e-01]",114
703,3,"[[ 0.10019843 -0.31107815  0.31892185]
 [ 0.26338201 -0.1471096   0.4828904 ]
 [-0.29900707 -0.30521583  0.32478417]
 [ 0.29900707  0.30521583 -0.32478417]
 [-0.10019843  0.31107815 -0.31892185]
 [-0.26338201  0.1471096  -0.4828904 ]]","[1982. 2250.  921. 1853. 2246.  924. 1876. 2143. 1028. 2113. 2250.  921.
 2242. 2246.  924. 2219. 2143. 1028.]","[1974. 2233.  927. 1867. 2230.  933. 1887. 2135. 1037. 2125. 2233.  926.
 2239. 2228.  931. 2208. 2135. 1036.]","[-16.49     4.669   64.66     0.       0.1221  -0.4883  -0.0801  -0.2915
   0.9487]",114
704,3,"[[ 0.09450801 -0.31141465  0.31858535]
 [ 0.26852392 -0.15328886  0.47671114]
 [-0.30001614 -0.30454274  0.32545726]
 [ 0.30001614  0.30454274 -0.32545726]
 [-0.09450801  0.31141465 -0.31858535]
 [-0.26852392  0.15328886 -0.47671114]]","[1986. 2251.  920. 1852. 2246.  925. 1872. 2147. 1024. 2109. 2251.  920.
 2243. 2246.  925. 2223. 2147. 1024.]","[1978. 2233.  927. 1867. 2230.  934. 1883. 2138. 1033. 2122. 2232.  925.
 2240. 2228.  931. 2212. 2138. 1033.]","[-1.6496e+01  4.6640e+00  6.4644e+01 -1.2210e-01  6.1000e-02 -4.8830e-01
 -8.4500e-02 -2.8860e-01  9.5510e-01]",114
705,3,"[[ 0.08878042 -0.31174576  0.31825424]
 [ 0.27330809 -0.15976055  0.47023945]
 [-0.30087062 -0.30386579  0.32613421]
 [ 0.30087062  0.30386579 -0.32613421]
 [-0.08878042  0.31174576 -0.31825424]
 [-0.27330809  0.15976055 -0.47023945]]","[1990. 2251.  920. 1851. 2246.  925. 1869. 2152. 1019. 2105. 2251.  920.
 2244. 2246.  925. 2226. 2152. 1019.]","[1981. 2234.  926. 1866. 2229.  934. 1879. 2142. 1029. 2118. 2233.  925.
 2241. 2228.  931. 2216. 2142. 1029.]","[-16.501    4.664   64.627   -0.1221   0.      -0.3662  -0.0835  -0.29
   0.9512]",114
706,3,"[[ 0.08301791 -0.31207132  0.31792868]
 [ 0.27773226 -0.16652515  0.46347485]
 [-0.30157053 -0.30318588  0.32681412]
 [ 0.30157053  0.30318588 -0.32681412]
 [-0.08301791  0.31207132 -0.31792868]
 [-0.27773226  0.16652515 -0.46347485]]","[1993. 2251.  920. 1851. 2245.  926. 1866. 2156. 1015. 2102. 2251.  920.
 2244. 2245.  926. 2229. 2156. 1015.]","[1984. 2233.  926. 1865. 2229.  934. 1876. 2145. 1026. 2114. 2233.  924.
 2243. 2228.  931. 2219. 2145. 1026.]","[-16.512    4.664   64.611   -0.1831   0.      -0.3052  -0.082   -0.2866
   0.9468]",114
707,3,"[[ 0.07722275 -0.31239121  0.31760879]
 [ 0.28179466 -0.17358288  0.45641712]
 [-0.30211607 -0.30250389  0.32749611]
 [ 0.30211607  0.30250389 -0.32749611]
 [-0.07722275  0.31239121 -0.31760879]
 [-0.28179466  0.17358288 -0.45641712]]","[1997. 2251.  920. 1851. 2245.  926. 1864. 2161. 1010. 2098. 2251.  920.
 2244. 2245.  926. 2231. 2161. 1010.]","[1989. 2234.  926. 1863. 2229.  933. 1871. 2151. 1020. 2109. 2233.  924.
 2246. 2228.  932. 2224. 2151. 1020.]","[-16.518    4.658   64.605   -0.1831   0.      -0.2441  -0.0815  -0.2871
   0.9561]",114
708,3,"[[ 0.0713972  -0.31270529  0.31729471]
 [ 0.28549398 -0.18093366  0.44906634]
 [-0.3025081  -0.30182071  0.32817929]
 [ 0.3025081   0.30182071 -0.32817929]
 [-0.0713972   0.31270529 -0.31729471]
 [-0.28549398  0.18093366 -0.44906634]]","[2001. 2251.  920. 1850. 2244.  927. 1861. 2165. 1006. 2094. 2251.  920.
 2245. 2244.  927. 2234. 2165. 1006.]","[1990. 2233.  927. 1863. 2229.  934. 1869. 2154. 1018. 2107. 2232.  924.
 2247. 2228.  933. 2226. 2154. 1017.]","[-16.529    4.658   64.594   -0.1221   0.      -0.1831  -0.0693  -0.2852
   0.9561]",114
709,3,"[[ 0.06554358 -0.31301343  0.31698657]
 [ 0.28882936 -0.18857712  0.44142288]
 [-0.30274954 -0.30113718  0.32886282]
 [ 0.30274954  0.30113718 -0.32886282]
 [-0.06554358  0.31301343 -0.31698657]
 [-0.28882936  0.18857712 -0.44142288]]","[2005. 2252.  919. 1850. 2244.  927. 1859. 2170. 1001. 2090. 2252.  919.
 2245. 2244.  927. 2236. 2170. 1001.]","[1992. 2234.  926. 1862. 2229.  934. 1866. 2159. 1013. 2103. 2233.  924.
 2247. 2228.  934. 2229. 2158. 1013.]","[-1.6529e+01  4.6530e+00  6.4583e+01 -6.1000e-02  0.0000e+00 -3.6620e-01
 -6.9800e-02 -2.8120e-01  9.5700e-01]",114
710,3,"[[ 0.05966417 -0.3133155   0.3166845 ]
 [ 0.29180039 -0.19651257  0.43348743]
 [-0.30282348 -0.30045408  0.32954592]
 [ 0.30282348  0.30045408 -0.32954592]
 [-0.05966417  0.3133155  -0.3166845 ]
 [-0.29180039  0.19651257 -0.43348743]]","[2009. 2252.  919. 1850. 2243.  928. 1857. 2176.  995. 2086. 2252.  919.
 2245. 2243.  928. 2238. 2176.  995.]","[1995. 2233.  926. 1861. 2229.  934. 1864. 2163. 1009. 2099. 2233.  924.
 2247. 2228.  934. 2231. 2163. 1008.]","[-1.6529e+01  4.6530e+00  6.4561e+01  6.1000e-02  6.1000e-02 -4.8830e-01
 -8.5400e-02 -2.8760e-01  9.5120e-01]",114
711,3,"[[ 0.0537613  -0.31361137  0.31638863]
 [ 0.2944071  -0.20473905  0.42526095]
 [-0.30253239 -0.2997715   0.3302285 ]
 [ 0.30253239  0.2997715  -0.3302285 ]
 [-0.0537613   0.31361137 -0.31638863]
 [-0.2944071   0.20473905 -0.42526095]]","[2012. 2252.  919. 1850. 2243.  928. 1856. 2181.  990. 2083. 2252.  919.
 2245. 2243.  928. 2239. 2181.  990.]","[1999. 2233.  927. 1861. 2230.  935. 1861. 2168. 1004. 2096. 2233.  924.
 2247. 2227.  935. 2234. 2167. 1004.]","[-16.534    4.647   64.55    -0.1831   0.      -0.2441  -0.0903  -0.2935
   0.9478]",114
712,3,"[[ 0.04783727 -0.31390092  0.31609908]
 [ 0.29664993 -0.21325531  0.41674469]
 [-0.30173869 -0.29908871  0.33091129]
 [ 0.30173869  0.29908871 -0.33091129]
 [-0.04783727  0.31390092 -0.31609908]
 [-0.29664993  0.21325531 -0.41674469]]","[2016. 2252.  919. 1851. 2242.  928. 1854. 2187.  984. 2079. 2252.  919.
 2244. 2242.  928. 2241. 2187.  984.]","[2004. 2233.  927. 1860. 2229.  936. 1859. 2175.  997. 2091. 2233.  924.
 2246. 2228.  936. 2236. 2174.  996.]","[-1.6545e+01  4.6530e+00  6.4550e+01 -3.0520e-01 -6.1000e-02  1.2210e-01
 -8.4500e-02 -2.9740e-01  9.5260e-01]",114
713,3,"[[ 0.04189444 -0.31418404  0.31581596]
 [ 0.29852973 -0.22205978  0.40794022]
 [-0.3004479  -0.29840623  0.33159377]
 [ 0.3004479   0.29840623 -0.33159377]
 [-0.04189444  0.31418404 -0.31581596]
 [-0.29852973  0.22205978 -0.40794022]]","[2020. 2252.  919. 1852. 2242.  929. 1853. 2192.  979. 2075. 2252.  919.
 2243. 2242.  929. 2242. 2192.  979.]","[2007. 2234.  926. 1859. 2229.  936. 1857. 2180.  992. 2089. 2233.  924.
 2246. 2228.  936. 2238. 2179.  992.]","[-16.551    4.653   64.567   -0.1221  -0.1221   0.3662  -0.0913  -0.2993
   0.9458]",114
714,3,"[[ 0.03593512 -0.3144606   0.3155394 ]
 [ 0.30004777 -0.2311506   0.3988494 ]
 [-0.29866726 -0.29772493  0.33227507]
 [ 0.29866726  0.29772493 -0.33227507]
 [-0.03593512  0.3144606  -0.3155394 ]
 [-0.30004777  0.2311506  -0.3988494 ]]","[2024. 2252.  918. 1853. 2242.  929. 1852. 2198.  973. 2071. 2252.  918.
 2242. 2242.  929. 2243. 2198.  973.]","[2010. 2234.  926. 1859. 2229.  937. 1856. 2184.  988. 2087. 2232.  924.
 2246. 2227.  936. 2239. 2183.  988.]","[-1.6556e+01  4.6530e+00  6.4594e+01 -6.1000e-02 -1.8310e-01  6.1040e-01
 -8.6400e-02 -2.9540e-01  9.5020e-01]",114
715,3,"[[ 0.02996166 -0.31473049  0.31526951]
 [ 0.30120568 -0.24052562  0.38947438]
 [-0.29640507 -0.29704572  0.33295428]
 [ 0.29640507  0.29704572 -0.33295428]
 [-0.02996166  0.31473049 -0.31526951]
 [-0.30120568  0.24052562 -0.38947438]]","[2028. 2253.  918. 1854. 2241.  930. 1851. 2204.  967. 2067. 2253.  918.
 2241. 2241.  930. 2244. 2204.  967.]","[2014. 2234.  926. 1859. 2229.  937. 1855. 2189.  983. 2084. 2232.  924.
 2247. 2228.  936. 2241. 2189.  983.]","[-16.562    4.658   64.622   -0.1221  -0.1831   0.6104  -0.0737  -0.2993
   0.9507]",114
716,3,"[[ 0.02397643 -0.31499361  0.31500639]
 [ 0.3020053  -0.25018239  0.37981761]
 [-0.29367073 -0.29636947  0.33363053]
 [ 0.29367073  0.29636947 -0.33363053]
 [-0.02397643  0.31499361 -0.31500639]
 [-0.3020053   0.25018239 -0.37981761]]","[2032. 2253.  918. 1856. 2241.  930. 1851. 2211.  960. 2063. 2253.  918.
 2239. 2241.  930. 2244. 2211.  960.]","[2017. 2234.  926. 1859. 2229.  938. 1853. 2194.  977. 2079. 2233.  924.
 2246. 2227.  936. 2242. 2194.  977.]","[-16.573    4.658   64.633   -0.1221  -0.1221   0.2441  -0.0718  -0.2915
   0.9604]",114
717,3,"[[ 0.01798176 -0.31524984  0.31475016]
 [ 0.30244704 -0.26011812  0.36988188]
 [-0.29047441 -0.29569708  0.33430292]
 [ 0.29047441  0.29569708 -0.33430292]
 [-0.01798176  0.31524984 -0.31475016]
 [-0.30244704  0.26011812 -0.36988188]]","[2036. 2253.  918. 1858. 2240.  931. 1850. 2217.  954. 2059. 2253.  918.
 2237. 2240.  931. 2245. 2217.  954.]","[2021. 2234.  926. 1859. 2229.  938. 1853. 2201.  971. 2075. 2233.  924.
 2246. 2227.  936. 2243. 2200.  974.]","[-1.6573e+01  4.6580e+00  6.4627e+01  0.0000e+00  6.1000e-02 -1.2210e-01
 -8.3000e-02 -2.8470e-01  9.5070e-01]",114
718,3,"[[ 0.01198001 -0.31549908  0.31450092]
 [ 0.30254801 -0.27032843  0.35967157]
 [-0.28682695 -0.29502944  0.33497056]
 [ 0.28682695  0.29502944 -0.33497056]
 [-0.01198001  0.31549908 -0.31450092]
 [-0.30254801  0.27032843 -0.35967157]]","[2040. 2253.  918. 1861. 2240.  931. 1850. 2224.  947. 2055. 2253.  918.
 2234. 2240.  931. 2245. 2224.  947.]","[2024. 2233.  925. 1859. 2230.  939. 1852. 2207.  965. 2072. 2233.  924.
 2246. 2227.  937. 2243. 2203.  968.]","[-1.6584e+01  4.6580e+00  6.4616e+01 -2.4410e-01  6.1000e-02 -2.4410e-01
 -8.7400e-02 -2.7980e-01  9.4820e-01]",114
719,3,"[[ 0.00597356 -0.31574123  0.31425877]
 [ 0.30246829 -0.28078961  0.34921039]
 [-0.2827398  -0.29436745  0.33563255]
 [ 0.2827398   0.29436745 -0.33563255]
 [-0.00597356  0.31574123 -0.31425877]
 [-0.30246829  0.28078961 -0.34921039]]","[2044. 2253.  918. 1863. 2239.  932. 1850. 2231.  940. 2051. 2253.  918.
 2232. 2239.  932. 2245. 2231.  940.]","[2027. 2234.  925. 1860. 2229.  939. 1851. 2213.  959. 2068. 2233.  924.
 2246. 2228.  938. 2244. 2209.  962.]","[-1.6600e+01  4.6640e+00  6.4605e+01 -3.6620e-01  6.1000e-02 -1.8310e-01
 -8.1500e-02 -2.8030e-01  9.5610e-01]",114
720,3,"[[-3.52447074e-05 -3.15976197e-01  3.14023803e-01]
 [ 3.02319777e-01 -2.86978506e-01  3.43021494e-01]
 [-2.78224900e-01 -2.93711989e-01  3.36288011e-01]
 [ 2.78224900e-01  2.93711989e-01 -3.36288011e-01]
 [ 3.52447074e-05  3.15976197e-01 -3.14023803e-01]
 [-3.02319777e-01  2.86978506e-01 -3.43021494e-01]]","[2048. 2253.  917. 1866. 2239.  932. 1850. 2235.  936. 2047. 2253.  917.
 2229. 2239.  932. 2245. 2235.  936.]","[2031. 2234.  926. 1861. 2229.  939. 1851. 2220.  953. 2064. 2234.  924.
 2244. 2227.  939. 2244. 2214.  957.]","[-1.6617e+01  4.6640e+00  6.4600e+01 -4.2720e-01  0.0000e+00 -6.1000e-02
 -7.1300e-02 -2.8170e-01  9.5120e-01]",114
721,3,"[[-0.00604404 -0.31620388  0.31379612]
 [ 0.30210785 -0.28730432  0.34269568]
 [-0.27329469 -0.29306393  0.33693607]
 [ 0.27329469  0.29306393 -0.33693607]
 [ 0.00604404  0.31620388 -0.31379612]
 [-0.30210785  0.28730432 -0.34269568]]","[2051. 2254.  917. 1869. 2239.  932. 1851. 2235.  936. 2044. 2254.  917.
 2226. 2239.  932. 2244. 2235.  936.]","[2033. 2233.  925. 1862. 2229.  939. 1851. 2226.  947. 2061. 2236.  923.
 2243. 2227.  940. 2244. 2219.  952.]","[-1.6639e+01  4.6580e+00  6.4600e+01 -5.4930e-01 -6.1000e-02  0.0000e+00
 -6.2000e-02 -2.9590e-01  9.4820e-01]",114
722,3,"[[-0.01205045 -0.3164242   0.3135758 ]
 [ 0.30182758 -0.28763577  0.34236423]
 [-0.26796202 -0.29242415  0.33757585]
 [ 0.26796202  0.29242415 -0.33757585]
 [ 0.01205045  0.3164242  -0.3135758 ]
 [-0.30182758  0.28763577 -0.34236423]]","[2055. 2254.  917. 1873. 2238.  933. 1851. 2235.  936. 2040. 2254.  917.
 2222. 2238.  933. 2244. 2235.  936.]","[2038. 2233.  926. 1863. 2230.  939. 1851. 2231.  941. 2056. 2237.  923.
 2239. 2227.  940. 2244. 2223.  947.]","[-1.6677e+01  4.6420e+00  6.4605e+01 -1.0376e+00 -3.0520e-01 -6.1000e-02
 -5.8600e-02 -2.9100e-01  9.6480e-01]",114
723,3,"[[-0.01805212 -0.31663707  0.31336293]
 [ 0.30147615 -0.28797266  0.34202734]
 [-0.26224015 -0.2917935   0.3382065 ]
 [ 0.26224015  0.2917935  -0.3382065 ]
 [ 0.01805212  0.31663707 -0.31336293]
 [-0.30147615  0.28797266 -0.34202734]]","[2059. 2254.  917. 1877. 2238.  933. 1851. 2235.  936. 2036. 2254.  917.
 2218. 2238.  933. 2244. 2235.  936.]","[2040. 2234.  926. 1864. 2230.  939. 1851. 2233.  939. 2054. 2237.  923.
 2237. 2227.  940. 2243. 2226.  945.]","[-16.71     4.62    64.6     -0.9155  -0.4883  -0.1831  -0.0703  -0.291
   0.9502]",114
724,3,"[[-0.02404669 -0.31684239  0.31315761]
 [ 0.30105219 -0.2883148   0.3416852 ]
 [-0.2561427  -0.29117284  0.33882716]
 [ 0.2561427   0.29117284 -0.33882716]
 [ 0.02404669  0.31684239 -0.31315761]
 [-0.30105219  0.2883148  -0.3416852 ]]","[2063. 2254.  917. 1881. 2237.  934. 1851. 2235.  936. 2032. 2254.  917.
 2214. 2237.  934. 2244. 2235.  936.]","[2043. 2233.  926. 1866. 2230.  939. 1851. 2234.  938. 2050. 2237.  922.
 2234. 2227.  940. 2243. 2228.  942.]","[-16.732    4.581   64.611   -0.6714  -0.8545   0.      -0.0781  -0.2739
   0.9614]",114
725,3,"[[-0.03003181 -0.31704009  0.31295991]
 [ 0.30055497 -0.28866198  0.34133802]
 [-0.24968358 -0.29056302  0.33943698]
 [ 0.24968358  0.29056302 -0.33943698]
 [ 0.03003181  0.31704009 -0.31295991]
 [-0.30055497  0.28866198 -0.34133802]]","[2067. 2254.  917. 1885. 2237.  934. 1852. 2236.  935. 2028. 2254.  917.
 2210. 2237.  934. 2243. 2236.  935.]","[2047. 2234.  926. 1870. 2230.  939. 1851. 2235.  937. 2046. 2237.  922.
 2231. 2227.  940. 2243. 2229.  941.]","[-16.754    4.565   64.627   -0.6714  -0.4883   0.2441  -0.082   -0.2666
   0.9492]",114
726,3,"[[-0.03600511 -0.3172301   0.3127699 ]
 [ 0.29998403 -0.289014    0.340986  ]
 [-0.24287702 -0.28996484  0.34003516]
 [ 0.24287702  0.28996484 -0.34003516]
 [ 0.03600511  0.3172301  -0.3127699 ]
 [-0.29998403  0.289014   -0.340986  ]]","[2071. 2254.  917. 1889. 2237.  934. 1852. 2236.  935. 2024. 2254.  917.
 2206. 2237.  934. 2243. 2236.  935.]","[2051. 2234.  926. 1873. 2230.  940. 1851. 2235.  936. 2041. 2237.  922.
 2227. 2227.  939. 2243. 2230.  939.]","[-16.716    4.581   64.633    0.8545   0.3052   0.3052  -0.0991  -0.3071
   0.917 ]",114
727,3,"[[-0.04196425 -0.31741235  0.31258765]
 [ 0.29933901 -0.28937064  0.34062936]
 [-0.23573746 -0.28937914  0.34062086]
 [ 0.23573746  0.28937914 -0.34062086]
 [ 0.04196425  0.31741235 -0.31258765]
 [-0.29933901  0.28937064 -0.34062936]]","[2075. 2254.  917. 1894. 2236.  935. 1852. 2236.  935. 2020. 2254.  917.
 2201. 2236.  935. 2243. 2236.  935.]","[2054. 2233.  926. 1875. 2230.  940. 1851. 2235.  936. 2039. 2237.  922.
 2224. 2227.  940. 2243. 2231.  939.]","[-16.76     4.576   64.666   -1.0986  -0.4272   0.7324  -0.0854  -0.3159
   1.0244]",114
728,3,"[[-0.04790688 -0.31758675  0.31241325]
 [ 0.29861963 -0.2897317   0.3402683 ]
 [-0.22827958 -0.2888067   0.3411933 ]
 [ 0.22827958  0.2888067  -0.3411933 ]
 [ 0.04790688  0.31758675 -0.31241325]
 [-0.29861963  0.2897317  -0.3402683 ]]","[2079. 2255.  916. 1899. 2236.  935. 1853. 2236.  935. 2016. 2255.  916.
 2196. 2236.  935. 2242. 2236.  935.]","[2056. 2234.  925. 1877. 2230.  940. 1851. 2235.  936. 2036. 2237.  922.
 2221. 2227.  940. 2243. 2231.  939.]","[-1.6765e+01  4.5760e+00  6.4682e+01 -1.2210e-01 -6.1000e-02  1.2210e-01
 -8.4000e-02 -3.2320e-01  9.8630e-01]",114
729,3,"[[-0.05383067 -0.31775326  0.31224674]
 [ 0.29782563 -0.29009699  0.33990301]
 [-0.22051824 -0.28824831  0.34175169]
 [ 0.22051824  0.28824831 -0.34175169]
 [ 0.05383067  0.31775326 -0.31224674]
 [-0.29782563  0.29009699 -0.33990301]]","[2083. 2255.  916. 1904. 2235.  936. 1853. 2237.  934. 2012. 2255.  916.
 2191. 2235.  936. 2242. 2237.  934.]","[2061. 2234.  925. 1882. 2230.  940. 1851. 2235.  936. 2033. 2237.  922.
 2215. 2227.  940. 2242. 2232.  939.]","[-1.6782e+01  4.5760e+00  6.4688e+01 -6.1000e-02  0.0000e+00  6.1000e-02
 -9.7700e-02 -3.2860e-01  9.4580e-01]",114
730,3,"[[-0.05973328 -0.31791179  0.31208821]
 [ 0.29695677 -0.29046628  0.33953372]
 [-0.21246844 -0.28770471  0.34229529]
 [ 0.21246844  0.28770471 -0.34229529]
 [ 0.05973328  0.31791179 -0.31208821]
 [-0.29695677  0.29046628 -0.33953372]]","[2086. 2255.  916. 1909. 2235.  936. 1854. 2237.  934. 2009. 2255.  916.
 2186. 2235.  936. 2241. 2237.  934.]","[2064. 2234.  925. 1884. 2230.  939. 1851. 2236.  936. 2030. 2238.  922.
 2213. 2227.  939. 2242. 2232.  938.]","[-1.6787e+01  4.5810e+00  6.4693e+01  1.2210e-01 -6.1000e-02  5.4930e-01
 -9.8600e-02 -3.1880e-01  9.4380e-01]",114
731,3,"[[-0.0656124  -0.31806231  0.31193769]
 [ 0.29601286 -0.29083938  0.33916062]
 [-0.20414532 -0.28717667  0.34282333]
 [ 0.20414532  0.28717667 -0.34282333]
 [ 0.0656124   0.31806231 -0.31193769]
 [-0.29601286  0.29083938 -0.33916062]]","[2090. 2255.  916. 1914. 2235.  936. 1855. 2237.  934. 2005. 2255.  916.
 2181. 2235.  936. 2240. 2237.  934.]","[2068. 2234.  924. 1889. 2230.  939. 1852. 2236.  936. 2027. 2237.  922.
 2208. 2227.  940. 2242. 2232.  938.]","[-16.793    4.587   64.72     0.1221  -0.2441   1.0376  -0.0801  -0.2969
   0.9453]",114
732,3,"[[-0.06958873 -0.31815776  0.31184224]
 [ 0.29530656 -0.291158    0.338842  ]
 [-0.19851517 -0.28694075  0.34305925]
 [ 0.19851517  0.28694075 -0.34305925]
 [ 0.06958873  0.31815776 -0.31184224]
 [-0.29530656  0.291158   -0.338842  ]]","[2093. 2255.  916. 1918. 2235.  936. 1855. 2237.  934. 2002. 2255.  916.
 2177. 2235.  936. 2240. 2237.  934.]","[2071. 2234.  923. 1894. 2231.  939. 1852. 2236.  935. 2024. 2237.  922.
 2203. 2227.  940. 2241. 2233.  937.]","[-1.6793e+01  4.5980e+00  6.4770e+01  6.1000e-02 -3.6620e-01  1.3428e+00
 -8.1500e-02 -2.9390e-01  9.5020e-01]",114
733,3,"[[-0.07542321 -0.31829483  0.31170517]
 [ 0.29423488 -0.29153729  0.33846271]
 [-0.18977138 -0.27336673  0.35663327]
 [ 0.18977138  0.27336673 -0.35663327]
 [ 0.07542321  0.31829483 -0.31170517]
 [-0.29423488  0.29153729 -0.33846271]]","[2097. 2255.  916. 1924. 2226.  945. 1856. 2238.  933. 1998. 2255.  916.
 2171. 2226.  945. 2239. 2238.  933.]","[2074. 2235.  922. 1899. 2230.  939. 1853. 2237.  935. 2021. 2237.  922.
 2199. 2227.  939. 2241. 2232.  936.]","[-16.793    4.603   64.83     0.      -0.6104   1.5869  -0.0947  -0.2881
   0.9463]",114
734,3,"[[-0.08122802 -0.31842372  0.31157628]
 [ 0.29308774 -0.2919198   0.3380802 ]
 [-0.18079483 -0.25711302  0.37288698]
 [ 0.18079483  0.25711302 -0.37288698]
 [ 0.08122802  0.31842372 -0.31157628]
 [-0.29308774  0.2919198  -0.3380802 ]]","[2100. 2255.  916. 1930. 2215.  956. 1856. 2238.  933. 1995. 2255.  916.
 2165. 2215.  956. 2239. 2238.  933.]","[2078. 2236.  922. 1903. 2229.  941. 1854. 2237.  935. 2018. 2237.  922.
 2193. 2224.  942. 2240. 2234.  935.]","[-1.6793e+01  4.6030e+00  6.4907e+01  6.1000e-02 -6.7140e-01  2.1973e+00
 -1.0060e-01 -2.8760e-01  9.5560e-01]",114
735,3,"[[-0.08700088 -0.31854441  0.31145559]
 [ 0.29186504 -0.29230533  0.33769467]
 [-0.17160089 -0.24145955  0.38854045]
 [ 0.17160089  0.24145955 -0.38854045]
 [ 0.08700088  0.31854441 -0.31145559]
 [-0.29186504  0.29230533 -0.33769467]]","[2104. 2255.  916. 1936. 2205.  966. 1857. 2238.  933. 1991. 2255.  916.
 2159. 2205.  966. 2238. 2238.  933.]","[2082. 2236.  921. 1909. 2224.  946. 1854. 2237.  935. 2013. 2237.  922.
 2188. 2220.  947. 2240. 2234.  935.]","[-16.787    4.609   65.001    0.      -0.6714   2.4414  -0.0981  -0.2837
   0.9487]",114
736,3,"[[-0.09273952 -0.31865685  0.31134315]
 [ 0.29056667 -0.29269369  0.33730631]
 [-0.16220488 -0.22642768  0.40357232]
 [ 0.16220488  0.22642768 -0.40357232]
 [ 0.09273952  0.31865685 -0.31134315]
 [-0.29056667  0.29269369 -0.33730631]]","[2108. 2255.  916. 1942. 2195.  976. 1858. 2238.  933. 1987. 2255.  916.
 2153. 2195.  976. 2237. 2238.  933.]","[2085. 2238.  919. 1918. 2216.  952. 1855. 2237.  934. 2008. 2237.  922.
 2180. 2212.  950. 2238. 2235.  933.]","[-16.776    4.625   65.105    0.3662  -0.3662   2.9907  -0.1089  -0.2725
   0.9448]",114
737,3,"[[-0.09844168 -0.318761    0.311239  ]
 [ 0.28919258 -0.29308468  0.33691532]
 [-0.15262214 -0.2120379   0.4179621 ]
 [ 0.15262214  0.2120379  -0.4179621 ]
 [ 0.09844168  0.318761   -0.311239  ]
 [-0.28919258  0.29308468 -0.33691532]]","[2112. 2255.  916. 1948. 2186.  985. 1859. 2239.  932. 1983. 2255.  916.
 2147. 2186.  985. 2236. 2239.  932.]","[2088. 2238.  918. 1924. 2213.  959. 1856. 2237.  935. 2004. 2237.  922.
 2176. 2206.  956. 2237. 2234.  932.]","[-16.749    4.658   65.237    0.5493  -0.3662   4.0283  -0.1157  -0.2456
   0.9312]",114
738,3,"[[-0.10410511 -0.31885683  0.31114317]
 [ 0.28774272 -0.2934781   0.3365219 ]
 [-0.14286794 -0.19830979  0.43169021]
 [ 0.14286794  0.19830979 -0.43169021]
 [ 0.10410511  0.31885683 -0.31114317]
 [-0.28774272  0.2934781  -0.3365219 ]]","[2115. 2255.  916. 1954. 2177.  994. 1860. 2239.  932. 1980. 2255.  916.
 2141. 2177.  994. 2235. 2239.  932.]","[2092. 2238.  918. 1932. 2206.  967. 1858. 2235.  934. 1999. 2237.  921.
 2168. 2199.  964. 2236. 2234.  930.]","[-1.6716e+01  4.7080e+00  6.5413e+01  0.0000e+00 -7.9350e-01  5.6763e+00
 -6.3000e-02 -2.2800e-01  9.6580e-01]",114
739,3,"[[-0.1097276  -0.31894431  0.31105569]
 [ 0.28621706 -0.29387375  0.33612625]
 [-0.13295748 -0.185262    0.444738  ]
 [ 0.13295748  0.185262   -0.444738  ]
 [ 0.1097276   0.31894431 -0.31105569]
 [-0.28621706  0.29387375 -0.33612625]]","[2119. 2255.  916. 1961. 2168. 1003. 1861. 2239.  932. 1976. 2255.  916.
 2134. 2168. 1003. 2234. 2239.  932.]","[2096. 2237.  918. 1940. 2197.  975. 1862. 2234.  933. 1995. 2237.  920.
 2161. 2191.  973. 2234. 2234.  930.]","[-1.6672e+01  4.7460e+00  6.5643e+01  1.1597e+00 -1.2207e+00  5.9204e+00
 -8.3000e-03 -2.1580e-01  1.0308e+00]",114
740,3,"[[-0.11530693 -0.3190234   0.3109766 ]
 [ 0.28461563 -0.29427144  0.33572856]
 [-0.12290588 -0.17291223  0.45708777]
 [ 0.12290588  0.17291223 -0.45708777]
 [ 0.11530693  0.3190234  -0.3109766 ]
 [-0.28461563  0.29427144 -0.33572856]]","[2123. 2255.  915. 1967. 2160. 1011. 1862. 2239.  932. 1972. 2255.  915.
 2128. 2160. 1011. 2233. 2239.  932.]","[2101. 2237.  919. 1949. 2187.  984. 1862. 2234.  933. 1990. 2237.  918.
 2153. 2183.  983. 2233. 2234.  929.]","[-1.6578e+01  4.7630e+00  6.5863e+01  1.8921e+00 -1.1597e+00  3.8452e+00
  2.9800e-02 -2.2270e-01  9.7220e-01]",114
741,3,"[[-0.1208409  -0.31909409  0.31090591]
 [ 0.28293844 -0.29467098  0.33532902]
 [-0.11272817 -0.16127718  0.46872282]
 [ 0.11272817  0.16127718 -0.46872282]
 [ 0.1208409   0.31909409 -0.31090591]
 [-0.28293844  0.29467098 -0.33532902]]","[2126. 2256.  915. 1974. 2153. 1018. 1863. 2240.  931. 1969. 2256.  915.
 2121. 2153. 1018. 2232. 2240.  931.]","[2107. 2237.  920. 1956. 2179.  993. 1862. 2234.  934. 1986. 2238.  917.
 2146. 2178.  992. 2231. 2234.  930.]","[-1.6458e+01  4.7410e+00  6.5995e+01  2.9297e+00 -1.0376e+00  6.1040e-01
 -4.1000e-02 -2.6900e-01  9.9120e-01]",114
742,3,"[[-0.12632734 -0.31915636  0.31084364]
 [ 0.28118556 -0.29507217  0.33492783]
 [-0.10243923 -0.15037256  0.47962744]
 [ 0.10243923  0.15037256 -0.47962744]
 [ 0.12632734  0.31915636 -0.31084364]
 [-0.28118556  0.29507217 -0.33492783]]","[2130. 2256.  915. 1981. 2146. 1025. 1864. 2240.  931. 1965. 2256.  915.
 2114. 2146. 1025. 2231. 2240.  931.]","[2113. 2237.  921. 1959. 2171. 1002. 1863. 2233.  934. 1982. 2237.  917.
 2138. 2172. 1001. 2230. 2234.  931.]","[-16.315    4.686   66.       3.54    -0.3052  -2.2583  -0.0835  -0.2847
   0.9717]",114
743,3,"[[-0.13176409 -0.31921019  0.31078981]
 [ 0.27935706 -0.29547482  0.33452518]
 [-0.09205381 -0.14021302  0.48978698]
 [ 0.09205381  0.14021302 -0.48978698]
 [ 0.13176409  0.31921019 -0.31078981]
 [-0.27935706  0.29547482 -0.33452518]]","[2133. 2256.  915. 1987. 2139. 1032. 1865. 2240.  931. 1962. 2256.  915.
 2108. 2139. 1032. 2230. 2240.  931.]","[2120. 2237.  921. 1966. 2163. 1010. 1863. 2233.  934. 1979. 2237.  918.
 2127. 2164. 1009. 2229. 2233.  933.]","[-16.161    4.636   65.891    3.6621   0.7935  -4.6387  -0.145   -0.3276
   0.9175]",114
744,3,"[[-0.13714901 -0.31925556  0.31074444]
 [ 0.27745307 -0.29587875  0.33412125]
 [-0.08158652 -0.13081217  0.49918783]
 [ 0.08158652  0.13081217 -0.49918783]
 [ 0.13714901  0.31925556 -0.31074444]
 [-0.27745307  0.29587875 -0.33412125]]","[2137. 2256.  915. 1994. 2133. 1038. 1867. 2240.  931. 1958. 2256.  915.
 2101. 2133. 1038. 2228. 2240.  931.]","[2124. 2237.  920. 1974. 2155. 1017. 1864. 2233.  934. 1976. 2237.  918.
 2118. 2157. 1017. 2227. 2233.  934.]","[-16.029    4.614   65.698    3.1128   1.3428  -4.9438  -0.1841  -0.3477
   0.9409]",114
745,3,"[[-0.14247998 -0.31929248  0.31070752]
 [ 0.2754737  -0.29628376  0.33371624]
 [-0.07105177 -0.12218253  0.50781747]
 [ 0.07105177  0.12218253 -0.50781747]
 [ 0.14247998  0.31929248 -0.31070752]
 [-0.2754737   0.29628376 -0.33371624]]","[2140. 2256.  915. 2001. 2127. 1044. 1868. 2241.  930. 1955. 2256.  915.
 2094. 2127. 1044. 2227. 2241.  930.]","[2128. 2238.  920. 1980. 2148. 1024. 1866. 2233.  933. 1973. 2237.  918.
 2113. 2150. 1024. 2226. 2233.  934.]","[-15.941    4.625   65.522    2.3804   1.1597  -3.54    -0.1597  -0.3926
   0.9214]",114
746,3,"[[-0.14775491 -0.31932093  0.31067907]
 [ 0.27341913 -0.29668968  0.33331032]
 [-0.06046381 -0.11433555  0.51566445]
 [ 0.06046381  0.11433555 -0.51566445]
 [ 0.14775491  0.31932093 -0.31067907]
 [-0.27341913  0.29668968 -0.33331032]]","[2144. 2256.  915. 2008. 2122. 1049. 1869. 2241.  930. 1951. 2256.  915.
 2087. 2122. 1049. 2226. 2241.  930.]","[2131. 2239.  919. 1987. 2141. 1031. 1867. 2233.  932. 1970. 2237.  918.
 2111. 2142. 1030. 2225. 2234.  934.]","[-15.903    4.647   65.418    0.7324   0.4883  -1.3428  -0.0845  -0.3433
   0.9097]",114
747,3,"[[-0.15297172 -0.31934096  0.31065904]
 [ 0.27128953 -0.29709631  0.33290369]
 [-0.0498367  -0.10728155  0.52271845]
 [ 0.0498367   0.10728155 -0.52271845]
 [ 0.15297172  0.31934096 -0.31065904]
 [-0.27128953  0.29709631 -0.33290369]]","[2147. 2256.  915. 2015. 2117. 1054. 1871. 2241.  930. 1948. 2256.  915.
 2080. 2117. 1054. 2224. 2241.  930.]","[2133. 2239.  919. 1994. 2135. 1037. 1868. 2233.  932. 1967. 2237.  918.
 2103. 2136. 1036. 2224. 2234.  934.]","[-1.5897e+01  4.6640e+00  6.5407e+01  9.1550e-01 -1.2210e-01  7.3240e-01
 -2.0500e-02 -3.0660e-01  9.8880e-01]",114
748,3,"[[-0.15812836 -0.3193527   0.3106473 ]
 [ 0.26908512 -0.29750347  0.33249653]
 [-0.03918425 -0.10102974  0.52897026]
 [ 0.03918425  0.10102974 -0.52897026]
 [ 0.15812836  0.3193527  -0.3106473 ]
 [-0.26908512  0.29750347 -0.33249653]]","[2151. 2256.  915. 2022. 2113. 1058. 1872. 2241.  930. 1944. 2256.  915.
 2073. 2113. 1058. 2223. 2241.  930.]","[2135. 2239.  919. 2001. 2129. 1042. 1869. 2233.  932. 1964. 2238.  918.
 2097. 2130. 1042. 2223. 2233.  933.]","[-1.5842e+01  4.6580e+00  6.5462e+01  2.5635e+00 -7.9350e-01  1.8311e+00
  2.8800e-02 -3.0810e-01  9.6880e-01]",114
749,3,"[[-0.1632228  -0.31935637  0.31064363]
 [ 0.26680615 -0.29791098  0.33208902]
 [-0.0285201  -0.0955882   0.5344118 ]
 [ 0.0285201   0.0955882  -0.5344118 ]
 [ 0.1632228   0.31935637 -0.31064363]
 [-0.26680615  0.29791098 -0.33208902]]","[2154. 2256.  915. 2029. 2110. 1061. 1874. 2242.  929. 1941. 2256.  915.
 2066. 2110. 1061. 2221. 2242.  929.]","[2137. 2239.  919. 2008. 2124. 1048. 1871. 2233.  932. 1962. 2237.  918.
 2089. 2125. 1047. 2222. 2233.  932.]","[-1.5760e+01  4.6310e+00  6.5528e+01  2.4414e+00 -1.0376e+00  1.2207e+00
 -7.8000e-03 -2.9100e-01  9.2480e-01]",114
750,3,"[[-0.16825303 -0.3193474   0.3106526 ]
 [ 0.26445288 -0.29831866  0.33168134]
 [-0.01785762 -0.09096386  0.53903614]
 [ 0.01785762  0.09096386 -0.53903614]
 [ 0.16825303  0.3193474  -0.3106526 ]
 [-0.26445288  0.29831866 -0.33168134]]","[2157. 2256.  915. 2036. 2107. 1064. 1875. 2242.  929. 1938. 2256.  915.
 2059. 2107. 1064. 2220. 2242.  929.]","[2141. 2240.  919. 2015. 2120. 1052. 1872. 2233.  932. 1959. 2238.  918.
 2082. 2121. 1052. 2221. 2233.  932.]","[-1.5694e+01  4.5870e+00  6.5561e+01  1.6479e+00 -4.8830e-01 -1.2210e-01
 -5.8600e-02 -2.2220e-01  9.4920e-01]",114
751,3,"[[-0.17321709 -0.31930826  0.31069174]
 [ 0.26202559 -0.29872634  0.33127366]
 [-0.00720996 -0.0871625   0.5428375 ]
 [ 0.00720996  0.0871625  -0.5428375 ]
 [ 0.17321709  0.31930826 -0.31069174]
 [-0.26202559  0.29872634 -0.33127366]]","[2160. 2256.  915. 2043. 2104. 1067. 1877. 2242.  929. 1935. 2256.  915.
 2052. 2104. 1067. 2218. 2242.  929.]","[2145. 2239.  919. 2024. 2115. 1057. 1874. 2233.  932. 1954. 2238.  918.
 2071. 2116. 1057. 2219. 2233.  932.]","[-15.595    4.543   65.517    1.2817  -0.1831  -0.6104  -0.1187  -0.2261
   0.9507]",114
752,3,"[[-0.17811301 -0.3192351   0.3107649 ]
 [ 0.25952462 -0.29913383  0.33086617]
 [ 0.00340999 -0.08418875  0.54581125]
 [-0.00340999  0.08418875 -0.54581125]
 [ 0.17811301  0.3192351  -0.3107649 ]
 [-0.25952462  0.29913383 -0.33086617]]","[2164. 2256.  915. 2050. 2102. 1069. 1878. 2243.  928. 1931. 2256.  915.
 2045. 2102. 1069. 2217. 2243.  928.]","[2147. 2239.  919. 2029. 2112. 1060. 1875. 2233.  932. 1951. 2237.  918.
 2066. 2113. 1059. 2219. 2233.  932.]","[-1.5562e+01  4.5370e+00  6.5495e+01  2.4410e-01  6.1000e-02 -3.0520e-01
 -1.0890e-01 -2.2800e-01  9.2090e-01]",114
753,3,"[[-0.18293887 -0.31913199  0.31086801]
 [ 0.25695031 -0.29954097  0.33045903]
 [ 0.01398958 -0.08204609  0.54795391]
 [-0.01398958  0.08204609 -0.54795391]
 [ 0.18293887  0.31913199 -0.31086801]
 [-0.25695031  0.29954097 -0.33045903]]","[2167. 2256.  915. 2057. 2101. 1070. 1880. 2243.  928. 1928. 2256.  915.
 2038. 2101. 1070. 2215. 2243.  928.]","[2150. 2239.  919. 2036. 2109. 1063. 1877. 2233.  932. 1948. 2237.  918.
 2059. 2110. 1063. 2216. 2233.  932.]","[-15.557    4.548   65.49    -0.3052   0.1831   0.      -0.0801  -0.2324
   0.9849]",114
754,3,"[[-0.18769277 -0.31900006  0.31099994]
 [ 0.25430304 -0.29994758  0.33005242]
 [ 0.02451645 -0.08073722  0.54926278]
 [-0.02451645  0.08073722 -0.54926278]
 [ 0.18769277  0.31900006 -0.31099994]
 [-0.25430304  0.29994758 -0.33005242]]","[2170. 2255.  916. 2063. 2100. 1071. 1882. 2243.  928. 1925. 2255.  916.
 2032. 2100. 1071. 2213. 2243.  928.]","[2153. 2239.  920. 2043. 2106. 1065. 1879. 2233.  931. 1945. 2237.  918.
 2053. 2108. 1065. 2214. 2234.  932.]","[-1.5568e+01  4.5540e+00  6.5490e+01 -6.7140e-01  0.0000e+00  6.1000e-02
 -6.2500e-02 -2.3930e-01  9.5700e-01]",114
755,3,"[[-0.19237285 -0.31883991  0.31116009]
 [ 0.2515832  -0.30035348  0.32964652]
 [ 0.03497849 -0.08027067  0.54972933]
 [-0.03497849  0.08027067 -0.54972933]
 [ 0.19237285  0.31883991 -0.31116009]
 [-0.2515832   0.30035348 -0.32964652]]","[2173. 2255.  916. 2070. 2100. 1071. 1883. 2243.  928. 1922. 2255.  916.
 2025. 2100. 1071. 2212. 2243.  928.]","[2156. 2240.  919. 2050. 2105. 1067. 1880. 2233.  931. 1942. 2237.  918.
 2046. 2106. 1067. 2213. 2233.  932.]","[-1.5590e+01  4.5540e+00  6.5490e+01 -1.0986e+00  6.1000e-02  0.0000e+00
 -5.2700e-02 -2.5240e-01  9.3550e-01]",114
756,3,"[[-0.19697725 -0.31865213  0.31134787]
 [ 0.24879124 -0.30075852  0.32924148]
 [ 0.04536388 -0.08062958  0.54937042]
 [-0.04536388  0.08062958 -0.54937042]
 [ 0.19697725  0.31865213 -0.31134787]
 [-0.24879124  0.30075852 -0.32924148]]","[2176. 2255.  916. 2077. 2100. 1071. 1885. 2244.  927. 1919. 2255.  916.
 2018. 2100. 1071. 2210. 2244.  927.]","[2159. 2240.  919. 2057. 2103. 1069. 1882. 2233.  930. 1939. 2237.  918.
 2039. 2105. 1069. 2210. 2234.  931.]","[-15.634    4.559   65.484   -1.5259   0.2441  -0.3052  -0.0703  -0.2666
   0.9697]",114
757,3,"[[-0.20150417 -0.31843735  0.31156265]
 [ 0.2459276  -0.30116251  0.32883749]
 [ 0.0556611  -0.08119145  0.54880855]
 [-0.0556611   0.08119145 -0.54880855]
 [ 0.20150417  0.31843735 -0.31156265]
 [-0.2459276   0.30116251 -0.32883749]]","[2179. 2255.  916. 2084. 2100. 1071. 1887. 2244.  927. 1916. 2255.  916.
 2011. 2100. 1071. 2208. 2244.  927.]","[2163. 2239.  920. 2066. 2103. 1069. 1884. 2233.  930. 1935. 2237.  918.
 2029. 2104. 1069. 2208. 2234.  931.]","[-15.683    4.559   65.468   -1.4648   0.1831  -0.3662  -0.0918  -0.2798
   0.9639]",114
758,3,"[[-0.20595184 -0.31819621  0.31180379]
 [ 0.24299277 -0.30156531  0.32843469]
 [ 0.06585888 -0.08179314  0.54820686]
 [-0.06585888  0.08179314 -0.54820686]
 [ 0.20595184  0.31819621 -0.31180379]
 [-0.24299277  0.30156531 -0.32843469]]","[2182. 2255.  916. 2090. 2101. 1070. 1889. 2244.  927. 1913. 2255.  916.
 2005. 2101. 1070. 2206. 2244.  927.]","[2165. 2239.  920. 2069. 2102. 1069. 1886. 2233.  929. 1933. 2237.  919.
 2025. 2103. 1069. 2206. 2234.  931.]","[-15.727    4.565   65.457   -1.0376   0.1221  -0.1221  -0.0938  -0.2891
   0.9517]",114
759,3,"[[-0.21031849 -0.31792936  0.31207064]
 [ 0.23998726 -0.30196674  0.32803326]
 [ 0.07594628 -0.08256676  0.54743324]
 [-0.07594628  0.08256676 -0.54743324]
 [ 0.21031849  0.31792936 -0.31207064]
 [-0.23998726  0.30196674 -0.32803326]]","[2185. 2255.  916. 2097. 2101. 1070. 1891. 2244.  927. 1910. 2255.  916.
 1998. 2101. 1070. 2204. 2244.  927.]","[2170. 2239.  919. 2078. 2103. 1069. 1889. 2233.  929. 1928. 2237.  919.
 2017. 2104. 1070. 2204. 2233.  931.]","[-1.5754e+01  4.5700e+00  6.5451e+01 -7.9350e-01  6.1000e-02  6.1000e-02
 -9.8100e-02 -2.9590e-01  9.6530e-01]",114
760,3,"[[-0.21460242 -0.31763752  0.31236248]
 [ 0.23691161 -0.30236664  0.32763336]
 [ 0.08591265 -0.08354349  0.54645651]
 [-0.08591265  0.08354349 -0.54645651]
 [ 0.21460242  0.31763752 -0.31236248]
 [-0.23691161  0.30236664 -0.32763336]]","[2187. 2255.  916. 2104. 2102. 1069. 1893. 2245.  926. 1908. 2255.  916.
 1991. 2102. 1069. 2202. 2245.  926.]","[2172. 2239.  920. 2084. 2103. 1069. 1890. 2233.  929. 1926. 2237.  919.
 2011. 2104. 1070. 2203. 2234.  931.]","[-1.5771e+01  4.5760e+00  6.5468e+01 -2.4410e-01 -6.1000e-02  4.8830e-01
 -9.4700e-02 -2.9300e-01  9.6970e-01]",114
761,3,"[[-0.21880193 -0.3173214   0.3126786 ]
 [ 0.2337664  -0.30276485  0.32723515]
 [ 0.09574764 -0.08473239  0.54526761]
 [-0.09574764  0.08473239 -0.54526761]
 [ 0.21880193  0.3173214  -0.3126786 ]
 [-0.2337664   0.30276485 -0.32723515]]","[2190. 2254.  917. 2110. 2103. 1068. 1895. 2245.  926. 1905. 2254.  917.
 1985. 2103. 1068. 2200. 2245.  926.]","[2175. 2239.  920. 2093. 2103. 1069. 1893. 2233.  928. 1922. 2237.  918.
 2002. 2104. 1069. 2200. 2234.  931.]","[-15.76     4.587   65.5      0.1831  -0.1221   0.8545  -0.0845  -0.2832
   0.9575]",114
762,3,"[[-0.22291538 -0.31698174  0.31301826]
 [ 0.23055221 -0.30316123  0.32683877]
 [ 0.1054412  -0.08613829  0.54386171]
 [-0.1054412   0.08613829 -0.54386171]
 [ 0.22291538  0.31698174 -0.31301826]
 [-0.23055221  0.30316123 -0.32683877]]","[2193. 2254.  917. 2116. 2104. 1067. 1897. 2245.  926. 1902. 2254.  917.
 1979. 2104. 1067. 2198. 2245.  926.]","[2176. 2239.  919. 2097. 2103. 1069. 1894. 2233.  928. 1920. 2237.  919.
 1998. 2104. 1069. 2199. 2234.  931.]","[-1.5749e+01  4.5870e+00  6.5539e+01  2.4410e-01 -3.0520e-01  1.0376e+00
 -5.7600e-02 -2.8320e-01  9.5260e-01]",114
763,3,"[[-0.22694114 -0.31661929  0.31338071]
 [ 0.22726967 -0.3035556   0.3264444 ]
 [ 0.11498359 -0.08776517  0.54223483]
 [-0.11498359  0.08776517 -0.54223483]
 [ 0.22694114  0.31661929 -0.31338071]
 [-0.22726967  0.3035556  -0.3264444 ]]","[2195. 2254.  917. 2122. 2105. 1066. 1899. 2245.  926. 1900. 2254.  917.
 1973. 2105. 1066. 2196. 2245.  926.]","[2179. 2239.  919. 2104. 2104. 1068. 1896. 2233.  928. 1918. 2237.  919.
 1992. 2104. 1068. 2198. 2234.  930.]","[-1.5749e+01  4.5920e+00  6.5566e+01 -1.8310e-01 -6.1000e-02  4.8830e-01
 -5.1800e-02 -2.6810e-01  9.3020e-01]",114
764,3,"[[-0.23087764 -0.31623485  0.31376515]
 [ 0.22391943 -0.30394782  0.32605218]
 [ 0.1243654  -0.08961675  0.54038325]
 [-0.1243654   0.08961675 -0.54038325]
 [ 0.23087764  0.31623485 -0.31376515]
 [-0.22391943  0.30394782 -0.32605218]]","[2198. 2254.  917. 2129. 2106. 1065. 1902. 2246.  925. 1897. 2254.  917.
 1966. 2106. 1065. 2193. 2246.  925.]","[2182. 2239.  920. 2109. 2104. 1067. 1898. 2233.  928. 1915. 2237.  919.
 1985. 2105. 1067. 2195. 2234.  930.]","[-1.5765e+01  4.5920e+00  6.5572e+01 -4.8830e-01  6.1000e-02  0.0000e+00
 -6.0500e-02 -2.7150e-01  9.6680e-01]",114
765,3,"[[-0.23472332 -0.3158292   0.3141708 ]
 [ 0.22050216 -0.30433774  0.32566226]
 [ 0.1335775  -0.09169657  0.53830343]
 [-0.1335775   0.09169657 -0.53830343]
 [ 0.23472332  0.3158292  -0.3141708 ]
 [-0.22050216  0.30433774 -0.32566226]]","[2201. 2253.  918. 2135. 2107. 1064. 1904. 2246.  925. 1894. 2253.  918.
 1960. 2107. 1064. 2191. 2246.  925.]","[2184. 2239.  920. 2116. 2105. 1066. 1900. 2233.  927. 1912. 2237.  919.
 1979. 2105. 1067. 2193. 2234.  930.]","[-15.782    4.587   65.566   -0.3662   0.      -0.1831  -0.0962  -0.2744
   0.9668]",114
766,3,"[[-0.23847668 -0.31540315  0.31459685]
 [ 0.21701858 -0.30472521  0.32527479]
 [ 0.14261111 -0.09400808  0.53599192]
 [-0.14261111  0.09400808 -0.53599192]
 [ 0.23847668  0.31540315 -0.31459685]
 [-0.21701858  0.30472521 -0.32527479]]","[2203. 2253.  918. 2140. 2109. 1062. 1906. 2246.  925. 1892. 2253.  918.
 1955. 2109. 1062. 2189. 2246.  925.]","[2186. 2239.  920. 2122. 2106. 1065. 1903. 2233.  927. 1910. 2237.  920.
 1973. 2106. 1065. 2190. 2234.  930.]","[-1.5793e+01  4.5870e+00  6.5566e+01 -3.0520e-01 -6.1000e-02  6.1000e-02
 -9.4700e-02 -2.7730e-01  9.5020e-01]",114
767,3,"[[-0.24213623 -0.31495752  0.31504248]
 [ 0.2134694  -0.30511008  0.32488992]
 [ 0.15145774 -0.09655452  0.53344548]
 [-0.15145774  0.09655452 -0.53344548]
 [ 0.24213623  0.31495752 -0.31504248]
 [-0.2134694   0.30511008 -0.32488992]]","[2205. 2253.  918. 2146. 2110. 1061. 1908. 2246.  925. 1890. 2253.  918.
 1949. 2110. 1061. 2187. 2246.  925.]","[2189. 2239.  920. 2128. 2108. 1064. 1905. 2233.  927. 1907. 2237.  920.
 1967. 2108. 1064. 2189. 2234.  929.]","[-15.804    4.587   65.577   -0.3052   0.       0.3662  -0.084   -0.2734
   0.959 ]",114
768,3,"[[-0.24570053 -0.31449315  0.31550685]
 [ 0.20985541 -0.3054922   0.3245078 ]
 [ 0.16010923 -0.09933904  0.53066096]
 [-0.16010923  0.09933904 -0.53066096]
 [ 0.24570053  0.31449315 -0.31550685]
 [-0.20985541  0.3054922  -0.3245078 ]]","[2208. 2253.  918. 2152. 2112. 1059. 1911. 2247.  924. 1887. 2253.  918.
 1943. 2112. 1059. 2184. 2247.  924.]","[2191. 2239.  921. 2134. 2109. 1063. 1907. 2233.  927. 1905. 2237.  920.
 1961. 2109. 1063. 2186. 2234.  929.]","[-1.5809e+01  4.5920e+00  6.5588e+01 -1.8310e-01 -6.1000e-02  1.8310e-01
 -6.1000e-02 -2.7390e-01  9.6580e-01]",114
769,3,"[[-0.2491682  -0.31401087  0.31598913]
 [ 0.20617737 -0.30587144  0.32412856]
 [ 0.16855773 -0.10236459  0.52763541]
 [-0.16855773  0.10236459 -0.52763541]
 [ 0.2491682   0.31401087 -0.31598913]
 [-0.20617737  0.30587144 -0.32412856]]","[2210. 2252.  919. 2157. 2114. 1057. 1913. 2247.  924. 1885. 2252.  919.
 1938. 2114. 1057. 2182. 2247.  924.]","[2194. 2239.  921. 2140. 2110. 1061. 1909. 2233.  927. 1903. 2237.  921.
 1955. 2110. 1061. 2184. 2234.  929.]","[-1.5815e+01  4.5870e+00  6.5583e+01 -1.2210e-01  0.0000e+00 -1.2210e-01
 -6.2000e-02 -2.7730e-01  9.3900e-01]",114
770,3,"[[-0.25253785 -0.31351154  0.31648846]
 [ 0.2024361  -0.30624765  0.32375235]
 [ 0.17679572 -0.10563396  0.52436604]
 [-0.17679572  0.10563396 -0.52436604]
 [ 0.25253785  0.31351154 -0.31648846]
 [-0.2024361   0.30624765 -0.32375235]]","[2212. 2252.  919. 2163. 2116. 1055. 1916. 2247.  924. 1883. 2252.  919.
 1932. 2116. 1055. 2179. 2247.  924.]","[2197. 2239.  922. 2146. 2113. 1059. 1911. 2233.  926. 1901. 2237.  921.
 1949. 2112. 1060. 2182. 2234.  929.]","[-15.831    4.587   65.572   -0.4272   0.1221  -0.2441  -0.0791  -0.2822
   0.9526]",114
771,3,"[[-0.25580817 -0.31299601  0.31700399]
 [ 0.19863245 -0.30662069  0.32337931]
 [ 0.18481599 -0.1091498   0.5208502 ]
 [-0.18481599  0.1091498  -0.5208502 ]
 [ 0.25580817  0.31299601 -0.31700399]
 [-0.19863245  0.30662069 -0.32337931]]","[2214. 2252.  919. 2168. 2119. 1052. 1918. 2247.  924. 1881. 2252.  919.
 1927. 2119. 1052. 2177. 2247.  924.]","[2199. 2239.  922. 2151. 2114. 1057. 1914. 2233.  926. 1899. 2237.  921.
 1944. 2115. 1057. 2179. 2235.  929.]","[-15.853    4.587   65.566   -0.5493   0.      -0.1221  -0.0928  -0.2734
   0.9648]",114
772,3,"[[-0.25897786 -0.31246515  0.31753485]
 [ 0.19476729 -0.30699044  0.32300956]
 [ 0.19261164 -0.11291455  0.51708545]
 [-0.19261164  0.11291455 -0.51708545]
 [ 0.25897786  0.31246515 -0.31753485]
 [-0.19476729  0.30699044 -0.32300956]]","[2216. 2251.  920. 2173. 2121. 1050. 1921. 2248.  923. 1879. 2251.  920.
 1922. 2121. 1050. 2174. 2248.  923.]","[2202. 2239.  922. 2159. 2117. 1055. 1916. 2233.  926. 1896. 2237.  922.
 1937. 2117. 1055. 2176. 2235.  929.]","[-1.5864e+01  4.5870e+00  6.5566e+01 -2.4410e-01  0.0000e+00  6.1000e-02
 -8.1500e-02 -2.7390e-01  9.6290e-01]",114
773,3,"[[-0.26204569 -0.31191982  0.31808018]
 [ 0.1908415  -0.30735674  0.32264326]
 [ 0.20017611 -0.1169305   0.5130695 ]
 [-0.20017611  0.1169305  -0.5130695 ]
 [ 0.26204569  0.31191982 -0.31808018]
 [-0.1908415   0.30735674 -0.32264326]]","[2218. 2251.  920. 2178. 2124. 1047. 1923. 2248.  923. 1877. 2251.  920.
 1917. 2124. 1047. 2172. 2248.  923.]","[2204. 2239.  922. 2163. 2118. 1053. 1919. 2233.  926. 1895. 2237.  922.
 1933. 2119. 1054. 2174. 2235.  929.]","[-15.87     4.587   65.566   -0.1831   0.       0.      -0.0811  -0.2769
   0.9468]",114
774,3,"[[-0.26501045 -0.31136088  0.31863912]
 [ 0.18685601 -0.30771948  0.32228052]
 [ 0.20750314 -0.12119973  0.50880027]
 [-0.20750314  0.12119973 -0.50880027]
 [ 0.26501045  0.31136088 -0.31863912]
 [-0.18685601  0.30771948 -0.32228052]]","[2220. 2250.  920. 2183. 2127. 1044. 1926. 2248.  923. 1875. 2250.  920.
 1912. 2127. 1044. 2169. 2248.  923.]","[2206. 2240.  922. 2167. 2122. 1050. 1921. 2233.  925. 1893. 2237.  922.
 1927. 2121. 1050. 2172. 2235.  927.]","[-1.5886e+01  4.5920e+00  6.5566e+01 -4.8830e-01  6.1000e-02 -6.1000e-02
 -8.4000e-02 -2.7490e-01  9.4680e-01]",114
775,3,"[[-0.26787096 -0.31078921  0.31921079]
 [ 0.18281176 -0.30807853  0.32192147]
 [ 0.21458678 -0.12572415  0.50427585]
 [-0.21458678  0.12572415 -0.50427585]
 [ 0.26787096  0.31078921 -0.31921079]
 [-0.18281176  0.30807853 -0.32192147]]","[2222. 2250.  921. 2187. 2129. 1042. 1928. 2248.  923. 1873. 2250.  921.
 1908. 2129. 1042. 2167. 2248.  923.]","[2209. 2239.  923. 2174. 2125. 1047. 1924. 2233.  925. 1890. 2237.  923.
 1921. 2124. 1048. 2169. 2235.  927.]","[-15.903    4.598   65.566   -0.4883   0.1221   0.      -0.0737  -0.2803
   0.9756]",114
776,3,"[[-0.27062611 -0.31020568  0.31979432]
 [ 0.17870973 -0.30843374  0.32156626]
 [ 0.22142142 -0.13050547  0.49949453]
 [-0.22142142  0.13050547 -0.49949453]
 [ 0.27062611  0.31020568 -0.31979432]
 [-0.17870973  0.30843374 -0.32156626]]","[2224. 2250.  921. 2192. 2133. 1038. 1931. 2249.  922. 1871. 2250.  921.
 1903. 2133. 1038. 2164. 2249.  922.]","[2211. 2239.  923. 2179. 2127. 1045. 1927. 2233.  925. 1886. 2237.  923.
 1916. 2127. 1045. 2166. 2235.  927.]","[-1.5914e+01  4.5980e+00  6.5561e+01 -1.2210e-01  0.0000e+00 -6.1000e-02
 -6.8400e-02 -2.7590e-01  9.6000e-01]",114
777,3,"[[-0.27327481 -0.30961115  0.32038885]
 [ 0.17455092 -0.30878501  0.32121499]
 [ 0.22800175 -0.13554521  0.49445479]
 [-0.22800175  0.13554521 -0.49445479]
 [ 0.27327481  0.30961115 -0.32038885]
 [-0.17455092  0.30878501 -0.32121499]]","[2226. 2249.  922. 2196. 2136. 1035. 1934. 2249.  922. 1869. 2249.  922.
 1899. 2136. 1035. 2161. 2249.  922.]","[2213. 2239.  924. 2184. 2130. 1042. 1929. 2233.  925. 1884. 2237.  923.
 1911. 2130. 1042. 2163. 2235.  927.]","[-1.5919e+01  4.5980e+00  6.5561e+01 -1.2210e-01  0.0000e+00 -6.1000e-02
 -7.6200e-02 -2.8080e-01  9.3410e-01]",114
778,3,"[[-0.27581601 -0.3090065   0.3209935 ]
 [ 0.17033635 -0.30913221  0.32086779]
 [ 0.23432276 -0.14084468  0.48915532]
 [-0.23432276  0.14084468 -0.48915532]
 [ 0.27581601  0.3090065  -0.3209935 ]
 [-0.17033635  0.30913221 -0.32086779]]","[2227. 2249.  922. 2200. 2139. 1032. 1936. 2249.  922. 1868. 2249.  922.
 1895. 2139. 1032. 2159. 2249.  922.]","[2214. 2239.  924. 2187. 2132. 1040. 1931. 2233.  925. 1883. 2237.  924.
 1908. 2132. 1040. 2162. 2236.  927.]","[-1.5936e+01  4.5980e+00  6.5555e+01 -4.8830e-01  6.1000e-02 -6.1000e-02
 -8.1100e-02 -2.8080e-01  9.6240e-01]",114
779,4,"[[-0.27824873 -0.30839258  0.32160742]
 [ 0.16606707 -0.30947521  0.32052479]
 [ 0.24037978 -0.14640499  0.48359501]
 [-0.24037978  0.14640499 -0.48359501]
 [ 0.27824873  0.30839258 -0.32160742]
 [-0.16606707  0.30947521 -0.32052479]]","[2229. 2249.  922. 2204. 2143. 1028. 1939. 2249.  922. 1866. 2249.  922.
 1891. 2143. 1028. 2156. 2249.  922.]","[2216. 2239.  925. 2193. 2136. 1036. 1935. 2233.  924. 1880. 2237.  924.
 1903. 2137. 1036. 2158. 2236.  927.]","[-1.5952e+01  4.5980e+00  6.5550e+01 -4.2720e-01  0.0000e+00 -6.1000e-02
 -8.1100e-02 -2.7730e-01  9.6240e-01]",114
780,4,"[[-0.28057199 -0.30777025  0.32222975]
 [ 0.16174416 -0.3098139   0.3201861 ]
 [ 0.24616841 -0.15222704  0.47777296]
 [-0.24616841  0.15222704 -0.47777296]
 [ 0.28057199  0.30777025 -0.32222975]
 [-0.16174416  0.3098139  -0.3201861 ]]","[2230. 2248.  923. 2208. 2147. 1024. 1942. 2249.  922. 1865. 2248.  923.
 1887. 2147. 1024. 2153. 2249.  922.]","[2218. 2239.  925. 2196. 2139. 1034. 1936. 2233.  925. 1879. 2237.  924.
 1899. 2138. 1034. 2157. 2236.  927.]","[-15.963    4.598   65.555   -0.1831   0.       0.      -0.0825  -0.2778
   0.9521]",114
781,4,"[[-0.2827849  -0.30714038  0.32285962]
 [ 0.15736872 -0.31014816  0.31985184]
 [ 0.2516846  -0.15831152  0.47168848]
 [-0.2516846   0.15831152 -0.47168848]
 [ 0.2827849   0.30714038 -0.32285962]
 [-0.15736872  0.31014816 -0.31985184]]","[2232. 2248.  923. 2212. 2151. 1020. 1945. 2250.  921. 1863. 2248.  923.
 1883. 2151. 1020. 2150. 2250.  921.]","[2220. 2239.  925. 2201. 2143. 1029. 1940. 2233.  924. 1877. 2237.  925.
 1894. 2142. 1029. 2153. 2236.  926.]","[-15.98     4.603   65.555   -0.4883   0.       0.      -0.0757  -0.2808
   0.9473]",114
782,4,"[[-0.28488657 -0.3065038   0.3234962 ]
 [ 0.15294187 -0.31047789  0.31952211]
 [ 0.25692458 -0.1646589   0.4653411 ]
 [-0.25692458  0.1646589  -0.4653411 ]
 [ 0.28488657  0.3065038  -0.3234962 ]
 [-0.15294187  0.31047789 -0.31952211]]","[2233. 2247.  924. 2215. 2155. 1016. 1948. 2250.  921. 1862. 2247.  924.
 1880. 2155. 1016. 2147. 2250.  921.]","[2221. 2239.  925. 2204. 2146. 1026. 1942. 2233.  924. 1876. 2237.  925.
 1892. 2146. 1027. 2151. 2236.  926.]","[-16.007    4.603   65.555   -0.6104   0.       0.      -0.0825  -0.2798
   0.9521]",114
783,4,"[[-0.28687618 -0.30586137  0.32413863]
 [ 0.14846477 -0.31080296  0.31919704]
 [ 0.26188488 -0.17126946  0.45873054]
 [-0.26188488  0.17126946 -0.45873054]
 [ 0.28687618  0.30586137 -0.32413863]
 [-0.14846477  0.31080296 -0.31919704]]","[2235. 2247.  924. 2218. 2159. 1012. 1951. 2250.  921. 1860. 2247.  924.
 1877. 2159. 1012. 2144. 2250.  921.]","[2223. 2239.  926. 2209. 2151. 1021. 1945. 2234.  924. 1874. 2237.  926.
 1886. 2151. 1021. 2148. 2236.  926.]","[-1.6024e+01  4.6030e+00  6.5555e+01 -4.8830e-01  6.1000e-02  0.0000e+00
 -8.6900e-02 -2.8370e-01  9.6340e-01]",114
784,4,"[[-0.28875295 -0.30521391  0.32478609]
 [ 0.14393859 -0.31112327  0.31887673]
 [ 0.26656233 -0.17814322  0.45185678]
 [-0.26656233  0.17814322 -0.45185678]
 [ 0.28875295  0.30521391 -0.32478609]
 [-0.14393859  0.31112327 -0.31887673]]","[2236. 2246.  925. 2221. 2164. 1007. 1954. 2250.  921. 1859. 2246.  925.
 1874. 2164. 1007. 2141. 2250.  921.]","[2226. 2239.  926. 2212. 2155. 1017. 1947. 2235.  923. 1872. 2237.  926.
 1883. 2154. 1018. 2144. 2237.  926.]","[-16.035    4.609   65.561   -0.3052   0.       0.1221  -0.0786  -0.2827
   0.9619]",114
785,4,"[[-0.29051614 -0.30456226  0.32543774]
 [ 0.13936452 -0.31143871  0.31856129]
 [ 0.27095409 -0.18528001  0.44471999]
 [-0.27095409  0.18528001 -0.44471999]
 [ 0.29051614  0.30456226 -0.32543774]
 [-0.13936452  0.31143871 -0.31856129]]","[2237. 2246.  925. 2224. 2168. 1003. 1957. 2251.  920. 1858. 2246.  925.
 1871. 2168. 1003. 2138. 2251.  920.]","[2228. 2239.  927. 2214. 2158. 1014. 1950. 2235.  923. 1871. 2237.  927.
 1880. 2158. 1014. 2142. 2237.  926.]","[-1.6051e+01  4.6140e+00  6.5561e+01 -3.0520e-01  0.0000e+00  6.1000e-02
 -7.4200e-02 -2.7930e-01  9.4820e-01]",114
786,4,"[[-0.29216506 -0.30390723  0.32609277]
 [ 0.13474379 -0.31174917  0.31825083]
 [ 0.27505756 -0.19267943  0.43732057]
 [-0.27505756  0.19267943 -0.43732057]
 [ 0.29216506  0.30390723 -0.32609277]
 [-0.13474379  0.31174917 -0.31825083]]","[2238. 2246.  925. 2227. 2173.  998. 1960. 2251.  920. 1857. 2246.  925.
 1868. 2173.  998. 2135. 2251.  920.]","[2229. 2238.  927. 2218. 2162. 1010. 1953. 2235.  923. 1869. 2237.  927.
 1877. 2161. 1010. 2140. 2237.  926.]","[-16.073    4.62    65.561   -0.6104   0.1221   0.      -0.0762  -0.2754
   0.9468]",114
787,4,"[[-0.29369906 -0.30324962  0.32675038]
 [ 0.13007764 -0.31205456  0.31794544]
 [ 0.27887048 -0.20034085  0.42965915]
 [-0.27887048  0.20034085 -0.42965915]
 [ 0.29369906  0.30324962 -0.32675038]
 [-0.13007764  0.31205456 -0.31794544]]","[2239. 2245.  926. 2229. 2178.  993. 1963. 2251.  920. 1856. 2245.  926.
 1866. 2178.  993. 2132. 2251.  920.]","[2231. 2238.  928. 2222. 2168. 1005. 1957. 2236.  923. 1868. 2237.  927.
 1873. 2167. 1005. 2136. 2237.  925.]","[-1.6100e+01  4.6250e+00  6.5561e+01 -7.3240e-01  1.2210e-01  6.1000e-02
 -7.4700e-02 -2.7050e-01  9.5610e-01]",114
788,4,"[[-0.29511753 -0.30259025  0.32740975]
 [ 0.12536734 -0.31235478  0.31764522]
 [ 0.28239086 -0.20826341  0.42173659]
 [-0.28239086  0.20826341 -0.42173659]
 [ 0.29511753  0.30259025 -0.32740975]
 [-0.12536734  0.31235478 -0.31764522]]","[2240. 2245.  926. 2232. 2183.  988. 1966. 2251.  920. 1855. 2245.  926.
 1863. 2183.  988. 2129. 2251.  920.]","[2232. 2238.  928. 2224. 2172. 1000. 1960. 2236.  923. 1867. 2237.  928.
 1871. 2172. 1000. 2133. 2237.  925.]","[-16.128    4.631   65.561   -0.7935   0.1831   0.      -0.0771  -0.2759
   0.9517]",114
789,4,"[[-0.29641992 -0.30192989  0.32807011]
 [ 0.12061418 -0.31264972  0.31735028]
 [ 0.28561699 -0.21644605  0.41355395]
 [-0.28561699  0.21644605 -0.41355395]
 [ 0.29641992  0.30192989 -0.32807011]
 [-0.12061418  0.31264972 -0.31735028]]","[2241. 2244.  927. 2234. 2189.  982. 1969. 2251.  920. 1854. 2244.  927.
 1861. 2189.  982. 2126. 2251.  920.]","[2234. 2238.  928. 2227. 2176.  996. 1962. 2236.  923. 1866. 2237.  928.
 1869. 2175.  996. 2131. 2237.  924.]","[-16.172    4.642   65.561   -1.1597   0.1831   0.      -0.0859  -0.2744
   0.9482]",114
790,4,"[[-0.29760571 -0.30126931  0.32873069]
 [ 0.11581948 -0.3129393   0.3170607 ]
 [ 0.28854746 -0.22488744  0.40511256]
 [-0.28854746  0.22488744 -0.40511256]
 [ 0.29760571  0.30126931 -0.32873069]
 [-0.11581948  0.3129393  -0.3170607 ]]","[2242. 2244.  927. 2236. 2194.  977. 1972. 2252.  919. 1853. 2244.  927.
 1859. 2194.  977. 2123. 2252.  919.]","[2235. 2237.  929. 2229. 2181.  991. 1965. 2236.  923. 1865. 2237.  928.
 1866. 2181.  993. 2127. 2237.  924.]","[-16.221    4.647   65.561   -1.2207   0.1221   0.1221  -0.0835  -0.2744
   0.9497]",114
791,4,"[[-0.29867444 -0.3006093   0.3293907 ]
 [ 0.11098456 -0.31322342  0.31677658]
 [ 0.29118112 -0.23358606  0.39641394]
 [-0.29118112  0.23358606 -0.39641394]
 [ 0.29867444  0.3006093  -0.3293907 ]
 [-0.11098456  0.31322342 -0.31677658]]","[2242. 2243.  928. 2237. 2200.  971. 1975. 2252.  919. 1853. 2243.  928.
 1858. 2200.  971. 2120. 2252.  919.]","[2237. 2237.  929. 2231. 2186.  986. 1968. 2237.  923. 1863. 2237.  929.
 1864. 2184.  990. 2125. 2238.  925.]","[-16.26     4.658   65.572   -1.1597   0.1221   0.1831  -0.0747  -0.2915
   0.9624]",114
792,4,"[[-0.29962568 -0.29995059  0.33004941]
 [ 0.10611078 -0.31350198  0.31649802]
 [ 0.29351712 -0.24254013  0.38745987]
 [-0.29351712  0.24254013 -0.38745987]
 [ 0.29962568  0.29995059 -0.33004941]
 [-0.10611078  0.31350198 -0.31649802]]","[2243. 2243.  928. 2239. 2206.  965. 1978. 2252.  919. 1852. 2243.  928.
 1856. 2206.  965. 2117. 2252.  919.]","[2238. 2237.  929. 2234. 2192.  981. 1971. 2238.  922. 1862. 2237.  929.
 1862. 2187.  985. 2121. 2239.  924.]","[-1.6309e+01  4.6580e+00  6.5566e+01 -1.4648e+00  6.1000e-02 -6.1000e-02
 -7.9100e-02 -2.9200e-01  9.3410e-01]",114
793,4,"[[-0.30045907 -0.29929392  0.33070608]
 [ 0.10119952 -0.31377491  0.31622509]
 [ 0.29555485 -0.25174766  0.37825234]
 [-0.29555485  0.25174766 -0.37825234]
 [ 0.30045907  0.29929392 -0.33070608]
 [-0.10119952  0.31377491 -0.31622509]]","[2243. 2243.  928. 2240. 2212.  959. 1982. 2252.  919. 1852. 2243.  928.
 1855. 2212.  959. 2113. 2252.  919.]","[2239. 2236.  929. 2235. 2197.  978. 1973. 2240.  922. 1861. 2236.  929.
 1860. 2191.  980. 2119. 2239.  925.]","[-16.37     4.658   65.566   -2.0752   0.3052   0.      -0.085   -0.2866
   0.9434]",114
794,4,"[[-0.30117428 -0.29864003  0.33135997]
 [ 0.09625217 -0.31404211  0.31595789]
 [ 0.29729402 -0.26120643  0.36879357]
 [-0.29729402  0.26120643 -0.36879357]
 [ 0.30117428  0.29864003 -0.33135997]
 [-0.09625217  0.31404211 -0.31595789]]","[2244. 2242.  929. 2241. 2218.  953. 1985. 2252.  919. 1851. 2242.  929.
 1854. 2218.  953. 2110. 2252.  919.]","[2240. 2236.  930. 2237. 2197.  973. 1976. 2241.  922. 1860. 2236.  929.
 1859. 2196.  974. 2115. 2239.  924.]","[-1.6458e+01  4.6750e+00  6.5561e+01 -2.4414e+00  2.4410e-01  6.1000e-02
 -7.0800e-02 -2.8320e-01  9.5650e-01]",114
795,4,"[[-0.30177105 -0.29798961  0.33201039]
 [ 0.09127015 -0.31430351  0.31569649]
 [ 0.29873455 -0.27091398  0.35908602]
 [-0.29873455  0.27091398 -0.35908602]
 [ 0.30177105  0.29798961 -0.33201039]
 [-0.09127015  0.31430351 -0.31569649]]","[2244. 2242.  929. 2242. 2224.  947. 1988. 2252.  919. 1851. 2242.  929.
 1853. 2224.  947. 2107. 2252.  919.]","[2241. 2236.  931. 2238. 2203.  967. 1978. 2243.  921. 1859. 2236.  930.
 1858. 2201.  970. 2113. 2240.  924.]","[-1.6551e+01  4.6800e+00  6.5561e+01 -2.0752e+00  0.0000e+00 -2.4410e-01
 -5.8600e-02 -2.8660e-01  9.8780e-01]",114
796,4,"[[-0.30224923 -0.29734338  0.33265662]
 [ 0.08625489 -0.31455902  0.31544098]
 [ 0.29987667 -0.28086762  0.34913238]
 [-0.29987667  0.28086762 -0.34913238]
 [ 0.30224923  0.29734338 -0.33265662]
 [-0.08625489  0.31455902 -0.31544098]]","[2245. 2241.  930. 2243. 2231.  940. 1991. 2253.  918. 1850. 2241.  930.
 1852. 2231.  940. 2104. 2253.  918.]","[2242. 2235.  931. 2240. 2207.  963. 1981. 2243.  921. 1858. 2236.  930.
 1857. 2205.  966. 2110. 2240.  924.]","[-16.628    4.675   65.544   -1.8921   0.1831  -0.6104  -0.0962  -0.2949
   0.894 ]",114
797,4,"[[-0.30260912 -0.296702    0.333298  ]
 [ 0.08120781 -0.31480856  0.31519144]
 [ 0.30072082 -0.28696673  0.34303327]
 [-0.30072082  0.28696673 -0.34303327]
 [ 0.30260912  0.296702   -0.333298  ]
 [-0.08120781  0.31480856 -0.31519144]]","[2245. 2241.  930. 2244. 2235.  936. 1995. 2253.  918. 1850. 2241.  930.
 1851. 2235.  936. 2100. 2253.  918.]","[2243. 2235.  933. 2241. 2213.  957. 1987. 2245.  921. 1856. 2236.  931.
 1857. 2210.  961. 2106. 2240.  924.]","[-1.6710e+01  4.6800e+00  6.5517e+01 -2.1973e+00  4.8830e-01 -7.3240e-01
 -6.3500e-02 -3.0270e-01  1.0947e+00]",114
798,4,"[[-0.30285237 -0.29606615  0.33393385]
 [ 0.07613006 -0.31505205  0.31494795]
 [ 0.30126731 -0.28727984  0.34272016]
 [-0.30126731  0.28727984 -0.34272016]
 [ 0.30285237  0.29606615 -0.33393385]
 [-0.07613006  0.31505205 -0.31494795]]","[2245. 2241.  930. 2244. 2235.  936. 1998. 2253.  918. 1850. 2241.  930.
 1851. 2235.  936. 2097. 2253.  918.]","[2244. 2235.  933. 2241. 2215.  956. 1990. 2246.  921. 1855. 2236.  931.
 1857. 2213.  957. 2103. 2240.  924.]","[-16.771    4.675   65.479    0.2441  -0.1831  -1.2207  -0.0684  -0.3203
   0.9106]",114
799,4,"[[-0.30297774 -0.29543643  0.33456357]
 [ 0.07102078 -0.31528944  0.31471056]
 [ 0.30151629 -0.28760004  0.34239996]
 [-0.30151629  0.28760004 -0.34239996]
 [ 0.30297774  0.29543643 -0.33456357]
 [-0.07102078  0.31528944 -0.31471056]]","[2245. 2240.  931. 2244. 2235.  936. 2001. 2253.  918. 1850. 2240.  931.
 1851. 2235.  936. 2094. 2253.  918.]","[2244. 2235.  934. 2242. 2215.  955. 1992. 2246.  920. 1855. 2236.  931.
 1857. 2214.  956. 2100. 2240.  925.]","[-16.771    4.647   65.435   -0.2441  -0.1831  -1.4038  -0.083   -0.3237
   0.9072]",114
800,4,"[[-0.30288885 -0.29481315  0.33518685]
 [ 0.0658684  -0.31552063  0.31447937]
 [ 0.30153182 -0.28792706  0.34207294]
 [-0.30153182  0.28792706 -0.34207294]
 [ 0.30288885  0.29481315 -0.33518685]
 [-0.0658684   0.31552063 -0.31447937]]","[2245. 2240.  931. 2244. 2235.  936. 2005. 2253.  918. 1850. 2240.  931.
 1851. 2235.  936. 2090. 2253.  918.]","[2245. 2235.  935. 2242. 2216.  955. 1994. 2247.  920. 1855. 2236.  931.
 1857. 2214.  955. 2097. 2240.  925.]","[-16.787    4.625   65.385   -0.3052   0.      -0.9766  -0.0967  -0.3281
   0.9531]",114
801,4,"[[-0.30237735 -0.29419557  0.33580443]
 [ 0.06065264 -0.31574558  0.31425442]
 [ 0.30147729 -0.28825982  0.34174018]
 [-0.30147729  0.28825982 -0.34174018]
 [ 0.30237735  0.29419557 -0.33580443]
 [-0.06065264  0.31574558 -0.31425442]]","[2245. 2239.  932. 2244. 2235.  936. 2008. 2253.  918. 1850. 2239.  932.
 1851. 2235.  936. 2087. 2253.  918.]","[2246. 2235.  935. 2242. 2215.  955. 1999. 2247.  920. 1854. 2236.  931.
 1856. 2215.  954. 2094. 2240.  925.]","[-1.6809e+01  4.6140e+00  6.5352e+01 -6.1000e-02  0.0000e+00 -4.8830e-01
 -9.8600e-02 -3.1640e-01  9.2680e-01]",114
802,4,"[[-0.30141521 -0.29358369  0.33641631]
 [ 0.05536839 -0.31596423  0.31403577]
 [ 0.30139463 -0.28859726  0.34140274]
 [-0.30139463  0.28859726 -0.34140274]
 [ 0.30141521  0.29358369 -0.33641631]
 [-0.05536839  0.31596423 -0.31403577]]","[2244. 2239.  932. 2244. 2236.  935. 2011. 2253.  917. 1851. 2239.  932.
 1851. 2236.  935. 2084. 2253.  917.]","[2246. 2235.  935. 2242. 2216.  955. 2000. 2247.  920. 1854. 2236.  932.
 1856. 2214.  954. 2092. 2240.  924.]","[-1.6826e+01  4.6140e+00  6.5336e+01  0.0000e+00  6.1000e-02 -2.4410e-01
 -9.9600e-02 -3.1590e-01  9.4920e-01]",114
803,4,"[[-0.30000621 -0.2929783   0.3370217 ]
 [ 0.05001624 -0.31617652  0.31382348]
 [ 0.30127402 -0.28893903  0.34106097]
 [-0.30127402  0.28893903 -0.34106097]
 [ 0.30000621  0.2929783  -0.3370217 ]
 [-0.05001624  0.31617652 -0.31382348]]","[2243. 2238.  932. 2244. 2236.  935. 2015. 2254.  917. 1852. 2238.  932.
 1851. 2236.  935. 2080. 2254.  917.]","[2246. 2235.  935. 2242. 2216.  955. 2005. 2247.  920. 1854. 2236.  932.
 1856. 2214.  953. 2088. 2240.  924.]","[-1.6837e+01  4.6200e+00  6.5325e+01  6.1000e-02  6.1000e-02 -1.8310e-01
 -9.1300e-02 -3.0520e-01  9.4970e-01]",114
804,4,"[[-0.29815258 -0.29238012  0.33761988]
 [ 0.04459745 -0.3163824   0.3136176 ]
 [ 0.30110625 -0.28928492  0.34071508]
 [-0.30110625  0.28928492 -0.34071508]
 [ 0.29815258  0.29238012 -0.33761988]
 [-0.04459745  0.3163824  -0.3136176 ]]","[2242. 2238.  933. 2244. 2236.  935. 2018. 2254.  917. 1853. 2238.  933.
 1851. 2236.  935. 2077. 2254.  917.]","[2246. 2234.  935. 2242. 2216.  955. 2009. 2247.  919. 1854. 2236.  932.
 1856. 2214.  953. 2087. 2240.  924.]","[-16.842    4.625   65.319    0.1221   0.       0.      -0.0732  -0.2969
   0.9478]",114
805,4,"[[-0.29585707 -0.29178984  0.33821016]
 [ 0.03911355 -0.31658182  0.31341818]
 [ 0.30088577 -0.28963474  0.34036526]
 [-0.30088577  0.28963474 -0.34036526]
 [ 0.29585707  0.29178984 -0.33821016]
 [-0.03911355  0.31658182 -0.31341818]]","[2240. 2238.  933. 2244. 2236.  935. 2022. 2254.  917. 1855. 2238.  933.
 1851. 2236.  935. 2073. 2254.  917.]","[2245. 2234.  935. 2242. 2216.  955. 2012. 2248.  919. 1854. 2235.  933.
 1856. 2215.  953. 2085. 2240.  924.]","[-1.6842e+01  4.6310e+00  6.5319e+01  1.2210e-01  0.0000e+00  1.2210e-01
 -6.3500e-02 -2.9000e-01  9.5460e-01]",114
806,4,"[[-0.29312308 -0.29120817  0.33879183]
 [ 0.03356625 -0.31677473  0.31322527]
 [ 0.30060919 -0.28998831  0.34001169]
 [-0.30060919  0.28998831 -0.34001169]
 [ 0.29312308  0.29120817 -0.33879183]
 [-0.03356625  0.31677473 -0.31322527]]","[2239. 2237.  934. 2243. 2237.  934. 2026. 2254.  917. 1856. 2237.  934.
 1852. 2237.  934. 2069. 2254.  917.]","[2244. 2233.  935. 2242. 2216.  955. 2016. 2248.  919. 1855. 2235.  933.
 1856. 2215.  953. 2082. 2240.  924.]","[-16.848    4.636   65.325    0.       0.       0.      -0.0684  -0.29
   0.9492]",114
807,4,"[[-0.28995467 -0.29063578  0.33936422]
 [ 0.02795741 -0.31696108  0.31303892]
 [ 0.30027404 -0.29034543  0.33965457]
 [-0.30027404  0.29034543 -0.33965457]
 [ 0.28995467  0.29063578 -0.33936422]
 [-0.02795741  0.31696108 -0.31303892]]","[2237. 2237.  934. 2243. 2237.  934. 2029. 2254.  917. 1858. 2237.  934.
 1852. 2237.  934. 2066. 2254.  917.]","[2243. 2233.  936. 2242. 2215.  954. 2020. 2248.  919. 1856. 2235.  933.
 1856. 2214.  953. 2078. 2239.  924.]","[-16.853    4.631   65.325    0.       0.      -0.1221  -0.0908  -0.292
   0.9517]",114
808,4,"[[-0.28635653 -0.29007335  0.33992665]
 [ 0.022289   -0.31714082  0.31285918]
 [ 0.29987828 -0.29070592  0.33929408]
 [-0.29987828  0.29070592 -0.33929408]
 [ 0.28635653  0.29007335 -0.33992665]
 [-0.022289    0.31714082 -0.31285918]]","[2234. 2237.  934. 2243. 2237.  934. 2033. 2254.  917. 1861. 2237.  934.
 1852. 2237.  934. 2062. 2254.  917.]","[2241. 2233.  936. 2242. 2216.  954. 2024. 2248.  919. 1857. 2235.  933.
 1856. 2215.  953. 2075. 2240.  923.]","[-1.6859e+01  4.6310e+00  6.5325e+01 -6.1000e-02  0.0000e+00  6.1000e-02
 -8.0600e-02 -2.9490e-01  9.4340e-01]",114
809,4,"[[-0.28233398 -0.28952154  0.34047846]
 [ 0.01656316 -0.3173139   0.3126861 ]
 [ 0.29942001 -0.29106961  0.33893039]
 [-0.29942001  0.29106961 -0.33893039]
 [ 0.28233398  0.28952154 -0.34047846]
 [-0.01656316  0.3173139  -0.3126861 ]]","[2232. 2236.  935. 2243. 2237.  934. 2037. 2254.  917. 1863. 2236.  935.
 1852. 2237.  934. 2058. 2254.  917.]","[2239. 2233.  936. 2242. 2216.  954. 2027. 2248.  919. 1859. 2234.  933.
 1857. 2215.  953. 2071. 2240.  923.]","[-1.6864e+01  4.6310e+00  6.5325e+01 -1.2210e-01 -6.1000e-02  0.0000e+00
 -6.7900e-02 -2.9490e-01  9.5650e-01]",114
810,4,"[[-0.277893   -0.28898103  0.34101897]
 [ 0.01078213 -0.31748027  0.31251973]
 [ 0.29889734 -0.29143633  0.33856367]
 [-0.29889734  0.29143633 -0.33856367]
 [ 0.277893    0.28898103 -0.34101897]
 [-0.01078213  0.31748027 -0.31251973]]","[2229. 2236.  935. 2242. 2237.  933. 2040. 2254.  917. 1866. 2236.  935.
 1853. 2237.  933. 2055. 2254.  917.]","[2238. 2233.  936. 2242. 2216.  954. 2030. 2248.  919. 1861. 2234.  934.
 1856. 2215.  953. 2067. 2240.  923.]","[-16.87     4.631   65.319    0.       0.      -0.2441  -0.0801  -0.3047
   0.9551]",114
811,4,"[[-0.27304017 -0.28845244  0.34154756]
 [ 0.00494828 -0.31763989  0.31236011]
 [ 0.29830842 -0.29180589  0.33819411]
 [-0.29830842  0.29180589 -0.33819411]
 [ 0.27304017  0.28845244 -0.34154756]
 [-0.00494828  0.31763989 -0.31236011]]","[2225. 2236.  935. 2242. 2238.  933. 2044. 2255.  916. 1870. 2236.  935.
 1853. 2238.  933. 2051. 2255.  916.]","[2236. 2232.  936. 2242. 2215.  954. 2033. 2247.  919. 1863. 2234.  934.
 1856. 2215.  953. 2064. 2240.  923.]","[-16.875    4.625   65.314    0.       0.      -0.1221  -0.0952  -0.3013
   0.9307]",114
812,4,"[[-0.26778268 -0.28793643  0.34206357]
 [-0.00093589 -0.3177927   0.3122073 ]
 [ 0.29765134 -0.29217812  0.33782188]
 [-0.29765134  0.29217812 -0.33782188]
 [ 0.26778268  0.28793643 -0.34206357]
 [ 0.00093589  0.3177927  -0.3122073 ]]","[2222. 2235.  936. 2242. 2238.  933. 2048. 2255.  916. 1873. 2235.  936.
 1853. 2238.  933. 2047. 2255.  916.]","[2234. 2232.  936. 2242. 2215.  954. 2037. 2248.  918. 1866. 2234.  934.
 1856. 2215.  953. 2060. 2240.  922.]","[-1.6880e+01  4.6310e+00  6.5314e+01 -1.2210e-01 -6.1000e-02  2.4410e-01
 -7.8100e-02 -3.0420e-01  9.6290e-01]",114
813,4,"[[-0.26212831 -0.28743363  0.34256637]
 [-0.00686776 -0.31793867  0.31206133]
 [ 0.29692419 -0.29255287  0.33744713]
 [-0.29692419  0.29255287 -0.33744713]
 [ 0.26212831  0.28743363 -0.34256637]
 [ 0.00686776  0.31793867 -0.31206133]]","[2218. 2235.  936. 2241. 2238.  933. 2052. 2255.  916. 1877. 2235.  936.
 1854. 2238.  933. 2043. 2255.  916.]","[2232. 2232.  937. 2242. 2216.  954. 2041. 2248.  918. 1868. 2234.  934.
 1856. 2215.  954. 2057. 2239.  922.]","[-1.6886e+01  4.6310e+00  6.5325e+01  0.0000e+00 -6.1000e-02  2.4410e-01
 -6.3000e-02 -2.9880e-01  9.5120e-01]",114
814,4,"[[-0.25608546 -0.28694463  0.34305537]
 [-0.01284459 -0.31807775  0.31192225]
 [ 0.29612503 -0.29292995  0.33707005]
 [-0.29612503  0.29292995 -0.33707005]
 [ 0.25608546  0.28694463 -0.34305537]
 [ 0.01284459  0.31807775 -0.31192225]]","[2214. 2235.  936. 2241. 2238.  933. 2056. 2255.  916. 1881. 2235.  936.
 1854. 2238.  933. 2039. 2255.  916.]","[2230. 2232.  937. 2242. 2216.  953. 2043. 2248.  918. 1870. 2233.  934.
 1856. 2215.  953. 2055. 2240.  922.]","[-1.6891e+01  4.6310e+00  6.5336e+01  6.1000e-02 -6.1000e-02  1.2210e-01
 -8.0600e-02 -2.9790e-01  9.4970e-01]",114
815,4,"[[-0.24966307 -0.27450852  0.35549148]
 [-0.01886351 -0.31820989  0.31179011]
 [ 0.2952519  -0.29330922  0.33669078]
 [-0.2952519   0.29330922 -0.33669078]
 [ 0.24966307  0.27450852 -0.35549148]
 [ 0.01886351  0.31820989 -0.31179011]]","[2210. 2226.  945. 2240. 2239.  932. 2060. 2255.  916. 1885. 2226.  945.
 1855. 2239.  932. 2035. 2255.  916.]","[2227. 2231.  938. 2242. 2216.  952. 2048. 2249.  918. 1873. 2233.  935.
 1857. 2215.  953. 2050. 2239.  922.]","[-1.6886e+01  4.6310e+00  6.5341e+01  1.2210e-01  0.0000e+00  6.1000e-02
 -7.3700e-02 -2.8370e-01  9.4630e-01]",114
816,4,"[[-0.24287066 -0.25918942  0.37081058]
 [-0.02492152 -0.31833505  0.31166495]
 [ 0.29430283 -0.2936905   0.3363095 ]
 [-0.29430283  0.2936905  -0.3363095 ]
 [ 0.24287066  0.25918942 -0.37081058]
 [ 0.02492152  0.31833505 -0.31166495]]","[2206. 2216.  955. 2239. 2239.  932. 2064. 2255.  916. 1889. 2216.  955.
 1856. 2239.  932. 2031. 2255.  916.]","[2225. 2227.  940. 2241. 2216.  953. 2050. 2248.  918. 1875. 2231.  936.
 1857. 2215.  953. 2048. 2240.  922.]","[-16.886    4.625   65.336    0.       0.      -0.1221  -0.0859  -0.2847
   0.9575]",114
817,4,"[[-0.23571831 -0.24438954  0.38561046]
 [-0.03101554 -0.31845318  0.31154682]
 [ 0.29327583 -0.29407364  0.33592636]
 [-0.29327583  0.29407364 -0.33592636]
 [ 0.23571831  0.24438954 -0.38561046]
 [ 0.03101554  0.31845318 -0.31154682]]","[2201. 2207.  964. 2239. 2239.  932. 2068. 2255.  916. 1894. 2207.  964.
 1856. 2239.  932. 2027. 2255.  916.]","[2220. 2223.  940. 2241. 2215.  952. 2053. 2248.  918. 1880. 2228.  940.
 1857. 2215.  952. 2045. 2240.  922.]","[-1.6886e+01  4.6250e+00  6.5330e+01  0.0000e+00 -6.1000e-02 -2.4410e-01
 -9.3300e-02 -2.8710e-01  9.3950e-01]",114
818,4,"[[-0.22821661 -0.23012744  0.39987256]
 [-0.03714233 -0.31856425  0.31143575]
 [ 0.2921689  -0.29445849  0.33554151]
 [-0.2921689   0.29445849 -0.33554151]
 [ 0.22821661  0.23012744 -0.39987256]
 [ 0.03714233  0.31856425 -0.31143575]]","[2196. 2198.  973. 2238. 2239.  932. 2072. 2255.  916. 1899. 2198.  973.
 1857. 2239.  932. 2023. 2255.  916.]","[2217. 2216.  945. 2240. 2216.  952. 2056. 2248.  919. 1884. 2223.  946.
 1858. 2215.  951. 2041. 2240.  922.]","[-16.897    4.609   65.319   -0.4272  -0.4272  -0.3662  -0.0752  -0.2715
   0.9102]",114
819,4,"[[-0.22037667 -0.21642115  0.41357885]
 [-0.04329856 -0.31866821  0.31133179]
 [ 0.29098005 -0.29484488  0.33515512]
 [-0.29098005  0.29484488 -0.33515512]
 [ 0.22037667  0.21642115 -0.41357885]
 [ 0.04329856  0.31866821 -0.31133179]]","[2191. 2189.  982. 2237. 2240.  931. 2076. 2255.  916. 1904. 2189.  982.
 1858. 2240.  931. 2019. 2255.  916.]","[2212. 2210.  954. 2240. 2216.  951. 2060. 2248.  919. 1889. 2216.  955.
 1858. 2214.  950. 2038. 2239.  922.]","[-16.919    4.587   65.308   -0.6714  -0.7324  -0.4272  -0.1006  -0.2832
   1.0103]",114
820,4,"[[-0.21221012 -0.20328812  0.42671188]
 [-0.04948079 -0.31876501  0.31123499]
 [ 0.28970727 -0.29523267  0.33476733]
 [-0.28970727  0.29523267 -0.33476733]
 [ 0.21221012  0.20328812 -0.42671188]
 [ 0.04948079  0.31876501 -0.31123499]]","[2186. 2180.  991. 2236. 2240.  931. 2080. 2255.  916. 1909. 2180.  991.
 1859. 2240.  931. 2015. 2255.  916.]","[2205. 2202.  963. 2239. 2215.  949. 2064. 2247.  919. 1894. 2208.  963.
 1859. 2215.  949. 2034. 2239.  922.]","[-1.6946e+01  4.5540e+00  6.5297e+01 -8.5450e-01 -7.3240e-01 -7.3240e-01
 -3.9100e-02 -2.3290e-01  8.9600e-01]",114
821,4,"[[-0.20372907 -0.1907452   0.4392548 ]
 [-0.05568544 -0.31885463  0.31114537]
 [ 0.28834858 -0.2956217   0.3343783 ]
 [-0.28834858  0.2956217  -0.3343783 ]
 [ 0.20372907  0.1907452  -0.4392548 ]
 [ 0.05568544  0.31885463 -0.31114537]]","[2180. 2172.  999. 2235. 2240.  931. 2084. 2255.  916. 1915. 2172.  999.
 1860. 2240.  931. 2011. 2255.  916.]","[2199. 2199.  972. 2237. 2215.  948. 2068. 2247.  919. 1899. 2200.  973.
 1860. 2214.  949. 2030. 2240.  922.]","[-16.985    4.504   65.264   -1.4648  -1.0986  -1.5259  -0.0869  -0.2637
   0.9121]",114
822,4,"[[-0.19494608 -0.17880864  0.45119136]
 [-0.06190886 -0.31893701  0.31106299]
 [ 0.286902   -0.29601183  0.33398817]
 [-0.286902    0.29601183 -0.33398817]
 [ 0.19494608  0.17880864 -0.45119136]
 [ 0.06190886  0.31893701 -0.31106299]]","[2175. 2164. 1007. 2235. 2240.  930. 2088. 2255.  916. 1920. 2164. 1007.
 1860. 2240.  930. 2007. 2255.  916.]","[2193. 2192.  981. 2236. 2215.  948. 2072. 2247.  919. 1906. 2191.  981.
 1861. 2216.  948. 2025. 2240.  922.]","[-17.045    4.444   65.231   -2.0752  -1.4648  -0.9155  -0.147   -0.2739
   1.0049]",114
823,4,"[[-0.18587416 -0.16749402  0.46250598]
 [-0.06814727 -0.31901213  0.31098787]
 [ 0.28536556 -0.29640292  0.33359708]
 [-0.28536556  0.29640292 -0.33359708]
 [ 0.18587416  0.16749402 -0.46250598]
 [ 0.06814727  0.31901213 -0.31098787]]","[2169. 2157. 1014. 2234. 2241.  930. 2092. 2255.  916. 1926. 2157. 1014.
 1861. 2241.  930. 2003. 2255.  916.]","[2186. 2183.  990. 2234. 2215.  948. 2076. 2246.  919. 1910. 2183.  990.
 1862. 2217.  947. 2020. 2240.  922.]","[-17.106    4.395   65.253   -1.6479  -1.709    0.9766  -0.1016  -0.2656
   0.9888]",114
824,4,"[[-0.17652677 -0.15681629  0.47318371]
 [-0.07439681 -0.31907994  0.31092006]
 [ 0.28373731 -0.29679481  0.33320519]
 [-0.28373731  0.29679481 -0.33320519]
 [ 0.17652677  0.15681629 -0.47318371]
 [ 0.07439681  0.31907994 -0.31092006]]","[2163. 2150. 1021. 2232. 2241.  930. 2096. 2256.  915. 1932. 2150. 1021.
 1863. 2241.  930. 1999. 2256.  915.]","[2180. 2175.  998. 2233. 2215.  948. 2081. 2246.  918. 1915. 2175.  998.
 1863. 2219.  946. 2016. 2241.  922.]","[-1.7150e+01  4.3620e+00  6.5314e+01 -1.7090e+00 -1.4038e+00  1.2207e+00
 -3.9600e-02 -2.8710e-01  9.4780e-01]",114
825,4,"[[-0.16691776 -0.14678967  0.48321033]
 [-0.08065349 -0.31914041  0.31085959]
 [ 0.28201534 -0.29718737  0.33281263]
 [-0.28201534  0.29718737 -0.33281263]
 [ 0.16691776  0.14678967 -0.48321033]
 [ 0.08065349  0.31914041 -0.31085959]]","[2156. 2143. 1028. 2231. 2241.  930. 2100. 2256.  915. 1939. 2143. 1028.
 1864. 2241.  930. 1995. 2256.  915.]","[2174. 2168. 1006. 2232. 2215.  947. 2085. 2246.  919. 1920. 2167. 1006.
 1864. 2220.  944. 2012. 2242.  922.]","[-1.7205e+01  4.3340e+00  6.5341e+01 -1.5869e+00 -8.5450e-01  0.0000e+00
 -3.8600e-02 -3.3740e-01  9.8190e-01]",114
826,4,"[[-0.15706136 -0.13742769  0.49257231]
 [-0.08691327 -0.3191935   0.3108065 ]
 [ 0.28019775 -0.29758045  0.33241955]
 [-0.28019775  0.29758045 -0.33241955]
 [ 0.15706136  0.13742769 -0.49257231]
 [ 0.08691327  0.3191935  -0.3108065 ]]","[2150. 2137. 1034. 2230. 2241.  929. 2104. 2256.  915. 1945. 2137. 1034.
 1865. 2241.  929. 1991. 2256.  915.]","[2166. 2160. 1013. 2231. 2215.  946. 2088. 2246.  919. 1927. 2160. 1013.
 1865. 2220.  944. 2008. 2243.  922.]","[-1.7238e+01  4.3120e+00  6.5319e+01 -9.1550e-01 -1.2210e-01 -8.5450e-01
 -4.3500e-02 -3.5400e-01  9.6090e-01]",114
827,4,"[[-0.1469722  -0.12874316  0.50125684]
 [-0.09317196 -0.31923918  0.31076082]
 [ 0.2782827  -0.29797391  0.33202609]
 [-0.2782827   0.29797391 -0.33202609]
 [ 0.1469722   0.12874316 -0.50125684]
 [ 0.09317196  0.31923918 -0.31076082]]","[2143. 2131. 1040. 2229. 2242.  929. 2108. 2256.  915. 1952. 2131. 1040.
 1866. 2242.  929. 1987. 2256.  915.]","[2159. 2153. 1020. 2230. 2215.  945. 2092. 2246.  919. 1933. 2153. 1020.
 1866. 2220.  944. 2005. 2242.  922.]","[-1.7260e+01  4.2960e+00  6.5275e+01 -1.2210e-01  1.2210e-01 -1.0986e+00
 -5.8100e-02 -3.6330e-01  9.1990e-01]",114
828,4,"[[-0.1366652  -0.12074811  0.50925189]
 [-0.09942535 -0.31927741  0.31072259]
 [ 0.27626836 -0.29836762  0.33163238]
 [-0.27626836  0.29836762 -0.33163238]
 [ 0.1366652   0.12074811 -0.50925189]
 [ 0.09942535  0.31927741 -0.31072259]]","[2137. 2126. 1045. 2228. 2242.  929. 2112. 2256.  915. 1958. 2126. 1045.
 1867. 2242.  929. 1983. 2256.  915.]","[2154. 2146. 1026. 2229. 2215.  945. 2095. 2246.  919. 1939. 2146. 1026.
 1868. 2220.  944. 2001. 2243.  922.]","[-17.271    4.279   65.248    0.      -0.1221  -0.6104  -0.0791  -0.354
   0.9365]",114
829,4,"[[-0.12615567 -0.11345382  0.51654618]
 [-0.10566909 -0.31930817  0.31069183]
 [ 0.27415296 -0.29876143  0.33123857]
 [-0.27415296  0.29876143 -0.33123857]
 [ 0.12615567  0.11345382 -0.51654618]
 [ 0.10566909  0.31930817 -0.31069183]]","[2130. 2121. 1050. 2226. 2242.  929. 2116. 2256.  915. 1965. 2121. 1050.
 1869. 2242.  929. 1979. 2256.  915.]","[2150. 2139. 1033. 2228. 2215.  944. 2099. 2246.  919. 1945. 2140. 1033.
 1869. 2220.  944. 1998. 2243.  922.]","[-17.276    4.268   65.242    0.1221  -0.1831  -0.1221  -0.0708  -0.3262
   0.9419]",114
830,4,"[[-0.11545916 -0.10687077  0.52312923]
 [-0.11189878 -0.31933143  0.31066857]
 [ 0.2719348  -0.29915522  0.33084478]
 [-0.2719348   0.29915522 -0.33084478]
 [ 0.11545916  0.10687077 -0.52312923]
 [ 0.11189878  0.31933143 -0.31066857]]","[2123. 2117. 1054. 2225. 2243.  928. 2120. 2256.  915. 1972. 2117. 1054.
 1870. 2243.  928. 1975. 2256.  915.]","[2144. 2133. 1039. 2226. 2215.  944. 2102. 2246.  919. 1951. 2134. 1038.
 1870. 2220.  944. 1994. 2243.  922.]","[-1.7281e+01  4.2630e+00  6.5237e+01  2.4410e-01 -6.1000e-02 -1.8310e-01
 -8.5900e-02 -3.0910e-01  9.4870e-01]",114
831,4,"[[-0.10459153 -0.10100864  0.52899136]
 [-0.11810993 -0.31934723  0.31065277]
 [ 0.26961219 -0.29954884  0.33045116]
 [-0.26961219  0.29954884 -0.33045116]
 [ 0.10459153  0.10100864 -0.52899136]
 [ 0.11810993  0.31934723 -0.31065277]]","[2116. 2113. 1058. 2223. 2243.  928. 2124. 2256.  915. 1979. 2113. 1058.
 1872. 2243.  928. 1971. 2256.  915.]","[2134. 2127. 1046. 2225. 2216.  944. 2106. 2246.  919. 1962. 2127. 1045.
 1872. 2220.  943. 1989. 2243.  922.]","[-1.7287e+01  4.2570e+00  6.5226e+01  6.1000e-02  0.0000e+00 -1.8310e-01
 -8.9400e-02 -2.9790e-01  9.3950e-01]",114
832,4,"[[-0.0935689  -0.09587627  0.53412373]
 [-0.124298   -0.31935575  0.31064425]
 [ 0.26718354 -0.29994217  0.33005783]
 [-0.26718354  0.29994217 -0.33005783]
 [ 0.0935689   0.09587627 -0.53412373]
 [ 0.124298    0.31935575 -0.31064425]]","[2108. 2110. 1061. 2222. 2243.  928. 2129. 2256.  915. 1987. 2110. 1061.
 1873. 2243.  928. 1966. 2256.  915.]","[2129. 2124. 1049. 2224. 2215.  944. 2108. 2246.  919. 1965. 2124. 1048.
 1873. 2220.  942. 1985. 2243.  922.]","[-1.7298e+01  4.2570e+00  6.5220e+01 -6.1000e-02 -1.2210e-01 -1.2210e-01
 -8.2000e-02 -2.9590e-01  9.4630e-01]",114
833,4,"[[-0.08240759 -0.09148167  0.53851833]
 [-0.13045837 -0.31935668  0.31064332]
 [ 0.2646473  -0.30033507  0.32966493]
 [-0.2646473   0.30033507 -0.32966493]
 [ 0.08240759  0.09148167 -0.53851833]
 [ 0.13045837  0.31935668 -0.31064332]]","[2101. 2107. 1064. 2220. 2243.  928. 2133. 2256.  915. 1994. 2107. 1064.
 1875. 2243.  928. 1962. 2256.  915.]","[2122. 2119. 1053. 2223. 2215.  944. 2112. 2246.  919. 1972. 2119. 1052.
 1874. 2220.  941. 1982. 2243.  922.]","[-17.309    4.252   65.209   -0.1221   0.      -0.4883  -0.0684  -0.2876
   0.9624]",114
834,4,"[[-0.07112414 -0.087832    0.542168  ]
 [-0.13658635 -0.31934157  0.31065843]
 [ 0.26200201 -0.30072741  0.32927259]
 [-0.26200201  0.30072741 -0.32927259]
 [ 0.07112414  0.087832   -0.542168  ]
 [ 0.13658635  0.31934157 -0.31065843]]","[2094. 2105. 1066. 2218. 2244.  927. 2137. 2256.  915. 2001. 2105. 1066.
 1877. 2244.  927. 1958. 2256.  915.]","[2115. 2116. 1057. 2221. 2215.  944. 2116. 2246.  919. 1979. 2116. 1057.
 1876. 2220.  940. 1977. 2243.  922.]","[-17.314    4.252   65.171    0.       0.3052  -0.9155  -0.0801  -0.2944
   0.9551]",114
835,4,"[[-0.05973529 -0.08493354  0.54506646]
 [-0.14267721 -0.31929423  0.31070577]
 [ 0.25924626 -0.30111906  0.32888094]
 [-0.25924626  0.30111906 -0.32888094]
 [ 0.05973529  0.08493354 -0.54506646]
 [ 0.14267721  0.31929423 -0.31070577]]","[2086. 2103. 1068. 2217. 2244.  927. 2141. 2256.  915. 2009. 2103. 1068.
 1878. 2244.  927. 1954. 2256.  915.]","[2107. 2113. 1060. 2219. 2215.  944. 2120. 2246.  919. 1987. 2113. 1060.
 1878. 2220.  938. 1973. 2243.  923.]","[-17.325    4.252   65.138   -0.1221   0.1831  -0.9155  -0.0669  -0.2993
   0.9336]",114
836,4,"[[-0.0482579  -0.08279169  0.54720831]
 [-0.14872616 -0.31921593  0.31078407]
 [ 0.25637873 -0.30150988  0.32849012]
 [-0.25637873  0.30150988 -0.32849012]
 [ 0.0482579   0.08279169 -0.54720831]
 [ 0.14872616  0.31921593 -0.31078407]]","[2079. 2101. 1069. 2215. 2244.  927. 2144. 2256.  915. 2016. 2101. 1069.
 1880. 2244.  927. 1951. 2256.  915.]","[2097. 2109. 1064. 2217. 2215.  944. 2125. 2246.  919. 1997. 2109. 1064.
 1881. 2220.  938. 1967. 2243.  922.]","[-17.336    4.246   65.099   -0.1831   0.      -0.7935  -0.0781  -0.3047
   0.9648]",114
837,4,"[[-0.036709   -0.08141123  0.54858877]
 [-0.15472837 -0.3191095   0.3108905 ]
 [ 0.2533982  -0.30189975  0.32810025]
 [-0.2533982   0.30189975 -0.32810025]
 [ 0.036709    0.08141123 -0.54858877]
 [ 0.15472837  0.3191095  -0.3108905 ]]","[2071. 2101. 1070. 2213. 2244.  927. 2148. 2256.  915. 2024. 2101. 1070.
 1882. 2244.  927. 1947. 2256.  915.]","[2090. 2107. 1066. 2215. 2215.  944. 2128. 2246.  919. 2004. 2107. 1066.
 1882. 2220.  938. 1964. 2243.  922.]","[-1.7342e+01  4.2410e+00  6.5083e+01 -6.1000e-02  6.1000e-02 -3.6620e-01
 -6.2000e-02 -2.9690e-01  9.4630e-01]",114
838,4,"[[-0.02510569 -0.08080043  0.54919957]
 [-0.16067897 -0.31897572  0.31102428]
 [ 0.2503035  -0.30228854  0.32771146]
 [-0.2503035   0.30228854 -0.32771146]
 [ 0.02510569  0.08080043 -0.54919957]
 [ 0.16067897  0.31897572 -0.31102428]]","[2064. 2100. 1071. 2211. 2245.  926. 2152. 2255.  916. 2031. 2100. 1071.
 1884. 2245.  926. 1943. 2255.  916.]","[2083. 2105. 1067. 2213. 2215.  944. 2131. 2246.  919. 2011. 2105. 1067.
 1884. 2220.  937. 1960. 2243.  922.]","[-1.7347e+01  4.2350e+00  6.5078e+01 -6.1000e-02 -1.2210e-01 -6.1000e-02
 -6.4000e-02 -3.0220e-01  9.4580e-01]",114
839,4,"[[-0.01346517 -0.08097484  0.54902516]
 [-0.16657304 -0.31881508  0.31118492]
 [ 0.24709358 -0.30267613  0.32732387]
 [-0.24709358  0.30267613 -0.32732387]
 [ 0.01346517  0.08097484 -0.54902516]
 [ 0.16657304  0.31881508 -0.31118492]]","[2056. 2100. 1071. 2209. 2245.  926. 2156. 2255.  916. 2039. 2100. 1071.
 1886. 2245.  926. 1939. 2255.  916.]","[2076. 2104. 1069. 2211. 2215.  943. 2134. 2246.  919. 2019. 2104. 1069.
 1886. 2220.  937. 1956. 2244.  922.]","[-1.7353e+01  4.2300e+00  6.5083e+01 -1.8310e-01 -2.4410e-01  6.1000e-02
 -7.0800e-02 -3.0570e-01  9.5310e-01]",114
840,4,"[[-0.00180469 -0.08147287  0.54852713]
 [-0.17240565 -0.31862806  0.31137194]
 [ 0.24376748 -0.30306237  0.32693763]
 [-0.24376748  0.30306237 -0.32693763]
 [ 0.00180469  0.08147287 -0.54852713]
 [ 0.17240565  0.31862806 -0.31137194]]","[2049. 2101. 1070. 2206. 2245.  926. 2160. 2255.  916. 2046. 2101. 1070.
 1889. 2245.  926. 1935. 2255.  916.]","[2067. 2104. 1069. 2209. 2215.  942. 2137. 2247.  919. 2026. 2103. 1069.
 1889. 2221.  936. 1952. 2244.  922.]","[-17.358    4.224   65.089   -0.1221  -0.1831   0.1221  -0.0728  -0.3086
   0.9453]",114
841,4,"[[ 0.00985846 -0.08194504  0.54805496]
 [-0.17817184 -0.31841518  0.31158482]
 [ 0.24032435 -0.30344715  0.32655285]
 [-0.24032435  0.30344715 -0.32655285]
 [-0.00985846  0.08194504 -0.54805496]
 [ 0.17817184  0.31841518 -0.31158482]]","[2041. 2101. 1070. 2204. 2245.  926. 2164. 2255.  916. 2054. 2101. 1070.
 1891. 2245.  926. 1931. 2255.  916.]","[2063. 2104. 1069. 2207. 2215.  942. 2140. 2246.  919. 2032. 2103. 1069.
 1891. 2223.  936. 1949. 2244.  922.]","[-1.7369e+01  4.2130e+00  6.5089e+01 -1.8310e-01 -1.2210e-01 -6.1000e-02
 -6.6400e-02 -3.1250e-01  9.4090e-01]",114
842,4,"[[ 0.021507   -0.08254554  0.54745446]
 [-0.18386661 -0.31817697  0.31182303]
 [ 0.23676342 -0.30383033  0.32616967]
 [-0.23676342  0.30383033 -0.32616967]
 [-0.021507    0.08254554 -0.54745446]
 [ 0.18386661  0.31817697 -0.31182303]]","[2033. 2101. 1070. 2202. 2246.  925. 2167. 2255.  916. 2062. 2101. 1070.
 1893. 2246.  925. 1928. 2255.  916.]","[2055. 2104. 1069. 2205. 2215.  942. 2143. 2247.  919. 2039. 2103. 1069.
 1893. 2223.  936. 1944. 2244.  922.]","[-1.7386e+01  4.2020e+00  6.5067e+01 -2.4410e-01  0.0000e+00 -6.1040e-01
 -5.5700e-02 -3.1690e-01  9.5410e-01]",114
843,4,"[[ 0.03312367 -0.0833176   0.5466824 ]
 [-0.18948499 -0.317914    0.312086  ]
 [ 0.23308405 -0.3042118   0.3257882 ]
 [-0.23308405  0.3042118  -0.3257882 ]
 [-0.03312367  0.0833176  -0.5466824 ]
 [ 0.18948499  0.317914   -0.312086  ]]","[2026. 2102. 1069. 2199. 2246.  925. 2171. 2255.  916. 2069. 2102. 1069.
 1896. 2246.  925. 1924. 2255.  916.]","[2048. 2103. 1069. 2203. 2215.  942. 2147. 2247.  919. 2046. 2103. 1069.
 1895. 2224.  935. 1940. 2245.  922.]","[-17.397    4.197   65.023   -0.1831   0.1831  -0.9766  -0.0728  -0.3071
   0.9502]",114
844,4,"[[ 0.04469124 -0.08427416  0.54572584]
 [-0.19502196 -0.31762684  0.31237316]
 [ 0.2292857  -0.30459142  0.32540858]
 [-0.2292857   0.30459142 -0.32540858]
 [-0.04469124  0.08427416 -0.54572584]
 [ 0.19502196  0.31762684 -0.31237316]]","[2018. 2102. 1069. 2197. 2246.  925. 2175. 2255.  916. 2077. 2102. 1069.
 1898. 2246.  925. 1920. 2255.  916.]","[2040. 2103. 1069. 2201. 2215.  942. 2150. 2247.  919. 2054. 2103. 1069.
 1897. 2224.  934. 1937. 2245.  922.]","[-17.424    4.197   64.984   -0.4272   0.3052  -0.8545  -0.083   -0.3101
   0.936 ]",114
845,4,"[[ 0.05619258 -0.08542181  0.54457819]
 [-0.20047253 -0.31731611  0.31268389]
 [ 0.22536797 -0.30496907  0.32503093]
 [-0.22536797  0.30496907 -0.32503093]
 [-0.05619258  0.08542181 -0.54457819]
 [ 0.20047253  0.31731611 -0.31268389]]","[2011. 2103. 1068. 2194. 2246.  925. 2178. 2254.  917. 2084. 2103. 1068.
 1901. 2246.  925. 1917. 2254.  917.]","[2032. 2104. 1069. 2199. 2215.  942. 2155. 2246.  919. 2061. 2103. 1069.
 1900. 2224.  934. 1933. 2245.  922.]","[-17.446    4.191   64.962   -0.3662   0.      -0.6104  -0.0732  -0.313
   0.9453]",114
846,4,"[[ 0.06761064 -0.08676587  0.54323413]
 [-0.2058317  -0.31698243  0.31301757]
 [ 0.22133054 -0.30534461  0.32465539]
 [-0.22133054  0.30534461 -0.32465539]
 [-0.06761064  0.08676587 -0.54323413]
 [ 0.2058317   0.31698243 -0.31301757]]","[2003. 2104. 1067. 2192. 2247.  924. 2182. 2254.  917. 2092. 2104. 1067.
 1903. 2247.  924. 1913. 2254.  917.]","[2025. 2104. 1068. 2196. 2215.  942. 2158. 2247.  919. 2069. 2103. 1069.
 1902. 2224.  933. 1928. 2245.  922.]","[-17.457    4.186   64.951   -0.2441   0.      -0.3662  -0.0742  -0.3057
   0.9609]",114
847,4,"[[ 0.07892849 -0.08831137  0.54168863]
 [-0.21109449 -0.31662646  0.31337354]
 [ 0.21717324 -0.30571793  0.32428207]
 [-0.21717324  0.30571793 -0.32428207]
 [-0.07892849  0.08831137 -0.54168863]
 [ 0.21109449  0.31662646 -0.31337354]]","[1996. 2105. 1066. 2189. 2247.  924. 2185. 2254.  917. 2099. 2105. 1066.
 1906. 2247.  924. 1910. 2254.  917.]","[2017. 2104. 1067. 2194. 2215.  942. 2162. 2247.  919. 2076. 2104. 1068.
 1904. 2224.  933. 1925. 2245.  922.]","[-1.7463e+01  4.1860e+00  6.4940e+01  6.1000e-02  6.1000e-02 -1.2210e-01
 -6.5900e-02 -3.0030e-01  9.4780e-01]",114
848,4,"[[ 0.09012937 -0.09006325  0.53993675]
 [-0.21625593 -0.31624884  0.31375116]
 [ 0.21289602 -0.3060889   0.3239111 ]
 [-0.21289602  0.3060889  -0.3239111 ]
 [-0.09012937  0.09006325 -0.53993675]
 [ 0.21625593  0.31624884 -0.31375116]]","[1989. 2106. 1065. 2186. 2247.  924. 2188. 2254.  917. 2106. 2106. 1065.
 1909. 2247.  924. 1907. 2254.  917.]","[2010. 2104. 1067. 2192. 2215.  942. 2165. 2246.  919. 2084. 2104. 1067.
 1906. 2225.  933. 1921. 2245.  922.]","[-17.468    4.186   64.94    -0.1221   0.       0.      -0.0752  -0.3047
   0.9438]",114
849,4,"[[ 0.10119667 -0.09202641  0.53797359]
 [-0.22131108 -0.31585028  0.31414972]
 [ 0.20849897 -0.30645739  0.32354261]
 [-0.20849897  0.30645739 -0.32354261]
 [-0.10119667  0.09202641 -0.53797359]
 [ 0.22131108  0.31585028 -0.31414972]]","[1982. 2107. 1063. 2183. 2247.  924. 2192. 2253.  918. 2113. 2107. 1063.
 1912. 2247.  924. 1903. 2253.  918.]","[2002. 2105. 1066. 2189. 2215.  941. 2169. 2247.  919. 2092. 2105. 1067.
 1909. 2224.  933. 1918. 2245.  922.]","[-17.468    4.186   64.957    0.      -0.1221   0.2441  -0.0708  -0.3013
   0.9507]",114
850,4,"[[ 0.112114   -0.09420565  0.53579435]
 [-0.22625504 -0.31543147  0.31456853]
 [ 0.2039823  -0.30682328  0.32317672]
 [-0.2039823   0.30682328 -0.32317672]
 [-0.112114    0.09420565 -0.53579435]
 [ 0.22625504  0.31543147 -0.31456853]]","[1974. 2109. 1062. 2180. 2248.  923. 2195. 2253.  918. 2121. 2109. 1062.
 1915. 2248.  923. 1900. 2253.  918.]","[1995. 2106. 1065. 2186. 2215.  941. 2172. 2247.  919. 2098. 2106. 1065.
 1912. 2225.  933. 1914. 2245.  922.]","[-1.7474e+01  4.1800e+00  6.4968e+01 -1.2210e-01 -1.8310e-01  2.4410e-01
 -6.3000e-02 -3.0030e-01  9.4920e-01]",114
851,4,"[[ 0.12286516 -0.09660573  0.53339427]
 [-0.2310829  -0.31499312  0.31500688]
 [ 0.19934633 -0.30718643  0.32281357]
 [-0.19934633  0.30718643 -0.32281357]
 [-0.12286516  0.09660573 -0.53339427]
 [ 0.2310829   0.31499312 -0.31500688]]","[1967. 2110. 1060. 2177. 2248.  923. 2198. 2253.  918. 2128. 2110. 1060.
 1918. 2248.  923. 1897. 2253.  918.]","[1988. 2107. 1063. 2183. 2215.  941. 2175. 2247.  920. 2106. 2108. 1063.
 1915. 2225.  933. 1911. 2245.  922.]","[-1.7479e+01  4.1750e+00  6.4968e+01 -1.2210e-01 -1.2210e-01  6.1000e-02
 -6.4500e-02 -3.0860e-01  9.5210e-01]",114
852,4,"[[ 0.13343422 -0.09923132  0.53076868]
 [-0.23578986 -0.31453596  0.31546404]
 [ 0.19459158 -0.30754673  0.32245327]
 [-0.19459158  0.30754673 -0.32245327]
 [-0.13343422  0.09923132 -0.53076868]
 [ 0.23578986  0.31453596 -0.31546404]]","[1961. 2112. 1059. 2174. 2248.  923. 2201. 2253.  918. 2134. 2112. 1059.
 1921. 2248.  923. 1894. 2253.  918.]","[1980. 2109. 1061. 2180. 2215.  940. 2178. 2247.  920. 2114. 2109. 1062.
 1918. 2225.  932. 1907. 2245.  922.]","[-17.479    4.169   64.973    0.      -0.1221   0.      -0.0718  -0.3057
   0.9517]",114
853,4,"[[ 0.14380553 -0.10208698  0.52791302]
 [-0.24037113 -0.31406073  0.31593927]
 [ 0.18971865 -0.30790404  0.32209596]
 [-0.18971865  0.30790404 -0.32209596]
 [-0.14380553  0.10208698 -0.52791302]
 [ 0.24037113  0.31406073 -0.31593927]]","[1954. 2114. 1057. 2171. 2248.  923. 2204. 2252.  919. 2141. 2114. 1057.
 1924. 2248.  923. 1891. 2252.  919.]","[1972. 2111. 1060. 2176. 2215.  940. 2182. 2247.  920. 2122. 2110. 1060.
 1922. 2225.  932. 1903. 2245.  922.]","[-17.479    4.164   64.984    0.      -0.1221   0.2441  -0.0669  -0.3076
   0.9404]",114
854,4,"[[ 0.15396372 -0.10517719  0.52482281]
 [-0.24482199 -0.31356818  0.31643182]
 [ 0.18472832 -0.30825824  0.32174176]
 [-0.18472832  0.30825824 -0.32174176]
 [-0.15396372  0.10517719 -0.52482281]
 [ 0.24482199  0.31356818 -0.31643182]]","[1947. 2116. 1055. 2168. 2248.  923. 2207. 2252.  919. 2148. 2116. 1055.
 1927. 2248.  923. 1888. 2252.  919.]","[1966. 2112. 1059. 2174. 2215.  940. 2185. 2247.  920. 2127. 2112. 1059.
 1924. 2225.  932. 1901. 2245.  922.]","[-1.7479e+01  4.1580e+00  6.4995e+01 -6.1000e-02 -1.8310e-01  1.8310e-01
 -6.9800e-02 -3.0470e-01  9.4480e-01]",114
855,4,"[[ 0.16389371 -0.10850628  0.52149372]
 [-0.24913774 -0.31305909  0.31694091]
 [ 0.17962149 -0.30860921  0.32139079]
 [-0.17962149  0.30860921 -0.32139079]
 [-0.16389371  0.10850628 -0.52149372]
 [ 0.24913774  0.31305909 -0.31694091]]","[1941. 2118. 1053. 2165. 2249.  922. 2210. 2252.  919. 2154. 2118. 1053.
 1930. 2249.  922. 1885. 2252.  919.]","[1959. 2114. 1057. 2171. 2215.  940. 2188. 2247.  920. 2134. 2114. 1057.
 1927. 2225.  931. 1898. 2245.  922.]","[-1.7485e+01  4.1530e+00  6.4995e+01 -6.1000e-02 -1.2210e-01  0.0000e+00
 -6.7400e-02 -3.0420e-01  9.5650e-01]",114
856,4,"[[ 0.17358081 -0.1120785   0.5179215 ]
 [-0.25331381 -0.31253423  0.31746577]
 [ 0.17439921 -0.30895681  0.32104319]
 [-0.17439921  0.30895681 -0.32104319]
 [-0.17358081  0.1120785  -0.5179215 ]
 [ 0.25331381  0.31253423 -0.31746577]]","[1934. 2121. 1050. 2161. 2249.  922. 2213. 2251.  920. 2161. 2121. 1050.
 1934. 2249.  922. 1882. 2251.  920.]","[1953. 2116. 1055. 2169. 2215.  939. 2191. 2247.  920. 2141. 2116. 1055.
 1930. 2225.  931. 1895. 2245.  922.]","[-1.7490e+01  4.1470e+00  6.4995e+01 -1.2210e-01 -1.2210e-01  6.1000e-02
 -7.2800e-02 -3.1590e-01  9.3460e-01]",114
857,4,"[[ 0.18301065 -0.11589791  0.51410209]
 [-0.25734567 -0.31199437  0.31800563]
 [ 0.16906269 -0.30930092  0.32069908]
 [-0.16906269  0.30930092 -0.32069908]
 [-0.18301065  0.11589791 -0.51410209]
 [ 0.25734567  0.31199437 -0.31800563]]","[1928. 2123. 1048. 2158. 2249.  922. 2215. 2251.  920. 2167. 2123. 1048.
 1937. 2249.  922. 1880. 2251.  920.]","[1946. 2119. 1053. 2165. 2215.  940. 2194. 2247.  921. 2147. 2118. 1053.
 1933. 2226.  931. 1891. 2245.  922.]","[-1.7496e+01  4.1420e+00  6.5001e+01 -1.2210e-01 -1.8310e-01  6.1000e-02
 -6.8400e-02 -3.1100e-01  9.5210e-01]",114
858,4,"[[ 0.19216926 -0.11996846  0.51003154]
 [-0.26122887 -0.31144031  0.31855969]
 [ 0.16361327 -0.30964142  0.32035858]
 [-0.16361327  0.30964142 -0.32035858]
 [-0.19216926  0.11996846 -0.51003154]
 [ 0.26122887  0.31144031 -0.31855969]]","[1922. 2126. 1045. 2154. 2249.  922. 2218. 2251.  920. 2173. 2126. 1045.
 1941. 2249.  922. 1877. 2251.  920.]","[1940. 2121. 1051. 2162. 2215.  939. 2197. 2246.  921. 2153. 2121. 1051.
 1937. 2227.  931. 1888. 2245.  922.]","[-1.7507e+01  4.1360e+00  6.5001e+01 -1.2210e-01 -6.1000e-02  0.0000e+00
 -6.4000e-02 -3.0960e-01  9.4870e-01]",114
859,4,"[[ 0.20104306 -0.12429393  0.50570607]
 [-0.26495905 -0.31087285  0.31912715]
 [ 0.15805246 -0.30997817  0.32002183]
 [-0.15805246  0.30997817 -0.32002183]
 [-0.20104306  0.12429393 -0.50570607]
 [ 0.26495905  0.31087285 -0.31912715]]","[1916. 2129. 1042. 2151. 2250.  921. 2220. 2250.  921. 2179. 2129. 1042.
 1944. 2250.  921. 1875. 2250.  921.]","[1933. 2123. 1049. 2159. 2215.  939. 2200. 2246.  921. 2161. 2123. 1048.
 1940. 2227.  931. 1885. 2245.  922.]","[-1.7512e+01  4.1360e+00  6.5001e+01 -6.1000e-02 -1.2210e-01 -6.1000e-02
 -6.8800e-02 -3.0810e-01  9.4530e-01]",114
860,4,"[[ 0.20961891 -0.12887793  0.50112207]
 [-0.26853194 -0.3102928   0.3197072 ]
 [ 0.15238191 -0.31031105  0.31968895]
 [-0.15238191  0.31031105 -0.31968895]
 [-0.20961891  0.12887793 -0.50112207]
 [ 0.26853194  0.3102928  -0.3197072 ]]","[1911. 2132. 1039. 2147. 2250.  921. 2223. 2250.  921. 2184. 2132. 1039.
 1948. 2250.  921. 1872. 2250.  921.]","[1927. 2126. 1046. 2156. 2215.  939. 2203. 2247.  922. 2167. 2126. 1046.
 1943. 2227.  931. 1882. 2245.  922.]","[-17.518    4.131   65.001   -0.1221   0.       0.      -0.0703  -0.3042
   0.9512]",114
861,4,"[[ 0.21788408 -0.13372388  0.49627612]
 [-0.27194338 -0.30970096  0.32029904]
 [ 0.1466034  -0.31063994  0.31936006]
 [-0.1466034   0.31063994 -0.31936006]
 [-0.21788408  0.13372388 -0.49627612]
 [ 0.27194338  0.30970096 -0.32029904]]","[1905. 2135. 1036. 2143. 2250.  921. 2225. 2249.  922. 2190. 2135. 1036.
 1952. 2250.  921. 1870. 2249.  922.]","[1922. 2128. 1043. 2152. 2215.  938. 2205. 2246.  922. 2172. 2129. 1043.
 1947. 2227.  930. 1880. 2245.  923.]","[-1.7523e+01  4.1310e+00  6.5001e+01 -6.1000e-02 -6.1000e-02  0.0000e+00
 -6.1500e-02 -3.0320e-01  9.4870e-01]",114
862,4,"[[ 0.22582634 -0.13883502  0.49116498]
 [-0.27518931 -0.30909815  0.32090185]
 [ 0.1407189  -0.3109647   0.3190353 ]
 [-0.1407189   0.3109647  -0.3190353 ]
 [-0.22582634  0.13883502 -0.49116498]
 [ 0.27518931  0.30909815 -0.32090185]]","[1900. 2138. 1033. 2139. 2250.  921. 2227. 2249.  922. 2195. 2138. 1033.
 1956. 2250.  921. 1868. 2249.  922.]","[1916. 2132. 1040. 2149. 2215.  939. 2208. 2246.  923. 2178. 2131. 1040.
 1950. 2227.  930. 1877. 2245.  923.]","[-1.7529e+01  4.1250e+00  6.5001e+01  0.0000e+00 -6.1000e-02  0.0000e+00
 -6.5400e-02 -3.0470e-01  9.5120e-01]",114
863,4,"[[ 0.23343391 -0.14421439  0.48578561]
 [-0.27826576 -0.30848519  0.32151481]
 [ 0.13473051 -0.31128522  0.31871478]
 [-0.13473051  0.31128522 -0.31871478]
 [-0.23343391  0.14421439 -0.48578561]
 [ 0.27826576  0.30848519 -0.32151481]]","[1895. 2142. 1029. 2135. 2250.  921. 2229. 2249.  922. 2200. 2142. 1029.
 1960. 2250.  921. 1866. 2249.  922.]","[1910. 2134. 1037. 2145. 2215.  938. 2210. 2246.  923. 2185. 2134. 1037.
 1954. 2227.  930. 1875. 2245.  923.]","[-1.7529e+01  4.1200e+00  6.5001e+01  0.0000e+00 -6.1000e-02  0.0000e+00
 -7.5200e-02 -3.0810e-01  9.4630e-01]",114
864,4,"[[ 0.24069551 -0.14986483  0.48013517]
 [-0.2811689  -0.3078629   0.3221371 ]
 [ 0.12864047 -0.31160135  0.31839865]
 [-0.12864047  0.31160135 -0.31839865]
 [-0.24069551  0.14986483 -0.48013517]
 [ 0.2811689   0.3078629  -0.3221371 ]]","[1891. 2145. 1026. 2131. 2251.  920. 2231. 2248.  923. 2204. 2145. 1026.
 1964. 2251.  920. 1864. 2248.  923.]","[1904. 2138. 1034. 2141. 2215.  938. 2213. 2245.  923. 2190. 2138. 1034.
 1958. 2228.  930. 1871. 2245.  924.]","[-17.529    4.114   65.006    0.      -0.1221   0.1221  -0.0786  -0.3081
   0.9404]",114
865,4,"[[ 0.2476004  -0.15578893  0.47421107]
 [-0.28389501 -0.3072321   0.3227679 ]
 [ 0.1224512  -0.31191298  0.31808702]
 [-0.1224512   0.31191298 -0.31808702]
 [-0.2476004   0.15578893 -0.47421107]
 [ 0.28389501  0.3072321  -0.3227679 ]]","[1886. 2149. 1022. 2127. 2251.  920. 2233. 2248.  923. 2209. 2149. 1022.
 1968. 2251.  920. 1862. 2248.  923.]","[1900. 2141. 1030. 2137. 2215.  937. 2215. 2245.  924. 2194. 2141. 1031.
 1962. 2228.  930. 1869. 2245.  924.]","[-1.7534e+01  4.1140e+00  6.5012e+01 -1.2210e-01 -1.8310e-01  1.8310e-01
 -5.5700e-02 -3.0470e-01  9.4240e-01]",114
866,4,"[[ 0.25413832 -0.16198908  0.46801092]
 [-0.2864405  -0.30659361  0.32340639]
 [ 0.11616525 -0.31221999  0.31778001]
 [-0.11616525  0.31221999 -0.31778001]
 [-0.25413832  0.16198908 -0.46801092]
 [ 0.2864405   0.30659361 -0.32340639]]","[1882. 2153. 1018. 2123. 2251.  920. 2234. 2247.  924. 2213. 2153. 1018.
 1972. 2251.  920. 1861. 2247.  924.]","[1895. 2145. 1027. 2135. 2215.  937. 2218. 2245.  924. 2199. 2144. 1028.
 1965. 2228.  930. 1867. 2245.  925.]","[-1.7540e+01  4.1090e+00  6.5023e+01 -1.8310e-01 -1.8310e-01  0.0000e+00
 -6.2000e-02 -3.1100e-01  9.5900e-01]",114
867,4,"[[ 0.26029959 -0.16846743  0.46153257]
 [-0.28880191 -0.30594827  0.32405173]
 [ 0.10978532 -0.31252223  0.31747777]
 [-0.10978532  0.31252223 -0.31747777]
 [-0.26029959  0.16846743 -0.46153257]
 [ 0.28880191  0.30594827 -0.32405173]]","[1878. 2157. 1014. 2119. 2251.  920. 2236. 2247.  924. 2217. 2157. 1014.
 1976. 2251.  920. 1859. 2247.  924.]","[1890. 2148. 1024. 2132. 2215.  935. 2219. 2244.  925. 2203. 2148. 1024.
 1970. 2228.  930. 1865. 2245.  925.]","[-1.7545e+01  4.0980e+00  6.5023e+01  0.0000e+00 -6.1000e-02  0.0000e+00
 -5.7600e-02 -3.0860e-01  9.5360e-01]",114
868,4,"[[ 0.26607509 -0.17522588  0.45477412]
 [-0.29097592 -0.30529689  0.32470311]
 [ 0.10331427 -0.31281959  0.31718041]
 [-0.10331427  0.31281959 -0.31718041]
 [-0.26607509  0.17522588 -0.45477412]
 [ 0.29097592  0.30529689 -0.32470311]]","[1874. 2162. 1009. 2115. 2251.  920. 2237. 2247.  924. 2221. 2162. 1009.
 1980. 2251.  920. 1858. 2247.  924.]","[1885. 2152. 1020. 2129. 2215.  936. 2221. 2244.  925. 2209. 2152. 1021.
 1973. 2228.  930. 1863. 2245.  926.]","[-1.7545e+01  4.0920e+00  6.5023e+01  6.1000e-02 -6.1000e-02 -1.8310e-01
 -6.4900e-02 -3.1590e-01  9.3550e-01]",114
869,4,"[[ 0.27145625 -0.18226606  0.44773394]
 [-0.29295935 -0.3046403   0.3253597 ]
 [ 0.09675511 -0.31311195  0.31688805]
 [-0.09675511  0.31311195 -0.31688805]
 [-0.27145625  0.18226606 -0.44773394]
 [ 0.29295935  0.3046403  -0.3253597 ]]","[1871. 2166. 1005. 2111. 2252.  919. 2238. 2246.  925. 2224. 2166. 1005.
 1984. 2252.  919. 1857. 2246.  925.]","[1881. 2156. 1016. 2124. 2215.  935. 2224. 2244.  926. 2213. 2156. 1016.
 1977. 2228.  931. 1861. 2245.  926.]","[-17.551    4.081   65.017   -0.1221  -0.1831  -0.1221  -0.0757  -0.3198
   0.9443]",114
870,4,"[[ 0.27643509 -0.18958938  0.44041062]
 [-0.29474917 -0.30397932  0.32602068]
 [ 0.09011097 -0.31339917  0.31660083]
 [-0.09011097  0.31339917 -0.31660083]
 [-0.27643509  0.18958938 -0.44041062]
 [ 0.29474917  0.30397932 -0.32602068]]","[1867. 2171. 1000. 2106. 2252.  919. 2240. 2246.  925. 2228. 2171. 1000.
 1989. 2252.  919. 1855. 2246.  925.]","[1877. 2160. 1012. 2121. 2215.  935. 2225. 2243.  926. 2217. 2160. 1012.
 1980. 2228.  930. 1860. 2245.  926.]","[-17.556    4.07    65.017    0.      -0.1221   0.      -0.0791  -0.3198
   0.9551]",114
871,4,"[[ 0.28100424 -0.19719692  0.43280308]
 [-0.2963425  -0.30331476  0.32668524]
 [ 0.08338515 -0.31368113  0.31631887]
 [-0.08338515  0.31368113 -0.31631887]
 [-0.28100424  0.19719692 -0.43280308]
 [ 0.2963425   0.30331476 -0.32668524]]","[1864. 2176.  995. 2102. 2252.  919. 2241. 2245.  926. 2231. 2176.  995.
 1993. 2252.  919. 1854. 2245.  926.]","[1873. 2165. 1008. 2116. 2215.  935. 2227. 2243.  926. 2221. 2165. 1008.
 1985. 2228.  930. 1857. 2244.  927.]","[-17.556    4.07    65.023    0.2441   0.       0.3052  -0.083   -0.3145
   0.9448]",114
872,4,"[[ 0.28515692 -0.20508955  0.42491045]
 [-0.29773662 -0.30264744  0.32735256]
 [ 0.07658109 -0.3139577   0.3160423 ]
 [-0.07658109  0.3139577  -0.3160423 ]
 [-0.28515692  0.20508955 -0.42491045]
 [ 0.29773662  0.30264744 -0.32735256]]","[1862. 2181.  990. 2097. 2252.  919. 2242. 2245.  926. 2233. 2181.  990.
 1998. 2252.  919. 1853. 2245.  926.]","[1870. 2169. 1004. 2112. 2215.  935. 2229. 2242.  926. 2225. 2169. 1003.
 1989. 2228.  930. 1855. 2244.  927.]","[-17.556    4.076   65.039    0.1221  -0.1221   0.6104  -0.0728  -0.2993
   0.9321]",114
873,4,"[[ 0.28888698 -0.2132678   0.4167322 ]
 [-0.29892896 -0.30197816  0.32802184]
 [ 0.06970236 -0.31422877  0.31577123]
 [-0.06970236  0.31422877 -0.31577123]
 [-0.28888698  0.2132678  -0.4167322 ]
 [ 0.29892896  0.30197816 -0.32802184]]","[1859. 2187.  984. 2093. 2252.  919. 2242. 2244.  927. 2236. 2187.  984.
 2002. 2252.  919. 1853. 2244.  927.]","[1867. 2173. 1003. 2107. 2215.  935. 2230. 2242.  927. 2228. 2174.  998.
 1993. 2228.  930. 1854. 2244.  927.]","[-17.551    4.076   65.067    0.      -0.2441   0.5493  -0.0659  -0.2993
   0.9546]",114
874,4,"[[ 0.2921889  -0.22173193  0.40826807]
 [-0.29991714 -0.30130774  0.32869226]
 [ 0.06275269 -0.3144942   0.3155058 ]
 [-0.06275269  0.3144942  -0.3155058 ]
 [-0.2921889   0.22173193 -0.40826807]
 [ 0.29991714  0.30130774 -0.32869226]]","[1857. 2192.  979. 2088. 2253.  918. 2243. 2244.  927. 2238. 2192.  979.
 2007. 2253.  918. 1852. 2244.  927.]","[1864. 2175.  997. 2103. 2215.  935. 2232. 2242.  927. 2231. 2178.  993.
 1997. 2228.  930. 1853. 2243.  929.]","[-1.7551e+01  4.0760e+00  6.5089e+01  6.1000e-02 -2.4410e-01  3.6620e-01
 -6.1500e-02 -2.9490e-01  9.6730e-01]",114
875,4,"[[ 0.29505777 -0.23048192  0.39951808]
 [-0.30069895 -0.30063697  0.32936303]
 [ 0.05573591 -0.31475387  0.31524613]
 [-0.05573591  0.31475387 -0.31524613]
 [-0.29505777  0.23048192 -0.39951808]
 [ 0.30069895  0.30063697 -0.32936303]]","[1855. 2198.  973. 2084. 2253.  918. 2244. 2243.  927. 2240. 2198.  973.
 2011. 2253.  918. 1851. 2243.  927.]","[1862. 2177.  993. 2099. 2215.  935. 2234. 2241.  927. 2233. 2184.  988.
 2001. 2228.  930. 1852. 2243.  929.]","[-1.7540e+01  4.0760e+00  6.5099e+01  3.0520e-01  6.1000e-02  3.6620e-01
 -7.7100e-02 -3.0470e-01  9.5120e-01]",114
876,4,"[[ 0.29748936 -0.23951743  0.39048257]
 [-0.30127252 -0.29996663  0.33003337]
 [ 0.04865602 -0.31500767  0.31499233]
 [-0.04865602  0.31500767 -0.31499233]
 [-0.29748936  0.23951743 -0.39048257]
 [ 0.30127252  0.29996663 -0.33003337]]","[1854. 2204.  967. 2079. 2253.  918. 2244. 2243.  928. 2241. 2204.  967.
 2016. 2253.  918. 1851. 2243.  928.]","[1860. 2182.  987. 2094. 2215.  936. 2235. 2241.  928. 2235. 2189.  987.
 2005. 2228.  930. 1851. 2242.  929.]","[-1.7529e+01  4.0870e+00  6.5116e+01  6.1000e-02  0.0000e+00  4.8830e-01
 -6.1500e-02 -3.0760e-01  9.3650e-01]",114
877,4,"[[ 0.29948004 -0.2488378   0.3811622 ]
 [-0.30163746 -0.29929752  0.33070248]
 [ 0.04151712 -0.31525546  0.31474454]
 [-0.04151712  0.31525546 -0.31474454]
 [-0.29948004  0.2488378  -0.3811622 ]
 [ 0.30163746  0.29929752 -0.33070248]]","[1852. 2210.  961. 2075. 2253.  918. 2244. 2243.  928. 2243. 2210.  961.
 2020. 2253.  918. 1851. 2243.  928.]","[1859. 2187.  983. 2090. 2215.  935. 2236. 2241.  928. 2237. 2193.  981.
 2010. 2228.  930. 1850. 2241.  930.]","[-17.518    4.103   65.143    0.4883   0.4883   0.8545  -0.0928  -0.3306
   0.9922]",114
878,4,"[[ 0.30102688 -0.25844209  0.37155791]
 [-0.30179395 -0.29863039  0.33136961]
 [ 0.03432347 -0.31549713  0.31450287]
 [-0.03432347  0.31549713 -0.31450287]
 [-0.30102688  0.25844209 -0.37155791]
 [ 0.30179395  0.29863039 -0.33136961]]","[1851. 2216.  955. 2070. 2253.  918. 2244. 2242.  929. 2244. 2216.  955.
 2025. 2253.  918. 1851. 2242.  929.]","[1857. 2191.  978. 2086. 2215.  935. 2237. 2241.  929. 2239. 2196.  975.
 2014. 2228.  930. 1850. 2241.  931.]","[-1.7490e+01  4.1530e+00  6.5176e+01  7.9350e-01  1.2817e+00  1.4038e+00
 -4.3900e-02 -3.2420e-01  9.1750e-01]",114
879,4,"[[ 0.30212752 -0.268329    0.361671  ]
 [-0.30161308 -0.29796569  0.33203431]
 [ 0.02707942 -0.31573255  0.31426745]
 [-0.02707942  0.31573255 -0.31426745]
 [-0.30212752  0.268329   -0.361671  ]
 [ 0.30161308  0.29796569 -0.33203431]]","[1851. 2222.  949. 2065. 2253.  918. 2244. 2242.  929. 2244. 2222.  949.
 2030. 2253.  918. 1851. 2242.  929.]","[1856. 2194.  974. 2081. 2215.  936. 2239. 2241.  929. 2241. 2200.  969.
 2018. 2228.  930. 1849. 2241.  931.]","[-1.7468e+01  4.1970e+00  6.5198e+01  6.1040e-01  6.7140e-01  6.1040e-01
 -5.1800e-02 -3.3980e-01  9.6580e-01]",114
880,4,"[[ 0.30277921 -0.27849694  0.35150306]
 [-0.30084945 -0.29730258  0.33269742]
 [ 0.01978953 -0.31596161  0.31403839]
 [-0.01978953  0.31596161 -0.31403839]
 [-0.30277921  0.27849694 -0.35150306]
 [ 0.30084945  0.29730258 -0.33269742]]","[1850. 2229.  942. 2060. 2253.  917. 2244. 2241.  930. 2245. 2229.  942.
 2035. 2253.  917. 1851. 2241.  930.]","[1855. 2198.  970. 2077. 2215.  935. 2240. 2241.  929. 2242. 2208.  963.
 2023. 2228.  930. 1849. 2240.  931.]","[-17.441    4.23    65.209    1.0986   0.8545   0.4272  -0.0747  -0.3374
   0.9619]",114
881,4,"[[ 0.30298474 -0.2869031   0.3430969 ]
 [-0.29948107 -0.29664116  0.33335884]
 [ 0.01246059 -0.31618419  0.31381581]
 [-0.01246059  0.31618419 -0.31381581]
 [-0.30298474  0.2869031  -0.3430969 ]
 [ 0.29948107  0.29664116 -0.33335884]]","[1850. 2235.  936. 2056. 2254.  917. 2243. 2241.  930. 2245. 2235.  936.
 2039. 2254.  917. 1852. 2241.  930.]","[1854. 2202.  965. 2072. 2215.  936. 2240. 2241.  929. 2242. 2213.  957.
 2027. 2228.  930. 1850. 2240.  931.]","[-1.7408e+01  4.2630e+00  6.5220e+01  1.0986e+00  8.5450e-01  5.4930e-01
 -5.6200e-02 -3.3060e-01  9.3600e-01]",114
882,4,"[[ 0.30290441 -0.28722434  0.34277566]
 [-0.29751992 -0.29598225  0.33401775]
 [ 0.00511314 -0.31640016  0.31359984]
 [-0.00511314  0.31640016 -0.31359984]
 [-0.30290441  0.28722434 -0.34277566]
 [ 0.29751992  0.29598225 -0.33401775]]","[1850. 2235.  936. 2051. 2254.  917. 2241. 2240.  931. 2245. 2235.  936.
 2044. 2254.  917. 1854. 2240.  931.]","[1854. 2206.  960. 2068. 2216.  936. 2241. 2241.  929. 2243. 2219.  951.
 2029. 2228.  930. 1850. 2239.  931.]","[-17.369    4.307   65.231    1.5259   1.0376   0.7324  -0.084   -0.3076
   0.9473]",114
883,4,"[[ 0.30269672 -0.28755188  0.34244812]
 [-0.29497624 -0.2953267   0.3346733 ]
 [-0.002232   -0.31660942  0.31339058]
 [ 0.002232    0.31660942 -0.31339058]
 [-0.30269672  0.28755188 -0.34244812]
 [ 0.29497624  0.2953267  -0.3346733 ]]","[1850. 2235.  936. 2046. 2254.  917. 2240. 2240.  931. 2245. 2235.  936.
 2049. 2254.  917. 1855. 2240.  931.]","[1854. 2210.  957. 2064. 2218.  936. 2241. 2242.  930. 2244. 2223.  948.
 2033. 2228.  930. 1850. 2238.  931.]","[-1.7325e+01  4.3450e+00  6.5259e+01  1.1597e+00  7.3240e-01  1.0376e+00
 -6.0500e-02 -2.9540e-01  9.8390e-01]",114
884,4,"[[ 0.3023732  -0.28788525  0.34211475]
 [-0.29185296 -0.29467538  0.33532462]
 [-0.00956704 -0.31681183  0.31318817]
 [ 0.00956704  0.31681183 -0.31318817]
 [-0.3023732   0.28788525 -0.34211475]
 [ 0.29185296  0.29467538 -0.33532462]]","[1850. 2235.  936. 2041. 2254.  917. 2238. 2240.  931. 2245. 2235.  936.
 2054. 2254.  917. 1857. 2240.  931.]","[1854. 2212.  954. 2060. 2221.  935. 2241. 2243.  929. 2244. 2224.  946.
 2038. 2228.  930. 1851. 2238.  931.]","[-1.7271e+01  4.3890e+00  6.5275e+01  1.7090e+00  1.3428e+00  5.4930e-01
 -4.6900e-02 -2.9000e-01  9.5650e-01]",114
885,4,"[[ 0.30193169 -0.28822433  0.34177567]
 [-0.28815655 -0.29402912  0.33597088]
 [-0.01688735 -0.31700729  0.31299271]
 [ 0.01688735  0.31700729 -0.31299271]
 [-0.30193169  0.28822433 -0.34177567]
 [ 0.28815655  0.29402912 -0.33597088]]","[1851. 2235.  936. 2036. 2254.  917. 2235. 2239.  932. 2244. 2235.  936.
 2059. 2254.  917. 1860. 2239.  932.]","[1854. 2213.  952. 2055. 2222.  935. 2240. 2242.  930. 2244. 2226.  945.
 2044. 2228.  930. 1851. 2238.  932.]","[-1.7210e+01  4.4270e+00  6.5264e+01  1.6479e+00  9.7660e-01 -3.6620e-01
 -4.7900e-02 -2.8760e-01  9.6140e-01]",114
886,4,"[[ 0.30137161 -0.28856895  0.34143105]
 [-0.28389743 -0.29338879  0.33661121]
 [-0.02418869 -0.31719566  0.31280434]
 [ 0.02418869  0.31719566 -0.31280434]
 [-0.30137161  0.28856895 -0.34143105]
 [ 0.28389743  0.29338879 -0.33661121]]","[1851. 2236.  935. 2032. 2254.  917. 2233. 2239.  932. 2244. 2236.  935.
 2063. 2254.  917. 1862. 2239.  932.]","[1854. 2213.  951. 2052. 2224.  935. 2240. 2242.  930. 2244. 2226.  945.
 2047. 2228.  930. 1852. 2238.  932.]","[-1.7144e+01  4.4380e+00  6.5226e+01  1.7700e+00  7.3240e-01 -1.0986e+00
 -5.7600e-02 -2.8660e-01  9.2720e-01]",114
887,4,"[[ 0.30069303 -0.28891895  0.34108105]
 [-0.27908852 -0.29275525  0.33724475]
 [-0.03146688 -0.31737684  0.31262316]
 [ 0.03146688  0.31737684 -0.31262316]
 [-0.30069303  0.28891895 -0.34108105]
 [ 0.27908852  0.29275525 -0.33724475]]","[1851. 2236.  935. 2027. 2254.  917. 2229. 2238.  933. 2244. 2236.  935.
 2068. 2254.  917. 1866. 2238.  933.]","[1854. 2214.  950. 2048. 2224.  936. 2238. 2241.  931. 2244. 2227.  945.
 2051. 2228.  930. 1854. 2237.  933.]","[-17.089    4.438   65.176    1.2817   0.2441  -1.0986  -0.1055  -0.291
   0.9229]",114
888,4,"[[ 0.29989618 -0.28927413  0.34072587]
 [-0.27374449 -0.29212935  0.33787065]
 [-0.03871776 -0.31755071  0.31244929]
 [ 0.03871776  0.31755071 -0.31244929]
 [-0.29989618  0.28927413 -0.34072587]
 [ 0.27374449  0.29212935 -0.33787065]]","[1852. 2236.  935. 2022. 2255.  916. 2226. 2238.  933. 2243. 2236.  935.
 2073. 2255.  916. 1869. 2238.  933.]","[1854. 2215.  949. 2043. 2224.  935. 2235. 2240.  931. 2243. 2227.  944.
 2057. 2228.  930. 1856. 2236.  933.]","[-17.056    4.427   65.154    0.9766   0.      -0.3662  -0.1172  -0.2998
   0.9331]",114
889,4,"[[ 0.29898136 -0.2896343   0.3403657 ]
 [-0.26788126 -0.29151194  0.33848806]
 [-0.04593722 -0.31771715  0.31228285]
 [ 0.04593722  0.31771715 -0.31228285]
 [-0.29898136  0.2896343  -0.3403657 ]
 [ 0.26788126  0.29151194 -0.33848806]]","[1853. 2236.  935. 2018. 2255.  916. 2222. 2238.  933. 2242. 2236.  935.
 2077. 2255.  916. 1873. 2238.  933.]","[1855. 2216.  948. 2039. 2224.  936. 2232. 2240.  930. 2243. 2228.  944.
 2062. 2228.  930. 1858. 2236.  933.]","[-1.7029e+01  4.4330e+00  6.5149e+01  7.3240e-01  6.1000e-02  0.0000e+00
 -9.6200e-02 -3.0710e-01  9.3310e-01]",114
890,4,"[[ 0.29794895 -0.28999929  0.34000071]
 [-0.26151579 -0.29090388  0.33909612]
 [-0.0531212  -0.31787607  0.31212393]
 [ 0.0531212   0.31787607 -0.31212393]
 [-0.29794895  0.28999929 -0.34000071]
 [ 0.26151579  0.29090388 -0.33909612]]","[1853. 2237.  934. 2013. 2255.  916. 2218. 2237.  934. 2242. 2237.  934.
 2082. 2255.  916. 1877. 2237.  934.]","[1855. 2216.  948. 2035. 2224.  935. 2228. 2240.  931. 2243. 2227.  943.
 2066. 2228.  930. 1861. 2236.  934.]","[-17.007    4.449   65.143    0.6104   0.4272   0.      -0.0835  -0.3159
   0.9556]",114
891,4,"[[ 0.29679933 -0.29036889  0.33963111]
 [-0.25466596 -0.29030601  0.33969399]
 [-0.06026567 -0.31802737  0.31197263]
 [ 0.06026567  0.31802737 -0.31197263]
 [-0.29679933  0.29036889 -0.33963111]
 [ 0.25466596  0.29030601 -0.33969399]]","[1854. 2237.  934. 2008. 2255.  916. 2214. 2237.  934. 2241. 2237.  934.
 2087. 2255.  916. 1881. 2237.  934.]","[1855. 2216.  948. 2031. 2224.  936. 2224. 2239.  931. 2242. 2228.  942.
 2070. 2228.  930. 1863. 2236.  935.]","[-1.6990e+01  4.4660e+00  6.5127e+01  6.7140e-01  4.8830e-01 -4.2720e-01
 -6.2000e-02 -3.0130e-01  9.3990e-01]",114
892,4,"[[ 0.29553297 -0.29074292  0.33925708]
 [-0.24735046 -0.28971915  0.34028085]
 [-0.06736667 -0.31817093  0.31182907]
 [ 0.06736667  0.31817093 -0.31182907]
 [-0.29553297  0.29074292 -0.33925708]
 [ 0.24735046  0.28971915 -0.34028085]]","[1855. 2237.  934. 2004. 2255.  916. 2209. 2236.  935. 2240. 2237.  934.
 2091. 2255.  916. 1886. 2236.  935.]","[1856. 2216.  946. 2027. 2225.  935. 2221. 2239.  933. 2242. 2228.  942.
 2073. 2228.  930. 1866. 2235.  934.]","[-16.974    4.471   65.099    0.5493   0.2441  -0.6104  -0.0796  -0.2939
   0.9443]",114
893,4,"[[ 0.29415037 -0.29112118  0.33887882]
 [-0.23958869 -0.28914415  0.34085585]
 [-0.07442029 -0.31830669  0.31169331]
 [ 0.07442029  0.31830669 -0.31169331]
 [-0.29415037  0.29112118 -0.33887882]
 [ 0.23958869  0.28914415 -0.34085585]]","[1856. 2237.  934. 1999. 2255.  916. 2204. 2236.  935. 2239. 2237.  934.
 2096. 2255.  916. 1891. 2236.  935.]","[1857. 2216.  946. 2024. 2224.  935. 2218. 2238.  933. 2241. 2228.  942.
 2076. 2228.  930. 1869. 2235.  935.]","[-1.6963e+01  4.4710e+00  6.5083e+01  4.2720e-01  6.1000e-02 -1.8310e-01
 -8.6900e-02 -2.8220e-01  9.5120e-01]",114
894,4,"[[ 0.29265206 -0.29150348  0.33849652]
 [-0.23140069 -0.28858182  0.34141818]
 [-0.08142265 -0.31843453  0.31156547]
 [ 0.08142265  0.31843453 -0.31156547]
 [-0.29265206  0.29150348 -0.33849652]
 [ 0.23140069  0.28858182 -0.34141818]]","[1857. 2238.  933. 1994. 2255.  916. 2198. 2236.  935. 2238. 2238.  933.
 2101. 2255.  916. 1897. 2236.  935.]","[1858. 2217.  945. 2019. 2224.  935. 2212. 2238.  934. 2240. 2229.  941.
 2083. 2228.  930. 1875. 2234.  935.]","[-16.946    4.477   65.089    0.3662   0.       0.1221  -0.0723  -0.2773
   0.957 ]",114
895,4,"[[ 0.29103863 -0.29188963  0.33811037]
 [-0.22280708 -0.28803297  0.34196703]
 [-0.08836994 -0.31855437  0.31144563]
 [ 0.08836994  0.31855437 -0.31144563]
 [-0.29103863  0.29188963 -0.33811037]
 [ 0.22280708  0.28803297 -0.34196703]]","[1858. 2238.  933. 1990. 2255.  916. 2193. 2235.  936. 2237. 2238.  933.
 2105. 2255.  916. 1902. 2235.  936.]","[1859. 2217.  944. 2016. 2225.  935. 2208. 2238.  934. 2239. 2229.  941.
 2086. 2228.  930. 1878. 2234.  935.]","[-1.6930e+01  4.4820e+00  6.5083e+01  4.2720e-01  6.1000e-02 -1.2210e-01
 -7.4200e-02 -2.7340e-01  9.6000e-01]",114
896,4,"[[ 0.28931073 -0.29227943  0.33772057]
 [-0.21382897 -0.28749838  0.34250162]
 [-0.09525842 -0.31866613  0.31133387]
 [ 0.09525842  0.31866613 -0.31133387]
 [-0.28931073  0.29227943 -0.33772057]
 [ 0.21382897  0.28749838 -0.34250162]]","[1859. 2238.  933. 1985. 2255.  916. 2187. 2235.  936. 2236. 2238.  933.
 2110. 2255.  916. 1908. 2235.  936.]","[1860. 2218.  943. 2012. 2224.  935. 2202. 2237.  935. 2237. 2230.  940.
 2092. 2228.  930. 1885. 2233.  936.]","[-16.913    4.488   65.072    0.3052   0.1831  -0.1831  -0.0752  -0.2686
   0.9561]",114
897,4,"[[ 0.28746903 -0.29267267  0.33732733]
 [-0.20448789 -0.28697884  0.34302116]
 [-0.10208438 -0.31876974  0.31123026]
 [ 0.10208438  0.31876974 -0.31123026]
 [-0.28746903  0.29267267 -0.33732733]
 [ 0.20448789  0.28697884 -0.34302116]]","[1860. 2238.  933. 1981. 2255.  916. 2181. 2235.  936. 2235. 2238.  933.
 2114. 2255.  916. 1914. 2235.  936.]","[1861. 2218.  943. 2008. 2225.  936. 2198. 2237.  935. 2236. 2230.  940.
 2095. 2228.  930. 1889. 2233.  936.]","[-16.897    4.493   65.067    0.2441   0.1221  -0.1831  -0.0898  -0.2773
   0.9575]",114
898,4,"[[ 0.28551425 -0.29306918  0.33693082]
 [-0.19480575 -0.27467708  0.35532292]
 [-0.10884418 -0.31886511  0.31113489]
 [ 0.10884418  0.31886511 -0.31113489]
 [-0.28551425  0.29306918 -0.33693082]
 [ 0.19480575  0.27467708 -0.35532292]]","[1861. 2239.  932. 1977. 2255.  916. 2174. 2227.  944. 2234. 2239.  932.
 2118. 2255.  916. 1921. 2227.  944.]","[1862. 2219.  942. 2004. 2224.  936. 2192. 2237.  935. 2236. 2230.  939.
 2100. 2228.  930. 1895. 2233.  936.]","[-1.6886e+01  4.4990e+00  6.5056e+01  1.8310e-01  1.8310e-01 -6.1000e-02
 -6.9800e-02 -2.8760e-01  9.5900e-01]",114
899,4,"[[ 0.28344717 -0.29346873  0.33653127]
 [-0.18480474 -0.25843784  0.37156216]
 [-0.11553423 -0.31895218  0.31104782]
 [ 0.11553423  0.31895218 -0.31104782]
 [-0.28344717  0.29346873 -0.33653127]
 [ 0.18480474  0.25843784 -0.37156216]]","[1863. 2239.  932. 1972. 2255.  916. 2168. 2216.  955. 2232. 2239.  932.
 2123. 2255.  916. 1927. 2216.  955.]","[1863. 2219.  941. 2000. 2224.  935. 2186. 2235.  937. 2234. 2230.  939.
 2104. 2228.  930. 1901. 2231.  938.]","[-16.864    4.51    65.05     0.3052   0.3052  -0.1831  -0.0771  -0.2896
   0.9492]",114
900,4,"[[ 0.28126859 -0.29387114  0.33612886]
 [-0.17450726 -0.24277452  0.38722548]
 [-0.12215103 -0.31903087  0.31096913]
 [ 0.12215103  0.31903087 -0.31096913]
 [-0.28126859  0.29387114 -0.33612886]
 [ 0.17450726  0.24277452 -0.38722548]]","[1864. 2239.  932. 1968. 2255.  915. 2161. 2206.  965. 2231. 2239.  932.
 2127. 2255.  915. 1934. 2206.  965.]","[1864. 2220.  941. 1995. 2225.  935. 2180. 2229.  942. 2233. 2230.  939.
 2109. 2228.  930. 1908. 2226.  943.]","[-16.848    4.515   65.028    0.3052   0.2441  -0.4272  -0.0791  -0.2979
   0.9521]",114
901,4,"[[ 0.27897938 -0.29427621  0.33572379]
 [-0.1639359  -0.22771061  0.40228939]
 [-0.12869112 -0.31910114  0.31089886]
 [ 0.12869112  0.31910114 -0.31089886]
 [-0.27897938  0.29427621 -0.33572379]
 [ 0.1639359   0.22771061 -0.40228939]]","[1866. 2239.  932. 1964. 2256.  915. 2154. 2196.  975. 2229. 2239.  932.
 2131. 2256.  915. 1941. 2196.  975.]","[1865. 2222.  940. 1990. 2224.  935. 2173. 2223.  950. 2231. 2230.  938.
 2113. 2228.  930. 1916. 2222.  948.]","[-16.837    4.521   65.006    0.3052   0.2441  -0.4272  -0.084   -0.2974
   0.9478]",114
902,4,"[[ 0.27658044 -0.29468373  0.33531627]
 [-0.15311333 -0.21326882  0.41673118]
 [-0.13515109 -0.31916291  0.31083709]
 [ 0.13515109  0.31916291 -0.31083709]
 [-0.27658044  0.29468373 -0.33531627]
 [ 0.15311333  0.21326882 -0.41673118]]","[1867. 2240.  931. 1959. 2256.  915. 2147. 2187.  984. 2228. 2240.  931.
 2136. 2256.  915. 1948. 2187.  984.]","[1866. 2223.  940. 1986. 2225.  934. 2167. 2214.  958. 2230. 2230.  938.
 2118. 2228.  930. 1923. 2215.  956.]","[-16.815    4.537   64.995    0.6714   0.4272  -0.1831  -0.0884  -0.3042
   0.9526]",114
903,4,"[[ 0.2740727  -0.29509351  0.33490649]
 [-0.14206229 -0.19947113  0.43052887]
 [-0.14152763 -0.31921613  0.31078387]
 [ 0.14152763  0.31921613 -0.31078387]
 [-0.2740727   0.29509351 -0.33490649]
 [ 0.14206229  0.19947113 -0.43052887]]","[1869. 2240.  931. 1955. 2256.  915. 2140. 2178.  993. 2226. 2240.  931.
 2140. 2256.  915. 1955. 2178.  993.]","[1868. 2224.  939. 1980. 2225.  934. 2160. 2206.  967. 2228. 2230.  937.
 2122. 2228.  930. 1931. 2206.  965.]","[-16.771    4.559   64.984    1.2207   0.5493   0.      -0.0918  -0.3115
   0.9546]",114
904,4,"[[ 0.27145715 -0.29550534  0.33449466]
 [-0.13080549 -0.18633864  0.44366136]
 [-0.14781747 -0.31926076  0.31073924]
 [ 0.14781747  0.31926076 -0.31073924]
 [-0.27145715  0.29550534 -0.33449466]
 [ 0.13080549  0.18633864 -0.44366136]]","[1871. 2240.  931. 1951. 2256.  915. 2133. 2169. 1002. 2224. 2240.  931.
 2144. 2256.  915. 1962. 2169. 1002.]","[1868. 2225.  938. 1976. 2226.  934. 2154. 2197.  975. 2226. 2230.  936.
 2127. 2228.  930. 1939. 2198.  974.]","[-1.6727e+01  4.5810e+00  6.4979e+01  1.0986e+00  4.2720e-01  0.0000e+00
 -6.0100e-02 -2.9830e-01  9.4530e-01]",114
905,4,"[[ 0.26873483 -0.29591902  0.33408098]
 [-0.11936559 -0.17389162  0.45610838]
 [-0.15401743 -0.31929676  0.31070324]
 [ 0.15401743  0.31929676 -0.31070324]
 [-0.26873483  0.29591902 -0.33408098]
 [ 0.11936559  0.17389162 -0.45610838]]","[1872. 2240.  931. 1947. 2256.  915. 2125. 2161. 1010. 2223. 2240.  931.
 2148. 2256.  915. 1970. 2161. 1010.]","[1870. 2226.  938. 1972. 2228.  934. 2147. 2187.  984. 2224. 2229.  935.
 2131. 2228.  931. 1949. 2190.  984.]","[-16.672    4.592   64.973    1.4648   0.3662   0.      -0.0669  -0.2988
   0.9546]",114
906,4,"[[ 0.26590681 -0.29633436  0.33366564]
 [-0.10776512 -0.16214939  0.46785061]
 [-0.16012436 -0.31932407  0.31067593]
 [ 0.16012436  0.31932407 -0.31067593]
 [-0.26590681  0.29633436 -0.33366564]
 [ 0.10776512  0.16214939 -0.46785061]]","[1874. 2241.  930. 1943. 2256.  915. 2118. 2153. 1018. 2221. 2241.  930.
 2152. 2256.  915. 1977. 2153. 1018.]","[1872. 2226.  938. 1967. 2229.  934. 2139. 2179.  993. 2222. 2230.  935.
 2135. 2228.  930. 1957. 2181.  992.]","[-1.6617e+01  4.6030e+00  6.4973e+01  1.4038e+00  3.0520e-01  6.1000e-02
 -7.2800e-02 -3.0180e-01  9.6630e-01]",114
907,4,"[[ 0.26297419 -0.29675114  0.33324886]
 [-0.09602646 -0.15113035  0.47886965]
 [-0.16613524 -0.31934273  0.31065727]
 [ 0.16613524  0.31934273 -0.31065727]
 [-0.26297419  0.29675114 -0.33324886]
 [ 0.09602646  0.15113035 -0.47886965]]","[1876. 2241.  930. 1939. 2256.  915. 2110. 2146. 1025. 2219. 2241.  930.
 2156. 2256.  915. 1985. 2146. 1025.]","[1873. 2228.  938. 1964. 2230.  933. 2132. 2171. 1002. 2221. 2229.  934.
 2139. 2228.  931. 1965. 2172. 1001.]","[-1.6573e+01  4.6030e+00  6.4979e+01  1.2817e+00  6.1000e-02  2.4410e-01
 -5.8100e-02 -2.9300e-01  9.4190e-01]",114
908,4,"[[ 0.25993813 -0.29716918  0.33283082]
 [-0.08417179 -0.1408519   0.4891481 ]
 [-0.17204705 -0.31935287  0.31064713]
 [ 0.17204705  0.31935287 -0.31064713]
 [-0.25993813  0.29716918 -0.33283082]
 [ 0.08417179  0.1408519  -0.4891481 ]]","[1878. 2241.  930. 1935. 2256.  915. 2102. 2139. 1032. 2217. 2241.  930.
 2160. 2256.  915. 1993. 2139. 1032.]","[1875. 2228.  937. 1960. 2230.  934. 2125. 2163. 1009. 2219. 2230.  934.
 2144. 2228.  930. 1971. 2165. 1008.]","[-1.6540e+01  4.5980e+00  6.4968e+01  9.1550e-01  6.1000e-02 -3.0520e-01
 -7.5200e-02 -2.8030e-01  9.5510e-01]",114
909,4,"[[ 0.25679982 -0.29758826  0.33241174]
 [-0.072223   -0.1313304   0.4986696 ]
 [-0.17785691 -0.31935449  0.31064551]
 [ 0.17785691  0.31935449 -0.31064551]
 [-0.25679982  0.29758826 -0.33241174]
 [ 0.072223    0.1313304  -0.4986696 ]]","[1880. 2241.  929. 1932. 2256.  915. 2095. 2133. 1038. 2215. 2241.  929.
 2163. 2256.  915. 2000. 2133. 1038.]","[1877. 2228.  936. 1957. 2230.  933. 2117. 2155. 1018. 2217. 2230.  933.
 2147. 2228.  930. 1975. 2157. 1016.]","[-16.512    4.598   64.929    0.7324   0.3052  -0.7935  -0.085   -0.271
   0.9517]",114
910,4,"[[ 0.2535605  -0.29800818  0.33199182]
 [-0.06020175 -0.12258116  0.50741884]
 [-0.18356196 -0.31933991  0.31066009]
 [ 0.18356196  0.31933991 -0.31066009]
 [-0.2535605   0.29800818 -0.33199182]
 [ 0.06020175  0.12258116 -0.50741884]]","[1882. 2242.  929. 1928. 2256.  915. 2087. 2127. 1044. 2213. 2242.  929.
 2167. 2256.  915. 2008. 2127. 1044.]","[1879. 2228.  936. 1953. 2230.  934. 2110. 2147. 1025. 2215. 2230.  933.
 2151. 2228.  930. 1982. 2149. 1023.]","[-16.496    4.603   64.885    0.5493   0.4272  -1.0986  -0.0986  -0.2705
   0.9458]",114
911,4,"[[ 0.25022145 -0.29842876  0.33157124]
 [-0.04812932 -0.11461841  0.51538159]
 [-0.18915945 -0.31929134  0.31070866]
 [ 0.18915945  0.31929134 -0.31070866]
 [-0.25022145  0.29842876 -0.33157124]
 [ 0.04812932  0.11461841 -0.51538159]]","[1884. 2242.  929. 1924. 2256.  915. 2079. 2122. 1049. 2211. 2242.  929.
 2171. 2256.  915. 2016. 2122. 1049.]","[1881. 2228.  935. 1950. 2230.  934. 2102. 2142. 1031. 2213. 2230.  933.
 2155. 2228.  930. 1991. 2143. 1030.]","[-16.49     4.609   64.847    0.1221   0.3662  -0.7935  -0.0962  -0.2788
   0.9419]",114
912,4,"[[ 0.24678397 -0.29884978  0.33115022]
 [-0.03602667 -0.10745525  0.52254475]
 [-0.19464667 -0.31920929  0.31079071]
 [ 0.19464667  0.31920929 -0.31079071]
 [-0.24678397  0.29884978 -0.33115022]
 [ 0.03602667  0.10745525 -0.52254475]]","[1887. 2242.  929. 1921. 2256.  915. 2071. 2118. 1053. 2208. 2242.  929.
 2174. 2256.  915. 2024. 2118. 1053.]","[1883. 2228.  935. 1946. 2230.  933. 2094. 2135. 1037. 2211. 2230.  932.
 2158. 2228.  930. 1999. 2138. 1037.]","[-1.6496e+01  4.6140e+00  6.4825e+01 -6.1000e-02  1.2210e-01 -5.4930e-01
 -8.9400e-02 -2.9980e-01  9.5070e-01]",114
913,4,"[[ 0.24324942 -0.29927105  0.33072895]
 [-0.02391433 -0.10110362  0.52889638]
 [-0.20002102 -0.31909686  0.31090314]
 [ 0.20002102  0.31909686 -0.31090314]
 [-0.24324942  0.29927105 -0.33072895]
 [ 0.02391433  0.10110362 -0.52889638]]","[1889. 2243.  928. 1917. 2256.  915. 2063. 2113. 1058. 2206. 2243.  928.
 2178. 2256.  915. 2032. 2113. 1058.]","[1886. 2228.  934. 1943. 2230.  934. 2086. 2130. 1043. 2209. 2230.  932.
 2162. 2228.  930. 2008. 2132. 1042.]","[-16.501    4.62    64.797    0.       0.1831  -0.6104  -0.0693  -0.3105
   0.9482]",114
914,4,"[[ 0.23961919 -0.29969236  0.33030764]
 [-0.01181243 -0.0955743   0.5344257 ]
 [-0.20527996 -0.31895491  0.31104509]
 [ 0.20527996  0.31895491 -0.31104509]
 [-0.23961919  0.29969236 -0.33030764]
 [ 0.01181243  0.0955743  -0.5344257 ]]","[1891. 2243.  928. 1914. 2255.  916. 2055. 2110. 1061. 2204. 2243.  928.
 2181. 2255.  916. 2040. 2110. 1061.]","[1889. 2228.  933. 1939. 2230.  934. 2079. 2125. 1048. 2206. 2230.  932.
 2165. 2228.  930. 2016. 2126. 1047.]","[-16.501    4.62    64.77     0.1221   0.1831  -0.6104  -0.0913  -0.3003
   0.9517]",114
915,4,"[[ 2.35894705e-01 -3.00113528e-01  3.29886472e-01]
 [ 2.59362348e-04 -9.08768622e-02  5.39123138e-01]
 [-2.10421016e-01 -3.18783994e-01  3.11216006e-01]
 [ 2.10421016e-01  3.18783994e-01 -3.11216006e-01]
 [-2.35894705e-01  3.00113528e-01 -3.29886472e-01]
 [-2.59362348e-04  9.08768622e-02 -5.39123138e-01]]","[1894. 2243.  928. 1910. 2255.  916. 2047. 2107. 1064. 2201. 2243.  928.
 2185. 2255.  916. 2048. 2107. 1064.]","[1891. 2229.  933. 1936. 2229.  933. 2071. 2120. 1052. 2204. 2229.  932.
 2169. 2228.  930. 2024. 2121. 1052.]","[-1.6501e+01  4.6250e+00  6.4759e+01  1.8310e-01  6.1000e-02 -1.8310e-01
 -8.1100e-02 -3.0180e-01  9.4780e-01]",114
916,4,"[[ 0.23207743 -0.30053435  0.32946565]
 [ 0.01228184 -0.08701967  0.54298033]
 [-0.21544181 -0.31858467  0.31141533]
 [ 0.21544181  0.31858467 -0.31141533]
 [-0.23207743  0.30053435 -0.32946565]
 [-0.01228184  0.08701967 -0.54298033]]","[1896. 2243.  928. 1907. 2255.  916. 2039. 2104. 1067. 2199. 2243.  928.
 2188. 2255.  916. 2056. 2104. 1067.]","[1893. 2229.  932. 1932. 2230.  934. 2063. 2116. 1057. 2201. 2230.  932.
 2172. 2228.  930. 2032. 2118. 1056.]","[-1.6501e+01  4.6250e+00  6.4753e+01  1.2210e-01  6.1000e-02 -1.8310e-01
 -7.2800e-02 -2.9590e-01  9.5210e-01]",114
917,4,"[[ 0.22816887 -0.30095462  0.32904538]
 [ 0.0242363  -0.08400985  0.54599015]
 [-0.22034003 -0.31835752  0.31164248]
 [ 0.22034003  0.31835752 -0.31164248]
 [-0.22816887  0.30095462 -0.32904538]
 [-0.0242363   0.08400985 -0.54599015]]","[1899. 2244.  927. 1904. 2255.  916. 2032. 2102. 1069. 2196. 2244.  927.
 2191. 2255.  916. 2063. 2102. 1069.]","[1895. 2228.  932. 1928. 2230.  933. 2055. 2112. 1060. 2200. 2229.  932.
 2175. 2228.  930. 2039. 2114. 1060.]","[-16.496    4.631   64.737    0.2441   0.1221  -0.3052  -0.0874  -0.292
   0.957 ]",114
918,4,"[[ 0.22417056 -0.30137415  0.32862585]
 [ 0.03610455 -0.08185329  0.54814671]
 [-0.22511344 -0.31810318  0.31189682]
 [ 0.22511344  0.31810318 -0.31189682]
 [-0.22417056  0.30137415 -0.32862585]
 [-0.03610455  0.08185329 -0.54814671]]","[1901. 2244.  927. 1901. 2255.  916. 2024. 2101. 1070. 2194. 2244.  927.
 2194. 2255.  916. 2071. 2101. 1070.]","[1898. 2229.  932. 1925. 2230.  934. 2047. 2109. 1064. 2197. 2229.  932.
 2178. 2228.  930. 2047. 2111. 1063.]","[-1.6490e+01  4.6360e+00  6.4704e+01  1.2210e-01  6.1000e-02 -3.6620e-01
 -8.9400e-02 -2.7930e-01  9.6880e-01]",114
919,4,"[[ 0.22008408 -0.30179275  0.32820725]
 [ 0.04786895 -0.08055503  0.54944497]
 [-0.22975991 -0.31782231  0.31217769]
 [ 0.22975991  0.31782231 -0.31217769]
 [-0.22008408  0.30179275 -0.32820725]
 [-0.04786895  0.08055503 -0.54944497]]","[1904. 2244.  927. 1898. 2255.  916. 2016. 2100. 1071. 2191. 2244.  927.
 2197. 2255.  916. 2079. 2100. 1071.]","[1901. 2229.  932. 1921. 2230.  933. 2039. 2107. 1066. 2195. 2229.  932.
 2182. 2228.  930. 2055. 2108. 1065.]","[-1.6490e+01  4.6360e+00  6.4688e+01  6.1000e-02  1.2210e-01 -4.2720e-01
 -8.3000e-02 -2.7930e-01  9.6190e-01]",114
920,4,"[[ 0.21591102 -0.30221023  0.32778977]
 [ 0.05951239 -0.08012695  0.54987305]
 [-0.23427734 -0.31751558  0.31248442]
 [ 0.23427734  0.31751558 -0.31248442]
 [-0.21591102  0.30221023 -0.32778977]
 [-0.05951239  0.08012695 -0.54987305]]","[1907. 2245.  926. 1895. 2254.  916. 2009. 2100. 1071. 2188. 2245.  926.
 2200. 2254.  916. 2086. 2100. 1071.]","[1903. 2229.  931. 1918. 2230.  934. 2031. 2105. 1068. 2192. 2230.  931.
 2185. 2228.  931. 2063. 2106. 1067.]","[-1.6490e+01  4.6360e+00  6.4671e+01  0.0000e+00  6.1000e-02 -1.8310e-01
 -8.5900e-02 -2.8610e-01  9.5560e-01]",114
921,4,"[[ 0.21165304 -0.30262638  0.32737362]
 [ 0.07101832 -0.08053617  0.54946383]
 [-0.23866376 -0.31718371  0.31281629]
 [ 0.23866376  0.31718371 -0.31281629]
 [-0.21165304  0.30262638 -0.32737362]
 [-0.07101832  0.08053617 -0.54946383]]","[1910. 2245.  926. 1892. 2254.  917. 2001. 2100. 1071. 2185. 2245.  926.
 2203. 2254.  917. 2094. 2100. 1071.]","[1906. 2229.  931. 1915. 2230.  934. 2024. 2103. 1069. 2190. 2229.  931.
 2188. 2228.  931. 2072. 2106. 1069.]","[-1.6490e+01  4.6420e+00  6.4666e+01  0.0000e+00  6.1000e-02 -2.4410e-01
 -7.6700e-02 -2.9390e-01  9.4580e-01]",114
922,4,"[[ 0.20731181 -0.30304102  0.32695898]
 [ 0.08237078 -0.08111714  0.54888286]
 [-0.24291725 -0.31682746  0.31317254]
 [ 0.24291725  0.31682746 -0.31317254]
 [-0.20731181  0.30304102 -0.32695898]
 [-0.08237078  0.08111714 -0.54888286]]","[1912. 2245.  926. 1889. 2254.  917. 1994. 2100. 1071. 2183. 2245.  926.
 2206. 2254.  917. 2101. 2100. 1071.]","[1908. 2229.  931. 1913. 2230.  933. 2016. 2103. 1069. 2187. 2230.  930.
 2191. 2228.  930. 2079. 2104. 1070.]","[-1.6490e+01  4.6420e+00  6.4649e+01  6.1000e-02  1.8310e-01 -5.4930e-01
 -7.4200e-02 -2.8760e-01  9.6040e-01]",114
923,4,"[[ 0.20288903 -0.30345396  0.32654604]
 [ 0.09355438 -0.08177069  0.54822931]
 [-0.24703597 -0.31644757  0.31355243]
 [ 0.24703597  0.31644757 -0.31355243]
 [-0.20288903  0.30345396 -0.32654604]
 [-0.09355438  0.08177069 -0.54822931]]","[1915. 2245.  926. 1886. 2254.  917. 1987. 2101. 1070. 2180. 2245.  926.
 2209. 2254.  917. 2108. 2101. 1070.]","[1911. 2228.  930. 1909. 2230.  934. 2009. 2103. 1070. 2185. 2229.  930.
 2194. 2228.  930. 2086. 2104. 1069.]","[-1.6490e+01  4.6420e+00  6.4627e+01  6.1000e-02  1.2210e-01 -4.2720e-01
 -8.5000e-02 -2.8710e-01  9.5020e-01]",114
924,4,"[[ 0.19838644 -0.30386501  0.32613499]
 [ 0.10455433 -0.08261918  0.54738082]
 [-0.25101818 -0.31604486  0.31395514]
 [ 0.25101818  0.31604486 -0.31395514]
 [-0.19838644  0.30386501 -0.32613499]
 [-0.10455433  0.08261918 -0.54738082]]","[1918. 2246.  925. 1884. 2254.  917. 1979. 2101. 1070. 2177. 2246.  925.
 2211. 2254.  917. 2116. 2101. 1070.]","[1914. 2229.  930. 1906. 2230.  933. 2001. 2103. 1069. 2181. 2229.  930.
 2197. 2228.  930. 2094. 2104. 1070.]","[-1.6490e+01  4.6470e+00  6.4611e+01  6.1000e-02  6.1000e-02 -3.0520e-01
 -8.5400e-02 -2.9300e-01  9.5800e-01]",114
925,4,"[[ 0.19380582 -0.30427398  0.32572602]
 [ 0.11535643 -0.08369163  0.54630837]
 [-0.25486221 -0.31562012  0.31437988]
 [ 0.25486221  0.31562012 -0.31437988]
 [-0.19380582  0.30427398 -0.32572602]
 [-0.11535643  0.08369163 -0.54630837]]","[1921. 2246.  925. 1881. 2253.  918. 1972. 2102. 1069. 2174. 2246.  925.
 2214. 2253.  918. 2123. 2102. 1069.]","[1916. 2229.  930. 1903. 2230.  933. 1994. 2103. 1070. 2179. 2229.  930.
 2200. 2228.  930. 2101. 2104. 1069.]","[-1.6485e+01  4.6470e+00  6.4600e+01  6.1000e-02  1.2210e-01 -3.6620e-01
 -8.0100e-02 -2.9000e-01  9.4730e-01]",114
926,4,"[[ 0.18914896 -0.30468069  0.32531931]
 [ 0.12594709 -0.0849974   0.5450026 ]
 [-0.25856647 -0.31517418  0.31482582]
 [ 0.25856647  0.31517418 -0.31482582]
 [-0.18914896  0.30468069 -0.32531931]
 [-0.12594709  0.0849974  -0.5450026 ]]","[1924. 2246.  925. 1879. 2253.  918. 1965. 2103. 1068. 2171. 2246.  925.
 2216. 2253.  918. 2130. 2103. 1068.]","[1920. 2231.  929. 1900. 2230.  933. 1986. 2103. 1070. 2176. 2229.  930.
 2204. 2228.  930. 2108. 2104. 1069.]","[-1.6485e+01  4.6470e+00  6.4578e+01  6.1000e-02  1.8310e-01 -4.2720e-01
 -8.3500e-02 -2.9100e-01  9.5800e-01]",114
927,4,"[[ 0.18441771 -0.30508496  0.32491504]
 [ 0.13631332 -0.08654218  0.54345782]
 [-0.26212944 -0.31470791  0.31529209]
 [ 0.26212944  0.31470791 -0.31529209]
 [-0.18441771  0.30508496 -0.32491504]
 [-0.13631332  0.08654218 -0.54345782]]","[1927. 2246.  925. 1877. 2253.  918. 1959. 2104. 1067. 2168. 2246.  925.
 2218. 2253.  918. 2136. 2104. 1067.]","[1923. 2231.  929. 1898. 2230.  933. 1979. 2103. 1069. 2173. 2230.  930.
 2207. 2228.  931. 2116. 2104. 1069.]","[-16.485    4.658   64.561    0.1221   0.3662  -0.2441  -0.0737  -0.2847
   0.9604]",114
928,4,"[[ 0.17961391 -0.3054866   0.3245134 ]
 [ 0.14644274 -0.08833093  0.54166907]
 [-0.2655497  -0.31422215  0.31577785]
 [ 0.2655497   0.31422215 -0.31577785]
 [-0.17961391  0.3054866  -0.3245134 ]
 [-0.14644274  0.08833093 -0.54166907]]","[1930. 2247.  924. 1874. 2252.  919. 1952. 2105. 1066. 2165. 2247.  924.
 2221. 2252.  919. 2143. 2105. 1066.]","[1926. 2232.  929. 1895. 2230.  934. 1972. 2103. 1068. 2171. 2229.  930.
 2208. 2227.  930. 2123. 2105. 1068.]","[-16.479    4.664   64.545    0.2441   0.1831  -0.2441  -0.0879  -0.292
   0.9429]",114
929,4,"[[ 0.17473947 -0.30588543  0.32411457]
 [ 0.15632357 -0.09036832  0.53963168]
 [-0.26882591 -0.3137178   0.3162822 ]
 [ 0.26882591  0.3137178  -0.3162822 ]
 [-0.17473947  0.30588543 -0.32411457]
 [-0.15632357  0.09036832 -0.53963168]]","[1934. 2247.  924. 1872. 2252.  919. 1946. 2106. 1065. 2161. 2247.  924.
 2223. 2252.  919. 2149. 2106. 1065.]","[1929. 2232.  929. 1893. 2230.  934. 1965. 2104. 1067. 2167. 2229.  929.
 2210. 2227.  931. 2130. 2105. 1067.]","[-1.6474e+01  4.6690e+00  6.4534e+01  6.1000e-02  1.8310e-01 -1.8310e-01
 -7.4200e-02 -2.8960e-01  9.4680e-01]",114
930,4,"[[ 0.16979629 -0.30628128  0.32371872]
 [ 0.16594465 -0.09265882  0.53734118]
 [-0.27195681 -0.31319574  0.31680426]
 [ 0.27195681  0.31319574 -0.31680426]
 [-0.16979629  0.30628128 -0.32371872]
 [-0.16594465  0.09265882 -0.53734118]]","[1937. 2247.  924. 1870. 2252.  919. 1939. 2108. 1063. 2158. 2247.  924.
 2225. 2252.  919. 2156. 2108. 1063.]","[1932. 2232.  929. 1891. 2230.  933. 1959. 2105. 1067. 2164. 2230.  928.
 2213. 2228.  931. 2136. 2106. 1066.]","[-1.6474e+01  4.6800e+00  6.4523e+01  6.1000e-02  1.8310e-01 -3.6620e-01
 -7.3700e-02 -2.8560e-01  9.6240e-01]",114
931,4,"[[ 0.16478632 -0.30667396  0.32332604]
 [ 0.17529542 -0.09520669  0.53479331]
 [-0.2749412  -0.31265686  0.31734314]
 [ 0.2749412   0.31265686 -0.31734314]
 [-0.16478632  0.30667396 -0.32332604]
 [-0.17529542  0.09520669 -0.53479331]]","[1940. 2247.  924. 1868. 2251.  920. 1933. 2110. 1061. 2155. 2247.  924.
 2227. 2251.  920. 2162. 2110. 1061.]","[1935. 2233.  929. 1887. 2230.  933. 1952. 2106. 1065. 2162. 2230.  929.
 2216. 2228.  931. 2143. 2107. 1065.]","[-16.469    4.68    64.506    0.1221   0.1221  -0.3662  -0.0811  -0.2842
   0.9502]",114
932,4,"[[ 0.15971154 -0.30706331  0.32293669]
 [ 0.18436592 -0.098016    0.531984  ]
 [-0.27777799 -0.31210209  0.31789791]
 [ 0.27777799  0.31210209 -0.31789791]
 [-0.15971154  0.30706331 -0.32293669]
 [-0.18436592  0.098016   -0.531984  ]]","[1943. 2248.  923. 1866. 2251.  920. 1927. 2111. 1060. 2152. 2248.  923.
 2229. 2251.  920. 2168. 2111. 1060.]","[1937. 2233.  929. 1886. 2230.  934. 1946. 2108. 1064. 2158. 2230.  928.
 2217. 2228.  931. 2149. 2108. 1063.]","[-1.6469e+01  4.6800e+00  6.4490e+01  6.1000e-02  6.1000e-02 -3.6620e-01
 -8.7900e-02 -2.8660e-01  9.5310e-01]",114
933,4,"[[ 0.15457393 -0.30744915  0.32255085]
 [ 0.19314678 -0.10109062  0.52890938]
 [-0.28046616 -0.31153235  0.31846765]
 [ 0.28046616  0.31153235 -0.31846765]
 [-0.15457393  0.30744915 -0.32255085]
 [-0.19314678  0.10109062 -0.52890938]]","[1947. 2248.  923. 1865. 2251.  920. 1922. 2113. 1058. 2148. 2248.  923.
 2230. 2251.  920. 2173. 2113. 1058.]","[1941. 2233.  929. 1883. 2230.  934. 1940. 2110. 1062. 2155. 2230.  928.
 2220. 2228.  930. 2155. 2110. 1062.]","[-16.463    4.68    64.473    0.       0.1221  -0.3662  -0.082   -0.2852
   0.9492]",114
934,4,"[[ 0.14937552 -0.3078313   0.3221687 ]
 [ 0.20162925 -0.10443418  0.52556582]
 [-0.28300477 -0.31094855  0.31905145]
 [ 0.28300477  0.31094855 -0.31905145]
 [-0.14937552  0.3078313  -0.3221687 ]
 [-0.20162925  0.10443418 -0.52556582]]","[1950. 2248.  923. 1863. 2250.  921. 1916. 2116. 1055. 2145. 2248.  923.
 2232. 2250.  921. 2179. 2116. 1055.]","[1944. 2233.  928. 1881. 2230.  934. 1934. 2111. 1060. 2152. 2230.  928.
 2222. 2228.  931. 2162. 2112. 1060.]","[-16.469    4.686   64.457    0.       0.1221  -0.4883  -0.0879  -0.2866
   0.9521]",114
935,4,"[[ 0.14411836 -0.30820961  0.32179039]
 [ 0.20980513 -0.10805008  0.52194992]
 [-0.28539297 -0.31035163  0.31964837]
 [ 0.28539297  0.31035163 -0.31964837]
 [-0.14411836  0.30820961 -0.32179039]
 [-0.20980513  0.10805008 -0.52194992]]","[1954. 2248.  923. 1861. 2250.  921. 1911. 2118. 1053. 2141. 2248.  923.
 2234. 2250.  921. 2184. 2118. 1053.]","[1947. 2233.  928. 1880. 2230.  934. 1928. 2114. 1059. 2149. 2230.  928.
 2224. 2227.  930. 2168. 2113. 1058.]","[-1.6469e+01  4.6860e+00  6.4440e+01 -6.1000e-02  6.1000e-02 -3.6620e-01
 -7.3700e-02 -2.8610e-01  9.4780e-01]",114
936,4,"[[ 0.1388045  -0.30858391  0.32141609]
 [ 0.21766683 -0.11194149  0.51805851]
 [-0.28762996 -0.30974251  0.32025749]
 [ 0.28762996  0.30974251 -0.32025749]
 [-0.1388045   0.30858391 -0.32141609]
 [-0.21766683  0.11194149 -0.51805851]]","[1957. 2249.  922. 1860. 2249.  922. 1906. 2120. 1050. 2138. 2249.  922.
 2235. 2249.  922. 2189. 2120. 1050.]","[1951. 2233.  928. 1877. 2230.  933. 1922. 2116. 1056. 2146. 2231.  928.
 2226. 2228.  931. 2173. 2116. 1056.]","[-16.479    4.68    64.424   -0.2441   0.      -0.4272  -0.0708  -0.2842
   0.9604]",114
937,4,"[[ 0.13343605 -0.30895403  0.32104597]
 [ 0.22520732 -0.11611135  0.51388865]
 [-0.28971507 -0.30912215  0.32087785]
 [ 0.28971507  0.30912215 -0.32087785]
 [-0.13343605  0.30895403 -0.32104597]
 [-0.22520732  0.11611135 -0.51388865]]","[1961. 2249.  922. 1859. 2249.  922. 1901. 2123. 1048. 2134. 2249.  922.
 2236. 2249.  922. 2194. 2123. 1048.]","[1955. 2233.  927. 1876. 2230.  933. 1916. 2118. 1053. 2143. 2231.  927.
 2229. 2228.  930. 2178. 2118. 1053.]","[-16.485    4.68    64.402    0.       0.1221  -0.4883  -0.083   -0.2866
   0.9556]",114
938,4,"[[ 0.12801511 -0.30931981  0.32068019]
 [ 0.23242016 -0.12056233  0.50943767]
 [-0.29164767 -0.30849146  0.32150854]
 [ 0.29164767  0.30849146 -0.32150854]
 [-0.12801511  0.30931981 -0.32068019]
 [-0.23242016  0.12056233 -0.50943767]]","[1964. 2249.  922. 1857. 2249.  922. 1896. 2126. 1045. 2131. 2249.  922.
 2238. 2249.  922. 2199. 2126. 1045.]","[1958. 2233.  927. 1873. 2230.  934. 1909. 2121. 1051. 2139. 2231.  927.
 2231. 2227.  930. 2185. 2121. 1051.]","[-16.485    4.68    64.38     0.       0.1221  -0.4272  -0.0806  -0.2886
   0.9482]",114
939,4,"[[ 0.12254382 -0.30968109  0.32031891]
 [ 0.23929943 -0.12529686  0.50470314]
 [-0.29342722 -0.30785138  0.32214862]
 [ 0.29342722  0.30785138 -0.32214862]
 [-0.12254382  0.30968109 -0.32031891]
 [-0.23929943  0.12529686 -0.50470314]]","[1968. 2249.  922. 1856. 2248.  923. 1892. 2129. 1042. 2127. 2249.  922.
 2239. 2248.  923. 2203. 2129. 1042.]","[1962. 2233.  927. 1872. 2230.  934. 1905. 2123. 1048. 2135. 2231.  927.
 2233. 2227.  930. 2190. 2123. 1048.]","[-1.6485e+01  4.6800e+00  6.4363e+01 -6.1000e-02  6.1000e-02 -4.2720e-01
 -8.1100e-02 -2.9250e-01  9.5310e-01]",114
940,4,"[[ 0.11702433 -0.31003772  0.31996228]
 [ 0.2458398  -0.13031709  0.49968291]
 [-0.29505328 -0.30720286  0.32279714]
 [ 0.29505328  0.30720286 -0.32279714]
 [-0.11702433  0.31003772 -0.31996228]
 [-0.2458398   0.13031709 -0.49968291]]","[1971. 2250.  921. 1855. 2248.  923. 1887. 2132. 1039. 2124. 2250.  921.
 2240. 2248.  923. 2208. 2132. 1039.]","[1965. 2233.  927. 1871. 2230.  934. 1900. 2126. 1045. 2133. 2231.  926.
 2234. 2227.  931. 2195. 2126. 1045.]","[-1.6490e+01  4.6750e+00  6.4341e+01 -6.1000e-02  6.1000e-02 -4.2720e-01
 -8.2000e-02 -2.9100e-01  9.5120e-01]",114
941,4,"[[ 0.1114588  -0.31038954  0.31961046]
 [ 0.25203645 -0.13562492  0.49437508]
 [-0.29652546 -0.30654681  0.32345319]
 [ 0.29652546  0.30654681 -0.32345319]
 [-0.1114588   0.31038954 -0.31961046]
 [-0.25203645  0.13562492 -0.49437508]]","[1975. 2250.  921. 1854. 2247.  924. 1883. 2136. 1035. 2120. 2250.  921.
 2241. 2247.  924. 2212. 2136. 1035.]","[1968. 2233.  927. 1870. 2229.  934. 1895. 2129. 1043. 2131. 2231.  926.
 2236. 2227.  931. 2200. 2129. 1043.]","[-1.6496e+01  4.6750e+00  6.4325e+01  0.0000e+00  6.1000e-02 -4.8830e-01
 -8.4500e-02 -2.9100e-01  9.5460e-01]",114
942,4,"[[ 0.10584943 -0.3107364   0.3192636 ]
 [ 0.2578851  -0.14122197  0.48877803]
 [-0.29784346 -0.30588416  0.32411584]
 [ 0.29784346  0.30588416 -0.32411584]
 [-0.10584943  0.3107364  -0.3192636 ]
 [-0.2578851   0.14122197 -0.48877803]]","[1978. 2250.  921. 1853. 2247.  924. 1879. 2140. 1031. 2117. 2250.  921.
 2242. 2247.  924. 2216. 2140. 1031.]","[1971. 2233.  927. 1868. 2229.  934. 1892. 2132. 1040. 2129. 2231.  926.
 2237. 2227.  931. 2204. 2132. 1040.]","[-1.6496e+01  4.6750e+00  6.4308e+01  0.0000e+00  6.1000e-02 -4.2720e-01
 -8.5000e-02 -2.9350e-01  9.4920e-01]",114
943,4,"[[ 0.10019843 -0.31107815  0.31892185]
 [ 0.26338201 -0.1471096   0.4828904 ]
 [-0.29900707 -0.30521583  0.32478417]
 [ 0.29900707  0.30521583 -0.32478417]
 [-0.10019843  0.31107815 -0.31892185]
 [-0.26338201  0.1471096  -0.4828904 ]]","[1982. 2250.  921. 1853. 2246.  924. 1876. 2143. 1028. 2113. 2250.  921.
 2242. 2246.  924. 2219. 2143. 1028.]","[1974. 2233.  927. 1867. 2230.  934. 1887. 2135. 1037. 2125. 2231.  926.
 2238. 2228.  931. 2208. 2135. 1036.]","[-1.6501e+01  4.6690e+00  6.4286e+01 -1.2210e-01  6.1000e-02 -4.2720e-01
 -7.7100e-02 -2.9050e-01  9.4920e-01]",114
944,4,"[[ 0.09450801 -0.31141465  0.31858535]
 [ 0.26852392 -0.15328886  0.47671114]
 [-0.30001614 -0.30454274  0.32545726]
 [ 0.30001614  0.30454274 -0.32545726]
 [-0.09450801  0.31141465 -0.31858535]
 [-0.26852392  0.15328886 -0.47671114]]","[1986. 2251.  920. 1852. 2246.  925. 1872. 2147. 1024. 2109. 2251.  920.
 2243. 2246.  925. 2223. 2147. 1024.]","[1977. 2233.  927. 1866. 2230.  934. 1884. 2138. 1033. 2122. 2231.  925.
 2240. 2227.  930. 2212. 2138. 1033.]","[-1.6512e+01  4.6690e+00  6.4270e+01 -1.2210e-01  6.1000e-02 -4.8830e-01
 -8.2000e-02 -2.8960e-01  9.5850e-01]",114
945,4,"[[ 0.08878042 -0.31174576  0.31825424]
 [ 0.27330809 -0.15976055  0.47023945]
 [-0.30087062 -0.30386579  0.32613421]
 [ 0.30087062  0.30386579 -0.32613421]
 [-0.08878042  0.31174576 -0.31825424]
 [-0.27330809  0.15976055 -0.47023945]]","[1990. 2251.  920. 1851. 2246.  925. 1869. 2152. 1019. 2105. 2251.  920.
 2244. 2246.  925. 2226. 2152. 1019.]","[1981. 2233.  926. 1866. 2230.  934. 1880. 2143. 1029. 2118. 2231.  925.
 2241. 2227.  931. 2216. 2142. 1030.]","[-16.518    4.669   64.248    0.       0.1221  -0.4272  -0.0806  -0.2891
   0.9492]",114
946,4,"[[ 0.08301791 -0.31207132  0.31792868]
 [ 0.27773226 -0.16652515  0.46347485]
 [-0.30157053 -0.30318588  0.32681412]
 [ 0.30157053  0.30318588 -0.32681412]
 [-0.08301791  0.31207132 -0.31792868]
 [-0.27773226  0.16652515 -0.46347485]]","[1993. 2251.  920. 1851. 2245.  926. 1866. 2156. 1015. 2102. 2251.  920.
 2244. 2245.  926. 2229. 2156. 1015.]","[1985. 2233.  927. 1865. 2230.  934. 1875. 2146. 1025. 2113. 2232.  925.
 2242. 2227.  931. 2220. 2147. 1025.]","[-1.6518e+01  4.6690e+00  6.4232e+01 -6.1000e-02  6.1000e-02 -4.2720e-01
 -8.2000e-02 -2.8710e-01  9.4920e-01]",114
947,4,"[[ 0.07722275 -0.31239121  0.31760879]
 [ 0.28179466 -0.17358288  0.45641712]
 [-0.30211607 -0.30250389  0.32749611]
 [ 0.30211607  0.30250389 -0.32749611]
 [-0.07722275  0.31239121 -0.31760879]
 [-0.28179466  0.17358288 -0.45641712]]","[1997. 2251.  920. 1851. 2245.  926. 1864. 2161. 1010. 2098. 2251.  920.
 2244. 2245.  926. 2231. 2161. 1010.]","[1989. 2234.  927. 1863. 2229.  934. 1872. 2152. 1020. 2109. 2232.  925.
 2244. 2227.  932. 2224. 2151. 1020.]","[-16.529    4.669   64.221   -0.1831   0.      -0.2441  -0.0859  -0.2861
   0.957 ]",114
948,4,"[[ 0.0713972  -0.31270529  0.31729471]
 [ 0.28549398 -0.18093366  0.44906634]
 [-0.3025081  -0.30182071  0.32817929]
 [ 0.3025081   0.30182071 -0.32817929]
 [-0.0713972   0.31270529 -0.31729471]
 [-0.28549398  0.18093366 -0.44906634]]","[2001. 2251.  920. 1850. 2244.  927. 1861. 2165. 1006. 2094. 2251.  920.
 2245. 2244.  927. 2234. 2165. 1006.]","[1990. 2233.  927. 1863. 2230.  934. 1870. 2155. 1018. 2107. 2232.  924.
 2245. 2228.  933. 2226. 2153. 1017.]","[-1.6534e+01  4.6640e+00  6.4210e+01 -1.8310e-01 -1.2210e-01 -6.1000e-02
 -7.7100e-02 -2.8080e-01  9.5070e-01]",114
949,4,"[[ 0.06554358 -0.31301343  0.31698657]
 [ 0.28882936 -0.18857712  0.44142288]
 [-0.30274954 -0.30113718  0.32886282]
 [ 0.30274954  0.30113718 -0.32886282]
 [-0.06554358  0.31301343 -0.31698657]
 [-0.28882936  0.18857712 -0.44142288]]","[2005. 2252.  919. 1850. 2244.  927. 1859. 2170. 1001. 2090. 2252.  919.
 2245. 2244.  927. 2236. 2170. 1001.]","[1992. 2233.  927. 1862. 2230.  934. 1866. 2159. 1013. 2104. 2232.  924.
 2247. 2227.  934. 2229. 2157. 1013.]","[-1.654e+01  4.664e+00  6.421e+01 -1.831e-01 -6.100e-02  0.000e+00
 -7.080e-02 -2.778e-01  9.551e-01]",114
950,4,"[[ 0.05966417 -0.3133155   0.3166845 ]
 [ 0.29180039 -0.19651257  0.43348743]
 [-0.30282348 -0.30045408  0.32954592]
 [ 0.30282348  0.30045408 -0.32954592]
 [-0.05966417  0.3133155  -0.3166845 ]
 [-0.29180039  0.19651257 -0.43348743]]","[2009. 2252.  919. 1850. 2243.  928. 1857. 2176.  995. 2086. 2252.  919.
 2245. 2243.  928. 2238. 2176.  995.]","[1997. 2233.  927. 1861. 2230.  935. 1863. 2165. 1007. 2098. 2232.  925.
 2247. 2227.  934. 2233. 2165. 1007.]","[-1.6545e+01  4.6580e+00  6.4210e+01 -6.1000e-02  0.0000e+00 -1.2210e-01
 -7.9100e-02 -2.8370e-01  9.5610e-01]",114
951,4,"[[ 0.0537613  -0.31361137  0.31638863]
 [ 0.2944071  -0.20473905  0.42526095]
 [-0.30253239 -0.2997715   0.3302285 ]
 [ 0.30253239  0.2997715  -0.3302285 ]
 [-0.0537613   0.31361137 -0.31638863]
 [-0.2944071   0.20473905 -0.42526095]]","[2012. 2252.  919. 1850. 2243.  928. 1856. 2181.  990. 2083. 2252.  919.
 2245. 2243.  928. 2239. 2181.  990.]","[1999. 2233.  927. 1860. 2229.  935. 1861. 2168. 1004. 2096. 2232.  924.
 2247. 2227.  935. 2234. 2168. 1004.]","[-1.6545e+01  4.6580e+00  6.4204e+01  0.0000e+00  0.0000e+00 -6.1000e-02
 -9.0800e-02 -2.9150e-01  9.5210e-01]",114
952,4,"[[ 0.04783727 -0.31390092  0.31609908]
 [ 0.29664993 -0.21325531  0.41674469]
 [-0.30173869 -0.29908871  0.33091129]
 [ 0.30173869  0.29908871 -0.33091129]
 [-0.04783727  0.31390092 -0.31609908]
 [-0.29664993  0.21325531 -0.41674469]]","[2016. 2252.  919. 1851. 2242.  928. 1854. 2187.  984. 2079. 2252.  919.
 2244. 2242.  928. 2241. 2187.  984.]","[2004. 2233.  926. 1859. 2230.  936. 1859. 2175.  997. 2092. 2232.  924.
 2247. 2227.  936. 2237. 2175.  996.]","[-1.6551e+01  4.6580e+00  6.4204e+01 -2.4410e-01  0.0000e+00  6.1000e-02
 -8.7900e-02 -2.9200e-01  9.4380e-01]",114
953,4,"[[ 0.04189444 -0.31418404  0.31581596]
 [ 0.29852973 -0.22205978  0.40794022]
 [-0.3004479  -0.29840623  0.33159377]
 [ 0.3004479   0.29840623 -0.33159377]
 [-0.04189444  0.31418404 -0.31581596]
 [-0.29852973  0.22205978 -0.40794022]]","[2020. 2252.  919. 1852. 2242.  929. 1853. 2192.  979. 2075. 2252.  919.
 2243. 2242.  929. 2242. 2192.  979.]","[2007. 2233.  926. 1859. 2230.  936. 1857. 2178.  994. 2090. 2232.  924.
 2247. 2227.  936. 2238. 2178.  993.]","[-16.562    4.664   64.215   -0.3052  -0.1221   0.3052  -0.0898  -0.2959
   0.9517]",114
954,4,"[[ 0.03593512 -0.3144606   0.3155394 ]
 [ 0.30004777 -0.2311506   0.3988494 ]
 [-0.29866726 -0.29772493  0.33227507]
 [ 0.29866726  0.29772493 -0.33227507]
 [-0.03593512  0.3144606  -0.3155394 ]
 [-0.30004777  0.2311506  -0.3988494 ]]","[2024. 2252.  918. 1853. 2242.  929. 1852. 2198.  973. 2071. 2252.  918.
 2242. 2242.  929. 2243. 2198.  973.]","[2011. 2234.  926. 1858. 2230.  937. 1856. 2183.  988. 2087. 2232.  924.
 2247. 2226.  936. 2240. 2183.  989.]","[-16.573    4.664   64.232   -0.2441  -0.1221   0.4272  -0.0781  -0.3022
   0.9541]",114
955,4,"[[ 0.02996166 -0.31473049  0.31526951]
 [ 0.30120568 -0.24052562  0.38947438]
 [-0.29640507 -0.29704572  0.33295428]
 [ 0.29640507  0.29704572 -0.33295428]
 [-0.02996166  0.31473049 -0.31526951]
 [-0.30120568  0.24052562 -0.38947438]]","[2028. 2253.  918. 1854. 2241.  930. 1851. 2204.  967. 2067. 2253.  918.
 2241. 2241.  930. 2244. 2204.  967.]","[2014. 2234.  926. 1858. 2230.  938. 1854. 2189.  983. 2084. 2232.  924.
 2247. 2227.  937. 2241. 2189.  983.]","[-1.6584e+01  4.6640e+00  6.4248e+01 -1.2210e-01 -6.1000e-02  2.4410e-01
 -6.9800e-02 -3.0320e-01  9.4430e-01]",114
956,4,"[[ 0.02397643 -0.31499361  0.31500639]
 [ 0.3020053  -0.25018239  0.37981761]
 [-0.29367073 -0.29636947  0.33363053]
 [ 0.29367073  0.29636947 -0.33363053]
 [-0.02397643  0.31499361 -0.31500639]
 [-0.3020053   0.25018239 -0.37981761]]","[2032. 2253.  918. 1856. 2241.  930. 1851. 2211.  960. 2063. 2253.  918.
 2239. 2241.  930. 2244. 2211.  960.]","[2018. 2234.  926. 1858. 2230.  938. 1853. 2195.  977. 2079. 2232.  924.
 2247. 2227.  936. 2242. 2194.  978.]","[-1.6589e+01  4.6640e+00  6.4254e+01 -6.1000e-02 -6.1000e-02  6.1000e-02
 -8.4500e-02 -3.0520e-01  9.6090e-01]",114
957,4,"[[ 0.01798176 -0.31524984  0.31475016]
 [ 0.30244704 -0.26011812  0.36988188]
 [-0.29047441 -0.29569708  0.33430292]
 [ 0.29047441  0.29569708 -0.33430292]
 [-0.01798176  0.31524984 -0.31475016]
 [-0.30244704  0.26011812 -0.36988188]]","[2036. 2253.  918. 1858. 2240.  931. 1850. 2217.  954. 2059. 2253.  918.
 2237. 2240.  931. 2245. 2217.  954.]","[2021. 2234.  926. 1858. 2230.  938. 1852. 2201.  971. 2076. 2232.  924.
 2246. 2226.  936. 2244. 2199.  974.]","[-1.6600e+01  4.6640e+00  6.4254e+01 -6.1000e-02  0.0000e+00  0.0000e+00
 -7.6200e-02 -2.9150e-01  9.4090e-01]",114
958,4,"[[ 0.01198001 -0.31549908  0.31450092]
 [ 0.30254801 -0.27032843  0.35967157]
 [-0.28682695 -0.29502944  0.33497056]
 [ 0.28682695  0.29502944 -0.33497056]
 [-0.01198001  0.31549908 -0.31450092]
 [-0.30254801  0.27032843 -0.35967157]]","[2040. 2253.  918. 1861. 2240.  931. 1850. 2224.  947. 2055. 2253.  918.
 2234. 2240.  931. 2245. 2224.  947.]","[2024. 2234.  926. 1858. 2230.  938. 1852. 2207.  965. 2072. 2233.  924.
 2245. 2227.  937. 2243. 2203.  969.]","[-16.611    4.664   64.248   -0.2441   0.      -0.1831  -0.0732  -0.2866
   0.9531]",114
959,4,"[[ 0.00597356 -0.31574123  0.31425877]
 [ 0.30246829 -0.28078961  0.34921039]
 [-0.2827398  -0.29436745  0.33563255]
 [ 0.2827398   0.29436745 -0.33563255]
 [-0.00597356  0.31574123 -0.31425877]
 [-0.30246829  0.28078961 -0.34921039]]","[2044. 2253.  918. 1863. 2239.  932. 1850. 2231.  940. 2051. 2253.  918.
 2232. 2239.  932. 2245. 2231.  940.]","[2028. 2234.  926. 1859. 2229.  939. 1851. 2214.  959. 2069. 2232.  924.
 2245. 2227.  938. 2244. 2207.  962.]","[-16.622    4.658   64.237   -0.3052   0.      -0.2441  -0.0732  -0.2754
   0.9624]",114
