count,T_count,theta_sim,theta_tick,position_Read_tick,IMU_data,voltage
0,0,"[[-0.00061915 -0.30520541  0.32479459]
 [-0.30016325 -0.2983252   0.3316748 ]
 [ 0.29447661 -0.29248257  0.33751743]
 [ 0.02049009  0.30306164 -0.32693836]
 [ 0.22660214  0.30948477 -0.32051523]
 [-0.21635631  0.29793346 -0.33206654]]","[2048. 2246.  925. 2034. 2245.  926. 2243. 2242.  929. 1900. 2249.  922.
 1856. 2238.  933. 2189. 2242.  929.]","[2049. 2222.  941. 2040. 2229.  939. 2241. 2243.  928. 1901. 2237.  931.
 1860. 2229.  940. 2186. 2240.  930.]",[ 0.      0.      0.      0.      0.      0.     -0.0767 -0.2974  0.9497],113
1,0,"[[-0.00534039 -0.30534061  0.32465939]
 [-0.29585698 -0.2976124   0.3323876 ]
 [ 0.2938008  -0.29259049  0.33740951]
 [-0.00437088  0.30223726 -0.32776274]
 [ 0.23003998  0.30951594 -0.32048406]
 [-0.21346898  0.29809013 -0.33190987]]","[2051. 2247.  924. 2050. 2245.  926. 2240. 2242.  929. 1898. 2249.  922.
 1856. 2238.  933. 2187. 2242.  929.]","[2049. 2223.  941. 2040. 2229.  939. 2241. 2243.  928. 1901. 2238.  931.
 1860. 2229.  940. 2186. 2240.  930.]","[-17.056    4.526   68.934    0.       0.       0.      -0.0767  -0.2969
   0.9507]",113
2,0,"[[-0.01006032 -0.30547425  0.32452575]
 [-0.28946933 -0.29691262  0.33308738]
 [ 0.29309332 -0.29270031  0.33729969]
 [-0.02903837  0.30139556 -0.32860444]
 [ 0.2334066   0.30954436 -0.32045564]
 [-0.2105389   0.29824709 -0.33175291]]","[2054. 2247.  924. 2066. 2244.  927. 2236. 2241.  930. 1895. 2249.  922.
 1856. 2238.  933. 2185. 2242.  929.]","[2049. 2223.  941. 2044. 2229.  939. 2241. 2243.  928. 1900. 2237.  930.
 1860. 2229.  940. 2186. 2240.  930.]","[-17.056    4.526   68.934    0.       0.       0.      -0.0767  -0.2974
   0.9502]",113
3,0,"[[-0.01477781 -0.30560631  0.32439369]
 [-0.28108003 -0.29622991  0.33377009]
 [ 0.29235393 -0.29281199  0.33718801]
 [-0.05334912  0.30054318 -0.32945682]
 [ 0.23670119  0.30957004 -0.32042996]
 [-0.20756651  0.2984043  -0.3315957 ]]","[2057. 2247.  924. 2082. 2243.  928. 2231. 2241.  930. 1893. 2249.  922.
 1857. 2238.  933. 2183. 2242.  929.]","[2049. 2222.  941. 2049. 2229.  939. 2241. 2243.  929. 1899. 2237.  931.
 1860. 2228.  940. 2186. 2240.  930.]","[-1.7056e+01  4.5260e+00  6.8934e+01 -6.1000e-02  0.0000e+00  0.0000e+00
 -6.3500e-02 -3.0030e-01  9.3410e-01]",113
4,0,"[[-0.01949172 -0.30573675  0.32426325]
 [-0.27078544 -0.29556825  0.33443175]
 [ 0.29158241 -0.29292547  0.33707453]
 [-0.07714838  0.29968682 -0.33031318]
 [ 0.23992296  0.30959296 -0.32040704]
 [-0.20455225  0.29856172 -0.33143828]]","[2060. 2247.  924. 2098. 2243.  928. 2224. 2240.  931. 1891. 2249.  922.
 1857. 2238.  933. 2181. 2242.  929.]","[2050. 2223.  941. 2056. 2229.  939. 2240. 2242.  929. 1898. 2237.  931.
 1861. 2228.  940. 2185. 2240.  930.]","[-1.7062e+01  4.5210e+00  6.8934e+01 -1.8310e-01  6.1000e-02 -3.6620e-01
 -6.3000e-02 -3.0710e-01  9.5460e-01]",113
5,0,"[[-0.02420088 -0.30586553  0.32413447]
 [-0.25869476 -0.29493147  0.33506853]
 [ 0.29077853 -0.2930407   0.3369593 ]
 [-0.1002906   0.29883321 -0.33116679]
 [ 0.24307114  0.30961312 -0.32038688]
 [-0.20149655  0.29871931 -0.33128069]]","[2063. 2247.  924. 2113. 2242.  929. 2216. 2240.  931. 1889. 2249.  922.
 1858. 2239.  932. 2179. 2242.  929.]","[2051. 2223.  941. 2067. 2229.  939. 2235. 2242.  929. 1897. 2237.  930.
 1860. 2229.  940. 2183. 2240.  930.]","[-17.073    4.515   68.912   -0.3052   0.1831  -0.6714  -0.0781  -0.3101
   0.9585]",113
6,0,"[[-0.02890418 -0.30599263  0.32400737]
 [-0.24492744 -0.29432328  0.33567672]
 [ 0.28994207 -0.29315763  0.33684237]
 [-0.12263994  0.29798903 -0.33201097]
 [ 0.24614498  0.3096305  -0.3203695 ]
 [-0.19839989  0.29887702 -0.33112298]]","[2066. 2247.  924. 2127. 2242.  929. 2207. 2239.  932. 1887. 2249.  922.
 1858. 2239.  932. 2177. 2242.  929.]","[2054. 2223.  941. 2081. 2229.  939. 2229. 2241.  930. 1896. 2237.  929.
 1860. 2229.  940. 2182. 2240.  930.]","[-1.7089e+01  4.5150e+00  6.8884e+01 -3.0520e-01  3.6620e-01 -7.9350e-01
 -5.5200e-02 -3.1250e-01  9.2190e-01]",113
7,0,"[[-0.03360045 -0.30611801  0.32388199]
 [-0.22961119 -0.29374723  0.33625277]
 [ 0.28907281 -0.2932762   0.3367238 ]
 [-0.14407058  0.29716088 -0.33283912]
 [ 0.24914374  0.30964511 -0.32035489]
 [-0.19526273  0.29903481 -0.33096519]]","[2069. 2247.  924. 2141. 2241.  930. 2197. 2239.  932. 1885. 2249.  922.
 1859. 2239.  932. 2175. 2242.  929.]","[2057. 2223.  941. 2093. 2230.  939. 2222. 2241.  931. 1895. 2237.  929.
 1861. 2229.  939. 2183. 2240.  930.]","[-1.7111e+01  4.5100e+00  6.8835e+01 -2.4410e-01  3.0520e-01 -1.6479e+00
 -3.6600e-02 -3.1740e-01  9.6390e-01]",113
8,0,"[[-0.03828857 -0.30624164  0.32375836]
 [-0.21288019 -0.29320669  0.33679331]
 [ 0.28817055 -0.29339637  0.33660363]
 [-0.164467    0.29635522 -0.33364478]
 [ 0.25206674  0.30965694 -0.32034306]
 [-0.19208556  0.29919265 -0.33080735]]","[2072. 2247.  924. 2155. 2241.  930. 2186. 2239.  932. 1883. 2249.  922.
 1860. 2239.  932. 2173. 2243.  928.]","[2060. 2223.  941. 2105. 2230.  938. 2215. 2240.  931. 1894. 2237.  929.
 1860. 2228.  938. 2183. 2240.  931.]","[-1.7128e+01  4.4930e+00  6.8741e+01  6.1000e-02  6.1040e-01 -2.7466e+00
 -4.2500e-02 -3.3250e-01  9.7170e-01]",113
9,0,"[[-0.04296738 -0.3063635   0.3236365 ]
 [-0.19487359 -0.29270483  0.33729517]
 [ 0.28723508 -0.29351809  0.33648191]
 [-0.18372399  0.29557831 -0.33442169]
 [ 0.2549133   0.30966602 -0.32033398]
 [-0.18886887  0.29935049 -0.33064951]]","[2076. 2247.  924. 2167. 2240.  931. 2175. 2238.  933. 1881. 2249.  922.
 1860. 2239.  932. 2171. 2243.  928.]","[2063. 2223.  941. 2117. 2230.  938. 2205. 2240.  931. 1894. 2237.  929.
 1861. 2229.  938. 2181. 2240.  931.]","[-1.7133e+01  4.4660e+00  6.8610e+01  5.4930e-01  7.9350e-01 -3.6011e+00
 -6.7900e-02 -3.2910e-01  9.4530e-01]",113
10,0,"[[-0.04763577 -0.30648354  0.32351646]
 [-0.17573402 -0.29224458  0.33775542]
 [ 0.2862662  -0.2936413   0.3363587 ]
 [-0.2017467   0.29483616 -0.33516384]
 [ 0.25768275  0.30967247 -0.32032753]
 [-0.18561316  0.29950829 -0.33049171]]","[2079. 2247.  924. 2179. 2240.  931. 2162. 2238.  933. 1880. 2249.  922.
 1861. 2239.  932. 2169. 2243.  928.]","[2066. 2223.  940. 2129. 2230.  938. 2195. 2240.  931. 1893. 2237.  929.
 1861. 2228.  937. 2178. 2240.  931.]","[-17.122    4.444   68.472    0.7935   0.6104  -3.1738  -0.1099  -0.3096
   0.9385]",113
11,0,"[[-0.05229258 -0.30660174  0.32339826]
 [-0.15560631 -0.26783172  0.36216828]
 [ 0.28526371 -0.29376596  0.33623404]
 [-0.21845052  0.29413449 -0.33586551]
 [ 0.26037448  0.30967664 -0.32032336]
 [-0.18231897  0.29966602 -0.33033398]]","[2082. 2247.  924. 2190. 2239.  932. 2149. 2222.  949. 1878. 2249.  922.
 1862. 2239.  932. 2166. 2243.  928.]","[2068. 2224.  940. 2142. 2230.  937. 2184. 2240.  932. 1892. 2237.  929.
 1861. 2229.  938. 2176. 2240.  931.]","[-17.111    4.433   68.373    0.6104   0.3052  -1.5869  -0.1152  -0.2871
   0.9517]",113
12,0,"[[-0.0569367  -0.30671807  0.32328193]
 [-0.13463633 -0.2186115   0.4113885 ]
 [ 0.28422742 -0.29389202  0.33610798]
 [-0.23376088  0.29347869 -0.33652131]
 [ 0.26298787  0.30967775 -0.32032225]
 [-0.17898681  0.29982363 -0.33017637]]","[2085. 2247.  924. 2200. 2239.  932. 2135. 2190.  981. 1876. 2249.  922.
 1862. 2239.  932. 2164. 2243.  928.]","[2070. 2225.  940. 2154. 2231.  937. 2173. 2235.  936. 1890. 2237.  929.
 1861. 2228.  938. 2174. 2240.  931.]","[-17.1      4.433   68.335    0.4272   0.1221  -0.2441  -0.0977  -0.2588
   0.959 ]",113
13,0,"[[-0.06156699 -0.3068325   0.3231675 ]
 [-0.11296987 -0.17591697  0.45408303]
 [ 0.28315715 -0.29401942  0.33598058]
 [-0.24761309  0.29287377 -0.33712623]
 [ 0.26552234  0.30965062 -0.32034938]
 [-0.17561724  0.29998108 -0.33001892]]","[2088. 2248.  923. 2209. 2238.  933. 2121. 2162. 1009. 1874. 2249.  922.
 1863. 2239.  932. 2162. 2243.  928.]","[2073. 2226.  938. 2166. 2231.  937. 2161. 2222.  949. 1887. 2237.  929.
 1860. 2228.  938. 2171. 2240.  931.]","[-1.7073e+01  4.4440e+00  6.8329e+01  7.3240e-01  1.8310e-01  6.1000e-02
 -1.0010e-01 -2.3930e-01  9.6630e-01]",113
14,0,"[[-0.06618233 -0.306945    0.323055  ]
 [-0.09075176 -0.13999968  0.49000032]
 [ 0.28205272 -0.29414813  0.33585187]
 [-0.25995197  0.29232431 -0.33767569]
 [ 0.26797734  0.30953764 -0.32046236]
 [-0.1722108   0.30013833 -0.32986167]]","[2091. 2248.  923. 2217. 2238.  933. 2107. 2139. 1032. 1873. 2249.  922.
 1864. 2239.  932. 2160. 2243.  928.]","[2076. 2226.  937. 2177. 2231.  937. 2148. 2204.  968. 1886. 2237.  929.
 1862. 2228.  938. 2169. 2240.  931.]","[-17.04     4.46    68.335    0.4883   0.1831   0.3052  -0.1089  -0.231
   0.9609]",113
15,0,"[[-0.0707816  -0.30705555  0.32294445]
 [-0.06812502 -0.11107143  0.51892857]
 [ 0.28091396 -0.29427809  0.33572191]
 [-0.27073163  0.26860403 -0.36139597]
 [ 0.27035233  0.30935571 -0.32064429]
 [-0.16876806  0.30029536 -0.32970464]]","[2094. 2248.  923. 2224. 2223.  948. 2092. 2120. 1051. 1871. 2249.  922.
 1864. 2239.  932. 2158. 2243.  928.]","[2079. 2226.  937. 2186. 2231.  937. 2135. 2183.  989. 1884. 2237.  929.
 1863. 2228.  937. 2167. 2240.  931.]","[-1.7012e+01  4.4820e+00  6.8351e+01  6.1000e-02  6.1000e-02  5.4930e-01
 -1.0990e-01 -2.3780e-01  9.6580e-01]",113
16,0,"[[-0.07536368 -0.30716411  0.32283589]
 [-0.04523011 -0.08930297  0.54069703]
 [ 0.2797407  -0.29440926  0.33559074]
 [-0.27991508  0.21172497 -0.41827503]
 [ 0.27264679  0.30911168 -0.32088832]
 [-0.1652896   0.30045211 -0.32954789]]","[2097. 2248.  923. 2230. 2186.  985. 2077. 2106. 1065. 1870. 2249.  922.
 1865. 2239.  932. 2155. 2243.  928.]","[2083. 2227.  936. 2198. 2225.  941. 2116. 2155. 1017. 1881. 2237.  929.
 1863. 2229.  937. 2163. 2240.  931.]","[-1.6996e+01  4.5040e+00  6.8373e+01 -2.4410e-01  6.1000e-02  5.4930e-01
 -8.2000e-02 -2.5390e-01  9.4190e-01]",113
17,0,"[[-0.07992746 -0.30727067  0.32272933]
 [-0.02220436 -0.07482297  0.55517703]
 [ 0.27853278 -0.29454158  0.33545842]
 [-0.28747395  0.16370023 -0.46629977]
 [ 0.27486026  0.30880885 -0.32119115]
 [-0.16177599  0.30060854 -0.32939146]]","[2100. 2248.  923. 2235. 2154. 1017. 2062. 2096. 1075. 1868. 2249.  922.
 1866. 2240.  931. 2153. 2243.  928.]","[2086. 2227.  935. 2204. 2214.  951. 2104. 2142. 1030. 1880. 2237.  929.
 1864. 2229.  937. 2161. 2240.  931.]","[-16.99     4.526   68.379   -0.4272   0.3052   0.      -0.0874  -0.2803
   0.9482]",113
18,0,"[[-0.08447183 -0.30737519  0.32262481]
 [ 0.00081858 -0.06771739  0.56228261]
 [ 0.27729005 -0.29467503  0.33532497]
 [-0.29338809  0.12487869 -0.50512131]
 [ 0.27699225  0.3084504  -0.3215496 ]
 [-0.15822785  0.30076464 -0.32923536]]","[2103. 2248.  923. 2239. 2129. 1042. 2047. 2092. 1079. 1867. 2249.  922.
 1867. 2240.  931. 2151. 2244.  927.]","[2088. 2227.  933. 2213. 2200.  968. 2092. 2128. 1045. 1879. 2236.  929.
 1865. 2229.  936. 2158. 2240.  931.]","[-17.012    4.57    68.379   -1.5869   1.4038   0.4883  -0.1543  -0.271
   0.8335]",113
19,0,"[[-0.08899569 -0.30747766  0.32252234]
 [ 0.02370915 -0.06810927  0.56189073]
 [ 0.27601236 -0.29480954  0.33519046]
 [-0.29764525  0.0955362  -0.5344638 ]
 [ 0.27904234  0.30803975 -0.32196025]
 [-0.15464577  0.30092034 -0.32907966]]","[2106. 2248.  923. 2242. 2110. 1061. 2032. 2092. 1079. 1866. 2248.  923.
 1868. 2240.  931. 2148. 2244.  927.]","[2092. 2227.  929. 2226. 2173.  999. 2073. 2112. 1060. 1877. 2234.  929.
 1866. 2229.  937. 2154. 2241.  930.]","[-17.111    4.675   68.428   -4.2114   1.8921   3.0518  -0.1494  -0.2075
   0.8301]",113
20,0,"[[-0.09349793 -0.30757803  0.32242197]
 [ 0.04634225 -0.07219055  0.55780945]
 [ 0.27469957 -0.29494508  0.33505492]
 [-0.30024072  0.07587388 -0.55412612]
 [ 0.2810101   0.30758053 -0.32241947]
 [-0.15103038  0.30107562 -0.32892438]]","[2108. 2248.  923. 2243. 2097. 1074. 2017. 2095. 1076. 1864. 2248.  923.
 1868. 2240.  931. 2146. 2244.  927.]","[2095. 2227.  928. 2233. 2157. 1015. 2063. 2107. 1065. 1876. 2235.  930.
 1867. 2229.  936. 2152. 2241.  930.]","[-17.281    4.801   68.56    -5.9204   1.0986   4.6997  -0.0762  -0.2192
   1.0234]",113
21,0,"[[-0.09797748 -0.3076763   0.3223237 ]
 [ 0.06859752 -0.07282964  0.55717036]
 [ 0.27335154 -0.2950816   0.3349184 ]
 [-0.30116951  0.06601701 -0.56398299]
 [ 0.28289515  0.30707655 -0.32292345]
 [-0.14738231  0.30123044 -0.32876956]]","[2111. 2248.  923. 2244. 2091. 1080. 2003. 2095. 1076. 1863. 2248.  923.
 1869. 2240.  931. 2144. 2244.  927.]","[2099. 2227.  926. 2237. 2136. 1036. 2048. 2103. 1070. 1872. 2234.  930.
 1869. 2229.  936. 2146. 2241.  929.]","[-1.7435e+01  4.9000e+00  6.8719e+01 -3.9673e+00  3.6620e-01  3.9673e+00
 -3.2700e-02 -2.3830e-01  1.1641e+00]",113
22,0,"[[-0.10243323 -0.30777244  0.32222756]
 [ 0.09035955 -0.07324271  0.55675729]
 [ 0.27196816 -0.29521906  0.33478094]
 [-0.30102274  0.06604422 -0.56395578]
 [ 0.28469713  0.30653176 -0.32346824]
 [-0.1437022   0.30138477 -0.32861523]]","[2114. 2248.  923. 2244. 2091. 1080. 1989. 2095. 1076. 1862. 2247.  924.
 1870. 2240.  931. 2141. 2244.  927.]","[2103. 2227.  926. 2240. 2120. 1051. 2033. 2100. 1072. 1868. 2234.  930.
 1869. 2230.  937. 2143. 2241.  929.]","[-1.7485e+01  4.9490e+00  6.8846e+01 -1.0986e+00 -2.4410e-01  2.8687e+00
 -5.9600e-02 -2.8810e-01  9.5750e-01]",113
23,0,"[[-0.1068641  -0.30786642  0.32213358]
 [ 0.11151806 -0.07382158  0.55617842]
 [ 0.2705493  -0.29535741  0.33464259]
 [-0.30086884  0.07171749 -0.55828251]
 [ 0.28641568  0.30595024 -0.32404976]
 [-0.1399907   0.30153856 -0.32846144]]","[2117. 2248.  923. 2244. 2094. 1077. 1975. 2096. 1075. 1861. 2247.  924.
 1871. 2240.  931. 2139. 2244.  927.]","[2108. 2227.  926. 2243. 2107. 1064. 2014. 2099. 1074. 1864. 2233.  930.
 1871. 2232.  936. 2141. 2242.  927.]","[-1.7518e+01  4.9710e+00  6.8939e+01 -2.3804e+00  0.0000e+00  2.1973e+00
  1.7600e-02 -3.5790e-01  8.0320e-01]",113
24,0,"[[-0.11126903 -0.30795822  0.32204178]
 [ 0.13196802 -0.0746345   0.5553655 ]
 [ 0.26909484 -0.29549661  0.33450339]
 [-0.30074961  0.07414208 -0.55585792]
 [ 0.28805048  0.30533612 -0.32466388]
 [-0.13624847  0.30169178 -0.32830822]]","[2120. 2248.  923. 2244. 2096. 1075. 1961. 2096. 1075. 1860. 2247.  924.
 1872. 2240.  931. 2136. 2244.  927.]","[2112. 2227.  927. 2243. 2103. 1068. 2003. 2098. 1073. 1861. 2233.  930.
 1871. 2232.  936. 2140. 2242.  927.]","[-1.7639e+01  4.9880e+00  6.8961e+01 -3.8452e+00  7.3240e-01  2.4410e-01
  4.4000e-03 -3.8330e-01  9.9510e-01]",113
25,0,"[[-0.11564693 -0.30804782  0.32195218]
 [ 0.15160975 -0.07570954  0.55429046]
 [ 0.26760469 -0.29563661  0.33436339]
 [-0.30063962  0.07665814 -0.55334186]
 [ 0.28960126  0.30469361 -0.32530639]
 [-0.13247617  0.3018444  -0.3281556 ]]","[2123. 2248.  923. 2243. 2097. 1073. 1949. 2097. 1074. 1859. 2246.  925.
 1873. 2240.  931. 2134. 2244.  927.]","[2119. 2226.  928. 2243. 2100. 1072. 1984. 2097. 1074. 1860. 2233.  929.
 1872. 2233.  935. 2137. 2242.  927.]","[-1.7732e+01  4.9770e+00  6.8912e+01 -1.9531e+00  6.7140e-01 -1.5259e+00
 -2.0000e-02 -3.9400e-01  1.0415e+00]",113
26,0,"[[-0.11999676 -0.30813521  0.32186479]
 [ 0.17034895 -0.0770696   0.5529304 ]
 [ 0.26607875 -0.29577739  0.33422261]
 [-0.30052503  0.0796443  -0.5503557 ]
 [ 0.29106772  0.30402693 -0.32597307]
 [-0.1286745   0.30199638 -0.32800362]]","[2126. 2248.  923. 2243. 2099. 1072. 1936. 2098. 1073. 1858. 2246.  925.
 1874. 2240.  931. 2131. 2244.  927.]","[2120. 2226.  928. 2243. 2100. 1072. 1974. 2098. 1073. 1860. 2233.  929.
 1872. 2233.  935. 2136. 2242.  927.]","[-17.77     4.944   68.813   -0.1831   0.4883  -2.8076  -0.1069  -0.3887
   0.856 ]",113
27,0,"[[-0.12431744 -0.30822035  0.32177965]
 [ 0.18809677 -0.07873716  0.55126284]
 [ 0.26451692 -0.29591889  0.33408111]
 [-0.30039879  0.08314213 -0.54685787]
 [ 0.29244963  0.3033403  -0.3266597 ]
 [-0.12484415  0.30214768 -0.32785232]]","[2129. 2248.  923. 2243. 2102. 1069. 1925. 2099. 1072. 1857. 2245.  926.
 1875. 2240.  931. 2129. 2244.  926.]","[2121. 2226.  928. 2243. 2100. 1071. 1961. 2099. 1074. 1859. 2233.  930.
 1873. 2234.  935. 2134. 2242.  927.]","[-17.831    4.933   68.719   -1.0986   0.6714  -1.8921  -0.1904  -0.3999
   0.8916]",113
28,0,"[[-0.12860793 -0.30830323  0.32169677]
 [ 0.20476985 -0.08073505  0.54926495]
 [ 0.26291913 -0.29606108  0.33393892]
 [-0.30025732  0.08715106 -0.54284894]
 [ 0.29374676  0.30263791 -0.32736209]
 [-0.12098581  0.30229827 -0.32770173]]","[2131. 2248.  922. 2243. 2104. 1067. 1914. 2100. 1071. 1856. 2245.  926.
 1876. 2241.  930. 2126. 2245.  926.]","[2122. 2226.  928. 2243. 2101. 1070. 1950. 2099. 1073. 1857. 2232.  930.
 1874. 2234.  934. 2132. 2242.  929.]","[-17.897    4.949   68.692   -1.0986   0.4272  -0.1831  -0.1621  -0.3809
   1.0073]",113
29,0,"[[-0.1328672  -0.30838383  0.32161617]
 [ 0.22029027 -0.08308658  0.54691342]
 [ 0.26128529 -0.29620391  0.33379609]
 [-0.30009876  0.09166453 -0.53833547]
 [ 0.29495891  0.30192394 -0.32807606]
 [-0.11710019  0.30244812 -0.32755188]]","[2134. 2249.  922. 2243. 2107. 1064. 1904. 2102. 1069. 1855. 2244.  927.
 1877. 2241.  930. 2124. 2245.  926.]","[2123. 2226.  928. 2243. 2103. 1069. 1938. 2099. 1073. 1857. 2233.  930.
 1875. 2234.  934. 2129. 2242.  927.]","[-17.908    4.96    68.708    0.7324  -0.2441   0.6104  -0.0869  -0.3682
   0.9341]",113
30,0,"[[-0.1370942  -0.30846213  0.32153787]
 [ 0.23458562 -0.08581549  0.54418451]
 [ 0.25961535 -0.29634734  0.33365266]
 [-0.2999221   0.09667476 -0.53332524]
 [ 0.2960859   0.30120249 -0.32879751]
 [-0.11318801  0.30259719 -0.32740281]]","[2137. 2249.  922. 2243. 2111. 1060. 1895. 2103. 1068. 1854. 2244.  927.
 1878. 2241.  930. 2121. 2245.  926.]","[2126. 2227.  928. 2243. 2105. 1067. 1927. 2100. 1071. 1857. 2233.  931.
 1876. 2234.  933. 2127. 2242.  929.]","[-1.7908e+01  4.9660e+00  6.8741e+01  6.1040e-01 -1.8310e-01  7.3240e-01
 -4.9300e-02 -3.4960e-01  9.0040e-01]",113
31,0,"[[-0.14128791 -0.30853811  0.32146189]
 [ 0.24758901 -0.08894583  0.54105417]
 [ 0.25790925 -0.29649134  0.33350866]
 [-0.29972675  0.10217355 -0.52782645]
 [ 0.29712758  0.3004776  -0.3295224 ]
 [-0.10925001  0.30274545 -0.32725455]]","[2140. 2249.  922. 2243. 2114. 1057. 1886. 2105. 1065. 1854. 2243.  928.
 1879. 2241.  930. 2119. 2245.  926.]","[2129. 2227.  928. 2243. 2108. 1064. 1913. 2102. 1069. 1857. 2233.  931.
 1877. 2234.  932. 2125. 2242.  927.]","[-1.7913e+01  4.9600e+00  6.8752e+01  4.2720e-01 -1.2210e-01  1.8310e-01
 -3.7100e-02 -3.1640e-01  9.8340e-01]",113
32,0,"[[-0.1454473  -0.30861176  0.32138824]
 [ 0.25923905 -0.0925019   0.5374981 ]
 [ 0.25616693 -0.29663586  0.33336414]
 [-0.29951233  0.10815247 -0.52184753]
 [ 0.29808383  0.29975323 -0.33024677]
 [-0.10528692  0.30289286 -0.32710714]]","[2142. 2249.  922. 2243. 2118. 1053. 1879. 2108. 1063. 1853. 2243.  928.
 1881. 2241.  930. 2116. 2245.  926.]","[2131. 2227.  928. 2243. 2110. 1061. 1906. 2103. 1068. 1857. 2233.  931.
 1878. 2234.  933. 2125. 2242.  929.]","[-17.897    4.944   68.741    1.0986  -0.1831  -0.6104  -0.0723  -0.2886
   0.9521]",113
33,0,"[[-0.14957138 -0.30868305  0.32131695]
 [ 0.26947993 -0.09650805  0.53349195]
 [ 0.25438836 -0.29678088  0.33321912]
 [-0.29927857  0.11460296 -0.51539704]
 [ 0.29895452  0.29903324 -0.33096676]
 [-0.10129948  0.3030394  -0.3269606 ]]","[2145. 2249.  922. 2243. 2122. 1049. 1872. 2110. 1061. 1853. 2242.  929.
 1882. 2241.  930. 2114. 2245.  926.]","[2134. 2227.  928. 2243. 2114. 1058. 1897. 2106. 1066. 1856. 2233.  931.
 1879. 2234.  932. 2123. 2242.  929.]","[-17.88     4.927   68.703    0.6104   0.      -0.9766  -0.106   -0.2627
   0.9014]",113
34,0,"[[-0.15365914 -0.30875198  0.32124802]
 [ 0.27826144 -0.10098857  0.52901143]
 [ 0.2525735  -0.29692634  0.33307366]
 [-0.29902524  0.12151633 -0.50848367]
 [ 0.2997396   0.29832141 -0.33167859]
 [-0.09728846  0.30318502 -0.32681498]]","[2148. 2249.  922. 2242. 2127. 1044. 1866. 2113. 1058. 1852. 2242.  929.
 1883. 2241.  930. 2111. 2245.  926.]","[2136. 2227.  928. 2243. 2118. 1054. 1886. 2108. 1063. 1855. 2232.  932.
 1881. 2234.  932. 2119. 2242.  927.]","[-17.897    4.927   68.67    -0.4272   0.3052  -0.7935  -0.1118  -0.2627
   0.959 ]",113
35,0,"[[-0.15770959 -0.30881853  0.32118147]
 [ 0.285539   -0.10596756  0.52403244]
 [ 0.25072233 -0.29707221  0.33292779]
 [-0.29875212  0.12888381 -0.50111619]
 [ 0.30043898  0.2976214  -0.3323786 ]
 [-0.09325461  0.3033297  -0.3266703 ]]","[2150. 2249.  922. 2242. 2132. 1039. 1861. 2117. 1054. 1852. 2242.  929.
 1884. 2241.  930. 2108. 2245.  926.]","[2139. 2226.  928. 2243. 2121. 1050. 1880. 2110. 1062. 1854. 2231.  933.
 1882. 2234.  931. 2117. 2242.  929.]","[-17.913    4.938   68.643   -0.3662   0.3052  -0.5493  -0.0923  -0.2676
   0.9673]",113
36,0,"[[-0.16172173 -0.30888268  0.32111732]
 [ 0.29127381 -0.11146873  0.51853127]
 [ 0.24883482 -0.29721846  0.33278154]
 [-0.29845902  0.13669656 -0.49330344]
 [ 0.30105265  0.29693674 -0.33306326]
 [-0.08919871  0.3034734  -0.3265266 ]]","[2153. 2249.  922. 2242. 2137. 1034. 1858. 2120. 1051. 1851. 2241.  930.
 1885. 2241.  930. 2106. 2245.  926.]","[2141. 2227.  928. 2243. 2125. 1047. 1874. 2113. 1058. 1853. 2230.  933.
 1883. 2234.  931. 2113. 2243.  929.]","[-17.924    4.949   68.626   -0.4272   0.3662  -0.3052  -0.0874  -0.2822
   0.9258]",113
37,0,"[[-0.16569461 -0.30894442  0.32105558]
 [ 0.29543289 -0.1175153   0.5124847 ]
 [ 0.24691099 -0.29736505  0.33263495]
 [-0.29814575  0.14494566 -0.48505434]
 [ 0.30158064  0.29627087 -0.33372913]
 [-0.08512153  0.3036161  -0.3263839 ]]","[2156. 2249.  922. 2242. 2142. 1029. 1855. 2124. 1047. 1851. 2241.  930.
 1887. 2241.  930. 2103. 2245.  926.]","[2145. 2226.  928. 2243. 2131. 1041. 1867. 2117. 1055. 1850. 2229.  934.
 1884. 2235.  931. 2110. 2242.  927.]","[-17.952    4.977   68.615   -1.0376   0.6714   0.      -0.0889  -0.2983
   0.9272]",113
38,0,"[[-0.16962725 -0.30900373  0.32099627]
 [ 0.2979892  -0.12412979  0.50587021]
 [ 0.24495082 -0.29751193  0.33248807]
 [-0.2978121   0.15362217 -0.47637783]
 [ 0.3020231   0.2956271  -0.3343729 ]
 [-0.08102388  0.30375776 -0.32624224]]","[2158. 2249.  922. 2242. 2148. 1023. 1853. 2128. 1043. 1851. 2240.  931.
 1888. 2241.  930. 2100. 2246.  925.]","[2148. 2227.  928. 2243. 2135. 1037. 1864. 2119. 1052. 1848. 2229.  933.
 1886. 2235.  931. 2108. 2242.  929.]","[-17.996    5.004   68.615   -1.2817   0.6104   0.1831  -0.0859  -0.3174
   0.9673]",113
39,0,"[[-0.1735187  -0.30906061  0.32093939]
 [ 0.29891422 -0.13133387  0.49866613]
 [ 0.24295433 -0.29765909  0.33234091]
 [-0.29745788  0.1627171  -0.4672829 ]
 [ 0.30238073  0.29500859 -0.33499141]
 [-0.07690653  0.30389834 -0.32610166]]","[2161. 2249.  922. 2241. 2154. 1017. 1853. 2133. 1038. 1850. 2240.  931.
 1889. 2242.  929. 2098. 2246.  925.]","[2150. 2226.  928. 2243. 2141. 1031. 1859. 2124. 1048. 1848. 2228.  934.
 1887. 2236.  931. 2105. 2242.  927.]","[-18.029    5.026   68.615   -0.8545   0.3662   0.2441  -0.0845  -0.3315
   0.9429]",113
40,0,"[[-0.17736801 -0.30911503  0.32088497]
 [ 0.29876412 -0.13913485  0.49086515]
 [ 0.24092153 -0.29780647  0.33219353]
 [-0.2970829   0.17222142 -0.45777858]
 [ 0.30265601  0.29441838 -0.33558162]
 [-0.07277031  0.30403783 -0.32596217]]","[2163. 2249.  922. 2241. 2160. 1011. 1853. 2138. 1033. 1850. 2239.  932.
 1890. 2242.  929. 2095. 2246.  925.]","[2153. 2227.  928. 2243. 2146. 1027. 1857. 2127. 1045. 1848. 2228.  934.
 1889. 2236.  931. 2103. 2242.  927.]","[-18.056    5.043   68.626   -0.7935   0.3052   0.3662  -0.0786  -0.3398
   0.9326]",113
41,0,"[[-0.18117425 -0.309167    0.320833  ]
 [ 0.29860398 -0.14728267  0.48271733]
 [ 0.23885247 -0.29795405  0.33204595]
 [-0.29668696  0.18212609 -0.44787391]
 [ 0.30285628  0.29385937 -0.33614063]
 [-0.06861601  0.30417619 -0.32582381]]","[2166. 2249.  922. 2241. 2166. 1005. 1853. 2144. 1027. 1850. 2239.  932.
 1892. 2242.  929. 2092. 2246.  925.]","[2155. 2226.  928. 2242. 2151. 1021. 1855. 2131. 1040. 1848. 2227.  935.
 1889. 2237.  931. 2100. 2242.  927.]","[-18.089    5.054   68.626   -0.6714   0.3052   0.1221  -0.0732  -0.3457
   0.9458]",113
42,0,"[[-0.1849365  -0.30921649  0.32078351]
 [ 0.29847877 -0.15574433  0.47425567]
 [ 0.23674716 -0.29810179  0.33189821]
 [-0.29626987  0.19242208 -0.43757792]
 [ 0.30294144  0.29333425 -0.33666575]
 [-0.06444446  0.30431339 -0.32568661]]","[2168. 2249.  922. 2241. 2173.  998. 1853. 2149. 1022. 1850. 2239.  932.
 1893. 2242.  929. 2090. 2246.  925.]","[2157. 2226.  928. 2243. 2157. 1018. 1855. 2136. 1036. 1848. 2227.  935.
 1891. 2237.  930. 2098. 2242.  927.]","[-18.111    5.059   68.61    -0.4883   0.3662  -0.3662  -0.0815  -0.3457
   0.937 ]",113
43,0,"[[-0.18865383 -0.30926349  0.32073651]
 [ 0.29836315 -0.16456564  0.46543436]
 [ 0.23460568 -0.29824966  0.33175034]
 [-0.29583141  0.20310033 -0.42689967]
 [ 0.30174729  0.29284488 -0.33715512]
 [-0.06025649  0.30444939 -0.32555061]]","[2170. 2249.  922. 2240. 2180.  991. 1853. 2155. 1016. 1851. 2238.  933.
 1895. 2242.  929. 2087. 2246.  925.]","[2160. 2226.  928. 2242. 2158. 1013. 1854. 2142. 1030. 1848. 2228.  936.
 1892. 2237.  929. 2095. 2242.  927.]","[-18.138    5.065   68.566   -0.3662   0.4883  -0.9766  -0.1001  -0.3408
   0.9409]",113
44,0,"[[-0.19232536 -0.30930801  0.32069199]
 [ 0.29824339 -0.17375141  0.45624859]
 [ 0.23242806 -0.29839762  0.33160238]
 [-0.29537139  0.2141518  -0.4158482 ]
 [ 0.29851841  0.29239201 -0.33760799]
 [-0.05605292  0.30458418 -0.32541582]]","[2173. 2249.  922. 2240. 2187.  984. 1853. 2161. 1010. 1853. 2238.  933.
 1896. 2242.  929. 2084. 2246.  925.]","[2162. 2227.  928. 2242. 2163. 1007. 1854. 2146. 1026. 1849. 2228.  937.
 1894. 2237.  929. 2093. 2242.  927.]","[-1.8155e+01  5.0650e+00  6.8527e+01 -6.1000e-02  3.0520e-01 -9.1550e-01
 -9.8600e-02 -3.3400e-01  9.8540e-01]",113
45,0,"[[-0.19595018 -0.30935002  0.32064998]
 [ 0.29811267 -0.18329653  0.44670347]
 [ 0.23021438 -0.29854564  0.33145436]
 [-0.29488961  0.22556747 -0.40443253]
 [ 0.29331675  0.28799578 -0.34200422]
 [-0.0518346   0.30471772 -0.32528228]]","[2175. 2249.  922. 2240. 2195.  976. 1853. 2167. 1004. 1856. 2235.  936.
 1897. 2242.  929. 2081. 2246.  925.]","[2163. 2227.  928. 2241. 2171.  999. 1854. 2153. 1019. 1849. 2227.  937.
 1896. 2237.  929. 2090. 2242.  927.]","[-1.8133e+01  5.0540e+00  6.8505e+01  7.3240e-01 -6.1000e-02 -5.4930e-01
 -8.5000e-02 -3.3690e-01  9.2630e-01]",113
46,0,"[[-0.19952742 -0.30938953  0.32061047]
 [ 0.29796767 -0.19319361  0.43680639]
 [ 0.22796471 -0.29869369  0.33130631]
 [-0.29438587  0.23733833 -0.39266167]
 [ 0.28621342  0.23883415 -0.39116585]
 [-0.04760237  0.30484998 -0.32515002]]","[2178. 2249.  922. 2239. 2202.  969. 1853. 2173.  998. 1861. 2203.  968.
 1899. 2242.  929. 2079. 2246.  925.]","[2165. 2226.  929. 2241. 2175.  995. 1853. 2158. 1014. 1850. 2228.  938.
 1896. 2237.  928. 2087. 2242.  927.]","[-1.8100e+01  5.0370e+00  6.8511e+01  1.0986e+00 -5.4930e-01 -6.1000e-02
 -8.3500e-02 -3.3110e-01  9.7410e-01]",113
47,0,"[[-0.2030562  -0.30942651  0.32057349]
 [ 0.29780684 -0.20343462  0.42656538]
 [ 0.22567914 -0.29884173  0.33115827]
 [-0.29385996  0.24945542 -0.38054458]
 [ 0.27729204  0.19573474 -0.43426526]
 [-0.04335709  0.30498094 -0.32501906]]","[2180. 2249.  922. 2239. 2210.  961. 1853. 2180.  991. 1867. 2175.  996.
 1900. 2242.  929. 2076. 2246.  925.]","[2167. 2226.  928. 2241. 2180.  990. 1854. 2163. 1008. 1852. 2220.  943.
 1898. 2237.  928. 2084. 2242.  927.]","[-1.8100e+01  5.0320e+00  6.8516e+01  1.8310e-01 -6.1000e-02  1.8310e-01
 -5.6600e-02 -3.1250e-01  8.8960e-01]",113
48,0,"[[-0.20653568 -0.30946097  0.32053903]
 [ 0.2976295  -0.21401134  0.41598866]
 [ 0.22335777 -0.29898973  0.33101027]
 [-0.29331167  0.2619098  -0.3680902 ]
 [ 0.26664621  0.15893323 -0.47106677]
 [-0.03909961  0.30511056 -0.32488944]]","[2182. 2249.  922. 2239. 2218.  953. 1853. 2187.  984. 1874. 2151. 1020.
 1902. 2242.  929. 2073. 2246.  925.]","[2169. 2227.  928. 2240. 2184.  986. 1853. 2170. 1003. 1855. 2207.  956.
 1899. 2237.  927. 2083. 2241.  927.]","[-18.029    4.982   68.505    1.9531  -0.9766  -0.7324  -0.1035  -0.3345
   1.0679]",113
49,0,"[[-0.209965   -0.30949291  0.32050709]
 [ 0.2974354  -0.22491546  0.40508454]
 [ 0.2210007  -0.29913767  0.33086233]
 [-0.29274081  0.27469258 -0.35530742]
 [ 0.25437777  0.12863034 -0.50136966]
 [-0.03483079  0.30523883 -0.32476117]]","[2184. 2249.  922. 2238. 2227.  944. 1854. 2194.  977. 1882. 2131. 1040.
 1903. 2243.  928. 2070. 2246.  924.]","[2172. 2227.  928. 2239. 2187.  982. 1854. 2178.  993. 1862. 2188.  984.
 1902. 2236.  926. 2080. 2241.  927.]","[-17.952    4.977   68.494    2.1362  -0.2441  -0.2441  -0.1504  -0.2759
   0.811 ]",113
50,0,"[[-0.21334334 -0.3095223   0.3204777 ]
 [ 0.2972245  -0.23613867  0.39386133]
 [ 0.21860804 -0.2992855   0.3307145 ]
 [-0.29214716  0.2877949  -0.3422051 ]
 [ 0.24059536  0.10499154 -0.52500846]
 [-0.03055152  0.30536571 -0.32463429]]","[2187. 2249.  922. 2238. 2235.  936. 1854. 2201.  970. 1891. 2116. 1055.
 1905. 2243.  928. 2067. 2247.  924.]","[2173. 2227.  929. 2238. 2189.  980. 1854. 2183.  990. 1870. 2175.  997.
 1902. 2237.  926. 2077. 2241.  927.]","[-17.891    5.004   68.516    1.4648   0.2441   0.6714  -0.1245  -0.2871
   0.9712]",113
51,0,"[[-0.21666987 -0.30954916  0.32045084]
 [ 0.29699685 -0.24767265  0.38232735]
 [ 0.21617992 -0.2994332   0.3305668 ]
 [-0.29153053  0.29207898 -0.33792102]
 [ 0.22541311  0.08814621 -0.54185379]
 [-0.02626266  0.30549117 -0.32450883]]","[2189. 2249.  922. 2238. 2238.  933. 1854. 2209.  962. 1901. 2105. 1066.
 1907. 2243.  928. 2065. 2247.  924.]","[2175. 2226.  929. 2236. 2193.  976. 1854. 2189.  983. 1878. 2156. 1016.
 1904. 2237.  927. 2075. 2241.  927.]","[-1.7842e+01  5.0210e+00  6.8522e+01  1.2207e+00  3.0520e-01  1.8310e-01
  2.6400e-02 -3.1980e-01  9.8390e-01]",113
52,0,"[[-0.21994378 -0.30957347  0.32042653]
 [ 0.29675258 -0.2595091   0.3704909 ]
 [ 0.21371649 -0.29958074  0.33041926]
 [-0.2908907   0.29218185 -0.33781815]
 [ 0.20894955  0.07818696 -0.55181304]
 [-0.0219651   0.3056152  -0.3243848 ]]","[2191. 2249.  922. 2237. 2238.  933. 1854. 2217.  954. 1911. 2098. 1072.
 1908. 2243.  928. 2062. 2247.  924.]","[2177. 2227.  929. 2236. 2197.  971. 1854. 2196.  976. 1884. 2140. 1032.
 1906. 2236.  930. 2071. 2241.  926.]","[-17.798    4.971   68.5      1.0986  -0.7935  -0.8545  -0.0859  -0.2627
   0.9688]",113
53,0,"[[-0.22316429 -0.30959523  0.32040477]
 [ 0.29649179 -0.27163976  0.35836024]
 [ 0.21121787 -0.29972808  0.33027192]
 [-0.29022747  0.29228691 -0.33771309]
 [ 0.19132657  0.07517443 -0.55482557]
 [-0.01765972  0.30573776 -0.32426224]]","[2193. 2249.  922. 2237. 2238.  933. 1854. 2225.  946. 1923. 2097. 1074.
 1910. 2243.  928. 2059. 2247.  924.]","[2180. 2227.  929. 2235. 2201.  968. 1854. 2204.  968. 1890. 2125. 1045.
 1908. 2236.  931. 2069. 2241.  925.]","[-17.737    4.916   68.566    1.1597  -1.77     1.1597  -0.1021  -0.2666
   0.9922]",113
54,0,"[[-0.2263306  -0.30961443  0.32038557]
 [ 0.29621464 -0.28405639  0.34594361]
 [ 0.20868423 -0.2998752   0.3301248 ]
 [-0.28954064  0.29239411 -0.33760589]
 [ 0.17266848  0.07881589 -0.55118411]
 [-0.01334742  0.30585883 -0.32414117]]","[2195. 2249.  922. 2236. 2238.  933. 1854. 2233.  938. 1935. 2099. 1072.
 1911. 2243.  928. 2056. 2247.  924.]","[2182. 2226.  929. 2235. 2202.  966. 1853. 2212.  961. 1901. 2116. 1055.
 1910. 2236.  931. 2065. 2241.  924.]","[-1.7672e+01  4.8670e+00  6.8687e+01  1.1597e+00 -2.0142e+00  2.4414e+00
 -6.4000e-02 -2.9690e-01  9.5260e-01]",113
55,0,"[[-0.22944195 -0.30963109  0.32036891]
 [ 0.29592125 -0.29204556  0.33795444]
 [ 0.20611573 -0.30002207  0.32997793]
 [-0.28882999  0.29250338 -0.33749662]
 [ 0.15310118  0.07975666 -0.55024334]
 [-0.00902908  0.30597838 -0.32402162]]","[2197. 2249.  922. 2236. 2238.  933. 1855. 2238.  933. 1948. 2099. 1071.
 1913. 2243.  928. 2053. 2247.  924.]","[2185. 2227.  930. 2235. 2202.  965. 1854. 2220.  953. 1912. 2110. 1062.
 1912. 2236.  931. 2062. 2241.  924.]","[-1.7628e+01  4.8340e+00  6.8725e+01  4.8830e-01 -3.0520e-01 -1.0986e+00
 -6.4900e-02 -3.6620e-01  9.3160e-01]",113
56,0,"[[-0.23249759 -0.30964519  0.32035481]
 [ 0.29561176 -0.29214279  0.33785721]
 [ 0.20351255 -0.30016865  0.32983135]
 [-0.28809533  0.29261466 -0.33738534]
 [ 0.13275139  0.0796295  -0.5503705 ]
 [-0.00470561  0.30609639 -0.32390361]]","[2199. 2249.  922. 2235. 2238.  933. 1855. 2238.  933. 1961. 2099. 1072.
 1915. 2243.  928. 2051. 2247.  924.]","[2187. 2227.  930. 2234. 2203.  964. 1854. 2227.  946. 1924. 2106. 1066.
 1914. 2236.  931. 2060. 2241.  924.]","[-17.617    4.801   68.681    0.6104   0.3662  -1.709   -0.1323  -0.3643
   0.9282]",113
57,0,"[[-2.35496767e-01 -3.09656737e-01  3.20343263e-01]
 [ 2.95286313e-01 -2.92241978e-01  3.37758022e-01]
 [ 2.00874876e-01 -3.00314925e-01  3.29685075e-01]
 [-2.87336449e-01  2.92727887e-01 -3.37272113e-01]
 [ 1.11745994e-01  7.94154999e-02 -5.50584500e-01]
 [-3.77917922e-04  3.06212837e-01 -3.23787163e-01]]","[2201. 2249.  922. 2235. 2238.  933. 1855. 2238.  933. 1975. 2099. 1072.
 1917. 2243.  928. 2048. 2247.  924.]","[2189. 2227.  929. 2235. 2202.  964. 1854. 2232.  944. 1936. 2104. 1067.
 1915. 2236.  931. 2057. 2241.  924.]","[-17.611    4.796   68.621    0.3662   0.1221  -0.7324  -0.1328  -0.3364
   0.9092]",113
58,0,"[[-0.23843876 -0.30966577  0.32033423]
 [ 0.29494503 -0.29234307  0.33765693]
 [ 0.1982029  -0.30046086  0.32953914]
 [-0.28655314  0.292843   -0.337157  ]
 [ 0.09021145  0.07926822 -0.55073178]
 [ 0.00395309  0.3063277  -0.3236723 ]]","[2203. 2249.  922. 2234. 2238.  933. 1855. 2238.  933. 1989. 2099. 1072.
 1918. 2243.  928. 2045. 2247.  924.]","[2190. 2227.  929. 2234. 2203.  964. 1854. 2235.  940. 1948. 2103. 1069.
 1916. 2236.  931. 2055. 2241.  924.]","[-1.7617e+01  4.7960e+00  6.8599e+01  2.4410e-01  0.0000e+00  6.1000e-02
 -1.1430e-01 -3.1150e-01  9.3750e-01]",113
59,1,"[[-0.24132285 -0.30967237  0.32032763]
 [ 0.29458803 -0.292446    0.337554  ]
 [ 0.19549683 -0.30060642  0.32939358]
 [-0.28574521  0.29295993 -0.33704007]
 [ 0.06827327  0.07922381 -0.55077619]
 [ 0.00828651  0.30644094 -0.32355906]]","[2205. 2249.  922. 2234. 2238.  932. 1855. 2238.  933. 2003. 2099. 1072.
 1920. 2243.  928. 2042. 2247.  924.]","[2191. 2227.  929. 2234. 2202.  964. 1853. 2236.  938. 1962. 2102. 1071.
 1918. 2236.  931. 2054. 2241.  925.]","[-1.7617e+01  4.8070e+00  6.8599e+01  1.2210e-01  6.1000e-02  6.1000e-02
 -8.3000e-02 -2.7590e-01  9.6190e-01]",113
60,1,"[[-0.24414834 -0.30967682  0.32032318]
 [ 0.29421545 -0.29255072  0.33744928]
 [ 0.19275689 -0.30075159  0.32924841]
 [-0.28491246  0.29307862 -0.33692138]
 [ 0.04605556  0.07930055 -0.55069945]
 [ 0.01262142  0.30655255 -0.32344745]]","[2207. 2249.  922. 2233. 2239.  932. 1856. 2238.  933. 2017. 2099. 1072.
 1922. 2244.  927. 2039. 2247.  924.]","[2195. 2227.  930. 2234. 2203.  964. 1854. 2237.  936. 1975. 2101. 1071.
 1920. 2236.  931. 2050. 2241.  925.]","[-1.7622e+01  4.8180e+00  6.8599e+01  1.2210e-01  6.1000e-02 -4.2720e-01
 -7.8100e-02 -2.7050e-01  9.5360e-01]",113
61,1,"[[-0.24691454 -0.30967906  0.32032094]
 [ 0.2938274  -0.29265716  0.33734284]
 [ 0.18998329 -0.30089634  0.32910366]
 [-0.28405467  0.29319901 -0.33680099]
 [ 0.02368064  0.0795138  -0.5504862 ]
 [ 0.0169569   0.3066625  -0.3233375 ]]","[2208. 2249.  922. 2233. 2239.  932. 1856. 2238.  933. 2032. 2099. 1072.
 1924. 2244.  927. 2036. 2247.  924.]","[2197. 2227.  929. 2234. 2203.  964. 1854. 2237.  934. 1994. 2101. 1070.
 1922. 2236.  930. 2047. 2241.  925.]","[-1.7622e+01  4.8180e+00  6.8577e+01 -6.1000e-02  1.2210e-01 -6.1040e-01
 -9.8100e-02 -2.8220e-01  9.5410e-01]",113
62,1,"[[-0.24962078 -0.30966439  0.32033561]
 [ 0.29342398 -0.29276526  0.33723474]
 [ 0.18717629 -0.30104063  0.32895937]
 [-0.28317166  0.29332105 -0.33667895]
 [ 0.00126874  0.0798787  -0.5501213 ]
 [ 0.02129202  0.30677077 -0.32322923]]","[2210. 2249.  922. 2232. 2239.  932. 1856. 2238.  933. 2047. 2100. 1071.
 1925. 2244.  927. 2034. 2247.  923.]","[2198. 2227.  929. 2233. 2203.  964. 1854. 2237.  934. 2003. 2102. 1071.
 1923. 2236.  930. 2045. 2241.  925.]","[-17.622    4.823   68.56    -0.1221   0.      -0.1221  -0.0879  -0.2949
   0.9429]",113
63,1,"[[-0.2522664  -0.30957314  0.32042686]
 [ 0.29300532 -0.29287497  0.33712503]
 [ 0.18433611 -0.30118445  0.32881555]
 [-0.28226322  0.29344466 -0.33655534]
 [-0.02106235  0.08041084 -0.54958916]
 [ 0.02562587  0.30687734 -0.32312266]]","[2212. 2249.  922. 2232. 2239.  932. 1856. 2238.  933. 2061. 2100. 1071.
 1927. 2244.  927. 2031. 2248.  923.]","[2201. 2227.  930. 2232. 2203.  964. 1855. 2237.  934. 2023. 2101. 1070.
 1926. 2236.  930. 2041. 2241.  924.]","[-1.7628e+01  4.8280e+00  6.8555e+01 -1.2210e-01 -6.1000e-02  1.2210e-01
 -7.3700e-02 -3.0620e-01  9.5020e-01]",113
64,1,"[[-0.25485077 -0.30940917  0.32059083]
 [ 0.29257152 -0.29298623  0.33701377]
 [ 0.18146304 -0.30132776  0.32867224]
 [-0.28132917  0.2935698  -0.3364302 ]
 [-0.04319745  0.08112649 -0.54887351]
 [ 0.02995752  0.30698219 -0.32301781]]","[2214. 2249.  922. 2231. 2239.  932. 1857. 2238.  932. 2076. 2100. 1071.
 1929. 2244.  927. 2028. 2248.  923.]","[2202. 2227.  930. 2232. 2202.  964. 1855. 2237.  934. 2032. 2101. 1070.
 1926. 2236.  930. 2040. 2241.  924.]","[-1.7628e+01  4.8340e+00  6.8560e+01 -6.1000e-02 -6.1000e-02  6.1000e-02
 -8.5400e-02 -3.2080e-01  9.4430e-01]",113
65,1,"[[-0.25737325 -0.30918318  0.32081682]
 [ 0.29212267 -0.29309898  0.33690102]
 [ 0.17855732 -0.30147054  0.32852946]
 [-0.2803693   0.29369641 -0.33630359]
 [-0.06502422  0.08204273 -0.54795727]
 [ 0.03428603  0.30708529 -0.32291471]]","[2215. 2249.  922. 2230. 2239.  932. 1857. 2239.  932. 2090. 2101. 1070.
 1931. 2244.  927. 2025. 2248.  923.]","[2204. 2227.  930. 2230. 2203.  964. 1855. 2237.  934. 2047. 2102. 1070.
 1928. 2236.  930. 2037. 2241.  924.]","[-1.7633e+01  4.8340e+00  6.8566e+01 -6.1000e-02  0.0000e+00  1.2210e-01
 -8.4500e-02 -3.2130e-01  9.4190e-01]",113
66,1,"[[-0.25983323 -0.30889877  0.32110123]
 [ 0.29165887 -0.29321317  0.33678683]
 [ 0.17561925 -0.30161276  0.32838724]
 [-0.27938342  0.29382443 -0.33617557]
 [-0.08643335  0.08317749 -0.54682251]
 [ 0.03861047  0.30718662 -0.32281338]]","[2217. 2249.  922. 2230. 2239.  932. 1857. 2239.  932. 2104. 2102. 1069.
 1933. 2244.  927. 2022. 2248.  923.]","[2205. 2227.  929. 2229. 2203.  963. 1856. 2237.  933. 2061. 2102. 1070.
 1930. 2236.  930. 2035. 2241.  924.]","[-1.7633e+01  4.8390e+00  6.8571e+01  0.0000e+00 -6.1000e-02  1.2210e-01
 -7.2800e-02 -3.1640e-01  9.4730e-01]",113
67,1,"[[-0.26223011 -0.30855901  0.32144099]
 [ 0.2911802  -0.29332874  0.33667126]
 [ 0.1726491  -0.3017544   0.3282456 ]
 [-0.27837134  0.29395381 -0.33604619]
 [-0.10731871  0.08454953 -0.54545047]
 [ 0.04292991  0.30728617 -0.32271383]]","[2218. 2249.  922. 2229. 2239.  932. 1858. 2239.  932. 2117. 2103. 1068.
 1935. 2244.  927. 2020. 2248.  923.]","[2208. 2227.  929. 2229. 2202.  964. 1856. 2237.  933. 2079. 2102. 1070.
 1933. 2236.  929. 2031. 2241.  924.]","[-17.639    4.839   68.577    0.       0.      -0.1221  -0.082   -0.3149
   0.9482]",113
68,1,"[[-0.26456332 -0.30816717  0.32183283]
 [ 0.29068677 -0.29344564  0.33655436]
 [ 0.16964719 -0.30189542  0.32810458]
 [-0.27733288  0.29408448 -0.33591552]
 [-0.12757746  0.08617847 -0.54382153]
 [ 0.04724342  0.30738392 -0.32261608]]","[2220. 2248.  923. 2228. 2239.  932. 1858. 2239.  932. 2131. 2104. 1067.
 1937. 2244.  927. 2017. 2248.  923.]","[2208. 2227.  929. 2228. 2203.  964. 1857. 2237.  933. 2089. 2102. 1069.
 1934. 2236.  929. 2029. 2241.  924.]","[-17.639    4.839   68.571    0.       0.      -0.1221  -0.0796  -0.3105
   0.9404]",113
69,1,"[[-0.26683228 -0.3077267   0.3222733 ]
 [ 0.29017864 -0.2935638   0.3364362 ]
 [ 0.16661381 -0.30203582  0.32796418]
 [-0.27626785  0.29421641 -0.33578359]
 [-0.1471102   0.08808469 -0.54191531]
 [ 0.05155005  0.30747983 -0.32252017]]","[2221. 2248.  923. 2228. 2239.  932. 1858. 2239.  932. 2143. 2105. 1066.
 1939. 2244.  927. 2014. 2248.  923.]","[2210. 2227.  930. 2228. 2203.  963. 1857. 2238.  933. 2107. 2103. 1068.
 1937. 2236.  929. 2026. 2241.  924.]","[-1.7644e+01  4.8390e+00  6.8566e+01  6.1000e-02  0.0000e+00 -6.1000e-02
 -8.3000e-02 -3.0420e-01  9.5020e-01]",113
70,1,"[[-0.26903644 -0.30724122  0.32275878]
 [ 0.28965589 -0.29368319  0.33631681]
 [ 0.1635493  -0.30217555  0.32782445]
 [-0.27517607  0.29434952 -0.33565048]
 [-0.16582106  0.09028936 -0.53971064]
 [ 0.05584887  0.30757391 -0.32242609]]","[2223. 2248.  923. 2227. 2239.  932. 1859. 2239.  932. 2156. 2106. 1065.
 1941. 2244.  926. 2011. 2248.  923.]","[2212. 2227.  930. 2227. 2203.  963. 1857. 2237.  933. 2120. 2104. 1067.
 1938. 2236.  929. 2024. 2241.  924.]","[-17.644    4.834   68.566    0.       0.       0.      -0.084   -0.3008
   0.9453]",113
71,1,"[[-0.27117527 -0.30671452  0.32328548]
 [ 0.2891186  -0.29380375  0.33619625]
 [ 0.16045398 -0.3023146   0.3276854 ]
 [-0.27405736  0.29448377 -0.33551623]
 [-0.18361786  0.09281433 -0.53718567]
 [ 0.06013894  0.30766612 -0.32233388]]","[2224. 2247.  924. 2226. 2239.  931. 1859. 2239.  932. 2167. 2108. 1063.
 1943. 2245.  926. 2008. 2248.  923.]","[2213. 2227.  929. 2225. 2203.  963. 1857. 2238.  933. 2130. 2105. 1067.
 1940. 2236.  929. 2021. 2241.  924.]","[-1.7644e+01  4.8340e+00  6.8560e+01  0.0000e+00  0.0000e+00 -6.1000e-02
 -7.2300e-02 -2.9880e-01  9.4580e-01]",113
72,1,"[[-0.27324826 -0.30615047  0.32384953]
 [ 0.28856683 -0.29392542  0.33607458]
 [ 0.1573282  -0.30245295  0.32754705]
 [-0.27291153  0.29461911 -0.33538089]
 [-0.20041218  0.09568209 -0.53431791]
 [ 0.06441932  0.30775645 -0.32224355]]","[2226. 2247.  924. 2225. 2240.  931. 1859. 2239.  932. 2178. 2110. 1061.
 1945. 2245.  926. 2006. 2248.  923.]","[2214. 2227.  929. 2225. 2203.  962. 1858. 2238.  933. 2142. 2106. 1065.
 1942. 2236.  929. 2019. 2241.  924.]","[-17.644    4.834   68.56     0.       0.      -0.1831  -0.0854  -0.3022
   0.9609]",113
73,1,"[[-0.27525489 -0.30555304  0.32444696]
 [ 0.28800065 -0.29404815  0.33595185]
 [ 0.1541723  -0.30259056  0.32740944]
 [-0.27173842  0.29475549 -0.33524451]
 [-0.21611952  0.0989157  -0.5310843 ]
 [ 0.06868906  0.30784488 -0.32215512]]","[2227. 2247.  924. 2225. 2240.  931. 1860. 2239.  932. 2188. 2112. 1059.
 1947. 2245.  926. 2003. 2248.  923.]","[2216. 2227.  930. 2224. 2203.  962. 1858. 2237.  934. 2154. 2108. 1063.
 1944. 2236.  929. 2016. 2241.  924.]","[-1.7644e+01  4.8280e+00  6.8555e+01  0.0000e+00 -6.1000e-02 -6.1000e-02
 -9.1800e-02 -3.0470e-01  9.3510e-01]",113
74,1,"[[-0.27719467 -0.30492625  0.32507375]
 [ 0.28742011 -0.2941719   0.3358281 ]
 [ 0.15098664 -0.30272741  0.32727259]
 [-0.27053785  0.29489286 -0.33510714]
 [-0.23065944  0.10253869 -0.52746131]
 [ 0.07294723  0.3079314  -0.3220686 ]]","[2228. 2246.  925. 2224. 2240.  931. 1860. 2239.  932. 2198. 2114. 1057.
 1949. 2245.  926. 2000. 2248.  923.]","[2218. 2227.  929. 2223. 2203.  962. 1858. 2237.  933. 2166. 2110. 1061.
 1946. 2236.  928. 2014. 2241.  924.]","[-1.7644e+01  4.8280e+00  6.8555e+01 -6.1000e-02  0.0000e+00  0.0000e+00
 -7.9100e-02 -3.0570e-01  9.4920e-01]",113
75,1,"[[-0.27906715 -0.30427413  0.32572587]
 [ 0.28682527 -0.29429661  0.33570339]
 [ 0.14777161 -0.30286348  0.32713652]
 [-0.26930965  0.29503116 -0.33496884]
 [-0.24395568  0.10657494 -0.52342506]
 [ 0.07719289  0.30801598 -0.32198402]]","[2229. 2246.  925. 2223. 2240.  931. 1861. 2239.  932. 2207. 2117. 1054.
 1951. 2245.  926. 1997. 2248.  923.]","[2219. 2227.  930. 2222. 2203.  962. 1859. 2237.  933. 2177. 2112. 1059.
 1948. 2236.  929. 2011. 2241.  924.]","[-1.7644e+01  4.8280e+00  6.8555e+01  0.0000e+00 -6.1000e-02  0.0000e+00
 -8.9400e-02 -3.1350e-01  9.5260e-01]",113
76,1,"[[-0.28087186 -0.30360076  0.32639924]
 [ 0.28621617 -0.29442224  0.33557776]
 [ 0.14452758 -0.30299875  0.32700125]
 [-0.26805367  0.29517035 -0.33482965]
 [-0.2559364   0.11104862 -0.51895138]
 [ 0.08142508  0.30809862 -0.32190138]]","[2231. 2245.  926. 2222. 2240.  931. 1861. 2239.  932. 2214. 2120. 1051.
 1953. 2245.  926. 1994. 2248.  923.]","[2220. 2227.  930. 2221. 2203.  962. 1859. 2238.  933. 2186. 2114. 1058.
 1950. 2236.  928. 2009. 2241.  924.]","[-1.7644e+01  4.8280e+00  6.8555e+01 -6.1000e-02  0.0000e+00  0.0000e+00
 -8.3000e-02 -3.1200e-01  9.3160e-01]",113
77,1,"[[-0.28260836 -0.30291017  0.32708983]
 [ 0.28559287 -0.29454873  0.33545127]
 [ 0.14125494 -0.3031332   0.3268668 ]
 [-0.26676973  0.29531037 -0.33468963]
 [-0.26653432  0.11598403 -0.51401597]
 [ 0.08564289  0.30817929 -0.32182071]]","[2232. 2245.  926. 2221. 2240.  931. 1861. 2240.  931. 2221. 2123. 1048.
 1955. 2245.  926. 1992. 2248.  923.]","[2222. 2227.  931. 2220. 2204.  962. 1860. 2238.  933. 2198. 2118. 1053.
 1952. 2236.  929. 2005. 2241.  924.]","[-17.65     4.828   68.555    0.       0.       0.1221  -0.0879  -0.3179
   0.9502]",113
78,1,"[[-0.28427623 -0.30220639  0.32779361]
 [ 0.28495539 -0.29467605  0.33532395]
 [ 0.1379541  -0.30326679  0.32673321]
 [-0.26545769  0.29545119 -0.33454881]
 [-0.275687    0.12140548 -0.50859452]
 [ 0.08984536  0.30825798 -0.32174202]]","[2233. 2245.  926. 2221. 2240.  931. 1862. 2240.  931. 2227. 2127. 1044.
 1958. 2245.  926. 1989. 2248.  923.]","[2223. 2227.  931. 2220. 2203.  962. 1860. 2238.  933. 2204. 2120. 1052.
 1953. 2236.  928. 2004. 2241.  924.]","[-1.765e+01  4.828e+00  6.856e+01  0.000e+00 -6.100e-02  6.100e-02
 -6.690e-02 -3.062e-01  9.502e-01]",113
79,1,"[[-0.28587508 -0.3014934   0.3285066 ]
 [ 0.28430378 -0.29480413  0.33519587]
 [ 0.13462548 -0.30339952  0.32660048]
 [-0.26411739  0.29559276 -0.33440724]
 [-0.28333703  0.12733716 -0.50266284]
 [ 0.09403155  0.30833467 -0.32166533]]","[2234. 2244.  927. 2220. 2240.  931. 1862. 2240.  931. 2232. 2131. 1040.
 1960. 2245.  926. 1986. 2249.  922.]","[2226. 2227.  932. 2219. 2205.  962. 1861. 2239.  932. 2214. 2124. 1048.
 1957. 2236.  928. 2000. 2241.  924.]","[-1.765e+01  4.823e+00  6.856e+01  6.100e-02 -6.100e-02  0.000e+00
 -7.760e-02 -3.052e-01  9.517e-01]",113
80,1,"[[-0.2874045  -0.30077513  0.32922487]
 [ 0.28363807 -0.29493295  0.33506705]
 [ 0.13126949 -0.30353135  0.32646865]
 [-0.26274867  0.29573503 -0.33426497]
 [-0.28943237  0.13380296 -0.49619704]
 [ 0.09820053  0.30840935 -0.32159065]]","[2235. 2244.  927. 2219. 2240.  931. 1863. 2240.  931. 2236. 2135. 1036.
 1962. 2245.  926. 1983. 2249.  922.]","[2227. 2227.  933. 2218. 2207.  962. 1861. 2238.  932. 2219. 2126. 1046.
 1958. 2236.  928. 1998. 2241.  924.]","[-17.644    4.823   68.56     0.1221  -0.1221   0.      -0.082   -0.3037
   0.957 ]",113
81,1,"[[-0.28886413 -0.30005545  0.32994455]
 [ 0.28295827 -0.29506244  0.33493756]
 [ 0.12788656 -0.30366226  0.32633774]
 [-0.2613514   0.29587795 -0.33412205]
 [-0.29392667  0.14082636 -0.48917364]
 [ 0.10235137  0.30848201 -0.32151799]]","[2236. 2243.  928. 2218. 2240.  931. 1863. 2240.  931. 2239. 2139. 1032.
 1964. 2245.  926. 1981. 2249.  922.]","[2228. 2227.  933. 2218. 2207.  962. 1862. 2239.  932. 2225. 2130. 1042.
 1961. 2236.  928. 1996. 2241.  923.]","[-17.639    4.812   68.56     0.2441  -0.2441  -0.1831  -0.0732  -0.3022
   0.9443]",113
82,1,"[[-0.29025362 -0.29933816  0.33066184]
 [ 0.28226442 -0.29519258  0.33480742]
 [ 0.12447715 -0.30379223  0.32620777]
 [-0.25992544  0.29602148 -0.33397852]
 [-0.29677956  0.14843021 -0.48156979]
 [ 0.10648313  0.30855263 -0.32144737]]","[2237. 2243.  928. 2217. 2240.  930. 1863. 2240.  931. 2241. 2144. 1027.
 1966. 2246.  925. 1978. 2249.  922.]","[2229. 2227.  934. 2216. 2207.  961. 1862. 2238.  933. 2231. 2135. 1037.
 1963. 2236.  928. 1993. 2241.  923.]","[-17.628    4.796   68.555    0.2441  -0.3052  -0.2441  -0.0815  -0.3086
   0.9478]",113
83,1,"[[-0.29157262 -0.29862695  0.33137305]
 [ 0.28155653 -0.29532331  0.33467669]
 [ 0.12104171 -0.30392125  0.32607875]
 [-0.25847064  0.29616558 -0.33383442]
 [-0.29795102  0.15663657 -0.47336343]
 [ 0.11059487  0.3086212  -0.3213788 ]]","[2238. 2242.  929. 2216. 2241.  930. 1864. 2240.  931. 2242. 2150. 1021.
 1969. 2246.  925. 1975. 2249.  922.]","[2230. 2227.  935. 2215. 2207.  960. 1864. 2238.  933. 2235. 2138. 1034.
 1965. 2236.  928. 1991. 2241.  923.]","[-17.617    4.779   68.555    0.1221  -0.1831   0.      -0.0938  -0.3096
   0.9326]",113
84,1,"[[-0.29282082 -0.29792548  0.33207452]
 [ 0.28083461 -0.29545459  0.33454541]
 [ 0.11758069 -0.30404928  0.32595072]
 [-0.25698688  0.2963102  -0.3336898 ]
 [-0.29786024  0.16546003 -0.46453997]
 [ 0.11468567  0.3086877  -0.3213123 ]]","[2238. 2242.  929. 2215. 2241.  930. 1864. 2240.  931. 2242. 2155. 1016.
 1971. 2246.  925. 1973. 2249.  922.]","[2232. 2227.  935. 2214. 2207.  959. 1864. 2239.  932. 2238. 2144. 1029.
 1967. 2236.  928. 1988. 2241.  923.]","[-17.617    4.779   68.56     0.      -0.1221   0.1831  -0.0854  -0.3086
   0.9395]",113
85,1,"[[-0.29399791 -0.29723726  0.33276274]
 [ 0.28009867 -0.29558639  0.33441361]
 [ 0.11409457 -0.30417632  0.32582368]
 [-0.25547402  0.2964553  -0.3335447 ]
 [-0.29769068  0.1746737  -0.4553263 ]
 [ 0.1187546   0.30875213 -0.32124787]]","[2239. 2241.  930. 2214. 2241.  930. 1865. 2240.  931. 2242. 2161. 1010.
 1973. 2246.  925. 1970. 2249.  922.]","[2232. 2227.  935. 2213. 2207.  958. 1864. 2239.  933. 2239. 2149. 1024.
 1969. 2236.  928. 1986. 2241.  923.]","[-1.7617e+01  4.7740e+00  6.8566e+01 -6.1000e-02 -6.1000e-02 -6.1000e-02
 -5.5700e-02 -3.0270e-01  9.4630e-01]",113
86,1,"[[-0.293174   -0.29783081  0.33216919]
 [ 0.28065684 -0.29550505  0.33449495]
 [ 0.11649949 -0.3041152   0.3258848 ]
 [-0.29764831  0.16209088 -0.46790912]
 [-0.29780906  0.16664769 -0.46335231]
 [ 0.11590082  0.30872033 -0.32127967]]","[2239. 2242.  929. 2242. 2153. 1018. 1865. 2240.  931. 2242. 2156. 1015.
 1972. 2246.  925. 1972. 2249.  922.]","[2233. 2227.  936. 2212. 2207.  958. 1864. 2238.  932. 2240. 2153. 1020.
 1971. 2236.  929. 1984. 2241.  923.]","[-1.7622e+01  4.7680e+00  6.8555e+01  0.0000e+00 -6.1000e-02 -4.8830e-01
 -7.3700e-02 -3.0710e-01  9.6140e-01]",113
87,1,"[[-0.29433015 -0.29714461  0.33285539]
 [ 0.2799175  -0.29563696  0.33436304]
 [ 0.11300626 -0.30424152  0.32575848]
 [-0.29696694  0.17167932 -0.45832068]
 [-0.29764809  0.17588718 -0.45411282]
 [ 0.11996289  0.30878361 -0.32121639]]","[2239. 2241.  930. 2241. 2159. 1012. 1865. 2240.  931. 2242. 2162. 1009.
 1974. 2246.  925. 1969. 2249.  922.]","[2234. 2227.  935. 2217. 2193.  969. 1864. 2239.  932. 2241. 2155. 1017.
 1972. 2236.  928. 1983. 2241.  923.]","[-1.7622e+01  4.7570e+00  6.8538e+01  0.0000e+00 -6.1000e-02 -3.0520e-01
 -9.9100e-02 -3.1100e-01  9.4290e-01]",113
88,1,"[[-0.29541482 -0.29647558  0.33352442]
 [ 0.27916414 -0.29576933  0.33423067]
 [ 0.10948856 -0.30436682  0.32563318]
 [-0.29624065  0.18169121 -0.44830879]
 [-0.29750032  0.18544196 -0.44455804]
 [ 0.1240019   0.3088448  -0.3211552 ]]","[2240. 2241.  930. 2241. 2166. 1005. 1866. 2240.  931. 2241. 2168. 1003.
 1976. 2246.  925. 1967. 2249.  922.]","[2235. 2227.  933. 2221. 2178.  981. 1863. 2239.  933. 2241. 2159. 1013.
 1972. 2237.  928. 1980. 2241.  923.]","[-17.622    4.757   68.544    0.      -0.1221   0.2441  -0.1265  -0.3208
   0.9395]",113
89,1,"[[-0.29642776 -0.29582705  0.33417295]
 [ 0.27839675 -0.29590211  0.33409789]
 [ 0.10594689 -0.30449106  0.32550894]
 [-0.29546928  0.19211928 -0.43788072]
 [-0.29734583  0.19533718 -0.43466282]
 [ 0.12801692  0.3089039  -0.3210961 ]]","[2241. 2240.  931. 2240. 2173.  998. 1866. 2240.  931. 2241. 2175.  996.
 1978. 2246.  925. 1964. 2249.  922.]","[2235. 2227.  928. 2221. 2172.  984. 1864. 2239.  932. 2241. 2162. 1009.
 1972. 2238.  926. 1978. 2241.  924.]","[-17.704    4.85    68.599   -2.5635   2.1362   2.3193  -0.2861  -0.3086
   0.687 ]",113
90,1,"[[-0.29736871 -0.29520222  0.33479778]
 [ 0.27761533 -0.29603527  0.33396473]
 [ 0.10238176 -0.30461424  0.32538576]
 [-0.29465265  0.20295618 -0.42704382]
 [-0.29717436  0.20557308 -0.42442692]
 [ 0.13200704  0.30896088 -0.32103912]]","[2241. 2240.  931. 2240. 2180.  991. 1867. 2240.  930. 2241. 2182.  989.
 1981. 2246.  925. 1961. 2249.  922.]","[2236. 2227.  926. 2221. 2171.  986. 1865. 2239.  932. 2242. 2167. 1006.
 1972. 2239.  923. 1978. 2240.  925.]","[-17.858    5.032   68.714   -4.2114   2.5635   4.4556  -0.2192  -0.3623
   0.9561]",113
91,1,"[[-0.29823746 -0.2946042   0.3353958 ]
 [ 0.27681987 -0.29616876  0.33383124]
 [ 0.09879368 -0.30473632  0.32526368]
 [-0.29379063  0.21419454 -0.41580546]
 [-0.29698109  0.21614416 -0.41385584]
 [ 0.13597133  0.30901574 -0.32098426]]","[2242. 2240.  931. 2239. 2187.  984. 1867. 2241.  930. 2241. 2188.  983.
 1983. 2246.  925. 1959. 2249.  922.]","[2237. 2227.  926. 2221. 2171.  987. 1866. 2241.  931. 2242. 2170. 1003.
 1974. 2242.  921. 1976. 2241.  926.]","[-1.7990e+01  5.1910e+00  6.8818e+01 -2.9297e+00  1.9531e+00  2.9907e+00
 -5.1800e-02 -3.6620e-01  1.0791e+00]",113
92,1,"[[-0.29903378 -0.29403597  0.33596403]
 [ 0.27601036 -0.29630256  0.33369744]
 [ 0.09518319 -0.3048573   0.3251427 ]
 [-0.29288306  0.22582691 -0.40417309]
 [-0.29676386  0.22704356 -0.40295644]
 [ 0.13990889  0.30906847 -0.32093153]]","[2242. 2239.  932. 2238. 2195.  976. 1868. 2241.  930. 2241. 2196.  975.
 1985. 2246.  925. 1956. 2249.  922.]","[2239. 2227.  927. 2222. 2173.  985. 1866. 2241.  931. 2242. 2176.  996.
 1978. 2243.  921. 1974. 2240.  926.]","[-18.062    5.279   68.802   -0.9766   2.0142  -0.7324   0.1143  -0.2969
   0.9995]",113
93,1,"[[-0.29975748 -0.2935004   0.3364996 ]
 [ 0.27518678 -0.29643661  0.33356339]
 [ 0.0915508  -0.30497715  0.32502285]
 [-0.29192983  0.23784581 -0.39215419]
 [-0.29652185  0.23826408 -0.39173592]
 [ 0.14381881  0.30911906 -0.32088094]]","[2243. 2239.  932. 2238. 2203.  968. 1868. 2241.  930. 2241. 2203.  968.
 1988. 2246.  925. 1954. 2249.  922.]","[2239. 2227.  929. 2222. 2176.  983. 1865. 2240.  931. 2242. 2182.  990.
 1980. 2242.  921. 1972. 2240.  926.]","[-18.089    5.29    68.676   -0.2441   1.2817  -3.3569   0.1016  -0.2842
   1.0273]",113
94,1,"[[-0.3004084  -0.29300023  0.33699977]
 [ 0.27434909 -0.2965709   0.3334291 ]
 [ 0.08789706 -0.30509585  0.32490415]
 [-0.2909308   0.25024373 -0.37975627]
 [-0.29625484  0.24979837 -0.38020163]
 [ 0.1477002   0.30916751 -0.32083249]]","[2243. 2239.  932. 2237. 2211.  960. 1869. 2241.  930. 2241. 2210.  961.
 1990. 2246.  925. 1951. 2249.  922.]","[2240. 2227.  934. 2222. 2181.  980. 1866. 2239.  931. 2241. 2189.  983.
 1982. 2242.  923. 1969. 2240.  926.]","[-1.8083e+01  5.2290e+00  6.8533e+01  6.1040e-01  2.4410e-01 -3.6621e+00
  1.6100e-02 -2.9790e-01  9.7170e-01]",113
95,1,"[[-0.30098637 -0.29253807  0.33746193]
 [ 0.27349728 -0.29670538  0.33329462]
 [ 0.08422252 -0.30521338  0.32478662]
 [-0.28988587  0.26301311 -0.36698689]
 [-0.29596292  0.26163904 -0.36836096]
 [ 0.15155214  0.30921379 -0.32078621]]","[2244. 2238.  933. 2236. 2219.  952. 1869. 2241.  930. 2240. 2218.  953.
 1993. 2246.  925. 1949. 2249.  922.]","[2240. 2227.  935. 2222. 2186.  976. 1868. 2240.  932. 2242. 2194.  976.
 1986. 2242.  925. 1967. 2241.  924.]","[-18.034    5.147   68.45     1.2817  -0.7935  -1.8311  -0.0723  -0.2954
   0.9644]",113
96,1,"[[-0.30149129 -0.29211638  0.33788362]
 [ 0.27263132 -0.29684002  0.33315998]
 [ 0.08052775 -0.30532973  0.32467027]
 [-0.28879493  0.27614638 -0.35385362]
 [-0.2956463   0.27377867 -0.35622133]
 [ 0.15537376  0.30925791 -0.32074209]]","[2244. 2238.  933. 2236. 2228.  943. 1870. 2241.  930. 2240. 2226.  945.
 1995. 2247.  924. 1946. 2249.  922.]","[2241. 2227.  937. 2222. 2192.  970. 1869. 2240.  931. 2242. 2201.  970.
 1988. 2242.  927. 1964. 2241.  922.]","[-1.7963e+01  5.0480e+00  6.8450e+01  1.7090e+00 -1.8311e+00 -1.8310e-01
 -4.2000e-02 -2.9740e-01  9.6390e-01]",113
97,1,"[[-0.30192312 -0.25567726  0.37432274]
 [ 0.27175117 -0.29697479  0.33302521]
 [ 0.0768133  -0.30544487  0.32455513]
 [-0.2876579   0.28963592 -0.34036408]
 [-0.29530525  0.28620984 -0.34379016]
 [ 0.15916417  0.30929985 -0.32070015]]","[2244. 2214.  957. 2235. 2236.  935. 1870. 2241.  930. 2240. 2234.  937.
 1997. 2247.  924. 1944. 2249.  922.]","[2241. 2227.  939. 2222. 2197.  964. 1869. 2239.  931. 2241. 2208.  963.
 1991. 2242.  927. 1962. 2241.  922.]","[-1.7897e+01  4.9380e+00  6.8439e+01  1.4648e+00 -1.7700e+00 -1.0376e+00
 -5.9600e-02 -2.8710e-01  9.8240e-01]",113
98,1,"[[-0.30228214 -0.21115888  0.41884112]
 [ 0.27085682 -0.29710964  0.33289036]
 [ 0.07307973 -0.30555879  0.32444121]
 [-0.2864747   0.29209598 -0.33790402]
 [-0.29494009  0.29206186 -0.33793814]
 [ 0.16292251  0.30933962 -0.32066038]]","[2245. 2185.  986. 2234. 2238.  933. 1871. 2241.  930. 2240. 2238.  933.
 2000. 2247.  924. 1941. 2249.  922.]","[2242. 2221.  945. 2222. 2202.  960. 1870. 2239.  931. 2241. 2214.  956.
 1997. 2241.  927. 1959. 2241.  921.]","[-17.825    4.834   68.39     1.5869  -1.3428  -2.1362  -0.0996  -0.2861
   0.8979]",113
99,1,"[[-0.30256952 -0.17290841  0.45709159]
 [ 0.26994831 -0.29724456  0.33275544]
 [ 0.06932747 -0.30567148  0.32432852]
 [-0.28524523  0.29220232 -0.33779768]
 [-0.29455122  0.2921593  -0.3378407 ]
 [ 0.16664806  0.3093772  -0.3206228 ]]","[2245. 2160. 1011. 2233. 2238.  933. 1872. 2241.  930. 2240. 2238.  933.
 2002. 2247.  924. 1939. 2249.  922.]","[2242. 2209.  953. 2223. 2207.  956. 1871. 2239.  932. 2241. 2219.  950.
 1999. 2241.  927. 1956. 2242.  920.]","[-17.776    4.741   68.329    1.0376  -1.5259  -1.9531  -0.1738  -0.2998
   0.9512]",113
100,1,"[[-0.30278919 -0.14117241  0.48882759]
 [ 0.26902608 -0.29737951  0.33262049]
 [ 0.0655564  -0.3057829   0.3242171 ]
 [-0.28396936  0.29231117 -0.33768883]
 [-0.29413947  0.29225876 -0.33774124]
 [ 0.17034064  0.30941258 -0.32058742]]","[2245. 2140. 1031. 2233. 2238.  933. 1872. 2241.  930. 2239. 2238.  933.
 2005. 2247.  924. 1936. 2249.  922.]","[2243. 2194.  968. 2223. 2212.  951. 1872. 2238.  932. 2242. 2223.  946.
 2001. 2240.  927. 1952. 2243.  921.]","[-1.7737e+01  4.6470e+00  6.8286e+01  6.7140e-01 -1.8311e+00 -1.5869e+00
 -1.9500e-02 -2.9540e-01  9.0920e-01]",113
101,1,"[[-0.30294884 -0.11617095  0.51382905]
 [ 0.26809277 -0.29751446  0.33248554]
 [ 0.06176308 -0.30589305  0.32410695]
 [-0.28264656  0.29242245 -0.33757755]
 [-0.29370803  0.29236019 -0.33763981]
 [ 0.17400329  0.30944576 -0.32055424]]","[2245. 2123. 1048. 2232. 2238.  933. 1873. 2241.  930. 2239. 2238.  933.
 2007. 2247.  924. 1934. 2249.  922.]","[2244. 2175.  996. 2225. 2214.  946. 1873. 2236.  933. 2241. 2226.  943.
 2004. 2239.  928. 1945. 2245.  921.]","[-1.7715e+01  4.4990e+00  6.8187e+01  6.7140e-01 -2.6855e+00 -4.0283e+00
  3.3700e-02 -3.0270e-01  9.3460e-01]",113
102,1,"[[-0.30275167 -0.09807936  0.53192064]
 [ 0.26717169 -0.29764937  0.33235063]
 [ 0.05791396 -0.30600191  0.32399809]
 [-0.28127242  0.29253613 -0.33746387]
 [-0.29328285  0.29246352 -0.33753648]
 [ 0.17766733  0.30947674 -0.32052326]]","[2245. 2111. 1060. 2231. 2238.  933. 1873. 2242.  929. 2239. 2238.  933.
 2010. 2247.  924. 1932. 2249.  922.]","[2244. 2157. 1015. 2225. 2214.  945. 1874. 2235.  933. 2241. 2227.  942.
 2006. 2238.  930. 1942. 2246.  921.]","[-1.7699e+01  4.3180e+00  6.8033e+01  4.8830e-01 -2.8076e+00 -5.2490e+00
 -4.7400e-02 -3.3150e-01  9.2430e-01]",113
103,1,"[[-0.30077274 -0.08685379  0.54314621]
 [ 0.2663005  -0.29778422  0.33221578]
 [ 0.05391487 -0.30610947  0.32389053]
 [-0.27982119  0.29265214 -0.33734786]
 [-0.29291769  0.29256869 -0.33743131]
 [ 0.18141224  0.30950551 -0.32049449]]","[2244. 2104. 1067. 2230. 2238.  933. 1874. 2242.  929. 2238. 2238.  933.
 2012. 2247.  924. 1929. 2249.  922.]","[2245. 2140. 1031. 2225. 2215.  945. 1874. 2234.  933. 2241. 2226.  942.
 2007. 2238.  930. 1939. 2247.  921.]","[-17.743    4.136   67.906   -1.1597  -3.2349  -3.9062  -0.2817  -0.3594
   0.8286]",113
104,1,"[[-0.29677999 -0.0826116   0.5473884 ]
 [ 0.26543896 -0.29791898  0.33208102]
 [ 0.04974056 -0.30621575  0.32378425]
 [-0.27826222  0.29277045 -0.33722955]
 [-0.29259286  0.29267563 -0.33732437]
 [ 0.18524396  0.30953208 -0.32046792]]","[2241. 2101. 1070. 2229. 2238.  933. 1874. 2242.  929. 2238. 2238.  933.
 2015. 2247.  924. 1927. 2249.  922.]","[2244. 2127. 1045. 2225. 2214.  945. 1875. 2235.  933. 2241. 2226.  942.
 2007. 2238.  930. 1936. 2246.  921.]","[-17.803    4.048   67.923   -1.2817  -2.7466   0.6104  -0.2437  -0.4082
   1.0278]",113
105,1,"[[-0.29080192 -0.08575091  0.54424909]
 [ 0.26455497 -0.29805362  0.33194638]
 [ 0.04538799 -0.30632076  0.32367924]
 [-0.27657805  0.29289105 -0.33710895]
 [-0.2922894   0.29278427 -0.33721573]
 [ 0.18915236  0.30955644 -0.32044356]]","[2237. 2103. 1068. 2228. 2238.  933. 1875. 2242.  929. 2238. 2238.  933.
 2018. 2247.  924. 1924. 2249.  922.]","[2244. 2120. 1051. 2225. 2215.  945. 1875. 2235.  932. 2241. 2226.  942.
 2008. 2238.  930. 1935. 2246.  922.]","[-1.7803e+01  4.0870e+00  6.8005e+01  3.0520e-01 -1.8310e-01  2.0142e+00
 -3.6600e-02 -3.3640e-01  9.2240e-01]",113
106,1,"[[-0.28287853 -0.08808182  0.54191818]
 [ 0.26362977 -0.29818814  0.33181186]
 [ 0.04085659 -0.30642451  0.32357549]
 [-0.27475784  0.29301391 -0.33698609]
 [-0.29199779  0.29289454 -0.33710546]
 [ 0.19312802  0.3095786  -0.3204214 ]]","[2232. 2105. 1066. 2227. 2239.  932. 1876. 2242.  929. 2238. 2238.  933.
 2021. 2247.  924. 1922. 2249.  922.]","[2244. 2114. 1058. 2225. 2214.  945. 1875. 2235.  933. 2241. 2227.  942.
 2009. 2238.  930. 1932. 2246.  922.]","[-1.7814e+01  4.0980e+00  6.7989e+01  1.2210e-01  0.0000e+00 -4.8830e-01
 -5.2700e-02 -2.9880e-01  9.7170e-01]",113
107,1,"[[-0.27306281 -0.08838305  0.54161695]
 [ 0.26265037 -0.29832252  0.33167748]
 [ 0.0361473  -0.30652701  0.32347299]
 [-0.27279372  0.29313899 -0.33686101]
 [-0.2917124   0.29300638 -0.33699362]
 [ 0.19716149  0.30959854 -0.32040146]]","[2226. 2105. 1066. 2225. 2239.  932. 1876. 2242.  929. 2238. 2239.  932.
 2024. 2247.  924. 1919. 2249.  922.]","[2241. 2111. 1061. 2225. 2215.  945. 1876. 2235.  933. 2241. 2227.  942.
 2012. 2238.  930. 1929. 2246.  922.]","[-17.814    4.114   67.956    0.2441   0.3662  -0.7324  -0.0693  -0.2861
   0.9653]",113
108,1,"[[-0.26142043 -0.08839845  0.54160155]
 [ 0.2616063  -0.29845674  0.33154326]
 [ 0.03126229 -0.30662827  0.32337173]
 [-0.27067924  0.29326628 -0.33673372]
 [-0.29142895  0.29311972 -0.33688028]
 [ 0.20124297  0.30961626 -0.32038374]]","[2218. 2105. 1066. 2224. 2239.  932. 1877. 2242.  929. 2237. 2239.  932.
 2027. 2247.  924. 1916. 2249.  922.]","[2236. 2110. 1064. 2224. 2215.  945. 1876. 2235.  933. 2241. 2227.  941.
 2015. 2238.  930. 1927. 2246.  922.]","[-1.7803e+01  4.1310e+00  6.7934e+01  3.0520e-01  3.0520e-01 -4.2720e-01
 -6.4500e-02 -2.7880e-01  9.4340e-01]",113
109,1,"[[-0.24802927 -0.08838884  0.54161116]
 [ 0.26048822 -0.29859082  0.33140918]
 [ 0.02620472 -0.30672829  0.32327171]
 [-0.26840877  0.29339575 -0.33660425]
 [-0.29114348  0.29323451 -0.33676549]
 [ 0.20536224  0.30963176 -0.32036824]]","[2209. 2105. 1066. 2222. 2239.  932. 1878. 2242.  929. 2237. 2239.  932.
 2030. 2247.  924. 1914. 2249.  922.]","[2228. 2109. 1064. 2223. 2215.  945. 1877. 2234.  933. 2240. 2227.  941.
 2020. 2238.  930. 1923. 2247.  922.]","[-17.798    4.136   67.928    0.1221  -0.1221  -0.1221  -0.0845  -0.2876
   0.9575]",113
110,1,"[[-0.23297892 -0.08839705  0.54160295]
 [ 0.25928735 -0.29872474  0.33127526]
 [ 0.02097872 -0.30682708  0.32317292]
 [-0.26597729  0.29352739 -0.33647261]
 [-0.29085192  0.29335067 -0.33664933]
 [ 0.20950866  0.30964502 -0.32035498]]","[2199. 2105. 1066. 2221. 2239.  932. 1878. 2242.  929. 2237. 2239.  932.
 2034. 2248.  923. 1911. 2249.  922.]","[2223. 2108. 1065. 2222. 2214.  945. 1878. 2235.  933. 2240. 2226.  941.
 2022. 2238.  930. 1922. 2246.  923.]","[-1.7792e+01  4.1420e+00  6.7934e+01  0.0000e+00 -6.1000e-02  6.1000e-02
 -6.4000e-02 -2.8710e-01  9.4680e-01]",113
111,1,"[[-0.21637005 -0.08843399  0.54156601]
 [ 0.2579952  -0.29885851  0.33114149]
 [ 0.01558929 -0.30692465  0.32307535]
 [-0.26338024  0.29366115 -0.33633885]
 [-0.29054986  0.29346816 -0.33653184]
 [ 0.21367121  0.30965603 -0.32034397]]","[2189. 2105. 1066. 2219. 2239.  932. 1879. 2242.  929. 2237. 2239.  932.
 2037. 2248.  923. 1908. 2249.  922.]","[2212. 2107. 1064. 2221. 2215.  945. 1879. 2235.  932. 2239. 2227.  941.
 2026. 2238.  930. 1918. 2247.  923.]","[-1.7787e+01  4.1420e+00  6.7923e+01  6.1000e-02  0.0000e+00 -3.6620e-01
 -7.2800e-02 -2.9440e-01  9.5750e-01]",113
112,1,"[[-0.19831376 -0.08850715  0.54149285]
 [ 0.25660352 -0.29899213  0.33100787]
 [ 0.01004229 -0.30702098  0.32297902]
 [-0.26061361  0.29379704 -0.33620296]
 [-0.29023257  0.29358691 -0.33641309]
 [ 0.21783859  0.30966481 -0.32033519]]","[2177. 2105. 1066. 2217. 2239.  932. 1880. 2242.  929. 2237. 2239.  932.
 2041. 2248.  923. 1905. 2249.  922.]","[2204. 2108. 1065. 2220. 2215.  945. 1879. 2235.  932. 2239. 2227.  941.
 2029. 2238.  930. 1916. 2246.  923.]","[-1.7781e+01  4.1470e+00  6.7901e+01  6.1000e-02  1.8310e-01 -4.8830e-01
 -7.7100e-02 -3.0570e-01  9.4340e-01]",113
113,1,"[[-0.17893085 -0.088625    0.541375  ]
 [ 0.2551043  -0.29912562  0.33087438]
 [ 0.0043444  -0.30711608  0.32288392]
 [-0.25767388  0.29393501 -0.33606499]
 [-0.28989494  0.29370687 -0.33629313]
 [ 0.22199926  0.30967142 -0.32032858]]","[2164. 2105. 1066. 2215. 2239.  932. 1881. 2242.  928. 2236. 2239.  932.
 2045. 2248.  923. 1903. 2249.  922.]","[2197. 2108. 1064. 2218. 2215.  945. 1880. 2235.  933. 2239. 2227.  940.
 2031. 2238.  930. 1914. 2246.  923.]","[-1.7776e+01  4.1530e+00  6.7885e+01  0.0000e+00  6.1000e-02 -3.6620e-01
 -7.7600e-02 -3.1640e-01  9.3700e-01]",113
114,1,"[[-0.15835098 -0.08879768  0.54120232]
 [ 0.25348974 -0.29925897  0.33074103]
 [-0.00149694 -0.30720994  0.32279006]
 [-0.25455811  0.29407507 -0.33592493]
 [-0.28953155  0.293828   -0.336172  ]
 [ 0.22614153  0.30967605 -0.32032395]]","[2151. 2105. 1066. 2213. 2239.  932. 1882. 2243.  928. 2236. 2239.  932.
 2048. 2248.  923. 1900. 2249.  922.]","[2185. 2107. 1065. 2216. 2215.  945. 1881. 2234.  932. 2238. 2227.  941.
 2034. 2238.  930. 1912. 2246.  923.]","[-17.776    4.153   67.879    0.       0.      -0.1221  -0.0713  -0.3184
   0.9517]",113
115,1,"[[-0.13671183 -0.08903705  0.54096295]
 [ 0.25175231 -0.29939221  0.33060779]
 [-0.00747356 -0.30730255  0.32269745]
 [-0.25126394  0.29421717 -0.33578283]
 [-0.28913668  0.29395024 -0.33604976]
 [ 0.23025368  0.30967887 -0.32032113]]","[2137. 2106. 1065. 2211. 2239.  932. 1883. 2243.  928. 2236. 2239.  932.
 2052. 2248.  923. 1897. 2249.  922.]","[2174. 2107. 1065. 2214. 2215.  945. 1882. 2235.  933. 2237. 2227.  940.
 2037. 2238.  930. 1908. 2246.  923.]","[-1.7776e+01  4.1580e+00  6.7879e+01  0.0000e+00  0.0000e+00  6.1000e-02
 -6.3500e-02 -3.1450e-01  9.4780e-01]",113
116,1,"[[-0.11415813 -0.08935663  0.54064337]
 [ 0.24988475 -0.29952535  0.33047465]
 [-0.01357659 -0.30739391  0.32260609]
 [-0.24778964  0.29436131 -0.33563869]
 [-0.28870439  0.29407356 -0.33592644]
 [ 0.23432396  0.3096723  -0.3203277 ]]","[2122. 2106. 1065. 2209. 2239.  932. 1885. 2243.  928. 2236. 2239.  932.
 2056. 2248.  923. 1895. 2249.  922.]","[2161. 2108. 1064. 2212. 2215.  944. 1883. 2235.  932. 2237. 2227.  940.
 2040. 2238.  930. 1906. 2246.  923.]","[-1.7770e+01  4.1640e+00  6.7885e+01  1.2210e-01  0.0000e+00  1.2210e-01
 -6.4500e-02 -3.1300e-01  9.4240e-01]",113
117,1,"[[-0.09084077 -0.0897715   0.5402285 ]
 [ 0.24788012 -0.29965841  0.33034159]
 [-0.01979655 -0.307484    0.322516  ]
 [-0.24413416  0.29450746 -0.33549254]
 [-0.28822848  0.29419791 -0.33580209]
 [ 0.23834076  0.30960471 -0.32039529]]","[2107. 2106. 1065. 2207. 2239.  931. 1886. 2243.  928. 2235. 2239.  932.
 2060. 2248.  923. 1892. 2249.  922.]","[2148. 2108. 1064. 2211. 2215.  944. 1884. 2235.  932. 2238. 2228.  940.
 2044. 2238.  930. 1903. 2246.  923.]","[-1.7765e+01  4.1640e+00  6.7890e+01  6.1000e-02  0.0000e+00  0.0000e+00
 -6.5900e-02 -3.0860e-01  9.4920e-01]",113
118,1,"[[-0.06691573 -0.09029819  0.53970181]
 [ 0.24573179 -0.29979139  0.33020861]
 [-0.02612336 -0.3075728   0.3224272 ]
 [-0.24029712  0.29465559 -0.33534441]
 [-0.28770257  0.29432327 -0.33567673]
 [ 0.24229262  0.30945901 -0.32054099]]","[2091. 2106. 1065. 2204. 2240.  931. 1887. 2243.  928. 2235. 2239.  932.
 2065. 2248.  923. 1890. 2249.  922.]","[2134. 2108. 1064. 2209. 2215.  944. 1886. 2234.  932. 2237. 2228.  940.
 2047. 2238.  930. 1900. 2246.  923.]","[-1.7759e+01  4.1640e+00  6.7879e+01  1.2210e-01  6.1000e-02 -1.2210e-01
 -6.6400e-02 -3.0270e-01  9.5070e-01]",113
119,1,"[[-0.04254305 -0.09095459  0.53904541]
 [ 0.24343353 -0.29992433  0.33007567]
 [-0.03254641 -0.3076603   0.3223397 ]
 [-0.23627886  0.29480569 -0.33519431]
 [-0.28712016  0.2944496  -0.3355504 ]
 [ 0.24616833  0.30925071 -0.32074929]]","[2075. 2107. 1064. 2202. 2240.  931. 1889. 2243.  928. 2235. 2239.  932.
 2069. 2248.  923. 1887. 2249.  922.]","[2116. 2108. 1064. 2206. 2214.  943. 1887. 2235.  933. 2236. 2228.  939.
 2051. 2238.  930. 1897. 2246.  923.]","[-1.7759e+01  4.1640e+00  6.7868e+01  6.1000e-02  6.1000e-02 -3.0520e-01
 -6.7900e-02 -3.0370e-01  9.5120e-01]",113
120,1,"[[-0.01788578 -0.09175985  0.53824015]
 [ 0.24097949 -0.30005724  0.32994276]
 [-0.03905461 -0.30774646  0.32225354]
 [-0.23208048  0.29495773 -0.33504227]
 [-0.28647458  0.29457688 -0.33542312]
 [ 0.24995702  0.30898375 -0.32101625]]","[2059. 2107. 1064. 2199. 2240.  931. 1890. 2243.  928. 2234. 2240.  931.
 2073. 2248.  923. 1885. 2249.  922.]","[2105. 2108. 1065. 2204. 2215.  942. 1889. 2235.  932. 2236. 2228.  939.
 2055. 2238.  930. 1895. 2246.  924.]","[-1.7748e+01  4.1640e+00  6.7857e+01  0.0000e+00  0.0000e+00 -1.8310e-01
 -6.7400e-02 -3.0320e-01  9.4680e-01]",113
121,1,"[[ 0.00689114 -0.09273431  0.53726569]
 [ 0.23836425 -0.30019013  0.32980987]
 [-0.04563646 -0.30783128  0.32216872]
 [-0.22770381  0.29511168 -0.33488832]
 [-0.28575908  0.29470507 -0.33529493]
 [ 0.2536482   0.30866102 -0.32133898]]","[2043. 2108. 1063. 2196. 2240.  931. 1892. 2243.  928. 2234. 2240.  931.
 2077. 2248.  923. 1882. 2249.  922.]","[2089. 2108. 1065. 2201. 2215.  942. 1891. 2235.  932. 2235. 2228.  939.
 2058. 2238.  930. 1893. 2246.  924.]","[-1.7748e+01  4.1640e+00  6.7846e+01  1.2210e-01  6.1000e-02 -1.2210e-01
 -7.1300e-02 -3.0470e-01  9.5360e-01]",113
122,1,"[[ 0.03162196 -0.0938994   0.5361006 ]
 [ 0.23558283 -0.30032303  0.32967697]
 [-0.05228009 -0.30791471  0.32208529]
 [-0.22315147  0.29526752 -0.33473248]
 [-0.28496685  0.29483417 -0.33516583]
 [ 0.25723186  0.30828551 -0.32171449]]","[2027. 2109. 1062. 2193. 2240.  931. 1894. 2243.  928. 2233. 2240.  931.
 2082. 2248.  923. 1880. 2248.  922.]","[2073. 2109. 1064. 2199. 2215.  942. 1892. 2235.  933. 2235. 2229.  939.
 2062. 2238.  930. 1890. 2246.  924.]","[-1.7737e+01  4.1640e+00  6.7841e+01  1.8310e-01  1.2210e-01 -6.1000e-02
 -7.0800e-02 -3.0520e-01  9.4340e-01]",113
123,1,"[[ 0.05614124 -0.09527757  0.53472243]
 [ 0.23263077 -0.30045596  0.32954404]
 [-0.05897335 -0.30799674  0.32200326]
 [-0.21842684  0.29542521 -0.33457479]
 [-0.28409101  0.29496416 -0.33503584]
 [ 0.26069851  0.30786043 -0.32213957]]","[2011. 2110. 1061. 2190. 2240.  931. 1896. 2243.  928. 2233. 2240.  931.
 2086. 2248.  923. 1878. 2248.  923.]","[2057. 2109. 1063. 2196. 2215.  942. 1894. 2235.  933. 2234. 2229.  938.
 2065. 2239.  930. 1888. 2246.  923.]","[-1.7726e+01  4.1690e+00  6.7835e+01  6.1000e-02  0.0000e+00 -6.1000e-02
 -7.0800e-02 -3.0370e-01  9.4870e-01]",113
124,1,"[[ 0.08028497 -0.09689225  0.53310775]
 [ 0.2295041  -0.30058893  0.32941107]
 [-0.06570384 -0.30807734  0.32192266]
 [-0.21353408  0.29558472 -0.33441528]
 [-0.28312466  0.29509502 -0.33490498]
 [ 0.26403923  0.3073892  -0.3226108 ]]","[1995. 2111. 1060. 2187. 2240.  931. 1898. 2243.  928. 2232. 2240.  931.
 2090. 2248.  923. 1875. 2248.  923.]","[2042. 2109. 1062. 2193. 2215.  941. 1896. 2235.  933. 2233. 2230.  938.
 2069. 2238.  930. 1885. 2246.  924.]","[-1.7721e+01  4.1640e+00  6.7835e+01  6.1000e-02  0.0000e+00 -6.1000e-02
 -6.9800e-02 -3.0660e-01  9.5070e-01]",113
125,1,"[[ 0.10389162 -0.09876771  0.53123229]
 [ 0.22619941 -0.30072196  0.32927804]
 [-0.07245901 -0.30815646  0.32184354]
 [-0.20847812  0.29574602 -0.33425398]
 [-0.28206092  0.29522675 -0.33477325]
 [ 0.26724578  0.30687538 -0.32312462]]","[1980. 2112. 1059. 2183. 2240.  931. 1900. 2244.  927. 2231. 2240.  931.
 2095. 2248.  923. 1873. 2248.  923.]","[2022. 2110. 1061. 2190. 2215.  941. 1899. 2235.  932. 2231. 2230.  938.
 2073. 2238.  930. 1882. 2246.  924.]","[-1.7715e+01  4.1640e+00  6.7830e+01  6.1000e-02  6.1000e-02 -1.2210e-01
 -5.9600e-02 -3.0570e-01  9.4140e-01]",113
126,1,"[[ 0.12680329 -0.10092905  0.52907095]
 [ 0.22271387 -0.30085506  0.32914494]
 [-0.07922617 -0.30823407  0.32176593]
 [-0.20326465  0.29590908 -0.33409092]
 [-0.28089291  0.29535934 -0.33464066]
 [ 0.27031058  0.30632272 -0.32367728]]","[1965. 2113. 1058. 2180. 2240.  931. 1902. 2244.  927. 2231. 2240.  931.
 2099. 2248.  923. 1871. 2247.  924.]","[2010. 2111. 1060. 2187. 2215.  940. 1901. 2234.  933. 2230. 2230.  937.
 2077. 2238.  930. 1881. 2246.  924.]","[-1.7710e+01  4.1640e+00  6.7824e+01  6.1000e-02  0.0000e+00 -3.0520e-01
 -7.4700e-02 -3.1050e-01  9.5560e-01]",113
127,1,"[[ 0.14886671 -0.10340208  0.52659792]
 [ 0.21904525 -0.30098826  0.32901174]
 [-0.08599264 -0.30831014  0.32168986]
 [-0.19790011  0.29607384 -0.33392616]
 [-0.27961385  0.29549278 -0.33450722]
 [ 0.27322681  0.30573504 -0.32426496]]","[1950. 2115. 1056. 2177. 2241.  930. 1905. 2244.  927. 2230. 2240.  931.
 2104. 2248.  922. 1869. 2247.  924.]","[1994. 2112. 1059. 2185. 2215.  940. 1903. 2235.  933. 2230. 2230.  937.
 2081. 2238.  930. 1879. 2246.  924.]","[-1.7710e+01  4.1580e+00  6.7813e+01  1.2210e-01  6.1000e-02 -1.8310e-01
 -7.0800e-02 -3.0520e-01  9.4090e-01]",113
128,1,"[[ 0.16993428 -0.10621324  0.52378676]
 [ 0.21519196 -0.30112156  0.32887844]
 [-0.09274573 -0.30838462  0.32161538]
 [-0.19239166  0.29624028 -0.33375972]
 [-0.278217    0.29562707 -0.33437293]
 [ 0.27598841  0.30511627 -0.32488373]]","[1937. 2117. 1054. 2173. 2241.  930. 1907. 2244.  927. 2229. 2240.  931.
 2108. 2249.  922. 1868. 2246.  925.]","[1976. 2113. 1057. 2181. 2215.  940. 1906. 2235.  932. 2229. 2231.  937.
 2086. 2239.  930. 1876. 2245.  924.]","[-1.7704e+01  4.1580e+00  6.7808e+01  6.1000e-02  0.0000e+00 -1.2210e-01
 -7.4200e-02 -3.0810e-01  9.4970e-01]",113
129,1,"[[ 0.18986507 -0.10938949  0.52061051]
 [ 0.21115308 -0.30125497  0.32874503]
 [-0.09947286 -0.30845748  0.32154252]
 [-0.18674715  0.29640834 -0.33359166]
 [-0.27669578  0.29576222 -0.33423778]
 [ 0.27859017  0.30447042 -0.32552958]]","[1924. 2119. 1052. 2169. 2241.  930. 1910. 2244.  927. 2228. 2240.  931.
 2112. 2249.  922. 1866. 2246.  925.]","[1964. 2115. 1056. 2178. 2215.  939. 1907. 2235.  932. 2228. 2230.  937.
 2090. 2238.  930. 1875. 2245.  925.]","[-1.7699e+01  4.1580e+00  6.7802e+01  6.1000e-02  6.1000e-02 -6.1000e-02
 -7.5200e-02 -3.0960e-01  9.4820e-01]",113
130,1,"[[ 0.20852576 -0.1129582   0.5170418 ]
 [ 0.20692835 -0.30138851  0.32861149]
 [-0.10616161 -0.30852868  0.32147132]
 [-0.18097512  0.29657798 -0.33342202]
 [-0.27504374  0.29589823 -0.33410177]
 [ 0.2810277   0.30380153 -0.32619847]]","[1912. 2121. 1050. 2165. 2241.  930. 1913. 2244.  927. 2227. 2240.  931.
 2117. 2249.  922. 1864. 2246.  925.]","[1947. 2118. 1054. 2175. 2215.  939. 1910. 2235.  932. 2228. 2231.  937.
 2095. 2239.  930. 1871. 2245.  925.]","[-1.7693e+01  4.1640e+00  6.7791e+01  1.2210e-01  1.8310e-01 -1.8310e-01
 -5.9600e-02 -3.1010e-01  9.3850e-01]",113
131,1,"[[ 0.2257915  -0.11694703  0.51305297]
 [ 0.20251822 -0.30152218  0.32847782]
 [-0.11279979 -0.30859816  0.32140184]
 [-0.17508473  0.29674915 -0.33325085]
 [-0.27325465  0.29603509 -0.33396491]
 [ 0.28329748  0.30311366 -0.32688634]]","[1900. 2124. 1047. 2162. 2241.  930. 1915. 2244.  927. 2226. 2240.  930.
 2121. 2249.  922. 1863. 2245.  926.]","[1937. 2119. 1052. 2172. 2215.  939. 1913. 2235.  932. 2228. 2230.  937.
 2098. 2239.  930. 1870. 2245.  925.]","[-1.7693e+01  4.1640e+00  6.7780e+01  0.0000e+00  6.1000e-02 -4.8830e-01
 -6.6400e-02 -3.0960e-01  9.5360e-01]",113
132,1,"[[ 0.24154681 -0.12138376  0.50861624]
 [ 0.19792387 -0.30165598  0.32834402]
 [-0.11937547 -0.30866589  0.32133411]
 [-0.16908572  0.2969218  -0.3330782 ]
 [-0.27132248  0.29617282 -0.33382718]
 [ 0.2853969   0.30241089 -0.32758911]]","[1890. 2127. 1044. 2158. 2241.  930. 1918. 2244.  927. 2224. 2241.  930.
 2125. 2249.  922. 1861. 2245.  926.]","[1919. 2122. 1049. 2169. 2215.  938. 1916. 2235.  932. 2226. 2231.  936.
 2103. 2239.  930. 1867. 2244.  926.]","[-17.693    4.164   67.764    0.1221   0.1831  -0.3662  -0.0728  -0.3115
   0.9526]",113
133,1,"[[ 0.25568629 -0.12629616  0.50370384]
 [ 0.19314721 -0.30178992  0.32821008]
 [-0.1258771  -0.30873182  0.32126818]
 [-0.1629884   0.29709586 -0.33290414]
 [-0.2692415   0.29631142 -0.33368858]
 [ 0.28732422  0.30169728 -0.32830272]]","[1881. 2130. 1041. 2154. 2241.  930. 1922. 2244.  927. 2223. 2241.  930.
 2130. 2249.  922. 1860. 2244.  927.]","[1912. 2124. 1047. 2167. 2215.  938. 1918. 2235.  932. 2225. 2231.  936.
 2105. 2239.  930. 1866. 2244.  926.]","[-1.7688e+01  4.1640e+00  6.7747e+01  1.2210e-01  1.2210e-01 -2.4410e-01
 -5.9600e-02 -3.1010e-01  9.3550e-01]",113
134,1,"[[ 0.26811535 -0.13171182  0.49828818]
 [ 0.18819088 -0.301924    0.328076  ]
 [-0.13229351 -0.30879591  0.32120409]
 [-0.15680355  0.29727129 -0.33272871]
 [-0.26700628  0.2964509  -0.3335491 ]
 [ 0.28907863  0.30097689 -0.32902311]]","[1873. 2133. 1038. 2150. 2241.  930. 1925. 2244.  927. 2222. 2241.  930.
 2134. 2249.  922. 1859. 2244.  927.]","[1901. 2126. 1045. 2163. 2215.  937. 1921. 2235.  931. 2224. 2231.  936.
 2109. 2238.  929. 1864. 2244.  926.]","[-1.7682e+01  4.1640e+00  6.7731e+01  6.1000e-02  6.1000e-02 -4.2720e-01
 -6.2500e-02 -3.1250e-01  9.5170e-01]",113
135,1,"[[ 0.27875085 -0.13765794  0.49234206]
 [ 0.18305829 -0.30205821  0.32794179]
 [-0.13861403 -0.3088581   0.3211419 ]
 [-0.15054242  0.29744802 -0.33255198]
 [-0.26461175  0.29659127 -0.33340873]
 [ 0.2906602   0.30025368 -0.32974632]]","[1866. 2137. 1034. 2146. 2241.  930. 1928. 2244.  927. 2220. 2241.  930.
 2138. 2249.  922. 1858. 2243.  928.]","[1891. 2129. 1042. 2159. 2215.  937. 1924. 2235.  932. 2223. 2231.  936.
 2114. 2238.  930. 1863. 2243.  927.]","[-17.682    4.158   67.714    0.2441   0.1221  -0.4272  -0.083   -0.3105
   0.9609]",113
136,1,"[[ 0.28752162 -0.14416116  0.48583884]
 [ 0.17775358 -0.30219255  0.32780745]
 [-0.14482845 -0.30891835  0.32108165]
 [-0.14421664  0.29762599 -0.33237401]
 [-0.26205325  0.29673252 -0.33326748]
 [ 0.29206993  0.29953162 -0.33046838]]","[1860. 2141. 1029. 2142. 2242.  929. 1932. 2244.  926. 2218. 2241.  930.
 2142. 2249.  922. 1857. 2243.  928.]","[1882. 2133. 1039. 2156. 2215.  936. 1927. 2235.  931. 2221. 2231.  935.
 2118. 2239.  930. 1861. 2243.  927.]","[-1.7672e+01  4.1580e+00  6.7698e+01  3.6620e-01  2.4410e-01 -3.0520e-01
 -6.7400e-02 -2.9880e-01  9.3650e-01]",113
137,1,"[[ 0.29436903 -0.15124735  0.47875265]
 [ 0.17228165 -0.30232701  0.32767299]
 [-0.15092718 -0.30897662  0.32102338]
 [-0.13783817  0.29780513 -0.33219487]
 [-0.25932655  0.29687468 -0.33312532]
 [ 0.29330967  0.29881455 -0.33118545]]","[1856. 2146. 1025. 2137. 2242.  929. 1935. 2245.  926. 2217. 2241.  930.
 2146. 2249.  922. 1856. 2242.  929.]","[1873. 2136. 1035. 2152. 2215.  936. 1931. 2235.  931. 2219. 2231.  935.
 2122. 2239.  929. 1860. 2243.  929.]","[-17.661    4.158   67.676    0.1831   0.1221  -0.5493  -0.0698  -0.2979
   0.9482]",113
138,1,"[[ 0.29924725 -0.15894139  0.47105861]
 [ 0.16664812 -0.30246158  0.32753842]
 [-0.15690121 -0.30903285  0.32096715]
 [-0.13141922  0.29798536 -0.33201464]
 [-0.25642792  0.29701773 -0.33298227]
 [ 0.29438214  0.29810627 -0.33189373]]","[1852. 2151. 1020. 2133. 2242.  929. 1939. 2245.  926. 2215. 2241.  930.
 2150. 2249.  922. 1856. 2242.  929.]","[1867. 2140. 1031. 2148. 2216.  936. 1934. 2235.  930. 2218. 2231.  935.
 2126. 2238.  930. 1858. 2243.  929.]","[-17.655    4.158   67.654    0.1221   0.1221  -0.4272  -0.0732  -0.2983
   0.9585]",113
139,1,"[[ 0.30212355 -0.16726695  0.46273305]
 [ 0.16085935 -0.30259623  0.32740377]
 [-0.16274219 -0.30908701  0.32091299]
 [-0.12497225  0.29816662 -0.33183338]
 [-0.25335416  0.2971617  -0.3328383 ]
 [ 0.2952909   0.29741046 -0.33258954]]","[1851. 2157. 1014. 2129. 2242.  929. 1943. 2245.  926. 2213. 2241.  930.
 2154. 2249.  922. 1855. 2241.  930.]","[1862. 2145. 1027. 2144. 2216.  935. 1938. 2235.  930. 2216. 2231.  935.
 2131. 2239.  929. 1858. 2242.  929.]","[-1.7650e+01  4.1580e+00  6.7637e+01  1.8310e-01  1.2210e-01 -4.2720e-01
 -6.6900e-02 -2.9740e-01  9.4630e-01]",113
140,1,"[[ 0.3029851  -0.17624628  0.45375372]
 [ 0.15492483 -0.30273097  0.32726903]
 [-0.16844485 -0.30913903  0.32086097]
 [-0.11850971  0.29834883 -0.33165117]
 [-0.25010507  0.29730658 -0.33269342]
 [ 0.29604262  0.29673071 -0.33326929]]","[1850. 2162. 1009. 2125. 2242.  929. 1947. 2245.  926. 2211. 2241.  930.
 2157. 2249.  922. 1855. 2241.  930.]","[1857. 2149. 1022. 2140. 2217.  935. 1941. 2235.  930. 2214. 2231.  934.
 2135. 2239.  929. 1856. 2242.  929.]","[-17.639    4.153   67.615    0.1831   0.      -0.5493  -0.0684  -0.3071
   0.9561]",113
141,1,"[[ 0.30286719 -0.18585272  0.44414728]
 [ 0.14890501 -0.30286575  0.32713425]
 [-0.17405727 -0.30918889  0.32081111]
 [-0.11203383  0.29853192 -0.33146808]
 [-0.24673624  0.29745238 -0.33254762]
 [ 0.29668868  0.2960705  -0.3339295 ]]","[1850. 2169. 1002. 2121. 2242.  929. 1950. 2245.  926. 2208. 2241.  930.
 2161. 2249.  922. 1854. 2241.  930.]","[1853. 2158. 1015. 2134. 2218.  935. 1947. 2235.  930. 2211. 2231.  935.
 2142. 2238.  929. 1856. 2241.  930.]","[-1.7628e+01  4.1470e+00  6.7593e+01  3.0520e-01  6.1000e-02 -4.8830e-01
 -7.2300e-02 -3.0960e-01  9.4920e-01]",113
142,1,"[[ 0.302675   -0.19577852  0.43422148]
 [ 0.14284128 -0.30300056  0.32699944]
 [-0.17961468 -0.30923654  0.32076346]
 [-0.10552301  0.2987158  -0.3312842 ]
 [-0.24329611  0.29759907 -0.33240093]
 [ 0.2972472   0.29543317 -0.33456683]]","[1850. 2175.  996. 2116. 2242.  929. 1954. 2245.  926. 2206. 2242.  929.
 2165. 2249.  922. 1854. 2240.  931.]","[1852. 2160. 1012. 2133. 2218.  936. 1949. 2235.  930. 2210. 2231.  934.
 2144. 2239.  929. 1855. 2241.  930.]","[-17.617    4.147   67.577    0.2441   0.      -0.4883  -0.0684  -0.3037
   0.9414]",113
143,1,"[[ 0.30241843 -0.20603603  0.42396397]
 [ 0.13672539 -0.30313534  0.32686466]
 [-0.18510174 -0.30928196  0.32071804]
 [-0.09896192  0.29890044 -0.33109956]
 [-0.23978126  0.29774663 -0.33225337]
 [ 0.29769131  0.29482195 -0.33517805]]","[1850. 2182.  989. 2112. 2242.  929. 1958. 2245.  926. 2204. 2242.  929.
 2168. 2249.  922. 1853. 2240.  931.]","[1851. 2166. 1007. 2128. 2219.  936. 1952. 2235.  930. 2207. 2231.  934.
 2147. 2239.  929. 1854. 2241.  930.]","[-17.606    4.136   67.555    0.2441   0.      -0.5493  -0.0791  -0.3066
   0.9478]",113
144,1,"[[ 0.30209146 -0.21664701  0.41335299]
 [ 0.13055239 -0.30327006  0.32672994]
 [-0.19050549 -0.3093251   0.3206749 ]
 [-0.09234532  0.29908576 -0.33091424]
 [-0.23618775  0.29789502 -0.33210498]
 [ 0.29800945  0.2942399  -0.3357601 ]]","[1851. 2189.  982. 2108. 2242.  928. 1962. 2245.  926. 2201. 2242.  929.
 2172. 2249.  922. 1853. 2239.  932.]","[1851. 2174.  999. 2123. 2219.  935. 1958. 2235.  929. 2205. 2232.  933.
 2152. 2239.  929. 1853. 2241.  930.]","[-17.6      4.136   67.538    0.       0.      -0.3052  -0.0723  -0.3047
   0.9468]",113
145,1,"[[ 0.30169202 -0.22761238  0.40238762]
 [ 0.12432183 -0.30340466  0.32659534]
 [-0.19581759 -0.30936591  0.32063409]
 [-0.08567298  0.29927169 -0.33072831]
 [-0.23251443  0.29804419 -0.33195581]
 [ 0.29819441  0.29368994 -0.33631006]]","[1851. 2196.  975. 2103. 2243.  928. 1966. 2245.  926. 2199. 2242.  929.
 2175. 2249.  922. 1853. 2239.  932.]","[1852. 2177.  997. 2120. 2218.  935. 1961. 2235.  929. 2202. 2232.  933.
 2156. 2239.  929. 1853. 2240.  931.]","[-1.7600e+01  4.1310e+00  6.7527e+01  0.0000e+00 -6.1000e-02 -2.4410e-01
 -6.9300e-02 -3.0710e-01  9.4240e-01]",113
146,1,"[[ 0.30121956 -0.23892862  0.39107138]
 [ 0.11803553 -0.3035391   0.3264609 ]
 [-0.20103233 -0.30940437  0.32059563]
 [-0.07894691  0.29945818 -0.33054182]
 [-0.22876169  0.29819412 -0.33180588]
 [ 0.29726153  0.29317436 -0.33682564]]","[1851. 2203.  968. 2099. 2243.  928. 1971. 2245.  926. 2197. 2242.  929.
 2179. 2249.  922. 1854. 2239.  932.]","[1851. 2181.  989. 2115. 2218.  936. 1965. 2235.  929. 2199. 2232.  934.
 2159. 2238.  929. 1853. 2240.  931.]","[-1.7600e+01  4.1250e+00  6.7516e+01 -6.1000e-02  0.0000e+00 -2.4410e-01
 -7.1800e-02 -3.0760e-01  9.4730e-01]",113
147,1,"[[ 0.30067401 -0.25059127  0.37940873]
 [ 0.11169634 -0.30367333  0.32632667]
 [-0.20614532 -0.30944042  0.32055958]
 [-0.0721701   0.29964515 -0.33035485]
 [-0.22493069  0.29834476 -0.33165524]
 [ 0.29403764  0.29269362 -0.33730638]]","[1851. 2211.  960. 2095. 2243.  928. 1975. 2245.  926. 2194. 2242.  929.
 2182. 2249.  922. 1856. 2238.  933.]","[1852. 2185.  986. 2113. 2218.  935. 1968. 2235.  929. 2198. 2231.  933.
 2162. 2239.  929. 1852. 2239.  931.]","[-1.7600e+01  4.1250e+00  6.7511e+01  6.1000e-02  1.8310e-01 -6.1000e-02
 -8.5900e-02 -3.1350e-01  9.6480e-01]",113
148,1,"[[ 0.30005546 -0.26259566  0.36740434]
 [ 0.10530756 -0.3038073   0.3261927 ]
 [-0.21115281 -0.30947403  0.32052597]
 [-0.06534598  0.29983253 -0.33016747]
 [-0.22102289  0.29849607 -0.33150393]
 [ 0.28848456  0.29225183 -0.33774817]]","[1852. 2219.  952. 2090. 2243.  928. 1979. 2246.  925. 2192. 2242.  929.
 2185. 2249.  922. 1859. 2238.  933.]","[1853. 2193.  977. 2107. 2218.  936. 1973. 2236.  929. 2195. 2231.  933.
 2167. 2239.  928. 1853. 2238.  932.]","[-1.7595e+01  4.1360e+00  6.7505e+01  1.8310e-01  3.0520e-01  1.2210e-01
 -5.9100e-02 -3.1490e-01  9.2630e-01]",113
149,1,"[[ 0.29936405 -0.27493698  0.35506302]
 [ 0.09887264 -0.30394097  0.32605903]
 [-0.21605139 -0.30950517  0.32049483]
 [-0.05847819  0.30002025 -0.32997975]
 [-0.21703995  0.29864801 -0.33135199]
 [ 0.28060972  0.2709371  -0.3590629 ]]","[1852. 2227.  944. 2086. 2243.  928. 1983. 2246.  925. 2189. 2242.  929.
 2188. 2249.  922. 1865. 2224.  947.]","[1853. 2198.  971. 2102. 2219.  936. 1977. 2238.  928. 2192. 2231.  934.
 2171. 2238.  927. 1855. 2238.  933.]","[-17.584    4.158   67.505    0.4883   0.6714   0.      -0.0923  -0.3213
   1.0269]",113
150,1,"[[ 0.29859994 -0.28761036  0.34238964]
 [ 0.09239515 -0.30407429  0.32592571]
 [-0.22083781 -0.30953381  0.32046619]
 [-0.05157051  0.30020825 -0.32979175]
 [-0.21298356  0.29880055 -0.33119945]
 [ 0.27045218  0.22351005 -0.40648995]]","[1853. 2235.  936. 2081. 2243.  928. 1987. 2246.  925. 2186. 2242.  929.
 2191. 2249.  922. 1871. 2193.  978.]","[1853. 2202.  967. 2100. 2218.  935. 1979. 2238.  928. 2191. 2232.  934.
 2174. 2239.  927. 1857. 2235.  937.]","[-1.7540e+01  4.2130e+00  6.7500e+01  1.7700e+00  1.8311e+00  4.8830e-01
 -2.6900e-02 -2.9830e-01  9.0820e-01]",113
151,1,"[[ 0.29776333 -0.29207451  0.33792549]
 [ 0.08587866 -0.3042072   0.3257928 ]
 [-0.22550892 -0.3095599   0.3204401 ]
 [-0.04462676  0.30039644 -0.32960356]
 [-0.20885548  0.29895364 -0.33104636]
 [ 0.25807828  0.1822328  -0.4477672 ]]","[1853. 2238.  933. 2077. 2243.  928. 1992. 2246.  925. 2184. 2242.  929.
 2195. 2249.  922. 1879. 2166. 1005.]","[1854. 2211.  958. 2094. 2219.  936. 1984. 2240.  927. 2187. 2231.  934.
 2179. 2239.  926. 1862. 2221.  951.]","[-17.485    4.274   67.467    1.0986   1.77    -0.9155  -0.0708  -0.3115
   0.9736]",113
152,1,"[[ 0.2968544  -0.29217443  0.33782557]
 [ 0.07932677 -0.30433967  0.32566033]
 [-0.23006168 -0.30958341  0.32041659]
 [-0.03765082  0.30058475 -0.32941525]
 [-0.20465747  0.29910723 -0.33089277]
 [ 0.24357928  0.14733172 -0.48266828]]","[1854. 2238.  933. 2072. 2243.  928. 1996. 2246.  925. 2181. 2242.  928.
 2197. 2249.  922. 1889. 2144. 1027.]","[1854. 2215.  953. 2090. 2219.  936. 1987. 2242.  927. 2185. 2231.  934.
 2184. 2238.  925. 1868. 2202.  970.]","[-17.446    4.334   67.412    1.1597   2.1362  -0.6104  -0.085   -0.314
   0.979 ]",113
153,1,"[[ 0.29587339 -0.29227672  0.33772328]
 [ 0.07274305 -0.30447164  0.32552836]
 [-0.23449309 -0.30960431  0.32039569]
 [-0.03064663  0.30077311 -0.32922689]
 [-0.20039132  0.2992613  -0.3307387 ]
 [ 0.2270696   0.11899927 -0.51100073]]","[1855. 2238.  933. 2067. 2244.  927. 2000. 2246.  925. 2178. 2243.  928.
 2200. 2249.  922. 1899. 2125. 1046.]","[1855. 2218.  950. 2087. 2219.  936. 1989. 2244.  926. 2183. 2231.  934.
 2187. 2238.  925. 1873. 2189.  984.]","[-1.7386e+01  4.4220e+00  6.7363e+01  1.8311e+00  2.5635e+00 -3.6620e-01
 -5.8600e-02 -3.0320e-01  9.5610e-01]",113
154,1,"[[ 0.29482054 -0.29238136  0.33761864]
 [ 0.0661311  -0.30460306  0.32539694]
 [-0.23880024 -0.30962258  0.32037742]
 [-0.02361816  0.30096146 -0.32903854]
 [-0.19605882  0.29941578 -0.33058422]
 [ 0.20868525  0.09739314 -0.53260686]]","[1855. 2238.  933. 2063. 2244.  927. 2004. 2246.  925. 2175. 2243.  928.
 2203. 2249.  922. 1911. 2111. 1060.]","[1855. 2221.  946. 2083. 2220.  936. 1992. 2245.  926. 2180. 2231.  934.
 2191. 2238.  925. 1883. 2170. 1004.]","[-1.7276e+01  4.5150e+00  6.7302e+01  3.2959e+00  2.9907e+00 -9.1550e-01
 -4.4400e-02 -3.1640e-01  9.4780e-01]",113
155,1,"[[ 0.29369609 -0.29248829  0.33751171]
 [ 0.05949448 -0.30473389  0.32526611]
 [-0.24298027 -0.30963817  0.32036183]
 [-0.01656941  0.3011497  -0.3288503 ]
 [-0.19166179  0.29957065 -0.33042935]
 [ 0.18858207  0.08263539 -0.54736461]]","[1856. 2238.  933. 2058. 2244.  927. 2009. 2246.  925. 2172. 2243.  928.
 2206. 2249.  922. 1925. 2101. 1070.]","[1855. 2222.  945. 2078. 2220.  936. 1996. 2246.  926. 2177. 2231.  933.
 2193. 2238.  925. 1889. 2150. 1023.]","[-17.15     4.598   67.225    3.418    2.6245  -1.1597  -0.0835  -0.3125
   0.9106]",113
156,1,"[[ 0.29250032 -0.29259748  0.33740252]
 [ 0.05283676 -0.30486406  0.32513594]
 [-0.2470304  -0.30965106  0.32034894]
 [-0.00950442  0.30133777 -0.32866223]
 [-0.18720205  0.29972586 -0.33027414]
 [ 0.16693366  0.07481186 -0.55518814]]","[1857. 2238.  933. 2054. 2244.  927. 2013. 2246.  925. 2170. 2243.  928.
 2209. 2249.  922. 1939. 2096. 1075.]","[1856. 2222.  944. 2072. 2221.  936. 2001. 2246.  926. 2173. 2231.  932.
 2198. 2238.  925. 1904. 2131. 1043.]","[-1.7089e+01  4.6420e+00  6.7192e+01  1.2817e+00  1.1597e+00 -6.1000e-02
 -9.3800e-02 -2.8710e-01  9.1650e-01]",113
157,1,"[[ 0.29123352 -0.2927089   0.3372911 ]
 [ 0.04616147 -0.30499354  0.32500646]
 [-0.25094791 -0.30966125  0.32033875]
 [-0.00242726  0.30152559 -0.32847441]
 [-0.18268142  0.29988136 -0.33011864]
 [ 0.14392911  0.07401306 -0.55598694]]","[1858. 2238.  933. 2049. 2244.  927. 2017. 2246.  925. 2167. 2243.  928.
 2211. 2249.  922. 1954. 2096. 1075.]","[1856. 2222.  943. 2070. 2221.  936. 2004. 2247.  926. 2171. 2231.  932.
 2200. 2238.  925. 1913. 2121. 1052.]","[-1.7078e+01  4.6580e+00  6.7209e+01  6.1000e-02  0.0000e+00  7.9350e-01
 -8.5000e-02 -2.6760e-01  9.3990e-01]",113
158,1,"[[ 0.289896   -0.29282249  0.33717751]
 [ 0.03947215 -0.30512227  0.32487773]
 [-0.25473015 -0.30966876  0.32033124]
 [ 0.00465798  0.30171308 -0.32828692]
 [-0.17810174  0.30003712 -0.32996288]
 [ 0.11977045  0.07764908 -0.55235092]]","[1859. 2238.  933. 2044. 2244.  927. 2022. 2246.  925. 2164. 2243.  928.
 2214. 2249.  922. 1969. 2098. 1073.]","[1857. 2222.  943. 2065. 2221.  936. 2007. 2247.  926. 2169. 2231.  932.
 2203. 2238.  925. 1926. 2113. 1060.]","[-17.056    4.664   67.236    0.5493   0.       0.6104  -0.0767  -0.2842
   0.9443]",113
159,1,"[[ 0.28848809 -0.29293822  0.33706178]
 [ 0.03277231 -0.3052502   0.3247498 ]
 [-0.25837455 -0.3096738   0.3203262 ]
 [ 0.01174719  0.30190017 -0.32809983]
 [-0.17346486  0.30019308 -0.32980692]
 [ 0.09466996  0.07775456 -0.55224544]]","[1859. 2238.  933. 2040. 2244.  927. 2026. 2246.  924. 2161. 2243.  928.
 2216. 2249.  922. 1986. 2098. 1073.]","[1859. 2223.  942. 2061. 2221.  936. 2012. 2247.  926. 2166. 2231.  932.
 2205. 2238.  925. 1940. 2108. 1065.]","[-1.7029e+01  4.6690e+00  6.7242e+01  7.9350e-01  1.8310e-01 -6.1000e-02
 -1.0350e-01 -3.1450e-01  9.4040e-01]",113
160,1,"[[ 0.28701012 -0.29305604  0.33694396]
 [ 0.02606543 -0.30537729  0.32462271]
 [-0.26187861 -0.30967663  0.32032337]
 [ 0.01883623  0.30208679 -0.32791321]
 [-0.16877264  0.30034921 -0.32965079]
 [ 0.06884727  0.07745892 -0.55254108]]","[1860. 2239.  932. 2035. 2244.  927. 2031. 2247.  924. 2158. 2243.  928.
 2218. 2249.  922. 2003. 2098. 1073.]","[1860. 2222.  942. 2057. 2221.  936. 2017. 2247.  926. 2163. 2231.  932.
 2208. 2238.  925. 1955. 2106. 1068.]","[-1.7029e+01  4.6750e+00  6.7236e+01 -6.1000e-02  6.1000e-02 -1.2210e-01
 -1.0160e-01 -2.8710e-01  9.2820e-01]",113
161,1,"[[ 0.28546245 -0.29317592  0.33682408]
 [ 0.01935497 -0.30550347  0.32449653]
 [-0.26523993 -0.30966873  0.32033127]
 [ 0.02592094  0.30227284 -0.32772716]
 [-0.16402692  0.30050545 -0.32949455]
 [ 0.04252646  0.07720654 -0.55279346]]","[1861. 2239.  932. 2031. 2245.  926. 2035. 2247.  924. 2154. 2243.  928.
 2220. 2249.  922. 2020. 2098. 1073.]","[1861. 2223.  940. 2053. 2221.  936. 2021. 2247.  925. 2159. 2231.  932.
 2210. 2238.  925. 1970. 2104. 1070.]","[-1.7034e+01  4.6750e+00  6.7236e+01 -1.2210e-01 -1.2210e-01  6.1000e-02
 -8.9800e-02 -2.8420e-01  9.6440e-01]",113
162,1,"[[ 0.28384546 -0.29329781  0.33670219]
 [ 0.01264438 -0.3056287   0.3243713 ]
 [-0.26845616 -0.30959487  0.32040513]
 [ 0.03299716  0.30245826 -0.32754174]
 [-0.15922957  0.30066176 -0.32933824]
 [ 0.01593322  0.07708252 -0.55291748]]","[1862. 2239.  932. 2026. 2245.  926. 2039. 2247.  924. 2151. 2244.  927.
 2223. 2249.  922. 2037. 2098. 1073.]","[1862. 2222.  940. 2049. 2221.  936. 2026. 2247.  925. 2156. 2231.  932.
 2212. 2238.  925. 1987. 2103. 1071.]","[-1.7034e+01  4.6800e+00  6.7242e+01  1.8310e-01  6.1000e-02  2.4410e-01
 -6.5400e-02 -3.0180e-01  9.5410e-01]",113
163,1,"[[ 0.28215955 -0.29342166  0.33657834]
 [ 0.00593707 -0.30575293  0.32424707]
 [-0.27152506 -0.30944139  0.32055861]
 [ 0.04006072  0.30264298 -0.32735702]
 [-0.15438247  0.30081811 -0.32918189]
 [-0.01070804  0.07712018 -0.55287982]]","[1864. 2239.  932. 2021. 2245.  926. 2044. 2247.  924. 2148. 2244.  927.
 2225. 2249.  922. 2054. 2098. 1073.]","[1863. 2223.  940. 2045. 2221.  936. 2031. 2247.  925. 2154. 2231.  931.
 2215. 2238.  926. 2004. 2102. 1071.]","[-1.7029e+01  4.6860e+00  6.7253e+01  6.1000e-02  0.0000e+00  1.8310e-01
 -6.7400e-02 -3.0570e-01  9.4780e-01]",113
164,1,"[[ 0.28040512 -0.29354744  0.33645256]
 [-0.00076357 -0.30587611  0.32412389]
 [-0.27444446 -0.30922308  0.32077692]
 [ 0.04710743  0.3028269  -0.3271731 ]
 [-0.14948749  0.30097443 -0.32902557]
 [-0.03717685  0.07734471 -0.55265529]]","[1865. 2239.  932. 2017. 2245.  926. 2048. 2247.  924. 2145. 2244.  927.
 2226. 2249.  922. 2072. 2098. 1073.]","[1864. 2223.  939. 2040. 2221.  936. 2035. 2248.  925. 2151. 2231.  931.
 2217. 2238.  925. 2020. 2102. 1071.]","[-17.029    4.686   67.258    0.       0.       0.1831  -0.0854  -0.3013
   0.9453]",113
165,1,"[[ 0.27858259 -0.29367511  0.33632489]
 [-0.0074542  -0.30599818  0.32400182]
 [-0.27721228 -0.30894392  0.32105608]
 [ 0.05413309  0.30300995 -0.32699005]
 [-0.14454651  0.3011307  -0.3288693 ]
 [-0.06325916  0.07778006 -0.55221994]]","[1866. 2239.  932. 2012. 2245.  926. 2052. 2247.  924. 2142. 2244.  927.
 2228. 2249.  922. 2089. 2098. 1073.]","[1865. 2223.  938. 2036. 2221.  936. 2039. 2248.  926. 2148. 2231.  931.
 2218. 2238.  926. 2037. 2102. 1072.]","[-17.023    4.691   67.275    0.2441   0.       0.3662  -0.0923  -0.3042
   0.9526]",113
166,1,"[[ 0.27669242 -0.29380461  0.33619539]
 [-0.01413149 -0.3061191   0.3238809 ]
 [-0.27982654 -0.30860698  0.32139302]
 [ 0.06113353  0.30319206 -0.32680794]
 [-0.1395614   0.30128685 -0.32871315]
 [-0.08874967  0.0784503  -0.5515497 ]]","[1867. 2239.  932. 2008. 2245.  926. 2057. 2247.  924. 2138. 2244.  927.
 2230. 2249.  922. 2105. 2099. 1072.]","[1866. 2224.  938. 2031. 2221.  936. 2044. 2248.  925. 2144. 2231.  931.
 2220. 2238.  926. 2054. 2102. 1072.]","[-17.012    4.702   67.291    0.2441   0.       0.4883  -0.0933  -0.2993
   0.9468]",113
167,1,"[[ 0.27473505 -0.2939359   0.3360641 ]
 [-0.02079215 -0.30623881  0.32376119]
 [-0.28228535 -0.3082155   0.3217845 ]
 [ 0.06810455  0.30337314 -0.32662686]
 [-0.13453405  0.30144285 -0.32855715]
 [-0.11345376  0.07938    -0.55062   ]]","[1868. 2239.  932. 2003. 2245.  926. 2061. 2247.  924. 2135. 2244.  927.
 2232. 2248.  923. 2121. 2099. 1072.]","[1867. 2224.  937. 2027. 2221.  936. 2048. 2248.  925. 2141. 2231.  931.
 2222. 2238.  926. 2072. 2102. 1072.]","[-1.7001e+01  4.7080e+00  6.7319e+01  1.8310e-01 -6.1000e-02  6.1040e-01
 -9.2800e-02 -2.9390e-01  9.4780e-01]",113
168,1,"[[ 0.27271097 -0.29406895  0.33593105]
 [-0.02743293 -0.30635726  0.32364274]
 [-0.2845869  -0.30777298  0.32222702]
 [ 0.07504197  0.30355312 -0.32644688]
 [-0.12946635  0.30159865 -0.32840135]
 [-0.13718929  0.08059436 -0.54940564]]","[1870. 2239.  932. 1999. 2245.  926. 2065. 2247.  924. 2132. 2244.  927.
 2233. 2248.  923. 2137. 2100. 1071.]","[1868. 2225.  936. 2022. 2221.  936. 2053. 2248.  926. 2138. 2231.  931.
 2224. 2238.  926. 2088. 2102. 1072.]","[-16.996    4.719   67.341    0.1831   0.       0.6714  -0.0903  -0.2944
   0.958 ]",113
169,1,"[[ 0.27062067 -0.29420369  0.33579631]
 [-0.03405062 -0.30647441  0.32352559]
 [-0.2867295  -0.30728314  0.32271686]
 [ 0.08194162  0.30373191 -0.32626809]
 [-0.12436017  0.3017542  -0.3282458 ]
 [-0.15978798  0.08211914 -0.54788086]]","[1871. 2239.  932. 1994. 2246.  925. 2070. 2247.  924. 2129. 2244.  927.
 2234. 2248.  923. 2152. 2101. 1070.]","[1870. 2225.  936. 2017. 2221.  936. 2057. 2248.  925. 2134. 2231.  931.
 2226. 2238.  926. 2104. 2102. 1072.]","[-16.985    4.73    67.368    0.1831   0.       0.7324  -0.0757  -0.2925
   0.9424]",113
170,1,"[[ 0.26846465 -0.2943401   0.3356599 ]
 [-0.04064203 -0.30659019  0.32340981]
 [-0.28871154 -0.30674989  0.32325011]
 [ 0.08879934  0.30390945 -0.32609055]
 [-0.11921742  0.30190946 -0.32809054]
 [-0.18109655  0.08398064 -0.54601936]]","[1872. 2239.  932. 1990. 2246.  925. 2074. 2247.  924. 2125. 2244.  927.
 2236. 2247.  923. 2166. 2102. 1069.]","[1871. 2226.  936. 2014. 2221.  936. 2062. 2248.  925. 2131. 2231.  931.
 2227. 2238.  926. 2120. 2102. 1071.]","[-1.6985e+01  4.7410e+00  6.7390e+01  6.1000e-02  0.0000e+00  5.4930e-01
 -6.3500e-02 -2.8960e-01  9.5260e-01]",113
171,1,"[[ 0.26624344 -0.29447812  0.33552188]
 [-0.04720402 -0.30670457  0.32329543]
 [-0.29053152 -0.30617728  0.32382272]
 [ 0.09561099  0.30408565 -0.32591435]
 [-0.11403998  0.30206437 -0.32793563]
 [-0.20097753  0.08620549 -0.54379451]]","[1874. 2239.  931. 1985. 2246.  925. 2078. 2247.  924. 2122. 2244.  927.
 2237. 2247.  924. 2179. 2104. 1067.]","[1872. 2226.  936. 2009. 2221.  936. 2066. 2249.  925. 2129. 2231.  931.
 2228. 2238.  927. 2136. 2103. 1070.]","[-16.968    4.746   67.412    0.2441   0.       0.4883  -0.0776  -0.29
   0.9673]",113
172,1,"[[ 0.26395758 -0.2946177   0.3353823 ]
 [-0.05373351 -0.30681749  0.32318251]
 [-0.29218804 -0.30556952  0.32443048]
 [ 0.10237243  0.30426042 -0.32573958]
 [-0.10882972  0.30221891 -0.32778109]
 [-0.21930984  0.08882058 -0.54117942]]","[1875. 2240.  931. 1981. 2246.  925. 2083. 2248.  923. 2118. 2245.  926.
 2238. 2247.  924. 2190. 2105. 1066.]","[1874. 2226.  935. 2004. 2221.  936. 2071. 2248.  925. 2124. 2231.  931.
 2230. 2237.  927. 2153. 2103. 1068.]","[-1.6957e+01  4.7570e+00  6.7462e+01  6.1000e-02  0.0000e+00  6.1040e-01
 -8.1500e-02 -2.9540e-01  9.6340e-01]",113
173,1,"[[ 0.26160762 -0.29475881  0.33524119]
 [-0.06022744 -0.3069289   0.3230711 ]
 [-0.2936798  -0.30493086  0.32506914]
 [ 0.10907957  0.30443371 -0.32556629]
 [-0.10358855  0.30237301 -0.32762699]
 [-0.23598903  0.09185286 -0.53814714]]","[1877. 2240.  931. 1976. 2246.  925. 2087. 2248.  923. 2115. 2245.  926.
 2239. 2246.  925. 2201. 2107. 1064.]","[1875. 2227.  934. 1998. 2221.  936. 2076. 2249.  924. 2120. 2231.  931.
 2231. 2237.  928. 2169. 2105. 1067.]","[-1.6946e+01  4.7630e+00  6.7489e+01  1.8310e-01 -6.1000e-02  6.7140e-01
 -8.9800e-02 -2.9200e-01  9.4380e-01]",113
174,1,"[[ 0.25919413 -0.29490139  0.33509861]
 [-0.06668279 -0.30703875  0.32296125]
 [-0.2950056  -0.30426565  0.32573435]
 [ 0.11572834  0.30460542 -0.32539458]
 [-0.09831834  0.30252663 -0.32747337]
 [-0.25092734  0.09532919 -0.53467081]]","[1879. 2240.  931. 1972. 2246.  925. 2091. 2248.  923. 2112. 2245.  926.
 2240. 2246.  925. 2211. 2110. 1061.]","[1876. 2227.  934. 1995. 2221.  936. 2079. 2249.  924. 2119. 2231.  931.
 2232. 2237.  928. 2176. 2105. 1066.]","[-16.935    4.768   67.522    0.1831  -0.1221   0.7324  -0.0908  -0.2954
   0.9448]",113
175,1,"[[ 0.2567177  -0.2950454   0.3349546 ]
 [-0.0730966  -0.307147    0.322853  ]
 [-0.29616436 -0.30357824  0.32642176]
 [ 0.12231467  0.30477547 -0.32522453]
 [-0.09302097  0.30267972 -0.32732028]
 [-0.26405348  0.09927612 -0.53072388]]","[1880. 2240.  931. 1968. 2246.  925. 2095. 2248.  923. 2108. 2245.  926.
 2241. 2245.  926. 2220. 2112. 1059.]","[1878. 2227.  933. 1991. 2221.  935. 2083. 2249.  924. 2115. 2231.  931.
 2234. 2236.  929. 2188. 2107. 1064.]","[-1.6924e+01  4.7740e+00  6.7549e+01  1.2210e-01 -6.1000e-02  7.9350e-01
 -8.0600e-02 -2.9490e-01  9.5950e-01]",113
176,1,"[[ 0.25417893 -0.2951908   0.3348092 ]
 [-0.07946595 -0.30725359  0.32274641]
 [-0.29715512 -0.30287302  0.32712698]
 [ 0.12883456  0.3049438  -0.3250562 ]
 [-0.08769833  0.30283225 -0.32716775]
 [-0.27531232  0.10371976 -0.52628024]]","[1882. 2240.  931. 1964. 2246.  925. 2099. 2248.  923. 2105. 2245.  926.
 2241. 2245.  926. 2227. 2115. 1056.]","[1880. 2228.  933. 1987. 2221.  936. 2087. 2249.  924. 2112. 2231.  931.
 2235. 2237.  929. 2199. 2110. 1061.]","[-16.919    4.785   67.582    0.1221   0.       0.7324  -0.0752  -0.2939
   0.9458]",113
177,1,"[[ 0.25157843 -0.29533752  0.33466248]
 [-0.08578796 -0.30735847  0.32264153]
 [-0.29797701 -0.30215433  0.32784567]
 [ 0.13528402  0.30511032 -0.32488968]
 [-0.08235228  0.30298415 -0.32701585]
 [-0.28466429  0.10868555 -0.52131445]]","[1883. 2240.  931. 1959. 2246.  925. 2103. 2248.  923. 2101. 2245.  926.
 2242. 2244.  926. 2233. 2118. 1053.]","[1881. 2228.  933. 1983. 2221.  936. 2091. 2249.  924. 2108. 2231.  931.
 2235. 2237.  929. 2209. 2112. 1059.]","[-1.6913e+01  4.7850e+00  6.7604e+01  6.1000e-02 -6.1000e-02  6.1040e-01
 -7.9100e-02 -2.9000e-01  9.4920e-01]",113
178,1,"[[ 0.24891685 -0.29548554  0.33451446]
 [-0.09205981 -0.3074616   0.3225384 ]
 [-0.29862953 -0.30142649  0.32857351]
 [ 0.14165912  0.30527495 -0.32472505]
 [-0.0769847   0.30313539 -0.32686461]
 [-0.29208479  0.11419807 -0.51580193]]","[1885. 2240.  931. 1955. 2247.  924. 2108. 2248.  923. 2098. 2245.  926.
 2242. 2244.  927. 2238. 2122. 1049.]","[1882. 2228.  932. 1978. 2221.  935. 2094. 2249.  924. 2105. 2231.  931.
 2236. 2235.  930. 2218. 2115. 1057.]","[-1.6908e+01  4.7900e+00  6.7626e+01  6.1000e-02 -6.1000e-02  5.4930e-01
 -7.6200e-02 -2.8610e-01  9.5410e-01]",113
179,1,"[[ 0.24619482 -0.2956348   0.3343652 ]
 [-0.09827873 -0.30756292  0.32243708]
 [-0.29911368 -0.30069376  0.32930624]
 [ 0.14795595  0.30543762 -0.32456238]
 [-0.07159745  0.30328592 -0.32671408]
 [-0.29756336  0.1202809  -0.5097191 ]]","[1887. 2240.  931. 1951. 2247.  924. 2112. 2248.  923. 2094. 2245.  926.
 2242. 2244.  927. 2241. 2126. 1045.]","[1884. 2228.  932. 1974. 2221.  936. 2099. 2249.  925. 2102. 2231.  931.
 2238. 2235.  930. 2225. 2118. 1054.]","[-16.902    4.79    67.654    0.      -0.1221   0.6104  -0.0781  -0.2856
   0.9551]",113
180,1,"[[ 0.243413   -0.29578525  0.33421475]
 [-0.10444199 -0.3076624   0.3223376 ]
 [-0.29943814 -0.29996031  0.33003969]
 [ 0.15417066  0.30559826 -0.32440174]
 [-0.06619241  0.30343569 -0.32656431]
 [-0.30110291  0.12695639 -0.50304361]]","[1889. 2240.  931. 1947. 2247.  924. 2116. 2248.  923. 2091. 2245.  926.
 2243. 2243.  928. 2244. 2130. 1041.]","[1886. 2228.  932. 1970. 2222.  936. 2103. 2249.  924. 2098. 2231.  931.
 2238. 2235.  930. 2231. 2121. 1051.]","[-1.6891e+01  4.7900e+00  6.7681e+01  6.1000e-02 -1.8310e-01  6.7140e-01
 -8.9400e-02 -2.9300e-01  9.4970e-01]",113
181,1,"[[ 0.24057208 -0.29593685  0.33406315]
 [-0.11054691 -0.30775998  0.32224002]
 [-0.2995087  -0.29923018  0.33076982]
 [ 0.16029946  0.30575678 -0.32424322]
 [-0.06077142  0.30358466 -0.32641534]
 [-0.30271528  0.13424552 -0.49575448]]","[1891. 2240.  931. 1943. 2247.  924. 2120. 2248.  923. 2087. 2245.  926.
 2243. 2243.  928. 2245. 2135. 1036.]","[1889. 2228.  932. 1966. 2223.  936. 2107. 2249.  924. 2095. 2231.  931.
 2239. 2235.  931. 2235. 2124. 1047.]","[-16.886    4.79    67.709    0.1221  -0.1831   0.6104  -0.083   -0.2979
   0.9507]",113
182,1,"[[ 0.23767273 -0.29608954  0.33391046]
 [-0.11659086 -0.30785562  0.32214438]
 [-0.29783565 -0.29850617  0.33149383]
 [ 0.16633858  0.30591312 -0.32408688]
 [-0.05533633  0.30373278 -0.32626722]
 [-0.30276349  0.1421652  -0.4878348 ]]","[1893. 2241.  930. 1939. 2247.  924. 2124. 2248.  923. 2084. 2246.  925.
 2242. 2242.  929. 2245. 2140. 1031.]","[1891. 2228.  932. 1962. 2224.  936. 2111. 2249.  924. 2092. 2231.  930.
 2240. 2234.  932. 2239. 2129. 1043.]","[-1.6875e+01  4.7850e+00  6.7725e+01  1.2210e-01 -2.4410e-01  4.2720e-01
 -6.5900e-02 -2.9690e-01  9.6000e-01]",113
183,1,"[[ 0.23471568 -0.29624329  0.33375671]
 [-0.12257129 -0.30794928  0.32205072]
 [-0.29378901 -0.29778993  0.33221007]
 [ 0.17228432  0.30606719 -0.32393281]
 [-0.04988899  0.30388001 -0.32611999]
 [-0.30260324  0.15051328 -0.47948672]]","[1894. 2241.  930. 1935. 2247.  924. 2127. 2248.  923. 2080. 2246.  925.
 2239. 2242.  929. 2245. 2146. 1025.]","[1892. 2228.  932. 1958. 2224.  936. 2115. 2249.  924. 2088. 2231.  930.
 2240. 2234.  933. 2241. 2133. 1038.]","[-1.6864e+01  4.7740e+00  6.7742e+01  1.8310e-01 -3.0520e-01  3.6620e-01
 -6.5900e-02 -2.7830e-01  9.4480e-01]",113
184,1,"[[ 0.23170162 -0.29639803  0.33360197]
 [-0.12848568 -0.30804089  0.32195911]
 [-0.2873724  -0.29708544  0.33291456]
 [ 0.17813306  0.30621893 -0.32378107]
 [-0.04443123  0.3040263  -0.3259737 ]
 [-0.30242579  0.15916409 -0.47083591]]","[1896. 2241.  930. 1931. 2247.  924. 2131. 2248.  923. 2076. 2246.  925.
 2235. 2241.  930. 2245. 2151. 1020.]","[1894. 2228.  932. 1954. 2224.  936. 2119. 2249.  924. 2085. 2231.  929.
 2240. 2232.  934. 2243. 2138. 1034.]","[-16.853    4.768   67.769    0.2441  -0.2441   0.7324  -0.0977  -0.2866
   0.9521]",113
185,1,"[[ 0.2286313  -0.29655374  0.33344626]
 [-0.13433155 -0.30813044  0.32186956]
 [-0.27862646 -0.29639675  0.33360325]
 [ 0.18388121  0.30636826 -0.32363174]
 [-0.03896489  0.3041716  -0.3258284 ]
 [-0.30221614  0.16818291 -0.46181709]]","[1898. 2241.  930. 1928. 2247.  924. 2135. 2248.  923. 2073. 2246.  925.
 2229. 2241.  930. 2245. 2157. 1014.]","[1895. 2228.  931. 1950. 2224.  936. 2122. 2249.  925. 2082. 2231.  929.
 2240. 2232.  935. 2244. 2143. 1029.]","[-16.837    4.768   67.808    0.1831  -0.3662   1.0986  -0.0928  -0.2939
   0.9565]",113
186,1,"[[ 0.22550546 -0.29671035  0.33328965]
 [-0.1401065  -0.30821786  0.32178214]
 [-0.26762356 -0.29572789  0.33427211]
 [ 0.18952525  0.3065151  -0.3234849 ]
 [-0.03349179  0.30431587 -0.32568413]
 [-0.30196583  0.17758114 -0.45241886]]","[1900. 2241.  930. 1924. 2247.  924. 2139. 2248.  923. 2069. 2246.  925.
 2222. 2240.  931. 2244. 2163. 1008.]","[1897. 2228.  931. 1947. 2224.  936. 2126. 2249.  924. 2077. 2231.  929.
 2239. 2231.  935. 2244. 2148. 1023.]","[-16.826    4.768   67.852    0.1831  -0.3052   1.0986  -0.085   -0.2954
   0.9448]",113
187,1,"[[ 0.22232486 -0.29686781  0.33313219]
 [-0.14580818 -0.30830311  0.32169689]
 [-0.25446225 -0.29508273  0.33491727]
 [ 0.19506174  0.30665939 -0.32334061]
 [-0.02801373  0.30445906 -0.32554094]
 [-0.30167093  0.18735649 -0.44264351]]","[1903. 2241.  930. 1920. 2247.  924. 2143. 2248.  922. 2066. 2246.  925.
 2213. 2240.  931. 2244. 2170. 1001.]","[1899. 2229.  931. 1943. 2224.  935. 2130. 2249.  924. 2074. 2231.  928.
 2236. 2230.  935. 2244. 2153. 1018.]","[-16.815    4.768   67.896    0.1221  -0.1831   0.8545  -0.0835  -0.2944
   0.9482]",113
188,1,"[[ 0.21909027 -0.29702609  0.33297391]
 [-0.15143428 -0.30838616  0.32161384]
 [-0.23926371 -0.29446508  0.33553492]
 [ 0.20048731  0.30680105 -0.32319895]
 [-0.02253252  0.30460114 -0.32539886]
 [-0.30132966  0.19750375 -0.43249625]]","[1905. 2241.  930. 1917. 2248.  923. 2146. 2249.  922. 2062. 2246.  925.
 2203. 2239.  932. 2244. 2176.  995.]","[1901. 2229.  931. 1938. 2224.  936. 2134. 2249.  924. 2070. 2231.  928.
 2230. 2230.  936. 2244. 2159. 1012.]","[-16.804    4.774   67.934    0.      -0.3052   1.0376  -0.0977  -0.3062
   0.9409]",113
189,1,"[[ 0.21580248 -0.29718513  0.33281487]
 [-0.15698258 -0.30846696  0.32153304]
 [-0.22216906 -0.29387857  0.33612143]
 [ 0.20579864  0.30694002 -0.32305998]
 [-0.01704997  0.30474204 -0.32525796]
 [-0.30094118  0.20801701 -0.42198299]]","[1907. 2241.  930. 1913. 2248.  923. 2150. 2249.  922. 2059. 2246.  925.
 2192. 2239.  932. 2244. 2183.  988.]","[1902. 2229.  930. 1935. 2224.  936. 2138. 2248.  924. 2067. 2231.  928.
 2223. 2230.  937. 2243. 2166. 1006.]","[-16.804    4.774   67.983   -0.4272  -0.4272   1.5259  -0.0796  -0.3047
   0.9409]",113
190,1,"[[ 0.21246228 -0.29734489  0.33265511]
 [-0.16245088 -0.30854547  0.32145453]
 [-0.20333686 -0.29332671  0.33667329]
 [ 0.21099252  0.30707623 -0.32292377]
 [-0.01156784  0.30488175 -0.32511825]
 [-0.30050501  0.21889019 -0.41110981]]","[1909. 2241.  930. 1910. 2248.  923. 2153. 2249.  922. 2055. 2246.  925.
 2180. 2239.  932. 2243. 2190.  981.]","[1903. 2229.  930. 1931. 2224.  936. 2141. 2249.  923. 2064. 2231.  928.
 2215. 2230.  937. 2244. 2172. 1000.]","[-16.82     4.779   68.055   -0.4883  -0.6714   1.8921  -0.0781  -0.3149
   0.9492]",113
191,1,"[[ 0.20907049 -0.29750531  0.33249469]
 [-0.16783706 -0.30862164  0.32137836]
 [-0.18294054 -0.29281278  0.33718722]
 [ 0.21606578  0.3072096  -0.3227904 ]
 [-0.00608792  0.30502019 -0.32497981]
 [-0.30002087  0.23011708 -0.39988292]]","[1911. 2241.  930. 1907. 2248.  923. 2157. 2249.  922. 2051. 2246.  925.
 2167. 2238.  933. 2243. 2198.  973.]","[1903. 2229.  930. 1927. 2224.  936. 2145. 2248.  923. 2060. 2231.  927.
 2207. 2230.  938. 2243. 2179.  993.]","[-16.837    4.779   68.137   -0.3052  -0.7324   2.2583  -0.084   -0.3198
   0.9458]",113
192,1,"[[ 0.20562793 -0.29766634  0.33233366]
 [-0.17313904 -0.30869545  0.32130455]
 [-0.16116584 -0.2923399   0.3376601 ]
 [ 0.22101536  0.30734007 -0.32265993]
 [-0.00061197  0.30515734 -0.32484266]
 [-0.29948851  0.24169146 -0.38830854]]","[1913. 2242.  929. 1903. 2248.  923. 2160. 2249.  922. 2048. 2246.  925.
 2153. 2238.  933. 2243. 2205.  966.]","[1903. 2229.  929. 1924. 2224.  936. 2148. 2248.  923. 2057. 2231.  927.
 2198. 2230.  940. 2244. 2185.  987.]","[-16.848    4.779   68.236   -0.3052  -0.8545   2.7466  -0.0918  -0.3237
   0.9399]",113
193,1,"[[ 0.20213544 -0.29782795  0.33217205]
 [-0.17835482 -0.30876685  0.32123315]
 [-0.13820814 -0.27880316  0.35119684]
 [ 0.22583827  0.30746757 -0.32253243]
 [ 0.00485825  0.30529316 -0.32470684]
 [-0.29890776  0.25360708 -0.37639292]]","[1916. 2242.  929. 1900. 2248.  923. 2164. 2249.  922. 2044. 2247.  924.
 2138. 2229.  942. 2242. 2213.  958.]","[1905. 2230.  929. 1920. 2224.  936. 2151. 2248.  924. 2054. 2231.  927.
 2187. 2229.  941. 2244. 2192.  980.]","[-16.859    4.785   68.362   -0.3052  -0.9766   3.2959  -0.0874  -0.3228
   0.9438]",113
194,1,"[[ 0.19859387 -0.29799007  0.33200993]
 [-0.18348243 -0.3088358   0.3211642 ]
 [-0.11426984 -0.22781626  0.40218374]
 [ 0.23053161  0.30759204 -0.32240796]
 [ 0.01032101  0.30542759 -0.32457241]
 [-0.29827843  0.26585763 -0.36414237]]","[1918. 2242.  929. 1897. 2248.  923. 2167. 2249.  922. 2041. 2247.  924.
 2122. 2196.  975. 2242. 2221.  950.]","[1906. 2230.  929. 1917. 2224.  936. 2155. 2247.  923. 2050. 2231.  927.
 2176. 2225.  944. 2244. 2199.  974.]","[-1.6870e+01  4.7900e+00  6.8505e+01 -6.1000e-02 -1.0376e+00  3.6621e+00
 -7.5200e-02 -3.1400e-01  9.6530e-01]",113
195,1,"[[ 0.19500406 -0.29815267  0.33184733]
 [-0.18852    -0.30890226  0.32109774]
 [-0.08955763 -0.18335249  0.44664751]
 [ 0.23509256  0.30771341 -0.32228659]
 [ 0.01577458  0.30556059 -0.32443941]
 [-0.29760038  0.27843682 -0.35156318]]","[1920. 2242.  929. 1894. 2248.  923. 2170. 2249.  922. 2037. 2247.  924.
 2106. 2167. 1004. 2242. 2229.  942.]","[1908. 2231.  930. 1912. 2225.  936. 2159. 2245.  924. 2045. 2231.  926.
 2159. 2211.  953. 2243. 2206.  964.]","[-1.6870e+01  4.7960e+00  6.8659e+01  3.6620e-01 -1.0376e+00  3.9062e+00
 -6.2000e-02 -2.9390e-01  9.5700e-01]",113
196,1,"[[ 0.19136691 -0.2983157   0.3316843 ]
 [-0.19346567 -0.30896621  0.32103379]
 [-0.06428003 -0.14569033  0.48430967]
 [ 0.23951841  0.30783162 -0.32216838]
 [ 0.02121723  0.30569213 -0.32430787]
 [-0.29687344  0.29133832 -0.33866168]]","[1923. 2242.  929. 1891. 2248.  923. 2174. 2249.  922. 2034. 2247.  924.
 2089. 2142. 1028. 2241. 2237.  934.]","[1908. 2231.  931. 1909. 2226.  936. 2161. 2245.  923. 2042. 2232.  924.
 2150. 2199.  962. 2243. 2212.  959.]","[-1.6842e+01  4.7960e+00  6.8829e+01  1.0986e+00 -1.5259e+00  4.6387e+00
 -3.8100e-02 -2.5150e-01  9.7460e-01]",113
197,1,"[[ 0.18768328 -0.2984791   0.3315209 ]
 [-0.19831767 -0.3090276   0.3209724 ]
 [-0.03864489 -0.11506885  0.51493115]
 [ 0.24380652  0.30794661 -0.32205339]
 [ 0.02664727  0.30582216 -0.32417784]
 [-0.2960975   0.29210409 -0.33789591]]","[1925. 2242.  929. 1889. 2248.  923. 2177. 2249.  922. 2030. 2247.  924.
 2073. 2123. 1048. 2241. 2238.  933.]","[1911. 2231.  931. 1904. 2228.  936. 2163. 2244.  925. 2038. 2232.  922.
 2135. 2181.  980. 2242. 2217.  952.]","[-1.6760e+01  4.7740e+00  6.9049e+01  3.3569e+00 -3.2959e+00  6.1646e+00
 -2.3900e-02 -2.4710e-01  1.0044e+00]",113
198,1,"[[ 0.18395408 -0.29864282  0.33135718]
 [-0.20307428 -0.30908639  0.32091361]
 [-0.01285717 -0.09168587  0.53831413]
 [ 0.24795435  0.30805831 -0.32194169]
 [ 0.032063    0.30595064 -0.32404936]
 [-0.29527243  0.29220555 -0.33779445]]","[1928. 2242.  929. 1886. 2248.  923. 2180. 2249.  922. 2027. 2247.  924.
 2056. 2107. 1064. 2240. 2238.  933.]","[1915. 2231.  931. 1900. 2231.  934. 2166. 2241.  925. 2034. 2234.  921.
 2116. 2168. 1001. 2242. 2222.  946.]","[-1.6562e+01  4.7080e+00  6.9318e+01  7.2632e+00 -3.0518e+00  6.0425e+00
  3.8600e-02 -2.5050e-01  1.0576e+00]",113
199,1,"[[ 0.18018021 -0.29880683  0.33119317]
 [-0.20773384 -0.30914257  0.32085743]
 [ 0.01288313 -0.07569645  0.55430355]
 [ 0.25195946  0.30816668 -0.32183332]
 [ 0.03746275  0.30607753 -0.32392247]
 [-0.29439812  0.29230927 -0.33769073]]","[1930. 2242.  929. 1883. 2248.  923. 2183. 2249.  922. 2023. 2247.  924.
 2039. 2097. 1074. 2239. 2238.  933.]","[1921. 2231.  931. 1896. 2235.  932. 2169. 2237.  925. 2031. 2236.  921.
 2098. 2151. 1020. 2243. 2223.  943.]","[-1.6232e+01  4.6310e+00  6.9549e+01  8.2397e+00 -2.4414e+00  2.4414e+00
  2.6400e-02 -2.4850e-01  9.9070e-01]",113
200,1,"[[ 0.17636258 -0.29897107  0.33102893]
 [-0.21229475 -0.30919608  0.32080392]
 [ 0.03838282 -0.06721157  0.56278843]
 [ 0.25581951  0.30827164 -0.32172836]
 [ 0.04284485  0.30620279 -0.32379721]
 [-0.29347446  0.29241523 -0.33758477]]","[1933. 2242.  929. 1881. 2248.  923. 2186. 2249.  922. 2020. 2247.  924.
 2022. 2091. 1080. 2239. 2238.  933.]","[1928. 2232.  931. 1893. 2238.  929. 2172. 2236.  925. 2028. 2238.  920.
 2079. 2134. 1038. 2244. 2223.  942.]","[-15.914    4.537   69.554    7.5073  -0.6714  -3.2349  -0.0801  -0.2627
   0.9497]",113
201,1,"[[ 0.17250212 -0.2991355   0.3308645 ]
 [-0.21675547 -0.30924691  0.32075309]
 [ 0.06345709 -0.0663289   0.5636711 ]
 [ 0.25953225  0.30837315 -0.32162685]
 [ 0.04820764  0.30632638 -0.32367362]
 [-0.29250136  0.29252336 -0.33747664]]","[1935. 2243.  928. 1878. 2249.  922. 2189. 2249.  922. 2016. 2247.  924.
 2006. 2091. 1080. 2238. 2238.  933.]","[1932. 2234.  931. 1891. 2240.  928. 2176. 2236.  925. 2026. 2239.  921.
 2061. 2120. 1052. 2244. 2223.  942.]","[-15.672    4.471   69.373    5.0659   0.9155  -6.1646  -0.1597  -0.2378
   0.8936]",113
202,1,"[[ 0.16859978 -0.29930006  0.33069994]
 [-0.22111452 -0.30929503  0.32070497]
 [ 0.0879309  -0.07051862  0.55948138]
 [ 0.26309555  0.30847114 -0.32152886]
 [ 0.05354951  0.30644826 -0.32355174]
 [-0.29147876  0.29263362 -0.33736638]]","[1938. 2243.  928. 1876. 2249.  922. 2192. 2249.  922. 2013. 2247.  924.
 1990. 2093. 1077. 2238. 2238.  933.]","[1934. 2234.  931. 1887. 2241.  927. 2179. 2235.  925. 2023. 2240.  920.
 2044. 2110. 1062. 2242. 2223.  942.]","[-15.54     4.438   69.142    2.0752   0.8545  -5.0049  -0.23    -0.2075
   0.9043]",113
203,1,"[[ 0.1646565  -0.29946471  0.33053529]
 [-0.22537046 -0.30934039  0.32065961]
 [ 0.11164009 -0.07121618  0.55878382]
 [ 0.26650736  0.30856557 -0.32143443]
 [ 0.05886881  0.30656839 -0.32343161]
 [-0.29040657  0.29274597 -0.33725403]]","[1940. 2243.  928. 1874. 2249.  922. 2194. 2249.  922. 2009. 2247.  924.
 1975. 2094. 1077. 2237. 2238.  933.]","[1936. 2235.  931. 1885. 2241.  928. 2182. 2236.  925. 2019. 2241.  921.
 2027. 2104. 1069. 2239. 2223.  941.]","[-15.48     4.438   69.016    0.8545   0.1831  -1.1597  -0.1802  -0.228
   0.9194]",113
204,1,"[[ 0.16067323 -0.29962941  0.33037059]
 [-0.22952194 -0.30938298  0.32061702]
 [ 0.13443223 -0.07169326  0.55830674]
 [ 0.26976575  0.30865638 -0.32134362]
 [ 0.06416396  0.30668674 -0.32331326]
 [-0.28928475  0.29286035 -0.33713965]]","[1943. 2243.  928. 1872. 2249.  922. 2197. 2249.  922. 2006. 2247.  924.
 1960. 2094. 1077. 2236. 2238.  933.]","[1938. 2234.  930. 1883. 2241.  928. 2185. 2236.  925. 2014. 2241.  921.
 2009. 2101. 1072. 2235. 2223.  941.]","[-15.469    4.46    69.011   -0.9155  -0.3052   0.7324  -0.0996  -0.2583
   0.9351]",113
205,1,"[[ 0.15665094 -0.29979409  0.33020591]
 [-0.23356764 -0.30942276  0.32057724]
 [ 0.15616727 -0.0723741   0.5576259 ]
 [ 0.2728689   0.30874352 -0.32125648]
 [ 0.06943336  0.30680326 -0.32319674]
 [-0.28811325  0.29297671 -0.33702329]]","[1945. 2243.  928. 1870. 2249.  922. 2200. 2249.  922. 2002. 2248.  923.
 1946. 2095. 1076. 2235. 2238.  932.]","[1941. 2234.  930. 1880. 2241.  927. 2188. 2236.  925. 2011. 2240.  921.
 1993. 2100. 1074. 2234. 2223.  941.]","[-1.5507e+01  4.4770e+00  6.9038e+01 -1.3428e+00 -2.4410e-01  4.2720e-01
 -5.5700e-02 -2.5880e-01  9.8490e-01]",113
206,1,"[[ 0.15259062 -0.29995873  0.33004127]
 [-0.23750633 -0.30945971  0.32054029]
 [ 0.176718   -0.0733397   0.5566603 ]
 [ 0.27581508  0.30882694 -0.32117306]
 [ 0.07467543  0.30691791 -0.32308209]
 [-0.28689204  0.29309502 -0.33690498]]","[1948. 2243.  928. 1868. 2249.  922. 2202. 2249.  922. 1999. 2248.  923.
 1932. 2095. 1076. 2235. 2239.  932.]","[1943. 2234.  930. 1877. 2241.  928. 2191. 2236.  925. 2009. 2240.  921.
 1978. 2099. 1075. 2234. 2223.  941.]","[-1.5518e+01  4.4880e+00  6.9038e+01  6.1000e-02  1.2210e-01 -4.2720e-01
 -3.8600e-02 -2.9050e-01  9.8490e-01]",113
207,1,"[[ 0.14849323 -0.30012327  0.32987673]
 [-0.2413368  -0.30949381  0.32050619]
 [ 0.19597031 -0.07462499  0.55537501]
 [ 0.27860267  0.3089066  -0.3210934 ]
 [ 0.07988863  0.30703067 -0.32296933]
 [-0.2856211   0.29321521 -0.33678479]]","[1951. 2243.  928. 1866. 2249.  922. 2205. 2249.  922. 1995. 2248.  923.
 1920. 2096. 1075. 2234. 2239.  932.]","[1946. 2234.  930. 1875. 2241.  928. 2194. 2236.  925. 2006. 2240.  921.
 1963. 2098. 1074. 2233. 2223.  941.]","[-1.5513e+01  4.4990e+00  6.9005e+01  1.8310e-01  3.6620e-01 -1.1597e+00
 -5.5700e-02 -2.9490e-01  9.2680e-01]",113
208,1,"[[ 0.1443598  -0.30028766  0.32971234]
 [-0.24505794 -0.30952503  0.32047497]
 [ 0.2138232  -0.07625775  0.55374225]
 [ 0.28123017  0.30898244 -0.32101756]
 [ 0.0850714   0.30714149 -0.32285851]
 [-0.28430041  0.29333725 -0.33666275]]","[1953. 2243.  928. 1864. 2249.  922. 2207. 2249.  922. 1992. 2248.  923.
 1908. 2097. 1074. 2233. 2239.  932.]","[1949. 2234.  930. 1873. 2241.  927. 2197. 2236.  925. 2003. 2241.  920.
 1944. 2099. 1074. 2233. 2224.  941.]","[-1.5513e+01  4.4990e+00  6.8967e+01 -6.1000e-02  1.2210e-01 -7.3240e-01
 -8.5400e-02 -2.9390e-01  9.6140e-01]",113
209,1,"[[ 0.1401913  -0.30045186  0.32954814]
 [-0.24866866 -0.30955335  0.32044665]
 [ 0.23018876 -0.07826438  0.55173562]
 [ 0.28369619  0.30905442 -0.32094558]
 [ 0.09022222  0.30725035 -0.32274965]
 [-0.28292998  0.29346108 -0.33653892]]","[1956. 2243.  928. 1863. 2249.  922. 2210. 2249.  922. 1989. 2248.  923.
 1897. 2099. 1072. 2232. 2239.  932.]","[1951. 2234.  930. 1872. 2241.  928. 2198. 2236.  925. 2001. 2241.  920.
 1937. 2099. 1074. 2233. 2224.  941.]","[-1.5513e+01  4.5040e+00  6.8950e+01  1.2210e-01  0.0000e+00 -6.1000e-02
 -7.5700e-02 -2.9150e-01  9.5360e-01]",113
210,1,"[[ 0.13598876 -0.30061582  0.32938418]
 [-0.25216796 -0.30957874  0.32042126]
 [ 0.24499196 -0.08067103  0.54932897]
 [ 0.28599945  0.3091225  -0.3208775 ]
 [ 0.09533959  0.30735719 -0.32264281]
 [-0.28150983  0.29358666 -0.33641334]]","[1959. 2243.  927. 1861. 2249.  922. 2212. 2249.  922. 1985. 2248.  923.
 1888. 2100. 1071. 2231. 2239.  932.]","[1953. 2234.  930. 1870. 2241.  928. 2200. 2236.  926. 1997. 2240.  920.
 1923. 2099. 1073. 2232. 2224.  941.]","[-15.507    4.504   68.945    0.1831   0.      -0.1831  -0.0742  -0.2725
   0.9595]",113
211,1,"[[ 0.1317532  -0.3007795   0.3292205 ]
 [-0.25555486 -0.30960119  0.32039881]
 [ 0.25817031 -0.08350378  0.54649622]
 [ 0.28813877  0.30918665 -0.32081335]
 [ 0.10042202  0.307462   -0.322538  ]
 [-0.28003999  0.29371393 -0.33628607]]","[1962. 2244.  927. 1860. 2249.  922. 2214. 2249.  922. 1982. 2248.  923.
 1879. 2102. 1069. 2230. 2239.  932.]","[1956. 2234.  930. 1868. 2241.  928. 2202. 2236.  926. 1994. 2240.  921.
 1912. 2099. 1073. 2232. 2223.  941.]","[-15.502    4.504   68.928    0.3052   0.1221  -0.4272  -0.0957  -0.2686
   0.959 ]",113
212,1,"[[ 0.12748564 -0.30094284  0.32905716]
 [-0.25882849 -0.30962068  0.32037932]
 [ 0.26967349 -0.08678848  0.54321152]
 [ 0.29011309  0.30924681 -0.32075319]
 [ 0.10546803  0.30756474 -0.32243526]
 [-0.27852048  0.29384286 -0.33615714]]","[1964. 2244.  927. 1858. 2249.  922. 2216. 2249.  922. 1979. 2248.  923.
 1872. 2104. 1067. 2229. 2239.  932.]","[1959. 2234.  930. 1867. 2241.  928. 2205. 2236.  925. 1990. 2240.  921.
 1901. 2100. 1071. 2231. 2223.  941.]","[-1.5491e+01  4.5100e+00  6.8912e+01  3.6620e-01  6.1000e-02 -2.4410e-01
 -8.0600e-02 -2.4900e-01  9.6480e-01]",113
213,1,"[[ 0.12318713 -0.30110582  0.32889418]
 [-0.26198798 -0.30963719  0.32036281]
 [ 0.27946284 -0.09055068  0.53944932]
 [ 0.29192146  0.30930295 -0.32069705]
 [ 0.11047617  0.30766536 -0.32233464]
 [-0.27695136  0.29397339 -0.33602661]]","[1967. 2244.  927. 1857. 2249.  922. 2218. 2249.  922. 1975. 2248.  923.
 1865. 2107. 1064. 2228. 2239.  932.]","[1962. 2234.  930. 1865. 2241.  928. 2207. 2236.  926. 1987. 2241.  920.
 1891. 2102. 1069. 2230. 2224.  941.]","[-15.48     4.51    68.901    0.2441   0.1221  -0.3662  -0.0737  -0.2485
   0.9585]",113
214,1,"[[ 0.1188587  -0.30126836  0.32873164]
 [-0.26503256 -0.3096507   0.3203493 ]
 [ 0.28751092 -0.09481539  0.53518461]
 [ 0.29356305  0.30935504 -0.32064496]
 [ 0.11544501  0.30776385 -0.32223615]
 [-0.2753327   0.29410548 -0.33589452]]","[1970. 2244.  927. 1856. 2249.  922. 2220. 2249.  922. 1972. 2248.  923.
 1860. 2109. 1062. 2227. 2239.  932.]","[1964. 2234.  930. 1864. 2241.  928. 2209. 2236.  925. 1984. 2241.  920.
 1882. 2104. 1067. 2229. 2223.  940.]","[-1.5469e+01  4.5150e+00  6.8884e+01  0.0000e+00  6.1000e-02 -3.0520e-01
 -7.0800e-02 -2.4950e-01  9.5850e-01]",113
215,1,"[[ 0.11450141 -0.30143045  0.32856955]
 [-0.26796148 -0.30966122  0.32033878]
 [ 0.29380088 -0.09960695  0.53039305]
 [ 0.29503713  0.30940304 -0.32059696]
 [ 0.12037313  0.30786017 -0.32213983]
 [-0.27366456  0.29423908 -0.33576092]]","[1973. 2244.  927. 1855. 2249.  922. 2222. 2249.  922. 1969. 2248.  923.
 1856. 2112. 1059. 2226. 2239.  932.]","[1967. 2234.  930. 1862. 2241.  928. 2211. 2236.  925. 1980. 2240.  921.
 1875. 2106. 1065. 2228. 2224.  941.]","[-1.5469e+01  4.5150e+00  6.8868e+01 -6.1000e-02  6.1000e-02 -3.6620e-01
 -5.4200e-02 -2.4900e-01  9.6680e-01]",113
216,1,"[[ 0.11011632 -0.30159202  0.32840798]
 [-0.27077409 -0.30966882  0.32033118]
 [ 0.29832593 -0.10494882  0.52505118]
 [ 0.29634309  0.30944692 -0.32055308]
 [ 0.12525912  0.30795429 -0.32204571]
 [-0.27194704  0.29437413 -0.33562587]]","[1976. 2244.  927. 1854. 2249.  922. 2224. 2249.  922. 1966. 2248.  923.
 1853. 2116. 1055. 2225. 2239.  932.]","[1970. 2234.  930. 1861. 2241.  928. 2213. 2236.  925. 1978. 2240.  920.
 1868. 2109. 1063. 2226. 2224.  941.]","[-15.463    4.515   68.846    0.       0.1221  -0.6714  -0.0732  -0.2607
   0.9619]",113
217,1,"[[ 0.10570448 -0.30175303  0.32824697]
 [-0.27346975 -0.30967375  0.32032625]
 [ 0.30108873 -0.11086343  0.51913657]
 [ 0.29748045  0.30948665 -0.32051335]
 [ 0.13010162  0.30804617 -0.32195383]
 [-0.27018024  0.29451061 -0.33548939]]","[1979. 2244.  927. 1854. 2249.  922. 2226. 2249.  922. 1963. 2248.  923.
 1851. 2120. 1051. 2224. 2239.  931.]","[1973. 2234.  930. 1859. 2241.  928. 2215. 2236.  925. 1975. 2241.  921.
 1863. 2112. 1060. 2226. 2224.  941.]","[-1.5458e+01  4.5100e+00  6.8818e+01 -6.1000e-02  6.1000e-02 -6.1040e-01
 -8.4000e-02 -2.6460e-01  9.5610e-01]",113
218,1,"[[ 0.10126698 -0.30191345  0.32808655]
 [-0.2760479  -0.30967617  0.32032383]
 [ 0.30209327 -0.11737198  0.51262802]
 [ 0.29844881  0.3095222  -0.3204778 ]
 [ 0.13489925  0.3081358  -0.3218642 ]
 [-0.26836426  0.29464844 -0.33535156]]","[1981. 2244.  927. 1853. 2249.  922. 2227. 2249.  922. 1960. 2248.  923.
 1851. 2124. 1047. 2222. 2240.  931.]","[1976. 2234.  930. 1858. 2241.  928. 2217. 2236.  926. 1972. 2240.  920.
 1859. 2116. 1056. 2225. 2224.  940.]","[-1.5463e+01  4.5040e+00  6.8796e+01 -1.2210e-01  6.1000e-02 -5.4930e-01
 -8.3500e-02 -2.7050e-01  9.5560e-01]",113
219,1,"[[ 0.09680488 -0.30207322  0.32792678]
 [-0.27850804 -0.30966234  0.32033766]
 [ 0.30196585 -0.12448027  0.50551973]
 [ 0.29924795  0.30955355 -0.32044645]
 [ 0.13965068  0.30822313 -0.32177687]
 [-0.26649924  0.2947876  -0.3352124 ]]","[1984. 2244.  927. 1852. 2249.  922. 2229. 2249.  922. 1956. 2248.  923.
 1851. 2129. 1042. 2221. 2240.  931.]","[1978. 2234.  930. 1857. 2241.  928. 2219. 2236.  926. 1969. 2241.  920.
 1856. 2119. 1053. 2223. 2224.  941.]","[-1.5463e+01  4.5040e+00  6.8769e+01 -6.1000e-02  6.1000e-02 -5.4930e-01
 -7.7100e-02 -2.7590e-01  9.6040e-01]",113
220,1,"[[ 0.09231928 -0.3022323   0.3277677 ]
 [-0.2808497  -0.309571    0.320429  ]
 [ 0.30181033 -0.13192785  0.49807215]
 [ 0.29987798  0.30958067 -0.32041933]
 [ 0.14435459  0.30830814 -0.32169186]
 [-0.2645853   0.29492803 -0.33507197]]","[1987. 2245.  926. 1852. 2249.  922. 2231. 2249.  922. 1953. 2248.  922.
 1851. 2134. 1037. 2220. 2240.  931.]","[1981. 2234.  930. 1856. 2241.  928. 2221. 2235.  925. 1966. 2240.  921.
 1854. 2123. 1049. 2221. 2224.  941.]","[-15.463    4.504   68.747    0.       0.1221  -0.5493  -0.0713  -0.2769
   0.958 ]",113
221,1,"[[ 0.08781126 -0.30239065  0.32760935]
 [-0.28307249 -0.30940361  0.32059639]
 [ 0.30167214 -0.13970365  0.49029635]
 [ 0.30034088  0.30960354 -0.32039646]
 [ 0.14900968  0.30839081 -0.32160919]
 [-0.2626226   0.29506969 -0.33493031]]","[1990. 2245.  926. 1852. 2249.  922. 2232. 2249.  922. 1950. 2249.  922.
 1851. 2139. 1032. 2219. 2240.  931.]","[1984. 2234.  930. 1855. 2241.  928. 2223. 2236.  925. 1963. 2240.  920.
 1853. 2127. 1045. 2220. 2224.  941.]","[-1.5458e+01  4.5040e+00  6.8725e+01  6.1000e-02  1.2210e-01 -5.4930e-01
 -7.8600e-02 -2.7440e-01  9.6000e-01]",113
222,1,"[[ 0.08328192 -0.30254823  0.32745177]
 [-0.28517605 -0.3091715   0.3208285 ]
 [ 0.30152959 -0.1478633   0.4821367 ]
 [ 0.30064714  0.30962214 -0.32037786]
 [ 0.15361467  0.30847111 -0.32152889]
 [-0.26061129  0.29521253 -0.33478747]]","[1993. 2245.  926. 1852. 2249.  922. 2233. 2249.  922. 1947. 2249.  922.
 1851. 2144. 1027. 2217. 2240.  931.]","[1986. 2234.  930. 1855. 2241.  928. 2224. 2236.  925. 1960. 2240.  920.
 1852. 2132. 1040. 2220. 2224.  941.]","[-1.5452e+01  4.4990e+00  6.8708e+01  6.1000e-02  0.0000e+00 -3.0520e-01
 -8.2000e-02 -2.6950e-01  9.5800e-01]",113
223,1,"[[ 0.07873235 -0.30270499  0.32729501]
 [-0.28716008 -0.30887841  0.32112159]
 [ 0.30137095 -0.15641416  0.47358584]
 [ 0.30063531  0.30963636 -0.32036364]
 [ 0.15816829  0.308549   -0.321451  ]
 [-0.25855156  0.2953565  -0.3346435 ]]","[1996. 2245.  926. 1852. 2249.  922. 2235. 2249.  922. 1944. 2249.  922.
 1851. 2149. 1022. 2216. 2240.  931.]","[1990. 2234.  929. 1855. 2241.  928. 2226. 2235.  925. 1957. 2240.  920.
 1853. 2138. 1034. 2217. 2224.  941.]","[-1.5452e+01  4.4990e+00  6.8698e+01  6.1000e-02  0.0000e+00 -2.4410e-01
 -7.5700e-02 -2.6560e-01  9.6000e-01]",113
224,1,"[[ 0.07416366 -0.30286089  0.32713911]
 [-0.28902434 -0.30852755  0.32147245]
 [ 0.30119033 -0.16535223  0.46464777]
 [ 0.29874152  0.30964489 -0.32035511]
 [ 0.1626693   0.30862447 -0.32137553]
 [-0.25644359  0.29550156 -0.33449844]]","[1999. 2245.  926. 1853. 2249.  922. 2236. 2249.  922. 1941. 2249.  922.
 1851. 2155. 1016. 2215. 2240.  931.]","[1993. 2235.  930. 1854. 2241.  928. 2227. 2236.  926. 1954. 2240.  921.
 1853. 2143. 1029. 2216. 2224.  941.]","[-1.5447e+01  4.4990e+00  6.8687e+01  6.1000e-02  6.1000e-02 -3.6620e-01
 -7.3200e-02 -2.6220e-01  9.5800e-01]",113
225,1,"[[ 0.06957697 -0.30301589  0.32698411]
 [-0.29076864 -0.30812237  0.32187763]
 [ 0.30098478 -0.17467092  0.45532908]
 [ 0.29449766  0.30964716 -0.32035284]
 [ 0.16711649  0.30869749 -0.32130251]
 [-0.25428758  0.29564766 -0.33435234]]","[2002. 2245.  926. 1856. 2249.  922. 2237. 2248.  923. 1939. 2249.  922.
 1851. 2161. 1010. 2213. 2240.  931.]","[1995. 2234.  930. 1854. 2241.  928. 2229. 2236.  925. 1953. 2240.  920.
 1852. 2147. 1026. 2216. 2223.  941.]","[-1.5441e+01  4.4990e+00  6.8670e+01  6.1000e-02  6.1000e-02 -3.0520e-01
 -8.3000e-02 -2.5830e-01  9.6390e-01]",113
226,1,"[[ 0.06497337 -0.30316995  0.32683005]
 [-0.29239283 -0.30766655  0.32233345]
 [ 0.30075277 -0.18436293  0.44563707]
 [ 0.28792807  0.30964518 -0.32035482]
 [ 0.17150866  0.30876804 -0.32123196]
 [-0.25208374  0.29579475 -0.33420525]]","[2005. 2245.  926. 1860. 2249.  922. 2238. 2248.  923. 1936. 2249.  922.
 1851. 2168. 1003. 2212. 2240.  931.]","[1998. 2234.  929. 1855. 2241.  927. 2230. 2236.  926. 1950. 2240.  920.
 1853. 2152. 1020. 2214. 2224.  941.]","[-15.436    4.499   68.665    0.       0.      -0.1221  -0.0762  -0.2559
   0.9526]",113
227,1,"[[ 0.060354   -0.30332303  0.32667697]
 [-0.29389683 -0.307164    0.322836  ]
 [ 0.30049346 -0.19442074  0.43557926]
 [ 0.27909337  0.30962302 -0.32037698]
 [ 0.17584463  0.3088361  -0.3211639 ]
 [-0.24983229  0.2959428  -0.3340572 ]]","[2008. 2245.  926. 1866. 2249.  922. 2239. 2248.  923. 1933. 2249.  922.
 1852. 2174.  997. 2210. 2240.  931.]","[2000. 2234.  929. 1855. 2241.  928. 2231. 2236.  926. 1947. 2240.  920.
 1852. 2158. 1018. 2213. 2224.  941.]","[-15.436    4.493   68.654   -0.1831   0.      -0.2441  -0.0708  -0.2559
   0.9604]",113
228,1,"[[ 0.05571998 -0.30347508  0.32652492]
 [-0.29528057 -0.3066188   0.3233812 ]
 [ 0.30020631 -0.20483676  0.42516324]
 [ 0.26808281  0.30951271 -0.32048729]
 [ 0.18012325  0.30890163 -0.32109837]
 [-0.24753347  0.29609175 -0.33390825]]","[2011. 2245.  926. 1873. 2249.  922. 2240. 2247.  924. 1930. 2249.  922.
 1852. 2181.  990. 2209. 2241.  930.]","[2003. 2234.  929. 1856. 2241.  928. 2233. 2236.  926. 1945. 2240.  920.
 1853. 2159. 1012. 2211. 2223.  941.]","[-1.5441e+01  4.4930e+00  6.8637e+01 -1.2210e-01  6.1000e-02 -3.6620e-01
 -7.0300e-02 -2.5880e-01  9.6830e-01]",113
229,1,"[[ 0.05107242 -0.30362606  0.32637394]
 [-0.29654408 -0.30603516  0.32396484]
 [ 0.29989093 -0.21560338  0.41439662]
 [ 0.25500835  0.30931894 -0.32068106]
 [ 0.18434338  0.30896463 -0.32103537]
 [-0.24518754  0.29624156 -0.33375844]]","[2014. 2245.  926. 1881. 2249.  922. 2241. 2247.  924. 1927. 2249.  922.
 1852. 2188.  983. 2207. 2241.  930.]","[2005. 2234.  929. 1860. 2241.  928. 2234. 2236.  927. 1942. 2240.  920.
 1853. 2166. 1005. 2210. 2224.  941.]","[-1.5447e+01  4.4930e+00  6.8621e+01 -2.4410e-01  6.1000e-02 -4.2720e-01
 -7.4700e-02 -2.6370e-01  9.4290e-01]",113
230,1,"[[ 0.04641246 -0.30377594  0.32622406]
 [-0.29768741 -0.30541741  0.32458259]
 [ 0.299547   -0.22671299  0.40328701]
 [ 0.24000074  0.30905087 -0.32094913]
 [ 0.1885039   0.30902507 -0.32097493]
 [-0.24279475  0.29639218 -0.33360782]]","[2017. 2246.  925. 1891. 2249.  922. 2242. 2247.  924. 1925. 2249.  922.
 1852. 2195.  976. 2206. 2241.  930.]","[2007. 2234.  929. 1866. 2242.  928. 2235. 2236.  927. 1939. 2240.  920.
 1853. 2170. 1000. 2208. 2224.  941.]","[-15.463    4.488   68.604   -0.7324   0.      -0.5493  -0.082   -0.2632
   0.9565]",113
231,1,"[[ 0.04174123 -0.30392467  0.32607533]
 [-0.29871065 -0.30476993  0.32523007]
 [ 0.29917421 -0.238158    0.391842  ]
 [ 0.22320663  0.3087115  -0.3212885 ]
 [ 0.19260374  0.30908293 -0.32091707]
 [-0.24035537  0.29654358 -0.33345642]]","[2020. 2246.  925. 1902. 2249.  922. 2242. 2246.  925. 1922. 2249.  922.
 1852. 2203.  968. 2204. 2241.  930.]","[2009. 2234.  929. 1872. 2242.  928. 2236. 2236.  927. 1937. 2240.  921.
 1853. 2175.  995. 2207. 2224.  941.]","[-15.48     4.482   68.588   -0.4272   0.      -0.3052  -0.0796  -0.2627
   0.9746]",113
232,1,"[[ 0.03705987 -0.30407222  0.32592778]
 [-0.29961396 -0.30409715  0.32590285]
 [ 0.29877229 -0.24993085  0.38006915]
 [ 0.20478587  0.3083036  -0.3216964 ]
 [ 0.19664181  0.30913819 -0.32086181]
 [-0.2378697   0.2966957  -0.3333043 ]]","[2023. 2246.  925. 1914. 2248.  922. 2243. 2246.  925. 1919. 2249.  922.
 1853. 2210.  961. 2203. 2241.  930.]","[2013. 2234.  928. 1880. 2242.  927. 2238. 2236.  927. 1935. 2240.  921.
 1853. 2179.  991. 2206. 2225.  941.]","[-15.513    4.477   68.571   -1.0376   0.      -0.4883  -0.0811  -0.2759
   0.916 ]",113
233,1,"[[ 0.0323695  -0.30421854  0.32578146]
 [-0.30039753 -0.30340352  0.32659648]
 [ 0.29834097 -0.26202399  0.36797601]
 [ 0.18490903  0.30783042 -0.32216958]
 [ 0.20061708  0.30919084 -0.32080916]
 [-0.23533804  0.29684849 -0.33315151]]","[2026. 2246.  925. 1927. 2248.  923. 2243. 2245.  926. 1917. 2249.  922.
 1853. 2218.  953. 2201. 2241.  930.]","[2017. 2234.  927. 1893. 2242.  927. 2240. 2237.  927. 1932. 2240.  923.
 1853. 2184.  985. 2204. 2225.  941.]","[-15.634    4.482   68.516   -2.9907   0.3052  -1.2817  -0.0962  -0.2505
   0.9526]",113
234,1,"[[ 0.02767128 -0.30436361  0.32563639]
 [-0.30106164 -0.30269343  0.32730657]
 [ 0.29787999 -0.27442994  0.35557006]
 [ 0.16375494  0.30729569 -0.32270431]
 [ 0.20452852  0.30924085 -0.32075915]
 [-0.23276069  0.29700193 -0.33299807]]","[2029. 2246.  925. 1941. 2248.  923. 2244. 2245.  926. 1914. 2249.  922.
 1853. 2226.  945. 2199. 2241.  930.]","[2019. 2234.  927. 1899. 2242.  927. 2241. 2237.  927. 1930. 2240.  924.
 1853. 2187.  982. 2203. 2225.  941.]","[-15.705    4.482   68.434   -1.9531   0.4883  -2.0142  -0.1025  -0.2754
   1.0083]",113
235,1,"[[ 0.02296633 -0.30450737  0.32549263]
 [-0.30160672 -0.30197129  0.32802871]
 [ 0.29738908 -0.28714121  0.34285879]
 [ 0.14150829  0.30670366 -0.32329634]
 [ 0.20837512  0.30928821 -0.32071179]
 [-0.23013798  0.29715596 -0.33284404]]","[2033. 2246.  925. 1955. 2247.  924. 2244. 2244.  927. 1912. 2249.  922.
 1854. 2235.  936. 2198. 2241.  930.]","[2023. 2234.  925. 1915. 2242.  927. 2242. 2238.  927. 1927. 2240.  925.
 1854. 2192.  975. 2201. 2226.  941.]","[-15.771    4.504   68.335   -1.5869   0.9155  -2.1973  -0.1157  -0.2764
   0.9404]",113
236,1,"[[ 0.01825581 -0.3046498   0.3253502 ]
 [-0.30203386 -0.3012414   0.3287586 ]
 [ 0.29686797 -0.29207105  0.33792895]
 [ 0.11835745  0.30605901 -0.32394099]
 [ 0.21215591  0.30933291 -0.32066709]
 [-0.22747025  0.29731053 -0.33268947]]","[2036. 2246.  925. 1970. 2247.  924. 2244. 2244.  927. 1909. 2249.  922.
 1854. 2238.  933. 2196. 2241.  930.]","[2026. 2234.  923. 1923. 2242.  927. 2243. 2239.  927. 1926. 2240.  925.
 1854. 2195.  971. 2200. 2226.  941.]","[-15.848    4.521   68.264   -1.8921   0.6714  -1.709   -0.1113  -0.272
   0.9355]",113
237,1,"[[ 0.01354086 -0.30479086  0.32520914]
 [-0.30234706 -0.300508    0.329492  ]
 [ 0.29631643 -0.2921708   0.3378292 ]
 [ 0.09449223  0.30536685 -0.32463315]
 [ 0.21586993  0.30937493 -0.32062507]
 [-0.22475785  0.29746561 -0.33253439]]","[2039. 2246.  925. 1986. 2247.  924. 2245. 2243.  928. 1907. 2249.  922.
 1854. 2238.  933. 2194. 2241.  930.]","[2030. 2234.  922. 1940. 2242.  927. 2243. 2240.  927. 1924. 2239.  925.
 1854. 2201.  966. 2198. 2226.  941.]","[-15.919    4.548   68.214   -1.8311   0.6714  -0.9766  -0.0874  -0.2793
   0.9946]",113
238,1,"[[ 0.00882261 -0.3049305   0.3250695 ]
 [-0.30255761 -0.29977523  0.33022477]
 [ 0.29573418 -0.29227267  0.33772733]
 [ 0.07010194  0.30463265 -0.32536735]
 [ 0.21951624  0.30941425 -0.32058575]
 [-0.22200115  0.29762116 -0.33237884]]","[2042. 2246.  925. 2002. 2246.  925. 2245. 2243.  928. 1904. 2249.  922.
 1855. 2238.  933. 2192. 2242.  929.]","[2033. 2234.  922. 1948. 2242.  928. 2243. 2241.  927. 1923. 2239.  926.
 1855. 2204.  964. 2199. 2227.  941.]","[-1.5985e+01  4.5760e+00  6.8176e+01 -1.7090e+00  7.3240e-01 -7.9350e-01
 -6.3000e-02 -2.5630e-01  9.3800e-01]",113
239,1,"[[ 0.00410223 -0.30506869  0.32493131]
 [-0.30233014 -0.29904696  0.33095304]
 [ 0.29512099 -0.29237661  0.33762339]
 [ 0.04537356  0.30386221 -0.32613779]
 [ 0.22309394  0.30945087 -0.32054913]
 [-0.2192005   0.29777712 -0.33222288]]","[2045. 2246.  925. 2018. 2246.  925. 2245. 2242.  929. 1902. 2249.  922.
 1855. 2238.  933. 2190. 2242.  929.]","[2038. 2234.  923. 1960. 2242.  927. 2244. 2241.  927. 1920. 2239.  925.
 1856. 2207.  962. 2200. 2229.  940.]","[-1.6073e+01  4.5920e+00  6.8126e+01 -2.3193e+00  7.3240e-01 -1.0986e+00
 -1.6100e-02 -2.5340e-01  9.2920e-01]",113
240,1,"[[-0.00061915 -0.30520541  0.32479459]
 [-0.30016325 -0.2983252   0.3316748 ]
 [ 0.29447661 -0.29248257  0.33751743]
 [ 0.02049009  0.30306164 -0.32693836]
 [ 0.22660214  0.30948477 -0.32051523]
 [-0.21635631  0.29793346 -0.33206654]]","[2048. 2246.  925. 2034. 2245.  926. 2243. 2242.  929. 1900. 2249.  922.
 1856. 2238.  933. 2189. 2242.  929.]","[2044. 2234.  925. 1974. 2243.  927. 2243. 2243.  928. 1917. 2239.  925.
 1857. 2209.  959. 2199. 2230.  939.]","[-16.188    4.581   67.989   -2.8687   0.9766  -3.1738   0.0698  -0.3135
   0.9727]",113
241,1,"[[-0.00534039 -0.30534061  0.32465939]
 [-0.29585698 -0.2976124   0.3323876 ]
 [ 0.2938008  -0.29259049  0.33740951]
 [-0.00437088  0.30223726 -0.32776274]
 [ 0.23003998  0.30951594 -0.32048406]
 [-0.21346898  0.29809013 -0.33190987]]","[2051. 2247.  924. 2050. 2245.  926. 2240. 2242.  929. 1898. 2249.  922.
 1856. 2238.  933. 2187. 2242.  929.]","[2044. 2234.  926. 1987. 2243.  925. 2243. 2244.  928. 1914. 2239.  925.
 1858. 2211.  956. 2196. 2231.  938.]","[-16.293    4.548   67.736   -2.0142   1.5869  -6.1035   0.      -0.376
   0.9717]",113
242,1,"[[-0.01006032 -0.30547425  0.32452575]
 [-0.28946933 -0.29691262  0.33308738]
 [ 0.29309332 -0.29270031  0.33729969]
 [-0.02903837  0.30139556 -0.32860444]
 [ 0.2334066   0.30954436 -0.32045564]
 [-0.2105389   0.29824709 -0.33175291]]","[2054. 2247.  924. 2066. 2244.  927. 2236. 2241.  930. 1895. 2249.  922.
 1856. 2238.  933. 2185. 2242.  929.]","[2044. 2235.  925. 2007. 2243.  924. 2243. 2244.  928. 1910. 2240.  925.
 1858. 2213.  951. 2194. 2231.  937.]","[-16.381    4.515   67.429   -1.2207   1.8921  -7.4463  -0.1245  -0.3999
   0.9165]",113
243,1,"[[-0.01477781 -0.30560631  0.32439369]
 [-0.28108003 -0.29622991  0.33377009]
 [ 0.29235393 -0.29281199  0.33718801]
 [-0.05334912  0.30054318 -0.32945682]
 [ 0.23670119  0.30957004 -0.32042996]
 [-0.20756651  0.2984043  -0.3315957 ]]","[2057. 2247.  924. 2082. 2243.  928. 2231. 2241.  930. 1893. 2249.  922.
 1857. 2238.  933. 2183. 2242.  929.]","[2046. 2235.  923. 2021. 2242.  924. 2242. 2243.  928. 1907. 2240.  925.
 1858. 2215.  947. 2192. 2231.  936.]","[-16.463    4.499   67.148   -0.9155   1.8311  -6.7139  -0.1323  -0.4189
   0.9019]",113
244,1,"[[-0.01949172 -0.30573675  0.32426325]
 [-0.27078544 -0.29556825  0.33443175]
 [ 0.29158241 -0.29292547  0.33707453]
 [-0.07714838  0.29968682 -0.33031318]
 [ 0.23992296  0.30959296 -0.32040704]
 [-0.20455225  0.29856172 -0.33143828]]","[2060. 2247.  924. 2098. 2243.  928. 2224. 2240.  931. 1891. 2249.  922.
 1857. 2238.  933. 2181. 2242.  929.]","[2049. 2236.  923. 2037. 2241.  924. 2239. 2243.  928. 1904. 2240.  925.
 1858. 2216.  944. 2190. 2231.  936.]","[-16.534    4.493   66.907   -0.3052   1.5869  -5.7373  -0.1162  -0.3945
   0.9414]",113
245,1,"[[-0.02420088 -0.30586553  0.32413447]
 [-0.25869476 -0.29493147  0.33506853]
 [ 0.29077853 -0.2930407   0.3369593 ]
 [-0.1002906   0.29883321 -0.33116679]
 [ 0.24307114  0.30961312 -0.32038688]
 [-0.20149655  0.29871931 -0.33128069]]","[2063. 2247.  924. 2113. 2242.  929. 2216. 2240.  931. 1889. 2249.  922.
 1858. 2239.  932. 2179. 2242.  929.]","[2050. 2237.  924. 2054. 2242.  923. 2234. 2242.  928. 1902. 2240.  925.
 1855. 2216.  941. 2188. 2232.  936.]","[-16.573    4.499   66.682    0.3662   1.77    -5.3711  -0.0884  -0.3452
   0.9438]",113
246,1,"[[-0.02890418 -0.30599263  0.32400737]
 [-0.24492744 -0.29432328  0.33567672]
 [ 0.28994207 -0.29315763  0.33684237]
 [-0.12263994  0.29798903 -0.33201097]
 [ 0.24614498  0.3096305  -0.3203695 ]
 [-0.19839989  0.29887702 -0.33112298]]","[2066. 2247.  924. 2127. 2242.  929. 2207. 2239.  932. 1887. 2249.  922.
 1858. 2239.  932. 2177. 2242.  929.]","[2051. 2238.  925. 2065. 2241.  923. 2229. 2242.  928. 1900. 2240.  925.
 1853. 2217.  938. 2186. 2231.  936.]","[-1.6600e+01  4.5100e+00  6.6445e+01  6.7140e-01  1.9531e+00 -5.5542e+00
 -4.2000e-02 -3.1200e-01  9.5170e-01]",113
247,1,"[[-0.03360045 -0.30611801  0.32388199]
 [-0.22961119 -0.29374723  0.33625277]
 [ 0.28907281 -0.2932762   0.3367238 ]
 [-0.14407058  0.29716088 -0.33283912]
 [ 0.24914374  0.30964511 -0.32035489]
 [-0.19526273  0.29903481 -0.33096519]]","[2069. 2247.  924. 2141. 2241.  930. 2197. 2239.  932. 1885. 2249.  922.
 1859. 2239.  932. 2175. 2242.  929.]","[2054. 2238.  926. 2087. 2241.  923. 2220. 2242.  930. 1898. 2240.  925.
 1853. 2218.  933. 2184. 2232.  936.]","[-1.6611e+01  4.5210e+00  6.6176e+01  9.1550e-01  2.2583e+00 -6.2256e+00
 -4.7900e-02 -2.4850e-01  9.7950e-01]",113
248,1,"[[-0.03828857 -0.30624164  0.32375836]
 [-0.21288019 -0.29320669  0.33679331]
 [ 0.28817055 -0.29339637  0.33660363]
 [-0.164467    0.29635522 -0.33364478]
 [ 0.25206674  0.30965694 -0.32034306]
 [-0.19208556  0.29919265 -0.33080735]]","[2072. 2247.  924. 2155. 2241.  930. 2186. 2239.  932. 1883. 2249.  922.
 1860. 2239.  932. 2173. 2243.  928.]","[2056. 2239.  926. 2097. 2241.  923. 2214. 2241.  931. 1897. 2240.  925.
 1853. 2218.  931. 2183. 2232.  936.]","[-16.622    4.515   65.874    0.1831   2.1362  -7.3853  -0.1021  -0.2192
   0.9619]",113
249,1,"[[-0.04296738 -0.3063635   0.3236365 ]
 [-0.19487359 -0.29270483  0.33729517]
 [ 0.28723508 -0.29351809  0.33648191]
 [-0.18372399  0.29557831 -0.33442169]
 [ 0.2549133   0.30966602 -0.32033398]
 [-0.18886887  0.29935049 -0.33064951]]","[2076. 2247.  924. 2167. 2240.  931. 2175. 2238.  933. 1881. 2249.  922.
 1860. 2239.  932. 2171. 2243.  928.]","[2059. 2238.  926. 2111. 2241.  923. 2205. 2241.  931. 1895. 2240.  925.
 1854. 2220.  929. 2180. 2233.  936.]","[-16.639    4.51    65.572    0.1221   2.0142  -6.8359  -0.1084  -0.2266
   0.9634]",113
250,1,"[[-0.04763577 -0.30648354  0.32351646]
 [-0.17573402 -0.29224458  0.33775542]
 [ 0.2862662  -0.2936413   0.3363587 ]
 [-0.2017467   0.29483616 -0.33516384]
 [ 0.25768275  0.30967247 -0.32032753]
 [-0.18561316  0.29950829 -0.33049171]]","[2079. 2247.  924. 2179. 2240.  931. 2162. 2238.  933. 1880. 2249.  922.
 1861. 2239.  932. 2169. 2243.  928.]","[2062. 2238.  926. 2124. 2241.  923. 2195. 2241.  931. 1893. 2240.  925.
 1854. 2223.  928. 2178. 2234.  935.]","[-16.655    4.51    65.297   -0.4883   1.77    -6.0425  -0.0791  -0.2446
   0.9512]",113
251,1,"[[-0.05229258 -0.30660174  0.32339826]
 [-0.15560631 -0.26783172  0.36216828]
 [ 0.28526371 -0.29376596  0.33623404]
 [-0.21845052  0.29413449 -0.33586551]
 [ 0.26037448  0.30967664 -0.32032336]
 [-0.18231897  0.29966602 -0.33033398]]","[2082. 2247.  924. 2190. 2239.  932. 2149. 2222.  949. 1878. 2249.  922.
 1862. 2239.  932. 2166. 2243.  928.]","[2065. 2238.  926. 2136. 2240.  923. 2184. 2240.  932. 1890. 2240.  925.
 1853. 2225.  927. 2176. 2235.  934.]","[-1.6683e+01  4.5100e+00  6.5050e+01 -9.7660e-01  1.4038e+00 -5.4321e+00
 -5.9600e-02 -2.7150e-01  9.6780e-01]",113
252,1,"[[-0.0569367  -0.30671807  0.32328193]
 [-0.13463633 -0.2186115   0.4113885 ]
 [ 0.28422742 -0.29389202  0.33610798]
 [-0.23376088  0.29347869 -0.33652131]
 [ 0.26298787  0.30967775 -0.32032225]
 [-0.17898681  0.29982363 -0.33017637]]","[2085. 2247.  924. 2200. 2239.  932. 2135. 2190.  981. 1876. 2249.  922.
 1862. 2239.  932. 2164. 2243.  928.]","[2069. 2238.  926. 2147. 2240.  923. 2172. 2236.  936. 1889. 2241.  925.
 1854. 2227.  927. 2173. 2236.  934.]","[-1.6727e+01  4.4990e+00  6.4830e+01 -7.9350e-01  1.2207e+00 -4.6387e+00
 -4.2500e-02 -2.8810e-01  9.6680e-01]",113
253,1,"[[-0.06156699 -0.3068325   0.3231675 ]
 [-0.11296987 -0.17591697  0.45408303]
 [ 0.28315715 -0.29401942  0.33598058]
 [-0.24761309  0.29287377 -0.33712623]
 [ 0.26552234  0.30965062 -0.32034938]
 [-0.17561724  0.29998108 -0.33001892]]","[2088. 2248.  923. 2209. 2238.  933. 2121. 2162. 1009. 1874. 2249.  922.
 1863. 2239.  932. 2162. 2243.  928.]","[2072. 2238.  926. 2158. 2240.  923. 2161. 2223.  949. 1885. 2241.  925.
 1854. 2228.  927. 2171. 2236.  934.]","[-1.6760e+01  4.4880e+00  6.4638e+01 -4.8830e-01  1.0376e+00 -4.3335e+00
 -5.2700e-02 -2.9690e-01  9.3120e-01]",113
254,1,"[[-0.06618233 -0.306945    0.323055  ]
 [-0.09075176 -0.13999968  0.49000032]
 [ 0.28205272 -0.29414813  0.33585187]
 [-0.25995197  0.29232431 -0.33767569]
 [ 0.26797734  0.30953764 -0.32046236]
 [-0.1722108   0.30013833 -0.32986167]]","[2091. 2248.  923. 2217. 2238.  933. 2107. 2139. 1032. 1873. 2249.  922.
 1864. 2239.  932. 2160. 2243.  928.]","[2075. 2238.  926. 2168. 2241.  923. 2148. 2204.  967. 1883. 2241.  924.
 1854. 2229.  926. 2169. 2237.  933.]","[-1.6782e+01  4.4660e+00  6.4462e+01 -2.4410e-01  8.5450e-01 -4.1504e+00
 -6.2500e-02 -3.0710e-01  9.7170e-01]",113
255,1,"[[-0.0707816  -0.30705555  0.32294445]
 [-0.06812502 -0.11107143  0.51892857]
 [ 0.28091396 -0.29427809  0.33572191]
 [-0.27073163  0.26860403 -0.36139597]
 [ 0.27035233  0.30935571 -0.32064429]
 [-0.16876806  0.30029536 -0.32970464]]","[2094. 2248.  923. 2224. 2223.  948. 2092. 2120. 1051. 1871. 2249.  922.
 1864. 2239.  932. 2158. 2243.  928.]","[2079. 2238.  926. 2177. 2241.  922. 2134. 2183.  988. 1882. 2242.  924.
 1854. 2229.  927. 2167. 2237.  933.]","[-16.793    4.449   64.297    0.1831   0.9155  -3.9062  -0.0854  -0.3057
   0.9785]",113
256,1,"[[-0.07536368 -0.30716411  0.32283589]
 [-0.04523011 -0.08930297  0.54069703]
 [ 0.2797407  -0.29440926  0.33559074]
 [-0.27991508  0.21172497 -0.41827503]
 [ 0.27264679  0.30911168 -0.32088832]
 [-0.1652896   0.30045211 -0.32954789]]","[2097. 2248.  923. 2230. 2186.  985. 2077. 2106. 1065. 1870. 2249.  922.
 1865. 2239.  932. 2155. 2243.  928.]","[2082. 2238.  926. 2185. 2237.  924. 2121. 2162. 1010. 1881. 2242.  924.
 1854. 2229.  927. 2165. 2237.  933.]","[-16.787    4.438   64.138    0.4883   1.1597  -3.6011  -0.0938  -0.2905
   0.9214]",113
257,1,"[[-0.07992746 -0.30727067  0.32272933]
 [-0.02220436 -0.07482297  0.55517703]
 [ 0.27853278 -0.29454158  0.33545842]
 [-0.28747395  0.16370023 -0.46629977]
 [ 0.27486026  0.30880885 -0.32119115]
 [-0.16177599  0.30060854 -0.32939146]]","[2100. 2248.  923. 2235. 2154. 1017. 2062. 2096. 1075. 1868. 2249.  922.
 1866. 2240.  931. 2153. 2243.  928.]","[2085. 2237.  926. 2193. 2222.  937. 2107. 2144. 1027. 1881. 2241.  924.
 1854. 2229.  927. 2163. 2237.  933.]","[-1.6776e+01  4.4380e+00  6.3984e+01  1.8310e-01  1.0376e+00 -3.3569e+00
 -6.0100e-02 -2.6860e-01  9.0670e-01]",113
258,1,"[[-0.08447183 -0.30737519  0.32262481]
 [ 0.00081858 -0.06771739  0.56228261]
 [ 0.27729005 -0.29467503  0.33532497]
 [-0.29338809  0.12487869 -0.50512131]
 [ 0.27699225  0.3084504  -0.3215496 ]
 [-0.15822785  0.30076464 -0.32923536]]","[2103. 2248.  923. 2239. 2129. 1042. 2047. 2092. 1079. 1867. 2249.  922.
 1867. 2240.  931. 2151. 2244.  927.]","[2088. 2238.  926. 2212. 2201.  960. 2092. 2128. 1044. 1880. 2240.  924.
 1854. 2228.  927. 2159. 2237.  933.]","[-1.6787e+01  4.4380e+00  6.3842e+01 -9.1550e-01  1.6479e+00 -3.6011e+00
 -5.5700e-02 -2.1440e-01  8.8720e-01]",113
259,1,"[[-0.08899569 -0.30747766  0.32252234]
 [ 0.02370915 -0.06810927  0.56189073]
 [ 0.27601236 -0.29480954  0.33519046]
 [-0.29764525  0.0955362  -0.5344638 ]
 [ 0.27904234  0.30803975 -0.32196025]
 [-0.15464577  0.30092034 -0.32907966]]","[2106. 2248.  923. 2242. 2110. 1061. 2032. 2092. 1079. 1866. 2248.  923.
 1868. 2240.  931. 2148. 2244.  927.]","[2090. 2237.  926. 2218. 2179.  987. 2078. 2115. 1057. 1880. 2240.  922.
 1855. 2228.  928. 2153. 2239.  931.]","[-16.842    4.471   63.682   -2.6245   2.9297  -2.9297  -0.1157  -0.0796
   0.9521]",113
260,1,"[[-0.09349793 -0.30757803  0.32242197]
 [ 0.04634225 -0.07219055  0.55780945]
 [ 0.27469957 -0.29494508  0.33505492]
 [-0.30024072  0.07587388 -0.55412612]
 [ 0.2810101   0.30758053 -0.32241947]
 [-0.15103038  0.30107562 -0.32892438]]","[2108. 2248.  923. 2243. 2097. 1074. 2017. 2095. 1076. 1864. 2248.  923.
 1868. 2240.  931. 2146. 2244.  927.]","[2095. 2237.  926. 2227. 2151. 1018. 2060. 2106. 1066. 1877. 2240.  921.
 1859. 2229.  930. 2150. 2240.  929.]","[-1.6941e+01  4.5540e+00  6.3583e+01 -4.8218e+00  1.6479e+00  1.3428e+00
 -2.7250e-01  2.5900e-02  1.0967e+00]",113
261,1,"[[-0.09797748 -0.3076763   0.3223237 ]
 [ 0.06859752 -0.07282964  0.55717036]
 [ 0.27335154 -0.2950816   0.3349184 ]
 [-0.30116951  0.06601701 -0.56398299]
 [ 0.28289515  0.30707655 -0.32292345]
 [-0.14738231  0.30123044 -0.32876956]]","[2111. 2248.  923. 2244. 2091. 1080. 2003. 2095. 1076. 1863. 2248.  923.
 1869. 2240.  931. 2144. 2244.  927.]","[2099. 2237.  926. 2231. 2136. 1034. 2048. 2102. 1070. 1875. 2240.  922.
 1861. 2229.  931. 2147. 2241.  927.]","[-17.04     4.642   63.649   -2.8076  -0.4883   4.6387  -0.0688  -0.1475
   1.0796]",113
262,1,"[[-0.10243323 -0.30777244  0.32222756]
 [ 0.09035955 -0.07324271  0.55675729]
 [ 0.27196816 -0.29521906  0.33478094]
 [-0.30102274  0.06604422 -0.56395578]
 [ 0.28469713  0.30653176 -0.32346824]
 [-0.1437022   0.30138477 -0.32861523]]","[2114. 2248.  923. 2244. 2091. 1080. 1989. 2095. 1076. 1862. 2247.  924.
 1870. 2240.  931. 2141. 2244.  927.]","[2105. 2237.  926. 2240. 2119. 1050. 2033. 2100. 1072. 1870. 2239.  923.
 1865. 2230.  931. 2142. 2242.  926.]","[-17.056    4.697   63.825   -2.5635  -0.4883   3.9673  -0.1235  -0.1943
   0.8696]",113
263,1,"[[-0.1068641  -0.30786642  0.32213358]
 [ 0.11151806 -0.07382158  0.55617842]
 [ 0.2705493  -0.29535741  0.33464259]
 [-0.30086884  0.07171749 -0.55828251]
 [ 0.28641568  0.30595024 -0.32404976]
 [-0.1399907   0.30153856 -0.32846144]]","[2117. 2248.  923. 2244. 2094. 1077. 1975. 2096. 1075. 1861. 2247.  924.
 1871. 2240.  931. 2139. 2244.  927.]","[2114. 2236.  926. 2243. 2109. 1061. 2018. 2099. 1073. 1862. 2238.  924.
 1872. 2232.  932. 2142. 2243.  926.]","[-17.1      4.752   63.979   -6.0425   0.2441   3.7231  -0.0688  -0.2886
   0.8491]",113
264,1,"[[-0.11126903 -0.30795822  0.32204178]
 [ 0.13196802 -0.0746345   0.5553655 ]
 [ 0.26909484 -0.29549661  0.33450339]
 [-0.30074961  0.07414208 -0.55585792]
 [ 0.28805048  0.30533612 -0.32466388]
 [-0.13624847  0.30169178 -0.32830822]]","[2120. 2248.  923. 2244. 2096. 1075. 1961. 2096. 1075. 1860. 2247.  924.
 1872. 2240.  931. 2136. 2244.  927.]","[2117. 2236.  926. 2243. 2103. 1068. 2001. 2098. 1074. 1860. 2238.  924.
 1873. 2234.  931. 2140. 2242.  926.]","[-17.271    4.823   64.105   -6.5308   0.8545   2.0752  -0.0889  -0.3486
   1.0737]",113
265,1,"[[-0.11564693 -0.30804782  0.32195218]
 [ 0.15160975 -0.07570954  0.55429046]
 [ 0.26760469 -0.29563661  0.33436339]
 [-0.30063962  0.07665814 -0.55334186]
 [ 0.28960126  0.30469361 -0.32530639]
 [-0.13247617  0.3018444  -0.3281556 ]]","[2123. 2248.  923. 2243. 2097. 1073. 1949. 2097. 1074. 1859. 2246.  925.
 1873. 2240.  931. 2134. 2244.  927.]","[2120. 2236.  926. 2243. 2101. 1070. 1987. 2098. 1074. 1859. 2238.  924.
 1873. 2236.  932. 2139. 2243.  927.]","[-17.402    4.883   64.155   -2.9907   0.6714   0.9155  -0.1294  -0.4438
   1.0181]",113
266,1,"[[-0.11999676 -0.30813521  0.32186479]
 [ 0.17034895 -0.0770696   0.5529304 ]
 [ 0.26607875 -0.29577739  0.33422261]
 [-0.30052503  0.0796443  -0.5503557 ]
 [ 0.29106772  0.30402693 -0.32597307]
 [-0.1286745   0.30199638 -0.32800362]]","[2126. 2248.  923. 2243. 2099. 1072. 1936. 2098. 1073. 1858. 2246.  925.
 1874. 2240.  931. 2131. 2244.  927.]","[2122. 2236.  926. 2243. 2100. 1072. 1973. 2098. 1074. 1857. 2238.  924.
 1873. 2237.  931. 2137. 2242.  929.]","[-17.463    4.933   64.182   -1.3428   0.3662   1.0376  -0.084   -0.4395
   0.8555]",113
267,1,"[[-0.12431744 -0.30822035  0.32177965]
 [ 0.18809677 -0.07873716  0.55126284]
 [ 0.26451692 -0.29591889  0.33408111]
 [-0.30039879  0.08314213 -0.54685787]
 [ 0.29244963  0.3033403  -0.3266597 ]
 [-0.12484415  0.30214768 -0.32785232]]","[2129. 2248.  923. 2243. 2102. 1069. 1925. 2099. 1072. 1857. 2245.  926.
 1875. 2240.  931. 2129. 2244.  926.]","[2125. 2236.  925. 2243. 2100. 1071. 1962. 2098. 1073. 1856. 2237.  925.
 1874. 2238.  929. 2134. 2243.  927.]","[-17.523    4.971   64.199   -1.77     0.7935   0.1221  -0.0898  -0.4619
   0.8633]",113
268,1,"[[-0.12860793 -0.30830323  0.32169677]
 [ 0.20476985 -0.08073505  0.54926495]
 [ 0.26291913 -0.29606108  0.33393892]
 [-0.30025732  0.08715106 -0.54284894]
 [ 0.29374676  0.30263791 -0.32736209]
 [-0.12098581  0.30229827 -0.32770173]]","[2131. 2248.  922. 2243. 2104. 1067. 1914. 2100. 1071. 1856. 2245.  926.
 1876. 2241.  930. 2126. 2245.  926.]","[2128. 2236.  925. 2243. 2101. 1070. 1949. 2099. 1073. 1855. 2237.  926.
 1874. 2238.  929. 2132. 2242.  929.]","[-1.7617e+01  5.0150e+00  6.4182e+01 -2.0142e+00  1.0986e+00 -3.0520e-01
 -4.5400e-02 -4.7610e-01  9.6630e-01]",113
269,1,"[[-0.1328672  -0.30838383  0.32161617]
 [ 0.22029027 -0.08308658  0.54691342]
 [ 0.26128529 -0.29620391  0.33379609]
 [-0.30009876  0.09166453 -0.53833547]
 [ 0.29495891  0.30192394 -0.32807606]
 [-0.11710019  0.30244812 -0.32755188]]","[2134. 2249.  922. 2243. 2107. 1064. 1904. 2102. 1069. 1855. 2244.  927.
 1877. 2241.  930. 2124. 2245.  926.]","[2130. 2236.  924. 2243. 2102. 1069. 1937. 2099. 1072. 1855. 2236.  926.
 1874. 2238.  929. 2130. 2242.  927.]","[-1.7693e+01  5.0430e+00  6.4144e+01  6.1000e-02  6.1040e-01 -1.2207e+00
 -4.9300e-02 -4.6140e-01  9.5650e-01]",113
270,1,"[[-0.1370942  -0.30846213  0.32153787]
 [ 0.23458562 -0.08581549  0.54418451]
 [ 0.25961535 -0.29634734  0.33365266]
 [-0.2999221   0.09667476 -0.53332524]
 [ 0.2960859   0.30120249 -0.32879751]
 [-0.11318801  0.30259719 -0.32740281]]","[2137. 2249.  922. 2243. 2111. 1060. 1895. 2103. 1068. 1854. 2244.  927.
 1878. 2241.  930. 2121. 2245.  926.]","[2132. 2236.  924. 2243. 2105. 1067. 1927. 2101. 1071. 1854. 2236.  927.
 1874. 2238.  929. 2131. 2243.  927.]","[-1.7715e+01  5.0370e+00  6.4094e+01  1.2817e+00  1.2210e-01 -1.0376e+00
 -5.9600e-02 -4.2290e-01  8.9840e-01]",113
271,1,"[[-0.14128791 -0.30853811  0.32146189]
 [ 0.24758901 -0.08894583  0.54105417]
 [ 0.25790925 -0.29649134  0.33350866]
 [-0.29972675  0.10217355 -0.52782645]
 [ 0.29712758  0.3004776  -0.3295224 ]
 [-0.10925001  0.30274545 -0.32725455]]","[2140. 2249.  922. 2243. 2114. 1057. 1886. 2105. 1065. 1854. 2243.  928.
 1879. 2241.  930. 2119. 2245.  926.]","[2132. 2236.  923. 2243. 2107. 1064. 1916. 2102. 1069. 1854. 2235.  927.
 1874. 2238.  929. 2130. 2242.  927.]","[-17.715    5.021   64.067    1.3428  -0.2441  -0.3662  -0.0649  -0.3652
   0.939 ]",113
272,1,"[[-0.1454473  -0.30861176  0.32138824]
 [ 0.25923905 -0.0925019   0.5374981 ]
 [ 0.25616693 -0.29663586  0.33336414]
 [-0.29951233  0.10815247 -0.52184753]
 [ 0.29808383  0.29975323 -0.33024677]
 [-0.10528692  0.30289286 -0.32710714]]","[2142. 2249.  922. 2243. 2118. 1053. 1879. 2108. 1063. 1853. 2243.  928.
 1881. 2241.  930. 2116. 2245.  926.]","[2132. 2237.  923. 2243. 2110. 1062. 1907. 2103. 1068. 1854. 2235.  928.
 1874. 2238.  930. 2127. 2242.  927.]","[-17.704    4.993   64.067    1.6479  -0.4883   0.      -0.0708  -0.3149
   0.9526]",113
273,1,"[[-0.14957138 -0.30868305  0.32131695]
 [ 0.26947993 -0.09650805  0.53349195]
 [ 0.25438836 -0.29678088  0.33321912]
 [-0.29927857  0.11460296 -0.51539704]
 [ 0.29895452  0.29903324 -0.33096676]
 [-0.10129948  0.3030394  -0.3269606 ]]","[2145. 2249.  922. 2243. 2122. 1049. 1872. 2110. 1061. 1853. 2242.  929.
 1882. 2241.  930. 2114. 2245.  926.]","[2133. 2236.  924. 2243. 2114. 1058. 1897. 2106. 1066. 1854. 2235.  928.
 1875. 2238.  930. 2124. 2242.  929.]","[-1.7672e+01  4.9660e+00  6.4078e+01  1.8311e+00 -5.4930e-01  1.2210e-01
 -6.2500e-02 -2.6070e-01  9.5900e-01]",113
274,1,"[[-0.15365914 -0.30875198  0.32124802]
 [ 0.27826144 -0.10098857  0.52901143]
 [ 0.2525735  -0.29692634  0.33307366]
 [-0.29902524  0.12151633 -0.50848367]
 [ 0.2997396   0.29832141 -0.33167859]
 [-0.09728846  0.30318502 -0.32681498]]","[2148. 2249.  922. 2242. 2127. 1044. 1866. 2113. 1058. 1852. 2242.  929.
 1883. 2241.  930. 2111. 2245.  926.]","[2137. 2237.  924. 2243. 2118. 1054. 1886. 2108. 1063. 1854. 2235.  928.
 1877. 2238.  930. 2120. 2242.  929.]","[-1.7639e+01  4.9440e+00  6.4078e+01  1.0986e+00 -2.4410e-01 -3.0520e-01
 -5.9100e-02 -2.2950e-01  9.5120e-01]",113
275,1,"[[-0.15770959 -0.30881853  0.32118147]
 [ 0.285539   -0.10596756  0.52403244]
 [ 0.25072233 -0.29707221  0.33292779]
 [-0.29875212  0.12888381 -0.50111619]
 [ 0.30043898  0.2976214  -0.3323786 ]
 [-0.09325461  0.3033297  -0.3266703 ]]","[2150. 2249.  922. 2242. 2132. 1039. 1861. 2117. 1054. 1852. 2242.  929.
 1884. 2241.  930. 2108. 2245.  926.]","[2140. 2236.  924. 2243. 2121. 1051. 1881. 2110. 1062. 1853. 2235.  928.
 1878. 2238.  930. 2119. 2242.  929.]","[-17.622    4.922   64.061    0.3662   0.      -0.7935  -0.0771  -0.2021
   0.9473]",113
276,1,"[[-0.16172173 -0.30888268  0.32111732]
 [ 0.29127381 -0.11146873  0.51853127]
 [ 0.24883482 -0.29721846  0.33278154]
 [-0.29845902  0.13669656 -0.49330344]
 [ 0.30105265  0.29693674 -0.33306326]
 [-0.08919871  0.3034734  -0.3265266 ]]","[2153. 2249.  922. 2242. 2137. 1034. 1858. 2120. 1051. 1851. 2241.  930.
 1885. 2241.  930. 2106. 2245.  926.]","[2143. 2236.  924. 2243. 2126. 1047. 1874. 2113. 1059. 1853. 2235.  928.
 1880. 2238.  930. 2115. 2242.  929.]","[-17.617    4.905   64.023   -0.1831   0.1221  -1.0376  -0.1089  -0.2061
   0.96  ]",113
277,1,"[[-0.16569461 -0.30894442  0.32105558]
 [ 0.29543289 -0.1175153   0.5124847 ]
 [ 0.24691099 -0.29736505  0.33263495]
 [-0.29814575  0.14494566 -0.48505434]
 [ 0.30158064  0.29627087 -0.33372913]
 [-0.08512153  0.3036161  -0.3263839 ]]","[2156. 2249.  922. 2242. 2142. 1029. 1855. 2124. 1047. 1851. 2241.  930.
 1887. 2241.  930. 2103. 2245.  926.]","[2146. 2236.  924. 2243. 2130. 1042. 1868. 2116. 1056. 1852. 2234.  929.
 1882. 2238.  929. 2112. 2242.  927.]","[-17.628    4.9     63.984   -0.6714   0.3052  -0.9155  -0.1323  -0.2217
   0.957 ]",113
278,1,"[[-0.16962725 -0.30900373  0.32099627]
 [ 0.2979892  -0.12412979  0.50587021]
 [ 0.24495082 -0.29751193  0.33248807]
 [-0.2978121   0.15362217 -0.47637783]
 [ 0.3020231   0.2956271  -0.3343729 ]
 [-0.08102388  0.30375776 -0.32624224]]","[2158. 2249.  922. 2242. 2148. 1023. 1853. 2128. 1043. 1851. 2240.  931.
 1888. 2241.  930. 2100. 2246.  925.]","[2151. 2236.  924. 2243. 2137. 1036. 1862. 2121. 1051. 1851. 2233.  929.
 1885. 2238.  929. 2108. 2243.  929.]","[-17.644    4.911   63.946   -1.1597   0.4272  -0.6714  -0.1343  -0.2573
   0.937 ]",113
279,1,"[[-0.1735187  -0.30906061  0.32093939]
 [ 0.29891422 -0.13133387  0.49866613]
 [ 0.24295433 -0.29765909  0.33234091]
 [-0.29745788  0.1627171  -0.4672829 ]
 [ 0.30238073  0.29500859 -0.33499141]
 [-0.07690653  0.30389834 -0.32610166]]","[2161. 2249.  922. 2241. 2154. 1017. 1853. 2133. 1038. 1850. 2240.  931.
 1889. 2242.  929. 2098. 2246.  925.]","[2156. 2236.  924. 2243. 2140. 1032. 1859. 2123. 1048. 1850. 2232.  930.
 1889. 2239.  928. 2106. 2242.  927.]","[-17.677    4.933   63.918   -1.5869   0.6714  -0.3662  -0.1138  -0.2939
   0.9419]",113
280,1,"[[-0.17736801 -0.30911503  0.32088497]
 [ 0.29876412 -0.13913485  0.49086515]
 [ 0.24092153 -0.29780647  0.33219353]
 [-0.2970829   0.17222142 -0.45777858]
 [ 0.30265601  0.29441838 -0.33558162]
 [-0.07277031  0.30403783 -0.32596217]]","[2163. 2249.  922. 2241. 2160. 1011. 1853. 2138. 1033. 1850. 2239.  932.
 1890. 2242.  929. 2095. 2246.  925.]","[2160. 2236.  924. 2243. 2146. 1027. 1857. 2127. 1045. 1849. 2232.  930.
 1892. 2240.  928. 2104. 2242.  927.]","[-17.721    4.971   63.896   -1.5869   0.7935  -0.3052  -0.0952  -0.3218
   0.9492]",113
281,1,"[[-0.18117425 -0.309167    0.320833  ]
 [ 0.29860398 -0.14728267  0.48271733]
 [ 0.23885247 -0.29795405  0.33204595]
 [-0.29668696  0.18212609 -0.44787391]
 [ 0.30285628  0.29385937 -0.33614063]
 [-0.06861601  0.30417619 -0.32582381]]","[2166. 2249.  922. 2241. 2166. 1005. 1853. 2144. 1027. 1850. 2239.  932.
 1892. 2242.  929. 2092. 2246.  925.]","[2162. 2236.  924. 2243. 2151. 1021. 1855. 2131. 1040. 1848. 2231.  930.
 1892. 2240.  928. 2101. 2243.  927.]","[-17.77     5.01    63.875   -1.4038   0.8545  -0.3662  -0.0854  -0.3325
   0.9365]",113
282,1,"[[-0.1849365  -0.30921649  0.32078351]
 [ 0.29847877 -0.15574433  0.47425567]
 [ 0.23674716 -0.29810179  0.33189821]
 [-0.29626987  0.19242208 -0.43757792]
 [ 0.30294144  0.29333425 -0.33666575]
 [-0.06444446  0.30431339 -0.32568661]]","[2168. 2249.  922. 2241. 2173.  998. 1853. 2149. 1022. 1850. 2239.  932.
 1893. 2242.  929. 2090. 2246.  925.]","[2165. 2236.  924. 2243. 2159. 1014. 1854. 2138. 1034. 1848. 2231.  931.
 1892. 2241.  927. 2097. 2243.  927.]","[-17.809    5.037   63.847   -1.0376   0.6714  -0.4272  -0.0928  -0.3667
   0.9453]",113
283,1,"[[-0.18865383 -0.30926349  0.32073651]
 [ 0.29836315 -0.16456564  0.46543436]
 [ 0.23460568 -0.29824966  0.33175034]
 [-0.29583141  0.20310033 -0.42689967]
 [ 0.30174729  0.29284488 -0.33715512]
 [-0.06025649  0.30444939 -0.32555061]]","[2170. 2249.  922. 2240. 2180.  991. 1853. 2155. 1016. 1851. 2238.  933.
 1895. 2242.  929. 2087. 2246.  925.]","[2167. 2236.  924. 2242. 2161. 1012. 1854. 2142. 1030. 1848. 2231.  931.
 1892. 2240.  928. 2096. 2242.  927.]","[-17.853    5.065   63.831   -1.0376   0.6104  -0.1221  -0.0815  -0.3716
   0.9404]",113
284,1,"[[-0.19232536 -0.30930801  0.32069199]
 [ 0.29824339 -0.17375141  0.45624859]
 [ 0.23242806 -0.29839762  0.33160238]
 [-0.29537139  0.2141518  -0.4158482 ]
 [ 0.29851841  0.29239201 -0.33760799]
 [-0.05605292  0.30458418 -0.32541582]]","[2173. 2249.  922. 2240. 2187.  984. 1853. 2161. 1010. 1853. 2238.  933.
 1896. 2242.  929. 2084. 2246.  925.]","[2168. 2236.  924. 2242. 2164. 1006. 1853. 2146. 1026. 1848. 2231.  932.
 1894. 2240.  927. 2093. 2242.  929.]","[-1.7886e+01  5.0870e+00  6.3825e+01 -4.2720e-01  3.6620e-01 -6.1000e-02
 -7.7600e-02 -3.7160e-01  9.4090e-01]",113
285,1,"[[-0.19595018 -0.30935002  0.32064998]
 [ 0.29811267 -0.18329653  0.44670347]
 [ 0.23021438 -0.29854564  0.33145436]
 [-0.29488961  0.22556747 -0.40443253]
 [ 0.29331675  0.28799578 -0.34200422]
 [-0.0518346   0.30471772 -0.32528228]]","[2175. 2249.  922. 2240. 2195.  976. 1853. 2167. 1004. 1856. 2235.  936.
 1897. 2242.  929. 2081. 2246.  925.]","[2170. 2237.  923. 2241. 2171. 1000. 1853. 2152. 1020. 1848. 2231.  932.
 1895. 2240.  927. 2091. 2242.  927.]","[-1.7897e+01  5.0870e+00  6.3820e+01  3.0520e-01  0.0000e+00 -1.2210e-01
 -5.1800e-02 -3.8040e-01  9.9220e-01]",113
286,1,"[[-0.19952742 -0.30938953  0.32061047]
 [ 0.29796767 -0.19319361  0.43680639]
 [ 0.22796471 -0.29869369  0.33130631]
 [-0.29438587  0.23733833 -0.39266167]
 [ 0.28621342  0.23883415 -0.39116585]
 [-0.04760237  0.30484998 -0.32515002]]","[2178. 2249.  922. 2239. 2202.  969. 1853. 2173.  998. 1861. 2203.  968.
 1899. 2242.  929. 2079. 2246.  925.]","[2170. 2236.  924. 2242. 2179.  992. 1854. 2159. 1013. 1849. 2229.  932.
 1896. 2240.  927. 2088. 2242.  929.]","[-1.7869e+01  5.0700e+00  6.3814e+01  1.2207e+00 -3.6620e-01 -1.8310e-01
 -6.0500e-02 -3.6330e-01  9.3020e-01]",113
287,1,"[[-0.2030562  -0.30942651  0.32057349]
 [ 0.29780684 -0.20343462  0.42656538]
 [ 0.22567914 -0.29884173  0.33115827]
 [-0.29385996  0.24945542 -0.38054458]
 [ 0.27729204  0.19573474 -0.43426526]
 [-0.04335709  0.30498094 -0.32501906]]","[2180. 2249.  922. 2239. 2210.  961. 1853. 2180.  991. 1867. 2175.  996.
 1900. 2242.  929. 2076. 2246.  925.]","[2170. 2236.  924. 2241. 2183.  988. 1854. 2164. 1008. 1850. 2223.  938.
 1897. 2240.  928. 2087. 2242.  927.]","[-1.7842e+01  5.0480e+00  6.3820e+01  1.2817e+00 -4.2720e-01  6.1000e-02
 -6.8400e-02 -3.3540e-01  8.9890e-01]",113
288,1,"[[-0.20653568 -0.30946097  0.32053903]
 [ 0.2976295  -0.21401134  0.41598866]
 [ 0.22335777 -0.29898973  0.33101027]
 [-0.29331167  0.2619098  -0.3680902 ]
 [ 0.26664621  0.15893323 -0.47106677]
 [-0.03909961  0.30511056 -0.32488944]]","[2182. 2249.  922. 2239. 2218.  953. 1853. 2187.  984. 1874. 2151. 1020.
 1902. 2242.  929. 2073. 2246.  925.]","[2172. 2237.  924. 2241. 2187.  984. 1854. 2170. 1002. 1853. 2212.  954.
 1898. 2240.  928. 2084. 2241.  927.]","[-1.7814e+01  5.0150e+00  6.3820e+01  9.7660e-01 -5.4930e-01 -3.0520e-01
 -6.3500e-02 -3.1640e-01  1.0454e+00]",113
289,1,"[[-0.209965   -0.30949291  0.32050709]
 [ 0.2974354  -0.22491546  0.40508454]
 [ 0.2210007  -0.29913767  0.33086233]
 [-0.29274081  0.27469258 -0.35530742]
 [ 0.25437777  0.12863034 -0.50136966]
 [-0.03483079  0.30523883 -0.32476117]]","[2184. 2249.  922. 2238. 2227.  944. 1854. 2194.  977. 1882. 2131. 1040.
 1903. 2243.  928. 2070. 2246.  924.]","[2175. 2236.  925. 2240. 2189.  980. 1854. 2176.  996. 1858. 2195.  974.
 1900. 2238.  928. 2082. 2241.  927.]","[-17.715    4.982   63.814    3.479   -0.6714  -0.4272  -0.1191  -0.2886
   0.9429]",113
290,1,"[[-0.21334334 -0.3095223   0.3204777 ]
 [ 0.2972245  -0.23613867  0.39386133]
 [ 0.21860804 -0.2992855   0.3307145 ]
 [-0.29214716  0.2877949  -0.3422051 ]
 [ 0.24059536  0.10499154 -0.52500846]
 [-0.03055152  0.30536571 -0.32463429]]","[2187. 2249.  922. 2238. 2235.  936. 1854. 2201.  970. 1891. 2116. 1055.
 1905. 2243.  928. 2067. 2247.  924.]","[2177. 2236.  925. 2240. 2193.  977. 1854. 2183.  990. 1870. 2175.  996.
 1901. 2238.  930. 2080. 2241.  926.]","[-17.617    4.977   63.825    2.3193   0.       0.5493  -0.0791  -0.251
   0.8091]",113
291,1,"[[-0.21666987 -0.30954916  0.32045084]
 [ 0.29699685 -0.24767265  0.38232735]
 [ 0.21617992 -0.2994332   0.3305668 ]
 [-0.29153053  0.29207898 -0.33792102]
 [ 0.22541311  0.08814621 -0.54185379]
 [-0.02626266  0.30549117 -0.32450883]]","[2189. 2249.  922. 2238. 2238.  933. 1854. 2209.  962. 1901. 2105. 1066.
 1907. 2243.  928. 2065. 2247.  924.]","[2179. 2236.  926. 2238. 2198.  972. 1853. 2189.  983. 1878. 2156. 1015.
 1903. 2238.  931. 2077. 2241.  924.]","[-1.7556e+01  4.9770e+00  6.3858e+01  1.3428e+00 -1.2210e-01  7.3240e-01
 -3.5600e-02 -2.7250e-01  9.7850e-01]",113
292,1,"[[-0.21994378 -0.30957347  0.32042653]
 [ 0.29675258 -0.2595091   0.3704909 ]
 [ 0.21371649 -0.29958074  0.33041926]
 [-0.2908907   0.29218185 -0.33781815]
 [ 0.20894955  0.07818696 -0.55181304]
 [-0.0219651   0.3056152  -0.3243848 ]]","[2191. 2249.  922. 2237. 2238.  933. 1854. 2217.  954. 1911. 2098. 1072.
 1908. 2243.  928. 2062. 2247.  924.]","[2182. 2236.  928. 2236. 2202.  967. 1854. 2196.  976. 1881. 2139. 1032.
 1905. 2238.  931. 2074. 2241.  923.]","[-17.518    4.949   63.88     0.6104  -0.7935   0.2441  -0.1011  -0.2212
   1.0952]",113
293,1,"[[-0.22316429 -0.30959523  0.32040477]
 [ 0.29649179 -0.27163976  0.35836024]
 [ 0.21121787 -0.29972808  0.33027192]
 [-0.29022747  0.29228691 -0.33771309]
 [ 0.19132657  0.07517443 -0.55482557]
 [-0.01765972  0.30573776 -0.32426224]]","[2193. 2249.  922. 2237. 2238.  933. 1854. 2225.  946. 1923. 2097. 1074.
 1910. 2243.  928. 2059. 2247.  924.]","[2184. 2236.  929. 2234. 2204.  964. 1854. 2204.  968. 1890. 2125. 1045.
 1907. 2238.  931. 2071. 2241.  922.]","[-17.463    4.889   63.935    0.9155  -2.1362   1.0376  -0.127   -0.2168
   0.9453]",113
294,1,"[[-0.2263306  -0.30961443  0.32038557]
 [ 0.29621464 -0.28405639  0.34594361]
 [ 0.20868423 -0.2998752   0.3301248 ]
 [-0.28954064  0.29239411 -0.33760589]
 [ 0.17266848  0.07881589 -0.55118411]
 [-0.01334742  0.30585883 -0.32414117]]","[2195. 2249.  922. 2236. 2238.  933. 1854. 2233.  938. 1935. 2099. 1072.
 1911. 2243.  928. 2056. 2247.  924.]","[2187. 2236.  930. 2234. 2204.  963. 1854. 2212.  961. 1901. 2116. 1055.
 1909. 2237.  931. 2068. 2242.  922.]","[-17.397    4.828   64.028    0.9766  -2.4414   2.0142  -0.1055  -0.2729
   0.9302]",113
295,1,"[[-0.22944195 -0.30963109  0.32036891]
 [ 0.29592125 -0.29204556  0.33795444]
 [ 0.20611573 -0.30002207  0.32997793]
 [-0.28882999  0.29250338 -0.33749662]
 [ 0.15310118  0.07975666 -0.55024334]
 [-0.00902908  0.30597838 -0.32402162]]","[2197. 2249.  922. 2236. 2238.  933. 1855. 2238.  933. 1948. 2099. 1071.
 1913. 2243.  928. 2053. 2247.  924.]","[2190. 2236.  930. 2233. 2205.  963. 1853. 2220.  953. 1914. 2110. 1062.
 1911. 2238.  931. 2063. 2241.  922.]","[-17.353    4.79    64.111    0.3662  -1.3428   1.4648  -0.0684  -0.3384
   0.9048]",113
296,1,"[[-0.23249759 -0.30964519  0.32035481]
 [ 0.29561176 -0.29214279  0.33785721]
 [ 0.20351255 -0.30016865  0.32983135]
 [-0.28809533  0.29261466 -0.33738534]
 [ 0.13275139  0.0796295  -0.5503705 ]
 [-0.00470561  0.30609639 -0.32390361]]","[2199. 2249.  922. 2235. 2238.  933. 1855. 2238.  933. 1961. 2099. 1072.
 1915. 2243.  928. 2051. 2247.  924.]","[2191. 2236.  930. 2234. 2206.  963. 1853. 2227.  945. 1925. 2106. 1066.
 1913. 2237.  931. 2061. 2241.  922.]","[-17.347    4.768   64.133   -0.1221  -0.4883   0.      -0.0957  -0.3682
   0.9238]",113
297,1,"[[-2.35496767e-01 -3.09656737e-01  3.20343263e-01]
 [ 2.95286313e-01 -2.92241978e-01  3.37758022e-01]
 [ 2.00874876e-01 -3.00314925e-01  3.29685075e-01]
 [-2.87336449e-01  2.92727887e-01 -3.37272113e-01]
 [ 1.11745994e-01  7.94154999e-02 -5.50584500e-01]
 [-3.77917922e-04  3.06212837e-01 -3.23787163e-01]]","[2201. 2249.  922. 2235. 2238.  933. 1855. 2238.  933. 1975. 2099. 1072.
 1917. 2243.  928. 2048. 2247.  924.]","[2194. 2236.  930. 2233. 2206.  963. 1854. 2232.  940. 1936. 2104. 1067.
 1914. 2237.  931. 2059. 2241.  923.]","[-1.7353e+01  4.7630e+00  6.4111e+01  6.1000e-02  0.0000e+00 -7.9350e-01
 -1.1130e-01 -3.9700e-01  9.2140e-01]",113
298,1,"[[-0.23843876 -0.30966577  0.32033423]
 [ 0.29494503 -0.29234307  0.33765693]
 [ 0.1982029  -0.30046086  0.32953914]
 [-0.28655314  0.292843   -0.337157  ]
 [ 0.09021145  0.07926822 -0.55073178]
 [ 0.00395309  0.3063277  -0.3236723 ]]","[2203. 2249.  922. 2234. 2238.  933. 1855. 2238.  933. 1989. 2099. 1072.
 1918. 2243.  928. 2045. 2247.  924.]","[2196. 2236.  931. 2234. 2206.  963. 1853. 2235.  940. 1951. 2103. 1070.
 1916. 2237.  931. 2056. 2241.  923.]","[-1.7369e+01  4.7680e+00  6.4094e+01  6.1000e-02  1.2210e-01 -4.8830e-01
 -1.0350e-01 -3.8180e-01  9.2090e-01]",113
299,2,"[[-0.24132285 -0.30967237  0.32032763]
 [ 0.29458803 -0.292446    0.337554  ]
 [ 0.19549683 -0.30060642  0.32939358]
 [-0.28574521  0.29295993 -0.33704007]
 [ 0.06827327  0.07922381 -0.55077619]
 [ 0.00828651  0.30644094 -0.32355906]]","[2205. 2249.  922. 2234. 2238.  932. 1855. 2238.  933. 2003. 2099. 1072.
 1920. 2243.  928. 2042. 2247.  924.]","[2197. 2236.  931. 2233. 2206.  963. 1854. 2237.  938. 1962. 2102. 1070.
 1917. 2238.  931. 2054. 2241.  923.]","[-1.7380e+01  4.7790e+00  6.4094e+01  2.4410e-01  0.0000e+00  6.1000e-02
 -8.0100e-02 -3.5300e-01  9.4140e-01]",113
300,2,"[[-0.24414834 -0.30967682  0.32032318]
 [ 0.29421545 -0.29255072  0.33744928]
 [ 0.19275689 -0.30075159  0.32924841]
 [-0.28491246  0.29307862 -0.33692138]
 [ 0.04605556  0.07930055 -0.55069945]
 [ 0.01262142  0.30655255 -0.32344745]]","[2207. 2249.  922. 2233. 2239.  932. 1856. 2238.  933. 2017. 2099. 1072.
 1922. 2244.  927. 2039. 2247.  924.]","[2198. 2236.  930. 2233. 2206.  963. 1854. 2237.  936. 1975. 2102. 1070.
 1918. 2237.  930. 2052. 2241.  922.]","[-1.7386e+01  4.7850e+00  6.4094e+01  4.2720e-01  0.0000e+00  0.0000e+00
 -5.8100e-02 -3.1250e-01  9.4190e-01]",113
301,2,"[[-0.24691454 -0.30967906  0.32032094]
 [ 0.2938274  -0.29265716  0.33734284]
 [ 0.18998329 -0.30089634  0.32910366]
 [-0.28405467  0.29319901 -0.33680099]
 [ 0.02368064  0.0795138  -0.5504862 ]
 [ 0.0169569   0.3066625  -0.3233375 ]]","[2208. 2249.  922. 2233. 2239.  932. 1856. 2238.  933. 2032. 2099. 1072.
 1924. 2244.  927. 2036. 2247.  924.]","[2199. 2236.  930. 2232. 2206.  963. 1854. 2237.  935. 1988. 2101. 1071.
 1920. 2237.  930. 2050. 2241.  923.]","[-17.386    4.785   64.072    0.3662   0.1221  -0.4883  -0.0713  -0.2739
   0.9551]",113
302,2,"[[-0.24962078 -0.30966439  0.32033561]
 [ 0.29342398 -0.29276526  0.33723474]
 [ 0.18717629 -0.30104063  0.32895937]
 [-0.28317166  0.29332105 -0.33667895]
 [ 0.00126874  0.0798787  -0.5501213 ]
 [ 0.02129202  0.30677077 -0.32322923]]","[2210. 2249.  922. 2232. 2239.  932. 1856. 2238.  933. 2047. 2100. 1071.
 1925. 2244.  927. 2034. 2247.  923.]","[2201. 2236.  930. 2232. 2206.  963. 1855. 2238.  934. 2003. 2101. 1071.
 1922. 2237.  929. 2047. 2241.  922.]","[-17.386    4.785   64.045    0.1831   0.1221  -0.6104  -0.0938  -0.251
   0.9502]",113
303,2,"[[-0.2522664  -0.30957314  0.32042686]
 [ 0.29300532 -0.29287497  0.33712503]
 [ 0.18433611 -0.30118445  0.32881555]
 [-0.28226322  0.29344466 -0.33655534]
 [-0.02106235  0.08041084 -0.54958916]
 [ 0.02562587  0.30687734 -0.32312266]]","[2212. 2249.  922. 2232. 2239.  932. 1856. 2238.  933. 2061. 2100. 1071.
 1927. 2244.  927. 2031. 2248.  923.]","[2203. 2236.  930. 2231. 2206.  963. 1855. 2237.  934. 2018. 2102. 1070.
 1923. 2237.  929. 2044. 2241.  923.]","[-17.386    4.785   64.039    0.       0.      -0.2441  -0.0967  -0.25
   0.96  ]",113
304,2,"[[-0.25485077 -0.30940917  0.32059083]
 [ 0.29257152 -0.29298623  0.33701377]
 [ 0.18146304 -0.30132776  0.32867224]
 [-0.28132917  0.2935698  -0.3364302 ]
 [-0.04319745  0.08112649 -0.54887351]
 [ 0.02995752  0.30698219 -0.32301781]]","[2214. 2249.  922. 2231. 2239.  932. 1857. 2238.  932. 2076. 2100. 1071.
 1929. 2244.  927. 2028. 2248.  923.]","[2205. 2236.  930. 2230. 2206.  963. 1854. 2237.  933. 2033. 2102. 1070.
 1925. 2238.  929. 2041. 2241.  923.]","[-1.7386e+01  4.7850e+00  6.4039e+01 -1.2210e-01 -6.1000e-02  0.0000e+00
 -8.9800e-02 -2.6370e-01  9.6000e-01]",113
305,2,"[[-0.25737325 -0.30918318  0.32081682]
 [ 0.29212267 -0.29309898  0.33690102]
 [ 0.17855732 -0.30147054  0.32852946]
 [-0.2803693   0.29369641 -0.33630359]
 [-0.06502422  0.08204273 -0.54795727]
 [ 0.03428603  0.30708529 -0.32291471]]","[2215. 2249.  922. 2230. 2239.  932. 1857. 2239.  932. 2090. 2101. 1070.
 1931. 2244.  927. 2025. 2248.  923.]","[2207. 2236.  931. 2229. 2206.  963. 1855. 2238.  932. 2047. 2101. 1070.
 1928. 2237.  929. 2038. 2241.  923.]","[-1.7386e+01  4.7900e+00  6.4045e+01 -3.0520e-01 -1.2210e-01  6.1000e-02
 -9.2800e-02 -2.9390e-01  9.4870e-01]",113
306,2,"[[-0.25983323 -0.30889877  0.32110123]
 [ 0.29165887 -0.29321317  0.33678683]
 [ 0.17561925 -0.30161276  0.32838724]
 [-0.27938342  0.29382443 -0.33617557]
 [-0.08643335  0.08317749 -0.54682251]
 [ 0.03861047  0.30718662 -0.32281338]]","[2217. 2249.  922. 2230. 2239.  932. 1857. 2239.  932. 2104. 2102. 1069.
 1933. 2244.  927. 2022. 2248.  923.]","[2209. 2236.  931. 2229. 2206.  963. 1856. 2238.  933. 2061. 2102. 1070.
 1929. 2238.  929. 2035. 2241.  923.]","[-17.397    4.79    64.056   -0.3662  -0.1221   0.2441  -0.0791  -0.3174
   0.9453]",113
307,2,"[[-0.26223011 -0.30855901  0.32144099]
 [ 0.2911802  -0.29332874  0.33667126]
 [ 0.1726491  -0.3017544   0.3282456 ]
 [-0.27837134  0.29395381 -0.33604619]
 [-0.10731871  0.08454953 -0.54545047]
 [ 0.04292991  0.30728617 -0.32271383]]","[2218. 2249.  922. 2229. 2239.  932. 1858. 2239.  932. 2117. 2103. 1068.
 1935. 2244.  927. 2020. 2248.  923.]","[2211. 2236.  930. 2228. 2206.  963. 1856. 2238.  933. 2074. 2102. 1070.
 1931. 2238.  929. 2033. 2241.  923.]","[-1.7402e+01  4.7960e+00  6.4067e+01 -2.4410e-01 -6.1000e-02  2.4410e-01
 -7.2300e-02 -3.2910e-01  9.4040e-01]",113
308,2,"[[-0.26456332 -0.30816717  0.32183283]
 [ 0.29068677 -0.29344564  0.33655436]
 [ 0.16964719 -0.30189542  0.32810458]
 [-0.27733288  0.29408448 -0.33591552]
 [-0.12757746  0.08617847 -0.54382153]
 [ 0.04724342  0.30738392 -0.32261608]]","[2220. 2248.  923. 2228. 2239.  932. 1858. 2239.  932. 2131. 2104. 1067.
 1937. 2244.  927. 2017. 2248.  923.]","[2212. 2236.  930. 2227. 2206.  963. 1856. 2238.  933. 2090. 2102. 1069.
 1933. 2237.  928. 2030. 2241.  923.]","[-1.7408e+01  4.7960e+00  6.4067e+01 -6.1000e-02  0.0000e+00  6.1000e-02
 -7.6700e-02 -3.3590e-01  9.4430e-01]",113
309,2,"[[-0.26683228 -0.3077267   0.3222733 ]
 [ 0.29017864 -0.2935638   0.3364362 ]
 [ 0.16661381 -0.30203582  0.32796418]
 [-0.27626785  0.29421641 -0.33578359]
 [-0.1471102   0.08808469 -0.54191531]
 [ 0.05155005  0.30747983 -0.32252017]]","[2221. 2248.  923. 2228. 2239.  932. 1858. 2239.  932. 2143. 2105. 1066.
 1939. 2244.  927. 2014. 2248.  923.]","[2213. 2236.  931. 2226. 2206.  963. 1857. 2238.  932. 2103. 2103. 1068.
 1935. 2238.  928. 2028. 2241.  922.]","[-1.7413e+01  4.7960e+00  6.4072e+01  0.0000e+00  0.0000e+00  6.1000e-02
 -8.1500e-02 -3.2810e-01  9.4190e-01]",113
310,2,"[[-0.26903644 -0.30724122  0.32275878]
 [ 0.28965589 -0.29368319  0.33631681]
 [ 0.1635493  -0.30217555  0.32782445]
 [-0.27517607  0.29434952 -0.33565048]
 [-0.16582106  0.09028936 -0.53971064]
 [ 0.05584887  0.30757391 -0.32242609]]","[2223. 2248.  923. 2227. 2239.  932. 1859. 2239.  932. 2156. 2106. 1065.
 1941. 2244.  926. 2011. 2248.  923.]","[2214. 2236.  931. 2226. 2206.  963. 1857. 2238.  933. 2116. 2104. 1067.
 1937. 2238.  928. 2026. 2241.  923.]","[-17.419    4.796   64.067    0.       0.      -0.1221  -0.0757  -0.312
   0.9453]",113
311,2,"[[-0.27117527 -0.30671452  0.32328548]
 [ 0.2891186  -0.29380375  0.33619625]
 [ 0.16045398 -0.3023146   0.3276854 ]
 [-0.27405736  0.29448377 -0.33551623]
 [-0.18361786  0.09281433 -0.53718567]
 [ 0.06013894  0.30766612 -0.32233388]]","[2224. 2247.  924. 2226. 2239.  931. 1859. 2239.  932. 2167. 2108. 1063.
 1943. 2245.  926. 2008. 2248.  923.]","[2216. 2236.  930. 2225. 2206.  963. 1857. 2238.  933. 2130. 2105. 1067.
 1938. 2237.  928. 2023. 2241.  923.]","[-1.7424e+01  4.7900e+00  6.4056e+01  6.1000e-02  6.1000e-02 -2.4410e-01
 -8.9400e-02 -2.9980e-01  9.4730e-01]",113
312,2,"[[-0.27324826 -0.30615047  0.32384953]
 [ 0.28856683 -0.29392542  0.33607458]
 [ 0.1573282  -0.30245295  0.32754705]
 [-0.27291153  0.29461911 -0.33538089]
 [-0.20041218  0.09568209 -0.53431791]
 [ 0.06441932  0.30775645 -0.32224355]]","[2226. 2247.  924. 2225. 2240.  931. 1859. 2239.  932. 2178. 2110. 1061.
 1945. 2245.  926. 2006. 2248.  923.]","[2217. 2236.  931. 2224. 2206.  962. 1858. 2238.  933. 2142. 2107. 1065.
 1941. 2237.  928. 2020. 2241.  923.]","[-17.43     4.796   64.056    0.       0.       0.      -0.0884  -0.293
   0.9507]",113
313,2,"[[-0.27525489 -0.30555304  0.32444696]
 [ 0.28800065 -0.29404815  0.33595185]
 [ 0.1541723  -0.30259056  0.32740944]
 [-0.27173842  0.29475549 -0.33524451]
 [-0.21611952  0.0989157  -0.5310843 ]
 [ 0.06868906  0.30784488 -0.32215512]]","[2227. 2247.  924. 2225. 2240.  931. 1860. 2239.  932. 2188. 2112. 1059.
 1947. 2245.  926. 2003. 2248.  923.]","[2219. 2236.  931. 2223. 2206.  962. 1858. 2239.  933. 2154. 2108. 1063.
 1943. 2238.  927. 2018. 2241.  923.]","[-1.7430e+01  4.7960e+00  6.4056e+01  0.0000e+00  0.0000e+00 -6.1000e-02
 -8.9400e-02 -2.9350e-01  9.5210e-01]",113
314,2,"[[-0.27719467 -0.30492625  0.32507375]
 [ 0.28742011 -0.2941719   0.3358281 ]
 [ 0.15098664 -0.30272741  0.32727259]
 [-0.27053785  0.29489286 -0.33510714]
 [-0.23065944  0.10253869 -0.52746131]
 [ 0.07294723  0.3079314  -0.3220686 ]]","[2228. 2246.  925. 2224. 2240.  931. 1860. 2239.  932. 2198. 2114. 1057.
 1949. 2245.  926. 2000. 2248.  923.]","[2220. 2236.  931. 2223. 2206.  961. 1858. 2239.  933. 2166. 2110. 1061.
 1945. 2237.  927. 2015. 2241.  923.]","[-1.7430e+01  4.7900e+00  6.4056e+01 -6.1000e-02 -6.1000e-02  0.0000e+00
 -8.7400e-02 -2.9590e-01  9.4290e-01]",113
315,2,"[[-0.27906715 -0.30427413  0.32572587]
 [ 0.28682527 -0.29429661  0.33570339]
 [ 0.14777161 -0.30286348  0.32713652]
 [-0.26930965  0.29503116 -0.33496884]
 [-0.24395568  0.10657494 -0.52342506]
 [ 0.07719289  0.30801598 -0.32198402]]","[2229. 2246.  925. 2223. 2240.  931. 1861. 2239.  932. 2207. 2117. 1054.
 1951. 2245.  926. 1997. 2248.  923.]","[2221. 2236.  931. 2222. 2207.  961. 1859. 2238.  933. 2177. 2112. 1059.
 1946. 2238.  927. 2013. 2241.  923.]","[-1.7430e+01  4.7900e+00  6.4056e+01  0.0000e+00 -6.1000e-02 -6.1000e-02
 -7.5700e-02 -3.0470e-01  9.5800e-01]",113
316,2,"[[-0.28087186 -0.30360076  0.32639924]
 [ 0.28621617 -0.29442224  0.33557776]
 [ 0.14452758 -0.30299875  0.32700125]
 [-0.26805367  0.29517035 -0.33482965]
 [-0.2559364   0.11104862 -0.51895138]
 [ 0.08142508  0.30809862 -0.32190138]]","[2231. 2245.  926. 2222. 2240.  931. 1861. 2239.  932. 2214. 2120. 1051.
 1953. 2245.  926. 1994. 2248.  923.]","[2223. 2236.  932. 2221. 2206.  959. 1859. 2238.  934. 2187. 2114. 1058.
 1949. 2238.  928. 2010. 2241.  923.]","[-1.743e+01  4.790e+00  6.405e+01  0.000e+00 -1.221e-01 -6.100e-02
 -7.960e-02 -3.115e-01  9.434e-01]",113
317,2,"[[-0.28260836 -0.30291017  0.32708983]
 [ 0.28559287 -0.29454873  0.33545127]
 [ 0.14125494 -0.3031332   0.3268668 ]
 [-0.26676973  0.29531037 -0.33468963]
 [-0.26653432  0.11598403 -0.51401597]
 [ 0.08564289  0.30817929 -0.32182071]]","[2232. 2245.  926. 2221. 2240.  931. 1861. 2240.  931. 2221. 2123. 1048.
 1955. 2245.  926. 1992. 2248.  923.]","[2225. 2235.  933. 2221. 2206.  959. 1860. 2238.  934. 2196. 2117. 1054.
 1951. 2237.  927. 2008. 2241.  923.]","[-17.43     4.785   64.056    0.      -0.1831   0.1221  -0.0728  -0.3159
   0.9487]",113
318,2,"[[-0.28427623 -0.30220639  0.32779361]
 [ 0.28495539 -0.29467605  0.33532395]
 [ 0.1379541  -0.30326679  0.32673321]
 [-0.26545769  0.29545119 -0.33454881]
 [-0.275687    0.12140548 -0.50859452]
 [ 0.08984536  0.30825798 -0.32174202]]","[2233. 2245.  926. 2221. 2240.  931. 1862. 2240.  931. 2227. 2127. 1044.
 1958. 2245.  926. 1989. 2248.  923.]","[2227. 2235.  933. 2219. 2206.  958. 1860. 2239.  933. 2204. 2120. 1052.
 1952. 2237.  927. 2005. 2241.  923.]","[-1.7430e+01  4.7790e+00  6.4061e+01  6.1000e-02 -2.4410e-01  0.0000e+00
 -7.2300e-02 -3.0420e-01  9.4290e-01]",113
319,2,"[[-0.28587508 -0.3014934   0.3285066 ]
 [ 0.28430378 -0.29480413  0.33519587]
 [ 0.13462548 -0.30339952  0.32660048]
 [-0.26411739  0.29559276 -0.33440724]
 [-0.28333703  0.12733716 -0.50266284]
 [ 0.09403155  0.30833467 -0.32166533]]","[2234. 2244.  927. 2220. 2240.  931. 1862. 2240.  931. 2232. 2131. 1040.
 1960. 2245.  926. 1986. 2249.  922.]","[2228. 2235.  934. 2218. 2206.  958. 1860. 2239.  932. 2212. 2123. 1049.
 1954. 2238.  928. 2003. 2241.  923.]","[-17.43     4.768   64.061    0.      -0.1221   0.      -0.082   -0.3047
   0.9497]",113
320,2,"[[-0.2874045  -0.30077513  0.32922487]
 [ 0.28363807 -0.29493295  0.33506705]
 [ 0.13126949 -0.30353135  0.32646865]
 [-0.26274867  0.29573503 -0.33426497]
 [-0.28943237  0.13380296 -0.49619704]
 [ 0.09820053  0.30840935 -0.32159065]]","[2235. 2244.  927. 2219. 2240.  931. 1863. 2240.  931. 2236. 2135. 1036.
 1962. 2245.  926. 1983. 2249.  922.]","[2229. 2235.  934. 2218. 2207.  958. 1861. 2239.  932. 2219. 2127. 1045.
 1957. 2238.  927. 2000. 2241.  923.]","[-1.7430e+01  4.7630e+00  6.4061e+01  0.0000e+00 -6.1000e-02 -1.2210e-01
 -9.0300e-02 -3.0710e-01  9.4970e-01]",113
321,2,"[[-0.28886413 -0.30005545  0.32994455]
 [ 0.28295827 -0.29506244  0.33493756]
 [ 0.12788656 -0.30366226  0.32633774]
 [-0.2613514   0.29587795 -0.33412205]
 [-0.29392667  0.14082636 -0.48917364]
 [ 0.10235137  0.30848201 -0.32151799]]","[2236. 2243.  928. 2218. 2240.  931. 1863. 2240.  931. 2239. 2139. 1032.
 1964. 2245.  926. 1981. 2249.  922.]","[2231. 2235.  935. 2217. 2207.  959. 1861. 2239.  932. 2225. 2130. 1042.
 1959. 2237.  927. 1998. 2241.  922.]","[-1.7430e+01  4.7570e+00  6.4061e+01  0.0000e+00 -6.1000e-02 -6.1000e-02
 -8.7400e-02 -3.0660e-01  9.3850e-01]",113
322,2,"[[-0.29025362 -0.29933816  0.33066184]
 [ 0.28226442 -0.29519258  0.33480742]
 [ 0.12447715 -0.30379223  0.32620777]
 [-0.25992544  0.29602148 -0.33397852]
 [-0.29677956  0.14843021 -0.48156979]
 [ 0.10648313  0.30855263 -0.32144737]]","[2237. 2243.  928. 2217. 2240.  930. 1863. 2240.  931. 2241. 2144. 1027.
 1966. 2246.  925. 1978. 2249.  922.]","[2232. 2235.  935. 2216. 2207.  958. 1862. 2239.  933. 2230. 2134. 1038.
 1961. 2237.  928. 1995. 2241.  922.]","[-1.7430e+01  4.7570e+00  6.4056e+01  6.1000e-02 -6.1000e-02  0.0000e+00
 -8.3000e-02 -3.0960e-01  9.5360e-01]",113
323,2,"[[-0.29157262 -0.29862695  0.33137305]
 [ 0.28155653 -0.29532331  0.33467669]
 [ 0.12104171 -0.30392125  0.32607875]
 [-0.25847064  0.29616558 -0.33383442]
 [-0.29795102  0.15663657 -0.47336343]
 [ 0.11059487  0.3086212  -0.3213788 ]]","[2238. 2242.  929. 2216. 2241.  930. 1864. 2240.  931. 2242. 2150. 1021.
 1969. 2246.  925. 1975. 2249.  922.]","[2233. 2235.  935. 2215. 2207.  958. 1862. 2239.  932. 2234. 2138. 1035.
 1963. 2238.  927. 1993. 2241.  922.]","[-1.7430e+01  4.7520e+00  6.4056e+01  0.0000e+00 -1.2210e-01 -6.1000e-02
 -7.5700e-02 -3.0180e-01  9.4190e-01]",113
324,2,"[[-0.29282082 -0.29792548  0.33207452]
 [ 0.28083461 -0.29545459  0.33454541]
 [ 0.11758069 -0.30404928  0.32595072]
 [-0.25698688  0.2963102  -0.3336898 ]
 [-0.29786024  0.16546003 -0.46453997]
 [ 0.11468567  0.3086877  -0.3213123 ]]","[2238. 2242.  929. 2215. 2241.  930. 1864. 2240.  931. 2242. 2155. 1016.
 1971. 2246.  925. 1973. 2249.  922.]","[2234. 2235.  935. 2214. 2207.  958. 1863. 2239.  932. 2237. 2142. 1030.
 1965. 2238.  927. 1990. 2241.  922.]","[-1.7430e+01  4.7460e+00  6.4061e+01  0.0000e+00 -6.1000e-02  6.1000e-02
 -9.4700e-02 -3.1100e-01  9.4290e-01]",113
325,2,"[[-0.29399791 -0.29723726  0.33276274]
 [ 0.28009867 -0.29558639  0.33441361]
 [ 0.11409457 -0.30417632  0.32582368]
 [-0.25547402  0.2964553  -0.3335447 ]
 [-0.29769068  0.1746737  -0.4553263 ]
 [ 0.1187546   0.30875213 -0.32124787]]","[2239. 2241.  930. 2214. 2241.  930. 1865. 2240.  931. 2242. 2161. 1010.
 1973. 2246.  925. 1970. 2249.  922.]","[2234. 2235.  935. 2213. 2207.  958. 1863. 2239.  932. 2239. 2147. 1025.
 1967. 2237.  927. 1988. 2241.  922.]","[-1.7435e+01  4.7460e+00  6.4067e+01  0.0000e+00 -6.1000e-02  2.4410e-01
 -8.2000e-02 -3.0620e-01  9.4920e-01]",113
326,2,"[[-0.293174   -0.29783081  0.33216919]
 [ 0.28065684 -0.29550505  0.33449495]
 [ 0.11649949 -0.3041152   0.3258848 ]
 [-0.29764831  0.16209088 -0.46790912]
 [-0.29780906  0.16664769 -0.46335231]
 [ 0.11590082  0.30872033 -0.32127967]]","[2239. 2242.  929. 2242. 2153. 1018. 1865. 2240.  931. 2242. 2156. 1015.
 1972. 2246.  925. 1972. 2249.  922.]","[2235. 2234.  936. 2211. 2209.  958. 1864. 2238.  932. 2240. 2153. 1020.
 1968. 2238.  927. 1985. 2241.  922.]","[-1.7441e+01  4.7460e+00  6.4072e+01  0.0000e+00 -6.1000e-02  6.1000e-02
 -7.6200e-02 -3.0030e-01  9.5210e-01]",113
327,2,"[[-0.29433015 -0.29714461  0.33285539]
 [ 0.2799175  -0.29563696  0.33436304]
 [ 0.11300626 -0.30424152  0.32575848]
 [-0.29696694  0.17167932 -0.45832068]
 [-0.29764809  0.17588718 -0.45411282]
 [ 0.11996289  0.30878361 -0.32121639]]","[2239. 2241.  930. 2241. 2159. 1012. 1865. 2240.  931. 2242. 2162. 1009.
 1974. 2246.  925. 1969. 2249.  922.]","[2236. 2235.  936. 2216. 2194.  969. 1863. 2239.  932. 2241. 2155. 1017.
 1970. 2238.  927. 1984. 2241.  922.]","[-1.7441e+01  4.7460e+00  6.4078e+01  0.0000e+00 -6.1000e-02  0.0000e+00
 -8.1500e-02 -3.0570e-01  9.4780e-01]",113
328,2,"[[-0.29541482 -0.29647558  0.33352442]
 [ 0.27916414 -0.29576933  0.33423067]
 [ 0.10948856 -0.30436682  0.32563318]
 [-0.29624065  0.18169121 -0.44830879]
 [-0.29750032  0.18544196 -0.44455804]
 [ 0.1240019   0.3088448  -0.3211552 ]]","[2240. 2241.  930. 2241. 2166. 1005. 1866. 2240.  931. 2241. 2168. 1003.
 1976. 2246.  925. 1967. 2249.  922.]","[2237. 2235.  934. 2223. 2178.  984. 1864. 2238.  932. 2240. 2158. 1014.
 1969. 2238.  926. 1982. 2240.  922.]","[-1.7441e+01  4.7460e+00  6.4078e+01  0.0000e+00 -1.8310e-01  6.1000e-02
 -7.6700e-02 -3.0270e-01  9.5020e-01]",113
329,2,"[[-0.29642776 -0.29582705  0.33417295]
 [ 0.27839675 -0.29590211  0.33409789]
 [ 0.10594689 -0.30449106  0.32550894]
 [-0.29546928  0.19211928 -0.43788072]
 [-0.29734583  0.19533718 -0.43466282]
 [ 0.12801692  0.3089039  -0.3210961 ]]","[2241. 2240.  931. 2240. 2173.  998. 1866. 2240.  931. 2241. 2175.  996.
 1978. 2246.  925. 1964. 2249.  922.]","[2237. 2235.  931. 2226. 2170.  993. 1865. 2238.  933. 2241. 2162. 1010.
 1970. 2239.  927. 1980. 2241.  923.]","[-17.463    4.768   64.089   -2.1973   1.8921   1.4038  -0.2461  -0.2925
   0.6484]",113
330,2,"[[-0.29736871 -0.29520222  0.33479778]
 [ 0.27761533 -0.29603527  0.33396473]
 [ 0.10238176 -0.30461424  0.32538576]
 [-0.29465265  0.20295618 -0.42704382]
 [-0.29717436  0.20557308 -0.42442692]
 [ 0.13200704  0.30896088 -0.32103912]]","[2241. 2240.  931. 2240. 2180.  991. 1867. 2240.  930. 2241. 2182.  989.
 1981. 2246.  925. 1961. 2249.  922.]","[2239. 2235.  929. 2228. 2168.  998. 1867. 2241.  932. 2241. 2166. 1009.
 1972. 2240.  926. 1977. 2241.  924.]","[-17.639    4.938   64.16    -6.5308   3.9062   4.2114  -0.1953  -0.2324
   0.8711]",113
331,2,"[[-0.29823746 -0.2946042   0.3353958 ]
 [ 0.27681987 -0.29616876  0.33383124]
 [ 0.09879368 -0.30473632  0.32526368]
 [-0.29379063  0.21419454 -0.41580546]
 [-0.29698109  0.21614416 -0.41385584]
 [ 0.13597133  0.30901574 -0.32098426]]","[2242. 2240.  931. 2239. 2187.  984. 1867. 2241.  930. 2241. 2188.  983.
 1983. 2246.  925. 1959. 2249.  922.]","[2244. 2235.  929. 2229. 2169.  998. 1868. 2239.  931. 2241. 2171. 1003.
 1975. 2242.  925. 1974. 2241.  925.]","[-17.842    5.125   64.303   -4.1504   1.4038   4.9438  -0.0757  -0.3247
   1.2637]",113
332,2,"[[-0.29903378 -0.29403597  0.33596403]
 [ 0.27601036 -0.29630256  0.33369744]
 [ 0.09518319 -0.3048573   0.3251427 ]
 [-0.29288306  0.22582691 -0.40417309]
 [-0.29676386  0.22704356 -0.40295644]
 [ 0.13990889  0.30906847 -0.32093153]]","[2242. 2239.  932. 2238. 2195.  976. 1868. 2241.  930. 2241. 2196.  975.
 1985. 2246.  925. 1956. 2249.  922.]","[2245. 2234.  933. 2230. 2170.  996. 1868. 2239.  931. 2241. 2177.  997.
 1978. 2241.  923. 1972. 2241.  926.]","[-1.7946e+01  5.2400e+00  6.4418e+01 -2.3193e+00  1.4648e+00  2.0142e+00
  1.8600e-02 -2.3190e-01  1.0229e+00]",113
333,2,"[[-0.29975748 -0.2935004   0.3364996 ]
 [ 0.27518678 -0.29643661  0.33356339]
 [ 0.0915508  -0.30497715  0.32502285]
 [-0.29192983  0.23784581 -0.39215419]
 [-0.29652185  0.23826408 -0.39173592]
 [ 0.14381881  0.30911906 -0.32088094]]","[2243. 2239.  932. 2238. 2203.  968. 1868. 2241.  930. 2241. 2203.  968.
 1988. 2246.  925. 1954. 2249.  922.]","[2246. 2234.  934. 2230. 2173.  991. 1868. 2239.  931. 2241. 2182.  990.
 1986. 2241.  923. 1969. 2241.  926.]","[-1.7974e+01  5.2840e+00  6.4424e+01 -1.2210e-01  4.8830e-01 -9.7660e-01
  5.5700e-02 -2.8220e-01  9.5460e-01]",113
334,2,"[[-0.3004084  -0.29300023  0.33699977]
 [ 0.27434909 -0.2965709   0.3334291 ]
 [ 0.08789706 -0.30509585  0.32490415]
 [-0.2909308   0.25024373 -0.37975627]
 [-0.29625484  0.24979837 -0.38020163]
 [ 0.1477002   0.30916751 -0.32083249]]","[2243. 2239.  932. 2237. 2211.  960. 1869. 2241.  930. 2241. 2210.  961.
 1990. 2246.  925. 1951. 2249.  922.]","[2246. 2233.  935. 2229. 2177.  987. 1868. 2238.  931. 2240. 2185.  984.
 1987. 2241.  926. 1966. 2241.  925.]","[-1.7957e+01  5.2570e+00  6.4347e+01  1.8310e-01  1.8310e-01 -2.7466e+00
  2.9800e-02 -3.3150e-01  1.0117e+00]",113
335,2,"[[-0.30098637 -0.29253807  0.33746193]
 [ 0.27349728 -0.29670538  0.33329462]
 [ 0.08422252 -0.30521338  0.32478662]
 [-0.28988587  0.26301311 -0.36698689]
 [-0.29596292  0.26163904 -0.36836096]
 [ 0.15155214  0.30921379 -0.32078621]]","[2244. 2238.  933. 2236. 2219.  952. 1869. 2241.  930. 2240. 2218.  953.
 1993. 2246.  925. 1949. 2249.  922.]","[2245. 2232.  936. 2230. 2182.  983. 1869. 2239.  931. 2240. 2192.  977.
 1989. 2241.  927. 1963. 2241.  923.]","[-1.7930e+01  5.1800e+00  6.4243e+01  7.3240e-01 -5.4930e-01 -3.1128e+00
  5.4000e-03 -3.5010e-01  9.6040e-01]",113
336,2,"[[-0.30149129 -0.29211638  0.33788362]
 [ 0.27263132 -0.29684002  0.33315998]
 [ 0.08052775 -0.30532973  0.32467027]
 [-0.28879493  0.27614638 -0.35385362]
 [-0.2956463   0.27377867 -0.35622133]
 [ 0.15537376  0.30925791 -0.32074209]]","[2244. 2238.  933. 2236. 2228.  943. 1870. 2241.  930. 2240. 2226.  945.
 1995. 2247.  924. 1946. 2249.  922.]","[2245. 2231.  938. 2230. 2186.  978. 1869. 2238.  932. 2240. 2199.  971.
 1991. 2241.  928. 1960. 2241.  921.]","[-17.897    5.076   64.155    0.9155  -1.4648  -2.0142  -0.0771  -0.4097
   0.895 ]",113
337,2,"[[-0.30192312 -0.25567726  0.37432274]
 [ 0.27175117 -0.29697479  0.33302521]
 [ 0.0768133  -0.30544487  0.32455513]
 [-0.2876579   0.28963592 -0.34036408]
 [-0.29530525  0.28620984 -0.34379016]
 [ 0.15916417  0.30929985 -0.32070015]]","[2244. 2214.  957. 2235. 2236.  935. 1870. 2241.  930. 2240. 2234.  937.
 1997. 2247.  924. 1944. 2249.  922.]","[2245. 2229.  940. 2229. 2192.  974. 1870. 2238.  932. 2241. 2206.  964.
 1992. 2240.  928. 1958. 2241.  919.]","[-17.875    4.966   64.138    0.6104  -2.1362  -0.1221  -0.0952  -0.4243
   0.9204]",113
338,2,"[[-0.30228214 -0.21115888  0.41884112]
 [ 0.27085682 -0.29710964  0.33289036]
 [ 0.07307973 -0.30555879  0.32444121]
 [-0.2864747   0.29209598 -0.33790402]
 [-0.29494009  0.29206186 -0.33793814]
 [ 0.16292251  0.30933962 -0.32066038]]","[2245. 2185.  986. 2234. 2238.  933. 1871. 2241.  930. 2240. 2238.  933.
 2000. 2247.  924. 1941. 2249.  922.]","[2245. 2223.  946. 2230. 2198.  969. 1870. 2238.  932. 2242. 2213.  957.
 1993. 2240.  928. 1956. 2242.  918.]","[-17.853    4.867   64.177    1.1597  -2.2583   0.7935  -0.0889  -0.3965
   0.9302]",113
339,2,"[[-0.30256952 -0.17290841  0.45709159]
 [ 0.26994831 -0.29724456  0.33275544]
 [ 0.06932747 -0.30567148  0.32432852]
 [-0.28524523  0.29220232 -0.33779768]
 [-0.29455122  0.2921593  -0.3378407 ]
 [ 0.16664806  0.3093772  -0.3206228 ]]","[2245. 2160. 1011. 2233. 2238.  933. 1872. 2241.  930. 2240. 2238.  933.
 2002. 2247.  924. 1939. 2249.  922.]","[2245. 2210.  953. 2230. 2204.  963. 1871. 2238.  932. 2242. 2218.  951.
 1996. 2240.  928. 1953. 2242.  919.]","[-17.754    4.68    64.237    2.3193  -2.0752  -1.0986  -0.1108  -0.2754
   0.9688]",113
340,2,"[[-0.30278919 -0.14117241  0.48882759]
 [ 0.26902608 -0.29737951  0.33262049]
 [ 0.0655564  -0.3057829   0.3242171 ]
 [-0.28396936  0.29231117 -0.33768883]
 [-0.29413947  0.29225876 -0.33774124]
 [ 0.17034064  0.30941258 -0.32058742]]","[2245. 2140. 1031. 2233. 2238.  933. 1872. 2241.  930. 2239. 2238.  933.
 2005. 2247.  924. 1936. 2249.  922.]","[2244. 2194.  969. 2231. 2209.  959. 1872. 2238.  932. 2242. 2222.  947.
 1999. 2238.  928. 1950. 2242.  920.]","[-1.7672e+01  4.5650e+00  6.4182e+01  2.7466e+00 -2.3804e+00 -3.2349e+00
 -2.2900e-02 -2.1530e-01  9.1410e-01]",113
341,2,"[[-0.30294884 -0.11617095  0.51382905]
 [ 0.26809277 -0.29751446  0.33248554]
 [ 0.06176308 -0.30589305  0.32410695]
 [-0.28264656  0.29242245 -0.33757755]
 [-0.29370803  0.29236019 -0.33763981]
 [ 0.17400329  0.30944576 -0.32055424]]","[2245. 2123. 1048. 2232. 2238.  933. 1873. 2241.  930. 2239. 2238.  933.
 2007. 2247.  924. 1934. 2249.  922.]","[2243. 2183.  987. 2233. 2211.  955. 1873. 2235.  932. 2242. 2224.  945.
 2001. 2238.  928. 1946. 2243.  921.]","[-1.7611e+01  4.4110e+00  6.4061e+01  9.1550e-01 -2.8687e+00 -4.7607e+00
  2.5400e-02 -2.1190e-01  8.1350e-01]",113
342,2,"[[-0.30275167 -0.09807936  0.53192064]
 [ 0.26717169 -0.29764937  0.33235063]
 [ 0.05791396 -0.30600191  0.32399809]
 [-0.28127242  0.29253613 -0.33746387]
 [-0.29328285  0.29246352 -0.33753648]
 [ 0.17766733  0.30947674 -0.32052326]]","[2245. 2111. 1060. 2231. 2238.  933. 1873. 2242.  929. 2239. 2238.  933.
 2010. 2247.  924. 1932. 2249.  922.]","[2242. 2163. 1009. 2232. 2212.  954. 1875. 2234.  933. 2241. 2225.  943.
 2004. 2238.  930. 1942. 2245.  921.]","[-17.639    4.208   63.929   -1.9531  -4.3335  -4.3945  -0.2471  -0.2959
   0.9502]",113
343,2,"[[-0.30077274 -0.08685379  0.54314621]
 [ 0.2663005  -0.29778422  0.33221578]
 [ 0.05391487 -0.30610947  0.32389053]
 [-0.27982119  0.29265214 -0.33734786]
 [-0.29291769  0.29256869 -0.33743131]
 [ 0.18141224  0.30950551 -0.32049449]]","[2244. 2104. 1067. 2230. 2238.  933. 1874. 2242.  929. 2238. 2238.  933.
 2012. 2247.  924. 1929. 2249.  922.]","[2243. 2145. 1026. 2230. 2212.  954. 1875. 2234.  933. 2241. 2226.  942.
 2006. 2238.  930. 1939. 2246.  920.]","[-17.71     4.059   63.891   -1.6479  -2.7466   0.1831  -0.2329  -0.3394
   1.0376]",113
344,2,"[[-0.29677999 -0.0826116   0.5473884 ]
 [ 0.26543896 -0.29791898  0.33208102]
 [ 0.04974056 -0.30621575  0.32378425]
 [-0.27826222  0.29277045 -0.33722955]
 [-0.29259286  0.29267563 -0.33732437]
 [ 0.18524396  0.30953208 -0.32046792]]","[2241. 2101. 1070. 2229. 2238.  933. 1874. 2242.  929. 2238. 2238.  933.
 2015. 2247.  924. 1927. 2249.  922.]","[2244. 2130. 1041. 2230. 2212.  953. 1875. 2234.  933. 2240. 2226.  941.
 2008. 2238.  930. 1936. 2246.  921.]","[-1.7737e+01  4.0430e+00  6.3957e+01 -6.1000e-02 -3.0520e-01  2.1362e+00
 -3.9100e-02 -3.2030e-01  9.3020e-01]",113
345,2,"[[-0.29080192 -0.08575091  0.54424909]
 [ 0.26455497 -0.29805362  0.33194638]
 [ 0.04538799 -0.30632076  0.32367924]
 [-0.27657805  0.29289105 -0.33710895]
 [-0.2922894   0.29278427 -0.33721573]
 [ 0.18915236  0.30955644 -0.32044356]]","[2237. 2103. 1068. 2228. 2238.  933. 1875. 2242.  929. 2238. 2238.  933.
 2018. 2247.  924. 1924. 2249.  922.]","[2242. 2120. 1051. 2230. 2212.  954. 1876. 2234.  933. 2239. 2226.  941.
 2010. 2238.  930. 1934. 2246.  921.]","[-1.7743e+01  4.0590e+00  6.3973e+01 -3.0520e-01 -3.6620e-01 -2.4410e-01
 -5.4200e-02 -3.4470e-01  9.3070e-01]",113
346,2,"[[-0.28287853 -0.08808182  0.54191818]
 [ 0.26362977 -0.29818814  0.33181186]
 [ 0.04085659 -0.30642451  0.32357549]
 [-0.27475784  0.29301391 -0.33698609]
 [-0.29199779  0.29289454 -0.33710546]
 [ 0.19312802  0.3095786  -0.3204214 ]]","[2232. 2105. 1066. 2227. 2239.  932. 1876. 2242.  929. 2238. 2238.  933.
 2021. 2247.  924. 1922. 2249.  922.]","[2241. 2114. 1058. 2229. 2212.  954. 1876. 2234.  933. 2239. 2225.  941.
 2011. 2237.  931. 1931. 2247.  921.]","[-1.7759e+01  4.0700e+00  6.3951e+01 -6.1000e-02  1.2210e-01 -7.9350e-01
 -9.2800e-02 -3.5500e-01  9.7070e-01]",113
347,2,"[[-0.27306281 -0.08838305  0.54161695]
 [ 0.26265037 -0.29832252  0.33167748]
 [ 0.0361473  -0.30652701  0.32347299]
 [-0.27279372  0.29313899 -0.33686101]
 [-0.2917124   0.29300638 -0.33699362]
 [ 0.19716149  0.30959854 -0.32040146]]","[2226. 2105. 1066. 2225. 2239.  932. 1876. 2242.  929. 2238. 2239.  932.
 2024. 2247.  924. 1919. 2249.  922.]","[2240. 2112. 1061. 2228. 2212.  953. 1877. 2234.  933. 2239. 2226.  941.
 2012. 2238.  931. 1929. 2246.  921.]","[-1.7759e+01  4.0920e+00  6.3935e+01  1.8310e-01  3.6620e-01 -6.1000e-02
 -4.6400e-02 -3.2710e-01  9.0770e-01]",113
348,2,"[[-0.26142043 -0.08839845  0.54160155]
 [ 0.2616063  -0.29845674  0.33154326]
 [ 0.03126229 -0.30662827  0.32337173]
 [-0.27067924  0.29326628 -0.33673372]
 [-0.29142895  0.29311972 -0.33688028]
 [ 0.20124297  0.30961626 -0.32038374]]","[2218. 2105. 1066. 2224. 2239.  932. 1877. 2242.  929. 2237. 2239.  932.
 2027. 2247.  924. 1916. 2249.  922.]","[2236. 2109. 1063. 2227. 2212.  954. 1878. 2234.  933. 2239. 2226.  941.
 2014. 2238.  931. 1927. 2246.  921.]","[-17.77     4.098   63.946   -0.1221  -0.3662   0.1831  -0.0659  -0.3232
   0.9531]",113
349,2,"[[-0.24802927 -0.08838884  0.54161116]
 [ 0.26048822 -0.29859082  0.33140918]
 [ 0.02620472 -0.30672829  0.32327171]
 [-0.26840877  0.29339575 -0.33660425]
 [-0.29114348  0.29323451 -0.33676549]
 [ 0.20536224  0.30963176 -0.32036824]]","[2209. 2105. 1066. 2222. 2239.  932. 1878. 2242.  929. 2237. 2239.  932.
 2030. 2247.  924. 1914. 2249.  922.]","[2231. 2109. 1064. 2226. 2212.  953. 1878. 2234.  933. 2239. 2226.  941.
 2018. 2237.  930. 1924. 2246.  921.]","[-1.7770e+01  4.1030e+00  6.3957e+01  3.0520e-01 -6.1000e-02  3.6620e-01
 -6.7900e-02 -3.1350e-01  9.6340e-01]",113
350,2,"[[-0.23297892 -0.08839705  0.54160295]
 [ 0.25928735 -0.29872474  0.33127526]
 [ 0.02097872 -0.30682708  0.32317292]
 [-0.26597729  0.29352739 -0.33647261]
 [-0.29085192  0.29335067 -0.33664933]
 [ 0.20950866  0.30964502 -0.32035498]]","[2199. 2105. 1066. 2221. 2239.  932. 1878. 2242.  929. 2237. 2239.  932.
 2034. 2248.  923. 1911. 2249.  922.]","[2223. 2108. 1064. 2224. 2212.  953. 1879. 2234.  933. 2238. 2226.  941.
 2021. 2238.  931. 1922. 2246.  921.]","[-17.759    4.114   63.968    0.4272   0.1831   0.1221  -0.0752  -0.2891
   0.9409]",113
351,2,"[[-0.21637005 -0.08843399  0.54156601]
 [ 0.2579952  -0.29885851  0.33114149]
 [ 0.01558929 -0.30692465  0.32307535]
 [-0.26338024  0.29366115 -0.33633885]
 [-0.29054986  0.29346816 -0.33653184]
 [ 0.21367121  0.30965603 -0.32034397]]","[2189. 2105. 1066. 2219. 2239.  932. 1879. 2242.  929. 2237. 2239.  932.
 2037. 2248.  923. 1908. 2249.  922.]","[2215. 2108. 1065. 2222. 2212.  953. 1879. 2234.  933. 2238. 2226.  941.
 2023. 2238.  930. 1920. 2246.  921.]","[-17.748    4.125   63.962    0.2441   0.      -0.1221  -0.0801  -0.2705
   0.9541]",113
352,2,"[[-0.19831376 -0.08850715  0.54149285]
 [ 0.25660352 -0.29899213  0.33100787]
 [ 0.01004229 -0.30702098  0.32297902]
 [-0.26061361  0.29379704 -0.33620296]
 [-0.29023257  0.29358691 -0.33641309]
 [ 0.21783859  0.30966481 -0.32033519]]","[2177. 2105. 1066. 2217. 2239.  932. 1880. 2242.  929. 2237. 2239.  932.
 2041. 2248.  923. 1905. 2249.  922.]","[2206. 2108. 1065. 2221. 2212.  953. 1880. 2234.  933. 2237. 2226.  941.
 2027. 2237.  930. 1917. 2247.  922.]","[-1.7743e+01  4.1310e+00  6.3962e+01  0.0000e+00  6.1000e-02  0.0000e+00
 -8.4000e-02 -2.7490e-01  9.5750e-01]",113
353,2,"[[-0.17893085 -0.088625    0.541375  ]
 [ 0.2551043  -0.29912562  0.33087438]
 [ 0.0043444  -0.30711608  0.32288392]
 [-0.25767388  0.29393501 -0.33606499]
 [-0.28989494  0.29370687 -0.33629313]
 [ 0.22199926  0.30967142 -0.32032858]]","[2164. 2105. 1066. 2215. 2239.  932. 1881. 2242.  928. 2236. 2239.  932.
 2045. 2248.  923. 1903. 2249.  922.]","[2197. 2107. 1064. 2219. 2212.  953. 1882. 2234.  933. 2237. 2227.  941.
 2030. 2238.  931. 1914. 2246.  922.]","[-17.737    4.142   63.962    0.       0.       0.1221  -0.0737  -0.2891
   0.9438]",113
354,2,"[[-0.15835098 -0.08879768  0.54120232]
 [ 0.25348974 -0.29925897  0.33074103]
 [-0.00149694 -0.30720994  0.32279006]
 [-0.25455811  0.29407507 -0.33592493]
 [-0.28953155  0.293828   -0.336172  ]
 [ 0.22614153  0.30967605 -0.32032395]]","[2151. 2105. 1066. 2213. 2239.  932. 1882. 2243.  928. 2236. 2239.  932.
 2048. 2248.  923. 1900. 2249.  922.]","[2186. 2108. 1065. 2218. 2212.  953. 1882. 2234.  933. 2236. 2228.  941.
 2034. 2238.  930. 1911. 2247.  923.]","[-1.7732e+01  4.1470e+00  6.3973e+01 -1.2210e-01 -6.1000e-02  1.2210e-01
 -6.7400e-02 -3.0470e-01  9.5020e-01]",113
355,2,"[[-0.13671183 -0.08903705  0.54096295]
 [ 0.25175231 -0.29939221  0.33060779]
 [-0.00747356 -0.30730255  0.32269745]
 [-0.25126394  0.29421717 -0.33578283]
 [-0.28913668  0.29395024 -0.33604976]
 [ 0.23025368  0.30967887 -0.32032113]]","[2137. 2106. 1065. 2211. 2239.  932. 1883. 2243.  928. 2236. 2239.  932.
 2052. 2248.  923. 1897. 2249.  922.]","[2174. 2108. 1065. 2215. 2212.  953. 1884. 2234.  933. 2234. 2227.  941.
 2037. 2238.  931. 1909. 2246.  923.]","[-1.7732e+01  4.1470e+00  6.3973e+01 -6.1000e-02  0.0000e+00  0.0000e+00
 -6.3000e-02 -3.2370e-01  9.4820e-01]",113
356,2,"[[-0.11415813 -0.08935663  0.54064337]
 [ 0.24988475 -0.29952535  0.33047465]
 [-0.01357659 -0.30739391  0.32260609]
 [-0.24778964  0.29436131 -0.33563869]
 [-0.28870439  0.29407356 -0.33592644]
 [ 0.23432396  0.3096723  -0.3203277 ]]","[2122. 2106. 1065. 2209. 2239.  932. 1885. 2243.  928. 2236. 2239.  932.
 2056. 2248.  923. 1895. 2249.  922.]","[2161. 2108. 1064. 2213. 2212.  953. 1885. 2234.  933. 2234. 2227.  941.
 2041. 2238.  930. 1906. 2247.  923.]","[-17.732    4.153   63.973    0.       0.       0.      -0.064   -0.3291
   0.9438]",113
357,2,"[[-0.09084077 -0.0897715   0.5402285 ]
 [ 0.24788012 -0.29965841  0.33034159]
 [-0.01979655 -0.307484    0.322516  ]
 [-0.24413416  0.29450746 -0.33549254]
 [-0.28822848  0.29419791 -0.33580209]
 [ 0.23834076  0.30960471 -0.32039529]]","[2107. 2106. 1065. 2207. 2239.  931. 1886. 2243.  928. 2235. 2239.  932.
 2060. 2248.  923. 1892. 2249.  922.]","[2148. 2108. 1064. 2211. 2212.  952. 1886. 2234.  933. 2234. 2228.  940.
 2044. 2237.  930. 1904. 2246.  923.]","[-1.7732e+01  4.1530e+00  6.3973e+01  6.1000e-02  0.0000e+00  0.0000e+00
 -6.5900e-02 -3.2620e-01  9.4290e-01]",113
358,2,"[[-0.06691573 -0.09029819  0.53970181]
 [ 0.24573179 -0.29979139  0.33020861]
 [-0.02612336 -0.3075728   0.3224272 ]
 [-0.24029712  0.29465559 -0.33534441]
 [-0.28770257  0.29432327 -0.33567673]
 [ 0.24229262  0.30945901 -0.32054099]]","[2091. 2106. 1065. 2204. 2240.  931. 1887. 2243.  928. 2235. 2239.  932.
 2065. 2248.  923. 1890. 2249.  922.]","[2134. 2108. 1065. 2210. 2212.  953. 1887. 2234.  933. 2234. 2228.  940.
 2047. 2238.  930. 1901. 2246.  923.]","[-1.7732e+01  4.1580e+00  6.3973e+01  6.1000e-02  0.0000e+00  6.1000e-02
 -6.8400e-02 -3.2130e-01  9.3850e-01]",113
359,2,"[[-0.04254305 -0.09095459  0.53904541]
 [ 0.24343353 -0.29992433  0.33007567]
 [-0.03254641 -0.3076603   0.3223397 ]
 [-0.23627886  0.29480569 -0.33519431]
 [-0.28712016  0.2944496  -0.3355504 ]
 [ 0.24616833  0.30925071 -0.32074929]]","[2075. 2107. 1064. 2202. 2240.  931. 1889. 2243.  928. 2235. 2239.  932.
 2069. 2248.  923. 1887. 2249.  922.]","[2120. 2108. 1065. 2207. 2212.  952. 1890. 2234.  933. 2234. 2228.  940.
 2050. 2238.  931. 1899. 2246.  923.]","[-17.726    4.158   63.979    0.1221   0.       0.1221  -0.0654  -0.3135
   0.9507]",113
360,2,"[[-0.01788578 -0.09175985  0.53824015]
 [ 0.24097949 -0.30005724  0.32994276]
 [-0.03905461 -0.30774646  0.32225354]
 [-0.23208048  0.29495773 -0.33504227]
 [-0.28647458  0.29457688 -0.33542312]
 [ 0.24995702  0.30898375 -0.32101625]]","[2059. 2107. 1064. 2199. 2240.  931. 1890. 2243.  928. 2234. 2240.  931.
 2073. 2248.  923. 1885. 2249.  922.]","[2105. 2108. 1064. 2206. 2213.  952. 1891. 2234.  933. 2234. 2228.  940.
 2054. 2238.  931. 1896. 2246.  923.]","[-1.7721e+01  4.1580e+00  6.3979e+01  1.8310e-01  6.1000e-02  0.0000e+00
 -6.4900e-02 -3.0320e-01  9.5120e-01]",113
361,2,"[[ 0.00689114 -0.09273431  0.53726569]
 [ 0.23836425 -0.30019013  0.32980987]
 [-0.04563646 -0.30783128  0.32216872]
 [-0.22770381  0.29511168 -0.33488832]
 [-0.28575908  0.29470507 -0.33529493]
 [ 0.2536482   0.30866102 -0.32133898]]","[2043. 2108. 1063. 2196. 2240.  931. 1892. 2243.  928. 2234. 2240.  931.
 2077. 2248.  923. 1882. 2249.  922.]","[2089. 2108. 1064. 2204. 2212.  951. 1892. 2234.  933. 2233. 2229.  940.
 2058. 2238.  930. 1894. 2246.  923.]","[-1.7715e+01  4.1530e+00  6.3968e+01  2.4410e-01  6.1000e-02 -3.0520e-01
 -6.0100e-02 -3.0030e-01  9.5510e-01]",113
362,2,"[[ 0.03162196 -0.0938994   0.5361006 ]
 [ 0.23558283 -0.30032303  0.32967697]
 [-0.05228009 -0.30791471  0.32208529]
 [-0.22315147  0.29526752 -0.33473248]
 [-0.28496685  0.29483417 -0.33516583]
 [ 0.25723186  0.30828551 -0.32171449]]","[2027. 2109. 1062. 2193. 2240.  931. 1894. 2243.  928. 2233. 2240.  931.
 2082. 2248.  923. 1880. 2248.  922.]","[2073. 2108. 1064. 2203. 2213.  951. 1894. 2234.  933. 2232. 2229.  939.
 2061. 2238.  930. 1891. 2246.  923.]","[-17.71     4.153   63.951    0.1831   0.1221  -0.3662  -0.0718  -0.2988
   0.9482]",113
363,2,"[[ 0.05614124 -0.09527757  0.53472243]
 [ 0.23263077 -0.30045596  0.32954404]
 [-0.05897335 -0.30799674  0.32200326]
 [-0.21842684  0.29542521 -0.33457479]
 [-0.28409101  0.29496416 -0.33503584]
 [ 0.26069851  0.30786043 -0.32213957]]","[2011. 2110. 1061. 2190. 2240.  931. 1896. 2243.  928. 2233. 2240.  931.
 2086. 2248.  923. 1878. 2248.  923.]","[2057. 2109. 1063. 2200. 2213.  950. 1896. 2234.  933. 2232. 2230.  940.
 2065. 2238.  931. 1889. 2246.  923.]","[-1.7704e+01  4.1470e+00  6.3935e+01  6.1000e-02  0.0000e+00 -4.2720e-01
 -4.6400e-02 -3.0320e-01  9.4380e-01]",113
364,2,"[[ 0.08028497 -0.09689225  0.53310775]
 [ 0.2295041  -0.30058893  0.32941107]
 [-0.06570384 -0.30807734  0.32192266]
 [-0.21353408  0.29558472 -0.33441528]
 [-0.28312466  0.29509502 -0.33490498]
 [ 0.26403923  0.3073892  -0.3226108 ]]","[1995. 2111. 1060. 2187. 2240.  931. 1898. 2243.  928. 2232. 2240.  931.
 2090. 2248.  923. 1875. 2248.  923.]","[2042. 2109. 1062. 2198. 2213.  949. 1898. 2234.  933. 2232. 2230.  939.
 2068. 2238.  930. 1886. 2246.  924.]","[-1.7704e+01  4.1310e+00  6.3907e+01  6.1000e-02  0.0000e+00 -6.7140e-01
 -6.7400e-02 -3.1100e-01  9.5850e-01]",113
365,2,"[[ 0.10389162 -0.09876771  0.53123229]
 [ 0.22619941 -0.30072196  0.32927804]
 [-0.07245901 -0.30815646  0.32184354]
 [-0.20847812  0.29574602 -0.33425398]
 [-0.28206092  0.29522675 -0.33477325]
 [ 0.26724578  0.30687538 -0.32312462]]","[1980. 2112. 1059. 2183. 2240.  931. 1900. 2244.  927. 2231. 2240.  931.
 2095. 2248.  923. 1873. 2248.  923.]","[2026. 2110. 1061. 2194. 2213.  949. 1900. 2234.  933. 2232. 2229.  938.
 2072. 2238.  931. 1884. 2246.  924.]","[-17.693    4.131   63.88     0.3052   0.1831  -0.6104  -0.0874  -0.3154
   0.9478]",113
366,2,"[[ 0.12680329 -0.10092905  0.52907095]
 [ 0.22271387 -0.30085506  0.32914494]
 [-0.07922617 -0.30823407  0.32176593]
 [-0.20326465  0.29590908 -0.33409092]
 [-0.28089291  0.29535934 -0.33464066]
 [ 0.27031058  0.30632272 -0.32367728]]","[1965. 2113. 1058. 2180. 2240.  931. 1902. 2244.  927. 2231. 2240.  931.
 2099. 2248.  923. 1871. 2247.  924.]","[2010. 2111. 1060. 2192. 2213.  949. 1902. 2234.  933. 2231. 2230.  939.
 2076. 2238.  930. 1881. 2246.  924.]","[-17.688    4.131   63.869    0.1831   0.1221  -0.2441  -0.0811  -0.3047
   0.9302]",113
367,2,"[[ 0.14886671 -0.10340208  0.52659792]
 [ 0.21904525 -0.30098826  0.32901174]
 [-0.08599264 -0.30831014  0.32168986]
 [-0.19790011  0.29607384 -0.33392616]
 [-0.27961385  0.29549278 -0.33450722]
 [ 0.27322681  0.30573504 -0.32426496]]","[1950. 2115. 1056. 2177. 2241.  930. 1905. 2244.  927. 2230. 2240.  931.
 2104. 2248.  922. 1869. 2247.  924.]","[1994. 2112. 1059. 2188. 2213.  948. 1904. 2234.  933. 2230. 2230.  938.
 2081. 2238.  930. 1879. 2246.  924.]","[-1.7682e+01  4.1310e+00  6.3869e+01  6.1000e-02 -6.1000e-02  0.0000e+00
 -8.2500e-02 -3.0320e-01  9.4920e-01]",113
368,2,"[[ 0.16993428 -0.10621324  0.52378676]
 [ 0.21519196 -0.30112156  0.32887844]
 [-0.09274573 -0.30838462  0.32161538]
 [-0.19239166  0.29624028 -0.33375972]
 [-0.278217    0.29562707 -0.33437293]
 [ 0.27598841  0.30511627 -0.32488373]]","[1937. 2117. 1054. 2173. 2241.  930. 1907. 2244.  927. 2229. 2240.  931.
 2108. 2249.  922. 1868. 2246.  925.]","[1979. 2113. 1058. 2185. 2212.  948. 1906. 2234.  933. 2229. 2230.  938.
 2086. 2238.  930. 1877. 2246.  925.]","[-1.7682e+01  4.1310e+00  6.3875e+01  0.0000e+00 -6.1000e-02  1.8310e-01
 -6.2000e-02 -3.0270e-01  9.4580e-01]",113
369,2,"[[ 0.18986507 -0.10938949  0.52061051]
 [ 0.21115308 -0.30125497  0.32874503]
 [-0.09947286 -0.30845748  0.32154252]
 [-0.18674715  0.29640834 -0.33359166]
 [-0.27669578  0.29576222 -0.33423778]
 [ 0.27859017  0.30447042 -0.32552958]]","[1924. 2119. 1052. 2169. 2241.  930. 1910. 2244.  927. 2228. 2240.  931.
 2112. 2249.  922. 1866. 2246.  925.]","[1964. 2115. 1056. 2182. 2213.  947. 1908. 2234.  933. 2228. 2230.  937.
 2089. 2238.  930. 1875. 2245.  925.]","[-1.7688e+01  4.1250e+00  6.3885e+01 -1.2210e-01 -2.4410e-01  1.8310e-01
 -5.9100e-02 -3.1100e-01  9.5170e-01]",113
370,2,"[[ 0.20852576 -0.1129582   0.5170418 ]
 [ 0.20692835 -0.30138851  0.32861149]
 [-0.10616161 -0.30852868  0.32147132]
 [-0.18097512  0.29657798 -0.33342202]
 [-0.27504374  0.29589823 -0.33410177]
 [ 0.2810277   0.30380153 -0.32619847]]","[1912. 2121. 1050. 2165. 2241.  930. 1913. 2244.  927. 2227. 2240.  931.
 2117. 2249.  922. 1864. 2246.  925.]","[1950. 2117. 1054. 2179. 2213.  946. 1910. 2234.  933. 2228. 2230.  937.
 2093. 2238.  930. 1872. 2245.  925.]","[-1.7677e+01  4.1250e+00  6.3891e+01  1.8310e-01  0.0000e+00  1.2210e-01
 -5.4700e-02 -3.1100e-01  9.6040e-01]",113
371,2,"[[ 0.2257915  -0.11694703  0.51305297]
 [ 0.20251822 -0.30152218  0.32847782]
 [-0.11279979 -0.30859816  0.32140184]
 [-0.17508473  0.29674915 -0.33325085]
 [-0.27325465  0.29603509 -0.33396491]
 [ 0.28329748  0.30311366 -0.32688634]]","[1900. 2124. 1047. 2162. 2241.  930. 1915. 2244.  927. 2226. 2240.  930.
 2121. 2249.  922. 1863. 2245.  926.]","[1937. 2119. 1052. 2176. 2213.  946. 1914. 2234.  932. 2227. 2230.  937.
 2097. 2238.  930. 1870. 2245.  925.]","[-17.666    4.12    63.869    0.3662   0.1221  -0.5493  -0.064   -0.3086
   0.9468]",113
372,2,"[[ 0.24154681 -0.12138376  0.50861624]
 [ 0.19792387 -0.30165598  0.32834402]
 [-0.11937547 -0.30866589  0.32133411]
 [-0.16908572  0.2969218  -0.3330782 ]
 [-0.27132248  0.29617282 -0.33382718]
 [ 0.2853969   0.30241089 -0.32758911]]","[1890. 2127. 1044. 2158. 2241.  930. 1918. 2244.  927. 2224. 2241.  930.
 2125. 2249.  922. 1861. 2245.  926.]","[1924. 2121. 1050. 2172. 2213.  945. 1916. 2234.  932. 2226. 2230.  936.
 2102. 2238.  930. 1869. 2245.  926.]","[-17.655    4.12    63.842    0.2441   0.1831  -0.6714  -0.083   -0.3003
   0.9482]",113
373,2,"[[ 0.25568629 -0.12629616  0.50370384]
 [ 0.19314721 -0.30178992  0.32821008]
 [-0.1258771  -0.30873182  0.32126818]
 [-0.1629884   0.29709586 -0.33290414]
 [-0.2692415   0.29631142 -0.33368858]
 [ 0.28732422  0.30169728 -0.32830272]]","[1881. 2130. 1041. 2154. 2241.  930. 1922. 2244.  927. 2223. 2241.  930.
 2130. 2249.  922. 1860. 2244.  927.]","[1912. 2124. 1048. 2169. 2213.  945. 1918. 2234.  932. 2224. 2230.  936.
 2106. 2238.  930. 1866. 2244.  926.]","[-17.644    4.12    63.82     0.2441   0.1221  -0.4883  -0.0815  -0.2944
   0.9448]",113
374,2,"[[ 0.26811535 -0.13171182  0.49828818]
 [ 0.18819088 -0.301924    0.328076  ]
 [-0.13229351 -0.30879591  0.32120409]
 [-0.15680355  0.29727129 -0.33272871]
 [-0.26700628  0.2964509  -0.3335491 ]
 [ 0.28907863  0.30097689 -0.32902311]]","[1873. 2133. 1038. 2150. 2241.  930. 1925. 2244.  927. 2222. 2241.  930.
 2134. 2249.  922. 1859. 2244.  927.]","[1901. 2127. 1045. 2166. 2214.  945. 1922. 2234.  933. 2223. 2230.  936.
 2110. 2238.  930. 1864. 2245.  926.]","[-17.644    4.114   63.809    0.       0.      -0.3052  -0.0737  -0.2979
   0.9453]",113
375,2,"[[ 0.27875085 -0.13765794  0.49234206]
 [ 0.18305829 -0.30205821  0.32794179]
 [-0.13861403 -0.3088581   0.3211419 ]
 [-0.15054242  0.29744802 -0.33255198]
 [-0.26461175  0.29659127 -0.33340873]
 [ 0.2906602   0.30025368 -0.32974632]]","[1866. 2137. 1034. 2146. 2241.  930. 1928. 2244.  927. 2220. 2241.  930.
 2138. 2249.  922. 1858. 2243.  928.]","[1891. 2129. 1042. 2162. 2214.  945. 1925. 2234.  932. 2222. 2230.  936.
 2115. 2238.  930. 1863. 2244.  927.]","[-17.644    4.103   63.798    0.      -0.1831  -0.3052  -0.0742  -0.3047
   0.9585]",113
376,2,"[[ 0.28752162 -0.14416116  0.48583884]
 [ 0.17775358 -0.30219255  0.32780745]
 [-0.14482845 -0.30891835  0.32108165]
 [-0.14421664  0.29762599 -0.33237401]
 [-0.26205325  0.29673252 -0.33326748]
 [ 0.29206993  0.29953162 -0.33046838]]","[1860. 2141. 1029. 2142. 2242.  929. 1932. 2244.  926. 2218. 2241.  930.
 2142. 2249.  922. 1857. 2243.  928.]","[1882. 2132. 1039. 2159. 2214.  945. 1928. 2234.  932. 2220. 2230.  936.
 2119. 2238.  930. 1861. 2244.  927.]","[-1.7633e+01  4.1030e+00  6.3787e+01  1.2210e-01  6.1000e-02 -3.0520e-01
 -6.4900e-02 -3.0570e-01  9.4820e-01]",113
377,2,"[[ 0.29436903 -0.15124735  0.47875265]
 [ 0.17228165 -0.30232701  0.32767299]
 [-0.15092718 -0.30897662  0.32102338]
 [-0.13783817  0.29780513 -0.33219487]
 [-0.25932655  0.29687468 -0.33312532]
 [ 0.29330967  0.29881455 -0.33118545]]","[1856. 2146. 1025. 2137. 2242.  929. 1935. 2245.  926. 2217. 2241.  930.
 2146. 2249.  922. 1856. 2242.  929.]","[1874. 2136. 1035. 2155. 2214.  944. 1932. 2234.  932. 2218. 2230.  935.
 2123. 2238.  930. 1860. 2244.  927.]","[-17.633    4.103   63.77     0.       0.      -0.3662  -0.0693  -0.3174
   0.9482]",113
378,2,"[[ 0.29924725 -0.15894139  0.47105861]
 [ 0.16664812 -0.30246158  0.32753842]
 [-0.15690121 -0.30903285  0.32096715]
 [-0.13141922  0.29798536 -0.33201464]
 [-0.25642792  0.29701773 -0.33298227]
 [ 0.29438214  0.29810627 -0.33189373]]","[1852. 2151. 1020. 2133. 2242.  929. 1939. 2245.  926. 2215. 2241.  930.
 2150. 2249.  922. 1856. 2242.  929.]","[1867. 2140. 1032. 2151. 2213.  944. 1935. 2234.  931. 2217. 2230.  935.
 2127. 2238.  930. 1858. 2243.  929.]","[-1.7633e+01  4.1030e+00  6.3754e+01  6.1000e-02  6.1000e-02 -3.6620e-01
 -5.4200e-02 -3.1640e-01  9.5210e-01]",113
379,2,"[[ 0.30212355 -0.16726695  0.46273305]
 [ 0.16085935 -0.30259623  0.32740377]
 [-0.16274219 -0.30908701  0.32091299]
 [-0.12497225  0.29816662 -0.33183338]
 [-0.25335416  0.2971617  -0.3328383 ]
 [ 0.2952909   0.29741046 -0.33258954]]","[1851. 2157. 1014. 2129. 2242.  929. 1943. 2245.  926. 2213. 2241.  930.
 2154. 2249.  922. 1855. 2241.  930.]","[1862. 2145. 1027. 2147. 2213.  943. 1939. 2234.  932. 2215. 2230.  935.
 2131. 2238.  930. 1857. 2243.  929.]","[-17.628    4.098   63.737    0.1831   0.1831  -0.6104  -0.0645  -0.3159
   0.9521]",113
380,2,"[[ 0.3029851  -0.17624628  0.45375372]
 [ 0.15492483 -0.30273097  0.32726903]
 [-0.16844485 -0.30913903  0.32086097]
 [-0.11850971  0.29834883 -0.33165117]
 [-0.25010507  0.29730658 -0.33269342]
 [ 0.29604262  0.29673071 -0.33326929]]","[1850. 2162. 1009. 2125. 2242.  929. 1947. 2245.  926. 2211. 2241.  930.
 2157. 2249.  922. 1855. 2241.  930.]","[1857. 2150. 1022. 2144. 2214.  942. 1941. 2234.  931. 2213. 2230.  935.
 2136. 2238.  930. 1856. 2242.  929.]","[-17.628    4.098   63.71     0.2441   0.1831  -0.6104  -0.0693  -0.312
   0.9409]",113
381,2,"[[ 0.30286719 -0.18585272  0.44414728]
 [ 0.14890501 -0.30286575  0.32713425]
 [-0.17405727 -0.30918889  0.32081111]
 [-0.11203383  0.29853192 -0.33146808]
 [-0.24673624  0.29745238 -0.33254762]
 [ 0.29668868  0.2960705  -0.3339295 ]]","[1850. 2169. 1002. 2121. 2242.  929. 1950. 2245.  926. 2208. 2241.  930.
 2161. 2249.  922. 1854. 2241.  930.]","[1854. 2154. 1017. 2140. 2214.  942. 1946. 2234.  931. 2212. 2230.  935.
 2140. 2238.  930. 1856. 2242.  929.]","[-17.617    4.098   63.682    0.2441   0.1221  -0.6104  -0.0679  -0.3027
   0.9448]",113
382,2,"[[ 0.302675   -0.19577852  0.43422148]
 [ 0.14284128 -0.30300056  0.32699944]
 [-0.17961468 -0.30923654  0.32076346]
 [-0.10552301  0.2987158  -0.3312842 ]
 [-0.24329611  0.29759907 -0.33240093]
 [ 0.2972472   0.29543317 -0.33456683]]","[1850. 2175.  996. 2116. 2242.  929. 1954. 2245.  926. 2206. 2242.  929.
 2165. 2249.  922. 1854. 2240.  931.]","[1852. 2160. 1012. 2136. 2214.  942. 1949. 2234.  931. 2210. 2230.  935.
 2144. 2238.  930. 1855. 2242.  929.]","[-17.611    4.092   63.66     0.1831   0.1221  -0.6104  -0.0742  -0.3008
   0.9526]",113
383,2,"[[ 0.30241843 -0.20603603  0.42396397]
 [ 0.13672539 -0.30313534  0.32686466]
 [-0.18510174 -0.30928196  0.32071804]
 [-0.09896192  0.29890044 -0.33109956]
 [-0.23978126  0.29774663 -0.33225337]
 [ 0.29769131  0.29482195 -0.33517805]]","[1850. 2182.  989. 2112. 2242.  929. 1958. 2245.  926. 2204. 2242.  929.
 2168. 2249.  922. 1853. 2240.  931.]","[1851. 2165. 1007. 2133. 2214.  942. 1953. 2234.  931. 2206. 2230.  934.
 2146. 2238.  930. 1855. 2241.  930.]","[-17.606    4.087   63.638    0.1221   0.1221  -0.4272  -0.0703  -0.2969
   0.9478]",113
384,2,"[[ 0.30209146 -0.21664701  0.41335299]
 [ 0.13055239 -0.30327006  0.32672994]
 [-0.19050549 -0.3093251   0.3206749 ]
 [-0.09234532  0.29908576 -0.33091424]
 [-0.23618775  0.29789502 -0.33210498]
 [ 0.29800945  0.2942399  -0.3357601 ]]","[1851. 2189.  982. 2108. 2242.  928. 1962. 2245.  926. 2201. 2242.  929.
 2172. 2249.  922. 1853. 2239.  932.]","[1851. 2173.  999. 2128. 2214.  941. 1958. 2234.  931. 2204. 2230.  934.
 2150. 2238.  930. 1853. 2241.  930.]","[-17.606    4.087   63.616    0.       0.      -0.3662  -0.0713  -0.2988
   0.9448]",113
385,2,"[[ 0.30169202 -0.22761238  0.40238762]
 [ 0.12432183 -0.30340466  0.32659534]
 [-0.19581759 -0.30936591  0.32063409]
 [-0.08567298  0.29927169 -0.33072831]
 [-0.23251443  0.29804419 -0.33195581]
 [ 0.29819441  0.29368994 -0.33631006]]","[1851. 2196.  975. 2103. 2243.  928. 1966. 2245.  926. 2199. 2242.  929.
 2175. 2249.  922. 1853. 2239.  932.]","[1851. 2177. 1000. 2125. 2214.  941. 1961. 2234.  930. 2202. 2230.  934.
 2154. 2238.  930. 1853. 2240.  931.]","[-17.606    4.081   63.605    0.       0.      -0.2441  -0.0737  -0.3027
   0.9512]",113
386,2,"[[ 0.30121956 -0.23892862  0.39107138]
 [ 0.11803553 -0.3035391   0.3264609 ]
 [-0.20103233 -0.30940437  0.32059563]
 [-0.07894691  0.29945818 -0.33054182]
 [-0.22876169  0.29819412 -0.33180588]
 [ 0.29726153  0.29317436 -0.33682564]]","[1851. 2203.  968. 2099. 2243.  928. 1971. 2245.  926. 2197. 2242.  929.
 2179. 2249.  922. 1854. 2239.  932.]","[1851. 2179.  993. 2120. 2214.  941. 1965. 2234.  930. 2200. 2230.  933.
 2157. 2238.  931. 1853. 2240.  931.]","[-1.7600e+01  4.0810e+00  6.3594e+01  6.1000e-02  6.1000e-02 -1.2210e-01
 -7.5200e-02 -3.0860e-01  9.6240e-01]",113
387,2,"[[ 0.30067401 -0.25059127  0.37940873]
 [ 0.11169634 -0.30367333  0.32632667]
 [-0.20614532 -0.30944042  0.32055958]
 [-0.0721701   0.29964515 -0.33035485]
 [-0.22493069  0.29834476 -0.33165524]
 [ 0.29403764  0.29269362 -0.33730638]]","[1851. 2211.  960. 2095. 2243.  928. 1975. 2245.  926. 2194. 2242.  929.
 2182. 2249.  922. 1856. 2238.  933.]","[1852. 2185.  985. 2116. 2214.  941. 1969. 2234.  930. 2197. 2230.  934.
 2161. 2238.  930. 1852. 2239.  931.]","[-1.7595e+01  4.0870e+00  6.3589e+01  2.4410e-01  3.0520e-01  6.1000e-02
 -7.6700e-02 -3.1590e-01  9.4090e-01]",113
388,2,"[[ 0.30005546 -0.26259566  0.36740434]
 [ 0.10530756 -0.3038073   0.3261927 ]
 [-0.21115281 -0.30947403  0.32052597]
 [-0.06534598  0.29983253 -0.33016747]
 [-0.22102289  0.29849607 -0.33150393]
 [ 0.28848456  0.29225183 -0.33774817]]","[1852. 2219.  952. 2090. 2243.  928. 1979. 2246.  925. 2192. 2242.  929.
 2185. 2249.  922. 1859. 2238.  933.]","[1852. 2191.  979. 2112. 2214.  941. 1972. 2235.  929. 2195. 2230.  934.
 2166. 2238.  930. 1853. 2239.  932.]","[-17.584    4.103   63.589    0.3662   0.3662   0.      -0.0645  -0.3149
   0.9648]",113
389,2,"[[ 0.29936405 -0.27493698  0.35506302]
 [ 0.09887264 -0.30394097  0.32605903]
 [-0.21605139 -0.30950517  0.32049483]
 [-0.05847819  0.30002025 -0.32997975]
 [-0.21703995  0.29864801 -0.33135199]
 [ 0.28060972  0.2709371  -0.3590629 ]]","[1852. 2227.  944. 2086. 2243.  928. 1983. 2246.  925. 2189. 2242.  929.
 2188. 2249.  922. 1865. 2224.  947.]","[1853. 2197.  973. 2107. 2214.  941. 1976. 2236.  928. 2192. 2230.  934.
 2170. 2238.  930. 1854. 2238.  933.]","[-17.556    4.131   63.583    1.5259   1.709    0.3662  -0.0732  -0.3174
   0.9746]",113
390,2,"[[ 0.29859994 -0.28761036  0.34238964]
 [ 0.09239515 -0.30407429  0.32592571]
 [-0.22083781 -0.30953381  0.32046619]
 [-0.05157051  0.30020825 -0.32979175]
 [-0.21298356  0.29880055 -0.33119945]
 [ 0.27045218  0.22351005 -0.40648995]]","[1853. 2235.  936. 2081. 2243.  928. 1987. 2246.  925. 2186. 2242.  929.
 2191. 2249.  922. 1871. 2193.  978.]","[1853. 2202.  966. 2104. 2214.  941. 1979. 2238.  928. 2190. 2230.  934.
 2173. 2238.  929. 1857. 2236.  936.]","[-1.7501e+01  4.1970e+00  6.3567e+01  1.4648e+00  1.6479e+00 -6.7140e-01
 -3.7100e-02 -2.9200e-01  9.2920e-01]",113
391,2,"[[ 0.29776333 -0.29207451  0.33792549]
 [ 0.08587866 -0.3042072   0.3257928 ]
 [-0.22550892 -0.3095599   0.3204401 ]
 [-0.04462676  0.30039644 -0.32960356]
 [-0.20885548  0.29895364 -0.33104636]
 [ 0.25807828  0.1822328  -0.4477672 ]]","[1853. 2238.  933. 2077. 2243.  928. 1992. 2246.  925. 2184. 2242.  929.
 2195. 2249.  922. 1879. 2166. 1005.]","[1854. 2211.  958. 2098. 2215.  941. 1985. 2240.  928. 2186. 2230.  933.
 2179. 2238.  928. 1862. 2220.  952.]","[-17.446    4.252   63.517    1.1597   2.0142  -0.6104  -0.1016  -0.3213
   0.9961]",113
392,2,"[[ 0.2968544  -0.29217443  0.33782557]
 [ 0.07932677 -0.30433967  0.32566033]
 [-0.23006168 -0.30958341  0.32041659]
 [-0.03765082  0.30058475 -0.32941525]
 [-0.20465747  0.29910723 -0.33089277]
 [ 0.24357928  0.14733172 -0.48266828]]","[1854. 2238.  933. 2072. 2243.  928. 1996. 2246.  925. 2181. 2242.  928.
 2197. 2249.  922. 1889. 2144. 1027.]","[1855. 2214.  954. 2095. 2215.  941. 1987. 2241.  927. 2185. 2230.  934.
 2183. 2238.  928. 1865. 2209.  963.]","[-1.7402e+01  4.3230e+00  6.3474e+01  1.7090e+00  2.1973e+00 -3.0520e-01
 -4.1000e-02 -2.9200e-01  9.7170e-01]",113
393,2,"[[ 0.29587339 -0.29227672  0.33772328]
 [ 0.07274305 -0.30447164  0.32552836]
 [-0.23449309 -0.30960431  0.32039569]
 [-0.03064663  0.30077311 -0.32922689]
 [-0.20039132  0.2992613  -0.3307387 ]
 [ 0.2270696   0.11899927 -0.51100073]]","[1855. 2238.  933. 2067. 2244.  927. 2000. 2246.  925. 2178. 2243.  928.
 2200. 2249.  922. 1899. 2125. 1046.]","[1855. 2219.  950. 2091. 2217.  941. 1990. 2243.  927. 2182. 2230.  933.
 2186. 2238.  927. 1873. 2189.  984.]","[-1.7303e+01  4.4110e+00  6.3424e+01  3.2959e+00  2.9907e+00 -6.7140e-01
 -5.7100e-02 -3.1400e-01  9.6440e-01]",113
394,2,"[[ 0.29482054 -0.29238136  0.33761864]
 [ 0.0661311  -0.30460306  0.32539694]
 [-0.23880024 -0.30962258  0.32037742]
 [-0.02361816  0.30096146 -0.32903854]
 [-0.19605882  0.29941578 -0.33058422]
 [ 0.20868525  0.09739314 -0.53260686]]","[1855. 2238.  933. 2063. 2244.  927. 2004. 2246.  925. 2175. 2243.  928.
 2203. 2249.  922. 1911. 2111. 1060.]","[1855. 2220.  947. 2086. 2219.  941. 1994. 2244.  926. 2179. 2230.  933.
 2191. 2238.  927. 1883. 2169. 1004.]","[-17.177    4.499   63.358    3.479    2.5635  -0.7935  -0.0835  -0.3149
   0.8872]",113
395,2,"[[ 0.29369609 -0.29248829  0.33751171]
 [ 0.05949448 -0.30473389  0.32526611]
 [-0.24298027 -0.30963817  0.32036183]
 [-0.01656941  0.3011497  -0.3288503 ]
 [-0.19166179  0.29957065 -0.33042935]
 [ 0.18858207  0.08263539 -0.54736461]]","[1856. 2238.  933. 2058. 2244.  927. 2009. 2246.  925. 2172. 2243.  928.
 2206. 2249.  922. 1925. 2101. 1070.]","[1856. 2221.  946. 2082. 2219.  941. 1997. 2244.  927. 2176. 2230.  933.
 2193. 2238.  927. 1891. 2150. 1023.]","[-1.7089e+01  4.5540e+00  6.3325e+01  1.2817e+00  9.1550e-01  6.1000e-02
 -1.0500e-01 -3.0030e-01  9.1600e-01]",113
396,2,"[[ 0.29250032 -0.29259748  0.33740252]
 [ 0.05283676 -0.30486406  0.32513594]
 [-0.2470304  -0.30965106  0.32034894]
 [-0.00950442  0.30133777 -0.32866223]
 [-0.18720205  0.29972586 -0.33027414]
 [ 0.16693366  0.07481186 -0.55518814]]","[1857. 2238.  933. 2054. 2244.  927. 2013. 2246.  925. 2170. 2243.  928.
 2209. 2249.  922. 1939. 2096. 1075.]","[1856. 2221.  945. 2076. 2220.  942. 2002. 2245.  926. 2172. 2230.  932.
 2198. 2238.  927. 1905. 2130. 1044.]","[-17.067    4.576   63.336    0.3662   0.       0.6714  -0.082   -0.2856
   0.938 ]",113
397,2,"[[ 0.29123352 -0.2927089   0.3372911 ]
 [ 0.04616147 -0.30499354  0.32500646]
 [-0.25094791 -0.30966125  0.32033875]
 [-0.00242726  0.30152559 -0.32847441]
 [-0.18268142  0.29988136 -0.33011864]
 [ 0.14392911  0.07401306 -0.55598694]]","[1858. 2238.  933. 2049. 2244.  927. 2017. 2246.  925. 2167. 2243.  928.
 2211. 2249.  922. 1954. 2096. 1075.]","[1857. 2221.  945. 2073. 2220.  941. 2004. 2245.  926. 2170. 2230.  932.
 2200. 2238.  927. 1913. 2121. 1051.]","[-17.045    4.581   63.353    0.7324   0.1221   0.3662  -0.0918  -0.2949
   0.9346]",113
398,2,"[[ 0.289896   -0.29282249  0.33717751]
 [ 0.03947215 -0.30512227  0.32487773]
 [-0.25473015 -0.30966876  0.32033124]
 [ 0.00465798  0.30171308 -0.32828692]
 [-0.17810174  0.30003712 -0.32996288]
 [ 0.11977045  0.07764908 -0.55235092]]","[1859. 2238.  933. 2044. 2244.  927. 2022. 2246.  925. 2164. 2243.  928.
 2214. 2249.  922. 1969. 2098. 1073.]","[1857. 2222.  944. 2069. 2220.  941. 2007. 2245.  926. 2168. 2230.  933.
 2202. 2238.  927. 1926. 2113. 1060.]","[-17.029    4.592   63.364    0.4883   0.1221   0.1221  -0.0947  -0.311
   0.9312]",113
399,2,"[[ 0.28848809 -0.29293822  0.33706178]
 [ 0.03277231 -0.3052502   0.3247498 ]
 [-0.25837455 -0.3096738   0.3203262 ]
 [ 0.01174719  0.30190017 -0.32809983]
 [-0.17346486  0.30019308 -0.32980692]
 [ 0.09466996  0.07775456 -0.55224544]]","[1859. 2238.  933. 2040. 2244.  927. 2026. 2246.  924. 2161. 2243.  928.
 2216. 2249.  922. 1986. 2098. 1073.]","[1859. 2222.  943. 2064. 2220.  941. 2011. 2245.  926. 2164. 2230.  933.
 2205. 2238.  927. 1940. 2108. 1065.]","[-1.7029e+01  4.5980e+00  6.3364e+01 -1.8310e-01 -6.1000e-02  0.0000e+00
 -9.1800e-02 -2.9150e-01  9.5070e-01]",113
400,2,"[[ 0.28701012 -0.29305604  0.33694396]
 [ 0.02606543 -0.30537729  0.32462271]
 [-0.26187861 -0.30967663  0.32032337]
 [ 0.01883623  0.30208679 -0.32791321]
 [-0.16877264  0.30034921 -0.32965079]
 [ 0.06884727  0.07745892 -0.55254108]]","[1860. 2239.  932. 2035. 2244.  927. 2031. 2247.  924. 2158. 2243.  928.
 2218. 2249.  922. 2003. 2098. 1073.]","[1859. 2222.  943. 2060. 2220.  941. 2016. 2245.  926. 2162. 2230.  933.
 2208. 2238.  927. 1955. 2106. 1068.]","[-17.034    4.598   63.369    0.       0.       0.1831  -0.0757  -0.2817
   0.9609]",113
401,2,"[[ 0.28546245 -0.29317592  0.33682408]
 [ 0.01935497 -0.30550347  0.32449653]
 [-0.26523993 -0.30966873  0.32033127]
 [ 0.02592094  0.30227284 -0.32772716]
 [-0.16402692  0.30050545 -0.32949455]
 [ 0.04252646  0.07720654 -0.55279346]]","[1861. 2239.  932. 2031. 2245.  926. 2035. 2247.  924. 2154. 2243.  928.
 2220. 2249.  922. 2020. 2098. 1073.]","[1861. 2223.  942. 2054. 2220.  941. 2022. 2246.  925. 2157. 2230.  932.
 2209. 2238.  927. 1976. 2103. 1070.]","[-1.7029e+01  4.6090e+00  6.3380e+01  3.0520e-01  0.0000e+00  4.2720e-01
 -6.3000e-02 -2.9690e-01  9.5070e-01]",113
402,2,"[[ 0.28384546 -0.29329781  0.33670219]
 [ 0.01264438 -0.3056287   0.3243713 ]
 [-0.26845616 -0.30959487  0.32040513]
 [ 0.03299716  0.30245826 -0.32754174]
 [-0.15922957  0.30066176 -0.32933824]
 [ 0.01593322  0.07708252 -0.55291748]]","[1862. 2239.  932. 2026. 2245.  926. 2039. 2247.  924. 2151. 2244.  927.
 2223. 2249.  922. 2037. 2098. 1073.]","[1862. 2223.  941. 2050. 2220.  941. 2028. 2246.  925. 2154. 2230.  933.
 2212. 2238.  927. 1992. 2102. 1071.]","[-17.023    4.614   63.397    0.1221   0.       0.4272  -0.0767  -0.3052
   0.957 ]",113
403,2,"[[ 0.28215955 -0.29342166  0.33657834]
 [ 0.00593707 -0.30575293  0.32424707]
 [-0.27152506 -0.30944139  0.32055861]
 [ 0.04006072  0.30264298 -0.32735702]
 [-0.15438247  0.30081811 -0.32918189]
 [-0.01070804  0.07712018 -0.55287982]]","[1864. 2239.  932. 2021. 2245.  926. 2044. 2247.  924. 2148. 2244.  927.
 2225. 2249.  922. 2054. 2098. 1073.]","[1863. 2223.  941. 2047. 2220.  941. 2030. 2245.  925. 2152. 2230.  933.
 2214. 2238.  927. 2004. 2102. 1072.]","[-1.7018e+01  4.6140e+00  6.3413e+01  6.1000e-02  0.0000e+00  4.8830e-01
 -8.9800e-02 -3.0180e-01  9.4480e-01]",113
404,2,"[[ 0.28040512 -0.29354744  0.33645256]
 [-0.00076357 -0.30587611  0.32412389]
 [-0.27444446 -0.30922308  0.32077692]
 [ 0.04710743  0.3028269  -0.3271731 ]
 [-0.14948749  0.30097443 -0.32902557]
 [-0.03717685  0.07734471 -0.55265529]]","[1865. 2239.  932. 2017. 2245.  926. 2048. 2247.  924. 2145. 2244.  927.
 2226. 2249.  922. 2072. 2098. 1073.]","[1864. 2223.  940. 2043. 2220.  941. 2035. 2246.  925. 2149. 2230.  933.
 2216. 2238.  927. 2020. 2102. 1071.]","[-17.012    4.625   63.435    0.2441   0.       0.4272  -0.0898  -0.3047
   0.9429]",113
405,2,"[[ 0.27858259 -0.29367511  0.33632489]
 [-0.0074542  -0.30599818  0.32400182]
 [-0.27721228 -0.30894392  0.32105608]
 [ 0.05413309  0.30300995 -0.32699005]
 [-0.14454651  0.3011307  -0.3288693 ]
 [-0.06325916  0.07778006 -0.55221994]]","[1866. 2239.  932. 2012. 2245.  926. 2052. 2247.  924. 2142. 2244.  927.
 2228. 2249.  922. 2089. 2098. 1073.]","[1865. 2223.  939. 2036. 2220.  941. 2041. 2246.  925. 2145. 2230.  933.
 2218. 2238.  927. 2042. 2102. 1072.]","[-17.007    4.631   63.452    0.1831   0.       0.4272  -0.0776  -0.3003
   0.9478]",113
406,2,"[[ 0.27669242 -0.29380461  0.33619539]
 [-0.01413149 -0.3061191   0.3238809 ]
 [-0.27982654 -0.30860698  0.32139302]
 [ 0.06113353  0.30319206 -0.32680794]
 [-0.1395614   0.30128685 -0.32871315]
 [-0.08874967  0.0784503  -0.5515497 ]]","[1867. 2239.  932. 2008. 2245.  926. 2057. 2247.  924. 2138. 2244.  927.
 2230. 2249.  922. 2105. 2099. 1072.]","[1866. 2224.  938. 2033. 2220.  941. 2044. 2246.  925. 2143. 2230.  933.
 2220. 2238.  928. 2053. 2102. 1071.]","[-1.7001e+01  4.6360e+00  6.3468e+01  6.1000e-02  0.0000e+00  4.2720e-01
 -7.4200e-02 -2.9350e-01  9.5750e-01]",113
407,2,"[[ 0.27473505 -0.2939359   0.3360641 ]
 [-0.02079215 -0.30623881  0.32376119]
 [-0.28228535 -0.3082155   0.3217845 ]
 [ 0.06810455  0.30337314 -0.32662686]
 [-0.13453405  0.30144285 -0.32855715]
 [-0.11345376  0.07938    -0.55062   ]]","[1868. 2239.  932. 2003. 2245.  926. 2061. 2247.  924. 2135. 2244.  927.
 2232. 2248.  923. 2121. 2099. 1072.]","[1868. 2224.  938. 2027. 2220.  941. 2050. 2247.  925. 2139. 2230.  933.
 2222. 2238.  927. 2077. 2102. 1072.]","[-1.6996e+01  4.6470e+00  6.3484e+01  2.4410e-01  6.1000e-02  3.6620e-01
 -7.4700e-02 -2.9050e-01  9.4970e-01]",113
408,2,"[[ 0.27271097 -0.29406895  0.33593105]
 [-0.02743293 -0.30635726  0.32364274]
 [-0.2845869  -0.30777298  0.32222702]
 [ 0.07504197  0.30355312 -0.32644688]
 [-0.12946635  0.30159865 -0.32840135]
 [-0.13718929  0.08059436 -0.54940564]]","[1870. 2239.  932. 1999. 2245.  926. 2065. 2247.  924. 2132. 2244.  927.
 2233. 2248.  923. 2137. 2100. 1071.]","[1869. 2224.  938. 2023. 2220.  941. 2053. 2247.  925. 2137. 2230.  933.
 2223. 2237.  927. 2088. 2102. 1072.]","[-1.6990e+01  4.6530e+00  6.3501e+01  1.2210e-01 -6.1000e-02  5.4930e-01
 -8.2000e-02 -2.9200e-01  9.5020e-01]",113
409,2,"[[ 0.27062067 -0.29420369  0.33579631]
 [-0.03405062 -0.30647441  0.32352559]
 [-0.2867295  -0.30728314  0.32271686]
 [ 0.08194162  0.30373191 -0.32626809]
 [-0.12436017  0.3017542  -0.3282458 ]
 [-0.15978798  0.08211914 -0.54788086]]","[1871. 2239.  932. 1994. 2246.  925. 2070. 2247.  924. 2129. 2244.  927.
 2234. 2248.  923. 2152. 2101. 1070.]","[1870. 2224.  937. 2019. 2220.  941. 2057. 2247.  925. 2134. 2230.  933.
 2225. 2237.  927. 2104. 2102. 1072.]","[-1.6985e+01  4.6580e+00  6.3523e+01  6.1000e-02 -6.1000e-02  5.4930e-01
 -7.6200e-02 -2.9150e-01  9.4730e-01]",113
410,2,"[[ 0.26846465 -0.2943401   0.3356599 ]
 [-0.04064203 -0.30659019  0.32340981]
 [-0.28871154 -0.30674989  0.32325011]
 [ 0.08879934  0.30390945 -0.32609055]
 [-0.11921742  0.30190946 -0.32809054]
 [-0.18109655  0.08398064 -0.54601936]]","[1872. 2239.  932. 1990. 2246.  925. 2074. 2247.  924. 2125. 2244.  927.
 2236. 2247.  923. 2166. 2102. 1069.]","[1871. 2224.  936. 2015. 2220.  941. 2061. 2247.  925. 2130. 2230.  933.
 2226. 2238.  928. 2120. 2103. 1071.]","[-16.979    4.658   63.545    0.1221   0.       0.4272  -0.082   -0.2886
   0.9575]",113
411,2,"[[ 0.26624344 -0.29447812  0.33552188]
 [-0.04720402 -0.30670457  0.32329543]
 [-0.29053152 -0.30617728  0.32382272]
 [ 0.09561099  0.30408565 -0.32591435]
 [-0.11403998  0.30206437 -0.32793563]
 [-0.20097753  0.08620549 -0.54379451]]","[1874. 2239.  931. 1985. 2246.  925. 2078. 2247.  924. 2122. 2244.  927.
 2237. 2247.  924. 2179. 2104. 1067.]","[1872. 2224.  936. 2011. 2220.  941. 2066. 2247.  925. 2127. 2230.  933.
 2228. 2237.  928. 2135. 2102. 1071.]","[-1.6974e+01  4.6640e+00  6.3561e+01  6.1000e-02  0.0000e+00  4.2720e-01
 -7.8600e-02 -2.9740e-01  9.4480e-01]",113
412,2,"[[ 0.26395758 -0.2946177   0.3353823 ]
 [-0.05373351 -0.30681749  0.32318251]
 [-0.29218804 -0.30556952  0.32443048]
 [ 0.10237243  0.30426042 -0.32573958]
 [-0.10882972  0.30221891 -0.32778109]
 [-0.21930984  0.08882058 -0.54117942]]","[1875. 2240.  931. 1981. 2246.  925. 2083. 2248.  923. 2118. 2245.  926.
 2238. 2247.  924. 2190. 2105. 1066.]","[1873. 2224.  936. 2006. 2220.  940. 2070. 2247.  925. 2124. 2230.  933.
 2229. 2237.  928. 2150. 2103. 1069.]","[-1.6968e+01  4.6690e+00  6.3578e+01  0.0000e+00 -6.1000e-02  3.6620e-01
 -7.7100e-02 -2.9690e-01  9.5170e-01]",113
413,2,"[[ 0.26160762 -0.29475881  0.33524119]
 [-0.06022744 -0.3069289   0.3230711 ]
 [-0.2936798  -0.30493086  0.32506914]
 [ 0.10907957  0.30443371 -0.32556629]
 [-0.10358855  0.30237301 -0.32762699]
 [-0.23598903  0.09185286 -0.53814714]]","[1877. 2240.  931. 1976. 2246.  925. 2087. 2248.  923. 2115. 2245.  926.
 2239. 2246.  925. 2201. 2107. 1064.]","[1875. 2225.  935. 2000. 2220.  940. 2075. 2247.  925. 2119. 2230.  933.
 2231. 2237.  928. 2167. 2104. 1067.]","[-1.6968e+01  4.6690e+00  6.3589e+01  0.0000e+00 -6.1000e-02  3.0520e-01
 -7.2300e-02 -2.9690e-01  9.5560e-01]",113
414,2,"[[ 0.25919413 -0.29490139  0.33509861]
 [-0.06668279 -0.30703875  0.32296125]
 [-0.2950056  -0.30426565  0.32573435]
 [ 0.11572834  0.30460542 -0.32539458]
 [-0.09831834  0.30252663 -0.32747337]
 [-0.25092734  0.09532919 -0.53467081]]","[1879. 2240.  931. 1972. 2246.  925. 2091. 2248.  923. 2112. 2245.  926.
 2240. 2246.  925. 2211. 2110. 1061.]","[1877. 2226.  935. 1995. 2220.  940. 2079. 2247.  924. 2117. 2230.  933.
 2232. 2237.  928. 2180. 2106. 1065.]","[-16.963    4.669   63.605    0.1831   0.       0.3052  -0.0811  -0.293
   0.9517]",113
415,2,"[[ 0.2567177  -0.2950454   0.3349546 ]
 [-0.0730966  -0.307147    0.322853  ]
 [-0.29616436 -0.30357824  0.32642176]
 [ 0.12231467  0.30477547 -0.32522453]
 [-0.09302097  0.30267972 -0.32732028]
 [-0.26405348  0.09927612 -0.53072388]]","[1880. 2240.  931. 1968. 2246.  925. 2095. 2248.  923. 2108. 2245.  926.
 2241. 2245.  926. 2220. 2112. 1059.]","[1878. 2227.  935. 1992. 2221.  940. 2083. 2248.  924. 2114. 2230.  933.
 2233. 2236.  929. 2188. 2107. 1064.]","[-16.946    4.675   63.622    0.3052   0.       0.5493  -0.0854  -0.2988
   0.958 ]",113
416,2,"[[ 0.25417893 -0.2951908   0.3348092 ]
 [-0.07946595 -0.30725359  0.32274641]
 [-0.29715512 -0.30287302  0.32712698]
 [ 0.12883456  0.3049438  -0.3250562 ]
 [-0.08769833  0.30283225 -0.32716775]
 [-0.27531232  0.10371976 -0.52628024]]","[1882. 2240.  931. 1964. 2246.  925. 2099. 2248.  923. 2105. 2245.  926.
 2241. 2245.  926. 2227. 2115. 1056.]","[1879. 2227.  935. 1988. 2220.  940. 2087. 2249.  925. 2111. 2230.  933.
 2234. 2236.  929. 2199. 2110. 1062.]","[-16.935    4.686   63.644    0.1831   0.       0.6714  -0.0825  -0.2949
   0.9453]",113
417,2,"[[ 0.25157843 -0.29533752  0.33466248]
 [-0.08578796 -0.30735847  0.32264153]
 [-0.29797701 -0.30215433  0.32784567]
 [ 0.13528402  0.30511032 -0.32488968]
 [-0.08235228  0.30298415 -0.32701585]
 [-0.28466429  0.10868555 -0.52131445]]","[1883. 2240.  931. 1959. 2246.  925. 2103. 2248.  923. 2101. 2245.  926.
 2242. 2244.  926. 2233. 2118. 1053.]","[1881. 2228.  934. 1984. 2221.  940. 2091. 2249.  924. 2107. 2230.  933.
 2235. 2236.  930. 2209. 2112. 1059.]","[-16.93     4.691   63.671    0.1831   0.       0.6104  -0.082   -0.2935
   0.9526]",113
418,2,"[[ 0.24891685 -0.29548554  0.33451446]
 [-0.09205981 -0.3074616   0.3225384 ]
 [-0.29862953 -0.30142649  0.32857351]
 [ 0.14165912  0.30527495 -0.32472505]
 [-0.0769847   0.30313539 -0.32686461]
 [-0.29208479  0.11419807 -0.51580193]]","[1885. 2240.  931. 1955. 2247.  924. 2108. 2248.  923. 2098. 2245.  926.
 2242. 2244.  927. 2238. 2122. 1049.]","[1883. 2227.  935. 1980. 2221.  940. 2094. 2249.  925. 2104. 2230.  933.
 2236. 2235.  930. 2217. 2114. 1057.]","[-16.913    4.702   63.693    0.2441   0.       0.4883  -0.0693  -0.2876
   0.9482]",113
419,2,"[[ 0.24619482 -0.2956348   0.3343652 ]
 [-0.09827873 -0.30756292  0.32243708]
 [-0.29911368 -0.30069376  0.32930624]
 [ 0.14795595  0.30543762 -0.32456238]
 [-0.07159745  0.30328592 -0.32671408]
 [-0.29756336  0.1202809  -0.5097191 ]]","[1887. 2240.  931. 1951. 2247.  924. 2112. 2248.  923. 2094. 2245.  926.
 2242. 2244.  927. 2241. 2126. 1045.]","[1884. 2228.  934. 1975. 2221.  940. 2099. 2249.  924. 2101. 2230.  933.
 2237. 2235.  931. 2225. 2118. 1054.]","[-1.6902e+01  4.7020e+00  6.3710e+01  2.4410e-01 -6.1000e-02  3.0520e-01
 -7.7100e-02 -2.8320e-01  9.5070e-01]",113
420,2,"[[ 0.243413   -0.29578525  0.33421475]
 [-0.10444199 -0.3076624   0.3223376 ]
 [-0.29943814 -0.29996031  0.33003969]
 [ 0.15417066  0.30559826 -0.32440174]
 [-0.06619241  0.30343569 -0.32656431]
 [-0.30110291  0.12695639 -0.50304361]]","[1889. 2240.  931. 1947. 2247.  924. 2116. 2248.  923. 2091. 2245.  926.
 2243. 2243.  928. 2244. 2130. 1041.]","[1886. 2227.  933. 1971. 2221.  940. 2103. 2249.  925. 2098. 2230.  933.
 2238. 2235.  932. 2231. 2121. 1051.]","[-1.6891e+01  4.7020e+00  6.3726e+01  6.1000e-02 -1.2210e-01  4.2720e-01
 -9.1800e-02 -2.8120e-01  9.5460e-01]",113
421,2,"[[ 0.24057208 -0.29593685  0.33406315]
 [-0.11054691 -0.30775998  0.32224002]
 [-0.2995087  -0.29923018  0.33076982]
 [ 0.16029946  0.30575678 -0.32424322]
 [-0.06077142  0.30358466 -0.32641534]
 [-0.30271528  0.13424552 -0.49575448]]","[1891. 2240.  931. 1943. 2247.  924. 2120. 2248.  923. 2087. 2245.  926.
 2243. 2243.  928. 2245. 2135. 1036.]","[1887. 2227.  933. 1967. 2221.  940. 2107. 2249.  924. 2094. 2230.  933.
 2238. 2235.  932. 2235. 2124. 1047.]","[-16.886    4.702   63.748    0.      -0.1221   0.5493  -0.0903  -0.2891
   0.9453]",113
422,2,"[[ 0.23767273 -0.29608954  0.33391046]
 [-0.11659086 -0.30785562  0.32214438]
 [-0.29783565 -0.29850617  0.33149383]
 [ 0.16633858  0.30591312 -0.32408688]
 [-0.05533633  0.30373278 -0.32626722]
 [-0.30276349  0.1421652  -0.4878348 ]]","[1893. 2241.  930. 1939. 2247.  924. 2124. 2248.  923. 2084. 2246.  925.
 2242. 2242.  929. 2245. 2140. 1031.]","[1890. 2228.  933. 1963. 2221.  940. 2111. 2249.  924. 2091. 2230.  933.
 2239. 2235.  932. 2239. 2129. 1043.]","[-1.6886e+01  4.7080e+00  6.3776e+01 -6.1000e-02 -1.2210e-01  6.1040e-01
 -7.9100e-02 -2.9440e-01  9.4820e-01]",113
423,2,"[[ 0.23471568 -0.29624329  0.33375671]
 [-0.12257129 -0.30794928  0.32205072]
 [-0.29378901 -0.29778993  0.33221007]
 [ 0.17228432  0.30606719 -0.32393281]
 [-0.04988899  0.30388001 -0.32611999]
 [-0.30260324  0.15051328 -0.47948672]]","[1894. 2241.  930. 1935. 2247.  924. 2127. 2248.  923. 2080. 2246.  925.
 2239. 2242.  929. 2245. 2146. 1025.]","[1892. 2228.  932. 1959. 2221.  940. 2115. 2249.  924. 2087. 2230.  933.
 2239. 2234.  933. 2241. 2133. 1039.]","[-16.886    4.708   63.798   -0.1221  -0.1831   0.6104  -0.0742  -0.2964
   0.9585]",113
424,2,"[[ 0.23170162 -0.29639803  0.33360197]
 [-0.12848568 -0.30804089  0.32195911]
 [-0.2873724  -0.29708544  0.33291456]
 [ 0.17813306  0.30621893 -0.32378107]
 [-0.04443123  0.3040263  -0.3259737 ]
 [-0.30242579  0.15916409 -0.47083591]]","[1896. 2241.  930. 1931. 2247.  924. 2131. 2248.  923. 2076. 2246.  925.
 2235. 2241.  930. 2245. 2151. 1020.]","[1894. 2228.  932. 1955. 2221.  940. 2119. 2249.  925. 2084. 2230.  932.
 2240. 2233.  934. 2243. 2138. 1034.]","[-1.6880e+01  4.7080e+00  6.3825e+01  6.1000e-02 -1.2210e-01  5.4930e-01
 -7.4700e-02 -2.9490e-01  9.5210e-01]",113
425,2,"[[ 0.2286313  -0.29655374  0.33344626]
 [-0.13433155 -0.30813044  0.32186956]
 [-0.27862646 -0.29639675  0.33360325]
 [ 0.18388121  0.30636826 -0.32363174]
 [-0.03896489  0.3041716  -0.3258284 ]
 [-0.30221614  0.16818291 -0.46181709]]","[1898. 2241.  930. 1928. 2247.  924. 2135. 2248.  923. 2073. 2246.  925.
 2229. 2241.  930. 2245. 2157. 1014.]","[1895. 2228.  932. 1951. 2221.  940. 2122. 2248.  924. 2081. 2230.  932.
 2239. 2232.  934. 2244. 2143. 1029.]","[-16.87     4.708   63.853    0.1221  -0.1831   0.6104  -0.0864  -0.2949
   0.9487]",113
426,2,"[[ 0.22550546 -0.29671035  0.33328965]
 [-0.1401065  -0.30821786  0.32178214]
 [-0.26762356 -0.29572789  0.33427211]
 [ 0.18952525  0.3065151  -0.3234849 ]
 [-0.03349179  0.30431587 -0.32568413]
 [-0.30196583  0.17758114 -0.45241886]]","[1900. 2241.  930. 1924. 2247.  924. 2139. 2248.  923. 2069. 2246.  925.
 2222. 2240.  931. 2244. 2163. 1008.]","[1897. 2228.  931. 1947. 2221.  940. 2127. 2248.  924. 2076. 2230.  932.
 2239. 2231.  935. 2244. 2149. 1023.]","[-1.6864e+01  4.7080e+00  6.3885e+01  6.1000e-02 -2.4410e-01  8.5450e-01
 -7.7100e-02 -2.9440e-01  9.4680e-01]",113
427,2,"[[ 0.22232486 -0.29686781  0.33313219]
 [-0.14580818 -0.30830311  0.32169689]
 [-0.25446225 -0.29508273  0.33491727]
 [ 0.19506174  0.30665939 -0.32334061]
 [-0.02801373  0.30445906 -0.32554094]
 [-0.30167093  0.18735649 -0.44264351]]","[1903. 2241.  930. 1920. 2247.  924. 2143. 2248.  922. 2066. 2246.  925.
 2213. 2240.  931. 2244. 2170. 1001.]","[1899. 2228.  931. 1943. 2221.  940. 2130. 2248.  925. 2073. 2230.  931.
 2235. 2231.  935. 2244. 2153. 1018.]","[-16.859    4.708   63.929    0.1221  -0.3662   0.9155  -0.0815  -0.2983
   0.958 ]",113
428,2,"[[ 0.21909027 -0.29702609  0.33297391]
 [-0.15143428 -0.30838616  0.32161384]
 [-0.23926371 -0.29446508  0.33553492]
 [ 0.20048731  0.30680105 -0.32319895]
 [-0.02253252  0.30460114 -0.32539886]
 [-0.30132966  0.19750375 -0.43249625]]","[1905. 2241.  930. 1917. 2248.  923. 2146. 2249.  922. 2062. 2246.  925.
 2203. 2239.  932. 2244. 2176.  995.]","[1901. 2228.  931. 1940. 2221.  940. 2134. 2247.  924. 2070. 2230.  931.
 2230. 2231.  936. 2244. 2159. 1012.]","[-16.848    4.708   63.973    0.1831  -0.2441   1.0376  -0.0747  -0.2969
   0.9395]",113
429,2,"[[ 0.21580248 -0.29718513  0.33281487]
 [-0.15698258 -0.30846696  0.32153304]
 [-0.22216906 -0.29387857  0.33612143]
 [ 0.20579864  0.30694002 -0.32305998]
 [-0.01704997  0.30474204 -0.32525796]
 [-0.30094118  0.20801701 -0.42198299]]","[1907. 2241.  930. 1913. 2248.  923. 2150. 2249.  922. 2059. 2246.  925.
 2192. 2239.  932. 2244. 2183.  988.]","[1902. 2228.  931. 1936. 2221.  940. 2138. 2247.  924. 2066. 2230.  930.
 2222. 2230.  937. 2244. 2165. 1006.]","[-1.6842e+01  4.7080e+00  6.4012e+01  6.1000e-02 -3.0520e-01  9.1550e-01
 -8.2000e-02 -2.9640e-01  9.5210e-01]",113
430,2,"[[ 0.21246228 -0.29734489  0.33265511]
 [-0.16245088 -0.30854547  0.32145453]
 [-0.20333686 -0.29332671  0.33667329]
 [ 0.21099252  0.30707623 -0.32292377]
 [-0.01156784  0.30488175 -0.32511825]
 [-0.30050501  0.21889019 -0.41110981]]","[1909. 2241.  930. 1910. 2248.  923. 2153. 2249.  922. 2055. 2246.  925.
 2180. 2239.  932. 2243. 2190.  981.]","[1903. 2228.  931. 1933. 2221.  940. 2141. 2247.  923. 2063. 2230.  929.
 2215. 2230.  938. 2244. 2172. 1000.]","[-16.848    4.702   64.067   -0.1831  -0.4883   1.2817  -0.0879  -0.2998
   0.9438]",113
431,2,"[[ 0.20907049 -0.29750531  0.33249469]
 [-0.16783706 -0.30862164  0.32137836]
 [-0.18294054 -0.29281278  0.33718722]
 [ 0.21606578  0.3072096  -0.3227904 ]
 [-0.00608792  0.30502019 -0.32497981]
 [-0.30002087  0.23011708 -0.39988292]]","[1911. 2241.  930. 1907. 2248.  923. 2157. 2249.  922. 2051. 2246.  925.
 2167. 2238.  933. 2243. 2198.  973.]","[1903. 2228.  931. 1928. 2221.  940. 2144. 2247.  923. 2060. 2230.  929.
 2207. 2230.  939. 2244. 2178.  993.]","[-16.864    4.702   64.149   -0.4883  -0.7324   1.8921  -0.0859  -0.311
   0.939 ]",113
432,2,"[[ 0.20562793 -0.29766634  0.33233366]
 [-0.17313904 -0.30869545  0.32130455]
 [-0.16116584 -0.2923399   0.3376601 ]
 [ 0.22101536  0.30734007 -0.32265993]
 [-0.00061197  0.30515734 -0.32484266]
 [-0.29948851  0.24169146 -0.38830854]]","[1913. 2242.  929. 1903. 2248.  923. 2160. 2249.  922. 2048. 2246.  925.
 2153. 2238.  933. 2243. 2205.  966.]","[1904. 2229.  931. 1923. 2221.  940. 2149. 2248.  923. 2055. 2230.  928.
 2194. 2230.  941. 2244. 2188.  984.]","[-16.88     4.697   64.243   -0.4272  -0.7324   2.1973  -0.082   -0.3164
   0.9585]",113
433,2,"[[ 0.20213544 -0.29782795  0.33217205]
 [-0.17835482 -0.30876685  0.32123315]
 [-0.13820814 -0.27880316  0.35119684]
 [ 0.22583827  0.30746757 -0.32253243]
 [ 0.00485825  0.30529316 -0.32470684]
 [-0.29890776  0.25360708 -0.37639292]]","[1916. 2242.  929. 1900. 2248.  923. 2164. 2249.  922. 2044. 2247.  924.
 2138. 2229.  942. 2242. 2213.  958.]","[1905. 2229.  931. 1922. 2221.  940. 2151. 2247.  923. 2053. 2230.  928.
 2188. 2229.  941. 2244. 2192.  980.]","[-16.886    4.708   64.341   -0.2441  -0.6104   2.4414  -0.1021  -0.3213
   0.9453]",113
434,2,"[[ 0.19859387 -0.29799007  0.33200993]
 [-0.18348243 -0.3088358   0.3211642 ]
 [-0.11426984 -0.22781626  0.40218374]
 [ 0.23053161  0.30759204 -0.32240796]
 [ 0.01032101  0.30542759 -0.32457241]
 [-0.29827843  0.26585763 -0.36414237]]","[1918. 2242.  929. 1897. 2248.  923. 2167. 2249.  922. 2041. 2247.  924.
 2122. 2196.  975. 2242. 2221.  950.]","[1906. 2230.  930. 1918. 2221.  940. 2155. 2248.  923. 2049. 2230.  928.
 2175. 2226.  943. 2244. 2199.  974.]","[-16.908    4.713   64.462   -0.4883  -0.7935   2.9297  -0.0952  -0.3306
   0.9209]",113
435,2,"[[ 0.19500406 -0.29815267  0.33184733]
 [-0.18852    -0.30890226  0.32109774]
 [-0.08955763 -0.18335249  0.44664751]
 [ 0.23509256  0.30771341 -0.32228659]
 [ 0.01577458  0.30556059 -0.32443941]
 [-0.29760038  0.27843682 -0.35156318]]","[1920. 2242.  929. 1894. 2248.  923. 2170. 2249.  922. 2037. 2247.  924.
 2106. 2167. 1004. 2242. 2229.  942.]","[1908. 2230.  930. 1913. 2222.  940. 2158. 2247.  924. 2046. 2230.  927.
 2163. 2216.  951. 2244. 2205.  967.]","[-16.924    4.719   64.605   -0.3052  -0.9155   3.2959  -0.0771  -0.3218
   0.9775]",113
436,2,"[[ 0.19136691 -0.2983157   0.3316843 ]
 [-0.19346567 -0.30896621  0.32103379]
 [-0.06428003 -0.14569033  0.48430967]
 [ 0.23951841  0.30783162 -0.32216838]
 [ 0.02121723  0.30569213 -0.32430787]
 [-0.29687344  0.29133832 -0.33866168]]","[1923. 2242.  929. 1891. 2248.  923. 2174. 2249.  922. 2034. 2247.  924.
 2089. 2142. 1028. 2241. 2237.  934.]","[1909. 2230.  931. 1909. 2224.  940. 2160. 2246.  924. 2042. 2231.  926.
 2148. 2200.  963. 2243. 2212.  960.]","[-1.6908e+01  4.7350e+00  6.4753e+01  3.0520e-01 -7.9350e-01  3.6011e+00
 -6.3000e-02 -3.0080e-01  9.5120e-01]",113
437,2,"[[ 0.18768328 -0.2984791   0.3315209 ]
 [-0.19831767 -0.3090276   0.3209724 ]
 [-0.03864489 -0.11506885  0.51493115]
 [ 0.24380652  0.30794661 -0.32205339]
 [ 0.02664727  0.30582216 -0.32417784]
 [-0.2960975   0.29210409 -0.33789591]]","[1925. 2242.  929. 1889. 2248.  923. 2177. 2249.  922. 2030. 2247.  924.
 2073. 2123. 1048. 2241. 2238.  933.]","[1912. 2230.  931. 1904. 2227.  940. 2164. 2243.  924. 2038. 2232.  923.
 2133. 2181.  981. 2242. 2217.  952.]","[-1.6870e+01  4.7300e+00  6.4929e+01  7.3240e-01 -1.2817e+00  4.2114e+00
 -5.0300e-02 -2.6900e-01  9.8780e-01]",113
438,2,"[[ 0.18395408 -0.29864282  0.33135718]
 [-0.20307428 -0.30908639  0.32091361]
 [-0.01285717 -0.09168587  0.53831413]
 [ 0.24795435  0.30805831 -0.32194169]
 [ 0.032063    0.30595064 -0.32404936]
 [-0.29527243  0.29220555 -0.33779445]]","[1928. 2242.  929. 1886. 2248.  923. 2180. 2249.  922. 2027. 2247.  924.
 2056. 2107. 1064. 2240. 2238.  933.]","[1916. 2230.  931. 1900. 2231.  938. 2167. 2240.  925. 2034. 2232.  921.
 2115. 2168. 1002. 2242. 2221.  948.]","[-1.6694e+01  4.6800e+00  6.5138e+01  3.9062e+00 -2.5024e+00  4.6997e+00
  4.2500e-02 -1.9580e-01  9.9170e-01]",113
439,2,"[[ 0.18018021 -0.29880683  0.33119317]
 [-0.20773384 -0.30914257  0.32085743]
 [ 0.01288313 -0.07569645  0.55430355]
 [ 0.25195946  0.30816668 -0.32183332]
 [ 0.03746275  0.30607753 -0.32392247]
 [-0.29439812  0.29230927 -0.33769073]]","[1930. 2242.  929. 1883. 2248.  923. 2183. 2249.  922. 2023. 2247.  924.
 2039. 2097. 1074. 2239. 2238.  933.]","[1922. 2232.  931. 1897. 2234.  934. 2170. 2237.  925. 2031. 2235.  921.
 2097. 2151. 1022. 2244. 2222.  945.]","[-1.6337e+01  4.6030e+00  6.5297e+01  8.3008e+00 -2.3193e+00  3.3569e+00
  1.9500e-02 -2.4020e-01  1.0967e+00]",113
440,2,"[[ 0.17636258 -0.29897107  0.33102893]
 [-0.21229475 -0.30919608  0.32080392]
 [ 0.03838282 -0.06721157  0.56278843]
 [ 0.25581951  0.30827164 -0.32172836]
 [ 0.04284485  0.30620279 -0.32379721]
 [-0.29347446  0.29241523 -0.33758477]]","[1933. 2242.  929. 1881. 2248.  923. 2186. 2249.  922. 2020. 2247.  924.
 2022. 2091. 1080. 2239. 2238.  933.]","[1930. 2234.  931. 1893. 2238.  930. 2174. 2235.  925. 2026. 2238.  921.
 2072. 2129. 1043. 2244. 2222.  943.]","[-1.5958e+01  4.5210e+00  6.5330e+01  9.1553e+00 -1.4648e+00  4.2720e-01
  1.3700e-02 -2.8560e-01  9.6480e-01]",113
441,2,"[[ 0.17250212 -0.2991355   0.3308645 ]
 [-0.21675547 -0.30924691  0.32075309]
 [ 0.06345709 -0.0663289   0.5636711 ]
 [ 0.25953225  0.30837315 -0.32162685]
 [ 0.04820764  0.30632638 -0.32367362]
 [-0.29250136  0.29252336 -0.33747664]]","[1935. 2243.  928. 1878. 2249.  922. 2189. 2249.  922. 2016. 2247.  924.
 2006. 2091. 1080. 2238. 2238.  933.]","[1932. 2234.  931. 1892. 2239.  929. 2177. 2235.  925. 2025. 2238.  921.
 2060. 2120. 1053. 2244. 2223.  942.]","[-1.5667e+01  4.4330e+00  6.5226e+01  7.3853e+00 -6.1040e-01 -2.9297e+00
 -4.1000e-02 -2.5590e-01  9.3020e-01]",113
442,2,"[[ 0.16859978 -0.29930006  0.33069994]
 [-0.22111452 -0.30929503  0.32070497]
 [ 0.0879309  -0.07051862  0.55948138]
 [ 0.26309555  0.30847114 -0.32152886]
 [ 0.05354951  0.30644826 -0.32355174]
 [-0.29147876  0.29263362 -0.33736638]]","[1938. 2243.  928. 1876. 2249.  922. 2192. 2249.  922. 2013. 2247.  924.
 1990. 2093. 1077. 2238. 2238.  933.]","[1934. 2234.  931. 1890. 2240.  928. 2180. 2235.  925. 2021. 2239.  921.
 2044. 2110. 1062. 2242. 2223.  941.]","[-15.502    4.373   65.045    2.3804   0.2441  -3.9062  -0.1938  -0.2178
   0.8994]",113
443,2,"[[ 0.1646565  -0.29946471  0.33053529]
 [-0.22537046 -0.30934039  0.32065961]
 [ 0.11164009 -0.07121618  0.55878382]
 [ 0.26650736  0.30856557 -0.32143443]
 [ 0.05886881  0.30656839 -0.32343161]
 [-0.29040657  0.29274597 -0.33725403]]","[1940. 2243.  928. 1874. 2249.  922. 2194. 2249.  922. 2009. 2247.  924.
 1975. 2094. 1077. 2237. 2238.  933.]","[1936. 2234.  931. 1886. 2241.  928. 2182. 2236.  925. 2019. 2240.  921.
 2027. 2104. 1068. 2240. 2223.  941.]","[-1.5425e+01  4.3400e+00  6.4907e+01  9.1550e-01  6.1000e-02 -1.7700e+00
 -2.0610e-01 -2.2900e-01  9.2290e-01]",113
444,2,"[[ 0.16067323 -0.29962941  0.33037059]
 [-0.22952194 -0.30938298  0.32061702]
 [ 0.13443223 -0.07169326  0.55830674]
 [ 0.26976575  0.30865638 -0.32134362]
 [ 0.06416396  0.30668674 -0.32331326]
 [-0.28928475  0.29286035 -0.33713965]]","[1943. 2243.  928. 1872. 2249.  922. 2197. 2249.  922. 2006. 2247.  924.
 1960. 2094. 1077. 2236. 2238.  933.]","[1938. 2234.  931. 1883. 2240.  928. 2185. 2235.  925. 2014. 2240.  921.
 2009. 2101. 1072. 2236. 2223.  940.]","[-1.5397e+01  4.3450e+00  6.4852e+01 -3.0520e-01 -6.1000e-02 -2.4410e-01
 -1.4310e-01 -2.5540e-01  9.3160e-01]",113
445,2,"[[ 0.15665094 -0.29979409  0.33020591]
 [-0.23356764 -0.30942276  0.32057724]
 [ 0.15616727 -0.0723741   0.5576259 ]
 [ 0.2728689   0.30874352 -0.32125648]
 [ 0.06943336  0.30680326 -0.32319674]
 [-0.28811325  0.29297671 -0.33702329]]","[1945. 2243.  928. 1870. 2249.  922. 2200. 2249.  922. 2002. 2248.  923.
 1946. 2095. 1076. 2235. 2238.  932.]","[1941. 2234.  931. 1880. 2241.  928. 2188. 2236.  925. 2011. 2240.  921.
 1993. 2100. 1074. 2234. 2223.  941.]","[-1.5408e+01  4.3620e+00  6.4847e+01 -9.7660e-01 -6.1000e-02  0.0000e+00
 -8.3000e-02 -2.6660e-01  9.6530e-01]",113
446,2,"[[ 0.15259062 -0.29995873  0.33004127]
 [-0.23750633 -0.30945971  0.32054029]
 [ 0.176718   -0.0733397   0.5566603 ]
 [ 0.27581508  0.30882694 -0.32117306]
 [ 0.07467543  0.30691791 -0.32308209]
 [-0.28689204  0.29309502 -0.33690498]]","[1948. 2243.  928. 1868. 2249.  922. 2202. 2249.  922. 1999. 2248.  923.
 1932. 2095. 1076. 2235. 2239.  932.]","[1944. 2234.  930. 1877. 2240.  928. 2192. 2236.  925. 2006. 2240.  921.
 1973. 2099. 1075. 2233. 2223.  941.]","[-1.5436e+01  4.3780e+00  6.4841e+01 -1.8310e-01  1.2210e-01 -2.4410e-01
 -5.8100e-02 -2.9150e-01  9.8140e-01]",113
447,2,"[[ 0.14849323 -0.30012327  0.32987673]
 [-0.2413368  -0.30949381  0.32050619]
 [ 0.19597031 -0.07462499  0.55537501]
 [ 0.27860267  0.3089066  -0.3210934 ]
 [ 0.07988863  0.30703067 -0.32296933]
 [-0.2856211   0.29321521 -0.33678479]]","[1951. 2243.  928. 1866. 2249.  922. 2205. 2249.  922. 1995. 2248.  923.
 1920. 2096. 1075. 2234. 2239.  932.]","[1946. 2234.  930. 1876. 2241.  929. 2194. 2236.  925. 2004. 2240.  921.
 1963. 2099. 1075. 2233. 2223.  940.]","[-1.5436e+01  4.3950e+00  6.4830e+01  6.1000e-02  1.8310e-01 -4.8830e-01
 -4.7400e-02 -2.9490e-01  9.3410e-01]",113
448,2,"[[ 0.1443598  -0.30028766  0.32971234]
 [-0.24505794 -0.30952503  0.32047497]
 [ 0.2138232  -0.07625775  0.55374225]
 [ 0.28123017  0.30898244 -0.32101756]
 [ 0.0850714   0.30714149 -0.32285851]
 [-0.28430041  0.29333725 -0.33666275]]","[1953. 2243.  928. 1864. 2249.  922. 2207. 2249.  922. 1992. 2248.  923.
 1908. 2097. 1074. 2233. 2239.  932.]","[1948. 2234.  930. 1874. 2240.  928. 2196. 2236.  925. 2002. 2240.  921.
 1949. 2098. 1075. 2233. 2223.  940.]","[-1.5436e+01  4.4060e+00  6.4808e+01 -6.1000e-02  6.1000e-02 -4.2720e-01
 -5.9600e-02 -2.9490e-01  9.6830e-01]",113
449,2,"[[ 0.1401913  -0.30045186  0.32954814]
 [-0.24866866 -0.30955335  0.32044665]
 [ 0.23018876 -0.07826438  0.55173562]
 [ 0.28369619  0.30905442 -0.32094558]
 [ 0.09022222  0.30725035 -0.32274965]
 [-0.28292998  0.29346108 -0.33653892]]","[1956. 2243.  928. 1863. 2249.  922. 2210. 2249.  922. 1989. 2248.  923.
 1897. 2099. 1072. 2232. 2239.  932.]","[1951. 2234.  930. 1872. 2241.  929. 2199. 2236.  926. 2000. 2240.  921.
 1932. 2099. 1074. 2233. 2223.  941.]","[-15.436    4.411   64.792    0.3052   0.      -0.2441  -0.0713  -0.2861
   0.9536]",113
450,2,"[[ 0.13598876 -0.30061582  0.32938418]
 [-0.25216796 -0.30957874  0.32042126]
 [ 0.24499196 -0.08067103  0.54932897]
 [ 0.28599945  0.3091225  -0.3208775 ]
 [ 0.09533959  0.30735719 -0.32264281]
 [-0.28150983  0.29358666 -0.33641334]]","[1959. 2243.  927. 1861. 2249.  922. 2212. 2249.  922. 1985. 2248.  923.
 1888. 2100. 1071. 2231. 2239.  932.]","[1953. 2234.  931. 1871. 2240.  928. 2200. 2236.  925. 1998. 2240.  921.
 1923. 2099. 1073. 2232. 2223.  941.]","[-15.43     4.411   64.786    0.3052   0.      -0.2441  -0.0811  -0.271
   0.9541]",113
451,2,"[[ 0.1317532  -0.3007795   0.3292205 ]
 [-0.25555486 -0.30960119  0.32039881]
 [ 0.25817031 -0.08350378  0.54649622]
 [ 0.28813877  0.30918665 -0.32081335]
 [ 0.10042202  0.307462   -0.322538  ]
 [-0.28003999  0.29371393 -0.33628607]]","[1962. 2244.  927. 1860. 2249.  922. 2214. 2249.  922. 1982. 2248.  923.
 1879. 2102. 1069. 2230. 2239.  932.]","[1956. 2234.  930. 1869. 2240.  928. 2203. 2236.  925. 1994. 2239.  921.
 1911. 2099. 1072. 2232. 2224.  941.]","[-1.5425e+01  4.4110e+00  6.4775e+01  2.4410e-01  6.1000e-02 -3.0520e-01
 -8.9400e-02 -2.5590e-01  9.6390e-01]",113
452,2,"[[ 0.12748564 -0.30094284  0.32905716]
 [-0.25882849 -0.30962068  0.32037932]
 [ 0.26967349 -0.08678848  0.54321152]
 [ 0.29011309  0.30924681 -0.32075319]
 [ 0.10546803  0.30756474 -0.32243526]
 [-0.27852048  0.29384286 -0.33615714]]","[1964. 2244.  927. 1858. 2249.  922. 2216. 2249.  922. 1979. 2248.  923.
 1872. 2104. 1067. 2229. 2239.  932.]","[1958. 2234.  930. 1867. 2240.  928. 2205. 2235.  926. 1990. 2240.  921.
 1901. 2100. 1071. 2231. 2224.  941.]","[-1.5414e+01  4.4170e+00  6.4759e+01  1.8310e-01  6.1000e-02 -3.0520e-01
 -7.9100e-02 -2.4710e-01  9.5750e-01]",113
453,2,"[[ 0.12318713 -0.30110582  0.32889418]
 [-0.26198798 -0.30963719  0.32036281]
 [ 0.27946284 -0.09055068  0.53944932]
 [ 0.29192146  0.30930295 -0.32069705]
 [ 0.11047617  0.30766536 -0.32233464]
 [-0.27695136  0.29397339 -0.33602661]]","[1967. 2244.  927. 1857. 2249.  922. 2218. 2249.  922. 1975. 2248.  923.
 1865. 2107. 1064. 2228. 2239.  932.]","[1961. 2235.  930. 1866. 2241.  928. 2207. 2235.  925. 1987. 2239.  921.
 1891. 2102. 1070. 2230. 2224.  941.]","[-15.408    4.417   64.742    0.1831   0.1221  -0.4272  -0.0728  -0.2471
   0.9683]",113
454,2,"[[ 0.1188587  -0.30126836  0.32873164]
 [-0.26503256 -0.3096507   0.3203493 ]
 [ 0.28751092 -0.09481539  0.53518461]
 [ 0.29356305  0.30935504 -0.32064496]
 [ 0.11544501  0.30776385 -0.32223615]
 [-0.2753327   0.29410548 -0.33589452]]","[1970. 2244.  927. 1856. 2249.  922. 2220. 2249.  922. 1972. 2248.  923.
 1860. 2109. 1062. 2227. 2239.  932.]","[1964. 2235.  930. 1864. 2241.  928. 2209. 2235.  926. 1983. 2240.  921.
 1882. 2104. 1067. 2229. 2224.  941.]","[-15.397    4.422   64.726    0.       0.1221  -0.3662  -0.0723  -0.2539
   0.9531]",113
455,2,"[[ 0.11450141 -0.30143045  0.32856955]
 [-0.26796148 -0.30966122  0.32033878]
 [ 0.29380088 -0.09960695  0.53039305]
 [ 0.29503713  0.30940304 -0.32059696]
 [ 0.12037313  0.30786017 -0.32213983]
 [-0.27366456  0.29423908 -0.33576092]]","[1973. 2244.  927. 1855. 2249.  922. 2222. 2249.  922. 1969. 2248.  923.
 1856. 2112. 1059. 2226. 2239.  932.]","[1967. 2234.  930. 1863. 2241.  928. 2211. 2236.  926. 1980. 2240.  921.
 1875. 2107. 1065. 2228. 2224.  941.]","[-1.5397e+01  4.4220e+00  6.4709e+01 -6.1000e-02  0.0000e+00 -3.0520e-01
 -6.2000e-02 -2.5590e-01  9.6580e-01]",113
456,2,"[[ 0.11011632 -0.30159202  0.32840798]
 [-0.27077409 -0.30966882  0.32033118]
 [ 0.29832593 -0.10494882  0.52505118]
 [ 0.29634309  0.30944692 -0.32055308]
 [ 0.12525912  0.30795429 -0.32204571]
 [-0.27194704  0.29437413 -0.33562587]]","[1976. 2244.  927. 1854. 2249.  922. 2224. 2249.  922. 1966. 2248.  923.
 1853. 2116. 1055. 2225. 2239.  932.]","[1970. 2234.  929. 1861. 2240.  928. 2213. 2236.  926. 1977. 2239.  921.
 1868. 2109. 1063. 2227. 2224.  941.]","[-1.5392e+01  4.4220e+00  6.4698e+01  0.0000e+00  6.1000e-02 -4.8830e-01
 -7.3700e-02 -2.6610e-01  9.5800e-01]",113
457,2,"[[ 0.10570448 -0.30175303  0.32824697]
 [-0.27346975 -0.30967375  0.32032625]
 [ 0.30108873 -0.11086343  0.51913657]
 [ 0.29748045  0.30948665 -0.32051335]
 [ 0.13010162  0.30804617 -0.32195383]
 [-0.27018024  0.29451061 -0.33548939]]","[1979. 2244.  927. 1854. 2249.  922. 2226. 2249.  922. 1963. 2248.  923.
 1851. 2120. 1051. 2224. 2239.  931.]","[1973. 2235.  930. 1860. 2240.  928. 2215. 2235.  926. 1974. 2240.  921.
 1863. 2112. 1060. 2226. 2224.  941.]","[-1.5392e+01  4.4220e+00  6.4677e+01  0.0000e+00  6.1000e-02 -4.8830e-01
 -7.9600e-02 -2.7290e-01  9.5850e-01]",113
458,2,"[[ 0.10126698 -0.30191345  0.32808655]
 [-0.2760479  -0.30967617  0.32032383]
 [ 0.30209327 -0.11737198  0.51262802]
 [ 0.29844881  0.3095222  -0.3204778 ]
 [ 0.13489925  0.3081358  -0.3218642 ]
 [-0.26836426  0.29464844 -0.33535156]]","[1981. 2244.  927. 1853. 2249.  922. 2227. 2249.  922. 1960. 2248.  923.
 1851. 2124. 1047. 2222. 2240.  931.]","[1976. 2234.  929. 1859. 2240.  928. 2218. 2235.  926. 1971. 2240.  921.
 1859. 2115. 1057. 2225. 2224.  941.]","[-15.386    4.422   64.655    0.       0.1221  -0.4883  -0.0776  -0.2729
   0.9585]",113
459,2,"[[ 0.09680488 -0.30207322  0.32792678]
 [-0.27850804 -0.30966234  0.32033766]
 [ 0.30196585 -0.12448027  0.50551973]
 [ 0.29924795  0.30955355 -0.32044645]
 [ 0.13965068  0.30822313 -0.32177687]
 [-0.26649924  0.2947876  -0.3352124 ]]","[1984. 2244.  927. 1852. 2249.  922. 2229. 2249.  922. 1956. 2248.  923.
 1851. 2129. 1042. 2221. 2240.  931.]","[1978. 2234.  929. 1858. 2240.  929. 2219. 2235.  926. 1969. 2240.  921.
 1856. 2119. 1053. 2223. 2223.  941.]","[-1.5386e+01  4.4220e+00  6.4633e+01  6.1000e-02  1.2210e-01 -5.4930e-01
 -7.3700e-02 -2.7290e-01  9.5850e-01]",113
460,2,"[[ 0.09231928 -0.3022323   0.3277677 ]
 [-0.2808497  -0.309571    0.320429  ]
 [ 0.30181033 -0.13192785  0.49807215]
 [ 0.29987798  0.30958067 -0.32041933]
 [ 0.14435459  0.30830814 -0.32169186]
 [-0.2645853   0.29492803 -0.33507197]]","[1987. 2245.  926. 1852. 2249.  922. 2231. 2249.  922. 1953. 2248.  922.
 1851. 2134. 1037. 2220. 2240.  931.]","[1981. 2234.  929. 1857. 2240.  928. 2221. 2235.  926. 1966. 2239.  921.
 1854. 2123. 1049. 2222. 2223.  941.]","[-1.5381e+01  4.4170e+00  6.4611e+01  1.2210e-01  6.1000e-02 -4.8830e-01
 -7.1800e-02 -2.6810e-01  9.6090e-01]",113
461,2,"[[ 0.08781126 -0.30239065  0.32760935]
 [-0.28307249 -0.30940361  0.32059639]
 [ 0.30167214 -0.13970365  0.49029635]
 [ 0.30034088  0.30960354 -0.32039646]
 [ 0.14900968  0.30839081 -0.32160919]
 [-0.2626226   0.29506969 -0.33493031]]","[1990. 2245.  926. 1852. 2249.  922. 2232. 2249.  922. 1950. 2249.  922.
 1851. 2139. 1032. 2219. 2240.  931.]","[1984. 2235.  929. 1856. 2241.  928. 2223. 2235.  926. 1962. 2240.  921.
 1853. 2128. 1045. 2221. 2224.  941.]","[-1.5375e+01  4.4170e+00  6.4594e+01  6.1000e-02  6.1000e-02 -4.2720e-01
 -7.9100e-02 -2.6510e-01  9.5800e-01]",113
462,2,"[[ 0.08328192 -0.30254823  0.32745177]
 [-0.28517605 -0.3091715   0.3208285 ]
 [ 0.30152959 -0.1478633   0.4821367 ]
 [ 0.30064714  0.30962214 -0.32037786]
 [ 0.15361467  0.30847111 -0.32152889]
 [-0.26061129  0.29521253 -0.33478747]]","[1993. 2245.  926. 1852. 2249.  922. 2233. 2249.  922. 1947. 2249.  922.
 1851. 2144. 1027. 2217. 2240.  931.]","[1986. 2234.  929. 1856. 2240.  929. 2224. 2235.  926. 1960. 2240.  920.
 1852. 2132. 1041. 2220. 2223.  940.]","[-1.5375e+01  4.4170e+00  6.4578e+01  0.0000e+00  6.1000e-02 -3.0520e-01
 -8.2500e-02 -2.6070e-01  9.6000e-01]",113
463,2,"[[ 0.07873235 -0.30270499  0.32729501]
 [-0.28716008 -0.30887841  0.32112159]
 [ 0.30137095 -0.15641416  0.47358584]
 [ 0.30063531  0.30963636 -0.32036364]
 [ 0.15816829  0.308549   -0.321451  ]
 [-0.25855156  0.2953565  -0.3346435 ]]","[1996. 2245.  926. 1852. 2249.  922. 2235. 2249.  922. 1944. 2249.  922.
 1851. 2149. 1022. 2216. 2240.  931.]","[1989. 2235.  929. 1855. 2241.  928. 2226. 2235.  926. 1957. 2240.  920.
 1852. 2137. 1035. 2219. 2224.  941.]","[-15.37     4.417   64.567    0.       0.      -0.2441  -0.0742  -0.2593
   0.9624]",113
464,2,"[[ 0.07416366 -0.30286089  0.32713911]
 [-0.28902434 -0.30852755  0.32147245]
 [ 0.30119033 -0.16535223  0.46464777]
 [ 0.29874152  0.30964489 -0.32035511]
 [ 0.1626693   0.30862447 -0.32137553]
 [-0.25644359  0.29550156 -0.33449844]]","[1999. 2245.  926. 1853. 2249.  922. 2236. 2249.  922. 1941. 2249.  922.
 1851. 2155. 1016. 2215. 2240.  931.]","[1992. 2234.  929. 1855. 2241.  929. 2227. 2235.  927. 1955. 2240.  921.
 1853. 2141. 1031. 2217. 2224.  941.]","[-1.537e+01  4.417e+00  6.455e+01  0.000e+00  6.100e-02 -3.662e-01
 -6.790e-02 -2.607e-01  9.565e-01]",113
465,2,"[[ 0.06957697 -0.30301589  0.32698411]
 [-0.29076864 -0.30812237  0.32187763]
 [ 0.30098478 -0.17467092  0.45532908]
 [ 0.29449766  0.30964716 -0.32035284]
 [ 0.16711649  0.30869749 -0.32130251]
 [-0.25428758  0.29564766 -0.33435234]]","[2002. 2245.  926. 1856. 2249.  922. 2237. 2248.  923. 1939. 2249.  922.
 1851. 2161. 1010. 2213. 2240.  931.]","[1994. 2235.  929. 1855. 2240.  929. 2229. 2236.  927. 1951. 2240.  920.
 1852. 2146. 1026. 2216. 2224.  941.]","[-1.5370e+01  4.4110e+00  6.4534e+01 -6.1000e-02  6.1000e-02 -4.8830e-01
 -7.2800e-02 -2.6120e-01  9.6090e-01]",113
466,2,"[[ 0.06497337 -0.30316995  0.32683005]
 [-0.29239283 -0.30766655  0.32233345]
 [ 0.30075277 -0.18436293  0.44563707]
 [ 0.28792807  0.30964518 -0.32035482]
 [ 0.17150866  0.30876804 -0.32123196]
 [-0.25208374  0.29579475 -0.33420525]]","[2005. 2245.  926. 1860. 2249.  922. 2238. 2248.  923. 1936. 2249.  922.
 1851. 2168. 1003. 2212. 2240.  931.]","[1997. 2235.  929. 1855. 2240.  928. 2230. 2235.  927. 1948. 2240.  921.
 1852. 2152. 1020. 2214. 2224.  940.]","[-1.5370e+01  4.4110e+00  6.4517e+01  0.0000e+00  6.1000e-02 -3.6620e-01
 -7.4200e-02 -2.6220e-01  9.6000e-01]",113
467,2,"[[ 0.060354   -0.30332303  0.32667697]
 [-0.29389683 -0.307164    0.322836  ]
 [ 0.30049346 -0.19442074  0.43557926]
 [ 0.27909337  0.30962302 -0.32037698]
 [ 0.17584463  0.3088361  -0.3211639 ]
 [-0.24983229  0.2959428  -0.3340572 ]]","[2008. 2245.  926. 1866. 2249.  922. 2239. 2248.  923. 1933. 2249.  922.
 1852. 2174.  997. 2210. 2240.  931.]","[2000. 2234.  929. 1855. 2240.  928. 2232. 2235.  927. 1946. 2239.  921.
 1852. 2158. 1018. 2213. 2223.  941.]","[-1.5364e+01  4.4110e+00  6.4501e+01 -6.1000e-02  0.0000e+00 -4.2720e-01
 -7.4700e-02 -2.6270e-01  9.5700e-01]",113
468,2,"[[ 0.05571998 -0.30347508  0.32652492]
 [-0.29528057 -0.3066188   0.3233812 ]
 [ 0.30020631 -0.20483676  0.42516324]
 [ 0.26808281  0.30951271 -0.32048729]
 [ 0.18012325  0.30890163 -0.32109837]
 [-0.24753347  0.29609175 -0.33390825]]","[2011. 2245.  926. 1873. 2249.  922. 2240. 2247.  924. 1930. 2249.  922.
 1852. 2181.  990. 2209. 2241.  930.]","[2002. 2234.  930. 1856. 2241.  928. 2233. 2236.  928. 1943. 2239.  920.
 1852. 2159. 1012. 2211. 2224.  941.]","[-1.5370e+01  4.4060e+00  6.4479e+01 -6.1000e-02  6.1000e-02 -5.4930e-01
 -7.8600e-02 -2.6610e-01  9.6390e-01]",113
469,2,"[[ 0.05107242 -0.30362606  0.32637394]
 [-0.29654408 -0.30603516  0.32396484]
 [ 0.29989093 -0.21560338  0.41439662]
 [ 0.25500835  0.30931894 -0.32068106]
 [ 0.18434338  0.30896463 -0.32103537]
 [-0.24518754  0.29624156 -0.33375844]]","[2014. 2245.  926. 1881. 2249.  922. 2241. 2247.  924. 1927. 2249.  922.
 1852. 2188.  983. 2207. 2241.  930.]","[2003. 2234.  929. 1860. 2240.  928. 2234. 2236.  928. 1941. 2239.  920.
 1852. 2163. 1007. 2210. 2224.  941.]","[-1.5370e+01  4.4060e+00  6.4462e+01 -1.8310e-01  6.1000e-02 -4.2720e-01
 -8.3500e-02 -2.6760e-01  9.4680e-01]",113
470,2,"[[ 0.04641246 -0.30377594  0.32622406]
 [-0.29768741 -0.30541741  0.32458259]
 [ 0.299547   -0.22671299  0.40328701]
 [ 0.24000074  0.30905087 -0.32094913]
 [ 0.1885039   0.30902507 -0.32097493]
 [-0.24279475  0.29639218 -0.33360782]]","[2017. 2246.  925. 1891. 2249.  922. 2242. 2247.  924. 1925. 2249.  922.
 1852. 2195.  976. 2206. 2241.  930.]","[2007. 2235.  929. 1866. 2241.  928. 2235. 2236.  928. 1939. 2239.  921.
 1852. 2168. 1002. 2208. 2224.  941.]","[-15.386    4.4     64.446   -0.6104   0.      -0.3662  -0.084   -0.2666
   0.9551]",113
471,2,"[[ 0.04174123 -0.30392467  0.32607533]
 [-0.29871065 -0.30476993  0.32523007]
 [ 0.29917421 -0.238158    0.391842  ]
 [ 0.22320663  0.3087115  -0.3212885 ]
 [ 0.19260374  0.30908293 -0.32091707]
 [-0.24035537  0.29654358 -0.33345642]]","[2020. 2246.  925. 1902. 2249.  922. 2242. 2246.  925. 1922. 2249.  922.
 1852. 2203.  968. 2204. 2241.  930.]","[2009. 2234.  928. 1873. 2240.  928. 2237. 2236.  928. 1936. 2239.  921.
 1853. 2174.  996. 2207. 2224.  941.]","[-15.414    4.4     64.429   -0.8545   0.      -0.3052  -0.0762  -0.2671
   0.9434]",113
472,2,"[[ 0.03705987 -0.30407222  0.32592778]
 [-0.29961396 -0.30409715  0.32590285]
 [ 0.29877229 -0.24993085  0.38006915]
 [ 0.20478587  0.3083036  -0.3216964 ]
 [ 0.19664181  0.30913819 -0.32086181]
 [-0.2378697   0.2966957  -0.3333043 ]]","[2023. 2246.  925. 1914. 2248.  922. 2243. 2246.  925. 1919. 2249.  922.
 1853. 2210.  961. 2203. 2241.  930.]","[2013. 2234.  928. 1880. 2241.  928. 2238. 2236.  928. 1933. 2239.  923.
 1852. 2179.  991. 2206. 2225.  940.]","[-1.5469e+01  4.4000e+00  6.4407e+01 -2.0752e+00  6.1000e-02 -7.9350e-01
 -8.0600e-02 -2.4560e-01  9.3990e-01]",113
473,2,"[[ 0.0323695  -0.30421854  0.32578146]
 [-0.30039753 -0.30340352  0.32659648]
 [ 0.29834097 -0.26202399  0.36797601]
 [ 0.18490903  0.30783042 -0.32216958]
 [ 0.20061708  0.30919084 -0.32080916]
 [-0.23533804  0.29684849 -0.33315151]]","[2026. 2246.  925. 1927. 2248.  923. 2243. 2245.  926. 1917. 2249.  922.
 1853. 2218.  953. 2201. 2241.  930.]","[2016. 2234.  927. 1890. 2241.  928. 2239. 2236.  928. 1931. 2239.  924.
 1853. 2183.  986. 2204. 2225.  940.]","[-15.546    4.4     64.369   -1.8921   0.3662  -1.0986  -0.0957  -0.252
   1.0205]",113
474,2,"[[ 0.02767128 -0.30436361  0.32563639]
 [-0.30106164 -0.30269343  0.32730657]
 [ 0.29787999 -0.27442994  0.35557006]
 [ 0.16375494  0.30729569 -0.32270431]
 [ 0.20452852  0.30924085 -0.32075915]
 [-0.23276069  0.29700193 -0.33299807]]","[2029. 2246.  925. 1941. 2248.  923. 2244. 2245.  926. 1914. 2249.  922.
 1853. 2226.  945. 2199. 2241.  930.]","[2019. 2234.  927. 1899. 2241.  928. 2240. 2237.  928. 1929. 2239.  924.
 1853. 2188.  981. 2204. 2226.  941.]","[-1.5562e+01  4.4110e+00  6.4319e+01 -6.1000e-02  5.4930e-01 -1.1597e+00
 -7.9600e-02 -2.9100e-01  9.4430e-01]",113
475,2,"[[ 0.02296633 -0.30450737  0.32549263]
 [-0.30160672 -0.30197129  0.32802871]
 [ 0.29738908 -0.28714121  0.34285879]
 [ 0.14150829  0.30670366 -0.32329634]
 [ 0.20837512  0.30928821 -0.32071179]
 [-0.23013798  0.29715596 -0.33284404]]","[2033. 2246.  925. 1955. 2247.  924. 2244. 2244.  927. 1912. 2249.  922.
 1854. 2235.  936. 2198. 2241.  930.]","[2023. 2234.  927. 1911. 2241.  928. 2241. 2238.  927. 1927. 2239.  925.
 1853. 2192.  975. 2202. 2226.  941.]","[-15.645    4.417   64.254   -2.5635   0.3052  -1.709   -0.0898  -0.2637
   0.8926]",113
476,2,"[[ 0.01825581 -0.3046498   0.3253502 ]
 [-0.30203386 -0.3012414   0.3287586 ]
 [ 0.29686797 -0.29207105  0.33792895]
 [ 0.11835745  0.30605901 -0.32394099]
 [ 0.21215591  0.30933291 -0.32066709]
 [-0.22747025  0.29731053 -0.33268947]]","[2036. 2246.  925. 1970. 2247.  924. 2244. 2244.  927. 1909. 2249.  922.
 1854. 2238.  933. 2196. 2241.  930.]","[2026. 2234.  925. 1923. 2241.  928. 2243. 2239.  927. 1925. 2239.  925.
 1853. 2197.  970. 2202. 2227.  940.]","[-15.743    4.422   64.182   -2.5024   0.5493  -1.8311  -0.106   -0.2905
   1.0151]",113
477,2,"[[ 0.01354086 -0.30479086  0.32520914]
 [-0.30234706 -0.300508    0.329492  ]
 [ 0.29631643 -0.2921708   0.3378292 ]
 [ 0.09449223  0.30536685 -0.32463315]
 [ 0.21586993  0.30937493 -0.32062507]
 [-0.22475785  0.29746561 -0.33253439]]","[2039. 2246.  925. 1986. 2247.  924. 2245. 2243.  928. 1907. 2249.  922.
 1854. 2238.  933. 2194. 2241.  930.]","[2028. 2235.  924. 1935. 2241.  928. 2243. 2240.  928. 1924. 2239.  925.
 1854. 2202.  965. 2201. 2228.  940.]","[-15.831    4.438   64.105   -1.8921   0.7935  -1.709   -0.0742  -0.2793
   0.9688]",113
478,2,"[[ 0.00882261 -0.3049305   0.3250695 ]
 [-0.30255761 -0.29977523  0.33022477]
 [ 0.29573418 -0.29227267  0.33772733]
 [ 0.07010194  0.30463265 -0.32536735]
 [ 0.21951624  0.30941425 -0.32058575]
 [-0.22200115  0.29762116 -0.33237884]]","[2042. 2246.  925. 2002. 2246.  925. 2245. 2243.  928. 1904. 2249.  922.
 1855. 2238.  933. 2192. 2242.  929.]","[2032. 2234.  923. 1949. 2241.  928. 2243. 2241.  927. 1921. 2239.  925.
 1853. 2205.  961. 2201. 2229.  940.]","[-1.5908e+01  4.4550e+00  6.4028e+01 -1.9531e+00  7.9350e-01 -1.7090e+00
 -5.9100e-02 -2.5680e-01  9.2970e-01]",113
479,2,"[[ 0.00410223 -0.30506869  0.32493131]
 [-0.30233014 -0.29904696  0.33095304]
 [ 0.29512099 -0.29237661  0.33762339]
 [ 0.04537356  0.30386221 -0.32613779]
 [ 0.22309394  0.30945087 -0.32054913]
 [-0.2192005   0.29777712 -0.33222288]]","[2045. 2246.  925. 2018. 2246.  925. 2245. 2242.  929. 1902. 2249.  922.
 1855. 2238.  933. 2190. 2242.  929.]","[2035. 2234.  924. 1963. 2241.  928. 2244. 2241.  927. 1919. 2239.  926.
 1854. 2208.  959. 2199. 2229.  940.]","[-1.5996e+01  4.4600e+00  6.3951e+01 -2.3193e+00  6.7140e-01 -1.8921e+00
 -5.3700e-02 -2.6070e-01  9.6970e-01]",113
480,2,"[[-0.00061915 -0.30520541  0.32479459]
 [-0.30016325 -0.2983252   0.3316748 ]
 [ 0.29447661 -0.29248257  0.33751743]
 [ 0.02049009  0.30306164 -0.32693836]
 [ 0.22660214  0.30948477 -0.32051523]
 [-0.21635631  0.29793346 -0.33206654]]","[2048. 2246.  925. 2034. 2245.  926. 2243. 2242.  929. 1900. 2249.  922.
 1856. 2238.  933. 2189. 2242.  929.]","[2039. 2234.  924. 1978. 2241.  928. 2244. 2241.  928. 1916. 2239.  925.
 1855. 2208.  957. 2197. 2230.  939.]","[-1.6089e+01  4.4710e+00  6.3858e+01 -2.3193e+00  9.1550e-01 -2.0752e+00
 -3.2700e-02 -2.7250e-01  9.6580e-01]",113
481,2,"[[-0.00534039 -0.30534061  0.32465939]
 [-0.29585698 -0.2976124   0.3323876 ]
 [ 0.2938008  -0.29259049  0.33740951]
 [-0.00437088  0.30223726 -0.32776274]
 [ 0.23003998  0.30951594 -0.32048406]
 [-0.21346898  0.29809013 -0.33190987]]","[2051. 2247.  924. 2050. 2245.  926. 2240. 2242.  929. 1898. 2249.  922.
 1856. 2238.  933. 2187. 2242.  929.]","[2042. 2234.  924. 1994. 2241.  928. 2244. 2241.  928. 1913. 2239.  925.
 1855. 2209.  956. 2194. 2230.  939.]","[-1.6155e+01  4.4710e+00  6.3754e+01 -1.4038e+00  9.1550e-01 -2.5635e+00
 -6.1500e-02 -2.9690e-01  9.4630e-01]",113
482,2,"[[-0.01006032 -0.30547425  0.32452575]
 [-0.28946933 -0.29691262  0.33308738]
 [ 0.29309332 -0.29270031  0.33729969]
 [-0.02903837  0.30139556 -0.32860444]
 [ 0.2334066   0.30954436 -0.32045564]
 [-0.2105389   0.29824709 -0.33175291]]","[2054. 2247.  924. 2066. 2244.  927. 2236. 2241.  930. 1895. 2249.  922.
 1856. 2238.  933. 2185. 2242.  929.]","[2044. 2234.  924. 2009. 2241.  928. 2244. 2242.  928. 1911. 2239.  925.
 1857. 2209.  955. 2193. 2231.  939.]","[-16.205    4.466   63.649   -1.0986   0.6714  -2.3804  -0.0688  -0.312
   0.9546]",113
483,2,"[[-0.01477781 -0.30560631  0.32439369]
 [-0.28108003 -0.29622991  0.33377009]
 [ 0.29235393 -0.29281199  0.33718801]
 [-0.05334912  0.30054318 -0.32945682]
 [ 0.23670119  0.30957004 -0.32042996]
 [-0.20756651  0.2984043  -0.3315957 ]]","[2057. 2247.  924. 2082. 2243.  928. 2231. 2241.  930. 1893. 2249.  922.
 1857. 2238.  933. 2183. 2242.  929.]","[2047. 2235.  923. 2024. 2240.  928. 2243. 2242.  928. 1908. 2239.  925.
 1857. 2209.  955. 2191. 2230.  939.]","[-16.243    4.46    63.572   -0.6104   0.4883  -1.77    -0.0757  -0.3213
   0.9512]",113
484,2,"[[-0.01949172 -0.30573675  0.32426325]
 [-0.27078544 -0.29556825  0.33443175]
 [ 0.29158241 -0.29292547  0.33707453]
 [-0.07714838  0.29968682 -0.33031318]
 [ 0.23992296  0.30959296 -0.32040704]
 [-0.20455225  0.29856172 -0.33143828]]","[2060. 2247.  924. 2098. 2243.  928. 2224. 2240.  931. 1891. 2249.  922.
 1857. 2238.  933. 2181. 2242.  929.]","[2049. 2235.  924. 2041. 2241.  928. 2240. 2241.  929. 1906. 2239.  925.
 1857. 2209.  954. 2189. 2230.  939.]","[-16.26     4.455   63.523   -0.1221   0.3052  -1.0376  -0.0786  -0.3071
   0.9507]",113
485,2,"[[-0.02420088 -0.30586553  0.32413447]
 [-0.25869476 -0.29493147  0.33506853]
 [ 0.29077853 -0.2930407   0.3369593 ]
 [-0.1002906   0.29883321 -0.33116679]
 [ 0.24307114  0.30961312 -0.32038688]
 [-0.20149655  0.29871931 -0.33128069]]","[2063. 2247.  924. 2113. 2242.  929. 2216. 2240.  931. 1889. 2249.  922.
 1858. 2239.  932. 2179. 2242.  929.]","[2052. 2236.  924. 2057. 2240.  928. 2235. 2241.  929. 1904. 2239.  925.
 1858. 2209.  954. 2187. 2231.  938.]","[-16.265    4.449   63.495    0.       0.1221  -0.4272  -0.0732  -0.2876
   0.9634]",113
486,2,"[[-0.02890418 -0.30599263  0.32400737]
 [-0.24492744 -0.29432328  0.33567672]
 [ 0.28994207 -0.29315763  0.33684237]
 [-0.12263994  0.29798903 -0.33201097]
 [ 0.24614498  0.3096305  -0.3203695 ]
 [-0.19839989  0.29887702 -0.33112298]]","[2066. 2247.  924. 2127. 2242.  929. 2207. 2239.  932. 1887. 2249.  922.
 1858. 2239.  932. 2177. 2242.  929.]","[2054. 2235.  924. 2072. 2240.  929. 2229. 2241.  930. 1902. 2239.  925.
 1858. 2209.  954. 2185. 2230.  938.]","[-1.6265e+01  4.4550e+00  6.3484e+01  6.1000e-02  1.8310e-01 -1.2210e-01
 -7.6700e-02 -2.6460e-01  9.4970e-01]",113
487,2,"[[-0.03360045 -0.30611801  0.32388199]
 [-0.22961119 -0.29374723  0.33625277]
 [ 0.28907281 -0.2932762   0.3367238 ]
 [-0.14407058  0.29716088 -0.33283912]
 [ 0.24914374  0.30964511 -0.32035489]
 [-0.19526273  0.29903481 -0.33096519]]","[2069. 2247.  924. 2141. 2241.  930. 2197. 2239.  932. 1885. 2249.  922.
 1859. 2239.  932. 2175. 2242.  929.]","[2057. 2236.  924. 2089. 2240.  929. 2222. 2241.  931. 1901. 2239.  925.
 1859. 2209.  954. 2183. 2231.  938.]","[-1.6265e+01  4.4550e+00  6.3479e+01  0.0000e+00  6.1000e-02  0.0000e+00
 -7.8600e-02 -2.4850e-01  9.6240e-01]",113
488,2,"[[-0.03828857 -0.30624164  0.32375836]
 [-0.21288019 -0.29320669  0.33679331]
 [ 0.28817055 -0.29339637  0.33660363]
 [-0.164467    0.29635522 -0.33364478]
 [ 0.25206674  0.30965694 -0.32034306]
 [-0.19208556  0.29919265 -0.33080735]]","[2072. 2247.  924. 2155. 2241.  930. 2186. 2239.  932. 1883. 2249.  922.
 1860. 2239.  932. 2173. 2243.  928.]","[2060. 2236.  924. 2104. 2239.  929. 2215. 2240.  931. 1898. 2239.  925.
 1860. 2209.  954. 2181. 2231.  937.]","[-16.265    4.455   63.479   -0.1831   0.1221   0.      -0.0933  -0.2466
   0.9624]",113
489,2,"[[-0.04296738 -0.3063635   0.3236365 ]
 [-0.19487359 -0.29270483  0.33729517]
 [ 0.28723508 -0.29351809  0.33648191]
 [-0.18372399  0.29557831 -0.33442169]
 [ 0.2549133   0.30966602 -0.32033398]
 [-0.18886887  0.29935049 -0.33064951]]","[2076. 2247.  924. 2167. 2240.  931. 2175. 2238.  933. 1881. 2249.  922.
 1860. 2239.  932. 2171. 2243.  928.]","[2062. 2235.  924. 2118. 2238.  929. 2206. 2240.  931. 1897. 2239.  925.
 1860. 2209.  954. 2179. 2231.  937.]","[-1.6276e+01  4.4600e+00  6.3484e+01 -4.2720e-01  6.1000e-02  1.8310e-01
 -8.9800e-02 -2.5340e-01  9.5410e-01]",113
490,2,"[[-0.04763577 -0.30648354  0.32351646]
 [-0.17573402 -0.29224458  0.33775542]
 [ 0.2862662  -0.2936413   0.3363587 ]
 [-0.2017467   0.29483616 -0.33516384]
 [ 0.25768275  0.30967247 -0.32032753]
 [-0.18561316  0.29950829 -0.33049171]]","[2079. 2247.  924. 2179. 2240.  931. 2162. 2238.  933. 1880. 2249.  922.
 1861. 2239.  932. 2169. 2243.  928.]","[2065. 2236.  924. 2132. 2238.  930. 2196. 2240.  931. 1894. 2239.  925.
 1861. 2209.  954. 2177. 2232.  936.]","[-16.282    4.471   63.495   -0.4883   0.       0.1831  -0.0806  -0.2642
   0.9595]",113
491,2,"[[-0.05229258 -0.30660174  0.32339826]
 [-0.15560631 -0.26783172  0.36216828]
 [ 0.28526371 -0.29376596  0.33623404]
 [-0.21845052  0.29413449 -0.33586551]
 [ 0.26037448  0.30967664 -0.32032336]
 [-0.18231897  0.29966602 -0.33033398]]","[2082. 2247.  924. 2190. 2239.  932. 2149. 2222.  949. 1878. 2249.  922.
 1862. 2239.  932. 2166. 2243.  928.]","[2068. 2235.  924. 2145. 2238.  930. 2185. 2240.  932. 1893. 2239.  925.
 1862. 2210.  954. 2175. 2232.  936.]","[-1.6298e+01  4.4770e+00  6.3506e+01 -6.1040e-01  6.1000e-02  3.6620e-01
 -7.8100e-02 -2.7490e-01  9.5510e-01]",113
492,2,"[[-0.0569367  -0.30671807  0.32328193]
 [-0.13463633 -0.2186115   0.4113885 ]
 [ 0.28422742 -0.29389202  0.33610798]
 [-0.23376088  0.29347869 -0.33652131]
 [ 0.26298787  0.30967775 -0.32032225]
 [-0.17898681  0.29982363 -0.33017637]]","[2085. 2247.  924. 2200. 2239.  932. 2135. 2190.  981. 1876. 2249.  922.
 1862. 2239.  932. 2164. 2243.  928.]","[2071. 2235.  924. 2157. 2237.  931. 2174. 2238.  935. 1890. 2239.  925.
 1863. 2211.  954. 2172. 2233.  936.]","[-1.6309e+01  4.4820e+00  6.3523e+01 -6.1040e-01 -6.1000e-02  4.2720e-01
 -6.3500e-02 -2.9200e-01  9.5950e-01]",113
493,2,"[[-0.06156699 -0.3068325   0.3231675 ]
 [-0.11296987 -0.17591697  0.45408303]
 [ 0.28315715 -0.29401942  0.33598058]
 [-0.24761309  0.29287377 -0.33712623]
 [ 0.26552234  0.30965062 -0.32034938]
 [-0.17561724  0.29998108 -0.33001892]]","[2088. 2248.  923. 2209. 2238.  933. 2121. 2162. 1009. 1874. 2249.  922.
 1863. 2239.  932. 2162. 2243.  928.]","[2074. 2236.  925. 2170. 2237.  931. 2161. 2225.  946. 1889. 2239.  925.
 1864. 2211.  954. 2170. 2232.  936.]","[-1.6326e+01  4.4820e+00  6.3534e+01 -6.1040e-01  0.0000e+00  1.8310e-01
 -5.9100e-02 -2.9300e-01  9.4630e-01]",113
494,2,"[[-0.06618233 -0.306945    0.323055  ]
 [-0.09075176 -0.13999968  0.49000032]
 [ 0.28205272 -0.29414813  0.33585187]
 [-0.25995197  0.29232431 -0.33767569]
 [ 0.26797734  0.30953764 -0.32046236]
 [-0.1722108   0.30013833 -0.32986167]]","[2091. 2248.  923. 2217. 2238.  933. 2107. 2139. 1032. 1873. 2249.  922.
 1864. 2239.  932. 2160. 2243.  928.]","[2077. 2235.  925. 2180. 2236.  932. 2148. 2206.  965. 1886. 2239.  925.
 1865. 2211.  954. 2169. 2233.  936.]","[-16.348    4.482   63.523   -0.6104   0.      -0.1831  -0.0674  -0.2964
   0.9629]",113
495,2,"[[-0.0707816  -0.30705555  0.32294445]
 [-0.06812502 -0.11107143  0.51892857]
 [ 0.28091396 -0.29427809  0.33572191]
 [-0.27073163  0.26860403 -0.36139597]
 [ 0.27035233  0.30935571 -0.32064429]
 [-0.16876806  0.30029536 -0.32970464]]","[2094. 2248.  923. 2224. 2223.  948. 2092. 2120. 1051. 1871. 2249.  922.
 1864. 2239.  932. 2158. 2243.  928.]","[2079. 2235.  925. 2190. 2236.  932. 2135. 2184.  987. 1884. 2239.  925.
 1865. 2212.  953. 2166. 2233.  935.]","[-16.37     4.477   63.495   -0.4883   0.1221  -0.6104  -0.0713  -0.2832
   0.9302]",113
496,2,"[[-0.07536368 -0.30716411  0.32283589]
 [-0.04523011 -0.08930297  0.54069703]
 [ 0.2797407  -0.29440926  0.33559074]
 [-0.27991508  0.21172497 -0.41827503]
 [ 0.27264679  0.30911168 -0.32088832]
 [-0.1652896   0.30045211 -0.32954789]]","[2097. 2248.  923. 2230. 2186.  985. 2077. 2106. 1065. 1870. 2249.  922.
 1865. 2239.  932. 2155. 2243.  928.]","[2083. 2235.  925. 2199. 2233.  934. 2121. 2163. 1008. 1882. 2239.  925.
 1866. 2212.  952. 2163. 2233.  935.]","[-16.386    4.466   63.479   -0.3662   0.      -0.5493  -0.0825  -0.3027
   0.9873]",113
497,2,"[[-0.07992746 -0.30727067  0.32272933]
 [-0.02220436 -0.07482297  0.55517703]
 [ 0.27853278 -0.29454158  0.33545842]
 [-0.28747395  0.16370023 -0.46629977]
 [ 0.27486026  0.30880885 -0.32119115]
 [-0.16177599  0.30060854 -0.32939146]]","[2100. 2248.  923. 2235. 2154. 1017. 2062. 2096. 1075. 1868. 2249.  922.
 1866. 2240.  931. 2153. 2243.  928.]","[2085. 2235.  924. 2207. 2222.  947. 2106. 2144. 1026. 1881. 2238.  925.
 1867. 2211.  950. 2162. 2233.  935.]","[-1.6397e+01  4.4770e+00  6.3468e+01 -3.0520e-01  2.4410e-01 -6.1000e-02
 -9.2800e-02 -2.7780e-01  9.3360e-01]",113
498,2,"[[-0.08447183 -0.30737519  0.32262481]
 [ 0.00081858 -0.06771739  0.56228261]
 [ 0.27729005 -0.29467503  0.33532497]
 [-0.29338809  0.12487869 -0.50512131]
 [ 0.27699225  0.3084504  -0.3215496 ]
 [-0.15822785  0.30076464 -0.32923536]]","[2103. 2248.  923. 2239. 2129. 1042. 2047. 2092. 1079. 1867. 2249.  922.
 1867. 2240.  931. 2151. 2244.  927.]","[2088. 2235.  921. 2217. 2203.  968. 2092. 2128. 1044. 1880. 2237.  925.
 1868. 2212.  950. 2158. 2234.  935.]","[-1.6408e+01  4.4770e+00  6.3468e+01 -2.4410e-01  0.0000e+00 -6.1000e-02
 -8.1500e-02 -2.7980e-01  9.6780e-01]",113
499,2,"[[-0.08899569 -0.30747766  0.32252234]
 [ 0.02370915 -0.06810927  0.56189073]
 [ 0.27601236 -0.29480954  0.33519046]
 [-0.29764525  0.0955362  -0.5344638 ]
 [ 0.27904234  0.30803975 -0.32196025]
 [-0.15464577  0.30092034 -0.32907966]]","[2106. 2248.  923. 2242. 2110. 1061. 2032. 2092. 1079. 1866. 2248.  923.
 1868. 2240.  931. 2148. 2244.  927.]","[2091. 2235.  920. 2226. 2179.  992. 2078. 2116. 1057. 1879. 2237.  926.
 1868. 2215.  949. 2155. 2235.  934.]","[-16.447    4.521   63.463   -1.0986   0.9155   0.1221  -0.1353  -0.248
   0.8687]",113
500,2,"[[-0.09349793 -0.30757803  0.32242197]
 [ 0.04634225 -0.07219055  0.55780945]
 [ 0.27469957 -0.29494508  0.33505492]
 [-0.30024072  0.07587388 -0.55412612]
 [ 0.2810101   0.30758053 -0.32241947]
 [-0.15103038  0.30107562 -0.32892438]]","[2108. 2248.  923. 2243. 2097. 1074. 2017. 2095. 1076. 1864. 2248.  923.
 1868. 2240.  931. 2146. 2244.  927.]","[2095. 2235.  919. 2232. 2151. 1020. 2058. 2106. 1066. 1876. 2237.  925.
 1869. 2217.  948. 2149. 2236.  934.]","[-16.551    4.631   63.517   -2.9297   1.8921   1.9531  -0.1543  -0.2026
   0.8818]",113
501,2,"[[-0.09797748 -0.3076763   0.3223237 ]
 [ 0.06859752 -0.07282964  0.55717036]
 [ 0.27335154 -0.2950816   0.3349184 ]
 [-0.30116951  0.06601701 -0.56398299]
 [ 0.28289515  0.30707655 -0.32292345]
 [-0.14738231  0.30123044 -0.32876956]]","[2111. 2248.  923. 2244. 2091. 1080. 2003. 2095. 1076. 1863. 2248.  923.
 1869. 2240.  931. 2144. 2244.  927.]","[2098. 2235.  919. 2235. 2136. 1036. 2048. 2103. 1069. 1874. 2237.  925.
 1870. 2219.  947. 2145. 2236.  934.]","[-16.71     4.73    63.605   -4.6997   1.2817   2.7466  -0.083   -0.1978
   1.0381]",113
502,2,"[[-0.10243323 -0.30777244  0.32222756]
 [ 0.09035955 -0.07324271  0.55675729]
 [ 0.27196816 -0.29521906  0.33478094]
 [-0.30102274  0.06604422 -0.56395578]
 [ 0.28469713  0.30653176 -0.32346824]
 [-0.1437022   0.30138477 -0.32861523]]","[2114. 2248.  923. 2244. 2091. 1080. 1989. 2095. 1076. 1862. 2247.  924.
 1870. 2240.  931. 2141. 2244.  927.]","[2103. 2235.  920. 2240. 2120. 1051. 2033. 2101. 1072. 1870. 2237.  925.
 1870. 2222.  945. 2143. 2237.  933.]","[-16.793    4.774   63.688   -3.0518   0.1831   2.1973  -0.0869  -0.2251
   1.1104]",113
503,2,"[[-0.1068641  -0.30786642  0.32213358]
 [ 0.11151806 -0.07382158  0.55617842]
 [ 0.2705493  -0.29535741  0.33464259]
 [-0.30086884  0.07171749 -0.55828251]
 [ 0.28641568  0.30595024 -0.32404976]
 [-0.1399907   0.30153856 -0.32846144]]","[2117. 2248.  923. 2244. 2094. 1077. 1975. 2096. 1075. 1861. 2247.  924.
 1871. 2240.  931. 2139. 2244.  927.]","[2108. 2234.  920. 2243. 2109. 1062. 2018. 2099. 1073. 1868. 2237.  926.
 1871. 2224.  943. 2142. 2238.  933.]","[-1.6815e+01  4.7960e+00  6.3776e+01 -1.5869e+00 -1.8310e-01  2.1973e+00
 -5.0300e-02 -2.5880e-01  9.0480e-01]",113
504,2,"[[-0.11126903 -0.30795822  0.32204178]
 [ 0.13196802 -0.0746345   0.5553655 ]
 [ 0.26909484 -0.29549661  0.33450339]
 [-0.30074961  0.07414208 -0.55585792]
 [ 0.28805048  0.30533612 -0.32466388]
 [-0.13624847  0.30169178 -0.32830822]]","[2120. 2248.  923. 2244. 2096. 1075. 1961. 2096. 1075. 1860. 2247.  924.
 1872. 2240.  931. 2136. 2244.  927.]","[2115. 2235.  922. 2244. 2103. 1068. 2004. 2098. 1074. 1866. 2237.  926.
 1871. 2226.  941. 2141. 2239.  932.]","[-1.7045e+01  4.8450e+00  6.3836e+01 -3.9673e+00  7.3240e-01  3.0520e-01
 -1.4200e-02 -3.4230e-01  9.7410e-01]",113
505,2,"[[-0.11564693 -0.30804782  0.32195218]
 [ 0.15160975 -0.07570954  0.55429046]
 [ 0.26760469 -0.29563661  0.33436339]
 [-0.30063962  0.07665814 -0.55334186]
 [ 0.28960126  0.30469361 -0.32530639]
 [-0.13247617  0.3018444  -0.3281556 ]]","[2123. 2248.  923. 2243. 2097. 1073. 1949. 2097. 1074. 1859. 2246.  925.
 1873. 2240.  931. 2134. 2244.  927.]","[2119. 2235.  926. 2243. 2101. 1070. 1988. 2098. 1074. 1863. 2237.  926.
 1872. 2228.  940. 2138. 2240.  932.]","[-1.7144e+01  4.8450e+00  6.3787e+01 -1.5259e+00  5.4930e-01 -1.7090e+00
 -5.7100e-02 -3.6380e-01  9.1800e-01]",113
506,2,"[[-0.11999676 -0.30813521  0.32186479]
 [ 0.17034895 -0.0770696   0.5529304 ]
 [ 0.26607875 -0.29577739  0.33422261]
 [-0.30052503  0.0796443  -0.5503557 ]
 [ 0.29106772  0.30402693 -0.32597307]
 [-0.1286745   0.30199638 -0.32800362]]","[2126. 2248.  923. 2243. 2099. 1072. 1936. 2098. 1073. 1858. 2246.  925.
 1874. 2240.  931. 2131. 2244.  927.]","[2121. 2234.  926. 2243. 2100. 1072. 1975. 2098. 1074. 1862. 2237.  926.
 1873. 2229.  939. 2136. 2240.  931.]","[-17.21     4.828   63.71    -1.4648   0.6714  -2.0752  -0.0679  -0.3711
   0.9077]",113
507,2,"[[-0.12431744 -0.30822035  0.32177965]
 [ 0.18809677 -0.07873716  0.55126284]
 [ 0.26451692 -0.29591889  0.33408111]
 [-0.30039879  0.08314213 -0.54685787]
 [ 0.29244963  0.3033403  -0.3266597 ]
 [-0.12484415  0.30214768 -0.32785232]]","[2129. 2248.  923. 2243. 2102. 1069. 1925. 2099. 1072. 1857. 2245.  926.
 1875. 2240.  931. 2129. 2244.  926.]","[2124. 2234.  926. 2243. 2100. 1072. 1962. 2099. 1074. 1860. 2237.  927.
 1873. 2230.  938. 2134. 2240.  931.]","[-17.287    4.818   63.627   -1.6479   0.6714  -1.8921  -0.1123  -0.3794
   0.9487]",113
508,2,"[[-0.12860793 -0.30830323  0.32169677]
 [ 0.20476985 -0.08073505  0.54926495]
 [ 0.26291913 -0.29606108  0.33393892]
 [-0.30025732  0.08715106 -0.54284894]
 [ 0.29374676  0.30263791 -0.32736209]
 [-0.12098581  0.30229827 -0.32770173]]","[2131. 2248.  922. 2243. 2104. 1067. 1914. 2100. 1071. 1856. 2245.  926.
 1876. 2241.  930. 2126. 2245.  926.]","[2126. 2234.  926. 2243. 2101. 1070. 1949. 2099. 1073. 1859. 2237.  927.
 1874. 2230.  938. 2132. 2240.  930.]","[-17.364    4.812   63.55    -0.7324   0.3052  -1.0986  -0.1367  -0.376
   0.9585]",113
509,2,"[[-0.1328672  -0.30838383  0.32161617]
 [ 0.22029027 -0.08308658  0.54691342]
 [ 0.26128529 -0.29620391  0.33379609]
 [-0.30009876  0.09166453 -0.53833547]
 [ 0.29495891  0.30192394 -0.32807606]
 [-0.11710019  0.30244812 -0.32755188]]","[2134. 2249.  922. 2243. 2107. 1064. 1904. 2102. 1069. 1855. 2244.  927.
 1877. 2241.  930. 2124. 2245.  926.]","[2128. 2235.  926. 2244. 2102. 1069. 1938. 2099. 1072. 1858. 2237.  927.
 1875. 2230.  938. 2130. 2240.  929.]","[-1.7408e+01  4.8070e+00  6.3517e+01  0.0000e+00 -6.1000e-02 -6.1000e-02
 -1.4210e-01 -3.6280e-01  9.3120e-01]",113
510,2,"[[-0.1370942  -0.30846213  0.32153787]
 [ 0.23458562 -0.08581549  0.54418451]
 [ 0.25961535 -0.29634734  0.33365266]
 [-0.2999221   0.09667476 -0.53332524]
 [ 0.2960859   0.30120249 -0.32879751]
 [-0.11318801  0.30259719 -0.32740281]]","[2137. 2249.  922. 2243. 2111. 1060. 1895. 2103. 1068. 1854. 2244.  927.
 1878. 2241.  930. 2121. 2245.  926.]","[2129. 2235.  926. 2243. 2105. 1067. 1926. 2101. 1071. 1857. 2237.  928.
 1876. 2230.  938. 2127. 2240.  929.]","[-17.43     4.812   63.523    0.3052  -0.1831   0.6104  -0.1299  -0.3428
   0.937 ]",113
511,2,"[[-0.14128791 -0.30853811  0.32146189]
 [ 0.24758901 -0.08894583  0.54105417]
 [ 0.25790925 -0.29649134  0.33350866]
 [-0.29972675  0.10217355 -0.52782645]
 [ 0.29712758  0.3004776  -0.3295224 ]
 [-0.10925001  0.30274545 -0.32725455]]","[2140. 2249.  922. 2243. 2114. 1057. 1886. 2105. 1065. 1854. 2243.  928.
 1879. 2241.  930. 2119. 2245.  926.]","[2129. 2234.  925. 2243. 2108. 1064. 1915. 2102. 1070. 1856. 2237.  928.
 1877. 2230.  938. 2125. 2241.  929.]","[-17.441    4.823   63.55     0.4272  -0.1831   0.8545  -0.1074  -0.3208
   0.9536]",113
512,2,"[[-0.1454473  -0.30861176  0.32138824]
 [ 0.25923905 -0.0925019   0.5374981 ]
 [ 0.25616693 -0.29663586  0.33336414]
 [-0.29951233  0.10815247 -0.52184753]
 [ 0.29808383  0.29975323 -0.33024677]
 [-0.10528692  0.30289286 -0.32710714]]","[2142. 2249.  922. 2243. 2118. 1053. 1879. 2108. 1063. 1853. 2243.  928.
 1881. 2241.  930. 2116. 2245.  926.]","[2131. 2234.  924. 2243. 2110. 1062. 1906. 2103. 1068. 1855. 2237.  929.
 1878. 2230.  937. 2122. 2240.  930.]","[-17.441    4.834   63.589    0.6104  -0.1831   0.7935  -0.084   -0.2954
   0.9502]",113
513,2,"[[-0.14957138 -0.30868305  0.32131695]
 [ 0.26947993 -0.09650805  0.53349195]
 [ 0.25438836 -0.29678088  0.33321912]
 [-0.29927857  0.11460296 -0.51539704]
 [ 0.29895452  0.29903324 -0.33096676]
 [-0.10129948  0.3030394  -0.3269606 ]]","[2145. 2249.  922. 2243. 2122. 1049. 1872. 2110. 1061. 1853. 2242.  929.
 1882. 2241.  930. 2114. 2245.  926.]","[2135. 2235.  923. 2243. 2115. 1057. 1894. 2106. 1065. 1855. 2236.  930.
 1879. 2230.  936. 2120. 2240.  929.]","[-17.43     4.85    63.616    0.4272   0.       0.5493  -0.0649  -0.2798
   0.936 ]",113
514,2,"[[-0.15365914 -0.30875198  0.32124802]
 [ 0.27826144 -0.10098857  0.52901143]
 [ 0.2525735  -0.29692634  0.33307366]
 [-0.29902524  0.12151633 -0.50848367]
 [ 0.2997396   0.29832141 -0.33167859]
 [-0.09728846  0.30318502 -0.32681498]]","[2148. 2249.  922. 2242. 2127. 1044. 1866. 2113. 1058. 1852. 2242.  929.
 1883. 2241.  930. 2111. 2245.  926.]","[2138. 2235.  923. 2244. 2119. 1054. 1885. 2108. 1063. 1854. 2234.  930.
 1881. 2230.  935. 2118. 2240.  929.]","[-1.7430e+01  4.8670e+00  6.3633e+01  1.2210e-01  1.8310e-01  1.8310e-01
 -4.9800e-02 -2.6810e-01  9.3750e-01]",113
515,2,"[[-0.15770959 -0.30881853  0.32118147]
 [ 0.285539   -0.10596756  0.52403244]
 [ 0.25072233 -0.29707221  0.33292779]
 [-0.29875212  0.12888381 -0.50111619]
 [ 0.30043898  0.2976214  -0.3323786 ]
 [-0.09325461  0.3033297  -0.3266703 ]]","[2150. 2249.  922. 2242. 2132. 1039. 1861. 2117. 1054. 1852. 2242.  929.
 1884. 2241.  930. 2108. 2245.  926.]","[2140. 2235.  923. 2243. 2121. 1051. 1881. 2110. 1061. 1854. 2233.  931.
 1881. 2230.  935. 2118. 2240.  930.]","[-1.7435e+01  4.8780e+00  6.3633e+01 -3.6620e-01  4.8830e-01 -2.4410e-01
 -4.5900e-02 -2.6420e-01  9.4780e-01]",113
516,2,"[[-0.16172173 -0.30888268  0.32111732]
 [ 0.29127381 -0.11146873  0.51853127]
 [ 0.24883482 -0.29721846  0.33278154]
 [-0.29845902  0.13669656 -0.49330344]
 [ 0.30105265  0.29693674 -0.33306326]
 [-0.08919871  0.3034734  -0.3265266 ]]","[2153. 2249.  922. 2242. 2137. 1034. 1858. 2120. 1051. 1851. 2241.  930.
 1885. 2241.  930. 2106. 2245.  926.]","[2143. 2234.  923. 2243. 2126. 1047. 1874. 2113. 1059. 1853. 2233.  931.
 1883. 2230.  935. 2116. 2240.  930.]","[-1.7457e+01  4.8890e+00  6.3611e+01 -6.7140e-01  6.1040e-01 -7.9350e-01
 -5.8600e-02 -2.6760e-01  9.5210e-01]",113
517,2,"[[-0.16569461 -0.30894442  0.32105558]
 [ 0.29543289 -0.1175153   0.5124847 ]
 [ 0.24691099 -0.29736505  0.33263495]
 [-0.29814575  0.14494566 -0.48505434]
 [ 0.30158064  0.29627087 -0.33372913]
 [-0.08512153  0.3036161  -0.3263839 ]]","[2156. 2249.  922. 2242. 2142. 1029. 1855. 2124. 1047. 1851. 2241.  930.
 1887. 2241.  930. 2103. 2245.  926.]","[2146. 2234.  924. 2243. 2130. 1042. 1868. 2116. 1056. 1853. 2232.  931.
 1884. 2230.  934. 2113. 2240.  930.]","[-17.485    4.894   63.572   -0.9766   0.6104  -0.9766  -0.0854  -0.2852
   0.9502]",113
518,2,"[[-0.16962725 -0.30900373  0.32099627]
 [ 0.2979892  -0.12412979  0.50587021]
 [ 0.24495082 -0.29751193  0.33248807]
 [-0.2978121   0.15362217 -0.47637783]
 [ 0.3020231   0.2956271  -0.3343729 ]
 [-0.08102388  0.30375776 -0.32624224]]","[2158. 2249.  922. 2242. 2148. 1023. 1853. 2128. 1043. 1851. 2240.  931.
 1888. 2241.  930. 2100. 2246.  925.]","[2149. 2234.  924. 2243. 2135. 1037. 1863. 2119. 1052. 1851. 2232.  931.
 1886. 2231.  935. 2110. 2240.  930.]","[-17.523    4.905   63.534   -1.0376   0.4883  -0.6714  -0.1138  -0.3037
   0.9556]",113
519,2,"[[-0.1735187  -0.30906061  0.32093939]
 [ 0.29891422 -0.13133387  0.49866613]
 [ 0.24295433 -0.29765909  0.33234091]
 [-0.29745788  0.1627171  -0.4672829 ]
 [ 0.30238073  0.29500859 -0.33499141]
 [-0.07690653  0.30389834 -0.32610166]]","[2161. 2249.  922. 2241. 2154. 1017. 1853. 2133. 1038. 1850. 2240.  931.
 1889. 2242.  929. 2098. 2246.  925.]","[2153. 2235.  924. 2243. 2142. 1030. 1858. 2124. 1047. 1848. 2231.  931.
 1887. 2231.  935. 2106. 2240.  930.]","[-17.562    4.911   63.506   -0.9766   0.3662  -0.1831  -0.1235  -0.3213
   0.9546]",113
520,2,"[[-0.17736801 -0.30911503  0.32088497]
 [ 0.29876412 -0.13913485  0.49086515]
 [ 0.24092153 -0.29780647  0.33219353]
 [-0.2970829   0.17222142 -0.45777858]
 [ 0.30265601  0.29441838 -0.33558162]
 [-0.07277031  0.30403783 -0.32596217]]","[2163. 2249.  922. 2241. 2160. 1011. 1853. 2138. 1033. 1850. 2239.  932.
 1890. 2242.  929. 2095. 2246.  925.]","[2155. 2234.  923. 2243. 2148. 1025. 1856. 2129. 1043. 1848. 2231.  932.
 1889. 2232.  935. 2103. 2240.  930.]","[-17.589    4.927   63.495   -0.6104   0.1831   0.2441  -0.1216  -0.3271
   0.9512]",113
521,2,"[[-0.18117425 -0.309167    0.320833  ]
 [ 0.29860398 -0.14728267  0.48271733]
 [ 0.23885247 -0.29795405  0.33204595]
 [-0.29668696  0.18212609 -0.44787391]
 [ 0.30285628  0.29385937 -0.33614063]
 [-0.06861601  0.30417619 -0.32582381]]","[2166. 2249.  922. 2241. 2166. 1005. 1853. 2144. 1027. 1850. 2239.  932.
 1892. 2242.  929. 2092. 2246.  925.]","[2158. 2234.  923. 2243. 2153. 1019. 1854. 2133. 1039. 1848. 2231.  933.
 1890. 2233.  934. 2099. 2240.  930.]","[-1.7611e+01  4.9440e+00  6.3512e+01 -4.2720e-01  6.1000e-02  4.8830e-01
 -1.0400e-01 -3.3250e-01  9.3510e-01]",113
522,2,"[[-0.1849365  -0.30921649  0.32078351]
 [ 0.29847877 -0.15574433  0.47425567]
 [ 0.23674716 -0.29810179  0.33189821]
 [-0.29626987  0.19242208 -0.43757792]
 [ 0.30294144  0.29333425 -0.33666575]
 [-0.06444446  0.30431339 -0.32568661]]","[2168. 2249.  922. 2241. 2173.  998. 1853. 2149. 1022. 1850. 2239.  932.
 1893. 2242.  929. 2090. 2246.  925.]","[2160. 2235.  923. 2243. 2157. 1015. 1854. 2136. 1035. 1848. 2231.  933.
 1891. 2233.  934. 2098. 2240.  930.]","[-17.633    4.966   63.534   -0.5493   0.1221   0.6104  -0.0845  -0.3271
   0.936 ]",113
523,2,"[[-0.18865383 -0.30926349  0.32073651]
 [ 0.29836315 -0.16456564  0.46543436]
 [ 0.23460568 -0.29824966  0.33175034]
 [-0.29583141  0.20310033 -0.42689967]
 [ 0.30174729  0.29284488 -0.33715512]
 [-0.06025649  0.30444939 -0.32555061]]","[2170. 2249.  922. 2240. 2180.  991. 1853. 2155. 1016. 1851. 2238.  933.
 1895. 2242.  929. 2087. 2246.  925.]","[2162. 2234.  924. 2242. 2165. 1007. 1854. 2144. 1029. 1848. 2231.  933.
 1893. 2233.  933. 2094. 2240.  930.]","[-1.7655e+01  4.9880e+00  6.3550e+01 -3.6620e-01  1.8310e-01  4.8830e-01
 -6.0500e-02 -3.2230e-01  9.4970e-01]",113
524,2,"[[-0.19232536 -0.30930801  0.32069199]
 [ 0.29824339 -0.17375141  0.45624859]
 [ 0.23242806 -0.29839762  0.33160238]
 [-0.29537139  0.2141518  -0.4158482 ]
 [ 0.29851841  0.29239201 -0.33760799]
 [-0.05605292  0.30458418 -0.32541582]]","[2173. 2249.  922. 2240. 2187.  984. 1853. 2161. 1010. 1853. 2238.  933.
 1896. 2242.  929. 2084. 2246.  925.]","[2164. 2235.  923. 2242. 2171. 1004. 1854. 2148. 1024. 1848. 2230.  934.
 1894. 2234.  933. 2092. 2240.  930.]","[-1.7672e+01  4.9990e+00  6.3556e+01 -2.4410e-01  1.8310e-01  0.0000e+00
 -4.7400e-02 -3.2470e-01  9.5360e-01]",113
525,2,"[[-0.19595018 -0.30935002  0.32064998]
 [ 0.29811267 -0.18329653  0.44670347]
 [ 0.23021438 -0.29854564  0.33145436]
 [-0.29488961  0.22556747 -0.40443253]
 [ 0.29331675  0.28799578 -0.34200422]
 [-0.0518346   0.30471772 -0.32528228]]","[2175. 2249.  922. 2240. 2195.  976. 1853. 2167. 1004. 1856. 2235.  936.
 1897. 2242.  929. 2081. 2246.  925.]","[2167. 2235.  924. 2241. 2172.  998. 1854. 2153. 1018. 1849. 2230.  934.
 1896. 2234.  933. 2089. 2240.  930.]","[-1.7688e+01  4.9990e+00  6.3545e+01 -1.2210e-01  1.8310e-01 -5.4930e-01
 -6.1000e-02 -3.1790e-01  9.4290e-01]",113
526,2,"[[-0.19952742 -0.30938953  0.32061047]
 [ 0.29796767 -0.19319361  0.43680639]
 [ 0.22796471 -0.29869369  0.33130631]
 [-0.29438587  0.23733833 -0.39266167]
 [ 0.28621342  0.23883415 -0.39116585]
 [-0.04760237  0.30484998 -0.32515002]]","[2178. 2249.  922. 2239. 2202.  969. 1853. 2173.  998. 1861. 2203.  968.
 1899. 2242.  929. 2079. 2246.  925.]","[2169. 2234.  924. 2242. 2179.  992. 1854. 2159. 1012. 1850. 2229.  935.
 1897. 2234.  933. 2086. 2240.  930.]","[-1.7688e+01  4.9880e+00  6.3517e+01  3.6620e-01  0.0000e+00 -9.1550e-01
 -6.3000e-02 -3.1980e-01  9.6240e-01]",113
527,2,"[[-0.2030562  -0.30942651  0.32057349]
 [ 0.29780684 -0.20343462  0.42656538]
 [ 0.22567914 -0.29884173  0.33115827]
 [-0.29385996  0.24945542 -0.38054458]
 [ 0.27729204  0.19573474 -0.43426526]
 [-0.04335709  0.30498094 -0.32501906]]","[2180. 2249.  922. 2239. 2210.  961. 1853. 2180.  991. 1867. 2175.  996.
 1900. 2242.  929. 2076. 2246.  925.]","[2170. 2235.  923. 2241. 2183.  987. 1854. 2163. 1009. 1851. 2222.  939.
 1898. 2233.  933. 2085. 2240.  930.]","[-17.672    4.96    63.479    0.9766  -0.3052  -1.0376  -0.0986  -0.3281
   1.0054]",113
528,2,"[[-0.20653568 -0.30946097  0.32053903]
 [ 0.2976295  -0.21401134  0.41598866]
 [ 0.22335777 -0.29898973  0.33101027]
 [-0.29331167  0.2619098  -0.3680902 ]
 [ 0.26664621  0.15893323 -0.47106677]
 [-0.03909961  0.30511056 -0.32488944]]","[2182. 2249.  922. 2239. 2218.  953. 1853. 2187.  984. 1874. 2151. 1020.
 1902. 2242.  929. 2073. 2246.  925.]","[2173. 2235.  924. 2241. 2187.  984. 1853. 2170. 1002. 1855. 2208.  956.
 1900. 2233.  933. 2083. 2240.  929.]","[-17.644    4.955   63.452    0.9155   0.6104  -0.2441  -0.104   -0.3013
   0.7588]",113
529,2,"[[-0.209965   -0.30949291  0.32050709]
 [ 0.2974354  -0.22491546  0.40508454]
 [ 0.2210007  -0.29913767  0.33086233]
 [-0.29274081  0.27469258 -0.35530742]
 [ 0.25437777  0.12863034 -0.50136966]
 [-0.03483079  0.30523883 -0.32476117]]","[2184. 2249.  922. 2238. 2227.  944. 1854. 2194.  977. 1882. 2131. 1040.
 1903. 2243.  928. 2070. 2246.  924.]","[2175. 2234.  924. 2240. 2189.  980. 1853. 2176.  996. 1860. 2196.  974.
 1901. 2233.  932. 2081. 2239.  929.]","[-17.617    4.977   63.43     0.9766   0.6714  -0.4272  -0.0996  -0.2773
   1.085 ]",113
530,2,"[[-0.21334334 -0.3095223   0.3204777 ]
 [ 0.2972245  -0.23613867  0.39386133]
 [ 0.21860804 -0.2992855   0.3307145 ]
 [-0.29214716  0.2877949  -0.3422051 ]
 [ 0.24059536  0.10499154 -0.52500846]
 [-0.03055152  0.30536571 -0.32463429]]","[2187. 2249.  922. 2238. 2235.  936. 1854. 2201.  970. 1891. 2116. 1055.
 1905. 2243.  928. 2067. 2247.  924.]","[2177. 2234.  925. 2240. 2194.  976. 1854. 2185.  987. 1872. 2170. 1002.
 1903. 2233.  932. 2077. 2238.  929.]","[-1.7556e+01  4.9990e+00  6.3413e+01  1.9531e+00  7.9350e-01 -1.2210e-01
 -1.5600e-02 -3.0860e-01  9.3210e-01]",113
531,2,"[[-0.21666987 -0.30954916  0.32045084]
 [ 0.29699685 -0.24767265  0.38232735]
 [ 0.21617992 -0.2994332   0.3305668 ]
 [-0.29153053  0.29207898 -0.33792102]
 [ 0.22541311  0.08814621 -0.54185379]
 [-0.02626266  0.30549117 -0.32450883]]","[2189. 2249.  922. 2238. 2238.  933. 1854. 2209.  962. 1901. 2105. 1066.
 1907. 2243.  928. 2065. 2247.  924.]","[2179. 2235.  926. 2239. 2196.  972. 1854. 2189.  982. 1878. 2157. 1016.
 1905. 2233.  933. 2075. 2239.  929.]","[-1.7507e+01  4.9880e+00  6.3397e+01  6.7140e-01 -6.1040e-01 -4.8830e-01
 -5.3700e-02 -2.8910e-01  9.8580e-01]",113
532,2,"[[-0.21994378 -0.30957347  0.32042653]
 [ 0.29675258 -0.2595091   0.3704909 ]
 [ 0.21371649 -0.29958074  0.33041926]
 [-0.2908907   0.29218185 -0.33781815]
 [ 0.20894955  0.07818696 -0.55181304]
 [-0.0219651   0.3056152  -0.3243848 ]]","[2191. 2249.  922. 2237. 2238.  933. 1854. 2217.  954. 1911. 2098. 1072.
 1908. 2243.  928. 2062. 2247.  924.]","[2180. 2234.  927. 2239. 2201.  969. 1854. 2197.  976. 1884. 2140. 1031.
 1907. 2233.  933. 2072. 2239.  927.]","[-17.474    4.938   63.397    0.9766  -1.4648  -0.1221  -0.1011  -0.2661
   0.9712]",113
533,2,"[[-0.22316429 -0.30959523  0.32040477]
 [ 0.29649179 -0.27163976  0.35836024]
 [ 0.21121787 -0.29972808  0.33027192]
 [-0.29022747  0.29228691 -0.33771309]
 [ 0.19132657  0.07517443 -0.55482557]
 [-0.01765972  0.30573776 -0.32426224]]","[2193. 2249.  922. 2237. 2238.  933. 1854. 2225.  946. 1923. 2097. 1074.
 1910. 2243.  928. 2059. 2247.  924.]","[2182. 2234.  928. 2237. 2203.  965. 1854. 2204.  968. 1890. 2126. 1045.
 1909. 2233.  933. 2070. 2239.  926.]","[-17.424    4.872   63.435    1.0376  -2.0142   0.8545  -0.1357  -0.2891
   0.9697]",113
534,2,"[[-0.2263306  -0.30961443  0.32038557]
 [ 0.29621464 -0.28405639  0.34594361]
 [ 0.20868423 -0.2998752   0.3301248 ]
 [-0.28954064  0.29239411 -0.33760589]
 [ 0.17266848  0.07881589 -0.55118411]
 [-0.01334742  0.30585883 -0.32414117]]","[2195. 2249.  922. 2236. 2238.  933. 1854. 2233.  938. 1935. 2099. 1072.
 1911. 2243.  928. 2056. 2247.  924.]","[2185. 2234.  929. 2236. 2204.  963. 1854. 2214.  958. 1904. 2113. 1058.
 1911. 2233.  933. 2065. 2239.  926.]","[-17.375    4.818   63.484    1.0376  -1.5259   0.6714  -0.1133  -0.3071
   0.8955]",113
535,2,"[[-0.22944195 -0.30963109  0.32036891]
 [ 0.29592125 -0.29204556  0.33795444]
 [ 0.20611573 -0.30002207  0.32997793]
 [-0.28882999  0.29250338 -0.33749662]
 [ 0.15310118  0.07975666 -0.55024334]
 [-0.00902908  0.30597838 -0.32402162]]","[2197. 2249.  922. 2236. 2238.  933. 1855. 2238.  933. 1948. 2099. 1071.
 1913. 2243.  928. 2053. 2247.  924.]","[2186. 2234.  929. 2236. 2204.  964. 1853. 2220.  953. 1912. 2110. 1062.
 1912. 2233.  933. 2063. 2239.  926.]","[-17.336    4.785   63.501    0.4883  -0.6104  -0.4272  -0.1055  -0.3408
   0.9297]",113
536,2,"[[-0.23249759 -0.30964519  0.32035481]
 [ 0.29561176 -0.29214279  0.33785721]
 [ 0.20351255 -0.30016865  0.32983135]
 [-0.28809533  0.29261466 -0.33738534]
 [ 0.13275139  0.0796295  -0.5503705 ]
 [-0.00470561  0.30609639 -0.32390361]]","[2199. 2249.  922. 2235. 2238.  933. 1855. 2238.  933. 1961. 2099. 1072.
 1915. 2243.  928. 2051. 2247.  924.]","[2188. 2234.  929. 2235. 2204.  964. 1854. 2227.  946. 1924. 2106. 1066.
 1913. 2233.  932. 2060. 2238.  926.]","[-1.7331e+01  4.7740e+00  6.3479e+01  1.8310e-01  6.1000e-02 -9.1550e-01
 -1.2110e-01 -3.3690e-01  9.1360e-01]",113
537,2,"[[-2.35496767e-01 -3.09656737e-01  3.20343263e-01]
 [ 2.95286313e-01 -2.92241978e-01  3.37758022e-01]
 [ 2.00874876e-01 -3.00314925e-01  3.29685075e-01]
 [-2.87336449e-01  2.92727887e-01 -3.37272113e-01]
 [ 1.11745994e-01  7.94154999e-02 -5.50584500e-01]
 [-3.77917922e-04  3.06212837e-01 -3.23787163e-01]]","[2201. 2249.  922. 2235. 2238.  933. 1855. 2238.  933. 1975. 2099. 1072.
 1917. 2243.  928. 2048. 2247.  924.]","[2190. 2234.  929. 2234. 2204.  964. 1854. 2232.  941. 1936. 2104. 1067.
 1915. 2233.  933. 2058. 2239.  926.]","[-1.7336e+01  4.7850e+00  6.3457e+01  0.0000e+00  6.1000e-02 -6.1000e-02
 -9.9100e-02 -3.3150e-01  9.4780e-01]",113
538,2,"[[-0.23843876 -0.30966577  0.32033423]
 [ 0.29494503 -0.29234307  0.33765693]
 [ 0.1982029  -0.30046086  0.32953914]
 [-0.28655314  0.292843   -0.337157  ]
 [ 0.09021145  0.07926822 -0.55073178]
 [ 0.00395309  0.3063277  -0.3236723 ]]","[2203. 2249.  922. 2234. 2238.  933. 1855. 2238.  933. 1989. 2099. 1072.
 1918. 2243.  928. 2045. 2247.  924.]","[2193. 2234.  929. 2233. 2204.  963. 1854. 2235.  940. 1953. 2102. 1070.
 1917. 2233.  933. 2055. 2239.  926.]","[-1.7342e+01  4.8010e+00  6.3479e+01  1.2210e-01 -6.1000e-02  7.3240e-01
 -6.5900e-02 -3.1050e-01  9.5020e-01]",113
539,3,"[[-0.24132285 -0.30967237  0.32032763]
 [ 0.29458803 -0.292446    0.337554  ]
 [ 0.19549683 -0.30060642  0.32939358]
 [-0.28574521  0.29295993 -0.33704007]
 [ 0.06827327  0.07922381 -0.55077619]
 [ 0.00828651  0.30644094 -0.32355906]]","[2205. 2249.  922. 2234. 2238.  932. 1855. 2238.  933. 2003. 2099. 1072.
 1920. 2243.  928. 2042. 2247.  924.]","[2194. 2234.  929. 2233. 2204.  963. 1854. 2237.  937. 1965. 2102. 1070.
 1918. 2233.  933. 2053. 2239.  926.]","[-1.7342e+01  4.8070e+00  6.3512e+01  6.1000e-02 -2.4410e-01  6.7140e-01
 -4.4400e-02 -2.9300e-01  9.4340e-01]",113
540,3,"[[-0.24414834 -0.30967682  0.32032318]
 [ 0.29421545 -0.29255072  0.33744928]
 [ 0.19275689 -0.30075159  0.32924841]
 [-0.28491246  0.29307862 -0.33692138]
 [ 0.04605556  0.07930055 -0.55069945]
 [ 0.01262142  0.30655255 -0.32344745]]","[2207. 2249.  922. 2233. 2239.  932. 1856. 2238.  933. 2017. 2099. 1072.
 1922. 2244.  927. 2039. 2247.  924.]","[2196. 2234.  929. 2233. 2204.  963. 1854. 2237.  936. 1976. 2101. 1071.
 1920. 2233.  932. 2051. 2238.  926.]","[-1.7342e+01  4.8070e+00  6.3517e+01  6.1000e-02 -6.1000e-02  0.0000e+00
 -6.9800e-02 -2.8960e-01  9.4820e-01]",113
541,3,"[[-0.24691454 -0.30967906  0.32032094]
 [ 0.2938274  -0.29265716  0.33734284]
 [ 0.18998329 -0.30089634  0.32910366]
 [-0.28405467  0.29319901 -0.33680099]
 [ 0.02368064  0.0795138  -0.5504862 ]
 [ 0.0169569   0.3066625  -0.3233375 ]]","[2208. 2249.  922. 2233. 2239.  932. 1856. 2238.  933. 2032. 2099. 1072.
 1924. 2244.  927. 2036. 2247.  924.]","[2198. 2234.  929. 2232. 2204.  963. 1854. 2237.  935. 1989. 2101. 1071.
 1921. 2233.  933. 2048. 2239.  926.]","[-17.353    4.801   63.512   -0.1221   0.      -0.3052  -0.0933  -0.2876
   0.9473]",113
542,3,"[[-0.24962078 -0.30966439  0.32033561]
 [ 0.29342398 -0.29276526  0.33723474]
 [ 0.18717629 -0.30104063  0.32895937]
 [-0.28317166  0.29332105 -0.33667895]
 [ 0.00126874  0.0798787  -0.5501213 ]
 [ 0.02129202  0.30677077 -0.32322923]]","[2210. 2249.  922. 2232. 2239.  932. 1856. 2238.  933. 2047. 2100. 1071.
 1925. 2244.  927. 2034. 2247.  923.]","[2199. 2234.  929. 2231. 2204.  963. 1854. 2237.  934. 2006. 2101. 1071.
 1923. 2233.  933. 2045. 2239.  926.]","[-17.353    4.801   63.501    0.       0.      -0.2441  -0.0991  -0.2939
   0.957 ]",113
543,3,"[[-0.2522664  -0.30957314  0.32042686]
 [ 0.29300532 -0.29287497  0.33712503]
 [ 0.18433611 -0.30118445  0.32881555]
 [-0.28226322  0.29344466 -0.33655534]
 [-0.02106235  0.08041084 -0.54958916]
 [ 0.02562587  0.30687734 -0.32312266]]","[2212. 2249.  922. 2232. 2239.  932. 1856. 2238.  933. 2061. 2100. 1071.
 1927. 2244.  927. 2031. 2248.  923.]","[2201. 2234.  929. 2231. 2204.  962. 1854. 2238.  934. 2018. 2101. 1071.
 1925. 2233.  933. 2043. 2238.  926.]","[-1.7358e+01  4.8010e+00  6.3501e+01 -1.2210e-01 -6.1000e-02  6.1000e-02
 -9.2300e-02 -2.9590e-01  9.4140e-01]",113
544,3,"[[-0.25485077 -0.30940917  0.32059083]
 [ 0.29257152 -0.29298623  0.33701377]
 [ 0.18146304 -0.30132776  0.32867224]
 [-0.28132917  0.2935698  -0.3364302 ]
 [-0.04319745  0.08112649 -0.54887351]
 [ 0.02995752  0.30698219 -0.32301781]]","[2214. 2249.  922. 2231. 2239.  932. 1857. 2238.  932. 2076. 2100. 1071.
 1929. 2244.  927. 2028. 2248.  923.]","[2203. 2234.  929. 2230. 2204.  962. 1855. 2237.  934. 2036. 2102. 1071.
 1927. 2233.  932. 2040. 2239.  926.]","[-1.7358e+01  4.8070e+00  6.3506e+01 -1.2210e-01 -6.1000e-02  2.4410e-01
 -8.1100e-02 -3.0320e-01  9.5170e-01]",113
545,3,"[[-0.25737325 -0.30918318  0.32081682]
 [ 0.29212267 -0.29309898  0.33690102]
 [ 0.17855732 -0.30147054  0.32852946]
 [-0.2803693   0.29369641 -0.33630359]
 [-0.06502422  0.08204273 -0.54795727]
 [ 0.03428603  0.30708529 -0.32291471]]","[2215. 2249.  922. 2230. 2239.  932. 1857. 2239.  932. 2090. 2101. 1070.
 1931. 2244.  927. 2025. 2248.  923.]","[2205. 2234.  929. 2230. 2204.  962. 1855. 2237.  933. 2046. 2101. 1071.
 1929. 2233.  933. 2038. 2239.  926.]","[-1.7364e+01  4.8120e+00  6.3517e+01 -1.2210e-01 -6.1000e-02  1.2210e-01
 -8.0100e-02 -3.0910e-01  9.4920e-01]",113
546,3,"[[-0.25983323 -0.30889877  0.32110123]
 [ 0.29165887 -0.29321317  0.33678683]
 [ 0.17561925 -0.30161276  0.32838724]
 [-0.27938342  0.29382443 -0.33617557]
 [-0.08643335  0.08317749 -0.54682251]
 [ 0.03861047  0.30718662 -0.32281338]]","[2217. 2249.  922. 2230. 2239.  932. 1857. 2239.  932. 2104. 2102. 1069.
 1933. 2244.  927. 2022. 2248.  923.]","[2206. 2234.  929. 2229. 2204.  962. 1856. 2237.  933. 2061. 2102. 1070.
 1930. 2233.  932. 2035. 2239.  926.]","[-1.7369e+01  4.8120e+00  6.3523e+01 -6.1000e-02 -6.1000e-02  1.2210e-01
 -8.2500e-02 -3.1200e-01  9.3990e-01]",113
547,3,"[[-0.26223011 -0.30855901  0.32144099]
 [ 0.2911802  -0.29332874  0.33667126]
 [ 0.1726491  -0.3017544   0.3282456 ]
 [-0.27837134  0.29395381 -0.33604619]
 [-0.10731871  0.08454953 -0.54545047]
 [ 0.04292991  0.30728617 -0.32271383]]","[2218. 2249.  922. 2229. 2239.  932. 1858. 2239.  932. 2117. 2103. 1068.
 1935. 2244.  927. 2020. 2248.  923.]","[2208. 2235.  929. 2229. 2205.  962. 1856. 2238.  933. 2075. 2102. 1070.
 1932. 2233.  933. 2032. 2239.  926.]","[-17.375    4.812   63.523    0.       0.       0.      -0.0771  -0.3164
   0.9536]",113
548,3,"[[-0.26456332 -0.30816717  0.32183283]
 [ 0.29068677 -0.29344564  0.33655436]
 [ 0.16964719 -0.30189542  0.32810458]
 [-0.27733288  0.29408448 -0.33591552]
 [-0.12757746  0.08617847 -0.54382153]
 [ 0.04724342  0.30738392 -0.32261608]]","[2220. 2248.  923. 2228. 2239.  932. 1858. 2239.  932. 2131. 2104. 1067.
 1937. 2244.  927. 2017. 2248.  923.]","[2209. 2234.  929. 2228. 2204.  962. 1857. 2237.  933. 2092. 2103. 1069.
 1935. 2233.  932. 2029. 2239.  926.]","[-1.7380e+01  4.8120e+00  6.3523e+01 -6.1000e-02  0.0000e+00 -6.1000e-02
 -8.6400e-02 -3.1250e-01  9.3990e-01]",113
549,3,"[[-0.26683228 -0.3077267   0.3222733 ]
 [ 0.29017864 -0.2935638   0.3364362 ]
 [ 0.16661381 -0.30203582  0.32796418]
 [-0.27626785  0.29421641 -0.33578359]
 [-0.1471102   0.08808469 -0.54191531]
 [ 0.05155005  0.30747983 -0.32252017]]","[2221. 2248.  923. 2228. 2239.  932. 1858. 2239.  932. 2143. 2105. 1066.
 1939. 2244.  927. 2014. 2248.  923.]","[2210. 2234.  929. 2227. 2204.  962. 1857. 2238.  933. 2103. 2103. 1068.
 1936. 2233.  932. 2027. 2239.  926.]","[-17.386    4.812   63.523    0.       0.       0.      -0.0811  -0.311
   0.9478]",113
550,3,"[[-0.26903644 -0.30724122  0.32275878]
 [ 0.28965589 -0.29368319  0.33631681]
 [ 0.1635493  -0.30217555  0.32782445]
 [-0.27517607  0.29434952 -0.33565048]
 [-0.16582106  0.09028936 -0.53971064]
 [ 0.05584887  0.30757391 -0.32242609]]","[2223. 2248.  923. 2227. 2239.  932. 1859. 2239.  932. 2156. 2106. 1065.
 1941. 2244.  926. 2011. 2248.  923.]","[2212. 2234.  929. 2226. 2204.  962. 1857. 2238.  933. 2116. 2104. 1067.
 1937. 2233.  933. 2025. 2239.  926.]","[-1.7386e+01  4.8120e+00  6.3517e+01  0.0000e+00  0.0000e+00 -6.1000e-02
 -8.1500e-02 -3.0270e-01  9.4920e-01]",113
551,3,"[[-0.27117527 -0.30671452  0.32328548]
 [ 0.2891186  -0.29380375  0.33619625]
 [ 0.16045398 -0.3023146   0.3276854 ]
 [-0.27405736  0.29448377 -0.33551623]
 [-0.18361786  0.09281433 -0.53718567]
 [ 0.06013894  0.30766612 -0.32233388]]","[2224. 2247.  924. 2226. 2239.  931. 1859. 2239.  932. 2167. 2108. 1063.
 1943. 2245.  926. 2008. 2248.  923.]","[2213. 2234.  930. 2226. 2204.  962. 1858. 2238.  933. 2130. 2105. 1067.
 1939. 2233.  932. 2022. 2238.  926.]","[-17.391    4.818   63.517    0.       0.       0.      -0.0854  -0.3013
   0.9473]",113
552,3,"[[-0.27324826 -0.30615047  0.32384953]
 [ 0.28856683 -0.29392542  0.33607458]
 [ 0.1573282  -0.30245295  0.32754705]
 [-0.27291153  0.29461911 -0.33538089]
 [-0.20041218  0.09568209 -0.53431791]
 [ 0.06441932  0.30775645 -0.32224355]]","[2226. 2247.  924. 2225. 2240.  931. 1859. 2239.  932. 2178. 2110. 1061.
 1945. 2245.  926. 2006. 2248.  923.]","[2214. 2234.  930. 2224. 2204.  961. 1858. 2238.  934. 2144. 2106. 1065.
 1942. 2233.  932. 2019. 2239.  926.]","[-1.7391e+01  4.8120e+00  6.3517e+01  0.0000e+00 -6.1000e-02  0.0000e+00
 -7.8100e-02 -2.9350e-01  9.4970e-01]",113
553,3,"[[-0.27525489 -0.30555304  0.32444696]
 [ 0.28800065 -0.29404815  0.33595185]
 [ 0.1541723  -0.30259056  0.32740944]
 [-0.27173842  0.29475549 -0.33524451]
 [-0.21611952  0.0989157  -0.5310843 ]
 [ 0.06868906  0.30784488 -0.32215512]]","[2227. 2247.  924. 2225. 2240.  931. 1860. 2239.  932. 2188. 2112. 1059.
 1947. 2245.  926. 2003. 2248.  923.]","[2216. 2234.  930. 2223. 2204.  961. 1858. 2237.  933. 2153. 2108. 1063.
 1944. 2233.  932. 2017. 2239.  926.]","[-1.7391e+01  4.8120e+00  6.3517e+01  0.0000e+00  0.0000e+00 -6.1000e-02
 -8.2500e-02 -2.9390e-01  9.5020e-01]",113
554,3,"[[-0.27719467 -0.30492625  0.32507375]
 [ 0.28742011 -0.2941719   0.3358281 ]
 [ 0.15098664 -0.30272741  0.32727259]
 [-0.27053785  0.29489286 -0.33510714]
 [-0.23065944  0.10253869 -0.52746131]
 [ 0.07294723  0.3079314  -0.3220686 ]]","[2228. 2246.  925. 2224. 2240.  931. 1860. 2239.  932. 2198. 2114. 1057.
 1949. 2245.  926. 2000. 2248.  923.]","[2217. 2234.  930. 2223. 2205.  961. 1858. 2238.  933. 2165. 2110. 1061.
 1945. 2233.  932. 2014. 2239.  926.]","[-1.7397e+01  4.8120e+00  6.3517e+01 -6.1000e-02 -6.1000e-02  0.0000e+00
 -8.8400e-02 -2.9690e-01  9.4480e-01]",113
555,3,"[[-0.27906715 -0.30427413  0.32572587]
 [ 0.28682527 -0.29429661  0.33570339]
 [ 0.14777161 -0.30286348  0.32713652]
 [-0.26930965  0.29503116 -0.33496884]
 [-0.24395568  0.10657494 -0.52342506]
 [ 0.07719289  0.30801598 -0.32198402]]","[2229. 2246.  925. 2223. 2240.  931. 1861. 2239.  932. 2207. 2117. 1054.
 1951. 2245.  926. 1997. 2248.  923.]","[2218. 2234.  931. 2222. 2207.  961. 1859. 2237.  933. 2176. 2112. 1059.
 1948. 2233.  932. 2012. 2239.  926.]","[-17.397    4.807   63.523    0.      -0.1221   0.      -0.0776  -0.3022
   0.9556]",113
556,3,"[[-0.28087186 -0.30360076  0.32639924]
 [ 0.28621617 -0.29442224  0.33557776]
 [ 0.14452758 -0.30299875  0.32700125]
 [-0.26805367  0.29517035 -0.33482965]
 [-0.2559364   0.11104862 -0.51895138]
 [ 0.08142508  0.30809862 -0.32190138]]","[2231. 2245.  926. 2222. 2240.  931. 1861. 2239.  932. 2214. 2120. 1051.
 1953. 2245.  926. 1994. 2248.  923.]","[2220. 2234.  932. 2221. 2207.  961. 1859. 2238.  933. 2186. 2114. 1057.
 1950. 2233.  932. 2009. 2239.  926.]","[-1.7391e+01  4.7960e+00  6.3517e+01  6.1000e-02 -2.4410e-01 -1.8310e-01
 -6.6400e-02 -3.0520e-01  9.6340e-01]",113
557,3,"[[-0.28260836 -0.30291017  0.32708983]
 [ 0.28559287 -0.29454873  0.33545127]
 [ 0.14125494 -0.3031332   0.3268668 ]
 [-0.26676973  0.29531037 -0.33468963]
 [-0.26653432  0.11598403 -0.51401597]
 [ 0.08564289  0.30817929 -0.32182071]]","[2232. 2245.  926. 2221. 2240.  931. 1861. 2240.  931. 2221. 2123. 1048.
 1955. 2245.  926. 1992. 2248.  923.]","[2221. 2234.  933. 2221. 2207.  961. 1860. 2238.  933. 2196. 2117. 1054.
 1951. 2233.  932. 2006. 2239.  926.]","[-17.386    4.779   63.512    0.1831  -0.2441  -0.3052  -0.0767  -0.3135
   0.9395]",113
558,3,"[[-0.28427623 -0.30220639  0.32779361]
 [ 0.28495539 -0.29467605  0.33532395]
 [ 0.1379541  -0.30326679  0.32673321]
 [-0.26545769  0.29545119 -0.33454881]
 [-0.275687    0.12140548 -0.50859452]
 [ 0.08984536  0.30825798 -0.32174202]]","[2233. 2245.  926. 2221. 2240.  931. 1862. 2240.  931. 2227. 2127. 1044.
 1958. 2245.  926. 1989. 2248.  923.]","[2222. 2234.  933. 2220. 2207.  961. 1860. 2238.  933. 2204. 2120. 1052.
 1954. 2233.  932. 2004. 2239.  926.]","[-1.7386e+01  4.7680e+00  6.3506e+01  6.1000e-02 -1.8310e-01 -1.2210e-01
 -9.1300e-02 -3.1010e-01  9.3410e-01]",113
559,3,"[[-0.28587508 -0.3014934   0.3285066 ]
 [ 0.28430378 -0.29480413  0.33519587]
 [ 0.13462548 -0.30339952  0.32660048]
 [-0.26411739  0.29559276 -0.33440724]
 [-0.28333703  0.12733716 -0.50266284]
 [ 0.09403155  0.30833467 -0.32166533]]","[2234. 2244.  927. 2220. 2240.  931. 1862. 2240.  931. 2232. 2131. 1040.
 1960. 2245.  926. 1986. 2249.  922.]","[2225. 2234.  933. 2219. 2207.  960. 1860. 2237.  932. 2212. 2123. 1049.
 1955. 2233.  932. 2001. 2239.  926.]","[-1.7386e+01  4.7680e+00  6.3512e+01  0.0000e+00 -6.1000e-02  1.2210e-01
 -9.8600e-02 -3.0710e-01  9.4780e-01]",113
560,3,"[[-0.2874045  -0.30077513  0.32922487]
 [ 0.28363807 -0.29493295  0.33506705]
 [ 0.13126949 -0.30353135  0.32646865]
 [-0.26274867  0.29573503 -0.33426497]
 [-0.28943237  0.13380296 -0.49619704]
 [ 0.09820053  0.30840935 -0.32159065]]","[2235. 2244.  927. 2219. 2240.  931. 1863. 2240.  931. 2236. 2135. 1036.
 1962. 2245.  926. 1983. 2249.  922.]","[2226. 2234.  934. 2218. 2207.  960. 1862. 2238.  932. 2219. 2126. 1045.
 1958. 2233.  932. 1999. 2239.  926.]","[-1.7386e+01  4.7680e+00  6.3517e+01  0.0000e+00 -6.1000e-02  1.2210e-01
 -8.4000e-02 -3.0220e-01  9.4730e-01]",113
561,3,"[[-0.28886413 -0.30005545  0.32994455]
 [ 0.28295827 -0.29506244  0.33493756]
 [ 0.12788656 -0.30366226  0.32633774]
 [-0.2613514   0.29587795 -0.33412205]
 [-0.29392667  0.14082636 -0.48917364]
 [ 0.10235137  0.30848201 -0.32151799]]","[2236. 2243.  928. 2218. 2240.  931. 1863. 2240.  931. 2239. 2139. 1032.
 1964. 2245.  926. 1981. 2249.  922.]","[2228. 2234.  934. 2217. 2207.  959. 1862. 2238.  933. 2225. 2130. 1042.
 1960. 2233.  932. 1996. 2239.  926.]","[-1.7386e+01  4.7680e+00  6.3517e+01  0.0000e+00  0.0000e+00 -6.1000e-02
 -7.7600e-02 -2.9930e-01  9.4140e-01]",113
562,3,"[[-0.29025362 -0.29933816  0.33066184]
 [ 0.28226442 -0.29519258  0.33480742]
 [ 0.12447715 -0.30379223  0.32620777]
 [-0.25992544  0.29602148 -0.33397852]
 [-0.29677956  0.14843021 -0.48156979]
 [ 0.10648313  0.30855263 -0.32144737]]","[2237. 2243.  928. 2217. 2240.  930. 1863. 2240.  931. 2241. 2144. 1027.
 1966. 2246.  925. 1978. 2249.  922.]","[2229. 2234.  935. 2216. 2207.  959. 1863. 2239.  933. 2230. 2134. 1038.
 1962. 2233.  932. 1994. 2239.  926.]","[-17.391    4.768   63.506    0.       0.      -0.2441  -0.0654  -0.3008
   0.9595]",113
563,3,"[[-0.29157262 -0.29862695  0.33137305]
 [ 0.28155653 -0.29532331  0.33467669]
 [ 0.12104171 -0.30392125  0.32607875]
 [-0.25847064  0.29616558 -0.33383442]
 [-0.29795102  0.15663657 -0.47336343]
 [ 0.11059487  0.3086212  -0.3213788 ]]","[2238. 2242.  929. 2216. 2241.  930. 1864. 2240.  931. 2242. 2150. 1021.
 1969. 2246.  925. 1975. 2249.  922.]","[2230. 2234.  935. 2215. 2207.  958. 1863. 2239.  932. 2234. 2138. 1035.
 1964. 2233.  932. 1992. 2239.  925.]","[-1.7391e+01  4.7630e+00  6.3501e+01  0.0000e+00 -6.1000e-02 -2.4410e-01
 -8.3500e-02 -3.0320e-01  9.5120e-01]",113
564,3,"[[-0.29282082 -0.29792548  0.33207452]
 [ 0.28083461 -0.29545459  0.33454541]
 [ 0.11758069 -0.30404928  0.32595072]
 [-0.25698688  0.2963102  -0.3336898 ]
 [-0.29786024  0.16546003 -0.46453997]
 [ 0.11468567  0.3086877  -0.3213123 ]]","[2238. 2242.  929. 2215. 2241.  930. 1864. 2240.  931. 2242. 2155. 1016.
 1971. 2246.  925. 1973. 2249.  922.]","[2231. 2234.  935. 2214. 2207.  958. 1863. 2239.  932. 2237. 2143. 1030.
 1966. 2233.  932. 1989. 2239.  925.]","[-17.391    4.757   63.506    0.      -0.1831   0.1221  -0.0923  -0.3032
   0.937 ]",113
565,3,"[[-0.29399791 -0.29723726  0.33276274]
 [ 0.28009867 -0.29558639  0.33441361]
 [ 0.11409457 -0.30417632  0.32582368]
 [-0.25547402  0.2964553  -0.3335447 ]
 [-0.29769068  0.1746737  -0.4553263 ]
 [ 0.1187546   0.30875213 -0.32124787]]","[2239. 2241.  930. 2214. 2241.  930. 1865. 2240.  931. 2242. 2161. 1010.
 1973. 2246.  925. 1970. 2249.  922.]","[2232. 2234.  936. 2212. 2207.  958. 1864. 2239.  933. 2240. 2149. 1023.
 1969. 2233.  932. 1986. 2238.  925.]","[-17.391    4.752   63.512    0.      -0.1221   0.1221  -0.0762  -0.3013
   0.9531]",113
566,3,"[[-0.293174   -0.29783081  0.33216919]
 [ 0.28065684 -0.29550505  0.33449495]
 [ 0.11649949 -0.3041152   0.3258848 ]
 [-0.29764831  0.16209088 -0.46790912]
 [-0.29780906  0.16664769 -0.46335231]
 [ 0.11590082  0.30872033 -0.32127967]]","[2239. 2242.  929. 2242. 2153. 1018. 1865. 2240.  931. 2242. 2156. 1015.
 1972. 2246.  925. 1972. 2249.  922.]","[2233. 2234.  936. 2213. 2205.  960. 1864. 2239.  932. 2240. 2153. 1018.
 1971. 2233.  932. 1984. 2239.  925.]","[-17.391    4.752   63.512    0.      -0.1221   0.      -0.0957  -0.3052
   0.9453]",113
567,3,"[[-0.29433015 -0.29714461  0.33285539]
 [ 0.2799175  -0.29563696  0.33436304]
 [ 0.11300626 -0.30424152  0.32575848]
 [-0.29696694  0.17167932 -0.45832068]
 [-0.29764809  0.17588718 -0.45411282]
 [ 0.11996289  0.30878361 -0.32121639]]","[2239. 2241.  930. 2241. 2159. 1012. 1865. 2240.  931. 2242. 2162. 1009.
 1974. 2246.  925. 1969. 2249.  922.]","[2234. 2234.  935. 2217. 2193.  969. 1863. 2239.  933. 2241. 2155. 1017.
 1971. 2233.  932. 1983. 2239.  925.]","[-1.7391e+01  4.7460e+00  6.3517e+01  0.0000e+00 -1.2210e-01  6.1000e-02
 -8.5900e-02 -3.0570e-01  9.4780e-01]",113
568,3,"[[-0.29541482 -0.29647558  0.33352442]
 [ 0.27916414 -0.29576933  0.33423067]
 [ 0.10948856 -0.30436682  0.32563318]
 [-0.29624065  0.18169121 -0.44830879]
 [-0.29750032  0.18544196 -0.44455804]
 [ 0.1240019   0.3088448  -0.3211552 ]]","[2240. 2241.  930. 2241. 2166. 1005. 1866. 2240.  931. 2241. 2168. 1003.
 1976. 2246.  925. 1967. 2249.  922.]","[2234. 2234.  934. 2225. 2174.  986. 1864. 2238.  932. 2241. 2159. 1013.
 1972. 2235.  931. 1981. 2238.  925.]","[-1.7391e+01  4.7460e+00  6.3523e+01  0.0000e+00 -6.1000e-02  1.2210e-01
 -7.6200e-02 -3.0570e-01  9.5020e-01]",113
569,3,"[[-0.29642776 -0.29582705  0.33417295]
 [ 0.27839675 -0.29590211  0.33409789]
 [ 0.10594689 -0.30449106  0.32550894]
 [-0.29546928  0.19211928 -0.43788072]
 [-0.29734583  0.19533718 -0.43466282]
 [ 0.12801692  0.3089039  -0.3210961 ]]","[2241. 2240.  931. 2240. 2173.  998. 1866. 2240.  931. 2241. 2175.  996.
 1978. 2246.  925. 1964. 2249.  922.]","[2235. 2234.  930. 2227. 2170.  992. 1864. 2238.  933. 2241. 2161. 1010.
 1971. 2236.  931. 1979. 2238.  926.]","[-17.49     4.861   63.567   -5.4321   3.7842   3.8452  -0.168   -0.2227
   0.7354]",113
570,3,"[[-0.29736871 -0.29520222  0.33479778]
 [ 0.27761533 -0.29603527  0.33396473]
 [ 0.10238176 -0.30461424  0.32538576]
 [-0.29465265  0.20295618 -0.42704382]
 [-0.29717436  0.20557308 -0.42442692]
 [ 0.13200704  0.30896088 -0.32103912]]","[2241. 2240.  931. 2240. 2180.  991. 1867. 2240.  930. 2241. 2182.  989.
 1981. 2246.  925. 1961. 2249.  922.]","[2236. 2234.  929. 2229. 2169.  998. 1866. 2239.  932. 2241. 2166. 1009.
 1972. 2237.  929. 1977. 2238.  926.]","[-17.693    5.059   63.677   -4.8218   2.1973   3.9673  -0.1221  -0.3296
   1.3071]",113
571,3,"[[-0.29823746 -0.2946042   0.3353958 ]
 [ 0.27681987 -0.29616876  0.33383124]
 [ 0.09879368 -0.30473632  0.32526368]
 [-0.29379063  0.21419454 -0.41580546]
 [-0.29698109  0.21614416 -0.41385584]
 [ 0.13597133  0.30901574 -0.32098426]]","[2242. 2240.  931. 2239. 2187.  984. 1867. 2241.  930. 2241. 2188.  983.
 1983. 2246.  925. 1959. 2249.  922.]","[2238. 2233.  929. 2229. 2169.  998. 1867. 2239.  932. 2241. 2171. 1003.
 1977. 2238.  929. 1974. 2238.  926.]","[-1.7842e+01  5.1970e+00  6.3781e+01 -2.4414e+00  1.3428e+00  1.8311e+00
  2.9800e-02 -2.4560e-01  1.0083e+00]",113
572,3,"[[-0.29903378 -0.29403597  0.33596403]
 [ 0.27601036 -0.29630256  0.33369744]
 [ 0.09518319 -0.3048573   0.3251427 ]
 [-0.29288306  0.22582691 -0.40417309]
 [-0.29676386  0.22704356 -0.40295644]
 [ 0.13990889  0.30906847 -0.32093153]]","[2242. 2239.  932. 2238. 2195.  976. 1868. 2241.  930. 2241. 2196.  975.
 1985. 2246.  925. 1956. 2249.  922.]","[2243. 2234.  934. 2229. 2171.  994. 1867. 2239.  932. 2241. 2179.  995.
 1982. 2239.  928. 1971. 2238.  926.]","[-1.7902e+01  5.2570e+00  6.3820e+01 -9.7660e-01  4.2720e-01 -2.4410e-01
  3.9100e-02 -2.7150e-01  9.5210e-01]",113
573,3,"[[-0.29975748 -0.2935004   0.3364996 ]
 [ 0.27518678 -0.29643661  0.33356339]
 [ 0.0915508  -0.30497715  0.32502285]
 [-0.29192983  0.23784581 -0.39215419]
 [-0.29652185  0.23826408 -0.39173592]
 [ 0.14381881  0.30911906 -0.32088094]]","[2243. 2239.  932. 2238. 2203.  968. 1868. 2241.  930. 2241. 2203.  968.
 1988. 2246.  925. 1954. 2249.  922.]","[2245. 2233.  935. 2229. 2174.  990. 1867. 2239.  931. 2241. 2182.  988.
 1984. 2239.  928. 1968. 2239.  926.]","[-1.7919e+01  5.2460e+00  6.3792e+01 -2.4410e-01 -6.1000e-02 -1.6479e+00
  3.4700e-02 -3.4330e-01  1.0259e+00]",113
574,3,"[[-0.3004084  -0.29300023  0.33699977]
 [ 0.27434909 -0.2965709   0.3334291 ]
 [ 0.08789706 -0.30509585  0.32490415]
 [-0.2909308   0.25024373 -0.37975627]
 [-0.29625484  0.24979837 -0.38020163]
 [ 0.1477002   0.30916751 -0.32083249]]","[2243. 2239.  932. 2237. 2211.  960. 1869. 2241.  930. 2241. 2210.  961.
 1990. 2246.  925. 1951. 2249.  922.]","[2244. 2233.  935. 2230. 2177.  986. 1867. 2239.  931. 2241. 2185.  984.
 1986. 2239.  928. 1966. 2239.  926.]","[-1.7908e+01  5.1860e+00  6.3726e+01  6.1040e-01 -6.1040e-01 -2.5635e+00
  1.2700e-02 -3.5250e-01  9.6090e-01]",113
575,3,"[[-0.30098637 -0.29253807  0.33746193]
 [ 0.27349728 -0.29670538  0.33329462]
 [ 0.08422252 -0.30521338  0.32478662]
 [-0.28988587  0.26301311 -0.36698689]
 [-0.29596292  0.26163904 -0.36836096]
 [ 0.15155214  0.30921379 -0.32078621]]","[2244. 2238.  933. 2236. 2219.  952. 1869. 2241.  930. 2240. 2218.  953.
 1993. 2246.  925. 1949. 2249.  922.]","[2245. 2232.  936. 2229. 2182.  982. 1868. 2239.  932. 2240. 2192.  977.
 1987. 2239.  929. 1963. 2239.  926.]","[-17.875    5.092   63.638    1.0986  -1.0986  -2.2583  -0.0732  -0.3892
   0.9258]",113
576,3,"[[-0.30149129 -0.29211638  0.33788362]
 [ 0.27263132 -0.29684002  0.33315998]
 [ 0.08052775 -0.30532973  0.32467027]
 [-0.28879493  0.27614638 -0.35385362]
 [-0.2956463   0.27377867 -0.35622133]
 [ 0.15537376  0.30925791 -0.32074209]]","[2244. 2238.  933. 2236. 2228.  943. 1870. 2241.  930. 2240. 2226.  945.
 1995. 2247.  924. 1946. 2249.  922.]","[2245. 2230.  938. 2229. 2186.  978. 1869. 2239.  932. 2241. 2199.  971.
 1990. 2238.  929. 1961. 2239.  925.]","[-17.836    4.988   63.583    1.0986  -1.709   -1.0376  -0.1226  -0.3979
   0.8896]",113
577,3,"[[-0.30192312 -0.25567726  0.37432274]
 [ 0.27175117 -0.29697479  0.33302521]
 [ 0.0768133  -0.30544487  0.32455513]
 [-0.2876579   0.28963592 -0.34036408]
 [-0.29530525  0.28620984 -0.34379016]
 [ 0.15916417  0.30929985 -0.32070015]]","[2244. 2214.  957. 2235. 2236.  935. 1870. 2241.  930. 2240. 2234.  937.
 1997. 2247.  924. 1944. 2249.  922.]","[2244. 2230.  940. 2230. 2192.  974. 1870. 2239.  932. 2242. 2206.  964.
 1992. 2238.  929. 1958. 2239.  923.]","[-17.803    4.894   63.572    1.1597  -1.709   -0.1221  -0.1147  -0.373
   0.9336]",113
578,3,"[[-0.30228214 -0.21115888  0.41884112]
 [ 0.27085682 -0.29710964  0.33289036]
 [ 0.07307973 -0.30555879  0.32444121]
 [-0.2864747   0.29209598 -0.33790402]
 [-0.29494009  0.29206186 -0.33793814]
 [ 0.16292251  0.30933962 -0.32066038]]","[2245. 2185.  986. 2234. 2238.  933. 1871. 2241.  930. 2240. 2238.  933.
 2000. 2247.  924. 1941. 2249.  922.]","[2244. 2224.  945. 2230. 2198.  969. 1871. 2239.  932. 2241. 2211.  958.
 1994. 2238.  929. 1956. 2239.  923.]","[-17.776    4.818   63.578    1.5869  -1.5259  -0.8545  -0.1357  -0.3276
   0.9761]",113
579,3,"[[-0.30256952 -0.17290841  0.45709159]
 [ 0.26994831 -0.29724456  0.33275544]
 [ 0.06932747 -0.30567148  0.32432852]
 [-0.28524523  0.29220232 -0.33779768]
 [-0.29455122  0.2921593  -0.3378407 ]
 [ 0.16664806  0.3093772  -0.3206228 ]]","[2245. 2160. 1011. 2233. 2238.  933. 1872. 2241.  930. 2240. 2238.  933.
 2002. 2247.  924. 1939. 2249.  922.]","[2244. 2211.  952. 2230. 2204.  964. 1872. 2238.  932. 2241. 2217.  952.
 1996. 2238.  929. 1954. 2239.  924.]","[-17.721    4.741   63.561    2.2583  -1.6479  -1.3428  -0.1558  -0.29
   0.9795]",113
580,3,"[[-0.30278919 -0.14117241  0.48882759]
 [ 0.26902608 -0.29737951  0.33262049]
 [ 0.0655564  -0.3057829   0.3242171 ]
 [-0.28396936  0.29231117 -0.33768883]
 [-0.29413947  0.29225876 -0.33774124]
 [ 0.17034064  0.30941258 -0.32058742]]","[2245. 2140. 1031. 2233. 2238.  933. 1872. 2241.  930. 2239. 2238.  933.
 2005. 2247.  924. 1936. 2249.  922.]","[2242. 2195.  968. 2230. 2210.  959. 1872. 2238.  932. 2242. 2221.  948.
 1999. 2237.  929. 1951. 2240.  923.]","[-1.7644e+01  4.6580e+00  6.3528e+01  2.5024e+00 -2.6855e+00 -1.6479e+00
 -4.3000e-02 -2.3630e-01  9.3600e-01]",113
581,3,"[[-0.30294884 -0.11617095  0.51382905]
 [ 0.26809277 -0.29751446  0.33248554]
 [ 0.06176308 -0.30589305  0.32410695]
 [-0.28264656  0.29242245 -0.33757755]
 [-0.29370803  0.29236019 -0.33763981]
 [ 0.17400329  0.30944576 -0.32055424]]","[2245. 2123. 1048. 2232. 2238.  933. 1873. 2241.  930. 2239. 2238.  933.
 2007. 2247.  924. 1934. 2249.  922.]","[2242. 2183.  988. 2231. 2211.  956. 1873. 2235.  932. 2242. 2223.  946.
 2001. 2236.  929. 1947. 2242.  923.]","[-17.567    4.526   63.49     1.0376  -3.2959  -2.8076   0.0747  -0.1909
   0.7964]",113
582,3,"[[-0.30275167 -0.09807936  0.53192064]
 [ 0.26717169 -0.29764937  0.33235063]
 [ 0.05791396 -0.30600191  0.32399809]
 [-0.28127242  0.29253613 -0.33746387]
 [-0.29328285  0.29246352 -0.33753648]
 [ 0.17766733  0.30947674 -0.32052326]]","[2245. 2111. 1060. 2231. 2238.  933. 1873. 2242.  929. 2239. 2238.  933.
 2010. 2247.  924. 1932. 2249.  922.]","[2243. 2163. 1009. 2231. 2211.  954. 1875. 2234.  933. 2241. 2224.  945.
 2004. 2236.  931. 1943. 2243.  923.]","[-17.562    4.34    63.419   -2.3193  -4.8828  -4.0894  -0.1572  -0.2856
   0.915 ]",113
583,3,"[[-0.30077274 -0.08685379  0.54314621]
 [ 0.2663005  -0.29778422  0.33221578]
 [ 0.05391487 -0.30610947  0.32389053]
 [-0.27982119  0.29265214 -0.33734786]
 [-0.29291769  0.29256869 -0.33743131]
 [ 0.18141224  0.30950551 -0.32049449]]","[2244. 2104. 1067. 2230. 2238.  933. 1874. 2242.  929. 2238. 2238.  933.
 2012. 2247.  924. 1929. 2249.  922.]","[2243. 2146. 1026. 2230. 2211.  954. 1875. 2234.  932. 2241. 2225.  944.
 2007. 2236.  931. 1940. 2244.  923.]","[-17.644    4.136   63.347   -1.5259  -2.8687  -1.0376  -0.208   -0.3813
   1.0649]",113
584,3,"[[-0.29677999 -0.0826116   0.5473884 ]
 [ 0.26543896 -0.29791898  0.33208102]
 [ 0.04974056 -0.30621575  0.32378425]
 [-0.27826222  0.29277045 -0.33722955]
 [-0.29259286  0.29267563 -0.33732437]
 [ 0.18524396  0.30953208 -0.32046792]]","[2241. 2101. 1070. 2229. 2238.  933. 1874. 2242.  929. 2238. 2238.  933.
 2015. 2247.  924. 1927. 2249.  922.]","[2244. 2131. 1041. 2230. 2212.  954. 1875. 2234.  933. 2240. 2225.  944.
 2008. 2236.  931. 1937. 2244.  923.]","[-1.7688e+01  4.0650e+00  6.3347e+01 -6.1000e-02  1.2210e-01  8.5450e-01
 -6.7400e-02 -3.4380e-01  9.3750e-01]",113
585,3,"[[-0.29080192 -0.08575091  0.54424909]
 [ 0.26455497 -0.29805362  0.33194638]
 [ 0.04538799 -0.30632076  0.32367924]
 [-0.27657805  0.29289105 -0.33710895]
 [-0.2922894   0.29278427 -0.33721573]
 [ 0.18915236  0.30955644 -0.32044356]]","[2237. 2103. 1068. 2228. 2238.  933. 1875. 2242.  929. 2238. 2238.  933.
 2018. 2247.  924. 1924. 2249.  922.]","[2243. 2120. 1051. 2230. 2211.  953. 1876. 2234.  932. 2239. 2225.  944.
 2009. 2236.  931. 1935. 2244.  923.]","[-17.693    4.087   63.369    0.      -0.2441  -0.4272  -0.0654  -0.3467
   0.9033]",113
586,3,"[[-0.28287853 -0.08808182  0.54191818]
 [ 0.26362977 -0.29818814  0.33181186]
 [ 0.04085659 -0.30642451  0.32357549]
 [-0.27475784  0.29301391 -0.33698609]
 [-0.29199779  0.29289454 -0.33710546]
 [ 0.19312802  0.3095786  -0.3204214 ]]","[2232. 2105. 1066. 2227. 2239.  932. 1876. 2242.  929. 2238. 2238.  933.
 2021. 2247.  924. 1922. 2249.  922.]","[2243. 2114. 1057. 2229. 2212.  953. 1877. 2234.  933. 2239. 2225.  944.
 2009. 2237.  931. 1933. 2244.  923.]","[-1.7704e+01  4.0920e+00  6.3358e+01 -6.1000e-02  0.0000e+00 -1.8310e-01
 -8.9800e-02 -3.4470e-01  9.7850e-01]",113
587,3,"[[-0.27306281 -0.08838305  0.54161695]
 [ 0.26265037 -0.29832252  0.33167748]
 [ 0.0361473  -0.30652701  0.32347299]
 [-0.27279372  0.29313899 -0.33686101]
 [-0.2917124   0.29300638 -0.33699362]
 [ 0.19716149  0.30959854 -0.32040146]]","[2226. 2105. 1066. 2225. 2239.  932. 1876. 2242.  929. 2238. 2239.  932.
 2024. 2247.  924. 1919. 2249.  922.]","[2242. 2111. 1061. 2229. 2212.  953. 1877. 2234.  933. 2239. 2225.  944.
 2012. 2236.  931. 1930. 2245.  923.]","[-1.7710e+01  4.1090e+00  6.3353e+01  2.4410e-01  3.0520e-01  0.0000e+00
 -4.7900e-02 -3.1350e-01  9.1650e-01]",113
588,3,"[[-0.26142043 -0.08839845  0.54160155]
 [ 0.2616063  -0.29845674  0.33154326]
 [ 0.03126229 -0.30662827  0.32337173]
 [-0.27067924  0.29326628 -0.33673372]
 [-0.29142895  0.29311972 -0.33688028]
 [ 0.20124297  0.30961626 -0.32038374]]","[2218. 2105. 1066. 2224. 2239.  932. 1877. 2242.  929. 2237. 2239.  932.
 2027. 2247.  924. 1916. 2249.  922.]","[2237. 2109. 1063. 2227. 2212.  953. 1878. 2234.  933. 2239. 2225.  944.
 2015. 2236.  931. 1928. 2244.  923.]","[-17.715    4.114   63.353    0.      -0.2441   0.      -0.0757  -0.3013
   0.957 ]",113
589,3,"[[-0.24802927 -0.08838884  0.54161116]
 [ 0.26048822 -0.29859082  0.33140918]
 [ 0.02620472 -0.30672829  0.32327171]
 [-0.26840877  0.29339575 -0.33660425]
 [-0.29114348  0.29323451 -0.33676549]
 [ 0.20536224  0.30963176 -0.32036824]]","[2209. 2105. 1066. 2222. 2239.  932. 1878. 2242.  929. 2237. 2239.  932.
 2030. 2247.  924. 1914. 2249.  922.]","[2231. 2109. 1064. 2226. 2212.  953. 1878. 2234.  933. 2239. 2225.  944.
 2018. 2236.  931. 1925. 2244.  924.]","[-17.715    4.12    63.358    0.3052   0.       0.1831  -0.0786  -0.2959
   0.9585]",113
590,3,"[[-0.23297892 -0.08839705  0.54160295]
 [ 0.25928735 -0.29872474  0.33127526]
 [ 0.02097872 -0.30682708  0.32317292]
 [-0.26597729  0.29352739 -0.33647261]
 [-0.29085192  0.29335067 -0.33664933]
 [ 0.20950866  0.30964502 -0.32035498]]","[2199. 2105. 1066. 2221. 2239.  932. 1878. 2242.  929. 2237. 2239.  932.
 2034. 2248.  923. 1911. 2249.  922.]","[2223. 2108. 1065. 2224. 2212.  953. 1879. 2234.  932. 2238. 2225.  943.
 2021. 2237.  932. 1923. 2244.  924.]","[-1.7704e+01  4.1310e+00  6.3364e+01  1.8310e-01  0.0000e+00  6.1000e-02
 -6.9300e-02 -2.7590e-01  9.4730e-01]",113
591,3,"[[-0.21637005 -0.08843399  0.54156601]
 [ 0.2579952  -0.29885851  0.33114149]
 [ 0.01558929 -0.30692465  0.32307535]
 [-0.26338024  0.29366115 -0.33633885]
 [-0.29054986  0.29346816 -0.33653184]
 [ 0.21367121  0.30965603 -0.32034397]]","[2189. 2105. 1066. 2219. 2239.  932. 1879. 2242.  929. 2237. 2239.  932.
 2037. 2248.  923. 1908. 2249.  922.]","[2215. 2108. 1065. 2222. 2212.  953. 1880. 2234.  932. 2238. 2225.  944.
 2024. 2236.  931. 1920. 2245.  924.]","[-1.7699e+01  4.1360e+00  6.3358e+01  6.1000e-02  0.0000e+00 -1.8310e-01
 -7.5700e-02 -2.8420e-01  9.6240e-01]",113
592,3,"[[-0.19831376 -0.08850715  0.54149285]
 [ 0.25660352 -0.29899213  0.33100787]
 [ 0.01004229 -0.30702098  0.32297902]
 [-0.26061361  0.29379704 -0.33620296]
 [-0.29023257  0.29358691 -0.33641309]
 [ 0.21783859  0.30966481 -0.32033519]]","[2177. 2105. 1066. 2217. 2239.  932. 1880. 2242.  929. 2237. 2239.  932.
 2041. 2248.  923. 1905. 2249.  922.]","[2206. 2108. 1065. 2221. 2212.  952. 1880. 2234.  932. 2237. 2226.  943.
 2027. 2236.  931. 1918. 2244.  923.]","[-17.688    4.142   63.353    0.1221   0.1221   0.      -0.0771  -0.2915
   0.9468]",113
593,3,"[[-0.17893085 -0.088625    0.541375  ]
 [ 0.2551043  -0.29912562  0.33087438]
 [ 0.0043444  -0.30711608  0.32288392]
 [-0.25767388  0.29393501 -0.33606499]
 [-0.28989494  0.29370687 -0.33629313]
 [ 0.22199926  0.30967142 -0.32032858]]","[2164. 2105. 1066. 2215. 2239.  932. 1881. 2242.  928. 2236. 2239.  932.
 2045. 2248.  923. 1903. 2249.  922.]","[2197. 2108. 1064. 2219. 2212.  953. 1882. 2234.  933. 2237. 2226.  943.
 2030. 2237.  932. 1914. 2245.  923.]","[-1.7682e+01  4.1470e+00  6.3358e+01  0.0000e+00 -6.1000e-02  1.8310e-01
 -6.9800e-02 -3.0320e-01  9.4090e-01]",113
594,3,"[[-0.15835098 -0.08879768  0.54120232]
 [ 0.25348974 -0.29925897  0.33074103]
 [-0.00149694 -0.30720994  0.32279006]
 [-0.25455811  0.29407507 -0.33592493]
 [-0.28953155  0.293828   -0.336172  ]
 [ 0.22614153  0.30967605 -0.32032395]]","[2151. 2105. 1066. 2213. 2239.  932. 1882. 2243.  928. 2236. 2239.  932.
 2048. 2248.  923. 1900. 2249.  922.]","[2185. 2107. 1065. 2217. 2212.  953. 1883. 2234.  933. 2236. 2226.  942.
 2034. 2237.  931. 1912. 2244.  924.]","[-1.7682e+01  4.1530e+00  6.3364e+01 -6.1000e-02 -6.1000e-02  1.8310e-01
 -6.9800e-02 -3.1540e-01  9.5460e-01]",113
595,3,"[[-0.13671183 -0.08903705  0.54096295]
 [ 0.25175231 -0.29939221  0.33060779]
 [-0.00747356 -0.30730255  0.32269745]
 [-0.25126394  0.29421717 -0.33578283]
 [-0.28913668  0.29395024 -0.33604976]
 [ 0.23025368  0.30967887 -0.32032113]]","[2137. 2106. 1065. 2211. 2239.  932. 1883. 2243.  928. 2236. 2239.  932.
 2052. 2248.  923. 1897. 2249.  922.]","[2174. 2107. 1065. 2215. 2212.  952. 1884. 2234.  933. 2234. 2226.  942.
 2037. 2236.  932. 1909. 2244.  924.]","[-1.7677e+01  4.1580e+00  6.3369e+01  1.2210e-01  6.1000e-02  0.0000e+00
 -6.3000e-02 -3.2180e-01  9.4380e-01]",113
596,3,"[[-0.11415813 -0.08935663  0.54064337]
 [ 0.24988475 -0.29952535  0.33047465]
 [-0.01357659 -0.30739391  0.32260609]
 [-0.24778964  0.29436131 -0.33563869]
 [-0.28870439  0.29407356 -0.33592644]
 [ 0.23432396  0.3096723  -0.3203277 ]]","[2122. 2106. 1065. 2209. 2239.  932. 1885. 2243.  928. 2236. 2239.  932.
 2056. 2248.  923. 1895. 2249.  922.]","[2161. 2108. 1064. 2214. 2212.  952. 1885. 2234.  933. 2234. 2226.  942.
 2040. 2236.  932. 1907. 2245.  924.]","[-1.7672e+01  4.1580e+00  6.3369e+01  6.1000e-02  0.0000e+00  0.0000e+00
 -7.1800e-02 -3.1980e-01  9.4190e-01]",113
597,3,"[[-0.09084077 -0.0897715   0.5402285 ]
 [ 0.24788012 -0.29965841  0.33034159]
 [-0.01979655 -0.307484    0.322516  ]
 [-0.24413416  0.29450746 -0.33549254]
 [-0.28822848  0.29419791 -0.33580209]
 [ 0.23834076  0.30960471 -0.32039529]]","[2107. 2106. 1065. 2207. 2239.  931. 1886. 2243.  928. 2235. 2239.  932.
 2060. 2248.  923. 1892. 2249.  922.]","[2148. 2107. 1064. 2212. 2211.  952. 1886. 2234.  932. 2234. 2226.  942.
 2043. 2237.  932. 1904. 2244.  924.]","[-1.7672e+01  4.1640e+00  6.3369e+01  6.1000e-02  0.0000e+00  6.1000e-02
 -7.0300e-02 -3.1930e-01  9.4630e-01]",113
598,3,"[[-0.06691573 -0.09029819  0.53970181]
 [ 0.24573179 -0.29979139  0.33020861]
 [-0.02612336 -0.3075728   0.3224272 ]
 [-0.24029712  0.29465559 -0.33534441]
 [-0.28770257  0.29432327 -0.33567673]
 [ 0.24229262  0.30945901 -0.32054099]]","[2091. 2106. 1065. 2204. 2240.  931. 1887. 2243.  928. 2235. 2239.  932.
 2065. 2248.  923. 1890. 2249.  922.]","[2134. 2107. 1064. 2210. 2212.  952. 1887. 2234.  933. 2234. 2226.  942.
 2047. 2237.  932. 1901. 2245.  924.]","[-1.7672e+01  4.1640e+00  6.3369e+01  6.1000e-02  6.1000e-02  0.0000e+00
 -7.4200e-02 -3.1050e-01  9.4140e-01]",113
599,3,"[[-0.04254305 -0.09095459  0.53904541]
 [ 0.24343353 -0.29992433  0.33007567]
 [-0.03254641 -0.3076603   0.3223397 ]
 [-0.23627886  0.29480569 -0.33519431]
 [-0.28712016  0.2944496  -0.3355504 ]
 [ 0.24616833  0.30925071 -0.32074929]]","[2075. 2107. 1064. 2202. 2240.  931. 1889. 2243.  928. 2235. 2239.  932.
 2069. 2248.  923. 1887. 2249.  922.]","[2120. 2108. 1064. 2209. 2212.  951. 1890. 2234.  932. 2234. 2226.  942.
 2050. 2237.  931. 1899. 2244.  923.]","[-1.7672e+01  4.1690e+00  6.3369e+01  6.1000e-02  0.0000e+00  0.0000e+00
 -6.0500e-02 -3.0620e-01  9.4970e-01]",113
600,3,"[[-0.01788578 -0.09175985  0.53824015]
 [ 0.24097949 -0.30005724  0.32994276]
 [-0.03905461 -0.30774646  0.32225354]
 [-0.23208048  0.29495773 -0.33504227]
 [-0.28647458  0.29457688 -0.33542312]
 [ 0.24995702  0.30898375 -0.32101625]]","[2059. 2107. 1064. 2199. 2240.  931. 1890. 2243.  928. 2234. 2240.  931.
 2073. 2248.  923. 1885. 2249.  922.]","[2104. 2108. 1064. 2209. 2212.  951. 1891. 2234.  933. 2234. 2227.  942.
 2054. 2237.  931. 1896. 2244.  924.]","[-1.7666e+01  4.1690e+00  6.3364e+01  6.1000e-02  0.0000e+00 -1.8310e-01
 -5.2700e-02 -2.9790e-01  9.5410e-01]",113
601,3,"[[ 0.00689114 -0.09273431  0.53726569]
 [ 0.23836425 -0.30019013  0.32980987]
 [-0.04563646 -0.30783128  0.32216872]
 [-0.22770381  0.29511168 -0.33488832]
 [-0.28575908  0.29470507 -0.33529493]
 [ 0.2536482   0.30866102 -0.32133898]]","[2043. 2108. 1063. 2196. 2240.  931. 1892. 2243.  928. 2234. 2240.  931.
 2077. 2248.  923. 1882. 2249.  922.]","[2089. 2108. 1064. 2206. 2212.  949. 1893. 2234.  933. 2234. 2227.  942.
 2058. 2237.  931. 1893. 2245.  924.]","[-1.7666e+01  4.1640e+00  6.3347e+01  6.1000e-02  6.1000e-02 -6.7140e-01
 -4.2500e-02 -3.0370e-01  9.5850e-01]",113
602,3,"[[ 0.03162196 -0.0938994   0.5361006 ]
 [ 0.23558283 -0.30032303  0.32967697]
 [-0.05228009 -0.30791471  0.32208529]
 [-0.22315147  0.29526752 -0.33473248]
 [-0.28496685  0.29483417 -0.33516583]
 [ 0.25723186  0.30828551 -0.32171449]]","[2027. 2109. 1062. 2193. 2240.  931. 1894. 2243.  928. 2233. 2240.  931.
 2082. 2248.  923. 1880. 2248.  922.]","[2073. 2108. 1064. 2203. 2213.  949. 1894. 2234.  933. 2233. 2228.  941.
 2061. 2237.  932. 1891. 2244.  923.]","[-17.661    4.153   63.309    0.1831   0.2441  -1.0376  -0.0688  -0.3086
   0.9512]",113
603,3,"[[ 0.05614124 -0.09527757  0.53472243]
 [ 0.23263077 -0.30045596  0.32954404]
 [-0.05897335 -0.30799674  0.32200326]
 [-0.21842684  0.29542521 -0.33457479]
 [-0.28409101  0.29496416 -0.33503584]
 [ 0.26069851  0.30786043 -0.32213957]]","[2011. 2110. 1061. 2190. 2240.  931. 1896. 2243.  928. 2233. 2240.  931.
 2086. 2248.  923. 1878. 2248.  923.]","[2058. 2109. 1063. 2200. 2213.  949. 1896. 2234.  933. 2232. 2228.  941.
 2065. 2237.  931. 1888. 2244.  923.]","[-17.655    4.147   63.27     0.3052   0.1831  -0.8545  -0.0894  -0.3125
   0.9429]",113
604,3,"[[ 0.08028497 -0.09689225  0.53310775]
 [ 0.2295041  -0.30058893  0.32941107]
 [-0.06570384 -0.30807734  0.32192266]
 [-0.21353408  0.29558472 -0.33441528]
 [-0.28312466  0.29509502 -0.33490498]
 [ 0.26403923  0.3073892  -0.3226108 ]]","[1995. 2111. 1060. 2187. 2240.  931. 1898. 2243.  928. 2232. 2240.  931.
 2090. 2248.  923. 1875. 2248.  923.]","[2042. 2109. 1062. 2198. 2213.  949. 1898. 2234.  933. 2232. 2228.  941.
 2068. 2237.  931. 1885. 2244.  924.]","[-17.644    4.142   63.248    0.3662   0.      -0.3662  -0.0801  -0.3047
   0.9487]",113
605,3,"[[ 0.10389162 -0.09876771  0.53123229]
 [ 0.22619941 -0.30072196  0.32927804]
 [-0.07245901 -0.30815646  0.32184354]
 [-0.20847812  0.29574602 -0.33425398]
 [-0.28206092  0.29522675 -0.33477325]
 [ 0.26724578  0.30687538 -0.32312462]]","[1980. 2112. 1059. 2183. 2240.  931. 1900. 2244.  927. 2231. 2240.  931.
 2095. 2248.  923. 1873. 2248.  923.]","[2026. 2110. 1061. 2195. 2213.  948. 1900. 2234.  932. 2232. 2228.  940.
 2072. 2237.  931. 1883. 2245.  924.]","[-1.7628e+01  4.1420e+00  6.3243e+01  3.0520e-01  0.0000e+00 -6.1000e-02
 -7.2300e-02 -2.9830e-01  9.4290e-01]",113
606,3,"[[ 0.12680329 -0.10092905  0.52907095]
 [ 0.22271387 -0.30085506  0.32914494]
 [-0.07922617 -0.30823407  0.32176593]
 [-0.20326465  0.29590908 -0.33409092]
 [-0.28089291  0.29535934 -0.33464066]
 [ 0.27031058  0.30632272 -0.32367728]]","[1965. 2113. 1058. 2180. 2240.  931. 1902. 2244.  927. 2231. 2240.  931.
 2099. 2248.  923. 1871. 2247.  924.]","[2010. 2111. 1060. 2192. 2213.  948. 1902. 2234.  933. 2231. 2228.  940.
 2076. 2237.  931. 1881. 2244.  924.]","[-17.622    4.136   63.237    0.1831   0.      -0.1221  -0.0786  -0.2974
   0.9487]",113
607,3,"[[ 0.14886671 -0.10340208  0.52659792]
 [ 0.21904525 -0.30098826  0.32901174]
 [-0.08599264 -0.30831014  0.32168986]
 [-0.19790011  0.29607384 -0.33392616]
 [-0.27961385  0.29549278 -0.33450722]
 [ 0.27322681  0.30573504 -0.32426496]]","[1950. 2115. 1056. 2177. 2241.  930. 1905. 2244.  927. 2230. 2240.  931.
 2104. 2248.  922. 1869. 2247.  924.]","[1994. 2111. 1059. 2189. 2213.  947. 1904. 2234.  932. 2230. 2228.  940.
 2081. 2237.  932. 1879. 2245.  924.]","[-17.617    4.142   63.232    0.       0.      -0.1221  -0.0869  -0.2974
   0.9512]",113
608,3,"[[ 0.16993428 -0.10621324  0.52378676]
 [ 0.21519196 -0.30112156  0.32887844]
 [-0.09274573 -0.30838462  0.32161538]
 [-0.19239166  0.29624028 -0.33375972]
 [-0.278217    0.29562707 -0.33437293]
 [ 0.27598841  0.30511627 -0.32488373]]","[1937. 2117. 1054. 2173. 2241.  930. 1907. 2244.  927. 2229. 2240.  931.
 2108. 2249.  922. 1868. 2246.  925.]","[1979. 2113. 1057. 2186. 2213.  947. 1906. 2234.  932. 2229. 2228.  940.
 2085. 2237.  931. 1877. 2245.  925.]","[-17.611    4.142   63.226    0.       0.      -0.1221  -0.0703  -0.2959
   0.9463]",113
609,3,"[[ 0.18986507 -0.10938949  0.52061051]
 [ 0.21115308 -0.30125497  0.32874503]
 [-0.09947286 -0.30845748  0.32154252]
 [-0.18674715  0.29640834 -0.33359166]
 [-0.27669578  0.29576222 -0.33423778]
 [ 0.27859017  0.30447042 -0.32552958]]","[1924. 2119. 1052. 2169. 2241.  930. 1910. 2244.  927. 2228. 2240.  931.
 2112. 2249.  922. 1866. 2246.  925.]","[1964. 2115. 1056. 2183. 2213.  946. 1908. 2234.  933. 2229. 2228.  940.
 2089. 2237.  931. 1875. 2244.  925.]","[-1.7611e+01  4.1420e+00  6.3215e+01  0.0000e+00  0.0000e+00 -3.6620e-01
 -5.9100e-02 -2.9490e-01  9.5360e-01]",113
610,3,"[[ 0.20852576 -0.1129582   0.5170418 ]
 [ 0.20692835 -0.30138851  0.32861149]
 [-0.10616161 -0.30852868  0.32147132]
 [-0.18097512  0.29657798 -0.33342202]
 [-0.27504374  0.29589823 -0.33410177]
 [ 0.2810277   0.30380153 -0.32619847]]","[1912. 2121. 1050. 2165. 2241.  930. 1913. 2244.  927. 2227. 2240.  931.
 2117. 2249.  922. 1864. 2246.  925.]","[1950. 2117. 1054. 2179. 2213.  946. 1911. 2234.  933. 2228. 2228.  939.
 2093. 2237.  931. 1872. 2244.  926.]","[-1.7611e+01  4.1360e+00  6.3199e+01  0.0000e+00  6.1000e-02 -4.8830e-01
 -6.0100e-02 -3.0710e-01  9.5460e-01]",113
611,3,"[[ 0.2257915  -0.11694703  0.51305297]
 [ 0.20251822 -0.30152218  0.32847782]
 [-0.11279979 -0.30859816  0.32140184]
 [-0.17508473  0.29674915 -0.33325085]
 [-0.27325465  0.29603509 -0.33396491]
 [ 0.28329748  0.30311366 -0.32688634]]","[1900. 2124. 1047. 2162. 2241.  930. 1915. 2244.  927. 2226. 2240.  930.
 2121. 2249.  922. 1863. 2245.  926.]","[1937. 2119. 1052. 2176. 2213.  945. 1914. 2234.  933. 2227. 2228.  939.
 2098. 2237.  931. 1870. 2244.  926.]","[-1.7606e+01  4.1310e+00  6.3177e+01  6.1000e-02  6.1000e-02 -4.8830e-01
 -6.3500e-02 -3.1790e-01  9.4240e-01]",113
612,3,"[[ 0.24154681 -0.12138376  0.50861624]
 [ 0.19792387 -0.30165598  0.32834402]
 [-0.11937547 -0.30866589  0.32133411]
 [-0.16908572  0.2969218  -0.3330782 ]
 [-0.27132248  0.29617282 -0.33382718]
 [ 0.2853969   0.30241089 -0.32758911]]","[1890. 2127. 1044. 2158. 2241.  930. 1918. 2244.  927. 2224. 2241.  930.
 2125. 2249.  922. 1861. 2245.  926.]","[1924. 2121. 1050. 2172. 2213.  945. 1916. 2234.  932. 2226. 2228.  938.
 2102. 2237.  931. 1868. 2244.  927.]","[-1.760e+01  4.131e+00  6.316e+01  1.221e-01  6.100e-02 -4.272e-01
 -6.690e-02 -3.184e-01  9.478e-01]",113
613,3,"[[ 0.25568629 -0.12629616  0.50370384]
 [ 0.19314721 -0.30178992  0.32821008]
 [-0.1258771  -0.30873182  0.32126818]
 [-0.1629884   0.29709586 -0.33290414]
 [-0.2692415   0.29631142 -0.33368858]
 [ 0.28732422  0.30169728 -0.32830272]]","[1881. 2130. 1041. 2154. 2241.  930. 1922. 2244.  927. 2223. 2241.  930.
 2130. 2249.  922. 1860. 2244.  927.]","[1912. 2124. 1047. 2169. 2213.  945. 1918. 2234.  932. 2225. 2228.  938.
 2106. 2237.  931. 1866. 2243.  927.]","[-1.7595e+01  4.1250e+00  6.3144e+01  2.4410e-01  6.1000e-02 -4.2720e-01
 -7.2300e-02 -3.1450e-01  9.4730e-01]",113
614,3,"[[ 0.26811535 -0.13171182  0.49828818]
 [ 0.18819088 -0.301924    0.328076  ]
 [-0.13229351 -0.30879591  0.32120409]
 [-0.15680355  0.29727129 -0.33272871]
 [-0.26700628  0.2964509  -0.3335491 ]
 [ 0.28907863  0.30097689 -0.32902311]]","[1873. 2133. 1038. 2150. 2241.  930. 1925. 2244.  927. 2222. 2241.  930.
 2134. 2249.  922. 1859. 2244.  927.]","[1901. 2127. 1045. 2166. 2213.  944. 1922. 2234.  932. 2223. 2228.  938.
 2110. 2237.  931. 1864. 2243.  927.]","[-17.589    4.125   63.122    0.1831   0.1221  -0.4272  -0.0688  -0.313
   0.9409]",113
615,3,"[[ 0.27875085 -0.13765794  0.49234206]
 [ 0.18305829 -0.30205821  0.32794179]
 [-0.13861403 -0.3088581   0.3211419 ]
 [-0.15054242  0.29744802 -0.33255198]
 [-0.26461175  0.29659127 -0.33340873]
 [ 0.2906602   0.30025368 -0.32974632]]","[1866. 2137. 1034. 2146. 2241.  930. 1928. 2244.  927. 2220. 2241.  930.
 2138. 2249.  922. 1858. 2243.  928.]","[1892. 2129. 1042. 2163. 2213.  944. 1925. 2234.  932. 2222. 2227.  938.
 2114. 2237.  931. 1863. 2243.  929.]","[-17.584    4.12    63.105    0.1831   0.1221  -0.4272  -0.0747  -0.3086
   0.9482]",113
616,3,"[[ 0.28752162 -0.14416116  0.48583884]
 [ 0.17775358 -0.30219255  0.32780745]
 [-0.14482845 -0.30891835  0.32108165]
 [-0.14421664  0.29762599 -0.33237401]
 [-0.26205325  0.29673252 -0.33326748]
 [ 0.29206993  0.29953162 -0.33046838]]","[1860. 2141. 1029. 2142. 2242.  929. 1932. 2244.  926. 2218. 2241.  930.
 2142. 2249.  922. 1857. 2243.  928.]","[1882. 2132. 1039. 2159. 2213.  944. 1928. 2234.  932. 2220. 2228.  937.
 2118. 2237.  931. 1861. 2243.  929.]","[-1.7578e+01  4.1200e+00  6.3094e+01  1.8310e-01  6.1000e-02 -2.4410e-01
 -6.9300e-02 -3.0370e-01  9.4970e-01]",113
617,3,"[[ 0.29436903 -0.15124735  0.47875265]
 [ 0.17228165 -0.30232701  0.32767299]
 [-0.15092718 -0.30897662  0.32102338]
 [-0.13783817  0.29780513 -0.33219487]
 [-0.25932655  0.29687468 -0.33312532]
 [ 0.29330967  0.29881455 -0.33118545]]","[1856. 2146. 1025. 2137. 2242.  929. 1935. 2245.  926. 2217. 2241.  930.
 2146. 2249.  922. 1856. 2242.  929.]","[1874. 2136. 1035. 2156. 2214.  943. 1932. 2234.  932. 2219. 2228.  938.
 2123. 2237.  931. 1860. 2242.  930.]","[-17.567    4.12    63.073    0.2441   0.1221  -0.4272  -0.0679  -0.3013
   0.9478]",113
618,3,"[[ 0.29924725 -0.15894139  0.47105861]
 [ 0.16664812 -0.30246158  0.32753842]
 [-0.15690121 -0.30903285  0.32096715]
 [-0.13141922  0.29798536 -0.33201464]
 [-0.25642792  0.29701773 -0.33298227]
 [ 0.29438214  0.29810627 -0.33189373]]","[1852. 2151. 1020. 2133. 2242.  929. 1939. 2245.  926. 2215. 2241.  930.
 2150. 2249.  922. 1856. 2242.  929.]","[1867. 2140. 1031. 2152. 2214.  942. 1936. 2234.  932. 2217. 2228.  938.
 2126. 2237.  931. 1858. 2242.  930.]","[-17.562    4.12    63.051    0.1831   0.1221  -0.5493  -0.0767  -0.3008
   0.9478]",113
619,3,"[[ 0.30212355 -0.16726695  0.46273305]
 [ 0.16085935 -0.30259623  0.32740377]
 [-0.16274219 -0.30908701  0.32091299]
 [-0.12497225  0.29816662 -0.33183338]
 [-0.25335416  0.2971617  -0.3328383 ]
 [ 0.2952909   0.29741046 -0.33258954]]","[1851. 2157. 1014. 2129. 2242.  929. 1943. 2245.  926. 2213. 2241.  930.
 2154. 2249.  922. 1855. 2241.  930.]","[1862. 2145. 1027. 2148. 2214.  942. 1938. 2234.  931. 2215. 2228.  937.
 2130. 2237.  931. 1857. 2242.  930.]","[-17.562    4.12    63.034    0.1221   0.1221  -0.4883  -0.0635  -0.2969
   0.9492]",113
620,3,"[[ 0.3029851  -0.17624628  0.45375372]
 [ 0.15492483 -0.30273097  0.32726903]
 [-0.16844485 -0.30913903  0.32086097]
 [-0.11850971  0.29834883 -0.33165117]
 [-0.25010507  0.29730658 -0.33269342]
 [ 0.29604262  0.29673071 -0.33326929]]","[1850. 2162. 1009. 2125. 2242.  929. 1947. 2245.  926. 2211. 2241.  930.
 2157. 2249.  922. 1855. 2241.  930.]","[1857. 2150. 1022. 2144. 2214.  942. 1942. 2234.  931. 2214. 2228.  937.
 2135. 2237.  931. 1857. 2242.  930.]","[-1.7556e+01  4.1140e+00  6.3007e+01  6.1000e-02  6.1000e-02 -6.1040e-01
 -6.4900e-02 -3.0470e-01  9.5260e-01]",113
621,3,"[[ 0.30286719 -0.18585272  0.44414728]
 [ 0.14890501 -0.30286575  0.32713425]
 [-0.17405727 -0.30918889  0.32081111]
 [-0.11203383  0.29853192 -0.33146808]
 [-0.24673624  0.29745238 -0.33254762]
 [ 0.29668868  0.2960705  -0.3339295 ]]","[1850. 2169. 1002. 2121. 2242.  929. 1950. 2245.  926. 2208. 2241.  930.
 2161. 2249.  922. 1854. 2241.  930.]","[1854. 2156. 1016. 2139. 2214.  941. 1946. 2234.  931. 2211. 2228.  936.
 2141. 2237.  931. 1856. 2241.  931.]","[-17.551    4.114   62.985    0.1831   0.1221  -0.4883  -0.0728  -0.3081
   0.9468]",113
622,3,"[[ 0.302675   -0.19577852  0.43422148]
 [ 0.14284128 -0.30300056  0.32699944]
 [-0.17961468 -0.30923654  0.32076346]
 [-0.10552301  0.2987158  -0.3312842 ]
 [-0.24329611  0.29759907 -0.33240093]
 [ 0.2972472   0.29543317 -0.33456683]]","[1850. 2175.  996. 2116. 2242.  929. 1954. 2245.  926. 2206. 2242.  929.
 2165. 2249.  922. 1854. 2240.  931.]","[1852. 2160. 1012. 2137. 2214.  941. 1950. 2234.  930. 2210. 2228.  936.
 2143. 2237.  931. 1856. 2241.  931.]","[-1.7545e+01  4.1090e+00  6.2968e+01  1.2210e-01  6.1000e-02 -4.2720e-01
 -6.5900e-02 -3.0570e-01  9.3990e-01]",113
623,3,"[[ 0.30241843 -0.20603603  0.42396397]
 [ 0.13672539 -0.30313534  0.32686466]
 [-0.18510174 -0.30928196  0.32071804]
 [-0.09896192  0.29890044 -0.33109956]
 [-0.23978126  0.29774663 -0.33225337]
 [ 0.29769131  0.29482195 -0.33517805]]","[1850. 2182.  989. 2112. 2242.  929. 1958. 2245.  926. 2204. 2242.  929.
 2168. 2249.  922. 1853. 2240.  931.]","[1851. 2167. 1005. 2132. 2214.  941. 1954. 2235.  931. 2206. 2228.  936.
 2147. 2237.  931. 1854. 2241.  931.]","[-1.7545e+01  4.1030e+00  6.2946e+01  6.1000e-02  0.0000e+00 -5.4930e-01
 -7.0800e-02 -3.0620e-01  9.5170e-01]",113
624,3,"[[ 0.30209146 -0.21664701  0.41335299]
 [ 0.13055239 -0.30327006  0.32672994]
 [-0.19050549 -0.3093251   0.3206749 ]
 [-0.09234532  0.29908576 -0.33091424]
 [-0.23618775  0.29789502 -0.33210498]
 [ 0.29800945  0.2942399  -0.3357601 ]]","[1851. 2189.  982. 2108. 2242.  928. 1962. 2245.  926. 2201. 2242.  929.
 2172. 2249.  922. 1853. 2239.  932.]","[1851. 2171. 1001. 2129. 2214.  941. 1957. 2234.  930. 2205. 2228.  936.
 2150. 2237.  931. 1853. 2240.  931.]","[-17.54     4.103   62.924    0.1221   0.1221  -0.4272  -0.0713  -0.3057
   0.9507]",113
625,3,"[[ 0.30169202 -0.22761238  0.40238762]
 [ 0.12432183 -0.30340466  0.32659534]
 [-0.19581759 -0.30936591  0.32063409]
 [-0.08567298  0.29927169 -0.33072831]
 [-0.23251443  0.29804419 -0.33195581]
 [ 0.29819441  0.29368994 -0.33631006]]","[1851. 2196.  975. 2103. 2243.  928. 1966. 2245.  926. 2199. 2242.  929.
 2175. 2249.  922. 1853. 2239.  932.]","[1851. 2177.  999. 2125. 2214.  940. 1961. 2234.  930. 2202. 2228.  935.
 2154. 2237.  931. 1853. 2240.  931.]","[-1.7534e+01  4.1030e+00  6.2913e+01  6.1000e-02  0.0000e+00 -3.6620e-01
 -7.1800e-02 -3.0370e-01  9.3700e-01]",113
626,3,"[[ 0.30121956 -0.23892862  0.39107138]
 [ 0.11803553 -0.3035391   0.3264609 ]
 [-0.20103233 -0.30940437  0.32059563]
 [-0.07894691  0.29945818 -0.33054182]
 [-0.22876169  0.29819412 -0.33180588]
 [ 0.29726153  0.29317436 -0.33682564]]","[1851. 2203.  968. 2099. 2243.  928. 1971. 2245.  926. 2197. 2242.  929.
 2179. 2249.  922. 1854. 2239.  932.]","[1851. 2179.  993. 2121. 2213.  941. 1965. 2234.  930. 2200. 2228.  935.
 2157. 2237.  931. 1852. 2240.  931.]","[-17.54     4.098   62.902    0.       0.      -0.3052  -0.0776  -0.3047
   0.9521]",113
627,3,"[[ 0.30067401 -0.25059127  0.37940873]
 [ 0.11169634 -0.30367333  0.32632667]
 [-0.20614532 -0.30944042  0.32055958]
 [-0.0721701   0.29964515 -0.33035485]
 [-0.22493069  0.29834476 -0.33165524]
 [ 0.29403764  0.29269362 -0.33730638]]","[1851. 2211.  960. 2095. 2243.  928. 1975. 2245.  926. 2194. 2242.  929.
 2182. 2249.  922. 1856. 2238.  933.]","[1851. 2187.  984. 2116. 2214.  941. 1969. 2234.  930. 2197. 2227.  936.
 2162. 2237.  931. 1852. 2239.  931.]","[-17.54     4.098   62.897    0.       0.      -0.1221  -0.0728  -0.3081
   0.9468]",113
628,3,"[[ 0.30005546 -0.26259566  0.36740434]
 [ 0.10530756 -0.3038073   0.3261927 ]
 [-0.21115281 -0.30947403  0.32052597]
 [-0.06534598  0.29983253 -0.33016747]
 [-0.22102289  0.29849607 -0.33150393]
 [ 0.28848456  0.29225183 -0.33774817]]","[1852. 2219.  952. 2090. 2243.  928. 1979. 2246.  925. 2192. 2242.  929.
 2185. 2249.  922. 1859. 2238.  933.]","[1852. 2191.  979. 2113. 2214.  940. 1973. 2235.  929. 2195. 2228.  935.
 2165. 2237.  931. 1853. 2239.  932.]","[-17.529    4.114   62.891    0.2441   0.3052   0.      -0.084   -0.313
   0.959 ]",113
629,3,"[[ 0.29936405 -0.27493698  0.35506302]
 [ 0.09887264 -0.30394097  0.32605903]
 [-0.21605139 -0.30950517  0.32049483]
 [-0.05847819  0.30002025 -0.32997975]
 [-0.21703995  0.29864801 -0.33135199]
 [ 0.28060972  0.2709371  -0.3590629 ]]","[1852. 2227.  944. 2086. 2243.  928. 1983. 2246.  925. 2189. 2242.  929.
 2188. 2249.  922. 1865. 2224.  947.]","[1853. 2197.  972. 2108. 2214.  941. 1976. 2236.  928. 2192. 2228.  935.
 2169. 2237.  931. 1855. 2238.  933.]","[-1.7512e+01  4.1360e+00  6.2891e+01  3.6620e-01  4.2720e-01  1.2210e-01
 -5.3200e-02 -3.1250e-01  9.4630e-01]",113
630,3,"[[ 0.29859994 -0.28761036  0.34238964]
 [ 0.09239515 -0.30407429  0.32592571]
 [-0.22083781 -0.30953381  0.32046619]
 [-0.05157051  0.30020825 -0.32979175]
 [-0.21298356  0.29880055 -0.33119945]
 [ 0.27045218  0.22351005 -0.40648995]]","[1853. 2235.  936. 2081. 2243.  928. 1987. 2246.  925. 2186. 2242.  929.
 2191. 2249.  922. 1871. 2193.  978.]","[1853. 2203.  966. 2104. 2215.  941. 1979. 2237.  928. 2190. 2228.  936.
 2173. 2237.  931. 1857. 2234.  937.]","[-1.7479e+01  4.1750e+00  6.2880e+01  8.5450e-01  9.1550e-01  6.1000e-02
 -8.6900e-02 -3.1540e-01  1.0225e+00]",113
631,3,"[[ 0.29776333 -0.29207451  0.33792549]
 [ 0.08587866 -0.3042072   0.3257928 ]
 [-0.22550892 -0.3095599   0.3204401 ]
 [-0.04462676  0.30039644 -0.32960356]
 [-0.20885548  0.29895364 -0.33104636]
 [ 0.25807828  0.1822328  -0.4477672 ]]","[1853. 2238.  933. 2077. 2243.  928. 1992. 2246.  925. 2184. 2242.  929.
 2195. 2249.  922. 1879. 2166. 1005.]","[1854. 2209.  960. 2100. 2215.  941. 1983. 2239.  928. 2187. 2228.  936.
 2178. 2237.  930. 1861. 2226.  946.]","[-1.7413e+01  4.2300e+00  6.2869e+01  1.7090e+00  1.5869e+00  1.8310e-01
 -1.5100e-02 -2.8810e-01  8.8920e-01]",113
632,3,"[[ 0.2968544  -0.29217443  0.33782557]
 [ 0.07932677 -0.30433967  0.32566033]
 [-0.23006168 -0.30958341  0.32041659]
 [-0.03765082  0.30058475 -0.32941525]
 [-0.20465747  0.29910723 -0.33089277]
 [ 0.24357928  0.14733172 -0.48266828]]","[1854. 2238.  933. 2072. 2243.  928. 1996. 2246.  925. 2181. 2242.  928.
 2197. 2249.  922. 1889. 2144. 1027.]","[1855. 2216.  953. 2095. 2216.  941. 1988. 2241.  927. 2184. 2228.  936.
 2183. 2237.  929. 1867. 2204.  967.]","[-17.38     4.279   62.803    0.9155   1.6479  -1.1597  -0.0972  -0.3047
   1.0068]",113
633,3,"[[ 0.29587339 -0.29227672  0.33772328]
 [ 0.07274305 -0.30447164  0.32552836]
 [-0.23449309 -0.30960431  0.32039569]
 [-0.03064663  0.30077311 -0.32922689]
 [-0.20039132  0.2992613  -0.3307387 ]
 [ 0.2270696   0.11899927 -0.51100073]]","[1855. 2238.  933. 2067. 2244.  927. 2000. 2246.  925. 2178. 2243.  928.
 2200. 2249.  922. 1899. 2125. 1046.]","[1855. 2219.  949. 2090. 2217.  941. 1992. 2242.  927. 2181. 2227.  935.
 2187. 2237.  928. 1877. 2184.  988.]","[-17.314    4.356   62.759    1.709    2.2583  -0.4883  -0.084   -0.291
   0.9585]",113
634,3,"[[ 0.29482054 -0.29238136  0.33761864]
 [ 0.0661311  -0.30460306  0.32539694]
 [-0.23880024 -0.30962258  0.32037742]
 [-0.02361816  0.30096146 -0.32903854]
 [-0.19605882  0.29941578 -0.33058422]
 [ 0.20868525  0.09739314 -0.53260686]]","[1855. 2238.  933. 2063. 2244.  927. 2004. 2246.  925. 2175. 2243.  928.
 2203. 2249.  922. 1911. 2111. 1060.]","[1855. 2221.  947. 2086. 2219.  941. 1994. 2243.  927. 2179. 2228.  935.
 2190. 2237.  928. 1884. 2169. 1004.]","[-1.7205e+01  4.4440e+00  6.2710e+01  3.6621e+00  2.6245e+00 -6.7140e-01
 -5.6200e-02 -3.2370e-01  9.2870e-01]",113
635,3,"[[ 0.29369609 -0.29248829  0.33751171]
 [ 0.05949448 -0.30473389  0.32526611]
 [-0.24298027 -0.30963817  0.32036183]
 [-0.01656941  0.3011497  -0.3288503 ]
 [-0.19166179  0.29957065 -0.33042935]
 [ 0.18858207  0.08263539 -0.54736461]]","[1856. 2238.  933. 2058. 2244.  927. 2009. 2246.  925. 2172. 2243.  928.
 2206. 2249.  922. 1925. 2101. 1070.]","[1855. 2222.  945. 2082. 2220.  941. 1998. 2244.  926. 2176. 2228.  934.
 2193. 2236.  928. 1892. 2150. 1023.]","[-1.7084e+01  4.5210e+00  6.2661e+01  2.1362e+00  1.4038e+00  6.1000e-02
 -8.8400e-02 -3.0130e-01  9.0580e-01]",113
636,3,"[[ 0.29250032 -0.29259748  0.33740252]
 [ 0.05283676 -0.30486406  0.32513594]
 [-0.2470304  -0.30965106  0.32034894]
 [-0.00950442  0.30133777 -0.32866223]
 [-0.18720205  0.29972586 -0.33027414]
 [ 0.16693366  0.07481186 -0.55518814]]","[1857. 2238.  933. 2054. 2244.  927. 2013. 2246.  925. 2170. 2243.  928.
 2209. 2249.  922. 1939. 2096. 1075.]","[1856. 2222.  944. 2078. 2220.  941. 2002. 2244.  927. 2172. 2228.  934.
 2196. 2237.  928. 1900. 2135. 1038.]","[-1.7018e+01  4.5650e+00  6.2655e+01  4.8830e-01  6.1000e-02  7.9350e-01
 -7.9100e-02 -2.8910e-01  9.3020e-01]",113
637,3,"[[ 0.29123352 -0.2927089   0.3372911 ]
 [ 0.04616147 -0.30499354  0.32500646]
 [-0.25094791 -0.30966125  0.32033875]
 [-0.00242726  0.30152559 -0.32847441]
 [-0.18268142  0.29988136 -0.33011864]
 [ 0.14392911  0.07401306 -0.55598694]]","[1858. 2238.  933. 2049. 2244.  927. 2017. 2246.  925. 2167. 2243.  928.
 2211. 2249.  922. 1954. 2096. 1075.]","[1857. 2222.  943. 2073. 2220.  941. 2006. 2244.  927. 2171. 2228.  934.
 2200. 2237.  928. 1912. 2121. 1051.]","[-1.7001e+01  4.5700e+00  6.2682e+01  6.1040e-01  6.1000e-02  1.2210e-01
 -8.7900e-02 -2.8810e-01  9.3070e-01]",113
638,3,"[[ 0.289896   -0.29282249  0.33717751]
 [ 0.03947215 -0.30512227  0.32487773]
 [-0.25473015 -0.30966876  0.32033124]
 [ 0.00465798  0.30171308 -0.32828692]
 [-0.17810174  0.30003712 -0.32996288]
 [ 0.11977045  0.07764908 -0.55235092]]","[1859. 2238.  933. 2044. 2244.  927. 2022. 2246.  925. 2164. 2243.  928.
 2214. 2249.  922. 1969. 2098. 1073.]","[1857. 2223.  942. 2067. 2220.  941. 2009. 2245.  927. 2166. 2227.  934.
 2204. 2237.  928. 1930. 2111. 1062.]","[-16.985    4.57    62.682    0.7324   0.3052  -0.3052  -0.125   -0.3052
   0.9355]",113
639,3,"[[ 0.28848809 -0.29293822  0.33706178]
 [ 0.03277231 -0.3052502   0.3247498 ]
 [-0.25837455 -0.3096738   0.3203262 ]
 [ 0.01174719  0.30190017 -0.32809983]
 [-0.17346486  0.30019308 -0.32980692]
 [ 0.09466996  0.07775456 -0.55224544]]","[1859. 2238.  933. 2040. 2244.  927. 2026. 2246.  924. 2161. 2243.  928.
 2216. 2249.  922. 1986. 2098. 1073.]","[1858. 2222.  942. 2065. 2220.  941. 2011. 2245.  926. 2165. 2227.  934.
 2205. 2237.  928. 1939. 2107. 1065.]","[-1.6968e+01  4.5810e+00  6.2666e+01  0.0000e+00  6.1000e-02  0.0000e+00
 -8.5400e-02 -3.0470e-01  9.4090e-01]",113
640,3,"[[ 0.28701012 -0.29305604  0.33694396]
 [ 0.02606543 -0.30537729  0.32462271]
 [-0.26187861 -0.30967663  0.32032337]
 [ 0.01883623  0.30208679 -0.32791321]
 [-0.16877264  0.30034921 -0.32965079]
 [ 0.06884727  0.07745892 -0.55254108]]","[1860. 2239.  932. 2035. 2244.  927. 2031. 2247.  924. 2158. 2243.  928.
 2218. 2249.  922. 2003. 2098. 1073.]","[1859. 2223.  941. 2060. 2220.  941. 2016. 2245.  926. 2162. 2227.  934.
 2208. 2237.  928. 1954. 2105. 1068.]","[-16.974    4.592   62.666   -0.1831   0.       0.      -0.0811  -0.2861
   0.9575]",113
641,3,"[[ 0.28546245 -0.29317592  0.33682408]
 [ 0.01935497 -0.30550347  0.32449653]
 [-0.26523993 -0.30966873  0.32033127]
 [ 0.02592094  0.30227284 -0.32772716]
 [-0.16402692  0.30050545 -0.32949455]
 [ 0.04252646  0.07720654 -0.55279346]]","[1861. 2239.  932. 2031. 2245.  926. 2035. 2247.  924. 2154. 2243.  928.
 2220. 2249.  922. 2020. 2098. 1073.]","[1860. 2223.  941. 2056. 2220.  941. 2021. 2245.  925. 2158. 2227.  934.
 2209. 2237.  929. 1970. 2103. 1070.]","[-16.985    4.598   62.672    0.2441   0.       0.3662  -0.0664  -0.2847
   0.9629]",113
642,3,"[[ 0.28384546 -0.29329781  0.33670219]
 [ 0.01264438 -0.3056287   0.3243713 ]
 [-0.26845616 -0.30959487  0.32040513]
 [ 0.03299716  0.30245826 -0.32754174]
 [-0.15922957  0.30066176 -0.32933824]
 [ 0.01593322  0.07708252 -0.55291748]]","[1862. 2239.  932. 2026. 2245.  926. 2039. 2247.  924. 2151. 2244.  927.
 2223. 2249.  922. 2037. 2098. 1073.]","[1862. 2223.  940. 2052. 2220.  941. 2026. 2246.  926. 2156. 2227.  934.
 2211. 2237.  928. 1986. 2103. 1071.]","[-16.974    4.603   62.688    0.2441   0.       0.4883  -0.0732  -0.3003
   0.9453]",113
643,3,"[[ 0.28215955 -0.29342166  0.33657834]
 [ 0.00593707 -0.30575293  0.32424707]
 [-0.27152506 -0.30944139  0.32055861]
 [ 0.04006072  0.30264298 -0.32735702]
 [-0.15438247  0.30081811 -0.32918189]
 [-0.01070804  0.07712018 -0.55287982]]","[1864. 2239.  932. 2021. 2245.  926. 2044. 2247.  924. 2148. 2244.  927.
 2225. 2249.  922. 2054. 2098. 1073.]","[1863. 2224.  939. 2046. 2220.  941. 2031. 2246.  925. 2151. 2227.  934.
 2214. 2237.  928. 2009. 2102. 1072.]","[-1.6963e+01  4.6090e+00  6.2704e+01  0.0000e+00 -6.1000e-02  4.8830e-01
 -8.4000e-02 -3.0130e-01  9.5310e-01]",113
644,3,"[[ 0.28040512 -0.29354744  0.33645256]
 [-0.00076357 -0.30587611  0.32412389]
 [-0.27444446 -0.30922308  0.32077692]
 [ 0.04710743  0.3028269  -0.3271731 ]
 [-0.14948749  0.30097443 -0.32902557]
 [-0.03717685  0.07734471 -0.55265529]]","[1865. 2239.  932. 2017. 2245.  926. 2048. 2247.  924. 2145. 2244.  927.
 2226. 2249.  922. 2072. 2098. 1073.]","[1864. 2225.  939. 2043. 2220.  941. 2034. 2246.  925. 2149. 2227.  934.
 2216. 2237.  929. 2020. 2102. 1072.]","[-1.6963e+01  4.6140e+00  6.2726e+01  1.2210e-01  6.1000e-02  3.0520e-01
 -8.9800e-02 -3.0220e-01  9.4430e-01]",113
645,3,"[[ 0.27858259 -0.29367511  0.33632489]
 [-0.0074542  -0.30599818  0.32400182]
 [-0.27721228 -0.30894392  0.32105608]
 [ 0.05413309  0.30300995 -0.32699005]
 [-0.14454651  0.3011307  -0.3288693 ]
 [-0.06325916  0.07778006 -0.55221994]]","[1866. 2239.  932. 2012. 2245.  926. 2052. 2247.  924. 2142. 2244.  927.
 2228. 2249.  922. 2089. 2098. 1073.]","[1864. 2225.  938. 2037. 2220.  941. 2039. 2246.  925. 2146. 2227.  934.
 2218. 2237.  929. 2037. 2102. 1072.]","[-16.957    4.625   62.737    0.2441   0.1221   0.3052  -0.0889  -0.3076
   0.9487]",113
646,3,"[[ 0.27669242 -0.29380461  0.33619539]
 [-0.01413149 -0.3061191   0.3238809 ]
 [-0.27982654 -0.30860698  0.32139302]
 [ 0.06113353  0.30319206 -0.32680794]
 [-0.1395614   0.30128685 -0.32871315]
 [-0.08874967  0.0784503  -0.5515497 ]]","[1867. 2239.  932. 2008. 2245.  926. 2057. 2247.  924. 2138. 2244.  927.
 2230. 2249.  922. 2105. 2099. 1072.]","[1866. 2226.  937. 2033. 2220.  941. 2043. 2246.  925. 2143. 2227.  934.
 2220. 2237.  929. 2053. 2102. 1072.]","[-1.6952e+01  4.6360e+00  6.2748e+01  1.2210e-01  6.1000e-02  4.2720e-01
 -7.4200e-02 -2.9690e-01  9.4820e-01]",113
647,3,"[[ 0.27473505 -0.2939359   0.3360641 ]
 [-0.02079215 -0.30623881  0.32376119]
 [-0.28228535 -0.3082155   0.3217845 ]
 [ 0.06810455  0.30337314 -0.32662686]
 [-0.13453405  0.30144285 -0.32855715]
 [-0.11345376  0.07938    -0.55062   ]]","[1868. 2239.  932. 2003. 2245.  926. 2061. 2247.  924. 2135. 2244.  927.
 2232. 2248.  923. 2121. 2099. 1072.]","[1867. 2226.  937. 2028. 2220.  941. 2048. 2246.  925. 2140. 2227.  934.
 2221. 2237.  928. 2071. 2102. 1072.]","[-1.6946e+01  4.6470e+00  6.2765e+01  1.2210e-01  6.1000e-02  4.8830e-01
 -7.1300e-02 -2.9200e-01  9.5260e-01]",113
648,3,"[[ 0.27271097 -0.29406895  0.33593105]
 [-0.02743293 -0.30635726  0.32364274]
 [-0.2845869  -0.30777298  0.32222702]
 [ 0.07504197  0.30355312 -0.32644688]
 [-0.12946635  0.30159865 -0.32840135]
 [-0.13718929  0.08059436 -0.54940564]]","[1870. 2239.  932. 1999. 2245.  926. 2065. 2247.  924. 2132. 2244.  927.
 2233. 2248.  923. 2137. 2100. 1071.]","[1869. 2226.  937. 2024. 2220.  941. 2052. 2246.  925. 2137. 2227.  934.
 2223. 2236.  929. 2088. 2102. 1071.]","[-16.941    4.653   62.787    0.1831   0.       0.4883  -0.0684  -0.2827
   0.9551]",113
649,3,"[[ 0.27062067 -0.29420369  0.33579631]
 [-0.03405062 -0.30647441  0.32352559]
 [-0.2867295  -0.30728314  0.32271686]
 [ 0.08194162  0.30373191 -0.32626809]
 [-0.12436017  0.3017542  -0.3282458 ]
 [-0.15978798  0.08211914 -0.54788086]]","[1871. 2239.  932. 1994. 2246.  925. 2070. 2247.  924. 2129. 2244.  927.
 2234. 2248.  923. 2152. 2101. 1070.]","[1869. 2226.  936. 2019. 2221.  941. 2057. 2246.  925. 2134. 2227.  934.
 2225. 2236.  928. 2104. 2102. 1071.]","[-1.6935e+01  4.6580e+00  6.2803e+01  1.8310e-01 -6.1000e-02  5.4930e-01
 -8.1100e-02 -2.8610e-01  9.5610e-01]",113
650,3,"[[ 0.26846465 -0.2943401   0.3356599 ]
 [-0.04064203 -0.30659019  0.32340981]
 [-0.28871154 -0.30674989  0.32325011]
 [ 0.08879934  0.30390945 -0.32609055]
 [-0.11921742  0.30190946 -0.32809054]
 [-0.18109655  0.08398064 -0.54601936]]","[1872. 2239.  932. 1990. 2246.  925. 2074. 2247.  924. 2125. 2244.  927.
 2236. 2247.  923. 2166. 2102. 1069.]","[1871. 2226.  936. 2016. 2221.  941. 2061. 2246.  925. 2131. 2227.  934.
 2226. 2236.  928. 2120. 2102. 1071.]","[-16.924    4.664   62.825    0.1221   0.       0.4883  -0.0894  -0.2974
   0.9473]",113
651,3,"[[ 0.26624344 -0.29447812  0.33552188]
 [-0.04720402 -0.30670457  0.32329543]
 [-0.29053152 -0.30617728  0.32382272]
 [ 0.09561099  0.30408565 -0.32591435]
 [-0.11403998  0.30206437 -0.32793563]
 [-0.20097753  0.08620549 -0.54379451]]","[1874. 2239.  931. 1985. 2246.  925. 2078. 2247.  924. 2122. 2244.  927.
 2237. 2247.  924. 2179. 2104. 1067.]","[1872. 2226.  936. 2011. 2220.  941. 2065. 2246.  925. 2127. 2227.  934.
 2228. 2237.  928. 2136. 2102. 1070.]","[-16.919    4.669   62.842    0.1221   0.       0.2441  -0.0884  -0.2979
   0.9429]",113
652,3,"[[ 0.26395758 -0.2946177   0.3353823 ]
 [-0.05373351 -0.30681749  0.32318251]
 [-0.29218804 -0.30556952  0.32443048]
 [ 0.10237243  0.30426042 -0.32573958]
 [-0.10882972  0.30221891 -0.32778109]
 [-0.21930984  0.08882058 -0.54117942]]","[1875. 2240.  931. 1981. 2246.  925. 2083. 2248.  923. 2118. 2245.  926.
 2238. 2247.  924. 2190. 2105. 1066.]","[1874. 2227.  936. 2007. 2220.  940. 2070. 2246.  925. 2124. 2227.  934.
 2230. 2236.  929. 2150. 2103. 1069.]","[-16.913    4.675   62.847    0.       0.       0.2441  -0.0771  -0.2939
   0.9507]",113
653,3,"[[ 0.26160762 -0.29475881  0.33524119]
 [-0.06022744 -0.3069289   0.3230711 ]
 [-0.2936798  -0.30493086  0.32506914]
 [ 0.10907957  0.30443371 -0.32556629]
 [-0.10358855  0.30237301 -0.32762699]
 [-0.23598903  0.09185286 -0.53814714]]","[1877. 2240.  931. 1976. 2246.  925. 2087. 2248.  923. 2115. 2245.  926.
 2239. 2246.  925. 2201. 2107. 1064.]","[1875. 2226.  935. 2003. 2220.  941. 2074. 2246.  925. 2120. 2227.  934.
 2231. 2236.  929. 2163. 2104. 1067.]","[-1.6913e+01  4.6800e+00  6.2864e+01  0.0000e+00  0.0000e+00  3.6620e-01
 -5.9100e-02 -2.8660e-01  9.5410e-01]",113
654,3,"[[ 0.25919413 -0.29490139  0.33509861]
 [-0.06668279 -0.30703875  0.32296125]
 [-0.2950056  -0.30426565  0.32573435]
 [ 0.11572834  0.30460542 -0.32539458]
 [-0.09831834  0.30252663 -0.32747337]
 [-0.25092734  0.09532919 -0.53467081]]","[1879. 2240.  931. 1972. 2246.  925. 2091. 2248.  923. 2112. 2245.  926.
 2240. 2246.  925. 2211. 2110. 1061.]","[1876. 2227.  935. 1999. 2220.  940. 2079. 2247.  924. 2117. 2228.  934.
 2232. 2235.  930. 2176. 2106. 1066.]","[-1.6908e+01  4.6800e+00  6.2880e+01  1.2210e-01 -6.1000e-02  3.6620e-01
 -7.5700e-02 -2.8030e-01  9.6190e-01]",113
655,3,"[[ 0.2567177  -0.2950454   0.3349546 ]
 [-0.0730966  -0.307147    0.322853  ]
 [-0.29616436 -0.30357824  0.32642176]
 [ 0.12231467  0.30477547 -0.32522453]
 [-0.09302097  0.30267972 -0.32732028]
 [-0.26405348  0.09927612 -0.53072388]]","[1880. 2240.  931. 1968. 2246.  925. 2095. 2248.  923. 2108. 2245.  926.
 2241. 2245.  926. 2220. 2112. 1059.]","[1878. 2227.  934. 1995. 2220.  941. 2083. 2247.  924. 2114. 2228.  934.
 2233. 2235.  930. 2188. 2108. 1064.]","[-1.6897e+01  4.6800e+00  6.2897e+01  1.2210e-01 -6.1000e-02  5.4930e-01
 -8.9400e-02 -2.8270e-01  9.5020e-01]",113
656,3,"[[ 0.25417893 -0.2951908   0.3348092 ]
 [-0.07946595 -0.30725359  0.32274641]
 [-0.29715512 -0.30287302  0.32712698]
 [ 0.12883456  0.3049438  -0.3250562 ]
 [-0.08769833  0.30283225 -0.32716775]
 [-0.27531232  0.10371976 -0.52628024]]","[1882. 2240.  931. 1964. 2246.  925. 2099. 2248.  923. 2105. 2245.  926.
 2241. 2245.  926. 2227. 2115. 1056.]","[1880. 2227.  934. 1991. 2220.  941. 2087. 2247.  924. 2111. 2227.  934.
 2234. 2235.  931. 2198. 2110. 1062.]","[-1.6886e+01  4.6860e+00  6.2924e+01  6.1000e-02 -1.2210e-01  6.7140e-01
 -8.7400e-02 -2.8470e-01  9.5170e-01]",113
657,3,"[[ 0.25157843 -0.29533752  0.33466248]
 [-0.08578796 -0.30735847  0.32264153]
 [-0.29797701 -0.30215433  0.32784567]
 [ 0.13528402  0.30511032 -0.32488968]
 [-0.08235228  0.30298415 -0.32701585]
 [-0.28466429  0.10868555 -0.52131445]]","[1883. 2240.  931. 1959. 2246.  925. 2103. 2248.  923. 2101. 2245.  926.
 2242. 2244.  926. 2233. 2118. 1053.]","[1882. 2227.  934. 1987. 2220.  941. 2091. 2247.  924. 2107. 2227.  934.
 2235. 2235.  932. 2209. 2112. 1059.]","[-16.88     4.686   62.952    0.      -0.1221   0.6104  -0.0825  -0.29
   0.9536]",113
658,3,"[[ 0.24891685 -0.29548554  0.33451446]
 [-0.09205981 -0.3074616   0.3225384 ]
 [-0.29862953 -0.30142649  0.32857351]
 [ 0.14165912  0.30527495 -0.32472505]
 [-0.0769847   0.30313539 -0.32686461]
 [-0.29208479  0.11419807 -0.51580193]]","[1885. 2240.  931. 1955. 2247.  924. 2108. 2248.  923. 2098. 2245.  926.
 2242. 2244.  927. 2238. 2122. 1049.]","[1883. 2228.  933. 1983. 2221.  941. 2095. 2247.  924. 2104. 2228.  934.
 2237. 2235.  933. 2217. 2115. 1057.]","[-1.6875e+01  4.6910e+00  6.2974e+01  0.0000e+00 -6.1000e-02  4.8830e-01
 -7.8100e-02 -2.9350e-01  9.4870e-01]",113
659,3,"[[ 0.24619482 -0.2956348   0.3343652 ]
 [-0.09827873 -0.30756292  0.32243708]
 [-0.29911368 -0.30069376  0.32930624]
 [ 0.14795595  0.30543762 -0.32456238]
 [-0.07159745  0.30328592 -0.32671408]
 [-0.29756336  0.1202809  -0.5097191 ]]","[1887. 2240.  931. 1951. 2247.  924. 2112. 2248.  923. 2094. 2245.  926.
 2242. 2244.  927. 2241. 2126. 1045.]","[1885. 2228.  933. 1978. 2220.  941. 2099. 2247.  924. 2101. 2227.  934.
 2237. 2235.  933. 2225. 2118. 1054.]","[-1.687e+01  4.697e+00  6.299e+01  0.000e+00 -6.100e-02  4.272e-01
 -8.790e-02 -2.998e-01  9.487e-01]",113
660,3,"[[ 0.243413   -0.29578525  0.33421475]
 [-0.10444199 -0.3076624   0.3223376 ]
 [-0.29943814 -0.29996031  0.33003969]
 [ 0.15417066  0.30559826 -0.32440174]
 [-0.06619241  0.30343569 -0.32656431]
 [-0.30110291  0.12695639 -0.50304361]]","[1889. 2240.  931. 1947. 2247.  924. 2116. 2248.  923. 2091. 2245.  926.
 2243. 2243.  928. 2244. 2130. 1041.]","[1887. 2228.  933. 1974. 2221.  941. 2103. 2247.  924. 2098. 2227.  934.
 2238. 2234.  933. 2230. 2121. 1051.]","[-1.6870e+01  4.6970e+00  6.3018e+01 -6.1000e-02 -1.2210e-01  6.1040e-01
 -8.8400e-02 -2.9980e-01  9.4530e-01]",113
661,3,"[[ 0.24057208 -0.29593685  0.33406315]
 [-0.11054691 -0.30775998  0.32224002]
 [-0.2995087  -0.29923018  0.33076982]
 [ 0.16029946  0.30575678 -0.32424322]
 [-0.06077142  0.30358466 -0.32641534]
 [-0.30271528  0.13424552 -0.49575448]]","[1891. 2240.  931. 1943. 2247.  924. 2120. 2248.  923. 2087. 2245.  926.
 2243. 2243.  928. 2245. 2135. 1036.]","[1887. 2228.  932. 1969. 2220.  941. 2107. 2247.  924. 2094. 2227.  934.
 2239. 2234.  934. 2235. 2124. 1047.]","[-16.864    4.702   63.045    0.      -0.2441   0.6714  -0.0884  -0.3062
   0.9521]",113
662,3,"[[ 0.23767273 -0.29608954  0.33391046]
 [-0.11659086 -0.30785562  0.32214438]
 [-0.29783565 -0.29850617  0.33149383]
 [ 0.16633858  0.30591312 -0.32408688]
 [-0.05533633  0.30373278 -0.32626722]
 [-0.30276349  0.1421652  -0.4878348 ]]","[1893. 2241.  930. 1939. 2247.  924. 2124. 2248.  923. 2084. 2246.  925.
 2242. 2242.  929. 2245. 2140. 1031.]","[1890. 2228.  932. 1965. 2221.  941. 2111. 2247.  925. 2091. 2227.  934.
 2239. 2233.  934. 2239. 2129. 1043.]","[-1.6864e+01  4.7020e+00  6.3073e+01  6.1000e-02 -1.8310e-01  7.3240e-01
 -7.8100e-02 -2.9690e-01  9.4920e-01]",113
663,3,"[[ 0.23471568 -0.29624329  0.33375671]
 [-0.12257129 -0.30794928  0.32205072]
 [-0.29378901 -0.29778993  0.33221007]
 [ 0.17228432  0.30606719 -0.32393281]
 [-0.04988899  0.30388001 -0.32611999]
 [-0.30260324  0.15051328 -0.47948672]]","[1894. 2241.  930. 1935. 2247.  924. 2127. 2248.  923. 2080. 2246.  925.
 2239. 2242.  929. 2245. 2146. 1025.]","[1892. 2228.  931. 1960. 2222.  940. 2115. 2247.  924. 2087. 2227.  934.
 2240. 2232.  934. 2241. 2133. 1038.]","[-16.859    4.708   63.1      0.1831  -0.1831   0.6714  -0.0708  -0.3003
   0.9468]",113
664,3,"[[ 0.23170162 -0.29639803  0.33360197]
 [-0.12848568 -0.30804089  0.32195911]
 [-0.2873724  -0.29708544  0.33291456]
 [ 0.17813306  0.30621893 -0.32378107]
 [-0.04443123  0.3040263  -0.3259737 ]
 [-0.30242579  0.15916409 -0.47083591]]","[1896. 2241.  930. 1931. 2247.  924. 2131. 2248.  923. 2076. 2246.  925.
 2235. 2241.  930. 2245. 2151. 1020.]","[1893. 2229.  931. 1956. 2222.  940. 2119. 2247.  924. 2084. 2227.  934.
 2239. 2231.  934. 2243. 2138. 1034.]","[-16.848    4.708   63.133    0.1831  -0.1831   0.6714  -0.0781  -0.2964
   0.9619]",113
665,3,"[[ 0.2286313  -0.29655374  0.33344626]
 [-0.13433155 -0.30813044  0.32186956]
 [-0.27862646 -0.29639675  0.33360325]
 [ 0.18388121  0.30636826 -0.32363174]
 [-0.03896489  0.3041716  -0.3258284 ]
 [-0.30221614  0.16818291 -0.46181709]]","[1898. 2241.  930. 1928. 2247.  924. 2135. 2248.  923. 2073. 2246.  925.
 2229. 2241.  930. 2245. 2157. 1014.]","[1895. 2229.  931. 1952. 2222.  940. 2122. 2247.  924. 2081. 2227.  933.
 2239. 2231.  934. 2243. 2143. 1029.]","[-16.837    4.708   63.16     0.3052  -0.2441   0.6104  -0.0698  -0.3013
   0.9478]",113
666,3,"[[ 0.22550546 -0.29671035  0.33328965]
 [-0.1401065  -0.30821786  0.32178214]
 [-0.26762356 -0.29572789  0.33427211]
 [ 0.18952525  0.3065151  -0.3234849 ]
 [-0.03349179  0.30431587 -0.32568413]
 [-0.30196583  0.17758114 -0.45241886]]","[1900. 2241.  930. 1924. 2247.  924. 2139. 2248.  923. 2069. 2246.  925.
 2222. 2240.  931. 2244. 2163. 1008.]","[1897. 2229.  931. 1948. 2223.  940. 2126. 2247.  925. 2077. 2228.  933.
 2239. 2231.  935. 2244. 2148. 1023.]","[-16.826    4.702   63.182    0.4272  -0.1221   0.4883  -0.0874  -0.2925
   0.9541]",113
667,3,"[[ 0.22232486 -0.29686781  0.33313219]
 [-0.14580818 -0.30830311  0.32169689]
 [-0.25446225 -0.29508273  0.33491727]
 [ 0.19506174  0.30665939 -0.32334061]
 [-0.02801373  0.30445906 -0.32554094]
 [-0.30167093  0.18735649 -0.44264351]]","[1903. 2241.  930. 1920. 2247.  924. 2143. 2248.  922. 2066. 2246.  925.
 2213. 2240.  931. 2244. 2170. 1001.]","[1899. 2229.  931. 1944. 2223.  940. 2130. 2247.  925. 2074. 2227.  933.
 2235. 2230.  936. 2244. 2153. 1018.]","[-16.809    4.702   63.21     0.3052  -0.1831   0.7935  -0.0806  -0.2852
   0.9478]",113
668,3,"[[ 0.21909027 -0.29702609  0.33297391]
 [-0.15143428 -0.30838616  0.32161384]
 [-0.23926371 -0.29446508  0.33553492]
 [ 0.20048731  0.30680105 -0.32319895]
 [-0.02253252  0.30460114 -0.32539886]
 [-0.30132966  0.19750375 -0.43249625]]","[1905. 2241.  930. 1917. 2248.  923. 2146. 2249.  922. 2062. 2246.  925.
 2203. 2239.  932. 2244. 2176.  995.]","[1901. 2229.  931. 1940. 2224.  940. 2134. 2247.  924. 2070. 2227.  932.
 2230. 2230.  936. 2244. 2159. 1012.]","[-16.793    4.702   63.248    0.3052  -0.3052   0.7935  -0.0703  -0.2788
   0.9551]",113
669,3,"[[ 0.21580248 -0.29718513  0.33281487]
 [-0.15698258 -0.30846696  0.32153304]
 [-0.22216906 -0.29387857  0.33612143]
 [ 0.20579864  0.30694002 -0.32305998]
 [-0.01704997  0.30474204 -0.32525796]
 [-0.30094118  0.20801701 -0.42198299]]","[1907. 2241.  930. 1913. 2248.  923. 2150. 2249.  922. 2059. 2246.  925.
 2192. 2239.  932. 2244. 2183.  988.]","[1903. 2229.  931. 1937. 2224.  940. 2137. 2247.  924. 2067. 2227.  931.
 2223. 2230.  938. 2244. 2166. 1006.]","[-16.782    4.691   63.281    0.1221  -0.3662   0.7935  -0.0713  -0.2812
   0.9517]",113
670,3,"[[ 0.21246228 -0.29734489  0.33265511]
 [-0.16245088 -0.30854547  0.32145453]
 [-0.20333686 -0.29332671  0.33667329]
 [ 0.21099252  0.30707623 -0.32292377]
 [-0.01156784  0.30488175 -0.32511825]
 [-0.30050501  0.21889019 -0.41110981]]","[1909. 2241.  930. 1910. 2248.  923. 2153. 2249.  922. 2055. 2246.  925.
 2180. 2239.  932. 2243. 2190.  981.]","[1904. 2229.  930. 1933. 2224.  940. 2141. 2247.  924. 2063. 2227.  931.
 2216. 2230.  939. 2244. 2172. 1000.]","[-16.782    4.686   63.325   -0.1221  -0.4883   1.0376  -0.0869  -0.2881
   0.9448]",113
671,3,"[[ 0.20907049 -0.29750531  0.33249469]
 [-0.16783706 -0.30862164  0.32137836]
 [-0.18294054 -0.29281278  0.33718722]
 [ 0.21606578  0.3072096  -0.3227904 ]
 [-0.00608792  0.30502019 -0.32497981]
 [-0.30002087  0.23011708 -0.39988292]]","[1911. 2241.  930. 1907. 2248.  923. 2157. 2249.  922. 2051. 2246.  925.
 2167. 2238.  933. 2243. 2198.  973.]","[1904. 2229.  931. 1930. 2224.  940. 2144. 2247.  924. 2060. 2227.  930.
 2208. 2230.  941. 2244. 2178.  993.]","[-16.787    4.68    63.386   -0.4883  -0.6104   1.5869  -0.0928  -0.3013
   0.9419]",113
672,3,"[[ 0.20562793 -0.29766634  0.33233366]
 [-0.17313904 -0.30869545  0.32130455]
 [-0.16116584 -0.2923399   0.3376601 ]
 [ 0.22101536  0.30734007 -0.32265993]
 [-0.00061197  0.30515734 -0.32484266]
 [-0.29948851  0.24169146 -0.38830854]]","[1913. 2242.  929. 1903. 2248.  923. 2160. 2249.  922. 2048. 2246.  925.
 2153. 2238.  933. 2243. 2205.  966.]","[1904. 2229.  931. 1926. 2224.  940. 2147. 2247.  924. 2056. 2227.  930.
 2199. 2230.  941. 2244. 2185.  987.]","[-16.804    4.68    63.468   -0.5493  -0.7324   2.0142  -0.0898  -0.3154
   0.9482]",113
673,3,"[[ 0.20213544 -0.29782795  0.33217205]
 [-0.17835482 -0.30876685  0.32123315]
 [-0.13820814 -0.27880316  0.35119684]
 [ 0.22583827  0.30746757 -0.32253243]
 [ 0.00485825  0.30529316 -0.32470684]
 [-0.29890776  0.25360708 -0.37639292]]","[1916. 2242.  929. 1900. 2248.  923. 2164. 2249.  922. 2044. 2247.  924.
 2138. 2229.  942. 2242. 2213.  958.]","[1905. 2230.  930. 1922. 2224.  940. 2151. 2248.  924. 2053. 2228.  929.
 2188. 2230.  941. 2244. 2193.  980.]","[-16.842    4.68    63.688   -0.5493  -0.9155   2.9297  -0.0869  -0.3203
   0.9487]",113
674,3,"[[ 0.19859387 -0.29799007  0.33200993]
 [-0.18348243 -0.3088358   0.3211642 ]
 [-0.11426984 -0.22781626  0.40218374]
 [ 0.23053161  0.30759204 -0.32240796]
 [ 0.01032101  0.30542759 -0.32457241]
 [-0.29827843  0.26585763 -0.36414237]]","[1918. 2242.  929. 1897. 2248.  923. 2167. 2249.  922. 2041. 2247.  924.
 2122. 2196.  975. 2242. 2221.  950.]","[1907. 2231.  930. 1918. 2223.  940. 2154. 2247.  923. 2049. 2228.  928.
 2176. 2226.  943. 2244. 2199.  974.]","[-16.859    4.686   63.825   -0.4883  -1.0376   3.418   -0.0703  -0.313
   0.9502]",113
675,3,"[[ 0.19500406 -0.29815267  0.33184733]
 [-0.18852    -0.30890226  0.32109774]
 [-0.08955763 -0.18335249  0.44664751]
 [ 0.23509256  0.30771341 -0.32228659]
 [ 0.01577458  0.30556059 -0.32443941]
 [-0.29760038  0.27843682 -0.35156318]]","[1920. 2242.  929. 1894. 2248.  923. 2170. 2249.  922. 2037. 2247.  924.
 2106. 2167. 1004. 2242. 2229.  942.]","[1908. 2231.  930. 1914. 2224.  940. 2157. 2247.  924. 2046. 2229.  927.
 2163. 2217.  952. 2243. 2205.  966.]","[-16.864    4.691   63.979    0.      -0.9155   3.7231  -0.0786  -0.3159
   0.9604]",113
676,3,"[[ 0.19136691 -0.2983157   0.3316843 ]
 [-0.19346567 -0.30896621  0.32103379]
 [-0.06428003 -0.14569033  0.48430967]
 [ 0.23951841  0.30783162 -0.32216838]
 [ 0.02121723  0.30569213 -0.32430787]
 [-0.29687344  0.29133832 -0.33866168]]","[1923. 2242.  929. 1891. 2248.  923. 2174. 2249.  922. 2034. 2247.  924.
 2089. 2142. 1028. 2241. 2237.  934.]","[1910. 2231.  930. 1909. 2226.  940. 2161. 2246.  924. 2041. 2231.  925.
 2146. 2197.  965. 2243. 2214.  958.]","[-1.6837e+01  4.7020e+00  6.4149e+01  6.1040e-01 -1.0986e+00  4.2114e+00
 -6.1500e-02 -2.8660e-01  9.8240e-01]",113
677,3,"[[ 0.18768328 -0.2984791   0.3315209 ]
 [-0.19831767 -0.3090276   0.3209724 ]
 [-0.03864489 -0.11506885  0.51493115]
 [ 0.24380652  0.30794661 -0.32205339]
 [ 0.02664727  0.30582216 -0.32417784]
 [-0.2960975   0.29210409 -0.33789591]]","[1925. 2242.  929. 1889. 2248.  923. 2177. 2249.  922. 2030. 2247.  924.
 2073. 2123. 1048. 2241. 2238.  933.]","[1912. 2231.  931. 1905. 2228.  939. 2163. 2243.  925. 2038. 2231.  924.
 2133. 2182.  981. 2242. 2218.  952.]","[-1.6732e+01  4.6750e+00  6.4363e+01  2.8687e+00 -2.3193e+00  5.1270e+00
 -3.4000e-03 -2.3050e-01  9.7460e-01]",113
678,3,"[[ 0.18395408 -0.29864282  0.33135718]
 [-0.20307428 -0.30908639  0.32091361]
 [-0.01285717 -0.09168587  0.53831413]
 [ 0.24795435  0.30805831 -0.32194169]
 [ 0.032063    0.30595064 -0.32404936]
 [-0.29527243  0.29220555 -0.33779445]]","[1928. 2242.  929. 1886. 2248.  923. 2180. 2249.  922. 2027. 2247.  924.
 2056. 2107. 1064. 2240. 2238.  933.]","[1917. 2232.  931. 1901. 2231.  937. 2166. 2240.  925. 2034. 2232.  921.
 2116. 2168. 1002. 2242. 2222.  947.]","[-1.6469e+01  4.6140e+00  6.4578e+01  6.9580e+00 -2.7466e+00  4.5776e+00
  4.8800e-02 -2.1190e-01  1.0723e+00]",113
679,3,"[[ 0.18018021 -0.29880683  0.33119317]
 [-0.20773384 -0.30914257  0.32085743]
 [ 0.01288313 -0.07569645  0.55430355]
 [ 0.25195946  0.30816668 -0.32183332]
 [ 0.03746275  0.30607753 -0.32392247]
 [-0.29439812  0.29230927 -0.33769073]]","[1930. 2242.  929. 1883. 2248.  923. 2183. 2249.  922. 2023. 2247.  924.
 2039. 2097. 1074. 2239. 2238.  933.]","[1923. 2233.  931. 1897. 2235.  934. 2169. 2237.  925. 2031. 2234.  921.
 2098. 2151. 1021. 2242. 2223.  944.]","[-1.6106e+01  4.5320e+00  6.4682e+01  9.2773e+00 -1.7090e+00  1.4038e+00
  2.7800e-02 -2.8560e-01  9.8880e-01]",113
680,3,"[[ 0.17636258 -0.29897107  0.33102893]
 [-0.21229475 -0.30919608  0.32080392]
 [ 0.03838282 -0.06721157  0.56278843]
 [ 0.25581951  0.30827164 -0.32172836]
 [ 0.04284485  0.30620279 -0.32379721]
 [-0.29347446  0.29241523 -0.33758477]]","[1933. 2242.  929. 1881. 2248.  923. 2186. 2249.  922. 2020. 2247.  924.
 2022. 2091. 1080. 2239. 2238.  933.]","[1929. 2234.  931. 1895. 2238.  930. 2173. 2236.  925. 2027. 2236.  921.
 2079. 2134. 1038. 2244. 2223.  943.]","[-1.5793e+01  4.4440e+00  6.4627e+01  7.2632e+00 -7.3240e-01 -2.7466e+00
 -3.1200e-02 -2.6320e-01  9.5800e-01]",113
681,3,"[[ 0.17250212 -0.2991355   0.3308645 ]
 [-0.21675547 -0.30924691  0.32075309]
 [ 0.06345709 -0.0663289   0.5636711 ]
 [ 0.25953225  0.30837315 -0.32162685]
 [ 0.04820764  0.30632638 -0.32367362]
 [-0.29250136  0.29252336 -0.33747664]]","[1935. 2243.  928. 1878. 2249.  922. 2189. 2249.  922. 2016. 2247.  924.
 2006. 2091. 1080. 2238. 2238.  933.]","[1931. 2235.  931. 1892. 2240.  928. 2176. 2235.  925. 2025. 2237.  921.
 2061. 2120. 1051. 2244. 2223.  942.]","[-15.551    4.367   64.44     5.9204   0.3662  -5.4321  -0.1172  -0.2549
   0.9106]",113
682,3,"[[ 0.16859978 -0.29930006  0.33069994]
 [-0.22111452 -0.30929503  0.32070497]
 [ 0.0879309  -0.07051862  0.55948138]
 [ 0.26309555  0.30847114 -0.32152886]
 [ 0.05354951  0.30644826 -0.32355174]
 [-0.29147876  0.29263362 -0.33736638]]","[1938. 2243.  928. 1876. 2249.  922. 2192. 2249.  922. 2013. 2247.  924.
 1990. 2093. 1077. 2238. 2238.  933.]","[1934. 2235.  931. 1890. 2241.  927. 2179. 2235.  925. 2021. 2238.  921.
 2044. 2111. 1062. 2242. 2223.  942.]","[-15.441    4.323   64.243    2.9907   0.4272  -5.0049  -0.1938  -0.2207
   0.9087]",113
683,3,"[[ 0.1646565  -0.29946471  0.33053529]
 [-0.22537046 -0.30934039  0.32065961]
 [ 0.11164009 -0.07121618  0.55878382]
 [ 0.26650736  0.30856557 -0.32143443]
 [ 0.05886881  0.30656839 -0.32343161]
 [-0.29040657  0.29274597 -0.33725403]]","[1940. 2243.  928. 1874. 2249.  922. 2194. 2249.  922. 2009. 2247.  924.
 1975. 2094. 1077. 2237. 2238.  933.]","[1936. 2235.  931. 1886. 2241.  927. 2182. 2236.  925. 2019. 2238.  921.
 2027. 2104. 1068. 2239. 2223.  941.]","[-15.386    4.312   64.144    1.4038   0.1831  -2.4414  -0.2026  -0.2217
   0.9189]",113
684,3,"[[ 0.16067323 -0.29962941  0.33037059]
 [-0.22952194 -0.30938298  0.32061702]
 [ 0.13443223 -0.07169326  0.55830674]
 [ 0.26976575  0.30865638 -0.32134362]
 [ 0.06416396  0.30668674 -0.32331326]
 [-0.28928475  0.29286035 -0.33713965]]","[1943. 2243.  928. 1872. 2249.  922. 2197. 2249.  922. 2006. 2247.  924.
 1960. 2094. 1077. 2236. 2238.  933.]","[1938. 2235.  931. 1884. 2242.  927. 2184. 2235.  925. 2014. 2238.  921.
 2009. 2102. 1071. 2235. 2224.  941.]","[-15.386    4.323   64.127   -0.1831  -0.1221  -0.4883  -0.1641  -0.2451
   0.9243]",113
685,3,"[[ 0.15665094 -0.29979409  0.33020591]
 [-0.23356764 -0.30942276  0.32057724]
 [ 0.15616727 -0.0723741   0.5576259 ]
 [ 0.2728689   0.30874352 -0.32125648]
 [ 0.06943336  0.30680326 -0.32319674]
 [-0.28811325  0.29297671 -0.33702329]]","[1945. 2243.  928. 1870. 2249.  922. 2200. 2249.  922. 2002. 2248.  923.
 1946. 2095. 1076. 2235. 2238.  932.]","[1941. 2235.  930. 1881. 2241.  927. 2188. 2235.  925. 2011. 2238.  921.
 1993. 2100. 1074. 2234. 2224.  941.]","[-1.5419e+01  4.3400e+00  6.4133e+01 -1.0376e+00 -1.8310e-01  6.1000e-02
 -9.6700e-02 -2.6120e-01  9.5510e-01]",113
686,3,"[[ 0.15259062 -0.29995873  0.33004127]
 [-0.23750633 -0.30945971  0.32054029]
 [ 0.176718   -0.0733397   0.5566603 ]
 [ 0.27581508  0.30882694 -0.32117306]
 [ 0.07467543  0.30691791 -0.32308209]
 [-0.28689204  0.29309502 -0.33690498]]","[1948. 2243.  928. 1868. 2249.  922. 2202. 2249.  922. 1999. 2248.  923.
 1932. 2095. 1076. 2235. 2239.  932.]","[1943. 2235.  930. 1879. 2241.  927. 2191. 2235.  925. 2007. 2239.  921.
 1978. 2099. 1075. 2233. 2224.  941.]","[-1.5436e+01  4.3620e+00  6.4127e+01 -4.8830e-01  6.1000e-02 -1.2210e-01
 -6.3500e-02 -2.8960e-01  9.8970e-01]",113
687,3,"[[ 0.14849323 -0.30012327  0.32987673]
 [-0.2413368  -0.30949381  0.32050619]
 [ 0.19597031 -0.07462499  0.55537501]
 [ 0.27860267  0.3089066  -0.3210934 ]
 [ 0.07988863  0.30703067 -0.32296933]
 [-0.2856211   0.29321521 -0.33678479]]","[1951. 2243.  928. 1866. 2249.  922. 2205. 2249.  922. 1995. 2248.  923.
 1920. 2096. 1075. 2234. 2239.  932.]","[1946. 2235.  930. 1876. 2241.  927. 2194. 2235.  925. 2004. 2238.  921.
 1963. 2099. 1075. 2233. 2224.  941.]","[-1.5436e+01  4.3780e+00  6.4105e+01  0.0000e+00  2.4410e-01 -4.8830e-01
 -4.4400e-02 -2.9540e-01  9.3650e-01]",113
688,3,"[[ 0.1443598  -0.30028766  0.32971234]
 [-0.24505794 -0.30952503  0.32047497]
 [ 0.2138232  -0.07625775  0.55374225]
 [ 0.28123017  0.30898244 -0.32101756]
 [ 0.0850714   0.30714149 -0.32285851]
 [-0.28430041  0.29333725 -0.33666275]]","[1953. 2243.  928. 1864. 2249.  922. 2207. 2249.  922. 1992. 2248.  923.
 1908. 2097. 1074. 2233. 2239.  932.]","[1949. 2235.  930. 1874. 2241.  927. 2196. 2235.  925. 2002. 2239.  921.
 1949. 2098. 1074. 2233. 2224.  941.]","[-1.5436e+01  4.3840e+00  6.4078e+01  0.0000e+00  1.2210e-01 -6.1040e-01
 -5.6600e-02 -3.0080e-01  9.6530e-01]",113
689,3,"[[ 0.1401913  -0.30045186  0.32954814]
 [-0.24866866 -0.30955335  0.32044665]
 [ 0.23018876 -0.07826438  0.55173562]
 [ 0.28369619  0.30905442 -0.32094558]
 [ 0.09022222  0.30725035 -0.32274965]
 [-0.28292998  0.29346108 -0.33653892]]","[1956. 2243.  928. 1863. 2249.  922. 2210. 2249.  922. 1989. 2248.  923.
 1897. 2099. 1072. 2232. 2239.  932.]","[1951. 2235.  930. 1873. 2241.  927. 2198. 2235.  925. 2000. 2239.  921.
 1936. 2098. 1075. 2233. 2224.  940.]","[-15.43     4.384   64.061    0.3052   0.      -0.3052  -0.0688  -0.2905
   0.9517]",113
690,3,"[[ 0.13598876 -0.30061582  0.32938418]
 [-0.25216796 -0.30957874  0.32042126]
 [ 0.24499196 -0.08067103  0.54932897]
 [ 0.28599945  0.3091225  -0.3208775 ]
 [ 0.09533959  0.30735719 -0.32264281]
 [-0.28150983  0.29358666 -0.33641334]]","[1959. 2243.  927. 1861. 2249.  922. 2212. 2249.  922. 1985. 2248.  923.
 1888. 2100. 1071. 2231. 2239.  932.]","[1953. 2235.  930. 1871. 2241.  927. 2200. 2235.  926. 1998. 2239.  921.
 1923. 2099. 1073. 2233. 2224.  941.]","[-15.419    4.384   64.056    0.3662   0.      -0.2441  -0.0835  -0.2798
   0.9561]",113
691,3,"[[ 0.1317532  -0.3007795   0.3292205 ]
 [-0.25555486 -0.30960119  0.32039881]
 [ 0.25817031 -0.08350378  0.54649622]
 [ 0.28813877  0.30918665 -0.32081335]
 [ 0.10042202  0.307462   -0.322538  ]
 [-0.28003999  0.29371393 -0.33628607]]","[1962. 2244.  927. 1860. 2249.  922. 2214. 2249.  922. 1982. 2248.  923.
 1879. 2102. 1069. 2230. 2239.  932.]","[1956. 2235.  930. 1869. 2241.  927. 2202. 2236.  926. 1995. 2239.  921.
 1911. 2099. 1072. 2232. 2224.  941.]","[-1.5414e+01  4.3890e+00  6.4039e+01  3.6620e-01  6.1000e-02 -3.6620e-01
 -8.9400e-02 -2.6070e-01  9.6140e-01]",113
692,3,"[[ 0.12748564 -0.30094284  0.32905716]
 [-0.25882849 -0.30962068  0.32037932]
 [ 0.26967349 -0.08678848  0.54321152]
 [ 0.29011309  0.30924681 -0.32075319]
 [ 0.10546803  0.30756474 -0.32243526]
 [-0.27852048  0.29384286 -0.33615714]]","[1964. 2244.  927. 1858. 2249.  922. 2216. 2249.  922. 1979. 2248.  923.
 1872. 2104. 1067. 2229. 2239.  932.]","[1959. 2235.  929. 1867. 2241.  927. 2204. 2235.  926. 1990. 2239.  921.
 1901. 2100. 1071. 2231. 2224.  941.]","[-15.397    4.395   64.023    0.3662   0.1221  -0.3662  -0.0854  -0.25
   0.958 ]",113
693,3,"[[ 0.12318713 -0.30110582  0.32889418]
 [-0.26198798 -0.30963719  0.32036281]
 [ 0.27946284 -0.09055068  0.53944932]
 [ 0.29192146  0.30930295 -0.32069705]
 [ 0.11047617  0.30766536 -0.32233464]
 [-0.27695136  0.29397339 -0.33602661]]","[1967. 2244.  927. 1857. 2249.  922. 2218. 2249.  922. 1975. 2248.  923.
 1865. 2107. 1064. 2228. 2239.  932.]","[1961. 2235.  929. 1866. 2241.  927. 2206. 2236.  925. 1987. 2238.  922.
 1892. 2102. 1069. 2230. 2224.  940.]","[-15.386    4.4     64.006    0.3052   0.1221  -0.3662  -0.0703  -0.2432
   0.9673]",113
694,3,"[[ 0.1188587  -0.30126836  0.32873164]
 [-0.26503256 -0.3096507   0.3203493 ]
 [ 0.28751092 -0.09481539  0.53518461]
 [ 0.29356305  0.30935504 -0.32064496]
 [ 0.11544501  0.30776385 -0.32223615]
 [-0.2753327   0.29410548 -0.33589452]]","[1970. 2244.  927. 1856. 2249.  922. 2220. 2249.  922. 1972. 2248.  923.
 1860. 2109. 1062. 2227. 2239.  932.]","[1964. 2235.  929. 1865. 2241.  927. 2208. 2235.  926. 1983. 2238.  921.
 1882. 2104. 1067. 2229. 2224.  941.]","[-1.5381e+01  4.4060e+00  6.3995e+01  0.0000e+00  6.1000e-02 -3.0520e-01
 -6.8800e-02 -2.4900e-01  9.5460e-01]",113
695,3,"[[ 0.11450141 -0.30143045  0.32856955]
 [-0.26796148 -0.30966122  0.32033878]
 [ 0.29380088 -0.09960695  0.53039305]
 [ 0.29503713  0.30940304 -0.32059696]
 [ 0.12037313  0.30786017 -0.32213983]
 [-0.27366456  0.29423908 -0.33576092]]","[1973. 2244.  927. 1855. 2249.  922. 2222. 2249.  922. 1969. 2248.  923.
 1856. 2112. 1059. 2226. 2239.  932.]","[1967. 2236.  929. 1863. 2241.  927. 2211. 2236.  926. 1980. 2239.  921.
 1875. 2106. 1065. 2228. 2224.  941.]","[-1.5381e+01  4.4060e+00  6.3984e+01 -6.1000e-02  0.0000e+00 -2.4410e-01
 -6.0100e-02 -2.4800e-01  9.6730e-01]",113
696,3,"[[ 0.11011632 -0.30159202  0.32840798]
 [-0.27077409 -0.30966882  0.32033118]
 [ 0.29832593 -0.10494882  0.52505118]
 [ 0.29634309  0.30944692 -0.32055308]
 [ 0.12525912  0.30795429 -0.32204571]
 [-0.27194704  0.29437413 -0.33562587]]","[1976. 2244.  927. 1854. 2249.  922. 2224. 2249.  922. 1966. 2248.  923.
 1853. 2116. 1055. 2225. 2239.  932.]","[1971. 2236.  929. 1861. 2241.  927. 2213. 2235.  926. 1976. 2238.  921.
 1867. 2110. 1062. 2226. 2224.  941.]","[-1.5381e+01  4.4000e+00  6.3962e+01 -6.1000e-02  6.1000e-02 -4.8830e-01
 -7.3200e-02 -2.5980e-01  9.5900e-01]",113
697,3,"[[ 0.10570448 -0.30175303  0.32824697]
 [-0.27346975 -0.30967375  0.32032625]
 [ 0.30108873 -0.11086343  0.51913657]
 [ 0.29748045  0.30948665 -0.32051335]
 [ 0.13010162  0.30804617 -0.32195383]
 [-0.27018024  0.29451061 -0.33548939]]","[1979. 2244.  927. 1854. 2249.  922. 2226. 2249.  922. 1963. 2248.  923.
 1851. 2120. 1051. 2224. 2239.  931.]","[1973. 2236.  930. 1860. 2242.  927. 2215. 2235.  926. 1974. 2238.  921.
 1863. 2112. 1060. 2226. 2224.  941.]","[-1.5375e+01  4.4000e+00  6.3940e+01  0.0000e+00  6.1000e-02 -5.4930e-01
 -8.2000e-02 -2.7050e-01  9.5950e-01]",113
698,3,"[[ 0.10126698 -0.30191345  0.32808655]
 [-0.2760479  -0.30967617  0.32032383]
 [ 0.30209327 -0.11737198  0.51262802]
 [ 0.29844881  0.3095222  -0.3204778 ]
 [ 0.13489925  0.3081358  -0.3218642 ]
 [-0.26836426  0.29464844 -0.33535156]]","[1981. 2244.  927. 1853. 2249.  922. 2227. 2249.  922. 1960. 2248.  923.
 1851. 2124. 1047. 2222. 2240.  931.]","[1976. 2236.  929. 1859. 2241.  927. 2217. 2235.  926. 1971. 2238.  921.
 1859. 2115. 1057. 2225. 2224.  941.]","[-1.5375e+01  4.4000e+00  6.3918e+01  0.0000e+00  6.1000e-02 -5.4930e-01
 -7.1300e-02 -2.7540e-01  9.5950e-01]",113
699,3,"[[ 0.09680488 -0.30207322  0.32792678]
 [-0.27850804 -0.30966234  0.32033766]
 [ 0.30196585 -0.12448027  0.50551973]
 [ 0.29924795  0.30955355 -0.32044645]
 [ 0.13965068  0.30822313 -0.32177687]
 [-0.26649924  0.2947876  -0.3352124 ]]","[1984. 2244.  927. 1852. 2249.  922. 2229. 2249.  922. 1956. 2248.  923.
 1851. 2129. 1042. 2221. 2240.  931.]","[1979. 2236.  930. 1858. 2241.  927. 2219. 2235.  926. 1968. 2238.  921.
 1855. 2119. 1052. 2223. 2224.  941.]","[-1.5370e+01  4.3950e+00  6.3896e+01  6.1000e-02  1.2210e-01 -5.4930e-01
 -7.0300e-02 -2.7200e-01  9.5900e-01]",113
700,3,"[[ 0.09231928 -0.3022323   0.3277677 ]
 [-0.2808497  -0.309571    0.320429  ]
 [ 0.30181033 -0.13192785  0.49807215]
 [ 0.29987798  0.30958067 -0.32041933]
 [ 0.14435459  0.30830814 -0.32169186]
 [-0.2645853   0.29492803 -0.33507197]]","[1987. 2245.  926. 1852. 2249.  922. 2231. 2249.  922. 1953. 2248.  922.
 1851. 2134. 1037. 2220. 2240.  931.]","[1981. 2235.  929. 1857. 2241.  927. 2220. 2235.  927. 1966. 2239.  921.
 1854. 2123. 1049. 2222. 2224.  941.]","[-15.37     4.395   63.875    0.1221   0.1221  -0.4883  -0.0786  -0.2686
   0.959 ]",113
701,3,"[[ 0.08781126 -0.30239065  0.32760935]
 [-0.28307249 -0.30940361  0.32059639]
 [ 0.30167214 -0.13970365  0.49029635]
 [ 0.30034088  0.30960354 -0.32039646]
 [ 0.14900968  0.30839081 -0.32160919]
 [-0.2626226   0.29506969 -0.33493031]]","[1990. 2245.  926. 1852. 2249.  922. 2232. 2249.  922. 1950. 2249.  922.
 1851. 2139. 1032. 2219. 2240.  931.]","[1983. 2236.  929. 1856. 2241.  927. 2222. 2236.  926. 1962. 2238.  921.
 1853. 2127. 1045. 2221. 2224.  941.]","[-1.5364e+01  4.3950e+00  6.3853e+01  6.1000e-02  0.0000e+00 -3.0520e-01
 -8.0100e-02 -2.6220e-01  9.5610e-01]",113
702,3,"[[ 0.08328192 -0.30254823  0.32745177]
 [-0.28517605 -0.3091715   0.3208285 ]
 [ 0.30152959 -0.1478633   0.4821367 ]
 [ 0.30064714  0.30962214 -0.32037786]
 [ 0.15361467  0.30847111 -0.32152889]
 [-0.26061129  0.29521253 -0.33478747]]","[1993. 2245.  926. 1852. 2249.  922. 2233. 2249.  922. 1947. 2249.  922.
 1851. 2144. 1027. 2217. 2240.  931.]","[1987. 2235.  929. 1856. 2242.  927. 2225. 2235.  927. 1959. 2238.  920.
 1852. 2133. 1039. 2219. 2223.  941.]","[-15.359    4.395   63.842    0.       0.      -0.3052  -0.0742  -0.2583
   0.9619]",113
703,3,"[[ 0.07873235 -0.30270499  0.32729501]
 [-0.28716008 -0.30887841  0.32112159]
 [ 0.30137095 -0.15641416  0.47358584]
 [ 0.30063531  0.30963636 -0.32036364]
 [ 0.15816829  0.308549   -0.321451  ]
 [-0.25855156  0.2953565  -0.3346435 ]]","[1996. 2245.  926. 1852. 2249.  922. 2235. 2249.  922. 1944. 2249.  922.
 1851. 2149. 1022. 2216. 2240.  931.]","[1989. 2235.  929. 1856. 2241.  927. 2225. 2235.  927. 1957. 2238.  921.
 1852. 2137. 1036. 2218. 2224.  941.]","[-1.5359e+01  4.3890e+00  6.3825e+01  0.0000e+00  6.1000e-02 -4.2720e-01
 -7.2800e-02 -2.5980e-01  9.6140e-01]",113
704,3,"[[ 0.07416366 -0.30286089  0.32713911]
 [-0.28902434 -0.30852755  0.32147245]
 [ 0.30119033 -0.16535223  0.46464777]
 [ 0.29874152  0.30964489 -0.32035511]
 [ 0.1626693   0.30862447 -0.32137553]
 [-0.25644359  0.29550156 -0.33449844]]","[1999. 2245.  926. 1853. 2249.  922. 2236. 2249.  922. 1941. 2249.  922.
 1851. 2155. 1016. 2215. 2240.  931.]","[1992. 2235.  929. 1855. 2241.  927. 2227. 2235.  927. 1955. 2238.  921.
 1852. 2141. 1031. 2217. 2223.  941.]","[-15.353    4.389   63.809    0.       0.1221  -0.4883  -0.0801  -0.2598
   0.9595]",113
705,3,"[[ 0.06957697 -0.30301589  0.32698411]
 [-0.29076864 -0.30812237  0.32187763]
 [ 0.30098478 -0.17467092  0.45532908]
 [ 0.29449766  0.30964716 -0.32035284]
 [ 0.16711649  0.30869749 -0.32130251]
 [-0.25428758  0.29564766 -0.33435234]]","[2002. 2245.  926. 1856. 2249.  922. 2237. 2248.  923. 1939. 2249.  922.
 1851. 2161. 1010. 2213. 2240.  931.]","[1996. 2235.  929. 1855. 2241.  927. 2229. 2235.  927. 1950. 2238.  921.
 1852. 2148. 1024. 2216. 2224.  940.]","[-1.5353e+01  4.3890e+00  6.3792e+01  0.0000e+00  6.1000e-02 -3.0520e-01
 -8.2500e-02 -2.6170e-01  9.5900e-01]",113
706,3,"[[ 0.06497337 -0.30316995  0.32683005]
 [-0.29239283 -0.30766655  0.32233345]
 [ 0.30075277 -0.18436293  0.44563707]
 [ 0.28792807  0.30964518 -0.32035482]
 [ 0.17150866  0.30876804 -0.32123196]
 [-0.25208374  0.29579475 -0.33420525]]","[2005. 2245.  926. 1860. 2249.  922. 2238. 2248.  923. 1936. 2249.  922.
 1851. 2168. 1003. 2212. 2240.  931.]","[1998. 2235.  929. 1855. 2241.  927. 2230. 2235.  927. 1948. 2238.  921.
 1852. 2152. 1020. 2214. 2224.  941.]","[-15.353    4.389   63.776   -0.1221   0.      -0.2441  -0.0708  -0.2627
   0.9536]",113
707,3,"[[ 0.060354   -0.30332303  0.32667697]
 [-0.29389683 -0.307164    0.322836  ]
 [ 0.30049346 -0.19442074  0.43557926]
 [ 0.27909337  0.30962302 -0.32037698]
 [ 0.17584463  0.3088361  -0.3211639 ]
 [-0.24983229  0.2959428  -0.3340572 ]]","[2008. 2245.  926. 1866. 2249.  922. 2239. 2248.  923. 1933. 2249.  922.
 1852. 2174.  997. 2210. 2240.  931.]","[2001. 2235.  929. 1856. 2241.  927. 2232. 2235.  928. 1946. 2239.  921.
 1852. 2158. 1018. 2213. 2224.  941.]","[-1.5353e+01  4.3890e+00  6.3765e+01 -1.8310e-01  6.1000e-02 -3.6620e-01
 -6.8800e-02 -2.6510e-01  9.6830e-01]",113
708,3,"[[ 0.05571998 -0.30347508  0.32652492]
 [-0.29528057 -0.3066188   0.3233812 ]
 [ 0.30020631 -0.20483676  0.42516324]
 [ 0.26808281  0.30951271 -0.32048729]
 [ 0.18012325  0.30890163 -0.32109837]
 [-0.24753347  0.29609175 -0.33390825]]","[2011. 2245.  926. 1873. 2249.  922. 2240. 2247.  924. 1930. 2249.  922.
 1852. 2181.  990. 2209. 2241.  930.]","[2002. 2235.  929. 1857. 2242.  927. 2233. 2236.  928. 1944. 2238.  920.
 1852. 2159. 1012. 2211. 2224.  941.]","[-1.5359e+01  4.3890e+00  6.3748e+01 -6.1000e-02  1.2210e-01 -4.8830e-01
 -6.9800e-02 -2.6610e-01  9.5020e-01]",113
709,3,"[[ 0.05107242 -0.30362606  0.32637394]
 [-0.29654408 -0.30603516  0.32396484]
 [ 0.29989093 -0.21560338  0.41439662]
 [ 0.25500835  0.30931894 -0.32068106]
 [ 0.18434338  0.30896463 -0.32103537]
 [-0.24518754  0.29624156 -0.33375844]]","[2014. 2245.  926. 1881. 2249.  922. 2241. 2247.  924. 1927. 2249.  922.
 1852. 2188.  983. 2207. 2241.  930.]","[2004. 2235.  929. 1861. 2241.  927. 2234. 2235.  928. 1941. 2238.  921.
 1853. 2165. 1006. 2210. 2224.  941.]","[-15.364    4.384   63.732   -0.5493   0.      -0.4883  -0.0894  -0.2651
   0.9512]",113
710,3,"[[ 0.04641246 -0.30377594  0.32622406]
 [-0.29768741 -0.30541741  0.32458259]
 [ 0.299547   -0.22671299  0.40328701]
 [ 0.24000074  0.30905087 -0.32094913]
 [ 0.1885039   0.30902507 -0.32097493]
 [-0.24279475  0.29639218 -0.33360782]]","[2017. 2246.  925. 1891. 2249.  922. 2242. 2247.  924. 1925. 2249.  922.
 1852. 2195.  976. 2206. 2241.  930.]","[2007. 2236.  929. 1867. 2242.  927. 2235. 2236.  929. 1938. 2238.  921.
 1853. 2172.  999. 2208. 2224.  941.]","[-15.381    4.384   63.71    -0.3662   0.      -0.2441  -0.0728  -0.2627
   0.9722]",113
711,3,"[[ 0.04174123 -0.30392467  0.32607533]
 [-0.29871065 -0.30476993  0.32523007]
 [ 0.29917421 -0.238158    0.391842  ]
 [ 0.22320663  0.3087115  -0.3212885 ]
 [ 0.19260374  0.30908293 -0.32091707]
 [-0.24035537  0.29654358 -0.33345642]]","[2020. 2246.  925. 1902. 2249.  922. 2242. 2246.  925. 1922. 2249.  922.
 1852. 2203.  968. 2204. 2241.  930.]","[2009. 2235.  929. 1873. 2242.  927. 2236. 2235.  929. 1936. 2238.  921.
 1853. 2174.  995. 2207. 2224.  941.]","[-15.397    4.384   63.699   -0.6714   0.1221  -0.4272  -0.0801  -0.2627
   0.937 ]",113
712,3,"[[ 0.03705987 -0.30407222  0.32592778]
 [-0.29961396 -0.30409715  0.32590285]
 [ 0.29877229 -0.24993085  0.38006915]
 [ 0.20478587  0.3083036  -0.3216964 ]
 [ 0.19664181  0.30913819 -0.32086181]
 [-0.2378697   0.2966957  -0.3333043 ]]","[2023. 2246.  925. 1914. 2248.  922. 2243. 2246.  925. 1919. 2249.  922.
 1853. 2210.  961. 2203. 2241.  930.]","[2014. 2236.  927. 1882. 2242.  927. 2237. 2236.  929. 1933. 2238.  923.
 1853. 2180.  990. 2206. 2224.  941.]","[-15.436    4.384   63.677   -2.0752   0.1831  -0.9155  -0.0854  -0.2529
   0.9272]",113
713,3,"[[ 0.0323695  -0.30421854  0.32578146]
 [-0.30039753 -0.30340352  0.32659648]
 [ 0.29834097 -0.26202399  0.36797601]
 [ 0.18490903  0.30783042 -0.32216958]
 [ 0.20061708  0.30919084 -0.32080916]
 [-0.23533804  0.29684849 -0.33315151]]","[2026. 2246.  925. 1927. 2248.  923. 2243. 2245.  926. 1917. 2249.  922.
 1853. 2218.  953. 2201. 2241.  930.]","[2016. 2235.  927. 1890. 2242.  927. 2239. 2236.  928. 1932. 2238.  924.
 1853. 2183.  986. 2205. 2224.  941.]","[-15.524    4.384   63.633   -2.6245   0.3662  -1.5259  -0.0996  -0.2603
   0.9927]",113
714,3,"[[ 0.02767128 -0.30436361  0.32563639]
 [-0.30106164 -0.30269343  0.32730657]
 [ 0.29787999 -0.27442994  0.35557006]
 [ 0.16375494  0.30729569 -0.32270431]
 [ 0.20452852  0.30924085 -0.32075915]
 [-0.23276069  0.29700193 -0.33299807]]","[2029. 2246.  925. 1941. 2248.  923. 2244. 2245.  926. 1914. 2249.  922.
 1853. 2226.  945. 2199. 2241.  930.]","[2019. 2235.  927. 1900. 2242.  927. 2240. 2236.  928. 1930. 2238.  924.
 1853. 2187.  982. 2203. 2225.  941.]","[-15.612    4.389   63.556   -1.8921   0.7324  -2.0142  -0.1084  -0.2759
   0.9751]",113
715,3,"[[ 0.02296633 -0.30450737  0.32549263]
 [-0.30160672 -0.30197129  0.32802871]
 [ 0.29738908 -0.28714121  0.34285879]
 [ 0.14150829  0.30670366 -0.32329634]
 [ 0.20837512  0.30928821 -0.32071179]
 [-0.23013798  0.29715596 -0.33284404]]","[2033. 2246.  925. 1955. 2247.  924. 2244. 2244.  927. 1912. 2249.  922.
 1854. 2235.  936. 2198. 2241.  930.]","[2023. 2235.  926. 1911. 2242.  927. 2242. 2237.  928. 1928. 2238.  925.
 1854. 2191.  977. 2202. 2226.  941.]","[-15.688    4.406   63.468   -1.8921   0.7324  -2.1362  -0.104   -0.2729
   0.9307]",113
716,3,"[[ 0.01825581 -0.3046498   0.3253502 ]
 [-0.30203386 -0.3012414   0.3287586 ]
 [ 0.29686797 -0.29207105  0.33792895]
 [ 0.11835745  0.30605901 -0.32394099]
 [ 0.21215591  0.30933291 -0.32066709]
 [-0.22747025  0.29731053 -0.33268947]]","[2036. 2246.  925. 1970. 2247.  924. 2244. 2244.  927. 1909. 2249.  922.
 1854. 2238.  933. 2196. 2241.  930.]","[2027. 2235.  923. 1925. 2242.  927. 2243. 2238.  928. 1925. 2238.  925.
 1854. 2197.  970. 2200. 2227.  941.]","[-15.776    4.422   63.386   -2.3804   0.7935  -1.8311  -0.0767  -0.2837
   0.9756]",113
717,3,"[[ 0.01354086 -0.30479086  0.32520914]
 [-0.30234706 -0.300508    0.329492  ]
 [ 0.29631643 -0.2921708   0.3378292 ]
 [ 0.09449223  0.30536685 -0.32463315]
 [ 0.21586993  0.30937493 -0.32062507]
 [-0.22475785  0.29746561 -0.33253439]]","[2039. 2246.  925. 1986. 2247.  924. 2245. 2243.  928. 1907. 2249.  922.
 1854. 2238.  933. 2194. 2241.  930.]","[2029. 2235.  923. 1935. 2242.  927. 2243. 2240.  928. 1925. 2237.  926.
 1854. 2200.  968. 2200. 2228.  941.]","[-1.5864e+01  4.4440e+00  6.3303e+01 -2.0752e+00  7.9350e-01 -1.8921e+00
 -6.2000e-02 -2.7440e-01  9.6830e-01]",113
718,3,"[[ 0.00882261 -0.3049305   0.3250695 ]
 [-0.30255761 -0.29977523  0.33022477]
 [ 0.29573418 -0.29227267  0.33772733]
 [ 0.07010194  0.30463265 -0.32536735]
 [ 0.21951624  0.30941425 -0.32058575]
 [-0.22200115  0.29762116 -0.33237884]]","[2042. 2246.  925. 2002. 2246.  925. 2245. 2243.  928. 1904. 2249.  922.
 1855. 2238.  933. 2192. 2242.  929.]","[2033. 2236.  922. 1950. 2242.  927. 2244. 2240.  928. 1922. 2238.  926.
 1855. 2203.  965. 2199. 2228.  941.]","[-1.5947e+01  4.4550e+00  6.3215e+01 -2.0142e+00  7.9350e-01 -1.9531e+00
 -6.2500e-02 -2.6170e-01  9.4680e-01]",113
719,3,"[[ 0.00410223 -0.30506869  0.32493131]
 [-0.30233014 -0.29904696  0.33095304]
 [ 0.29512099 -0.29237661  0.33762339]
 [ 0.04537356  0.30386221 -0.32613779]
 [ 0.22309394  0.30945087 -0.32054913]
 [-0.2192005   0.29777712 -0.33222288]]","[2045. 2246.  925. 2018. 2246.  925. 2245. 2242.  929. 1902. 2249.  922.
 1855. 2238.  933. 2190. 2242.  929.]","[2036. 2236.  922. 1964. 2242.  927. 2244. 2241.  928. 1920. 2237.  925.
 1856. 2205.  963. 2199. 2229.  940.]","[-1.6024e+01  4.4660e+00  6.3133e+01 -1.6479e+00  7.3240e-01 -2.1362e+00
 -5.4700e-02 -2.7050e-01  9.6920e-01]",113
720,3,"[[-0.00061915 -0.30520541  0.32479459]
 [-0.30016325 -0.2983252   0.3316748 ]
 [ 0.29447661 -0.29248257  0.33751743]
 [ 0.02049009  0.30306164 -0.32693836]
 [ 0.22660214  0.30948477 -0.32051523]
 [-0.21635631  0.29793346 -0.33206654]]","[2048. 2246.  925. 2034. 2245.  926. 2243. 2242.  929. 1900. 2249.  922.
 1856. 2238.  933. 2189. 2242.  929.]","[2039. 2236.  922. 1979. 2242.  927. 2244. 2241.  928. 1917. 2237.  926.
 1857. 2206.  961. 2197. 2230.  939.]","[-1.6084e+01  4.4710e+00  6.3034e+01 -1.4648e+00  7.9350e-01 -2.3193e+00
 -4.8800e-02 -2.9790e-01  9.4140e-01]",113
721,3,"[[-0.00534039 -0.30534061  0.32465939]
 [-0.29585698 -0.2976124   0.3323876 ]
 [ 0.2938008  -0.29259049  0.33740951]
 [-0.00437088  0.30223726 -0.32776274]
 [ 0.23003998  0.30951594 -0.32048406]
 [-0.21346898  0.29809013 -0.33190987]]","[2051. 2247.  924. 2050. 2245.  926. 2240. 2242.  929. 1898. 2249.  922.
 1856. 2238.  933. 2187. 2242.  929.]","[2042. 2235.  923. 1994. 2242.  927. 2244. 2241.  928. 1914. 2238.  926.
 1858. 2208.  959. 2195. 2230.  939.]","[-1.6139e+01  4.4660e+00  6.2930e+01 -1.0986e+00  8.5450e-01 -2.6245e+00
 -4.4900e-02 -3.2960e-01  9.5310e-01]",113
722,3,"[[-0.01006032 -0.30547425  0.32452575]
 [-0.28946933 -0.29691262  0.33308738]
 [ 0.29309332 -0.29270031  0.33729969]
 [-0.02903837  0.30139556 -0.32860444]
 [ 0.2334066   0.30954436 -0.32045564]
 [-0.2105389   0.29824709 -0.33175291]]","[2054. 2247.  924. 2066. 2244.  927. 2236. 2241.  930. 1895. 2249.  922.
 1856. 2238.  933. 2185. 2242.  929.]","[2045. 2237.  923. 2009. 2242.  927. 2243. 2241.  928. 1912. 2238.  925.
 1858. 2208.  958. 2193. 2230.  939.]","[-16.188    4.46    62.82    -0.6104   0.7935  -2.6245  -0.0645  -0.3228
   0.9585]",113
723,3,"[[-0.01477781 -0.30560631  0.32439369]
 [-0.28108003 -0.29622991  0.33377009]
 [ 0.29235393 -0.29281199  0.33718801]
 [-0.05334912  0.30054318 -0.32945682]
 [ 0.23670119  0.30957004 -0.32042996]
 [-0.20756651  0.2984043  -0.3315957 ]]","[2057. 2247.  924. 2082. 2243.  928. 2231. 2241.  930. 1893. 2249.  922.
 1857. 2238.  933. 2183. 2242.  929.]","[2048. 2237.  922. 2024. 2241.  927. 2243. 2241.  929. 1910. 2238.  925.
 1858. 2208.  958. 2191. 2230.  938.]","[-16.216    4.455   62.721   -0.1831   0.6104  -1.9531  -0.0703  -0.312
   0.9419]",113
724,3,"[[-0.01949172 -0.30573675  0.32426325]
 [-0.27078544 -0.29556825  0.33443175]
 [ 0.29158241 -0.29292547  0.33707453]
 [-0.07714838  0.29968682 -0.33031318]
 [ 0.23992296  0.30959296 -0.32040704]
 [-0.20455225  0.29856172 -0.33143828]]","[2060. 2247.  924. 2098. 2243.  928. 2224. 2240.  931. 1891. 2249.  922.
 1857. 2238.  933. 2181. 2242.  929.]","[2050. 2238.  922. 2041. 2241.  928. 2240. 2241.  929. 1907. 2238.  926.
 1858. 2208.  959. 2189. 2230.  938.]","[-1.6232e+01  4.4490e+00  6.2661e+01  6.1000e-02  3.0520e-01 -8.5450e-01
 -7.6700e-02 -2.9300e-01  9.6340e-01]",113
725,3,"[[-0.02420088 -0.30586553  0.32413447]
 [-0.25869476 -0.29493147  0.33506853]
 [ 0.29077853 -0.2930407   0.3369593 ]
 [-0.1002906   0.29883321 -0.33116679]
 [ 0.24307114  0.30961312 -0.32038688]
 [-0.20149655  0.29871931 -0.33128069]]","[2063. 2247.  924. 2113. 2242.  929. 2216. 2240.  931. 1889. 2249.  922.
 1858. 2239.  932. 2179. 2242.  929.]","[2052. 2238.  922. 2057. 2241.  928. 2235. 2241.  929. 1905. 2238.  925.
 1858. 2208.  958. 2188. 2230.  938.]","[-1.6232e+01  4.4490e+00  6.2644e+01  1.8310e-01  1.2210e-01  6.1000e-02
 -7.8600e-02 -2.6660e-01  9.5950e-01]",113
726,3,"[[-0.02890418 -0.30599263  0.32400737]
 [-0.24492744 -0.29432328  0.33567672]
 [ 0.28994207 -0.29315763  0.33684237]
 [-0.12263994  0.29798903 -0.33201097]
 [ 0.24614498  0.3096305  -0.3203695 ]
 [-0.19839989  0.29887702 -0.33112298]]","[2066. 2247.  924. 2127. 2242.  929. 2207. 2239.  932. 1887. 2249.  922.
 1858. 2239.  932. 2177. 2242.  929.]","[2056. 2238.  923. 2078. 2240.  928. 2227. 2241.  930. 1903. 2238.  926.
 1859. 2208.  959. 2185. 2230.  938.]","[-16.227    4.455   62.655    0.3052   0.1221   0.4272  -0.0835  -0.2344
   0.96  ]",113
727,3,"[[-0.03360045 -0.30611801  0.32388199]
 [-0.22961119 -0.29374723  0.33625277]
 [ 0.28907281 -0.2932762   0.3367238 ]
 [-0.14407058  0.29716088 -0.33283912]
 [ 0.24914374  0.30964511 -0.32035489]
 [-0.19526273  0.29903481 -0.33096519]]","[2069. 2247.  924. 2141. 2241.  930. 2197. 2239.  932. 1885. 2249.  922.
 1859. 2239.  932. 2175. 2242.  929.]","[2056. 2238.  923. 2089. 2240.  928. 2223. 2240.  931. 1902. 2238.  926.
 1860. 2208.  958. 2184. 2230.  937.]","[-1.6216e+01  4.4600e+00  6.2661e+01  0.0000e+00  6.1000e-02  6.1000e-02
 -8.2500e-02 -2.1970e-01  9.6090e-01]",113
728,3,"[[-0.03828857 -0.30624164  0.32375836]
 [-0.21288019 -0.29320669  0.33679331]
 [ 0.28817055 -0.29339637  0.33660363]
 [-0.164467    0.29635522 -0.33364478]
 [ 0.25206674  0.30965694 -0.32034306]
 [-0.19208556  0.29919265 -0.33080735]]","[2072. 2247.  924. 2155. 2241.  930. 2186. 2239.  932. 1883. 2249.  922.
 1860. 2239.  932. 2173. 2243.  928.]","[2060. 2238.  922. 2104. 2239.  929. 2215. 2240.  931. 1901. 2237.  926.
 1860. 2208.  958. 2181. 2231.  937.]","[-16.21     4.46    62.661   -0.4272   0.1221  -0.1831  -0.0933  -0.2275
   0.9556]",113
729,3,"[[-0.04296738 -0.3063635   0.3236365 ]
 [-0.19487359 -0.29270483  0.33729517]
 [ 0.28723508 -0.29351809  0.33648191]
 [-0.18372399  0.29557831 -0.33442169]
 [ 0.2549133   0.30966602 -0.32033398]
 [-0.18886887  0.29935049 -0.33064951]]","[2076. 2247.  924. 2167. 2240.  931. 2175. 2238.  933. 1881. 2249.  922.
 1860. 2239.  932. 2171. 2243.  928.]","[2063. 2238.  922. 2118. 2239.  929. 2206. 2240.  931. 1898. 2238.  925.
 1862. 2208.  959. 2179. 2232.  937.]","[-16.221    4.466   62.655   -0.7935   0.       0.      -0.1025  -0.2695
   0.9673]",113
730,3,"[[-0.04763577 -0.30648354  0.32351646]
 [-0.17573402 -0.29224458  0.33775542]
 [ 0.2862662  -0.2936413   0.3363587 ]
 [-0.2017467   0.29483616 -0.33516384]
 [ 0.25768275  0.30967247 -0.32032753]
 [-0.18561316  0.29950829 -0.33049171]]","[2079. 2247.  924. 2179. 2240.  931. 2162. 2238.  933. 1880. 2249.  922.
 1861. 2239.  932. 2169. 2243.  928.]","[2067. 2237.  923. 2137. 2238.  930. 2193. 2239.  932. 1895. 2238.  925.
 1862. 2208.  958. 2176. 2232.  936.]","[-16.238    4.471   62.666   -0.6714   0.       0.5493  -0.0732  -0.2832
   0.9502]",113
731,3,"[[-0.05229258 -0.30660174  0.32339826]
 [-0.15560631 -0.26783172  0.36216828]
 [ 0.28526371 -0.29376596  0.33623404]
 [-0.21845052  0.29413449 -0.33586551]
 [ 0.26037448  0.30967664 -0.32032336]
 [-0.18231897  0.29966602 -0.33033398]]","[2082. 2247.  924. 2190. 2239.  932. 2149. 2222.  949. 1878. 2249.  922.
 1862. 2239.  932. 2166. 2243.  928.]","[2068. 2238.  922. 2145. 2238.  930. 2186. 2239.  932. 1893. 2238.  925.
 1863. 2208.  958. 2175. 2232.  936.]","[-1.6249e+01  4.4770e+00  6.2682e+01 -6.1040e-01 -6.1000e-02  3.6620e-01
 -6.3000e-02 -3.0220e-01  9.6240e-01]",113
732,3,"[[-0.0569367  -0.30671807  0.32328193]
 [-0.13463633 -0.2186115   0.4113885 ]
 [ 0.28422742 -0.29389202  0.33610798]
 [-0.23376088  0.29347869 -0.33652131]
 [ 0.26298787  0.30967775 -0.32032225]
 [-0.17898681  0.29982363 -0.33017637]]","[2085. 2247.  924. 2200. 2239.  932. 2135. 2190.  981. 1876. 2249.  922.
 1862. 2239.  932. 2164. 2243.  928.]","[2071. 2238.  923. 2158. 2237.  931. 2175. 2239.  936. 1892. 2238.  925.
 1864. 2208.  958. 2172. 2232.  936.]","[-1.6260e+01  4.4820e+00  6.2693e+01 -4.2720e-01  0.0000e+00  2.4410e-01
 -5.0300e-02 -2.9740e-01  9.3460e-01]",113
733,3,"[[-0.06156699 -0.3068325   0.3231675 ]
 [-0.11296987 -0.17591697  0.45408303]
 [ 0.28315715 -0.29401942  0.33598058]
 [-0.24761309  0.29287377 -0.33712623]
 [ 0.26552234  0.30965062 -0.32034938]
 [-0.17561724  0.29998108 -0.33001892]]","[2088. 2248.  923. 2209. 2238.  933. 2121. 2162. 1009. 1874. 2249.  922.
 1863. 2239.  932. 2162. 2243.  928.]","[2074. 2237.  923. 2170. 2237.  931. 2162. 2226.  946. 1890. 2238.  925.
 1864. 2208.  958. 2170. 2232.  935.]","[-1.6276e+01  4.4770e+00  6.2693e+01 -4.2720e-01  0.0000e+00 -1.2210e-01
 -6.2500e-02 -3.0960e-01  9.6580e-01]",113
734,3,"[[-0.06618233 -0.306945    0.323055  ]
 [-0.09075176 -0.13999968  0.49000032]
 [ 0.28205272 -0.29414813  0.33585187]
 [-0.25995197  0.29232431 -0.33767569]
 [ 0.26797734  0.30953764 -0.32046236]
 [-0.1722108   0.30013833 -0.32986167]]","[2091. 2248.  923. 2217. 2238.  933. 2107. 2139. 1032. 1873. 2249.  922.
 1864. 2239.  932. 2160. 2243.  928.]","[2076. 2238.  922. 2180. 2237.  932. 2149. 2206.  964. 1887. 2238.  926.
 1865. 2208.  958. 2169. 2233.  935.]","[-1.6282e+01  4.4710e+00  6.2682e+01 -1.2210e-01  6.1000e-02 -1.8310e-01
 -8.0600e-02 -2.8660e-01  9.3360e-01]",113
735,3,"[[-0.0707816  -0.30705555  0.32294445]
 [-0.06812502 -0.11107143  0.51892857]
 [ 0.28091396 -0.29427809  0.33572191]
 [-0.27073163  0.26860403 -0.36139597]
 [ 0.27035233  0.30935571 -0.32064429]
 [-0.16876806  0.30029536 -0.32970464]]","[2094. 2248.  923. 2224. 2223.  948. 2092. 2120. 1051. 1871. 2249.  922.
 1864. 2239.  932. 2158. 2243.  928.]","[2079. 2238.  923. 2190. 2236.  932. 2135. 2184.  987. 1885. 2237.  926.
 1866. 2208.  959. 2166. 2233.  935.]","[-16.293    4.466   62.682   -0.1831  -0.2441   0.      -0.0938  -0.2876
   0.9761]",113
736,3,"[[-0.07536368 -0.30716411  0.32283589]
 [-0.04523011 -0.08930297  0.54069703]
 [ 0.2797407  -0.29440926  0.33559074]
 [-0.27991508  0.21172497 -0.41827503]
 [ 0.27264679  0.30911168 -0.32088832]
 [-0.1652896   0.30045211 -0.32954789]]","[2097. 2248.  923. 2230. 2186.  985. 2077. 2106. 1065. 1870. 2249.  922.
 1865. 2239.  932. 2155. 2243.  928.]","[2082. 2238.  922. 2199. 2232.  934. 2121. 2163. 1008. 1884. 2237.  925.
 1866. 2208.  958. 2164. 2233.  935.]","[-1.6304e+01  4.4660e+00  6.2688e+01 -3.0520e-01  1.2210e-01  6.1000e-02
 -7.3200e-02 -2.7050e-01  9.4780e-01]",113
737,3,"[[-0.07992746 -0.30727067  0.32272933]
 [-0.02220436 -0.07482297  0.55517703]
 [ 0.27853278 -0.29454158  0.33545842]
 [-0.28747395  0.16370023 -0.46629977]
 [ 0.27486026  0.30880885 -0.32119115]
 [-0.16177599  0.30060854 -0.32939146]]","[2100. 2248.  923. 2235. 2154. 1017. 2062. 2096. 1075. 1868. 2249.  922.
 1866. 2240.  931. 2153. 2243.  928.]","[2085. 2238.  922. 2209. 2223.  947. 2107. 2144. 1027. 1882. 2237.  926.
 1867. 2208.  958. 2162. 2233.  934.]","[-16.309    4.471   62.688   -0.2441   0.       0.      -0.1021  -0.269
   0.9546]",113
738,3,"[[-0.08447183 -0.30737519  0.32262481]
 [ 0.00081858 -0.06771739  0.56228261]
 [ 0.27729005 -0.29467503  0.33532497]
 [-0.29338809  0.12487869 -0.50512131]
 [ 0.27699225  0.3084504  -0.3215496 ]
 [-0.15822785  0.30076464 -0.32923536]]","[2103. 2248.  923. 2239. 2129. 1042. 2047. 2092. 1079. 1867. 2249.  922.
 1867. 2240.  931. 2151. 2244.  927.]","[2087. 2238.  921. 2218. 2203.  968. 2092. 2128. 1044. 1881. 2237.  926.
 1868. 2211.  957. 2159. 2233.  934.]","[-16.331    4.499   62.699   -0.8545   0.6104   0.4883  -0.1187  -0.2534
   0.9053]",113
739,3,"[[-0.08899569 -0.30747766  0.32252234]
 [ 0.02370915 -0.06810927  0.56189073]
 [ 0.27601236 -0.29480954  0.33519046]
 [-0.29764525  0.0955362  -0.5344638 ]
 [ 0.27904234  0.30803975 -0.32196025]
 [-0.15464577  0.30092034 -0.32907966]]","[2106. 2248.  923. 2242. 2110. 1061. 2032. 2092. 1079. 1866. 2248.  923.
 1868. 2240.  931. 2148. 2244.  927.]","[2090. 2238.  921. 2228. 2179.  992. 2078. 2115. 1057. 1879. 2236.  926.
 1868. 2213.  955. 2156. 2234.  933.]","[-16.403    4.576   62.737   -2.3804   1.4648   1.8311  -0.1255  -0.2144
   0.8765]",113
740,3,"[[-0.09349793 -0.30757803  0.32242197]
 [ 0.04634225 -0.07219055  0.55780945]
 [ 0.27469957 -0.29494508  0.33505492]
 [-0.30024072  0.07587388 -0.55412612]
 [ 0.2810101   0.30758053 -0.32241947]
 [-0.15103038  0.30107562 -0.32892438]]","[2108. 2248.  923. 2243. 2097. 1074. 2017. 2095. 1076. 1864. 2248.  923.
 1868. 2240.  931. 2146. 2244.  927.]","[2094. 2238.  921. 2231. 2156. 1015. 2063. 2107. 1065. 1877. 2236.  925.
 1869. 2216.  952. 2153. 2235.  933.]","[-1.6534e+01  4.6690e+00  6.2809e+01 -4.3335e+00  1.5869e+00  2.4414e+00
 -4.5900e-02 -2.0120e-01  9.9900e-01]",113
741,3,"[[-0.09797748 -0.3076763   0.3223237 ]
 [ 0.06859752 -0.07282964  0.55717036]
 [ 0.27335154 -0.2950816   0.3349184 ]
 [-0.30116951  0.06601701 -0.56398299]
 [ 0.28289515  0.30707655 -0.32292345]
 [-0.14738231  0.30123044 -0.32876956]]","[2111. 2248.  923. 2244. 2091. 1080. 2003. 2095. 1076. 1863. 2248.  923.
 1869. 2240.  931. 2144. 2244.  927.]","[2099. 2237.  921. 2235. 2136. 1036. 2048. 2103. 1069. 1875. 2237.  926.
 1870. 2218.  949. 2147. 2236.  932.]","[-16.655    4.724   62.858   -3.6011   0.5493   1.2207  -0.0654  -0.1992
   1.1313]",113
742,3,"[[-0.10243323 -0.30777244  0.32222756]
 [ 0.09035955 -0.07324271  0.55675729]
 [ 0.27196816 -0.29521906  0.33478094]
 [-0.30102274  0.06604422 -0.56395578]
 [ 0.28469713  0.30653176 -0.32346824]
 [-0.1437022   0.30138477 -0.32861523]]","[2114. 2248.  923. 2244. 2091. 1080. 1989. 2095. 1076. 1862. 2247.  924.
 1870. 2240.  931. 2141. 2244.  927.]","[2103. 2237.  921. 2238. 2120. 1051. 2033. 2101. 1072. 1872. 2236.  926.
 1870. 2221.  947. 2144. 2237.  932.]","[-1.6699e+01  4.7460e+00  6.2891e+01 -1.7090e+00  1.8310e-01  7.3240e-01
 -4.7900e-02 -2.3050e-01  9.1210e-01]",113
743,3,"[[-0.1068641  -0.30786642  0.32213358]
 [ 0.11151806 -0.07382158  0.55617842]
 [ 0.2705493  -0.29535741  0.33464259]
 [-0.30086884  0.07171749 -0.55828251]
 [ 0.28641568  0.30595024 -0.32404976]
 [-0.1399907   0.30153856 -0.32846144]]","[2117. 2248.  923. 2244. 2094. 1077. 1975. 2096. 1075. 1861. 2247.  924.
 1871. 2240.  931. 2139. 2244.  927.]","[2109. 2237.  922. 2240. 2109. 1062. 2018. 2099. 1073. 1869. 2236.  926.
 1871. 2223.  945. 2141. 2239.  932.]","[-1.6776e+01  4.7630e+00  6.2897e+01 -3.1128e+00  6.1040e-01  2.4410e-01
 -2.9300e-02 -2.7980e-01  8.4380e-01]",113
744,3,"[[-0.11126903 -0.30795822  0.32204178]
 [ 0.13196802 -0.0746345   0.5553655 ]
 [ 0.26909484 -0.29549661  0.33450339]
 [-0.30074961  0.07414208 -0.55585792]
 [ 0.28805048  0.30533612 -0.32466388]
 [-0.13624847  0.30169178 -0.32830822]]","[2120. 2248.  923. 2244. 2096. 1075. 1961. 2096. 1075. 1860. 2247.  924.
 1872. 2240.  931. 2136. 2244.  927.]","[2116. 2237.  925. 2242. 2103. 1068. 2003. 2098. 1074. 1867. 2237.  926.
 1872. 2225.  943. 2140. 2240.  932.]","[-16.919    4.785   62.875   -4.5776   1.0376  -0.4272  -0.063   -0.3257
   0.981 ]",113
745,3,"[[-0.11564693 -0.30804782  0.32195218]
 [ 0.15160975 -0.07570954  0.55429046]
 [ 0.26760469 -0.29563661  0.33436339]
 [-0.30063962  0.07665814 -0.55334186]
 [ 0.28960126  0.30469361 -0.32530639]
 [-0.13247617  0.3018444  -0.3281556 ]]","[2123. 2248.  923. 2243. 2097. 1073. 1949. 2097. 1074. 1859. 2246.  925.
 1873. 2240.  931. 2134. 2244.  927.]","[2119. 2237.  926. 2243. 2101. 1070. 1989. 2098. 1074. 1864. 2237.  926.
 1872. 2227.  942. 2138. 2240.  931.]","[-17.056    4.801   62.847   -3.479    0.7324  -0.4883  -0.0757  -0.3462
   1.0186]",113
746,3,"[[-0.11999676 -0.30813521  0.32186479]
 [ 0.17034895 -0.0770696   0.5529304 ]
 [ 0.26607875 -0.29577739  0.33422261]
 [-0.30052503  0.0796443  -0.5503557 ]
 [ 0.29106772  0.30402693 -0.32597307]
 [-0.1286745   0.30199638 -0.32800362]]","[2126. 2248.  923. 2243. 2099. 1072. 1936. 2098. 1073. 1858. 2246.  925.
 1874. 2240.  931. 2131. 2244.  927.]","[2121. 2237.  926. 2243. 2100. 1072. 1975. 2098. 1074. 1863. 2237.  927.
 1873. 2228.  941. 2136. 2240.  931.]","[-17.139    4.801   62.809   -1.9531   0.3052  -0.8545  -0.0771  -0.3726
   0.9336]",113
747,3,"[[-0.12431744 -0.30822035  0.32177965]
 [ 0.18809677 -0.07873716  0.55126284]
 [ 0.26451692 -0.29591889  0.33408111]
 [-0.30039879  0.08314213 -0.54685787]
 [ 0.29244963  0.3033403  -0.3266597 ]
 [-0.12484415  0.30214768 -0.32785232]]","[2129. 2248.  923. 2243. 2102. 1069. 1925. 2099. 1072. 1857. 2245.  926.
 1875. 2240.  931. 2129. 2244.  926.]","[2124. 2237.  926. 2243. 2100. 1071. 1962. 2099. 1073. 1860. 2236.  927.
 1873. 2229.  940. 2134. 2241.  930.]","[-17.216    4.807   62.765   -1.77     0.6104  -1.0376  -0.0859  -0.3696
   0.8857]",113
748,3,"[[-0.12860793 -0.30830323  0.32169677]
 [ 0.20476985 -0.08073505  0.54926495]
 [ 0.26291913 -0.29606108  0.33393892]
 [-0.30025732  0.08715106 -0.54284894]
 [ 0.29374676  0.30263791 -0.32736209]
 [-0.12098581  0.30229827 -0.32770173]]","[2131. 2248.  922. 2243. 2104. 1067. 1914. 2100. 1071. 1856. 2245.  926.
 1876. 2241.  930. 2126. 2245.  926.]","[2126. 2237.  925. 2243. 2101. 1070. 1949. 2099. 1073. 1859. 2237.  927.
 1874. 2230.  939. 2131. 2241.  930.]","[-17.309    4.818   62.721   -2.0142   0.6714  -0.9155  -0.1138  -0.3833
   0.9458]",113
749,3,"[[-0.1328672  -0.30838383  0.32161617]
 [ 0.22029027 -0.08308658  0.54691342]
 [ 0.26128529 -0.29620391  0.33379609]
 [-0.30009876  0.09166453 -0.53833547]
 [ 0.29495891  0.30192394 -0.32807606]
 [-0.11710019  0.30244812 -0.32755188]]","[2134. 2249.  922. 2243. 2107. 1064. 1904. 2102. 1069. 1855. 2244.  927.
 1877. 2241.  930. 2124. 2245.  926.]","[2128. 2237.  925. 2243. 2103. 1069. 1937. 2099. 1073. 1858. 2236.  928.
 1875. 2230.  939. 2129. 2240.  929.]","[-17.38     4.823   62.704   -1.2207   0.3052  -0.3662  -0.1245  -0.3872
   0.9712]",113
750,3,"[[-0.1370942  -0.30846213  0.32153787]
 [ 0.23458562 -0.08581549  0.54418451]
 [ 0.25961535 -0.29634734  0.33365266]
 [-0.2999221   0.09667476 -0.53332524]
 [ 0.2960859   0.30120249 -0.32879751]
 [-0.11318801  0.30259719 -0.32740281]]","[2137. 2249.  922. 2243. 2111. 1060. 1895. 2103. 1068. 1854. 2244.  927.
 1878. 2241.  930. 2121. 2245.  926.]","[2131. 2236.  924. 2243. 2105. 1067. 1926. 2101. 1071. 1857. 2235.  928.
 1876. 2230.  938. 2127. 2241.  929.]","[-1.7402e+01  4.8280e+00  6.2710e+01 -6.1000e-02 -6.1000e-02  1.8310e-01
 -1.2400e-01 -3.7700e-01  9.3120e-01]",113
751,3,"[[-0.14128791 -0.30853811  0.32146189]
 [ 0.24758901 -0.08894583  0.54105417]
 [ 0.25790925 -0.29649134  0.33350866]
 [-0.29972675  0.10217355 -0.52782645]
 [ 0.29712758  0.3004776  -0.3295224 ]
 [-0.10925001  0.30274545 -0.32725455]]","[2140. 2249.  922. 2243. 2114. 1057. 1886. 2105. 1065. 1854. 2243.  928.
 1879. 2241.  930. 2119. 2245.  926.]","[2132. 2237.  924. 2243. 2108. 1064. 1915. 2102. 1069. 1856. 2235.  929.
 1876. 2230.  938. 2125. 2241.  929.]","[-17.419    4.839   62.732    0.2441  -0.1221   0.5493  -0.1094  -0.3569
   0.9253]",113
752,3,"[[-0.1454473  -0.30861176  0.32138824]
 [ 0.25923905 -0.0925019   0.5374981 ]
 [ 0.25616693 -0.29663586  0.33336414]
 [-0.29951233  0.10815247 -0.52184753]
 [ 0.29808383  0.29975323 -0.33024677]
 [-0.10528692  0.30289286 -0.32710714]]","[2142. 2249.  922. 2243. 2118. 1053. 1879. 2108. 1063. 1853. 2243.  928.
 1881. 2241.  930. 2116. 2245.  926.]","[2132. 2237.  923. 2243. 2110. 1062. 1905. 2103. 1068. 1856. 2234.  929.
 1878. 2229.  937. 2122. 2240.  930.]","[-1.7424e+01  4.8560e+00  6.2759e+01  3.6620e-01 -6.1000e-02  6.1040e-01
 -8.9800e-02 -3.3110e-01  9.5020e-01]",113
753,3,"[[-0.14957138 -0.30868305  0.32131695]
 [ 0.26947993 -0.09650805  0.53349195]
 [ 0.25438836 -0.29678088  0.33321912]
 [-0.29927857  0.11460296 -0.51539704]
 [ 0.29895452  0.29903324 -0.33096676]
 [-0.10129948  0.3030394  -0.3269606 ]]","[2145. 2249.  922. 2243. 2122. 1049. 1872. 2110. 1061. 1853. 2242.  929.
 1882. 2241.  930. 2114. 2245.  926.]","[2134. 2237.  923. 2243. 2114. 1058. 1897. 2105. 1066. 1855. 2233.  929.
 1879. 2230.  936. 2121. 2240.  929.]","[-17.424    4.867   62.776    0.6104   0.       0.4272  -0.0723  -0.2993
   0.9478]",113
754,3,"[[-0.15365914 -0.30875198  0.32124802]
 [ 0.27826144 -0.10098857  0.52901143]
 [ 0.2525735  -0.29692634  0.33307366]
 [-0.29902524  0.12151633 -0.50848367]
 [ 0.2997396   0.29832141 -0.33167859]
 [-0.09728846  0.30318502 -0.32681498]]","[2148. 2249.  922. 2242. 2127. 1044. 1866. 2113. 1058. 1852. 2242.  929.
 1883. 2241.  930. 2111. 2245.  926.]","[2137. 2237.  923. 2243. 2118. 1054. 1886. 2108. 1063. 1855. 2232.  930.
 1880. 2230.  936. 2120. 2240.  929.]","[-1.7424e+01  4.8780e+00  6.2776e+01  3.6620e-01  1.8310e-01  1.2210e-01
 -6.0100e-02 -2.8320e-01  9.3950e-01]",113
755,3,"[[-0.15770959 -0.30881853  0.32118147]
 [ 0.285539   -0.10596756  0.52403244]
 [ 0.25072233 -0.29707221  0.33292779]
 [-0.29875212  0.12888381 -0.50111619]
 [ 0.30043898  0.2976214  -0.3323786 ]
 [-0.09325461  0.3033297  -0.3266703 ]]","[2150. 2249.  922. 2242. 2132. 1039. 1861. 2117. 1054. 1852. 2242.  929.
 1884. 2241.  930. 2108. 2245.  926.]","[2140. 2237.  923. 2243. 2121. 1051. 1880. 2110. 1061. 1854. 2232.  930.
 1881. 2230.  936. 2119. 2240.  929.]","[-1.7430e+01  4.8890e+00  6.2765e+01  6.1000e-02  2.4410e-01 -1.8310e-01
 -5.3700e-02 -2.7000e-01  9.4970e-01]",113
756,3,"[[-0.16172173 -0.30888268  0.32111732]
 [ 0.29127381 -0.11146873  0.51853127]
 [ 0.24883482 -0.29721846  0.33278154]
 [-0.29845902  0.13669656 -0.49330344]
 [ 0.30105265  0.29693674 -0.33306326]
 [-0.08919871  0.3034734  -0.3265266 ]]","[2153. 2249.  922. 2242. 2137. 1034. 1858. 2120. 1051. 1851. 2241.  930.
 1885. 2241.  930. 2106. 2245.  926.]","[2143. 2237.  923. 2243. 2125. 1046. 1874. 2113. 1058. 1854. 2232.  931.
 1882. 2230.  936. 2115. 2240.  930.]","[-1.7441e+01  4.8890e+00  6.2743e+01 -6.1000e-02  3.0520e-01 -5.4930e-01
 -5.3200e-02 -2.6560e-01  9.5900e-01]",113
757,3,"[[-0.16569461 -0.30894442  0.32105558]
 [ 0.29543289 -0.1175153   0.5124847 ]
 [ 0.24691099 -0.29736505  0.33263495]
 [-0.29814575  0.14494566 -0.48505434]
 [ 0.30158064  0.29627087 -0.33372913]
 [-0.08512153  0.3036161  -0.3263839 ]]","[2156. 2249.  922. 2242. 2142. 1029. 1855. 2124. 1047. 1851. 2241.  930.
 1887. 2241.  930. 2103. 2245.  926.]","[2148. 2237.  923. 2243. 2131. 1041. 1867. 2117. 1055. 1853. 2232.  931.
 1884. 2230.  935. 2112. 2240.  929.]","[-17.452    4.883   62.704   -0.3052   0.3662  -0.8545  -0.0703  -0.2637
   0.9536]",113
758,3,"[[-0.16962725 -0.30900373  0.32099627]
 [ 0.2979892  -0.12412979  0.50587021]
 [ 0.24495082 -0.29751193  0.33248807]
 [-0.2978121   0.15362217 -0.47637783]
 [ 0.3020231   0.2956271  -0.3343729 ]
 [-0.08102388  0.30375776 -0.32624224]]","[2158. 2249.  922. 2242. 2148. 1023. 1853. 2128. 1043. 1851. 2240.  931.
 1888. 2241.  930. 2100. 2246.  925.]","[2150. 2237.  923. 2243. 2136. 1036. 1862. 2120. 1052. 1852. 2232.  931.
 1886. 2230.  935. 2109. 2241.  929.]","[-17.474    4.883   62.666   -0.5493   0.3052  -0.8545  -0.0942  -0.2754
   0.9463]",113
759,3,"[[-0.1735187  -0.30906061  0.32093939]
 [ 0.29891422 -0.13133387  0.49866613]
 [ 0.24295433 -0.29765909  0.33234091]
 [-0.29745788  0.1627171  -0.4672829 ]
 [ 0.30238073  0.29500859 -0.33499141]
 [-0.07690653  0.30389834 -0.32610166]]","[2161. 2249.  922. 2241. 2154. 1017. 1853. 2133. 1038. 1850. 2240.  931.
 1889. 2242.  929. 2098. 2246.  925.]","[2153. 2237.  923. 2243. 2140. 1032. 1859. 2122. 1048. 1851. 2232.  932.
 1887. 2230.  936. 2106. 2240.  929.]","[-17.501    4.889   62.639   -0.8545   0.3052  -0.6104  -0.1187  -0.2881
   0.9507]",113
760,3,"[[-0.17736801 -0.30911503  0.32088497]
 [ 0.29876412 -0.13913485  0.49086515]
 [ 0.24092153 -0.29780647  0.33219353]
 [-0.2970829   0.17222142 -0.45777858]
 [ 0.30265601  0.29441838 -0.33558162]
 [-0.07277031  0.30403783 -0.32596217]]","[2163. 2249.  922. 2241. 2160. 1011. 1853. 2138. 1033. 1850. 2239.  932.
 1890. 2242.  929. 2095. 2246.  925.]","[2155. 2237.  923. 2243. 2146. 1027. 1857. 2127. 1045. 1849. 2232.  932.
 1889. 2231.  935. 2103. 2240.  929.]","[-1.7523e+01  4.9000e+00  6.2633e+01 -7.3240e-01  2.4410e-01 -6.1000e-02
 -1.2650e-01 -3.0710e-01  9.5170e-01]",113
761,3,"[[-0.18117425 -0.309167    0.320833  ]
 [ 0.29860398 -0.14728267  0.48271733]
 [ 0.23885247 -0.29795405  0.33204595]
 [-0.29668696  0.18212609 -0.44787391]
 [ 0.30285628  0.29385937 -0.33614063]
 [-0.06861601  0.30417619 -0.32582381]]","[2166. 2249.  922. 2241. 2166. 1005. 1853. 2144. 1027. 1850. 2239.  932.
 1892. 2242.  929. 2092. 2246.  925.]","[2158. 2236.  923. 2243. 2151. 1021. 1855. 2131. 1040. 1847. 2231.  933.
 1890. 2232.  935. 2100. 2240.  930.]","[-17.545    4.916   62.644   -0.6104   0.1221   0.2441  -0.1211  -0.3198
   0.9502]",113
762,3,"[[-0.1849365  -0.30921649  0.32078351]
 [ 0.29847877 -0.15574433  0.47425567]
 [ 0.23674716 -0.29810179  0.33189821]
 [-0.29626987  0.19242208 -0.43757792]
 [ 0.30294144  0.29333425 -0.33666575]
 [-0.06444446  0.30431339 -0.32568661]]","[2168. 2249.  922. 2241. 2173.  998. 1853. 2149. 1022. 1850. 2239.  932.
 1893. 2242.  929. 2090. 2246.  925.]","[2160. 2237.  923. 2243. 2157. 1015. 1854. 2137. 1035. 1847. 2230.  934.
 1891. 2232.  935. 2097. 2240.  929.]","[-1.7562e+01  4.9380e+00  6.2666e+01 -5.4930e-01  6.1000e-02  8.5450e-01
 -8.2500e-02 -3.2620e-01  9.4040e-01]",113
763,3,"[[-0.18865383 -0.30926349  0.32073651]
 [ 0.29836315 -0.16456564  0.46543436]
 [ 0.23460568 -0.29824966  0.33175034]
 [-0.29583141  0.20310033 -0.42689967]
 [ 0.30174729  0.29284488 -0.33715512]
 [-0.06025649  0.30444939 -0.32555061]]","[2170. 2249.  922. 2240. 2180.  991. 1853. 2155. 1016. 1851. 2238.  933.
 1895. 2242.  929. 2087. 2246.  925.]","[2162. 2237.  923. 2243. 2163. 1009. 1854. 2142. 1030. 1848. 2230.  933.
 1892. 2233.  935. 2094. 2240.  930.]","[-1.7584e+01  4.9660e+00  6.2699e+01 -5.4930e-01  1.8310e-01  7.9350e-01
 -5.8100e-02 -3.2320e-01  9.2920e-01]",113
764,3,"[[-0.19232536 -0.30930801  0.32069199]
 [ 0.29824339 -0.17375141  0.45624859]
 [ 0.23242806 -0.29839762  0.33160238]
 [-0.29537139  0.2141518  -0.4158482 ]
 [ 0.29851841  0.29239201 -0.33760799]
 [-0.05605292  0.30458418 -0.32541582]]","[2173. 2249.  922. 2240. 2187.  984. 1853. 2161. 1010. 1853. 2238.  933.
 1896. 2242.  929. 2084. 2246.  925.]","[2165. 2237.  922. 2242. 2169. 1005. 1854. 2146. 1025. 1848. 2229.  934.
 1894. 2233.  934. 2092. 2240.  930.]","[-1.7606e+01  4.9880e+00  6.2721e+01 -6.7140e-01  3.6620e-01  2.4410e-01
 -4.0000e-02 -3.2620e-01  9.4090e-01]",113
765,3,"[[-0.19595018 -0.30935002  0.32064998]
 [ 0.29811267 -0.18329653  0.44670347]
 [ 0.23021438 -0.29854564  0.33145436]
 [-0.29488961  0.22556747 -0.40443253]
 [ 0.29331675  0.28799578 -0.34200422]
 [-0.0518346   0.30471772 -0.32528228]]","[2175. 2249.  922. 2240. 2195.  976. 1853. 2167. 1004. 1856. 2235.  936.
 1897. 2242.  929. 2081. 2246.  925.]","[2167. 2237.  923. 2242. 2171. 1000. 1854. 2152. 1020. 1849. 2229.  934.
 1895. 2234.  934. 2090. 2240.  929.]","[-1.7639e+01  4.9990e+00  6.2721e+01 -6.1040e-01  4.2720e-01 -4.2720e-01
 -4.8800e-02 -3.2810e-01  9.5950e-01]",113
766,3,"[[-0.19952742 -0.30938953  0.32061047]
 [ 0.29796767 -0.19319361  0.43680639]
 [ 0.22796471 -0.29869369  0.33130631]
 [-0.29438587  0.23733833 -0.39266167]
 [ 0.28621342  0.23883415 -0.39116585]
 [-0.04760237  0.30484998 -0.32515002]]","[2178. 2249.  922. 2239. 2202.  969. 1853. 2173.  998. 1861. 2203.  968.
 1899. 2242.  929. 2079. 2246.  925.]","[2169. 2237.  923. 2241. 2176.  993. 1854. 2158. 1014. 1850. 2229.  935.
 1897. 2233.  934. 2087. 2240.  929.]","[-1.7666e+01  4.9990e+00  6.2693e+01  2.4410e-01  6.1000e-02 -1.0376e+00
 -6.7400e-02 -3.2620e-01  9.8490e-01]",113
767,3,"[[-0.2030562  -0.30942651  0.32057349]
 [ 0.29780684 -0.20343462  0.42656538]
 [ 0.22567914 -0.29884173  0.33115827]
 [-0.29385996  0.24945542 -0.38054458]
 [ 0.27729204  0.19573474 -0.43426526]
 [-0.04335709  0.30498094 -0.32501906]]","[2180. 2249.  922. 2239. 2210.  961. 1853. 2180.  991. 1867. 2175.  996.
 1900. 2242.  929. 2076. 2246.  925.]","[2171. 2237.  923. 2241. 2183.  987. 1854. 2163. 1008. 1852. 2221.  940.
 1898. 2233.  934. 2085. 2240.  930.]","[-17.655    4.977   62.65     0.9155  -0.3052  -1.0986  -0.1016  -0.3335
   0.9736]",113
768,3,"[[-0.20653568 -0.30946097  0.32053903]
 [ 0.2976295  -0.21401134  0.41598866]
 [ 0.22335777 -0.29898973  0.33101027]
 [-0.29331167  0.2619098  -0.3680902 ]
 [ 0.26664621  0.15893323 -0.47106677]
 [-0.03909961  0.30511056 -0.32488944]]","[2182. 2249.  922. 2239. 2218.  953. 1853. 2187.  984. 1874. 2151. 1020.
 1902. 2242.  929. 2073. 2246.  925.]","[2174. 2237.  923. 2241. 2187.  984. 1854. 2170. 1002. 1855. 2207.  955.
 1900. 2233.  933. 2083. 2239.  930.]","[-17.633    4.955   62.617    0.7935   0.2441  -0.4883  -0.1045  -0.312
   0.8164]",113
769,3,"[[-0.209965   -0.30949291  0.32050709]
 [ 0.2974354  -0.22491546  0.40508454]
 [ 0.2210007  -0.29913767  0.33086233]
 [-0.29274081  0.27469258 -0.35530742]
 [ 0.25437777  0.12863034 -0.50136966]
 [-0.03483079  0.30523883 -0.32476117]]","[2184. 2249.  922. 2238. 2227.  944. 1854. 2194.  977. 1882. 2131. 1040.
 1903. 2243.  928. 2070. 2246.  924.]","[2176. 2237.  924. 2240. 2190.  979. 1854. 2178.  994. 1862. 2189.  982.
 1901. 2233.  933. 2080. 2239.  930.]","[-17.606    4.96    62.595    1.2817   0.7935  -0.6104  -0.0933  -0.2891
   1.0425]",113
770,3,"[[-0.21334334 -0.3095223   0.3204777 ]
 [ 0.2972245  -0.23613867  0.39386133]
 [ 0.21860804 -0.2992855   0.3307145 ]
 [-0.29214716  0.2877949  -0.3422051 ]
 [ 0.24059536  0.10499154 -0.52500846]
 [-0.03055152  0.30536571 -0.32463429]]","[2187. 2249.  922. 2238. 2235.  936. 1854. 2201.  970. 1891. 2116. 1055.
 1905. 2243.  928. 2067. 2247.  924.]","[2177. 2237.  924. 2240. 2193.  977. 1854. 2182.  990. 1869. 2176.  996.
 1903. 2233.  933. 2078. 2239.  930.]","[-1.7556e+01  4.9820e+00  6.2562e+01  2.2583e+00  7.9350e-01 -3.6620e-01
 -4.5400e-02 -3.0420e-01  9.1460e-01]",113
771,3,"[[-0.21666987 -0.30954916  0.32045084]
 [ 0.29699685 -0.24767265  0.38232735]
 [ 0.21617992 -0.2994332   0.3305668 ]
 [-0.29153053  0.29207898 -0.33792102]
 [ 0.22541311  0.08814621 -0.54185379]
 [-0.02626266  0.30549117 -0.32450883]]","[2189. 2249.  922. 2238. 2238.  933. 1854. 2209.  962. 1901. 2105. 1066.
 1907. 2243.  928. 2065. 2247.  924.]","[2179. 2237.  925. 2240. 2197.  972. 1854. 2189.  983. 1879. 2156. 1016.
 1904. 2233.  934. 2075. 2239.  929.]","[-1.7485e+01  4.9930e+00  6.2545e+01  7.3240e-01 -5.4930e-01 -2.4410e-01
 -4.6400e-02 -2.9100e-01  9.8050e-01]",113
772,3,"[[-0.21994378 -0.30957347  0.32042653]
 [ 0.29675258 -0.2595091   0.3704909 ]
 [ 0.21371649 -0.29958074  0.33041926]
 [-0.2908907   0.29218185 -0.33781815]
 [ 0.20894955  0.07818696 -0.55181304]
 [-0.0219651   0.3056152  -0.3243848 ]]","[2191. 2249.  922. 2237. 2238.  933. 1854. 2217.  954. 1911. 2098. 1072.
 1908. 2243.  928. 2062. 2247.  924.]","[2181. 2237.  926. 2239. 2201.  967. 1854. 2196.  975. 1885. 2139. 1032.
 1907. 2233.  934. 2072. 2239.  927.]","[-17.452    4.955   62.545    1.2207  -1.2817   0.      -0.0884  -0.2632
   0.9971]",113
773,3,"[[-0.22316429 -0.30959523  0.32040477]
 [ 0.29649179 -0.27163976  0.35836024]
 [ 0.21121787 -0.29972808  0.33027192]
 [-0.29022747  0.29228691 -0.33771309]
 [ 0.19132657  0.07517443 -0.55482557]
 [-0.01765972  0.30573776 -0.32426224]]","[2193. 2249.  922. 2237. 2238.  933. 1854. 2225.  946. 1923. 2097. 1074.
 1910. 2243.  928. 2059. 2247.  924.]","[2184. 2237.  927. 2238. 2204.  964. 1854. 2207.  966. 1894. 2122. 1049.
 1909. 2232.  934. 2069. 2239.  926.]","[-17.397    4.894   62.573    1.2207  -2.1362   0.7935  -0.1226  -0.2759
   0.9775]",113
774,3,"[[-0.2263306  -0.30961443  0.32038557]
 [ 0.29621464 -0.28405639  0.34594361]
 [ 0.20868423 -0.2998752   0.3301248 ]
 [-0.28954064  0.29239411 -0.33760589]
 [ 0.17266848  0.07881589 -0.55118411]
 [-0.01334742  0.30585883 -0.32414117]]","[2195. 2249.  922. 2236. 2238.  933. 1854. 2233.  938. 1935. 2099. 1072.
 1911. 2243.  928. 2056. 2247.  924.]","[2185. 2237.  928. 2238. 2205.  964. 1854. 2211.  961. 1901. 2116. 1055.
 1910. 2232.  934. 2067. 2239.  926.]","[-17.336    4.828   62.622    1.1597  -1.5259   0.5493  -0.1172  -0.2993
   0.8799]",113
775,3,"[[-0.22944195 -0.30963109  0.32036891]
 [ 0.29592125 -0.29204556  0.33795444]
 [ 0.20611573 -0.30002207  0.32997793]
 [-0.28882999  0.29250338 -0.33749662]
 [ 0.15310118  0.07975666 -0.55024334]
 [-0.00902908  0.30597838 -0.32402162]]","[2197. 2249.  922. 2236. 2238.  933. 1855. 2238.  933. 1948. 2099. 1071.
 1913. 2243.  928. 2053. 2247.  924.]","[2188. 2237.  928. 2236. 2205.  963. 1854. 2222.  951. 1916. 2108. 1064.
 1913. 2232.  933. 2062. 2239.  926.]","[-17.292    4.785   62.65     0.4272  -0.5493  -0.6104  -0.1118  -0.3384
   0.9385]",113
776,3,"[[-0.23249759 -0.30964519  0.32035481]
 [ 0.29561176 -0.29214279  0.33785721]
 [ 0.20351255 -0.30016865  0.32983135]
 [-0.28809533  0.29261466 -0.33738534]
 [ 0.13275139  0.0796295  -0.5503705 ]
 [-0.00470561  0.30609639 -0.32390361]]","[2199. 2249.  922. 2235. 2238.  933. 1855. 2238.  933. 1961. 2099. 1072.
 1915. 2243.  928. 2051. 2247.  924.]","[2189. 2237.  928. 2235. 2206.  963. 1854. 2227.  946. 1923. 2106. 1065.
 1914. 2233.  933. 2061. 2239.  926.]","[-17.276    4.768   62.628    0.3662   0.      -1.1597  -0.127   -0.3398
   0.9292]",113
777,3,"[[-2.35496767e-01 -3.09656737e-01  3.20343263e-01]
 [ 2.95286313e-01 -2.92241978e-01  3.37758022e-01]
 [ 2.00874876e-01 -3.00314925e-01  3.29685075e-01]
 [-2.87336449e-01  2.92727887e-01 -3.37272113e-01]
 [ 1.11745994e-01  7.94154999e-02 -5.50584500e-01]
 [-3.77917922e-04  3.06212837e-01 -3.23787163e-01]]","[2201. 2249.  922. 2235. 2238.  933. 1855. 2238.  933. 1975. 2099. 1072.
 1917. 2243.  928. 2048. 2247.  924.]","[2191. 2237.  928. 2235. 2206.  963. 1854. 2232.  940. 1936. 2104. 1068.
 1916. 2233.  934. 2058. 2239.  926.]","[-17.271    4.774   62.589    0.1831   0.      -0.1831  -0.1123  -0.3286
   0.9297]",113
778,3,"[[-0.23843876 -0.30966577  0.32033423]
 [ 0.29494503 -0.29234307  0.33765693]
 [ 0.1982029  -0.30046086  0.32953914]
 [-0.28655314  0.292843   -0.337157  ]
 [ 0.09021145  0.07926822 -0.55073178]
 [ 0.00395309  0.3063277  -0.3236723 ]]","[2203. 2249.  922. 2234. 2238.  933. 1855. 2238.  933. 1989. 2099. 1072.
 1918. 2243.  928. 2045. 2247.  924.]","[2193. 2237.  928. 2235. 2205.  963. 1854. 2235.  939. 1949. 2103. 1069.
 1916. 2233.  934. 2056. 2239.  926.]","[-17.276    4.785   62.595    0.1221  -0.1221   0.9766  -0.0654  -0.3115
   0.9487]",113
779,4,"[[-0.24132285 -0.30967237  0.32032763]
 [ 0.29458803 -0.292446    0.337554  ]
 [ 0.19549683 -0.30060642  0.32939358]
 [-0.28574521  0.29295993 -0.33704007]
 [ 0.06827327  0.07922381 -0.55077619]
 [ 0.00828651  0.30644094 -0.32355906]]","[2205. 2249.  922. 2234. 2238.  932. 1855. 2238.  933. 2003. 2099. 1072.
 1920. 2243.  928. 2042. 2247.  924.]","[2195. 2237.  928. 2234. 2206.  963. 1854. 2237.  938. 1962. 2102. 1070.
 1918. 2233.  934. 2054. 2239.  926.]","[-1.7276e+01  4.8010e+00  6.2633e+01  6.1000e-02 -2.4410e-01  9.1550e-01
 -3.7600e-02 -2.8760e-01  9.5070e-01]",113
780,4,"[[-0.24414834 -0.30967682  0.32032318]
 [ 0.29421545 -0.29255072  0.33744928]
 [ 0.19275689 -0.30075159  0.32924841]
 [-0.28491246  0.29307862 -0.33692138]
 [ 0.04605556  0.07930055 -0.55069945]
 [ 0.01262142  0.30655255 -0.32344745]]","[2207. 2249.  922. 2233. 2239.  932. 1856. 2238.  933. 2017. 2099. 1072.
 1922. 2244.  927. 2039. 2247.  924.]","[2196. 2237.  928. 2233. 2206.  962. 1854. 2237.  936. 1976. 2101. 1071.
 1920. 2233.  933. 2051. 2239.  926.]","[-1.7276e+01  4.8010e+00  6.2655e+01  6.1000e-02 -6.1000e-02  6.1000e-02
 -5.1300e-02 -2.8470e-01  9.4970e-01]",113
781,4,"[[-0.24691454 -0.30967906  0.32032094]
 [ 0.2938274  -0.29265716  0.33734284]
 [ 0.18998329 -0.30089634  0.32910366]
 [-0.28405467  0.29319901 -0.33680099]
 [ 0.02368064  0.0795138  -0.5504862 ]
 [ 0.0169569   0.3066625  -0.3233375 ]]","[2208. 2249.  922. 2233. 2239.  932. 1856. 2238.  933. 2032. 2099. 1072.
 1924. 2244.  927. 2036. 2247.  924.]","[2199. 2237.  928. 2233. 2206.  962. 1854. 2238.  934. 1993. 2101. 1070.
 1922. 2233.  934. 2048. 2239.  926.]","[-1.7281e+01  4.7960e+00  6.2650e+01 -6.1000e-02  0.0000e+00 -4.8830e-01
 -1.0640e-01 -2.8960e-01  9.4580e-01]",113
782,4,"[[-0.24962078 -0.30966439  0.32033561]
 [ 0.29342398 -0.29276526  0.33723474]
 [ 0.18717629 -0.30104063  0.32895937]
 [-0.28317166  0.29332105 -0.33667895]
 [ 0.00126874  0.0798787  -0.5501213 ]
 [ 0.02129202  0.30677077 -0.32322923]]","[2210. 2249.  922. 2232. 2239.  932. 1856. 2238.  933. 2047. 2100. 1071.
 1925. 2244.  927. 2034. 2247.  923.]","[2200. 2237.  928. 2232. 2206.  962. 1854. 2238.  933. 2003. 2101. 1070.
 1923. 2233.  933. 2046. 2239.  926.]","[-17.287    4.796   62.633   -0.1221   0.      -0.1831  -0.1045  -0.293
   0.9507]",113
783,4,"[[-0.2522664  -0.30957314  0.32042686]
 [ 0.29300532 -0.29287497  0.33712503]
 [ 0.18433611 -0.30118445  0.32881555]
 [-0.28226322  0.29344466 -0.33655534]
 [-0.02106235  0.08041084 -0.54958916]
 [ 0.02562587  0.30687734 -0.32312266]]","[2212. 2249.  922. 2232. 2239.  932. 1856. 2238.  933. 2061. 2100. 1071.
 1927. 2244.  927. 2031. 2248.  923.]","[2202. 2237.  928. 2231. 2206.  962. 1854. 2237.  933. 2018. 2101. 1070.
 1925. 2232.  933. 2043. 2239.  926.]","[-1.7292e+01  4.8010e+00  6.2633e+01 -1.2210e-01 -6.1000e-02  6.1000e-02
 -9.0800e-02 -2.9390e-01  9.5120e-01]",113
784,4,"[[-0.25485077 -0.30940917  0.32059083]
 [ 0.29257152 -0.29298623  0.33701377]
 [ 0.18146304 -0.30132776  0.32867224]
 [-0.28132917  0.2935698  -0.3364302 ]
 [-0.04319745  0.08112649 -0.54887351]
 [ 0.02995752  0.30698219 -0.32301781]]","[2214. 2249.  922. 2231. 2239.  932. 1857. 2238.  932. 2076. 2100. 1071.
 1929. 2244.  927. 2028. 2248.  923.]","[2204. 2237.  928. 2230. 2206.  962. 1855. 2238.  932. 2036. 2102. 1071.
 1927. 2233.  933. 2039. 2239.  926.]","[-1.7298e+01  4.8010e+00  6.2639e+01 -1.2210e-01 -6.1000e-02  1.8310e-01
 -8.0100e-02 -2.9930e-01  9.4780e-01]",113
785,4,"[[-0.25737325 -0.30918318  0.32081682]
 [ 0.29212267 -0.29309898  0.33690102]
 [ 0.17855732 -0.30147054  0.32852946]
 [-0.2803693   0.29369641 -0.33630359]
 [-0.06502422  0.08204273 -0.54795727]
 [ 0.03428603  0.30708529 -0.32291471]]","[2215. 2249.  922. 2230. 2239.  932. 1857. 2239.  932. 2090. 2101. 1070.
 1931. 2244.  927. 2025. 2248.  923.]","[2205. 2237.  928. 2230. 2206.  961. 1855. 2238.  932. 2046. 2102. 1070.
 1929. 2233.  933. 2038. 2239.  926.]","[-1.7303e+01  4.8070e+00  6.2644e+01 -1.2210e-01 -6.1000e-02  1.8310e-01
 -7.8600e-02 -3.0620e-01  9.4920e-01]",113
786,4,"[[-0.25983323 -0.30889877  0.32110123]
 [ 0.29165887 -0.29321317  0.33678683]
 [ 0.17561925 -0.30161276  0.32838724]
 [-0.27938342  0.29382443 -0.33617557]
 [-0.08643335  0.08317749 -0.54682251]
 [ 0.03861047  0.30718662 -0.32281338]]","[2217. 2249.  922. 2230. 2239.  932. 1857. 2239.  932. 2104. 2102. 1069.
 1933. 2244.  927. 2022. 2248.  923.]","[2207. 2237.  928. 2229. 2206.  961. 1856. 2238.  931. 2061. 2102. 1070.
 1931. 2233.  933. 2035. 2239.  926.]","[-1.7303e+01  4.8070e+00  6.2655e+01 -1.2210e-01 -6.1000e-02  2.4410e-01
 -8.5900e-02 -3.0960e-01  9.4090e-01]",113
787,4,"[[-0.26223011 -0.30855901  0.32144099]
 [ 0.2911802  -0.29332874  0.33667126]
 [ 0.1726491  -0.3017544   0.3282456 ]
 [-0.27837134  0.29395381 -0.33604619]
 [-0.10731871  0.08454953 -0.54545047]
 [ 0.04292991  0.30728617 -0.32271383]]","[2218. 2249.  922. 2229. 2239.  932. 1858. 2239.  932. 2117. 2103. 1068.
 1935. 2244.  927. 2020. 2248.  923.]","[2208. 2237.  928. 2229. 2206.  962. 1856. 2238.  931. 2075. 2102. 1070.
 1932. 2233.  934. 2032. 2239.  926.]","[-1.7309e+01  4.8120e+00  6.2666e+01 -6.1000e-02  0.0000e+00  1.2210e-01
 -7.1800e-02 -3.1300e-01  9.5610e-01]",113
788,4,"[[-0.26456332 -0.30816717  0.32183283]
 [ 0.29068677 -0.29344564  0.33655436]
 [ 0.16964719 -0.30189542  0.32810458]
 [-0.27733288  0.29408448 -0.33591552]
 [-0.12757746  0.08617847 -0.54382153]
 [ 0.04724342  0.30738392 -0.32261608]]","[2220. 2248.  923. 2228. 2239.  932. 1858. 2239.  932. 2131. 2104. 1067.
 1937. 2244.  927. 2017. 2248.  923.]","[2210. 2237.  928. 2228. 2205.  962. 1856. 2239.  931. 2093. 2102. 1069.
 1935. 2233.  933. 2029. 2239.  926.]","[-1.7314e+01  4.8120e+00  6.2666e+01 -6.1000e-02  0.0000e+00  0.0000e+00
 -8.9800e-02 -3.1200e-01  9.3850e-01]",113
789,4,"[[-0.26683228 -0.3077267   0.3222733 ]
 [ 0.29017864 -0.2935638   0.3364362 ]
 [ 0.16661381 -0.30203582  0.32796418]
 [-0.27626785  0.29421641 -0.33578359]
 [-0.1471102   0.08808469 -0.54191531]
 [ 0.05155005  0.30747983 -0.32252017]]","[2221. 2248.  923. 2228. 2239.  932. 1858. 2239.  932. 2143. 2105. 1066.
 1939. 2244.  927. 2014. 2248.  923.]","[2212. 2237.  928. 2228. 2206.  962. 1857. 2239.  932. 2106. 2103. 1068.
 1937. 2233.  933. 2027. 2239.  926.]","[-17.32     4.812   62.666    0.       0.       0.      -0.0801  -0.311
   0.9492]",113
790,4,"[[-0.26903644 -0.30724122  0.32275878]
 [ 0.28965589 -0.29368319  0.33631681]
 [ 0.1635493  -0.30217555  0.32782445]
 [-0.27517607  0.29434952 -0.33565048]
 [-0.16582106  0.09028936 -0.53971064]
 [ 0.05584887  0.30757391 -0.32242609]]","[2223. 2248.  923. 2227. 2239.  932. 1859. 2239.  932. 2156. 2106. 1065.
 1941. 2244.  926. 2011. 2248.  923.]","[2212. 2237.  928. 2226. 2206.  962. 1857. 2238.  931. 2116. 2104. 1067.
 1938. 2232.  933. 2024. 2239.  926.]","[-1.7325e+01  4.8120e+00  6.2666e+01  0.0000e+00  0.0000e+00 -6.1000e-02
 -8.3000e-02 -3.0370e-01  9.4820e-01]",113
791,4,"[[-0.27117527 -0.30671452  0.32328548]
 [ 0.2891186  -0.29380375  0.33619625]
 [ 0.16045398 -0.3023146   0.3276854 ]
 [-0.27405736  0.29448377 -0.33551623]
 [-0.18361786  0.09281433 -0.53718567]
 [ 0.06013894  0.30766612 -0.32233388]]","[2224. 2247.  924. 2226. 2239.  931. 1859. 2239.  932. 2167. 2108. 1063.
 1943. 2245.  926. 2008. 2248.  923.]","[2214. 2237.  928. 2226. 2206.  962. 1857. 2238.  931. 2130. 2105. 1067.
 1940. 2233.  933. 2022. 2239.  926.]","[-1.7325e+01  4.8120e+00  6.2661e+01  0.0000e+00  0.0000e+00 -6.1000e-02
 -8.4500e-02 -3.0270e-01  9.4630e-01]",113
792,4,"[[-0.27324826 -0.30615047  0.32384953]
 [ 0.28856683 -0.29392542  0.33607458]
 [ 0.1573282  -0.30245295  0.32754705]
 [-0.27291153  0.29461911 -0.33538089]
 [-0.20041218  0.09568209 -0.53431791]
 [ 0.06441932  0.30775645 -0.32224355]]","[2226. 2247.  924. 2225. 2240.  931. 1859. 2239.  932. 2178. 2110. 1061.
 1945. 2245.  926. 2006. 2248.  923.]","[2215. 2237.  929. 2225. 2206.  962. 1858. 2238.  931. 2142. 2106. 1065.
 1942. 2233.  933. 2019. 2239.  926.]","[-1.7331e+01  4.8120e+00  6.2661e+01  0.0000e+00 -6.1000e-02  6.1000e-02
 -8.4500e-02 -2.9640e-01  9.5310e-01]",113
793,4,"[[-0.27525489 -0.30555304  0.32444696]
 [ 0.28800065 -0.29404815  0.33595185]
 [ 0.1541723  -0.30259056  0.32740944]
 [-0.27173842  0.29475549 -0.33524451]
 [-0.21611952  0.0989157  -0.5310843 ]
 [ 0.06868906  0.30784488 -0.32215512]]","[2227. 2247.  924. 2225. 2240.  931. 1860. 2239.  932. 2188. 2112. 1059.
 1947. 2245.  926. 2003. 2248.  923.]","[2217. 2237.  929. 2223. 2206.  962. 1858. 2238.  932. 2156. 2109. 1063.
 1944. 2233.  933. 2017. 2239.  926.]","[-1.7331e+01  4.8120e+00  6.2666e+01  0.0000e+00 -6.1000e-02  6.1000e-02
 -8.1500e-02 -2.9250e-01  9.4680e-01]",113
794,4,"[[-0.27719467 -0.30492625  0.32507375]
 [ 0.28742011 -0.2941719   0.3358281 ]
 [ 0.15098664 -0.30272741  0.32727259]
 [-0.27053785  0.29489286 -0.33510714]
 [-0.23065944  0.10253869 -0.52746131]
 [ 0.07294723  0.3079314  -0.3220686 ]]","[2228. 2246.  925. 2224. 2240.  931. 1860. 2239.  932. 2198. 2114. 1057.
 1949. 2245.  926. 2000. 2248.  923.]","[2218. 2237.  929. 2223. 2207.  961. 1858. 2238.  931. 2165. 2110. 1061.
 1945. 2232.  933. 2014. 2239.  926.]","[-1.7331e+01  4.8070e+00  6.2672e+01  0.0000e+00 -6.1000e-02  1.2210e-01
 -8.9400e-02 -2.9440e-01  9.5210e-01]",113
795,4,"[[-0.27906715 -0.30427413  0.32572587]
 [ 0.28682527 -0.29429661  0.33570339]
 [ 0.14777161 -0.30286348  0.32713652]
 [-0.26930965  0.29503116 -0.33496884]
 [-0.24395568  0.10657494 -0.52342506]
 [ 0.07719289  0.30801598 -0.32198402]]","[2229. 2246.  925. 2223. 2240.  931. 1861. 2239.  932. 2207. 2117. 1054.
 1951. 2245.  926. 1997. 2248.  923.]","[2219. 2236.  929. 2223. 2207.  962. 1859. 2239.  932. 2176. 2112. 1060.
 1948. 2232.  933. 2012. 2239.  926.]","[-1.7331e+01  4.8070e+00  6.2677e+01  0.0000e+00 -6.1000e-02  6.1000e-02
 -7.4700e-02 -2.9790e-01  9.5120e-01]",113
796,4,"[[-0.28087186 -0.30360076  0.32639924]
 [ 0.28621617 -0.29442224  0.33557776]
 [ 0.14452758 -0.30299875  0.32700125]
 [-0.26805367  0.29517035 -0.33482965]
 [-0.2559364   0.11104862 -0.51895138]
 [ 0.08142508  0.30809862 -0.32190138]]","[2231. 2245.  926. 2222. 2240.  931. 1861. 2239.  932. 2214. 2120. 1051.
 1953. 2245.  926. 1994. 2248.  923.]","[2220. 2237.  930. 2221. 2207.  962. 1859. 2238.  931. 2187. 2114. 1058.
 1950. 2233.  933. 2009. 2239.  926.]","[-1.7325e+01  4.8010e+00  6.2677e+01  6.1000e-02 -1.8310e-01  0.0000e+00
 -7.6200e-02 -3.0080e-01  9.5310e-01]",113
797,4,"[[-0.28260836 -0.30291017  0.32708983]
 [ 0.28559287 -0.29454873  0.33545127]
 [ 0.14125494 -0.3031332   0.3268668 ]
 [-0.26676973  0.29531037 -0.33468963]
 [-0.26653432  0.11598403 -0.51401597]
 [ 0.08564289  0.30817929 -0.32182071]]","[2232. 2245.  926. 2221. 2240.  931. 1861. 2240.  931. 2221. 2123. 1048.
 1955. 2245.  926. 1992. 2248.  923.]","[2222. 2236.  931. 2220. 2207.  960. 1860. 2238.  933. 2197. 2118. 1053.
 1952. 2233.  933. 2006. 2239.  926.]","[-1.7325e+01  4.7960e+00  6.2677e+01  0.0000e+00 -1.8310e-01 -6.1000e-02
 -8.2500e-02 -3.0960e-01  9.4820e-01]",113
798,4,"[[-0.28427623 -0.30220639  0.32779361]
 [ 0.28495539 -0.29467605  0.33532395]
 [ 0.1379541  -0.30326679  0.32673321]
 [-0.26545769  0.29545119 -0.33454881]
 [-0.275687    0.12140548 -0.50859452]
 [ 0.08984536  0.30825798 -0.32174202]]","[2233. 2245.  926. 2221. 2240.  931. 1862. 2240.  931. 2227. 2127. 1044.
 1958. 2245.  926. 1989. 2248.  923.]","[2223. 2236.  931. 2220. 2207.  959. 1860. 2239.  934. 2204. 2120. 1052.
 1954. 2233.  933. 2004. 2239.  926.]","[-1.7325e+01  4.7900e+00  6.2682e+01  0.0000e+00 -1.2210e-01  6.1000e-02
 -8.3000e-02 -3.0960e-01  9.3900e-01]",113
799,4,"[[-0.28587508 -0.3014934   0.3285066 ]
 [ 0.28430378 -0.29480413  0.33519587]
 [ 0.13462548 -0.30339952  0.32660048]
 [-0.26411739  0.29559276 -0.33440724]
 [-0.28333703  0.12733716 -0.50266284]
 [ 0.09403155  0.30833467 -0.32166533]]","[2234. 2244.  927. 2220. 2240.  931. 1862. 2240.  931. 2232. 2131. 1040.
 1960. 2245.  926. 1986. 2249.  922.]","[2226. 2237.  932. 2219. 2207.  958. 1861. 2239.  933. 2212. 2123. 1049.
 1956. 2233.  933. 2001. 2239.  926.]","[-1.7325e+01  4.7850e+00  6.2682e+01 -6.1000e-02 -6.1000e-02  6.1000e-02
 -7.2300e-02 -3.0180e-01  9.4340e-01]",113
800,4,"[[-0.2874045  -0.30077513  0.32922487]
 [ 0.28363807 -0.29493295  0.33506705]
 [ 0.13126949 -0.30353135  0.32646865]
 [-0.26274867  0.29573503 -0.33426497]
 [-0.28943237  0.13380296 -0.49619704]
 [ 0.09820053  0.30840935 -0.32159065]]","[2235. 2244.  927. 2219. 2240.  931. 1863. 2240.  931. 2236. 2135. 1036.
 1962. 2245.  926. 1983. 2249.  922.]","[2227. 2236.  933. 2218. 2207.  958. 1861. 2239.  933. 2219. 2126. 1046.
 1958. 2233.  933. 1999. 2239.  926.]","[-1.7331e+01  4.7790e+00  6.2677e+01  0.0000e+00 -6.1000e-02 -3.6620e-01
 -5.4700e-02 -2.9880e-01  9.6090e-01]",113
801,4,"[[-0.28886413 -0.30005545  0.32994455]
 [ 0.28295827 -0.29506244  0.33493756]
 [ 0.12788656 -0.30366226  0.32633774]
 [-0.2613514   0.29587795 -0.33412205]
 [-0.29392667  0.14082636 -0.48917364]
 [ 0.10235137  0.30848201 -0.32151799]]","[2236. 2243.  928. 2218. 2240.  931. 1863. 2240.  931. 2239. 2139. 1032.
 1964. 2245.  926. 1981. 2249.  922.]","[2228. 2236.  933. 2217. 2207.  958. 1862. 2239.  932. 2226. 2131. 1041.
 1961. 2233.  933. 1996. 2239.  925.]","[-1.7325e+01  4.7630e+00  6.2655e+01  6.1000e-02 -6.1000e-02 -6.1040e-01
 -9.2300e-02 -2.9980e-01  9.4680e-01]",113
802,4,"[[-0.29025362 -0.29933816  0.33066184]
 [ 0.28226442 -0.29519258  0.33480742]
 [ 0.12447715 -0.30379223  0.32620777]
 [-0.25992544  0.29602148 -0.33397852]
 [-0.29677956  0.14843021 -0.48156979]
 [ 0.10648313  0.30855263 -0.32144737]]","[2237. 2243.  928. 2217. 2240.  930. 1863. 2240.  931. 2241. 2144. 1027.
 1966. 2246.  925. 1978. 2249.  922.]","[2230. 2236.  934. 2215. 2207.  958. 1862. 2239.  932. 2232. 2135. 1037.
 1963. 2233.  933. 1993. 2239.  925.]","[-17.325    4.757   62.644    0.      -0.1221  -0.1831  -0.1099  -0.3071
   0.9463]",113
803,4,"[[-0.29157262 -0.29862695  0.33137305]
 [ 0.28155653 -0.29532331  0.33467669]
 [ 0.12104171 -0.30392125  0.32607875]
 [-0.25847064  0.29616558 -0.33383442]
 [-0.29795102  0.15663657 -0.47336343]
 [ 0.11059487  0.3086212  -0.3213788 ]]","[2238. 2242.  929. 2216. 2241.  930. 1864. 2240.  931. 2242. 2150. 1021.
 1969. 2246.  925. 1975. 2249.  922.]","[2231. 2235.  934. 2215. 2207.  957. 1862. 2238.  932. 2234. 2138. 1034.
 1964. 2233.  933. 1992. 2239.  925.]","[-17.331    4.752   62.65     0.      -0.1221   0.1831  -0.0908  -0.3037
   0.9463]",113
804,4,"[[-0.29282082 -0.29792548  0.33207452]
 [ 0.28083461 -0.29545459  0.33454541]
 [ 0.11758069 -0.30404928  0.32595072]
 [-0.25698688  0.2963102  -0.3336898 ]
 [-0.29786024  0.16546003 -0.46453997]
 [ 0.11468567  0.3086877  -0.3213123 ]]","[2238. 2242.  929. 2215. 2241.  930. 1864. 2240.  931. 2242. 2155. 1016.
 1971. 2246.  925. 1973. 2249.  922.]","[2232. 2234.  934. 2214. 2207.  957. 1862. 2239.  932. 2237. 2143. 1030.
 1966. 2233.  933. 1989. 2239.  925.]","[-17.331    4.752   62.661    0.      -0.1221   0.1831  -0.0796  -0.3037
   0.9438]",113
805,4,"[[-0.29399791 -0.29723726  0.33276274]
 [ 0.28009867 -0.29558639  0.33441361]
 [ 0.11409457 -0.30417632  0.32582368]
 [-0.25547402  0.2964553  -0.3335447 ]
 [-0.29769068  0.1746737  -0.4553263 ]
 [ 0.1187546   0.30875213 -0.32124787]]","[2239. 2241.  930. 2214. 2241.  930. 1865. 2240.  931. 2242. 2161. 1010.
 1973. 2246.  925. 1970. 2249.  922.]","[2233. 2234.  935. 2213. 2207.  956. 1863. 2238.  932. 2238. 2147. 1025.
 1968. 2233.  934. 1987. 2239.  925.]","[-1.7331e+01  4.7460e+00  6.2661e+01  0.0000e+00 -1.2210e-01 -6.1000e-02
 -6.6400e-02 -2.9830e-01  9.4580e-01]",113
806,4,"[[-0.293174   -0.29783081  0.33216919]
 [ 0.28065684 -0.29550505  0.33449495]
 [ 0.11649949 -0.3041152   0.3258848 ]
 [-0.29764831  0.16209088 -0.46790912]
 [-0.29780906  0.16664769 -0.46335231]
 [ 0.11590082  0.30872033 -0.32127967]]","[2239. 2242.  929. 2242. 2153. 1018. 1865. 2240.  931. 2242. 2156. 1015.
 1972. 2246.  925. 1972. 2249.  922.]","[2234. 2235.  935. 2213. 2205.  960. 1863. 2239.  932. 2240. 2154. 1018.
 1971. 2233.  933. 1984. 2238.  925.]","[-17.331    4.741   62.655    0.      -0.1221  -0.3052  -0.0835  -0.3013
   0.9565]",113
807,4,"[[-0.29433015 -0.29714461  0.33285539]
 [ 0.2799175  -0.29563696  0.33436304]
 [ 0.11300626 -0.30424152  0.32575848]
 [-0.29696694  0.17167932 -0.45832068]
 [-0.29764809  0.17588718 -0.45411282]
 [ 0.11996289  0.30878361 -0.32121639]]","[2239. 2241.  930. 2241. 2159. 1012. 1865. 2240.  931. 2242. 2162. 1009.
 1974. 2246.  925. 1969. 2249.  922.]","[2235. 2235.  934. 2217. 2194.  967. 1863. 2240.  932. 2241. 2155. 1017.
 1971. 2233.  933. 1983. 2239.  925.]","[-17.336    4.735   62.65     0.      -0.1831  -0.1221  -0.0913  -0.3027
   0.9443]",113
808,4,"[[-0.29541482 -0.29647558  0.33352442]
 [ 0.27916414 -0.29576933  0.33423067]
 [ 0.10948856 -0.30436682  0.32563318]
 [-0.29624065  0.18169121 -0.44830879]
 [-0.29750032  0.18544196 -0.44455804]
 [ 0.1240019   0.3088448  -0.3211552 ]]","[2240. 2241.  930. 2241. 2166. 1005. 1866. 2240.  931. 2241. 2168. 1003.
 1976. 2246.  925. 1967. 2249.  922.]","[2235. 2235.  933. 2224. 2178.  983. 1864. 2238.  932. 2240. 2158. 1014.
 1972. 2234.  933. 1981. 2238.  925.]","[-1.7336e+01  4.7300e+00  6.2655e+01 -6.1000e-02 -1.8310e-01  2.4410e-01
 -9.7700e-02 -3.0860e-01  9.4430e-01]",113
809,4,"[[-0.29642776 -0.29582705  0.33417295]
 [ 0.27839675 -0.29590211  0.33409789]
 [ 0.10594689 -0.30449106  0.32550894]
 [-0.29546928  0.19211928 -0.43788072]
 [-0.29734583  0.19533718 -0.43466282]
 [ 0.12801692  0.3089039  -0.3210961 ]]","[2241. 2240.  931. 2240. 2173.  998. 1866. 2240.  931. 2241. 2175.  996.
 1978. 2246.  925. 1964. 2249.  922.]","[2235. 2235.  929. 2227. 2170.  991. 1865. 2238.  932. 2241. 2162. 1010.
 1972. 2235.  932. 1980. 2238.  925.]","[-17.364    4.768   62.682   -0.8545   0.7324   0.9155  -0.1909  -0.3193
   0.8174]",113
810,4,"[[-0.29736871 -0.29520222  0.33479778]
 [ 0.27761533 -0.29603527  0.33396473]
 [ 0.10238176 -0.30461424  0.32538576]
 [-0.29465265  0.20295618 -0.42704382]
 [-0.29717436  0.20557308 -0.42442692]
 [ 0.13200704  0.30896088 -0.32103912]]","[2241. 2240.  931. 2240. 2180.  991. 1867. 2240.  930. 2241. 2182.  989.
 1981. 2246.  925. 1961. 2249.  922.]","[2238. 2235.  927. 2229. 2169.  998. 1868. 2240.  932. 2240. 2167. 1007.
 1973. 2237.  931. 1976. 2238.  925.]","[-17.523    4.949   62.759   -4.9438   3.9673   3.7842  -0.1812  -0.2178
   0.623 ]",113
811,4,"[[-0.29823746 -0.2946042   0.3353958 ]
 [ 0.27681987 -0.29616876  0.33383124]
 [ 0.09879368 -0.30473632  0.32526368]
 [-0.29379063  0.21419454 -0.41580546]
 [-0.29698109  0.21614416 -0.41385584]
 [ 0.13597133  0.30901574 -0.32098426]]","[2242. 2240.  931. 2239. 2187.  984. 1867. 2241.  930. 2241. 2188.  983.
 1983. 2246.  925. 1959. 2249.  922.]","[2239. 2235.  927. 2230. 2169.  998. 1868. 2239.  932. 2240. 2170. 1003.
 1978. 2237.  930. 1974. 2238.  926.]","[-17.726    5.114   62.886   -5.4321   2.2583   4.0283  -0.1694  -0.3184
   1.2769]",113
812,4,"[[-0.29903378 -0.29403597  0.33596403]
 [ 0.27601036 -0.29630256  0.33369744]
 [ 0.09518319 -0.3048573   0.3251427 ]
 [-0.29288306  0.22582691 -0.40417309]
 [-0.29676386  0.22704356 -0.40295644]
 [ 0.13990889  0.30906847 -0.32093153]]","[2242. 2239.  932. 2238. 2195.  976. 1868. 2241.  930. 2241. 2196.  975.
 1985. 2246.  925. 1956. 2249.  922.]","[2243. 2234.  930. 2230. 2171.  995. 1868. 2239.  931. 2240. 2175.  997.
 1982. 2238.  929. 1972. 2238.  926.]","[-1.7825e+01  5.2240e+00  6.2968e+01 -2.9907e+00  1.7090e+00  2.6855e+00
  3.6600e-02 -2.7440e-01  1.0903e+00]",113
813,4,"[[-0.29975748 -0.2935004   0.3364996 ]
 [ 0.27518678 -0.29643661  0.33356339]
 [ 0.0915508  -0.30497715  0.32502285]
 [-0.29192983  0.23784581 -0.39215419]
 [-0.29652185  0.23826408 -0.39173592]
 [ 0.14381881  0.30911906 -0.32088094]]","[2243. 2239.  932. 2238. 2203.  968. 1868. 2241.  930. 2241. 2203.  968.
 1988. 2246.  925. 1954. 2249.  922.]","[2245. 2234.  935. 2230. 2175.  989. 1868. 2239.  931. 2241. 2183.  988.
 1984. 2238.  929. 1968. 2239.  925.]","[-1.7842e+01  5.2400e+00  6.2963e+01 -9.1550e-01  6.1040e-01  0.0000e+00
  4.0000e-02 -2.3970e-01  9.3120e-01]",113
814,4,"[[-0.3004084  -0.29300023  0.33699977]
 [ 0.27434909 -0.2965709   0.3334291 ]
 [ 0.08789706 -0.30509585  0.32490415]
 [-0.2909308   0.25024373 -0.37975627]
 [-0.29625484  0.24979837 -0.38020163]
 [ 0.1477002   0.30916751 -0.32083249]]","[2243. 2239.  932. 2237. 2211.  960. 1869. 2241.  930. 2241. 2210.  961.
 1990. 2246.  925. 1951. 2249.  922.]","[2245. 2234.  936. 2230. 2178.  986. 1868. 2239.  932. 2241. 2187.  984.
 1986. 2238.  929. 1966. 2238.  925.]","[-1.7842e+01  5.1970e+00  6.2908e+01 -3.6620e-01 -6.1000e-02 -1.4648e+00
  2.9800e-02 -3.2760e-01  1.0259e+00]",113
815,4,"[[-0.30098637 -0.29253807  0.33746193]
 [ 0.27349728 -0.29670538  0.33329462]
 [ 0.08422252 -0.30521338  0.32478662]
 [-0.28988587  0.26301311 -0.36698689]
 [-0.29596292  0.26163904 -0.36836096]
 [ 0.15155214  0.30921379 -0.32078621]]","[2244. 2238.  933. 2236. 2219.  952. 1869. 2241.  930. 2240. 2218.  953.
 1993. 2246.  925. 1949. 2249.  922.]","[2245. 2233.  937. 2230. 2183.  981. 1868. 2239.  931. 2241. 2194.  977.
 1988. 2238.  929. 1963. 2239.  925.]","[-1.7820e+01  5.1090e+00  6.2825e+01  4.2720e-01 -6.1040e-01 -2.2583e+00
  3.2200e-02 -3.5740e-01  9.7610e-01]",113
816,4,"[[-0.30149129 -0.29211638  0.33788362]
 [ 0.27263132 -0.29684002  0.33315998]
 [ 0.08052775 -0.30532973  0.32467027]
 [-0.28879493  0.27614638 -0.35385362]
 [-0.2956463   0.27377867 -0.35622133]
 [ 0.15537376  0.30925791 -0.32074209]]","[2244. 2238.  933. 2236. 2228.  943. 1870. 2241.  930. 2240. 2226.  945.
 1995. 2247.  924. 1946. 2249.  922.]","[2245. 2232.  939. 2230. 2189.  977. 1869. 2239.  932. 2241. 2202.  968.
 1991. 2237.  930. 1960. 2239.  924.]","[-1.7776e+01  5.0100e+00  6.2743e+01  1.2207e+00 -9.1550e-01 -2.5024e+00
 -3.0800e-02 -3.7550e-01  9.1460e-01]",113
817,4,"[[-0.30192312 -0.25567726  0.37432274]
 [ 0.27175117 -0.29697479  0.33302521]
 [ 0.0768133  -0.30544487  0.32455513]
 [-0.2876579   0.28963592 -0.34036408]
 [-0.29530525  0.28620984 -0.34379016]
 [ 0.15916417  0.30929985 -0.32070015]]","[2244. 2214.  957. 2235. 2236.  935. 1870. 2241.  930. 2240. 2234.  937.
 1997. 2247.  924. 1944. 2249.  922.]","[2245. 2231.  940. 2230. 2192.  973. 1869. 2239.  932. 2242. 2207.  964.
 1992. 2238.  930. 1958. 2239.  923.]","[-17.732    4.9     62.688    1.4038  -1.4038  -1.9531  -0.1108  -0.4062
   0.9492]",113
818,4,"[[-0.30228214 -0.21115888  0.41884112]
 [ 0.27085682 -0.29710964  0.33289036]
 [ 0.07307973 -0.30555879  0.32444121]
 [-0.2864747   0.29209598 -0.33790402]
 [-0.29494009  0.29206186 -0.33793814]
 [ 0.16292251  0.30933962 -0.32066038]]","[2245. 2185.  986. 2234. 2238.  933. 1871. 2241.  930. 2240. 2238.  933.
 2000. 2247.  924. 1941. 2249.  922.]","[2245. 2221.  949. 2230. 2200.  967. 1871. 2238.  932. 2242. 2214.  956.
 1995. 2237.  930. 1956. 2239.  923.]","[-17.699    4.812   62.677    1.2207  -1.5869  -0.7324  -0.1265  -0.3721
   0.8682]",113
819,4,"[[-0.30256952 -0.17290841  0.45709159]
 [ 0.26994831 -0.29724456  0.33275544]
 [ 0.06932747 -0.30567148  0.32432852]
 [-0.28524523  0.29220232 -0.33779768]
 [-0.29455122  0.2921593  -0.3378407 ]
 [ 0.16664806  0.3093772  -0.3206228 ]]","[2245. 2160. 1011. 2233. 2238.  933. 1872. 2241.  930. 2240. 2238.  933.
 2002. 2247.  924. 1939. 2249.  922.]","[2245. 2212.  952. 2230. 2204.  963. 1871. 2238.  932. 2242. 2218.  952.
 1996. 2237.  930. 1954. 2240.  923.]","[-17.672    4.735   62.682    1.1597  -1.709   -0.4272  -0.1284  -0.332
   0.9692]",113
820,4,"[[-0.30278919 -0.14117241  0.48882759]
 [ 0.26902608 -0.29737951  0.33262049]
 [ 0.0655564  -0.3057829   0.3242171 ]
 [-0.28396936  0.29231117 -0.33768883]
 [-0.29413947  0.29225876 -0.33774124]
 [ 0.17034064  0.30941258 -0.32058742]]","[2245. 2140. 1031. 2233. 2238.  933. 1872. 2241.  930. 2239. 2238.  933.
 2005. 2247.  924. 1936. 2249.  922.]","[2244. 2195.  968. 2231. 2209.  959. 1873. 2238.  933. 2242. 2222.  948.
 1999. 2236.  929. 1951. 2240.  924.]","[-17.617    4.658   62.672    1.77    -1.8311  -0.7935  -0.1372  -0.2954
   0.981 ]",113
821,4,"[[-0.30294884 -0.11617095  0.51382905]
 [ 0.26809277 -0.29751446  0.33248554]
 [ 0.06176308 -0.30589305  0.32410695]
 [-0.28264656  0.29242245 -0.33757755]
 [-0.29370803  0.29236019 -0.33763981]
 [ 0.17400329  0.30944576 -0.32055424]]","[2245. 2123. 1048. 2232. 2238.  933. 1873. 2241.  930. 2239. 2238.  933.
 2007. 2247.  924. 1934. 2249.  922.]","[2242. 2183.  988. 2231. 2211.  956. 1873. 2235.  932. 2242. 2224.  945.
 2002. 2236.  930. 1947. 2242.  923.]","[-1.7545e+01  4.5320e+00  6.2622e+01  2.1362e+00 -2.5635e+00 -2.1362e+00
 -4.2000e-02 -2.4510e-01  9.5260e-01]",113
822,4,"[[-0.30275167 -0.09807936  0.53192064]
 [ 0.26717169 -0.29764937  0.33235063]
 [ 0.05791396 -0.30600191  0.32399809]
 [-0.28127242  0.29253613 -0.33746387]
 [-0.29328285  0.29246352 -0.33753648]
 [ 0.17766733  0.30947674 -0.32052326]]","[2245. 2111. 1060. 2231. 2238.  933. 1873. 2242.  929. 2239. 2238.  933.
 2010. 2247.  924. 1932. 2249.  922.]","[2242. 2163. 1009. 2231. 2211.  954. 1874. 2234.  933. 2241. 2225.  944.
 2004. 2235.  931. 1943. 2243.  923.]","[-1.7501e+01  4.3670e+00  6.2523e+01  1.1597e+00 -2.9907e+00 -3.6621e+00
  1.6100e-02 -2.0610e-01  8.5790e-01]",113
823,4,"[[-0.30077274 -0.08685379  0.54314621]
 [ 0.2663005  -0.29778422  0.33221578]
 [ 0.05391487 -0.30610947  0.32389053]
 [-0.27982119  0.29265214 -0.33734786]
 [-0.29291769  0.29256869 -0.33743131]
 [ 0.18141224  0.30950551 -0.32049449]]","[2244. 2104. 1067. 2230. 2238.  933. 1874. 2242.  929. 2238. 2238.  933.
 2012. 2247.  924. 1929. 2249.  922.]","[2243. 2146. 1026. 2230. 2211.  954. 1875. 2234.  933. 2240. 2225.  944.
 2007. 2235.  932. 1940. 2244.  923.]","[-17.584    4.131   62.397   -1.8921  -4.6387  -4.7607  -0.126   -0.2515
   0.8188]",113
824,4,"[[-0.29677999 -0.0826116   0.5473884 ]
 [ 0.26543896 -0.29791898  0.33208102]
 [ 0.04974056 -0.30621575  0.32378425]
 [-0.27826222  0.29277045 -0.33722955]
 [-0.29259286  0.29267563 -0.33732437]
 [ 0.18524396  0.30953208 -0.32046792]]","[2241. 2101. 1070. 2229. 2238.  933. 1874. 2242.  929. 2238. 2238.  933.
 2015. 2247.  924. 1927. 2249.  922.]","[2243. 2131. 1041. 2230. 2211.  954. 1876. 2234.  933. 2240. 2225.  943.
 2008. 2236.  932. 1937. 2245.  923.]","[-17.677    4.005   62.38    -2.3193  -3.3569  -1.4648  -0.2637  -0.3794
   1.0669]",113
825,4,"[[-0.29080192 -0.08575091  0.54424909]
 [ 0.26455497 -0.29805362  0.33194638]
 [ 0.04538799 -0.30632076  0.32367924]
 [-0.27657805  0.29289105 -0.33710895]
 [-0.2922894   0.29278427 -0.33721573]
 [ 0.18915236  0.30955644 -0.32044356]]","[2237. 2103. 1068. 2228. 2238.  933. 1875. 2242.  929. 2238. 2238.  933.
 2018. 2247.  924. 1924. 2249.  922.]","[2242. 2120. 1051. 2229. 2211.  954. 1876. 2234.  933. 2239. 2225.  943.
 2011. 2235.  932. 1935. 2245.  923.]","[-17.693    4.026   62.446   -0.6104  -0.6104   1.4648  -0.0796  -0.354
   0.9927]",113
826,4,"[[-0.28287853 -0.08808182  0.54191818]
 [ 0.26362977 -0.29818814  0.33181186]
 [ 0.04085659 -0.30642451  0.32357549]
 [-0.27475784  0.29301391 -0.33698609]
 [-0.29199779  0.29289454 -0.33710546]
 [ 0.19312802  0.3095786  -0.3204214 ]]","[2232. 2105. 1066. 2227. 2239.  932. 1876. 2242.  929. 2238. 2238.  933.
 2021. 2247.  924. 1922. 2249.  922.]","[2242. 2114. 1058. 2229. 2211.  954. 1877. 2234.  933. 2239. 2225.  943.
 2012. 2236.  932. 1933. 2245.  923.]","[-1.7710e+01  4.0320e+00  6.2441e+01  0.0000e+00 -6.1000e-02 -6.7140e-01
 -1.0300e-01 -3.5550e-01  9.9120e-01]",113
827,4,"[[-0.27306281 -0.08838305  0.54161695]
 [ 0.26265037 -0.29832252  0.33167748]
 [ 0.0361473  -0.30652701  0.32347299]
 [-0.27279372  0.29313899 -0.33686101]
 [-0.2917124   0.29300638 -0.33699362]
 [ 0.19716149  0.30959854 -0.32040146]]","[2226. 2105. 1066. 2225. 2239.  932. 1876. 2242.  929. 2238. 2239.  932.
 2024. 2247.  924. 1919. 2249.  922.]","[2242. 2111. 1061. 2229. 2211.  954. 1877. 2234.  933. 2239. 2225.  943.
 2012. 2235.  932. 1930. 2245.  923.]","[-1.7715e+01  4.0430e+00  6.2424e+01  4.8830e-01  4.8830e-01  0.0000e+00
 -5.2700e-02 -3.1930e-01  9.0620e-01]",113
828,4,"[[-0.26142043 -0.08839845  0.54160155]
 [ 0.2616063  -0.29845674  0.33154326]
 [ 0.03126229 -0.30662827  0.32337173]
 [-0.27067924  0.29326628 -0.33673372]
 [-0.29142895  0.29311972 -0.33688028]
 [ 0.20124297  0.30961626 -0.32038374]]","[2218. 2105. 1066. 2224. 2239.  932. 1877. 2242.  929. 2237. 2239.  932.
 2027. 2247.  924. 1916. 2249.  922.]","[2237. 2110. 1064. 2227. 2211.  954. 1878. 2234.  933. 2239. 2225.  944.
 2014. 2236.  932. 1928. 2245.  923.]","[-1.7710e+01  4.0700e+00  6.2419e+01 -6.1000e-02 -2.4410e-01  0.0000e+00
 -7.7100e-02 -3.0470e-01  9.4340e-01]",113
829,4,"[[-0.24802927 -0.08838884  0.54161116]
 [ 0.26048822 -0.29859082  0.33140918]
 [ 0.02620472 -0.30672829  0.32327171]
 [-0.26840877  0.29339575 -0.33660425]
 [-0.29114348  0.29323451 -0.33676549]
 [ 0.20536224  0.30963176 -0.32036824]]","[2209. 2105. 1066. 2222. 2239.  932. 1878. 2242.  929. 2237. 2239.  932.
 2030. 2247.  924. 1914. 2249.  922.]","[2231. 2109. 1064. 2226. 2211.  954. 1878. 2234.  933. 2239. 2225.  944.
 2018. 2236.  932. 1925. 2245.  923.]","[-1.7721e+01  4.0700e+00  6.2424e+01  1.2210e-01 -6.1000e-02  1.8310e-01
 -7.4700e-02 -3.1150e-01  9.7070e-01]",113
830,4,"[[-0.23297892 -0.08839705  0.54160295]
 [ 0.25928735 -0.29872474  0.33127526]
 [ 0.02097872 -0.30682708  0.32317292]
 [-0.26597729  0.29352739 -0.33647261]
 [-0.29085192  0.29335067 -0.33664933]
 [ 0.20950866  0.30964502 -0.32035498]]","[2199. 2105. 1066. 2221. 2239.  932. 1878. 2242.  929. 2237. 2239.  932.
 2034. 2248.  923. 1911. 2249.  922.]","[2223. 2108. 1065. 2225. 2211.  954. 1879. 2234.  933. 2238. 2225.  944.
 2021. 2236.  932. 1923. 2245.  923.]","[-1.7721e+01  4.0810e+00  6.2430e+01  2.4410e-01  6.1000e-02  2.4410e-01
 -6.1000e-02 -2.8560e-01  9.4380e-01]",113
831,4,"[[-0.21637005 -0.08843399  0.54156601]
 [ 0.2579952  -0.29885851  0.33114149]
 [ 0.01558929 -0.30692465  0.32307535]
 [-0.26338024  0.29366115 -0.33633885]
 [-0.29054986  0.29346816 -0.33653184]
 [ 0.21367121  0.30965603 -0.32034397]]","[2189. 2105. 1066. 2219. 2239.  932. 1879. 2242.  929. 2237. 2239.  932.
 2037. 2248.  923. 1908. 2249.  922.]","[2214. 2108. 1065. 2223. 2211.  954. 1880. 2234.  933. 2238. 2226.  943.
 2024. 2235.  932. 1921. 2245.  923.]","[-17.71     4.092   62.435    0.2441   0.      -0.1831  -0.0815  -0.2734
   0.96  ]",113
832,4,"[[-0.19831376 -0.08850715  0.54149285]
 [ 0.25660352 -0.29899213  0.33100787]
 [ 0.01004229 -0.30702098  0.32297902]
 [-0.26061361  0.29379704 -0.33620296]
 [-0.29023257  0.29358691 -0.33641309]
 [ 0.21783859  0.30966481 -0.32033519]]","[2177. 2105. 1066. 2217. 2239.  932. 1880. 2242.  929. 2237. 2239.  932.
 2041. 2248.  923. 1905. 2249.  922.]","[2206. 2108. 1065. 2221. 2211.  954. 1880. 2234.  933. 2238. 2226.  943.
 2027. 2236.  932. 1917. 2245.  924.]","[-1.7699e+01  4.0980e+00  6.2430e+01  0.0000e+00  6.1000e-02 -6.1000e-02
 -7.8600e-02 -2.8470e-01  9.5020e-01]",113
833,4,"[[-0.17893085 -0.088625    0.541375  ]
 [ 0.2551043  -0.29912562  0.33087438]
 [ 0.0043444  -0.30711608  0.32288392]
 [-0.25767388  0.29393501 -0.33606499]
 [-0.28989494  0.29370687 -0.33629313]
 [ 0.22199926  0.30967142 -0.32032858]]","[2164. 2105. 1066. 2215. 2239.  932. 1881. 2242.  928. 2236. 2239.  932.
 2045. 2248.  923. 1903. 2249.  922.]","[2197. 2108. 1064. 2219. 2211.  954. 1882. 2233.  933. 2237. 2226.  943.
 2031. 2236.  932. 1914. 2245.  924.]","[-17.699    4.103   62.424    0.       0.       0.      -0.0771  -0.2949
   0.9463]",113
834,4,"[[-0.15835098 -0.08879768  0.54120232]
 [ 0.25348974 -0.29925897  0.33074103]
 [-0.00149694 -0.30720994  0.32279006]
 [-0.25455811  0.29407507 -0.33592493]
 [-0.28953155  0.293828   -0.336172  ]
 [ 0.22614153  0.30967605 -0.32032395]]","[2151. 2105. 1066. 2213. 2239.  932. 1882. 2243.  928. 2236. 2239.  932.
 2048. 2248.  923. 1900. 2249.  922.]","[2185. 2108. 1065. 2217. 2211.  953. 1883. 2234.  933. 2237. 2226.  943.
 2034. 2235.  932. 1912. 2245.  923.]","[-17.693    4.114   62.43     0.       0.       0.1831  -0.0674  -0.3091
   0.9487]",113
835,4,"[[-0.13671183 -0.08903705  0.54096295]
 [ 0.25175231 -0.29939221  0.33060779]
 [-0.00747356 -0.30730255  0.32269745]
 [-0.25126394  0.29421717 -0.33578283]
 [-0.28913668  0.29395024 -0.33604976]
 [ 0.23025368  0.30967887 -0.32032113]]","[2137. 2106. 1065. 2211. 2239.  932. 1883. 2243.  928. 2236. 2239.  932.
 2052. 2248.  923. 1897. 2249.  922.]","[2171. 2108. 1065. 2215. 2211.  952. 1884. 2234.  932. 2235. 2226.  942.
 2038. 2235.  932. 1909. 2245.  924.]","[-1.7688e+01  4.1200e+00  6.2435e+01  0.0000e+00  0.0000e+00  6.1000e-02
 -6.0500e-02 -3.1790e-01  9.4780e-01]",113
836,4,"[[-0.11415813 -0.08935663  0.54064337]
 [ 0.24988475 -0.29952535  0.33047465]
 [-0.01357659 -0.30739391  0.32260609]
 [-0.24778964  0.29436131 -0.33563869]
 [-0.28870439  0.29407356 -0.33592644]
 [ 0.23432396  0.3096723  -0.3203277 ]]","[2122. 2106. 1065. 2209. 2239.  932. 1885. 2243.  928. 2236. 2239.  932.
 2056. 2248.  923. 1895. 2249.  922.]","[2162. 2107. 1064. 2214. 2211.  953. 1885. 2234.  933. 2235. 2226.  942.
 2040. 2236.  932. 1906. 2245.  923.]","[-1.7682e+01  4.1200e+00  6.2435e+01  6.1000e-02  0.0000e+00  0.0000e+00
 -6.0100e-02 -3.2370e-01  9.4820e-01]",113
837,4,"[[-0.09084077 -0.0897715   0.5402285 ]
 [ 0.24788012 -0.29965841  0.33034159]
 [-0.01979655 -0.307484    0.322516  ]
 [-0.24413416  0.29450746 -0.33549254]
 [-0.28822848  0.29419791 -0.33580209]
 [ 0.23834076  0.30960471 -0.32039529]]","[2107. 2106. 1065. 2207. 2239.  931. 1886. 2243.  928. 2235. 2239.  932.
 2060. 2248.  923. 1892. 2249.  922.]","[2147. 2108. 1065. 2213. 2211.  953. 1886. 2234.  933. 2234. 2227.  942.
 2044. 2235.  932. 1904. 2245.  924.]","[-1.7677e+01  4.1250e+00  6.2435e+01  6.1000e-02  0.0000e+00 -6.1000e-02
 -5.6600e-02 -3.1450e-01  9.4630e-01]",113
838,4,"[[-0.06691573 -0.09029819  0.53970181]
 [ 0.24573179 -0.29979139  0.33020861]
 [-0.02612336 -0.3075728   0.3224272 ]
 [-0.24029712  0.29465559 -0.33534441]
 [-0.28770257  0.29432327 -0.33567673]
 [ 0.24229262  0.30945901 -0.32054099]]","[2091. 2106. 1065. 2204. 2240.  931. 1887. 2243.  928. 2235. 2239.  932.
 2065. 2248.  923. 1890. 2249.  922.]","[2134. 2108. 1064. 2212. 2211.  952. 1889. 2234.  932. 2234. 2227.  942.
 2047. 2236.  932. 1901. 2245.  924.]","[-17.672    4.12    62.413    0.2441   0.2441  -0.3052  -0.0786  -0.3154
   0.9307]",113
839,4,"[[-0.04254305 -0.09095459  0.53904541]
 [ 0.24343353 -0.29992433  0.33007567]
 [-0.03254641 -0.3076603   0.3223397 ]
 [-0.23627886  0.29480569 -0.33519431]
 [-0.28712016  0.2944496  -0.3355504 ]
 [ 0.24616833  0.30925071 -0.32074929]]","[2075. 2107. 1064. 2202. 2240.  931. 1889. 2243.  928. 2235. 2239.  932.
 2069. 2248.  923. 1887. 2249.  922.]","[2120. 2108. 1064. 2210. 2211.  952. 1890. 2234.  933. 2234. 2227.  942.
 2050. 2236.  932. 1899. 2245.  923.]","[-1.7666e+01  4.1250e+00  6.2402e+01  1.2210e-01  6.1000e-02 -3.0520e-01
 -7.0800e-02 -3.0960e-01  9.4340e-01]",113
840,4,"[[-0.01788578 -0.09175985  0.53824015]
 [ 0.24097949 -0.30005724  0.32994276]
 [-0.03905461 -0.30774646  0.32225354]
 [-0.23208048  0.29495773 -0.33504227]
 [-0.28647458  0.29457688 -0.33542312]
 [ 0.24995702  0.30898375 -0.32101625]]","[2059. 2107. 1064. 2199. 2240.  931. 1890. 2243.  928. 2234. 2240.  931.
 2073. 2248.  923. 1885. 2249.  922.]","[2104. 2108. 1064. 2207. 2211.  951. 1891. 2234.  933. 2234. 2227.  942.
 2055. 2235.  932. 1895. 2245.  923.]","[-1.7666e+01  4.1200e+00  6.2386e+01  6.1000e-02  6.1000e-02 -2.4410e-01
 -5.2700e-02 -3.0030e-01  9.6040e-01]",113
841,4,"[[ 0.00689114 -0.09273431  0.53726569]
 [ 0.23836425 -0.30019013  0.32980987]
 [-0.04563646 -0.30783128  0.32216872]
 [-0.22770381  0.29511168 -0.33488832]
 [-0.28575908  0.29470507 -0.33529493]
 [ 0.2536482   0.30866102 -0.32133898]]","[2043. 2108. 1063. 2196. 2240.  931. 1892. 2243.  928. 2234. 2240.  931.
 2077. 2248.  923. 1882. 2249.  922.]","[2089. 2108. 1064. 2205. 2212.  951. 1892. 2234.  933. 2233. 2227.  941.
 2058. 2236.  932. 1893. 2245.  923.]","[-17.661    4.12    62.375    0.3662   0.1221  -0.3052  -0.0747  -0.2988
   0.9575]",113
842,4,"[[ 0.03162196 -0.0938994   0.5361006 ]
 [ 0.23558283 -0.30032303  0.32967697]
 [-0.05228009 -0.30791471  0.32208529]
 [-0.22315147  0.29526752 -0.33473248]
 [-0.28496685  0.29483417 -0.33516583]
 [ 0.25723186  0.30828551 -0.32171449]]","[2027. 2109. 1062. 2193. 2240.  931. 1894. 2243.  928. 2233. 2240.  931.
 2082. 2248.  923. 1880. 2248.  922.]","[2073. 2108. 1064. 2203. 2212.  951. 1894. 2234.  933. 2233. 2228.  941.
 2061. 2236.  932. 1891. 2245.  924.]","[-1.7650e+01  4.1200e+00  6.2364e+01  3.0520e-01  6.1000e-02 -1.2210e-01
 -6.9800e-02 -2.9350e-01  9.4580e-01]",113
843,4,"[[ 0.05614124 -0.09527757  0.53472243]
 [ 0.23263077 -0.30045596  0.32954404]
 [-0.05897335 -0.30799674  0.32200326]
 [-0.21842684  0.29542521 -0.33457479]
 [-0.28409101  0.29496416 -0.33503584]
 [ 0.26069851  0.30786043 -0.32213957]]","[2011. 2110. 1061. 2190. 2240.  931. 1896. 2243.  928. 2233. 2240.  931.
 2086. 2248.  923. 1878. 2248.  923.]","[2057. 2108. 1063. 2199. 2212.  950. 1896. 2234.  933. 2232. 2229.  940.
 2065. 2236.  932. 1889. 2245.  924.]","[-1.7639e+01  4.1200e+00  6.2358e+01  1.8310e-01 -6.1000e-02 -1.2210e-01
 -7.5700e-02 -2.9540e-01  9.5020e-01]",113
844,4,"[[ 0.08028497 -0.09689225  0.53310775]
 [ 0.2295041  -0.30058893  0.32941107]
 [-0.06570384 -0.30807734  0.32192266]
 [-0.21353408  0.29558472 -0.33441528]
 [-0.28312466  0.29509502 -0.33490498]
 [ 0.26403923  0.3073892  -0.3226108 ]]","[1995. 2111. 1060. 2187. 2240.  931. 1898. 2243.  928. 2232. 2240.  931.
 2090. 2248.  923. 1875. 2248.  923.]","[2042. 2109. 1062. 2198. 2212.  951. 1898. 2234.  933. 2232. 2228.  941.
 2069. 2236.  932. 1886. 2245.  924.]","[-1.7628e+01  4.1200e+00  6.2358e+01  6.1000e-02  0.0000e+00  0.0000e+00
 -7.9600e-02 -3.0220e-01  9.4680e-01]",113
845,4,"[[ 0.10389162 -0.09876771  0.53123229]
 [ 0.22619941 -0.30072196  0.32927804]
 [-0.07245901 -0.30815646  0.32184354]
 [-0.20847812  0.29574602 -0.33425398]
 [-0.28206092  0.29522675 -0.33477325]
 [ 0.26724578  0.30687538 -0.32312462]]","[1980. 2112. 1059. 2183. 2240.  931. 1900. 2244.  927. 2231. 2240.  931.
 2095. 2248.  923. 1873. 2248.  923.]","[2026. 2110. 1061. 2195. 2212.  950. 1900. 2234.  932. 2232. 2229.  941.
 2072. 2236.  932. 1883. 2245.  924.]","[-17.628    4.12    62.358    0.       0.      -0.1221  -0.084   -0.3066
   0.9404]",113
846,4,"[[ 0.12680329 -0.10092905  0.52907095]
 [ 0.22271387 -0.30085506  0.32914494]
 [-0.07922617 -0.30823407  0.32176593]
 [-0.20326465  0.29590908 -0.33409092]
 [-0.28089291  0.29535934 -0.33464066]
 [ 0.27031058  0.30632272 -0.32367728]]","[1965. 2113. 1058. 2180. 2240.  931. 1902. 2244.  927. 2231. 2240.  931.
 2099. 2248.  923. 1871. 2247.  924.]","[2010. 2111. 1060. 2191. 2212.  950. 1902. 2234.  932. 2231. 2229.  940.
 2076. 2236.  932. 1881. 2245.  925.]","[-1.7622e+01  4.1200e+00  6.2347e+01  0.0000e+00  6.1000e-02 -1.8310e-01
 -7.2300e-02 -3.1010e-01  9.5020e-01]",113
847,4,"[[ 0.14886671 -0.10340208  0.52659792]
 [ 0.21904525 -0.30098826  0.32901174]
 [-0.08599264 -0.30831014  0.32168986]
 [-0.19790011  0.29607384 -0.33392616]
 [-0.27961385  0.29549278 -0.33450722]
 [ 0.27322681  0.30573504 -0.32426496]]","[1950. 2115. 1056. 2177. 2241.  930. 1905. 2244.  927. 2230. 2240.  931.
 2104. 2248.  922. 1869. 2247.  924.]","[1994. 2112. 1059. 2188. 2213.  949. 1904. 2234.  932. 2230. 2229.  940.
 2081. 2236.  932. 1879. 2245.  925.]","[-1.7622e+01  4.1200e+00  6.2336e+01  0.0000e+00  6.1000e-02 -3.0520e-01
 -6.4500e-02 -3.0620e-01  9.5020e-01]",113
848,4,"[[ 0.16993428 -0.10621324  0.52378676]
 [ 0.21519196 -0.30112156  0.32887844]
 [-0.09274573 -0.30838462  0.32161538]
 [-0.19239166  0.29624028 -0.33375972]
 [-0.278217    0.29562707 -0.33437293]
 [ 0.27598841  0.30511627 -0.32488373]]","[1937. 2117. 1054. 2173. 2241.  930. 1907. 2244.  927. 2229. 2240.  931.
 2108. 2249.  922. 1868. 2246.  925.]","[1979. 2113. 1058. 2185. 2212.  949. 1907. 2234.  932. 2229. 2229.  940.
 2086. 2236.  932. 1877. 2245.  925.]","[-1.7622e+01  4.1200e+00  6.2325e+01  0.0000e+00  0.0000e+00 -2.4410e-01
 -5.4700e-02 -3.0660e-01  9.4780e-01]",113
849,4,"[[ 0.18986507 -0.10938949  0.52061051]
 [ 0.21115308 -0.30125497  0.32874503]
 [-0.09947286 -0.30845748  0.32154252]
 [-0.18674715  0.29640834 -0.33359166]
 [-0.27669578  0.29576222 -0.33423778]
 [ 0.27859017  0.30447042 -0.32552958]]","[1924. 2119. 1052. 2169. 2241.  930. 1910. 2244.  927. 2228. 2240.  931.
 2112. 2249.  922. 1866. 2246.  925.]","[1964. 2115. 1056. 2182. 2212.  948. 1908. 2234.  933. 2229. 2229.  940.
 2089. 2236.  931. 1873. 2245.  926.]","[-1.7622e+01  4.1200e+00  6.2314e+01  6.1000e-02  0.0000e+00 -3.0520e-01
 -5.7600e-02 -3.1350e-01  9.5410e-01]",113
850,4,"[[ 0.20852576 -0.1129582   0.5170418 ]
 [ 0.20692835 -0.30138851  0.32861149]
 [-0.10616161 -0.30852868  0.32147132]
 [-0.18097512  0.29657798 -0.33342202]
 [-0.27504374  0.29589823 -0.33410177]
 [ 0.2810277   0.30380153 -0.32619847]]","[1912. 2121. 1050. 2165. 2241.  930. 1913. 2244.  927. 2227. 2240.  931.
 2117. 2249.  922. 1864. 2246.  925.]","[1950. 2117. 1054. 2179. 2212.  947. 1911. 2234.  932. 2228. 2229.  939.
 2093. 2236.  932. 1872. 2244.  926.]","[-1.7617e+01  4.1140e+00  6.2298e+01  1.8310e-01  6.1000e-02 -3.6620e-01
 -4.9800e-02 -3.1150e-01  9.4090e-01]",113
851,4,"[[ 0.2257915  -0.11694703  0.51305297]
 [ 0.20251822 -0.30152218  0.32847782]
 [-0.11279979 -0.30859816  0.32140184]
 [-0.17508473  0.29674915 -0.33325085]
 [-0.27325465  0.29603509 -0.33396491]
 [ 0.28329748  0.30311366 -0.32688634]]","[1900. 2124. 1047. 2162. 2241.  930. 1915. 2244.  927. 2226. 2240.  930.
 2121. 2249.  922. 1863. 2245.  926.]","[1937. 2119. 1052. 2176. 2212.  946. 1914. 2234.  932. 2227. 2229.  939.
 2097. 2236.  932. 1870. 2245.  926.]","[-1.7611e+01  4.1030e+00  6.2276e+01  2.4410e-01  6.1000e-02 -6.7140e-01
 -6.6400e-02 -3.1250e-01  9.5650e-01]",113
852,4,"[[ 0.24154681 -0.12138376  0.50861624]
 [ 0.19792387 -0.30165598  0.32834402]
 [-0.11937547 -0.30866589  0.32133411]
 [-0.16908572  0.2969218  -0.3330782 ]
 [-0.27132248  0.29617282 -0.33382718]
 [ 0.2853969   0.30241089 -0.32758911]]","[1890. 2127. 1044. 2158. 2241.  930. 1918. 2244.  927. 2224. 2241.  930.
 2125. 2249.  922. 1861. 2245.  926.]","[1924. 2121. 1050. 2172. 2213.  946. 1916. 2234.  932. 2226. 2229.  938.
 2101. 2236.  932. 1868. 2244.  927.]","[-17.6      4.098   62.254    0.3052   0.1221  -0.6104  -0.082   -0.3081
   0.9502]",113
853,4,"[[ 0.25568629 -0.12629616  0.50370384]
 [ 0.19314721 -0.30178992  0.32821008]
 [-0.1258771  -0.30873182  0.32126818]
 [-0.1629884   0.29709586 -0.33290414]
 [-0.2692415   0.29631142 -0.33368858]
 [ 0.28732422  0.30169728 -0.32830272]]","[1881. 2130. 1041. 2154. 2241.  930. 1922. 2244.  927. 2223. 2241.  930.
 2130. 2249.  922. 1860. 2244.  927.]","[1912. 2124. 1048. 2170. 2213.  945. 1918. 2234.  932. 2225. 2229.  938.
 2105. 2236.  932. 1867. 2244.  927.]","[-1.7589e+01  4.0980e+00  6.2227e+01  3.6620e-01  6.1000e-02 -4.8830e-01
 -7.7100e-02 -2.9880e-01  9.4480e-01]",113
854,4,"[[ 0.26811535 -0.13171182  0.49828818]
 [ 0.18819088 -0.301924    0.328076  ]
 [-0.13229351 -0.30879591  0.32120409]
 [-0.15680355  0.29727129 -0.33272871]
 [-0.26700628  0.2964509  -0.3335491 ]
 [ 0.28907863  0.30097689 -0.32902311]]","[1873. 2133. 1038. 2150. 2241.  930. 1925. 2244.  927. 2222. 2241.  930.
 2134. 2249.  922. 1859. 2244.  927.]","[1901. 2126. 1045. 2166. 2213.  945. 1921. 2234.  932. 2223. 2229.  938.
 2110. 2236.  932. 1865. 2243.  927.]","[-1.7578e+01  4.0920e+00  6.2210e+01  3.0520e-01  6.1000e-02 -5.4930e-01
 -7.9100e-02 -2.9440e-01  9.4480e-01]",113
855,4,"[[ 0.27875085 -0.13765794  0.49234206]
 [ 0.18305829 -0.30205821  0.32794179]
 [-0.13861403 -0.3088581   0.3211419 ]
 [-0.15054242  0.29744802 -0.33255198]
 [-0.26461175  0.29659127 -0.33340873]
 [ 0.2906602   0.30025368 -0.32974632]]","[1866. 2137. 1034. 2146. 2241.  930. 1928. 2244.  927. 2220. 2241.  930.
 2138. 2249.  922. 1858. 2243.  928.]","[1892. 2130. 1042. 2163. 2213.  945. 1925. 2234.  932. 2222. 2229.  937.
 2114. 2236.  932. 1863. 2243.  929.]","[-17.567    4.092   62.188    0.1221   0.      -0.4272  -0.0669  -0.2959
   0.9434]",113
856,4,"[[ 0.28752162 -0.14416116  0.48583884]
 [ 0.17775358 -0.30219255  0.32780745]
 [-0.14482845 -0.30891835  0.32108165]
 [-0.14421664  0.29762599 -0.33237401]
 [-0.26205325  0.29673252 -0.33326748]
 [ 0.29206993  0.29953162 -0.33046838]]","[1860. 2141. 1029. 2142. 2242.  929. 1932. 2244.  926. 2218. 2241.  930.
 2142. 2249.  922. 1857. 2243.  928.]","[1882. 2132. 1039. 2159. 2213.  945. 1929. 2234.  932. 2221. 2229.  938.
 2118. 2236.  932. 1862. 2243.  929.]","[-1.7562e+01  4.0870e+00  6.2166e+01  6.1000e-02  6.1000e-02 -5.4930e-01
 -7.7100e-02 -3.0570e-01  9.5700e-01]",113
857,4,"[[ 0.29436903 -0.15124735  0.47875265]
 [ 0.17228165 -0.30232701  0.32767299]
 [-0.15092718 -0.30897662  0.32102338]
 [-0.13783817  0.29780513 -0.33219487]
 [-0.25932655  0.29687468 -0.33312532]
 [ 0.29330967  0.29881455 -0.33118545]]","[1856. 2146. 1025. 2137. 2242.  929. 1935. 2245.  926. 2217. 2241.  930.
 2146. 2249.  922. 1856. 2242.  929.]","[1871. 2138. 1034. 2155. 2213.  944. 1932. 2234.  932. 2218. 2229.  936.
 2124. 2236.  932. 1859. 2243.  930.]","[-17.562    4.087   62.15     0.1221   0.1221  -0.4272  -0.0747  -0.311
   0.9419]",113
858,4,"[[ 0.29924725 -0.15894139  0.47105861]
 [ 0.16664812 -0.30246158  0.32753842]
 [-0.15690121 -0.30903285  0.32096715]
 [-0.13141922  0.29798536 -0.33201464]
 [-0.25642792  0.29701773 -0.33298227]
 [ 0.29438214  0.29810627 -0.33189373]]","[1852. 2151. 1020. 2133. 2242.  929. 1939. 2245.  926. 2215. 2241.  930.
 2150. 2249.  922. 1856. 2242.  929.]","[1867. 2140. 1031. 2152. 2213.  944. 1935. 2234.  931. 2217. 2229.  937.
 2127. 2236.  931. 1858. 2243.  930.]","[-1.7556e+01  4.0870e+00  6.2133e+01  6.1000e-02  6.1000e-02 -3.6620e-01
 -6.5900e-02 -3.1050e-01  9.4190e-01]",113
859,4,"[[ 0.30212355 -0.16726695  0.46273305]
 [ 0.16085935 -0.30259623  0.32740377]
 [-0.16274219 -0.30908701  0.32091299]
 [-0.12497225  0.29816662 -0.33183338]
 [-0.25335416  0.2971617  -0.3328383 ]
 [ 0.2952909   0.29741046 -0.33258954]]","[1851. 2157. 1014. 2129. 2242.  929. 1943. 2245.  926. 2213. 2241.  930.
 2154. 2249.  922. 1855. 2241.  930.]","[1860. 2146. 1026. 2147. 2213.  943. 1940. 2234.  931. 2215. 2229.  937.
 2133. 2236.  932. 1857. 2242.  930.]","[-1.7556e+01  4.0870e+00  6.2117e+01  0.0000e+00  6.1000e-02 -4.2720e-01
 -6.6900e-02 -3.1350e-01  9.5610e-01]",113
860,4,"[[ 0.3029851  -0.17624628  0.45375372]
 [ 0.15492483 -0.30273097  0.32726903]
 [-0.16844485 -0.30913903  0.32086097]
 [-0.11850971  0.29834883 -0.33165117]
 [-0.25010507  0.29730658 -0.33269342]
 [ 0.29604262  0.29673071 -0.33326929]]","[1850. 2162. 1009. 2125. 2242.  929. 1947. 2245.  926. 2211. 2241.  930.
 2157. 2249.  922. 1855. 2241.  930.]","[1857. 2151. 1021. 2143. 2213.  943. 1943. 2234.  930. 2213. 2229.  937.
 2137. 2236.  932. 1856. 2242.  930.]","[-17.551    4.087   62.095    0.1831   0.1831  -0.4272  -0.0669  -0.312
   0.9448]",113
861,4,"[[ 0.30286719 -0.18585272  0.44414728]
 [ 0.14890501 -0.30286575  0.32713425]
 [-0.17405727 -0.30918889  0.32081111]
 [-0.11203383  0.29853192 -0.33146808]
 [-0.24673624  0.29745238 -0.33254762]
 [ 0.29668868  0.2960705  -0.3339295 ]]","[1850. 2169. 1002. 2121. 2242.  929. 1950. 2245.  926. 2208. 2241.  930.
 2161. 2249.  922. 1854. 2241.  930.]","[1853. 2156. 1016. 2139. 2213.  943. 1947. 2234.  930. 2211. 2229.  936.
 2141. 2237.  932. 1856. 2241.  931.]","[-17.551    4.087   62.078    0.1831   0.1221  -0.4272  -0.0679  -0.3096
   0.9424]",113
862,4,"[[ 0.302675   -0.19577852  0.43422148]
 [ 0.14284128 -0.30300056  0.32699944]
 [-0.17961468 -0.30923654  0.32076346]
 [-0.10552301  0.2987158  -0.3312842 ]
 [-0.24329611  0.29759907 -0.33240093]
 [ 0.2972472   0.29543317 -0.33456683]]","[1850. 2175.  996. 2116. 2242.  929. 1954. 2245.  926. 2206. 2242.  929.
 2165. 2249.  922. 1854. 2240.  931.]","[1853. 2160. 1012. 2137. 2214.  943. 1949. 2234.  930. 2210. 2229.  936.
 2144. 2236.  931. 1856. 2241.  931.]","[-1.7545e+01  4.0870e+00  6.2056e+01  1.2210e-01  6.1000e-02 -4.8830e-01
 -6.5900e-02 -3.0320e-01  9.5120e-01]",113
863,4,"[[ 0.30241843 -0.20603603  0.42396397]
 [ 0.13672539 -0.30313534  0.32686466]
 [-0.18510174 -0.30928196  0.32071804]
 [-0.09896192  0.29890044 -0.33109956]
 [-0.23978126  0.29774663 -0.33225337]
 [ 0.29769131  0.29482195 -0.33517805]]","[1850. 2182.  989. 2112. 2242.  929. 1958. 2245.  926. 2204. 2242.  929.
 2168. 2249.  922. 1853. 2240.  931.]","[1851. 2166. 1006. 2133. 2213.  942. 1953. 2234.  930. 2206. 2229.  936.
 2146. 2236.  932. 1853. 2241.  931.]","[-17.54     4.081   62.034    0.1831   0.1831  -0.4883  -0.0674  -0.3042
   0.9497]",113
864,4,"[[ 0.30209146 -0.21664701  0.41335299]
 [ 0.13055239 -0.30327006  0.32672994]
 [-0.19050549 -0.3093251   0.3206749 ]
 [-0.09234532  0.29908576 -0.33091424]
 [-0.23618775  0.29789502 -0.33210498]
 [ 0.29800945  0.2942399  -0.3357601 ]]","[1851. 2189.  982. 2108. 2242.  928. 1962. 2245.  926. 2201. 2242.  929.
 2172. 2249.  922. 1853. 2239.  932.]","[1851. 2172. 1001. 2129. 2213.  942. 1957. 2234.  930. 2205. 2229.  936.
 2150. 2236.  931. 1853. 2240.  931.]","[-1.7540e+01  4.0810e+00  6.2018e+01  1.2210e-01  6.1000e-02 -3.6620e-01
 -7.0300e-02 -3.0180e-01  9.4190e-01]",113
865,4,"[[ 0.30169202 -0.22761238  0.40238762]
 [ 0.12432183 -0.30340466  0.32659534]
 [-0.19581759 -0.30936591  0.32063409]
 [-0.08567298  0.29927169 -0.33072831]
 [-0.23251443  0.29804419 -0.33195581]
 [ 0.29819441  0.29368994 -0.33631006]]","[1851. 2196.  975. 2103. 2243.  928. 1966. 2245.  926. 2199. 2242.  929.
 2175. 2249.  922. 1853. 2239.  932.]","[1851. 2179.  998. 2124. 2213.  942. 1961. 2234.  930. 2201. 2229.  935.
 2155. 2236.  932. 1852. 2240.  931.]","[-1.7534e+01  4.0760e+00  6.2007e+01  6.1000e-02  0.0000e+00 -2.4410e-01
 -7.1300e-02 -3.0180e-01  9.5120e-01]",113
866,4,"[[ 0.30121956 -0.23892862  0.39107138]
 [ 0.11803553 -0.3035391   0.3264609 ]
 [-0.20103233 -0.30940437  0.32059563]
 [-0.07894691  0.29945818 -0.33054182]
 [-0.22876169  0.29819412 -0.33180588]
 [ 0.29726153  0.29317436 -0.33682564]]","[1851. 2203.  968. 2099. 2243.  928. 1971. 2245.  926. 2197. 2242.  929.
 2179. 2249.  922. 1854. 2239.  932.]","[1851. 2180.  993. 2121. 2213.  941. 1965. 2235.  930. 2200. 2229.  935.
 2157. 2237.  932. 1852. 2240.  931.]","[-17.534    4.076   61.996    0.       0.      -0.2441  -0.0649  -0.3071
   0.9473]",113
867,4,"[[ 0.30067401 -0.25059127  0.37940873]
 [ 0.11169634 -0.30367333  0.32632667]
 [-0.20614532 -0.30944042  0.32055958]
 [-0.0721701   0.29964515 -0.33035485]
 [-0.22493069  0.29834476 -0.33165524]
 [ 0.29403764  0.29269362 -0.33730638]]","[1851. 2211.  960. 2095. 2243.  928. 1975. 2245.  926. 2194. 2242.  929.
 2182. 2249.  922. 1856. 2238.  933.]","[1851. 2185.  985. 2117. 2213.  941. 1969. 2235.  929. 2198. 2229.  935.
 2161. 2236.  931. 1852. 2240.  931.]","[-17.529    4.081   61.985    0.3052   0.3052  -0.1831  -0.0854  -0.3145
   0.9678]",113
868,4,"[[ 0.30005546 -0.26259566  0.36740434]
 [ 0.10530756 -0.3038073   0.3261927 ]
 [-0.21115281 -0.30947403  0.32052597]
 [-0.06534598  0.29983253 -0.33016747]
 [-0.22102289  0.29849607 -0.33150393]
 [ 0.28848456  0.29225183 -0.33774817]]","[1852. 2219.  952. 2090. 2243.  928. 1979. 2246.  925. 2192. 2242.  929.
 2185. 2249.  922. 1859. 2238.  933.]","[1852. 2191.  978. 2113. 2213.  941. 1972. 2235.  929. 2195. 2229.  935.
 2165. 2236.  932. 1852. 2238.  932.]","[-1.7512e+01  4.0980e+00  6.1979e+01  3.6620e-01  3.6620e-01 -6.1000e-02
 -5.2200e-02 -3.0810e-01  9.2380e-01]",113
869,4,"[[ 0.29936405 -0.27493698  0.35506302]
 [ 0.09887264 -0.30394097  0.32605903]
 [-0.21605139 -0.30950517  0.32049483]
 [-0.05847819  0.30002025 -0.32997975]
 [-0.21703995  0.29864801 -0.33135199]
 [ 0.28060972  0.2709371  -0.3590629 ]]","[1852. 2227.  944. 2086. 2243.  928. 1983. 2246.  925. 2189. 2242.  929.
 2188. 2249.  922. 1865. 2224.  947.]","[1853. 2199.  971. 2107. 2213.  942. 1977. 2237.  928. 2192. 2229.  935.
 2170. 2236.  931. 1854. 2238.  933.]","[-1.7485e+01  4.1250e+00  6.1968e+01  9.1550e-01  9.1550e-01  6.1000e-02
 -1.1080e-01 -3.2470e-01  1.0464e+00]",113
870,4,"[[ 0.29859994 -0.28761036  0.34238964]
 [ 0.09239515 -0.30407429  0.32592571]
 [-0.22083781 -0.30953381  0.32046619]
 [-0.05157051  0.30020825 -0.32979175]
 [-0.21298356  0.29880055 -0.33119945]
 [ 0.27045218  0.22351005 -0.40648995]]","[1853. 2235.  936. 2081. 2243.  928. 1987. 2246.  925. 2186. 2242.  929.
 2191. 2249.  922. 1871. 2193.  978.]","[1853. 2203.  966. 2104. 2214.  942. 1979. 2238.  928. 2190. 2229.  935.
 2173. 2236.  931. 1857. 2235.  937.]","[-1.7419e+01  4.1910e+00  6.1963e+01  1.8921e+00  1.7700e+00  3.0520e-01
 -1.1200e-02 -2.9050e-01  8.8040e-01]",113
871,4,"[[ 0.29776333 -0.29207451  0.33792549]
 [ 0.08587866 -0.3042072   0.3257928 ]
 [-0.22550892 -0.3095599   0.3204401 ]
 [-0.04462676  0.30039644 -0.32960356]
 [-0.20885548  0.29895364 -0.33104636]
 [ 0.25807828  0.1822328  -0.4477672 ]]","[1853. 2238.  933. 2077. 2243.  928. 1992. 2246.  925. 2184. 2242.  929.
 2195. 2249.  922. 1879. 2166. 1005.]","[1853. 2209.  960. 2100. 2213.  942. 1983. 2239.  928. 2187. 2229.  935.
 2178. 2236.  930. 1860. 2226.  946.]","[-17.38     4.241   61.919    0.7935   1.5259  -0.7935  -0.0991  -0.3169
   0.9946]",113
872,4,"[[ 0.2968544  -0.29217443  0.33782557]
 [ 0.07932677 -0.30433967  0.32566033]
 [-0.23006168 -0.30958341  0.32041659]
 [-0.03765082  0.30058475 -0.32941525]
 [-0.20465747  0.29910723 -0.33089277]
 [ 0.24357928  0.14733172 -0.48266828]]","[1854. 2238.  933. 2072. 2243.  928. 1996. 2246.  925. 2181. 2242.  928.
 2197. 2249.  922. 1889. 2144. 1027.]","[1854. 2215.  954. 2096. 2214.  942. 1987. 2241.  927. 2185. 2228.  935.
 2182. 2236.  929. 1865. 2207.  963.]","[-1.7331e+01  4.3070e+00  6.1886e+01  1.4648e+00  2.0752e+00 -6.1000e-02
 -7.0300e-02 -2.9000e-01  9.6140e-01]",113
873,4,"[[ 0.29587339 -0.29227672  0.33772328]
 [ 0.07274305 -0.30447164  0.32552836]
 [-0.23449309 -0.30960431  0.32039569]
 [-0.03064663  0.30077311 -0.32922689]
 [-0.20039132  0.2992613  -0.3307387 ]
 [ 0.2270696   0.11899927 -0.51100073]]","[1855. 2238.  933. 2067. 2244.  927. 2000. 2246.  925. 2178. 2243.  928.
 2200. 2249.  922. 1899. 2125. 1046.]","[1854. 2219.  950. 2092. 2215.  942. 1991. 2242.  927. 2182. 2228.  935.
 2186. 2236.  928. 1873. 2188.  984.]","[-1.7254e+01  4.4000e+00  6.1848e+01  2.3193e+00  2.6855e+00 -3.6620e-01
 -5.7100e-02 -3.0860e-01  9.7410e-01]",113
874,4,"[[ 0.29482054 -0.29238136  0.33761864]
 [ 0.0661311  -0.30460306  0.32539694]
 [-0.23880024 -0.30962258  0.32037742]
 [-0.02361816  0.30096146 -0.32903854]
 [-0.19605882  0.29941578 -0.33058422]
 [ 0.20868525  0.09739314 -0.53260686]]","[1855. 2238.  933. 2063. 2244.  927. 2004. 2246.  925. 2175. 2243.  928.
 2203. 2249.  922. 1911. 2111. 1060.]","[1854. 2221.  947. 2087. 2217.  942. 1995. 2243.  926. 2179. 2228.  935.
 2190. 2236.  928. 1883. 2169. 1003.]","[-17.117    4.493   61.776    3.54     2.8687  -0.9155  -0.0635  -0.3164
   0.9355]",113
875,4,"[[ 0.29369609 -0.29248829  0.33751171]
 [ 0.05949448 -0.30473389  0.32526611]
 [-0.24298027 -0.30963817  0.32036183]
 [-0.01656941  0.3011497  -0.3288503 ]
 [-0.19166179  0.29957065 -0.33042935]
 [ 0.18858207  0.08263539 -0.54736461]]","[1856. 2238.  933. 2058. 2244.  927. 2009. 2246.  925. 2172. 2243.  928.
 2206. 2249.  922. 1925. 2101. 1070.]","[1855. 2222.  945. 2082. 2219.  942. 1998. 2244.  926. 2175. 2229.  934.
 2193. 2236.  928. 1892. 2149. 1024.]","[-17.029    4.548   61.743    2.3804   1.6479  -0.2441  -0.0903  -0.2998
   0.9077]",113
876,4,"[[ 0.29250032 -0.29259748  0.33740252]
 [ 0.05283676 -0.30486406  0.32513594]
 [-0.2470304  -0.30965106  0.32034894]
 [-0.00950442  0.30133777 -0.32866223]
 [-0.18720205  0.29972586 -0.33027414]
 [ 0.16693366  0.07481186 -0.55518814]]","[1857. 2238.  933. 2054. 2244.  927. 2013. 2246.  925. 2170. 2243.  928.
 2209. 2249.  922. 1939. 2096. 1075.]","[1856. 2222.  945. 2078. 2219.  942. 2002. 2244.  926. 2173. 2228.  934.
 2197. 2235.  929. 1900. 2135. 1039.]","[-17.007    4.559   61.771    0.6104   0.1221   0.7324  -0.0767  -0.29
   0.9277]",113
877,4,"[[ 0.29123352 -0.2927089   0.3372911 ]
 [ 0.04616147 -0.30499354  0.32500646]
 [-0.25094791 -0.30966125  0.32033875]
 [-0.00242726  0.30152559 -0.32847441]
 [-0.18268142  0.29988136 -0.33011864]
 [ 0.14392911  0.07401306 -0.55598694]]","[1858. 2238.  933. 2049. 2244.  927. 2017. 2246.  925. 2167. 2243.  928.
 2211. 2249.  922. 1954. 2096. 1075.]","[1856. 2222.  943. 2074. 2219.  942. 2006. 2245.  926. 2171. 2229.  934.
 2200. 2236.  928. 1912. 2121. 1051.]","[-1.6990e+01  4.5590e+00  6.1787e+01  6.1040e-01 -6.1000e-02  3.0520e-01
 -6.7400e-02 -2.9100e-01  9.3950e-01]",113
878,4,"[[ 0.289896   -0.29282249  0.33717751]
 [ 0.03947215 -0.30512227  0.32487773]
 [-0.25473015 -0.30966876  0.32033124]
 [ 0.00465798  0.30171308 -0.32828692]
 [-0.17810174  0.30003712 -0.32996288]
 [ 0.11977045  0.07764908 -0.55235092]]","[1859. 2238.  933. 2044. 2244.  927. 2022. 2246.  925. 2164. 2243.  928.
 2214. 2249.  922. 1969. 2098. 1073.]","[1857. 2222.  943. 2070. 2219.  941. 2009. 2245.  926. 2167. 2228.  934.
 2202. 2236.  929. 1925. 2113. 1060.]","[-16.957    4.565   61.771    0.9155   0.2441  -0.3052  -0.1191  -0.3071
   0.9399]",113
879,4,"[[ 0.28848809 -0.29293822  0.33706178]
 [ 0.03277231 -0.3052502   0.3247498 ]
 [-0.25837455 -0.3096738   0.3203262 ]
 [ 0.01174719  0.30190017 -0.32809983]
 [-0.17346486  0.30019308 -0.32980692]
 [ 0.09466996  0.07775456 -0.55224544]]","[1859. 2238.  933. 2040. 2244.  927. 2026. 2246.  924. 2161. 2243.  928.
 2216. 2249.  922. 1986. 2098. 1073.]","[1859. 2222.  942. 2064. 2219.  942. 2012. 2245.  926. 2164. 2229.  934.
 2206. 2236.  929. 1942. 2107. 1065.]","[-1.6957e+01  4.5700e+00  6.1765e+01  2.4410e-01  1.2210e-01 -6.1000e-02
 -9.1800e-02 -3.0710e-01  9.3120e-01]",113
880,4,"[[ 0.28701012 -0.29305604  0.33694396]
 [ 0.02606543 -0.30537729  0.32462271]
 [-0.26187861 -0.30967663  0.32032337]
 [ 0.01883623  0.30208679 -0.32791321]
 [-0.16877264  0.30034921 -0.32965079]
 [ 0.06884727  0.07745892 -0.55254108]]","[1860. 2239.  932. 2035. 2244.  927. 2031. 2247.  924. 2158. 2243.  928.
 2218. 2249.  922. 2003. 2098. 1073.]","[1859. 2222.  941. 2061. 2219.  942. 2016. 2245.  926. 2162. 2228.  934.
 2208. 2236.  929. 1954. 2106. 1068.]","[-16.968    4.576   61.765   -0.1221   0.       0.      -0.0981  -0.29
   0.9448]",113
881,4,"[[ 0.28546245 -0.29317592  0.33682408]
 [ 0.01935497 -0.30550347  0.32449653]
 [-0.26523993 -0.30966873  0.32033127]
 [ 0.02592094  0.30227284 -0.32772716]
 [-0.16402692  0.30050545 -0.32949455]
 [ 0.04252646  0.07720654 -0.55279346]]","[1861. 2239.  932. 2031. 2245.  926. 2035. 2247.  924. 2154. 2243.  928.
 2220. 2249.  922. 2020. 2098. 1073.]","[1860. 2224.  940. 2056. 2219.  942. 2021. 2246.  925. 2158. 2228.  934.
 2209. 2236.  928. 1970. 2104. 1069.]","[-1.6963e+01  4.5810e+00  6.1782e+01  1.2210e-01 -6.1000e-02  3.6620e-01
 -7.4700e-02 -2.8370e-01  9.6090e-01]",113
882,4,"[[ 0.28384546 -0.29329781  0.33670219]
 [ 0.01264438 -0.3056287   0.3243713 ]
 [-0.26845616 -0.30959487  0.32040513]
 [ 0.03299716  0.30245826 -0.32754174]
 [-0.15922957  0.30066176 -0.32933824]
 [ 0.01593322  0.07708252 -0.55291748]]","[1862. 2239.  932. 2026. 2245.  926. 2039. 2247.  924. 2151. 2244.  927.
 2223. 2249.  922. 2037. 2098. 1073.]","[1862. 2223.  940. 2051. 2219.  942. 2027. 2246.  925. 2155. 2228.  934.
 2212. 2236.  929. 1990. 2102. 1071.]","[-16.952    4.592   61.798    0.2441   0.       0.4272  -0.0645  -0.2988
   0.9556]",113
883,4,"[[ 0.28215955 -0.29342166  0.33657834]
 [ 0.00593707 -0.30575293  0.32424707]
 [-0.27152506 -0.30944139  0.32055861]
 [ 0.04006072  0.30264298 -0.32735702]
 [-0.15438247  0.30081811 -0.32918189]
 [-0.01070804  0.07712018 -0.55287982]]","[1864. 2239.  932. 2021. 2245.  926. 2044. 2247.  924. 2148. 2244.  927.
 2225. 2249.  922. 2054. 2098. 1073.]","[1862. 2224.  939. 2048. 2219.  942. 2029. 2246.  925. 2152. 2228.  934.
 2214. 2236.  929. 2003. 2102. 1071.]","[-16.952    4.598   61.815    0.1221   0.       0.4272  -0.0762  -0.2983
   0.9497]",113
884,4,"[[ 0.28040512 -0.29354744  0.33645256]
 [-0.00076357 -0.30587611  0.32412389]
 [-0.27444446 -0.30922308  0.32077692]
 [ 0.04710743  0.3028269  -0.3271731 ]
 [-0.14948749  0.30097443 -0.32902557]
 [-0.03717685  0.07734471 -0.55265529]]","[1865. 2239.  932. 2017. 2245.  926. 2048. 2247.  924. 2145. 2244.  927.
 2226. 2249.  922. 2072. 2098. 1073.]","[1864. 2224.  938. 2043. 2220.  942. 2035. 2246.  926. 2149. 2229.  934.
 2216. 2236.  929. 2020. 2102. 1071.]","[-1.6946e+01  4.6030e+00  6.1831e+01  6.1000e-02  0.0000e+00  3.6620e-01
 -8.0100e-02 -2.9640e-01  9.4480e-01]",113
885,4,"[[ 0.27858259 -0.29367511  0.33632489]
 [-0.0074542  -0.30599818  0.32400182]
 [-0.27721228 -0.30894392  0.32105608]
 [ 0.05413309  0.30300995 -0.32699005]
 [-0.14454651  0.3011307  -0.3288693 ]
 [-0.06325916  0.07778006 -0.55221994]]","[1866. 2239.  932. 2012. 2245.  926. 2052. 2247.  924. 2142. 2244.  927.
 2228. 2249.  922. 2089. 2098. 1073.]","[1865. 2224.  938. 2039. 2219.  941. 2039. 2246.  925. 2147. 2228.  934.
 2218. 2236.  928. 2037. 2102. 1072.]","[-16.941    4.609   61.842    0.2441   0.       0.3052  -0.0894  -0.3022
   0.9526]",113
886,4,"[[ 0.27669242 -0.29380461  0.33619539]
 [-0.01413149 -0.3061191   0.3238809 ]
 [-0.27982654 -0.30860698  0.32139302]
 [ 0.06113353  0.30319206 -0.32680794]
 [-0.1395614   0.30128685 -0.32871315]
 [-0.08874967  0.0784503  -0.5515497 ]]","[1867. 2239.  932. 2008. 2245.  926. 2057. 2247.  924. 2138. 2244.  927.
 2230. 2249.  922. 2105. 2099. 1072.]","[1866. 2224.  937. 2034. 2219.  942. 2043. 2246.  926. 2143. 2228.  934.
 2220. 2236.  929. 2054. 2103. 1071.]","[-16.935    4.62    61.859    0.1221   0.       0.3662  -0.0854  -0.2959
   0.9478]",113
887,4,"[[ 0.27473505 -0.2939359   0.3360641 ]
 [-0.02079215 -0.30623881  0.32376119]
 [-0.28228535 -0.3082155   0.3217845 ]
 [ 0.06810455  0.30337314 -0.32662686]
 [-0.13453405  0.30144285 -0.32855715]
 [-0.11345376  0.07938    -0.55062   ]]","[1868. 2239.  932. 2003. 2245.  926. 2061. 2247.  924. 2135. 2244.  927.
 2232. 2248.  923. 2121. 2099. 1072.]","[1867. 2225.  937. 2029. 2219.  941. 2048. 2247.  925. 2141. 2228.  934.
 2221. 2236.  929. 2071. 2102. 1072.]","[-16.93     4.625   61.875    0.1221   0.       0.4272  -0.0859  -0.2964
   0.9507]",113
888,4,"[[ 0.27271097 -0.29406895  0.33593105]
 [-0.02743293 -0.30635726  0.32364274]
 [-0.2845869  -0.30777298  0.32222702]
 [ 0.07504197  0.30355312 -0.32644688]
 [-0.12946635  0.30159865 -0.32840135]
 [-0.13718929  0.08059436 -0.54940564]]","[1870. 2239.  932. 1999. 2245.  926. 2065. 2247.  924. 2132. 2244.  927.
 2233. 2248.  923. 2137. 2100. 1071.]","[1868. 2226.  936. 2024. 2219.  942. 2052. 2247.  925. 2137. 2229.  934.
 2224. 2236.  929. 2088. 2102. 1072.]","[-16.924    4.636   61.897    0.1221   0.       0.5493  -0.083   -0.2969
   0.9536]",113
889,4,"[[ 0.27062067 -0.29420369  0.33579631]
 [-0.03405062 -0.30647441  0.32352559]
 [-0.2867295  -0.30728314  0.32271686]
 [ 0.08194162  0.30373191 -0.32626809]
 [-0.12436017  0.3017542  -0.3282458 ]
 [-0.15978798  0.08211914 -0.54788086]]","[1871. 2239.  932. 1994. 2246.  925. 2070. 2247.  924. 2129. 2244.  927.
 2234. 2248.  923. 2152. 2101. 1070.]","[1869. 2226.  936. 2020. 2219.  941. 2057. 2247.  925. 2134. 2228.  934.
 2225. 2236.  929. 2104. 2102. 1071.]","[-16.919    4.647   61.919    0.1831   0.1221   0.4272  -0.0688  -0.2915
   0.9502]",113
890,4,"[[ 0.26846465 -0.2943401   0.3356599 ]
 [-0.04064203 -0.30659019  0.32340981]
 [-0.28871154 -0.30674989  0.32325011]
 [ 0.08879934  0.30390945 -0.32609055]
 [-0.11921742  0.30190946 -0.32809054]
 [-0.18109655  0.08398064 -0.54601936]]","[1872. 2239.  932. 1990. 2246.  925. 2074. 2247.  924. 2125. 2244.  927.
 2236. 2247.  923. 2166. 2102. 1069.]","[1871. 2227.  936. 2016. 2220.  941. 2062. 2248.  925. 2131. 2228.  934.
 2227. 2236.  929. 2120. 2102. 1071.]","[-1.6908e+01  4.6530e+00  6.1935e+01  2.4410e-01  6.1000e-02  4.2720e-01
 -7.3700e-02 -2.8660e-01  9.5310e-01]",113
891,4,"[[ 0.26624344 -0.29447812  0.33552188]
 [-0.04720402 -0.30670457  0.32329543]
 [-0.29053152 -0.30617728  0.32382272]
 [ 0.09561099  0.30408565 -0.32591435]
 [-0.11403998  0.30206437 -0.32793563]
 [-0.20097753  0.08620549 -0.54379451]]","[1874. 2239.  931. 1985. 2246.  925. 2078. 2247.  924. 2122. 2244.  927.
 2237. 2247.  924. 2179. 2104. 1067.]","[1871. 2227.  936. 2013. 2220.  941. 2065. 2247.  925. 2127. 2228.  934.
 2228. 2235.  929. 2135. 2102. 1070.]","[-16.897    4.664   61.952    0.1831   0.       0.4883  -0.0767  -0.2866
   0.9526]",113
892,4,"[[ 0.26395758 -0.2946177   0.3353823 ]
 [-0.05373351 -0.30681749  0.32318251]
 [-0.29218804 -0.30556952  0.32443048]
 [ 0.10237243  0.30426042 -0.32573958]
 [-0.10882972  0.30221891 -0.32778109]
 [-0.21930984  0.08882058 -0.54117942]]","[1875. 2240.  931. 1981. 2246.  925. 2083. 2248.  923. 2118. 2245.  926.
 2238. 2247.  924. 2190. 2105. 1066.]","[1873. 2227.  935. 2008. 2220.  941. 2070. 2248.  925. 2124. 2228.  934.
 2230. 2236.  929. 2150. 2103. 1069.]","[-1.6891e+01  4.6640e+00  6.1974e+01  1.2210e-01 -6.1000e-02  4.8830e-01
 -8.9400e-02 -2.9300e-01  9.4630e-01]",113
893,4,"[[ 0.26160762 -0.29475881  0.33524119]
 [-0.06022744 -0.3069289   0.3230711 ]
 [-0.2936798  -0.30493086  0.32506914]
 [ 0.10907957  0.30443371 -0.32556629]
 [-0.10358855  0.30237301 -0.32762699]
 [-0.23598903  0.09185286 -0.53814714]]","[1877. 2240.  931. 1976. 2246.  925. 2087. 2248.  923. 2115. 2245.  926.
 2239. 2246.  925. 2201. 2107. 1064.]","[1875. 2227.  934. 2003. 2220.  941. 2074. 2248.  925. 2120. 2228.  934.
 2231. 2236.  929. 2163. 2104. 1067.]","[-1.6886e+01  4.6690e+00  6.1990e+01  6.1000e-02 -6.1000e-02  4.2720e-01
 -9.6200e-02 -2.9350e-01  9.4970e-01]",113
894,4,"[[ 0.25919413 -0.29490139  0.33509861]
 [-0.06668279 -0.30703875  0.32296125]
 [-0.2950056  -0.30426565  0.32573435]
 [ 0.11572834  0.30460542 -0.32539458]
 [-0.09831834  0.30252663 -0.32747337]
 [-0.25092734  0.09532919 -0.53467081]]","[1879. 2240.  931. 1972. 2246.  925. 2091. 2248.  923. 2112. 2245.  926.
 2240. 2246.  925. 2211. 2110. 1061.]","[1876. 2228.  934. 1998. 2220.  941. 2079. 2248.  924. 2118. 2228.  934.
 2232. 2236.  929. 2176. 2106. 1066.]","[-16.88     4.675   62.007    0.       0.       0.4272  -0.085   -0.2993
   0.9478]",113
895,4,"[[ 0.2567177  -0.2950454   0.3349546 ]
 [-0.0730966  -0.307147    0.322853  ]
 [-0.29616436 -0.30357824  0.32642176]
 [ 0.12231467  0.30477547 -0.32522453]
 [-0.09302097  0.30267972 -0.32732028]
 [-0.26405348  0.09927612 -0.53072388]]","[1880. 2240.  931. 1968. 2246.  925. 2095. 2248.  923. 2108. 2245.  926.
 2241. 2245.  926. 2220. 2112. 1059.]","[1878. 2228.  933. 1994. 2220.  941. 2083. 2248.  924. 2114. 2228.  934.
 2233. 2235.  930. 2188. 2107. 1064.]","[-16.875    4.68    62.023    0.       0.       0.4883  -0.0713  -0.2935
   0.9541]",113
896,4,"[[ 0.25417893 -0.2951908   0.3348092 ]
 [-0.07946595 -0.30725359  0.32274641]
 [-0.29715512 -0.30287302  0.32712698]
 [ 0.12883456  0.3049438  -0.3250562 ]
 [-0.08769833  0.30283225 -0.32716775]
 [-0.27531232  0.10371976 -0.52628024]]","[1882. 2240.  931. 1964. 2246.  925. 2099. 2248.  923. 2105. 2245.  926.
 2241. 2245.  926. 2227. 2115. 1056.]","[1880. 2228.  933. 1990. 2219.  941. 2087. 2248.  924. 2111. 2228.  934.
 2235. 2236.  931. 2199. 2110. 1062.]","[-1.6875e+01  4.6910e+00  6.2045e+01  6.1000e-02 -6.1000e-02  4.8830e-01
 -6.8400e-02 -2.8520e-01  9.5460e-01]",113
897,4,"[[ 0.25157843 -0.29533752  0.33466248]
 [-0.08578796 -0.30735847  0.32264153]
 [-0.29797701 -0.30215433  0.32784567]
 [ 0.13528402  0.30511032 -0.32488968]
 [-0.08235228  0.30298415 -0.32701585]
 [-0.28466429  0.10868555 -0.52131445]]","[1883. 2240.  931. 1959. 2246.  925. 2103. 2248.  923. 2101. 2245.  926.
 2242. 2244.  926. 2233. 2118. 1053.]","[1881. 2228.  933. 1986. 2220.  941. 2091. 2249.  924. 2108. 2228.  934.
 2235. 2236.  931. 2209. 2112. 1059.]","[-1.6870e+01  4.6910e+00  6.2067e+01  6.1000e-02 -1.2210e-01  4.8830e-01
 -7.9600e-02 -2.9000e-01  9.5260e-01]",113
898,4,"[[ 0.24891685 -0.29548554  0.33451446]
 [-0.09205981 -0.3074616   0.3225384 ]
 [-0.29862953 -0.30142649  0.32857351]
 [ 0.14165912  0.30527495 -0.32472505]
 [-0.0769847   0.30313539 -0.32686461]
 [-0.29208479  0.11419807 -0.51580193]]","[1885. 2240.  931. 1955. 2247.  924. 2108. 2248.  923. 2098. 2245.  926.
 2242. 2244.  927. 2238. 2122. 1049.]","[1882. 2228.  933. 1981. 2220.  941. 2095. 2249.  925. 2105. 2228.  934.
 2236. 2235.  932. 2218. 2115. 1057.]","[-16.864    4.691   62.084    0.      -0.1221   0.5493  -0.0767  -0.2817
   0.9463]",113
899,4,"[[ 0.24619482 -0.2956348   0.3343652 ]
 [-0.09827873 -0.30756292  0.32243708]
 [-0.29911368 -0.30069376  0.32930624]
 [ 0.14795595  0.30543762 -0.32456238]
 [-0.07159745  0.30328592 -0.32671408]
 [-0.29756336  0.1202809  -0.5097191 ]]","[1887. 2240.  931. 1951. 2247.  924. 2112. 2248.  923. 2094. 2245.  926.
 2242. 2244.  927. 2241. 2126. 1045.]","[1884. 2228.  932. 1977. 2220.  941. 2099. 2249.  924. 2101. 2228.  934.
 2237. 2234.  932. 2225. 2118. 1054.]","[-16.859    4.691   62.111    0.      -0.2441   0.6104  -0.084   -0.2798
   0.959 ]",113
900,4,"[[ 0.243413   -0.29578525  0.33421475]
 [-0.10444199 -0.3076624   0.3223376 ]
 [-0.29943814 -0.29996031  0.33003969]
 [ 0.15417066  0.30559826 -0.32440174]
 [-0.06619241  0.30343569 -0.32656431]
 [-0.30110291  0.12695639 -0.50304361]]","[1889. 2240.  931. 1947. 2247.  924. 2116. 2248.  923. 2091. 2245.  926.
 2243. 2243.  928. 2244. 2130. 1041.]","[1886. 2228.  932. 1973. 2220.  941. 2103. 2249.  924. 2098. 2228.  934.
 2238. 2234.  933. 2230. 2121. 1051.]","[-1.6853e+01  4.6910e+00  6.2139e+01  6.1000e-02 -1.2210e-01  5.4930e-01
 -9.6700e-02 -2.8660e-01  9.5700e-01]",113
901,4,"[[ 0.24057208 -0.29593685  0.33406315]
 [-0.11054691 -0.30775998  0.32224002]
 [-0.2995087  -0.29923018  0.33076982]
 [ 0.16029946  0.30575678 -0.32424322]
 [-0.06077142  0.30358466 -0.32641534]
 [-0.30271528  0.13424552 -0.49575448]]","[1891. 2240.  931. 1943. 2247.  924. 2120. 2248.  923. 2087. 2245.  926.
 2243. 2243.  928. 2245. 2135. 1036.]","[1887. 2228.  932. 1968. 2220.  941. 2107. 2249.  925. 2094. 2229.  934.
 2239. 2233.  933. 2235. 2124. 1047.]","[-1.6842e+01  4.6910e+00  6.2161e+01  6.1000e-02 -1.2210e-01  4.8830e-01
 -8.2000e-02 -2.9590e-01  9.4340e-01]",113
902,4,"[[ 0.23767273 -0.29608954  0.33391046]
 [-0.11659086 -0.30785562  0.32214438]
 [-0.29783565 -0.29850617  0.33149383]
 [ 0.16633858  0.30591312 -0.32408688]
 [-0.05533633  0.30373278 -0.32626722]
 [-0.30276349  0.1421652  -0.4878348 ]]","[1893. 2241.  930. 1939. 2247.  924. 2124. 2248.  923. 2084. 2246.  925.
 2242. 2242.  929. 2245. 2140. 1031.]","[1890. 2228.  932. 1964. 2221.  941. 2111. 2249.  925. 2091. 2228.  934.
 2240. 2232.  934. 2239. 2129. 1043.]","[-1.6837e+01  4.6970e+00  6.2183e+01  6.1000e-02 -2.4410e-01  4.2720e-01
 -6.5400e-02 -2.9590e-01  9.5510e-01]",113
903,4,"[[ 0.23471568 -0.29624329  0.33375671]
 [-0.12257129 -0.30794928  0.32205072]
 [-0.29378901 -0.29778993  0.33221007]
 [ 0.17228432  0.30606719 -0.32393281]
 [-0.04988899  0.30388001 -0.32611999]
 [-0.30260324  0.15051328 -0.47948672]]","[1894. 2241.  930. 1935. 2247.  924. 2127. 2248.  923. 2080. 2246.  925.
 2239. 2242.  929. 2245. 2146. 1025.]","[1892. 2228.  931. 1960. 2221.  941. 2115. 2248.  925. 2087. 2228.  934.
 2240. 2232.  935. 2242. 2133. 1038.]","[-16.826    4.691   62.199    0.2441  -0.1831   0.4883  -0.0762  -0.2988
   0.9551]",113
904,4,"[[ 0.23170162 -0.29639803  0.33360197]
 [-0.12848568 -0.30804089  0.32195911]
 [-0.2873724  -0.29708544  0.33291456]
 [ 0.17813306  0.30621893 -0.32378107]
 [-0.04443123  0.3040263  -0.3259737 ]
 [-0.30242579  0.15916409 -0.47083591]]","[1896. 2241.  930. 1931. 2247.  924. 2131. 2248.  923. 2076. 2246.  925.
 2235. 2241.  930. 2245. 2151. 1020.]","[1894. 2229.  931. 1956. 2221.  941. 2118. 2248.  924. 2084. 2228.  933.
 2240. 2231.  935. 2243. 2138. 1034.]","[-16.815    4.686   62.227    0.1831  -0.2441   0.8545  -0.0879  -0.3018
   0.9434]",113
905,4,"[[ 0.2286313  -0.29655374  0.33344626]
 [-0.13433155 -0.30813044  0.32186956]
 [-0.27862646 -0.29639675  0.33360325]
 [ 0.18388121  0.30636826 -0.32363174]
 [-0.03896489  0.3041716  -0.3258284 ]
 [-0.30221614  0.16818291 -0.46181709]]","[1898. 2241.  930. 1928. 2247.  924. 2135. 2248.  923. 2073. 2246.  925.
 2229. 2241.  930. 2245. 2157. 1014.]","[1894. 2229.  931. 1952. 2221.  941. 2122. 2248.  925. 2081. 2228.  933.
 2240. 2231.  935. 2244. 2143. 1029.]","[-16.804    4.691   62.265    0.1831  -0.2441   0.9766  -0.0933  -0.3018
   0.9497]",113
906,4,"[[ 0.22550546 -0.29671035  0.33328965]
 [-0.1401065  -0.30821786  0.32178214]
 [-0.26762356 -0.29572789  0.33427211]
 [ 0.18952525  0.3065151  -0.3234849 ]
 [-0.03349179  0.30431587 -0.32568413]
 [-0.30196583  0.17758114 -0.45241886]]","[1900. 2241.  930. 1924. 2247.  924. 2139. 2248.  923. 2069. 2246.  925.
 2222. 2240.  931. 2244. 2163. 1008.]","[1898. 2229.  930. 1946. 2221.  940. 2127. 2248.  924. 2076. 2228.  933.
 2239. 2230.  936. 2244. 2149. 1022.]","[-16.793    4.691   62.309    0.1831  -0.1831   1.0986  -0.083   -0.3018
   0.9468]",113
907,4,"[[ 0.22232486 -0.29686781  0.33313219]
 [-0.14580818 -0.30830311  0.32169689]
 [-0.25446225 -0.29508273  0.33491727]
 [ 0.19506174  0.30665939 -0.32334061]
 [-0.02801373  0.30445906 -0.32554094]
 [-0.30167093  0.18735649 -0.44264351]]","[1903. 2241.  930. 1920. 2247.  924. 2143. 2248.  922. 2066. 2246.  925.
 2213. 2240.  931. 2244. 2170. 1001.]","[1898. 2229.  930. 1944. 2221.  940. 2130. 2247.  925. 2073. 2228.  933.
 2235. 2230.  936. 2244. 2153. 1018.]","[-16.787    4.697   62.347    0.1221  -0.2441   0.8545  -0.0688  -0.293
   0.9463]",113
908,4,"[[ 0.21909027 -0.29702609  0.33297391]
 [-0.15143428 -0.30838616  0.32161384]
 [-0.23926371 -0.29446508  0.33553492]
 [ 0.20048731  0.30680105 -0.32319895]
 [-0.02253252  0.30460114 -0.32539886]
 [-0.30132966  0.19750375 -0.43249625]]","[1905. 2241.  930. 1917. 2248.  923. 2146. 2249.  922. 2062. 2246.  925.
 2203. 2239.  932. 2244. 2176.  995.]","[1901. 2229.  930. 1941. 2221.  940. 2134. 2248.  924. 2070. 2228.  932.
 2230. 2230.  937. 2244. 2159. 1012.]","[-1.6782e+01  4.6970e+00  6.2380e+01  6.1000e-02 -2.4410e-01  6.1040e-01
 -7.5700e-02 -2.9300e-01  9.5360e-01]",113
909,4,"[[ 0.21580248 -0.29718513  0.33281487]
 [-0.15698258 -0.30846696  0.32153304]
 [-0.22216906 -0.29387857  0.33612143]
 [ 0.20579864  0.30694002 -0.32305998]
 [-0.01704997  0.30474204 -0.32525796]
 [-0.30094118  0.20801701 -0.42198299]]","[1907. 2241.  930. 1913. 2248.  923. 2150. 2249.  922. 2059. 2246.  925.
 2192. 2239.  932. 2244. 2183.  988.]","[1902. 2229.  929. 1937. 2221.  940. 2137. 2247.  923. 2067. 2228.  932.
 2223. 2229.  938. 2244. 2165. 1006.]","[-16.782    4.697   62.413   -0.1221  -0.2441   0.7935  -0.0894  -0.2969
   0.9487]",113
910,4,"[[ 0.21246228 -0.29734489  0.33265511]
 [-0.16245088 -0.30854547  0.32145453]
 [-0.20333686 -0.29332671  0.33667329]
 [ 0.21099252  0.30707623 -0.32292377]
 [-0.01156784  0.30488175 -0.32511825]
 [-0.30050501  0.21889019 -0.41110981]]","[1909. 2241.  930. 1910. 2248.  923. 2153. 2249.  922. 2055. 2246.  925.
 2180. 2239.  932. 2243. 2190.  981.]","[1903. 2229.  930. 1933. 2221.  940. 2141. 2247.  923. 2063. 2228.  931.
 2216. 2230.  939. 2244. 2172. 1000.]","[-16.798    4.691   62.463   -0.5493  -0.6104   1.4038  -0.0952  -0.3013
   0.939 ]",113
911,4,"[[ 0.20907049 -0.29750531  0.33249469]
 [-0.16783706 -0.30862164  0.32137836]
 [-0.18294054 -0.29281278  0.33718722]
 [ 0.21606578  0.3072096  -0.3227904 ]
 [-0.00608792  0.30502019 -0.32497981]
 [-0.30002087  0.23011708 -0.39988292]]","[1911. 2241.  930. 1907. 2248.  923. 2157. 2249.  922. 2051. 2246.  925.
 2167. 2238.  933. 2243. 2198.  973.]","[1903. 2229.  929. 1929. 2220.  940. 2144. 2248.  924. 2060. 2228.  931.
 2208. 2230.  940. 2244. 2179.  993.]","[-16.815    4.691   62.54    -0.5493  -0.7935   2.1362  -0.083   -0.3115
   0.9463]",113
912,4,"[[ 0.20562793 -0.29766634  0.33233366]
 [-0.17313904 -0.30869545  0.32130455]
 [-0.16116584 -0.2923399   0.3376601 ]
 [ 0.22101536  0.30734007 -0.32265993]
 [-0.00061197  0.30515734 -0.32484266]
 [-0.29948851  0.24169146 -0.38830854]]","[1913. 2242.  929. 1903. 2248.  923. 2160. 2249.  922. 2048. 2246.  925.
 2153. 2238.  933. 2243. 2205.  966.]","[1903. 2229.  929. 1925. 2221.  940. 2149. 2248.  923. 2056. 2228.  930.
 2196. 2229.  942. 2244. 2187.  985.]","[-16.831    4.691   62.639   -0.3662  -0.7324   2.5635  -0.0708  -0.3149
   0.9565]",113
913,4,"[[ 0.20213544 -0.29782795  0.33217205]
 [-0.17835482 -0.30876685  0.32123315]
 [-0.13820814 -0.27880316  0.35119684]
 [ 0.22583827  0.30746757 -0.32253243]
 [ 0.00485825  0.30529316 -0.32470684]
 [-0.29890776  0.25360708 -0.37639292]]","[1916. 2242.  929. 1900. 2248.  923. 2164. 2249.  922. 2044. 2247.  924.
 2138. 2229.  942. 2242. 2213.  958.]","[1905. 2230.  929. 1921. 2221.  940. 2152. 2248.  923. 2052. 2228.  929.
 2186. 2227.  942. 2244. 2194.  979.]","[-16.842    4.691   62.748   -0.3052  -0.7935   2.7466  -0.0801  -0.3184
   0.9438]",113
914,4,"[[ 0.19859387 -0.29799007  0.33200993]
 [-0.18348243 -0.3088358   0.3211642 ]
 [-0.11426984 -0.22781626  0.40218374]
 [ 0.23053161  0.30759204 -0.32240796]
 [ 0.01032101  0.30542759 -0.32457241]
 [-0.29827843  0.26585763 -0.36414237]]","[1918. 2242.  929. 1897. 2248.  923. 2167. 2249.  922. 2041. 2247.  924.
 2122. 2196.  975. 2242. 2221.  950.]","[1907. 2231.  929. 1918. 2221.  940. 2155. 2248.  923. 2050. 2228.  928.
 2176. 2224.  945. 2244. 2199.  974.]","[-16.853    4.691   62.875   -0.3052  -1.0376   3.2959  -0.0986  -0.3281
   0.9497]",113
915,4,"[[ 0.19500406 -0.29815267  0.33184733]
 [-0.18852    -0.30890226  0.32109774]
 [-0.08955763 -0.18335249  0.44664751]
 [ 0.23509256  0.30771341 -0.32228659]
 [ 0.01577458  0.30556059 -0.32443941]
 [-0.29760038  0.27843682 -0.35156318]]","[1920. 2242.  929. 1894. 2248.  923. 2170. 2249.  922. 2037. 2247.  924.
 2106. 2167. 1004. 2242. 2229.  942.]","[1908. 2232.  930. 1915. 2221.  940. 2158. 2247.  924. 2046. 2229.  927.
 2164. 2215.  953. 2244. 2204.  967.]","[-16.853    4.697   63.029    0.1831  -0.9766   3.9062  -0.0762  -0.3081
   0.9648]",113
916,4,"[[ 0.19136691 -0.2983157   0.3316843 ]
 [-0.19346567 -0.30896621  0.32103379]
 [-0.06428003 -0.14569033  0.48430967]
 [ 0.23951841  0.30783162 -0.32216838]
 [ 0.02121723  0.30569213 -0.32430787]
 [-0.29687344  0.29133832 -0.33866168]]","[1923. 2242.  929. 1891. 2248.  923. 2174. 2249.  922. 2034. 2247.  924.
 2089. 2142. 1028. 2241. 2237.  934.]","[1909. 2232.  930. 1911. 2223.  940. 2161. 2246.  924. 2042. 2230.  925.
 2150. 2200.  963. 2242. 2212.  959.]","[-1.6837e+01  4.7130e+00  6.3193e+01  5.4930e-01 -8.5450e-01  4.0894e+00
 -4.3900e-02 -2.7100e-01  9.6480e-01]",113
917,4,"[[ 0.18768328 -0.2984791   0.3315209 ]
 [-0.19831767 -0.3090276   0.3209724 ]
 [-0.03864489 -0.11506885  0.51493115]
 [ 0.24380652  0.30794661 -0.32205339]
 [ 0.02664727  0.30582216 -0.32417784]
 [-0.2960975   0.29210409 -0.33789591]]","[1925. 2242.  929. 1889. 2248.  923. 2177. 2249.  922. 2030. 2247.  924.
 2073. 2123. 1048. 2241. 2238.  933.]","[1913. 2232.  931. 1904. 2227.  939. 2163. 2243.  925. 2037. 2232.  922.
 2130. 2177.  985. 2241. 2219.  951.]","[-1.6771e+01  4.7020e+00  6.3380e+01  2.0142e+00 -2.0752e+00  4.8218e+00
 -1.2200e-02 -2.3340e-01  9.4530e-01]",113
918,4,"[[ 0.18395408 -0.29864282  0.33135718]
 [-0.20307428 -0.30908639  0.32091361]
 [-0.01285717 -0.09168587  0.53831413]
 [ 0.24795435  0.30805831 -0.32194169]
 [ 0.032063    0.30595064 -0.32404936]
 [-0.29527243  0.29220555 -0.33779445]]","[1928. 2242.  929. 1886. 2248.  923. 2180. 2249.  922. 2027. 2247.  924.
 2056. 2107. 1064. 2240. 2238.  933.]","[1916. 2232.  931. 1901. 2230.  937. 2165. 2241.  925. 2034. 2233.  921.
 2116. 2168. 1002. 2241. 2222.  946.]","[-1.6606e+01  4.6420e+00  6.3622e+01  5.1270e+00 -3.5400e+00  5.8594e+00
  3.2700e-02 -1.9970e-01  1.1167e+00]",113
919,4,"[[ 0.18018021 -0.29880683  0.33119317]
 [-0.20773384 -0.30914257  0.32085743]
 [ 0.01288313 -0.07569645  0.55430355]
 [ 0.25195946  0.30816668 -0.32183332]
 [ 0.03746275  0.30607753 -0.32392247]
 [-0.29439812  0.29230927 -0.33769073]]","[1930. 2242.  929. 1883. 2248.  923. 2183. 2249.  922. 2023. 2247.  924.
 2039. 2097. 1074. 2239. 2238.  933.]","[1923. 2232.  931. 1897. 2234.  934. 2168. 2237.  925. 2031. 2235.  921.
 2098. 2151. 1022. 2242. 2223.  943.]","[-1.6293e+01  4.5590e+00  6.3831e+01  9.0332e+00 -2.3804e+00  3.4180e+00
  4.4900e-02 -2.8810e-01  9.6240e-01]",113
920,4,"[[ 0.17636258 -0.29897107  0.33102893]
 [-0.21229475 -0.30919608  0.32080392]
 [ 0.03838282 -0.06721157  0.56278843]
 [ 0.25581951  0.30827164 -0.32172836]
 [ 0.04284485  0.30620279 -0.32379721]
 [-0.29347446  0.29241523 -0.33758477]]","[1933. 2242.  929. 1881. 2248.  923. 2186. 2249.  922. 2020. 2247.  924.
 2022. 2091. 1080. 2239. 2238.  933.]","[1929. 2233.  931. 1894. 2237.  931. 2172. 2236.  925. 2028. 2237.  921.
 2078. 2133. 1038. 2244. 2223.  941.]","[-1.5952e+01  4.4550e+00  6.3896e+01  7.1411e+00 -1.8311e+00 -1.2817e+00
 -1.5100e-02 -2.5150e-01  1.0029e+00]",113
921,4,"[[ 0.17250212 -0.2991355   0.3308645 ]
 [-0.21675547 -0.30924691  0.32075309]
 [ 0.06345709 -0.0663289   0.5636711 ]
 [ 0.25953225  0.30837315 -0.32162685]
 [ 0.04820764  0.30632638 -0.32367362]
 [-0.29250136  0.29252336 -0.33747664]]","[1935. 2243.  928. 1878. 2249.  922. 2189. 2249.  922. 2016. 2247.  924.
 2006. 2091. 1080. 2238. 2238.  933.]","[1931. 2235.  931. 1892. 2240.  928. 2176. 2236.  925. 2025. 2239.  921.
 2060. 2120. 1053. 2244. 2223.  941.]","[-15.667    4.356   63.77     7.1411   0.2441  -5.7373  -0.1099  -0.271
   0.9272]",113
922,4,"[[ 0.16859978 -0.29930006  0.33069994]
 [-0.22111452 -0.30929503  0.32070497]
 [ 0.0879309  -0.07051862  0.55948138]
 [ 0.26309555  0.30847114 -0.32152886]
 [ 0.05354951  0.30644826 -0.32355174]
 [-0.29147876  0.29263362 -0.33736638]]","[1938. 2243.  928. 1876. 2249.  922. 2192. 2249.  922. 2013. 2247.  924.
 1990. 2093. 1077. 2238. 2238.  933.]","[1934. 2235.  931. 1890. 2241.  927. 2179. 2235.  926. 2021. 2240.  921.
 2044. 2110. 1063. 2243. 2223.  941.]","[-15.496    4.296   63.517    3.9062   0.8545  -6.5918  -0.1909  -0.2422
   0.8872]",113
923,4,"[[ 0.1646565  -0.29946471  0.33053529]
 [-0.22537046 -0.30934039  0.32065961]
 [ 0.11164009 -0.07121618  0.55878382]
 [ 0.26650736  0.30856557 -0.32143443]
 [ 0.05886881  0.30656839 -0.32343161]
 [-0.29040657  0.29274597 -0.33725403]]","[1940. 2243.  928. 1874. 2249.  922. 2194. 2249.  922. 2009. 2247.  924.
 1975. 2094. 1077. 2237. 2238.  933.]","[1936. 2235.  931. 1886. 2240.  927. 2183. 2236.  926. 2019. 2240.  921.
 2027. 2104. 1069. 2240. 2224.  941.]","[-15.408    4.279   63.336    1.77     0.6104  -3.7842  -0.2148  -0.2095
   0.9189]",113
924,4,"[[ 0.16067323 -0.29962941  0.33037059]
 [-0.22952194 -0.30938298  0.32061702]
 [ 0.13443223 -0.07169326  0.55830674]
 [ 0.26976575  0.30865638 -0.32134362]
 [ 0.06416396  0.30668674 -0.32331326]
 [-0.28928475  0.29286035 -0.33713965]]","[1943. 2243.  928. 1872. 2249.  922. 2197. 2249.  922. 2006. 2247.  924.
 1960. 2094. 1077. 2236. 2238.  933.]","[1939. 2235.  931. 1884. 2240.  927. 2185. 2236.  926. 2014. 2240.  921.
 2008. 2101. 1072. 2235. 2224.  940.]","[-15.381    4.285   63.27     0.2441   0.      -0.9155  -0.1753  -0.2422
   0.9106]",113
925,4,"[[ 0.15665094 -0.29979409  0.33020591]
 [-0.23356764 -0.30942276  0.32057724]
 [ 0.15616727 -0.0723741   0.5576259 ]
 [ 0.2728689   0.30874352 -0.32125648]
 [ 0.06943336  0.30680326 -0.32319674]
 [-0.28811325  0.29297671 -0.33702329]]","[1945. 2243.  928. 1870. 2249.  922. 2200. 2249.  922. 2002. 2248.  923.
 1946. 2095. 1076. 2235. 2238.  932.]","[1941. 2235.  930. 1881. 2241.  928. 2188. 2236.  925. 2011. 2240.  921.
 1993. 2100. 1074. 2234. 2224.  940.]","[-15.408    4.307   63.276   -1.2207  -0.2441   0.3662  -0.1187  -0.2686
   0.9375]",113
926,4,"[[ 0.15259062 -0.29995873  0.33004127]
 [-0.23750633 -0.30945971  0.32054029]
 [ 0.176718   -0.0733397   0.5566603 ]
 [ 0.27581508  0.30882694 -0.32117306]
 [ 0.07467543  0.30691791 -0.32308209]
 [-0.28689204  0.29309502 -0.33690498]]","[1948. 2243.  928. 1868. 2249.  922. 2202. 2249.  922. 1999. 2248.  923.
 1932. 2095. 1076. 2235. 2239.  932.]","[1943. 2235.  930. 1879. 2240.  928. 2191. 2236.  926. 2008. 2240.  921.
 1977. 2099. 1074. 2234. 2224.  940.]","[-1.5436e+01  4.3290e+00  6.3287e+01 -7.9350e-01 -1.2210e-01  2.4410e-01
 -5.3200e-02 -2.8170e-01  1.0059e+00]",113
927,4,"[[ 0.14849323 -0.30012327  0.32987673]
 [-0.2413368  -0.30949381  0.32050619]
 [ 0.19597031 -0.07462499  0.55537501]
 [ 0.27860267  0.3089066  -0.3210934 ]
 [ 0.07988863  0.30703067 -0.32296933]
 [-0.2856211   0.29321521 -0.33678479]]","[1951. 2243.  928. 1866. 2249.  922. 2205. 2249.  922. 1995. 2248.  923.
 1920. 2096. 1075. 2234. 2239.  932.]","[1946. 2235.  930. 1877. 2240.  928. 2194. 2235.  925. 2004. 2240.  921.
 1963. 2099. 1075. 2233. 2224.  940.]","[-1.5436e+01  4.3450e+00  6.3276e+01  6.1000e-02  2.4410e-01 -5.4930e-01
 -3.6600e-02 -2.9830e-01  9.4480e-01]",113
928,4,"[[ 0.1443598  -0.30028766  0.32971234]
 [-0.24505794 -0.30952503  0.32047497]
 [ 0.2138232  -0.07625775  0.55374225]
 [ 0.28123017  0.30898244 -0.32101756]
 [ 0.0850714   0.30714149 -0.32285851]
 [-0.28430041  0.29333725 -0.33666275]]","[1953. 2243.  928. 1864. 2249.  922. 2207. 2249.  922. 1992. 2248.  923.
 1908. 2097. 1074. 2233. 2239.  932.]","[1948. 2235.  930. 1875. 2241.  927. 2196. 2236.  925. 2003. 2240.  921.
 1948. 2098. 1074. 2233. 2223.  940.]","[-1.5436e+01  4.3560e+00  6.3237e+01  6.1000e-02  2.4410e-01 -9.1550e-01
 -5.9100e-02 -2.9790e-01  9.5560e-01]",113
929,4,"[[ 0.1401913  -0.30045186  0.32954814]
 [-0.24866866 -0.30955335  0.32044665]
 [ 0.23018876 -0.07826438  0.55173562]
 [ 0.28369619  0.30905442 -0.32094558]
 [ 0.09022222  0.30725035 -0.32274965]
 [-0.28292998  0.29346108 -0.33653892]]","[1956. 2243.  928. 1863. 2249.  922. 2210. 2249.  922. 1989. 2248.  923.
 1897. 2099. 1072. 2232. 2239.  932.]","[1951. 2235.  930. 1873. 2241.  928. 2198. 2235.  926. 2001. 2240.  921.
 1935. 2099. 1074. 2233. 2224.  940.]","[-1.5430e+01  4.3560e+00  6.3215e+01  3.0520e-01  6.1000e-02 -4.2720e-01
 -6.5400e-02 -2.9050e-01  9.5310e-01]",113
930,4,"[[ 0.13598876 -0.30061582  0.32938418]
 [-0.25216796 -0.30957874  0.32042126]
 [ 0.24499196 -0.08067103  0.54932897]
 [ 0.28599945  0.3091225  -0.3208775 ]
 [ 0.09533959  0.30735719 -0.32264281]
 [-0.28150983  0.29358666 -0.33641334]]","[1959. 2243.  927. 1861. 2249.  922. 2212. 2249.  922. 1985. 2248.  923.
 1888. 2100. 1071. 2231. 2239.  932.]","[1953. 2235.  930. 1871. 2241.  927. 2200. 2236.  926. 1997. 2240.  921.
 1923. 2099. 1074. 2232. 2224.  940.]","[-15.425    4.362   63.204    0.3052   0.      -0.1831  -0.0801  -0.2793
   0.957 ]",113
931,4,"[[ 0.1317532  -0.3007795   0.3292205 ]
 [-0.25555486 -0.30960119  0.32039881]
 [ 0.25817031 -0.08350378  0.54649622]
 [ 0.28813877  0.30918665 -0.32081335]
 [ 0.10042202  0.307462   -0.322538  ]
 [-0.28003999  0.29371393 -0.33628607]]","[1962. 2244.  927. 1860. 2249.  922. 2214. 2249.  922. 1982. 2248.  923.
 1879. 2102. 1069. 2230. 2239.  932.]","[1956. 2235.  929. 1870. 2240.  927. 2202. 2236.  926. 1994. 2240.  921.
 1911. 2099. 1072. 2232. 2224.  940.]","[-1.5419e+01  4.3620e+00  6.3193e+01  3.6620e-01  6.1000e-02 -3.6620e-01
 -9.0300e-02 -2.6070e-01  9.6340e-01]",113
932,4,"[[ 0.12748564 -0.30094284  0.32905716]
 [-0.25882849 -0.30962068  0.32037932]
 [ 0.26967349 -0.08678848  0.54321152]
 [ 0.29011309  0.30924681 -0.32075319]
 [ 0.10546803  0.30756474 -0.32243526]
 [-0.27852048  0.29384286 -0.33615714]]","[1964. 2244.  927. 1858. 2249.  922. 2216. 2249.  922. 1979. 2248.  923.
 1872. 2104. 1067. 2229. 2239.  932.]","[1959. 2235.  929. 1868. 2241.  927. 2205. 2235.  925. 1990. 2240.  921.
 1901. 2101. 1071. 2231. 2224.  940.]","[-15.403    4.367   63.177    0.3662   0.1221  -0.4272  -0.0913  -0.2534
   0.957 ]",113
933,4,"[[ 0.12318713 -0.30110582  0.32889418]
 [-0.26198798 -0.30963719  0.32036281]
 [ 0.27946284 -0.09055068  0.53944932]
 [ 0.29192146  0.30930295 -0.32069705]
 [ 0.11047617  0.30766536 -0.32233464]
 [-0.27695136  0.29397339 -0.33602661]]","[1967. 2244.  927. 1857. 2249.  922. 2218. 2249.  922. 1975. 2248.  923.
 1865. 2107. 1064. 2228. 2239.  932.]","[1961. 2236.  929. 1866. 2240.  928. 2207. 2235.  926. 1987. 2240.  921.
 1891. 2102. 1069. 2229. 2224.  940.]","[-15.392    4.378   63.16     0.3052   0.1221  -0.3662  -0.0732  -0.2432
   0.9639]",113
934,4,"[[ 0.1188587  -0.30126836  0.32873164]
 [-0.26503256 -0.3096507   0.3203493 ]
 [ 0.28751092 -0.09481539  0.53518461]
 [ 0.29356305  0.30935504 -0.32064496]
 [ 0.11544501  0.30776385 -0.32223615]
 [-0.2753327   0.29410548 -0.33589452]]","[1970. 2244.  927. 1856. 2249.  922. 2220. 2249.  922. 1972. 2248.  923.
 1860. 2109. 1062. 2227. 2239.  932.]","[1964. 2235.  929. 1865. 2241.  927. 2209. 2235.  926. 1983. 2240.  921.
 1882. 2104. 1067. 2229. 2224.  940.]","[-1.5386e+01  4.3840e+00  6.3149e+01  6.1000e-02  6.1000e-02 -2.4410e-01
 -6.9300e-02 -2.5000e-01  9.5700e-01]",113
935,4,"[[ 0.11450141 -0.30143045  0.32856955]
 [-0.26796148 -0.30966122  0.32033878]
 [ 0.29380088 -0.09960695  0.53039305]
 [ 0.29503713  0.30940304 -0.32059696]
 [ 0.12037313  0.30786017 -0.32213983]
 [-0.27366456  0.29423908 -0.33576092]]","[1973. 2244.  927. 1855. 2249.  922. 2222. 2249.  922. 1969. 2248.  923.
 1856. 2112. 1059. 2226. 2239.  932.]","[1967. 2235.  929. 1863. 2241.  928. 2211. 2235.  926. 1980. 2240.  921.
 1875. 2107. 1065. 2228. 2224.  940.]","[-1.5381e+01  4.3840e+00  6.3138e+01 -6.1000e-02  0.0000e+00 -1.8310e-01
 -5.5200e-02 -2.4900e-01  9.6630e-01]",113
936,4,"[[ 0.11011632 -0.30159202  0.32840798]
 [-0.27077409 -0.30966882  0.32033118]
 [ 0.29832593 -0.10494882  0.52505118]
 [ 0.29634309  0.30944692 -0.32055308]
 [ 0.12525912  0.30795429 -0.32204571]
 [-0.27194704  0.29437413 -0.33562587]]","[1976. 2244.  927. 1854. 2249.  922. 2224. 2249.  922. 1966. 2248.  923.
 1853. 2116. 1055. 2225. 2239.  932.]","[1970. 2236.  929. 1862. 2241.  928. 2213. 2235.  926. 1977. 2240.  921.
 1868. 2109. 1063. 2226. 2224.  940.]","[-1.5381e+01  4.3780e+00  6.3122e+01  0.0000e+00  6.1000e-02 -4.8830e-01
 -6.5400e-02 -2.5830e-01  9.6190e-01]",113
937,4,"[[ 0.10570448 -0.30175303  0.32824697]
 [-0.27346975 -0.30967375  0.32032625]
 [ 0.30108873 -0.11086343  0.51913657]
 [ 0.29748045  0.30948665 -0.32051335]
 [ 0.13010162  0.30804617 -0.32195383]
 [-0.27018024  0.29451061 -0.33548939]]","[1979. 2244.  927. 1854. 2249.  922. 2226. 2249.  922. 1963. 2248.  923.
 1851. 2120. 1051. 2224. 2239.  931.]","[1973. 2236.  929. 1860. 2241.  927. 2215. 2235.  926. 1974. 2240.  921.
 1863. 2112. 1060. 2226. 2224.  940.]","[-1.5375e+01  4.3780e+00  6.3100e+01  0.0000e+00  6.1000e-02 -6.1040e-01
 -8.4000e-02 -2.7100e-01  9.5650e-01]",113
938,4,"[[ 0.10126698 -0.30191345  0.32808655]
 [-0.2760479  -0.30967617  0.32032383]
 [ 0.30209327 -0.11737198  0.51262802]
 [ 0.29844881  0.3095222  -0.3204778 ]
 [ 0.13489925  0.3081358  -0.3218642 ]
 [-0.26836426  0.29464844 -0.33535156]]","[1981. 2244.  927. 1853. 2249.  922. 2227. 2249.  922. 1960. 2248.  923.
 1851. 2124. 1047. 2222. 2240.  931.]","[1976. 2235.  929. 1860. 2241.  928. 2218. 2235.  926. 1972. 2240.  921.
 1859. 2115. 1057. 2225. 2223.  940.]","[-15.375    4.378   63.073    0.       0.1221  -0.5493  -0.0825  -0.2744
   0.9556]",113
939,4,"[[ 0.09680488 -0.30207322  0.32792678]
 [-0.27850804 -0.30966234  0.32033766]
 [ 0.30196585 -0.12448027  0.50551973]
 [ 0.29924795  0.30955355 -0.32044645]
 [ 0.13965068  0.30822313 -0.32177687]
 [-0.26649924  0.2947876  -0.3352124 ]]","[1984. 2244.  927. 1852. 2249.  922. 2229. 2249.  922. 1956. 2248.  923.
 1851. 2129. 1042. 2221. 2240.  931.]","[1978. 2235.  929. 1859. 2240.  928. 2219. 2235.  927. 1968. 2240.  921.
 1856. 2119. 1053. 2223. 2224.  940.]","[-15.37     4.378   63.056    0.       0.1221  -0.4883  -0.0713  -0.2759
   0.9609]",113
940,4,"[[ 0.09231928 -0.3022323   0.3277677 ]
 [-0.2808497  -0.309571    0.320429  ]
 [ 0.30181033 -0.13192785  0.49807215]
 [ 0.29987798  0.30958067 -0.32041933]
 [ 0.14435459  0.30830814 -0.32169186]
 [-0.2645853   0.29492803 -0.33507197]]","[1987. 2245.  926. 1852. 2249.  922. 2231. 2249.  922. 1953. 2248.  922.
 1851. 2134. 1037. 2220. 2240.  931.]","[1981. 2235.  929. 1858. 2241.  927. 2221. 2235.  927. 1966. 2239.  922.
 1854. 2123. 1049. 2222. 2223.  940.]","[-15.364    4.378   63.029    0.1221   0.1221  -0.5493  -0.0654  -0.271
   0.9629]",113
941,4,"[[ 0.08781126 -0.30239065  0.32760935]
 [-0.28307249 -0.30940361  0.32059639]
 [ 0.30167214 -0.13970365  0.49029635]
 [ 0.30034088  0.30960354 -0.32039646]
 [ 0.14900968  0.30839081 -0.32160919]
 [-0.2626226   0.29506969 -0.33493031]]","[1990. 2245.  926. 1852. 2249.  922. 2232. 2249.  922. 1950. 2249.  922.
 1851. 2139. 1032. 2219. 2240.  931.]","[1983. 2236.  929. 1857. 2241.  928. 2223. 2235.  927. 1963. 2240.  921.
 1853. 2127. 1045. 2221. 2224.  940.]","[-1.5359e+01  4.3730e+00  6.3007e+01  1.8310e-01  6.1000e-02 -5.4930e-01
 -7.3200e-02 -2.6660e-01  9.5850e-01]",113
942,4,"[[ 0.08328192 -0.30254823  0.32745177]
 [-0.28517605 -0.3091715   0.3208285 ]
 [ 0.30152959 -0.1478633   0.4821367 ]
 [ 0.30064714  0.30962214 -0.32037786]
 [ 0.15361467  0.30847111 -0.32152889]
 [-0.26061129  0.29521253 -0.33478747]]","[1993. 2245.  926. 1852. 2249.  922. 2233. 2249.  922. 1947. 2249.  922.
 1851. 2144. 1027. 2217. 2240.  931.]","[1986. 2235.  929. 1856. 2240.  928. 2224. 2235.  927. 1960. 2240.  921.
 1852. 2132. 1040. 2220. 2224.  940.]","[-1.5353e+01  4.3730e+00  6.2996e+01  6.1000e-02  0.0000e+00 -3.6620e-01
 -8.5000e-02 -2.6030e-01  9.5460e-01]",113
943,4,"[[ 0.07873235 -0.30270499  0.32729501]
 [-0.28716008 -0.30887841  0.32112159]
 [ 0.30137095 -0.15641416  0.47358584]
 [ 0.30063531  0.30963636 -0.32036364]
 [ 0.15816829  0.308549   -0.321451  ]
 [-0.25855156  0.2953565  -0.3346435 ]]","[1996. 2245.  926. 1852. 2249.  922. 2235. 2249.  922. 1944. 2249.  922.
 1851. 2149. 1022. 2216. 2240.  931.]","[1989. 2235.  929. 1856. 2241.  928. 2226. 2236.  927. 1957. 2240.  920.
 1853. 2136. 1036. 2218. 2223.  940.]","[-15.353    4.373   62.979    0.       0.      -0.3052  -0.0801  -0.2593
   0.9609]",113
944,4,"[[ 0.07416366 -0.30286089  0.32713911]
 [-0.28902434 -0.30852755  0.32147245]
 [ 0.30119033 -0.16535223  0.46464777]
 [ 0.29874152  0.30964489 -0.32035511]
 [ 0.1626693   0.30862447 -0.32137553]
 [-0.25644359  0.29550156 -0.33449844]]","[1999. 2245.  926. 1853. 2249.  922. 2236. 2249.  922. 1941. 2249.  922.
 1851. 2155. 1016. 2215. 2240.  931.]","[1992. 2235.  929. 1855. 2240.  928. 2227. 2235.  927. 1955. 2240.  921.
 1853. 2141. 1031. 2216. 2224.  940.]","[-1.5348e+01  4.3730e+00  6.2963e+01  0.0000e+00  6.1000e-02 -4.2720e-01
 -7.7600e-02 -2.5880e-01  9.6730e-01]",113
945,4,"[[ 0.06957697 -0.30301589  0.32698411]
 [-0.29076864 -0.30812237  0.32187763]
 [ 0.30098478 -0.17467092  0.45532908]
 [ 0.29449766  0.30964716 -0.32035284]
 [ 0.16711649  0.30869749 -0.32130251]
 [-0.25428758  0.29564766 -0.33435234]]","[2002. 2245.  926. 1856. 2249.  922. 2237. 2248.  923. 1939. 2249.  922.
 1851. 2161. 1010. 2213. 2240.  931.]","[1995. 2235.  929. 1855. 2241.  927. 2229. 2235.  927. 1953. 2240.  921.
 1852. 2147. 1026. 2216. 2224.  940.]","[-1.5348e+01  4.3730e+00  6.2946e+01  0.0000e+00  6.1000e-02 -4.2720e-01
 -7.4200e-02 -2.6120e-01  9.5170e-01]",113
946,4,"[[ 0.06497337 -0.30316995  0.32683005]
 [-0.29239283 -0.30766655  0.32233345]
 [ 0.30075277 -0.18436293  0.44563707]
 [ 0.28792807  0.30964518 -0.32035482]
 [ 0.17150866  0.30876804 -0.32123196]
 [-0.25208374  0.29579475 -0.33420525]]","[2005. 2245.  926. 1860. 2249.  922. 2238. 2248.  923. 1936. 2249.  922.
 1851. 2168. 1003. 2212. 2240.  931.]","[1997. 2235.  929. 1855. 2241.  927. 2230. 2235.  928. 1949. 2240.  920.
 1852. 2152. 1020. 2214. 2224.  940.]","[-15.348    4.367   62.935   -0.1221   0.      -0.3052  -0.0767  -0.2627
   0.9604]",113
947,4,"[[ 0.060354   -0.30332303  0.32667697]
 [-0.29389683 -0.307164    0.322836  ]
 [ 0.30049346 -0.19442074  0.43557926]
 [ 0.27909337  0.30962302 -0.32037698]
 [ 0.17584463  0.3088361  -0.3211639 ]
 [-0.24983229  0.2959428  -0.3340572 ]]","[2008. 2245.  926. 1866. 2249.  922. 2239. 2248.  923. 1933. 2249.  922.
 1852. 2174.  997. 2210. 2240.  931.]","[2000. 2235.  929. 1857. 2241.  928. 2232. 2235.  928. 1946. 2240.  921.
 1853. 2155. 1019. 2213. 2224.  940.]","[-15.348    4.367   62.924   -0.1221   0.      -0.1831  -0.0684  -0.2622
   0.96  ]",113
948,4,"[[ 0.05571998 -0.30347508  0.32652492]
 [-0.29528057 -0.3066188   0.3233812 ]
 [ 0.30020631 -0.20483676  0.42516324]
 [ 0.26808281  0.30951271 -0.32048729]
 [ 0.18012325  0.30890163 -0.32109837]
 [-0.24753347  0.29609175 -0.33390825]]","[2011. 2245.  926. 1873. 2249.  922. 2240. 2247.  924. 1930. 2249.  922.
 1852. 2181.  990. 2209. 2241.  930.]","[2001. 2235.  929. 1857. 2241.  928. 2233. 2235.  928. 1944. 2240.  921.
 1853. 2158. 1013. 2212. 2224.  940.]","[-1.5353e+01  4.3670e+00  6.2908e+01 -6.1000e-02  6.1000e-02 -4.2720e-01
 -7.0300e-02 -2.6420e-01  9.6530e-01]",113
949,4,"[[ 0.05107242 -0.30362606  0.32637394]
 [-0.29654408 -0.30603516  0.32396484]
 [ 0.29989093 -0.21560338  0.41439662]
 [ 0.25500835  0.30931894 -0.32068106]
 [ 0.18434338  0.30896463 -0.32103537]
 [-0.24518754  0.29624156 -0.33375844]]","[2014. 2245.  926. 1881. 2249.  922. 2241. 2247.  924. 1927. 2249.  922.
 1852. 2188.  983. 2207. 2241.  930.]","[2003. 2235.  929. 1861. 2241.  928. 2234. 2236.  929. 1941. 2240.  920.
 1853. 2163. 1008. 2210. 2224.  941.]","[-15.353    4.367   62.886   -0.1221   0.1221  -0.4883  -0.0752  -0.2666
   0.9482]",113
950,4,"[[ 0.04641246 -0.30377594  0.32622406]
 [-0.29768741 -0.30541741  0.32458259]
 [ 0.299547   -0.22671299  0.40328701]
 [ 0.24000074  0.30905087 -0.32094913]
 [ 0.1885039   0.30902507 -0.32097493]
 [-0.24279475  0.29639218 -0.33360782]]","[2017. 2246.  925. 1891. 2249.  922. 2242. 2247.  924. 1925. 2249.  922.
 1852. 2195.  976. 2206. 2241.  930.]","[2007. 2235.  928. 1866. 2241.  928. 2235. 2236.  929. 1939. 2239.  921.
 1853. 2167. 1003. 2209. 2223.  940.]","[-15.381    4.362   62.869   -0.6104   0.      -0.4883  -0.0903  -0.2612
   0.9468]",113
951,4,"[[ 0.04174123 -0.30392467  0.32607533]
 [-0.29871065 -0.30476993  0.32523007]
 [ 0.29917421 -0.238158    0.391842  ]
 [ 0.22320663  0.3087115  -0.3212885 ]
 [ 0.19260374  0.30908293 -0.32091707]
 [-0.24035537  0.29654358 -0.33345642]]","[2020. 2246.  925. 1902. 2249.  922. 2242. 2246.  925. 1922. 2249.  922.
 1852. 2203.  968. 2204. 2241.  930.]","[2010. 2235.  928. 1873. 2241.  928. 2237. 2236.  929. 1937. 2239.  922.
 1853. 2173.  997. 2208. 2224.  940.]","[-15.414    4.356   62.853   -0.9766  -0.1221  -0.3662  -0.0786  -0.2642
   0.9526]",113
952,4,"[[ 0.03705987 -0.30407222  0.32592778]
 [-0.29961396 -0.30409715  0.32590285]
 [ 0.29877229 -0.24993085  0.38006915]
 [ 0.20478587  0.3083036  -0.3216964 ]
 [ 0.19664181  0.30913819 -0.32086181]
 [-0.2378697   0.2966957  -0.3333043 ]]","[2023. 2246.  925. 1914. 2248.  922. 2243. 2246.  925. 1919. 2249.  922.
 1853. 2210.  961. 2203. 2241.  930.]","[2013. 2236.  927. 1880. 2241.  928. 2238. 2236.  929. 1934. 2239.  923.
 1853. 2178.  991. 2206. 2225.  940.]","[-15.496    4.362   62.82    -2.0752   0.2441  -0.7324  -0.0825  -0.2446
   0.9453]",113
953,4,"[[ 0.0323695  -0.30421854  0.32578146]
 [-0.30039753 -0.30340352  0.32659648]
 [ 0.29834097 -0.26202399  0.36797601]
 [ 0.18490903  0.30783042 -0.32216958]
 [ 0.20061708  0.30919084 -0.32080916]
 [-0.23533804  0.29684849 -0.33315151]]","[2026. 2246.  925. 1927. 2248.  923. 2243. 2245.  926. 1917. 2249.  922.
 1853. 2218.  953. 2201. 2241.  930.]","[2017. 2235.  926. 1893. 2242.  928. 2239. 2236.  928. 1931. 2239.  924.
 1853. 2183.  986. 2204. 2225.  940.]","[-15.54     4.373   62.781   -0.3662   0.6104  -0.9155  -0.085   -0.2876
   0.9189]",113
954,4,"[[ 0.02767128 -0.30436361  0.32563639]
 [-0.30106164 -0.30269343  0.32730657]
 [ 0.29787999 -0.27442994  0.35557006]
 [ 0.16375494  0.30729569 -0.32270431]
 [ 0.20452852  0.30924085 -0.32075915]
 [-0.23276069  0.29700193 -0.33299807]]","[2029. 2246.  925. 1941. 2248.  923. 2244. 2245.  926. 1914. 2249.  922.
 1853. 2226.  945. 2199. 2241.  930.]","[2020. 2235.  926. 1900. 2241.  927. 2240. 2237.  928. 1930. 2239.  925.
 1853. 2186.  983. 2203. 2225.  940.]","[-15.579    4.384   62.732   -2.8076   0.1221  -1.4648  -0.0933  -0.2603
   0.9043]",113
955,4,"[[ 0.02296633 -0.30450737  0.32549263]
 [-0.30160672 -0.30197129  0.32802871]
 [ 0.29738908 -0.28714121  0.34285879]
 [ 0.14150829  0.30670366 -0.32329634]
 [ 0.20837512  0.30928821 -0.32071179]
 [-0.23013798  0.29715596 -0.33284404]]","[2033. 2246.  925. 1955. 2247.  924. 2244. 2244.  927. 1912. 2249.  922.
 1854. 2235.  936. 2198. 2241.  930.]","[2023. 2235.  925. 1911. 2241.  927. 2242. 2237.  928. 1928. 2239.  925.
 1854. 2190.  978. 2202. 2225.  940.]","[-15.683    4.384   62.672   -2.3804   0.6714  -1.77    -0.0908  -0.2974
   1.0396]",113
956,4,"[[ 0.01825581 -0.3046498   0.3253502 ]
 [-0.30203386 -0.3012414   0.3287586 ]
 [ 0.29686797 -0.29207105  0.33792895]
 [ 0.11835745  0.30605901 -0.32394099]
 [ 0.21215591  0.30933291 -0.32066709]
 [-0.22747025  0.29731053 -0.33268947]]","[2036. 2246.  925. 1970. 2247.  924. 2244. 2244.  927. 1909. 2249.  922.
 1854. 2238.  933. 2196. 2241.  930.]","[2026. 2235.  923. 1923. 2241.  927. 2243. 2238.  928. 1926. 2239.  926.
 1854. 2195.  973. 2201. 2226.  940.]","[-15.771    4.4     62.589   -1.4038   0.9766  -2.1362  -0.0879  -0.2788
   0.936 ]",113
957,4,"[[ 0.01354086 -0.30479086  0.32520914]
 [-0.30234706 -0.300508    0.329492  ]
 [ 0.29631643 -0.2921708   0.3378292 ]
 [ 0.09449223  0.30536685 -0.32463315]
 [ 0.21586993  0.30937493 -0.32062507]
 [-0.22475785  0.29746561 -0.33253439]]","[2039. 2246.  925. 1986. 2247.  924. 2245. 2243.  928. 1907. 2249.  922.
 1854. 2238.  933. 2194. 2241.  930.]","[2030. 2235.  922. 1935. 2242.  927. 2243. 2239.  928. 1925. 2239.  926.
 1854. 2199.  968. 2201. 2226.  940.]","[-15.837    4.422   62.496   -1.77     0.7935  -2.0142  -0.0791  -0.2754
   0.9321]",113
958,4,"[[ 0.00882261 -0.3049305   0.3250695 ]
 [-0.30255761 -0.29977523  0.33022477]
 [ 0.29573418 -0.29227267  0.33772733]
 [ 0.07010194  0.30463265 -0.32536735]
 [ 0.21951624  0.30941425 -0.32058575]
 [-0.22200115  0.29762116 -0.33237884]]","[2042. 2246.  925. 2002. 2246.  925. 2245. 2243.  928. 1904. 2249.  922.
 1855. 2238.  933. 2192. 2242.  929.]","[2032. 2236.  922. 1949. 2242.  927. 2243. 2240.  928. 1923. 2239.  926.
 1855. 2203.  965. 2201. 2228.  940.]","[-15.914    4.438   62.413   -2.1362   0.8545  -1.8311  -0.0669  -0.2739
   0.9927]",113
959,4,"[[ 0.00410223 -0.30506869  0.32493131]
 [-0.30233014 -0.29904696  0.33095304]
 [ 0.29512099 -0.29237661  0.33762339]
 [ 0.04537356  0.30386221 -0.32613779]
 [ 0.22309394  0.30945087 -0.32054913]
 [-0.2192005   0.29777712 -0.33222288]]","[2045. 2246.  925. 2018. 2246.  925. 2245. 2242.  929. 1902. 2249.  922.
 1855. 2238.  933. 2190. 2242.  929.]","[2036. 2236.  922. 1964. 2241.  927. 2244. 2241.  928. 1921. 2239.  925.
 1856. 2204.  963. 2199. 2229.  940.]","[-1.5996e+01  4.4550e+00  6.2331e+01 -1.8921e+00  9.1550e-01 -1.9531e+00
 -5.1800e-02 -2.5440e-01  9.4240e-01]",113
