count,T_count,theta_sim,theta_tick,position_Read_tick,IMU_data,voltage
0,0,"[[-0.12614927 -0.31918689  0.31081311]
 [ 0.28357895 -0.29488886  0.33511114]
 [-0.1046001  -0.1438335   0.4861665 ]
 [ 0.1046001   0.1438335  -0.4861665 ]
 [ 0.12614927  0.31918689 -0.31081311]
 [-0.28357895  0.29488886 -0.33511114]]","[2130. 2256.  915. 1979. 2141. 1030. 1863. 2240.  931. 1965. 2256.  915.
 2116. 2141. 1030. 2232. 2240.  931.]","[2125. 2248.  915. 1978. 2143. 1029. 1865. 2231.  933. 1972. 2247.  916.
 2117. 2143. 1029. 2230. 2232.  933.]",[ 0.      0.      0.      0.      0.      0.     -0.0703 -0.2476  0.9648],112
1,0,"[[-0.13117615 -0.31923256  0.31076744]
 [ 0.28199689 -0.29526041  0.33473959]
 [-0.0955075  -0.13779866  0.49220134]
 [ 0.0955075   0.13779866 -0.49220134]
 [ 0.13117615  0.31923256 -0.31076744]
 [-0.28199689  0.29526041 -0.33473959]]","[2133. 2256.  915. 1985. 2137. 1034. 1864. 2240.  931. 1962. 2256.  915.
 2110. 2137. 1034. 2231. 2240.  931.]","[2125. 2249.  915. 1978. 2143. 1028. 1865. 2232.  933. 1972. 2248.  917.
 2117. 2145. 1029. 2230. 2232.  933.]","[-14.09     4.186   62.545    0.       0.       0.      -0.0708  -0.2476
   0.9658]",112
2,0,"[[-0.13615897 -0.31927102  0.31072898]
 [ 0.28035067 -0.29563306  0.33436694]
 [-0.08635007 -0.13211123  0.49788877]
 [ 0.08635007  0.13211123 -0.49788877]
 [ 0.13615897  0.31927102 -0.31072898]
 [-0.28035067  0.29563306 -0.33436694]]","[2136. 2256.  915. 1991. 2134. 1037. 1865. 2240.  931. 1959. 2256.  915.
 2104. 2134. 1037. 2230. 2240.  931.]","[2125. 2248.  915. 1979. 2142. 1030. 1865. 2232.  933. 1971. 2248.  916.
 2116. 2142. 1030. 2229. 2232.  933.]","[-14.09     4.186   62.545    0.       0.       0.      -0.0718  -0.248
   0.9644]",112
3,0,"[[-0.14109606 -0.31930226  0.31069774]
 [ 0.27864032 -0.29600665  0.33399335]
 [-0.07713763 -0.12677711  0.50322289]
 [ 0.07713763  0.12677711 -0.50322289]
 [ 0.14109606  0.31930226 -0.31069774]
 [-0.27864032  0.29600665 -0.33399335]]","[2139. 2256.  915. 1997. 2130. 1041. 1866. 2240.  931. 1956. 2256.  915.
 2098. 2130. 1041. 2229. 2240.  931.]","[2126. 2249.  915. 1983. 2140. 1032. 1866. 2232.  933. 1970. 2248.  917.
 2112. 2141. 1032. 2230. 2232.  933.]","[-14.09     4.186   62.545    0.       0.       0.      -0.0713  -0.2524
   0.9604]",112
4,0,"[[-0.14598577 -0.31932628  0.31067372]
 [ 0.2768659  -0.29638105  0.33361895]
 [-0.06787984 -0.12180181  0.50819819]
 [ 0.06787984  0.12180181 -0.50819819]
 [ 0.14598577  0.31932628 -0.31067372]
 [-0.2768659   0.29638105 -0.33361895]]","[2143. 2256.  915. 2003. 2127. 1044. 1867. 2241.  930. 1952. 2256.  915.
 2092. 2127. 1044. 2228. 2241.  930.]","[2128. 2248.  915. 1987. 2137. 1035. 1867. 2231.  933. 1968. 2247.  917.
 2108. 2138. 1035. 2229. 2232.  933.]","[-14.09     4.186   62.545    0.1831   0.       0.      -0.0708  -0.2446
   0.9824]",112
5,0,"[[-0.15082646 -0.31934314  0.31065686]
 [ 0.27502749 -0.2967561   0.3332439 ]
 [-0.05858628 -0.11719042  0.51280958]
 [ 0.05858628  0.11719042 -0.51280958]
 [ 0.15082646  0.31934314 -0.31065686]
 [-0.27502749  0.2967561  -0.3332439 ]]","[2146. 2256.  915. 2009. 2124. 1047. 1868. 2241.  930. 1949. 2256.  915.
 2086. 2124. 1047. 2227. 2241.  930.]","[2130. 2248.  915. 1992. 2135. 1037. 1867. 2232.  933. 1966. 2248.  916.
 2103. 2135. 1038. 2228. 2233.  934.]","[-1.4073e+01  4.1860e+00  6.2545e+01  5.4930e-01 -6.1000e-02  0.0000e+00
 -7.9600e-02 -2.2800e-01  9.7170e-01]",112
6,0,"[[-0.15561649 -0.31935295  0.31064705]
 [ 0.27312518 -0.29713167  0.33286833]
 [-0.04926636 -0.11294762  0.51705238]
 [ 0.04926636  0.11294762 -0.51705238]
 [ 0.15561649  0.31935295 -0.31064705]
 [-0.27312518  0.29713167 -0.33286833]]","[2149. 2256.  915. 2015. 2121. 1050. 1869. 2241.  930. 1946. 2256.  915.
 2080. 2121. 1050. 2226. 2241.  930.]","[2132. 2248.  915. 1998. 2132. 1040. 1868. 2231.  933. 1964. 2247.  916.
 2098. 2132. 1041. 2228. 2232.  933.]","[-1.4046e+01  4.1800e+00  6.2545e+01  4.8830e-01 -6.1000e-02  0.0000e+00
 -7.4700e-02 -2.2800e-01  9.6240e-01]",112
7,0,"[[-0.16035426 -0.3193558   0.3106442 ]
 [ 0.27115908 -0.2975076   0.3324924 ]
 [-0.03992939 -0.10907767  0.52092233]
 [ 0.03992939  0.10907767 -0.52092233]
 [ 0.16035426  0.3193558  -0.3106442 ]
 [-0.27115908  0.2975076  -0.3324924 ]]","[2152. 2256.  915. 2021. 2119. 1052. 1871. 2241.  930. 1943. 2256.  915.
 2074. 2119. 1052. 2224. 2241.  930.]","[2135. 2248.  915. 2004. 2129. 1043. 1869. 2231.  933. 1962. 2247.  917.
 2092. 2129. 1043. 2226. 2233.  933.]","[-1.4035e+01  4.1800e+00  6.2545e+01  6.1000e-02  0.0000e+00  0.0000e+00
 -7.3200e-02 -2.2120e-01  9.5800e-01]",112
8,0,"[[-0.16503818 -0.31934759  0.31065241]
 [ 0.26912935 -0.29788376  0.33211624]
 [-0.03058451 -0.10558442  0.52441558]
 [ 0.03058451  0.10558442 -0.52441558]
 [ 0.16503818  0.31934759 -0.31065241]
 [-0.26912935  0.29788376 -0.33211624]]","[2155. 2256.  915. 2028. 2116. 1055. 1872. 2242.  929. 1940. 2256.  915.
 2067. 2116. 1055. 2223. 2242.  929.]","[2137. 2248.  915. 2009. 2125. 1046. 1871. 2231.  933. 1959. 2247.  916.
 2087. 2127. 1046. 2225. 2233.  933.]","[-1.4030e+01  4.1860e+00  6.2545e+01 -2.4410e-01  6.1000e-02  0.0000e+00
 -6.7900e-02 -2.2120e-01  9.7360e-01]",112
9,0,"[[-0.16966667 -0.31931558  0.31068442]
 [ 0.26703612 -0.29826     0.33174   ]
 [-0.02124073 -0.10247128  0.52752872]
 [ 0.02124073  0.10247128 -0.52752872]
 [ 0.16966667  0.31931558 -0.31068442]
 [-0.26703612  0.29826    -0.33174   ]]","[2158. 2256.  915. 2034. 2114. 1057. 1873. 2242.  929. 1937. 2256.  915.
 2061. 2114. 1057. 2222. 2242.  929.]","[2140. 2248.  915. 2015. 2123. 1049. 1872. 2232.  932. 1956. 2247.  916.
 2081. 2124. 1049. 2224. 2233.  933.]","[-14.035    4.186   62.545   -0.3662   0.       0.      -0.0684  -0.228
   0.9648]",112
10,0,"[[-0.17423819 -0.31925724  0.31074276]
 [ 0.26487958 -0.29863619  0.33136381]
 [-0.0119069  -0.09974125  0.53025875]
 [ 0.0119069   0.09974125 -0.53025875]
 [ 0.17423819  0.31925724 -0.31074276]
 [-0.26487958  0.29863619 -0.33136381]]","[2161. 2256.  915. 2040. 2113. 1058. 1875. 2242.  929. 1934. 2256.  915.
 2055. 2113. 1058. 2220. 2242.  929.]","[2143. 2248.  915. 2021. 2121. 1051. 1873. 2231.  932. 1954. 2248.  916.
 2074. 2121. 1052. 2222. 2233.  933.]","[-14.052    4.191   62.545   -0.6104   0.       0.      -0.0723  -0.2344
   0.9614]",112
11,0,"[[-0.17875119 -0.31917541  0.31082459]
 [ 0.26265993 -0.2990122   0.3309878 ]
 [-0.00259173 -0.0973969   0.5326031 ]
 [ 0.00259173  0.0973969  -0.5326031 ]
 [ 0.17875119  0.31917541 -0.31082459]
 [-0.26265993  0.2990122  -0.3309878 ]]","[2164. 2256.  915. 2046. 2111. 1060. 1876. 2242.  929. 1931. 2256.  915.
 2049. 2111. 1060. 2219. 2242.  929.]","[2146. 2249.  916. 2027. 2118. 1054. 1875. 2232.  931. 1950. 2247.  916.
 2068. 2119. 1054. 2220. 2233.  933.]","[-1.4068e+01  4.1910e+00  6.2545e+01 -7.9350e-01  6.1000e-02  0.0000e+00
 -7.4200e-02 -2.4560e-01  9.6780e-01]",112
12,0,"[[-0.18320415 -0.31907093  0.31092907]
 [ 0.26037737 -0.29938787  0.33061213]
 [ 0.00669624 -0.09544035  0.53455965]
 [-0.00669624  0.09544035 -0.53455965]
 [ 0.18320415  0.31907093 -0.31092907]
 [-0.26037737  0.29938787 -0.33061213]]","[2167. 2256.  915. 2052. 2110. 1061. 1878. 2243.  928. 1928. 2256.  915.
 2043. 2110. 1061. 2217. 2243.  928.]","[2149. 2248.  916. 2033. 2117. 1055. 1876. 2232.  932. 1947. 2247.  916.
 2062. 2117. 1055. 2219. 2233.  932.]","[-1.4095e+01  4.1970e+00  6.2540e+01 -7.9350e-01  6.1000e-02  0.0000e+00
 -7.4700e-02 -2.4710e-01  9.6830e-01]",112
13,0,"[[-0.1875956  -0.31894424  0.31105576]
 [ 0.25803216 -0.29976309  0.33023691]
 [ 0.01594863 -0.0938733   0.5361267 ]
 [-0.01594863  0.0938733  -0.5361267 ]
 [ 0.1875956   0.31894424 -0.31105576]
 [-0.25803216  0.29976309 -0.33023691]]","[2170. 2255.  916. 2058. 2109. 1062. 1879. 2243.  928. 1925. 2255.  916.
 2037. 2109. 1062. 2216. 2243.  928.]","[2152. 2248.  915. 2039. 2115. 1057. 1878. 2231.  932. 1944. 2247.  917.
 2056. 2116. 1057. 2218. 2233.  932.]","[-14.117    4.197   62.545   -0.5493   0.       0.1221  -0.0713  -0.2544
   0.9644]",112
14,0,"[[-0.19192404 -0.31879576  0.31120424]
 [ 0.25562454 -0.30013771  0.32986229]
 [ 0.02515723 -0.09269704  0.53730296]
 [-0.02515723  0.09269704 -0.53730296]
 [ 0.19192404  0.31879576 -0.31120424]
 [-0.25562454  0.30013771 -0.32986229]]","[2173. 2255.  916. 2064. 2108. 1063. 1881. 2243.  928. 1922. 2255.  916.
 2031. 2108. 1063. 2214. 2243.  928.]","[2154. 2248.  916. 2045. 2113. 1059. 1879. 2232.  931. 1941. 2248.  916.
 2050. 2114. 1059. 2216. 2233.  932.]","[-14.134    4.202   62.551   -0.4883   0.       0.1221  -0.0728  -0.2612
   0.9648]",112
15,0,"[[-0.19618803 -0.31862592  0.31137408]
 [ 0.25315479 -0.30051161  0.32948839]
 [ 0.03431399 -0.09191251  0.53808749]
 [-0.03431399  0.09191251 -0.53808749]
 [ 0.19618803  0.31862592 -0.31137408]
 [-0.25315479  0.30051161 -0.32948839]]","[2175. 2255.  916. 2070. 2107. 1064. 1882. 2243.  928. 1920. 2255.  916.
 2025. 2107. 1064. 2213. 2243.  928.]","[2157. 2248.  916. 2051. 2112. 1060. 1881. 2231.  931. 1938. 2247.  917.
 2044. 2113. 1060. 2214. 2233.  932.]","[-14.145    4.202   62.556   -0.4272   0.       0.1221  -0.0708  -0.2588
   0.9614]",112
16,0,"[[-0.20038613 -0.31843514  0.31156486]
 [ 0.25062322 -0.30088466  0.32911534]
 [ 0.04341105 -0.09152186  0.53847814]
 [-0.04341105  0.09152186 -0.53847814]
 [ 0.20038613  0.31843514 -0.31156486]
 [-0.25062322  0.30088466 -0.32911534]]","[2178. 2255.  916. 2076. 2107. 1064. 1884. 2244.  927. 1917. 2255.  916.
 2019. 2107. 1064. 2211. 2244.  927.]","[2159. 2249.  916. 2057. 2111. 1061. 1882. 2232.  930. 1935. 2247.  917.
 2038. 2112. 1061. 2212. 2233.  932.]","[-1.4161e+01  4.2020e+00  6.2562e+01 -2.4410e-01  0.0000e+00  6.1000e-02
 -7.0800e-02 -2.6070e-01  9.7070e-01]",112
17,0,"[[-0.20451694 -0.3182239   0.3117761 ]
 [ 0.24803015 -0.30125672  0.32874328]
 [ 0.05244069 -0.09153407  0.53846593]
 [-0.05244069  0.09153407 -0.53846593]
 [ 0.20451694  0.3182239  -0.3117761 ]
 [-0.24803015  0.30125672 -0.32874328]]","[2181. 2255.  916. 2082. 2107. 1064. 1886. 2244.  927. 1914. 2255.  916.
 2013. 2107. 1064. 2209. 2244.  927.]","[2162. 2249.  916. 2064. 2110. 1062. 1884. 2232.  930. 1933. 2247.  917.
 2032. 2111. 1062. 2211. 2233.  932.]","[-14.167    4.202   62.562   -0.1221   0.       0.      -0.0684  -0.2593
   0.9629]",112
18,0,"[[-0.20857906 -0.31799267  0.31200733]
 [ 0.24537591 -0.30162767  0.32837233]
 [ 0.0613954  -0.09180123  0.53819877]
 [-0.0613954   0.09180123 -0.53819877]
 [ 0.20857906  0.31799267 -0.31200733]
 [-0.24537591  0.30162767 -0.32837233]]","[2183. 2255.  916. 2088. 2107. 1064. 1888. 2244.  927. 1912. 2255.  916.
 2007. 2107. 1064. 2207. 2244.  927.]","[2164. 2248.  917. 2069. 2109. 1062. 1886. 2232.  930. 1931. 2247.  917.
 2026. 2110. 1063. 2209. 2233.  931.]","[-1.4172e+01  4.2020e+00  6.2562e+01 -6.1000e-02  0.0000e+00  0.0000e+00
 -6.9300e-02 -2.5680e-01  9.5900e-01]",112
19,0,"[[-0.21257114 -0.31774193  0.31225807]
 [ 0.24266086 -0.30199738  0.32800262]
 [ 0.07026783 -0.09208526  0.53791474]
 [-0.07026783  0.09208526 -0.53791474]
 [ 0.21257114  0.31774193 -0.31225807]
 [-0.24266086  0.30199738 -0.32800262]]","[2186. 2255.  916. 2093. 2108. 1063. 1889. 2244.  927. 1909. 2255.  916.
 2002. 2108. 1063. 2206. 2244.  927.]","[2167. 2248.  917. 2075. 2109. 1063. 1887. 2232.  930. 1928. 2247.  918.
 2020. 2110. 1062. 2207. 2233.  932.]","[-1.4178e+01  4.2020e+00  6.2562e+01 -6.1000e-02  0.0000e+00 -6.1000e-02
 -7.1300e-02 -2.4710e-01  9.7070e-01]",112
20,0,"[[-0.21649183 -0.3174722   0.3125278 ]
 [ 0.23988539 -0.30236574  0.32763426]
 [ 0.07905081 -0.09244288  0.53755712]
 [-0.07905081  0.09244288 -0.53755712]
 [ 0.21649183  0.3174722  -0.3125278 ]
 [-0.23988539  0.30236574 -0.32763426]]","[2189. 2254.  917. 2099. 2108. 1063. 1891. 2245.  926. 1906. 2254.  917.
 1996. 2108. 1063. 2204. 2245.  926.]","[2169. 2248.  917. 2081. 2110. 1062. 1890. 2232.  929. 1925. 2247.  918.
 2014. 2110. 1063. 2205. 2233.  932.]","[-1.4178e+01  4.2020e+00  6.2556e+01  6.1000e-02  0.0000e+00  0.0000e+00
 -7.9100e-02 -2.4850e-01  9.6830e-01]",112
21,0,"[[-0.22033981 -0.31718397  0.31281603]
 [ 0.23704991 -0.30273261  0.32726739]
 [ 0.08773737 -0.09290036  0.53709964]
 [-0.08773737  0.09290036 -0.53709964]
 [ 0.22033981  0.31718397 -0.31281603]
 [-0.23704991  0.30273261 -0.32726739]]","[2191. 2254.  917. 2105. 2108. 1063. 1893. 2245.  926. 1904. 2254.  917.
 1990. 2108. 1063. 2202. 2245.  926.]","[2172. 2249.  917. 2087. 2109. 1062. 1891. 2232.  928. 1923. 2247.  918.
 2008. 2110. 1062. 2204. 2233.  931.]","[-14.178    4.208   62.556    0.       0.       0.      -0.0776  -0.2461
   0.9551]",112
22,0,"[[-0.2241138  -0.31687778  0.31312222]
 [ 0.23415483 -0.30309788  0.32690212]
 [ 0.0963207  -0.09346511  0.53653489]
 [-0.0963207   0.09346511 -0.53653489]
 [ 0.2241138   0.31687778 -0.31312222]
 [-0.23415483  0.30309788 -0.32690212]]","[2194. 2254.  917. 2110. 2108. 1063. 1895. 2245.  926. 1901. 2254.  917.
 1985. 2108. 1063. 2200. 2245.  926.]","[2175. 2248.  917. 2093. 2109. 1062. 1893. 2232.  928. 1921. 2247.  918.
 2002. 2110. 1063. 2202. 2233.  931.]","[-14.183    4.208   62.562   -0.2441   0.       0.1221  -0.0659  -0.2461
   0.9624]",112
23,0,"[[-0.22781252 -0.31655417  0.31344583]
 [ 0.2312006  -0.30346142  0.32653858]
 [ 0.10479419 -0.09414008  0.53585992]
 [-0.10479419  0.09414008 -0.53585992]
 [ 0.22781252  0.31655417 -0.31344583]
 [-0.2312006   0.30346142 -0.32653858]]","[2196. 2254.  917. 2116. 2109. 1062. 1897. 2245.  926. 1899. 2254.  917.
 1979. 2109. 1062. 2198. 2245.  926.]","[2177. 2248.  917. 2099. 2109. 1062. 1895. 2232.  929. 1918. 2247.  919.
 1997. 2110. 1062. 2200. 2233.  931.]","[-1.4194e+01  4.2130e+00  6.2567e+01 -3.0520e-01  0.0000e+00  0.0000e+00
 -6.2000e-02 -2.4560e-01  9.6830e-01]",112
24,0,"[[-0.23143474 -0.31621368  0.31378632]
 [ 0.22818769 -0.30382312  0.32617688]
 [ 0.11315141 -0.09492727  0.53507273]
 [-0.11315141  0.09492727 -0.53507273]
 [ 0.23143474  0.31621368 -0.31378632]
 [-0.22818769  0.30382312 -0.32617688]]","[2198. 2254.  917. 2121. 2109. 1062. 1899. 2246.  925. 1897. 2254.  917.
 1974. 2109. 1062. 2196. 2246.  925.]","[2179. 2248.  917. 2104. 2110. 1062. 1897. 2232.  928. 1916. 2247.  919.
 1991. 2110. 1062. 2198. 2233.  931.]","[-14.205    4.208   62.567   -0.2441   0.       0.      -0.0713  -0.249
   0.9639]",112
25,0,"[[-0.23497923 -0.31585687  0.31414313]
 [ 0.22511658 -0.30418286  0.32581714]
 [ 0.12138612 -0.09582844  0.53417156]
 [-0.12138612  0.09582844 -0.53417156]
 [ 0.23497923  0.31585687 -0.31414313]
 [-0.22511658  0.30418286 -0.32581714]]","[2201. 2253.  918. 2127. 2110. 1061. 1901. 2246.  925. 1894. 2253.  918.
 1968. 2110. 1061. 2194. 2246.  925.]","[2182. 2249.  917. 2110. 2110. 1063. 1899. 2232.  928. 1913. 2247.  919.
 1985. 2110. 1062. 2196. 2233.  931.]","[-1.4216e+01  4.2080e+00  6.2567e+01 -3.0520e-01  0.0000e+00  6.1000e-02
 -7.1800e-02 -2.5000e-01  9.6530e-01]",112
26,0,"[[-0.23844481 -0.3154843   0.3145157 ]
 [ 0.22198779 -0.30454053  0.32545947]
 [ 0.12949226 -0.09684523  0.53315477]
 [-0.12949226  0.09684523 -0.53315477]
 [ 0.23844481  0.3154843  -0.3145157 ]
 [-0.22198779  0.30454053 -0.32545947]]","[2203. 2253.  918. 2132. 2111. 1060. 1903. 2246.  925. 1892. 2253.  918.
 1963. 2111. 1060. 2192. 2246.  925.]","[2184. 2249.  918. 2116. 2111. 1062. 1901. 2232.  927. 1911. 2247.  919.
 1980. 2111. 1062. 2194. 2233.  930.]","[-14.227    4.208   62.567   -0.2441   0.       0.      -0.0742  -0.249
   0.9673]",112
27,0,"[[-0.24183031 -0.31509653  0.31490347]
 [ 0.21880183 -0.30489601  0.32510399]
 [ 0.13746396 -0.09797924  0.53202076]
 [-0.13746396  0.09797924 -0.53202076]
 [ 0.24183031  0.31509653 -0.31490347]
 [-0.21880183  0.30489601 -0.32510399]]","[2205. 2253.  918. 2137. 2111. 1060. 1905. 2246.  925. 1890. 2253.  918.
 1958. 2111. 1060. 2190. 2246.  925.]","[2186. 2249.  918. 2121. 2111. 1062. 1903. 2232.  928. 1908. 2247.  919.
 1975. 2111. 1062. 2192. 2233.  930.]","[-1.4238e+01  4.2080e+00  6.2573e+01 -2.4410e-01  0.0000e+00  6.1000e-02
 -6.9300e-02 -2.5150e-01  9.6090e-01]",112
28,0,"[[-0.2451346  -0.31469414  0.31530586]
 [ 0.21555926 -0.3052492   0.3247508 ]
 [ 0.14529555 -0.09923199  0.53076801]
 [-0.14529555  0.09923199 -0.53076801]
 [ 0.2451346   0.31469414 -0.31530586]
 [-0.21555926  0.3052492  -0.3247508 ]]","[2207. 2253.  918. 2142. 2112. 1059. 1907. 2246.  924. 1888. 2253.  918.
 1953. 2112. 1059. 2188. 2246.  924.]","[2188. 2248.  918. 2126. 2111. 1061. 1905. 2232.  927. 1906. 2247.  919.
 1970. 2111. 1061. 2190. 2233.  930.]","[-14.249    4.208   62.573   -0.3662   0.       0.      -0.0688  -0.2515
   0.96  ]",112
29,0,"[[-0.24835656 -0.31427772  0.31572228]
 [ 0.21226065 -0.30559997  0.32440003]
 [ 0.15298153 -0.10060493  0.52939507]
 [-0.15298153  0.10060493 -0.52939507]
 [ 0.24835656  0.31427772 -0.31572228]
 [-0.21226065  0.30559997 -0.32440003]]","[2209. 2252.  919. 2147. 2113. 1058. 1909. 2247.  924. 1886. 2252.  919.
 1948. 2113. 1058. 2186. 2247.  924.]","[2191. 2249.  918. 2131. 2111. 1060. 1907. 2232.  927. 1904. 2247.  919.
 1964. 2112. 1060. 2188. 2233.  930.]","[-1.4266e+01  4.2130e+00  6.2567e+01 -3.6620e-01  6.1000e-02 -6.1000e-02
 -7.1300e-02 -2.5240e-01  9.6530e-01]",112
30,0,"[[-0.25149512 -0.31384783  0.31615217]
 [ 0.20890659 -0.30594823  0.32405177]
 [ 0.16051661 -0.10209944  0.52790056]
 [-0.16051661  0.10209944 -0.52790056]
 [ 0.25149512  0.31384783 -0.31615217]
 [-0.20890659  0.30594823 -0.32405177]]","[2211. 2252.  919. 2152. 2114. 1057. 1911. 2247.  924. 1884. 2252.  919.
 1943. 2114. 1057. 2184. 2247.  924.]","[2194. 2248.  918. 2136. 2112. 1059. 1909. 2232.  927. 1903. 2247.  919.
 1958. 2112. 1059. 2186. 2234.  929.]","[-14.277    4.213   62.562   -0.2441   0.      -0.1221  -0.0732  -0.2588
   0.9683]",112
31,0,"[[-0.25454922 -0.31340508  0.31659492]
 [ 0.20549769 -0.30629387  0.32370613]
 [ 0.16789566 -0.10371684  0.52628316]
 [-0.16789566  0.10371684 -0.52628316]
 [ 0.25454922  0.31340508 -0.31659492]
 [-0.20549769  0.30629387 -0.32370613]]","[2213. 2252.  919. 2157. 2115. 1056. 1914. 2247.  924. 1882. 2252.  919.
 1938. 2115. 1056. 2181. 2247.  924.]","[2196. 2248.  919. 2142. 2113. 1059. 1911. 2232.  926. 1901. 2247.  920.
 1954. 2113. 1058. 2184. 2233.  929.]","[-1.4288e+01  4.2130e+00  6.2562e+01 -2.4410e-01  0.0000e+00 -6.1000e-02
 -7.4200e-02 -2.5730e-01  9.6000e-01]",112
32,0,"[[-0.25751783 -0.31295005  0.31704995]
 [ 0.20203458 -0.30663677  0.32336323]
 [ 0.17511378 -0.10545837  0.52454163]
 [-0.17511378  0.10545837 -0.52454163]
 [ 0.25751783  0.31295005 -0.31704995]
 [-0.20203458  0.30663677 -0.32336323]]","[2215. 2252.  919. 2162. 2116. 1055. 1916. 2247.  924. 1880. 2252.  919.
 1933. 2116. 1055. 2179. 2247.  924.]","[2198. 2248.  919. 2147. 2114. 1057. 1914. 2232.  926. 1899. 2247.  920.
 1949. 2114. 1057. 2182. 2233.  929.]","[-14.299    4.213   62.562   -0.1831   0.       0.      -0.0688  -0.2593
   0.9624]",112
33,0,"[[-0.26039996 -0.31248334  0.31751666]
 [ 0.19851792 -0.30697684  0.32302316]
 [ 0.1821662  -0.1073252   0.5226748 ]
 [-0.1821662   0.1073252  -0.5226748 ]
 [ 0.26039996  0.31248334 -0.31751666]
 [-0.19851792  0.30697684 -0.32302316]]","[2217. 2251.  920. 2166. 2117. 1054. 1918. 2248.  923. 1878. 2251.  920.
 1929. 2117. 1054. 2177. 2248.  923.]","[2200. 2248.  920. 2152. 2115. 1056. 1915. 2232.  926. 1897. 2247.  920.
 1943. 2115. 1056. 2179. 2234.  929.]","[-14.31     4.213   62.562   -0.1831   0.       0.      -0.0679  -0.2524
   0.9634]",112
34,0,"[[-0.26319464 -0.31200553  0.31799447]
 [ 0.19494837 -0.30731397  0.32268603]
 [ 0.1890484  -0.10931841  0.52068159]
 [-0.1890484   0.10931841 -0.52068159]
 [ 0.26319464  0.31200553 -0.31799447]
 [-0.19494837  0.30731397 -0.32268603]]","[2219. 2251.  920. 2171. 2119. 1052. 1920. 2248.  923. 1876. 2251.  920.
 1924. 2119. 1052. 2175. 2248.  923.]","[2202. 2248.  919. 2157. 2116. 1055. 1917. 2232.  926. 1895. 2247.  921.
 1939. 2116. 1055. 2177. 2233.  929.]","[-1.4310e+01  4.2130e+00  6.2556e+01  0.0000e+00  0.0000e+00 -6.1000e-02
 -7.1300e-02 -2.4850e-01  9.6920e-01]",112
35,0,"[[-0.26590093 -0.31151722  0.31848278]
 [ 0.19132663 -0.30764807  0.32235193]
 [ 0.19575602 -0.11143902  0.51856098]
 [-0.19575602  0.11143902 -0.51856098]
 [ 0.26590093  0.31151722 -0.31848278]
 [-0.19132663  0.30764807 -0.32235193]]","[2221. 2251.  920. 2175. 2120. 1051. 1923. 2248.  923. 1874. 2251.  920.
 1920. 2120. 1051. 2172. 2248.  923.]","[2204. 2248.  920. 2161. 2117. 1054. 1920. 2232.  926. 1893. 2246.  921.
 1934. 2117. 1055. 2175. 2233.  929.]","[-1.4315e+01  4.2080e+00  6.2551e+01 -6.1000e-02  0.0000e+00 -1.2210e-01
 -7.7100e-02 -2.4900e-01  9.5850e-01]",112
36,0,"[[-0.26851792 -0.31101901  0.31898099]
 [ 0.18765342 -0.30797903  0.32202097]
 [ 0.20228487 -0.11368795  0.51631205]
 [-0.20228487  0.11368795 -0.51631205]
 [ 0.26851792  0.31101901 -0.31898099]
 [-0.18765342  0.30797903 -0.32202097]]","[2223. 2250.  921. 2179. 2122. 1049. 1925. 2248.  923. 1872. 2250.  921.
 1916. 2122. 1049. 2170. 2248.  923.]","[2206. 2248.  920. 2165. 2119. 1053. 1922. 2232.  926. 1891. 2246.  921.
 1929. 2118. 1053. 2172. 2234.  929.]","[-1.4326e+01  4.2130e+00  6.2551e+01 -3.0520e-01  6.1000e-02 -6.1000e-02
 -7.4200e-02 -2.4710e-01  9.5070e-01]",112
37,0,"[[-0.27104474 -0.31051149  0.31948851]
 [ 0.18392946 -0.30830676  0.32169324]
 [ 0.20863097 -0.11606607  0.51393393]
 [-0.20863097  0.11606607 -0.51393393]
 [ 0.27104474  0.31051149 -0.31948851]
 [-0.18392946  0.30830676 -0.32169324]]","[2224. 2250.  921. 2184. 2123. 1048. 1928. 2248.  922. 1871. 2250.  921.
 1911. 2123. 1048. 2167. 2248.  922.]","[2208. 2247.  921. 2170. 2121. 1051. 1924. 2232.  926. 1887. 2245.  921.
 1925. 2120. 1051. 2170. 2234.  929.]","[-14.348    4.219   62.545   -0.5493   0.1831   0.      -0.0669  -0.249
   0.9678]",112
38,0,"[[-0.27348053 -0.30999525  0.32000475]
 [ 0.18015552 -0.30863115  0.32136885]
 [ 0.21479052 -0.11857414  0.51142586]
 [-0.21479052  0.11857414 -0.51142586]
 [ 0.27348053  0.30999525 -0.32000475]
 [-0.18015552  0.30863115 -0.32136885]]","[2226. 2250.  921. 2188. 2125. 1046. 1930. 2249.  922. 1869. 2250.  921.
 1907. 2125. 1046. 2165. 2249.  922.]","[2210. 2247.  921. 2174. 2122. 1050. 1927. 2232.  925. 1886. 2245.  921.
 1921. 2121. 1050. 2168. 2234.  927.]","[-14.365    4.224   62.545   -0.4883   0.1221   0.      -0.0708  -0.2461
   0.9741]",112
39,0,"[[-0.27582448 -0.30947088  0.32052912]
 [ 0.17633235 -0.30895213  0.32104787]
 [ 0.22075991 -0.12121284  0.50878716]
 [-0.22075991  0.12121284 -0.50878716]
 [ 0.27582448  0.30947088 -0.32052912]
 [-0.17633235  0.30895213 -0.32104787]]","[2227. 2249.  922. 2191. 2127. 1044. 1933. 2249.  922. 1868. 2249.  922.
 1904. 2127. 1044. 2162. 2249.  922.]","[2212. 2247.  921. 2179. 2123. 1048. 1929. 2232.  925. 1884. 2245.  921.
 1916. 2123. 1048. 2165. 2234.  927.]","[-1.4381e+01  4.2240e+00  6.2540e+01 -3.0520e-01  6.1000e-02  0.0000e+00
 -7.3200e-02 -2.5150e-01  9.5850e-01]",112
40,0,"[[-0.27807579 -0.30893898  0.32106102]
 [ 0.17246076 -0.30926958  0.32073042]
 [ 0.2265357  -0.12398277  0.50601723]
 [-0.2265357   0.12398277 -0.50601723]
 [ 0.27807579  0.30893898 -0.32106102]
 [-0.17246076  0.30926958 -0.32073042]]","[2229. 2249.  922. 2195. 2128. 1043. 1935. 2249.  922. 1866. 2249.  922.
 1900. 2128. 1043. 2160. 2249.  922.]","[2213. 2247.  921. 2183. 2125. 1047. 1932. 2232.  925. 1882. 2244.  921.
 1912. 2125. 1047. 2162. 2234.  927.]","[-1.4398e+01  4.2300e+00  6.2540e+01 -4.8830e-01  1.2210e-01 -6.1000e-02
 -6.9300e-02 -2.5680e-01  9.5610e-01]",112
41,0,"[[-0.28023372 -0.30840012  0.32159988]
 [ 0.16854156 -0.30958343  0.32041657]
 [ 0.23211464 -0.12688445  0.50311555]
 [-0.23211464  0.12688445 -0.50311555]
 [ 0.28023372  0.30840012 -0.32159988]
 [-0.16854156  0.30958343 -0.32041657]]","[2230. 2249.  922. 2199. 2130. 1041. 1938. 2249.  922. 1865. 2249.  922.
 1896. 2130. 1041. 2157. 2249.  922.]","[2215. 2246.  921. 2187. 2127. 1045. 1934. 2232.  925. 1880. 2244.  922.
 1908. 2127. 1045. 2160. 2234.  927.]","[-1.4425e+01  4.2300e+00  6.2534e+01 -7.3240e-01  0.0000e+00 -6.1000e-02
 -6.7900e-02 -2.5630e-01  9.5310e-01]",112
42,0,"[[-0.28229754 -0.30785489  0.32214511]
 [ 0.16457557 -0.30989358  0.32010642]
 [ 0.23749367 -0.12991829  0.50008171]
 [-0.23749367  0.12991829 -0.50008171]
 [ 0.28229754  0.30785489 -0.32214511]
 [-0.16457557  0.30989358 -0.32010642]]","[2232. 2248.  923. 2202. 2132. 1039. 1940. 2250.  921. 1863. 2248.  923.
 1893. 2132. 1039. 2155. 2250.  921.]","[2217. 2245.  921. 2191. 2129. 1043. 1937. 2232.  925. 1878. 2244.  922.
 1904. 2128. 1043. 2158. 2234.  927.]","[-1.4458e+01  4.2300e+00  6.2529e+01 -7.9350e-01  1.2210e-01 -6.1000e-02
 -6.8800e-02 -2.6030e-01  9.6440e-01]",112
43,0,"[[-0.28426656 -0.30730387  0.32269613]
 [ 0.16056365 -0.31019994  0.31980006]
 [ 0.2426699  -0.13308463  0.49691537]
 [-0.2426699   0.13308463 -0.49691537]
 [ 0.28426656  0.30730387 -0.32269613]
 [-0.16056365  0.31019994 -0.31980006]]","[2233. 2248.  923. 2206. 2134. 1037. 1943. 2250.  921. 1862. 2248.  923.
 1889. 2134. 1037. 2152. 2250.  921.]","[2219. 2245.  922. 2194. 2130. 1041. 1939. 2232.  925. 1877. 2243.  922.
 1900. 2130. 1042. 2155. 2235.  926.]","[-1.4491e+01  4.2350e+00  6.2523e+01 -7.9350e-01  6.1000e-02 -1.2210e-01
 -7.7600e-02 -2.5780e-01  9.7310e-01]",112
44,0,"[[-0.28614011 -0.30674764  0.32325236]
 [ 0.15650668 -0.31050244  0.31949756]
 [ 0.24764063 -0.13638371  0.49361629]
 [-0.24764063  0.13638371 -0.49361629]
 [ 0.28614011  0.30674764 -0.32325236]
 [-0.15650668  0.31050244 -0.31949756]]","[2234. 2247.  924. 2209. 2136. 1035. 1945. 2250.  921. 1861. 2247.  924.
 1886. 2136. 1035. 2150. 2250.  921.]","[2220. 2245.  922. 2198. 2132. 1040. 1941. 2232.  924. 1875. 2243.  922.
 1896. 2132. 1040. 2153. 2235.  926.]","[-1.4518e+01  4.2350e+00  6.2518e+01 -5.4930e-01  6.1000e-02  0.0000e+00
 -7.4200e-02 -2.5590e-01  9.6530e-01]",112
45,0,"[[-0.28791756 -0.30618676  0.32381324]
 [ 0.15240553 -0.31080097  0.31919903]
 [ 0.25240333 -0.13981569  0.49018431]
 [-0.25240333  0.13981569 -0.49018431]
 [ 0.28791756  0.30618676 -0.32381324]
 [-0.15240553  0.31080097 -0.31919903]]","[2235. 2247.  924. 2212. 2139. 1032. 1948. 2250.  921. 1860. 2247.  924.
 1883. 2139. 1032. 2147. 2250.  921.]","[2222. 2244.  923. 2201. 2134. 1037. 1944. 2233.  924. 1874. 2242.  922.
 1893. 2134. 1038. 2151. 2235.  926.]","[-1.4540e+01  4.2350e+00  6.2518e+01 -6.1040e-01  6.1000e-02 -6.1000e-02
 -7.4200e-02 -2.6070e-01  9.4970e-01]",112
46,0,"[[-0.28959832 -0.30562181  0.32437819]
 [ 0.14826111 -0.31109547  0.31890453]
 [ 0.25695565 -0.14338063  0.48661937]
 [-0.25695565  0.14338063 -0.48661937]
 [ 0.28959832  0.30562181 -0.32437819]
 [-0.14826111  0.31109547 -0.31890453]]","[2236. 2247.  924. 2215. 2141. 1030. 1951. 2250.  921. 1859. 2247.  924.
 1880. 2141. 1030. 2144. 2250.  921.]","[2223. 2244.  923. 2205. 2136. 1036. 1946. 2232.  924. 1872. 2242.  923.
 1890. 2136. 1035. 2148. 2235.  926.]","[-1.4568e+01  4.2410e+00  6.2512e+01 -7.3240e-01  6.1000e-02 -6.1000e-02
 -6.7400e-02 -2.5440e-01  9.7070e-01]",112
47,0,"[[-0.29118183 -0.30505334  0.32494666]
 [ 0.14407435 -0.31138585  0.31861415]
 [ 0.2612954  -0.1470785   0.4829215 ]
 [-0.2612954   0.1470785  -0.4829215 ]
 [ 0.29118183  0.30505334 -0.32494666]
 [-0.14407435  0.31138585 -0.31861415]]","[2237. 2246.  925. 2218. 2143. 1028. 1954. 2250.  920. 1858. 2246.  925.
 1877. 2143. 1028. 2141. 2250.  920.]","[2227. 2244.  923. 2209. 2139. 1033. 1949. 2232.  924. 1870. 2242.  923.
 1886. 2138. 1033. 2145. 2235.  926.]","[-14.595    4.246   62.507   -0.5493   0.1221  -0.1831  -0.0684  -0.2607
   0.9624]",112
48,0,"[[-0.29266755 -0.3044819   0.3255181 ]
 [ 0.1398462  -0.31167203  0.31832797]
 [ 0.26542061 -0.15090918  0.47909082]
 [-0.26542061  0.15090918 -0.47909082]
 [ 0.29266755  0.3044819  -0.3255181 ]
 [-0.1398462   0.31167203 -0.31832797]]","[2238. 2246.  925. 2221. 2146. 1025. 1956. 2251.  920. 1857. 2246.  925.
 1874. 2146. 1025. 2139. 2251.  920.]","[2228. 2243.  924. 2212. 2141. 1031. 1952. 2232.  924. 1869. 2242.  922.
 1884. 2141. 1031. 2143. 2235.  926.]","[-14.623    4.246   62.496   -0.4883   0.1221  -0.3052  -0.0728  -0.2593
   0.9653]",112
49,0,"[[-0.29405498 -0.30390806  0.32609194]
 [ 0.13557761 -0.31195392  0.31804608]
 [ 0.26932943 -0.15487245  0.47512755]
 [-0.26932943  0.15487245 -0.47512755]
 [ 0.29405498  0.30390806 -0.32609194]
 [-0.13557761  0.31195392 -0.31804608]]","[2239. 2246.  925. 2223. 2148. 1023. 1959. 2251.  920. 1856. 2246.  925.
 1872. 2148. 1023. 2136. 2251.  920.]","[2229. 2242.  924. 2215. 2143. 1028. 1955. 2233.  923. 1868. 2241.  923.
 1880. 2143. 1028. 2140. 2235.  926.]","[-1.4639e+01  4.2460e+00  6.2485e+01 -4.8830e-01  6.1000e-02 -2.4410e-01
 -7.9600e-02 -2.6220e-01  9.5900e-01]",112
50,0,"[[-0.29534366 -0.30333234  0.32666766]
 [ 0.13126956 -0.31223147  0.31776853]
 [ 0.27302021 -0.15896799  0.47103201]
 [-0.27302021  0.15896799 -0.47103201]
 [ 0.29534366  0.30333234 -0.32666766]
 [-0.13126956  0.31223147 -0.31776853]]","[2240. 2245.  926. 2225. 2151. 1020. 1962. 2251.  920. 1855. 2245.  926.
 1870. 2151. 1020. 2133. 2251.  920.]","[2231. 2242.  924. 2218. 2146. 1027. 1957. 2233.  923. 1867. 2241.  923.
 1878. 2146. 1027. 2138. 2235.  925.]","[-1.4661e+01  4.2520e+00  6.2474e+01 -5.4930e-01  1.2210e-01 -6.1000e-02
 -8.0600e-02 -2.6170e-01  9.5310e-01]",112
51,0,"[[-0.29653315 -0.30275529  0.32724471]
 [ 0.12692306 -0.31250458  0.31749542]
 [ 0.27649146 -0.1631954   0.4668046 ]
 [-0.27649146  0.1631954  -0.4668046 ]
 [ 0.29653315  0.30275529 -0.32724471]
 [-0.12692306  0.31250458 -0.31749542]]","[2241. 2245.  926. 2228. 2154. 1017. 1965. 2251.  920. 1854. 2245.  926.
 1867. 2154. 1017. 2130. 2251.  920.]","[2232. 2242.  924. 2220. 2149. 1023. 1960. 2235.  923. 1865. 2241.  924.
 1874. 2149. 1023. 2134. 2235.  925.]","[-14.689    4.257   62.468   -0.9155   0.1831   0.      -0.084   -0.2622
   0.958 ]",112
52,0,"[[-0.29762306 -0.30217743  0.32782257]
 [ 0.12253911 -0.31277319  0.31722681]
 [ 0.27974188 -0.16755418  0.46244582]
 [-0.27974188  0.16755418 -0.46244582]
 [ 0.29762306  0.30217743 -0.32782257]
 [-0.12253911  0.31277319 -0.31722681]]","[2242. 2244.  926. 2230. 2157. 1014. 1968. 2251.  920. 1853. 2244.  926.
 1865. 2157. 1014. 2127. 2251.  920.]","[2233. 2242.  924. 2222. 2151. 1021. 1962. 2235.  923. 1864. 2241.  924.
 1872. 2151. 1021. 2132. 2235.  926.]","[-1.4727e+01  4.2630e+00  6.2468e+01 -1.0986e+00  6.1000e-02  1.8310e-01
 -7.7100e-02 -2.5490e-01  9.6530e-01]",112
53,0,"[[-0.29861301 -0.3015993   0.3284007 ]
 [ 0.11811874 -0.31303723  0.31696277]
 [ 0.28277029 -0.17204373  0.45795627]
 [-0.28277029  0.17204373 -0.45795627]
 [ 0.29861301  0.3015993  -0.3284007 ]
 [-0.11811874  0.31303723 -0.31696277]]","[2242. 2244.  927. 2232. 2160. 1011. 1970. 2252.  919. 1853. 2244.  927.
 1863. 2160. 1011. 2125. 2252.  919.]","[2235. 2241.  924. 2225. 2154. 1018. 1965. 2236.  923. 1863. 2240.  924.
 1870. 2153. 1019. 2129. 2236.  925.]","[-14.771    4.274   62.479   -1.0376   0.1831   0.2441  -0.0732  -0.2563
   0.9561]",112
54,0,"[[-0.29950269 -0.30102139  0.32897861]
 [ 0.11366301 -0.31329662  0.31670338]
 [ 0.28557574 -0.17666337  0.45333663]
 [-0.28557574  0.17666337 -0.45333663]
 [ 0.29950269  0.30102139 -0.32897861]
 [-0.11366301  0.31329662 -0.31670338]]","[2243. 2244.  927. 2234. 2163. 1008. 1973. 2252.  919. 1852. 2244.  927.
 1861. 2163. 1008. 2122. 2252.  919.]","[2236. 2240.  925. 2228. 2157. 1016. 1967. 2236.  923. 1861. 2240.  925.
 1867. 2156. 1016. 2127. 2235.  925.]","[-14.815    4.29    62.485   -1.1597   0.2441   0.1221  -0.0732  -0.2549
   0.9663]",112
55,0,"[[-0.30029178 -0.30044423  0.32955577]
 [ 0.10917298 -0.3135513   0.3164487 ]
 [ 0.28815737 -0.18141229  0.44858771]
 [-0.28815737  0.18141229 -0.44858771]
 [ 0.30029178  0.30044423 -0.32955577]
 [-0.10917298  0.3135513  -0.3164487 ]]","[2243. 2243.  928. 2235. 2166. 1005. 1976. 2252.  919. 1852. 2243.  928.
 1860. 2166. 1005. 2119. 2252.  919.]","[2237. 2240.  925. 2229. 2159. 1012. 1970. 2236.  923. 1860. 2240.  925.
 1865. 2159. 1013. 2124. 2236.  926.]","[-1.4859e+01  4.3010e+00  6.2485e+01 -1.1597e+00  2.4410e-01  6.1000e-02
 -7.1800e-02 -2.5830e-01  9.5310e-01]",112
56,0,"[[-0.30098002 -0.2998683   0.3301317 ]
 [ 0.10464973 -0.3138012   0.3161988 ]
 [ 0.29051455 -0.18628963  0.44371037]
 [-0.29051455  0.18628963 -0.44371037]
 [ 0.30098002  0.2998683  -0.3301317 ]
 [-0.10464973  0.3138012  -0.3161988 ]]","[2244. 2243.  928. 2237. 2169. 1002. 1979. 2252.  919. 1851. 2243.  928.
 1858. 2169. 1002. 2116. 2252.  919.]","[2238. 2240.  926. 2231. 2162. 1010. 1973. 2237.  923. 1859. 2239.  925.
 1864. 2161. 1010. 2121. 2236.  925.]","[-14.903    4.312   62.485   -1.0376   0.1831   0.      -0.0654  -0.2651
   0.9697]",112
57,0,"[[-0.3015672  -0.29929411  0.33070589]
 [ 0.10009435 -0.31404626  0.31595374]
 [ 0.29264676 -0.1912944   0.4387056 ]
 [-0.29264676  0.1912944  -0.4387056 ]
 [ 0.3015672   0.29929411 -0.33070589]
 [-0.10009435  0.31404626 -0.31595374]]","[2244. 2243.  928. 2238. 2172.  999. 1982. 2252.  919. 1851. 2243.  928.
 1857. 2172.  999. 2113. 2252.  919.]","[2239. 2239.  926. 2233. 2165. 1007. 1976. 2237.  923. 1859. 2239.  926.
 1862. 2165. 1007. 2119. 2236.  926.]","[-14.941    4.318   62.485   -1.0376   0.1831   0.      -0.0649  -0.272
   0.96  ]",112
58,0,"[[-0.30205315 -0.29872213  0.33127787]
 [ 0.09550795 -0.31428641  0.31571359]
 [ 0.29455366 -0.19642553  0.43357447]
 [-0.29455366  0.19642553 -0.43357447]
 [ 0.30205315  0.29872213 -0.33127787]
 [-0.09550795  0.31428641 -0.31571359]]","[2244. 2242.  929. 2240. 2176.  995. 1985. 2252.  919. 1851. 2242.  929.
 1855. 2176.  995. 2110. 2252.  919.]","[2240. 2239.  927. 2235. 2169. 1004. 1978. 2237.  923. 1858. 2239.  926.
 1860. 2168. 1004. 2115. 2236.  925.]","[-1.4980e+01  4.3230e+00  6.2479e+01 -9.7660e-01  1.2210e-01 -6.1000e-02
 -6.8400e-02 -2.7000e-01  9.4870e-01]",112
59,1,"[[-0.30243789 -0.29815283  0.33184717]
 [ 0.09089166 -0.31452159  0.31547841]
 [ 0.29623508 -0.20168185  0.42831815]
 [-0.29623508  0.20168185 -0.42831815]
 [ 0.30243789  0.29815283 -0.33184717]
 [-0.09089166  0.31452159 -0.31547841]]","[2245. 2242.  929. 2241. 2179.  992. 1988. 2253.  918. 1850. 2242.  929.
 1854. 2179.  992. 2107. 2253.  918.]","[2241. 2238.  927. 2237. 2171. 1001. 1981. 2237.  923. 1857. 2239.  925.
 1858. 2172. 1001. 2112. 2237.  925.]","[-15.024    4.323   62.474   -1.0376   0.1221  -0.1831  -0.0742  -0.271
   0.9634]",112
60,1,"[[-0.30272199 -0.29758669  0.33241331]
 [ 0.08624652 -0.31475175  0.31524825]
 [ 0.29769103 -0.2070621   0.4229379 ]
 [-0.29769103  0.2070621  -0.4229379 ]
 [ 0.30272199  0.29758669 -0.33241331]
 [-0.08624652  0.31475175 -0.31524825]]","[2245. 2241.  929. 2242. 2182.  988. 1991. 2253.  918. 1850. 2241.  929.
 1853. 2182.  988. 2104. 2253.  918.]","[2242. 2238.  928. 2238. 2175.  997. 1985. 2237.  922. 1857. 2239.  926.
 1857. 2174.  998. 2110. 2237.  925.]","[-15.068    4.323   62.463   -1.0376   0.      -0.1831  -0.0718  -0.2759
   0.9609]",112
61,1,"[[-0.30290713 -0.29702415  0.33297585]
 [ 0.08157312 -0.31497681  0.31502319]
 [ 0.29892205 -0.21256493  0.41743507]
 [-0.29892205  0.21256493 -0.41743507]
 [ 0.30290713  0.29702415 -0.33297585]
 [-0.08157312  0.31497681 -0.31502319]]","[2245. 2241.  930. 2242. 2186.  985. 1994. 2253.  918. 1850. 2241.  930.
 1853. 2186.  985. 2101. 2253.  918.]","[2242. 2237.  928. 2240. 2178.  994. 1987. 2238.  922. 1856. 2238.  926.
 1855. 2178.  994. 2107. 2238.  925.]","[-1.5112e+01  4.3230e+00  6.2457e+01 -1.0376e+00  6.1000e-02 -6.1000e-02
 -7.6700e-02 -2.6950e-01  9.5800e-01]",112
62,1,"[[-0.30298511 -0.29646557  0.33353443]
 [ 0.07686919 -0.31519674  0.31480326]
 [ 0.29993072 -0.21818887  0.41181113]
 [-0.29993072  0.21818887 -0.41181113]
 [ 0.30298511  0.29646557 -0.33353443]
 [-0.07686919  0.31519674 -0.31480326]]","[2245. 2241.  930. 2243. 2190.  981. 1997. 2253.  918. 1850. 2241.  930.
 1852. 2190.  981. 2098. 2253.  918.]","[2243. 2237.  928. 2240. 2181.  991. 1990. 2239.  922. 1855. 2238.  926.
 1855. 2181.  993. 2104. 2238.  924.]","[-1.5156e+01  4.3230e+00  6.2457e+01 -1.1597e+00  6.1000e-02  6.1000e-02
 -7.4700e-02 -2.7440e-01  9.5510e-01]",112
63,1,"[[-0.3028494  -0.29591094  0.33408906]
 [ 0.07212216 -0.31541147  0.31458853]
 [ 0.3007253  -0.2239324   0.4060676 ]
 [-0.3007253   0.2239324  -0.4060676 ]
 [ 0.3028494   0.29591094 -0.33408906]
 [-0.07212216  0.31541147 -0.31458853]]","[2245. 2240.  931. 2244. 2193.  977. 2000. 2253.  918. 1850. 2240.  931.
 1851. 2193.  977. 2095. 2253.  918.]","[2243. 2236.  929. 2241. 2185.  987. 1993. 2240.  922. 1855. 2238.  926.
 1854. 2184.  991. 2101. 2238.  924.]","[-15.211    4.329   62.463   -1.4648   0.1221   0.1831  -0.083   -0.269
   0.9487]",112
64,1,"[[-0.30236954 -0.29535955  0.33464045]
 [ 0.0673176  -0.31562095  0.31437905]
 [ 0.30130848 -0.22979396  0.40020604]
 [-0.30130848  0.22979396 -0.40020604]
 [ 0.30236954  0.29535955 -0.33464045]
 [-0.0673176   0.31562095 -0.31437905]]","[2245. 2240.  931. 2244. 2197.  974. 2004. 2253.  918. 1850. 2240.  931.
 1851. 2197.  974. 2091. 2253.  918.]","[2244. 2236.  929. 2242. 2189.  983. 1996. 2241.  921. 1855. 2237.  927.
 1853. 2186.  987. 2098. 2239.  925.]","[-15.276    4.34    62.468   -1.709    0.1831   0.2441  -0.0757  -0.271
   0.9575]",112
65,1,"[[-0.30153777 -0.29481148  0.33518852]
 [ 0.06245285 -0.31582515  0.31417485]
 [ 0.30167193 -0.23577195  0.39422805]
 [-0.30167193  0.23577195 -0.39422805]
 [ 0.30153777  0.29481148 -0.33518852]
 [-0.06245285  0.31582515 -0.31417485]]","[2244. 2240.  931. 2244. 2201.  970. 2007. 2253.  918. 1851. 2240.  931.
 1851. 2201.  970. 2088. 2253.  918.]","[2244. 2235.  929. 2243. 2192.  980. 1998. 2242.  921. 1854. 2237.  926.
 1853. 2187.  983. 2095. 2239.  925.]","[-1.5353e+01  4.3510e+00  6.2474e+01 -1.8921e+00  2.4410e-01  6.1000e-02
 -7.4200e-02 -2.6370e-01  9.5950e-01]",112
66,1,"[[-0.30035664 -0.29426723  0.33573277]
 [ 0.05752845 -0.31602403  0.31397597]
 [ 0.30181574 -0.24186411  0.38813589]
 [-0.30181574  0.24186411 -0.38813589]
 [ 0.30035664  0.29426723 -0.33573277]
 [-0.05752845  0.31602403 -0.31397597]]","[2243. 2239.  932. 2244. 2205.  966. 2010. 2254.  917. 1852. 2239.  932.
 1851. 2205.  966. 2085. 2254.  917.]","[2246. 2235.  929. 2242. 2196.  976. 2001. 2242.  921. 1854. 2236.  927.
 1852. 2191.  980. 2092. 2239.  925.]","[-15.425    4.367   62.468   -1.77     0.3052   0.      -0.0737  -0.2632
   0.957 ]",112
67,1,"[[-0.29882762 -0.29372732  0.33627268]
 [ 0.05254543 -0.31621755  0.31378245]
 [ 0.30181827 -0.24806168  0.38193832]
 [-0.30181827  0.24806168 -0.38193832]
 [ 0.29882762  0.29372732 -0.33627268]
 [-0.05254543  0.31621755 -0.31378245]]","[2242. 2239.  932. 2244. 2209.  962. 2013. 2254.  917. 1853. 2239.  932.
 1851. 2209.  962. 2082. 2254.  917.]","[2247. 2235.  930. 2243. 2200.  975. 2005. 2244.  921. 1854. 2236.  927.
 1853. 2195.  976. 2088. 2239.  924.]","[-15.496    4.378   62.468   -1.77     0.3662   0.      -0.0747  -0.2671
   0.9629]",112
68,1,"[[-0.29695251 -0.29319223  0.33680777]
 [ 0.04750497 -0.31640566  0.31359434]
 [ 0.30177074 -0.25434422  0.37565578]
 [-0.30177074  0.25434422 -0.37565578]
 [ 0.29695251  0.29319223 -0.33680777]
 [-0.04750497  0.31640566 -0.31359434]]","[2241. 2239.  932. 2244. 2213.  958. 2017. 2254.  917. 1854. 2239.  932.
 1851. 2213.  958. 2078. 2254.  917.]","[2247. 2235.  930. 2243. 2202.  971. 2007. 2245.  920. 1854. 2235.  927.
 1852. 2198.  973. 2086. 2240.  924.]","[-15.568    4.395   62.457   -2.0142   0.4883  -0.2441  -0.0776  -0.2759
   0.9565]",112
69,1,"[[-0.29473346 -0.29266243  0.33733757]
 [ 0.04240839 -0.31658832  0.31341168]
 [ 0.30168813 -0.26069939  0.36930061]
 [-0.30168813  0.26069939 -0.36930061]
 [ 0.29473346  0.29266243 -0.33733757]
 [-0.04240839  0.31658832 -0.31341168]]","[2240. 2238.  933. 2244. 2217.  954. 2020. 2254.  917. 1855. 2238.  933.
 1851. 2217.  954. 2075. 2254.  917.]","[2246. 2235.  930. 2243. 2203.  967. 2010. 2246.  920. 1854. 2235.  927.
 1852. 2201.  970. 2083. 2240.  925.]","[-1.5650e+01  4.4110e+00  6.2441e+01 -2.1362e+00  4.8830e-01 -3.6620e-01
 -6.2000e-02 -2.8170e-01  9.6290e-01]",112
70,1,"[[-0.29217306 -0.29213842  0.33786158]
 [ 0.03725712 -0.31676551  0.31323449]
 [ 0.30156583 -0.26712219  0.36287781]
 [-0.30156583  0.26712219 -0.36287781]
 [ 0.29217306  0.29213842 -0.33786158]
 [-0.03725712  0.31676551 -0.31323449]]","[2238. 2238.  933. 2244. 2222.  949. 2023. 2254.  917. 1857. 2238.  933.
 1851. 2222.  949. 2072. 2254.  917.]","[2245. 2235.  931. 2243. 2205.  964. 2014. 2247.  920. 1855. 2234.  928.
 1852. 2206.  965. 2079. 2240.  924.]","[-15.738    4.427   62.419   -2.1362   0.4883  -0.3052  -0.0669  -0.2891
   0.938 ]",112
71,1,"[[-0.28927426 -0.29162067  0.33837933]
 [ 0.03205268 -0.31693717  0.31306283]
 [ 0.30139909 -0.27360918  0.35639082]
 [-0.30139909  0.27360918 -0.35639082]
 [ 0.28927426  0.29162067 -0.33837933]
 [-0.03205268  0.31693717 -0.31306283]]","[2236. 2238.  933. 2244. 2226.  945. 2027. 2254.  917. 1859. 2238.  933.
 1851. 2226.  945. 2068. 2254.  917.]","[2244. 2235.  933. 2243. 2210.  961. 2018. 2248.  920. 1855. 2235.  928.
 1853. 2209.  962. 2076. 2240.  924.]","[-15.82     4.433   62.408   -2.0142   0.1221   0.      -0.0869  -0.3071
   0.9985]",112
72,1,"[[-0.28604042 -0.29110965  0.33889035]
 [ 0.02679668 -0.31710327  0.31289673]
 [ 0.30118467 -0.28015736  0.34984264]
 [-0.30118467  0.28015736 -0.34984264]
 [ 0.28604042  0.29110965 -0.33889035]
 [-0.02679668  0.31710327 -0.31289673]]","[2234. 2237.  934. 2244. 2230.  941. 2030. 2254.  917. 1861. 2237.  934.
 1851. 2230.  941. 2065. 2254.  917.]","[2244. 2234.  934. 2243. 2212.  959. 2020. 2247.  920. 1856. 2235.  928.
 1853. 2210.  960. 2073. 2241.  924.]","[-1.5875e+01  4.4270e+00  6.2413e+01 -5.4930e-01 -3.6620e-01  0.0000e+00
 -5.6200e-02 -3.0810e-01  1.0054e+00]",112
73,1,"[[-0.2824753  -0.29060585  0.33939415]
 [ 0.02149082 -0.31726378  0.31273622]
 [ 0.30092024 -0.2867638   0.3432362 ]
 [-0.30092024  0.2867638  -0.3432362 ]
 [ 0.2824753   0.29060585 -0.33939415]
 [-0.02149082  0.31726378 -0.31273622]]","[2232. 2237.  934. 2244. 2234.  937. 2033. 2254.  917. 1863. 2237.  934.
 1851. 2234.  937. 2062. 2254.  917.]","[2243. 2234.  936. 2243. 2214.  957. 2022. 2248.  920. 1856. 2235.  927.
 1852. 2212.  957. 2072. 2241.  924.]","[-1.5886e+01  4.4170e+00  6.2402e+01  0.0000e+00 -6.1000e-02 -5.4930e-01
 -4.6400e-02 -3.0760e-01  9.2240e-01]",112
74,1,"[[-0.27858301 -0.28079453  0.34920547]
 [ 0.01613689 -0.31741865  0.31258135]
 [ 0.30060396 -0.29074129  0.33925871]
 [-0.30060396  0.29074129 -0.33925871]
 [ 0.27858301  0.28079453 -0.34920547]
 [-0.01613689  0.31741865 -0.31258135]]","[2229. 2231.  940. 2243. 2237.  934. 2037. 2254.  917. 1866. 2231.  940.
 1852. 2237.  934. 2058. 2254.  917.]","[2242. 2234.  936. 2243. 2215.  955. 2026. 2248.  920. 1857. 2235.  928.
 1852. 2214.  955. 2072. 2241.  924.]","[-1.5897e+01  4.3950e+00  6.2358e+01  0.0000e+00  0.0000e+00 -1.2817e+00
 -5.3200e-02 -3.0860e-01  9.4580e-01]",112
75,1,"[[-0.27436807 -0.27103487  0.35896513]
 [ 0.01073678 -0.31756784  0.31243216]
 [ 0.30023416 -0.29107701  0.33892299]
 [-0.30023416  0.29107701 -0.33892299]
 [ 0.27436807  0.27103487 -0.35896513]
 [-0.01073678  0.31756784 -0.31243216]]","[2226. 2224.  947. 2243. 2237.  934. 2041. 2255.  916. 1869. 2224.  947.
 1852. 2237.  934. 2054. 2255.  916.]","[2240. 2232.  937. 2245. 2217.  953. 2029. 2249.  920. 1860. 2234.  929.
 1853. 2216.  952. 2069. 2240.  924.]","[-1.5914e+01  4.3730e+00  6.2303e+01  0.0000e+00 -6.1000e-02 -1.5259e+00
 -8.2500e-02 -3.0860e-01  9.4920e-01]",112
76,1,"[[-0.26983536 -0.26144723  0.36855277]
 [ 0.00529244 -0.31771133  0.31228867]
 [ 0.29980923 -0.29141524  0.33858476]
 [-0.29980923  0.29141524 -0.33858476]
 [ 0.26983536  0.26144723 -0.36855277]
 [-0.00529244  0.31771133 -0.31228867]]","[2223. 2218.  953. 2243. 2237.  933. 2044. 2255.  916. 1872. 2218.  953.
 1852. 2237.  933. 2051. 2255.  916.]","[2238. 2227.  936. 2245. 2218.  952. 2032. 2249.  920. 1862. 2230.  932.
 1853. 2217.  951. 2064. 2241.  924.]","[-15.93     4.351   62.254   -0.1221   0.      -1.2207  -0.1064  -0.2939
   0.9307]",112
77,1,"[[-2.64990124e-01 -2.52040676e-01  3.77959324e-01]
 [-1.94060126e-04 -3.17849069e-01  3.12150931e-01]
 [ 2.99327596e-01 -2.91755829e-01  3.38244171e-01]
 [-2.99327596e-01  2.91755829e-01 -3.38244171e-01]
 [ 2.64990124e-01  2.52040676e-01 -3.77959324e-01]
 [ 1.94060126e-04  3.17849069e-01 -3.12150931e-01]]","[2220. 2212.  959. 2243. 2238.  933. 2048. 2255.  916. 1875. 2212.  959.
 1852. 2238.  933. 2047. 2255.  916.]","[2236. 2223.  940. 2246. 2219.  951. 2036. 2249.  920. 1865. 2227.  937.
 1853. 2217.  950. 2061. 2240.  923.]","[-1.5947e+01  4.3290e+00  6.2221e+01 -6.1000e-02 -4.8830e-01 -8.5450e-01
 -1.0300e-01 -2.6900e-01  9.3460e-01]",112
78,1,"[[-0.25983798 -0.24282415  0.38717585]
 [-0.00572059 -0.31798102  0.31201898]
 [ 0.29878767 -0.29209865  0.33790135]
 [-0.29878767  0.29209865 -0.33790135]
 [ 0.25983798  0.24282415 -0.38717585]
 [ 0.00572059  0.31798102 -0.31201898]]","[2217. 2206.  965. 2242. 2238.  933. 2051. 2255.  916. 1878. 2206.  965.
 1853. 2238.  933. 2044. 2255.  916.]","[2234. 2218.  945. 2245. 2218.  950. 2040. 2249.  920. 1868. 2224.  943.
 1853. 2216.  950. 2058. 2241.  923.]","[-1.5974e+01  4.3180e+00  6.2194e+01 -4.8830e-01 -6.1000e-02 -6.1040e-01
 -4.5400e-02 -2.5980e-01  9.2970e-01]",112
79,1,"[[-0.25438489 -0.23380646  0.39619354]
 [-0.01128491 -0.31810716  0.31189284]
 [ 0.29818785 -0.29244357  0.33755643]
 [-0.29818785  0.29244357 -0.33755643]
 [ 0.25438489  0.23380646 -0.39619354]
 [ 0.01128491  0.31810716 -0.31189284]]","[2213. 2200.  971. 2242. 2238.  933. 2055. 2255.  916. 1882. 2200.  971.
 1853. 2238.  933. 2040. 2255.  916.]","[2230. 2213.  950. 2245. 2219.  949. 2043. 2249.  920. 1871. 2219.  949.
 1853. 2217.  950. 2054. 2241.  922.]","[-15.996    4.301   62.166   -0.4272  -0.1831  -0.9155  -0.0645  -0.2568
   1.0098]",112
80,1,"[[-0.24863717 -0.2249963   0.4050037 ]
 [-0.01688473 -0.31822744  0.31177256]
 [ 0.29752653 -0.29279046  0.33720954]
 [-0.29752653  0.29279046 -0.33720954]
 [ 0.24863717  0.2249963  -0.4050037 ]
 [ 0.01688473  0.31822744 -0.31177256]]","[2210. 2194.  977. 2241. 2238.  933. 2059. 2255.  916. 1885. 2194.  977.
 1854. 2238.  933. 2036. 2255.  916.]","[2226. 2207.  956. 2245. 2218.  948. 2047. 2248.  920. 1874. 2214.  955.
 1854. 2217.  950. 2050. 2241.  922.]","[-16.029    4.263   62.139   -0.9155  -1.0376  -0.9766  -0.0962  -0.2378
   0.8818]",112
81,1,"[[-0.24260149 -0.21640221  0.41359779]
 [-0.02251763 -0.31834183  0.31165817]
 [ 0.2968021  -0.29313921  0.33686079]
 [-0.2968021   0.29313921 -0.33686079]
 [ 0.24260149  0.21640221 -0.41359779]
 [ 0.02251763  0.31834183 -0.31165817]]","[2206. 2189.  982. 2241. 2239.  932. 2062. 2255.  916. 1889. 2189.  982.
 1854. 2239.  932. 2033. 2255.  916.]","[2219. 2201.  964. 2244. 2218.  946. 2051. 2248.  921. 1880. 2207.  964.
 1854. 2216.  950. 2046. 2240.  921.]","[-16.073    4.213   62.133   -1.2817  -1.4038  -0.3052  -0.1157  -0.2607
   0.9668]",112
82,1,"[[-0.23628482 -0.20803255  0.42196745]
 [-0.02818114 -0.31845029  0.31154971]
 [ 0.29601292 -0.29348967  0.33651033]
 [-0.29601292  0.29348967 -0.33651033]
 [ 0.23628482  0.20803255 -0.42196745]
 [ 0.02818114  0.31845029 -0.31154971]]","[2202. 2183.  988. 2240. 2239.  932. 2066. 2255.  916. 1893. 2183.  988.
 1855. 2239.  932. 2029. 2255.  916.]","[2216. 2197.  969. 2244. 2218.  946. 2054. 2248.  920. 1882. 2202.  969.
 1855. 2216.  950. 2043. 2241.  922.]","[-1.6128e+01  4.1640e+00  6.2144e+01 -1.4648e+00 -1.4038e+00 -6.1000e-02
 -8.0600e-02 -2.9540e-01  9.7460e-01]",112
83,1,"[[-0.22969449 -0.19989555  0.43010445]
 [-0.0338727  -0.31855279  0.31144721]
 [ 0.29515737 -0.29384174  0.33615826]
 [-0.29515737  0.29384174 -0.33615826]
 [ 0.22969449  0.19989555 -0.43010445]
 [ 0.0338727   0.31855279 -0.31144721]]","[2197. 2178.  993. 2240. 2239.  932. 2070. 2255.  916. 1898. 2178.  993.
 1855. 2239.  932. 2025. 2255.  916.]","[2211. 2197.  975. 2242. 2218.  946. 2057. 2247.  920. 1886. 2197.  975.
 1855. 2217.  949. 2039. 2241.  921.]","[-16.172    4.125   62.161   -1.2817  -1.4038   0.1221  -0.1338  -0.2573
   0.9424]",112
84,1,"[[-0.22283813 -0.19199924  0.43800076]
 [-0.03958967 -0.3186493   0.3113507 ]
 [ 0.29423381 -0.29419528  0.33580472]
 [-0.29423381  0.29419528 -0.33580472]
 [ 0.22283813  0.19199924 -0.43800076]
 [ 0.03958967  0.3186493  -0.3113507 ]]","[2193. 2173.  998. 2239. 2239.  932. 2073. 2255.  916. 1902. 2173.  998.
 1856. 2239.  932. 2022. 2255.  916.]","[2207. 2192.  981. 2239. 2218.  946. 2061. 2247.  920. 1889. 2192.  981.
 1856. 2217.  948. 2035. 2241.  921.]","[-16.232    4.087   62.216   -1.8311  -1.6479   1.0986  -0.0918  -0.2739
   0.9863]",112
85,1,"[[-0.21572368 -0.18435147  0.44564853]
 [-0.04532933 -0.31873977  0.31126023]
 [ 0.29324062 -0.29455019  0.33544981]
 [-0.29324062  0.29455019 -0.33544981]
 [ 0.21572368  0.18435147 -0.44564853]
 [ 0.04532933  0.31873977 -0.31126023]]","[2188. 2168. 1003. 2239. 2240.  931. 2077. 2255.  916. 1907. 2168. 1003.
 1856. 2240.  931. 2018. 2255.  916.]","[2202. 2187.  986. 2238. 2218.  946. 2064. 2247.  921. 1893. 2186.  987.
 1857. 2217.  947. 2031. 2241.  921.]","[-1.6276e+01  4.0650e+00  6.2281e+01 -1.2817e+00 -1.2207e+00  1.3428e+00
 -4.7400e-02 -2.8960e-01  9.4430e-01]",112
86,1,"[[-0.20835937 -0.17695991  0.45304009]
 [-0.05108888 -0.31882419  0.31117581]
 [ 0.29217615 -0.29490634  0.33509366]
 [-0.29217615  0.29490634 -0.33509366]
 [ 0.20835937  0.17695991 -0.45304009]
 [ 0.05108888  0.31882419 -0.31117581]]","[2183. 2163. 1008. 2238. 2240.  931. 2081. 2255.  916. 1912. 2163. 1008.
 1857. 2240.  931. 2014. 2255.  916.]","[2197. 2181.  993. 2236. 2218.  946. 2068. 2247.  921. 1897. 2181.  992.
 1858. 2217.  946. 2027. 2241.  921.]","[-1.6320e+01  4.0370e+00  6.2320e+01 -1.2207e+00 -1.1597e+00  3.6620e-01
 -3.8600e-02 -3.1450e-01  9.7510e-01]",112
87,1,"[[-0.20075375 -0.16983201  0.46016799]
 [-0.05686544 -0.31890251  0.31109749]
 [ 0.29103879 -0.29526363  0.33473637]
 [-0.29103879  0.29526363 -0.33473637]
 [ 0.20075375  0.16983201 -0.46016799]
 [ 0.05686544  0.31890251 -0.31109749]]","[2178. 2158. 1013. 2237. 2240.  931. 2085. 2255.  916. 1917. 2158. 1013.
 1858. 2240.  931. 2010. 2255.  916.]","[2190. 2175.  999. 2236. 2218.  946. 2073. 2247.  921. 1903. 2174.  998.
 1858. 2217.  945. 2022. 2241.  921.]","[-1.6348e+01  4.0260e+00  6.2325e+01 -5.4930e-01 -1.8310e-01  0.0000e+00
 -5.6200e-02 -3.3110e-01  9.9020e-01]",112
88,1,"[[-0.19291561 -0.16297504  0.46702496]
 [-0.06265608 -0.3189747   0.3110253 ]
 [ 0.28982692 -0.29562192  0.33437808]
 [-0.28982692  0.29562192 -0.33437808]
 [ 0.19291561  0.16297504 -0.46702496]
 [ 0.06265608  0.3189747  -0.3110253 ]]","[2173. 2154. 1017. 2236. 2240.  931. 2088. 2255.  916. 1922. 2154. 1017.
 1859. 2240.  931. 2007. 2255.  916.]","[2187. 2170. 1003. 2235. 2219.  946. 2075. 2247.  920. 1907. 2170. 1002.
 1859. 2217.  946. 2020. 2241.  921.]","[-1.6364e+01  4.0210e+00  6.2331e+01 -1.8310e-01 -6.1000e-02  6.1000e-02
 -3.7600e-02 -3.2620e-01  9.1940e-01]",112
89,1,"[[-0.18485404 -0.15639603  0.47360397]
 [-0.06845777 -0.31904073  0.31095927]
 [ 0.28853895 -0.29598112  0.33401888]
 [-0.28853895  0.29598112 -0.33401888]
 [ 0.18485404  0.15639603 -0.47360397]
 [ 0.06845777  0.31904073 -0.31095927]]","[2168. 2149. 1022. 2236. 2240.  931. 2092. 2255.  915. 1927. 2149. 1022.
 1859. 2240.  931. 2003. 2255.  915.]","[2181. 2164. 1009. 2235. 2218.  946. 2080. 2247.  920. 1914. 2165. 1008.
 1860. 2217.  946. 2016. 2242.  921.]","[-1.6386e+01  4.0210e+00  6.2336e+01 -3.6620e-01 -6.1000e-02  1.2210e-01
 -6.1500e-02 -3.3540e-01  9.4920e-01]",112
90,1,"[[-0.17657837 -0.15010178  0.47989822]
 [-0.07426743 -0.31910057  0.31089943]
 [ 0.28717329 -0.29634111  0.33365889]
 [-0.28717329  0.29634111 -0.33365889]
 [ 0.17657837  0.15010178 -0.47989822]
 [ 0.07426743  0.31910057 -0.31089943]]","[2163. 2145. 1026. 2235. 2241.  930. 2096. 2256.  915. 1932. 2145. 1026.
 1860. 2241.  930. 1999. 2256.  915.]","[2176. 2160. 1013. 2234. 2218.  946. 2083. 2247.  920. 1917. 2160. 1012.
 1861. 2217.  945. 2013. 2242.  921.]","[-16.403    4.016   62.347   -0.1831  -0.1831   0.1831  -0.0723  -0.3291
   0.9614]",112
91,1,"[[-0.16809819 -0.14409887  0.48590113]
 [-0.08008189 -0.31915419  0.31084581]
 [ 0.28572837 -0.29670178  0.33329822]
 [-0.28572837  0.29670178 -0.33329822]
 [ 0.16809819  0.14409887 -0.48590113]
 [ 0.08008189  0.31915419 -0.31084581]]","[2157. 2141. 1030. 2234. 2241.  930. 2100. 2256.  915. 1938. 2141. 1030.
 1861. 2241.  930. 1995. 2256.  915.]","[2173. 2157. 1016. 2234. 2219.  946. 2085. 2247.  920. 1921. 2157. 1016.
 1861. 2218.  946. 2011. 2241.  921.]","[-1.6414e+01  4.0160e+00  6.2353e+01  6.1000e-02  0.0000e+00  1.2210e-01
 -6.4000e-02 -3.0810e-01  9.3750e-01]",112
92,1,"[[-0.15942332 -0.13839363  0.49160637]
 [-0.08589795 -0.31920157  0.31079843]
 [ 0.28420266 -0.29706303  0.33293697]
 [-0.28420266  0.29706303 -0.33293697]
 [ 0.15942332  0.13839363 -0.49160637]
 [ 0.08589795  0.31920157 -0.31079843]]","[2151. 2138. 1033. 2233. 2241.  930. 2103. 2256.  915. 1944. 2138. 1033.
 1862. 2241.  930. 1992. 2256.  915.]","[2166. 2151. 1022. 2234. 2218.  946. 2090. 2247.  921. 1928. 2152. 1022.
 1863. 2217.  946. 2006. 2241.  921.]","[-1.6430e+01  4.0100e+00  6.2342e+01  0.0000e+00 -6.1000e-02 -1.8310e-01
 -7.0300e-02 -2.9150e-01  9.4190e-01]",112
93,1,"[[-0.15056381 -0.13299214  0.49700786]
 [-0.09171231 -0.31924266  0.31075734]
 [ 0.28259463 -0.29742474  0.33257526]
 [-0.28259463  0.29742474 -0.33257526]
 [ 0.15056381  0.13299214 -0.49700786]
 [ 0.09171231  0.31924266 -0.31075734]]","[2146. 2134. 1037. 2232. 2241.  930. 2107. 2256.  915. 1949. 2134. 1037.
 1863. 2241.  930. 1988. 2256.  915.]","[2162. 2148. 1025. 2233. 2218.  946. 2092. 2247.  920. 1932. 2148. 1024.
 1863. 2217.  945. 2004. 2241.  921.]","[-1.6441e+01  4.0050e+00  6.2336e+01  0.0000e+00 -6.1000e-02 -2.4410e-01
 -7.5200e-02 -2.7590e-01  9.7120e-01]",112
94,1,"[[-0.14152991 -0.12790023  0.50209977]
 [-0.09752164 -0.31927745  0.31072255]
 [ 0.2809028  -0.2977868   0.3322132 ]
 [-0.2809028   0.2977868  -0.3322132 ]
 [ 0.14152991  0.12790023 -0.50209977]
 [ 0.09752164  0.31927745 -0.31072255]]","[2140. 2131. 1040. 2231. 2242.  929. 2111. 2256.  915. 1955. 2131. 1040.
 1864. 2242.  929. 1984. 2256.  915.]","[2156. 2144. 1029. 2233. 2218.  946. 2095. 2247.  921. 1938. 2144. 1028.
 1863. 2218.  945. 2001. 2242.  921.]","[-1.6441e+01  4.0050e+00  6.2336e+01  6.1000e-02  0.0000e+00  0.0000e+00
 -6.4900e-02 -2.6120e-01  9.5650e-01]",112
95,1,"[[-0.1323321  -0.12312345  0.50687655]
 [-0.10332252 -0.31930591  0.31069409]
 [ 0.27912571 -0.29814912  0.33185088]
 [-0.27912571  0.29814912 -0.33185088]
 [ 0.1323321   0.12312345 -0.50687655]
 [ 0.10332252  0.31930591 -0.31069409]]","[2134. 2128. 1043. 2229. 2242.  929. 2115. 2256.  915. 1961. 2128. 1043.
 1866. 2242.  929. 1980. 2256.  915.]","[2151. 2140. 1033. 2232. 2218.  946. 2099. 2247.  921. 1943. 2141. 1031.
 1864. 2218.  944. 1998. 2241.  921.]","[-16.447    3.994   62.336   -0.1221  -0.1831   0.      -0.0649  -0.2568
   0.957 ]",112
96,1,"[[-0.12298102 -0.11866709  0.51133291]
 [-0.10911151 -0.31932801  0.31067199]
 [ 0.27726194 -0.29851159  0.33148841]
 [-0.27726194  0.29851159 -0.33148841]
 [ 0.12298102  0.11866709 -0.51133291]
 [ 0.10911151  0.31932801 -0.31067199]]","[2128. 2125. 1046. 2228. 2242.  929. 2119. 2256.  915. 1967. 2125. 1046.
 1867. 2242.  929. 1976. 2256.  915.]","[2145. 2137. 1036. 2230. 2218.  946. 2101. 2247.  921. 1948. 2137. 1036.
 1866. 2218.  944. 1994. 2241.  921.]","[-16.452    3.988   62.342   -0.1831  -0.1831   0.      -0.0811  -0.2705
   0.9653]",112
97,1,"[[-0.1134875  -0.11453616  0.51546384]
 [-0.1148851  -0.31934378  0.31065622]
 [ 0.2753101  -0.2988741   0.3311259 ]
 [-0.2753101   0.2988741  -0.3311259 ]
 [ 0.1134875   0.11453616 -0.51546384]
 [ 0.1148851   0.31934378 -0.31065622]]","[2121. 2122. 1049. 2227. 2242.  929. 2122. 2256.  915. 1974. 2122. 1049.
 1868. 2242.  929. 1973. 2256.  915.]","[2137. 2133. 1041. 2228. 2218.  946. 2106. 2247.  921. 1956. 2133. 1039.
 1867. 2217.  943. 1989. 2241.  921.]","[-1.6458e+01  3.9880e+00  6.2342e+01 -2.4410e-01 -6.1000e-02  0.0000e+00
 -7.3700e-02 -2.7730e-01  9.4340e-01]",112
98,1,"[[-0.10386254 -0.11073538  0.51926462]
 [-0.12063972 -0.31935331  0.31064669]
 [ 0.27326886 -0.29923654  0.33076346]
 [-0.27326886  0.29923654 -0.33076346]
 [ 0.10386254  0.11073538 -0.51926462]
 [ 0.12063972  0.31935331 -0.31064669]]","[2115. 2120. 1051. 2226. 2243.  928. 2126. 2256.  915. 1980. 2120. 1051.
 1869. 2243.  928. 1969. 2256.  915.]","[2133. 2130. 1042. 2227. 2218.  945. 2108. 2247.  921. 1961. 2131. 1042.
 1868. 2218.  943. 1987. 2242.  921.]","[-1.6469e+01  3.9830e+00  6.2347e+01 -3.0520e-01 -2.4410e-01  6.1000e-02
 -7.4700e-02 -2.9300e-01  9.5610e-01]",112
99,1,"[[-0.09411729 -0.10726918  0.52273082]
 [-0.12637177 -0.31935664  0.31064336]
 [ 0.27113692 -0.29959883  0.33040117]
 [-0.27113692  0.29959883 -0.33040117]
 [ 0.09411729  0.10726918 -0.52273082]
 [ 0.12637177  0.31935664 -0.31064336]]","[2109. 2117. 1054. 2224. 2243.  928. 2130. 2256.  915. 1986. 2117. 1054.
 1871. 2243.  928. 1965. 2256.  915.]","[2127. 2127. 1046. 2226. 2219.  945. 2112. 2247.  920. 1967. 2128. 1045.
 1870. 2218.  943. 1984. 2241.  921.]","[-1.6479e+01  3.9770e+00  6.2358e+01 -3.6620e-01 -2.4410e-01  1.8310e-01
 -6.0100e-02 -2.9930e-01  9.4970e-01]",112
100,1,"[[-0.08426303 -0.10414169  0.52585831]
 [-0.13207759 -0.31935053  0.31064947]
 [ 0.26891303 -0.29996086  0.33003914]
 [-0.26891303  0.29996086 -0.33003914]
 [ 0.08426303  0.10414169 -0.52585831]
 [ 0.13207759  0.31935053 -0.31064947]]","[2102. 2115. 1056. 2223. 2243.  928. 2134. 2256.  915. 1993. 2115. 1056.
 1872. 2243.  928. 1961. 2256.  915.]","[2119. 2124. 1049. 2224. 2218.  945. 2116. 2247.  921. 1975. 2124. 1049.
 1872. 2218.  943. 1978. 2242.  921.]","[-1.6490e+01  3.9660e+00  6.2364e+01 -3.0520e-01 -3.0520e-01  6.1000e-02
 -4.5900e-02 -3.0760e-01  9.5360e-01]",112
101,1,"[[-0.07431118 -0.10135674  0.52864326]
 [-0.13775351 -0.31932316  0.31067684]
 [ 0.26659598 -0.30032252  0.32967748]
 [-0.26659598  0.30032252 -0.32967748]
 [ 0.07431118  0.10135674 -0.52864326]
 [ 0.13775351  0.31932316 -0.31067684]]","[2096. 2114. 1057. 2221. 2243.  928. 2137. 2256.  915. 1999. 2114. 1057.
 1874. 2243.  928. 1958. 2256.  915.]","[2113. 2121. 1051. 2223. 2218.  945. 2119. 2247.  921. 1981. 2122. 1051.
 1873. 2218.  942. 1975. 2242.  921.]","[-1.6501e+01  3.9550e+00  6.2364e+01 -1.8310e-01 -1.8310e-01 -6.1000e-02
 -5.5200e-02 -3.0810e-01  9.6340e-01]",112
102,1,"[[-0.06427326 -0.09891785  0.53108215]
 [-0.1433958  -0.31927041  0.31072959]
 [ 0.26418464 -0.30068371  0.32931629]
 [-0.26418464  0.30068371 -0.32931629]
 [ 0.06427326  0.09891785 -0.53108215]
 [ 0.1433958   0.31927041 -0.31072959]]","[2089. 2112. 1059. 2220. 2244.  927. 2141. 2256.  915. 2006. 2112. 1059.
 1875. 2244.  927. 1954. 2256.  915.]","[2107. 2119. 1053. 2221. 2219.  944. 2123. 2247.  921. 1988. 2120. 1053.
 1874. 2218.  941. 1972. 2242.  921.]","[-16.507    3.95    62.358    0.       0.      -0.1831  -0.0674  -0.3052
   0.9487]",112
103,1,"[[-0.0541609  -0.09682821  0.53317179]
 [-0.14900069 -0.31919517  0.31080483]
 [ 0.26167791 -0.30104434  0.32895566]
 [-0.26167791  0.30104434 -0.32895566]
 [ 0.0541609   0.09682821 -0.53317179]
 [ 0.14900069  0.31919517 -0.31080483]]","[2083. 2111. 1060. 2218. 2244.  927. 2145. 2256.  915. 2012. 2111. 1060.
 1877. 2244.  927. 1950. 2256.  915.]","[2102. 2118. 1055. 2221. 2218.  944. 2125. 2247.  921. 1992. 2118. 1054.
 1875. 2218.  941. 1969. 2242.  921.]","[-16.512    3.944   62.347    0.       0.      -0.3052  -0.064   -0.2969
   0.9453]",112
104,1,"[[-0.04398581 -0.09509072  0.53490928]
 [-0.15456439 -0.31909835  0.31090165]
 [ 0.25907476 -0.3014043   0.3285957 ]
 [-0.25907476  0.3014043  -0.3285957 ]
 [ 0.04398581  0.09509072 -0.53490928]
 [ 0.15456439  0.31909835 -0.31090165]]","[2076. 2109. 1061. 2216. 2244.  927. 2148. 2256.  915. 2019. 2109. 1061.
 1879. 2244.  927. 1947. 2256.  915.]","[2095. 2116. 1057. 2219. 2218.  943. 2128. 2247.  921. 1998. 2117. 1057.
 1877. 2218.  940. 1965. 2243.  921.]","[-16.518    3.933   62.32     0.       0.      -0.6104  -0.0693  -0.291
   0.9565]",112
105,1,"[[-0.03375978 -0.09370792  0.53629208]
 [-0.16008308 -0.31898033  0.31101967]
 [ 0.25637424 -0.3017635   0.3282365 ]
 [-0.25637424  0.3017635  -0.3282365 ]
 [ 0.03375978  0.09370792 -0.53629208]
 [ 0.16008308  0.31898033 -0.31101967]]","[2070. 2109. 1062. 2215. 2244.  927. 2152. 2255.  916. 2025. 2109. 1062.
 1880. 2244.  927. 1943. 2255.  916.]","[2087. 2115. 1058. 2217. 2218.  943. 2133. 2247.  921. 2006. 2114. 1058.
 1879. 2219.  939. 1960. 2243.  921.]","[-16.529    3.928   62.287   -0.1221   0.1221  -0.8545  -0.0713  -0.2944
   0.9463]",112
106,1,"[[-0.02349465 -0.09268207  0.53731793]
 [-0.16555292 -0.31884143  0.31115857]
 [ 0.25357542 -0.30212183  0.32787817]
 [-0.25357542  0.30212183 -0.32787817]
 [ 0.02349465  0.09268207 -0.53731793]
 [ 0.16555292  0.31884143 -0.31115857]]","[2063. 2108. 1063. 2213. 2244.  927. 2155. 2255.  916. 2032. 2108. 1063.
 1882. 2244.  927. 1940. 2255.  916.]","[2082. 2113. 1060. 2216. 2218.  943. 2135. 2247.  921. 2011. 2113. 1059.
 1881. 2220.  938. 1957. 2243.  921.]","[-16.551    3.917   62.249   -0.4272   0.      -1.0376  -0.082   -0.2939
   0.9609]",112
107,1,"[[-0.0132023  -0.09201529  0.53798471]
 [-0.17097005 -0.318682    0.311318  ]
 [ 0.25067749 -0.3024792   0.3275208 ]
 [-0.25067749  0.3024792  -0.3275208 ]
 [ 0.0132023   0.09201529 -0.53798471]
 [ 0.17097005  0.318682   -0.311318  ]]","[2056. 2107. 1063. 2211. 2245.  926. 2159. 2255.  916. 2039. 2107. 1063.
 1884. 2245.  926. 1936. 2255.  916.]","[2074. 2112. 1061. 2214. 2218.  942. 2139. 2247.  921. 2020. 2112. 1060.
 1883. 2220.  938. 1952. 2244.  921.]","[-16.573    3.911   62.21    -0.3662   0.3052  -0.6714  -0.0654  -0.2925
   0.9434]",112
108,1,"[[-0.00289467 -0.09171204  0.53828796]
 [-0.17633059 -0.31850237  0.31149763]
 [ 0.24767968 -0.30283551  0.32716449]
 [-0.24767968  0.30283551 -0.32716449]
 [ 0.00289467  0.09171204 -0.53828796]
 [ 0.17633059  0.31850237 -0.31149763]]","[2049. 2107. 1064. 2209. 2245.  926. 2162. 2255.  916. 2046. 2107. 1064.
 1886. 2245.  926. 1933. 2255.  916.]","[2069. 2111. 1061. 2213. 2218.  943. 2141. 2247.  921. 2025. 2111. 1061.
 1884. 2220.  937. 1949. 2244.  921.]","[-1.6595e+01  3.9170e+00  6.2177e+01 -3.0520e-01  0.0000e+00 -6.7140e-01
 -6.1000e-02 -3.0080e-01  9.5560e-01]",112
109,1,"[[ 0.00741632 -0.09177742  0.53822258]
 [-0.18163065 -0.31830293  0.31169707]
 [ 0.2445813  -0.30319066  0.32680934]
 [-0.2445813   0.30319066 -0.32680934]
 [-0.00741632  0.09177742 -0.53822258]
 [ 0.18163065  0.31830293 -0.31169707]]","[2043. 2107. 1064. 2207. 2245.  926. 2166. 2255.  916. 2052. 2107. 1064.
 1888. 2245.  926. 1929. 2255.  916.]","[2062. 2111. 1062. 2211. 2218.  943. 2144. 2247.  920. 2032. 2110. 1062.
 1886. 2221.  936. 1945. 2244.  921.]","[-16.611    3.906   62.155   -0.1221   0.      -0.5493  -0.0654  -0.2979
   0.9609]",112
110,1,"[[ 0.01771872 -0.0920172   0.5379828 ]
 [-0.18686632 -0.31808405  0.31191595]
 [ 0.24138173 -0.30354456  0.32645544]
 [-0.24138173  0.30354456 -0.32645544]
 [-0.01771872  0.0920172  -0.5379828 ]
 [ 0.18686632  0.31808405 -0.31191595]]","[2036. 2107. 1063. 2205. 2245.  926. 2169. 2255.  916. 2059. 2107. 1063.
 1890. 2245.  926. 1926. 2255.  916.]","[2055. 2110. 1063. 2209. 2218.  942. 2148. 2247.  921. 2038. 2110. 1062.
 1889. 2221.  936. 1942. 2244.  921.]","[-1.6622e+01  3.9060e+00  6.2139e+01  0.0000e+00  6.1000e-02 -1.2210e-01
 -6.6900e-02 -2.8710e-01  9.4340e-01]",112
111,1,"[[ 0.0280006  -0.09226438  0.53773562]
 [-0.1920337  -0.31784613  0.31215387]
 [ 0.23808044 -0.30389709  0.32610291]
 [-0.23808044  0.30389709 -0.32610291]
 [-0.0280006   0.09226438 -0.53773562]
 [ 0.1920337   0.31784613 -0.31215387]]","[2029. 2108. 1063. 2203. 2246.  925. 2173. 2255.  916. 2066. 2108. 1063.
 1892. 2246.  925. 1922. 2255.  916.]","[2047. 2110. 1063. 2206. 2218.  942. 2151. 2247.  921. 2046. 2110. 1063.
 1891. 2222.  936. 1938. 2244.  921.]","[-1.6628e+01  3.9000e+00  6.2133e+01 -3.0520e-01 -1.8310e-01  6.1000e-02
 -6.3000e-02 -2.9000e-01  9.4780e-01]",112
112,1,"[[ 0.03825004 -0.0925785   0.5374215 ]
 [-0.19712889 -0.31758957  0.31241043]
 [ 0.23467698 -0.30424818  0.32575182]
 [-0.23467698  0.30424818 -0.32575182]
 [-0.03825004  0.0925785  -0.5374215 ]
 [ 0.19712889  0.31758957 -0.31241043]]","[2023. 2108. 1063. 2200. 2246.  925. 2176. 2255.  916. 2072. 2108. 1063.
 1895. 2246.  925. 1919. 2255.  916.]","[2042. 2110. 1062. 2204. 2218.  942. 2154. 2247.  920. 2051. 2110. 1062.
 1893. 2222.  936. 1935. 2244.  921.]","[-16.644    3.895   62.139   -0.3662  -0.2441   0.1831  -0.0635  -0.2979
   0.96  ]",112
113,1,"[[ 0.04845519 -0.09298157  0.53701843]
 [-0.20214797 -0.31731479  0.31268521]
 [ 0.23117097 -0.30459771  0.32540229]
 [-0.23117097  0.30459771 -0.32540229]
 [-0.04845519  0.09298157 -0.53701843]
 [ 0.20214797  0.31731479 -0.31268521]]","[2016. 2108. 1063. 2198. 2246.  925. 2179. 2254.  917. 2079. 2108. 1063.
 1897. 2246.  925. 1916. 2254.  917.]","[2034. 2110. 1062. 2201. 2218.  942. 2159. 2247.  921. 2059. 2110. 1062.
 1895. 2222.  936. 1930. 2245.  921.]","[-1.6655e+01  3.8890e+00  6.2150e+01 -1.8310e-01 -6.1000e-02  6.1000e-02
 -6.3500e-02 -3.0220e-01  9.5410e-01]",112
114,1,"[[ 0.05860421 -0.09348064  0.53651936]
 [-0.20708704 -0.31702223  0.31297777]
 [ 0.22756213 -0.30494559  0.32505441]
 [-0.22756213  0.30494559 -0.32505441]
 [-0.05860421  0.09348064 -0.53651936]
 [ 0.20708704  0.31702223 -0.31297777]]","[2009. 2108. 1063. 2196. 2246.  925. 2182. 2254.  917. 2086. 2108. 1063.
 1899. 2246.  925. 1913. 2254.  917.]","[2029. 2110. 1062. 2200. 2218.  942. 2161. 2247.  920. 2065. 2110. 1062.
 1897. 2223.  936. 1927. 2245.  921.]","[-1.6666e+01  3.8840e+00  6.2150e+01 -1.8310e-01 -1.2210e-01  0.0000e+00
 -6.1000e-02 -2.9830e-01  9.4780e-01]",112
115,1,"[[ 0.06868536 -0.09407919  0.53592081]
 [-0.21194222 -0.31671232  0.31328768]
 [ 0.22385025 -0.30529172  0.32470828]
 [-0.22385025  0.30529172 -0.32470828]
 [-0.06868536  0.09407919 -0.53592081]
 [ 0.21194222  0.31671232 -0.31328768]]","[2003. 2109. 1062. 2193. 2247.  924. 2186. 2254.  917. 2092. 2109. 1062.
 1902. 2247.  924. 1909. 2254.  917.]","[2022. 2110. 1062. 2198. 2218.  942. 2164. 2247.  921. 2071. 2110. 1062.
 1899. 2223.  936. 1924. 2245.  921.]","[-1.6677e+01  3.8780e+00  6.2150e+01 -1.8310e-01 -6.1000e-02  0.0000e+00
 -6.6400e-02 -3.0660e-01  9.5210e-01]",112
116,1,"[[ 0.07868696 -0.09477986  0.53522014]
 [-0.21670963 -0.31638554  0.31361446]
 [ 0.22003524 -0.30563601  0.32436399]
 [-0.22003524  0.30563601 -0.32436399]
 [-0.07868696  0.09477986 -0.53522014]
 [ 0.21670963  0.31638554 -0.31361446]]","[1996. 2109. 1062. 2191. 2247.  924. 2189. 2254.  917. 2099. 2109. 1062.
 1904. 2247.  924. 1906. 2254.  917.]","[2015. 2110. 1062. 2195. 2218.  942. 2168. 2247.  921. 2077. 2110. 1062.
 1901. 2223.  935. 1921. 2245.  921.]","[-1.6688e+01  3.8730e+00  6.2155e+01 -6.1000e-02 -6.1000e-02  6.1000e-02
 -5.5700e-02 -2.9390e-01  9.5260e-01]",112
117,1,"[[ 0.08859742 -0.0955851   0.5344149 ]
 [-0.22138542 -0.31604232  0.31395768]
 [ 0.21611707 -0.30597835  0.32402165]
 [-0.21611707  0.30597835 -0.32402165]
 [-0.08859742  0.0955851  -0.5344149 ]
 [ 0.22138542  0.31604232 -0.31395768]]","[1990. 2110. 1061. 2188. 2247.  924. 2192. 2254.  917. 2105. 2110. 1061.
 1907. 2247.  924. 1903. 2254.  917.]","[2006. 2110. 1062. 2192. 2218.  941. 2173. 2247.  921. 2088. 2110. 1062.
 1904. 2223.  935. 1916. 2245.  921.]","[-1.6694e+01  3.8730e+00  6.2161e+01 -6.1000e-02 -1.2210e-01  1.2210e-01
 -6.6400e-02 -2.9350e-01  9.5750e-01]",112
118,1,"[[ 0.09840527 -0.09649729  0.53350271]
 [-0.22596575 -0.31568316  0.31431684]
 [ 0.21209582 -0.30631865  0.32368135]
 [-0.21209582  0.30631865 -0.32368135]
 [-0.09840527  0.09649729 -0.53350271]
 [ 0.22596575  0.31568316 -0.31431684]]","[1983. 2110. 1061. 2186. 2247.  924. 2195. 2253.  918. 2112. 2110. 1061.
 1909. 2247.  924. 1900. 2253.  918.]","[2002. 2110. 1061. 2191. 2218.  941. 2175. 2247.  921. 2091. 2110. 1062.
 1906. 2224.  935. 1914. 2245.  921.]","[-1.6699e+01  3.8670e+00  6.2166e+01  0.0000e+00 -6.1000e-02  1.8310e-01
 -5.9100e-02 -2.9300e-01  9.4680e-01]",112
119,1,"[[ 0.10809915 -0.09751876  0.53248124]
 [-0.2304468  -0.31530853  0.31469147]
 [ 0.20797167 -0.30665681  0.32334319]
 [-0.20797167  0.30665681 -0.32334319]
 [-0.10809915  0.09751876 -0.53248124]
 [ 0.2304468   0.31530853 -0.31469147]]","[1977. 2111. 1060. 2183. 2247.  924. 2198. 2253.  918. 2118. 2111. 1060.
 1912. 2247.  924. 1897. 2253.  918.]","[1996. 2111. 1061. 2188. 2218.  941. 2178. 2247.  921. 2098. 2111. 1062.
 1909. 2223.  935. 1911. 2245.  921.]","[-1.6705e+01  3.8620e+00  6.2172e+01  0.0000e+00 -1.8310e-01  0.0000e+00
 -6.1000e-02 -2.8910e-01  9.6140e-01]",112
120,1,"[[ 0.11766783 -0.09865183  0.53134817]
 [-0.2348248  -0.31491893  0.31508107]
 [ 0.20374487 -0.30699273  0.32300727]
 [-0.20374487  0.30699273 -0.32300727]
 [-0.11766783  0.09865183 -0.53134817]
 [ 0.2348248   0.31491893 -0.31508107]]","[1971. 2112. 1059. 2180. 2248.  923. 2201. 2253.  918. 2124. 2112. 1059.
 1915. 2248.  923. 1894. 2253.  918.]","[1989. 2111. 1061. 2186. 2218.  940. 2181. 2247.  921. 2105. 2111. 1061.
 1911. 2223.  935. 1908. 2245.  921.]","[-1.6705e+01  3.8560e+00  6.2172e+01  6.1000e-02  0.0000e+00  0.0000e+00
 -8.1100e-02 -2.9100e-01  9.5700e-01]",112
121,1,"[[ 0.12710022 -0.09989876  0.53010124]
 [-0.23909601 -0.31451484  0.31548516]
 [ 0.19941579 -0.30732631  0.32267369]
 [-0.19941579  0.30732631 -0.32267369]
 [-0.12710022  0.09989876 -0.53010124]
 [ 0.23909601  0.31451484 -0.31548516]]","[1965. 2113. 1058. 2177. 2248.  923. 2203. 2253.  918. 2130. 2113. 1058.
 1918. 2248.  923. 1892. 2253.  918.]","[1983. 2111. 1060. 2183. 2218.  940. 2184. 2247.  921. 2110. 2111. 1060.
 1914. 2223.  935. 1905. 2245.  921.]","[-1.6705e+01  3.8560e+00  6.2172e+01  0.0000e+00 -6.1000e-02  1.2210e-01
 -6.4900e-02 -2.8860e-01  9.3410e-01]",112
122,1,"[[ 0.13638541 -0.10126179  0.52873821]
 [-0.24325671 -0.31409679  0.31590321]
 [ 0.19498491 -0.30765746  0.32234254]
 [-0.19498491  0.30765746 -0.32234254]
 [-0.13638541  0.10126179 -0.52873821]
 [ 0.24325671  0.31409679 -0.31590321]]","[1959. 2114. 1057. 2175. 2248.  923. 2206. 2252.  919. 2136. 2114. 1057.
 1920. 2248.  923. 1889. 2252.  919.]","[1976. 2111. 1059. 2180. 2218.  940. 2187. 2247.  921. 2117. 2112. 1059.
 1916. 2223.  934. 1902. 2245.  921.]","[-1.6705e+01  3.8510e+00  6.2183e+01 -1.2210e-01 -2.4410e-01  6.1000e-02
 -6.6400e-02 -2.8860e-01  9.6390e-01]",112
123,1,"[[ 0.14551264 -0.1027431   0.5272569 ]
 [-0.24730325 -0.31366528  0.31633472]
 [ 0.19045279 -0.30798606  0.32201394]
 [-0.19045279  0.30798606 -0.32201394]
 [-0.14551264  0.1027431  -0.5272569 ]
 [ 0.24730325  0.31366528 -0.31633472]]","[1953. 2114. 1056. 2172. 2248.  923. 2209. 2252.  919. 2142. 2114. 1056.
 1923. 2248.  923. 1886. 2252.  919.]","[1970. 2112. 1058. 2177. 2218.  940. 2190. 2247.  921. 2123. 2113. 1059.
 1919. 2223.  933. 1899. 2244.  921.]","[-1.6710e+01  3.8450e+00  6.2183e+01 -6.1000e-02 -6.1000e-02  0.0000e+00
 -7.0300e-02 -2.9390e-01  9.6240e-01]",112
124,1,"[[ 0.15447133 -0.10434483  0.52565517]
 [-0.251232   -0.31322083  0.31677917]
 [ 0.1858201  -0.30831204  0.32168796]
 [-0.1858201   0.30831204 -0.32168796]
 [-0.15447133  0.10434483 -0.52565517]
 [ 0.251232    0.31322083 -0.31677917]]","[1947. 2116. 1055. 2169. 2248.  922. 2211. 2252.  919. 2148. 2116. 1055.
 1926. 2248.  922. 1884. 2252.  919.]","[1964. 2113. 1057. 2175. 2218.  940. 2193. 2247.  921. 2129. 2113. 1058.
 1922. 2223.  933. 1896. 2245.  921.]","[-1.6716e+01  3.8450e+00  6.2183e+01  0.0000e+00  0.0000e+00 -6.1000e-02
 -6.8800e-02 -3.0180e-01  9.3600e-01]",112
125,1,"[[ 0.16325112 -0.10606906  0.52393094]
 [-0.25503939 -0.31276397  0.31723603]
 [ 0.18108762 -0.30863528  0.32136472]
 [-0.18108762  0.30863528 -0.32136472]
 [-0.16325112  0.10606906 -0.52393094]
 [ 0.25503939  0.31276397 -0.31723603]]","[1941. 2117. 1054. 2166. 2249.  922. 2214. 2251.  920. 2154. 2117. 1054.
 1929. 2249.  922. 1881. 2251.  920.]","[1958. 2114. 1056. 2172. 2218.  940. 2196. 2247.  921. 2135. 2114. 1057.
 1925. 2224.  932. 1892. 2245.  921.]","[-1.6721e+01  3.8450e+00  6.2177e+01 -2.4410e-01 -6.1000e-02 -1.8310e-01
 -6.5900e-02 -3.1050e-01  9.4190e-01]",112
126,1,"[[ 0.17184183 -0.10791781  0.52208219]
 [-0.25872191 -0.31229522  0.31770478]
 [ 0.17625622 -0.30895568  0.32104432]
 [-0.17625622  0.30895568 -0.32104432]
 [-0.17184183  0.10791781 -0.52208219]
 [ 0.25872191  0.31229522 -0.31770478]]","[1935. 2118. 1053. 2162. 2249.  922. 2216. 2251.  920. 2160. 2118. 1053.
 1933. 2249.  922. 1879. 2251.  920.]","[1952. 2116. 1055. 2170. 2218.  940. 2198. 2247.  922. 2142. 2116. 1055.
 1928. 2224.  931. 1890. 2245.  921.]","[-16.738    3.845   62.166   -0.1221   0.1221  -0.2441  -0.0645  -0.3105
   0.9707]",112
127,1,"[[ 0.18023351 -0.10989305  0.52010695]
 [-0.26227611 -0.31181513  0.31818487]
 [ 0.17132688 -0.30927315  0.32072685]
 [-0.17132688  0.30927315 -0.32072685]
 [-0.18023351  0.10989305 -0.52010695]
 [ 0.26227611  0.31181513 -0.31818487]]","[1930. 2119. 1052. 2159. 2249.  922. 2218. 2251.  920. 2165. 2119. 1052.
 1936. 2249.  922. 1877. 2251.  920.]","[1946. 2117. 1054. 2166. 2218.  940. 2201. 2247.  922. 2147. 2117. 1054.
 1931. 2225.  931. 1887. 2245.  922.]","[-1.6743e+01  3.8450e+00  6.2155e+01  0.0000e+00  1.2210e-01 -2.4410e-01
 -4.9800e-02 -2.9880e-01  9.3310e-01]",112
128,1,"[[ 0.18841645 -0.11199668  0.51800332]
 [-0.26569858 -0.31132423  0.31867577]
 [ 0.1663007  -0.30958759  0.32041241]
 [-0.1663007   0.30958759 -0.32041241]
 [-0.18841645  0.11199668 -0.51800332]
 [ 0.26569858  0.31132423 -0.31867577]]","[1925. 2121. 1050. 2156. 2249.  922. 2221. 2250.  921. 2170. 2121. 1050.
 1939. 2249.  922. 1874. 2250.  921.]","[1938. 2119. 1053. 2162. 2218.  939. 2204. 2247.  922. 2155. 2118. 1053.
 1935. 2225.  931. 1884. 2245.  922.]","[-16.754    3.84    62.144   -0.1221  -0.1221  -0.3052  -0.0693  -0.2935
   0.9604]",112
129,1,"[[ 0.19638117 -0.11423053  0.51576947]
 [-0.268986   -0.31082307  0.31917693]
 [ 0.16117888 -0.3098989   0.3201011 ]
 [-0.16117888  0.3098989  -0.3201011 ]
 [-0.19638117  0.11423053 -0.51576947]
 [ 0.268986    0.31082307 -0.31917693]]","[1919. 2122. 1049. 2153. 2250.  921. 2223. 2250.  921. 2176. 2122. 1049.
 1942. 2250.  921. 1872. 2250.  921.]","[1936. 2119. 1051. 2160. 2218.  940. 2206. 2246.  922. 2158. 2120. 1052.
 1937. 2225.  931. 1882. 2245.  922.]","[-1.6760e+01  3.8400e+00  6.2144e+01  0.0000e+00  0.0000e+00  6.1000e-02
 -6.4500e-02 -2.8860e-01  9.5950e-01]",112
130,1,"[[ 0.20411843 -0.11659634  0.51340366]
 [-0.2721351  -0.3103122   0.3196878 ]
 [ 0.15596271 -0.31020697  0.31979303]
 [-0.15596271  0.31020697 -0.31979303]
 [-0.20411843  0.11659634 -0.51340366]
 [ 0.2721351   0.3103122  -0.3196878 ]]","[1914. 2124. 1047. 2149. 2250.  921. 2225. 2250.  921. 2181. 2124. 1047.
 1946. 2250.  921. 1870. 2250.  921.]","[1930. 2121. 1050. 2157. 2218.  939. 2208. 2246.  923. 2165. 2121. 1051.
 1940. 2225.  931. 1880. 2244.  923.]","[-1.676e+01  3.834e+00  6.215e+01  0.000e+00 -1.221e-01  3.052e-01
 -5.370e-02 -2.861e-01  9.443e-01]",112
131,1,"[[ 0.21161929 -0.11909581  0.51090419]
 [-0.27514271 -0.30979216  0.32020784]
 [ 0.15065361 -0.3105117   0.3194883 ]
 [-0.15065361  0.3105117  -0.3194883 ]
 [-0.21161929  0.11909581 -0.51090419]
 [ 0.27514271  0.30979216 -0.32020784]]","[1910. 2125. 1046. 2146. 2250.  921. 2227. 2249.  922. 2185. 2125. 1046.
 1949. 2250.  921. 1868. 2249.  922.]","[1924. 2122. 1049. 2154. 2218.  938. 2211. 2246.  923. 2170. 2122. 1049.
 1943. 2226.  931. 1878. 2245.  923.]","[-1.6765e+01  3.8290e+00  6.2166e+01 -6.1000e-02 -3.0520e-01  2.4410e-01
 -6.3000e-02 -2.9250e-01  9.4870e-01]",112
132,1,"[[ 0.21887505 -0.12173052  0.50826948]
 [-0.27800571 -0.30926351  0.32073649]
 [ 0.1452531  -0.31081301  0.31918699]
 [-0.1452531   0.31081301 -0.31918699]
 [-0.21887505  0.12173052 -0.50826948]
 [ 0.27800571  0.30926351 -0.32073649]]","[1905. 2127. 1044. 2142. 2250.  921. 2229. 2249.  922. 2190. 2127. 1044.
 1953. 2250.  921. 1866. 2249.  922.]","[1919. 2124. 1047. 2151. 2218.  938. 2213. 2246.  923. 2174. 2124. 1048.
 1947. 2225.  931. 1875. 2245.  923.]","[-1.6771e+01  3.8180e+00  6.2172e+01 -1.8310e-01 -1.8310e-01  6.1000e-02
 -5.7100e-02 -2.9390e-01  9.5800e-01]",112
133,1,"[[ 0.22587731 -0.12450198  0.50549802]
 [-0.28072108 -0.3087268   0.3212732 ]
 [ 0.1397628  -0.31111077  0.31888923]
 [-0.1397628   0.31111077 -0.31888923]
 [-0.22587731  0.12450198 -0.50549802]
 [ 0.28072108  0.3087268  -0.3212732 ]]","[1900. 2129. 1042. 2139. 2250.  921. 2231. 2249.  922. 2195. 2129. 1042.
 1956. 2250.  921. 1864. 2249.  922.]","[1914. 2125. 1046. 2148. 2218.  938. 2215. 2245.  924. 2180. 2125. 1046.
 1950. 2225.  931. 1872. 2245.  923.]","[-1.6776e+01  3.8120e+00  6.2177e+01  0.0000e+00 -6.1000e-02 -6.1000e-02
 -6.5900e-02 -3.0080e-01  9.6000e-01]",112
134,1,"[[ 0.23261797 -0.12741162  0.50258838]
 [-0.28328587 -0.3081826   0.3218174 ]
 [ 0.13418445 -0.31140491  0.31859509]
 [-0.13418445  0.31140491 -0.31859509]
 [-0.23261797  0.12741162 -0.50258838]
 [ 0.28328587  0.3081826  -0.3218174 ]]","[1896. 2131. 1040. 2135. 2251.  920. 2232. 2248.  923. 2199. 2131. 1040.
 1960. 2251.  920. 1863. 2248.  923.]","[1909. 2127. 1044. 2145. 2218.  937. 2217. 2245.  924. 2185. 2127. 1044.
 1953. 2226.  931. 1870. 2245.  923.]","[-1.6776e+01  3.8070e+00  6.2172e+01  0.0000e+00 -1.2210e-01 -6.1000e-02
 -6.5400e-02 -2.9790e-01  9.3950e-01]",112
135,1,"[[ 0.2390892  -0.13046077  0.49953923]
 [-0.28569722 -0.30763146  0.32236854]
 [ 0.12851989 -0.3116953   0.3183047 ]
 [-0.12851989  0.3116953  -0.3183047 ]
 [-0.2390892   0.13046077 -0.49953923]
 [ 0.28569722  0.30763146 -0.32236854]]","[1892. 2133. 1038. 2131. 2251.  920. 2234. 2248.  923. 2203. 2133. 1038.
 1964. 2251.  920. 1861. 2248.  923.]","[1904. 2129. 1042. 2141. 2218.  936. 2219. 2244.  924. 2190. 2129. 1043.
 1957. 2226.  930. 1868. 2245.  924.]","[-1.6782e+01  3.7960e+00  6.2177e+01 -1.2210e-01 -2.4410e-01  0.0000e+00
 -5.9600e-02 -3.0270e-01  9.4430e-01]",112
136,1,"[[ 0.24528352 -0.13365065  0.49634935]
 [-0.28795238 -0.30707393  0.32292607]
 [ 0.12277107 -0.31198186  0.31801814]
 [-0.12277107  0.31198186 -0.31801814]
 [-0.24528352  0.13365065 -0.49634935]
 [ 0.28795238  0.30707393 -0.32292607]]","[1888. 2135. 1036. 2128. 2251.  920. 2235. 2248.  923. 2207. 2135. 1036.
 1967. 2251.  920. 1860. 2248.  923.]","[1900. 2131. 1040. 2139. 2218.  936. 2221. 2244.  925. 2194. 2131. 1041.
 1960. 2225.  930. 1865. 2245.  924.]","[-1.6787e+01  3.7900e+00  6.2177e+01 -1.2210e-01 -1.2210e-01  0.0000e+00
 -6.0100e-02 -3.0220e-01  9.6780e-01]",112
137,1,"[[ 0.25119375 -0.13698241  0.49301759]
 [-0.29004867 -0.30651059  0.32348941]
 [ 0.11694005 -0.31226449  0.31773551]
 [-0.11694005  0.31226449 -0.31773551]
 [-0.25119375  0.13698241 -0.49301759]
 [ 0.29004867  0.30651059 -0.32348941]]","[1884. 2137. 1034. 2124. 2251.  920. 2237. 2247.  924. 2211. 2137. 1034.
 1971. 2251.  920. 1858. 2247.  924.]","[1896. 2133. 1038. 2137. 2218.  936. 2223. 2244.  925. 2198. 2133. 1039.
 1964. 2225.  930. 1864. 2245.  925.]","[-1.6793e+01  3.7790e+00  6.2172e+01  1.2210e-01 -6.1000e-02 -1.2210e-01
 -5.5700e-02 -2.9880e-01  9.4820e-01]",112
138,1,"[[ 0.25681306 -0.14045708  0.48954292]
 [-0.29198353 -0.30594199  0.32405801]
 [ 0.111029   -0.31254307  0.31745693]
 [-0.111029    0.31254307 -0.31745693]
 [-0.25681306  0.14045708 -0.48954292]
 [ 0.29198353  0.30594199 -0.32405801]]","[1880. 2139. 1032. 2120. 2251.  920. 2238. 2247.  924. 2215. 2139. 1032.
 1975. 2251.  920. 1857. 2247.  924.]","[1892. 2135. 1037. 2133. 2218.  936. 2225. 2244.  925. 2202. 2135. 1037.
 1967. 2225.  930. 1862. 2245.  925.]","[-16.793    3.774   62.166    0.      -0.1221  -0.2441  -0.0688  -0.3062
   0.9448]",112
139,1,"[[ 0.26213492 -0.14407558  0.48592442]
 [-0.29375448 -0.30536868  0.32463132]
 [ 0.10504017 -0.31281752  0.31718248]
 [-0.10504017  0.31281752 -0.31718248]
 [-0.26213492  0.14407558 -0.48592442]
 [ 0.29375448  0.30536868 -0.32463132]]","[1877. 2141. 1030. 2116. 2251.  920. 2239. 2247.  924. 2218. 2141. 1030.
 1979. 2251.  920. 1856. 2247.  924.]","[1887. 2137. 1035. 2129. 2218.  935. 2227. 2244.  926. 2206. 2137. 1035.
 1970. 2226.  930. 1860. 2245.  926.]","[-16.798    3.768   62.161    0.       0.      -0.1831  -0.0684  -0.3057
   0.9561]",112
140,1,"[[ 0.26715318 -0.14783872  0.48216128]
 [-0.29535917 -0.30479124  0.32520876]
 [ 0.09897596 -0.31308772  0.31691228]
 [-0.09897596  0.31308772 -0.31691228]
 [-0.26715318  0.14783872 -0.48216128]
 [ 0.29535917  0.30479124 -0.32520876]]","[1873. 2144. 1027. 2112. 2252.  919. 2240. 2246.  925. 2222. 2144. 1027.
 1983. 2252.  919. 1855. 2246.  925.]","[1883. 2139. 1032. 2125. 2218.  936. 2228. 2244.  926. 2210. 2138. 1033.
 1974. 2226.  930. 1858. 2245.  926.]","[-1.6804e+01  3.7680e+00  6.2155e+01  6.1000e-02  0.0000e+00  0.0000e+00
 -7.4700e-02 -3.0030e-01  9.5610e-01]",112
141,1,"[[ 0.27186203 -0.15174721  0.47825279]
 [-0.29679534 -0.30421021  0.32578979]
 [ 0.09283882 -0.31335359  0.31664641]
 [-0.09283882  0.31335359 -0.31664641]
 [-0.27186203  0.15174721 -0.47825279]
 [ 0.29679534  0.30421021 -0.32578979]]","[1870. 2146. 1025. 2108. 2252.  919. 2241. 2246.  925. 2225. 2146. 1025.
 1987. 2252.  919. 1854. 2246.  925.]","[1880. 2141. 1030. 2121. 2218.  935. 2230. 2243.  926. 2214. 2141. 1030.
 1977. 2225.  930. 1857. 2245.  926.]","[-16.798    3.768   62.166    0.1831   0.       0.3662  -0.0679  -0.291
   0.9463]",112
142,1,"[[ 0.276256   -0.15580164  0.47419836]
 [-0.29806084 -0.30362615  0.32637385]
 [ 0.08663135 -0.31361501  0.31638499]
 [-0.08663135  0.31361501 -0.31638499]
 [-0.276256    0.15580164 -0.47419836]
 [ 0.29806084  0.30362615 -0.32637385]]","[1867. 2149. 1022. 2104. 2252.  919. 2242. 2245.  926. 2228. 2149. 1022.
 1991. 2252.  919. 1853. 2245.  926.]","[1876. 2144. 1028. 2117. 2218.  935. 2231. 2243.  927. 2217. 2144. 1028.
 1981. 2226.  930. 1855. 2244.  927.]","[-16.798    3.774   62.188    0.      -0.1221   0.5493  -0.0698  -0.2876
   0.9512]",112
143,1,"[[ 0.28033002 -0.16000247  0.46999753]
 [-0.29915366 -0.30303963  0.32696037]
 [ 0.08035623 -0.3138719   0.3161281 ]
 [-0.08035623  0.3138719  -0.3161281 ]
 [-0.28033002  0.16000247 -0.46999753]
 [ 0.29915366  0.30303963 -0.32696037]]","[1865. 2152. 1019. 2100. 2252.  919. 2243. 2245.  926. 2230. 2152. 1019.
 1995. 2252.  919. 1852. 2245.  926.]","[1873. 2147. 1025. 2114. 2218.  935. 2233. 2242.  927. 2221. 2146. 1026.
 1985. 2226.  930. 1854. 2244.  927.]","[-1.6798e+01  3.7740e+00  6.2216e+01  6.1000e-02 -2.4410e-01  6.1040e-01
 -5.7100e-02 -2.8370e-01  9.4780e-01]",112
144,1,"[[ 0.28407935 -0.16435006  0.46564994]
 [-0.30007187 -0.30245118  0.32754882]
 [ 0.07401624 -0.31412414  0.31587586]
 [-0.07401624  0.31412414 -0.31587586]
 [-0.28407935  0.16435006 -0.46564994]
 [ 0.30007187  0.30245118 -0.32754882]]","[1862. 2155. 1016. 2096. 2252.  919. 2243. 2245.  926. 2233. 2155. 1016.
 1999. 2252.  919. 1852. 2245.  926.]","[1870. 2149. 1023. 2110. 2218.  936. 2235. 2242.  928. 2224. 2149. 1023.
 1989. 2225.  930. 1853. 2244.  929.]","[-16.798    3.763   62.232    0.      -0.3662   0.3662  -0.063   -0.2852
   0.9556]",112
145,1,"[[ 0.28749967 -0.16884464  0.46115536]
 [-0.30081371 -0.30186136  0.32813864]
 [ 0.06761427 -0.31437165  0.31562835]
 [-0.06761427  0.31437165 -0.31562835]
 [-0.28749967  0.16884464 -0.46115536]
 [ 0.30081371  0.30186136 -0.32813864]]","[1860. 2158. 1013. 2092. 2252.  919. 2244. 2244.  927. 2235. 2158. 1013.
 2003. 2252.  919. 1851. 2244.  927.]","[1867. 2152. 1020. 2106. 2218.  935. 2236. 2241.  928. 2227. 2152. 1021.
 1993. 2225.  929. 1852. 2243.  929.]","[-16.798    3.752   62.254   -0.1221  -0.4272   0.3662  -0.0635  -0.2886
   0.9512]",112
146,1,"[[ 0.29058701 -0.1734863   0.4565137 ]
 [-0.3013776  -0.30127072  0.32872928]
 [ 0.06115328 -0.31461431  0.31538569]
 [-0.06115328  0.31461431 -0.31538569]
 [-0.29058701  0.1734863  -0.4565137 ]
 [ 0.3013776   0.30127072 -0.32872928]]","[1858. 2161. 1010. 2087. 2253.  918. 2244. 2244.  927. 2237. 2161. 1010.
 2008. 2253.  918. 1851. 2244.  927.]","[1864. 2155. 1017. 2101. 2217.  935. 2237. 2240.  928. 2229. 2154. 1018.
 1997. 2226.  930. 1850. 2244.  929.]","[-16.804    3.746   62.271   -0.1831  -0.2441   0.3052  -0.0669  -0.2954
   0.9521]",112
147,1,"[[ 0.2933378  -0.17827502  0.45172498]
 [-0.30176277 -0.3006798   0.3293202 ]
 [ 0.05463637 -0.31485204  0.31514796]
 [-0.05463637  0.31485204 -0.31514796]
 [-0.2933378   0.17827502 -0.45172498]
 [ 0.30176277  0.3006798  -0.3293202 ]]","[1856. 2164. 1007. 2083. 2253.  918. 2244. 2244.  927. 2239. 2164. 1007.
 2012. 2253.  918. 1851. 2244.  927.]","[1862. 2158. 1014. 2097. 2218.  936. 2239. 2240.  928. 2232. 2157. 1015.
 2001. 2225.  929. 1850. 2243.  929.]","[-16.809    3.741   62.292   -0.1831  -0.2441   0.4883  -0.0664  -0.3022
   0.9521]",112
148,1,"[[ 0.29574884 -0.18321063  0.44678937]
 [-0.30197062 -0.30008913  0.32991087]
 [ 0.04806669 -0.31508473  0.31491527]
 [-0.04806669  0.31508473 -0.31491527]
 [-0.29574884  0.18321063 -0.44678937]
 [ 0.30197062  0.30008913 -0.32991087]]","[1855. 2167. 1004. 2079. 2253.  918. 2244. 2243.  928. 2240. 2167. 1004.
 2016. 2253.  918. 1851. 2243.  928.]","[1859. 2160. 1012. 2093. 2217.  935. 2240. 2240.  929. 2235. 2160. 1012.
 2005. 2226.  930. 1850. 2243.  929.]","[-1.6820e+01  3.7350e+00  6.2314e+01 -3.0520e-01 -3.6620e-01  3.6620e-01
 -5.3700e-02 -3.0180e-01  9.4870e-01]",112
149,1,"[[ 0.29781734 -0.18829285  0.44170715]
 [-0.3019645  -0.29949912  0.33050088]
 [ 0.04144751 -0.31531228  0.31468772]
 [-0.04144751  0.31531228 -0.31468772]
 [-0.29781734  0.18829285 -0.44170715]
 [ 0.3019645   0.29949912 -0.33050088]]","[1853. 2170. 1001. 2075. 2253.  918. 2244. 2243.  928. 2242. 2170. 1001.
 2020. 2253.  918. 1851. 2243.  928.]","[1857. 2163. 1009. 2089. 2217.  935. 2241. 2239.  929. 2236. 2163. 1009.
 2009. 2226.  930. 1850. 2243.  929.]","[-1.6831e+01  3.7240e+00  6.2325e+01 -1.8310e-01 -3.0520e-01  2.4410e-01
 -6.0500e-02 -3.0420e-01  9.5610e-01]",112
150,1,"[[ 0.29954091 -0.19352126  0.43647874]
 [-0.30154869 -0.29890941  0.33109059]
 [ 0.03478218 -0.31553461  0.31446539]
 [-0.03478218  0.31553461 -0.31446539]
 [-0.29954091  0.19352126 -0.43647874]
 [ 0.30154869  0.29890941 -0.33109059]]","[1852. 2174.  997. 2070. 2253.  918. 2244. 2242.  929. 2243. 2174.  997.
 2025. 2253.  918. 1851. 2242.  929.]","[1856. 2166. 1006. 2085. 2217.  935. 2241. 2239.  929. 2238. 2166. 1006.
 2013. 2227.  930. 1849. 2243.  930.]","[-1.6837e+01  3.7190e+00  6.2342e+01 -1.2210e-01 -2.4410e-01  3.0520e-01
 -5.9600e-02 -3.0470e-01  9.5850e-01]",112
151,1,"[[ 0.30091756 -0.19889529  0.43110471]
 [-0.30065094 -0.2983194   0.3316806 ]
 [ 0.02807414 -0.3157516   0.3142484 ]
 [-0.02807414  0.3157516  -0.3142484 ]
 [-0.30091756  0.19889529 -0.43110471]
 [ 0.30065094  0.2983194  -0.3316806 ]]","[1851. 2177.  994. 2066. 2253.  918. 2243. 2242.  929. 2244. 2177.  994.
 2029. 2253.  918. 1852. 2242.  929.]","[1854. 2169. 1007. 2082. 2218.  935. 2242. 2239.  930. 2240. 2169. 1003.
 2018. 2227.  929. 1849. 2243.  930.]","[-1.6848e+01  3.7130e+00  6.2358e+01 -1.2210e-01 -2.4410e-01  2.4410e-01
 -5.3700e-02 -2.9740e-01  9.4530e-01]",112
152,1,"[[ 0.30194566 -0.20441426  0.42558574]
 [-0.29927138 -0.29772953  0.33227047]
 [ 0.02132691 -0.31596316  0.31403684]
 [-0.02132691  0.31596316 -0.31403684]
 [-0.30194566  0.20441426 -0.42558574]
 [ 0.29927138  0.29772953 -0.33227047]]","[1851. 2181.  990. 2061. 2253.  917. 2243. 2242.  929. 2244. 2181.  990.
 2034. 2253.  917. 1852. 2242.  929.]","[1853. 2169. 1004. 2077. 2218.  936. 2242. 2239.  930. 2241. 2173.  999.
 2022. 2227.  930. 1850. 2243.  930.]","[-1.6853e+01  3.7020e+00  6.2364e+01 -6.1000e-02 -2.4410e-01  1.2210e-01
 -6.5400e-02 -3.0960e-01  9.5410e-01]",112
153,1,"[[ 0.30262361 -0.21007731  0.41992269]
 [-0.29741122 -0.2971404   0.3328596 ]
 [ 0.01454411 -0.3161692   0.3138308 ]
 [-0.01454411  0.3161692  -0.3138308 ]
 [-0.30262361  0.21007731 -0.41992269]
 [ 0.29741122  0.2971404  -0.3328596 ]]","[1850. 2184.  987. 2057. 2254.  917. 2241. 2241.  930. 2245. 2184.  987.
 2038. 2254.  917. 1854. 2241.  930.]","[1853. 2170. 1000. 2072. 2218.  935. 2242. 2239.  930. 2242. 2176.  996.
 2025. 2226.  930. 1850. 2242.  930.]","[-1.6859e+01  3.7020e+00  6.2375e+01  0.0000e+00 -6.1000e-02  1.8310e-01
 -7.5200e-02 -3.0810e-01  9.6040e-01]",112
154,1,"[[ 0.3029479  -0.21588338  0.41411662]
 [-0.29507409 -0.29655257  0.33344743]
 [ 0.00772999 -0.31636963  0.31363037]
 [-0.00772999  0.31636963 -0.31363037]
 [-0.3029479   0.21588338 -0.41411662]
 [ 0.29507409  0.29655257 -0.33344743]]","[1850. 2188.  983. 2053. 2254.  917. 2240. 2241.  930. 2245. 2188.  983.
 2042. 2254.  917. 1855. 2241.  930.]","[1851. 2175.  996. 2069. 2218.  936. 2242. 2238.  930. 2243. 2179.  993.
 2029. 2227.  930. 1850. 2242.  930.]","[-1.6859e+01  3.7080e+00  6.2391e+01  1.2210e-01  6.1000e-02  4.8830e-01
 -5.6600e-02 -3.0620e-01  9.4240e-01]",112
155,1,"[[ 0.30296678 -0.22182903  0.40817097]
 [-0.29227009 -0.29596665  0.33403335]
 [ 0.00089526 -0.31656434  0.31343566]
 [-0.00089526  0.31656434 -0.31343566]
 [-0.30296678  0.22182903 -0.40817097]
 [ 0.29227009  0.29596665 -0.33403335]]","[1850. 2192.  979. 2048. 2254.  917. 2238. 2240.  931. 2245. 2192.  979.
 2047. 2254.  917. 1857. 2240.  931.]","[1852. 2178.  993. 2065. 2217.  935. 2241. 2239.  931. 2243. 2183.  989.
 2031. 2227.  930. 1851. 2241.  930.]","[-1.6853e+01  3.7130e+00  6.2397e+01  1.8310e-01  6.1000e-02  2.4410e-01
 -5.0300e-02 -3.0620e-01  9.5950e-01]",112
156,1,"[[ 0.30283801 -0.22789461  0.40210539]
 [-0.28901549 -0.29538322  0.33461678]
 [-0.00594012 -0.31675325  0.31324675]
 [ 0.00594012  0.31675325 -0.31324675]
 [-0.30283801  0.22789461 -0.40210539]
 [ 0.28901549  0.29538322 -0.33461678]]","[1850. 2196.  975. 2044. 2254.  917. 2236. 2240.  931. 2245. 2196.  975.
 2051. 2254.  917. 1859. 2240.  931.]","[1851. 2181.  989. 2060. 2218.  936. 2242. 2238.  931. 2244. 2186.  985.
 2036. 2227.  930. 1852. 2240.  930.]","[-1.6859e+01  3.7020e+00  6.2391e+01  0.0000e+00 -1.8310e-01 -1.8310e-01
 -5.2700e-02 -2.9000e-01  9.4780e-01]",112
157,1,"[[ 0.3026097  -0.23406244  0.39593756]
 [-0.28531812 -0.2948029   0.3351971 ]
 [-0.0127651  -0.31693625  0.31306375]
 [ 0.0127651   0.31693625 -0.31306375]
 [-0.3026097   0.23406244 -0.39593756]
 [ 0.28531812  0.2948029  -0.3351971 ]]","[1850. 2200.  971. 2039. 2254.  917. 2233. 2240.  931. 2245. 2200.  971.
 2056. 2254.  917. 1862. 2240.  931.]","[1852. 2183.  986. 2057. 2218.  935. 2242. 2238.  931. 2244. 2190.  982.
 2040. 2227.  930. 1853. 2240.  930.]","[-16.848    3.735   62.402    0.4272   0.7935   0.4272  -0.0908  -0.3037
   0.9858]",112
158,1,"[[ 0.3022816  -0.24032913  0.38967087]
 [-0.28118402 -0.29422631  0.33577369]
 [-0.0195749  -0.31711326  0.31288674]
 [ 0.0195749   0.31711326 -0.31288674]
 [-0.3022816   0.24032913 -0.38967087]
 [ 0.28118402  0.29422631 -0.33577369]]","[1850. 2204.  967. 2035. 2254.  917. 2231. 2239.  932. 2245. 2204.  967.
 2060. 2254.  917. 1864. 2239.  932.]","[1852. 2186.  984. 2052. 2218.  936. 2240. 2238.  931. 2244. 2193.  983.
 2044. 2227.  930. 1855. 2240.  930.]","[-1.6820e+01  3.7680e+00  6.2413e+01  6.7140e-01  7.3240e-01  4.8830e-01
 -4.2000e-02 -3.0180e-01  9.2290e-01]",112
159,1,"[[ 0.30185251 -0.24669226  0.38330774]
 [-0.2766217  -0.29365405  0.33634595]
 [-0.02636596 -0.31728417  0.31271583]
 [ 0.02636596  0.31728417 -0.31271583]
 [-0.30185251  0.24669226 -0.38330774]
 [ 0.2766217   0.29365405 -0.33634595]]","[1851. 2208.  963. 2030. 2254.  917. 2228. 2239.  932. 2244. 2208.  963.
 2065. 2254.  917. 1867. 2239.  932.]","[1852. 2189.  980. 2049. 2218.  936. 2238. 2238.  932. 2243. 2195.  978.
 2048. 2227.  930. 1856. 2239.  931.]","[-16.804    3.785   62.413    0.4883   0.3662   0.1831  -0.0703  -0.3071
   0.958 ]",112
160,1,"[[ 0.30132215 -0.25314901  0.37685099]
 [-0.27164168 -0.29308675  0.33691325]
 [-0.03313488 -0.31744889  0.31255111]
 [ 0.03313488  0.31744889 -0.31255111]
 [-0.30132215  0.25314901 -0.37685099]
 [ 0.27164168  0.29308675 -0.33691325]]","[1851. 2213.  958. 2026. 2254.  917. 2225. 2239.  932. 2244. 2213.  958.
 2069. 2254.  917. 1870. 2239.  932.]","[1852. 2192.  978. 2045. 2218.  936. 2235. 2238.  932. 2244. 2197.  973.
 2053. 2227.  930. 1858. 2239.  931.]","[-1.6793e+01  3.8010e+00  6.2419e+01  4.2720e-01  4.2720e-01  1.8310e-01
 -5.0300e-02 -3.1010e-01  9.6240e-01]",112
161,1,"[[ 0.30069063 -0.25969643  0.37030357]
 [-0.26625571 -0.29252502  0.33747498]
 [-0.03987832 -0.31760732  0.31239268]
 [ 0.03987832  0.31760732 -0.31239268]
 [-0.30069063  0.25969643 -0.37030357]
 [ 0.26625571  0.29252502 -0.33747498]]","[1851. 2217.  954. 2022. 2255.  916. 2221. 2238.  933. 2244. 2217.  954.
 2073. 2255.  916. 1874. 2238.  933.]","[1853. 2194.  975. 2041. 2218.  936. 2232. 2238.  933. 2244. 2200.  970.
 2057. 2227.  929. 1860. 2238.  931.]","[-1.6776e+01  3.8230e+00  6.2413e+01  6.1040e-01  5.4930e-01  1.2210e-01
 -4.9800e-02 -2.9980e-01  9.6680e-01]",112
162,1,"[[ 0.29995812 -0.26633151  0.36366849]
 [-0.26047638 -0.29196949  0.33803051]
 [-0.046593   -0.31775939  0.31224061]
 [ 0.046593    0.31775939 -0.31224061]
 [-0.29995812  0.26633151 -0.36366849]
 [ 0.26047638  0.29196949 -0.33803051]]","[1852. 2221.  950. 2017. 2255.  916. 2217. 2238.  933. 2243. 2221.  950.
 2078. 2255.  916. 1878. 2238.  933.]","[1853. 2196.  971. 2037. 2218.  936. 2229. 2238.  933. 2244. 2204.  966.
 2061. 2227.  929. 1863. 2238.  932.]","[-1.6743e+01  3.8400e+00  6.2397e+01  9.1550e-01  6.7140e-01 -1.8310e-01
 -5.9100e-02 -3.0370e-01  9.5650e-01]",112
163,1,"[[ 0.29912489 -0.27305121  0.35694879]
 [-0.25431691 -0.29142076  0.33857924]
 [-0.05327565 -0.31790499  0.31209501]
 [ 0.05327565  0.31790499 -0.31209501]
 [-0.29912489  0.27305121 -0.35694879]
 [ 0.25431691  0.29142076 -0.33857924]]","[1853. 2226.  945. 2013. 2255.  916. 2213. 2237.  933. 2242. 2226.  945.
 2082. 2255.  916. 1882. 2237.  933.]","[1853. 2199.  968. 2033. 2218.  936. 2226. 2237.  933. 2244. 2208.  962.
 2065. 2228.  929. 1865. 2237.  932.]","[-16.727    3.862   62.386    0.6104   0.6714  -0.1221  -0.0845  -0.2925
   0.9565]",112
164,1,"[[ 0.2981912  -0.27985249  0.35014751]
 [-0.24779101 -0.29087946  0.33912054]
 [-0.05992306 -0.31804406  0.31195594]
 [ 0.05992306  0.31804406 -0.31195594]
 [-0.2981912   0.27985249 -0.35014751]
 [ 0.24779101  0.29087946 -0.33912054]]","[1853. 2230.  941. 2008. 2255.  916. 2209. 2237.  934. 2242. 2230.  941.
 2087. 2255.  916. 1886. 2237.  934.]","[1853. 2202.  965. 2028. 2218.  935. 2222. 2237.  933. 2244. 2212.  958.
 2070. 2228.  929. 1869. 2236.  932.]","[-1.6699e+01  3.8950e+00  6.2386e+01  7.9350e-01  7.9350e-01  1.8310e-01
 -5.4200e-02 -2.8420e-01  9.4480e-01]",112
165,1,"[[ 0.29715736 -0.28673227  0.34326773]
 [-0.24091284 -0.28552355  0.34447645]
 [-0.06653207 -0.3181765   0.3118235 ]
 [ 0.06653207  0.3181765  -0.3118235 ]
 [-0.29715736  0.28673227 -0.34326773]
 [ 0.24091284  0.28552355 -0.34447645]]","[1854. 2234.  937. 2004. 2255.  916. 2205. 2234.  937. 2241. 2234.  937.
 2091. 2255.  916. 1890. 2234.  937.]","[1854. 2205.  962. 2025. 2219.  936. 2218. 2238.  933. 2243. 2216.  954.
 2074. 2228.  929. 1871. 2236.  933.]","[-16.666    3.922   62.369    0.8545   0.7935  -0.1221  -0.0659  -0.2856
   0.9785]",112
166,1,"[[ 0.29602374 -0.29075437  0.33924563]
 [-0.23369693 -0.27503068  0.35496932]
 [-0.07309953 -0.31830223  0.31169777]
 [ 0.07309953  0.31830223 -0.31169777]
 [-0.29602374  0.29075437 -0.33924563]
 [ 0.23369693  0.27503068 -0.35496932]]","[1855. 2237.  934. 2000. 2255.  916. 2200. 2227.  944. 2240. 2237.  934.
 2095. 2255.  916. 1895. 2227.  944.]","[1855. 2209.  957. 2020. 2219.  936. 2214. 2240.  934. 2243. 2220.  951.
 2078. 2228.  929. 1876. 2235.  934.]","[-1.6628e+01  3.9550e+00  6.2347e+01  1.0376e+00  1.1597e+00 -3.0520e-01
 -5.3200e-02 -2.8120e-01  9.4290e-01]",112
167,1,"[[ 0.2947907  -0.29110575  0.33889425]
 [-0.22615813 -0.26472248  0.36527752]
 [-0.07962235 -0.3184212   0.3115788 ]
 [ 0.07962235  0.3184212  -0.3115788 ]
 [-0.2947907   0.29110575 -0.33889425]
 [ 0.22615813  0.26472248 -0.36527752]]","[1855. 2237.  934. 1996. 2255.  916. 2195. 2220.  951. 2240. 2237.  934.
 2099. 2255.  916. 1900. 2220.  951.]","[1855. 2212.  954. 2016. 2219.  936. 2210. 2238.  935. 2242. 2223.  947.
 2084. 2228.  928. 1880. 2232.  936.]","[-16.589    3.994   62.309    1.0376   1.2207  -0.5493  -0.0767  -0.2822
   0.9619]",112
168,1,"[[ 0.29345865 -0.29146058  0.33853942]
 [-0.21831158 -0.25461082  0.37538918]
 [-0.0860975  -0.31853331  0.31146669]
 [ 0.0860975   0.31853331 -0.31146669]
 [-0.29345865  0.29146058 -0.33853942]
 [ 0.21831158  0.25461082 -0.37538918]]","[1856. 2238.  933. 1991. 2255.  916. 2190. 2213.  957. 2239. 2238.  933.
 2104. 2255.  916. 1905. 2213.  957.]","[1856. 2213.  952. 2013. 2219.  936. 2205. 2233.  938. 2241. 2224.  946.
 2088. 2228.  928. 1885. 2228.  940.]","[-16.545    4.032   62.276    1.1597   1.1597  -0.4272  -0.0752  -0.2822
   0.9683]",112
169,1,"[[ 0.29202806 -0.29181872  0.33818128]
 [-0.21017268 -0.2447074   0.3852926 ]
 [-0.09252195 -0.31863851  0.31136149]
 [ 0.09252195  0.31863851 -0.31136149]
 [-0.29202806  0.29181872 -0.33818128]
 [ 0.21017268  0.2447074  -0.3852926 ]]","[1857. 2238.  933. 1987. 2255.  916. 2185. 2207.  964. 2238. 2238.  933.
 2108. 2255.  916. 1910. 2207.  964.]","[1856. 2216.  950. 2008. 2220.  935. 2200. 2227.  944. 2240. 2225.  945.
 2093. 2228.  928. 1890. 2222.  945.]","[-1.6490e+01  4.0700e+00  6.2254e+01  1.2817e+00  1.1597e+00 -2.4410e-01
 -5.1800e-02 -2.7250e-01  9.4140e-01]",112
170,1,"[[ 0.29049939 -0.29217999  0.33782001]
 [-0.20175701 -0.23502379  0.39497621]
 [-0.09889276 -0.31873672  0.31126328]
 [ 0.09889276  0.31873672 -0.31126328]
 [-0.29049939  0.29217999 -0.33782001]
 [ 0.20175701  0.23502379 -0.39497621]]","[1858. 2238.  933. 1983. 2255.  916. 2179. 2201.  970. 2237. 2238.  933.
 2112. 2255.  916. 1916. 2201.  970.]","[1857. 2217.  948. 2004. 2221.  936. 2194. 2220.  950. 2239. 2226.  944.
 2098. 2228.  929. 1895. 2218.  950.]","[-16.436    4.103   62.227    1.3428   1.0986  -0.3662  -0.0776  -0.2793
   0.9512]",112
171,1,"[[ 0.28887317 -0.29254426  0.33745574]
 [-0.19308032 -0.22557135  0.40442865]
 [-0.105207   -0.31882789  0.31117211]
 [ 0.105207    0.31882789 -0.31117211]
 [-0.28887317  0.29254426 -0.33745574]
 [ 0.19308032  0.22557135 -0.40442865]]","[1859. 2238.  933. 1979. 2255.  916. 2173. 2195.  976. 2236. 2238.  933.
 2116. 2255.  916. 1922. 2195.  976.]","[1858. 2219.  947. 2000. 2221.  936. 2190. 2215.  956. 2238. 2225.  943.
 2102. 2228.  929. 1901. 2215.  956.]","[-1.6375e+01  4.1420e+00  6.2221e+01  1.7090e+00  8.5450e-01  4.2720e-01
 -6.1500e-02 -2.8960e-01  9.4530e-01]",112
172,1,"[[ 0.28714993 -0.29291135  0.33708865]
 [-0.18415851 -0.21636125  0.41363875]
 [-0.11146181 -0.31891195  0.31108805]
 [ 0.11146181  0.31891195 -0.31108805]
 [-0.28714993  0.29291135 -0.33708865]
 [ 0.18415851  0.21636125 -0.41363875]]","[1860. 2238.  933. 1975. 2255.  916. 2168. 2189.  982. 2235. 2238.  933.
 2120. 2255.  916. 1927. 2189.  982.]","[1859. 2219.  945. 1996. 2222.  936. 2184. 2209.  963. 2237. 2225.  942.
 2106. 2228.  929. 1908. 2209.  962.]","[-1.6309e+01  4.1750e+00  6.2227e+01  1.3428e+00  5.4930e-01  2.4410e-01
 -5.5200e-02 -3.0270e-01  9.4480e-01]",112
173,1,"[[ 0.28533026 -0.29328111  0.33671889]
 [-0.17500756 -0.20740444  0.42259556]
 [-0.11765437 -0.31898885  0.31101115]
 [ 0.11765437  0.31898885 -0.31101115]
 [-0.28533026  0.29328111 -0.33671889]
 [ 0.17500756  0.20740444 -0.42259556]]","[1861. 2239.  932. 1971. 2255.  916. 2162. 2183.  988. 2234. 2239.  932.
 2124. 2255.  916. 1933. 2183.  988.]","[1859. 2222.  945. 1991. 2223.  936. 2179. 2202.  969. 2236. 2225.  941.
 2110. 2228.  929. 1914. 2203.  969.]","[-16.26     4.191   62.227    1.4648   0.4272   0.      -0.0791  -0.3052
   0.9546]",112
174,1,"[[ 0.28341476 -0.29365337  0.33634663]
 [-0.1656435  -0.19871163  0.43128837]
 [-0.1237819  -0.31905853  0.31094147]
 [ 0.1237819   0.31905853 -0.31094147]
 [-0.28341476  0.29365337 -0.33634663]
 [ 0.1656435   0.19871163 -0.43128837]]","[1863. 2239.  932. 1967. 2255.  915. 2155. 2177.  994. 2232. 2239.  932.
 2128. 2255.  915. 1940. 2177.  994.]","[1860. 2223.  943. 1988. 2224.  936. 2173. 2197.  975. 2235. 2226.  940.
 2114. 2228.  929. 1920. 2197.  975.]","[-1.6205e+01  4.2020e+00  6.2221e+01  1.5259e+00  4.2720e-01 -6.1000e-02
 -6.6400e-02 -3.0370e-01  9.5700e-01]",112
175,1,"[[ 0.28140409 -0.29402799  0.33597201]
 [-0.1560824  -0.19029327  0.43970673]
 [-0.12984168 -0.31912094  0.31087906]
 [ 0.12984168  0.31912094 -0.31087906]
 [-0.28140409  0.29402799 -0.33597201]
 [ 0.1560824   0.19029327 -0.43970673]]","[1864. 2239.  932. 1963. 2256.  915. 2149. 2172.  999. 2231. 2239.  932.
 2132. 2256.  915. 1946. 2172.  999.]","[1861. 2224.  942. 1984. 2224.  936. 2168. 2191.  981. 2234. 2225.  939.
 2118. 2228.  929. 1927. 2192.  981.]","[-16.15     4.219   62.21     1.4648   0.6104  -0.2441  -0.0815  -0.2944
   0.9526]",112
176,1,"[[ 0.27929891 -0.29440479  0.33559521]
 [-0.14634032 -0.18215955  0.44784045]
 [-0.13583103 -0.31917603  0.31082397]
 [ 0.13583103  0.31917603 -0.31082397]
 [-0.27929891  0.29440479 -0.33559521]
 [ 0.14634032  0.18215955 -0.44784045]]","[1865. 2239.  932. 1959. 2256.  915. 2143. 2166. 1005. 2230. 2239.  932.
 2136. 2256.  915. 1952. 2166. 1005.]","[1863. 2225.  941. 1980. 2225.  935. 2162. 2185.  987. 2232. 2225.  939.
 2122. 2228.  929. 1933. 2186.  988.]","[-16.1      4.235   62.194    1.5869   0.7324  -0.3662  -0.0811  -0.2832
   0.9414]",112
177,1,"[[ 0.27709993 -0.29478362  0.33521638]
 [-0.13643328 -0.17432035  0.45567965]
 [-0.14174734 -0.31922376  0.31077624]
 [ 0.14174734  0.31922376 -0.31077624]
 [-0.27709993  0.29478362 -0.33521638]
 [ 0.13643328  0.17432035 -0.45567965]]","[1867. 2240.  931. 1955. 2256.  915. 2136. 2161. 1010. 2228. 2240.  931.
 2140. 2256.  915. 1959. 2161. 1010.]","[1864. 2226.  941. 1977. 2224.  936. 2156. 2179.  992. 2231. 2225.  939.
 2126. 2227.  929. 1939. 2181.  993.]","[-16.057    4.257   62.172    1.0376   0.4883  -0.3052  -0.0962  -0.2773
   0.9399]",112
178,1,"[[ 0.2748079  -0.29516431  0.33483569]
 [-0.12637723 -0.16678528  0.46321472]
 [-0.14758803 -0.3192641   0.3107359 ]
 [ 0.14758803  0.3192641  -0.3107359 ]
 [-0.2748079   0.29516431 -0.33483569]
 [ 0.12637723  0.16678528 -0.46321472]]","[1868. 2240.  931. 1951. 2256.  915. 2130. 2156. 1015. 2227. 2240.  931.
 2144. 2256.  915. 1965. 2156. 1015.]","[1866. 2227.  940. 1973. 2224.  936. 2149. 2173.  998. 2229. 2225.  938.
 2130. 2227.  929. 1946. 2175.  998.]","[-16.029    4.274   62.155    0.2441   0.1831  -0.1831  -0.0903  -0.2637
   0.9453]",112
179,1,"[[ 0.27242358 -0.29554671  0.33445329]
 [-0.11618804 -0.15956359  0.47043641]
 [-0.15335058 -0.319297    0.310703  ]
 [ 0.15335058  0.319297   -0.310703  ]
 [-0.27242358  0.29554671 -0.33445329]
 [ 0.11618804  0.15956359 -0.47043641]]","[1870. 2240.  931. 1948. 2256.  915. 2123. 2152. 1019. 2225. 2240.  931.
 2147. 2256.  915. 1972. 2152. 1019.]","[1868. 2227.  939. 1970. 2224.  935. 2143. 2169. 1004. 2228. 2225.  938.
 2133. 2228.  929. 1952. 2170. 1003.]","[-16.024    4.285   62.144    0.1831   0.3052  -0.2441  -0.0791  -0.2729
   0.9639]",112
180,1,"[[ 0.26994776 -0.29593066  0.33406934]
 [-0.10588146 -0.1526642   0.4773358 ]
 [-0.15903252 -0.31932243  0.31067757]
 [ 0.15903252  0.31932243 -0.31067757]
 [-0.26994776  0.29593066 -0.33406934]
 [ 0.10588146  0.1526642  -0.4773358 ]]","[1872. 2240.  931. 1944. 2256.  915. 2117. 2147. 1024. 2223. 2240.  931.
 2151. 2256.  915. 1978. 2147. 1024.]","[1869. 2227.  939. 1967. 2224.  936. 2137. 2163. 1009. 2226. 2225.  938.
 2138. 2228.  929. 1959. 2165. 1009.]","[-1.6018e+01  4.3010e+00  6.2128e+01  3.0520e-01  3.6620e-01 -3.6620e-01
 -6.0100e-02 -2.8170e-01  9.5310e-01]",112
181,1,"[[ 0.26738129 -0.29631599  0.33368401]
 [-0.09547307 -0.14609571  0.48390429]
 [-0.16463144 -0.31934039  0.31065961]
 [ 0.16463144  0.31934039 -0.31065961]
 [-0.26738129  0.29631599 -0.33368401]
 [ 0.09547307  0.14609571 -0.48390429]]","[1873. 2241.  930. 1940. 2256.  915. 2110. 2143. 1028. 2222. 2241.  930.
 2155. 2256.  915. 1985. 2143. 1028.]","[1871. 2227.  938. 1964. 2224.  936. 2130. 2158. 1014. 2224. 2225.  937.
 2142. 2227.  929. 1965. 2161. 1014.]","[-1.6013e+01  4.3120e+00  6.2111e+01  6.1000e-02  1.2210e-01 -4.8830e-01
 -6.9300e-02 -2.7930e-01  9.5610e-01]",112
182,1,"[[ 0.26472503 -0.29670254  0.33329746]
 [-0.08497833 -0.13986632  0.49013368]
 [-0.17014499 -0.31935099  0.31064901]
 [ 0.17014499  0.31935099 -0.31064901]
 [-0.26472503  0.29670254 -0.33329746]
 [ 0.08497833  0.13986632 -0.49013368]]","[1875. 2241.  930. 1937. 2256.  915. 2103. 2139. 1032. 2220. 2241.  930.
 2158. 2256.  915. 1992. 2139. 1032.]","[1872. 2227.  938. 1960. 2224.  936. 2124. 2154. 1019. 2223. 2225.  937.
 2144. 2228.  929. 1971. 2156. 1019.]","[-1.6013e+01  4.3120e+00  6.2089e+01  6.1000e-02  1.2210e-01 -3.6620e-01
 -7.8100e-02 -2.7880e-01  9.5700e-01]",112
183,1,"[[ 0.26197986 -0.29709015  0.33290985]
 [-0.07441246 -0.13398387  0.49601613]
 [-0.17557085 -0.31935434  0.31064566]
 [ 0.17557085  0.31935434 -0.31064566]
 [-0.26197986  0.29709015 -0.33290985]
 [ 0.07441246  0.13398387 -0.49601613]]","[1877. 2241.  930. 1933. 2256.  915. 2096. 2135. 1036. 2218. 2241.  930.
 2162. 2256.  915. 1999. 2135. 1036.]","[1874. 2228.  937. 1957. 2224.  936. 2117. 2149. 1024. 2221. 2225.  936.
 2148. 2228.  929. 1978. 2151. 1023.]","[-16.007    4.312   62.073    0.3052   0.1831  -0.3662  -0.0781  -0.2847
   0.9546]",112
184,1,"[[ 0.25914671 -0.29747866  0.33252134]
 [-0.0637905  -0.12845579  0.50154421]
 [-0.18090677 -0.31934684  0.31065316]
 [ 0.18090677  0.31934684 -0.31065316]
 [-0.25914671  0.29747866 -0.33252134]
 [ 0.0637905   0.12845579 -0.50154421]]","[1879. 2241.  930. 1930. 2256.  915. 2089. 2131. 1040. 2216. 2241.  930.
 2165. 2256.  915. 2006. 2131. 1040.]","[1876. 2228.  937. 1954. 2224.  936. 2110. 2144. 1027. 2219. 2225.  936.
 2151. 2228.  929. 1985. 2147. 1027.]","[-16.002    4.318   62.056    0.1831   0.1831  -0.4272  -0.0757  -0.2817
   0.9619]",112
185,1,"[[ 0.25622654 -0.29786792  0.33213208]
 [-0.05312727 -0.12328912  0.50671088]
 [-0.18615056 -0.31931555  0.31068445]
 [ 0.18615056  0.31931555 -0.31068445]
 [-0.25622654  0.29786792 -0.33213208]
 [ 0.05312727  0.12328912 -0.50671088]]","[1880. 2242.  929. 1926. 2256.  915. 2082. 2128. 1043. 2215. 2242.  929.
 2169. 2256.  915. 2013. 2128. 1043.]","[1878. 2228.  936. 1951. 2224.  936. 2103. 2141. 1031. 2217. 2225.  936.
 2155. 2228.  929. 1992. 2142. 1031.]","[-15.996    4.323   62.034    0.1221   0.2441  -0.5493  -0.0771  -0.2778
   0.9502]",112
186,1,"[[ 0.25322031 -0.29825776  0.33174224]
 [-0.04243732 -0.11849049  0.51150951]
 [-0.19130008 -0.31925698  0.31074302]
 [ 0.19130008  0.31925698 -0.31074302]
 [-0.25322031  0.29825776 -0.33174224]
 [ 0.04243732  0.11849049 -0.51150951]]","[1882. 2242.  929. 1923. 2256.  915. 2075. 2125. 1046. 2213. 2242.  929.
 2172. 2256.  915. 2020. 2125. 1046.]","[1880. 2228.  936. 1947. 2224.  936. 2096. 2137. 1035. 2216. 2225.  935.
 2158. 2228.  929. 1999. 2139. 1035.]","[-15.991    4.329   62.012    0.1221   0.1221  -0.5493  -0.083   -0.2803
   0.9521]",112
187,1,"[[ 0.25012904 -0.29864802  0.33135198]
 [-0.03173495 -0.11406608  0.51593392]
 [-0.19635325 -0.31917405  0.31082595]
 [ 0.19635325  0.31917405 -0.31082595]
 [-0.25012904  0.29864802 -0.33135198]
 [ 0.03173495  0.11406608 -0.51593392]]","[1884. 2242.  929. 1919. 2256.  915. 2068. 2122. 1049. 2211. 2242.  929.
 2176. 2256.  915. 2027. 2122. 1049.]","[1881. 2228.  935. 1944. 2224.  936. 2090. 2133. 1039. 2214. 2225.  935.
 2161. 2227.  929. 2006. 2135. 1039.]","[-1.5991e+01  4.3290e+00  6.1990e+01  6.1000e-02  6.1000e-02 -4.2720e-01
 -7.8100e-02 -2.8120e-01  9.5700e-01]",112
188,1,"[[ 0.24695378 -0.29903854  0.33096146]
 [-0.02103418 -0.11002166  0.51997834]
 [-0.20130805 -0.31906762  0.31093238]
 [ 0.20130805  0.31906762 -0.31093238]
 [-0.24695378  0.29903854 -0.33096146]
 [ 0.02103418  0.11002166 -0.51997834]]","[1887. 2242.  929. 1916. 2255.  915. 2061. 2119. 1052. 2208. 2242.  929.
 2179. 2255.  915. 2034. 2119. 1052.]","[1883. 2228.  935. 1941. 2224.  936. 2083. 2130. 1043. 2212. 2225.  935.
 2165. 2228.  929. 2013. 2133. 1042.]","[-1.5991e+01  4.3290e+00  6.1974e+01  0.0000e+00  6.1000e-02 -3.0520e-01
 -7.7600e-02 -2.8370e-01  9.5210e-01]",112
189,1,"[[ 0.24369558 -0.29942917  0.33057083]
 [-0.01034874 -0.10636254  0.52363746]
 [-0.2061625  -0.3189381   0.3110619 ]
 [ 0.2061625   0.3189381  -0.3110619 ]
 [-0.24369558  0.29942917 -0.33057083]
 [ 0.01034874  0.10636254 -0.52363746]]","[1889. 2243.  928. 1913. 2255.  916. 2054. 2117. 1054. 2206. 2243.  928.
 2182. 2255.  916. 2041. 2117. 1054.]","[1886. 2228.  935. 1938. 2224.  936. 2076. 2127. 1046. 2210. 2225.  935.
 2168. 2227.  929. 2020. 2129. 1045.]","[-1.5996e+01  4.3340e+00  6.1963e+01  6.1000e-02  6.1000e-02 -2.4410e-01
 -7.7100e-02 -2.8470e-01  9.5900e-01]",112
190,1,"[[ 2.40355533e-01 -2.99819744e-01  3.30180256e-01]
 [ 3.07942945e-04 -1.03093562e-01  5.26906438e-01]
 [-2.10914705e-01 -3.18785885e-01  3.11214115e-01]
 [ 2.10914705e-01  3.18785885e-01 -3.11214115e-01]
 [-2.40355533e-01  2.99819744e-01 -3.30180256e-01]
 [-3.07942945e-04  1.03093562e-01 -5.26906438e-01]]","[1891. 2243.  928. 1910. 2255.  916. 2047. 2115. 1056. 2204. 2243.  928.
 2185. 2255.  916. 2048. 2115. 1056.]","[1889. 2229.  934. 1935. 2225.  935. 2069. 2124. 1048. 2207. 2225.  935.
 2171. 2228.  929. 2027. 2126. 1049.]","[-15.991    4.334   61.952    0.1831   0.1221  -0.3052  -0.0732  -0.2822
   0.9595]",112
191,1,"[[ 0.23693477 -0.30021011  0.32978989]
 [ 0.01092276 -0.10021913  0.52978087]
 [-0.2155628  -0.31861136  0.31138864]
 [ 0.2155628   0.31861136 -0.31138864]
 [-0.23693477  0.30021011 -0.32978989]
 [-0.01092276  0.10021913 -0.52978087]]","[1893. 2243.  928. 1907. 2255.  916. 2040. 2113. 1058. 2202. 2243.  928.
 2188. 2255.  916. 2055. 2113. 1058.]","[1890. 2229.  933. 1932. 2224.  935. 2061. 2121. 1051. 2205. 2225.  934.
 2174. 2228.  929. 2034. 2123. 1051.]","[-15.985    4.34    61.935    0.1221   0.1221  -0.4272  -0.0752  -0.2759
   0.9507]",112
192,1,"[[ 0.23343444 -0.30060011  0.32939989]
 [ 0.02148291 -0.09774317  0.53225683]
 [-0.220105   -0.31841494  0.31158506]
 [ 0.220105    0.31841494 -0.31158506]
 [-0.23343444  0.30060011 -0.32939989]
 [-0.02148291  0.09774317 -0.53225683]]","[1895. 2243.  928. 1904. 2255.  916. 2033. 2111. 1060. 2200. 2243.  928.
 2191. 2255.  916. 2062. 2111. 1060.]","[1892. 2229.  932. 1928. 2224.  936. 2054. 2119. 1053. 2203. 2225.  935.
 2178. 2228.  929. 2041. 2121. 1053.]","[-15.985    4.345   61.919    0.       0.1221  -0.3662  -0.0835  -0.2803
   0.959 ]",112
193,1,"[[ 0.22985571 -0.30098958  0.32901042]
 [ 0.03197596 -0.09566913  0.53433087]
 [-0.22453956 -0.31819708  0.31180292]
 [ 0.22453956  0.31819708 -0.31180292]
 [-0.22985571  0.30098958 -0.32901042]
 [-0.03197596  0.09566913 -0.53433087]]","[1898. 2244.  927. 1901. 2255.  916. 2027. 2110. 1061. 2197. 2244.  927.
 2194. 2255.  916. 2068. 2110. 1061.]","[1894. 2229.  933. 1925. 2224.  935. 2048. 2117. 1056. 2201. 2225.  934.
 2180. 2228.  929. 2048. 2119. 1055.]","[-15.985    4.351   61.902    0.1221   0.1831  -0.2441  -0.0742  -0.2808
   0.9561]",112
194,1,"[[ 0.2261998  -0.30137837  0.32862163]
 [ 0.04238979 -0.09399997  0.53600003]
 [-0.22886482 -0.31795822  0.31204178]
 [ 0.22886482  0.31795822 -0.31204178]
 [-0.2261998   0.30137837 -0.32862163]
 [-0.04238979  0.09399997 -0.53600003]]","[1900. 2244.  927. 1898. 2255.  916. 2020. 2109. 1062. 2195. 2244.  927.
 2197. 2255.  916. 2075. 2109. 1062.]","[1897. 2229.  932. 1922. 2224.  936. 2041. 2115. 1058. 2199. 2225.  934.
 2183. 2227.  929. 2054. 2117. 1057.]","[-1.5985e+01  4.3560e+00  6.1891e+01  6.1000e-02  1.2210e-01 -2.4410e-01
 -7.5700e-02 -2.8170e-01  9.5410e-01]",112
195,1,"[[ 0.22246791 -0.30176633  0.32823367]
 [ 0.05271264 -0.09273818  0.53726182]
 [-0.23307915 -0.31769885  0.31230115]
 [ 0.23307915  0.31769885 -0.31230115]
 [-0.22246791  0.30176633 -0.32823367]
 [-0.05271264  0.09273818 -0.53726182]]","[1902. 2244.  927. 1896. 2255.  916. 2013. 2108. 1063. 2193. 2244.  927.
 2199. 2255.  916. 2082. 2108. 1063.]","[1899. 2229.  931. 1919. 2224.  935. 2034. 2113. 1059. 2197. 2226.  934.
 2186. 2228.  929. 2061. 2115. 1059.]","[-15.985    4.356   61.886    0.       0.      -0.1831  -0.0737  -0.2832
   0.9531]",112
196,1,"[[ 0.21866132 -0.30215331  0.32784669]
 [ 0.06293311 -0.09188583  0.53811417]
 [-0.23718099 -0.31741947  0.31258053]
 [ 0.23718099  0.31741947 -0.31258053]
 [-0.21866132  0.30215331 -0.32784669]
 [-0.06293311  0.09188583 -0.53811417]]","[1905. 2244.  926. 1893. 2254.  917. 2006. 2107. 1064. 2190. 2244.  926.
 2202. 2254.  917. 2089. 2107. 1064.]","[1901. 2229.  931. 1916. 2224.  936. 2027. 2112. 1060. 2194. 2225.  934.
 2189. 2228.  929. 2069. 2114. 1060.]","[-1.5985e+01  4.3560e+00  6.1875e+01  0.0000e+00  6.1000e-02 -3.0520e-01
 -7.7100e-02 -2.7730e-01  9.5850e-01]",112
197,1,"[[ 0.21478129 -0.30253915  0.32746085]
 [ 0.07304014 -0.09144576  0.53855424]
 [-0.24116886 -0.31712058  0.31287942]
 [ 0.24116886  0.31712058 -0.31287942]
 [-0.21478129  0.30253915 -0.32746085]
 [-0.07304014  0.09144576 -0.53855424]]","[1907. 2245.  926. 1890. 2254.  917. 2000. 2107. 1064. 2188. 2245.  926.
 2205. 2254.  917. 2095. 2107. 1064.]","[1904. 2229.  930. 1913. 2225.  936. 2020. 2111. 1062. 2192. 2226.  934.
 2192. 2228.  929. 2076. 2113. 1061.]","[-1.5985e+01  4.3560e+00  6.1864e+01  6.1000e-02  6.1000e-02 -1.8310e-01
 -8.2000e-02 -2.8420e-01  9.5360e-01]",112
198,1,"[[ 0.21082913 -0.30292369  0.32707631]
 [ 0.08302305 -0.0914285   0.5385715 ]
 [-0.2450413  -0.31680272  0.31319728]
 [ 0.2450413   0.31680272 -0.31319728]
 [-0.21082913  0.30292369 -0.32707631]
 [-0.08302305  0.0914285  -0.5385715 ]]","[1910. 2245.  926. 1888. 2254.  917. 1993. 2107. 1064. 2185. 2245.  926.
 2207. 2254.  917. 2102. 2107. 1064.]","[1906. 2229.  930. 1910. 2224.  936. 2014. 2110. 1062. 2190. 2226.  933.
 2194. 2228.  929. 2082. 2112. 1062.]","[-15.985    4.362   61.853    0.       0.1221  -0.1831  -0.0708  -0.2832
   0.9517]",112
199,1,"[[ 0.20680617 -0.30330679  0.32669321]
 [ 0.09287154 -0.09170535  0.53829465]
 [-0.24879694 -0.31646642  0.31353358]
 [ 0.24879694  0.31646642 -0.31353358]
 [-0.20680617  0.30330679 -0.32669321]
 [-0.09287154  0.09170535 -0.53829465]]","[1913. 2245.  926. 1885. 2254.  917. 1987. 2107. 1064. 2182. 2245.  926.
 2210. 2254.  917. 2108. 2107. 1064.]","[1908. 2229.  930. 1908. 2224.  936. 2007. 2109. 1063. 2187. 2226.  933.
 2197. 2228.  929. 2089. 2111. 1062.]","[-1.5985e+01  4.3620e+00  6.1842e+01  0.0000e+00  6.1000e-02 -3.6620e-01
 -7.5200e-02 -2.7780e-01  9.6090e-01]",112
200,1,"[[ 0.20271375 -0.30368831  0.32631169]
 [ 0.10257566 -0.09201136  0.53798864]
 [-0.25243447 -0.31611225  0.31388775]
 [ 0.25243447  0.31611225 -0.31388775]
 [-0.20271375  0.30368831 -0.32631169]
 [-0.10257566  0.09201136 -0.53798864]]","[1915. 2245.  925. 1883. 2254.  917. 1981. 2107. 1063. 2180. 2245.  925.
 2212. 2254.  917. 2114. 2107. 1063.]","[1911. 2230.  930. 1905. 2225.  936. 2000. 2109. 1063. 2185. 2226.  933.
 2200. 2227.  929. 2095. 2111. 1062.]","[-1.5985e+01  4.3620e+00  6.1826e+01  6.1000e-02  6.1000e-02 -2.4410e-01
 -7.8600e-02 -2.7590e-01  9.5800e-01]",112
201,1,"[[ 0.19855326 -0.30406808  0.32593192]
 [ 0.11212583 -0.09240057  0.53759943]
 [-0.25595262 -0.31574076  0.31425924]
 [ 0.25595262  0.31574076 -0.31425924]
 [-0.19855326  0.30406808 -0.32593192]
 [-0.11212583  0.09240057 -0.53759943]]","[1918. 2246.  925. 1881. 2253.  918. 1974. 2108. 1063. 2177. 2246.  925.
 2214. 2253.  918. 2121. 2108. 1063.]","[1914. 2230.  930. 1903. 2224.  936. 1994. 2109. 1063. 2182. 2226.  933.
 2203. 2227.  929. 2101. 2111. 1062.]","[-1.5985e+01  4.3670e+00  6.1820e+01  6.1000e-02  6.1000e-02 -1.8310e-01
 -6.7900e-02 -2.7930e-01  9.5170e-01]",112
202,1,"[[ 0.19432609 -0.30444596  0.32555404]
 [ 0.12151286 -0.09290205  0.53709795]
 [-0.25935019 -0.31535255  0.31464745]
 [ 0.25935019  0.31535255 -0.31464745]
 [-0.19432609  0.30444596 -0.32555404]
 [-0.12151286  0.09290205 -0.53709795]]","[1921. 2246.  925. 1878. 2253.  918. 1968. 2108. 1063. 2174. 2246.  925.
 2217. 2253.  918. 2127. 2108. 1063.]","[1917. 2231.  930. 1900. 2224.  936. 1987. 2109. 1063. 2179. 2226.  932.
 2206. 2228.  929. 2108. 2111. 1062.]","[-1.5980e+01  4.3670e+00  6.1809e+01  6.1000e-02  1.2210e-01 -3.0520e-01
 -7.7100e-02 -2.7540e-01  9.7220e-01]",112
203,1,"[[ 0.19003366 -0.30482182  0.32517818]
 [ 0.13072793 -0.09352402  0.53647598]
 [-0.26262605 -0.3149482   0.3150518 ]
 [ 0.26262605  0.3149482  -0.3150518 ]
 [-0.19003366  0.30482182 -0.32517818]
 [-0.13072793  0.09352402 -0.53647598]]","[1924. 2246.  925. 1876. 2253.  918. 1962. 2108. 1063. 2171. 2246.  925.
 2219. 2253.  918. 2133. 2108. 1063.]","[1920. 2232.  930. 1898. 2224.  936. 1981. 2110. 1063. 2177. 2226.  932.
 2208. 2228.  929. 2114. 2111. 1062.]","[-15.98     4.373   61.793    0.1831   0.2441  -0.3052  -0.0801  -0.2769
   0.9478]",112
204,1,"[[ 0.1856774  -0.30519549  0.32480451]
 [ 0.13976259 -0.09426996  0.53573004]
 [-0.26577911 -0.31452832  0.31547168]
 [ 0.26577911  0.31452832 -0.31547168]
 [-0.1856774   0.30519549 -0.32480451]
 [-0.13976259  0.09426996 -0.53573004]]","[1926. 2246.  925. 1874. 2253.  918. 1956. 2109. 1062. 2169. 2246.  925.
 2221. 2253.  918. 2139. 2109. 1062.]","[1922. 2233.  929. 1895. 2224.  936. 1975. 2109. 1063. 2175. 2226.  932.
 2210. 2228.  929. 2121. 2111. 1062.]","[-1.5974e+01  4.3840e+00  6.1776e+01  6.1000e-02  2.4410e-01 -2.4410e-01
 -8.1500e-02 -2.8270e-01  9.5610e-01]",112
205,1,"[[ 0.18125879 -0.30556685  0.32443315]
 [ 0.14860875 -0.09514236  0.53485764]
 [-0.26880836 -0.3140935   0.3159065 ]
 [ 0.26880836  0.3140935  -0.3159065 ]
 [-0.18125879  0.30556685 -0.32443315]
 [-0.14860875  0.09514236 -0.53485764]]","[1929. 2247.  924. 1872. 2252.  919. 1951. 2110. 1061. 2166. 2247.  924.
 2223. 2252.  919. 2144. 2110. 1061.]","[1925. 2233.  929. 1893. 2224.  936. 1969. 2110. 1063. 2171. 2226.  932.
 2212. 2227.  929. 2127. 2111. 1062.]","[-1.5969e+01  4.3890e+00  6.1765e+01  6.1000e-02  1.8310e-01 -1.8310e-01
 -7.3200e-02 -2.8170e-01  9.5800e-01]",112
206,1,"[[ 0.17677931 -0.30593574  0.32406426]
 [ 0.15725872 -0.09614344  0.53385656]
 [-0.27171283 -0.31364437  0.31635563]
 [ 0.27171283  0.31364437 -0.31635563]
 [-0.17677931  0.30593574 -0.32406426]
 [-0.15725872  0.09614344 -0.53385656]]","[1932. 2247.  924. 1870. 2252.  919. 1945. 2110. 1061. 2163. 2247.  924.
 2225. 2252.  919. 2150. 2110. 1061.]","[1927. 2233.  929. 1891. 2225.  936. 1963. 2110. 1062. 2170. 2226.  932.
 2214. 2227.  929. 2133. 2111. 1062.]","[-15.963    4.395   61.754    0.1221   0.1831  -0.2441  -0.0728  -0.2783
   0.9551]",112
207,1,"[[ 0.17224047 -0.30630203  0.32369797]
 [ 0.16570517 -0.09727531  0.53272469]
 [-0.27449163 -0.31318156  0.31681844]
 [ 0.27449163  0.31318156 -0.31681844]
 [-0.17224047  0.30630203 -0.32369797]
 [-0.16570517  0.09727531 -0.53272469]]","[1935. 2247.  924. 1869. 2252.  919. 1939. 2111. 1060. 2160. 2247.  924.
 2226. 2252.  919. 2156. 2111. 1060.]","[1930. 2233.  928. 1887. 2224.  936. 1957. 2110. 1062. 2167. 2226.  932.
 2217. 2227.  929. 2139. 2111. 1062.]","[-1.5963e+01  4.3950e+00  6.1743e+01  6.1000e-02  1.2210e-01 -2.4410e-01
 -7.6700e-02 -2.7980e-01  9.5070e-01]",112
208,1,"[[ 0.16764377 -0.30666557  0.32333443]
 [ 0.17394111 -0.09853999  0.53146001]
 [-0.27714392 -0.31270568  0.31729432]
 [ 0.27714392  0.31270568 -0.31729432]
 [-0.16764377  0.30666557 -0.32333443]
 [-0.17394111  0.09853999 -0.53146001]]","[1938. 2247.  924. 1867. 2251.  920. 1934. 2112. 1059. 2157. 2247.  924.
 2228. 2251.  920. 2161. 2112. 1059.]","[1932. 2233.  928. 1885. 2224.  935. 1951. 2110. 1062. 2164. 2225.  932.
 2219. 2227.  929. 2144. 2111. 1062.]","[-1.5963e+01  4.4000e+00  6.1732e+01  0.0000e+00  6.1000e-02 -2.4410e-01
 -7.7600e-02 -2.7730e-01  9.6000e-01]",112
209,1,"[[ 0.16299078 -0.30702623  0.32297377]
 [ 0.18195996 -0.09993938  0.53006062]
 [-0.27966891 -0.31221739  0.31778261]
 [ 0.27966891  0.31221739 -0.31778261]
 [-0.16299078  0.30702623 -0.32297377]
 [-0.18195996  0.09993938 -0.53006062]]","[1941. 2248.  923. 1865. 2251.  920. 1929. 2113. 1058. 2154. 2248.  923.
 2230. 2251.  920. 2166. 2113. 1058.]","[1936. 2233.  928. 1884. 2224.  936. 1945. 2111. 1060. 2162. 2226.  932.
 2221. 2227.  929. 2150. 2112. 1060.]","[-15.963    4.4     61.721    0.       0.1221  -0.1831  -0.0835  -0.2803
   0.9541]",112
210,1,"[[ 0.15828305 -0.30738388  0.32261612]
 [ 0.18975548 -0.10147531  0.52852469]
 [-0.28206589 -0.3117173   0.3182827 ]
 [ 0.28206589  0.3117173  -0.3182827 ]
 [-0.15828305  0.30738388 -0.32261612]
 [-0.18975548  0.10147531 -0.52852469]]","[1944. 2248.  923. 1864. 2251.  920. 1924. 2114. 1057. 2151. 2248.  923.
 2231. 2251.  920. 2171. 2114. 1057.]","[1938. 2233.  928. 1882. 2224.  936. 1940. 2112. 1059. 2158. 2226.  931.
 2222. 2227.  929. 2155. 2112. 1059.]","[-15.963    4.406   61.716    0.       0.1221  -0.2441  -0.0679  -0.2803
   0.9487]",112
211,1,"[[ 0.15352216 -0.30773838  0.32226162]
 [ 0.19732178 -0.10314951  0.52685049]
 [-0.28433418 -0.31120607  0.31879393]
 [ 0.28433418  0.31120607 -0.31879393]
 [-0.15352216  0.30773838 -0.32226162]
 [-0.19732178  0.10314951 -0.52685049]]","[1947. 2248.  923. 1862. 2250.  921. 1919. 2115. 1056. 2148. 2248.  923.
 2233. 2250.  921. 2176. 2115. 1056.]","[1941. 2233.  927. 1880. 2225.  936. 1935. 2113. 1058. 2156. 2227.  931.
 2225. 2228.  929. 2161. 2113. 1058.]","[-1.5969e+01  4.4060e+00  6.1699e+01 -6.1000e-02  6.1000e-02 -4.2720e-01
 -7.0800e-02 -2.7780e-01  9.6730e-01]",112
212,1,"[[ 0.14870972 -0.30808959  0.32191041]
 [ 0.20465333 -0.1049636   0.5250364 ]
 [-0.2864732  -0.31068434  0.31931566]
 [ 0.2864732   0.31068434 -0.31931566]
 [-0.14870972  0.30808959 -0.32191041]
 [-0.20465333  0.1049636  -0.5250364 ]]","[1951. 2248.  923. 1861. 2250.  921. 1914. 2116. 1055. 2144. 2248.  923.
 2234. 2250.  921. 2181. 2116. 1055.]","[1944. 2233.  927. 1878. 2224.  936. 1929. 2114. 1058. 2154. 2227.  931.
 2227. 2227.  929. 2166. 2114. 1058.]","[-1.5969e+01  4.4000e+00  6.1683e+01  0.0000e+00  6.1000e-02 -3.6620e-01
 -7.6700e-02 -2.7640e-01  9.5560e-01]",112
213,1,"[[ 0.14384733 -0.30843739  0.32156261]
 [ 0.21174497 -0.1069191   0.5230809 ]
 [-0.2884824  -0.31015276  0.31984724]
 [ 0.2884824   0.31015276 -0.31984724]
 [-0.14384733  0.30843739 -0.32156261]
 [-0.21174497  0.1069191  -0.5230809 ]]","[1954. 2249.  922. 1859. 2250.  921. 1909. 2117. 1054. 2141. 2249.  922.
 2236. 2250.  921. 2186. 2117. 1054.]","[1947. 2233.  927. 1876. 2225.  936. 1924. 2115. 1056. 2152. 2227.  931.
 2228. 2227.  929. 2171. 2115. 1056.]","[-15.969    4.4     61.666    0.       0.      -0.3052  -0.083   -0.2803
   0.9565]",112
214,1,"[[ 0.01424797 -0.31554675  0.31445325]
 [ 0.30235186 -0.20116555  0.42883445]
 [-0.28461585 -0.29582243  0.33417757]
 [ 0.28461585  0.29582243 -0.33417757]
 [-0.01424797  0.31554675 -0.31445325]
 [-0.30235186  0.20116555 -0.42883445]]","[2038. 2253.  918. 1862. 2240.  931. 1850. 2179.  992. 2057. 2253.  918.
 2233. 2240.  931. 2245. 2179.  992.]","[1951. 2233.  927. 1875. 2224.  936. 1919. 2116. 1055. 2150. 2227.  931.
 2230. 2228.  929. 2176. 2116. 1056.]","[-1.5969e+01  4.4000e+00  6.1655e+01 -6.1000e-02  0.0000e+00 -1.8310e-01
 -7.5700e-02 -2.7780e-01  9.5260e-01]",112
215,1,"[[ 0.00869954 -0.31576957  0.31423043]
 [ 0.30256159 -0.20687512  0.42312488]
 [-0.28081346 -0.29522755  0.33477245]
 [ 0.28081346  0.29522755 -0.33477245]
 [-0.00869954  0.31576957 -0.31423043]
 [-0.30256159  0.20687512 -0.42312488]]","[2042. 2253.  918. 1864. 2240.  931. 1850. 2182.  989. 2053. 2253.  918.
 2231. 2240.  931. 2245. 2182.  989.]","[1967. 2235.  926. 1874. 2224.  936. 1903. 2129. 1043. 2131. 2228.  930.
 2231. 2226.  931. 2193. 2133. 1042.]","[-1.5974e+01  4.4000e+00  6.1644e+01 -6.1000e-02  6.1000e-02 -3.6620e-01
 -7.3200e-02 -2.7730e-01  9.5610e-01]",112
216,1,"[[ 0.00314819 -0.31598623  0.31401377]
 [ 0.30255593 -0.21271878  0.41728122]
 [-0.27668276 -0.29463692  0.33536308]
 [ 0.27668276  0.29463692 -0.33536308]
 [-0.00314819  0.31598623 -0.31401377]
 [-0.30255593  0.21271878 -0.41728122]]","[2045. 2253.  917. 1867. 2240.  931. 1850. 2186.  985. 2050. 2253.  917.
 2228. 2240.  931. 2245. 2186.  985.]","[1991. 2237.  926. 1873. 2225.  938. 1885. 2150. 1022. 2107. 2229.  929.
 2232. 2226.  934. 2212. 2150. 1021.]","[-1.5974e+01  4.4000e+00  6.1628e+01  6.1000e-02  1.2210e-01 -4.2720e-01
 -8.3000e-02 -2.8120e-01  9.6140e-01]",112
217,1,"[[-0.00240423 -0.31619665  0.31380335]
 [ 0.30246135 -0.21867711  0.41132289]
 [-0.27223271 -0.29405117  0.33594883]
 [ 0.27223271  0.29405117 -0.33594883]
 [ 0.00240423  0.31619665 -0.31380335]
 [-0.30246135  0.21867711 -0.41132289]]","[2049. 2254.  917. 1870. 2239.  932. 1850. 2190.  981. 2046. 2254.  917.
 2225. 2239.  932. 2245. 2190.  981.]","[2008. 2238.  925. 1873. 2225.  938. 1872. 2164. 1008. 2091. 2229.  929.
 2235. 2226.  935. 2228. 2164. 1007.]","[-15.974    4.417   61.617    0.       0.3662   0.      -0.1187  -0.272
   0.9678]",112
218,1,"[[-0.00795583 -0.31640077  0.31359923]
 [ 0.30231389 -0.22473504  0.40526496]
 [-0.2674725  -0.29347092  0.33652908]
 [ 0.2674725   0.29347092 -0.33652908]
 [ 0.00795583  0.31640077 -0.31359923]
 [-0.30231389  0.22473504 -0.40526496]]","[2053. 2254.  917. 1873. 2239.  932. 1850. 2194.  977. 2042. 2254.  917.
 2222. 2239.  932. 2245. 2194.  977.]","[2021. 2239.  924. 1872. 2225.  939. 1862. 2174.  999. 2081. 2230.  929.
 2234. 2225.  937. 2237. 2173.  997.]","[-1.5963e+01  4.4060e+00  6.1644e+01  0.0000e+00 -7.9350e-01  7.3240e-01
 -4.0500e-02 -1.7630e-01  9.6580e-01]",112
219,1,"[[-0.01350476 -0.31659852  0.31340148]
 [ 0.30211186 -0.23088837  0.39911163]
 [-0.26241153 -0.29289681  0.33710319]
 [ 0.26241153  0.29289681 -0.33710319]
 [ 0.01350476  0.31659852 -0.31340148]
 [-0.30211186  0.23088837 -0.39911163]]","[2056. 2254.  917. 1876. 2238.  933. 1851. 2198.  973. 2039. 2254.  917.
 2219. 2238.  933. 2244. 2198.  973.]","[2030. 2239.  924. 1868. 2225.  939. 1858. 2181.  991. 2070. 2230.  928.
 2233. 2226.  938. 2241. 2181.  992.]","[-15.93     4.411   61.666    0.3052   0.1831   0.4272  -0.0806  -0.1152
   1.0825]",112
220,1,"[[-0.01904916 -0.31678983  0.31321017]
 [ 0.30185192 -0.23713404  0.39286596]
 [-0.25705941 -0.29232943  0.33767057]
 [ 0.25705941  0.29232943 -0.33767057]
 [ 0.01904916  0.31678983 -0.31321017]
 [-0.30185192  0.23713404 -0.39286596]]","[2060. 2254.  917. 1880. 2238.  933. 1851. 2202.  969. 2035. 2254.  917.
 2215. 2238.  933. 2244. 2202.  969.]","[2038. 2239.  924. 1868. 2225.  939. 1858. 2187.  985. 2063. 2230.  927.
 2231. 2226.  938. 2243. 2187.  986.]","[-15.864    4.444   61.694    0.7935   0.5493   0.7935  -0.083   -0.1943
   0.853 ]",112
221,1,"[[-0.02458716 -0.31697465  0.31302535]
 [ 0.30153223 -0.24346882  0.38653118]
 [-0.2514259  -0.2917694   0.3382306 ]
 [ 0.2514259   0.2917694  -0.3382306 ]
 [ 0.02458716  0.31697465 -0.31302535]
 [-0.30153223  0.24346882 -0.38653118]]","[2064. 2254.  917. 1884. 2238.  933. 1851. 2206.  965. 2031. 2254.  917.
 2211. 2238.  933. 2244. 2206.  965.]","[2044. 2239.  924. 1869. 2225.  939. 1854. 2193.  979. 2056. 2230.  925.
 2229. 2226.  938. 2243. 2193.  980.]","[-15.903    4.444   61.743   -1.8311  -0.3052   1.2207  -0.0791  -0.2373
   0.9756]",112
222,1,"[[-0.0301169  -0.3171529   0.3128471 ]
 [ 0.30115181 -0.24988938  0.38011062]
 [-0.24552093 -0.29121731  0.33878269]
 [ 0.24552093  0.29121731 -0.33878269]
 [ 0.0301169   0.3171529  -0.3128471 ]
 [-0.30115181  0.24988938 -0.38011062]]","[2067. 2254.  917. 1887. 2237.  934. 1851. 2210.  961. 2028. 2254.  917.
 2208. 2237.  934. 2244. 2210.  961.]","[2050. 2239.  924. 1871. 2225.  939. 1851. 2198.  974. 2049. 2230.  924.
 2226. 2226.  938. 2243. 2198.  975.]","[-1.5947e+01  4.4270e+00  6.1771e+01 -1.7090e+00 -6.1040e-01  4.8830e-01
 -3.8100e-02 -3.0080e-01  9.9410e-01]",112
223,1,"[[-0.03563653 -0.31732454  0.31267546]
 [ 0.30071011 -0.25639237  0.37360763]
 [-0.23935456 -0.29067377  0.33932623]
 [ 0.23935456  0.29067377 -0.33932623]
 [ 0.03563653  0.31732454 -0.31267546]
 [-0.30071011  0.25639237 -0.37360763]]","[2071. 2254.  917. 1891. 2237.  934. 1851. 2215.  956. 2024. 2254.  917.
 2204. 2237.  934. 2244. 2215.  956.]","[2055. 2239.  924. 1872. 2225.  939. 1850. 2203.  969. 2044. 2230.  924.
 2224. 2226.  938. 2243. 2201.  971.]","[-1.5963e+01  4.4110e+00  6.1771e+01 -8.5450e-01 -3.0520e-01 -6.1000e-02
 -6.8400e-02 -3.4910e-01  9.1500e-01]",112
224,1,"[[-0.04114419 -0.31748951  0.31251049]
 [ 0.30020673 -0.26297447  0.36702553]
 [-0.23293696 -0.28138703  0.34861297]
 [ 0.23293696  0.28138703 -0.34861297]
 [ 0.04114419  0.31748951 -0.31251049]
 [-0.30020673  0.26297447 -0.36702553]]","[2074. 2254.  916. 1896. 2231.  940. 1852. 2219.  952. 2021. 2254.  916.
 2199. 2231.  940. 2243. 2219.  952.]","[2059. 2239.  924. 1873. 2225.  939. 1850. 2208.  965. 2040. 2231.  924.
 2220. 2226.  938. 2243. 2204.  967.]","[-1.5991e+01  4.4000e+00  6.1771e+01 -6.7140e-01 -3.0520e-01 -6.1000e-02
 -1.0840e-01 -4.1060e-01  9.3120e-01]",112
225,1,"[[-0.04663803 -0.31764775  0.31235225]
 [ 0.29964136 -0.26963233  0.36036767]
 [-0.2262784  -0.27089268  0.35910732]
 [ 0.2262784   0.27089268 -0.35910732]
 [ 0.04663803  0.31764775 -0.31235225]
 [-0.29964136  0.26963233 -0.36036767]]","[2078. 2255.  916. 1900. 2224.  947. 1852. 2223.  948. 2017. 2255.  916.
 2195. 2224.  947. 2243. 2223.  948.]","[2062. 2239.  924. 1877. 2225.  940. 1850. 2212.  961. 2037. 2231.  924.
 2216. 2225.  939. 2242. 2209.  962.]","[-16.029    4.395   61.776   -0.4883  -0.2441   0.      -0.1064  -0.3989
   0.936 ]",112
226,1,"[[-0.05211621 -0.31779922  0.31220078]
 [ 0.2990137  -0.27636265  0.35363735]
 [-0.21938924 -0.26060363  0.36939637]
 [ 0.21938924  0.26060363 -0.36939637]
 [ 0.05211621  0.31779922 -0.31220078]
 [-0.2990137   0.27636265 -0.35363735]]","[2081. 2255.  916. 1904. 2217.  954. 1853. 2228.  943. 2014. 2255.  916.
 2191. 2217.  954. 2242. 2228.  943.]","[2064. 2239.  924. 1880. 2224.  943. 1850. 2216.  956. 2033. 2231.  924.
 2212. 2224.  942. 2240. 2212.  959.]","[-16.051    4.395   61.798    0.1221  -0.2441   0.4883  -0.0889  -0.3706
   0.938 ]",112
227,1,"[[-0.05757689 -0.31794387  0.31205613]
 [ 0.29832352 -0.28316212  0.34683788]
 [-0.21227991 -0.25053095  0.37946905]
 [ 0.21227991  0.25053095 -0.37946905]
 [ 0.05757689  0.31794387 -0.31205613]
 [-0.29832352  0.28316212 -0.34683788]]","[2085. 2255.  916. 1909. 2211.  960. 1853. 2232.  939. 2010. 2255.  916.
 2186. 2211.  960. 2242. 2232.  939.]","[2065. 2240.  923. 1884. 2221.  947. 1851. 2221.  952. 2030. 2231.  924.
 2208. 2219.  944. 2239. 2216.  954.]","[-16.078    4.4     61.842    0.      -0.3052   1.0376  -0.0894  -0.3623
   0.9224]",112
228,1,"[[-0.06301823 -0.31808165  0.31191835]
 [ 0.29757057 -0.29002745  0.33997255]
 [-0.20496089 -0.2406855   0.3893145 ]
 [ 0.20496089  0.2406855  -0.3893145 ]
 [ 0.06301823  0.31808165 -0.31191835]
 [-0.29757057  0.29002745 -0.33997255]]","[2089. 2255.  916. 1914. 2204.  967. 1854. 2237.  934. 2006. 2255.  916.
 2181. 2204.  967. 2241. 2237.  934.]","[2068. 2240.  922. 1890. 2217.  951. 1852. 2226.  947. 2026. 2232.  924.
 2204. 2214.  946. 2239. 2220.  950.]","[-16.106    4.411   61.924    0.      -0.4272   1.9531  -0.0894  -0.3135
   0.9663]",112
229,1,"[[-0.06843841 -0.31821253  0.31178747]
 [ 0.29675465 -0.29091777  0.33908223]
 [-0.19744268 -0.23107786  0.39892214]
 [ 0.19744268  0.23107786 -0.39892214]
 [ 0.06843841  0.31821253 -0.31178747]
 [-0.29675465  0.29091777 -0.33908223]]","[2092. 2255.  916. 1919. 2198.  973. 1854. 2237.  934. 2003. 2255.  916.
 2176. 2198.  973. 2241. 2237.  934.]","[2070. 2240.  921. 1897. 2212.  956. 1853. 2230.  943. 2022. 2231.  923.
 2199. 2209.  951. 2239. 2224.  945.]","[-16.095    4.444   62.062    0.6104  -0.4272   3.3569  -0.0996  -0.2485
   0.9453]",112
230,1,"[[-0.0738356  -0.31833646  0.31166354]
 [ 0.29587555 -0.29126713  0.33873287]
 [-0.18973582 -0.22171837  0.40828163]
 [ 0.18973582  0.22171837 -0.40828163]
 [ 0.0738356   0.31833646 -0.31166354]
 [-0.29587555  0.29126713 -0.33873287]]","[2096. 2255.  916. 1924. 2192.  979. 1855. 2237.  934. 1999. 2255.  916.
 2171. 2192.  979. 2240. 2237.  934.]","[2073. 2239.  920. 1905. 2207.  962. 1856. 2234.  942. 2015. 2232.  922.
 2192. 2203.  959. 2238. 2227.  940.]","[-16.046    4.482   62.26     1.2207  -0.6104   4.9438  -0.0874  -0.1943
   0.9507]",112
231,1,"[[-0.079208   -0.3184534   0.3115466 ]
 [ 0.2949331  -0.2916193   0.3383807 ]
 [-0.18185085 -0.2126171   0.4173829 ]
 [ 0.18185085  0.2126171  -0.4173829 ]
 [ 0.079208    0.3184534  -0.3115466 ]
 [-0.2949331   0.2916193  -0.3383807 ]]","[2099. 2255.  916. 1929. 2186.  985. 1855. 2238.  933. 1996. 2255.  916.
 2166. 2186.  985. 2240. 2238.  933.]","[2076. 2239.  920. 1910. 2205.  966. 1856. 2233.  940. 2011. 2232.  920.
 2188. 2198.  965. 2237. 2228.  938.]","[-1.6018e+01  4.5100e+00  6.2523e+01  2.4410e-01 -1.2817e+00  6.4697e+00
 -4.8300e-02 -2.1970e-01  9.3990e-01]",112
232,1,"[[-0.08455379 -0.31856333  0.31143667]
 [ 0.29392713 -0.29197411  0.33802589]
 [-0.17379833 -0.20378382  0.42621618]
 [ 0.17379833  0.20378382 -0.42621618]
 [ 0.08455379  0.31856333 -0.31143667]
 [-0.29392713  0.29197411 -0.33802589]]","[2103. 2255.  916. 1934. 2180.  991. 1856. 2238.  933. 1992. 2255.  916.
 2161. 2180.  991. 2239. 2238.  933.]","[2080. 2239.  921. 1916. 2200.  971. 1856. 2232.  939. 2007. 2232.  919.
 2183. 2193.  971. 2237. 2229.  936.]","[-1.6002e+01  4.5100e+00  6.2787e+01 -3.0520e-01 -1.7090e+00  6.3477e+00
  2.7300e-02 -1.8210e-01  1.0298e+00]",112
233,1,"[[-0.0898712  -0.31866621  0.31133379]
 [ 0.2928575  -0.29233141  0.33766859]
 [-0.16558876 -0.19522799  0.43477201]
 [ 0.16558876  0.19522799 -0.43477201]
 [ 0.0898712   0.31866621 -0.31133379]
 [-0.2928575   0.29233141 -0.33766859]]","[2106. 2255.  916. 1940. 2175.  996. 1857. 2238.  933. 1989. 2255.  916.
 2155. 2175.  996. 2238. 2238.  933.]","[2085. 2239.  922. 1925. 2194.  977. 1857. 2232.  937. 2004. 2232.  918.
 2177. 2188.  978. 2237. 2229.  935.]","[-1.5963e+01  4.4880e+00  6.2952e+01  1.8310e-01 -1.4038e+00  3.9062e+00
 -1.9500e-02 -2.1190e-01  9.4820e-01]",112
234,1,"[[-0.09515842 -0.31876201  0.31123799]
 [ 0.29172408 -0.29269103  0.33730897]
 [-0.15723265 -0.18695879  0.44304121]
 [ 0.15723265  0.18695879 -0.44304121]
 [ 0.09515842  0.31876201 -0.31123799]
 [-0.29172408  0.29269103 -0.33730897]]","[2110. 2255.  916. 1945. 2169. 1002. 1857. 2238.  933. 1985. 2255.  916.
 2150. 2169. 1002. 2238. 2238.  933.]","[2090. 2238.  922. 1929. 2189.  984. 1857. 2233.  937. 2000. 2232.  918.
 2171. 2183.  984. 2236. 2229.  936.]","[-1.5919e+01  4.4490e+00  6.3001e+01  5.4930e-01 -7.3240e-01  9.7660e-01
 -2.3900e-02 -2.6030e-01  9.7710e-01]",112
235,1,"[[-0.10041368 -0.3188507   0.3111493 ]
 [ 0.29052675 -0.29305282  0.33694718]
 [-0.14874045 -0.17898504  0.45101496]
 [ 0.14874045  0.17898504 -0.45101496]
 [ 0.10041368  0.3188507  -0.3111493 ]
 [-0.29052675  0.29305282 -0.33694718]]","[2113. 2255.  916. 1951. 2164. 1007. 1858. 2239.  932. 1982. 2255.  916.
 2144. 2164. 1007. 2237. 2239.  932.]","[2095. 2239.  922. 1933. 2183.  990. 1858. 2232.  937. 1996. 2232.  918.
 2164. 2179.  990. 2236. 2229.  936.]","[-15.864    4.417   62.908    1.0986   0.1831  -2.2583  -0.103   -0.3066
   1.0063]",112
236,1,"[[-0.10563522 -0.31893227  0.31106773]
 [ 0.28926542 -0.29341663  0.33658337]
 [-0.14012257 -0.17131526  0.45868474]
 [ 0.14012257  0.17131526 -0.45868474]
 [ 0.10563522  0.31893227 -0.31106773]
 [-0.28926542  0.29341663 -0.33658337]]","[2116. 2255.  916. 1956. 2159. 1012. 1859. 2239.  932. 1979. 2255.  916.
 2139. 2159. 1012. 2236. 2239.  932.]","[2100. 2239.  922. 1939. 2177.  996. 1859. 2232.  936. 1993. 2232.  918.
 2158. 2177.  995. 2235. 2229.  936.]","[-15.765    4.395   62.776    2.5024   0.5493  -2.5024  -0.1904  -0.3623
   0.897 ]",112
237,1,"[[-0.11082129 -0.31900669  0.31099331]
 [ 0.28794003 -0.29378229  0.33621771]
 [-0.13138936 -0.16395759  0.46604241]
 [ 0.13138936  0.16395759 -0.46604241]
 [ 0.11082129  0.31900669 -0.31099331]
 [-0.28794003  0.29378229 -0.33621771]]","[2120. 2255.  916. 1962. 2154. 1017. 1860. 2239.  932. 1975. 2255.  916.
 2133. 2154. 1017. 2235. 2239.  932.]","[2104. 2239.  922. 1945. 2171. 1001. 1860. 2232.  936. 1990. 2232.  918.
 2152. 2172. 1001. 2234. 2229.  936.]","[-15.672    4.406   62.688    2.7466   0.1221  -0.8545  -0.1206  -0.3745
   0.9614]",112
238,1,"[[-0.11597013 -0.31907394  0.31092606]
 [ 0.28655051 -0.29414965  0.33585035]
 [-0.1225511  -0.15691984  0.47308016]
 [ 0.1225511   0.15691984 -0.47308016]
 [ 0.11597013  0.31907394 -0.31092606]
 [-0.28655051  0.29414965 -0.33585035]]","[2123. 2256.  915. 1968. 2150. 1021. 1861. 2239.  932. 1972. 2256.  915.
 2127. 2150. 1021. 2234. 2239.  932.]","[2106. 2239.  921. 1950. 2166. 1006. 1860. 2232.  936. 1987. 2233.  918.
 2146. 2167. 1005. 2233. 2228.  936.]","[-1.5584e+01  4.4170e+00  6.2666e+01  2.9297e+00 -3.6620e-01  3.6620e-01
 -5.6200e-02 -3.4080e-01  9.5800e-01]",112
239,1,"[[-0.12108003 -0.31913401  0.31086599]
 [ 0.28509682 -0.29451856  0.33548144]
 [-0.11361797 -0.15020946  0.47979054]
 [ 0.11361797  0.15020946 -0.47979054]
 [ 0.12108003  0.31913401 -0.31086599]
 [-0.28509682  0.29451856 -0.33548144]]","[2126. 2256.  915. 1973. 2145. 1026. 1862. 2239.  931. 1969. 2256.  915.
 2122. 2145. 1026. 2233. 2239.  931.]","[2109. 2239.  921. 1956. 2161. 1011. 1861. 2231.  936. 1983. 2235.  918.
 2141. 2162. 1011. 2232. 2228.  936.]","[-1.5480e+01  4.4170e+00  6.2693e+01  3.4790e+00 -7.3240e-01  9.7660e-01
  9.3000e-03 -3.0080e-01  9.4340e-01]",112
240,1,"[[-0.12614927 -0.31918689  0.31081311]
 [ 0.28357895 -0.29488886  0.33511114]
 [-0.1046001  -0.1438335   0.4861665 ]
 [ 0.1046001   0.1438335  -0.4861665 ]
 [ 0.12614927  0.31918689 -0.31081311]
 [-0.28357895  0.29488886 -0.33511114]]","[2130. 2256.  915. 1979. 2141. 1030. 1863. 2240.  931. 1965. 2256.  915.
 2116. 2141. 1030. 2232. 2240.  931.]","[2111. 2240.  921. 1962. 2157. 1016. 1862. 2231.  936. 1981. 2237.  918.
 2135. 2157. 1016. 2231. 2228.  936.]","[-1.5364e+01  4.3950e+00  6.2732e+01  3.7842e+00 -7.3240e-01  2.4410e-01
  9.8000e-03 -2.7930e-01  9.7270e-01]",112
241,1,"[[-0.13117615 -0.31923256  0.31076744]
 [ 0.28199689 -0.29526041  0.33473959]
 [-0.0955075  -0.13779866  0.49220134]
 [ 0.0955075   0.13779866 -0.49220134]
 [ 0.13117615  0.31923256 -0.31076744]
 [-0.28199689  0.29526041 -0.33473959]]","[2133. 2256.  915. 1985. 2137. 1034. 1864. 2240.  931. 1962. 2256.  915.
 2110. 2137. 1034. 2231. 2240.  931.]","[2115. 2240.  921. 1967. 2151. 1020. 1862. 2231.  936. 1978. 2237.  918.
 2129. 2153. 1020. 2230. 2228.  936.]","[-1.5233e+01  4.3560e+00  6.2743e+01  3.9062e+00 -9.7660e-01 -6.7140e-01
 -5.6600e-02 -2.5830e-01  9.8680e-01]",112
242,1,"[[-0.13615897 -0.31927102  0.31072898]
 [ 0.28035067 -0.29563306  0.33436694]
 [-0.08635007 -0.13211123  0.49788877]
 [ 0.08635007  0.13211123 -0.49788877]
 [ 0.13615897  0.31927102 -0.31072898]
 [-0.28035067  0.29563306 -0.33436694]]","[2136. 2256.  915. 1991. 2134. 1037. 1865. 2240.  931. 1959. 2256.  915.
 2104. 2134. 1037. 2230. 2240.  931.]","[2118. 2239.  921. 1973. 2147. 1025. 1863. 2231.  936. 1976. 2238.  918.
 2123. 2149. 1024. 2230. 2228.  936.]","[-15.101    4.301   62.726    3.7231  -0.6714  -0.6714  -0.0957  -0.2446
   0.9512]",112
243,1,"[[-0.14109606 -0.31930226  0.31069774]
 [ 0.27864032 -0.29600665  0.33399335]
 [-0.07713763 -0.12677711  0.50322289]
 [ 0.07713763  0.12677711 -0.50322289]
 [ 0.14109606  0.31930226 -0.31069774]
 [-0.27864032  0.29600665 -0.33399335]]","[2139. 2256.  915. 1997. 2130. 1041. 1866. 2240.  931. 1956. 2256.  915.
 2098. 2130. 1041. 2229. 2240.  931.]","[2121. 2240.  921. 1979. 2143. 1029. 1864. 2231.  936. 1973. 2238.  918.
 2117. 2145. 1029. 2229. 2228.  936.]","[-1.4974e+01  4.2680e+00  6.2710e+01  2.8687e+00 -5.4930e-01 -6.1000e-02
 -9.7200e-02 -2.3290e-01  9.3950e-01]",112
244,1,"[[-0.14598577 -0.31932628  0.31067372]
 [ 0.2768659  -0.29638105  0.33361895]
 [-0.06787984 -0.12180181  0.50819819]
 [ 0.06787984  0.12180181 -0.50819819]
 [ 0.14598577  0.31932628 -0.31067372]
 [-0.2768659   0.29638105 -0.33361895]]","[2143. 2256.  915. 2003. 2127. 1044. 1867. 2241.  930. 1952. 2256.  915.
 2092. 2127. 1044. 2228. 2241.  930.]","[2124. 2241.  921. 1985. 2139. 1033. 1865. 2231.  936. 1970. 2238.  918.
 2111. 2140. 1033. 2229. 2228.  936.]","[-14.881    4.246   62.715    1.77    -0.4883   0.3052  -0.0825  -0.2217
   0.9502]",112
245,1,"[[-0.15082646 -0.31934314  0.31065686]
 [ 0.27502749 -0.2967561   0.3332439 ]
 [-0.05858628 -0.11719042  0.51280958]
 [ 0.05858628  0.11719042 -0.51280958]
 [ 0.15082646  0.31934314 -0.31065686]
 [-0.27502749  0.2967561  -0.3332439 ]]","[2146. 2256.  915. 2009. 2124. 1047. 1868. 2241.  930. 1949. 2256.  915.
 2086. 2124. 1047. 2227. 2241.  930.]","[2127. 2241.  921. 1990. 2136. 1037. 1866. 2231.  936. 1968. 2238.  918.
 2105. 2137. 1036. 2227. 2228.  936.]","[-14.821    4.23    62.732    1.0376  -0.3052   0.2441  -0.0771  -0.2114
   0.96  ]",112
246,1,"[[-0.15561649 -0.31935295  0.31064705]
 [ 0.27312518 -0.29713167  0.33286833]
 [-0.04926636 -0.11294762  0.51705238]
 [ 0.04926636  0.11294762 -0.51705238]
 [ 0.15561649  0.31935295 -0.31064705]
 [-0.27312518  0.29713167 -0.33286833]]","[2149. 2256.  915. 2015. 2121. 1050. 1869. 2241.  930. 1946. 2256.  915.
 2080. 2121. 1050. 2226. 2241.  930.]","[2130. 2241.  921. 1997. 2132. 1040. 1867. 2231.  936. 1965. 2238.  918.
 2099. 2133. 1040. 2226. 2228.  936.]","[-1.4782e+01  4.2240e+00  6.2743e+01  5.4930e-01 -6.1000e-02  6.1000e-02
 -7.0300e-02 -2.1000e-01  9.5510e-01]",112
247,1,"[[-0.16035426 -0.3193558   0.3106442 ]
 [ 0.27115908 -0.2975076   0.3324924 ]
 [-0.03992939 -0.10907767  0.52092233]
 [ 0.03992939  0.10907767 -0.52092233]
 [ 0.16035426  0.3193558  -0.3106442 ]
 [-0.27115908  0.2975076  -0.3324924 ]]","[2152. 2256.  915. 2021. 2119. 1052. 1871. 2241.  930. 1943. 2256.  915.
 2074. 2119. 1052. 2224. 2241.  930.]","[2134. 2241.  921. 2003. 2129. 1043. 1868. 2231.  936. 1962. 2238.  919.
 2093. 2130. 1043. 2225. 2228.  936.]","[-1.4760e+01  4.2240e+00  6.2743e+01  0.0000e+00  6.1000e-02 -2.4410e-01
 -6.9300e-02 -2.1830e-01  9.5750e-01]",112
248,1,"[[-0.16503818 -0.31934759  0.31065241]
 [ 0.26912935 -0.29788376  0.33211624]
 [-0.03058451 -0.10558442  0.52441558]
 [ 0.03058451  0.10558442 -0.52441558]
 [ 0.16503818  0.31934759 -0.31065241]
 [-0.26912935  0.29788376 -0.33211624]]","[2155. 2256.  915. 2028. 2116. 1055. 1872. 2242.  929. 1940. 2256.  915.
 2067. 2116. 1055. 2223. 2242.  929.]","[2136. 2240.  921. 2009. 2126. 1047. 1870. 2231.  936. 1960. 2238.  918.
 2087. 2127. 1046. 2224. 2228.  936.]","[-14.755    4.23    62.732   -0.5493   0.1831  -0.3662  -0.0708  -0.2241
   0.958 ]",112
249,1,"[[-0.16966667 -0.31931558  0.31068442]
 [ 0.26703612 -0.29826     0.33174   ]
 [-0.02124073 -0.10247128  0.52752872]
 [ 0.02124073  0.10247128 -0.52752872]
 [ 0.16966667  0.31931558 -0.31068442]
 [-0.26703612  0.29826    -0.33174   ]]","[2158. 2256.  915. 2034. 2114. 1057. 1873. 2242.  929. 1937. 2256.  915.
 2061. 2114. 1057. 2222. 2242.  929.]","[2140. 2240.  921. 2015. 2123. 1049. 1872. 2231.  935. 1957. 2238.  918.
 2081. 2124. 1049. 2223. 2228.  936.]","[-14.771    4.235   62.715   -0.9155   0.1831  -0.3052  -0.0752  -0.2383
   0.9658]",112
250,1,"[[-0.17423819 -0.31925724  0.31074276]
 [ 0.26487958 -0.29863619  0.33136381]
 [-0.0119069  -0.09974125  0.53025875]
 [ 0.0119069   0.09974125 -0.53025875]
 [ 0.17423819  0.31925724 -0.31074276]
 [-0.26487958  0.29863619 -0.33136381]]","[2161. 2256.  915. 2040. 2113. 1058. 1875. 2242.  929. 1934. 2256.  915.
 2055. 2113. 1058. 2220. 2242.  929.]","[2143. 2240.  921. 2021. 2120. 1052. 1873. 2231.  934. 1954. 2238.  918.
 2074. 2122. 1051. 2221. 2228.  936.]","[-14.799    4.241   62.704   -1.1597   0.1221  -0.1221  -0.0742  -0.2539
   0.96  ]",112
251,1,"[[-0.17875119 -0.31917541  0.31082459]
 [ 0.26265993 -0.2990122   0.3309878 ]
 [-0.00259173 -0.0973969   0.5326031 ]
 [ 0.00259173  0.0973969  -0.5326031 ]
 [ 0.17875119  0.31917541 -0.31082459]
 [-0.26265993  0.2990122  -0.3309878 ]]","[2164. 2256.  915. 2046. 2111. 1060. 1876. 2242.  929. 1931. 2256.  915.
 2049. 2111. 1060. 2219. 2242.  929.]","[2146. 2240.  921. 2027. 2119. 1054. 1874. 2231.  934. 1951. 2238.  918.
 2068. 2120. 1054. 2219. 2228.  935.]","[-1.4832e+01  4.2460e+00  6.2693e+01 -1.0986e+00  1.2210e-01 -6.1000e-02
 -7.4200e-02 -2.6270e-01  9.6440e-01]",112
252,1,"[[-0.18320415 -0.31907093  0.31092907]
 [ 0.26037737 -0.29938787  0.33061213]
 [ 0.00669624 -0.09544035  0.53455965]
 [-0.00669624  0.09544035 -0.53455965]
 [ 0.18320415  0.31907093 -0.31092907]
 [-0.26037737  0.29938787 -0.33061213]]","[2167. 2256.  915. 2052. 2110. 1061. 1878. 2243.  928. 1928. 2256.  915.
 2043. 2110. 1061. 2217. 2243.  928.]","[2149. 2240.  921. 2034. 2116. 1055. 1876. 2231.  934. 1948. 2238.  918.
 2062. 2118. 1055. 2217. 2228.  935.]","[-1.4865e+01  4.2520e+00  6.2693e+01 -8.5450e-01  1.2210e-01 -6.1000e-02
 -7.6700e-02 -2.7490e-01  9.6830e-01]",112
253,1,"[[-0.1875956  -0.31894424  0.31105576]
 [ 0.25803216 -0.29976309  0.33023691]
 [ 0.01594863 -0.0938733   0.5361267 ]
 [-0.01594863  0.0938733  -0.5361267 ]
 [ 0.1875956   0.31894424 -0.31105576]
 [-0.25803216  0.29976309 -0.33023691]]","[2170. 2255.  916. 2058. 2109. 1062. 1879. 2243.  928. 1925. 2255.  916.
 2037. 2109. 1062. 2216. 2243.  928.]","[2151. 2240.  921. 2040. 2115. 1057. 1877. 2231.  934. 1945. 2238.  919.
 2056. 2116. 1058. 2215. 2229.  935.]","[-1.4886e+01  4.2570e+00  6.2688e+01 -5.4930e-01  6.1000e-02 -6.1000e-02
 -8.2500e-02 -2.7640e-01  9.6440e-01]",112
254,1,"[[-0.19192404 -0.31879576  0.31120424]
 [ 0.25562454 -0.30013771  0.32986229]
 [ 0.02515723 -0.09269704  0.53730296]
 [-0.02515723  0.09269704 -0.53730296]
 [ 0.19192404  0.31879576 -0.31120424]
 [-0.25562454  0.30013771 -0.32986229]]","[2173. 2255.  916. 2064. 2108. 1063. 1881. 2243.  928. 1922. 2255.  916.
 2031. 2108. 1063. 2214. 2243.  928.]","[2154. 2241.  921. 2046. 2113. 1059. 1879. 2231.  933. 1942. 2238.  918.
 2050. 2115. 1059. 2213. 2229.  935.]","[-1.4892e+01  4.2570e+00  6.2688e+01 -6.1000e-02  0.0000e+00  6.1000e-02
 -7.2800e-02 -2.7440e-01  9.6480e-01]",112
255,1,"[[-0.19618803 -0.31862592  0.31137408]
 [ 0.25315479 -0.30051161  0.32948839]
 [ 0.03431399 -0.09191251  0.53808749]
 [-0.03431399  0.09191251 -0.53808749]
 [ 0.19618803  0.31862592 -0.31137408]
 [-0.25315479  0.30051161 -0.32948839]]","[2175. 2255.  916. 2070. 2107. 1064. 1882. 2243.  928. 1920. 2255.  916.
 2025. 2107. 1064. 2213. 2243.  928.]","[2157. 2240.  921. 2052. 2112. 1060. 1880. 2231.  933. 1939. 2238.  919.
 2044. 2113. 1060. 2212. 2229.  935.]","[-1.4892e+01  4.2630e+00  6.2688e+01  6.1000e-02  0.0000e+00  0.0000e+00
 -7.2300e-02 -2.7100e-01  9.6340e-01]",112
256,1,"[[-0.20038613 -0.31843514  0.31156486]
 [ 0.25062322 -0.30088466  0.32911534]
 [ 0.04341105 -0.09152186  0.53847814]
 [-0.04341105  0.09152186 -0.53847814]
 [ 0.20038613  0.31843514 -0.31156486]
 [-0.25062322  0.30088466 -0.32911534]]","[2178. 2255.  916. 2076. 2107. 1064. 1884. 2244.  927. 1917. 2255.  916.
 2019. 2107. 1064. 2211. 2244.  927.]","[2159. 2241.  921. 2058. 2111. 1061. 1882. 2231.  933. 1937. 2238.  918.
 2037. 2111. 1061. 2211. 2228.  935.]","[-14.886    4.263   62.688    0.1221   0.       0.      -0.0674  -0.2632
   0.9604]",112
257,1,"[[-0.20451694 -0.3182239   0.3117761 ]
 [ 0.24803015 -0.30125672  0.32874328]
 [ 0.05244069 -0.09153407  0.53846593]
 [-0.05244069  0.09153407 -0.53846593]
 [ 0.20451694  0.3182239  -0.3117761 ]
 [-0.24803015  0.30125672 -0.32874328]]","[2181. 2255.  916. 2082. 2107. 1064. 1886. 2244.  927. 1914. 2255.  916.
 2013. 2107. 1064. 2209. 2244.  927.]","[2162. 2241.  921. 2064. 2110. 1062. 1883. 2231.  933. 1935. 2238.  919.
 2032. 2111. 1062. 2209. 2229.  935.]","[-14.881    4.263   62.688    0.1831   0.       0.      -0.0664  -0.2617
   0.9653]",112
258,1,"[[-0.20857906 -0.31799267  0.31200733]
 [ 0.24537591 -0.30162767  0.32837233]
 [ 0.0613954  -0.09180123  0.53819877]
 [-0.0613954   0.09180123 -0.53819877]
 [ 0.20857906  0.31799267 -0.31200733]
 [-0.24537591  0.30162767 -0.32837233]]","[2183. 2255.  916. 2088. 2107. 1064. 1888. 2244.  927. 1912. 2255.  916.
 2007. 2107. 1064. 2207. 2244.  927.]","[2164. 2241.  921. 2069. 2109. 1062. 1885. 2231.  933. 1932. 2238.  919.
 2026. 2111. 1062. 2207. 2229.  934.]","[-1.4870e+01  4.2570e+00  6.2688e+01  1.8310e-01 -6.1000e-02  0.0000e+00
 -6.6900e-02 -2.5680e-01  9.6000e-01]",112
259,1,"[[-0.21257114 -0.31774193  0.31225807]
 [ 0.24266086 -0.30199738  0.32800262]
 [ 0.07026783 -0.09208526  0.53791474]
 [-0.07026783  0.09208526 -0.53791474]
 [ 0.21257114  0.31774193 -0.31225807]
 [-0.24266086  0.30199738 -0.32800262]]","[2186. 2255.  916. 2093. 2108. 1063. 1889. 2244.  927. 1909. 2255.  916.
 2002. 2108. 1063. 2206. 2244.  927.]","[2167. 2240.  921. 2075. 2109. 1062. 1887. 2232.  933. 1930. 2238.  919.
 2020. 2110. 1062. 2205. 2228.  933.]","[-14.865    4.257   62.688    0.1221   0.       0.      -0.0737  -0.2544
   0.9585]",112
260,1,"[[-0.21649183 -0.3174722   0.3125278 ]
 [ 0.23988539 -0.30236574  0.32763426]
 [ 0.07905081 -0.09244288  0.53755712]
 [-0.07905081  0.09244288 -0.53755712]
 [ 0.21649183  0.3174722  -0.3125278 ]
 [-0.23988539  0.30236574 -0.32763426]]","[2189. 2254.  917. 2099. 2108. 1063. 1891. 2245.  926. 1906. 2254.  917.
 1996. 2108. 1063. 2204. 2245.  926.]","[2170. 2241.  921. 2082. 2110. 1063. 1889. 2231.  933. 1927. 2238.  919.
 2014. 2110. 1062. 2204. 2229.  933.]","[-14.859    4.257   62.693    0.       0.       0.1221  -0.0752  -0.2437
   0.9702]",112
261,1,"[[-0.22033981 -0.31718397  0.31281603]
 [ 0.23704991 -0.30273261  0.32726739]
 [ 0.08773737 -0.09290036  0.53709964]
 [-0.08773737  0.09290036 -0.53709964]
 [ 0.22033981  0.31718397 -0.31281603]
 [-0.23704991  0.30273261 -0.32726739]]","[2191. 2254.  917. 2105. 2108. 1063. 1893. 2245.  926. 1904. 2254.  917.
 1990. 2108. 1063. 2202. 2245.  926.]","[2173. 2240.  921. 2087. 2110. 1062. 1891. 2231.  933. 1925. 2238.  919.
 2008. 2110. 1062. 2202. 2229.  932.]","[-1.4854e+01  4.2520e+00  6.2699e+01  6.1000e-02 -1.2210e-01  1.8310e-01
 -7.5700e-02 -2.4950e-01  9.6140e-01]",112
262,1,"[[-0.2241138  -0.31687778  0.31312222]
 [ 0.23415483 -0.30309788  0.32690212]
 [ 0.0963207  -0.09346511  0.53653489]
 [-0.0963207   0.09346511 -0.53653489]
 [ 0.2241138   0.31687778 -0.31312222]
 [-0.23415483  0.30309788 -0.32690212]]","[2194. 2254.  917. 2110. 2108. 1063. 1895. 2245.  926. 1901. 2254.  917.
 1985. 2108. 1063. 2200. 2245.  926.]","[2176. 2241.  921. 2095. 2109. 1062. 1893. 2231.  933. 1921. 2238.  919.
 2000. 2110. 1062. 2199. 2229.  932.]","[-1.4848e+01  4.2520e+00  6.2704e+01 -1.2210e-01 -6.1000e-02  1.2210e-01
 -7.8100e-02 -2.4610e-01  9.5460e-01]",112
263,1,"[[-0.22781252 -0.31655417  0.31344583]
 [ 0.2312006  -0.30346142  0.32653858]
 [ 0.10479419 -0.09414008  0.53585992]
 [-0.10479419  0.09414008 -0.53585992]
 [ 0.22781252  0.31655417 -0.31344583]
 [-0.2312006   0.30346142 -0.32653858]]","[2196. 2254.  917. 2116. 2109. 1062. 1897. 2245.  926. 1899. 2254.  917.
 1979. 2109. 1062. 2198. 2245.  926.]","[2178. 2241.  921. 2099. 2109. 1062. 1894. 2231.  932. 1920. 2238.  919.
 1996. 2110. 1062. 2198. 2229.  932.]","[-14.854    4.252   62.715   -0.3052   0.       0.1221  -0.0708  -0.251
   0.9609]",112
264,1,"[[-0.23143474 -0.31621368  0.31378632]
 [ 0.22818769 -0.30382312  0.32617688]
 [ 0.11315141 -0.09492727  0.53507273]
 [-0.11315141  0.09492727 -0.53507273]
 [ 0.23143474  0.31621368 -0.31378632]
 [-0.22818769  0.30382312 -0.32617688]]","[2198. 2254.  917. 2121. 2109. 1062. 1899. 2246.  925. 1897. 2254.  917.
 1974. 2109. 1062. 2196. 2246.  925.]","[2181. 2241.  921. 2106. 2110. 1062. 1897. 2231.  932. 1916. 2238.  920.
 1989. 2110. 1063. 2196. 2229.  932.]","[-14.865    4.257   62.715   -0.4272   0.       0.      -0.0771  -0.252
   0.9658]",112
265,1,"[[-0.23497923 -0.31585687  0.31414313]
 [ 0.22511658 -0.30418286  0.32581714]
 [ 0.12138612 -0.09582844  0.53417156]
 [-0.12138612  0.09582844 -0.53417156]
 [ 0.23497923  0.31585687 -0.31414313]
 [-0.22511658  0.30418286 -0.32581714]]","[2201. 2253.  918. 2127. 2110. 1061. 1901. 2246.  925. 1894. 2253.  918.
 1968. 2110. 1061. 2194. 2246.  925.]","[2182. 2240.  921. 2110. 2110. 1062. 1898. 2231.  932. 1914. 2238.  919.
 1986. 2110. 1062. 2194. 2229.  932.]","[-1.4875e+01  4.2570e+00  6.2715e+01 -3.0520e-01  0.0000e+00  6.1000e-02
 -8.0600e-02 -2.5440e-01  9.6390e-01]",112
266,1,"[[-0.23844481 -0.3154843   0.3145157 ]
 [ 0.22198779 -0.30454053  0.32545947]
 [ 0.12949226 -0.09684523  0.53315477]
 [-0.12949226  0.09684523 -0.53315477]
 [ 0.23844481  0.3154843  -0.3145157 ]
 [-0.22198779  0.30454053 -0.32545947]]","[2203. 2253.  918. 2132. 2111. 1060. 1903. 2246.  925. 1892. 2253.  918.
 1963. 2111. 1060. 2192. 2246.  925.]","[2185. 2240.  921. 2115. 2110. 1062. 1901. 2231.  932. 1912. 2238.  920.
 1980. 2111. 1062. 2192. 2229.  932.]","[-1.4886e+01  4.2630e+00  6.2721e+01 -3.6620e-01  0.0000e+00  6.1000e-02
 -7.8100e-02 -2.5980e-01  9.6190e-01]",112
267,1,"[[-0.24183031 -0.31509653  0.31490347]
 [ 0.21880183 -0.30489601  0.32510399]
 [ 0.13746396 -0.09797924  0.53202076]
 [-0.13746396  0.09797924 -0.53202076]
 [ 0.24183031  0.31509653 -0.31490347]
 [-0.21880183  0.30489601 -0.32510399]]","[2205. 2253.  918. 2137. 2111. 1060. 1905. 2246.  925. 1890. 2253.  918.
 1958. 2111. 1060. 2190. 2246.  925.]","[2187. 2240.  921. 2121. 2111. 1062. 1902. 2231.  931. 1910. 2238.  920.
 1974. 2111. 1062. 2190. 2230.  932.]","[-14.897    4.268   62.732   -0.2441   0.       0.1831  -0.0757  -0.2583
   0.9648]",112
268,1,"[[-0.2451346  -0.31469414  0.31530586]
 [ 0.21555926 -0.3052492   0.3247508 ]
 [ 0.14529555 -0.09923199  0.53076801]
 [-0.14529555  0.09923199 -0.53076801]
 [ 0.2451346   0.31469414 -0.31530586]
 [-0.21555926  0.3052492  -0.3247508 ]]","[2207. 2253.  918. 2142. 2112. 1059. 1907. 2246.  924. 1888. 2253.  918.
 1953. 2112. 1059. 2188. 2246.  924.]","[2189. 2240.  921. 2126. 2111. 1061. 1904. 2231.  931. 1907. 2238.  921.
 1969. 2111. 1061. 2189. 2229.  932.]","[-14.908    4.274   62.737   -0.3052   0.       0.1831  -0.0713  -0.2563
   0.9565]",112
269,1,"[[-0.24835656 -0.31427772  0.31572228]
 [ 0.21226065 -0.30559997  0.32440003]
 [ 0.15298153 -0.10060493  0.52939507]
 [-0.15298153  0.10060493 -0.52939507]
 [ 0.24835656  0.31427772 -0.31572228]
 [-0.21226065  0.30559997 -0.32440003]]","[2209. 2252.  919. 2147. 2113. 1058. 1909. 2247.  924. 1886. 2252.  919.
 1948. 2113. 1058. 2186. 2247.  924.]","[2191. 2240.  921. 2131. 2112. 1060. 1906. 2231.  931. 1905. 2238.  921.
 1964. 2112. 1060. 2186. 2229.  932.]","[-1.4919e+01  4.2790e+00  6.2743e+01 -4.2720e-01  6.1000e-02  0.0000e+00
 -7.0300e-02 -2.5680e-01  9.6090e-01]",112
270,1,"[[-0.25149512 -0.31384783  0.31615217]
 [ 0.20890659 -0.30594823  0.32405177]
 [ 0.16051661 -0.10209944  0.52790056]
 [-0.16051661  0.10209944 -0.52790056]
 [ 0.25149512  0.31384783 -0.31615217]
 [-0.20890659  0.30594823 -0.32405177]]","[2211. 2252.  919. 2152. 2114. 1057. 1911. 2247.  924. 1884. 2252.  919.
 1943. 2114. 1057. 2184. 2247.  924.]","[2194. 2240.  921. 2136. 2112. 1060. 1908. 2231.  930. 1904. 2238.  921.
 1958. 2112. 1059. 2185. 2229.  931.]","[-1.4930e+01  4.2790e+00  6.2743e+01 -3.0520e-01  0.0000e+00  6.1000e-02
 -7.8600e-02 -2.5980e-01  9.7020e-01]",112
271,1,"[[-0.25454922 -0.31340508  0.31659492]
 [ 0.20549769 -0.30629387  0.32370613]
 [ 0.16789566 -0.10371684  0.52628316]
 [-0.16789566  0.10371684 -0.52628316]
 [ 0.25454922  0.31340508 -0.31659492]
 [-0.20549769  0.30629387 -0.32370613]]","[2213. 2252.  919. 2157. 2115. 1056. 1914. 2247.  924. 1882. 2252.  919.
 1938. 2115. 1056. 2181. 2247.  924.]","[2197. 2240.  921. 2142. 2113. 1058. 1910. 2232.  929. 1902. 2238.  921.
 1954. 2113. 1058. 2182. 2229.  931.]","[-14.941    4.279   62.754   -0.3662   0.       0.1831  -0.0732  -0.2617
   0.9531]",112
272,1,"[[-0.25751783 -0.31295005  0.31704995]
 [ 0.20203458 -0.30663677  0.32336323]
 [ 0.17511378 -0.10545837  0.52454163]
 [-0.17511378  0.10545837 -0.52454163]
 [ 0.25751783  0.31295005 -0.31704995]
 [-0.20203458  0.30663677 -0.32336323]]","[2215. 2252.  919. 2162. 2116. 1055. 1916. 2247.  924. 1880. 2252.  919.
 1933. 2116. 1055. 2179. 2247.  924.]","[2199. 2240.  921. 2147. 2114. 1057. 1913. 2231.  929. 1899. 2238.  922.
 1948. 2114. 1057. 2180. 2230.  931.]","[-14.952    4.285   62.759   -0.3662   0.       0.1221  -0.0645  -0.2612
   0.9648]",112
273,1,"[[-0.26039996 -0.31248334  0.31751666]
 [ 0.19851792 -0.30697684  0.32302316]
 [ 0.1821662  -0.1073252   0.5226748 ]
 [-0.1821662   0.1073252  -0.5226748 ]
 [ 0.26039996  0.31248334 -0.31751666]
 [-0.19851792  0.30697684 -0.32302316]]","[2217. 2251.  920. 2166. 2117. 1054. 1918. 2248.  923. 1878. 2251.  920.
 1929. 2117. 1054. 2177. 2248.  923.]","[2201. 2240.  921. 2152. 2115. 1056. 1915. 2232.  930. 1897. 2238.  921.
 1943. 2115. 1056. 2178. 2229.  931.]","[-1.4963e+01  4.2850e+00  6.2759e+01 -2.4410e-01  6.1000e-02  0.0000e+00
 -7.6700e-02 -2.5830e-01  9.6580e-01]",112
274,1,"[[-0.26319464 -0.31200553  0.31799447]
 [ 0.19494837 -0.30731397  0.32268603]
 [ 0.1890484  -0.10931841  0.52068159]
 [-0.1890484   0.10931841 -0.52068159]
 [ 0.26319464  0.31200553 -0.31799447]
 [-0.19494837  0.30731397 -0.32268603]]","[2219. 2251.  920. 2171. 2119. 1052. 1920. 2248.  923. 1876. 2251.  920.
 1924. 2119. 1052. 2175. 2248.  923.]","[2203. 2240.  922. 2157. 2116. 1055. 1918. 2231.  928. 1895. 2238.  922.
 1937. 2116. 1055. 2176. 2229.  931.]","[-1.4963e+01  4.2900e+00  6.2759e+01 -1.2210e-01  0.0000e+00  6.1000e-02
 -7.7600e-02 -2.5780e-01  9.6440e-01]",112
275,1,"[[-0.26590093 -0.31151722  0.31848278]
 [ 0.19132663 -0.30764807  0.32235193]
 [ 0.19575602 -0.11143902  0.51856098]
 [-0.19575602  0.11143902 -0.51856098]
 [ 0.26590093  0.31151722 -0.31848278]
 [-0.19132663  0.30764807 -0.32235193]]","[2221. 2251.  920. 2175. 2120. 1051. 1923. 2248.  923. 1874. 2251.  920.
 1920. 2120. 1051. 2172. 2248.  923.]","[2205. 2240.  922. 2161. 2118. 1054. 1919. 2231.  929. 1893. 2238.  923.
 1934. 2117. 1054. 2175. 2229.  931.]","[-1.4969e+01  4.2900e+00  6.2765e+01 -1.8310e-01  0.0000e+00  6.1000e-02
 -7.4200e-02 -2.5980e-01  9.5170e-01]",112
276,1,"[[-0.26851792 -0.31101901  0.31898099]
 [ 0.18765342 -0.30797903  0.32202097]
 [ 0.20228487 -0.11368795  0.51631205]
 [-0.20228487  0.11368795 -0.51631205]
 [ 0.26851792  0.31101901 -0.31898099]
 [-0.18765342  0.30797903 -0.32202097]]","[2223. 2250.  921. 2179. 2122. 1049. 1925. 2248.  923. 1872. 2250.  921.
 1916. 2122. 1049. 2170. 2248.  923.]","[2208. 2240.  922. 2167. 2120. 1052. 1922. 2231.  928. 1891. 2238.  923.
 1928. 2119. 1052. 2171. 2230.  930.]","[-1.4980e+01  4.2960e+00  6.2765e+01 -3.6620e-01  6.1000e-02  6.1000e-02
 -7.3200e-02 -2.5630e-01  9.6530e-01]",112
277,1,"[[-0.27104474 -0.31051149  0.31948851]
 [ 0.18392946 -0.30830676  0.32169324]
 [ 0.20863097 -0.11606607  0.51393393]
 [-0.20863097  0.11606607 -0.51393393]
 [ 0.27104474  0.31051149 -0.31948851]
 [-0.18392946  0.30830676 -0.32169324]]","[2224. 2250.  921. 2184. 2123. 1048. 1928. 2248.  922. 1871. 2250.  921.
 1911. 2123. 1048. 2167. 2248.  922.]","[2209. 2240.  923. 2170. 2120. 1051. 1923. 2231.  928. 1889. 2238.  923.
 1925. 2120. 1051. 2170. 2230.  930.]","[-14.985    4.296   62.77    -0.2441   0.       0.1831  -0.0742  -0.2559
   0.9648]",112
278,1,"[[-0.27348053 -0.30999525  0.32000475]
 [ 0.18015552 -0.30863115  0.32136885]
 [ 0.21479052 -0.11857414  0.51142586]
 [-0.21479052  0.11857414 -0.51142586]
 [ 0.27348053  0.30999525 -0.32000475]
 [-0.18015552  0.30863115 -0.32136885]]","[2226. 2250.  921. 2188. 2125. 1046. 1930. 2249.  922. 1869. 2250.  921.
 1907. 2125. 1046. 2165. 2249.  922.]","[2212. 2240.  923. 2175. 2122. 1049. 1926. 2231.  928. 1886. 2238.  923.
 1920. 2122. 1050. 2167. 2230.  930.]","[-14.991    4.301   62.781   -0.3052   0.       0.1831  -0.0635  -0.2578
   0.9624]",112
279,1,"[[-0.27582448 -0.30947088  0.32052912]
 [ 0.17633235 -0.30895213  0.32104787]
 [ 0.22075991 -0.12121284  0.50878716]
 [-0.22075991  0.12121284 -0.50878716]
 [ 0.27582448  0.30947088 -0.32052912]
 [-0.17633235  0.30895213 -0.32104787]]","[2227. 2249.  922. 2191. 2127. 1044. 1933. 2249.  922. 1868. 2249.  922.
 1904. 2127. 1044. 2162. 2249.  922.]","[2213. 2240.  923. 2180. 2124. 1048. 1929. 2231.  928. 1883. 2238.  924.
 1916. 2124. 1048. 2164. 2230.  930.]","[-1.5002e+01  4.2960e+00  6.2781e+01 -3.0520e-01  0.0000e+00 -6.1000e-02
 -5.8100e-02 -2.5680e-01  9.5650e-01]",112
280,1,"[[-0.27807579 -0.30893898  0.32106102]
 [ 0.17246076 -0.30926958  0.32073042]
 [ 0.2265357  -0.12398277  0.50601723]
 [-0.2265357   0.12398277 -0.50601723]
 [ 0.27807579  0.30893898 -0.32106102]
 [-0.17246076  0.30926958 -0.32073042]]","[2229. 2249.  922. 2195. 2128. 1043. 1935. 2249.  922. 1866. 2249.  922.
 1900. 2128. 1043. 2160. 2249.  922.]","[2214. 2240.  924. 2183. 2125. 1046. 1931. 2232.  928. 1882. 2238.  924.
 1912. 2125. 1047. 2163. 2230.  930.]","[-15.013    4.296   62.77    -0.4272   0.1221  -0.3052  -0.0762  -0.2656
   0.96  ]",112
281,1,"[[-0.28023372 -0.30840012  0.32159988]
 [ 0.16854156 -0.30958343  0.32041657]
 [ 0.23211464 -0.12688445  0.50311555]
 [-0.23211464  0.12688445 -0.50311555]
 [ 0.28023372  0.30840012 -0.32159988]
 [-0.16854156  0.30958343 -0.32041657]]","[2230. 2249.  922. 2199. 2130. 1041. 1938. 2249.  922. 1865. 2249.  922.
 1896. 2130. 1041. 2157. 2249.  922.]","[2216. 2240.  924. 2187. 2127. 1045. 1934. 2232.  927. 1880. 2238.  924.
 1908. 2127. 1045. 2160. 2231.  930.]","[-1.5035e+01  4.2960e+00  6.2759e+01 -6.1040e-01  6.1000e-02 -1.2210e-01
 -8.5900e-02 -2.6510e-01  9.5460e-01]",112
282,1,"[[-0.28229754 -0.30785489  0.32214511]
 [ 0.16457557 -0.30989358  0.32010642]
 [ 0.23749367 -0.12991829  0.50008171]
 [-0.23749367  0.12991829 -0.50008171]
 [ 0.28229754  0.30785489 -0.32214511]
 [-0.16457557  0.30989358 -0.32010642]]","[2232. 2248.  923. 2202. 2132. 1039. 1940. 2250.  921. 1863. 2248.  923.
 1893. 2132. 1039. 2155. 2250.  921.]","[2218. 2240.  924. 2191. 2129. 1043. 1936. 2232.  927. 1879. 2238.  924.
 1904. 2128. 1043. 2158. 2231.  929.]","[-15.057    4.301   62.765   -0.6714   0.       0.1221  -0.0757  -0.2646
   0.9634]",112
283,1,"[[-0.28426656 -0.30730387  0.32269613]
 [ 0.16056365 -0.31019994  0.31980006]
 [ 0.2426699  -0.13308463  0.49691537]
 [-0.2426699   0.13308463 -0.49691537]
 [ 0.28426656  0.30730387 -0.32269613]
 [-0.16056365  0.31019994 -0.31980006]]","[2233. 2248.  923. 2206. 2134. 1037. 1943. 2250.  921. 1862. 2248.  923.
 1889. 2134. 1037. 2152. 2250.  921.]","[2219. 2240.  925. 2195. 2130. 1041. 1938. 2231.  927. 1876. 2238.  925.
 1900. 2130. 1041. 2155. 2231.  929.]","[-15.079    4.301   62.77    -0.4883   0.       0.1221  -0.0688  -0.2666
   0.9653]",112
284,1,"[[-0.28614011 -0.30674764  0.32325236]
 [ 0.15650668 -0.31050244  0.31949756]
 [ 0.24764063 -0.13638371  0.49361629]
 [-0.24764063  0.13638371 -0.49361629]
 [ 0.28614011  0.30674764 -0.32325236]
 [-0.15650668  0.31050244 -0.31949756]]","[2234. 2247.  924. 2209. 2136. 1035. 1945. 2250.  921. 1861. 2247.  924.
 1886. 2136. 1035. 2150. 2250.  921.]","[2221. 2240.  925. 2199. 2132. 1040. 1940. 2232.  926. 1875. 2238.  925.
 1896. 2132. 1039. 2153. 2232.  929.]","[-15.095    4.301   62.77    -0.4883   0.       0.      -0.0742  -0.2637
   0.9536]",112
285,1,"[[-0.28791756 -0.30618676  0.32381324]
 [ 0.15240553 -0.31080097  0.31919903]
 [ 0.25240333 -0.13981569  0.49018431]
 [-0.25240333  0.13981569 -0.49018431]
 [ 0.28791756  0.30618676 -0.32381324]
 [-0.15240553  0.31080097 -0.31919903]]","[2235. 2247.  924. 2212. 2139. 1032. 1948. 2250.  921. 1860. 2247.  924.
 1883. 2139. 1032. 2147. 2250.  921.]","[2222. 2239.  925. 2201. 2134. 1038. 1943. 2232.  926. 1874. 2238.  926.
 1893. 2134. 1038. 2150. 2232.  929.]","[-1.5117e+01  4.3010e+00  6.2765e+01 -4.8830e-01  6.1000e-02 -6.1000e-02
 -7.4200e-02 -2.6660e-01  9.5900e-01]",112
286,1,"[[-0.28959832 -0.30562181  0.32437819]
 [ 0.14826111 -0.31109547  0.31890453]
 [ 0.25695565 -0.14338063  0.48661937]
 [-0.25695565  0.14338063 -0.48661937]
 [ 0.28959832  0.30562181 -0.32437819]
 [-0.14826111  0.31109547 -0.31890453]]","[2236. 2247.  924. 2215. 2141. 1030. 1951. 2250.  921. 1859. 2247.  924.
 1880. 2141. 1030. 2144. 2250.  921.]","[2225. 2239.  926. 2205. 2136. 1035. 1945. 2232.  926. 1873. 2238.  926.
 1890. 2137. 1036. 2148. 2232.  929.]","[-1.5139e+01  4.3070e+00  6.2765e+01 -5.4930e-01  6.1000e-02 -6.1000e-02
 -7.6200e-02 -2.6510e-01  9.6630e-01]",112
287,1,"[[-0.29118183 -0.30505334  0.32494666]
 [ 0.14407435 -0.31138585  0.31861415]
 [ 0.2612954  -0.1470785   0.4829215 ]
 [-0.2612954   0.1470785  -0.4829215 ]
 [ 0.29118183  0.30505334 -0.32494666]
 [-0.14407435  0.31138585 -0.31861415]]","[2237. 2246.  925. 2218. 2143. 1028. 1954. 2250.  920. 1858. 2246.  925.
 1877. 2143. 1028. 2141. 2250.  920.]","[2227. 2239.  926. 2209. 2139. 1033. 1948. 2232.  926. 1871. 2238.  926.
 1886. 2138. 1033. 2145. 2232.  929.]","[-15.15     4.307   62.759   -0.4272   0.       0.      -0.0654  -0.2593
   0.9639]",112
288,1,"[[-0.29266755 -0.3044819   0.3255181 ]
 [ 0.1398462  -0.31167203  0.31832797]
 [ 0.26542061 -0.15090918  0.47909082]
 [-0.26542061  0.15090918 -0.47909082]
 [ 0.29266755  0.3044819  -0.3255181 ]
 [-0.1398462   0.31167203 -0.31832797]]","[2238. 2246.  925. 2221. 2146. 1025. 1956. 2251.  920. 1857. 2246.  925.
 1874. 2146. 1025. 2139. 2251.  920.]","[2227. 2239.  927. 2212. 2141. 1031. 1950. 2232.  926. 1869. 2238.  927.
 1883. 2141. 1031. 2142. 2232.  927.]","[-15.167    4.301   62.754   -0.3662   0.      -0.1831  -0.0713  -0.2671
   0.9546]",112
289,1,"[[-0.29405498 -0.30390806  0.32609194]
 [ 0.13557761 -0.31195392  0.31804608]
 [ 0.26932943 -0.15487245  0.47512755]
 [-0.26932943  0.15487245 -0.47512755]
 [ 0.29405498  0.30390806 -0.32609194]
 [-0.13557761  0.31195392 -0.31804608]]","[2239. 2246.  925. 2223. 2148. 1023. 1959. 2251.  920. 1856. 2246.  925.
 1872. 2148. 1023. 2136. 2251.  920.]","[2229. 2239.  927. 2215. 2143. 1028. 1953. 2233.  926. 1868. 2237.  927.
 1880. 2143. 1029. 2140. 2233.  927.]","[-1.5183e+01  4.3010e+00  6.2748e+01 -4.8830e-01  6.1000e-02 -1.2210e-01
 -7.8100e-02 -2.6560e-01  9.5750e-01]",112
290,1,"[[-0.29534366 -0.30333234  0.32666766]
 [ 0.13126956 -0.31223147  0.31776853]
 [ 0.27302021 -0.15896799  0.47103201]
 [-0.27302021  0.15896799 -0.47103201]
 [ 0.29534366  0.30333234 -0.32666766]
 [-0.13126956  0.31223147 -0.31776853]]","[2240. 2245.  926. 2225. 2151. 1020. 1962. 2251.  920. 1855. 2245.  926.
 1870. 2151. 1020. 2133. 2251.  920.]","[2230. 2239.  927. 2218. 2146. 1026. 1956. 2233.  926. 1867. 2238.  927.
 1878. 2146. 1027. 2137. 2232.  926.]","[-1.5205e+01  4.3070e+00  6.2748e+01 -4.8830e-01  6.1000e-02  0.0000e+00
 -7.8600e-02 -2.6710e-01  9.6830e-01]",112
291,1,"[[-0.29653315 -0.30275529  0.32724471]
 [ 0.12692306 -0.31250458  0.31749542]
 [ 0.27649146 -0.1631954   0.4668046 ]
 [-0.27649146  0.1631954  -0.4668046 ]
 [ 0.29653315  0.30275529 -0.32724471]
 [-0.12692306  0.31250458 -0.31749542]]","[2241. 2245.  926. 2228. 2154. 1017. 1965. 2251.  920. 1854. 2245.  926.
 1867. 2154. 1017. 2130. 2251.  920.]","[2232. 2239.  928. 2220. 2149. 1024. 1958. 2235.  925. 1865. 2238.  928.
 1875. 2148. 1024. 2134. 2234.  927.]","[-15.222    4.307   62.748   -0.4272   0.       0.      -0.0791  -0.2671
   0.9556]",112
292,1,"[[-0.29762306 -0.30217743  0.32782257]
 [ 0.12253911 -0.31277319  0.31722681]
 [ 0.27974188 -0.16755418  0.46244582]
 [-0.27974188  0.16755418 -0.46244582]
 [ 0.29762306  0.30217743 -0.32782257]
 [-0.12253911  0.31277319 -0.31722681]]","[2242. 2244.  926. 2230. 2157. 1014. 1968. 2251.  920. 1853. 2244.  926.
 1865. 2157. 1014. 2127. 2251.  920.]","[2233. 2238.  928. 2223. 2151. 1021. 1961. 2235.  925. 1864. 2237.  928.
 1872. 2150. 1021. 2132. 2234.  927.]","[-1.5249e+01  4.3180e+00  6.2748e+01 -7.9350e-01  1.2210e-01  6.1000e-02
 -8.5900e-02 -2.6460e-01  9.5120e-01]",112
293,1,"[[-0.29861301 -0.3015993   0.3284007 ]
 [ 0.11811874 -0.31303723  0.31696277]
 [ 0.28277029 -0.17204373  0.45795627]
 [-0.28277029  0.17204373 -0.45795627]
 [ 0.29861301  0.3015993  -0.3284007 ]
 [-0.11811874  0.31303723 -0.31696277]]","[2242. 2244.  927. 2232. 2160. 1011. 1970. 2252.  919. 1853. 2244.  927.
 1863. 2160. 1011. 2125. 2252.  919.]","[2235. 2239.  928. 2225. 2154. 1019. 1964. 2236.  926. 1863. 2238.  928.
 1870. 2153. 1019. 2129. 2233.  927.]","[-1.5293e+01  4.3290e+00  6.2759e+01 -1.0376e+00  6.1000e-02  2.4410e-01
 -6.9800e-02 -2.5630e-01  9.6000e-01]",112
294,1,"[[-0.29950269 -0.30102139  0.32897861]
 [ 0.11366301 -0.31329662  0.31670338]
 [ 0.28557574 -0.17666337  0.45333663]
 [-0.28557574  0.17666337 -0.45333663]
 [ 0.29950269  0.30102139 -0.32897861]
 [-0.11366301  0.31329662 -0.31670338]]","[2243. 2244.  927. 2234. 2163. 1008. 1973. 2252.  919. 1852. 2244.  927.
 1861. 2163. 1008. 2122. 2252.  919.]","[2235. 2238.  928. 2227. 2157. 1016. 1966. 2236.  926. 1861. 2237.  928.
 1868. 2156. 1016. 2127. 2234.  926.]","[-1.5326e+01  4.3340e+00  6.2765e+01 -1.0376e+00  6.1000e-02  1.2210e-01
 -6.7900e-02 -2.5780e-01  9.5900e-01]",112
295,1,"[[-0.30029178 -0.30044423  0.32955577]
 [ 0.10917298 -0.3135513   0.3164487 ]
 [ 0.28815737 -0.18141229  0.44858771]
 [-0.28815737  0.18141229 -0.44858771]
 [ 0.30029178  0.30044423 -0.32955577]
 [-0.10917298  0.3135513  -0.3164487 ]]","[2243. 2243.  928. 2235. 2166. 1005. 1976. 2252.  919. 1852. 2243.  928.
 1860. 2166. 1005. 2119. 2252.  919.]","[2236. 2238.  929. 2229. 2160. 1013. 1969. 2236.  925. 1860. 2237.  929.
 1865. 2159. 1013. 2123. 2235.  926.]","[-1.5370e+01  4.3400e+00  6.2765e+01 -1.0986e+00  1.8310e-01  6.1000e-02
 -7.6200e-02 -2.5830e-01  9.5700e-01]",112
296,1,"[[-0.30098002 -0.2998683   0.3301317 ]
 [ 0.10464973 -0.3138012   0.3161988 ]
 [ 0.29051455 -0.18628963  0.44371037]
 [-0.29051455  0.18628963 -0.44371037]
 [ 0.30098002  0.2998683  -0.3301317 ]
 [-0.10464973  0.3138012  -0.3161988 ]]","[2244. 2243.  928. 2237. 2169. 1002. 1979. 2252.  919. 1851. 2243.  928.
 1858. 2169. 1002. 2116. 2252.  919.]","[2237. 2237.  929. 2231. 2162. 1009. 1972. 2236.  925. 1860. 2237.  929.
 1864. 2162. 1010. 2121. 2235.  926.]","[-1.5414e+01  4.3510e+00  6.2765e+01 -1.2207e+00  1.2210e-01  6.1000e-02
 -7.7100e-02 -2.6510e-01  9.5360e-01]",112
297,1,"[[-0.3015672  -0.29929411  0.33070589]
 [ 0.10009435 -0.31404626  0.31595374]
 [ 0.29264676 -0.1912944   0.4387056 ]
 [-0.29264676  0.1912944  -0.4387056 ]
 [ 0.3015672   0.29929411 -0.33070589]
 [-0.10009435  0.31404626 -0.31595374]]","[2244. 2243.  928. 2238. 2172.  999. 1982. 2252.  919. 1851. 2243.  928.
 1857. 2172.  999. 2113. 2252.  919.]","[2238. 2237.  930. 2233. 2165. 1006. 1974. 2237.  925. 1859. 2237.  930.
 1862. 2165. 1007. 2118. 2235.  926.]","[-1.5463e+01  4.3560e+00  6.2770e+01 -1.2817e+00  6.1000e-02  1.2210e-01
 -6.9800e-02 -2.6860e-01  9.6140e-01]",112
298,1,"[[-0.30205315 -0.29872213  0.33127787]
 [ 0.09550795 -0.31428641  0.31571359]
 [ 0.29455366 -0.19642553  0.43357447]
 [-0.29455366  0.19642553 -0.43357447]
 [ 0.30205315  0.29872213 -0.33127787]
 [-0.09550795  0.31428641 -0.31571359]]","[2244. 2242.  929. 2240. 2176.  995. 1985. 2252.  919. 1851. 2242.  929.
 1855. 2176.  995. 2110. 2252.  919.]","[2239. 2236.  930. 2235. 2169. 1004. 1978. 2236.  924. 1858. 2237.  930.
 1860. 2168. 1004. 2115. 2236.  926.]","[-1.5507e+01  4.3560e+00  6.2776e+01 -1.2817e+00  6.1000e-02  6.1000e-02
 -6.5400e-02 -2.7490e-01  9.5650e-01]",112
299,2,"[[-0.30243789 -0.29815283  0.33184717]
 [ 0.09089166 -0.31452159  0.31547841]
 [ 0.29623508 -0.20168185  0.42831815]
 [-0.29623508  0.20168185 -0.42831815]
 [ 0.30243789  0.29815283 -0.33184717]
 [-0.09089166  0.31452159 -0.31547841]]","[2245. 2242.  929. 2241. 2179.  992. 1988. 2253.  918. 1850. 2242.  929.
 1854. 2179.  992. 2107. 2253.  918.]","[2241. 2235.  931. 2236. 2172. 1000. 1980. 2236.  924. 1857. 2237.  930.
 1859. 2171. 1001. 2112. 2235.  926.]","[-15.557    4.362   62.765   -1.2817   0.1221  -0.1221  -0.0737  -0.2788
   0.9624]",112
300,2,"[[-0.30272199 -0.29758669  0.33241331]
 [ 0.08624652 -0.31475175  0.31524825]
 [ 0.29769103 -0.2070621   0.4229379 ]
 [-0.29769103  0.2070621  -0.4229379 ]
 [ 0.30272199  0.29758669 -0.33241331]
 [-0.08624652  0.31475175 -0.31524825]]","[2245. 2241.  929. 2242. 2182.  988. 1991. 2253.  918. 1850. 2241.  929.
 1853. 2182.  988. 2104. 2253.  918.]","[2242. 2235.  931. 2238. 2175.  997. 1983. 2237.  924. 1856. 2237.  931.
 1857. 2175.  998. 2110. 2236.  925.]","[-1.5601e+01  4.3620e+00  6.2754e+01 -1.1597e+00  6.1000e-02 -2.4410e-01
 -8.4500e-02 -2.8320e-01  9.5560e-01]",112
301,2,"[[-0.30290713 -0.29702415  0.33297585]
 [ 0.08157312 -0.31497681  0.31502319]
 [ 0.29892205 -0.21256493  0.41743507]
 [-0.29892205  0.21256493 -0.41743507]
 [ 0.30290713  0.29702415 -0.33297585]
 [-0.08157312  0.31497681 -0.31502319]]","[2245. 2241.  930. 2242. 2186.  985. 1994. 2253.  918. 1850. 2241.  930.
 1853. 2186.  985. 2101. 2253.  918.]","[2242. 2235.  931. 2240. 2178.  994. 1986. 2238.  923. 1856. 2237.  930.
 1856. 2178.  994. 2107. 2237.  924.]","[-1.5645e+01  4.3620e+00  6.2748e+01 -1.0376e+00  6.1000e-02  0.0000e+00
 -8.6900e-02 -2.8370e-01  9.5950e-01]",112
302,2,"[[-0.30298511 -0.29646557  0.33353443]
 [ 0.07686919 -0.31519674  0.31480326]
 [ 0.29993072 -0.21818887  0.41181113]
 [-0.29993072  0.21818887 -0.41181113]
 [ 0.30298511  0.29646557 -0.33353443]
 [-0.07686919  0.31519674 -0.31480326]]","[2245. 2241.  930. 2243. 2190.  981. 1997. 2253.  918. 1850. 2241.  930.
 1852. 2190.  981. 2098. 2253.  918.]","[2242. 2235.  931. 2241. 2181.  991. 1988. 2239.  923. 1855. 2236.  931.
 1854. 2181.  991. 2104. 2237.  925.]","[-1.5688e+01  4.3670e+00  6.2748e+01 -1.2207e+00  6.1000e-02  2.4410e-01
 -8.5900e-02 -2.8760e-01  9.5310e-01]",112
303,2,"[[-0.3028494  -0.29591094  0.33408906]
 [ 0.07212216 -0.31541147  0.31458853]
 [ 0.3007253  -0.2239324   0.4060676 ]
 [-0.3007253   0.2239324  -0.4060676 ]
 [ 0.3028494   0.29591094 -0.33408906]
 [-0.07212216  0.31541147 -0.31458853]]","[2245. 2240.  931. 2244. 2193.  977. 2000. 2253.  918. 1850. 2240.  931.
 1851. 2193.  977. 2095. 2253.  918.]","[2243. 2235.  932. 2241. 2185.  987. 1990. 2240.  923. 1854. 2236.  931.
 1854. 2185.  987. 2101. 2238.  924.]","[-1.5738e+01  4.3780e+00  6.2759e+01 -1.4038e+00  6.1000e-02  6.7140e-01
 -8.1100e-02 -2.8080e-01  9.3850e-01]",112
304,2,"[[-0.30236954 -0.29535955  0.33464045]
 [ 0.0673176  -0.31562095  0.31437905]
 [ 0.30130848 -0.22979396  0.40020604]
 [-0.30130848  0.22979396 -0.40020604]
 [ 0.30236954  0.29535955 -0.33464045]
 [-0.0673176   0.31562095 -0.31437905]]","[2245. 2240.  931. 2244. 2197.  974. 2004. 2253.  918. 1850. 2240.  931.
 1851. 2197.  974. 2091. 2253.  918.]","[2243. 2235.  932. 2242. 2189.  984. 1993. 2240.  923. 1854. 2235.  932.
 1853. 2188.  984. 2098. 2238.  924.]","[-15.798    4.395   62.787   -1.5869   0.2441   0.6714  -0.0664  -0.2803
   0.957 ]",112
305,2,"[[-0.30153777 -0.29481148  0.33518852]
 [ 0.06245285 -0.31582515  0.31417485]
 [ 0.30167193 -0.23577195  0.39422805]
 [-0.30167193  0.23577195 -0.39422805]
 [ 0.30153777  0.29481148 -0.33518852]
 [-0.06245285  0.31582515 -0.31417485]]","[2244. 2240.  931. 2244. 2201.  970. 2007. 2253.  918. 1851. 2240.  931.
 1851. 2201.  970. 2088. 2253.  918.]","[2243. 2235.  932. 2243. 2192.  980. 1997. 2241.  923. 1854. 2234.  932.
 1852. 2191.  983. 2096. 2238.  924.]","[-15.859    4.411   62.803   -1.5869   0.3662   0.1221  -0.0732  -0.2769
   0.9644]",112
306,2,"[[-0.30035664 -0.29426723  0.33573277]
 [ 0.05752845 -0.31602403  0.31397597]
 [ 0.30181574 -0.24186411  0.38813589]
 [-0.30181574  0.24186411 -0.38813589]
 [ 0.30035664  0.29426723 -0.33573277]
 [-0.05752845  0.31602403 -0.31397597]]","[2243. 2239.  932. 2244. 2205.  966. 2010. 2254.  917. 1852. 2239.  932.
 1851. 2205.  966. 2085. 2254.  917.]","[2244. 2235.  933. 2243. 2195.  979. 2000. 2242.  922. 1853. 2234.  932.
 1852. 2192.  980. 2092. 2238.  924.]","[-15.925    4.427   62.803   -1.4648   0.3662  -0.1221  -0.0781  -0.2729
   0.9541]",112
307,2,"[[-0.29882762 -0.29372732  0.33627268]
 [ 0.05254543 -0.31621755  0.31378245]
 [ 0.30181827 -0.24806168  0.38193832]
 [-0.30181827  0.24806168 -0.38193832]
 [ 0.29882762  0.29372732 -0.33627268]
 [-0.05254543  0.31621755 -0.31378245]]","[2242. 2239.  932. 2244. 2209.  962. 2013. 2254.  917. 1853. 2239.  932.
 1851. 2209.  962. 2082. 2254.  917.]","[2244. 2235.  933. 2243. 2196.  976. 2003. 2242.  922. 1854. 2234.  933.
 1852. 2195.  976. 2090. 2238.  924.]","[-15.98     4.438   62.792   -1.1597   0.1831  -0.2441  -0.0791  -0.2847
   0.9932]",112
308,2,"[[-0.29695251 -0.29319223  0.33680777]
 [ 0.04750497 -0.31640566  0.31359434]
 [ 0.30177074 -0.25434422  0.37565578]
 [-0.30177074  0.25434422 -0.37565578]
 [ 0.29695251  0.29319223 -0.33680777]
 [-0.04750497  0.31640566 -0.31359434]]","[2241. 2239.  932. 2244. 2213.  958. 2017. 2254.  917. 1854. 2239.  932.
 1851. 2213.  958. 2078. 2254.  917.]","[2245. 2234.  934. 2242. 2199.  972. 2006. 2243.  922. 1854. 2234.  932.
 1853. 2197.  973. 2086. 2238.  924.]","[-16.018    4.444   62.776   -0.4272   0.1221  -0.3662  -0.0742  -0.2856
   0.9531]",112
309,2,"[[-0.29473346 -0.29266243  0.33733757]
 [ 0.04240839 -0.31658832  0.31341168]
 [ 0.30168813 -0.26069939  0.36930061]
 [-0.30168813  0.26069939 -0.36930061]
 [ 0.29473346  0.29266243 -0.33733757]
 [-0.04240839  0.31658832 -0.31341168]]","[2240. 2238.  933. 2244. 2217.  954. 2020. 2254.  917. 1855. 2238.  933.
 1851. 2217.  954. 2075. 2254.  917.]","[2246. 2233.  934. 2243. 2201.  969. 2009. 2244.  921. 1854. 2233.  933.
 1853. 2201.  970. 2084. 2238.  924.]","[-16.04     4.444   62.759   -0.7935   0.1831  -0.4272  -0.0791  -0.2847
   0.9146]",112
310,2,"[[-0.29217306 -0.29213842  0.33786158]
 [ 0.03725712 -0.31676551  0.31323449]
 [ 0.30156583 -0.26712219  0.36287781]
 [-0.30156583  0.26712219 -0.36287781]
 [ 0.29217306  0.29213842 -0.33786158]
 [-0.03725712  0.31676551 -0.31323449]]","[2238. 2238.  933. 2244. 2222.  949. 2023. 2254.  917. 1857. 2238.  933.
 1851. 2222.  949. 2072. 2254.  917.]","[2245. 2233.  934. 2243. 2205.  966. 2013. 2245.  922. 1854. 2233.  933.
 1852. 2204.  966. 2080. 2239.  925.]","[-16.084    4.449   62.743   -2.1362   0.3662  -0.4883  -0.0645  -0.2764
   0.9502]",112
311,2,"[[-0.28927426 -0.29162067  0.33837933]
 [ 0.03205268 -0.31693717  0.31306283]
 [ 0.30139909 -0.27360918  0.35639082]
 [-0.30139909  0.27360918 -0.35639082]
 [ 0.28927426  0.29162067 -0.33837933]
 [-0.03205268  0.31693717 -0.31306283]]","[2236. 2238.  933. 2244. 2226.  945. 2027. 2254.  917. 1859. 2238.  933.
 1851. 2226.  945. 2068. 2254.  917.]","[2244. 2233.  935. 2243. 2207.  963. 2016. 2244.  922. 1855. 2234.  933.
 1853. 2207.  963. 2077. 2238.  924.]","[-16.161    4.455   62.721   -0.7324  -0.3662  -0.5493  -0.0728  -0.2944
   1.0928]",112
312,2,"[[-0.28604042 -0.29110965  0.33889035]
 [ 0.02679668 -0.31710327  0.31289673]
 [ 0.30118467 -0.28015736  0.34984264]
 [-0.30118467  0.28015736 -0.34984264]
 [ 0.28604042  0.29110965 -0.33889035]
 [-0.02679668  0.31710327 -0.31289673]]","[2234. 2237.  934. 2244. 2230.  941. 2030. 2254.  917. 1861. 2237.  934.
 1851. 2230.  941. 2065. 2254.  917.]","[2242. 2233.  935. 2243. 2210.  961. 2020. 2245.  922. 1856. 2234.  933.
 1852. 2209.  961. 2076. 2239.  924.]","[-16.177    4.433   62.704    0.3662  -0.4272  -0.3052  -0.0659  -0.2896
   0.8516]",112
313,2,"[[-0.2824753  -0.29060585  0.33939415]
 [ 0.02149082 -0.31726378  0.31273622]
 [ 0.30092024 -0.2867638   0.3432362 ]
 [-0.30092024  0.2867638  -0.3432362 ]
 [ 0.2824753   0.29060585 -0.33939415]
 [-0.02149082  0.31726378 -0.31273622]]","[2232. 2237.  934. 2244. 2234.  937. 2033. 2254.  917. 1863. 2237.  934.
 1851. 2234.  937. 2062. 2254.  917.]","[2241. 2232.  935. 2242. 2212.  959. 2023. 2245.  922. 1856. 2234.  934.
 1853. 2211.  958. 2075. 2239.  924.]","[-16.172    4.411   62.693   -0.4883  -0.4272  -0.4883  -0.0752  -0.3022
   0.9829]",112
314,2,"[[-0.27858301 -0.28079453  0.34920547]
 [ 0.01613689 -0.31741865  0.31258135]
 [ 0.30060396 -0.29074129  0.33925871]
 [-0.30060396  0.29074129 -0.33925871]
 [ 0.27858301  0.28079453 -0.34920547]
 [-0.01613689  0.31741865 -0.31258135]]","[2229. 2231.  940. 2243. 2237.  934. 2037. 2254.  917. 1866. 2231.  940.
 1852. 2237.  934. 2058. 2254.  917.]","[2240. 2232.  936. 2242. 2214.  957. 2027. 2246.  922. 1857. 2234.  934.
 1852. 2213.  956. 2072. 2239.  924.]","[-16.194    4.389   62.677   -0.3052   0.1221  -0.5493  -0.0762  -0.3071
   0.9492]",112
315,2,"[[-0.27436807 -0.27103487  0.35896513]
 [ 0.01073678 -0.31756784  0.31243216]
 [ 0.30023416 -0.29107701  0.33892299]
 [-0.30023416  0.29107701 -0.33892299]
 [ 0.27436807  0.27103487 -0.35896513]
 [-0.01073678  0.31756784 -0.31243216]]","[2226. 2224.  947. 2243. 2237.  934. 2041. 2255.  916. 1869. 2224.  947.
 1852. 2237.  934. 2054. 2255.  916.]","[2238. 2230.  938. 2243. 2215.  956. 2029. 2246.  922. 1859. 2232.  934.
 1852. 2215.  953. 2069. 2238.  924.]","[-1.6210e+01  4.3840e+00  6.2655e+01 -6.1000e-02 -1.8310e-01 -6.7140e-01
 -8.3500e-02 -3.0270e-01  9.4190e-01]",112
316,2,"[[-0.26983536 -0.26144723  0.36855277]
 [ 0.00529244 -0.31771133  0.31228867]
 [ 0.29980923 -0.29141524  0.33858476]
 [-0.29980923  0.29141524 -0.33858476]
 [ 0.26983536  0.26144723 -0.36855277]
 [-0.00529244  0.31771133 -0.31228867]]","[2223. 2218.  953. 2243. 2237.  933. 2044. 2255.  916. 1872. 2218.  953.
 1852. 2237.  933. 2051. 2255.  916.]","[2236. 2226.  941. 2244. 2216.  954. 2033. 2246.  922. 1862. 2230.  936.
 1853. 2216.  952. 2064. 2238.  924.]","[-16.221    4.373   62.633    0.      -0.1221  -0.6104  -0.0854  -0.2949
   0.9551]",112
317,2,"[[-2.64990124e-01 -2.52040676e-01  3.77959324e-01]
 [-1.94060126e-04 -3.17849069e-01  3.12150931e-01]
 [ 2.99327596e-01 -2.91755829e-01  3.38244171e-01]
 [-2.99327596e-01  2.91755829e-01 -3.38244171e-01]
 [ 2.64990124e-01  2.52040676e-01 -3.77959324e-01]
 [ 1.94060126e-04  3.17849069e-01 -3.12150931e-01]]","[2220. 2212.  959. 2243. 2238.  933. 2048. 2255.  916. 1875. 2212.  959.
 1852. 2238.  933. 2047. 2255.  916.]","[2234. 2221.  942. 2245. 2216.  952. 2036. 2247.  922. 1865. 2226.  939.
 1853. 2215.  951. 2061. 2238.  924.]","[-1.6227e+01  4.3560e+00  6.2600e+01  6.1000e-02 -2.4410e-01 -9.7660e-01
 -3.9100e-02 -2.6560e-01  9.1020e-01]",112
318,2,"[[-0.25983798 -0.24282415  0.38717585]
 [-0.00572059 -0.31798102  0.31201898]
 [ 0.29878767 -0.29209865  0.33790135]
 [-0.29878767  0.29209865 -0.33790135]
 [ 0.25983798  0.24282415 -0.38717585]
 [ 0.00572059  0.31798102 -0.31201898]]","[2217. 2206.  965. 2242. 2238.  933. 2051. 2255.  916. 1878. 2206.  965.
 1853. 2238.  933. 2044. 2255.  916.]","[2233. 2216.  944. 2245. 2216.  951. 2039. 2246.  922. 1868. 2221.  945.
 1853. 2215.  950. 2058. 2238.  924.]","[-1.6243e+01  4.3290e+00  6.2551e+01 -5.4930e-01 -2.4410e-01 -1.8921e+00
 -5.9100e-02 -2.5980e-01  9.4920e-01]",112
319,2,"[[-0.25438489 -0.23380646  0.39619354]
 [-0.01128491 -0.31810716  0.31189284]
 [ 0.29818785 -0.29244357  0.33755643]
 [-0.29818785  0.29244357 -0.33755643]
 [ 0.25438489  0.23380646 -0.39619354]
 [ 0.01128491  0.31810716 -0.31189284]]","[2213. 2200.  971. 2242. 2238.  933. 2055. 2255.  916. 1882. 2200.  971.
 1853. 2238.  933. 2040. 2255.  916.]","[2230. 2212.  950. 2245. 2216.  951. 2043. 2246.  922. 1871. 2218.  950.
 1854. 2216.  950. 2054. 2239.  924.]","[-16.271    4.296   62.485   -0.6714  -0.1831  -1.6479  -0.1113  -0.2666
   0.9888]",112
320,2,"[[-0.24863717 -0.2249963   0.4050037 ]
 [-0.01688473 -0.31822744  0.31177256]
 [ 0.29752653 -0.29279046  0.33720954]
 [-0.29752653  0.29279046 -0.33720954]
 [ 0.24863717  0.2249963  -0.4050037 ]
 [ 0.01688473  0.31822744 -0.31177256]]","[2210. 2194.  977. 2241. 2238.  933. 2059. 2255.  916. 1885. 2194.  977.
 1854. 2238.  933. 2036. 2255.  916.]","[2227. 2206.  956. 2245. 2216.  949. 2046. 2246.  922. 1874. 2215.  957.
 1854. 2216.  950. 2051. 2239.  924.]","[-16.293    4.274   62.446   -0.4883  -0.4272  -0.3662  -0.0811  -0.2622
   0.9512]",112
321,2,"[[-0.24260149 -0.21640221  0.41359779]
 [-0.02251763 -0.31834183  0.31165817]
 [ 0.2968021  -0.29313921  0.33686079]
 [-0.2968021   0.29313921 -0.33686079]
 [ 0.24260149  0.21640221 -0.41359779]
 [ 0.02251763  0.31834183 -0.31165817]]","[2206. 2189.  982. 2241. 2239.  932. 2062. 2255.  916. 1889. 2189.  982.
 1854. 2239.  932. 2033. 2255.  916.]","[2222. 2201.  962. 2244. 2216.  948. 2049. 2246.  922. 1877. 2209.  963.
 1855. 2216.  950. 2048. 2239.  924.]","[-16.32     4.246   62.441   -0.9155  -0.9766  -0.3662  -0.063   -0.2529
   0.8999]",112
322,2,"[[-0.23628482 -0.20803255  0.42196745]
 [-0.02818114 -0.31845029  0.31154971]
 [ 0.29601292 -0.29348967  0.33651033]
 [-0.29601292  0.29348967 -0.33651033]
 [ 0.23628482  0.20803255 -0.42196745]
 [ 0.02818114  0.31845029 -0.31154971]]","[2202. 2183.  988. 2240. 2239.  932. 2066. 2255.  916. 1893. 2183.  988.
 1855. 2239.  932. 2029. 2255.  916.]","[2217. 2197.  969. 2243. 2216.  947. 2052. 2245.  922. 1882. 2203.  969.
 1856. 2216.  949. 2044. 2238.  924.]","[-16.359    4.197   62.43    -1.3428  -1.2207  -0.9766  -0.0913  -0.2891
   0.9639]",112
323,2,"[[-0.22969449 -0.19989555  0.43010445]
 [-0.0338727  -0.31855279  0.31144721]
 [ 0.29515737 -0.29384174  0.33615826]
 [-0.29515737  0.29384174 -0.33615826]
 [ 0.22969449  0.19989555 -0.43010445]
 [ 0.0338727   0.31855279 -0.31144721]]","[2197. 2178.  993. 2240. 2239.  932. 2070. 2255.  916. 1898. 2178.  993.
 1855. 2239.  932. 2025. 2255.  916.]","[2212. 2196.  975. 2242. 2215.  947. 2056. 2245.  922. 1886. 2197.  975.
 1856. 2216.  949. 2040. 2239.  924.]","[-16.408    4.147   62.413   -1.4038  -1.2817  -0.4272  -0.1475  -0.271
   0.9756]",112
324,2,"[[-0.22283813 -0.19199924  0.43800076]
 [-0.03958967 -0.3186493   0.3113507 ]
 [ 0.29423381 -0.29419528  0.33580472]
 [-0.29423381  0.29419528 -0.33580472]
 [ 0.22283813  0.19199924 -0.43800076]
 [ 0.03958967  0.3186493  -0.3113507 ]]","[2193. 2173.  998. 2239. 2239.  932. 2073. 2255.  916. 1902. 2173.  998.
 1856. 2239.  932. 2022. 2255.  916.]","[2207. 2192.  981. 2239. 2215.  947. 2059. 2245.  922. 1889. 2191.  981.
 1857. 2216.  948. 2036. 2239.  923.]","[-16.458    4.109   62.441   -1.5259  -1.5869   0.8545  -0.0811  -0.2588
   0.9355]",112
325,2,"[[-0.21572368 -0.18435147  0.44564853]
 [-0.04532933 -0.31873977  0.31126023]
 [ 0.29324062 -0.29455019  0.33544981]
 [-0.29324062  0.29455019 -0.33544981]
 [ 0.21572368  0.18435147 -0.44564853]
 [ 0.04532933  0.31873977 -0.31126023]]","[2188. 2168. 1003. 2239. 2240.  931. 2077. 2255.  916. 1907. 2168. 1003.
 1856. 2240.  931. 2018. 2255.  916.]","[2202. 2187.  986. 2237. 2216.  947. 2063. 2245.  922. 1893. 2187.  987.
 1858. 2217.  947. 2032. 2239.  923.]","[-16.501    4.081   62.496   -1.4038  -1.2817   1.1597  -0.0791  -0.2822
   1.0029]",112
326,2,"[[-0.20835937 -0.17695991  0.45304009]
 [-0.05108888 -0.31882419  0.31117581]
 [ 0.29217615 -0.29490634  0.33509366]
 [-0.29217615  0.29490634 -0.33509366]
 [ 0.20835937  0.17695991 -0.45304009]
 [ 0.05108888  0.31882419 -0.31117581]]","[2183. 2163. 1008. 2238. 2240.  931. 2081. 2255.  916. 1912. 2163. 1008.
 1857. 2240.  931. 2014. 2255.  916.]","[2198. 2181.  991. 2236. 2216.  947. 2066. 2245.  922. 1897. 2181.  992.
 1858. 2217.  947. 2028. 2240.  924.]","[-1.6540e+01  4.0540e+00  6.2545e+01 -1.1597e+00 -1.0986e+00  7.3240e-01
 -3.4200e-02 -3.0810e-01  9.3990e-01]",112
327,2,"[[-0.20075375 -0.16983201  0.46016799]
 [-0.05686544 -0.31890251  0.31109749]
 [ 0.29103879 -0.29526363  0.33473637]
 [-0.29103879  0.29526363 -0.33473637]
 [ 0.20075375  0.16983201 -0.46016799]
 [ 0.05686544  0.31890251 -0.31109749]]","[2178. 2158. 1013. 2237. 2240.  931. 2085. 2255.  916. 1917. 2158. 1013.
 1858. 2240.  931. 2010. 2255.  916.]","[2193. 2176.  998. 2236. 2216.  947. 2070. 2246.  922. 1902. 2175.  997.
 1858. 2218.  946. 2024. 2239.  923.]","[-1.6578e+01  4.0320e+00  6.2573e+01 -1.0376e+00 -5.4930e-01  6.1000e-02
 -5.7600e-02 -3.2230e-01  9.8290e-01]",112
328,2,"[[-0.19291561 -0.16297504  0.46702496]
 [-0.06265608 -0.3189747   0.3110253 ]
 [ 0.28982692 -0.29562192  0.33437808]
 [-0.28982692  0.29562192 -0.33437808]
 [ 0.19291561  0.16297504 -0.46702496]
 [ 0.06265608  0.3189747  -0.3110253 ]]","[2173. 2154. 1017. 2236. 2240.  931. 2088. 2255.  916. 1922. 2154. 1017.
 1859. 2240.  931. 2007. 2255.  916.]","[2187. 2170. 1003. 2235. 2215.  947. 2073. 2245.  922. 1907. 2170. 1002.
 1860. 2218.  946. 2020. 2239.  923.]","[-1.6606e+01  4.0260e+00  6.2578e+01 -4.2720e-01 -1.8310e-01  2.4410e-01
 -4.0500e-02 -3.3200e-01  9.3900e-01]",112
329,2,"[[-0.18485404 -0.15639603  0.47360397]
 [-0.06845777 -0.31904073  0.31095927]
 [ 0.28853895 -0.29598112  0.33401888]
 [-0.28853895  0.29598112 -0.33401888]
 [ 0.18485404  0.15639603 -0.47360397]
 [ 0.06845777  0.31904073 -0.31095927]]","[2168. 2149. 1022. 2236. 2240.  931. 2092. 2255.  915. 1927. 2149. 1022.
 1859. 2240.  931. 2003. 2255.  915.]","[2182. 2166. 1008. 2235. 2215.  946. 2077. 2245.  922. 1912. 2166. 1007.
 1861. 2218.  946. 2017. 2239.  924.]","[-1.6622e+01  4.0160e+00  6.2589e+01 -3.0520e-01 -2.4410e-01  0.0000e+00
 -4.7400e-02 -3.3110e-01  9.5020e-01]",112
330,2,"[[-0.17657837 -0.15010178  0.47989822]
 [-0.07426743 -0.31910057  0.31089943]
 [ 0.28717329 -0.29634111  0.33365889]
 [-0.28717329  0.29634111 -0.33365889]
 [ 0.17657837  0.15010178 -0.47989822]
 [ 0.07426743  0.31910057 -0.31089943]]","[2163. 2145. 1026. 2235. 2241.  930. 2096. 2256.  915. 1932. 2145. 1026.
 1860. 2241.  930. 1999. 2256.  915.]","[2177. 2161. 1012. 2234. 2215.  946. 2079. 2245.  922. 1917. 2161. 1011.
 1861. 2218.  945. 2014. 2240.  924.]","[-1.6639e+01  4.0050e+00  6.2589e+01 -6.1000e-02  0.0000e+00 -1.8310e-01
 -6.8800e-02 -3.2960e-01  9.6000e-01]",112
331,2,"[[-0.16809819 -0.14409887  0.48590113]
 [-0.08008189 -0.31915419  0.31084581]
 [ 0.28572837 -0.29670178  0.33329822]
 [-0.28572837  0.29670178 -0.33329822]
 [ 0.16809819  0.14409887 -0.48590113]
 [ 0.08008189  0.31915419 -0.31084581]]","[2157. 2141. 1030. 2234. 2241.  930. 2100. 2256.  915. 1938. 2141. 1030.
 1861. 2241.  930. 1995. 2256.  915.]","[2172. 2156. 1017. 2234. 2215.  946. 2083. 2245.  922. 1922. 2157. 1016.
 1862. 2218.  945. 2011. 2239.  924.]","[-1.6650e+01  3.9990e+00  6.2578e+01  6.1000e-02  1.2210e-01 -3.0520e-01
 -6.4500e-02 -3.1150e-01  9.3850e-01]",112
332,2,"[[-0.15942332 -0.13839363  0.49160637]
 [-0.08589795 -0.31920157  0.31079843]
 [ 0.28420266 -0.29706303  0.33293697]
 [-0.28420266  0.29706303 -0.33293697]
 [ 0.15942332  0.13839363 -0.49160637]
 [ 0.08589795  0.31920157 -0.31079843]]","[2151. 2138. 1033. 2233. 2241.  930. 2103. 2256.  915. 1944. 2138. 1033.
 1862. 2241.  930. 1992. 2256.  915.]","[2167. 2152. 1021. 2233. 2216.  946. 2085. 2245.  922. 1927. 2153. 1020.
 1862. 2218.  944. 2007. 2240.  924.]","[-16.661    3.999   62.562    0.       0.      -0.4272  -0.0801  -0.3003
   0.9453]",112
333,2,"[[-0.15056381 -0.13299214  0.49700786]
 [-0.09171231 -0.31924266  0.31075734]
 [ 0.28259463 -0.29742474  0.33257526]
 [-0.28259463  0.29742474 -0.33257526]
 [ 0.15056381  0.13299214 -0.49700786]
 [ 0.09171231  0.31924266 -0.31075734]]","[2146. 2134. 1037. 2232. 2241.  930. 2107. 2256.  915. 1949. 2134. 1037.
 1863. 2241.  930. 1988. 2256.  915.]","[2162. 2148. 1025. 2232. 2215.  946. 2088. 2245.  922. 1932. 2148. 1024.
 1864. 2218.  944. 2005. 2239.  924.]","[-1.6672e+01  3.9940e+00  6.2551e+01 -6.1000e-02 -6.1000e-02 -1.8310e-01
 -8.0100e-02 -2.8220e-01  9.5510e-01]",112
334,2,"[[-0.14152991 -0.12790023  0.50209977]
 [-0.09752164 -0.31927745  0.31072255]
 [ 0.2809028  -0.2977868   0.3322132 ]
 [-0.2809028   0.2977868  -0.3322132 ]
 [ 0.14152991  0.12790023 -0.50209977]
 [ 0.09752164  0.31927745 -0.31072255]]","[2140. 2131. 1040. 2231. 2242.  929. 2111. 2256.  915. 1955. 2131. 1040.
 1864. 2242.  929. 1984. 2256.  915.]","[2156. 2143. 1029. 2232. 2216.  946. 2091. 2245.  922. 1938. 2144. 1029.
 1864. 2218.  944. 2001. 2239.  923.]","[-1.6683e+01  3.9940e+00  6.2551e+01 -6.1000e-02 -6.1000e-02  0.0000e+00
 -6.9800e-02 -2.7540e-01  9.5700e-01]",112
335,2,"[[-0.1323321  -0.12312345  0.50687655]
 [-0.10332252 -0.31930591  0.31069409]
 [ 0.27912571 -0.29814912  0.33185088]
 [-0.27912571  0.29814912 -0.33185088]
 [ 0.1323321   0.12312345 -0.50687655]
 [ 0.10332252  0.31930591 -0.31069409]]","[2134. 2128. 1043. 2229. 2242.  929. 2115. 2256.  915. 1961. 2128. 1043.
 1866. 2242.  929. 1980. 2256.  915.]","[2150. 2140. 1033. 2231. 2215.  946. 2095. 2245.  922. 1943. 2140. 1032.
 1866. 2218.  944. 1998. 2240.  924.]","[-1.6688e+01  3.9880e+00  6.2551e+01 -1.2210e-01 -1.2210e-01 -6.1000e-02
 -6.0100e-02 -2.6950e-01  9.6340e-01]",112
336,2,"[[-0.12298102 -0.11866709  0.51133291]
 [-0.10911151 -0.31932801  0.31067199]
 [ 0.27726194 -0.29851159  0.33148841]
 [-0.27726194  0.29851159 -0.33148841]
 [ 0.12298102  0.11866709 -0.51133291]
 [ 0.10911151  0.31932801 -0.31067199]]","[2128. 2125. 1046. 2228. 2242.  929. 2119. 2256.  915. 1967. 2125. 1046.
 1867. 2242.  929. 1976. 2256.  915.]","[2145. 2137. 1037. 2230. 2216.  946. 2099. 2245.  922. 1948. 2137. 1036.
 1867. 2218.  943. 1994. 2239.  924.]","[-1.6694e+01  3.9830e+00  6.2545e+01 -1.2210e-01 -6.1000e-02 -1.2210e-01
 -6.7400e-02 -2.7590e-01  9.6190e-01]",112
337,2,"[[-0.1134875  -0.11453616  0.51546384]
 [-0.1148851  -0.31934378  0.31065622]
 [ 0.2753101  -0.2988741   0.3311259 ]
 [-0.2753101   0.2988741  -0.3311259 ]
 [ 0.1134875   0.11453616 -0.51546384]
 [ 0.1148851   0.31934378 -0.31065622]]","[2121. 2122. 1049. 2227. 2242.  929. 2122. 2256.  915. 1974. 2122. 1049.
 1868. 2242.  929. 1973. 2256.  915.]","[2139. 2134. 1040. 2229. 2216.  946. 2102. 2245.  922. 1955. 2134. 1039.
 1868. 2218.  943. 1991. 2240.  924.]","[-1.6694e+01  3.9770e+00  6.2540e+01 -6.1000e-02  0.0000e+00 -1.8310e-01
 -7.1300e-02 -2.8420e-01  9.4730e-01]",112
338,2,"[[-0.10386254 -0.11073538  0.51926462]
 [-0.12063972 -0.31935331  0.31064669]
 [ 0.27326886 -0.29923654  0.33076346]
 [-0.27326886  0.29923654 -0.33076346]
 [ 0.10386254  0.11073538 -0.51926462]
 [ 0.12063972  0.31935331 -0.31064669]]","[2115. 2120. 1051. 2226. 2243.  928. 2126. 2256.  915. 1980. 2120. 1051.
 1869. 2243.  928. 1969. 2256.  915.]","[2133. 2130. 1043. 2227. 2215.  946. 2105. 2245.  922. 1961. 2131. 1042.
 1870. 2218.  942. 1987. 2240.  924.]","[-1.6699e+01  3.9770e+00  6.2534e+01 -2.4410e-01 -6.1000e-02 -1.8310e-01
 -7.2800e-02 -2.9300e-01  9.5170e-01]",112
339,2,"[[-0.09411729 -0.10726918  0.52273082]
 [-0.12637177 -0.31935664  0.31064336]
 [ 0.27113692 -0.29959883  0.33040117]
 [-0.27113692  0.29959883 -0.33040117]
 [ 0.09411729  0.10726918 -0.52273082]
 [ 0.12637177  0.31935664 -0.31064336]]","[2109. 2117. 1054. 2224. 2243.  928. 2130. 2256.  915. 1986. 2117. 1054.
 1871. 2243.  928. 1965. 2256.  915.]","[2127. 2127. 1045. 2227. 2216.  946. 2109. 2245.  922. 1967. 2127. 1045.
 1871. 2219.  941. 1983. 2240.  924.]","[-16.71     3.966   62.523   -0.3052  -0.1221  -0.2441  -0.0664  -0.3018
   0.9487]",112
340,2,"[[-0.08426303 -0.10414169  0.52585831]
 [-0.13207759 -0.31935053  0.31064947]
 [ 0.26891303 -0.29996086  0.33003914]
 [-0.26891303  0.29996086 -0.33003914]
 [ 0.08426303  0.10414169 -0.52585831]
 [ 0.13207759  0.31935053 -0.31064947]]","[2102. 2115. 1056. 2223. 2243.  928. 2134. 2256.  915. 1993. 2115. 1056.
 1872. 2243.  928. 1961. 2256.  915.]","[2121. 2125. 1048. 2225. 2215.  945. 2112. 2246.  922. 1973. 2125. 1048.
 1872. 2219.  940. 1979. 2240.  924.]","[-1.6727e+01  3.9610e+00  6.2507e+01 -3.0520e-01  0.0000e+00 -4.8830e-01
 -6.2500e-02 -3.1150e-01  9.5460e-01]",112
341,2,"[[-0.07431118 -0.10135674  0.52864326]
 [-0.13775351 -0.31932316  0.31067684]
 [ 0.26659598 -0.30032252  0.32967748]
 [-0.26659598  0.30032252 -0.32967748]
 [ 0.07431118  0.10135674 -0.52864326]
 [ 0.13775351  0.31932316 -0.31067684]]","[2096. 2114. 1057. 2221. 2243.  928. 2137. 2256.  915. 1999. 2114. 1057.
 1874. 2243.  928. 1958. 2256.  915.]","[2114. 2122. 1051. 2223. 2216.  945. 2115. 2245.  922. 1980. 2122. 1050.
 1874. 2220.  939. 1975. 2241.  924.]","[-1.6738e+01  3.9550e+00  6.2485e+01 -1.8310e-01  1.2210e-01 -6.7140e-01
 -5.6200e-02 -3.0810e-01  9.4680e-01]",112
342,2,"[[-0.06427326 -0.09891785  0.53108215]
 [-0.1433958  -0.31927041  0.31072959]
 [ 0.26418464 -0.30068371  0.32931629]
 [-0.26418464  0.30068371 -0.32931629]
 [ 0.06427326  0.09891785 -0.53108215]
 [ 0.1433958   0.31927041 -0.31072959]]","[2089. 2112. 1059. 2220. 2244.  927. 2141. 2256.  915. 2006. 2112. 1059.
 1875. 2244.  927. 1954. 2256.  915.]","[2108. 2120. 1053. 2222. 2215.  945. 2119. 2246.  922. 1985. 2120. 1053.
 1876. 2220.  938. 1971. 2242.  924.]","[-16.76     3.95    62.441   -0.4272   0.1221  -1.0986  -0.0635  -0.3042
   0.9536]",112
343,2,"[[-0.0541609  -0.09682821  0.53317179]
 [-0.14900069 -0.31919517  0.31080483]
 [ 0.26167791 -0.30104434  0.32895566]
 [-0.26167791  0.30104434 -0.32895566]
 [ 0.0541609   0.09682821 -0.53317179]
 [ 0.14900069  0.31919517 -0.31080483]]","[2083. 2111. 1060. 2218. 2244.  927. 2145. 2256.  915. 2012. 2111. 1060.
 1877. 2244.  927. 1950. 2256.  915.]","[2102. 2118. 1055. 2221. 2215.  945. 2122. 2245.  922. 1992. 2118. 1054.
 1877. 2220.  938. 1967. 2243.  924.]","[-16.782    3.939   62.397   -0.2441   0.1831  -1.0986  -0.0747  -0.3008
   0.9585]",112
344,2,"[[-0.04398581 -0.09509072  0.53490928]
 [-0.15456439 -0.31909835  0.31090165]
 [ 0.25907476 -0.3014043   0.3285957 ]
 [-0.25907476  0.3014043  -0.3285957 ]
 [ 0.04398581  0.09509072 -0.53490928]
 [ 0.15456439  0.31909835 -0.31090165]]","[2076. 2109. 1061. 2216. 2244.  927. 2148. 2256.  915. 2019. 2109. 1061.
 1879. 2244.  927. 1947. 2256.  915.]","[2095. 2116. 1057. 2219. 2216.  945. 2126. 2245.  922. 1998. 2117. 1057.
 1878. 2220.  937. 1964. 2243.  924.]","[-16.793    3.939   62.358   -0.1221   0.1221  -0.7935  -0.0742  -0.2861
   0.9385]",112
345,2,"[[-0.03375978 -0.09370792  0.53629208]
 [-0.16008308 -0.31898033  0.31101967]
 [ 0.25637424 -0.3017635   0.3282365 ]
 [-0.25637424  0.3017635  -0.3282365 ]
 [ 0.03375978  0.09370792 -0.53629208]
 [ 0.16008308  0.31898033 -0.31101967]]","[2070. 2109. 1062. 2215. 2244.  927. 2152. 2255.  916. 2025. 2109. 1062.
 1880. 2244.  927. 1943. 2255.  916.]","[2089. 2115. 1058. 2217. 2215.  945. 2129. 2245.  922. 2004. 2114. 1058.
 1880. 2220.  936. 1960. 2243.  924.]","[-16.809    3.928   62.336   -0.3662  -0.1831  -0.5493  -0.064   -0.2949
   0.9546]",112
346,2,"[[-0.02349465 -0.09268207  0.53731793]
 [-0.16555292 -0.31884143  0.31115857]
 [ 0.25357542 -0.30212183  0.32787817]
 [-0.25357542  0.30212183 -0.32787817]
 [ 0.02349465  0.09268207 -0.53731793]
 [ 0.16555292  0.31884143 -0.31115857]]","[2063. 2108. 1063. 2213. 2244.  927. 2155. 2255.  916. 2032. 2108. 1063.
 1882. 2244.  927. 1940. 2255.  916.]","[2082. 2113. 1060. 2216. 2216.  945. 2132. 2245.  922. 2011. 2113. 1059.
 1882. 2220.  936. 1956. 2243.  924.]","[-16.815    3.922   62.325   -0.1221   0.      -0.3052  -0.0669  -0.2783
   0.9736]",112
347,2,"[[-0.0132023  -0.09201529  0.53798471]
 [-0.17097005 -0.318682    0.311318  ]
 [ 0.25067749 -0.3024792   0.3275208 ]
 [-0.25067749  0.3024792  -0.3275208 ]
 [ 0.0132023   0.09201529 -0.53798471]
 [ 0.17097005  0.318682   -0.311318  ]]","[2056. 2107. 1063. 2211. 2245.  926. 2159. 2255.  916. 2039. 2107. 1063.
 1884. 2245.  926. 1936. 2255.  916.]","[2076. 2112. 1061. 2214. 2215.  944. 2135. 2245.  922. 2019. 2112. 1060.
 1884. 2220.  935. 1953. 2243.  924.]","[-1.6820e+01  3.9170e+00  6.2314e+01  0.0000e+00  0.0000e+00 -1.2210e-01
 -5.7600e-02 -2.8420e-01  9.4340e-01]",112
348,2,"[[-0.00289467 -0.09171204  0.53828796]
 [-0.17633059 -0.31850237  0.31149763]
 [ 0.24767968 -0.30283551  0.32716449]
 [-0.24767968  0.30283551 -0.32716449]
 [ 0.00289467  0.09171204 -0.53828796]
 [ 0.17633059  0.31850237 -0.31149763]]","[2049. 2107. 1064. 2209. 2245.  926. 2162. 2255.  916. 2046. 2107. 1064.
 1886. 2245.  926. 1933. 2255.  916.]","[2069. 2112. 1062. 2212. 2216.  944. 2139. 2245.  922. 2025. 2111. 1061.
 1885. 2220.  935. 1949. 2243.  923.]","[-1.6826e+01  3.9110e+00  6.2314e+01 -1.8310e-01 -1.8310e-01 -6.1000e-02
 -6.7400e-02 -2.9440e-01  9.5360e-01]",112
349,2,"[[ 0.00741632 -0.09177742  0.53822258]
 [-0.18163065 -0.31830293  0.31169707]
 [ 0.2445813  -0.30319066  0.32680934]
 [-0.2445813   0.30319066 -0.32680934]
 [-0.00741632  0.09177742 -0.53822258]
 [ 0.18163065  0.31830293 -0.31169707]]","[2043. 2107. 1064. 2207. 2245.  926. 2166. 2255.  916. 2052. 2107. 1064.
 1888. 2245.  926. 1929. 2255.  916.]","[2062. 2111. 1062. 2210. 2215.  943. 2142. 2246.  922. 2032. 2110. 1062.
 1887. 2221.  935. 1945. 2243.  924.]","[-1.6826e+01  3.9060e+00  6.2320e+01  0.0000e+00 -6.1000e-02  6.1000e-02
 -5.9600e-02 -2.9690e-01  9.5410e-01]",112
350,2,"[[ 0.01771872 -0.0920172   0.5379828 ]
 [-0.18686632 -0.31808405  0.31191595]
 [ 0.24138173 -0.30354456  0.32645544]
 [-0.24138173  0.30354456 -0.32645544]
 [-0.01771872  0.0920172  -0.5379828 ]
 [ 0.18686632  0.31808405 -0.31191595]]","[2036. 2107. 1063. 2205. 2245.  926. 2169. 2255.  916. 2059. 2107. 1063.
 1890. 2245.  926. 1926. 2255.  916.]","[2056. 2111. 1063. 2207. 2216.  942. 2146. 2245.  922. 2038. 2110. 1063.
 1890. 2222.  935. 1942. 2243.  924.]","[-1.6826e+01  3.9000e+00  6.2325e+01 -1.2210e-01 -1.8310e-01  6.1000e-02
 -5.0800e-02 -2.9390e-01  9.4970e-01]",112
351,2,"[[ 0.0280006  -0.09226438  0.53773562]
 [-0.1920337  -0.31784613  0.31215387]
 [ 0.23808044 -0.30389709  0.32610291]
 [-0.23808044  0.30389709 -0.32610291]
 [-0.0280006   0.09226438 -0.53773562]
 [ 0.1920337   0.31784613 -0.31215387]]","[2029. 2108. 1063. 2203. 2246.  925. 2173. 2255.  916. 2066. 2108. 1063.
 1892. 2246.  925. 1922. 2255.  916.]","[2049. 2110. 1062. 2206. 2215.  942. 2149. 2246.  922. 2045. 2109. 1062.
 1892. 2223.  935. 1938. 2244.  923.]","[-1.6837e+01  3.8840e+00  6.2325e+01 -1.8310e-01 -1.8310e-01 -6.1000e-02
 -6.1500e-02 -3.0080e-01  9.5510e-01]",112
352,2,"[[ 0.03825004 -0.0925785   0.5374215 ]
 [-0.19712889 -0.31758957  0.31241043]
 [ 0.23467698 -0.30424818  0.32575182]
 [-0.23467698  0.30424818 -0.32575182]
 [-0.03825004  0.0925785  -0.5374215 ]
 [ 0.19712889  0.31758957 -0.31241043]]","[2023. 2108. 1063. 2200. 2246.  925. 2176. 2255.  916. 2072. 2108. 1063.
 1895. 2246.  925. 1919. 2255.  916.]","[2042. 2110. 1062. 2204. 2215.  942. 2153. 2246.  922. 2052. 2110. 1062.
 1893. 2223.  935. 1935. 2244.  924.]","[-16.853    3.878   62.32    -0.3052  -0.1221  -0.1831  -0.0659  -0.3145
   0.9463]",112
353,2,"[[ 0.04845519 -0.09298157  0.53701843]
 [-0.20214797 -0.31731479  0.31268521]
 [ 0.23117097 -0.30459771  0.32540229]
 [-0.23117097  0.30459771 -0.32540229]
 [-0.04845519  0.09298157 -0.53701843]
 [ 0.20214797  0.31731479 -0.31268521]]","[2016. 2108. 1063. 2198. 2246.  925. 2179. 2254.  917. 2079. 2108. 1063.
 1897. 2246.  925. 1916. 2254.  917.]","[2035. 2110. 1062. 2202. 2215.  941. 2157. 2246.  922. 2058. 2110. 1062.
 1895. 2223.  935. 1931. 2244.  923.]","[-16.864    3.867   62.309   -0.2441  -0.1221  -0.1831  -0.0679  -0.3203
   0.9414]",112
354,2,"[[ 0.05860421 -0.09348064  0.53651936]
 [-0.20708704 -0.31702223  0.31297777]
 [ 0.22756213 -0.30494559  0.32505441]
 [-0.22756213  0.30494559 -0.32505441]
 [-0.05860421  0.09348064 -0.53651936]
 [ 0.20708704  0.31702223 -0.31297777]]","[2009. 2108. 1063. 2196. 2246.  925. 2182. 2254.  917. 2086. 2108. 1063.
 1899. 2246.  925. 1913. 2254.  917.]","[2029. 2110. 1062. 2200. 2215.  941. 2160. 2245.  922. 2065. 2110. 1062.
 1897. 2224.  935. 1928. 2244.  924.]","[-1.6875e+01  3.8620e+00  6.2303e+01 -6.1000e-02  0.0000e+00 -1.8310e-01
 -7.1800e-02 -3.0620e-01  9.5360e-01]",112
355,2,"[[ 0.06868536 -0.09407919  0.53592081]
 [-0.21194222 -0.31671232  0.31328768]
 [ 0.22385025 -0.30529172  0.32470828]
 [-0.22385025  0.30529172 -0.32470828]
 [-0.06868536  0.09407919 -0.53592081]
 [ 0.21194222  0.31671232 -0.31328768]]","[2003. 2109. 1062. 2193. 2247.  924. 2186. 2254.  917. 2092. 2109. 1062.
 1902. 2247.  924. 1909. 2254.  917.]","[2022. 2110. 1062. 2198. 2215.  941. 2163. 2245.  922. 2071. 2110. 1062.
 1899. 2223.  935. 1925. 2245.  923.]","[-1.6886e+01  3.8620e+00  6.2298e+01 -1.8310e-01  0.0000e+00 -6.1000e-02
 -6.7900e-02 -2.9790e-01  9.4870e-01]",112
356,2,"[[ 0.07868696 -0.09477986  0.53522014]
 [-0.21670963 -0.31638554  0.31361446]
 [ 0.22003524 -0.30563601  0.32436399]
 [-0.22003524  0.30563601 -0.32436399]
 [-0.07868696  0.09477986 -0.53522014]
 [ 0.21670963  0.31638554 -0.31361446]]","[1996. 2109. 1062. 2191. 2247.  924. 2189. 2254.  917. 2099. 2109. 1062.
 1904. 2247.  924. 1906. 2254.  917.]","[2015. 2110. 1062. 2195. 2215.  941. 2166. 2245.  922. 2078. 2110. 1062.
 1902. 2223.  935. 1921. 2245.  924.]","[-1.6891e+01  3.8560e+00  6.2298e+01  0.0000e+00 -1.2210e-01 -6.1000e-02
 -6.6900e-02 -2.9050e-01  9.5850e-01]",112
357,2,"[[ 0.08859742 -0.0955851   0.5344149 ]
 [-0.22138542 -0.31604232  0.31395768]
 [ 0.21611707 -0.30597835  0.32402165]
 [-0.21611707  0.30597835 -0.32402165]
 [-0.08859742  0.0955851  -0.5344149 ]
 [ 0.22138542  0.31604232 -0.31395768]]","[1990. 2110. 1061. 2188. 2247.  924. 2192. 2254.  917. 2105. 2110. 1061.
 1907. 2247.  924. 1903. 2254.  917.]","[2009. 2111. 1062. 2192. 2215.  941. 2170. 2245.  922. 2085. 2110. 1062.
 1903. 2224.  935. 1918. 2244.  923.]","[-16.891    3.856   62.298    0.       0.       0.      -0.0703  -0.2803
   0.9551]",112
358,2,"[[ 0.09840527 -0.09649729  0.53350271]
 [-0.22596575 -0.31568316  0.31431684]
 [ 0.21209582 -0.30631865  0.32368135]
 [-0.21209582  0.30631865 -0.32368135]
 [-0.09840527  0.09649729 -0.53350271]
 [ 0.22596575  0.31568316 -0.31431684]]","[1983. 2110. 1061. 2186. 2247.  924. 2195. 2253.  918. 2112. 2110. 1061.
 1909. 2247.  924. 1900. 2253.  918.]","[2002. 2111. 1062. 2190. 2215.  941. 2173. 2245.  922. 2092. 2110. 1062.
 1907. 2224.  934. 1915. 2245.  923.]","[-1.6891e+01  3.8560e+00  6.2303e+01  0.0000e+00 -6.1000e-02  6.1000e-02
 -7.3700e-02 -2.8270e-01  9.4870e-01]",112
359,2,"[[ 0.10809915 -0.09751876  0.53248124]
 [-0.2304468  -0.31530853  0.31469147]
 [ 0.20797167 -0.30665681  0.32334319]
 [-0.20797167  0.30665681 -0.32334319]
 [-0.10809915  0.09751876 -0.53248124]
 [ 0.2304468   0.31530853 -0.31469147]]","[1977. 2111. 1060. 2183. 2247.  924. 2198. 2253.  918. 2118. 2111. 1060.
 1912. 2247.  924. 1897. 2253.  918.]","[1996. 2111. 1061. 2187. 2216.  941. 2177. 2245.  922. 2098. 2111. 1062.
 1909. 2224.  933. 1912. 2245.  923.]","[-16.897    3.856   62.314   -0.1221  -0.1831   0.3052  -0.0713  -0.291
   0.9526]",112
360,2,"[[ 0.11766783 -0.09865183  0.53134817]
 [-0.2348248  -0.31491893  0.31508107]
 [ 0.20374487 -0.30699273  0.32300727]
 [-0.20374487  0.30699273 -0.32300727]
 [-0.11766783  0.09865183 -0.53134817]
 [ 0.2348248   0.31491893 -0.31508107]]","[1971. 2112. 1059. 2180. 2248.  923. 2201. 2253.  918. 2124. 2112. 1059.
 1915. 2248.  923. 1894. 2253.  918.]","[1989. 2111. 1060. 2185. 2215.  941. 2180. 2246.  922. 2105. 2111. 1061.
 1911. 2223.  934. 1908. 2244.  924.]","[-1.6902e+01  3.8560e+00  6.2331e+01 -1.2210e-01 -1.8310e-01  3.0520e-01
 -5.9100e-02 -2.9390e-01  9.5360e-01]",112
361,2,"[[ 0.12710022 -0.09989876  0.53010124]
 [-0.23909601 -0.31451484  0.31548516]
 [ 0.19941579 -0.30732631  0.32267369]
 [-0.19941579  0.30732631 -0.32267369]
 [-0.12710022  0.09989876 -0.53010124]
 [ 0.23909601  0.31451484 -0.31548516]]","[1965. 2113. 1058. 2177. 2248.  923. 2203. 2253.  918. 2130. 2113. 1058.
 1918. 2248.  923. 1892. 2253.  918.]","[1983. 2111. 1060. 2183. 2216.  941. 2183. 2246.  922. 2111. 2111. 1060.
 1914. 2224.  933. 1905. 2244.  924.]","[-1.6902e+01  3.8510e+00  6.2336e+01 -6.1000e-02 -1.2210e-01  6.1000e-02
 -6.2000e-02 -2.9540e-01  9.5560e-01]",112
362,2,"[[ 0.13638541 -0.10126179  0.52873821]
 [-0.24325671 -0.31409679  0.31590321]
 [ 0.19498491 -0.30765746  0.32234254]
 [-0.19498491  0.30765746 -0.32234254]
 [-0.13638541  0.10126179 -0.52873821]
 [ 0.24325671  0.31409679 -0.31590321]]","[1959. 2114. 1057. 2175. 2248.  923. 2206. 2252.  919. 2136. 2114. 1057.
 1920. 2248.  923. 1889. 2252.  919.]","[1977. 2112. 1059. 2179. 2215.  940. 2186. 2245.  922. 2117. 2112. 1060.
 1917. 2224.  932. 1902. 2245.  924.]","[-16.902    3.851   62.336    0.       0.       0.      -0.063   -0.3008
   0.9482]",112
363,2,"[[ 0.14551264 -0.1027431   0.5272569 ]
 [-0.24730325 -0.31366528  0.31633472]
 [ 0.19045279 -0.30798606  0.32201394]
 [-0.19045279  0.30798606 -0.32201394]
 [-0.14551264  0.1027431  -0.5272569 ]
 [ 0.24730325  0.31366528 -0.31633472]]","[1953. 2114. 1056. 2172. 2248.  923. 2209. 2252.  919. 2142. 2114. 1056.
 1923. 2248.  923. 1886. 2252.  919.]","[1970. 2112. 1058. 2177. 2216.  940. 2188. 2246.  922. 2123. 2113. 1059.
 1920. 2225.  932. 1899. 2245.  923.]","[-1.6908e+01  3.8450e+00  6.2331e+01 -1.2210e-01 -6.1000e-02 -6.1000e-02
 -6.4500e-02 -3.0470e-01  9.4580e-01]",112
364,2,"[[ 0.15447133 -0.10434483  0.52565517]
 [-0.251232   -0.31322083  0.31677917]
 [ 0.1858201  -0.30831204  0.32168796]
 [-0.1858201   0.30831204 -0.32168796]
 [-0.15447133  0.10434483 -0.52565517]
 [ 0.251232    0.31322083 -0.31677917]]","[1947. 2116. 1055. 2169. 2248.  922. 2211. 2252.  919. 2148. 2116. 1055.
 1926. 2248.  922. 1884. 2252.  919.]","[1964. 2113. 1057. 2175. 2215.  940. 2192. 2245.  922. 2129. 2113. 1058.
 1922. 2224.  932. 1896. 2245.  924.]","[-1.6919e+01  3.8400e+00  6.2325e+01 -1.2210e-01  6.1000e-02 -3.0520e-01
 -6.4900e-02 -3.0420e-01  9.5950e-01]",112
365,2,"[[ 0.16325112 -0.10606906  0.52393094]
 [-0.25503939 -0.31276397  0.31723603]
 [ 0.18108762 -0.30863528  0.32136472]
 [-0.18108762  0.30863528 -0.32136472]
 [-0.16325112  0.10606906 -0.52393094]
 [ 0.25503939  0.31276397 -0.31723603]]","[1941. 2117. 1054. 2166. 2249.  922. 2214. 2251.  920. 2154. 2117. 1054.
 1929. 2249.  922. 1881. 2251.  920.]","[1958. 2114. 1056. 2172. 2215.  940. 2195. 2245.  922. 2135. 2115. 1057.
 1925. 2224.  932. 1892. 2244.  923.]","[-1.6930e+01  3.8400e+00  6.2314e+01 -6.1000e-02  6.1000e-02  0.0000e+00
 -7.1300e-02 -3.0420e-01  9.4140e-01]",112
366,2,"[[ 0.17184183 -0.10791781  0.52208219]
 [-0.25872191 -0.31229522  0.31770478]
 [ 0.17625622 -0.30895568  0.32104432]
 [-0.17625622  0.30895568 -0.32104432]
 [-0.17184183  0.10791781 -0.52208219]
 [ 0.25872191  0.31229522 -0.31770478]]","[1935. 2118. 1053. 2162. 2249.  922. 2216. 2251.  920. 2160. 2118. 1053.
 1933. 2249.  922. 1879. 2251.  920.]","[1952. 2116. 1055. 2169. 2215.  940. 2197. 2245.  922. 2141. 2116. 1055.
 1928. 2225.  931. 1890. 2244.  923.]","[-1.6935e+01  3.8450e+00  6.2314e+01  0.0000e+00 -6.1000e-02  2.4410e-01
 -6.4000e-02 -3.0080e-01  9.5070e-01]",112
367,2,"[[ 0.18023351 -0.10989305  0.52010695]
 [-0.26227611 -0.31181513  0.31818487]
 [ 0.17132688 -0.30927315  0.32072685]
 [-0.17132688  0.30927315 -0.32072685]
 [-0.18023351  0.10989305 -0.52010695]
 [ 0.26227611  0.31181513 -0.31818487]]","[1930. 2119. 1052. 2159. 2249.  922. 2218. 2251.  920. 2165. 2119. 1052.
 1936. 2249.  922. 1877. 2251.  920.]","[1946. 2117. 1054. 2166. 2215.  940. 2199. 2245.  922. 2148. 2117. 1054.
 1931. 2225.  931. 1887. 2244.  924.]","[-1.6941e+01  3.8400e+00  6.2325e+01  0.0000e+00 -1.2210e-01  1.8310e-01
 -5.5700e-02 -2.9200e-01  9.4870e-01]",112
368,2,"[[ 0.18841645 -0.11199668  0.51800332]
 [-0.26569858 -0.31132423  0.31867577]
 [ 0.1663007  -0.30958759  0.32041241]
 [-0.1663007   0.30958759 -0.32041241]
 [-0.18841645  0.11199668 -0.51800332]
 [ 0.26569858  0.31132423 -0.31867577]]","[1925. 2121. 1050. 2156. 2249.  922. 2221. 2250.  921. 2170. 2121. 1050.
 1939. 2249.  922. 1874. 2250.  921.]","[1941. 2118. 1053. 2163. 2215.  940. 2202. 2245.  922. 2153. 2117. 1054.
 1934. 2225.  931. 1885. 2245.  924.]","[-1.6941e+01  3.8400e+00  6.2331e+01  0.0000e+00 -1.8310e-01  6.1000e-02
 -6.3500e-02 -2.9050e-01  9.6190e-01]",112
369,2,"[[ 0.19638117 -0.11423053  0.51576947]
 [-0.268986   -0.31082307  0.31917693]
 [ 0.16117888 -0.3098989   0.3201011 ]
 [-0.16117888  0.3098989  -0.3201011 ]
 [-0.19638117  0.11423053 -0.51576947]
 [ 0.268986    0.31082307 -0.31917693]]","[1919. 2122. 1049. 2153. 2250.  921. 2223. 2250.  921. 2176. 2122. 1049.
 1942. 2250.  921. 1872. 2250.  921.]","[1935. 2119. 1052. 2160. 2215.  939. 2205. 2245.  923. 2158. 2119. 1052.
 1937. 2226.  931. 1882. 2244.  923.]","[-1.6941e+01  3.8340e+00  6.2336e+01  0.0000e+00  0.0000e+00  6.1000e-02
 -7.2300e-02 -2.9000e-01  9.5460e-01]",112
370,2,"[[ 0.20411843 -0.11659634  0.51340366]
 [-0.2721351  -0.3103122   0.3196878 ]
 [ 0.15596271 -0.31020697  0.31979303]
 [-0.15596271  0.31020697 -0.31979303]
 [-0.20411843  0.11659634 -0.51340366]
 [ 0.2721351   0.3103122  -0.3196878 ]]","[1914. 2124. 1047. 2149. 2250.  921. 2225. 2250.  921. 2181. 2124. 1047.
 1946. 2250.  921. 1870. 2250.  921.]","[1929. 2121. 1050. 2157. 2215.  939. 2207. 2245.  923. 2164. 2121. 1051.
 1940. 2226.  931. 1880. 2245.  924.]","[-1.6941e+01  3.8340e+00  6.2342e+01 -6.1000e-02  0.0000e+00  6.1000e-02
 -6.4900e-02 -2.9050e-01  9.4140e-01]",112
371,2,"[[ 0.21161929 -0.11909581  0.51090419]
 [-0.27514271 -0.30979216  0.32020784]
 [ 0.15065361 -0.3105117   0.3194883 ]
 [-0.15065361  0.3105117  -0.3194883 ]
 [-0.21161929  0.11909581 -0.51090419]
 [ 0.27514271  0.30979216 -0.32020784]]","[1910. 2125. 1046. 2146. 2250.  921. 2227. 2249.  922. 2185. 2125. 1046.
 1949. 2250.  921. 1868. 2249.  922.]","[1924. 2122. 1049. 2154. 2215.  938. 2210. 2245.  923. 2170. 2122. 1049.
 1944. 2226.  930. 1878. 2245.  924.]","[-1.6946e+01  3.8290e+00  6.2342e+01 -1.8310e-01 -1.8310e-01  0.0000e+00
 -5.4200e-02 -2.9980e-01  9.4820e-01]",112
372,2,"[[ 0.21887505 -0.12173052  0.50826948]
 [-0.27800571 -0.30926351  0.32073649]
 [ 0.1452531  -0.31081301  0.31918699]
 [-0.1452531   0.31081301 -0.31918699]
 [-0.21887505  0.12173052 -0.50826948]
 [ 0.27800571  0.30926351 -0.32073649]]","[1905. 2127. 1044. 2142. 2250.  921. 2229. 2249.  922. 2190. 2127. 1044.
 1953. 2250.  921. 1866. 2249.  922.]","[1919. 2124. 1048. 2151. 2215.  939. 2212. 2245.  923. 2174. 2124. 1048.
 1947. 2226.  930. 1875. 2245.  923.]","[-16.952    3.823   62.347   -0.1221  -0.1221   0.      -0.0625  -0.3022
   0.9648]",112
373,2,"[[ 0.22587731 -0.12450198  0.50549802]
 [-0.28072108 -0.3087268   0.3212732 ]
 [ 0.1397628  -0.31111077  0.31888923]
 [-0.1397628   0.31111077 -0.31888923]
 [-0.22587731  0.12450198 -0.50549802]
 [ 0.28072108  0.3087268  -0.3212732 ]]","[1900. 2129. 1042. 2139. 2250.  921. 2231. 2249.  922. 2195. 2129. 1042.
 1956. 2250.  921. 1864. 2249.  922.]","[1914. 2125. 1046. 2148. 2215.  938. 2214. 2245.  924. 2180. 2125. 1046.
 1950. 2227.  930. 1872. 2245.  924.]","[-1.6957e+01  3.8180e+00  6.2347e+01  0.0000e+00  6.1000e-02  0.0000e+00
 -7.0800e-02 -3.0180e-01  9.4780e-01]",112
374,2,"[[ 0.23261797 -0.12741162  0.50258838]
 [-0.28328587 -0.3081826   0.3218174 ]
 [ 0.13418445 -0.31140491  0.31859509]
 [-0.13418445  0.31140491 -0.31859509]
 [-0.23261797  0.12741162 -0.50258838]
 [ 0.28328587  0.3081826  -0.3218174 ]]","[1896. 2131. 1040. 2135. 2251.  920. 2232. 2248.  923. 2199. 2131. 1040.
 1960. 2251.  920. 1863. 2248.  923.]","[1909. 2127. 1044. 2144. 2215.  938. 2216. 2244.  924. 2185. 2127. 1044.
 1953. 2227.  930. 1870. 2244.  924.]","[-1.6957e+01  3.8180e+00  6.2342e+01  0.0000e+00  0.0000e+00 -6.1000e-02
 -6.7900e-02 -2.9980e-01  9.3900e-01]",112
375,2,"[[ 0.2390892  -0.13046077  0.49953923]
 [-0.28569722 -0.30763146  0.32236854]
 [ 0.12851989 -0.3116953   0.3183047 ]
 [-0.12851989  0.3116953  -0.3183047 ]
 [-0.2390892   0.13046077 -0.49953923]
 [ 0.28569722  0.30763146 -0.32236854]]","[1892. 2133. 1038. 2131. 2251.  920. 2234. 2248.  923. 2203. 2133. 1038.
 1964. 2251.  920. 1861. 2248.  923.]","[1904. 2129. 1043. 2141. 2215.  938. 2219. 2244.  925. 2190. 2129. 1043.
 1957. 2227.  930. 1867. 2245.  924.]","[-16.963    3.812   62.342   -0.1831  -0.2441   0.      -0.0654  -0.2983
   0.9492]",112
376,2,"[[ 0.24528352 -0.13365065  0.49634935]
 [-0.28795238 -0.30707393  0.32292607]
 [ 0.12277107 -0.31198186  0.31801814]
 [-0.12277107  0.31198186 -0.31801814]
 [-0.24528352  0.13365065 -0.49634935]
 [ 0.28795238  0.30707393 -0.32292607]]","[1888. 2135. 1036. 2128. 2251.  920. 2235. 2248.  923. 2207. 2135. 1036.
 1967. 2251.  920. 1860. 2248.  923.]","[1900. 2131. 1041. 2137. 2215.  938. 2220. 2244.  925. 2194. 2131. 1041.
 1960. 2227.  929. 1865. 2244.  925.]","[-1.6968e+01  3.8070e+00  6.2347e+01 -6.1000e-02 -1.2210e-01  1.8310e-01
 -6.4000e-02 -2.9880e-01  9.6140e-01]",112
377,2,"[[ 0.25119375 -0.13698241  0.49301759]
 [-0.29004867 -0.30651059  0.32348941]
 [ 0.11694005 -0.31226449  0.31773551]
 [-0.11694005  0.31226449 -0.31773551]
 [-0.25119375  0.13698241 -0.49301759]
 [ 0.29004867  0.30651059 -0.32348941]]","[1884. 2137. 1034. 2124. 2251.  920. 2237. 2247.  924. 2211. 2137. 1034.
 1971. 2251.  920. 1858. 2247.  924.]","[1896. 2133. 1038. 2135. 2215.  937. 2222. 2244.  925. 2198. 2133. 1039.
 1964. 2226.  929. 1863. 2244.  925.]","[-1.6974e+01  3.8010e+00  6.2358e+01  0.0000e+00 -6.1000e-02  1.8310e-01
 -5.5200e-02 -2.9490e-01  9.5510e-01]",112
378,2,"[[ 0.25681306 -0.14045708  0.48954292]
 [-0.29198353 -0.30594199  0.32405801]
 [ 0.111029   -0.31254307  0.31745693]
 [-0.111029    0.31254307 -0.31745693]
 [-0.25681306  0.14045708 -0.48954292]
 [ 0.29198353  0.30594199 -0.32405801]]","[1880. 2139. 1032. 2120. 2251.  920. 2238. 2247.  924. 2215. 2139. 1032.
 1975. 2251.  920. 1857. 2247.  924.]","[1892. 2135. 1036. 2133. 2215.  936. 2224. 2244.  926. 2202. 2135. 1037.
 1967. 2227.  929. 1861. 2244.  925.]","[-1.6974e+01  3.8010e+00  6.2364e+01  0.0000e+00 -6.1000e-02  0.0000e+00
 -4.0500e-02 -2.9830e-01  9.5360e-01]",112
379,2,"[[ 0.26213492 -0.14407558  0.48592442]
 [-0.29375448 -0.30536868  0.32463132]
 [ 0.10504017 -0.31281752  0.31718248]
 [-0.10504017  0.31281752 -0.31718248]
 [-0.26213492  0.14407558 -0.48592442]
 [ 0.29375448  0.30536868 -0.32463132]]","[1877. 2141. 1030. 2116. 2251.  920. 2239. 2247.  924. 2218. 2141. 1030.
 1979. 2251.  920. 1856. 2247.  924.]","[1887. 2137. 1034. 2129. 2215.  936. 2226. 2243.  926. 2206. 2137. 1035.
 1971. 2227.  929. 1860. 2245.  926.]","[-1.6974e+01  3.7960e+00  6.2364e+01  0.0000e+00 -6.1000e-02 -3.0520e-01
 -4.9800e-02 -3.0370e-01  9.5650e-01]",112
380,2,"[[ 0.26715318 -0.14783872  0.48216128]
 [-0.29535917 -0.30479124  0.32520876]
 [ 0.09897596 -0.31308772  0.31691228]
 [-0.09897596  0.31308772 -0.31691228]
 [-0.26715318  0.14783872 -0.48216128]
 [ 0.29535917  0.30479124 -0.32520876]]","[1873. 2144. 1027. 2112. 2252.  919. 2240. 2246.  925. 2222. 2144. 1027.
 1983. 2252.  919. 1855. 2246.  925.]","[1883. 2139. 1032. 2126. 2215.  935. 2228. 2242.  926. 2210. 2139. 1033.
 1974. 2226.  929. 1858. 2245.  926.]","[-1.6979e+01  3.7850e+00  6.2347e+01  1.2210e-01  0.0000e+00 -4.2720e-01
 -6.1000e-02 -3.0520e-01  9.4430e-01]",112
381,2,"[[ 0.27186203 -0.15174721  0.47825279]
 [-0.29679534 -0.30421021  0.32578979]
 [ 0.09283882 -0.31335359  0.31664641]
 [-0.09283882  0.31335359 -0.31664641]
 [-0.27186203  0.15174721 -0.47825279]
 [ 0.29679534  0.30421021 -0.32578979]]","[1870. 2146. 1025. 2108. 2252.  919. 2241. 2246.  925. 2225. 2146. 1025.
 1987. 2252.  919. 1854. 2246.  925.]","[1880. 2141. 1030. 2121. 2215.  935. 2229. 2242.  926. 2214. 2141. 1031.
 1978. 2227.  929. 1857. 2244.  926.]","[-1.6979e+01  3.7740e+00  6.2336e+01  6.1000e-02 -1.2210e-01 -3.0520e-01
 -7.9100e-02 -3.0420e-01  9.4820e-01]",112
382,2,"[[ 0.276256   -0.15580164  0.47419836]
 [-0.29806084 -0.30362615  0.32637385]
 [ 0.08663135 -0.31361501  0.31638499]
 [-0.08663135  0.31361501 -0.31638499]
 [-0.276256    0.15580164 -0.47419836]
 [ 0.29806084  0.30362615 -0.32637385]]","[1867. 2149. 1022. 2104. 2252.  919. 2242. 2245.  926. 2228. 2149. 1022.
 1991. 2252.  919. 1853. 2245.  926.]","[1876. 2143. 1028. 2118. 2215.  935. 2231. 2242.  927. 2218. 2143. 1028.
 1981. 2227.  929. 1855. 2244.  927.]","[-1.6979e+01  3.7630e+00  6.2331e+01  6.1000e-02 -1.8310e-01  6.1000e-02
 -8.4000e-02 -2.9640e-01  9.5120e-01]",112
383,2,"[[ 0.28033002 -0.16000247  0.46999753]
 [-0.29915366 -0.30303963  0.32696037]
 [ 0.08035623 -0.3138719   0.3161281 ]
 [-0.08035623  0.3138719  -0.3161281 ]
 [-0.28033002  0.16000247 -0.46999753]
 [ 0.29915366  0.30303963 -0.32696037]]","[1865. 2152. 1019. 2100. 2252.  919. 2243. 2245.  926. 2230. 2152. 1019.
 1995. 2252.  919. 1852. 2245.  926.]","[1873. 2146. 1025. 2114. 2215.  935. 2232. 2241.  927. 2221. 2146. 1026.
 1986. 2227.  929. 1854. 2244.  927.]","[-1.6974e+01  3.7630e+00  6.2342e+01  6.1000e-02 -1.8310e-01  4.2720e-01
 -7.6700e-02 -2.8910e-01  9.4240e-01]",112
384,2,"[[ 0.28407935 -0.16435006  0.46564994]
 [-0.30007187 -0.30245118  0.32754882]
 [ 0.07401624 -0.31412414  0.31587586]
 [-0.07401624  0.31412414 -0.31587586]
 [-0.28407935  0.16435006 -0.46564994]
 [ 0.30007187  0.30245118 -0.32754882]]","[1862. 2155. 1016. 2096. 2252.  919. 2243. 2245.  926. 2233. 2155. 1016.
 1999. 2252.  919. 1852. 2245.  926.]","[1870. 2149. 1023. 2110. 2215.  935. 2234. 2241.  928. 2224. 2149. 1023.
 1989. 2226.  929. 1852. 2243.  929.]","[-1.6974e+01  3.7630e+00  6.2369e+01 -6.1000e-02 -3.6620e-01  6.1040e-01
 -6.8400e-02 -2.8470e-01  9.5360e-01]",112
385,2,"[[ 0.28749967 -0.16884464  0.46115536]
 [-0.30081371 -0.30186136  0.32813864]
 [ 0.06761427 -0.31437165  0.31562835]
 [-0.06761427  0.31437165 -0.31562835]
 [-0.28749967  0.16884464 -0.46115536]
 [ 0.30081371  0.30186136 -0.32813864]]","[1860. 2158. 1013. 2092. 2252.  919. 2244. 2244.  927. 2235. 2158. 1013.
 2003. 2252.  919. 1851. 2244.  927.]","[1867. 2152. 1020. 2105. 2215.  935. 2235. 2240.  928. 2227. 2152. 1021.
 1993. 2227.  929. 1852. 2244.  929.]","[-1.6979e+01  3.7570e+00  6.2397e+01 -1.2210e-01 -3.6620e-01  6.1040e-01
 -5.3200e-02 -2.8470e-01  9.5700e-01]",112
386,2,"[[ 0.29058701 -0.1734863   0.4565137 ]
 [-0.3013776  -0.30127072  0.32872928]
 [ 0.06115328 -0.31461431  0.31538569]
 [-0.06115328  0.31461431 -0.31538569]
 [-0.29058701  0.1734863  -0.4565137 ]
 [ 0.3013776   0.30127072 -0.32872928]]","[1858. 2161. 1010. 2087. 2253.  918. 2244. 2244.  927. 2237. 2161. 1010.
 2008. 2253.  918. 1851. 2244.  927.]","[1864. 2154. 1018. 2101. 2215.  935. 2236. 2240.  928. 2230. 2154. 1018.
 1997. 2226.  929. 1850. 2243.  929.]","[-1.6979e+01  3.7520e+00  6.2419e+01 -1.2210e-01 -3.0520e-01  4.2720e-01
 -5.8600e-02 -2.9300e-01  9.5800e-01]",112
387,2,"[[ 0.2933378  -0.17827502  0.45172498]
 [-0.30176277 -0.3006798   0.3293202 ]
 [ 0.05463637 -0.31485204  0.31514796]
 [-0.05463637  0.31485204 -0.31514796]
 [-0.2933378   0.17827502 -0.45172498]
 [ 0.30176277  0.3006798  -0.3293202 ]]","[1856. 2164. 1007. 2083. 2253.  918. 2244. 2244.  927. 2239. 2164. 1007.
 2012. 2253.  918. 1851. 2244.  927.]","[1862. 2158. 1014. 2097. 2215.  935. 2238. 2240.  929. 2232. 2157. 1015.
 2001. 2227.  929. 1850. 2243.  929.]","[-1.6979e+01  3.7460e+00  6.2441e+01 -6.1000e-02 -1.8310e-01  4.2720e-01
 -6.8800e-02 -3.0080e-01  9.5560e-01]",112
388,2,"[[ 0.29574884 -0.18321063  0.44678937]
 [-0.30197062 -0.30008913  0.32991087]
 [ 0.04806669 -0.31508473  0.31491527]
 [-0.04806669  0.31508473 -0.31491527]
 [-0.29574884  0.18321063 -0.44678937]
 [ 0.30197062  0.30008913 -0.32991087]]","[1855. 2167. 1004. 2079. 2253.  918. 2244. 2243.  928. 2240. 2167. 1004.
 2016. 2253.  918. 1851. 2243.  928.]","[1860. 2160. 1012. 2093. 2215.  935. 2239. 2239.  929. 2234. 2160. 1012.
 2005. 2227.  929. 1850. 2243.  929.]","[-1.6979e+01  3.7460e+00  6.2457e+01 -6.1000e-02 -2.4410e-01  3.0520e-01
 -5.8100e-02 -2.9980e-01  9.4040e-01]",112
389,2,"[[ 0.29781734 -0.18829285  0.44170715]
 [-0.3019645  -0.29949912  0.33050088]
 [ 0.04144751 -0.31531228  0.31468772]
 [-0.04144751  0.31531228 -0.31468772]
 [-0.29781734  0.18829285 -0.44170715]
 [ 0.3019645   0.29949912 -0.33050088]]","[1853. 2170. 1001. 2075. 2253.  918. 2244. 2243.  928. 2242. 2170. 1001.
 2020. 2253.  918. 1851. 2243.  928.]","[1858. 2163. 1008. 2089. 2215.  935. 2240. 2239.  929. 2237. 2163. 1009.
 2009. 2227.  929. 1849. 2243.  930.]","[-16.985    3.735   62.474   -0.1221  -0.2441   0.1831  -0.0679  -0.3076
   0.9536]",112
390,2,"[[ 0.29954091 -0.19352126  0.43647874]
 [-0.30154869 -0.29890941  0.33109059]
 [ 0.03478218 -0.31553461  0.31446539]
 [-0.03478218  0.31553461 -0.31446539]
 [-0.29954091  0.19352126 -0.43647874]
 [ 0.30154869  0.29890941 -0.33109059]]","[1852. 2174.  997. 2070. 2253.  918. 2244. 2242.  929. 2243. 2174.  997.
 2025. 2253.  918. 1851. 2242.  929.]","[1856. 2166. 1006. 2085. 2215.  935. 2241. 2239.  929. 2238. 2166. 1006.
 2013. 2228.  929. 1849. 2243.  929.]","[-1.6990e+01  3.7350e+00  6.2485e+01 -1.8310e-01 -1.8310e-01  2.4410e-01
 -5.8100e-02 -3.0570e-01  9.5700e-01]",112
391,2,"[[ 0.30091756 -0.19889529  0.43110471]
 [-0.30065094 -0.2983194   0.3316806 ]
 [ 0.02807414 -0.3157516   0.3142484 ]
 [-0.02807414  0.3157516  -0.3142484 ]
 [-0.30091756  0.19889529 -0.43110471]
 [ 0.30065094  0.2983194  -0.3316806 ]]","[1851. 2177.  994. 2066. 2253.  918. 2243. 2242.  929. 2244. 2177.  994.
 2029. 2253.  918. 1852. 2242.  929.]","[1854. 2169. 1007. 2082. 2215.  935. 2241. 2239.  930. 2240. 2169. 1003.
 2018. 2228.  929. 1849. 2243.  930.]","[-1.7001e+01  3.7300e+00  6.2496e+01 -1.2210e-01 -1.2210e-01  2.4410e-01
 -5.0300e-02 -3.0220e-01  9.4680e-01]",112
392,2,"[[ 0.30194566 -0.20441426  0.42558574]
 [-0.29927138 -0.29772953  0.33227047]
 [ 0.02132691 -0.31596316  0.31403684]
 [-0.02132691  0.31596316 -0.31403684]
 [-0.30194566  0.20441426 -0.42558574]
 [ 0.29927138  0.29772953 -0.33227047]]","[1851. 2181.  990. 2061. 2253.  917. 2243. 2242.  929. 2244. 2181.  990.
 2034. 2253.  917. 1852. 2242.  929.]","[1853. 2171. 1003. 2077. 2215.  935. 2241. 2238.  930. 2241. 2173. 1000.
 2022. 2228.  929. 1850. 2242.  930.]","[-1.7007e+01  3.7240e+00  6.2501e+01 -2.4410e-01 -2.4410e-01  6.1000e-02
 -6.4000e-02 -3.1010e-01  9.5020e-01]",112
393,2,"[[ 0.30262361 -0.21007731  0.41992269]
 [-0.29741122 -0.2971404   0.3328596 ]
 [ 0.01454411 -0.3161692   0.3138308 ]
 [-0.01454411  0.3161692  -0.3138308 ]
 [-0.30262361  0.21007731 -0.41992269]
 [ 0.29741122  0.2971404  -0.3328596 ]]","[1850. 2184.  987. 2057. 2254.  917. 2241. 2241.  930. 2245. 2184.  987.
 2038. 2254.  917. 1854. 2241.  930.]","[1853. 2173.  999. 2073. 2215.  935. 2241. 2238.  931. 2242. 2176.  996.
 2026. 2228.  929. 1849. 2242.  930.]","[-1.7018e+01  3.7130e+00  6.2512e+01 -6.1000e-02 -1.8310e-01  3.0520e-01
 -7.2300e-02 -3.0520e-01  9.5900e-01]",112
394,2,"[[ 0.3029479  -0.21588338  0.41411662]
 [-0.29507409 -0.29655257  0.33344743]
 [ 0.00772999 -0.31636963  0.31363037]
 [-0.00772999  0.31636963 -0.31363037]
 [-0.3029479   0.21588338 -0.41411662]
 [ 0.29507409  0.29655257 -0.33344743]]","[1850. 2188.  983. 2053. 2254.  917. 2240. 2241.  930. 2245. 2188.  983.
 2042. 2254.  917. 1855. 2241.  930.]","[1852. 2174.  996. 2068. 2215.  935. 2241. 2239.  931. 2243. 2180.  993.
 2030. 2229.  929. 1850. 2242.  930.]","[-1.7018e+01  3.7190e+00  6.2534e+01  6.1000e-02  0.0000e+00  5.4930e-01
 -5.5700e-02 -3.0570e-01  9.3950e-01]",112
395,2,"[[ 0.30296678 -0.22182903  0.40817097]
 [-0.29227009 -0.29596665  0.33403335]
 [ 0.00089526 -0.31656434  0.31343566]
 [-0.00089526  0.31656434 -0.31343566]
 [-0.30296678  0.22182903 -0.40817097]
 [ 0.29227009  0.29596665 -0.33403335]]","[1850. 2192.  979. 2048. 2254.  917. 2238. 2240.  931. 2245. 2192.  979.
 2047. 2254.  917. 1857. 2240.  931.]","[1852. 2178.  991. 2064. 2215.  935. 2241. 2239.  931. 2244. 2184.  988.
 2034. 2228.  929. 1851. 2241.  930.]","[-1.7023e+01  3.7190e+00  6.2551e+01  0.0000e+00 -2.4410e-01  3.0520e-01
 -5.2200e-02 -2.9930e-01  9.5510e-01]",112
396,2,"[[ 0.30283801 -0.22789461  0.40210539]
 [-0.28901549 -0.29538322  0.33461678]
 [-0.00594012 -0.31675325  0.31324675]
 [ 0.00594012  0.31675325 -0.31324675]
 [-0.30283801  0.22789461 -0.40210539]
 [ 0.28901549  0.29538322 -0.33461678]]","[1850. 2196.  975. 2044. 2254.  917. 2236. 2240.  931. 2245. 2196.  975.
 2051. 2254.  917. 1859. 2240.  931.]","[1852. 2180.  989. 2060. 2215.  935. 2241. 2239.  931. 2244. 2187.  985.
 2037. 2228.  930. 1852. 2241.  930.]","[-1.7023e+01  3.7130e+00  6.2562e+01  1.2210e-01  6.1000e-02  2.4410e-01
 -6.9300e-02 -3.0520e-01  9.8290e-01]",112
397,2,"[[ 0.3026097  -0.23406244  0.39593756]
 [-0.28531812 -0.2948029   0.3351971 ]
 [-0.0127651  -0.31693625  0.31306375]
 [ 0.0127651   0.31693625 -0.31306375]
 [-0.3026097   0.23406244 -0.39593756]
 [ 0.28531812  0.2948029  -0.3351971 ]]","[1850. 2200.  971. 2039. 2254.  917. 2233. 2240.  931. 2245. 2200.  971.
 2056. 2254.  917. 1862. 2240.  931.]","[1852. 2183.  986. 2057. 2215.  935. 2242. 2238.  932. 2244. 2190.  985.
 2039. 2228.  929. 1853. 2240.  930.]","[-1.7001e+01  3.7350e+00  6.2567e+01  7.3240e-01  6.1040e-01  3.0520e-01
 -5.4700e-02 -3.0570e-01  9.5360e-01]",112
398,2,"[[ 0.3022816  -0.24032913  0.38967087]
 [-0.28118402 -0.29422631  0.33577369]
 [-0.0195749  -0.31711326  0.31288674]
 [ 0.0195749   0.31711326 -0.31288674]
 [-0.3022816   0.24032913 -0.38967087]
 [ 0.28118402  0.29422631 -0.33577369]]","[1850. 2204.  967. 2035. 2254.  917. 2231. 2239.  932. 2245. 2204.  967.
 2060. 2254.  917. 1864. 2239.  932.]","[1852. 2186.  984. 2052. 2215.  935. 2240. 2238.  932. 2244. 2192.  983.
 2044. 2228.  930. 1854. 2240.  930.]","[-16.974    3.768   62.567    0.7324   0.9155   0.2441  -0.0659  -0.3135
   0.9463]",112
399,2,"[[ 0.30185251 -0.24669226  0.38330774]
 [-0.2766217  -0.29365405  0.33634595]
 [-0.02636596 -0.31728417  0.31271583]
 [ 0.02636596  0.31728417 -0.31271583]
 [-0.30185251  0.24669226 -0.38330774]
 [ 0.2766217   0.29365405 -0.33634595]]","[1851. 2208.  963. 2030. 2254.  917. 2228. 2239.  932. 2244. 2208.  963.
 2065. 2254.  917. 1867. 2239.  932.]","[1852. 2189.  980. 2048. 2215.  935. 2237. 2238.  933. 2244. 2194.  977.
 2049. 2228.  929. 1856. 2239.  931.]","[-1.6957e+01  3.7960e+00  6.2567e+01  6.1040e-01  6.1040e-01  1.8310e-01
 -6.2500e-02 -3.1400e-01  9.1850e-01]",112
400,2,"[[ 0.30132215 -0.25314901  0.37685099]
 [-0.27164168 -0.29308675  0.33691325]
 [-0.03313488 -0.31744889  0.31255111]
 [ 0.03313488  0.31744889 -0.31255111]
 [-0.30132215  0.25314901 -0.37685099]
 [ 0.27164168  0.29308675 -0.33691325]]","[1851. 2213.  958. 2026. 2254.  917. 2225. 2239.  932. 2244. 2213.  958.
 2069. 2254.  917. 1870. 2239.  932.]","[1852. 2191.  978. 2044. 2215.  936. 2234. 2237.  933. 2244. 2197.  973.
 2054. 2228.  929. 1859. 2239.  931.]","[-16.952    3.812   62.578    0.1831   0.2441   0.3052  -0.0708  -0.314
   0.9736]",112
401,2,"[[ 0.30069063 -0.25969643  0.37030357]
 [-0.26625571 -0.29252502  0.33747498]
 [-0.03987832 -0.31760732  0.31239268]
 [ 0.03987832  0.31760732 -0.31239268]
 [-0.30069063  0.25969643 -0.37030357]
 [ 0.26625571  0.29252502 -0.33747498]]","[1851. 2217.  954. 2022. 2255.  916. 2221. 2238.  933. 2244. 2217.  954.
 2073. 2255.  916. 1874. 2238.  933.]","[1852. 2193.  975. 2041. 2216.  936. 2232. 2237.  933. 2243. 2200.  970.
 2057. 2228.  929. 1861. 2238.  931.]","[-1.6935e+01  3.8340e+00  6.2589e+01  6.7140e-01  4.2720e-01  5.4930e-01
 -5.1300e-02 -2.9880e-01  9.5750e-01]",112
402,2,"[[ 0.29995812 -0.26633151  0.36366849]
 [-0.26047638 -0.29196949  0.33803051]
 [-0.046593   -0.31775939  0.31224061]
 [ 0.046593    0.31775939 -0.31224061]
 [-0.29995812  0.26633151 -0.36366849]
 [ 0.26047638  0.29196949 -0.33803051]]","[1852. 2221.  950. 2017. 2255.  916. 2217. 2238.  933. 2243. 2221.  950.
 2078. 2255.  916. 1878. 2238.  933.]","[1853. 2196.  972. 2037. 2217.  936. 2229. 2237.  934. 2244. 2204.  966.
 2061. 2228.  928. 1863. 2238.  931.]","[-1.6913e+01  3.8510e+00  6.2595e+01  6.7140e-01  4.8830e-01  1.2210e-01
 -4.3900e-02 -2.9200e-01  9.7310e-01]",112
403,2,"[[ 0.29912489 -0.27305121  0.35694879]
 [-0.25431691 -0.29142076  0.33857924]
 [-0.05327565 -0.31790499  0.31209501]
 [ 0.05327565  0.31790499 -0.31209501]
 [-0.29912489  0.27305121 -0.35694879]
 [ 0.25431691  0.29142076 -0.33857924]]","[1853. 2226.  945. 2013. 2255.  916. 2213. 2237.  933. 2242. 2226.  945.
 2082. 2255.  916. 1882. 2237.  933.]","[1853. 2198.  969. 2033. 2218.  935. 2226. 2236.  935. 2244. 2208.  962.
 2066. 2228.  929. 1866. 2237.  932.]","[-1.6886e+01  3.8620e+00  6.2578e+01  8.5450e-01  5.4930e-01 -3.0520e-01
 -5.8100e-02 -2.8810e-01  9.6530e-01]",112
404,2,"[[ 0.2981912  -0.27985249  0.35014751]
 [-0.24779101 -0.29087946  0.33912054]
 [-0.05992306 -0.31804406  0.31195594]
 [ 0.05992306  0.31804406 -0.31195594]
 [-0.2981912   0.27985249 -0.35014751]
 [ 0.24779101  0.29087946 -0.33912054]]","[1853. 2230.  941. 2008. 2255.  916. 2209. 2237.  934. 2242. 2230.  941.
 2087. 2255.  916. 1886. 2237.  934.]","[1853. 2202.  965. 2028. 2218.  936. 2222. 2237.  934. 2244. 2213.  958.
 2070. 2228.  928. 1869. 2236.  932.]","[-16.848    3.884   62.556    1.1597   0.7324  -0.3662  -0.064   -0.292
   0.9648]",112
405,2,"[[ 0.29715736 -0.28673227  0.34326773]
 [-0.24091284 -0.28552355  0.34447645]
 [-0.06653207 -0.3181765   0.3118235 ]
 [ 0.06653207  0.3181765  -0.3118235 ]
 [-0.29715736  0.28673227 -0.34326773]
 [ 0.24091284  0.28552355 -0.34447645]]","[1854. 2234.  937. 2004. 2255.  916. 2205. 2234.  937. 2241. 2234.  937.
 2091. 2255.  916. 1890. 2234.  937.]","[1854. 2205.  962. 2025. 2219.  936. 2219. 2237.  934. 2243. 2216.  953.
 2074. 2228.  928. 1872. 2236.  933.]","[-1.6804e+01  3.9060e+00  6.2529e+01  1.1597e+00  9.1550e-01 -4.8830e-01
 -5.5700e-02 -2.8610e-01  9.4240e-01]",112
406,2,"[[ 0.29602374 -0.29075437  0.33924563]
 [-0.23369693 -0.27503068  0.35496932]
 [-0.07309953 -0.31830223  0.31169777]
 [ 0.07309953  0.31830223 -0.31169777]
 [-0.29602374  0.29075437 -0.33924563]
 [ 0.23369693  0.27503068 -0.35496932]]","[1855. 2237.  934. 2000. 2255.  916. 2200. 2227.  944. 2240. 2237.  934.
 2095. 2255.  916. 1895. 2227.  944.]","[1855. 2207.  958. 2020. 2219.  936. 2214. 2238.  935. 2243. 2220.  950.
 2079. 2229.  929. 1876. 2234.  935.]","[-16.76     3.933   62.496    1.2207   0.9766  -0.5493  -0.0835  -0.292
   0.9668]",112
407,2,"[[ 0.2947907  -0.29110575  0.33889425]
 [-0.22615813 -0.26472248  0.36527752]
 [-0.07962235 -0.3184212   0.3115788 ]
 [ 0.07962235  0.3184212  -0.3115788 ]
 [-0.2947907   0.29110575 -0.33889425]
 [ 0.22615813  0.26472248 -0.36527752]]","[1855. 2237.  934. 1996. 2255.  916. 2195. 2220.  951. 2240. 2237.  934.
 2099. 2255.  916. 1900. 2220.  951.]","[1855. 2212.  955. 2016. 2220.  936. 2210. 2237.  938. 2242. 2223.  948.
 2084. 2228.  928. 1880. 2232.  936.]","[-1.6710e+01  3.9660e+00  6.2468e+01  1.3428e+00  1.2207e+00 -3.0520e-01
 -4.8800e-02 -2.7340e-01  9.4480e-01]",112
408,2,"[[ 0.29345865 -0.29146058  0.33853942]
 [-0.21831158 -0.25461082  0.37538918]
 [-0.0860975  -0.31853331  0.31146669]
 [ 0.0860975   0.31853331 -0.31146669]
 [-0.29345865  0.29146058 -0.33853942]
 [ 0.21831158  0.25461082 -0.37538918]]","[1856. 2238.  933. 1991. 2255.  916. 2190. 2213.  957. 2239. 2238.  933.
 2104. 2255.  916. 1905. 2213.  957.]","[1856. 2213.  952. 2013. 2220.  935. 2205. 2233.  938. 2241. 2224.  946.
 2088. 2228.  928. 1885. 2228.  941.]","[-16.655    4.005   62.441    1.2817   1.1597  -0.3662  -0.084   -0.2783
   0.9658]",112
409,2,"[[ 0.29202806 -0.29181872  0.33818128]
 [-0.21017268 -0.2447074   0.3852926 ]
 [-0.09252195 -0.31863851  0.31136149]
 [ 0.09252195  0.31863851 -0.31136149]
 [-0.29202806  0.29181872 -0.33818128]
 [ 0.21017268  0.2447074  -0.3852926 ]]","[1857. 2238.  933. 1987. 2255.  916. 2185. 2207.  964. 2238. 2238.  933.
 2108. 2255.  916. 1910. 2207.  964.]","[1857. 2216.  950. 2009. 2221.  936. 2200. 2227.  944. 2240. 2224.  945.
 2093. 2228.  929. 1890. 2222.  945.]","[-1.6606e+01  4.0430e+00  6.2408e+01  1.2817e+00  1.2207e+00 -4.2720e-01
 -5.9600e-02 -2.8520e-01  9.5120e-01]",112
410,2,"[[ 0.29049939 -0.29217999  0.33782001]
 [-0.20175701 -0.23502379  0.39497621]
 [-0.09889276 -0.31873672  0.31126328]
 [ 0.09889276  0.31873672 -0.31126328]
 [-0.29049939  0.29217999 -0.33782001]
 [ 0.20175701  0.23502379 -0.39497621]]","[1858. 2238.  933. 1983. 2255.  916. 2179. 2201.  970. 2237. 2238.  933.
 2112. 2255.  916. 1916. 2201.  970.]","[1857. 2218.  947. 2003. 2222.  935. 2194. 2219.  952. 2239. 2225.  944.
 2098. 2228.  928. 1896. 2217.  951.]","[-16.545    4.081   62.38     1.5869   1.1597  -0.4272  -0.0747  -0.2739
   0.938 ]",112
411,2,"[[ 0.28887317 -0.29254426  0.33745574]
 [-0.19308032 -0.22557135  0.40442865]
 [-0.105207   -0.31882789  0.31117211]
 [ 0.105207    0.31882789 -0.31117211]
 [-0.28887317  0.29254426 -0.33745574]
 [ 0.19308032  0.22557135 -0.40442865]]","[1859. 2238.  933. 1979. 2255.  916. 2173. 2195.  976. 2236. 2238.  933.
 2116. 2255.  916. 1922. 2195.  976.]","[1858. 2219.  946. 2000. 2223.  936. 2190. 2215.  956. 2238. 2225.  943.
 2102. 2228.  929. 1901. 2215.  956.]","[-1.6485e+01  4.1140e+00  6.2364e+01  1.5259e+00  7.9350e-01  6.1000e-02
 -6.9300e-02 -2.7540e-01  9.5950e-01]",112
412,2,"[[ 0.28714993 -0.29291135  0.33708865]
 [-0.18415851 -0.21636125  0.41363875]
 [-0.11146181 -0.31891195  0.31108805]
 [ 0.11146181  0.31891195 -0.31108805]
 [-0.28714993  0.29291135 -0.33708865]
 [ 0.18415851  0.21636125 -0.41363875]]","[1860. 2238.  933. 1975. 2255.  916. 2168. 2189.  982. 2235. 2238.  933.
 2120. 2255.  916. 1927. 2189.  982.]","[1858. 2219.  945. 1996. 2224.  936. 2184. 2209.  963. 2237. 2225.  942.
 2107. 2228.  928. 1908. 2209.  962.]","[-16.408    4.147   62.364    1.8311   0.7935   0.3662  -0.0674  -0.2896
   0.9521]",112
413,2,"[[ 0.28533026 -0.29328111  0.33671889]
 [-0.17500756 -0.20740444  0.42259556]
 [-0.11765437 -0.31898885  0.31101115]
 [ 0.11765437  0.31898885 -0.31101115]
 [-0.28533026  0.29328111 -0.33671889]
 [ 0.17500756  0.20740444 -0.42259556]]","[1861. 2239.  932. 1971. 2255.  916. 2162. 2183.  988. 2234. 2239.  932.
 2124. 2255.  916. 1933. 2183.  988.]","[1859. 2222.  944. 1992. 2224.  935. 2179. 2203.  968. 2236. 2225.  941.
 2111. 2227.  929. 1913. 2203.  969.]","[-1.6342e+01  4.1690e+00  6.2369e+01  1.5259e+00  5.4930e-01  2.4410e-01
 -5.2700e-02 -2.9540e-01  9.4920e-01]",112
414,2,"[[ 0.28341476 -0.29365337  0.33634663]
 [-0.1656435  -0.19871163  0.43128837]
 [-0.1237819  -0.31905853  0.31094147]
 [ 0.1237819   0.31905853 -0.31094147]
 [-0.28341476  0.29365337 -0.33634663]
 [ 0.1656435   0.19871163 -0.43128837]]","[1863. 2239.  932. 1967. 2255.  915. 2155. 2177.  994. 2232. 2239.  932.
 2128. 2255.  915. 1940. 2177.  994.]","[1860. 2223.  943. 1988. 2225.  935. 2174. 2196.  975. 2235. 2225.  940.
 2115. 2228.  929. 1921. 2197.  975.]","[-16.287    4.186   62.353    1.5259   0.4883  -0.2441  -0.0854  -0.311
   0.9487]",112
415,2,"[[ 0.28140409 -0.29402799  0.33597201]
 [-0.1560824  -0.19029327  0.43970673]
 [-0.12984168 -0.31912094  0.31087906]
 [ 0.12984168  0.31912094 -0.31087906]
 [-0.28140409  0.29402799 -0.33597201]
 [ 0.1560824   0.19029327 -0.43970673]]","[1864. 2239.  932. 1963. 2256.  915. 2149. 2172.  999. 2231. 2239.  932.
 2132. 2256.  915. 1946. 2172.  999.]","[1862. 2224.  942. 1984. 2224.  935. 2168. 2191.  981. 2234. 2225.  940.
 2119. 2228.  929. 1927. 2191.  982.]","[-16.238    4.208   62.342    1.4038   0.6714  -0.1221  -0.0815  -0.2974
   0.9434]",112
416,2,"[[ 0.27929891 -0.29440479  0.33559521]
 [-0.14634032 -0.18215955  0.44784045]
 [-0.13583103 -0.31917603  0.31082397]
 [ 0.13583103  0.31917603 -0.31082397]
 [-0.27929891  0.29440479 -0.33559521]
 [ 0.14634032  0.18215955 -0.44784045]]","[1865. 2239.  932. 1959. 2256.  915. 2143. 2166. 1005. 2230. 2239.  932.
 2136. 2256.  915. 1952. 2166. 1005.]","[1864. 2225.  941. 1980. 2224.  935. 2161. 2184.  987. 2232. 2225.  939.
 2123. 2228.  929. 1934. 2186.  988.]","[-1.6194e+01  4.2350e+00  6.2331e+01  1.2817e+00  6.7140e-01 -6.1000e-02
 -9.5700e-02 -2.9540e-01  9.4530e-01]",112
417,2,"[[ 0.27709993 -0.29478362  0.33521638]
 [-0.13643328 -0.17432035  0.45567965]
 [-0.14174734 -0.31922376  0.31077624]
 [ 0.14174734  0.31922376 -0.31077624]
 [-0.27709993  0.29478362 -0.33521638]
 [ 0.13643328  0.17432035 -0.45567965]]","[1867. 2240.  931. 1955. 2256.  915. 2136. 2161. 1010. 2228. 2240.  931.
 2140. 2256.  915. 1959. 2161. 1010.]","[1864. 2224.  941. 1977. 2224.  935. 2155. 2179.  993. 2231. 2225.  939.
 2126. 2228.  929. 1940. 2181.  993.]","[-1.6150e+01  4.2630e+00  6.2325e+01  1.2207e+00  6.1040e-01  6.1000e-02
 -7.7600e-02 -2.9150e-01  9.3850e-01]",112
418,2,"[[ 0.2748079  -0.29516431  0.33483569]
 [-0.12637723 -0.16678528  0.46321472]
 [-0.14758803 -0.3192641   0.3107359 ]
 [ 0.14758803  0.3192641  -0.3107359 ]
 [-0.2748079   0.29516431 -0.33483569]
 [ 0.12637723  0.16678528 -0.46321472]]","[1868. 2240.  931. 1951. 2256.  915. 2130. 2156. 1015. 2227. 2240.  931.
 2144. 2256.  915. 1965. 2156. 1015.]","[1866. 2225.  941. 1974. 2224.  935. 2149. 2174.  998. 2229. 2225.  939.
 2130. 2227.  929. 1945. 2175.  998.]","[-16.133    4.274   62.32     0.6714   0.3052   0.      -0.0776  -0.2891
   0.9453]",112
419,2,"[[ 0.27242358 -0.29554671  0.33445329]
 [-0.11618804 -0.15956359  0.47043641]
 [-0.15335058 -0.319297    0.310703  ]
 [ 0.15335058  0.319297   -0.310703  ]
 [-0.27242358  0.29554671 -0.33445329]
 [ 0.11618804  0.15956359 -0.47043641]]","[1870. 2240.  931. 1948. 2256.  915. 2123. 2152. 1019. 2225. 2240.  931.
 2147. 2256.  915. 1972. 2152. 1019.]","[1867. 2226.  940. 1970. 2224.  936. 2142. 2168. 1004. 2228. 2225.  938.
 2133. 2228.  929. 1952. 2170. 1004.]","[-1.6133e+01  4.2790e+00  6.2309e+01  6.1000e-02  6.1000e-02 -2.4410e-01
 -7.5200e-02 -2.6710e-01  9.5260e-01]",112
420,2,"[[ 0.26994776 -0.29593066  0.33406934]
 [-0.10588146 -0.1526642   0.4773358 ]
 [-0.15903252 -0.31932243  0.31067757]
 [ 0.15903252  0.31932243 -0.31067757]
 [-0.26994776  0.29593066 -0.33406934]
 [ 0.10588146  0.1526642  -0.4773358 ]]","[1872. 2240.  931. 1944. 2256.  915. 2117. 2147. 1024. 2223. 2240.  931.
 2151. 2256.  915. 1978. 2147. 1024.]","[1869. 2226.  939. 1967. 2224.  935. 2136. 2163. 1009. 2226. 2225.  938.
 2138. 2228.  929. 1959. 2165. 1009.]","[-16.128    4.285   62.292    0.2441   0.1831  -0.3662  -0.083   -0.2759
   0.9619]",112
421,2,"[[ 0.26738129 -0.29631599  0.33368401]
 [-0.09547307 -0.14609571  0.48390429]
 [-0.16463144 -0.31934039  0.31065961]
 [ 0.16463144  0.31934039 -0.31065961]
 [-0.26738129  0.29631599 -0.33368401]
 [ 0.09547307  0.14609571 -0.48390429]]","[1873. 2241.  930. 1940. 2256.  915. 2110. 2143. 1028. 2222. 2241.  930.
 2155. 2256.  915. 1985. 2143. 1028.]","[1871. 2227.  939. 1964. 2224.  935. 2130. 2158. 1014. 2224. 2225.  937.
 2141. 2228.  929. 1965. 2161. 1014.]","[-16.117    4.296   62.281    0.3052   0.2441  -0.2441  -0.0679  -0.2817
   0.9595]",112
422,2,"[[ 0.26472503 -0.29670254  0.33329746]
 [-0.08497833 -0.13986632  0.49013368]
 [-0.17014499 -0.31935099  0.31064901]
 [ 0.17014499  0.31935099 -0.31064901]
 [-0.26472503  0.29670254 -0.33329746]
 [ 0.08497833  0.13986632 -0.49013368]]","[1875. 2241.  930. 1937. 2256.  915. 2103. 2139. 1032. 2220. 2241.  930.
 2158. 2256.  915. 1992. 2139. 1032.]","[1872. 2227.  938. 1961. 2224.  936. 2124. 2154. 1019. 2223. 2225.  937.
 2144. 2228.  929. 1971. 2155. 1018.]","[-16.111    4.301   62.265    0.1831   0.2441  -0.3662  -0.0625  -0.2769
   0.9614]",112
423,2,"[[ 0.26197986 -0.29709015  0.33290985]
 [-0.07441246 -0.13398387  0.49601613]
 [-0.17557085 -0.31935434  0.31064566]
 [ 0.17557085  0.31935434 -0.31064566]
 [-0.26197986  0.29709015 -0.33290985]
 [ 0.07441246  0.13398387 -0.49601613]]","[1877. 2241.  930. 1933. 2256.  915. 2096. 2135. 1036. 2218. 2241.  930.
 2162. 2256.  915. 1999. 2135. 1036.]","[1874. 2227.  937. 1957. 2224.  935. 2117. 2149. 1024. 2221. 2225.  937.
 2147. 2228.  929. 1978. 2151. 1023.]","[-16.106    4.307   62.238    0.3052   0.2441  -0.5493  -0.0757  -0.2734
   0.9575]",112
424,2,"[[ 0.25914671 -0.29747866  0.33252134]
 [-0.0637905  -0.12845579  0.50154421]
 [-0.18090677 -0.31934684  0.31065316]
 [ 0.18090677  0.31934684 -0.31065316]
 [-0.25914671  0.29747866 -0.33252134]
 [ 0.0637905   0.12845579 -0.50154421]]","[1879. 2241.  930. 1930. 2256.  915. 2089. 2131. 1040. 2216. 2241.  930.
 2165. 2256.  915. 2006. 2131. 1040.]","[1876. 2227.  937. 1953. 2224.  935. 2110. 2144. 1027. 2219. 2225.  936.
 2151. 2228.  929. 1985. 2147. 1027.]","[-16.089    4.312   62.216    0.4272   0.3052  -0.4883  -0.0835  -0.2734
   0.9512]",112
425,2,"[[ 0.25622654 -0.29786792  0.33213208]
 [-0.05312727 -0.12328912  0.50671088]
 [-0.18615056 -0.31931555  0.31068445]
 [ 0.18615056  0.31931555 -0.31068445]
 [-0.25622654  0.29786792 -0.33213208]
 [ 0.05312727  0.12328912 -0.50671088]]","[1880. 2242.  929. 1926. 2256.  915. 2082. 2128. 1043. 2215. 2242.  929.
 2169. 2256.  915. 2013. 2128. 1043.]","[1878. 2228.  936. 1950. 2224.  935. 2103. 2141. 1032. 2217. 2225.  936.
 2155. 2228.  929. 1992. 2143. 1031.]","[-16.078    4.318   62.199    0.1831   0.1831  -0.3052  -0.0835  -0.2778
   0.9565]",112
426,2,"[[ 0.25322031 -0.29825776  0.33174224]
 [-0.04243732 -0.11849049  0.51150951]
 [-0.19130008 -0.31925698  0.31074302]
 [ 0.19130008  0.31925698 -0.31074302]
 [-0.25322031  0.29825776 -0.33174224]
 [ 0.04243732  0.11849049 -0.51150951]]","[1882. 2242.  929. 1923. 2256.  915. 2075. 2125. 1046. 2213. 2242.  929.
 2172. 2256.  915. 2020. 2125. 1046.]","[1880. 2227.  936. 1947. 2224.  935. 2096. 2137. 1036. 2216. 2225.  936.
 2158. 2228.  929. 1999. 2139. 1035.]","[-1.6078e+01  4.3290e+00  6.2188e+01  6.1000e-02  1.8310e-01 -2.4410e-01
 -7.7100e-02 -2.8420e-01  9.4970e-01]",112
427,2,"[[ 0.25012904 -0.29864802  0.33135198]
 [-0.03173495 -0.11406608  0.51593392]
 [-0.19635325 -0.31917405  0.31082595]
 [ 0.19635325  0.31917405 -0.31082595]
 [-0.25012904  0.29864802 -0.33135198]
 [ 0.03173495  0.11406608 -0.51593392]]","[1884. 2242.  929. 1919. 2256.  915. 2068. 2122. 1049. 2211. 2242.  929.
 2176. 2256.  915. 2027. 2122. 1049.]","[1881. 2228.  936. 1944. 2224.  936. 2089. 2133. 1039. 2214. 2225.  936.
 2161. 2228.  929. 2006. 2136. 1039.]","[-16.073    4.329   62.172    0.1221   0.1221  -0.3662  -0.0815  -0.2876
   0.9565]",112
428,2,"[[ 0.24695378 -0.29903854  0.33096146]
 [-0.02103418 -0.11002166  0.51997834]
 [-0.20130805 -0.31906762  0.31093238]
 [ 0.20130805  0.31906762 -0.31093238]
 [-0.24695378  0.29903854 -0.33096146]
 [ 0.02103418  0.11002166 -0.51997834]]","[1887. 2242.  929. 1916. 2255.  915. 2061. 2119. 1052. 2208. 2242.  929.
 2179. 2255.  915. 2034. 2119. 1052.]","[1883. 2228.  935. 1941. 2224.  936. 2082. 2130. 1043. 2212. 2225.  936.
 2164. 2228.  929. 2013. 2132. 1042.]","[-1.6078e+01  4.3340e+00  6.2161e+01  0.0000e+00  6.1000e-02 -3.0520e-01
 -7.6700e-02 -2.8910e-01  9.4920e-01]",112
429,2,"[[ 0.24369558 -0.29942917  0.33057083]
 [-0.01034874 -0.10636254  0.52363746]
 [-0.2061625  -0.3189381   0.3110619 ]
 [ 0.2061625   0.3189381  -0.3110619 ]
 [-0.24369558  0.29942917 -0.33057083]
 [ 0.01034874  0.10636254 -0.52363746]]","[1889. 2243.  928. 1913. 2255.  916. 2054. 2117. 1054. 2206. 2243.  928.
 2182. 2255.  916. 2041. 2117. 1054.]","[1885. 2228.  935. 1937. 2224.  936. 2076. 2127. 1046. 2210. 2225.  936.
 2168. 2228.  929. 2020. 2130. 1045.]","[-1.6078e+01  4.3340e+00  6.2144e+01  0.0000e+00  6.1000e-02 -3.0520e-01
 -7.2800e-02 -2.8220e-01  9.6390e-01]",112
430,2,"[[ 2.40355533e-01 -2.99819744e-01  3.30180256e-01]
 [ 3.07942945e-04 -1.03093562e-01  5.26906438e-01]
 [-2.10914705e-01 -3.18785885e-01  3.11214115e-01]
 [ 2.10914705e-01  3.18785885e-01 -3.11214115e-01]
 [-2.40355533e-01  2.99819744e-01 -3.30180256e-01]
 [-3.07942945e-04  1.03093562e-01 -5.26906438e-01]]","[1891. 2243.  928. 1910. 2255.  916. 2047. 2115. 1056. 2204. 2243.  928.
 2185. 2255.  916. 2048. 2115. 1056.]","[1889. 2228.  934. 1935. 2225.  935. 2068. 2124. 1049. 2207. 2225.  935.
 2171. 2228.  929. 2027. 2126. 1048.]","[-1.6078e+01  4.3340e+00  6.2133e+01  1.8310e-01  6.1000e-02 -2.4410e-01
 -7.4200e-02 -2.8030e-01  9.6190e-01]",112
431,2,"[[ 0.23693477 -0.30021011  0.32978989]
 [ 0.01092276 -0.10021913  0.52978087]
 [-0.2155628  -0.31861136  0.31138864]
 [ 0.2155628   0.31861136 -0.31138864]
 [-0.23693477  0.30021011 -0.32978989]
 [-0.01092276  0.10021913 -0.52978087]]","[1893. 2243.  928. 1907. 2255.  916. 2040. 2113. 1058. 2202. 2243.  928.
 2188. 2255.  916. 2055. 2113. 1058.]","[1890. 2229.  934. 1931. 2224.  935. 2061. 2122. 1051. 2205. 2225.  935.
 2174. 2227.  929. 2034. 2124. 1051.]","[-16.073    4.34    62.122    0.1831   0.1221  -0.3662  -0.0718  -0.2734
   0.9487]",112
432,2,"[[ 0.23343444 -0.30060011  0.32939989]
 [ 0.02148291 -0.09774317  0.53225683]
 [-0.220105   -0.31841494  0.31158506]
 [ 0.220105    0.31841494 -0.31158506]
 [-0.23343444  0.30060011 -0.32939989]
 [-0.02148291  0.09774317 -0.53225683]]","[1895. 2243.  928. 1904. 2255.  916. 2033. 2111. 1060. 2200. 2243.  928.
 2191. 2255.  916. 2062. 2111. 1060.]","[1893. 2229.  933. 1928. 2224.  936. 2054. 2119. 1053. 2203. 2225.  935.
 2177. 2228.  929. 2041. 2121. 1053.]","[-1.6068e+01  4.3400e+00  6.2106e+01  6.1000e-02  1.2210e-01 -3.6620e-01
 -8.4000e-02 -2.7490e-01  9.6090e-01]",112
433,2,"[[ 0.22985571 -0.30098958  0.32901042]
 [ 0.03197596 -0.09566913  0.53433087]
 [-0.22453956 -0.31819708  0.31180292]
 [ 0.22453956  0.31819708 -0.31180292]
 [-0.22985571  0.30098958 -0.32901042]
 [-0.03197596  0.09566913 -0.53433087]]","[1898. 2244.  927. 1901. 2255.  916. 2027. 2110. 1061. 2197. 2244.  927.
 2194. 2255.  916. 2068. 2110. 1061.]","[1894. 2229.  933. 1925. 2225.  936. 2048. 2117. 1056. 2201. 2225.  935.
 2180. 2228.  928. 2048. 2119. 1055.]","[-1.6062e+01  4.3450e+00  6.2089e+01  6.1000e-02  1.2210e-01 -2.4410e-01
 -7.2300e-02 -2.7490e-01  9.5800e-01]",112
434,2,"[[ 0.2261998  -0.30137837  0.32862163]
 [ 0.04238979 -0.09399997  0.53600003]
 [-0.22886482 -0.31795822  0.31204178]
 [ 0.22886482  0.31795822 -0.31204178]
 [-0.2261998   0.30137837 -0.32862163]
 [-0.04238979  0.09399997 -0.53600003]]","[1900. 2244.  927. 1898. 2255.  916. 2020. 2109. 1062. 2195. 2244.  927.
 2197. 2255.  916. 2075. 2109. 1062.]","[1897. 2229.  932. 1922. 2224.  936. 2041. 2115. 1057. 2199. 2225.  934.
 2183. 2228.  929. 2054. 2117. 1057.]","[-1.6062e+01  4.3510e+00  6.2078e+01  6.1000e-02  1.2210e-01 -2.4410e-01
 -7.9600e-02 -2.8120e-01  9.5410e-01]",112
435,2,"[[ 0.22246791 -0.30176633  0.32823367]
 [ 0.05271264 -0.09273818  0.53726182]
 [-0.23307915 -0.31769885  0.31230115]
 [ 0.23307915  0.31769885 -0.31230115]
 [-0.22246791  0.30176633 -0.32823367]
 [-0.05271264  0.09273818 -0.53726182]]","[1902. 2244.  927. 1896. 2255.  916. 2013. 2108. 1063. 2193. 2244.  927.
 2199. 2255.  916. 2082. 2108. 1063.]","[1899. 2229.  932. 1918. 2225.  936. 2034. 2113. 1059. 2196. 2225.  934.
 2186. 2227.  929. 2061. 2115. 1059.]","[-16.057    4.356   62.056    0.       0.      -0.3052  -0.0737  -0.2798
   0.9575]",112
436,2,"[[ 0.21866132 -0.30215331  0.32784669]
 [ 0.06293311 -0.09188583  0.53811417]
 [-0.23718099 -0.31741947  0.31258053]
 [ 0.23718099  0.31741947 -0.31258053]
 [-0.21866132  0.30215331 -0.32784669]
 [-0.06293311  0.09188583 -0.53811417]]","[1905. 2244.  926. 1893. 2254.  917. 2006. 2107. 1064. 2190. 2244.  926.
 2202. 2254.  917. 2089. 2107. 1064.]","[1901. 2229.  931. 1916. 2225.  936. 2027. 2112. 1060. 2194. 2225.  935.
 2189. 2228.  929. 2069. 2114. 1060.]","[-16.057    4.351   62.045    0.       0.      -0.2441  -0.0747  -0.2842
   0.9556]",112
437,2,"[[ 0.21478129 -0.30253915  0.32746085]
 [ 0.07304014 -0.09144576  0.53855424]
 [-0.24116886 -0.31712058  0.31287942]
 [ 0.24116886  0.31712058 -0.31287942]
 [-0.21478129  0.30253915 -0.32746085]
 [-0.07304014  0.09144576 -0.53855424]]","[1907. 2245.  926. 1890. 2254.  917. 2000. 2107. 1064. 2188. 2245.  926.
 2205. 2254.  917. 2095. 2107. 1064.]","[1904. 2229.  931. 1913. 2225.  935. 2020. 2111. 1061. 2192. 2225.  934.
 2192. 2228.  929. 2075. 2113. 1061.]","[-16.057    4.351   62.034    0.       0.      -0.1831  -0.0713  -0.2861
   0.9575]",112
438,2,"[[ 0.21082913 -0.30292369  0.32707631]
 [ 0.08302305 -0.0914285   0.5385715 ]
 [-0.2450413  -0.31680272  0.31319728]
 [ 0.2450413   0.31680272 -0.31319728]
 [-0.21082913  0.30292369 -0.32707631]
 [-0.08302305  0.0914285  -0.5385715 ]]","[1910. 2245.  926. 1888. 2254.  917. 1993. 2107. 1064. 2185. 2245.  926.
 2207. 2254.  917. 2102. 2107. 1064.]","[1906. 2229.  930. 1910. 2224.  935. 2013. 2110. 1062. 2190. 2225.  934.
 2194. 2228.  929. 2082. 2112. 1062.]","[-1.6057e+01  4.3510e+00  6.2023e+01  6.1000e-02  1.2210e-01 -3.0520e-01
 -7.3200e-02 -2.8030e-01  9.5560e-01]",112
439,2,"[[ 0.20680617 -0.30330679  0.32669321]
 [ 0.09287154 -0.09170535  0.53829465]
 [-0.24879694 -0.31646642  0.31353358]
 [ 0.24879694  0.31646642 -0.31353358]
 [-0.20680617  0.30330679 -0.32669321]
 [-0.09287154  0.09170535 -0.53829465]]","[1913. 2245.  926. 1885. 2254.  917. 1987. 2107. 1064. 2182. 2245.  926.
 2210. 2254.  917. 2108. 2107. 1064.]","[1908. 2229.  930. 1908. 2225.  935. 2007. 2110. 1062. 2187. 2225.  934.
 2197. 2228.  929. 2088. 2111. 1062.]","[-1.6057e+01  4.3560e+00  6.2007e+01  1.2210e-01  6.1000e-02 -3.0520e-01
 -8.6900e-02 -2.7930e-01  9.5560e-01]",112
440,2,"[[ 0.20271375 -0.30368831  0.32631169]
 [ 0.10257566 -0.09201136  0.53798864]
 [-0.25243447 -0.31611225  0.31388775]
 [ 0.25243447  0.31611225 -0.31388775]
 [-0.20271375  0.30368831 -0.32631169]
 [-0.10257566  0.09201136 -0.53798864]]","[1915. 2245.  925. 1883. 2254.  917. 1981. 2107. 1063. 2180. 2245.  925.
 2212. 2254.  917. 2114. 2107. 1063.]","[1911. 2229.  930. 1905. 2225.  936. 2000. 2109. 1063. 2184. 2225.  934.
 2200. 2228.  929. 2095. 2111. 1063.]","[-16.051    4.356   61.996    0.       0.1221  -0.1831  -0.0737  -0.2778
   0.9517]",112
441,2,"[[ 0.19855326 -0.30406808  0.32593192]
 [ 0.11212583 -0.09240057  0.53759943]
 [-0.25595262 -0.31574076  0.31425924]
 [ 0.25595262  0.31574076 -0.31425924]
 [-0.19855326  0.30406808 -0.32593192]
 [-0.11212583  0.09240057 -0.53759943]]","[1918. 2246.  925. 1881. 2253.  918. 1974. 2108. 1063. 2177. 2246.  925.
 2214. 2253.  918. 2121. 2108. 1063.]","[1914. 2229.  930. 1902. 2225.  935. 1994. 2109. 1063. 2182. 2225.  934.
 2203. 2228.  929. 2101. 2111. 1063.]","[-1.6051e+01  4.3620e+00  6.1985e+01  0.0000e+00  6.1000e-02 -3.0520e-01
 -7.1300e-02 -2.7540e-01  9.6390e-01]",112
442,2,"[[ 0.19432609 -0.30444596  0.32555404]
 [ 0.12151286 -0.09290205  0.53709795]
 [-0.25935019 -0.31535255  0.31464745]
 [ 0.25935019  0.31535255 -0.31464745]
 [-0.19432609  0.30444596 -0.32555404]
 [-0.12151286  0.09290205 -0.53709795]]","[1921. 2246.  925. 1878. 2253.  918. 1968. 2108. 1063. 2174. 2246.  925.
 2217. 2253.  918. 2127. 2108. 1063.]","[1917. 2230.  930. 1900. 2224.  935. 1987. 2109. 1062. 2180. 2225.  934.
 2205. 2227.  929. 2108. 2111. 1062.]","[-16.051    4.362   61.974    0.1221   0.1831  -0.3662  -0.0757  -0.2764
   0.958 ]",112
443,2,"[[ 0.19003366 -0.30482182  0.32517818]
 [ 0.13072793 -0.09352402  0.53647598]
 [-0.26262605 -0.3149482   0.3150518 ]
 [ 0.26262605  0.3149482  -0.3150518 ]
 [-0.19003366  0.30482182 -0.32517818]
 [-0.13072793  0.09352402 -0.53647598]]","[1924. 2246.  925. 1876. 2253.  918. 1962. 2108. 1063. 2171. 2246.  925.
 2219. 2253.  918. 2133. 2108. 1063.]","[1920. 2231.  930. 1897. 2224.  935. 1981. 2109. 1063. 2177. 2225.  933.
 2208. 2228.  929. 2114. 2111. 1063.]","[-16.046    4.367   61.957    0.1221   0.2441  -0.2441  -0.0767  -0.2812
   0.9585]",112
444,2,"[[ 0.1856774  -0.30519549  0.32480451]
 [ 0.13976259 -0.09426996  0.53573004]
 [-0.26577911 -0.31452832  0.31547168]
 [ 0.26577911  0.31452832 -0.31547168]
 [-0.1856774   0.30519549 -0.32480451]
 [-0.13976259  0.09426996 -0.53573004]]","[1926. 2246.  925. 1874. 2253.  918. 1956. 2109. 1062. 2169. 2246.  925.
 2221. 2253.  918. 2139. 2109. 1062.]","[1922. 2231.  929. 1895. 2225.  936. 1974. 2109. 1062. 2174. 2226.  934.
 2210. 2228.  929. 2121. 2111. 1062.]","[-16.04     4.373   61.946    0.1221   0.1831  -0.1221  -0.0771  -0.2837
   0.9536]",112
445,2,"[[ 0.18125879 -0.30556685  0.32443315]
 [ 0.14860875 -0.09514236  0.53485764]
 [-0.26880836 -0.3140935   0.3159065 ]
 [ 0.26880836  0.3140935  -0.3159065 ]
 [-0.18125879  0.30556685 -0.32443315]
 [-0.14860875  0.09514236 -0.53485764]]","[1929. 2247.  924. 1872. 2252.  919. 1951. 2110. 1061. 2166. 2247.  924.
 2223. 2252.  919. 2144. 2110. 1061.]","[1924. 2232.  929. 1892. 2224.  936. 1969. 2109. 1062. 2172. 2225.  933.
 2212. 2227.  929. 2127. 2111. 1062.]","[-16.035    4.378   61.935    0.1221   0.1221  -0.2441  -0.0796  -0.2812
   0.9507]",112
446,2,"[[ 0.17677931 -0.30593574  0.32406426]
 [ 0.15725872 -0.09614344  0.53385656]
 [-0.27171283 -0.31364437  0.31635563]
 [ 0.27171283  0.31364437 -0.31635563]
 [-0.17677931  0.30593574 -0.32406426]
 [-0.15725872  0.09614344 -0.53385656]]","[1932. 2247.  924. 1870. 2252.  919. 1945. 2110. 1061. 2163. 2247.  924.
 2225. 2252.  919. 2150. 2110. 1061.]","[1927. 2233.  929. 1890. 2224.  935. 1963. 2109. 1062. 2170. 2225.  933.
 2214. 2228.  929. 2133. 2111. 1062.]","[-1.6029e+01  4.3840e+00  6.1924e+01  6.1000e-02  1.8310e-01 -2.4410e-01
 -7.3200e-02 -2.8080e-01  9.5800e-01]",112
447,2,"[[ 0.17224047 -0.30630203  0.32369797]
 [ 0.16570517 -0.09727531  0.53272469]
 [-0.27449163 -0.31318156  0.31681844]
 [ 0.27449163  0.31318156 -0.31681844]
 [-0.17224047  0.30630203 -0.32369797]
 [-0.16570517  0.09727531 -0.53272469]]","[1935. 2247.  924. 1869. 2252.  919. 1939. 2111. 1060. 2160. 2247.  924.
 2226. 2252.  919. 2156. 2111. 1060.]","[1930. 2233.  929. 1887. 2224.  935. 1957. 2110. 1062. 2167. 2225.  932.
 2216. 2228.  929. 2139. 2112. 1062.]","[-1.6029e+01  4.3890e+00  6.1913e+01  6.1000e-02  1.2210e-01 -2.4410e-01
 -7.2800e-02 -2.7880e-01  9.5700e-01]",112
448,2,"[[ 0.16764377 -0.30666557  0.32333443]
 [ 0.17394111 -0.09853999  0.53146001]
 [-0.27714392 -0.31270568  0.31729432]
 [ 0.27714392  0.31270568 -0.31729432]
 [-0.16764377  0.30666557 -0.32333443]
 [-0.17394111  0.09853999 -0.53146001]]","[1938. 2247.  924. 1867. 2251.  920. 1934. 2112. 1059. 2157. 2247.  924.
 2228. 2251.  920. 2161. 2112. 1059.]","[1933. 2233.  928. 1885. 2224.  935. 1951. 2111. 1062. 2164. 2225.  932.
 2219. 2228.  929. 2144. 2112. 1061.]","[-1.6029e+01  4.3950e+00  6.1902e+01  6.1000e-02  1.8310e-01 -2.4410e-01
 -7.3200e-02 -2.7880e-01  9.5310e-01]",112
449,2,"[[ 0.16299078 -0.30702623  0.32297377]
 [ 0.18195996 -0.09993938  0.53006062]
 [-0.27966891 -0.31221739  0.31778261]
 [ 0.27966891  0.31221739 -0.31778261]
 [-0.16299078  0.30702623 -0.32297377]
 [-0.18195996  0.09993938 -0.53006062]]","[1941. 2248.  923. 1865. 2251.  920. 1929. 2113. 1058. 2154. 2248.  923.
 2230. 2251.  920. 2166. 2113. 1058.]","[1936. 2233.  928. 1883. 2225.  935. 1945. 2111. 1060. 2162. 2225.  932.
 2221. 2228.  929. 2150. 2112. 1060.]","[-1.6024e+01  4.3950e+00  6.1891e+01  1.2210e-01  6.1000e-02 -2.4410e-01
 -7.2800e-02 -2.8030e-01  9.5310e-01]",112
450,2,"[[ 0.15828305 -0.30738388  0.32261612]
 [ 0.18975548 -0.10147531  0.52852469]
 [-0.28206589 -0.3117173   0.3182827 ]
 [ 0.28206589  0.3117173  -0.3182827 ]
 [-0.15828305  0.30738388 -0.32261612]
 [-0.18975548  0.10147531 -0.52852469]]","[1944. 2248.  923. 1864. 2251.  920. 1924. 2114. 1057. 2151. 2248.  923.
 2231. 2251.  920. 2171. 2114. 1057.]","[1939. 2233.  928. 1881. 2224.  936. 1938. 2112. 1059. 2157. 2225.  932.
 2224. 2228.  929. 2157. 2113. 1059.]","[-1.6024e+01  4.3950e+00  6.1880e+01  0.0000e+00  6.1000e-02 -3.0520e-01
 -7.6200e-02 -2.7780e-01  9.5900e-01]",112
451,2,"[[ 0.15352216 -0.30773838  0.32226162]
 [ 0.19732178 -0.10314951  0.52685049]
 [-0.28433418 -0.31120607  0.31879393]
 [ 0.28433418  0.31120607 -0.31879393]
 [-0.15352216  0.30773838 -0.32226162]
 [-0.19732178  0.10314951 -0.52685049]]","[1947. 2248.  923. 1862. 2250.  921. 1919. 2115. 1056. 2148. 2248.  923.
 2233. 2250.  921. 2176. 2115. 1056.]","[1942. 2233.  928. 1880. 2224.  935. 1935. 2113. 1059. 2156. 2226.  932.
 2225. 2227.  929. 2161. 2113. 1058.]","[-16.024    4.395   61.864    0.       0.1221  -0.3662  -0.0771  -0.2769
   0.9585]",112
452,2,"[[ 0.14870972 -0.30808959  0.32191041]
 [ 0.20465333 -0.1049636   0.5250364 ]
 [-0.2864732  -0.31068434  0.31931566]
 [ 0.2864732   0.31068434 -0.31931566]
 [-0.14870972  0.30808959 -0.32191041]
 [-0.20465333  0.1049636  -0.5250364 ]]","[1951. 2248.  923. 1861. 2250.  921. 1914. 2116. 1055. 2144. 2248.  923.
 2234. 2250.  921. 2181. 2116. 1055.]","[1944. 2233.  927. 1878. 2224.  936. 1930. 2114. 1057. 2154. 2227.  932.
 2226. 2228.  929. 2166. 2113. 1057.]","[-1.6024e+01  4.3950e+00  6.1848e+01  0.0000e+00  6.1000e-02 -3.6620e-01
 -8.1500e-02 -2.7980e-01  9.5260e-01]",112
453,2,"[[ 0.14384733 -0.30843739  0.32156261]
 [ 0.21174497 -0.1069191   0.5230809 ]
 [-0.2884824  -0.31015276  0.31984724]
 [ 0.2884824   0.31015276 -0.31984724]
 [-0.14384733  0.30843739 -0.32156261]
 [-0.21174497  0.1069191  -0.5230809 ]]","[1954. 2249.  922. 1859. 2250.  921. 1909. 2117. 1054. 2141. 2249.  922.
 2236. 2250.  921. 2186. 2117. 1054.]","[1947. 2233.  927. 1876. 2224.  936. 1925. 2115. 1056. 2152. 2226.  932.
 2228. 2227.  929. 2171. 2115. 1056.]","[-16.024    4.395   61.837   -0.1221   0.      -0.3052  -0.0776  -0.2798
   0.9565]",112
454,2,"[[ 0.01424797 -0.31554675  0.31445325]
 [ 0.30235186 -0.20116555  0.42883445]
 [-0.28461585 -0.29582243  0.33417757]
 [ 0.28461585  0.29582243 -0.33417757]
 [-0.01424797  0.31554675 -0.31445325]
 [-0.30235186  0.20116555 -0.42883445]]","[2038. 2253.  918. 1862. 2240.  931. 1850. 2179.  992. 2057. 2253.  918.
 2233. 2240.  931. 2245. 2179.  992.]","[1950. 2233.  927. 1874. 2224.  935. 1919. 2116. 1056. 2149. 2227.  932.
 2231. 2228.  929. 2176. 2116. 1055.]","[-1.6029e+01  4.3950e+00  6.1820e+01 -6.1000e-02  0.0000e+00 -3.0520e-01
 -7.6200e-02 -2.7980e-01  9.5560e-01]",112
455,2,"[[ 0.00869954 -0.31576957  0.31423043]
 [ 0.30256159 -0.20687512  0.42312488]
 [-0.28081346 -0.29522755  0.33477245]
 [ 0.28081346  0.29522755 -0.33477245]
 [-0.00869954  0.31576957 -0.31423043]
 [-0.30256159  0.20687512 -0.42312488]]","[2042. 2253.  918. 1864. 2240.  931. 1850. 2182.  989. 2053. 2253.  918.
 2231. 2240.  931. 2245. 2182.  989.]","[1967. 2235.  926. 1874. 2224.  936. 1903. 2128. 1044. 2131. 2227.  931.
 2231. 2227.  932. 2193. 2132. 1043.]","[-1.6029e+01  4.3950e+00  6.1809e+01  0.0000e+00  6.1000e-02 -3.6620e-01
 -7.7600e-02 -2.8080e-01  9.5560e-01]",112
456,2,"[[ 0.00314819 -0.31598623  0.31401377]
 [ 0.30255593 -0.21271878  0.41728122]
 [-0.27668276 -0.29463692  0.33536308]
 [ 0.27668276  0.29463692 -0.33536308]
 [-0.00314819  0.31598623 -0.31401377]
 [-0.30255593  0.21271878 -0.41728122]]","[2045. 2253.  917. 1867. 2240.  931. 1850. 2186.  985. 2050. 2253.  917.
 2228. 2240.  931. 2245. 2186.  985.]","[1992. 2237.  926. 1873. 2225.  937. 1885. 2150. 1022. 2108. 2227.  930.
 2232. 2226.  934. 2211. 2149. 1021.]","[-1.6029e+01  4.4000e+00  6.1793e+01  0.0000e+00  3.0520e-01 -6.1000e-02
 -1.1080e-01 -2.8170e-01  9.7750e-01]",112
457,2,"[[-0.00240423 -0.31619665  0.31380335]
 [ 0.30246135 -0.21867711  0.41132289]
 [-0.27223271 -0.29405117  0.33594883]
 [ 0.27223271  0.29405117 -0.33594883]
 [ 0.00240423  0.31619665 -0.31380335]
 [-0.30246135  0.21867711 -0.41132289]]","[2049. 2254.  917. 1870. 2239.  932. 1850. 2190.  981. 2046. 2254.  917.
 2225. 2239.  932. 2245. 2190.  981.]","[2008. 2238.  926. 1873. 2225.  938. 1873. 2164. 1009. 2093. 2227.  930.
 2235. 2226.  935. 2227. 2164. 1007.]","[-1.6024e+01  4.4060e+00  6.1809e+01  0.0000e+00 -5.4930e-01  7.3240e-01
 -4.5400e-02 -1.8550e-01  9.6480e-01]",112
458,2,"[[-0.00795583 -0.31640077  0.31359923]
 [ 0.30231389 -0.22473504  0.40526496]
 [-0.2674725  -0.29347092  0.33652908]
 [ 0.2674725   0.29347092 -0.33652908]
 [ 0.00795583  0.31640077 -0.31359923]
 [-0.30231389  0.22473504 -0.40526496]]","[2053. 2254.  917. 1873. 2239.  932. 1850. 2194.  977. 2042. 2254.  917.
 2222. 2239.  932. 2245. 2194.  977.]","[2021. 2239.  924. 1872. 2225.  938. 1862. 2173.  999. 2082. 2227.  930.
 2235. 2225.  937. 2236. 2173.  997.]","[-16.002    4.4     61.837    0.1831   0.       0.3662  -0.0835  -0.124
   1.0557]",112
459,2,"[[-0.01350476 -0.31659852  0.31340148]
 [ 0.30211186 -0.23088837  0.39911163]
 [-0.26241153 -0.29289681  0.33710319]
 [ 0.26241153  0.29289681 -0.33710319]
 [ 0.01350476  0.31659852 -0.31340148]
 [-0.30211186  0.23088837 -0.39911163]]","[2056. 2254.  917. 1876. 2238.  933. 1851. 2198.  973. 2039. 2254.  917.
 2219. 2238.  933. 2244. 2198.  973.]","[2030. 2239.  924. 1868. 2225.  939. 1858. 2181.  991. 2071. 2228.  929.
 2234. 2225.  939. 2241. 2181.  991.]","[-15.947    4.422   61.853    0.9766   0.6714   0.6104  -0.0928  -0.1821
   0.9087]",112
460,2,"[[-0.01904916 -0.31678983  0.31321017]
 [ 0.30185192 -0.23713404  0.39286596]
 [-0.25705941 -0.29232943  0.33767057]
 [ 0.25705941  0.29232943 -0.33767057]
 [ 0.01904916  0.31678983 -0.31321017]
 [-0.30185192  0.23713404 -0.39286596]]","[2060. 2254.  917. 1880. 2238.  933. 1851. 2202.  969. 2035. 2254.  917.
 2215. 2238.  933. 2244. 2202.  969.]","[2038. 2239.  924. 1868. 2225.  939. 1857. 2187.  985. 2064. 2228.  928.
 2232. 2225.  939. 2243. 2187.  985.]","[-15.919    4.449   61.886   -1.5259  -0.1221   1.2817  -0.0903  -0.23
   0.9238]",112
461,2,"[[-0.02458716 -0.31697465  0.31302535]
 [ 0.30153223 -0.24346882  0.38653118]
 [-0.2514259  -0.2917694   0.3382306 ]
 [ 0.2514259   0.2917694  -0.3382306 ]
 [ 0.02458716  0.31697465 -0.31302535]
 [-0.30153223  0.24346882 -0.38653118]]","[2064. 2254.  917. 1884. 2238.  933. 1851. 2206.  965. 2031. 2254.  917.
 2211. 2238.  933. 2244. 2206.  965.]","[2044. 2239.  924. 1869. 2225.  939. 1855. 2193.  979. 2058. 2229.  927.
 2230. 2225.  939. 2243. 2192.  980.]","[-1.5958e+01  4.4440e+00  6.1930e+01 -2.0142e+00 -6.1040e-01  7.9350e-01
 -5.2200e-02 -3.1400e-01  1.0015e+00]",112
462,2,"[[-0.0301169  -0.3171529   0.3128471 ]
 [ 0.30115181 -0.24988938  0.38011062]
 [-0.24552093 -0.29121731  0.33878269]
 [ 0.24552093  0.29121731 -0.33878269]
 [ 0.0301169   0.3171529  -0.3128471 ]
 [-0.30115181  0.24988938 -0.38011062]]","[2067. 2254.  917. 1887. 2237.  934. 1851. 2210.  961. 2028. 2254.  917.
 2208. 2237.  934. 2244. 2210.  961.]","[2049. 2239.  924. 1871. 2225.  939. 1852. 2198.  974. 2051. 2230.  925.
 2228. 2226.  939. 2243. 2198.  974.]","[-15.985    4.427   61.952   -0.8545  -0.4883   0.3052  -0.0718  -0.3662
   0.9404]",112
463,2,"[[-0.03563653 -0.31732454  0.31267546]
 [ 0.30071011 -0.25639237  0.37360763]
 [-0.23935456 -0.29067377  0.33932623]
 [ 0.23935456  0.29067377 -0.33932623]
 [ 0.03563653  0.31732454 -0.31267546]
 [-0.30071011  0.25639237 -0.37360763]]","[2071. 2254.  917. 1891. 2237.  934. 1851. 2215.  956. 2024. 2254.  917.
 2204. 2237.  934. 2244. 2215.  956.]","[2054. 2239.  924. 1873. 2225.  939. 1850. 2203.  969. 2046. 2230.  925.
 2225. 2225.  939. 2243. 2202.  970.]","[-15.996    4.411   61.974   -0.4272  -0.6104   0.4272  -0.083   -0.3848
   0.9199]",112
464,2,"[[-0.04114419 -0.31748951  0.31251049]
 [ 0.30020673 -0.26297447  0.36702553]
 [-0.23293696 -0.28138703  0.34861297]
 [ 0.23293696  0.28138703 -0.34861297]
 [ 0.04114419  0.31748951 -0.31251049]
 [-0.30020673  0.26297447 -0.36702553]]","[2074. 2254.  916. 1896. 2231.  940. 1852. 2219.  952. 2021. 2254.  916.
 2199. 2231.  940. 2243. 2219.  952.]","[2057. 2239.  924. 1875. 2225.  938. 1850. 2208.  965. 2041. 2230.  924.
 2222. 2225.  939. 2243. 2205.  966.]","[-16.018    4.4     62.001   -0.2441  -0.4883   0.7324  -0.0825  -0.3804
   0.9395]",112
465,2,"[[-0.04663803 -0.31764775  0.31235225]
 [ 0.29964136 -0.26963233  0.36036767]
 [-0.2262784  -0.27089268  0.35910732]
 [ 0.2262784   0.27089268 -0.35910732]
 [ 0.04663803  0.31764775 -0.31235225]
 [-0.29964136  0.26963233 -0.36036767]]","[2078. 2255.  916. 1900. 2224.  947. 1852. 2223.  948. 2017. 2255.  916.
 2195. 2224.  947. 2243. 2223.  948.]","[2060. 2239.  923. 1878. 2225.  940. 1851. 2212.  961. 2037. 2230.  925.
 2219. 2225.  940. 2243. 2209.  962.]","[-1.604e+01  4.395e+00  6.204e+01 -6.100e-02 -3.052e-01  8.545e-01
 -1.089e-01 -3.887e-01  9.209e-01]",112
466,2,"[[-0.05211621 -0.31779922  0.31220078]
 [ 0.2990137  -0.27636265  0.35363735]
 [-0.21938924 -0.26060363  0.36939637]
 [ 0.21938924  0.26060363 -0.36939637]
 [ 0.05211621  0.31779922 -0.31220078]
 [-0.2990137   0.27636265 -0.35363735]]","[2081. 2255.  916. 1904. 2217.  954. 1853. 2228.  943. 2014. 2255.  916.
 2191. 2217.  954. 2242. 2228.  943.]","[2063. 2240.  922. 1882. 2223.  944. 1851. 2218.  954. 2033. 2230.  925.
 2213. 2221.  945. 2241. 2213.  957.]","[-16.068    4.406   62.1      0.1221  -0.3662   1.5869  -0.0835  -0.3628
   0.9448]",112
467,2,"[[-0.05757689 -0.31794387  0.31205613]
 [ 0.29832352 -0.28316212  0.34683788]
 [-0.21227991 -0.25053095  0.37946905]
 [ 0.21227991  0.25053095 -0.37946905]
 [ 0.05757689  0.31794387 -0.31205613]
 [-0.29832352  0.28316212 -0.34683788]]","[2085. 2255.  916. 1909. 2211.  960. 1853. 2232.  939. 2010. 2255.  916.
 2186. 2211.  960. 2242. 2232.  939.]","[2064. 2239.  921. 1885. 2221.  947. 1851. 2221.  952. 2031. 2230.  925.
 2210. 2218.  947. 2239. 2215.  954.]","[-16.078    4.417   62.183    0.3662  -0.3662   2.0752  -0.0791  -0.3066
   0.9409]",112
468,2,"[[-0.06301823 -0.31808165  0.31191835]
 [ 0.29757057 -0.29002745  0.33997255]
 [-0.20496089 -0.2406855   0.3893145 ]
 [ 0.20496089  0.2406855  -0.3893145 ]
 [ 0.06301823  0.31808165 -0.31191835]
 [-0.29757057  0.29002745 -0.33997255]]","[2089. 2255.  916. 1914. 2204.  967. 1854. 2237.  934. 2006. 2255.  916.
 2181. 2204.  967. 2241. 2237.  934.]","[2067. 2240.  920. 1891. 2217.  951. 1852. 2225.  947. 2028. 2230.  925.
 2206. 2214.  949. 2238. 2220.  950.]","[-16.078    4.438   62.292    0.4883  -0.4272   2.9907  -0.0923  -0.249
   0.9551]",112
469,2,"[[-0.06843841 -0.31821253  0.31178747]
 [ 0.29675465 -0.29091777  0.33908223]
 [-0.19744268 -0.23107786  0.39892214]
 [ 0.19744268  0.23107786 -0.39892214]
 [ 0.06843841  0.31821253 -0.31178747]
 [-0.29675465  0.29091777 -0.33908223]]","[2092. 2255.  916. 1919. 2198.  973. 1854. 2237.  934. 2003. 2255.  916.
 2176. 2198.  973. 2241. 2237.  934.]","[2070. 2239.  919. 1897. 2213.  956. 1852. 2230.  943. 2023. 2230.  924.
 2200. 2209.  953. 2238. 2224.  945.]","[-16.062    4.46    62.463    0.4272  -0.9766   4.5776  -0.0923  -0.208
   0.9453]",112
470,2,"[[-0.0738356  -0.31833646  0.31166354]
 [ 0.29587555 -0.29126713  0.33873287]
 [-0.18973582 -0.22171837  0.40828163]
 [ 0.18973582  0.22171837 -0.40828163]
 [ 0.0738356   0.31833646 -0.31166354]
 [-0.29587555  0.29126713 -0.33873287]]","[2096. 2255.  916. 1924. 2192.  979. 1855. 2237.  934. 1999. 2255.  916.
 2171. 2192.  979. 2240. 2237.  934.]","[2073. 2239.  919. 1906. 2210.  962. 1856. 2234.  942. 2017. 2230.  923.
 2193. 2202.  960. 2238. 2228.  940.]","[-16.018    4.504   62.704    0.9766  -0.7324   6.5308  -0.0659  -0.2056
   0.9595]",112
471,2,"[[-0.079208   -0.3184534   0.3115466 ]
 [ 0.2949331  -0.2916193   0.3383807 ]
 [-0.18185085 -0.2126171   0.4173829 ]
 [ 0.18185085  0.2126171  -0.4173829 ]
 [ 0.079208    0.3184534  -0.3115466 ]
 [-0.2949331   0.2916193  -0.3383807 ]]","[2099. 2255.  916. 1929. 2186.  985. 1855. 2238.  933. 1996. 2255.  916.
 2166. 2186.  985. 2240. 2238.  933.]","[2076. 2239.  919. 1912. 2204.  967. 1856. 2233.  940. 2011. 2230.  921.
 2188. 2197.  967. 2236. 2229.  937.]","[-1.5991e+01  4.5210e+00  6.3001e+01 -4.2720e-01 -2.0142e+00  7.3242e+00
 -2.3400e-02 -2.0750e-01  1.0059e+00]",112
472,2,"[[-0.08455379 -0.31856333  0.31143667]
 [ 0.29392713 -0.29197411  0.33802589]
 [-0.17379833 -0.20378382  0.42621618]
 [ 0.17379833  0.20378382 -0.42621618]
 [ 0.08455379  0.31856333 -0.31143667]
 [-0.29392713  0.29197411 -0.33802589]]","[2103. 2255.  916. 1934. 2180.  991. 1856. 2238.  933. 1992. 2255.  916.
 2161. 2180.  991. 2239. 2238.  933.]","[2079. 2239.  919. 1916. 2200.  971. 1856. 2232.  938. 2007. 2231.  920.
 2185. 2194.  971. 2237. 2229.  935.]","[-1.5963e+01  4.5040e+00  6.3254e+01  0.0000e+00 -1.9531e+00  5.6152e+00
  2.0000e-02 -2.1040e-01  9.7120e-01]",112
473,2,"[[-0.0898712  -0.31866621  0.31133379]
 [ 0.2928575  -0.29233141  0.33766859]
 [-0.16558876 -0.19522799  0.43477201]
 [ 0.16558876  0.19522799 -0.43477201]
 [ 0.0898712   0.31866621 -0.31133379]
 [-0.2928575   0.29233141 -0.33766859]]","[2106. 2255.  916. 1940. 2175.  996. 1857. 2238.  933. 1989. 2255.  916.
 2155. 2175.  996. 2238. 2238.  933.]","[2085. 2238.  921. 1927. 2193.  979. 1857. 2232.  938. 2002. 2230.  918.
 2176. 2187.  979. 2236. 2230.  934.]","[-1.5930e+01  4.4770e+00  6.3413e+01  1.2210e-01 -1.1597e+00  2.9297e+00
 -1.5000e-03 -2.4320e-01  9.7560e-01]",112
474,2,"[[-0.09515842 -0.31876201  0.31123799]
 [ 0.29172408 -0.29269103  0.33730897]
 [-0.15723265 -0.18695879  0.44304121]
 [ 0.15723265  0.18695879 -0.44304121]
 [ 0.09515842  0.31876201 -0.31123799]
 [-0.29172408  0.29269103 -0.33730897]]","[2110. 2255.  916. 1945. 2169. 1002. 1857. 2238.  933. 1985. 2255.  916.
 2150. 2169. 1002. 2238. 2238.  933.]","[2091. 2238.  922. 1930. 2186.  985. 1858. 2232.  937. 1998. 2230.  918.
 2170. 2182.  985. 2236. 2229.  935.]","[-15.881    4.433   63.435    0.8545  -0.5493  -0.4883  -0.0752  -0.3135
   0.9966]",112
475,2,"[[-0.10041368 -0.3188507   0.3111493 ]
 [ 0.29052675 -0.29305282  0.33694718]
 [-0.14874045 -0.17898504  0.45101496]
 [ 0.14874045  0.17898504 -0.45101496]
 [ 0.10041368  0.3188507  -0.3111493 ]
 [-0.29052675  0.29305282 -0.33694718]]","[2113. 2255.  916. 1951. 2164. 1007. 1858. 2239.  932. 1982. 2255.  916.
 2144. 2164. 1007. 2237. 2239.  932.]","[2095. 2238.  922. 1933. 2183.  990. 1858. 2232.  937. 1997. 2230.  918.
 2164. 2178.  989. 2235. 2229.  935.]","[-15.787    4.384   63.342    2.7466   0.      -3.0518  -0.1187  -0.2842
   0.9814]",112
476,2,"[[-0.10563522 -0.31893227  0.31106773]
 [ 0.28926542 -0.29341663  0.33658337]
 [-0.14012257 -0.17131526  0.45868474]
 [ 0.14012257  0.17131526 -0.45868474]
 [ 0.10563522  0.31893227 -0.31106773]
 [-0.28926542  0.29341663 -0.33658337]]","[2116. 2255.  916. 1956. 2159. 1012. 1859. 2239.  932. 1979. 2255.  916.
 2139. 2159. 1012. 2236. 2239.  932.]","[2100. 2239.  922. 1939. 2177.  995. 1859. 2232.  937. 1993. 2231.  918.
 2158. 2177.  995. 2235. 2229.  936.]","[-15.699    4.367   63.182    2.3193   0.9155  -4.1504  -0.207   -0.3462
   0.8916]",112
477,2,"[[-0.11082129 -0.31900669  0.31099331]
 [ 0.28794003 -0.29378229  0.33621771]
 [-0.13138936 -0.16395759  0.46604241]
 [ 0.13138936  0.16395759 -0.46604241]
 [ 0.11082129  0.31900669 -0.31099331]
 [-0.28794003  0.29378229 -0.33621771]]","[2120. 2255.  916. 1962. 2154. 1017. 1860. 2239.  932. 1975. 2255.  916.
 2133. 2154. 1017. 2235. 2239.  932.]","[2104. 2239.  921. 1945. 2172. 1001. 1860. 2232.  936. 1990. 2231.  918.
 2152. 2172. 1000. 2234. 2230.  935.]","[-15.595    4.373   63.062    2.9907   0.6714  -2.8687  -0.1655  -0.3657
   0.9717]",112
478,2,"[[-0.11597013 -0.31907394  0.31092606]
 [ 0.28655051 -0.29414965  0.33585035]
 [-0.1225511  -0.15691984  0.47308016]
 [ 0.1225511   0.15691984 -0.47308016]
 [ 0.11597013  0.31907394 -0.31092606]
 [-0.28655051  0.29414965 -0.33585035]]","[2123. 2256.  915. 1968. 2150. 1021. 1861. 2239.  932. 1972. 2256.  915.
 2127. 2150. 1021. 2234. 2239.  932.]","[2107. 2239.  921. 1950. 2166. 1006. 1860. 2231.  936. 1987. 2231.  918.
 2146. 2167. 1005. 2233. 2229.  936.]","[-15.496    4.389   63.018    3.0518   0.2441  -1.1597  -0.1304  -0.374
   0.9614]",112
479,2,"[[-0.12108003 -0.31913401  0.31086599]
 [ 0.28509682 -0.29451856  0.33548144]
 [-0.11361797 -0.15020946  0.47979054]
 [ 0.11361797  0.15020946 -0.47979054]
 [ 0.12108003  0.31913401 -0.31086599]
 [-0.28509682  0.29451856 -0.33548144]]","[2126. 2256.  915. 1973. 2145. 1026. 1862. 2239.  931. 1969. 2256.  915.
 2122. 2145. 1026. 2233. 2239.  931.]","[2110. 2239.  920. 1956. 2161. 1011. 1861. 2231.  936. 1984. 2233.  918.
 2141. 2162. 1011. 2232. 2229.  936.]","[-1.5364e+01  4.3890e+00  6.3056e+01  3.8452e+00 -6.1040e-01  7.9350e-01
 -3.7100e-02 -3.0370e-01  9.4290e-01]",112
480,2,"[[-0.12614927 -0.31918689  0.31081311]
 [ 0.28357895 -0.29488886  0.33511114]
 [-0.1046001  -0.1438335   0.4861665 ]
 [ 0.1046001   0.1438335  -0.4861665 ]
 [ 0.12614927  0.31918689 -0.31081311]
 [-0.28357895  0.29488886 -0.33511114]]","[2130. 2256.  915. 1979. 2141. 1030. 1863. 2240.  931. 1965. 2256.  915.
 2116. 2141. 1030. 2232. 2240.  931.]","[2112. 2240.  921. 1962. 2156. 1016. 1862. 2231.  936. 1982. 2235.  918.
 2135. 2157. 1015. 2231. 2229.  936.]","[-1.5233e+01  4.3730e+00  6.3105e+01  3.8452e+00 -8.5450e-01  1.0986e+00
  1.6600e-02 -2.9880e-01  9.4820e-01]",112
481,2,"[[-0.13117615 -0.31923256  0.31076744]
 [ 0.28199689 -0.29526041  0.33473959]
 [-0.0955075  -0.13779866  0.49220134]
 [ 0.0955075   0.13779866 -0.49220134]
 [ 0.13117615  0.31923256 -0.31076744]
 [-0.28199689  0.29526041 -0.33473959]]","[2133. 2256.  915. 1985. 2137. 1034. 1864. 2240.  931. 1962. 2256.  915.
 2110. 2137. 1034. 2231. 2240.  931.]","[2115. 2240.  920. 1967. 2151. 1020. 1863. 2231.  936. 1978. 2237.  918.
 2129. 2153. 1020. 2230. 2229.  936.]","[-1.5095e+01  4.3230e+00  6.3122e+01  3.9673e+00 -1.0376e+00  6.1000e-02
  3.4000e-03 -2.6220e-01  9.9560e-01]",112
482,2,"[[-0.13615897 -0.31927102  0.31072898]
 [ 0.28035067 -0.29563306  0.33436694]
 [-0.08635007 -0.13211123  0.49788877]
 [ 0.08635007  0.13211123 -0.49788877]
 [ 0.13615897  0.31927102 -0.31072898]
 [-0.28035067  0.29563306 -0.33436694]]","[2136. 2256.  915. 1991. 2134. 1037. 1865. 2240.  931. 1959. 2256.  915.
 2104. 2134. 1037. 2230. 2240.  931.]","[2119. 2240.  920. 1974. 2146. 1026. 1863. 2231.  936. 1976. 2237.  918.
 2121. 2148. 1026. 2230. 2229.  936.]","[-1.4963e+01  4.2740e+00  6.3105e+01  3.7842e+00 -8.5450e-01 -6.7140e-01
 -5.5700e-02 -2.4410e-01  9.5610e-01]",112
483,2,"[[-0.14109606 -0.31930226  0.31069774]
 [ 0.27864032 -0.29600665  0.33399335]
 [-0.07713763 -0.12677711  0.50322289]
 [ 0.07713763  0.12677711 -0.50322289]
 [ 0.14109606  0.31930226 -0.31069774]
 [-0.27864032  0.29600665 -0.33399335]]","[2139. 2256.  915. 1997. 2130. 1041. 1866. 2240.  931. 1956. 2256.  915.
 2098. 2130. 1041. 2229. 2240.  931.]","[2122. 2241.  920. 1980. 2142. 1030. 1864. 2231.  936. 1973. 2237.  918.
 2116. 2143. 1029. 2229. 2229.  935.]","[-14.854    4.235   63.089    3.1128  -0.5493  -0.4883  -0.0801  -0.2363
   0.9429]",112
484,2,"[[-0.14598577 -0.31932628  0.31067372]
 [ 0.2768659  -0.29638105  0.33361895]
 [-0.06787984 -0.12180181  0.50819819]
 [ 0.06787984  0.12180181 -0.50819819]
 [ 0.14598577  0.31932628 -0.31067372]
 [-0.2768659   0.29638105 -0.33361895]]","[2143. 2256.  915. 2003. 2127. 1044. 1867. 2241.  930. 1952. 2256.  915.
 2092. 2127. 1044. 2228. 2241.  930.]","[2126. 2241.  920. 1986. 2138. 1034. 1865. 2231.  936. 1970. 2238.  918.
 2109. 2139. 1034. 2229. 2229.  935.]","[-14.782    4.213   63.094    2.0142  -0.4883   0.      -0.0933  -0.228
   0.9434]",112
485,2,"[[-0.15082646 -0.31934314  0.31065686]
 [ 0.27502749 -0.2967561   0.3332439 ]
 [-0.05858628 -0.11719042  0.51280958]
 [ 0.05858628  0.11719042 -0.51280958]
 [ 0.15082646  0.31934314 -0.31065686]
 [-0.27502749  0.2967561  -0.3332439 ]]","[2146. 2256.  915. 2009. 2124. 1047. 1868. 2241.  930. 1949. 2256.  915.
 2086. 2124. 1047. 2227. 2241.  930.]","[2128. 2241.  920. 1990. 2135. 1036. 1866. 2231.  936. 1968. 2238.  918.
 2105. 2137. 1036. 2228. 2229.  935.]","[-14.738    4.202   63.111    1.0986  -0.4272   0.3052  -0.0913  -0.2134
   0.959 ]",112
486,2,"[[-0.15561649 -0.31935295  0.31064705]
 [ 0.27312518 -0.29713167  0.33286833]
 [-0.04926636 -0.11294762  0.51705238]
 [ 0.04926636  0.11294762 -0.51705238]
 [ 0.15561649  0.31935295 -0.31064705]
 [-0.27312518  0.29713167 -0.33286833]]","[2149. 2256.  915. 2015. 2121. 1050. 1869. 2241.  930. 1946. 2256.  915.
 2080. 2121. 1050. 2226. 2241.  930.]","[2132. 2241.  920. 1998. 2131. 1041. 1868. 2231.  936. 1965. 2237.  919.
 2097. 2132. 1041. 2226. 2229.  934.]","[-14.711    4.197   63.122    0.6714  -0.2441   0.2441  -0.083   -0.2104
   0.9624]",112
487,2,"[[-0.16035426 -0.3193558   0.3106442 ]
 [ 0.27115908 -0.2975076   0.3324924 ]
 [-0.03992939 -0.10907767  0.52092233]
 [ 0.03992939  0.10907767 -0.52092233]
 [ 0.16035426  0.3193558  -0.3106442 ]
 [-0.27115908  0.2975076  -0.3324924 ]]","[2152. 2256.  915. 2021. 2119. 1052. 1871. 2241.  930. 1943. 2256.  915.
 2074. 2119. 1052. 2224. 2241.  930.]","[2134. 2241.  920. 2003. 2129. 1043. 1868. 2231.  936. 1963. 2238.  918.
 2093. 2130. 1043. 2226. 2229.  934.]","[-1.4683e+01  4.1910e+00  6.3122e+01  3.6620e-01 -6.1000e-02 -6.1000e-02
 -7.4700e-02 -2.1040e-01  9.5650e-01]",112
488,2,"[[-0.16503818 -0.31934759  0.31065241]
 [ 0.26912935 -0.29788376  0.33211624]
 [-0.03058451 -0.10558442  0.52441558]
 [ 0.03058451  0.10558442 -0.52441558]
 [ 0.16503818  0.31934759 -0.31065241]
 [-0.26912935  0.29788376 -0.33211624]]","[2155. 2256.  915. 2028. 2116. 1055. 1872. 2242.  929. 1940. 2256.  915.
 2067. 2116. 1055. 2223. 2242.  929.]","[2137. 2241.  920. 2009. 2126. 1046. 1870. 2231.  936. 1960. 2238.  919.
 2087. 2127. 1046. 2224. 2229.  935.]","[-1.4678e+01  4.1970e+00  6.3111e+01 -6.1000e-02  6.1000e-02 -2.4410e-01
 -7.2800e-02 -2.1920e-01  9.5650e-01]",112
489,2,"[[-0.16966667 -0.31931558  0.31068442]
 [ 0.26703612 -0.29826     0.33174   ]
 [-0.02124073 -0.10247128  0.52752872]
 [ 0.02124073  0.10247128 -0.52752872]
 [ 0.16966667  0.31931558 -0.31068442]
 [-0.26703612  0.29826    -0.33174   ]]","[2158. 2256.  915. 2034. 2114. 1057. 1873. 2242.  929. 1937. 2256.  915.
 2061. 2114. 1057. 2222. 2242.  929.]","[2141. 2241.  920. 2015. 2123. 1049. 1872. 2231.  936. 1957. 2238.  919.
 2081. 2124. 1049. 2223. 2229.  934.]","[-14.694    4.202   63.094   -0.6714   0.1831  -0.3052  -0.0737  -0.23
   0.9585]",112
490,2,"[[-0.17423819 -0.31925724  0.31074276]
 [ 0.26487958 -0.29863619  0.33136381]
 [-0.0119069  -0.09974125  0.53025875]
 [ 0.0119069   0.09974125 -0.53025875]
 [ 0.17423819  0.31925724 -0.31074276]
 [-0.26487958  0.29863619 -0.33136381]]","[2161. 2256.  915. 2040. 2113. 1058. 1875. 2242.  929. 1934. 2256.  915.
 2055. 2113. 1058. 2220. 2242.  929.]","[2144. 2241.  920. 2021. 2121. 1051. 1872. 2231.  935. 1955. 2238.  919.
 2074. 2122. 1051. 2221. 2230.  934.]","[-14.727    4.208   63.089   -1.1597   0.1221  -0.1831  -0.0688  -0.2437
   0.9634]",112
491,2,"[[-0.17875119 -0.31917541  0.31082459]
 [ 0.26265993 -0.2990122   0.3309878 ]
 [-0.00259173 -0.0973969   0.5326031 ]
 [ 0.00259173  0.0973969  -0.5326031 ]
 [ 0.17875119  0.31917541 -0.31082459]
 [-0.26265993  0.2990122  -0.3309878 ]]","[2164. 2256.  915. 2046. 2111. 1060. 1876. 2242.  929. 1931. 2256.  915.
 2049. 2111. 1060. 2219. 2242.  929.]","[2146. 2241.  920. 2027. 2118. 1054. 1874. 2231.  935. 1951. 2237.  918.
 2068. 2120. 1054. 2219. 2229.  934.]","[-1.4766e+01  4.2130e+00  6.3083e+01 -1.1597e+00  1.2210e-01 -6.1000e-02
 -6.8800e-02 -2.5390e-01  9.6730e-01]",112
492,2,"[[-0.18320415 -0.31907093  0.31092907]
 [ 0.26037737 -0.29938787  0.33061213]
 [ 0.00669624 -0.09544035  0.53455965]
 [-0.00669624  0.09544035 -0.53455965]
 [ 0.18320415  0.31907093 -0.31092907]
 [-0.26037737  0.29938787 -0.33061213]]","[2167. 2256.  915. 2052. 2110. 1061. 1878. 2243.  928. 1928. 2256.  915.
 2043. 2110. 1061. 2217. 2243.  928.]","[2150. 2241.  920. 2035. 2116. 1056. 1876. 2231.  935. 1947. 2237.  919.
 2060. 2117. 1056. 2218. 2229.  934.]","[-14.799    4.219   63.083   -1.0376   0.1221   0.      -0.0732  -0.272
   0.9614]",112
493,2,"[[-0.1875956  -0.31894424  0.31105576]
 [ 0.25803216 -0.29976309  0.33023691]
 [ 0.01594863 -0.0938733   0.5361267 ]
 [-0.01594863  0.0938733  -0.5361267 ]
 [ 0.1875956   0.31894424 -0.31105576]
 [-0.25803216  0.29976309 -0.33023691]]","[2170. 2255.  916. 2058. 2109. 1062. 1879. 2243.  928. 1925. 2255.  916.
 2037. 2109. 1062. 2216. 2243.  928.]","[2153. 2241.  921. 2042. 2114. 1058. 1878. 2231.  934. 1944. 2237.  919.
 2054. 2115. 1058. 2215. 2229.  934.]","[-1.4821e+01  4.2240e+00  6.3078e+01 -4.2720e-01  6.1000e-02  0.0000e+00
 -7.9100e-02 -2.7540e-01  9.7170e-01]",112
494,2,"[[-0.19192404 -0.31879576  0.31120424]
 [ 0.25562454 -0.30013771  0.32986229]
 [ 0.02515723 -0.09269704  0.53730296]
 [-0.02515723  0.09269704 -0.53730296]
 [ 0.19192404  0.31879576 -0.31120424]
 [-0.25562454  0.30013771 -0.32986229]]","[2173. 2255.  916. 2064. 2108. 1063. 1881. 2243.  928. 1922. 2255.  916.
 2031. 2108. 1063. 2214. 2243.  928.]","[2155. 2240.  920. 2045. 2113. 1059. 1879. 2231.  934. 1942. 2237.  919.
 2050. 2114. 1059. 2214. 2229.  934.]","[-1.4832e+01  4.2300e+00  6.3078e+01 -6.1000e-02  0.0000e+00  6.1000e-02
 -7.6200e-02 -2.7440e-01  9.6190e-01]",112
495,2,"[[-0.19618803 -0.31862592  0.31137408]
 [ 0.25315479 -0.30051161  0.32948839]
 [ 0.03431399 -0.09191251  0.53808749]
 [-0.03431399  0.09191251 -0.53808749]
 [ 0.19618803  0.31862592 -0.31137408]
 [-0.25315479  0.30051161 -0.32948839]]","[2175. 2255.  916. 2070. 2107. 1064. 1882. 2243.  928. 1920. 2255.  916.
 2025. 2107. 1064. 2213. 2243.  928.]","[2157. 2241.  920. 2051. 2112. 1060. 1880. 2231.  933. 1940. 2237.  919.
 2044. 2113. 1060. 2212. 2229.  934.]","[-1.4832e+01  4.2300e+00  6.3083e+01  6.1000e-02  0.0000e+00  1.2210e-01
 -6.9300e-02 -2.6610e-01  9.5950e-01]",112
496,2,"[[-0.20038613 -0.31843514  0.31156486]
 [ 0.25062322 -0.30088466  0.32911534]
 [ 0.04341105 -0.09152186  0.53847814]
 [-0.04341105  0.09152186 -0.53847814]
 [ 0.20038613  0.31843514 -0.31156486]
 [-0.25062322  0.30088466 -0.32911534]]","[2178. 2255.  916. 2076. 2107. 1064. 1884. 2244.  927. 1917. 2255.  916.
 2019. 2107. 1064. 2211. 2244.  927.]","[2160. 2240.  920. 2058. 2111. 1061. 1882. 2231.  933. 1937. 2237.  919.
 2037. 2112. 1061. 2211. 2230.  934.]","[-1.4826e+01  4.2350e+00  6.3083e+01  6.1000e-02  0.0000e+00  0.0000e+00
 -6.8400e-02 -2.6320e-01  9.6440e-01]",112
497,2,"[[-0.20451694 -0.3182239   0.3117761 ]
 [ 0.24803015 -0.30125672  0.32874328]
 [ 0.05244069 -0.09153407  0.53846593]
 [-0.05244069  0.09153407 -0.53846593]
 [ 0.20451694  0.3182239  -0.3117761 ]
 [-0.24803015  0.30125672 -0.32874328]]","[2181. 2255.  916. 2082. 2107. 1064. 1886. 2244.  927. 1914. 2255.  916.
 2013. 2107. 1064. 2209. 2244.  927.]","[2162. 2241.  920. 2064. 2110. 1062. 1884. 2231.  933. 1935. 2237.  919.
 2031. 2111. 1062. 2209. 2229.  934.]","[-14.821    4.235   63.089    0.1221   0.       0.      -0.0654  -0.2578
   0.9644]",112
498,2,"[[-0.20857906 -0.31799267  0.31200733]
 [ 0.24537591 -0.30162767  0.32837233]
 [ 0.0613954  -0.09180123  0.53819877]
 [-0.0613954   0.09180123 -0.53819877]
 [ 0.20857906  0.31799267 -0.31200733]
 [-0.24537591  0.30162767 -0.32837233]]","[2183. 2255.  916. 2088. 2107. 1064. 1888. 2244.  927. 1912. 2255.  916.
 2007. 2107. 1064. 2207. 2244.  927.]","[2165. 2241.  921. 2069. 2109. 1062. 1885. 2231.  933. 1932. 2237.  919.
 2026. 2111. 1062. 2208. 2229.  933.]","[-1.4815e+01  4.2300e+00  6.3089e+01  6.1000e-02  0.0000e+00  0.0000e+00
 -6.7900e-02 -2.5290e-01  9.5700e-01]",112
499,2,"[[-0.21257114 -0.31774193  0.31225807]
 [ 0.24266086 -0.30199738  0.32800262]
 [ 0.07026783 -0.09208526  0.53791474]
 [-0.07026783  0.09208526 -0.53791474]
 [ 0.21257114  0.31774193 -0.31225807]
 [-0.24266086  0.30199738 -0.32800262]]","[2186. 2255.  916. 2093. 2108. 1063. 1889. 2244.  927. 1909. 2255.  916.
 2002. 2108. 1063. 2206. 2244.  927.]","[2168. 2241.  920. 2075. 2109. 1062. 1887. 2231.  933. 1930. 2237.  919.
 2020. 2110. 1062. 2205. 2230.  933.]","[-14.815    4.23    63.089    0.       0.       0.      -0.0684  -0.2471
   0.9692]",112
500,2,"[[-0.21649183 -0.3174722   0.3125278 ]
 [ 0.23988539 -0.30236574  0.32763426]
 [ 0.07905081 -0.09244288  0.53755712]
 [-0.07905081  0.09244288 -0.53755712]
 [ 0.21649183  0.3174722  -0.3125278 ]
 [-0.23988539  0.30236574 -0.32763426]]","[2189. 2254.  917. 2099. 2108. 1063. 1891. 2245.  926. 1906. 2254.  917.
 1996. 2108. 1063. 2204. 2245.  926.]","[2170. 2241.  921. 2082. 2109. 1062. 1889. 2231.  933. 1928. 2237.  919.
 2014. 2110. 1062. 2204. 2230.  932.]","[-14.81     4.23    63.089    0.       0.       0.      -0.0757  -0.2515
   0.9629]",112
501,2,"[[-0.22033981 -0.31718397  0.31281603]
 [ 0.23704991 -0.30273261  0.32726739]
 [ 0.08773737 -0.09290036  0.53709964]
 [-0.08773737  0.09290036 -0.53709964]
 [ 0.22033981  0.31718397 -0.31281603]
 [-0.23704991  0.30273261 -0.32726739]]","[2191. 2254.  917. 2105. 2108. 1063. 1893. 2245.  926. 1904. 2254.  917.
 1990. 2108. 1063. 2202. 2245.  926.]","[2173. 2241.  920. 2087. 2109. 1062. 1891. 2231.  933. 1925. 2237.  919.
 2008. 2110. 1062. 2202. 2230.  932.]","[-1.4810e+01  4.2300e+00  6.3089e+01 -6.1000e-02 -6.1000e-02  6.1000e-02
 -8.0100e-02 -2.4800e-01  9.5800e-01]",112
502,2,"[[-0.2241138  -0.31687778  0.31312222]
 [ 0.23415483 -0.30309788  0.32690212]
 [ 0.0963207  -0.09346511  0.53653489]
 [-0.0963207   0.09346511 -0.53653489]
 [ 0.2241138   0.31687778 -0.31312222]
 [-0.23415483  0.30309788 -0.32690212]]","[2194. 2254.  917. 2110. 2108. 1063. 1895. 2245.  926. 1901. 2254.  917.
 1985. 2108. 1063. 2200. 2245.  926.]","[2176. 2241.  920. 2093. 2110. 1062. 1892. 2231.  933. 1923. 2237.  919.
 2002. 2110. 1062. 2200. 2230.  932.]","[-14.81     4.23    63.094   -0.3052   0.       0.1221  -0.0728  -0.2505
   0.96  ]",112
503,2,"[[-0.22781252 -0.31655417  0.31344583]
 [ 0.2312006  -0.30346142  0.32653858]
 [ 0.10479419 -0.09414008  0.53585992]
 [-0.10479419  0.09414008 -0.53585992]
 [ 0.22781252  0.31655417 -0.31344583]
 [-0.2312006   0.30346142 -0.32653858]]","[2196. 2254.  917. 2116. 2109. 1062. 1897. 2245.  926. 1899. 2254.  917.
 1979. 2109. 1062. 2198. 2245.  926.]","[2178. 2241.  921. 2099. 2109. 1062. 1894. 2231.  933. 1920. 2238.  920.
 1997. 2110. 1062. 2199. 2230.  931.]","[-1.4821e+01  4.2300e+00  6.3100e+01 -3.6620e-01  0.0000e+00  6.1000e-02
 -7.6200e-02 -2.5100e-01  9.6580e-01]",112
504,2,"[[-0.23143474 -0.31621368  0.31378632]
 [ 0.22818769 -0.30382312  0.32617688]
 [ 0.11315141 -0.09492727  0.53507273]
 [-0.11315141  0.09492727 -0.53507273]
 [ 0.23143474  0.31621368 -0.31378632]
 [-0.22818769  0.30382312 -0.32617688]]","[2198. 2254.  917. 2121. 2109. 1062. 1899. 2246.  925. 1897. 2254.  917.
 1974. 2109. 1062. 2196. 2246.  925.]","[2180. 2241.  921. 2105. 2110. 1063. 1896. 2231.  932. 1917. 2237.  919.
 1991. 2110. 1062. 2197. 2230.  931.]","[-14.832    4.235   63.1     -0.3052   0.       0.1221  -0.0815  -0.252
   0.9663]",112
505,2,"[[-0.23497923 -0.31585687  0.31414313]
 [ 0.22511658 -0.30418286  0.32581714]
 [ 0.12138612 -0.09582844  0.53417156]
 [-0.12138612  0.09582844 -0.53417156]
 [ 0.23497923  0.31585687 -0.31414313]
 [-0.22511658  0.30418286 -0.32581714]]","[2201. 2253.  918. 2127. 2110. 1061. 1901. 2246.  925. 1894. 2253.  918.
 1968. 2110. 1061. 2194. 2246.  925.]","[2183. 2241.  920. 2110. 2110. 1062. 1898. 2231.  932. 1915. 2237.  920.
 1985. 2111. 1062. 2195. 2230.  931.]","[-14.837    4.241   63.111   -0.3052   0.       0.1831  -0.0757  -0.2563
   0.9609]",112
506,2,"[[-0.23844481 -0.3154843   0.3145157 ]
 [ 0.22198779 -0.30454053  0.32545947]
 [ 0.12949226 -0.09684523  0.53315477]
 [-0.12949226  0.09684523 -0.53315477]
 [ 0.23844481  0.3154843  -0.3145157 ]
 [-0.22198779  0.30454053 -0.32545947]]","[2203. 2253.  918. 2132. 2111. 1060. 1903. 2246.  925. 1892. 2253.  918.
 1963. 2111. 1060. 2192. 2246.  925.]","[2185. 2240.  920. 2115. 2110. 1063. 1900. 2231.  931. 1912. 2237.  920.
 1980. 2111. 1062. 2192. 2230.  931.]","[-14.848    4.241   63.116   -0.3662   0.       0.1221  -0.0703  -0.2563
   0.9604]",112
507,2,"[[-0.24183031 -0.31509653  0.31490347]
 [ 0.21880183 -0.30489601  0.32510399]
 [ 0.13746396 -0.09797924  0.53202076]
 [-0.13746396  0.09797924 -0.53202076]
 [ 0.24183031  0.31509653 -0.31490347]
 [-0.21880183  0.30489601 -0.32510399]]","[2205. 2253.  918. 2137. 2111. 1060. 1905. 2246.  925. 1890. 2253.  918.
 1958. 2111. 1060. 2190. 2246.  925.]","[2187. 2240.  921. 2121. 2111. 1062. 1902. 2231.  931. 1910. 2237.  921.
 1974. 2111. 1062. 2190. 2230.  931.]","[-14.854    4.246   63.122   -0.2441   0.       0.1221  -0.0713  -0.2588
   0.9668]",112
508,2,"[[-0.2451346  -0.31469414  0.31530586]
 [ 0.21555926 -0.3052492   0.3247508 ]
 [ 0.14529555 -0.09923199  0.53076801]
 [-0.14529555  0.09923199 -0.53076801]
 [ 0.2451346   0.31469414 -0.31530586]
 [-0.21555926  0.3052492  -0.3247508 ]]","[2207. 2253.  918. 2142. 2112. 1059. 1907. 2246.  924. 1888. 2253.  918.
 1953. 2112. 1059. 2188. 2246.  924.]","[2189. 2241.  921. 2126. 2111. 1061. 1904. 2231.  931. 1907. 2237.  920.
 1969. 2111. 1061. 2189. 2230.  931.]","[-14.865    4.252   63.127   -0.3052   0.       0.2441  -0.0713  -0.2583
   0.959 ]",112
509,2,"[[-0.24835656 -0.31427772  0.31572228]
 [ 0.21226065 -0.30559997  0.32440003]
 [ 0.15298153 -0.10060493  0.52939507]
 [-0.15298153  0.10060493 -0.52939507]
 [ 0.24835656  0.31427772 -0.31572228]
 [-0.21226065  0.30559997 -0.32440003]]","[2209. 2252.  919. 2147. 2113. 1058. 1909. 2247.  924. 1886. 2252.  919.
 1948. 2113. 1058. 2186. 2247.  924.]","[2193. 2240.  921. 2133. 2112. 1060. 1907. 2231.  930. 1905. 2237.  921.
 1962. 2111. 1060. 2186. 2230.  930.]","[-14.87     4.252   63.133   -0.3662   0.       0.1831  -0.0732  -0.2578
   0.9575]",112
510,2,"[[-0.25149512 -0.31384783  0.31615217]
 [ 0.20890659 -0.30594823  0.32405177]
 [ 0.16051661 -0.10209944  0.52790056]
 [-0.16051661  0.10209944 -0.52790056]
 [ 0.25149512  0.31384783 -0.31615217]
 [-0.20890659  0.30594823 -0.32405177]]","[2211. 2252.  919. 2152. 2114. 1057. 1911. 2247.  924. 1884. 2252.  919.
 1943. 2114. 1057. 2184. 2247.  924.]","[2194. 2241.  921. 2137. 2112. 1060. 1908. 2231.  930. 1904. 2237.  921.
 1958. 2112. 1059. 2185. 2230.  930.]","[-14.881    4.257   63.138   -0.3662   0.       0.1221  -0.0771  -0.2617
   0.9688]",112
511,2,"[[-0.25454922 -0.31340508  0.31659492]
 [ 0.20549769 -0.30629387  0.32370613]
 [ 0.16789566 -0.10371684  0.52628316]
 [-0.16789566  0.10371684 -0.52628316]
 [ 0.25454922  0.31340508 -0.31659492]
 [-0.20549769  0.30629387 -0.32370613]]","[2213. 2252.  919. 2157. 2115. 1056. 1914. 2247.  924. 1882. 2252.  919.
 1938. 2115. 1056. 2181. 2247.  924.]","[2197. 2241.  921. 2142. 2113. 1058. 1910. 2231.  930. 1902. 2237.  921.
 1953. 2113. 1058. 2183. 2230.  930.]","[-14.892    4.257   63.144   -0.3052   0.       0.1221  -0.0752  -0.2617
   0.9604]",112
512,2,"[[-0.25751783 -0.31295005  0.31704995]
 [ 0.20203458 -0.30663677  0.32336323]
 [ 0.17511378 -0.10545837  0.52454163]
 [-0.17511378  0.10545837 -0.52454163]
 [ 0.25751783  0.31295005 -0.31704995]
 [-0.20203458  0.30663677 -0.32336323]]","[2215. 2252.  919. 2162. 2116. 1055. 1916. 2247.  924. 1880. 2252.  919.
 1933. 2116. 1055. 2179. 2247.  924.]","[2199. 2240.  921. 2147. 2114. 1057. 1913. 2231.  930. 1900. 2238.  922.
 1948. 2114. 1057. 2180. 2230.  930.]","[-14.903    4.263   63.149   -0.2441   0.       0.1831  -0.0688  -0.2617
   0.9644]",112
513,2,"[[-0.26039996 -0.31248334  0.31751666]
 [ 0.19851792 -0.30697684  0.32302316]
 [ 0.1821662  -0.1073252   0.5226748 ]
 [-0.1821662   0.1073252  -0.5226748 ]
 [ 0.26039996  0.31248334 -0.31751666]
 [-0.19851792  0.30697684 -0.32302316]]","[2217. 2251.  920. 2166. 2117. 1054. 1918. 2248.  923. 1878. 2251.  920.
 1929. 2117. 1054. 2177. 2248.  923.]","[2201. 2240.  921. 2152. 2115. 1056. 1914. 2231.  930. 1897. 2237.  922.
 1943. 2115. 1056. 2178. 2231.  930.]","[-14.908    4.263   63.155   -0.2441   0.       0.      -0.0649  -0.2598
   0.9561]",112
514,2,"[[-0.26319464 -0.31200553  0.31799447]
 [ 0.19494837 -0.30731397  0.32268603]
 [ 0.1890484  -0.10931841  0.52068159]
 [-0.1890484   0.10931841 -0.52068159]
 [ 0.26319464  0.31200553 -0.31799447]
 [-0.19494837  0.30731397 -0.32268603]]","[2219. 2251.  920. 2171. 2119. 1052. 1920. 2248.  923. 1876. 2251.  920.
 1924. 2119. 1052. 2175. 2248.  923.]","[2203. 2240.  922. 2158. 2116. 1055. 1917. 2231.  929. 1896. 2237.  922.
 1937. 2116. 1055. 2176. 2231.  930.]","[-1.4919e+01  4.2630e+00  6.3155e+01 -2.4410e-01  6.1000e-02 -6.1000e-02
 -6.8800e-02 -2.5680e-01  9.6340e-01]",112
515,2,"[[-0.26590093 -0.31151722  0.31848278]
 [ 0.19132663 -0.30764807  0.32235193]
 [ 0.19575602 -0.11143902  0.51856098]
 [-0.19575602  0.11143902 -0.51856098]
 [ 0.26590093  0.31151722 -0.31848278]
 [-0.19132663  0.30764807 -0.32235193]]","[2221. 2251.  920. 2175. 2120. 1051. 1923. 2248.  923. 1874. 2251.  920.
 1920. 2120. 1051. 2172. 2248.  923.]","[2206. 2241.  922. 2163. 2118. 1054. 1920. 2231.  929. 1893. 2237.  923.
 1932. 2118. 1054. 2174. 2231.  930.]","[-14.93     4.263   63.149   -0.3052   0.      -0.1221  -0.0752  -0.2588
   0.9585]",112
516,2,"[[-0.26851792 -0.31101901  0.31898099]
 [ 0.18765342 -0.30797903  0.32202097]
 [ 0.20228487 -0.11368795  0.51631205]
 [-0.20228487  0.11368795 -0.51631205]
 [ 0.26851792  0.31101901 -0.31898099]
 [-0.18765342  0.30797903 -0.32202097]]","[2223. 2250.  921. 2179. 2122. 1049. 1925. 2248.  923. 1872. 2250.  921.
 1916. 2122. 1049. 2170. 2248.  923.]","[2208. 2240.  922. 2167. 2120. 1052. 1922. 2231.  929. 1891. 2237.  923.
 1928. 2119. 1052. 2171. 2231.  930.]","[-1.4941e+01  4.2630e+00  6.3144e+01 -3.6620e-01  6.1000e-02 -6.1000e-02
 -7.4700e-02 -2.5980e-01  9.6140e-01]",112
517,2,"[[-0.27104474 -0.31051149  0.31948851]
 [ 0.18392946 -0.30830676  0.32169324]
 [ 0.20863097 -0.11606607  0.51393393]
 [-0.20863097  0.11606607 -0.51393393]
 [ 0.27104474  0.31051149 -0.31948851]
 [-0.18392946  0.30830676 -0.32169324]]","[2224. 2250.  921. 2184. 2123. 1048. 1928. 2248.  922. 1871. 2250.  921.
 1911. 2123. 1048. 2167. 2248.  922.]","[2209. 2241.  923. 2170. 2121. 1051. 1923. 2231.  928. 1890. 2237.  923.
 1924. 2120. 1051. 2170. 2231.  930.]","[-1.4952e+01  4.2680e+00  6.3144e+01 -4.2720e-01  6.1000e-02 -6.1000e-02
 -7.4700e-02 -2.6070e-01  9.5900e-01]",112
518,2,"[[-0.27348053 -0.30999525  0.32000475]
 [ 0.18015552 -0.30863115  0.32136885]
 [ 0.21479052 -0.11857414  0.51142586]
 [-0.21479052  0.11857414 -0.51142586]
 [ 0.27348053  0.30999525 -0.32000475]
 [-0.18015552  0.30863115 -0.32136885]]","[2226. 2250.  921. 2188. 2125. 1046. 1930. 2249.  922. 1869. 2250.  921.
 1907. 2125. 1046. 2165. 2249.  922.]","[2212. 2240.  923. 2176. 2122. 1049. 1927. 2231.  928. 1886. 2237.  923.
 1919. 2122. 1049. 2167. 2231.  929.]","[-14.969    4.268   63.138   -0.2441   0.       0.      -0.0737  -0.2583
   0.9751]",112
519,2,"[[-0.27582448 -0.30947088  0.32052912]
 [ 0.17633235 -0.30895213  0.32104787]
 [ 0.22075991 -0.12121284  0.50878716]
 [-0.22075991  0.12121284 -0.50878716]
 [ 0.27582448  0.30947088 -0.32052912]
 [-0.17633235  0.30895213 -0.32104787]]","[2227. 2249.  922. 2191. 2127. 1044. 1933. 2249.  922. 1868. 2249.  922.
 1904. 2127. 1044. 2162. 2249.  922.]","[2213. 2241.  923. 2179. 2123. 1048. 1929. 2231.  928. 1884. 2237.  924.
 1916. 2123. 1048. 2165. 2231.  929.]","[-1.4974e+01  4.2680e+00  6.3138e+01 -1.2210e-01  0.0000e+00 -6.1000e-02
 -6.9800e-02 -2.5780e-01  9.5610e-01]",112
520,2,"[[-0.27807579 -0.30893898  0.32106102]
 [ 0.17246076 -0.30926958  0.32073042]
 [ 0.2265357  -0.12398277  0.50601723]
 [-0.2265357   0.12398277 -0.50601723]
 [ 0.27807579  0.30893898 -0.32106102]
 [-0.17246076  0.30926958 -0.32073042]]","[2229. 2249.  922. 2195. 2128. 1043. 1935. 2249.  922. 1866. 2249.  922.
 1900. 2128. 1043. 2160. 2249.  922.]","[2214. 2240.  924. 2183. 2125. 1047. 1931. 2231.  928. 1882. 2238.  924.
 1912. 2125. 1047. 2162. 2231.  929.]","[-1.4974e+01  4.2680e+00  6.3133e+01 -1.8310e-01  6.1000e-02 -6.1000e-02
 -7.4700e-02 -2.6170e-01  9.5310e-01]",112
521,2,"[[-0.28023372 -0.30840012  0.32159988]
 [ 0.16854156 -0.30958343  0.32041657]
 [ 0.23211464 -0.12688445  0.50311555]
 [-0.23211464  0.12688445 -0.50311555]
 [ 0.28023372  0.30840012 -0.32159988]
 [-0.16854156  0.30958343 -0.32041657]]","[2230. 2249.  922. 2199. 2130. 1041. 1938. 2249.  922. 1865. 2249.  922.
 1896. 2130. 1041. 2157. 2249.  922.]","[2216. 2240.  924. 2187. 2127. 1045. 1933. 2231.  928. 1881. 2237.  924.
 1908. 2127. 1045. 2160. 2232.  929.]","[-14.985    4.274   63.133   -0.4883   0.       0.      -0.0776  -0.2637
   0.9624]",112
522,2,"[[-0.28229754 -0.30785489  0.32214511]
 [ 0.16457557 -0.30989358  0.32010642]
 [ 0.23749367 -0.12991829  0.50008171]
 [-0.23749367  0.12991829 -0.50008171]
 [ 0.28229754  0.30785489 -0.32214511]
 [-0.16457557  0.30989358 -0.32010642]]","[2232. 2248.  923. 2202. 2132. 1039. 1940. 2250.  921. 1863. 2248.  923.
 1893. 2132. 1039. 2155. 2250.  921.]","[2218. 2240.  924. 2192. 2129. 1042. 1936. 2231.  928. 1879. 2237.  924.
 1903. 2129. 1043. 2157. 2232.  929.]","[-15.007    4.274   63.133   -0.4883   0.       0.1221  -0.0684  -0.2598
   0.9644]",112
523,2,"[[-0.28426656 -0.30730387  0.32269613]
 [ 0.16056365 -0.31019994  0.31980006]
 [ 0.2426699  -0.13308463  0.49691537]
 [-0.2426699   0.13308463 -0.49691537]
 [ 0.28426656  0.30730387 -0.32269613]
 [-0.16056365  0.31019994 -0.31980006]]","[2233. 2248.  923. 2206. 2134. 1037. 1943. 2250.  921. 1862. 2248.  923.
 1889. 2134. 1037. 2152. 2250.  921.]","[2219. 2240.  925. 2195. 2131. 1041. 1938. 2232.  927. 1877. 2237.  925.
 1899. 2131. 1041. 2155. 2233.  927.]","[-1.5024e+01  4.2740e+00  6.3138e+01 -4.2720e-01  0.0000e+00  6.1000e-02
 -6.5900e-02 -2.6220e-01  9.5900e-01]",112
524,2,"[[-0.28614011 -0.30674764  0.32325236]
 [ 0.15650668 -0.31050244  0.31949756]
 [ 0.24764063 -0.13638371  0.49361629]
 [-0.24764063  0.13638371 -0.49361629]
 [ 0.28614011  0.30674764 -0.32325236]
 [-0.15650668  0.31050244 -0.31949756]]","[2234. 2247.  924. 2209. 2136. 1035. 1945. 2250.  921. 1861. 2247.  924.
 1886. 2136. 1035. 2150. 2250.  921.]","[2221. 2240.  925. 2199. 2133. 1039. 1941. 2232.  927. 1876. 2238.  925.
 1896. 2132. 1039. 2152. 2233.  927.]","[-1.5040e+01  4.2740e+00  6.3138e+01 -4.8830e-01  0.0000e+00 -6.1000e-02
 -7.6700e-02 -2.6220e-01  9.5610e-01]",112
525,2,"[[-0.28791756 -0.30618676  0.32381324]
 [ 0.15240553 -0.31080097  0.31919903]
 [ 0.25240333 -0.13981569  0.49018431]
 [-0.25240333  0.13981569 -0.49018431]
 [ 0.28791756  0.30618676 -0.32381324]
 [-0.15240553  0.31080097 -0.31919903]]","[2235. 2247.  924. 2212. 2139. 1032. 1948. 2250.  921. 1860. 2247.  924.
 1883. 2139. 1032. 2147. 2250.  921.]","[2223. 2240.  926. 2202. 2135. 1037. 1943. 2232.  927. 1875. 2237.  926.
 1893. 2134. 1037. 2150. 2233.  927.]","[-1.5062e+01  4.2740e+00  6.3138e+01 -6.1040e-01  6.1000e-02  0.0000e+00
 -7.6200e-02 -2.6220e-01  9.6140e-01]",112
526,2,"[[-0.28959832 -0.30562181  0.32437819]
 [ 0.14826111 -0.31109547  0.31890453]
 [ 0.25695565 -0.14338063  0.48661937]
 [-0.25695565  0.14338063 -0.48661937]
 [ 0.28959832  0.30562181 -0.32437819]
 [-0.14826111  0.31109547 -0.31890453]]","[2236. 2247.  924. 2215. 2141. 1030. 1951. 2250.  921. 1859. 2247.  924.
 1880. 2141. 1030. 2144. 2250.  921.]","[2225. 2240.  926. 2205. 2136. 1035. 1945. 2231.  927. 1873. 2237.  926.
 1890. 2136. 1036. 2148. 2234.  927.]","[-1.5084e+01  4.2790e+00  6.3133e+01 -6.1040e-01  6.1000e-02  0.0000e+00
 -7.5700e-02 -2.6420e-01  9.6580e-01]",112
527,2,"[[-0.29118183 -0.30505334  0.32494666]
 [ 0.14407435 -0.31138585  0.31861415]
 [ 0.2612954  -0.1470785   0.4829215 ]
 [-0.2612954   0.1470785  -0.4829215 ]
 [ 0.29118183  0.30505334 -0.32494666]
 [-0.14407435  0.31138585 -0.31861415]]","[2237. 2246.  925. 2218. 2143. 1028. 1954. 2250.  920. 1858. 2246.  925.
 1877. 2143. 1028. 2141. 2250.  920.]","[2226. 2239.  926. 2209. 2139. 1033. 1948. 2232.  927. 1871. 2237.  926.
 1886. 2138. 1034. 2145. 2234.  927.]","[-1.5101e+01  4.2790e+00  6.3133e+01 -4.8830e-01  0.0000e+00 -6.1000e-02
 -6.5900e-02 -2.5730e-01  9.6000e-01]",112
528,2,"[[-0.29266755 -0.3044819   0.3255181 ]
 [ 0.1398462  -0.31167203  0.31832797]
 [ 0.26542061 -0.15090918  0.47909082]
 [-0.26542061  0.15090918 -0.47909082]
 [ 0.29266755  0.3044819  -0.3255181 ]
 [-0.1398462   0.31167203 -0.31832797]]","[2238. 2246.  925. 2221. 2146. 1025. 1956. 2251.  920. 1857. 2246.  925.
 1874. 2146. 1025. 2139. 2251.  920.]","[2228. 2240.  927. 2212. 2141. 1031. 1951. 2232.  926. 1870. 2237.  927.
 1884. 2141. 1031. 2142. 2233.  927.]","[-15.123    4.279   63.127   -0.6104   0.      -0.1831  -0.0732  -0.2656
   0.9492]",112
529,2,"[[-0.29405498 -0.30390806  0.32609194]
 [ 0.13557761 -0.31195392  0.31804608]
 [ 0.26932943 -0.15487245  0.47512755]
 [-0.26932943  0.15487245 -0.47512755]
 [ 0.29405498  0.30390806 -0.32609194]
 [-0.13557761  0.31195392 -0.31804608]]","[2239. 2246.  925. 2223. 2148. 1023. 1959. 2251.  920. 1856. 2246.  925.
 1872. 2148. 1023. 2136. 2251.  920.]","[2230. 2239.  928. 2215. 2143. 1028. 1953. 2232.  926. 1869. 2237.  927.
 1880. 2143. 1029. 2140. 2233.  926.]","[-15.15     4.279   63.116   -0.6714   0.1221  -0.1831  -0.0801  -0.2646
   0.9697]",112
530,2,"[[-0.29534366 -0.30333234  0.32666766]
 [ 0.13126956 -0.31223147  0.31776853]
 [ 0.27302021 -0.15896799  0.47103201]
 [-0.27302021  0.15896799 -0.47103201]
 [ 0.29534366  0.30333234 -0.32666766]
 [-0.13126956  0.31223147 -0.31776853]]","[2240. 2245.  926. 2225. 2151. 1020. 1962. 2251.  920. 1855. 2245.  926.
 1870. 2151. 1020. 2133. 2251.  920.]","[2231. 2239.  927. 2218. 2146. 1027. 1956. 2232.  926. 1867. 2237.  927.
 1878. 2146. 1026. 2137. 2234.  927.]","[-1.5167e+01  4.2790e+00  6.3116e+01 -4.8830e-01  0.0000e+00 -6.1000e-02
 -7.9100e-02 -2.6900e-01  9.7120e-01]",112
531,2,"[[-0.29653315 -0.30275529  0.32724471]
 [ 0.12692306 -0.31250458  0.31749542]
 [ 0.27649146 -0.1631954   0.4668046 ]
 [-0.27649146  0.1631954  -0.4668046 ]
 [ 0.29653315  0.30275529 -0.32724471]
 [-0.12692306  0.31250458 -0.31749542]]","[2241. 2245.  926. 2228. 2154. 1017. 1965. 2251.  920. 1854. 2245.  926.
 1867. 2154. 1017. 2130. 2251.  920.]","[2232. 2239.  928. 2220. 2149. 1024. 1958. 2233.  926. 1866. 2237.  927.
 1875. 2148. 1024. 2134. 2234.  926.]","[-15.183    4.285   63.111   -0.3052   0.       0.      -0.0752  -0.2695
   0.9531]",112
532,2,"[[-0.29762306 -0.30217743  0.32782257]
 [ 0.12253911 -0.31277319  0.31722681]
 [ 0.27974188 -0.16755418  0.46244582]
 [-0.27974188  0.16755418 -0.46244582]
 [ 0.29762306  0.30217743 -0.32782257]
 [-0.12253911  0.31277319 -0.31722681]]","[2242. 2244.  926. 2230. 2157. 1014. 1968. 2251.  920. 1853. 2244.  926.
 1865. 2157. 1014. 2127. 2251.  920.]","[2234. 2238.  928. 2223. 2151. 1020. 1962. 2234.  926. 1865. 2237.  928.
 1872. 2151. 1021. 2131. 2234.  926.]","[-1.5200e+01  4.2850e+00  6.3111e+01 -5.4930e-01  6.1000e-02  0.0000e+00
 -8.0100e-02 -2.7000e-01  9.4820e-01]",112
533,2,"[[-0.29861301 -0.3015993   0.3284007 ]
 [ 0.11811874 -0.31303723  0.31696277]
 [ 0.28277029 -0.17204373  0.45795627]
 [-0.28277029  0.17204373 -0.45795627]
 [ 0.29861301  0.3015993  -0.3284007 ]
 [-0.11811874  0.31303723 -0.31696277]]","[2242. 2244.  927. 2232. 2160. 1011. 1970. 2252.  919. 1853. 2244.  927.
 1863. 2160. 1011. 2125. 2252.  919.]","[2235. 2238.  928. 2225. 2154. 1018. 1964. 2234.  926. 1863. 2237.  928.
 1870. 2154. 1018. 2128. 2234.  926.]","[-1.5227e+01  4.2900e+00  6.3116e+01 -7.9350e-01  6.1000e-02  1.2210e-01
 -7.6700e-02 -2.6220e-01  9.6000e-01]",112
534,2,"[[-0.29950269 -0.30102139  0.32897861]
 [ 0.11366301 -0.31329662  0.31670338]
 [ 0.28557574 -0.17666337  0.45333663]
 [-0.28557574  0.17666337 -0.45333663]
 [ 0.29950269  0.30102139 -0.32897861]
 [-0.11366301  0.31329662 -0.31670338]]","[2243. 2244.  927. 2234. 2163. 1008. 1973. 2252.  919. 1852. 2244.  927.
 1861. 2163. 1008. 2122. 2252.  919.]","[2235. 2237.  928. 2228. 2157. 1015. 1967. 2235.  926. 1862. 2237.  929.
 1867. 2157. 1015. 2126. 2235.  925.]","[-15.26     4.296   63.122   -0.7935   0.       0.1221  -0.0674  -0.2598
   0.9595]",112
535,2,"[[-0.30029178 -0.30044423  0.32955577]
 [ 0.10917298 -0.3135513   0.3164487 ]
 [ 0.28815737 -0.18141229  0.44858771]
 [-0.28815737  0.18141229 -0.44858771]
 [ 0.30029178  0.30044423 -0.32955577]
 [-0.10917298  0.3135513  -0.3164487 ]]","[2243. 2243.  928. 2235. 2166. 1005. 1976. 2252.  919. 1852. 2243.  928.
 1860. 2166. 1005. 2119. 2252.  919.]","[2237. 2238.  929. 2230. 2161. 1011. 1970. 2236.  925. 1861. 2237.  929.
 1865. 2160. 1012. 2123. 2235.  926.]","[-1.5287e+01  4.3010e+00  6.3127e+01 -7.3240e-01  6.1000e-02  1.2210e-01
 -7.3200e-02 -2.5830e-01  9.6480e-01]",112
536,2,"[[-0.30098002 -0.2998683   0.3301317 ]
 [ 0.10464973 -0.3138012   0.3161988 ]
 [ 0.29051455 -0.18628963  0.44371037]
 [-0.29051455  0.18628963 -0.44371037]
 [ 0.30098002  0.2998683  -0.3301317 ]
 [-0.10464973  0.3138012  -0.3161988 ]]","[2244. 2243.  928. 2237. 2169. 1002. 1979. 2252.  919. 1851. 2243.  928.
 1858. 2169. 1002. 2116. 2252.  919.]","[2238. 2237.  929. 2231. 2163. 1010. 1972. 2236.  925. 1860. 2237.  929.
 1863. 2162. 1010. 2121. 2236.  926.]","[-1.5320e+01  4.3070e+00  6.3127e+01 -9.1550e-01  1.2210e-01  6.1000e-02
 -7.2300e-02 -2.6220e-01  9.5120e-01]",112
537,2,"[[-0.3015672  -0.29929411  0.33070589]
 [ 0.10009435 -0.31404626  0.31595374]
 [ 0.29264676 -0.1912944   0.4387056 ]
 [-0.29264676  0.1912944  -0.4387056 ]
 [ 0.3015672   0.29929411 -0.33070589]
 [-0.10009435  0.31404626 -0.31595374]]","[2244. 2243.  928. 2238. 2172.  999. 1982. 2252.  919. 1851. 2243.  928.
 1857. 2172.  999. 2113. 2252.  919.]","[2239. 2237.  930. 2233. 2166. 1006. 1974. 2236.  925. 1860. 2237.  930.
 1862. 2165. 1007. 2118. 2236.  925.]","[-1.5364e+01  4.3180e+00  6.3127e+01 -1.2207e+00  1.8310e-01  6.1000e-02
 -6.9800e-02 -2.6170e-01  9.5410e-01]",112
538,2,"[[-0.30205315 -0.29872213  0.33127787]
 [ 0.09550795 -0.31428641  0.31571359]
 [ 0.29455366 -0.19642553  0.43357447]
 [-0.29455366  0.19642553 -0.43357447]
 [ 0.30205315  0.29872213 -0.33127787]
 [-0.09550795  0.31428641 -0.31571359]]","[2244. 2242.  929. 2240. 2176.  995. 1985. 2252.  919. 1851. 2242.  929.
 1855. 2176.  995. 2110. 2252.  919.]","[2240. 2237.  929. 2235. 2168. 1004. 1977. 2236.  925. 1858. 2237.  930.
 1860. 2168. 1004. 2115. 2236.  925.]","[-1.5414e+01  4.3290e+00  6.3127e+01 -1.4648e+00  2.4410e-01  6.1000e-02
 -6.8400e-02 -2.6510e-01  9.5260e-01]",112
539,3,"[[-0.30243789 -0.29815283  0.33184717]
 [ 0.09089166 -0.31452159  0.31547841]
 [ 0.29623508 -0.20168185  0.42831815]
 [-0.29623508  0.20168185 -0.42831815]
 [ 0.30243789  0.29815283 -0.33184717]
 [-0.09089166  0.31452159 -0.31547841]]","[2245. 2242.  929. 2241. 2179.  992. 1988. 2253.  918. 1850. 2242.  929.
 1854. 2179.  992. 2107. 2253.  918.]","[2241. 2237.  930. 2237. 2171. 1000. 1979. 2236.  925. 1858. 2236.  930.
 1859. 2171. 1001. 2113. 2237.  925.]","[-15.474    4.334   63.133   -1.5259   0.1221   0.1221  -0.0693  -0.2651
   0.959 ]",112
540,3,"[[-0.30272199 -0.29758669  0.33241331]
 [ 0.08624652 -0.31475175  0.31524825]
 [ 0.29769103 -0.2070621   0.4229379 ]
 [-0.29769103  0.2070621  -0.4229379 ]
 [ 0.30272199  0.29758669 -0.33241331]
 [-0.08624652  0.31475175 -0.31524825]]","[2245. 2241.  929. 2242. 2182.  988. 1991. 2253.  918. 1850. 2241.  929.
 1853. 2182.  988. 2104. 2253.  918.]","[2241. 2236.  931. 2238. 2175.  997. 1983. 2236.  924. 1857. 2236.  931.
 1857. 2174.  998. 2110. 2238.  925.]","[-1.5524e+01  4.3400e+00  6.3133e+01 -1.3428e+00  1.2210e-01  6.1000e-02
 -7.0300e-02 -2.7640e-01  9.6830e-01]",112
541,3,"[[-0.30290713 -0.29702415  0.33297585]
 [ 0.08157312 -0.31497681  0.31502319]
 [ 0.29892205 -0.21256493  0.41743507]
 [-0.29892205  0.21256493 -0.41743507]
 [ 0.30290713  0.29702415 -0.33297585]
 [-0.08157312  0.31497681 -0.31502319]]","[2245. 2241.  930. 2242. 2186.  985. 1994. 2253.  918. 1850. 2241.  930.
 1853. 2186.  985. 2101. 2253.  918.]","[2242. 2235.  931. 2240. 2178.  994. 1986. 2237.  923. 1856. 2236.  931.
 1856. 2178.  994. 2106. 2238.  924.]","[-1.5573e+01  4.3400e+00  6.3133e+01 -1.2817e+00  6.1000e-02  0.0000e+00
 -8.2000e-02 -2.8080e-01  9.5460e-01]",112
542,3,"[[-0.30298511 -0.29646557  0.33353443]
 [ 0.07686919 -0.31519674  0.31480326]
 [ 0.29993072 -0.21818887  0.41181113]
 [-0.29993072  0.21818887 -0.41181113]
 [ 0.30298511  0.29646557 -0.33353443]
 [-0.07686919  0.31519674 -0.31480326]]","[2245. 2241.  930. 2243. 2190.  981. 1997. 2253.  918. 1850. 2241.  930.
 1852. 2190.  981. 2098. 2253.  918.]","[2242. 2235.  931. 2240. 2181.  991. 1988. 2237.  923. 1855. 2235.  931.
 1855. 2181.  991. 2104. 2238.  924.]","[-1.5623e+01  4.3450e+00  6.3127e+01 -1.2817e+00  1.8310e-01 -6.1000e-02
 -7.6700e-02 -2.7730e-01  9.4430e-01]",112
543,3,"[[-0.3028494  -0.29591094  0.33408906]
 [ 0.07212216 -0.31541147  0.31458853]
 [ 0.3007253  -0.2239324   0.4060676 ]
 [-0.3007253   0.2239324  -0.4060676 ]
 [ 0.3028494   0.29591094 -0.33408906]
 [-0.07212216  0.31541147 -0.31458853]]","[2245. 2240.  931. 2244. 2193.  977. 2000. 2253.  918. 1850. 2240.  931.
 1851. 2193.  977. 2095. 2253.  918.]","[2243. 2235.  931. 2242. 2185.  987. 1989. 2238.  923. 1855. 2234.  931.
 1854. 2185.  987. 2101. 2238.  924.]","[-15.683    4.351   63.127   -1.4648   0.1221   0.      -0.0757  -0.2856
   0.9624]",112
544,3,"[[-0.30236954 -0.29535955  0.33464045]
 [ 0.0673176  -0.31562095  0.31437905]
 [ 0.30130848 -0.22979396  0.40020604]
 [-0.30130848  0.22979396 -0.40020604]
 [ 0.30236954  0.29535955 -0.33464045]
 [-0.0673176   0.31562095 -0.31437905]]","[2245. 2240.  931. 2244. 2197.  974. 2004. 2253.  918. 1850. 2240.  931.
 1851. 2197.  974. 2091. 2253.  918.]","[2244. 2235.  932. 2242. 2190.  982. 1993. 2239.  922. 1854. 2234.  932.
 1853. 2189.  985. 2097. 2238.  924.]","[-15.749    4.362   63.127   -1.6479   0.2441   0.1221  -0.0864  -0.2793
   0.9473]",112
545,3,"[[-0.30153777 -0.29481148  0.33518852]
 [ 0.06245285 -0.31582515  0.31417485]
 [ 0.30167193 -0.23577195  0.39422805]
 [-0.30167193  0.23577195 -0.39422805]
 [ 0.30153777  0.29481148 -0.33518852]
 [-0.06245285  0.31582515 -0.31417485]]","[2244. 2240.  931. 2244. 2201.  970. 2007. 2253.  918. 1851. 2240.  931.
 1851. 2201.  970. 2088. 2253.  918.]","[2243. 2235.  932. 2243. 2192.  980. 1996. 2240.  923. 1854. 2233.  932.
 1852. 2190.  984. 2095. 2239.  924.]","[-15.798    4.378   63.138   -1.3428   0.2441   0.3052  -0.0786  -0.2847
   0.9639]",112
546,3,"[[-0.30035664 -0.29426723  0.33573277]
 [ 0.05752845 -0.31602403  0.31397597]
 [ 0.30181574 -0.24186411  0.38813589]
 [-0.30181574  0.24186411 -0.38813589]
 [ 0.30035664  0.29426723 -0.33573277]
 [-0.05752845  0.31602403 -0.31397597]]","[2243. 2239.  932. 2244. 2205.  966. 2010. 2254.  917. 1852. 2239.  932.
 1851. 2205.  966. 2085. 2254.  917.]","[2244. 2235.  932. 2243. 2195.  978. 2001. 2241.  923. 1854. 2233.  933.
 1853. 2193.  978. 2091. 2239.  924.]","[-15.853    4.395   63.144   -1.3428   0.1831   0.1831  -0.083   -0.2852
   0.9644]",112
547,3,"[[-0.29882762 -0.29372732  0.33627268]
 [ 0.05254543 -0.31621755  0.31378245]
 [ 0.30181827 -0.24806168  0.38193832]
 [-0.30181827  0.24806168 -0.38193832]
 [ 0.29882762  0.29372732 -0.33627268]
 [-0.05254543  0.31621755 -0.31378245]]","[2242. 2239.  932. 2244. 2209.  962. 2013. 2254.  917. 1853. 2239.  932.
 1851. 2209.  962. 2082. 2254.  917.]","[2244. 2234.  933. 2243. 2196.  976. 2002. 2242.  923. 1854. 2233.  933.
 1852. 2194.  976. 2089. 2239.  924.]","[-15.914    4.406   63.149   -1.4648   0.2441   0.1831  -0.0811  -0.2808
   0.9385]",112
548,3,"[[-0.29695251 -0.29319223  0.33680777]
 [ 0.04750497 -0.31640566  0.31359434]
 [ 0.30177074 -0.25434422  0.37565578]
 [-0.30177074  0.25434422 -0.37565578]
 [ 0.29695251  0.29319223 -0.33680777]
 [-0.04750497  0.31640566 -0.31359434]]","[2241. 2239.  932. 2244. 2213.  958. 2017. 2254.  917. 1854. 2239.  932.
 1851. 2213.  958. 2078. 2254.  917.]","[2246. 2234.  933. 2243. 2200.  971. 2006. 2242.  922. 1854. 2233.  933.
 1852. 2197.  973. 2087. 2240.  923.]","[-1.5980e+01  4.4220e+00  6.3149e+01 -1.7090e+00  2.4410e-01  6.1000e-02
 -7.3200e-02 -2.8170e-01  9.7950e-01]",112
549,3,"[[-0.29473346 -0.29266243  0.33733757]
 [ 0.04240839 -0.31658832  0.31341168]
 [ 0.30168813 -0.26069939  0.36930061]
 [-0.30168813  0.26069939 -0.36930061]
 [ 0.29473346  0.29266243 -0.33733757]
 [-0.04240839  0.31658832 -0.31341168]]","[2240. 2238.  933. 2244. 2217.  954. 2020. 2254.  917. 1855. 2238.  933.
 1851. 2217.  954. 2075. 2254.  917.]","[2246. 2234.  933. 2243. 2202.  967. 2010. 2243.  922. 1854. 2233.  933.
 1852. 2202.  969. 2082. 2239.  924.]","[-16.018    4.417   63.138   -0.8545   0.      -0.1831  -0.0664  -0.2886
   0.9873]",112
550,3,"[[-0.29217306 -0.29213842  0.33786158]
 [ 0.03725712 -0.31676551  0.31323449]
 [ 0.30156583 -0.26712219  0.36287781]
 [-0.30156583  0.26712219 -0.36287781]
 [ 0.29217306  0.29213842 -0.33786158]
 [-0.03725712  0.31676551 -0.31323449]]","[2238. 2238.  933. 2244. 2222.  949. 2023. 2254.  917. 1857. 2238.  933.
 1851. 2222.  949. 2072. 2254.  917.]","[2245. 2233.  934. 2243. 2204.  966. 2012. 2244.  922. 1854. 2234.  934.
 1853. 2204.  967. 2080. 2240.  924.]","[-1.6040e+01  4.4170e+00  6.3122e+01 -4.8830e-01  6.1000e-02 -4.2720e-01
 -7.7100e-02 -2.8420e-01  9.1700e-01]",112
551,3,"[[-0.28927426 -0.29162067  0.33837933]
 [ 0.03205268 -0.31693717  0.31306283]
 [ 0.30139909 -0.27360918  0.35639082]
 [-0.30139909  0.27360918 -0.35639082]
 [ 0.28927426  0.29162067 -0.33837933]
 [-0.03205268  0.31693717 -0.31306283]]","[2236. 2238.  933. 2244. 2226.  945. 2027. 2254.  917. 1859. 2238.  933.
 1851. 2226.  945. 2068. 2254.  917.]","[2243. 2233.  934. 2243. 2207.  963. 2016. 2244.  922. 1856. 2233.  934.
 1852. 2206.  964. 2077. 2239.  924.]","[-16.111    4.427   63.089   -1.77     0.4272  -0.6714  -0.0669  -0.2783
   0.9297]",112
552,3,"[[-0.28604042 -0.29110965  0.33889035]
 [ 0.02679668 -0.31710327  0.31289673]
 [ 0.30118467 -0.28015736  0.34984264]
 [-0.30118467  0.28015736 -0.34984264]
 [ 0.28604042  0.29110965 -0.33889035]
 [-0.02679668  0.31710327 -0.31289673]]","[2234. 2237.  934. 2244. 2230.  941. 2030. 2254.  917. 1861. 2237.  934.
 1851. 2230.  941. 2065. 2254.  917.]","[2242. 2233.  935. 2243. 2211.  960. 2021. 2244.  922. 1856. 2233.  934.
 1852. 2209.  961. 2074. 2240.  923.]","[-16.15     4.411   63.062   -0.9155  -0.1221  -0.7324  -0.0801  -0.2949
   1.084 ]",112
553,3,"[[-0.2824753  -0.29060585  0.33939415]
 [ 0.02149082 -0.31726378  0.31273622]
 [ 0.30092024 -0.2867638   0.3432362 ]
 [-0.30092024  0.2867638  -0.3432362 ]
 [ 0.2824753   0.29060585 -0.33939415]
 [-0.02149082  0.31726378 -0.31273622]]","[2232. 2237.  934. 2244. 2234.  937. 2033. 2254.  917. 1863. 2237.  934.
 1851. 2234.  937. 2062. 2254.  917.]","[2241. 2233.  936. 2243. 2213.  957. 2024. 2245.  921. 1858. 2234.  934.
 1853. 2211.  959. 2074. 2239.  924.]","[-16.128    4.395   63.051    0.5493  -0.3052  -0.4272  -0.0688  -0.293
   0.8892]",112
554,3,"[[-0.27858301 -0.28079453  0.34920547]
 [ 0.01613689 -0.31741865  0.31258135]
 [ 0.30060396 -0.29074129  0.33925871]
 [-0.30060396  0.29074129 -0.33925871]
 [ 0.27858301  0.28079453 -0.34920547]
 [-0.01613689  0.31741865 -0.31258135]]","[2229. 2231.  940. 2243. 2237.  934. 2037. 2254.  917. 1866. 2231.  940.
 1852. 2237.  934. 2058. 2254.  917.]","[2240. 2232.  936. 2243. 2215.  956. 2027. 2245.  922. 1859. 2234.  935.
 1853. 2212.  957. 2071. 2239.  923.]","[-1.6133e+01  4.3730e+00  6.3040e+01 -6.1000e-02 -3.6620e-01 -4.2720e-01
 -7.7600e-02 -3.0080e-01  9.4970e-01]",112
555,3,"[[-0.27436807 -0.27103487  0.35896513]
 [ 0.01073678 -0.31756784  0.31243216]
 [ 0.30023416 -0.29107701  0.33892299]
 [-0.30023416  0.29107701 -0.33892299]
 [ 0.27436807  0.27103487 -0.35896513]
 [-0.01073678  0.31756784 -0.31243216]]","[2226. 2224.  947. 2243. 2237.  934. 2041. 2255.  916. 1869. 2224.  947.
 1852. 2237.  934. 2054. 2255.  916.]","[2238. 2230.  937. 2243. 2216.  955. 2029. 2245.  921. 1860. 2232.  936.
 1853. 2214.  956. 2069. 2239.  924.]","[-1.6150e+01  4.3730e+00  6.3023e+01 -3.0520e-01  6.1000e-02 -3.0520e-01
 -7.4200e-02 -3.1150e-01  9.6140e-01]",112
556,3,"[[-0.26983536 -0.26144723  0.36855277]
 [ 0.00529244 -0.31771133  0.31228867]
 [ 0.29980923 -0.29141524  0.33858476]
 [-0.29980923  0.29141524 -0.33858476]
 [ 0.26983536  0.26144723 -0.36855277]
 [-0.00529244  0.31771133 -0.31228867]]","[2223. 2218.  953. 2243. 2237.  933. 2044. 2255.  916. 1872. 2218.  953.
 1852. 2237.  933. 2051. 2255.  916.]","[2236. 2226.  941. 2245. 2217.  953. 2033. 2246.  922. 1861. 2229.  937.
 1853. 2214.  955. 2065. 2239.  924.]","[-16.155    4.356   63.007    0.1221  -0.2441  -0.6104  -0.0693  -0.2993
   0.9414]",112
557,3,"[[-2.64990124e-01 -2.52040676e-01  3.77959324e-01]
 [-1.94060126e-04 -3.17849069e-01  3.12150931e-01]
 [ 2.99327596e-01 -2.91755829e-01  3.38244171e-01]
 [-2.99327596e-01  2.91755829e-01 -3.38244171e-01]
 [ 2.64990124e-01  2.52040676e-01 -3.77959324e-01]
 [ 1.94060126e-04  3.17849069e-01 -3.12150931e-01]]","[2220. 2212.  959. 2243. 2238.  933. 2048. 2255.  916. 1875. 2212.  959.
 1852. 2238.  933. 2047. 2255.  916.]","[2234. 2222.  941. 2246. 2217.  952. 2036. 2246.  922. 1865. 2225.  939.
 1853. 2214.  954. 2061. 2239.  923.]","[-1.6161e+01  4.3400e+00  6.2979e+01  1.2210e-01 -1.2210e-01 -1.0376e+00
 -4.6900e-02 -2.6270e-01  9.1940e-01]",112
558,3,"[[-0.25983798 -0.24282415  0.38717585]
 [-0.00572059 -0.31798102  0.31201898]
 [ 0.29878767 -0.29209865  0.33790135]
 [-0.29878767  0.29209865 -0.33790135]
 [ 0.25983798  0.24282415 -0.38717585]
 [ 0.00572059  0.31798102 -0.31201898]]","[2217. 2206.  965. 2242. 2238.  933. 2051. 2255.  916. 1878. 2206.  965.
 1853. 2238.  933. 2044. 2255.  916.]","[2232. 2215.  945. 2245. 2217.  951. 2040. 2246.  922. 1868. 2221.  946.
 1854. 2214.  953. 2057. 2239.  924.]","[-1.6166e+01  4.3180e+00  6.2930e+01 -4.2720e-01  0.0000e+00 -2.1362e+00
 -6.1500e-02 -2.5150e-01  9.3600e-01]",112
559,3,"[[-0.25438489 -0.23380646  0.39619354]
 [-0.01128491 -0.31810716  0.31189284]
 [ 0.29818785 -0.29244357  0.33755643]
 [-0.29818785  0.29244357 -0.33755643]
 [ 0.25438489  0.23380646 -0.39619354]
 [ 0.01128491  0.31810716 -0.31189284]]","[2213. 2200.  971. 2242. 2238.  933. 2055. 2255.  916. 1882. 2200.  971.
 1853. 2238.  933. 2040. 2255.  916.]","[2231. 2213.  950. 2245. 2217.  951. 2042. 2246.  922. 1871. 2216.  950.
 1854. 2214.  953. 2054. 2239.  924.]","[-16.194    4.29    62.847   -0.6104  -0.1831  -1.77    -0.1309  -0.272
   1.0059]",112
560,3,"[[-0.24863717 -0.2249963   0.4050037 ]
 [-0.01688473 -0.31822744  0.31177256]
 [ 0.29752653 -0.29279046  0.33720954]
 [-0.29752653  0.29279046 -0.33720954]
 [ 0.24863717  0.2249963  -0.4050037 ]
 [ 0.01688473  0.31822744 -0.31177256]]","[2210. 2194.  977. 2241. 2238.  933. 2059. 2255.  916. 1885. 2194.  977.
 1854. 2238.  933. 2036. 2255.  916.]","[2227. 2207.  956. 2245. 2217.  949. 2045. 2246.  922. 1874. 2214.  956.
 1855. 2214.  953. 2051. 2239.  924.]","[-16.221    4.274   62.798   -0.4883  -0.1831  -0.1831  -0.0669  -0.2485
   0.9082]",112
561,3,"[[-0.24260149 -0.21640221  0.41359779]
 [-0.02251763 -0.31834183  0.31165817]
 [ 0.2968021  -0.29313921  0.33686079]
 [-0.2968021   0.29313921 -0.33686079]
 [ 0.24260149  0.21640221 -0.41359779]
 [ 0.02251763  0.31834183 -0.31165817]]","[2206. 2189.  982. 2241. 2239.  932. 2062. 2255.  916. 1889. 2189.  982.
 1854. 2239.  932. 2033. 2255.  916.]","[2220. 2201.  964. 2243. 2217.  948. 2050. 2246.  922. 1878. 2208.  964.
 1856. 2214.  953. 2047. 2239.  924.]","[-1.6238e+01  4.2520e+00  6.2798e+01 -1.2207e+00 -1.4038e+00 -6.1000e-02
 -8.1500e-02 -2.4510e-01  9.4090e-01]",112
562,3,"[[-0.23628482 -0.20803255  0.42196745]
 [-0.02818114 -0.31845029  0.31154971]
 [ 0.29601292 -0.29348967  0.33651033]
 [-0.29601292  0.29348967 -0.33651033]
 [ 0.23628482  0.20803255 -0.42196745]
 [ 0.02818114  0.31845029 -0.31154971]]","[2202. 2183.  988. 2240. 2239.  932. 2066. 2255.  916. 1893. 2183.  988.
 1855. 2239.  932. 2029. 2255.  916.]","[2217. 2198.  969. 2243. 2216.  948. 2052. 2245.  922. 1882. 2204.  969.
 1856. 2214.  952. 2044. 2239.  924.]","[-16.282    4.202   62.809   -1.4648  -1.2207  -0.4883  -0.0898  -0.2793
   0.9697]",112
563,3,"[[-0.22969449 -0.19989555  0.43010445]
 [-0.0338727  -0.31855279  0.31144721]
 [ 0.29515737 -0.29384174  0.33615826]
 [-0.29515737  0.29384174 -0.33615826]
 [ 0.22969449  0.19989555 -0.43010445]
 [ 0.0338727   0.31855279 -0.31144721]]","[2197. 2178.  993. 2240. 2239.  932. 2070. 2255.  916. 1898. 2178.  993.
 1855. 2239.  932. 2025. 2255.  916.]","[2210. 2196.  977. 2241. 2216.  948. 2056. 2245.  922. 1887. 2196.  976.
 1857. 2215.  951. 2039. 2239.  924.]","[-16.331    4.158   62.798   -1.4648  -1.2207  -0.6104  -0.1074  -0.2886
   0.9385]",112
564,3,"[[-0.22283813 -0.19199924  0.43800076]
 [-0.03958967 -0.3186493   0.3113507 ]
 [ 0.29423381 -0.29419528  0.33580472]
 [-0.29423381  0.29419528 -0.33580472]
 [ 0.22283813  0.19199924 -0.43800076]
 [ 0.03958967  0.3186493  -0.3113507 ]]","[2193. 2173.  998. 2239. 2239.  932. 2073. 2255.  916. 1902. 2173.  998.
 1856. 2239.  932. 2022. 2255.  916.]","[2207. 2192.  981. 2238. 2216.  948. 2059. 2245.  922. 1889. 2192.  981.
 1857. 2215.  950. 2036. 2239.  924.]","[-16.386    4.114   62.798   -1.5259  -1.2207   0.4272  -0.1128  -0.269
   0.9697]",112
565,3,"[[-0.21572368 -0.18435147  0.44564853]
 [-0.04532933 -0.31873977  0.31126023]
 [ 0.29324062 -0.29455019  0.33544981]
 [-0.29324062  0.29455019 -0.33544981]
 [ 0.21572368  0.18435147 -0.44564853]
 [ 0.04532933  0.31873977 -0.31126023]]","[2188. 2168. 1003. 2239. 2240.  931. 2077. 2255.  916. 1907. 2168. 1003.
 1856. 2240.  931. 2018. 2255.  916.]","[2201. 2185.  987. 2237. 2216.  947. 2064. 2245.  922. 1894. 2185.  988.
 1858. 2216.  948. 2031. 2239.  924.]","[-1.6436e+01  4.0920e+00  6.2836e+01 -1.5259e+00 -1.3428e+00  1.2207e+00
 -5.6200e-02 -2.7830e-01  9.9020e-01]",112
566,3,"[[-0.20835937 -0.17695991  0.45304009]
 [-0.05108888 -0.31882419  0.31117581]
 [ 0.29217615 -0.29490634  0.33509366]
 [-0.29217615  0.29490634 -0.33509366]
 [ 0.20835937  0.17695991 -0.45304009]
 [ 0.05108888  0.31882419 -0.31117581]]","[2183. 2163. 1008. 2238. 2240.  931. 2081. 2255.  916. 1912. 2163. 1008.
 1857. 2240.  931. 2014. 2255.  916.]","[2196. 2180.  994. 2236. 2216.  947. 2067. 2245.  922. 1899. 2180.  994.
 1858. 2217.  948. 2027. 2240.  924.]","[-1.6479e+01  4.0650e+00  6.2897e+01 -1.0986e+00 -1.1597e+00  7.9350e-01
 -4.0500e-02 -3.0370e-01  9.4340e-01]",112
567,3,"[[-0.20075375 -0.16983201  0.46016799]
 [-0.05686544 -0.31890251  0.31109749]
 [ 0.29103879 -0.29526363  0.33473637]
 [-0.29103879  0.29526363 -0.33473637]
 [ 0.20075375  0.16983201 -0.46016799]
 [ 0.05686544  0.31890251 -0.31109749]]","[2178. 2158. 1013. 2237. 2240.  931. 2085. 2255.  916. 1917. 2158. 1013.
 1858. 2240.  931. 2010. 2255.  916.]","[2193. 2176.  998. 2236. 2216.  947. 2070. 2245.  922. 1902. 2176.  997.
 1858. 2217.  947. 2024. 2240.  924.]","[-1.6512e+01  4.0370e+00  6.2930e+01 -7.9350e-01 -3.0520e-01  0.0000e+00
 -4.7400e-02 -3.2030e-01  9.9220e-01]",112
568,3,"[[-0.19291561 -0.16297504  0.46702496]
 [-0.06265608 -0.3189747   0.3110253 ]
 [ 0.28982692 -0.29562192  0.33437808]
 [-0.28982692  0.29562192 -0.33437808]
 [ 0.19291561  0.16297504 -0.46702496]
 [ 0.06265608  0.3189747  -0.3110253 ]]","[2173. 2154. 1017. 2236. 2240.  931. 2088. 2255.  916. 1922. 2154. 1017.
 1859. 2240.  931. 2007. 2255.  916.]","[2187. 2170. 1003. 2235. 2216.  947. 2073. 2245.  922. 1907. 2171. 1002.
 1860. 2217.  947. 2020. 2239.  924.]","[-1.6534e+01  4.0320e+00  6.2935e+01 -3.6620e-01 -6.1000e-02 -1.2210e-01
 -5.3700e-02 -3.3400e-01  9.3600e-01]",112
569,3,"[[-0.18485404 -0.15639603  0.47360397]
 [-0.06845777 -0.31904073  0.31095927]
 [ 0.28853895 -0.29598112  0.33401888]
 [-0.28853895  0.29598112 -0.33401888]
 [ 0.18485404  0.15639603 -0.47360397]
 [ 0.06845777  0.31904073 -0.31095927]]","[2168. 2149. 1022. 2236. 2240.  931. 2092. 2255.  915. 1927. 2149. 1022.
 1859. 2240.  931. 2003. 2255.  915.]","[2181. 2165. 1008. 2234. 2216.  947. 2077. 2245.  922. 1913. 2165. 1007.
 1861. 2217.  947. 2017. 2240.  924.]","[-1.6551e+01  4.0260e+00  6.2930e+01 -2.4410e-01 -6.1000e-02 -1.2210e-01
 -6.3500e-02 -3.2620e-01  9.3460e-01]",112
570,3,"[[-0.17657837 -0.15010178  0.47989822]
 [-0.07426743 -0.31910057  0.31089943]
 [ 0.28717329 -0.29634111  0.33365889]
 [-0.28717329  0.29634111 -0.33365889]
 [ 0.17657837  0.15010178 -0.47989822]
 [ 0.07426743  0.31910057 -0.31089943]]","[2163. 2145. 1026. 2235. 2241.  930. 2096. 2256.  915. 1932. 2145. 1026.
 1860. 2241.  930. 1999. 2256.  915.]","[2177. 2161. 1012. 2235. 2216.  947. 2079. 2245.  922. 1917. 2161. 1011.
 1861. 2217.  947. 2014. 2240.  924.]","[-16.567    4.021   62.924   -0.1831  -0.1221   0.      -0.0742  -0.3296
   0.9575]",112
571,3,"[[-0.16809819 -0.14409887  0.48590113]
 [-0.08008189 -0.31915419  0.31084581]
 [ 0.28572837 -0.29670178  0.33329822]
 [-0.28572837  0.29670178 -0.33329822]
 [ 0.16809819  0.14409887 -0.48590113]
 [ 0.08008189  0.31915419 -0.31084581]]","[2157. 2141. 1030. 2234. 2241.  930. 2100. 2256.  915. 1938. 2141. 1030.
 1861. 2241.  930. 1995. 2256.  915.]","[2172. 2156. 1017. 2234. 2217.  947. 2082. 2245.  922. 1922. 2157. 1016.
 1862. 2217.  946. 2011. 2240.  924.]","[-1.6584e+01  4.0160e+00  6.2924e+01  0.0000e+00 -6.1000e-02  0.0000e+00
 -6.7900e-02 -3.1010e-01  9.4630e-01]",112
572,3,"[[-0.15942332 -0.13839363  0.49160637]
 [-0.08589795 -0.31920157  0.31079843]
 [ 0.28420266 -0.29706303  0.33293697]
 [-0.28420266  0.29706303 -0.33293697]
 [ 0.15942332  0.13839363 -0.49160637]
 [ 0.08589795  0.31920157 -0.31079843]]","[2151. 2138. 1033. 2233. 2241.  930. 2103. 2256.  915. 1944. 2138. 1033.
 1862. 2241.  930. 1992. 2256.  915.]","[2167. 2152. 1021. 2233. 2216.  947. 2085. 2245.  922. 1926. 2152. 1020.
 1863. 2217.  946. 2008. 2239.  924.]","[-16.595    4.016   62.924    0.       0.      -0.1221  -0.0669  -0.2964
   0.9443]",112
573,3,"[[-0.15056381 -0.13299214  0.49700786]
 [-0.09171231 -0.31924266  0.31075734]
 [ 0.28259463 -0.29742474  0.33257526]
 [-0.28259463  0.29742474 -0.33257526]
 [ 0.15056381  0.13299214 -0.49700786]
 [ 0.09171231  0.31924266 -0.31075734]]","[2146. 2134. 1037. 2232. 2241.  930. 2107. 2256.  915. 1949. 2134. 1037.
 1863. 2241.  930. 1988. 2256.  915.]","[2162. 2147. 1025. 2232. 2217.  947. 2088. 2245.  922. 1932. 2148. 1024.
 1864. 2217.  945. 2005. 2239.  924.]","[-1.6606e+01  4.0100e+00  6.2919e+01 -6.1000e-02 -1.2210e-01 -1.2210e-01
 -6.9800e-02 -2.7930e-01  9.6040e-01]",112
574,3,"[[-0.14152991 -0.12790023  0.50209977]
 [-0.09752164 -0.31927745  0.31072255]
 [ 0.2809028  -0.2977868   0.3322132 ]
 [-0.2809028   0.2977868  -0.3322132 ]
 [ 0.14152991  0.12790023 -0.50209977]
 [ 0.09752164  0.31927745 -0.31072255]]","[2140. 2131. 1040. 2231. 2242.  929. 2111. 2256.  915. 1955. 2131. 1040.
 1864. 2242.  929. 1984. 2256.  915.]","[2155. 2143. 1030. 2231. 2216.  947. 2091. 2244.  922. 1939. 2144. 1029.
 1865. 2217.  945. 2001. 2239.  924.]","[-1.6617e+01  4.0050e+00  6.2919e+01  0.0000e+00 -6.1000e-02  0.0000e+00
 -7.1300e-02 -2.7440e-01  9.6440e-01]",112
575,3,"[[-0.1323321  -0.12312345  0.50687655]
 [-0.10332252 -0.31930591  0.31069409]
 [ 0.27912571 -0.29814912  0.33185088]
 [-0.27912571  0.29814912 -0.33185088]
 [ 0.1323321   0.12312345 -0.50687655]
 [ 0.10332252  0.31930591 -0.31069409]]","[2134. 2128. 1043. 2229. 2242.  929. 2115. 2256.  915. 1961. 2128. 1043.
 1866. 2242.  929. 1980. 2256.  915.]","[2148. 2138. 1034. 2230. 2216.  947. 2095. 2245.  922. 1945. 2139. 1033.
 1866. 2217.  944. 1997. 2239.  924.]","[-1.6622e+01  4.0050e+00  6.2919e+01 -6.1000e-02 -6.1000e-02 -6.1000e-02
 -6.5900e-02 -2.6660e-01  9.5210e-01]",112
576,3,"[[-0.12298102 -0.11866709  0.51133291]
 [-0.10911151 -0.31932801  0.31067199]
 [ 0.27726194 -0.29851159  0.33148841]
 [-0.27726194  0.29851159 -0.33148841]
 [ 0.12298102  0.11866709 -0.51133291]
 [ 0.10911151  0.31932801 -0.31067199]]","[2128. 2125. 1046. 2228. 2242.  929. 2119. 2256.  915. 1967. 2125. 1046.
 1867. 2242.  929. 1976. 2256.  915.]","[2143. 2135. 1037. 2229. 2217.  947. 2099. 2244.  922. 1950. 2136. 1037.
 1868. 2217.  944. 1993. 2240.  924.]","[-16.628    3.999   62.913   -0.1221  -0.1221  -0.1221  -0.0771  -0.2734
   0.957 ]",112
577,3,"[[-0.1134875  -0.11453616  0.51546384]
 [-0.1148851  -0.31934378  0.31065622]
 [ 0.2753101  -0.2988741   0.3311259 ]
 [-0.2753101   0.2988741  -0.3311259 ]
 [ 0.1134875   0.11453616 -0.51546384]
 [ 0.1148851   0.31934378 -0.31065622]]","[2121. 2122. 1049. 2227. 2242.  929. 2122. 2256.  915. 1974. 2122. 1049.
 1868. 2242.  929. 1973. 2256.  915.]","[2139. 2133. 1040. 2229. 2217.  946. 2101. 2245.  922. 1955. 2134. 1039.
 1869. 2217.  943. 1991. 2239.  924.]","[-16.633    3.994   62.913   -0.2441  -0.1221   0.      -0.0713  -0.2832
   0.9507]",112
578,3,"[[-0.10386254 -0.11073538  0.51926462]
 [-0.12063972 -0.31935331  0.31064669]
 [ 0.27326886 -0.29923654  0.33076346]
 [-0.27326886  0.29923654 -0.33076346]
 [ 0.10386254  0.11073538 -0.51926462]
 [ 0.12063972  0.31935331 -0.31064669]]","[2115. 2120. 1051. 2226. 2243.  928. 2126. 2256.  915. 1980. 2120. 1051.
 1869. 2243.  928. 1969. 2256.  915.]","[2133. 2131. 1043. 2228. 2216.  946. 2105. 2245.  922. 1961. 2131. 1042.
 1870. 2217.  943. 1987. 2240.  924.]","[-16.639    3.988   62.908   -0.2441  -0.1221  -0.1831  -0.0654  -0.291
   0.9541]",112
579,3,"[[-0.09411729 -0.10726918  0.52273082]
 [-0.12637177 -0.31935664  0.31064336]
 [ 0.27113692 -0.29959883  0.33040117]
 [-0.27113692  0.29959883 -0.33040117]
 [ 0.09411729  0.10726918 -0.52273082]
 [ 0.12637177  0.31935664 -0.31064336]]","[2109. 2117. 1054. 2224. 2243.  928. 2130. 2256.  915. 1986. 2117. 1054.
 1871. 2243.  928. 1965. 2256.  915.]","[2127. 2127. 1045. 2227. 2216.  946. 2108. 2245.  922. 1967. 2128. 1044.
 1871. 2218.  941. 1983. 2240.  924.]","[-1.6655e+01  3.9770e+00  6.2897e+01 -4.2720e-01 -6.1000e-02 -6.1040e-01
 -4.8800e-02 -3.0220e-01  9.5020e-01]",112
580,3,"[[-0.08426303 -0.10414169  0.52585831]
 [-0.13207759 -0.31935053  0.31064947]
 [ 0.26891303 -0.29996086  0.33003914]
 [-0.26891303  0.29996086 -0.33003914]
 [ 0.08426303  0.10414169 -0.52585831]
 [ 0.13207759  0.31935053 -0.31064947]]","[2102. 2115. 1056. 2223. 2243.  928. 2134. 2256.  915. 1993. 2115. 1056.
 1872. 2243.  928. 1961. 2256.  915.]","[2118. 2124. 1049. 2225. 2216.  945. 2113. 2245.  922. 1975. 2124. 1049.
 1873. 2219.  941. 1977. 2241.  924.]","[-1.6672e+01  3.9660e+00  6.2858e+01 -2.4410e-01  6.1000e-02 -1.2207e+00
 -6.1000e-02 -3.1300e-01  9.6390e-01]",112
581,3,"[[-0.07431118 -0.10135674  0.52864326]
 [-0.13775351 -0.31932316  0.31067684]
 [ 0.26659598 -0.30032252  0.32967748]
 [-0.26659598  0.30032252 -0.32967748]
 [ 0.07431118  0.10135674 -0.52864326]
 [ 0.13775351  0.31932316 -0.31067684]]","[2096. 2114. 1057. 2221. 2243.  928. 2137. 2256.  915. 1999. 2114. 1057.
 1874. 2243.  928. 1958. 2256.  915.]","[2114. 2122. 1051. 2224. 2216.  945. 2115. 2245.  922. 1979. 2122. 1050.
 1874. 2219.  940. 1975. 2242.  924.]","[-1.6683e+01  3.9610e+00  6.2809e+01 -6.1000e-02  3.6620e-01 -1.3428e+00
 -6.8400e-02 -3.1150e-01  9.3950e-01]",112
582,3,"[[-0.06427326 -0.09891785  0.53108215]
 [-0.1433958  -0.31927041  0.31072959]
 [ 0.26418464 -0.30068371  0.32931629]
 [-0.26418464  0.30068371 -0.32931629]
 [ 0.06427326  0.09891785 -0.53108215]
 [ 0.1433958   0.31927041 -0.31072959]]","[2089. 2112. 1059. 2220. 2244.  927. 2141. 2256.  915. 2006. 2112. 1059.
 1875. 2244.  927. 1954. 2256.  915.]","[2108. 2120. 1053. 2223. 2216.  945. 2119. 2245.  923. 1985. 2120. 1052.
 1876. 2220.  939. 1971. 2242.  924.]","[-16.699    3.955   62.754   -0.4272   0.2441  -1.2817  -0.0767  -0.3027
   0.9409]",112
583,3,"[[-0.0541609  -0.09682821  0.53317179]
 [-0.14900069 -0.31919517  0.31080483]
 [ 0.26167791 -0.30104434  0.32895566]
 [-0.26167791  0.30104434 -0.32895566]
 [ 0.0541609   0.09682821 -0.53317179]
 [ 0.14900069  0.31919517 -0.31080483]]","[2083. 2111. 1060. 2218. 2244.  927. 2145. 2256.  915. 2012. 2111. 1060.
 1877. 2244.  927. 1950. 2256.  915.]","[2101. 2118. 1055. 2221. 2217.  945. 2122. 2245.  922. 1992. 2118. 1054.
 1877. 2219.  938. 1967. 2243.  924.]","[-16.727    3.95    62.71    -0.4883   0.      -0.8545  -0.0796  -0.2969
   0.9634]",112
584,3,"[[-0.04398581 -0.09509072  0.53490928]
 [-0.15456439 -0.31909835  0.31090165]
 [ 0.25907476 -0.3014043   0.3285957 ]
 [-0.25907476  0.3014043  -0.3285957 ]
 [ 0.04398581  0.09509072 -0.53490928]
 [ 0.15456439  0.31909835 -0.31090165]]","[2076. 2109. 1061. 2216. 2244.  927. 2148. 2256.  915. 2019. 2109. 1061.
 1879. 2244.  927. 1947. 2256.  915.]","[2093. 2116. 1057. 2219. 2216.  945. 2127. 2245.  922. 2000. 2116. 1057.
 1879. 2220.  938. 1962. 2243.  924.]","[-1.6749e+01  3.9440e+00  6.2682e+01 -2.4410e-01  6.1000e-02 -5.4930e-01
 -6.2000e-02 -2.9000e-01  9.5170e-01]",112
585,3,"[[-0.03375978 -0.09370792  0.53629208]
 [-0.16008308 -0.31898033  0.31101967]
 [ 0.25637424 -0.3017635   0.3282365 ]
 [-0.25637424  0.3017635  -0.3282365 ]
 [ 0.03375978  0.09370792 -0.53629208]
 [ 0.16008308  0.31898033 -0.31101967]]","[2070. 2109. 1062. 2215. 2244.  927. 2152. 2255.  916. 2025. 2109. 1062.
 1880. 2244.  927. 1943. 2255.  916.]","[2087. 2114. 1058. 2217. 2216.  945. 2130. 2245.  922. 2007. 2114. 1059.
 1881. 2220.  937. 1959. 2244.  924.]","[-1.6760e+01  3.9390e+00  6.2666e+01 -1.2210e-01 -1.2210e-01 -2.4410e-01
 -5.5700e-02 -2.8370e-01  9.4970e-01]",112
586,3,"[[-0.02349465 -0.09268207  0.53731793]
 [-0.16555292 -0.31884143  0.31115857]
 [ 0.25357542 -0.30212183  0.32787817]
 [-0.25357542  0.30212183 -0.32787817]
 [ 0.02349465  0.09268207 -0.53731793]
 [ 0.16555292  0.31884143 -0.31115857]]","[2063. 2108. 1063. 2213. 2244.  927. 2155. 2255.  916. 2032. 2108. 1063.
 1882. 2244.  927. 1940. 2255.  916.]","[2082. 2114. 1059. 2216. 2216.  945. 2132. 2245.  922. 2011. 2114. 1059.
 1882. 2220.  937. 1956. 2244.  924.]","[-16.765    3.933   62.661   -0.1831  -0.1831  -0.1221  -0.0669  -0.2847
   0.9648]",112
587,3,"[[-0.0132023  -0.09201529  0.53798471]
 [-0.17097005 -0.318682    0.311318  ]
 [ 0.25067749 -0.3024792   0.3275208 ]
 [-0.25067749  0.3024792  -0.3275208 ]
 [ 0.0132023   0.09201529 -0.53798471]
 [ 0.17097005  0.318682   -0.311318  ]]","[2056. 2107. 1063. 2211. 2245.  926. 2159. 2255.  916. 2039. 2107. 1063.
 1884. 2245.  926. 1936. 2255.  916.]","[2076. 2112. 1060. 2214. 2216.  945. 2135. 2245.  922. 2018. 2112. 1060.
 1884. 2220.  937. 1953. 2244.  924.]","[-1.6771e+01  3.9220e+00  6.2655e+01 -1.2210e-01 -6.1000e-02 -1.2210e-01
 -7.4200e-02 -2.9100e-01  9.5360e-01]",112
588,3,"[[-0.00289467 -0.09171204  0.53828796]
 [-0.17633059 -0.31850237  0.31149763]
 [ 0.24767968 -0.30283551  0.32716449]
 [-0.24767968  0.30283551 -0.32716449]
 [ 0.00289467  0.09171204 -0.53828796]
 [ 0.17633059  0.31850237 -0.31149763]]","[2049. 2107. 1064. 2209. 2245.  926. 2162. 2255.  916. 2046. 2107. 1064.
 1886. 2245.  926. 1933. 2255.  916.]","[2069. 2112. 1061. 2212. 2216.  945. 2138. 2245.  922. 2025. 2111. 1061.
 1886. 2220.  937. 1949. 2244.  923.]","[-1.6776e+01  3.9220e+00  6.2655e+01 -1.2210e-01 -6.1000e-02  6.1000e-02
 -6.5400e-02 -2.9390e-01  9.4380e-01]",112
589,3,"[[ 0.00741632 -0.09177742  0.53822258]
 [-0.18163065 -0.31830293  0.31169707]
 [ 0.2445813  -0.30319066  0.32680934]
 [-0.2445813   0.30319066 -0.32680934]
 [-0.00741632  0.09177742 -0.53822258]
 [ 0.18163065  0.31830293 -0.31169707]]","[2043. 2107. 1064. 2207. 2245.  926. 2166. 2255.  916. 2052. 2107. 1064.
 1888. 2245.  926. 1929. 2255.  916.]","[2060. 2111. 1063. 2209. 2216.  945. 2142. 2245.  922. 2033. 2110. 1062.
 1889. 2220.  936. 1944. 2243.  924.]","[-16.782    3.917   62.661   -0.1221  -0.1831   0.1831  -0.064   -0.2993
   0.9531]",112
590,3,"[[ 0.01771872 -0.0920172   0.5379828 ]
 [-0.18686632 -0.31808405  0.31191595]
 [ 0.24138173 -0.30354456  0.32645544]
 [-0.24138173  0.30354456 -0.32645544]
 [-0.01771872  0.0920172  -0.5379828 ]
 [ 0.18686632  0.31808405 -0.31191595]]","[2036. 2107. 1063. 2205. 2245.  926. 2169. 2255.  916. 2059. 2107. 1063.
 1890. 2245.  926. 1926. 2255.  916.]","[2055. 2110. 1063. 2207. 2216.  945. 2145. 2245.  922. 2038. 2110. 1063.
 1891. 2220.  936. 1942. 2244.  924.]","[-1.6787e+01  3.9110e+00  6.2672e+01 -1.2210e-01 -1.8310e-01  2.4410e-01
 -6.1500e-02 -2.9590e-01  9.5510e-01]",112
591,3,"[[ 0.0280006  -0.09226438  0.53773562]
 [-0.1920337  -0.31784613  0.31215387]
 [ 0.23808044 -0.30389709  0.32610291]
 [-0.23808044  0.30389709 -0.32610291]
 [-0.0280006   0.09226438 -0.53773562]
 [ 0.1920337   0.31784613 -0.31215387]]","[2029. 2108. 1063. 2203. 2246.  925. 2173. 2255.  916. 2066. 2108. 1063.
 1892. 2246.  925. 1922. 2255.  916.]","[2049. 2110. 1063. 2206. 2216.  944. 2148. 2245.  922. 2045. 2110. 1062.
 1893. 2220.  936. 1938. 2244.  924.]","[-1.6793e+01  3.9110e+00  6.2677e+01 -6.1000e-02 -6.1000e-02  1.2210e-01
 -6.3000e-02 -3.0080e-01  9.5360e-01]",112
592,3,"[[ 0.03825004 -0.0925785   0.5374215 ]
 [-0.19712889 -0.31758957  0.31241043]
 [ 0.23467698 -0.30424818  0.32575182]
 [-0.23467698  0.30424818 -0.32575182]
 [-0.03825004  0.0925785  -0.5374215 ]
 [ 0.19712889  0.31758957 -0.31241043]]","[2023. 2108. 1063. 2200. 2246.  925. 2176. 2255.  916. 2072. 2108. 1063.
 1895. 2246.  925. 1919. 2255.  916.]","[2042. 2110. 1062. 2204. 2216.  944. 2152. 2245.  922. 2051. 2110. 1063.
 1894. 2220.  935. 1934. 2244.  924.]","[-1.6798e+01  3.9060e+00  6.2677e+01 -6.1000e-02 -6.1000e-02 -1.2210e-01
 -5.3700e-02 -3.0080e-01  9.4530e-01]",112
593,3,"[[ 0.04845519 -0.09298157  0.53701843]
 [-0.20214797 -0.31731479  0.31268521]
 [ 0.23117097 -0.30459771  0.32540229]
 [-0.23117097  0.30459771 -0.32540229]
 [-0.04845519  0.09298157 -0.53701843]
 [ 0.20214797  0.31731479 -0.31268521]]","[2016. 2108. 1063. 2198. 2246.  925. 2179. 2254.  917. 2079. 2108. 1063.
 1897. 2246.  925. 1916. 2254.  917.]","[2035. 2110. 1062. 2203. 2216.  943. 2156. 2245.  922. 2058. 2110. 1062.
 1896. 2221.  935. 1931. 2244.  923.]","[-1.6804e+01  3.9000e+00  6.2666e+01 -6.1000e-02  0.0000e+00 -4.2720e-01
 -6.5900e-02 -3.0270e-01  9.6000e-01]",112
594,3,"[[ 0.05860421 -0.09348064  0.53651936]
 [-0.20708704 -0.31702223  0.31297777]
 [ 0.22756213 -0.30494559  0.32505441]
 [-0.22756213  0.30494559 -0.32505441]
 [-0.05860421  0.09348064 -0.53651936]
 [ 0.20708704  0.31702223 -0.31297777]]","[2009. 2108. 1063. 2196. 2246.  925. 2182. 2254.  917. 2086. 2108. 1063.
 1899. 2246.  925. 1913. 2254.  917.]","[2029. 2110. 1062. 2200. 2216.  943. 2159. 2245.  922. 2064. 2110. 1062.
 1898. 2222.  935. 1928. 2244.  924.]","[-16.809    3.895   62.65    -0.1221   0.      -0.2441  -0.0728  -0.3057
   0.9448]",112
595,3,"[[ 0.06868536 -0.09407919  0.53592081]
 [-0.21194222 -0.31671232  0.31328768]
 [ 0.22385025 -0.30529172  0.32470828]
 [-0.22385025  0.30529172 -0.32470828]
 [-0.06868536  0.09407919 -0.53592081]
 [ 0.21194222  0.31671232 -0.31328768]]","[2003. 2109. 1062. 2193. 2247.  924. 2186. 2254.  917. 2092. 2109. 1062.
 1902. 2247.  924. 1909. 2254.  917.]","[2022. 2111. 1062. 2198. 2216.  943. 2163. 2245.  922. 2071. 2110. 1062.
 1900. 2222.  935. 1924. 2244.  923.]","[-1.682e+01  3.889e+00  6.265e+01 -1.221e-01 -6.100e-02  0.000e+00
 -6.690e-02 -3.071e-01  9.399e-01]",112
596,3,"[[ 0.07868696 -0.09477986  0.53522014]
 [-0.21670963 -0.31638554  0.31361446]
 [ 0.22003524 -0.30563601  0.32436399]
 [-0.22003524  0.30563601 -0.32436399]
 [-0.07868696  0.09477986 -0.53522014]
 [ 0.21670963  0.31638554 -0.31361446]]","[1996. 2109. 1062. 2191. 2247.  924. 2189. 2254.  917. 2099. 2109. 1062.
 1904. 2247.  924. 1906. 2254.  917.]","[2015. 2110. 1062. 2195. 2216.  943. 2166. 2245.  922. 2077. 2110. 1062.
 1902. 2223.  935. 1921. 2244.  923.]","[-1.6831e+01  3.8840e+00  6.2650e+01 -6.1000e-02 -1.8310e-01  0.0000e+00
 -6.1000e-02 -2.8760e-01  9.6480e-01]",112
597,3,"[[ 0.08859742 -0.0955851   0.5344149 ]
 [-0.22138542 -0.31604232  0.31395768]
 [ 0.21611707 -0.30597835  0.32402165]
 [-0.21611707  0.30597835 -0.32402165]
 [-0.08859742  0.0955851  -0.5344149 ]
 [ 0.22138542  0.31604232 -0.31395768]]","[1990. 2110. 1061. 2188. 2247.  924. 2192. 2254.  917. 2105. 2110. 1061.
 1907. 2247.  924. 1903. 2254.  917.]","[2009. 2110. 1062. 2193. 2216.  943. 2170. 2245.  922. 2085. 2110. 1061.
 1904. 2223.  935. 1918. 2244.  924.]","[-1.6837e+01  3.8840e+00  6.2655e+01 -1.8310e-01  0.0000e+00  6.1000e-02
 -8.1500e-02 -2.9390e-01  9.6090e-01]",112
598,3,"[[ 0.09840527 -0.09649729  0.53350271]
 [-0.22596575 -0.31568316  0.31431684]
 [ 0.21209582 -0.30631865  0.32368135]
 [-0.21209582  0.30631865 -0.32368135]
 [-0.09840527  0.09649729 -0.53350271]
 [ 0.22596575  0.31568316 -0.31431684]]","[1983. 2110. 1061. 2186. 2247.  924. 2195. 2253.  918. 2112. 2110. 1061.
 1909. 2247.  924. 1900. 2253.  918.]","[2002. 2111. 1062. 2191. 2217.  942. 2173. 2245.  922. 2092. 2110. 1062.
 1907. 2223.  935. 1915. 2244.  924.]","[-1.6842e+01  3.8890e+00  6.2672e+01  0.0000e+00 -6.1000e-02  4.2720e-01
 -5.6600e-02 -2.8220e-01  9.3020e-01]",112
599,3,"[[ 0.10809915 -0.09751876  0.53248124]
 [-0.2304468  -0.31530853  0.31469147]
 [ 0.20797167 -0.30665681  0.32334319]
 [-0.20797167  0.30665681 -0.32334319]
 [-0.10809915  0.09751876 -0.53248124]
 [ 0.2304468   0.31530853 -0.31469147]]","[1977. 2111. 1060. 2183. 2247.  924. 2198. 2253.  918. 2118. 2111. 1060.
 1912. 2247.  924. 1897. 2253.  918.]","[1994. 2111. 1061. 2187. 2216.  943. 2177. 2245.  922. 2100. 2111. 1062.
 1909. 2223.  935. 1911. 2244.  923.]","[-16.848    3.884   62.688   -0.2441  -0.3662   0.3662  -0.0767  -0.29
   0.9653]",112
600,3,"[[ 0.11766783 -0.09865183  0.53134817]
 [-0.2348248  -0.31491893  0.31508107]
 [ 0.20374487 -0.30699273  0.32300727]
 [-0.20374487  0.30699273 -0.32300727]
 [-0.11766783  0.09865183 -0.53134817]
 [ 0.2348248   0.31491893 -0.31508107]]","[1971. 2112. 1059. 2180. 2248.  923. 2201. 2253.  918. 2124. 2112. 1059.
 1915. 2248.  923. 1894. 2253.  918.]","[1989. 2111. 1061. 2185. 2216.  943. 2180. 2245.  922. 2105. 2111. 1061.
 1912. 2223.  935. 1908. 2244.  923.]","[-1.6853e+01  3.8840e+00  6.2710e+01 -6.1000e-02 -1.2210e-01  4.8830e-01
 -5.7600e-02 -2.8560e-01  9.6090e-01]",112
601,3,"[[ 0.12710022 -0.09989876  0.53010124]
 [-0.23909601 -0.31451484  0.31548516]
 [ 0.19941579 -0.30732631  0.32267369]
 [-0.19941579  0.30732631 -0.32267369]
 [-0.12710022  0.09989876 -0.53010124]
 [ 0.23909601  0.31451484 -0.31548516]]","[1965. 2113. 1058. 2177. 2248.  923. 2203. 2253.  918. 2130. 2113. 1058.
 1918. 2248.  923. 1892. 2253.  918.]","[1983. 2111. 1060. 2183. 2216.  942. 2183. 2245.  922. 2111. 2111. 1060.
 1914. 2223.  935. 1905. 2244.  923.]","[-1.6853e+01  3.8780e+00  6.2721e+01  0.0000e+00 -6.1000e-02  1.2210e-01
 -5.9600e-02 -2.9050e-01  9.4780e-01]",112
602,3,"[[ 0.13638541 -0.10126179  0.52873821]
 [-0.24325671 -0.31409679  0.31590321]
 [ 0.19498491 -0.30765746  0.32234254]
 [-0.19498491  0.30765746 -0.32234254]
 [-0.13638541  0.10126179 -0.52873821]
 [ 0.24325671  0.31409679 -0.31590321]]","[1959. 2114. 1057. 2175. 2248.  923. 2206. 2252.  919. 2136. 2114. 1057.
 1920. 2248.  923. 1889. 2252.  919.]","[1977. 2112. 1059. 2180. 2216.  942. 2186. 2245.  922. 2117. 2112. 1059.
 1917. 2224.  934. 1902. 2244.  924.]","[-16.853    3.878   62.721   -0.1221  -0.1221   0.      -0.0703  -0.2964
   0.9521]",112
603,3,"[[ 0.14551264 -0.1027431   0.5272569 ]
 [-0.24730325 -0.31366528  0.31633472]
 [ 0.19045279 -0.30798606  0.32201394]
 [-0.19045279  0.30798606 -0.32201394]
 [-0.14551264  0.1027431  -0.5272569 ]
 [ 0.24730325  0.31366528 -0.31633472]]","[1953. 2114. 1056. 2172. 2248.  923. 2209. 2252.  919. 2142. 2114. 1056.
 1923. 2248.  923. 1886. 2252.  919.]","[1971. 2113. 1058. 2177. 2216.  941. 2189. 2245.  922. 2123. 2113. 1058.
 1920. 2224.  933. 1899. 2245.  923.]","[-1.6859e+01  3.8730e+00  6.2726e+01 -6.1000e-02 -6.1000e-02  6.1000e-02
 -6.4900e-02 -3.0130e-01  9.4820e-01]",112
604,3,"[[ 0.15447133 -0.10434483  0.52565517]
 [-0.251232   -0.31322083  0.31677917]
 [ 0.1858201  -0.30831204  0.32168796]
 [-0.1858201   0.30831204 -0.32168796]
 [-0.15447133  0.10434483 -0.52565517]
 [ 0.251232    0.31322083 -0.31677917]]","[1947. 2116. 1055. 2169. 2248.  922. 2211. 2252.  919. 2148. 2116. 1055.
 1926. 2248.  922. 1884. 2252.  919.]","[1963. 2114. 1057. 2174. 2216.  941. 2192. 2245.  922. 2131. 2113. 1058.
 1923. 2224.  933. 1894. 2244.  923.]","[-1.6864e+01  3.8670e+00  6.2726e+01 -1.8310e-01 -1.2210e-01 -6.1000e-02
 -5.1800e-02 -2.9930e-01  9.4970e-01]",112
605,3,"[[ 0.16325112 -0.10606906  0.52393094]
 [-0.25503939 -0.31276397  0.31723603]
 [ 0.18108762 -0.30863528  0.32136472]
 [-0.18108762  0.30863528 -0.32136472]
 [-0.16325112  0.10606906 -0.52393094]
 [ 0.25503939  0.31276397 -0.31723603]]","[1941. 2117. 1054. 2166. 2249.  922. 2214. 2251.  920. 2154. 2117. 1054.
 1929. 2249.  922. 1881. 2251.  920.]","[1958. 2114. 1057. 2172. 2216.  941. 2195. 2245.  922. 2135. 2114. 1057.
 1925. 2224.  932. 1892. 2244.  924.]","[-16.88     3.862   62.693    0.       0.1831  -0.4883  -0.064   -0.3022
   0.9448]",112
606,3,"[[ 0.17184183 -0.10791781  0.52208219]
 [-0.25872191 -0.31229522  0.31770478]
 [ 0.17625622 -0.30895568  0.32104432]
 [-0.17625622  0.30895568 -0.32104432]
 [-0.17184183  0.10791781 -0.52208219]
 [ 0.25872191  0.31229522 -0.31770478]]","[1935. 2118. 1053. 2162. 2249.  922. 2216. 2251.  920. 2160. 2118. 1053.
 1933. 2249.  922. 1879. 2251.  920.]","[1952. 2116. 1055. 2170. 2216.  941. 2197. 2245.  922. 2141. 2116. 1055.
 1928. 2224.  932. 1890. 2244.  924.]","[-16.886    3.856   62.677    0.       0.      -0.4272  -0.0762  -0.3042
   0.9551]",112
607,3,"[[ 0.18023351 -0.10989305  0.52010695]
 [-0.26227611 -0.31181513  0.31818487]
 [ 0.17132688 -0.30927315  0.32072685]
 [-0.17132688  0.30927315 -0.32072685]
 [-0.18023351  0.10989305 -0.52010695]
 [ 0.26227611  0.31181513 -0.31818487]]","[1930. 2119. 1052. 2159. 2249.  922. 2218. 2251.  920. 2165. 2119. 1052.
 1936. 2249.  922. 1877. 2251.  920.]","[1946. 2117. 1054. 2167. 2216.  941. 2200. 2245.  922. 2147. 2117. 1054.
 1931. 2225.  932. 1887. 2244.  924.]","[-1.6886e+01  3.8560e+00  6.2677e+01  0.0000e+00  0.0000e+00 -6.1000e-02
 -6.8400e-02 -3.0030e-01  9.4340e-01]",112
608,3,"[[ 0.18841645 -0.11199668  0.51800332]
 [-0.26569858 -0.31132423  0.31867577]
 [ 0.1663007  -0.30958759  0.32041241]
 [-0.1663007   0.30958759 -0.32041241]
 [-0.18841645  0.11199668 -0.51800332]
 [ 0.26569858  0.31132423 -0.31867577]]","[1925. 2121. 1050. 2156. 2249.  922. 2221. 2250.  921. 2170. 2121. 1050.
 1939. 2249.  922. 1874. 2250.  921.]","[1941. 2118. 1053. 2164. 2216.  941. 2202. 2245.  922. 2152. 2118. 1053.
 1935. 2225.  932. 1885. 2244.  923.]","[-1.6891e+01  3.8560e+00  6.2682e+01  0.0000e+00 -6.1000e-02  1.2210e-01
 -6.6900e-02 -2.9590e-01  9.5210e-01]",112
609,3,"[[ 0.19638117 -0.11423053  0.51576947]
 [-0.268986   -0.31082307  0.31917693]
 [ 0.16117888 -0.3098989   0.3201011 ]
 [-0.16117888  0.3098989  -0.3201011 ]
 [-0.19638117  0.11423053 -0.51576947]
 [ 0.268986    0.31082307 -0.31917693]]","[1919. 2122. 1049. 2153. 2250.  921. 2223. 2250.  921. 2176. 2122. 1049.
 1942. 2250.  921. 1872. 2250.  921.]","[1935. 2119. 1051. 2161. 2216.  941. 2205. 2245.  923. 2157. 2119. 1052.
 1937. 2225.  931. 1882. 2244.  923.]","[-1.6891e+01  3.8560e+00  6.2699e+01  0.0000e+00 -1.8310e-01  3.6620e-01
 -6.2500e-02 -2.8910e-01  9.5750e-01]",112
610,3,"[[ 0.20411843 -0.11659634  0.51340366]
 [-0.2721351  -0.3103122   0.3196878 ]
 [ 0.15596271 -0.31020697  0.31979303]
 [-0.15596271  0.31020697 -0.31979303]
 [-0.20411843  0.11659634 -0.51340366]
 [ 0.2721351   0.3103122  -0.3196878 ]]","[1914. 2124. 1047. 2149. 2250.  921. 2225. 2250.  921. 2181. 2124. 1047.
 1946. 2250.  921. 1870. 2250.  921.]","[1929. 2121. 1050. 2157. 2216.  940. 2208. 2245.  923. 2165. 2121. 1050.
 1941. 2225.  932. 1879. 2244.  924.]","[-1.6891e+01  3.8560e+00  6.2715e+01  0.0000e+00 -1.2210e-01  4.2720e-01
 -5.8600e-02 -2.8610e-01  9.5560e-01]",112
611,3,"[[ 0.21161929 -0.11909581  0.51090419]
 [-0.27514271 -0.30979216  0.32020784]
 [ 0.15065361 -0.3105117   0.3194883 ]
 [-0.15065361  0.3105117  -0.3194883 ]
 [-0.21161929  0.11909581 -0.51090419]
 [ 0.27514271  0.30979216 -0.32020784]]","[1910. 2125. 1046. 2146. 2250.  921. 2227. 2249.  922. 2185. 2125. 1046.
 1949. 2250.  921. 1868. 2249.  922.]","[1923. 2123. 1049. 2153. 2216.  940. 2211. 2244.  923. 2171. 2123. 1049.
 1944. 2225.  932. 1877. 2244.  924.]","[-1.6891e+01  3.8560e+00  6.2732e+01  0.0000e+00 -1.2210e-01  3.0520e-01
 -5.8100e-02 -2.9150e-01  9.5070e-01]",112
612,3,"[[ 0.21887505 -0.12173052  0.50826948]
 [-0.27800571 -0.30926351  0.32073649]
 [ 0.1452531  -0.31081301  0.31918699]
 [-0.1452531   0.31081301 -0.31918699]
 [-0.21887505  0.12173052 -0.50826948]
 [ 0.27800571  0.30926351 -0.32073649]]","[1905. 2127. 1044. 2142. 2250.  921. 2229. 2249.  922. 2190. 2127. 1044.
 1953. 2250.  921. 1866. 2249.  922.]","[1918. 2124. 1047. 2150. 2216.  939. 2213. 2244.  924. 2176. 2124. 1048.
 1947. 2225.  931. 1873. 2244.  924.]","[-1.6891e+01  3.8450e+00  6.2737e+01 -6.1000e-02 -1.8310e-01  6.1000e-02
 -5.6600e-02 -2.9350e-01  9.4820e-01]",112
613,3,"[[ 0.22587731 -0.12450198  0.50549802]
 [-0.28072108 -0.3087268   0.3212732 ]
 [ 0.1397628  -0.31111077  0.31888923]
 [-0.1397628   0.31111077 -0.31888923]
 [-0.22587731  0.12450198 -0.50549802]
 [ 0.28072108  0.3087268  -0.3212732 ]]","[1900. 2129. 1042. 2139. 2250.  921. 2231. 2249.  922. 2195. 2129. 1042.
 1956. 2250.  921. 1864. 2249.  922.]","[1914. 2126. 1046. 2148. 2216.  939. 2215. 2244.  924. 2180. 2125. 1046.
 1950. 2225.  932. 1871. 2244.  924.]","[-1.6891e+01  3.8290e+00  6.2732e+01  0.0000e+00 -2.4410e-01 -1.2210e-01
 -5.7600e-02 -2.9790e-01  9.5950e-01]",112
614,3,"[[ 0.23261797 -0.12741162  0.50258838]
 [-0.28328587 -0.3081826   0.3218174 ]
 [ 0.13418445 -0.31140491  0.31859509]
 [-0.13418445  0.31140491 -0.31859509]
 [-0.23261797  0.12741162 -0.50258838]
 [ 0.28328587  0.3081826  -0.3218174 ]]","[1896. 2131. 1040. 2135. 2251.  920. 2232. 2248.  923. 2199. 2131. 1040.
 1960. 2251.  920. 1863. 2248.  923.]","[1908. 2127. 1043. 2145. 2216.  939. 2218. 2244.  924. 2185. 2127. 1044.
 1954. 2225.  931. 1869. 2245.  923.]","[-16.891    3.823   62.726    0.      -0.1221  -0.1831  -0.0688  -0.2998
   0.9512]",112
615,3,"[[ 0.2390892  -0.13046077  0.49953923]
 [-0.28569722 -0.30763146  0.32236854]
 [ 0.12851989 -0.3116953   0.3183047 ]
 [-0.12851989  0.3116953  -0.3183047 ]
 [-0.2390892   0.13046077 -0.49953923]
 [ 0.28569722  0.30763146 -0.32236854]]","[1892. 2133. 1038. 2131. 2251.  920. 2234. 2248.  923. 2203. 2133. 1038.
 1964. 2251.  920. 1861. 2248.  923.]","[1903. 2129. 1042. 2143. 2216.  938. 2219. 2244.  925. 2190. 2129. 1042.
 1958. 2225.  931. 1867. 2244.  925.]","[-1.6891e+01  3.8180e+00  6.2726e+01  0.0000e+00 -6.1000e-02 -6.1000e-02
 -7.1300e-02 -3.0370e-01  9.5120e-01]",112
616,3,"[[ 0.24528352 -0.13365065  0.49634935]
 [-0.28795238 -0.30707393  0.32292607]
 [ 0.12277107 -0.31198186  0.31801814]
 [-0.12277107  0.31198186 -0.31801814]
 [-0.24528352  0.13365065 -0.49634935]
 [ 0.28795238  0.30707393 -0.32292607]]","[1888. 2135. 1036. 2128. 2251.  920. 2235. 2248.  923. 2207. 2135. 1036.
 1967. 2251.  920. 1860. 2248.  923.]","[1900. 2131. 1040. 2140. 2216.  938. 2221. 2244.  925. 2193. 2131. 1041.
 1960. 2226.  931. 1865. 2245.  925.]","[-1.6897e+01  3.8180e+00  6.2732e+01  0.0000e+00  0.0000e+00  6.1000e-02
 -7.4700e-02 -3.0520e-01  9.4820e-01]",112
617,3,"[[ 0.25119375 -0.13698241  0.49301759]
 [-0.29004867 -0.30651059  0.32348941]
 [ 0.11694005 -0.31226449  0.31773551]
 [-0.11694005  0.31226449 -0.31773551]
 [-0.25119375  0.13698241 -0.49301759]
 [ 0.29004867  0.30651059 -0.32348941]]","[1884. 2137. 1034. 2124. 2251.  920. 2237. 2247.  924. 2211. 2137. 1034.
 1971. 2251.  920. 1858. 2247.  924.]","[1896. 2133. 1038. 2137. 2216.  939. 2223. 2244.  925. 2198. 2133. 1039.
 1964. 2226.  931. 1863. 2244.  925.]","[-1.6902e+01  3.8120e+00  6.2732e+01 -6.1000e-02 -6.1000e-02  0.0000e+00
 -6.9300e-02 -3.0270e-01  9.4630e-01]",112
618,3,"[[ 0.25681306 -0.14045708  0.48954292]
 [-0.29198353 -0.30594199  0.32405801]
 [ 0.111029   -0.31254307  0.31745693]
 [-0.111029    0.31254307 -0.31745693]
 [-0.25681306  0.14045708 -0.48954292]
 [ 0.29198353  0.30594199 -0.32405801]]","[1880. 2139. 1032. 2120. 2251.  920. 2238. 2247.  924. 2215. 2139. 1032.
 1975. 2251.  920. 1857. 2247.  924.]","[1892. 2135. 1037. 2133. 2216.  938. 2225. 2244.  926. 2202. 2135. 1037.
 1967. 2227.  931. 1862. 2245.  925.]","[-16.913    3.812   62.732   -0.1831   0.       0.      -0.0664  -0.3003
   0.9478]",112
619,3,"[[ 0.26213492 -0.14407558  0.48592442]
 [-0.29375448 -0.30536868  0.32463132]
 [ 0.10504017 -0.31281752  0.31718248]
 [-0.10504017  0.31281752 -0.31718248]
 [-0.26213492  0.14407558 -0.48592442]
 [ 0.29375448  0.30536868 -0.32463132]]","[1877. 2141. 1030. 2116. 2251.  920. 2239. 2247.  924. 2218. 2141. 1030.
 1979. 2251.  920. 1856. 2247.  924.]","[1887. 2137. 1034. 2129. 2216.  938. 2227. 2243.  926. 2205. 2137. 1035.
 1971. 2227.  930. 1860. 2244.  925.]","[-16.919    3.812   62.726   -0.1221   0.      -0.1221  -0.0723  -0.2964
   0.96  ]",112
620,3,"[[ 0.26715318 -0.14783872  0.48216128]
 [-0.29535917 -0.30479124  0.32520876]
 [ 0.09897596 -0.31308772  0.31691228]
 [-0.09897596  0.31308772 -0.31691228]
 [-0.26715318  0.14783872 -0.48216128]
 [ 0.29535917  0.30479124 -0.32520876]]","[1873. 2144. 1027. 2112. 2252.  919. 2240. 2246.  925. 2222. 2144. 1027.
 1983. 2252.  919. 1855. 2246.  925.]","[1883. 2140. 1033. 2125. 2216.  939. 2228. 2243.  926. 2210. 2139. 1033.
 1974. 2227.  930. 1858. 2245.  926.]","[-1.6924e+01  3.8180e+00  6.2726e+01  0.0000e+00  6.1000e-02 -6.1000e-02
 -6.4900e-02 -2.8860e-01  9.5070e-01]",112
621,3,"[[ 0.27186203 -0.15174721  0.47825279]
 [-0.29679534 -0.30421021  0.32578979]
 [ 0.09283882 -0.31335359  0.31664641]
 [-0.09283882  0.31335359 -0.31664641]
 [-0.27186203  0.15174721 -0.47825279]
 [ 0.29679534  0.30421021 -0.32578979]]","[1870. 2146. 1025. 2108. 2252.  919. 2241. 2246.  925. 2225. 2146. 1025.
 1987. 2252.  919. 1854. 2246.  925.]","[1880. 2141. 1030. 2121. 2216.  939. 2230. 2242.  926. 2214. 2141. 1030.
 1978. 2227.  930. 1857. 2244.  926.]","[-16.924    3.812   62.732   -0.1221  -0.3052   0.3052  -0.0659  -0.2876
   0.9648]",112
622,3,"[[ 0.276256   -0.15580164  0.47419836]
 [-0.29806084 -0.30362615  0.32637385]
 [ 0.08663135 -0.31361501  0.31638499]
 [-0.08663135  0.31361501 -0.31638499]
 [-0.276256    0.15580164 -0.47419836]
 [ 0.29806084  0.30362615 -0.32637385]]","[1867. 2149. 1022. 2104. 2252.  919. 2242. 2245.  926. 2228. 2149. 1022.
 1991. 2252.  919. 1853. 2245.  926.]","[1876. 2144. 1028. 2117. 2216.  938. 2231. 2242.  927. 2218. 2143. 1028.
 1981. 2227.  930. 1854. 2244.  927.]","[-1.6930e+01  3.8010e+00  6.2748e+01  0.0000e+00 -2.4410e-01  4.8830e-01
 -6.1500e-02 -2.8860e-01  9.4920e-01]",112
623,3,"[[ 0.28033002 -0.16000247  0.46999753]
 [-0.29915366 -0.30303963  0.32696037]
 [ 0.08035623 -0.3138719   0.3161281 ]
 [-0.08035623  0.3138719  -0.3161281 ]
 [-0.28033002  0.16000247 -0.46999753]
 [ 0.29915366  0.30303963 -0.32696037]]","[1865. 2152. 1019. 2100. 2252.  919. 2243. 2245.  926. 2230. 2152. 1019.
 1995. 2252.  919. 1852. 2245.  926.]","[1873. 2147. 1025. 2114. 2216.  938. 2233. 2241.  927. 2221. 2146. 1026.
 1986. 2227.  930. 1854. 2244.  927.]","[-1.6924e+01  3.8010e+00  6.2770e+01 -6.1000e-02 -3.6620e-01  4.8830e-01
 -6.3500e-02 -2.9200e-01  9.4870e-01]",112
624,3,"[[ 0.28407935 -0.16435006  0.46564994]
 [-0.30007187 -0.30245118  0.32754882]
 [ 0.07401624 -0.31412414  0.31587586]
 [-0.07401624  0.31412414 -0.31587586]
 [-0.28407935  0.16435006 -0.46564994]
 [ 0.30007187  0.30245118 -0.32754882]]","[1862. 2155. 1016. 2096. 2252.  919. 2243. 2245.  926. 2233. 2155. 1016.
 1999. 2252.  919. 1852. 2245.  926.]","[1870. 2149. 1023. 2109. 2216.  938. 2235. 2241.  928. 2224. 2149. 1023.
 1989. 2227.  930. 1853. 2244.  927.]","[-16.924    3.79    62.798   -0.1221  -0.4272   0.5493  -0.0664  -0.2964
   0.9531]",112
625,3,"[[ 0.28749967 -0.16884464  0.46115536]
 [-0.30081371 -0.30186136  0.32813864]
 [ 0.06761427 -0.31437165  0.31562835]
 [-0.06761427  0.31437165 -0.31562835]
 [-0.28749967  0.16884464 -0.46115536]
 [ 0.30081371  0.30186136 -0.32813864]]","[1860. 2158. 1013. 2092. 2252.  919. 2244. 2244.  927. 2235. 2158. 1013.
 2003. 2252.  919. 1851. 2244.  927.]","[1867. 2151. 1020. 2105. 2216.  938. 2236. 2241.  927. 2227. 2152. 1021.
 1993. 2227.  931. 1851. 2244.  929.]","[-1.6930e+01  3.7850e+00  6.2825e+01 -6.1000e-02 -2.4410e-01  4.8830e-01
 -6.4500e-02 -3.0470e-01  9.5170e-01]",112
626,3,"[[ 0.29058701 -0.1734863   0.4565137 ]
 [-0.3013776  -0.30127072  0.32872928]
 [ 0.06115328 -0.31461431  0.31538569]
 [-0.06115328  0.31461431 -0.31538569]
 [-0.29058701  0.1734863  -0.4565137 ]
 [ 0.3013776   0.30127072 -0.32872928]]","[1858. 2161. 1010. 2087. 2253.  918. 2244. 2244.  927. 2237. 2161. 1010.
 2008. 2253.  918. 1851. 2244.  927.]","[1864. 2154. 1017. 2101. 2216.  939. 2237. 2240.  928. 2229. 2154. 1018.
 1997. 2227.  930. 1851. 2243.  929.]","[-16.93     3.779   62.847   -0.1221  -0.1831   0.4883  -0.0664  -0.3091
   0.9541]",112
627,3,"[[ 0.2933378  -0.17827502  0.45172498]
 [-0.30176277 -0.3006798   0.3293202 ]
 [ 0.05463637 -0.31485204  0.31514796]
 [-0.05463637  0.31485204 -0.31514796]
 [-0.2933378   0.17827502 -0.45172498]
 [ 0.30176277  0.3006798  -0.3293202 ]]","[1856. 2164. 1007. 2083. 2253.  918. 2244. 2244.  927. 2239. 2164. 1007.
 2012. 2253.  918. 1851. 2244.  927.]","[1862. 2157. 1015. 2097. 2216.  938. 2239. 2240.  928. 2232. 2157. 1015.
 2001. 2227.  930. 1850. 2243.  929.]","[-1.6935e+01  3.7790e+00  6.2864e+01 -1.2210e-01 -2.4410e-01  2.4410e-01
 -5.4200e-02 -3.0470e-01  9.4680e-01]",112
628,3,"[[ 0.29574884 -0.18321063  0.44678937]
 [-0.30197062 -0.30008913  0.32991087]
 [ 0.04806669 -0.31508473  0.31491527]
 [-0.04806669  0.31508473 -0.31491527]
 [-0.29574884  0.18321063 -0.44678937]
 [ 0.30197062  0.30008913 -0.32991087]]","[1855. 2167. 1004. 2079. 2253.  918. 2244. 2243.  928. 2240. 2167. 1004.
 2016. 2253.  918. 1851. 2243.  928.]","[1859. 2160. 1012. 2093. 2216.  937. 2240. 2239.  929. 2234. 2160. 1012.
 2005. 2227.  930. 1849. 2243.  929.]","[-1.6941e+01  3.7740e+00  6.2875e+01 -6.1000e-02 -1.8310e-01  6.1000e-02
 -6.2500e-02 -3.0470e-01  9.5210e-01]",112
629,3,"[[ 0.29781734 -0.18829285  0.44170715]
 [-0.3019645  -0.29949912  0.33050088]
 [ 0.04144751 -0.31531228  0.31468772]
 [-0.04144751  0.31531228 -0.31468772]
 [-0.29781734  0.18829285 -0.44170715]
 [ 0.3019645   0.29949912 -0.33050088]]","[1853. 2170. 1001. 2075. 2253.  918. 2244. 2243.  928. 2242. 2170. 1001.
 2020. 2253.  918. 1851. 2243.  928.]","[1858. 2163. 1009. 2090. 2216.  937. 2241. 2239.  930. 2236. 2163. 1009.
 2009. 2227.  930. 1849. 2243.  930.]","[-1.6946e+01  3.7630e+00  6.2880e+01  0.0000e+00 -1.8310e-01  6.1000e-02
 -3.8600e-02 -3.0030e-01  9.5510e-01]",112
630,3,"[[ 0.29954091 -0.19352126  0.43647874]
 [-0.30154869 -0.29890941  0.33109059]
 [ 0.03478218 -0.31553461  0.31446539]
 [-0.03478218  0.31553461 -0.31446539]
 [-0.29954091  0.19352126 -0.43647874]
 [ 0.30154869  0.29890941 -0.33109059]]","[1852. 2174.  997. 2070. 2253.  918. 2244. 2242.  929. 2243. 2174.  997.
 2025. 2253.  918. 1851. 2242.  929.]","[1856. 2166. 1005. 2086. 2215.  936. 2241. 2239.  929. 2238. 2166. 1006.
 2013. 2228.  930. 1849. 2243.  930.]","[-1.6952e+01  3.7570e+00  6.2886e+01  0.0000e+00 -1.8310e-01 -1.8310e-01
 -3.9600e-02 -2.9540e-01  9.6090e-01]",112
631,3,"[[ 0.30091756 -0.19889529  0.43110471]
 [-0.30065094 -0.2983194   0.3316806 ]
 [ 0.02807414 -0.3157516   0.3142484 ]
 [-0.02807414  0.3157516  -0.3142484 ]
 [-0.30091756  0.19889529 -0.43110471]
 [ 0.30065094  0.2983194  -0.3316806 ]]","[1851. 2177.  994. 2066. 2253.  918. 2243. 2242.  929. 2244. 2177.  994.
 2029. 2253.  918. 1852. 2242.  929.]","[1854. 2169. 1004. 2082. 2216.  935. 2241. 2239.  930. 2240. 2169. 1003.
 2018. 2228.  930. 1849. 2243.  930.]","[-1.6952e+01  3.7410e+00  6.2875e+01  0.0000e+00 -1.2210e-01 -3.6620e-01
 -5.9600e-02 -3.0030e-01  9.4920e-01]",112
632,3,"[[ 0.30194566 -0.20441426  0.42558574]
 [-0.29927138 -0.29772953  0.33227047]
 [ 0.02132691 -0.31596316  0.31403684]
 [-0.02132691  0.31596316 -0.31403684]
 [-0.30194566  0.20441426 -0.42558574]
 [ 0.29927138  0.29772953 -0.33227047]]","[1851. 2181.  990. 2061. 2253.  917. 2243. 2242.  929. 2244. 2181.  990.
 2034. 2253.  917. 1852. 2242.  929.]","[1853. 2171. 1004. 2078. 2216.  935. 2241. 2239.  930. 2241. 2173.  999.
 2022. 2228.  930. 1849. 2242.  930.]","[-1.6952e+01  3.7240e+00  6.2864e+01  0.0000e+00 -6.1000e-02 -3.0520e-01
 -8.1500e-02 -2.9540e-01  9.6390e-01]",112
633,3,"[[ 0.30262361 -0.21007731  0.41992269]
 [-0.29741122 -0.2971404   0.3328596 ]
 [ 0.01454411 -0.3161692   0.3138308 ]
 [-0.01454411  0.3161692  -0.3138308 ]
 [-0.30262361  0.21007731 -0.41992269]
 [ 0.29741122  0.2971404  -0.3328596 ]]","[1850. 2184.  987. 2057. 2254.  917. 2241. 2241.  930. 2245. 2184.  987.
 2038. 2254.  917. 1854. 2241.  930.]","[1853. 2171. 1000. 2073. 2216.  935. 2241. 2239.  930. 2242. 2176.  996.
 2026. 2228.  931. 1849. 2242.  930.]","[-16.952    3.719   62.858    0.3052   0.1221   0.      -0.0884  -0.3032
   0.9497]",112
634,3,"[[ 0.3029479  -0.21588338  0.41411662]
 [-0.29507409 -0.29655257  0.33344743]
 [ 0.00772999 -0.31636963  0.31363037]
 [-0.00772999  0.31636963 -0.31363037]
 [-0.3029479   0.21588338 -0.41411662]
 [ 0.29507409  0.29655257 -0.33344743]]","[1850. 2188.  983. 2053. 2254.  917. 2240. 2241.  930. 2245. 2188.  983.
 2042. 2254.  917. 1855. 2241.  930.]","[1852. 2174.  997. 2070. 2216.  935. 2241. 2239.  931. 2243. 2179.  993.
 2030. 2227.  930. 1850. 2242.  930.]","[-16.941    3.73    62.858    0.1831   0.1831   0.3662  -0.0728  -0.3037
   0.9351]",112
635,3,"[[ 0.30296678 -0.22182903  0.40817097]
 [-0.29227009 -0.29596665  0.33403335]
 [ 0.00089526 -0.31656434  0.31343566]
 [-0.00089526  0.31656434 -0.31343566]
 [-0.30296678  0.22182903 -0.40817097]
 [ 0.29227009  0.29596665 -0.33403335]]","[1850. 2192.  979. 2048. 2254.  917. 2238. 2240.  931. 2245. 2192.  979.
 2047. 2254.  917. 1857. 2240.  931.]","[1851. 2178.  994. 2066. 2216.  936. 2241. 2239.  931. 2243. 2183.  989.
 2033. 2227.  930. 1851. 2241.  930.]","[-1.6935e+01  3.7410e+00  6.2875e+01  1.8310e-01  6.1000e-02  3.6620e-01
 -7.0300e-02 -3.0860e-01  9.6680e-01]",112
636,3,"[[ 0.30283801 -0.22789461  0.40210539]
 [-0.28901549 -0.29538322  0.33461678]
 [-0.00594012 -0.31675325  0.31324675]
 [ 0.00594012  0.31675325 -0.31324675]
 [-0.30283801  0.22789461 -0.40210539]
 [ 0.28901549  0.29538322 -0.33461678]]","[1850. 2196.  975. 2044. 2254.  917. 2236. 2240.  931. 2245. 2196.  975.
 2051. 2254.  917. 1859. 2240.  931.]","[1852. 2182.  988. 2061. 2216.  935. 2241. 2238.  931. 2243. 2188.  984.
 2038. 2228.  931. 1852. 2240.  930.]","[-1.6930e+01  3.7520e+00  6.2886e+01  3.0520e-01  2.4410e-01  2.4410e-01
 -3.3200e-02 -2.9440e-01  9.0970e-01]",112
637,3,"[[ 0.3026097  -0.23406244  0.39593756]
 [-0.28531812 -0.2948029   0.3351971 ]
 [-0.0127651  -0.31693625  0.31306375]
 [ 0.0127651   0.31693625 -0.31306375]
 [-0.3026097   0.23406244 -0.39593756]
 [ 0.28531812  0.2948029  -0.3351971 ]]","[1850. 2200.  971. 2039. 2254.  917. 2233. 2240.  931. 2245. 2200.  971.
 2056. 2254.  917. 1862. 2240.  931.]","[1851. 2184.  986. 2058. 2216.  935. 2241. 2238.  932. 2243. 2190.  984.
 2041. 2228.  931. 1853. 2240.  930.]","[-16.93     3.757   62.886   -0.1831  -0.1831  -0.4272  -0.1064  -0.2886
   1.0322]",112
638,3,"[[ 0.3022816  -0.24032913  0.38967087]
 [-0.28118402 -0.29422631  0.33577369]
 [-0.0195749  -0.31711326  0.31288674]
 [ 0.0195749   0.31711326 -0.31288674]
 [-0.3022816   0.24032913 -0.38967087]
 [ 0.28118402  0.29422631 -0.33577369]]","[1850. 2204.  967. 2035. 2254.  917. 2231. 2239.  932. 2245. 2204.  967.
 2060. 2254.  917. 1864. 2239.  932.]","[1852. 2187.  983. 2054. 2216.  935. 2240. 2238.  932. 2243. 2193.  983.
 2044. 2228.  931. 1855. 2240.  930.]","[-1.6919e+01  3.7790e+00  6.2891e+01  7.3240e-01  1.2207e+00  9.1550e-01
 -3.8100e-02 -3.0080e-01  9.1750e-01]",112
639,3,"[[ 0.30185251 -0.24669226  0.38330774]
 [-0.2766217  -0.29365405  0.33634595]
 [-0.02636596 -0.31728417  0.31271583]
 [ 0.02636596  0.31728417 -0.31271583]
 [-0.30185251  0.24669226 -0.38330774]
 [ 0.2766217   0.29365405 -0.33634595]]","[1851. 2208.  963. 2030. 2254.  917. 2228. 2239.  932. 2244. 2208.  963.
 2065. 2254.  917. 1867. 2239.  932.]","[1852. 2189.  980. 2049. 2216.  935. 2238. 2238.  933. 2243. 2195.  978.
 2048. 2228.  931. 1856. 2239.  931.]","[-1.6897e+01  3.8180e+00  6.2902e+01  3.6620e-01  2.4410e-01  3.0520e-01
 -6.0500e-02 -2.9740e-01  9.3210e-01]",112
640,3,"[[ 0.30132215 -0.25314901  0.37685099]
 [-0.27164168 -0.29308675  0.33691325]
 [-0.03313488 -0.31744889  0.31255111]
 [ 0.03313488  0.31744889 -0.31255111]
 [-0.30132215  0.25314901 -0.37685099]
 [ 0.27164168  0.29308675 -0.33691325]]","[1851. 2213.  958. 2026. 2254.  917. 2225. 2239.  932. 2244. 2213.  958.
 2069. 2254.  917. 1870. 2239.  932.]","[1852. 2192.  978. 2046. 2216.  936. 2235. 2237.  933. 2244. 2196.  974.
 2053. 2227.  931. 1859. 2238.  931.]","[-1.6891e+01  3.8290e+00  6.2913e+01  2.4410e-01  2.4410e-01  3.0520e-01
 -5.7100e-02 -3.1980e-01  9.8970e-01]",112
641,3,"[[ 0.30069063 -0.25969643  0.37030357]
 [-0.26625571 -0.29252502  0.33747498]
 [-0.03987832 -0.31760732  0.31239268]
 [ 0.03987832  0.31760732 -0.31239268]
 [-0.30069063  0.25969643 -0.37030357]
 [ 0.26625571  0.29252502 -0.33747498]]","[1851. 2217.  954. 2022. 2255.  916. 2221. 2238.  933. 2244. 2217.  954.
 2073. 2255.  916. 1874. 2238.  933.]","[1852. 2194.  974. 2042. 2216.  935. 2233. 2237.  934. 2244. 2200.  970.
 2057. 2228.  930. 1861. 2238.  931.]","[-1.6875e+01  3.8400e+00  6.2913e+01  7.3240e-01  4.8830e-01  6.1000e-02
 -4.7900e-02 -3.0320e-01  9.4820e-01]",112
642,3,"[[ 0.29995812 -0.26633151  0.36366849]
 [-0.26047638 -0.29196949  0.33803051]
 [-0.046593   -0.31775939  0.31224061]
 [ 0.046593    0.31775939 -0.31224061]
 [-0.29995812  0.26633151 -0.36366849]
 [ 0.26047638  0.29196949 -0.33803051]]","[1852. 2221.  950. 2017. 2255.  916. 2217. 2238.  933. 2243. 2221.  950.
 2078. 2255.  916. 1878. 2238.  933.]","[1853. 2197.  971. 2037. 2217.  935. 2229. 2237.  934. 2244. 2204.  966.
 2061. 2228.  931. 1863. 2238.  932.]","[-16.848    3.856   62.908    0.6714   0.4883  -0.1831  -0.0684  -0.3062
   0.9551]",112
643,3,"[[ 0.29912489 -0.27305121  0.35694879]
 [-0.25431691 -0.29142076  0.33857924]
 [-0.05327565 -0.31790499  0.31209501]
 [ 0.05327565  0.31790499 -0.31209501]
 [-0.29912489  0.27305121 -0.35694879]
 [ 0.25431691  0.29142076 -0.33857924]]","[1853. 2226.  945. 2013. 2255.  916. 2213. 2237.  933. 2242. 2226.  945.
 2082. 2255.  916. 1882. 2237.  933.]","[1853. 2199.  968. 2034. 2217.  936. 2227. 2236.  934. 2244. 2209.  962.
 2066. 2228.  931. 1866. 2237.  932.]","[-16.826    3.873   62.897    0.7935   0.7324   0.      -0.0674  -0.3096
   0.9556]",112
644,3,"[[ 0.2981912  -0.27985249  0.35014751]
 [-0.24779101 -0.29087946  0.33912054]
 [-0.05992306 -0.31804406  0.31195594]
 [ 0.05992306  0.31804406 -0.31195594]
 [-0.2981912   0.27985249 -0.35014751]
 [ 0.24779101  0.29087946 -0.33912054]]","[1853. 2230.  941. 2008. 2255.  916. 2209. 2237.  934. 2242. 2230.  941.
 2087. 2255.  916. 1886. 2237.  934.]","[1853. 2201.  965. 2029. 2217.  936. 2223. 2236.  935. 2244. 2213.  958.
 2070. 2228.  931. 1868. 2236.  932.]","[-1.6798e+01  3.9000e+00  6.2886e+01  9.1550e-01  7.9350e-01  0.0000e+00
 -5.9600e-02 -2.9200e-01  9.4290e-01]",112
645,3,"[[ 0.29715736 -0.28673227  0.34326773]
 [-0.24091284 -0.28552355  0.34447645]
 [-0.06653207 -0.3181765   0.3118235 ]
 [ 0.06653207  0.3181765  -0.3118235 ]
 [-0.29715736  0.28673227 -0.34326773]
 [ 0.24091284  0.28552355 -0.34447645]]","[1854. 2234.  937. 2004. 2255.  916. 2205. 2234.  937. 2241. 2234.  937.
 2091. 2255.  916. 1890. 2234.  937.]","[1854. 2205.  961. 2025. 2218.  935. 2219. 2236.  934. 2243. 2216.  954.
 2075. 2228.  931. 1871. 2236.  933.]","[-1.6765e+01  3.9280e+00  6.2875e+01  1.0986e+00  7.3240e-01 -1.8310e-01
 -4.7400e-02 -3.0030e-01  9.8000e-01]",112
646,3,"[[ 0.29602374 -0.29075437  0.33924563]
 [-0.23369693 -0.27503068  0.35496932]
 [-0.07309953 -0.31830223  0.31169777]
 [ 0.07309953  0.31830223 -0.31169777]
 [-0.29602374  0.29075437 -0.33924563]
 [ 0.23369693  0.27503068 -0.35496932]]","[1855. 2237.  934. 2000. 2255.  916. 2200. 2227.  944. 2240. 2237.  934.
 2095. 2255.  916. 1895. 2227.  944.]","[1854. 2209.  957. 2021. 2219.  935. 2215. 2237.  935. 2243. 2220.  951.
 2079. 2228.  930. 1876. 2234.  934.]","[-1.6721e+01  3.9500e+00  6.2847e+01  1.4038e+00  1.0986e+00 -5.4930e-01
 -5.6200e-02 -2.7100e-01  9.7410e-01]",112
647,3,"[[ 0.2947907  -0.29110575  0.33889425]
 [-0.22615813 -0.26472248  0.36527752]
 [-0.07962235 -0.3184212   0.3115788 ]
 [ 0.07962235  0.3184212  -0.3115788 ]
 [-0.2947907   0.29110575 -0.33889425]
 [ 0.22615813  0.26472248 -0.36527752]]","[1855. 2237.  934. 1996. 2255.  916. 2195. 2220.  951. 2240. 2237.  934.
 2099. 2255.  916. 1900. 2220.  951.]","[1855. 2212.  953. 2017. 2220.  935. 2211. 2237.  938. 2242. 2223.  948.
 2084. 2228.  931. 1880. 2232.  936.]","[-1.6666e+01  3.9830e+00  6.2809e+01  1.5259e+00  1.0986e+00 -7.3240e-01
 -5.0300e-02 -2.7200e-01  9.5510e-01]",112
648,3,"[[ 0.29345865 -0.29146058  0.33853942]
 [-0.21831158 -0.25461082  0.37538918]
 [-0.0860975  -0.31853331  0.31146669]
 [ 0.0860975   0.31853331 -0.31146669]
 [-0.29345865  0.29146058 -0.33853942]
 [ 0.21831158  0.25461082 -0.37538918]]","[1856. 2238.  933. 1991. 2255.  916. 2190. 2213.  957. 2239. 2238.  933.
 2104. 2255.  916. 1905. 2213.  957.]","[1855. 2215.  951. 2015. 2221.  935. 2205. 2233.  939. 2241. 2224.  947.
 2088. 2228.  931. 1884. 2228.  940.]","[-16.6      4.01    62.77     1.6479   1.1597  -0.7324  -0.0762  -0.2705
   0.9624]",112
649,3,"[[ 0.29202806 -0.29181872  0.33818128]
 [-0.21017268 -0.2447074   0.3852926 ]
 [-0.09252195 -0.31863851  0.31136149]
 [ 0.09252195  0.31863851 -0.31136149]
 [-0.29202806  0.29181872 -0.33818128]
 [ 0.21017268  0.2447074  -0.3852926 ]]","[1857. 2238.  933. 1987. 2255.  916. 2185. 2207.  964. 2238. 2238.  933.
 2108. 2255.  916. 1910. 2207.  964.]","[1856. 2217.  949. 2009. 2222.  935. 2200. 2227.  944. 2240. 2225.  945.
 2093. 2228.  931. 1890. 2223.  945.]","[-16.534    4.043   62.732    1.709    1.1597  -0.4272  -0.082   -0.2559
   0.9224]",112
650,3,"[[ 0.29049939 -0.29217999  0.33782001]
 [-0.20175701 -0.23502379  0.39497621]
 [-0.09889276 -0.31873672  0.31126328]
 [ 0.09889276  0.31873672 -0.31126328]
 [-0.29049939  0.29217999 -0.33782001]
 [ 0.20175701  0.23502379 -0.39497621]]","[1858. 2238.  933. 1983. 2255.  916. 2179. 2201.  970. 2237. 2238.  933.
 2112. 2255.  916. 1916. 2201.  970.]","[1857. 2218.  947. 2005. 2223.  936. 2195. 2221.  950. 2239. 2226.  945.
 2098. 2227.  931. 1895. 2219.  950.]","[-16.463    4.076   62.71     1.5869   0.7935   0.      -0.0972  -0.272
   0.9673]",112
651,3,"[[ 0.28887317 -0.29254426  0.33745574]
 [-0.19308032 -0.22557135  0.40442865]
 [-0.105207   -0.31882789  0.31117211]
 [ 0.105207    0.31882789 -0.31117211]
 [-0.28887317  0.29254426 -0.33745574]
 [ 0.19308032  0.22557135 -0.40442865]]","[1859. 2238.  933. 1979. 2255.  916. 2173. 2195.  976. 2236. 2238.  933.
 2116. 2255.  916. 1922. 2195.  976.]","[1857. 2219.  946. 2001. 2223.  935. 2190. 2215.  957. 2238. 2226.  944.
 2102. 2228.  931. 1901. 2214.  956.]","[-1.6397e+01  4.1140e+00  6.2710e+01  1.6479e+00  8.5450e-01  4.8830e-01
 -6.0100e-02 -2.8660e-01  9.2720e-01]",112
652,3,"[[ 0.28714993 -0.29291135  0.33708865]
 [-0.18415851 -0.21636125  0.41363875]
 [-0.11146181 -0.31891195  0.31108805]
 [ 0.11146181  0.31891195 -0.31108805]
 [-0.28714993  0.29291135 -0.33708865]
 [ 0.18415851  0.21636125 -0.41363875]]","[1860. 2238.  933. 1975. 2255.  916. 2168. 2189.  982. 2235. 2238.  933.
 2120. 2255.  916. 1927. 2189.  982.]","[1859. 2221.  945. 1995. 2223.  936. 2183. 2207.  964. 2237. 2226.  942.
 2108. 2227.  931. 1910. 2206.  964.]","[-16.331    4.142   62.715    1.4648   0.5493   0.1831  -0.0825  -0.3037
   0.9531]",112
653,3,"[[ 0.28533026 -0.29328111  0.33671889]
 [-0.17500756 -0.20740444  0.42259556]
 [-0.11765437 -0.31898885  0.31101115]
 [ 0.11765437  0.31898885 -0.31101115]
 [-0.28533026  0.29328111 -0.33671889]
 [ 0.17500756  0.20740444 -0.42259556]]","[1861. 2239.  932. 1971. 2255.  916. 2162. 2183.  988. 2234. 2239.  932.
 2124. 2255.  916. 1933. 2183.  988.]","[1859. 2221.  943. 1992. 2224.  935. 2179. 2203.  968. 2236. 2226.  942.
 2110. 2227.  931. 1913. 2203.  969.]","[-16.276    4.164   62.715    1.2207   0.5493   0.1221  -0.0645  -0.3101
   0.9453]",112
654,3,"[[ 0.28341476 -0.29365337  0.33634663]
 [-0.1656435  -0.19871163  0.43128837]
 [-0.1237819  -0.31905853  0.31094147]
 [ 0.1237819   0.31905853 -0.31094147]
 [-0.28341476  0.29365337 -0.33634663]
 [ 0.1656435   0.19871163 -0.43128837]]","[1863. 2239.  932. 1967. 2255.  915. 2155. 2177.  994. 2232. 2239.  932.
 2128. 2255.  915. 1940. 2177.  994.]","[1860. 2224.  943. 1987. 2223.  935. 2172. 2195.  977. 2235. 2225.  940.
 2116. 2227.  931. 1922. 2195.  976.]","[-16.232    4.191   62.71     1.2817   0.6104   0.      -0.0825  -0.3135
   0.9512]",112
655,3,"[[ 0.28140409 -0.29402799  0.33597201]
 [-0.1560824  -0.19029327  0.43970673]
 [-0.12984168 -0.31912094  0.31087906]
 [ 0.12984168  0.31912094 -0.31087906]
 [-0.28140409  0.29402799 -0.33597201]
 [ 0.1560824   0.19029327 -0.43970673]]","[1864. 2239.  932. 1963. 2256.  915. 2149. 2172.  999. 2231. 2239.  932.
 2132. 2256.  915. 1946. 2172.  999.]","[1862. 2224.  942. 1985. 2223.  936. 2168. 2191.  981. 2234. 2225.  940.
 2119. 2228.  931. 1926. 2191.  981.]","[-16.194    4.219   62.704    1.0986   0.6104   0.      -0.0708  -0.2974
   0.9487]",112
656,3,"[[ 0.27929891 -0.29440479  0.33559521]
 [-0.14634032 -0.18215955  0.44784045]
 [-0.13583103 -0.31917603  0.31082397]
 [ 0.13583103  0.31917603 -0.31082397]
 [-0.27929891  0.29440479 -0.33559521]
 [ 0.14634032  0.18215955 -0.44784045]]","[1865. 2239.  932. 1959. 2256.  915. 2143. 2166. 1005. 2230. 2239.  932.
 2136. 2256.  915. 1952. 2166. 1005.]","[1863. 2225.  942. 1981. 2223.  935. 2162. 2185.  987. 2231. 2225.  940.
 2123. 2227.  931. 1933. 2186.  988.]","[-16.15     4.241   62.699    1.2817   0.5493   0.      -0.0801  -0.2905
   0.9482]",112
657,3,"[[ 0.27709993 -0.29478362  0.33521638]
 [-0.13643328 -0.17432035  0.45567965]
 [-0.14174734 -0.31922376  0.31077624]
 [ 0.14174734  0.31922376 -0.31077624]
 [-0.27709993  0.29478362 -0.33521638]
 [ 0.13643328  0.17432035 -0.45567965]]","[1867. 2240.  931. 1955. 2256.  915. 2136. 2161. 1010. 2228. 2240.  931.
 2140. 2256.  915. 1959. 2161. 1010.]","[1864. 2225.  941. 1978. 2224.  935. 2156. 2179.  993. 2230. 2225.  939.
 2126. 2228.  931. 1939. 2180.  993.]","[-16.117    4.257   62.693    1.0376   0.3662   0.      -0.0747  -0.2852
   0.9424]",112
658,3,"[[ 0.2748079  -0.29516431  0.33483569]
 [-0.12637723 -0.16678528  0.46321472]
 [-0.14758803 -0.3192641   0.3107359 ]
 [ 0.14758803  0.3192641  -0.3107359 ]
 [-0.2748079   0.29516431 -0.33483569]
 [ 0.12637723  0.16678528 -0.46321472]]","[1868. 2240.  931. 1951. 2256.  915. 2130. 2156. 1015. 2227. 2240.  931.
 2144. 2256.  915. 1965. 2156. 1015.]","[1866. 2226.  941. 1974. 2223.  935. 2149. 2174.  998. 2229. 2226.  939.
 2130. 2227.  931. 1946. 2175.  998.]","[-16.106    4.268   62.688    0.3052   0.1221  -0.1221  -0.0806  -0.2666
   0.9526]",112
659,3,"[[ 0.27242358 -0.29554671  0.33445329]
 [-0.11618804 -0.15956359  0.47043641]
 [-0.15335058 -0.319297    0.310703  ]
 [ 0.15335058  0.319297   -0.310703  ]
 [-0.27242358  0.29554671 -0.33445329]
 [ 0.11618804  0.15956359 -0.47043641]]","[1870. 2240.  931. 1948. 2256.  915. 2123. 2152. 1019. 2225. 2240.  931.
 2147. 2256.  915. 1972. 2152. 1019.]","[1867. 2227.  940. 1971. 2224.  935. 2143. 2168. 1004. 2228. 2225.  939.
 2133. 2227.  931. 1952. 2170. 1003.]","[-16.1      4.274   62.677    0.1831   0.2441  -0.3052  -0.0815  -0.27
   0.9668]",112
660,3,"[[ 0.26994776 -0.29593066  0.33406934]
 [-0.10588146 -0.1526642   0.4773358 ]
 [-0.15903252 -0.31932243  0.31067757]
 [ 0.15903252  0.31932243 -0.31067757]
 [-0.26994776  0.29593066 -0.33406934]
 [ 0.10588146  0.1526642  -0.4773358 ]]","[1872. 2240.  931. 1944. 2256.  915. 2117. 2147. 1024. 2223. 2240.  931.
 2151. 2256.  915. 1978. 2147. 1024.]","[1869. 2227.  939. 1968. 2224.  935. 2136. 2163. 1009. 2227. 2225.  938.
 2137. 2227.  931. 1958. 2166. 1008.]","[-1.6089e+01  4.2850e+00  6.2661e+01  4.2720e-01  3.6620e-01 -3.6620e-01
 -6.2500e-02 -2.7640e-01  9.5310e-01]",112
661,3,"[[ 0.26738129 -0.29631599  0.33368401]
 [-0.09547307 -0.14609571  0.48390429]
 [-0.16463144 -0.31934039  0.31065961]
 [ 0.16463144  0.31934039 -0.31065961]
 [-0.26738129  0.29631599 -0.33368401]
 [ 0.09547307  0.14609571 -0.48390429]]","[1873. 2241.  930. 1940. 2256.  915. 2110. 2143. 1028. 2222. 2241.  930.
 2155. 2256.  915. 1985. 2143. 1028.]","[1871. 2227.  939. 1965. 2223.  935. 2130. 2159. 1014. 2224. 2225.  938.
 2141. 2227.  931. 1965. 2161. 1014.]","[-16.078    4.296   62.639    0.2441   0.3052  -0.4883  -0.0723  -0.2754
   0.9639]",112
662,3,"[[ 0.26472503 -0.29670254  0.33329746]
 [-0.08497833 -0.13986632  0.49013368]
 [-0.17014499 -0.31935099  0.31064901]
 [ 0.17014499  0.31935099 -0.31064901]
 [-0.26472503  0.29670254 -0.33329746]
 [ 0.08497833  0.13986632 -0.49013368]]","[1875. 2241.  930. 1937. 2256.  915. 2103. 2139. 1032. 2220. 2241.  930.
 2158. 2256.  915. 1992. 2139. 1032.]","[1873. 2227.  938. 1961. 2224.  936. 2122. 2153. 1020. 2222. 2225.  938.
 2145. 2228.  931. 1973. 2154. 1019.]","[-16.073    4.296   62.617    0.1831   0.2441  -0.4883  -0.0732  -0.2715
   0.9473]",112
663,3,"[[ 0.26197986 -0.29709015  0.33290985]
 [-0.07441246 -0.13398387  0.49601613]
 [-0.17557085 -0.31935434  0.31064566]
 [ 0.17557085  0.31935434 -0.31064566]
 [-0.26197986  0.29709015 -0.33290985]
 [ 0.07441246  0.13398387 -0.49601613]]","[1877. 2241.  930. 1933. 2256.  915. 2096. 2135. 1036. 2218. 2241.  930.
 2162. 2256.  915. 1999. 2135. 1036.]","[1874. 2227.  937. 1958. 2224.  935. 2117. 2149. 1024. 2221. 2225.  937.
 2148. 2227.  931. 1978. 2151. 1022.]","[-16.062    4.301   62.595    0.2441   0.1831  -0.4883  -0.0864  -0.2788
   0.959 ]",112
664,3,"[[ 0.25914671 -0.29747866  0.33252134]
 [-0.0637905  -0.12845579  0.50154421]
 [-0.18090677 -0.31934684  0.31065316]
 [ 0.18090677  0.31934684 -0.31065316]
 [-0.25914671  0.29747866 -0.33252134]
 [ 0.0637905   0.12845579 -0.50154421]]","[1879. 2241.  930. 1930. 2256.  915. 2089. 2131. 1040. 2216. 2241.  930.
 2165. 2256.  915. 2006. 2131. 1040.]","[1876. 2228.  937. 1954. 2224.  935. 2111. 2144. 1027. 2219. 2225.  937.
 2151. 2227.  931. 1985. 2147. 1027.]","[-16.057    4.307   62.578    0.1221   0.1831  -0.3052  -0.0781  -0.2817
   0.9561]",112
665,3,"[[ 0.25622654 -0.29786792  0.33213208]
 [-0.05312727 -0.12328912  0.50671088]
 [-0.18615056 -0.31931555  0.31068445]
 [ 0.18615056  0.31931555 -0.31068445]
 [-0.25622654  0.29786792 -0.33213208]
 [ 0.05312727  0.12328912 -0.50671088]]","[1880. 2242.  929. 1926. 2256.  915. 2082. 2128. 1043. 2215. 2242.  929.
 2169. 2256.  915. 2013. 2128. 1043.]","[1878. 2227.  936. 1951. 2224.  935. 2103. 2141. 1031. 2217. 2226.  937.
 2155. 2227.  931. 1992. 2142. 1031.]","[-16.051    4.312   62.562    0.1831   0.1831  -0.3662  -0.0713  -0.2822
   0.9531]",112
666,3,"[[ 0.25322031 -0.29825776  0.33174224]
 [-0.04243732 -0.11849049  0.51150951]
 [-0.19130008 -0.31925698  0.31074302]
 [ 0.19130008  0.31925698 -0.31074302]
 [-0.25322031  0.29825776 -0.33174224]
 [ 0.04243732  0.11849049 -0.51150951]]","[1882. 2242.  929. 1923. 2256.  915. 2075. 2125. 1046. 2213. 2242.  929.
 2172. 2256.  915. 2020. 2125. 1046.]","[1880. 2228.  936. 1948. 2224.  935. 2097. 2137. 1035. 2215. 2225.  936.
 2158. 2227.  931. 1998. 2139. 1035.]","[-16.046    4.318   62.54     0.1221   0.1221  -0.4272  -0.084   -0.2852
   0.9526]",112
667,3,"[[ 0.25012904 -0.29864802  0.33135198]
 [-0.03173495 -0.11406608  0.51593392]
 [-0.19635325 -0.31917405  0.31082595]
 [ 0.19635325  0.31917405 -0.31082595]
 [-0.25012904  0.29864802 -0.33135198]
 [ 0.03173495  0.11406608 -0.51593392]]","[1884. 2242.  929. 1919. 2256.  915. 2068. 2122. 1049. 2211. 2242.  929.
 2176. 2256.  915. 2027. 2122. 1049.]","[1882. 2228.  935. 1944. 2224.  935. 2090. 2133. 1039. 2214. 2225.  936.
 2161. 2227.  931. 2006. 2136. 1038.]","[-1.6046e+01  4.3180e+00  6.2529e+01  6.1000e-02  6.1000e-02 -3.0520e-01
 -8.1100e-02 -2.9000e-01  9.4730e-01]",112
668,3,"[[ 0.24695378 -0.29903854  0.33096146]
 [-0.02103418 -0.11002166  0.51997834]
 [-0.20130805 -0.31906762  0.31093238]
 [ 0.20130805  0.31906762 -0.31093238]
 [-0.24695378  0.29903854 -0.33096146]
 [ 0.02103418  0.11002166 -0.51997834]]","[1887. 2242.  929. 1916. 2255.  915. 2061. 2119. 1052. 2208. 2242.  929.
 2179. 2255.  915. 2034. 2119. 1052.]","[1884. 2228.  935. 1941. 2224.  935. 2083. 2130. 1042. 2212. 2226.  936.
 2165. 2227.  931. 2013. 2133. 1042.]","[-1.6051e+01  4.3230e+00  6.2518e+01  0.0000e+00  6.1000e-02 -2.4410e-01
 -7.6200e-02 -2.8910e-01  9.5650e-01]",112
669,3,"[[ 0.24369558 -0.29942917  0.33057083]
 [-0.01034874 -0.10636254  0.52363746]
 [-0.2061625  -0.3189381   0.3110619 ]
 [ 0.2061625   0.3189381  -0.3110619 ]
 [-0.24369558  0.29942917 -0.33057083]
 [ 0.01034874  0.10636254 -0.52363746]]","[1889. 2243.  928. 1913. 2255.  916. 2054. 2117. 1054. 2206. 2243.  928.
 2182. 2255.  916. 2041. 2117. 1054.]","[1885. 2228.  934. 1938. 2224.  935. 2076. 2127. 1046. 2210. 2225.  936.
 2168. 2227.  931. 2020. 2130. 1045.]","[-1.6046e+01  4.3230e+00  6.2507e+01  1.8310e-01  6.1000e-02 -1.2210e-01
 -7.2800e-02 -2.8710e-01  9.5850e-01]",112
670,3,"[[ 2.40355533e-01 -2.99819744e-01  3.30180256e-01]
 [ 3.07942945e-04 -1.03093562e-01  5.26906438e-01]
 [-2.10914705e-01 -3.18785885e-01  3.11214115e-01]
 [ 2.10914705e-01  3.18785885e-01 -3.11214115e-01]
 [-2.40355533e-01  2.99819744e-01 -3.30180256e-01]
 [-3.07942945e-04  1.03093562e-01 -5.26906438e-01]]","[1891. 2243.  928. 1910. 2255.  916. 2047. 2115. 1056. 2204. 2243.  928.
 2185. 2255.  916. 2048. 2115. 1056.]","[1889. 2228.  934. 1935. 2224.  935. 2069. 2124. 1048. 2207. 2226.  936.
 2171. 2227.  931. 2027. 2126. 1048.]","[-16.04     4.329   62.496    0.1831   0.1221  -0.1831  -0.0732  -0.2812
   0.957 ]",112
671,3,"[[ 0.23693477 -0.30021011  0.32978989]
 [ 0.01092276 -0.10021913  0.52978087]
 [-0.2155628  -0.31861136  0.31138864]
 [ 0.2155628   0.31861136 -0.31138864]
 [-0.23693477  0.30021011 -0.32978989]
 [-0.01092276  0.10021913 -0.52978087]]","[1893. 2243.  928. 1907. 2255.  916. 2040. 2113. 1058. 2202. 2243.  928.
 2188. 2255.  916. 2055. 2113. 1058.]","[1891. 2228.  933. 1932. 2223.  935. 2062. 2122. 1051. 2205. 2225.  936.
 2174. 2228.  931. 2034. 2123. 1051.]","[-16.04     4.334   62.485    0.1221   0.1221  -0.2441  -0.0718  -0.2739
   0.957 ]",112
672,3,"[[ 0.23343444 -0.30060011  0.32939989]
 [ 0.02148291 -0.09774317  0.53225683]
 [-0.220105   -0.31841494  0.31158506]
 [ 0.220105    0.31841494 -0.31158506]
 [-0.23343444  0.30060011 -0.32939989]
 [-0.02148291  0.09774317 -0.53225683]]","[1895. 2243.  928. 1904. 2255.  916. 2033. 2111. 1060. 2200. 2243.  928.
 2191. 2255.  916. 2062. 2111. 1060.]","[1893. 2229.  933. 1929. 2224.  935. 2055. 2119. 1053. 2203. 2225.  936.
 2177. 2227.  931. 2041. 2121. 1053.]","[-1.6035e+01  4.3340e+00  6.2474e+01  6.1000e-02  6.1000e-02 -2.4410e-01
 -8.2000e-02 -2.7490e-01  9.5610e-01]",112
673,3,"[[ 0.22985571 -0.30098958  0.32901042]
 [ 0.03197596 -0.09566913  0.53433087]
 [-0.22453956 -0.31819708  0.31180292]
 [ 0.22453956  0.31819708 -0.31180292]
 [-0.22985571  0.30098958 -0.32901042]
 [-0.03197596  0.09566913 -0.53433087]]","[1898. 2244.  927. 1901. 2255.  916. 2027. 2110. 1061. 2197. 2244.  927.
 2194. 2255.  916. 2068. 2110. 1061.]","[1894. 2229.  932. 1925. 2224.  935. 2048. 2117. 1056. 2201. 2225.  936.
 2180. 2227.  931. 2048. 2119. 1055.]","[-1.6035e+01  4.3400e+00  6.2463e+01  1.2210e-01  6.1000e-02 -1.8310e-01
 -7.8100e-02 -2.7390e-01  9.5900e-01]",112
674,3,"[[ 0.2261998  -0.30137837  0.32862163]
 [ 0.04238979 -0.09399997  0.53600003]
 [-0.22886482 -0.31795822  0.31204178]
 [ 0.22886482  0.31795822 -0.31204178]
 [-0.2261998   0.30137837 -0.32862163]
 [-0.04238979  0.09399997 -0.53600003]]","[1900. 2244.  927. 1898. 2255.  916. 2020. 2109. 1062. 2195. 2244.  927.
 2197. 2255.  916. 2075. 2109. 1062.]","[1897. 2229.  932. 1922. 2224.  935. 2041. 2115. 1058. 2199. 2225.  935.
 2183. 2227.  931. 2055. 2117. 1057.]","[-16.024    4.345   62.457    0.1221   0.1831  -0.1831  -0.0742  -0.2749
   0.9565]",112
675,3,"[[ 0.22246791 -0.30176633  0.32823367]
 [ 0.05271264 -0.09273818  0.53726182]
 [-0.23307915 -0.31769885  0.31230115]
 [ 0.23307915  0.31769885 -0.31230115]
 [-0.22246791  0.30176633 -0.32823367]
 [-0.05271264  0.09273818 -0.53726182]]","[1902. 2244.  927. 1896. 2255.  916. 2013. 2108. 1063. 2193. 2244.  927.
 2199. 2255.  916. 2082. 2108. 1063.]","[1899. 2229.  932. 1919. 2224.  935. 2034. 2113. 1059. 2196. 2225.  935.
 2186. 2228.  931. 2061. 2115. 1058.]","[-1.6024e+01  4.3510e+00  6.2441e+01  6.1000e-02  1.2210e-01 -3.0520e-01
 -7.1300e-02 -2.7730e-01  9.5020e-01]",112
676,3,"[[ 0.21866132 -0.30215331  0.32784669]
 [ 0.06293311 -0.09188583  0.53811417]
 [-0.23718099 -0.31741947  0.31258053]
 [ 0.23718099  0.31741947 -0.31258053]
 [-0.21866132  0.30215331 -0.32784669]
 [-0.06293311  0.09188583 -0.53811417]]","[1905. 2244.  926. 1893. 2254.  917. 2006. 2107. 1064. 2190. 2244.  926.
 2202. 2254.  917. 2089. 2107. 1064.]","[1901. 2229.  932. 1916. 2223.  935. 2027. 2112. 1060. 2194. 2226.  935.
 2189. 2227.  931. 2069. 2114. 1060.]","[-16.024    4.345   62.424    0.       0.      -0.3662  -0.0723  -0.2739
   0.959 ]",112
677,3,"[[ 0.21478129 -0.30253915  0.32746085]
 [ 0.07304014 -0.09144576  0.53855424]
 [-0.24116886 -0.31712058  0.31287942]
 [ 0.24116886  0.31712058 -0.31287942]
 [-0.21478129  0.30253915 -0.32746085]
 [-0.07304014  0.09144576 -0.53855424]]","[1907. 2245.  926. 1890. 2254.  917. 2000. 2107. 1064. 2188. 2245.  926.
 2205. 2254.  917. 2095. 2107. 1064.]","[1903. 2229.  931. 1914. 2224.  935. 2021. 2111. 1061. 2192. 2225.  934.
 2192. 2227.  931. 2076. 2113. 1061.]","[-16.024    4.345   62.413    0.       0.      -0.2441  -0.0815  -0.2827
   0.9565]",112
678,3,"[[ 0.21082913 -0.30292369  0.32707631]
 [ 0.08302305 -0.0914285   0.5385715 ]
 [-0.2450413  -0.31680272  0.31319728]
 [ 0.2450413   0.31680272 -0.31319728]
 [-0.21082913  0.30292369 -0.32707631]
 [-0.08302305  0.0914285  -0.5385715 ]]","[1910. 2245.  926. 1888. 2254.  917. 1993. 2107. 1064. 2185. 2245.  926.
 2207. 2254.  917. 2102. 2107. 1064.]","[1907. 2229.  930. 1910. 2223.  935. 2012. 2110. 1062. 2189. 2225.  934.
 2195. 2227.  931. 2084. 2112. 1062.]","[-1.6018e+01  4.3510e+00  6.2408e+01  6.1000e-02  6.1000e-02 -1.8310e-01
 -7.2800e-02 -2.8710e-01  9.5210e-01]",112
679,3,"[[ 0.20680617 -0.30330679  0.32669321]
 [ 0.09287154 -0.09170535  0.53829465]
 [-0.24879694 -0.31646642  0.31353358]
 [ 0.24879694  0.31646642 -0.31353358]
 [-0.20680617  0.30330679 -0.32669321]
 [-0.09287154  0.09170535 -0.53829465]]","[1913. 2245.  926. 1885. 2254.  917. 1987. 2107. 1064. 2182. 2245.  926.
 2210. 2254.  917. 2108. 2107. 1064.]","[1908. 2229.  930. 1909. 2224.  935. 2007. 2109. 1063. 2187. 2226.  934.
 2197. 2227.  931. 2088. 2111. 1063.]","[-16.024    4.351   62.391    0.       0.1221  -0.3662  -0.0718  -0.2812
   0.9565]",112
680,3,"[[ 0.20271375 -0.30368831  0.32631169]
 [ 0.10257566 -0.09201136  0.53798864]
 [-0.25243447 -0.31611225  0.31388775]
 [ 0.25243447  0.31611225 -0.31388775]
 [-0.20271375  0.30368831 -0.32631169]
 [-0.10257566  0.09201136 -0.53798864]]","[1915. 2245.  925. 1883. 2254.  917. 1981. 2107. 1063. 2180. 2245.  925.
 2212. 2254.  917. 2114. 2107. 1063.]","[1911. 2229.  930. 1906. 2224.  935. 2000. 2109. 1062. 2185. 2225.  934.
 2200. 2227.  931. 2095. 2111. 1063.]","[-1.6024e+01  4.3510e+00  6.2375e+01  0.0000e+00  6.1000e-02 -3.6620e-01
 -7.9100e-02 -2.7690e-01  9.6190e-01]",112
681,3,"[[ 0.19855326 -0.30406808  0.32593192]
 [ 0.11212583 -0.09240057  0.53759943]
 [-0.25595262 -0.31574076  0.31425924]
 [ 0.25595262  0.31574076 -0.31425924]
 [-0.19855326  0.30406808 -0.32593192]
 [-0.11212583  0.09240057 -0.53759943]]","[1918. 2246.  925. 1881. 2253.  918. 1974. 2108. 1063. 2177. 2246.  925.
 2214. 2253.  918. 2121. 2108. 1063.]","[1914. 2229.  930. 1903. 2224.  935. 1994. 2109. 1063. 2182. 2225.  933.
 2202. 2227.  931. 2101. 2111. 1062.]","[-1.6018e+01  4.3510e+00  6.2369e+01  6.1000e-02  6.1000e-02 -1.8310e-01
 -7.3700e-02 -2.8120e-01  9.4970e-01]",112
682,3,"[[ 0.19432609 -0.30444596  0.32555404]
 [ 0.12151286 -0.09290205  0.53709795]
 [-0.25935019 -0.31535255  0.31464745]
 [ 0.25935019  0.31535255 -0.31464745]
 [-0.19432609  0.30444596 -0.32555404]
 [-0.12151286  0.09290205 -0.53709795]]","[1921. 2246.  925. 1878. 2253.  918. 1968. 2108. 1063. 2174. 2246.  925.
 2217. 2253.  918. 2127. 2108. 1063.]","[1917. 2230.  929. 1900. 2224.  935. 1985. 2109. 1063. 2178. 2226.  934.
 2206. 2227.  931. 2110. 2111. 1062.]","[-1.6018e+01  4.3510e+00  6.2353e+01  6.1000e-02  6.1000e-02 -3.6620e-01
 -7.1300e-02 -2.7640e-01  9.5950e-01]",112
683,3,"[[ 0.19003366 -0.30482182  0.32517818]
 [ 0.13072793 -0.09352402  0.53647598]
 [-0.26262605 -0.3149482   0.3150518 ]
 [ 0.26262605  0.3149482  -0.3150518 ]
 [-0.19003366  0.30482182 -0.32517818]
 [-0.13072793  0.09352402 -0.53647598]]","[1924. 2246.  925. 1876. 2253.  918. 1962. 2108. 1063. 2171. 2246.  925.
 2219. 2253.  918. 2133. 2108. 1063.]","[1920. 2231.  929. 1898. 2224.  935. 1981. 2110. 1063. 2177. 2226.  933.
 2208. 2227.  931. 2114. 2111. 1062.]","[-1.6018e+01  4.3510e+00  6.2336e+01  0.0000e+00  6.1000e-02 -3.6620e-01
 -8.6400e-02 -2.7640e-01  9.5510e-01]",112
684,3,"[[ 0.1856774  -0.30519549  0.32480451]
 [ 0.13976259 -0.09426996  0.53573004]
 [-0.26577911 -0.31452832  0.31547168]
 [ 0.26577911  0.31452832 -0.31547168]
 [-0.1856774   0.30519549 -0.32480451]
 [-0.13976259  0.09426996 -0.53573004]]","[1926. 2246.  925. 1874. 2253.  918. 1956. 2109. 1062. 2169. 2246.  925.
 2221. 2253.  918. 2139. 2109. 1062.]","[1923. 2232.  929. 1895. 2224.  935. 1973. 2110. 1063. 2174. 2225.  933.
 2211. 2227.  931. 2123. 2111. 1062.]","[-16.018    4.356   62.325    0.       0.1221  -0.2441  -0.0776  -0.2803
   0.9585]",112
685,3,"[[ 0.18125879 -0.30556685  0.32443315]
 [ 0.14860875 -0.09514236  0.53485764]
 [-0.26880836 -0.3140935   0.3159065 ]
 [ 0.26880836  0.3140935  -0.3159065 ]
 [-0.18125879  0.30556685 -0.32443315]
 [-0.14860875  0.09514236 -0.53485764]]","[1929. 2247.  924. 1872. 2252.  919. 1951. 2110. 1061. 2166. 2247.  924.
 2223. 2252.  919. 2144. 2110. 1061.]","[1925. 2232.  929. 1893. 2224.  935. 1969. 2110. 1062. 2172. 2225.  934.
 2212. 2227.  931. 2127. 2111. 1062.]","[-1.6013e+01  4.3620e+00  6.2314e+01  6.1000e-02  2.4410e-01 -1.8310e-01
 -7.3700e-02 -2.8220e-01  9.6780e-01]",112
686,3,"[[ 0.17677931 -0.30593574  0.32406426]
 [ 0.15725872 -0.09614344  0.53385656]
 [-0.27171283 -0.31364437  0.31635563]
 [ 0.27171283  0.31364437 -0.31635563]
 [-0.17677931  0.30593574 -0.32406426]
 [-0.15725872  0.09614344 -0.53385656]]","[1932. 2247.  924. 1870. 2252.  919. 1945. 2110. 1061. 2163. 2247.  924.
 2225. 2252.  919. 2150. 2110. 1061.]","[1928. 2233.  929. 1891. 2224.  935. 1963. 2110. 1062. 2169. 2225.  933.
 2214. 2227.  931. 2133. 2111. 1062.]","[-16.007    4.373   62.303    0.1221   0.1831  -0.1221  -0.0757  -0.2822
   0.9541]",112
687,3,"[[ 0.17224047 -0.30630203  0.32369797]
 [ 0.16570517 -0.09727531  0.53272469]
 [-0.27449163 -0.31318156  0.31681844]
 [ 0.27449163  0.31318156 -0.31681844]
 [-0.17224047  0.30630203 -0.32369797]
 [-0.16570517  0.09727531 -0.53272469]]","[1935. 2247.  924. 1869. 2252.  919. 1939. 2111. 1060. 2160. 2247.  924.
 2226. 2252.  919. 2156. 2111. 1060.]","[1930. 2233.  928. 1889. 2224.  935. 1957. 2110. 1062. 2167. 2225.  933.
 2216. 2227.  931. 2139. 2111. 1062.]","[-1.6002e+01  4.3780e+00  6.2292e+01  6.1000e-02  1.2210e-01 -1.2210e-01
 -7.1800e-02 -2.7980e-01  9.5750e-01]",112
688,3,"[[ 0.16764377 -0.30666557  0.32333443]
 [ 0.17394111 -0.09853999  0.53146001]
 [-0.27714392 -0.31270568  0.31729432]
 [ 0.27714392  0.31270568 -0.31729432]
 [-0.16764377  0.30666557 -0.32333443]
 [-0.17394111  0.09853999 -0.53146001]]","[1938. 2247.  924. 1867. 2251.  920. 1934. 2112. 1059. 2157. 2247.  924.
 2228. 2251.  920. 2161. 2112. 1059.]","[1933. 2233.  928. 1886. 2224.  935. 1951. 2110. 1061. 2164. 2226.  933.
 2219. 2227.  931. 2144. 2112. 1061.]","[-1.6002e+01  4.3840e+00  6.2287e+01  6.1000e-02  1.8310e-01 -2.4410e-01
 -8.0100e-02 -2.7830e-01  9.5610e-01]",112
689,3,"[[ 0.16299078 -0.30702623  0.32297377]
 [ 0.18195996 -0.09993938  0.53006062]
 [-0.27966891 -0.31221739  0.31778261]
 [ 0.27966891  0.31221739 -0.31778261]
 [-0.16299078  0.30702623 -0.32297377]
 [-0.18195996  0.09993938 -0.53006062]]","[1941. 2248.  923. 1865. 2251.  920. 1929. 2113. 1058. 2154. 2248.  923.
 2230. 2251.  920. 2166. 2113. 1058.]","[1936. 2233.  928. 1884. 2224.  935. 1946. 2111. 1060. 2162. 2226.  933.
 2220. 2227.  931. 2150. 2112. 1060.]","[-1.5996e+01  4.3890e+00  6.2276e+01  1.2210e-01  6.1000e-02 -1.2210e-01
 -8.2000e-02 -2.8030e-01  9.5170e-01]",112
690,3,"[[ 0.15828305 -0.30738388  0.32261612]
 [ 0.18975548 -0.10147531  0.52852469]
 [-0.28206589 -0.3117173   0.3182827 ]
 [ 0.28206589  0.3117173  -0.3182827 ]
 [-0.15828305  0.30738388 -0.32261612]
 [-0.18975548  0.10147531 -0.52852469]]","[1944. 2248.  923. 1864. 2251.  920. 1924. 2114. 1057. 2151. 2248.  923.
 2231. 2251.  920. 2171. 2114. 1057.]","[1939. 2233.  928. 1882. 2224.  935. 1940. 2112. 1059. 2159. 2225.  933.
 2222. 2227.  931. 2155. 2112. 1059.]","[-1.5991e+01  4.3950e+00  6.2271e+01  0.0000e+00  6.1000e-02 -1.8310e-01
 -7.0300e-02 -2.7690e-01  9.5120e-01]",112
691,3,"[[ 0.15352216 -0.30773838  0.32226162]
 [ 0.19732178 -0.10314951  0.52685049]
 [-0.28433418 -0.31120607  0.31879393]
 [ 0.28433418  0.31120607 -0.31879393]
 [-0.15352216  0.30773838 -0.32226162]
 [-0.19732178  0.10314951 -0.52685049]]","[1947. 2248.  923. 1862. 2250.  921. 1919. 2115. 1056. 2148. 2248.  923.
 2233. 2250.  921. 2176. 2115. 1056.]","[1942. 2233.  927. 1880. 2223.  935. 1934. 2113. 1058. 2155. 2225.  932.
 2225. 2227.  931. 2162. 2113. 1058.]","[-1.5996e+01  4.3950e+00  6.2260e+01  0.0000e+00  6.1000e-02 -3.6620e-01
 -6.7400e-02 -2.7490e-01  9.6580e-01]",112
692,3,"[[ 0.14870972 -0.30808959  0.32191041]
 [ 0.20465333 -0.1049636   0.5250364 ]
 [-0.2864732  -0.31068434  0.31931566]
 [ 0.2864732   0.31068434 -0.31931566]
 [-0.14870972  0.30808959 -0.32191041]
 [-0.20465333  0.1049636  -0.5250364 ]]","[1951. 2248.  923. 1861. 2250.  921. 1914. 2116. 1055. 2144. 2248.  923.
 2234. 2250.  921. 2181. 2116. 1055.]","[1944. 2233.  927. 1878. 2224.  935. 1929. 2114. 1057. 2153. 2225.  932.
 2226. 2227.  931. 2166. 2113. 1058.]","[-15.996    4.395   62.243    0.       0.1221  -0.3662  -0.0776  -0.2749
   0.9526]",112
693,3,"[[ 0.14384733 -0.30843739  0.32156261]
 [ 0.21174497 -0.1069191   0.5230809 ]
 [-0.2884824  -0.31015276  0.31984724]
 [ 0.2884824   0.31015276 -0.31984724]
 [-0.14384733  0.30843739 -0.32156261]
 [-0.21174497  0.1069191  -0.5230809 ]]","[1954. 2249.  922. 1859. 2250.  921. 1909. 2117. 1054. 2141. 2249.  922.
 2236. 2250.  921. 2186. 2117. 1054.]","[1947. 2233.  928. 1876. 2224.  935. 1925. 2115. 1056. 2152. 2225.  932.
 2228. 2227.  931. 2171. 2115. 1056.]","[-1.5996e+01  4.3950e+00  6.2227e+01  0.0000e+00  6.1000e-02 -2.4410e-01
 -7.1300e-02 -2.7780e-01  9.5850e-01]",112
694,3,"[[ 0.01424797 -0.31554675  0.31445325]
 [ 0.30235186 -0.20116555  0.42883445]
 [-0.28461585 -0.29582243  0.33417757]
 [ 0.28461585  0.29582243 -0.33417757]
 [-0.01424797  0.31554675 -0.31445325]
 [-0.30235186  0.20116555 -0.42883445]]","[2038. 2253.  918. 1862. 2240.  931. 1850. 2179.  992. 2057. 2253.  918.
 2233. 2240.  931. 2245. 2179.  992.]","[1953. 2234.  927. 1874. 2224.  935. 1917. 2117. 1053. 2147. 2225.  932.
 2231. 2227.  931. 2179. 2118. 1054.]","[-1.5996e+01  4.3950e+00  6.2216e+01  0.0000e+00  6.1000e-02 -3.0520e-01
 -7.2300e-02 -2.7930e-01  9.6340e-01]",112
695,3,"[[ 0.00869954 -0.31576957  0.31423043]
 [ 0.30256159 -0.20687512  0.42312488]
 [-0.28081346 -0.29522755  0.33477245]
 [ 0.28081346  0.29522755 -0.33477245]
 [-0.00869954  0.31576957 -0.31423043]
 [-0.30256159  0.20687512 -0.42312488]]","[2042. 2253.  918. 1864. 2240.  931. 1850. 2182.  989. 2053. 2253.  918.
 2231. 2240.  931. 2245. 2182.  989.]","[1967. 2236.  926. 1874. 2224.  936. 1904. 2128. 1044. 2131. 2226.  931.
 2231. 2226.  934. 2193. 2132. 1043.]","[-15.996    4.395   62.205    0.       0.1221  -0.4272  -0.0791  -0.2798
   0.9487]",112
696,3,"[[ 0.00314819 -0.31598623  0.31401377]
 [ 0.30255593 -0.21271878  0.41728122]
 [-0.27668276 -0.29463692  0.33536308]
 [ 0.27668276  0.29463692 -0.33536308]
 [-0.00314819  0.31598623 -0.31401377]
 [-0.30255593  0.21271878 -0.41728122]]","[2045. 2253.  917. 1867. 2240.  931. 1850. 2186.  985. 2050. 2253.  917.
 2228. 2240.  931. 2245. 2186.  985.]","[1992. 2238.  926. 1873. 2224.  937. 1885. 2150. 1022. 2108. 2228.  930.
 2231. 2225.  935. 2212. 2149. 1021.]","[-15.996    4.395   62.183    0.       0.2441  -0.3052  -0.106   -0.2847
   0.9805]",112
697,3,"[[-0.00240423 -0.31619665  0.31380335]
 [ 0.30246135 -0.21867711  0.41132289]
 [-0.27223271 -0.29405117  0.33594883]
 [ 0.27223271  0.29405117 -0.33594883]
 [ 0.00240423  0.31619665 -0.31380335]
 [-0.30246135  0.21867711 -0.41132289]]","[2049. 2254.  917. 1870. 2239.  932. 1850. 2190.  981. 2046. 2254.  917.
 2225. 2239.  932. 2245. 2190.  981.]","[2008. 2238.  925. 1873. 2224.  938. 1874. 2163. 1009. 2093. 2228.  930.
 2235. 2226.  936. 2227. 2164. 1007.]","[-15.991    4.4     62.183    0.      -0.4883   0.6104  -0.0654  -0.1997
   0.9692]",112
698,3,"[[-0.00795583 -0.31640077  0.31359923]
 [ 0.30231389 -0.22473504  0.40526496]
 [-0.2674725  -0.29347092  0.33652908]
 [ 0.2674725   0.29347092 -0.33652908]
 [ 0.00795583  0.31640077 -0.31359923]
 [-0.30231389  0.22473504 -0.40526496]]","[2053. 2254.  917. 1873. 2239.  932. 1850. 2194.  977. 2042. 2254.  917.
 2222. 2239.  932. 2245. 2194.  977.]","[2021. 2239.  924. 1872. 2224.  939. 1863. 2173.  999. 2082. 2228.  929.
 2235. 2225.  938. 2237. 2174.  997.]","[-15.98     4.395   62.205    0.      -0.2441   0.3052  -0.0933  -0.1279
   1.0347]",112
699,3,"[[-0.01350476 -0.31659852  0.31340148]
 [ 0.30211186 -0.23088837  0.39911163]
 [-0.26241153 -0.29289681  0.33710319]
 [ 0.26241153  0.29289681 -0.33710319]
 [ 0.01350476  0.31659852 -0.31340148]
 [-0.30211186  0.23088837 -0.39911163]]","[2056. 2254.  917. 1876. 2238.  933. 1851. 2198.  973. 2039. 2254.  917.
 2219. 2238.  933. 2244. 2198.  973.]","[2032. 2239.  923. 1868. 2224.  939. 1857. 2183.  990. 2070. 2228.  929.
 2233. 2225.  940. 2242. 2183.  990.]","[-15.941    4.4     62.221    0.8545   0.6714   0.3662  -0.1001  -0.168
   0.9336]",112
700,3,"[[-0.01904916 -0.31678983  0.31321017]
 [ 0.30185192 -0.23713404  0.39286596]
 [-0.25705941 -0.29232943  0.33767057]
 [ 0.25705941  0.29232943 -0.33767057]
 [ 0.01904916  0.31678983 -0.31321017]
 [-0.30185192  0.23713404 -0.39286596]]","[2060. 2254.  917. 1880. 2238.  933. 1851. 2202.  969. 2035. 2254.  917.
 2215. 2238.  933. 2244. 2202.  969.]","[2038. 2239.  924. 1868. 2224.  939. 1857. 2187.  985. 2064. 2229.  929.
 2232. 2226.  940. 2243. 2187.  986.]","[-15.892    4.433   62.238   -1.3428   0.       1.0986  -0.0879  -0.2305
   0.9121]",112
701,3,"[[-0.02458716 -0.31697465  0.31302535]
 [ 0.30153223 -0.24346882  0.38653118]
 [-0.2514259  -0.2917694   0.3382306 ]
 [ 0.2514259   0.2917694  -0.3382306 ]
 [ 0.02458716  0.31697465 -0.31302535]
 [-0.30153223  0.24346882 -0.38653118]]","[2064. 2254.  917. 1884. 2238.  933. 1851. 2206.  965. 2031. 2254.  917.
 2211. 2238.  933. 2244. 2206.  965.]","[2044. 2239.  923. 1870. 2225.  939. 1855. 2193.  979. 2057. 2230.  927.
 2230. 2225.  940. 2243. 2193.  980.]","[-1.5919e+01  4.4490e+00  6.2276e+01 -2.1362e+00 -6.1040e-01  7.3240e-01
 -5.4700e-02 -3.0080e-01  1.0000e+00]",112
702,3,"[[-0.0301169  -0.3171529   0.3128471 ]
 [ 0.30115181 -0.24988938  0.38011062]
 [-0.24552093 -0.29121731  0.33878269]
 [ 0.24552093  0.29121731 -0.33878269]
 [ 0.0301169   0.3171529  -0.3128471 ]
 [-0.30115181  0.24988938 -0.38011062]]","[2067. 2254.  917. 1887. 2237.  934. 1851. 2210.  961. 2028. 2254.  917.
 2208. 2237.  934. 2244. 2210.  961.]","[2051. 2239.  923. 1872. 2224.  939. 1851. 2199.  973. 2050. 2230.  926.
 2227. 2226.  940. 2243. 2199.  974.]","[-1.5958e+01  4.4380e+00  6.2303e+01 -1.1597e+00 -4.2720e-01  4.2720e-01
 -6.1500e-02 -3.5500e-01  9.3650e-01]",112
703,3,"[[-0.03563653 -0.31732454  0.31267546]
 [ 0.30071011 -0.25639237  0.37360763]
 [-0.23935456 -0.29067377  0.33932623]
 [ 0.23935456  0.29067377 -0.33932623]
 [ 0.03563653  0.31732454 -0.31267546]
 [-0.30071011  0.25639237 -0.37360763]]","[2071. 2254.  917. 1891. 2237.  934. 1851. 2215.  956. 2024. 2254.  917.
 2204. 2237.  934. 2244. 2215.  956.]","[2055. 2239.  923. 1873. 2225.  939. 1851. 2204.  969. 2045. 2230.  925.
 2224. 2225.  940. 2243. 2203.  969.]","[-15.98     4.427   62.331   -0.6714  -0.5493   0.5493  -0.0757  -0.3906
   0.9199]",112
704,3,"[[-0.04114419 -0.31748951  0.31251049]
 [ 0.30020673 -0.26297447  0.36702553]
 [-0.23293696 -0.28138703  0.34861297]
 [ 0.23293696  0.28138703 -0.34861297]
 [ 0.04114419  0.31748951 -0.31251049]
 [-0.30020673  0.26297447 -0.36702553]]","[2074. 2254.  916. 1896. 2231.  940. 1852. 2219.  952. 2021. 2254.  916.
 2199. 2231.  940. 2243. 2219.  952.]","[2058. 2239.  923. 1875. 2224.  939. 1851. 2208.  965. 2041. 2230.  925.
 2221. 2226.  940. 2243. 2206.  966.]","[-1.6002e+01  4.4110e+00  6.2364e+01 -3.0520e-01 -4.8830e-01  7.3240e-01
 -5.8600e-02 -3.7740e-01  9.6240e-01]",112
705,3,"[[-0.04663803 -0.31764775  0.31235225]
 [ 0.29964136 -0.26963233  0.36036767]
 [-0.2262784  -0.27089268  0.35910732]
 [ 0.2262784   0.27089268 -0.35910732]
 [ 0.04663803  0.31764775 -0.31235225]
 [-0.29964136  0.26963233 -0.36036767]]","[2078. 2255.  916. 1900. 2224.  947. 1852. 2223.  948. 2017. 2255.  916.
 2195. 2224.  947. 2243. 2223.  948.]","[2061. 2239.  923. 1877. 2225.  940. 1850. 2212.  961. 2038. 2230.  926.
 2218. 2225.  942. 2241. 2209.  962.]","[-1.6024e+01  4.4060e+00  6.2391e+01 -6.1000e-02 -2.4410e-01  5.4930e-01
 -8.8900e-02 -3.7160e-01  9.0480e-01]",112
706,3,"[[-0.05211621 -0.31779922  0.31220078]
 [ 0.2990137  -0.27636265  0.35363735]
 [-0.21938924 -0.26060363  0.36939637]
 [ 0.21938924  0.26060363 -0.36939637]
 [ 0.05211621  0.31779922 -0.31220078]
 [-0.2990137   0.27636265 -0.35363735]]","[2081. 2255.  916. 1904. 2217.  954. 1853. 2228.  943. 2014. 2255.  916.
 2191. 2217.  954. 2242. 2228.  943.]","[2063. 2240.  923. 1880. 2223.  943. 1851. 2216.  956. 2034. 2230.  925.
 2214. 2223.  945. 2240. 2212.  958.]","[-1.6051e+01  4.4060e+00  6.2424e+01 -6.1000e-02 -3.0520e-01  9.7660e-01
 -9.7700e-02 -3.7160e-01  9.4290e-01]",112
707,3,"[[-0.05757689 -0.31794387  0.31205613]
 [ 0.29832352 -0.28316212  0.34683788]
 [-0.21227991 -0.25053095  0.37946905]
 [ 0.21227991  0.25053095 -0.37946905]
 [ 0.05757689  0.31794387 -0.31205613]
 [-0.29832352  0.28316212 -0.34683788]]","[2085. 2255.  916. 1909. 2211.  960. 1853. 2232.  939. 2010. 2255.  916.
 2186. 2211.  960. 2242. 2232.  939.]","[2065. 2240.  922. 1885. 2221.  947. 1851. 2221.  952. 2031. 2230.  925.
 2209. 2218.  948. 2239. 2216.  954.]","[-16.073    4.411   62.485    0.2441  -0.3052   1.8311  -0.0962  -0.3301
   0.9526]",112
708,3,"[[-0.06301823 -0.31808165  0.31191835]
 [ 0.29757057 -0.29002745  0.33997255]
 [-0.20496089 -0.2406855   0.3893145 ]
 [ 0.20496089  0.2406855  -0.3893145 ]
 [ 0.06301823  0.31808165 -0.31191835]
 [-0.29757057  0.29002745 -0.33997255]]","[2089. 2255.  916. 1914. 2204.  967. 1854. 2237.  934. 2006. 2255.  916.
 2181. 2204.  967. 2241. 2237.  934.]","[2067. 2240.  921. 1891. 2216.  952. 1852. 2225.  947. 2028. 2230.  925.
 2206. 2213.  949. 2239. 2221.  949.]","[-16.073    4.427   62.578    0.7324  -0.3662   2.8687  -0.1104  -0.2622
   0.9453]",112
709,3,"[[-0.06843841 -0.31821253  0.31178747]
 [ 0.29675465 -0.29091777  0.33908223]
 [-0.19744268 -0.23107786  0.39892214]
 [ 0.19744268  0.23107786 -0.39892214]
 [ 0.06843841  0.31821253 -0.31178747]
 [-0.29675465  0.29091777 -0.33908223]]","[2092. 2255.  916. 1919. 2198.  973. 1854. 2237.  934. 2003. 2255.  916.
 2176. 2198.  973. 2241. 2237.  934.]","[2069. 2240.  919. 1897. 2212.  956. 1853. 2230.  942. 2024. 2230.  925.
 2200. 2208.  953. 2238. 2224.  945.]","[-16.051    4.455   62.726    0.9766  -0.7324   4.3335  -0.0933  -0.2178
   0.9424]",112
710,3,"[[-0.0738356  -0.31833646  0.31166354]
 [ 0.29587555 -0.29126713  0.33873287]
 [-0.18973582 -0.22171837  0.40828163]
 [ 0.18973582  0.22171837 -0.40828163]
 [ 0.0738356   0.31833646 -0.31166354]
 [-0.29587555  0.29126713 -0.33873287]]","[2096. 2255.  916. 1924. 2192.  979. 1855. 2237.  934. 1999. 2255.  916.
 2171. 2192.  979. 2240. 2237.  934.]","[2072. 2240.  919. 1903. 2207.  960. 1856. 2233.  943. 2019. 2230.  924.
 2195. 2203.  958. 2238. 2227.  941.]","[-16.013    4.493   62.935    0.6104  -0.9155   6.1035  -0.0688  -0.2095
   0.9355]",112
711,3,"[[-0.079208   -0.3184534   0.3115466 ]
 [ 0.2949331  -0.2916193   0.3383807 ]
 [-0.18185085 -0.2126171   0.4173829 ]
 [ 0.18185085  0.2126171  -0.4173829 ]
 [ 0.079208    0.3184534  -0.3115466 ]
 [-0.2949331   0.2916193  -0.3383807 ]]","[2099. 2255.  916. 1929. 2186.  985. 1855. 2238.  933. 1996. 2255.  916.
 2166. 2186.  985. 2240. 2238.  933.]","[2075. 2240.  919. 1910. 2206.  966. 1856. 2234.  941. 2013. 2230.  922.
 2190. 2199.  964. 2238. 2229.  938.]","[-1.5991e+01  4.5150e+00  6.3199e+01 -6.1040e-01 -1.7700e+00  6.7749e+00
  1.4200e-02 -1.9240e-01  1.0327e+00]",112
712,3,"[[-0.08455379 -0.31856333  0.31143667]
 [ 0.29392713 -0.29197411  0.33802589]
 [-0.17379833 -0.20378382  0.42621618]
 [ 0.17379833  0.20378382 -0.42621618]
 [ 0.08455379  0.31856333 -0.31143667]
 [-0.29392713  0.29197411 -0.33802589]]","[2103. 2255.  916. 1934. 2180.  991. 1856. 2238.  933. 1992. 2255.  916.
 2161. 2180.  991. 2239. 2238.  933.]","[2078. 2239.  920. 1917. 2200.  971. 1856. 2232.  939. 2009. 2231.  920.
 2185. 2193.  971. 2237. 2229.  935.]","[-1.5980e+01  4.5100e+00  6.3441e+01 -1.8310e-01 -1.5259e+00  4.7607e+00
 -1.0000e-03 -2.2070e-01  9.3900e-01]",112
713,3,"[[-0.0898712  -0.31866621  0.31133379]
 [ 0.2928575  -0.29233141  0.33766859]
 [-0.16558876 -0.19522799  0.43477201]
 [ 0.16558876  0.19522799 -0.43477201]
 [ 0.0898712   0.31866621 -0.31133379]
 [-0.2928575   0.29233141 -0.33766859]]","[2106. 2255.  916. 1940. 2175.  996. 1857. 2238.  933. 1989. 2255.  916.
 2155. 2175.  996. 2238. 2238.  933.]","[2083. 2239.  921. 1926. 2194.  978. 1856. 2233.  937. 2004. 2230.  919.
 2179. 2188.  978. 2236. 2230.  934.]","[-1.5963e+01  4.4880e+00  6.3605e+01 -3.0520e-01 -1.0986e+00  2.9297e+00
 -1.4200e-02 -2.4760e-01  1.0161e+00]",112
714,3,"[[-0.09515842 -0.31876201  0.31123799]
 [ 0.29172408 -0.29269103  0.33730897]
 [-0.15723265 -0.18695879  0.44304121]
 [ 0.15723265  0.18695879 -0.44304121]
 [ 0.09515842  0.31876201 -0.31123799]
 [-0.29172408  0.29269103 -0.33730897]]","[2110. 2255.  916. 1945. 2169. 1002. 1857. 2238.  933. 1985. 2255.  916.
 2150. 2169. 1002. 2238. 2238.  933.]","[2088. 2239.  922. 1930. 2188.  983. 1857. 2233.  937. 2001. 2230.  918.
 2172. 2183.  984. 2235. 2230.  934.]","[-1.5925e+01  4.4490e+00  6.3666e+01  1.1597e+00 -6.7140e-01 -4.2720e-01
 -5.9600e-02 -3.0080e-01  9.5410e-01]",112
715,3,"[[-0.10041368 -0.3188507   0.3111493 ]
 [ 0.29052675 -0.29305282  0.33694718]
 [-0.14874045 -0.17898504  0.45101496]
 [ 0.14874045  0.17898504 -0.45101496]
 [ 0.10041368  0.3188507  -0.3111493 ]
 [-0.29052675  0.29305282 -0.33694718]]","[2113. 2255.  916. 1951. 2164. 1007. 1858. 2239.  932. 1982. 2255.  916.
 2144. 2164. 1007. 2237. 2239.  932.]","[2094. 2239.  922. 1933. 2183.  990. 1858. 2232.  937. 1997. 2231.  918.
 2165. 2179.  989. 2235. 2230.  935.]","[-15.859    4.406   63.6      1.709    0.2441  -3.0518  -0.1113  -0.2949
   1.0146]",112
716,3,"[[-0.10563522 -0.31893227  0.31106773]
 [ 0.28926542 -0.29341663  0.33658337]
 [-0.14012257 -0.17131526  0.45868474]
 [ 0.14012257  0.17131526 -0.45868474]
 [ 0.10563522  0.31893227 -0.31106773]
 [-0.28926542  0.29341663 -0.33658337]]","[2116. 2255.  916. 1956. 2159. 1012. 1859. 2239.  932. 1979. 2255.  916.
 2139. 2159. 1012. 2236. 2239.  932.]","[2099. 2239.  922. 1939. 2177.  995. 1858. 2232.  936. 1994. 2230.  918.
 2158. 2176.  995. 2234. 2229.  935.]","[-15.765    4.373   63.452    3.0518   0.6104  -4.3335  -0.1953  -0.3403
   0.916 ]",112
717,3,"[[-0.11082129 -0.31900669  0.31099331]
 [ 0.28794003 -0.29378229  0.33621771]
 [-0.13138936 -0.16395759  0.46604241]
 [ 0.13138936  0.16395759 -0.46604241]
 [ 0.11082129  0.31900669 -0.31099331]
 [-0.28794003  0.29378229 -0.33621771]]","[2120. 2255.  916. 1962. 2154. 1017. 1860. 2239.  932. 1975. 2255.  916.
 2133. 2154. 1017. 2235. 2239.  932.]","[2103. 2239.  922. 1944. 2171. 1000. 1859. 2232.  936. 1992. 2231.  919.
 2152. 2172. 1001. 2233. 2229.  936.]","[-15.661    4.367   63.292    3.1738   0.8545  -3.54    -0.1768  -0.3662
   0.9355]",112
718,3,"[[-0.11597013 -0.31907394  0.31092606]
 [ 0.28655051 -0.29414965  0.33585035]
 [-0.1225511  -0.15691984  0.47308016]
 [ 0.1225511   0.15691984 -0.47308016]
 [ 0.11597013  0.31907394 -0.31092606]
 [-0.28655051  0.29414965 -0.33585035]]","[2123. 2256.  915. 1968. 2150. 1021. 1861. 2239.  932. 1972. 2256.  915.
 2127. 2150. 1021. 2234. 2239.  932.]","[2106. 2240.  922. 1950. 2166. 1006. 1860. 2232.  935. 1989. 2230.  919.
 2146. 2167. 1006. 2232. 2229.  936.]","[-15.557    4.384   63.182    3.1128   0.5493  -1.8311  -0.126   -0.3672
   0.9575]",112
719,3,"[[-0.12108003 -0.31913401  0.31086599]
 [ 0.28509682 -0.29451856  0.33548144]
 [-0.11361797 -0.15020946  0.47979054]
 [ 0.11361797  0.15020946 -0.47979054]
 [ 0.12108003  0.31913401 -0.31086599]
 [-0.28509682  0.29451856 -0.33548144]]","[2126. 2256.  915. 1973. 2145. 1026. 1862. 2239.  931. 1969. 2256.  915.
 2122. 2145. 1026. 2233. 2239.  931.]","[2109. 2239.  922. 1957. 2161. 1011. 1861. 2231.  936. 1986. 2233.  918.
 2140. 2162. 1011. 2231. 2229.  936.]","[-1.5447e+01  4.3950e+00  6.3171e+01  3.6011e+00 -3.6620e-01  2.4410e-01
 -3.4700e-02 -3.1930e-01  9.5510e-01]",112
720,3,"[[-0.12614927 -0.31918689  0.31081311]
 [ 0.28357895 -0.29488886  0.33511114]
 [-0.1046001  -0.1438335   0.4861665 ]
 [ 0.1046001   0.1438335  -0.4861665 ]
 [ 0.12614927  0.31918689 -0.31081311]
 [-0.28357895  0.29488886 -0.33511114]]","[2130. 2256.  915. 1979. 2141. 1030. 1863. 2240.  931. 1965. 2256.  915.
 2116. 2141. 1030. 2232. 2240.  931.]","[2111. 2240.  922. 1962. 2156. 1016. 1861. 2231.  936. 1983. 2234.  919.
 2135. 2157. 1016. 2231. 2229.  936.]","[-1.5315e+01  4.3780e+00  6.3210e+01  3.9062e+00 -8.5450e-01  9.1550e-01
  1.7600e-02 -2.9440e-01  9.4730e-01]",112
721,3,"[[-0.13117615 -0.31923256  0.31076744]
 [ 0.28199689 -0.29526041  0.33473959]
 [-0.0955075  -0.13779866  0.49220134]
 [ 0.0955075   0.13779866 -0.49220134]
 [ 0.13117615  0.31923256 -0.31076744]
 [-0.28199689  0.29526041 -0.33473959]]","[2133. 2256.  915. 1985. 2137. 1034. 1864. 2240.  931. 1962. 2256.  915.
 2110. 2137. 1034. 2231. 2240.  931.]","[2114. 2240.  922. 1967. 2151. 1020. 1862. 2231.  936. 1981. 2236.  919.
 2129. 2153. 1020. 2230. 2229.  936.]","[-1.5183e+01  4.3450e+00  6.3232e+01  3.7842e+00 -9.1550e-01  1.2210e-01
 -7.8000e-03 -2.5630e-01  9.7800e-01]",112
722,3,"[[-0.13615897 -0.31927102  0.31072898]
 [ 0.28035067 -0.29563306  0.33436694]
 [-0.08635007 -0.13211123  0.49788877]
 [ 0.08635007  0.13211123 -0.49788877]
 [ 0.13615897  0.31927102 -0.31072898]
 [-0.28035067  0.29563306 -0.33436694]]","[2136. 2256.  915. 1991. 2134. 1037. 1865. 2240.  931. 1959. 2256.  915.
 2104. 2134. 1037. 2230. 2240.  931.]","[2119. 2240.  921. 1973. 2147. 1025. 1863. 2231.  936. 1978. 2237.  919.
 2123. 2149. 1025. 2229. 2229.  936.]","[-1.5051e+01  4.2960e+00  6.3226e+01  3.8452e+00 -7.9350e-01 -6.1040e-01
 -5.4700e-02 -2.5390e-01  9.9370e-01]",112
723,3,"[[-0.14109606 -0.31930226  0.31069774]
 [ 0.27864032 -0.29600665  0.33399335]
 [-0.07713763 -0.12677711  0.50322289]
 [ 0.07713763  0.12677711 -0.50322289]
 [ 0.14109606  0.31930226 -0.31069774]
 [-0.27864032  0.29600665 -0.33399335]]","[2139. 2256.  915. 1997. 2130. 1041. 1866. 2240.  931. 1956. 2256.  915.
 2098. 2130. 1041. 2229. 2240.  931.]","[2122. 2241.  921. 1979. 2143. 1029. 1864. 2231.  936. 1976. 2237.  919.
 2117. 2143. 1029. 2228. 2229.  935.]","[-14.919    4.252   63.21     3.6011  -0.8545  -0.6714  -0.0913  -0.2378
   0.9526]",112
724,3,"[[-0.14598577 -0.31932628  0.31067372]
 [ 0.2768659  -0.29638105  0.33361895]
 [-0.06787984 -0.12180181  0.50819819]
 [ 0.06787984  0.12180181 -0.50819819]
 [ 0.14598577  0.31932628 -0.31067372]
 [-0.2768659   0.29638105 -0.33361895]]","[2143. 2256.  915. 2003. 2127. 1044. 1867. 2241.  930. 1952. 2256.  915.
 2092. 2127. 1044. 2228. 2241.  930.]","[2125. 2241.  921. 1985. 2139. 1033. 1865. 2231.  936. 1973. 2238.  918.
 2111. 2140. 1033. 2228. 2229.  935.]","[-1.4804e+01  4.2190e+00  6.3210e+01  2.8687e+00 -6.1040e-01 -6.1000e-02
 -9.7200e-02 -2.3240e-01  9.1990e-01]",112
725,3,"[[-0.15082646 -0.31934314  0.31065686]
 [ 0.27502749 -0.2967561   0.3332439 ]
 [-0.05858628 -0.11719042  0.51280958]
 [ 0.05858628  0.11719042 -0.51280958]
 [ 0.15082646  0.31934314 -0.31065686]
 [-0.27502749  0.2967561  -0.3332439 ]]","[2146. 2256.  915. 2009. 2124. 1047. 1868. 2241.  930. 1949. 2256.  915.
 2086. 2124. 1047. 2227. 2241.  930.]","[2128. 2241.  921. 1991. 2136. 1037. 1866. 2231.  936. 1970. 2238.  918.
 2105. 2137. 1036. 2227. 2229.  935.]","[-14.733    4.202   63.221    1.6479  -0.3052   0.2441  -0.0869  -0.2236
   0.9399]",112
726,3,"[[-0.15561649 -0.31935295  0.31064705]
 [ 0.27312518 -0.29713167  0.33286833]
 [-0.04926636 -0.11294762  0.51705238]
 [ 0.04926636  0.11294762 -0.51705238]
 [ 0.15561649  0.31935295 -0.31064705]
 [-0.27312518  0.29713167 -0.33286833]]","[2149. 2256.  915. 2015. 2121. 1050. 1869. 2241.  930. 1946. 2256.  915.
 2080. 2121. 1050. 2226. 2241.  930.]","[2132. 2241.  921. 1997. 2132. 1040. 1867. 2231.  936. 1967. 2238.  919.
 2099. 2133. 1040. 2226. 2229.  935.]","[-14.694    4.202   63.232    0.7935  -0.1221   0.1831  -0.0884  -0.2119
   0.9712]",112
727,3,"[[-0.16035426 -0.3193558   0.3106442 ]
 [ 0.27115908 -0.2975076   0.3324924 ]
 [-0.03992939 -0.10907767  0.52092233]
 [ 0.03992939  0.10907767 -0.52092233]
 [ 0.16035426  0.3193558  -0.3106442 ]
 [-0.27115908  0.2975076  -0.3324924 ]]","[2152. 2256.  915. 2021. 2119. 1052. 1871. 2241.  930. 1943. 2256.  915.
 2074. 2119. 1052. 2224. 2241.  930.]","[2134. 2241.  921. 2003. 2129. 1043. 1868. 2231.  936. 1964. 2238.  918.
 2093. 2130. 1043. 2225. 2229.  935.]","[-14.661    4.202   63.232    0.5493  -0.1221   0.      -0.0791  -0.209
   0.9653]",112
728,3,"[[-0.16503818 -0.31934759  0.31065241]
 [ 0.26912935 -0.29788376  0.33211624]
 [-0.03058451 -0.10558442  0.52441558]
 [ 0.03058451  0.10558442 -0.52441558]
 [ 0.16503818  0.31934759 -0.31065241]
 [-0.26912935  0.29788376 -0.33211624]]","[2155. 2256.  915. 2028. 2116. 1055. 1872. 2242.  929. 1940. 2256.  915.
 2067. 2116. 1055. 2223. 2242.  929.]","[2139. 2241.  921. 2011. 2125. 1047. 1870. 2231.  935. 1961. 2238.  919.
 2085. 2126. 1047. 2223. 2229.  935.]","[-14.639    4.202   63.232    0.3052   0.      -0.1221  -0.0742  -0.2148
   0.957 ]",112
729,3,"[[-0.16966667 -0.31931558  0.31068442]
 [ 0.26703612 -0.29826     0.33174   ]
 [-0.02124073 -0.10247128  0.52752872]
 [ 0.02124073  0.10247128 -0.52752872]
 [ 0.16966667  0.31931558 -0.31068442]
 [-0.26703612  0.29826    -0.33174   ]]","[2158. 2256.  915. 2034. 2114. 1057. 1873. 2242.  929. 1937. 2256.  915.
 2061. 2114. 1057. 2222. 2242.  929.]","[2141. 2241.  921. 2015. 2123. 1048. 1871. 2231.  935. 1959. 2237.  919.
 2081. 2124. 1049. 2222. 2229.  935.]","[-14.628    4.208   63.221   -0.2441   0.1221  -0.2441  -0.0674  -0.2212
   0.959 ]",112
730,3,"[[-0.17423819 -0.31925724  0.31074276]
 [ 0.26487958 -0.29863619  0.33136381]
 [-0.0119069  -0.09974125  0.53025875]
 [ 0.0119069   0.09974125 -0.53025875]
 [ 0.17423819  0.31925724 -0.31074276]
 [-0.26487958  0.29863619 -0.33136381]]","[2161. 2256.  915. 2040. 2113. 1058. 1875. 2242.  929. 1934. 2256.  915.
 2055. 2113. 1058. 2220. 2242.  929.]","[2144. 2240.  921. 2021. 2121. 1051. 1872. 2231.  935. 1956. 2238.  919.
 2074. 2122. 1051. 2220. 2229.  935.]","[-1.465e+01  4.213e+00  6.321e+01 -9.155e-01  1.831e-01 -3.052e-01
 -6.200e-02 -2.314e-01  9.541e-01]",112
731,3,"[[-0.17875119 -0.31917541  0.31082459]
 [ 0.26265993 -0.2990122   0.3309878 ]
 [-0.00259173 -0.0973969   0.5326031 ]
 [ 0.00259173  0.0973969  -0.5326031 ]
 [ 0.17875119  0.31917541 -0.31082459]
 [-0.26265993  0.2990122  -0.3309878 ]]","[2164. 2256.  915. 2046. 2111. 1060. 1876. 2242.  929. 1931. 2256.  915.
 2049. 2111. 1060. 2219. 2242.  929.]","[2147. 2241.  921. 2027. 2118. 1053. 1874. 2231.  935. 1953. 2238.  919.
 2068. 2120. 1054. 2219. 2229.  934.]","[-14.678    4.219   63.193   -1.1597   0.1831  -0.3052  -0.0698  -0.2432
   0.9683]",112
732,3,"[[-0.18320415 -0.31907093  0.31092907]
 [ 0.26037737 -0.29938787  0.33061213]
 [ 0.00669624 -0.09544035  0.53455965]
 [-0.00669624  0.09544035 -0.53455965]
 [ 0.18320415  0.31907093 -0.31092907]
 [-0.26037737  0.29938787 -0.33061213]]","[2167. 2256.  915. 2052. 2110. 1061. 1878. 2243.  928. 1928. 2256.  915.
 2043. 2110. 1061. 2217. 2243.  928.]","[2149. 2240.  920. 2033. 2116. 1055. 1875. 2232.  935. 1949. 2237.  919.
 2062. 2117. 1056. 2217. 2229.  935.]","[-14.711    4.224   63.182   -1.0986   0.1221  -0.1221  -0.0771  -0.2607
   0.9707]",112
733,3,"[[-0.1875956  -0.31894424  0.31105576]
 [ 0.25803216 -0.29976309  0.33023691]
 [ 0.01594863 -0.0938733   0.5361267 ]
 [-0.01594863  0.0938733  -0.5361267 ]
 [ 0.1875956   0.31894424 -0.31105576]
 [-0.25803216  0.29976309 -0.33023691]]","[2170. 2255.  916. 2058. 2109. 1062. 1879. 2243.  928. 1925. 2255.  916.
 2037. 2109. 1062. 2216. 2243.  928.]","[2153. 2241.  921. 2041. 2115. 1058. 1878. 2231.  934. 1946. 2237.  919.
 2054. 2115. 1057. 2214. 2229.  935.]","[-1.4749e+01  4.2300e+00  6.3177e+01 -1.0376e+00  6.1000e-02 -1.2210e-01
 -8.0600e-02 -2.6120e-01  9.5700e-01]",112
734,3,"[[-0.19192404 -0.31879576  0.31120424]
 [ 0.25562454 -0.30013771  0.32986229]
 [ 0.02515723 -0.09269704  0.53730296]
 [-0.02515723  0.09269704 -0.53730296]
 [ 0.19192404  0.31879576 -0.31120424]
 [-0.25562454  0.30013771 -0.32986229]]","[2173. 2255.  916. 2064. 2108. 1063. 1881. 2243.  928. 1922. 2255.  916.
 2031. 2108. 1063. 2214. 2243.  928.]","[2155. 2241.  921. 2046. 2113. 1059. 1879. 2231.  934. 1943. 2237.  919.
 2050. 2114. 1059. 2214. 2229.  934.]","[-14.771    4.235   63.177   -0.7935   0.1221   0.      -0.0771  -0.2681
   0.9697]",112
735,3,"[[-0.19618803 -0.31862592  0.31137408]
 [ 0.25315479 -0.30051161  0.32948839]
 [ 0.03431399 -0.09191251  0.53808749]
 [-0.03431399  0.09191251 -0.53808749]
 [ 0.19618803  0.31862592 -0.31137408]
 [-0.25315479  0.30051161 -0.32948839]]","[2175. 2255.  916. 2070. 2107. 1064. 1882. 2243.  928. 1920. 2255.  916.
 2025. 2107. 1064. 2213. 2243.  928.]","[2158. 2241.  921. 2052. 2112. 1060. 1880. 2231.  933. 1940. 2237.  919.
 2044. 2113. 1060. 2212. 2229.  934.]","[-14.782    4.241   63.177   -0.3662   0.       0.      -0.0776  -0.2749
   0.9722]",112
736,3,"[[-0.20038613 -0.31843514  0.31156486]
 [ 0.25062322 -0.30088466  0.32911534]
 [ 0.04341105 -0.09152186  0.53847814]
 [-0.04341105  0.09152186 -0.53847814]
 [ 0.20038613  0.31843514 -0.31156486]
 [-0.25062322  0.30088466 -0.32911534]]","[2178. 2255.  916. 2076. 2107. 1064. 1884. 2244.  927. 1917. 2255.  916.
 2019. 2107. 1064. 2211. 2244.  927.]","[2160. 2241.  921. 2058. 2111. 1061. 1881. 2231.  933. 1938. 2238.  919.
 2037. 2112. 1061. 2211. 2229.  934.]","[-14.788    4.241   63.177   -0.1221   0.       0.      -0.0732  -0.271
   0.9546]",112
737,3,"[[-0.20451694 -0.3182239   0.3117761 ]
 [ 0.24803015 -0.30125672  0.32874328]
 [ 0.05244069 -0.09153407  0.53846593]
 [-0.05244069  0.09153407 -0.53846593]
 [ 0.20451694  0.3182239  -0.3117761 ]
 [-0.24803015  0.30125672 -0.32874328]]","[2181. 2255.  916. 2082. 2107. 1064. 1886. 2244.  927. 1914. 2255.  916.
 2013. 2107. 1064. 2209. 2244.  927.]","[2164. 2241.  921. 2065. 2110. 1062. 1884. 2231.  933. 1935. 2237.  919.
 2030. 2111. 1062. 2209. 2229.  934.]","[-14.788    4.246   63.177    0.       0.       0.      -0.0703  -0.269
   0.9639]",112
738,3,"[[-0.20857906 -0.31799267  0.31200733]
 [ 0.24537591 -0.30162767  0.32837233]
 [ 0.0613954  -0.09180123  0.53819877]
 [-0.0613954   0.09180123 -0.53819877]
 [ 0.20857906  0.31799267 -0.31200733]
 [-0.24537591  0.30162767 -0.32837233]]","[2183. 2255.  916. 2088. 2107. 1064. 1888. 2244.  927. 1912. 2255.  916.
 2007. 2107. 1064. 2207. 2244.  927.]","[2166. 2241.  921. 2071. 2109. 1062. 1885. 2231.  933. 1933. 2238.  919.
 2024. 2110. 1063. 2207. 2229.  933.]","[-1.4782e+01  4.2460e+00  6.3177e+01  6.1000e-02  0.0000e+00  0.0000e+00
 -6.5900e-02 -2.6510e-01  9.6920e-01]",112
739,3,"[[-0.21257114 -0.31774193  0.31225807]
 [ 0.24266086 -0.30199738  0.32800262]
 [ 0.07026783 -0.09208526  0.53791474]
 [-0.07026783  0.09208526 -0.53791474]
 [ 0.21257114  0.31774193 -0.31225807]
 [-0.24266086  0.30199738 -0.32800262]]","[2186. 2255.  916. 2093. 2108. 1063. 1889. 2244.  927. 1909. 2255.  916.
 2002. 2108. 1063. 2206. 2244.  927.]","[2169. 2241.  921. 2077. 2109. 1062. 1887. 2231.  933. 1931. 2237.  919.
 2018. 2110. 1062. 2205. 2229.  933.]","[-1.4777e+01  4.2410e+00  6.3177e+01  1.8310e-01 -6.1000e-02  0.0000e+00
 -6.5400e-02 -2.5930e-01  9.5560e-01]",112
740,3,"[[-0.21649183 -0.3174722   0.3125278 ]
 [ 0.23988539 -0.30236574  0.32763426]
 [ 0.07905081 -0.09244288  0.53755712]
 [-0.07905081  0.09244288 -0.53755712]
 [ 0.21649183  0.3174722  -0.3125278 ]
 [-0.23988539  0.30236574 -0.32763426]]","[2189. 2254.  917. 2099. 2108. 1063. 1891. 2245.  926. 1906. 2254.  917.
 1996. 2108. 1063. 2204. 2245.  926.]","[2171. 2241.  921. 2082. 2109. 1063. 1889. 2232.  933. 1928. 2237.  919.
 2014. 2110. 1062. 2204. 2229.  933.]","[-14.771    4.241   63.177    0.1221   0.       0.      -0.0654  -0.2515
   0.9673]",112
741,3,"[[-0.22033981 -0.31718397  0.31281603]
 [ 0.23704991 -0.30273261  0.32726739]
 [ 0.08773737 -0.09290036  0.53709964]
 [-0.08773737  0.09290036 -0.53709964]
 [ 0.22033981  0.31718397 -0.31281603]
 [-0.23704991  0.30273261 -0.32726739]]","[2191. 2254.  917. 2105. 2108. 1063. 1893. 2245.  926. 1904. 2254.  917.
 1990. 2108. 1063. 2202. 2245.  926.]","[2174. 2241.  921. 2087. 2109. 1062. 1890. 2231.  933. 1926. 2238.  919.
 2008. 2110. 1062. 2202. 2229.  932.]","[-1.4760e+01  4.2410e+00  6.3177e+01  1.2210e-01 -6.1000e-02  0.0000e+00
 -7.3200e-02 -2.5240e-01  9.6480e-01]",112
742,3,"[[-0.2241138  -0.31687778  0.31312222]
 [ 0.23415483 -0.30309788  0.32690212]
 [ 0.0963207  -0.09346511  0.53653489]
 [-0.0963207   0.09346511 -0.53653489]
 [ 0.2241138   0.31687778 -0.31312222]
 [-0.23415483  0.30309788 -0.32690212]]","[2194. 2254.  917. 2110. 2108. 1063. 1895. 2245.  926. 1901. 2254.  917.
 1985. 2108. 1063. 2200. 2245.  926.]","[2177. 2241.  921. 2093. 2109. 1062. 1892. 2231.  933. 1923. 2237.  919.
 2002. 2110. 1062. 2200. 2229.  932.]","[-1.4755e+01  4.2350e+00  6.3182e+01  6.1000e-02 -6.1000e-02  6.1000e-02
 -8.1100e-02 -2.4710e-01  9.6000e-01]",112
743,3,"[[-0.22781252 -0.31655417  0.31344583]
 [ 0.2312006  -0.30346142  0.32653858]
 [ 0.10479419 -0.09414008  0.53585992]
 [-0.10479419  0.09414008 -0.53585992]
 [ 0.22781252  0.31655417 -0.31344583]
 [-0.2312006   0.30346142 -0.32653858]]","[2196. 2254.  917. 2116. 2109. 1062. 1897. 2245.  926. 1899. 2254.  917.
 1979. 2109. 1062. 2198. 2245.  926.]","[2179. 2241.  921. 2099. 2109. 1062. 1894. 2231.  932. 1920. 2238.  919.
 1997. 2110. 1063. 2198. 2229.  932.]","[-1.4755e+01  4.2410e+00  6.3188e+01 -6.1000e-02  0.0000e+00  6.1000e-02
 -7.0800e-02 -2.4660e-01  9.5610e-01]",112
744,3,"[[-0.23143474 -0.31621368  0.31378632]
 [ 0.22818769 -0.30382312  0.32617688]
 [ 0.11315141 -0.09492727  0.53507273]
 [-0.11315141  0.09492727 -0.53507273]
 [ 0.23143474  0.31621368 -0.31378632]
 [-0.22818769  0.30382312 -0.32617688]]","[2198. 2254.  917. 2121. 2109. 1062. 1899. 2246.  925. 1897. 2254.  917.
 1974. 2109. 1062. 2196. 2246.  925.]","[2181. 2241.  921. 2104. 2110. 1062. 1896. 2231.  932. 1918. 2237.  919.
 1991. 2110. 1062. 2197. 2229.  932.]","[-14.766    4.241   63.182   -0.3052   0.       0.      -0.0728  -0.248
   0.9663]",112
745,3,"[[-0.23497923 -0.31585687  0.31414313]
 [ 0.22511658 -0.30418286  0.32581714]
 [ 0.12138612 -0.09582844  0.53417156]
 [-0.12138612  0.09582844 -0.53417156]
 [ 0.23497923  0.31585687 -0.31414313]
 [-0.22511658  0.30418286 -0.32581714]]","[2201. 2253.  918. 2127. 2110. 1061. 1901. 2246.  925. 1894. 2253.  918.
 1968. 2110. 1061. 2194. 2246.  925.]","[2183. 2241.  921. 2110. 2110. 1062. 1898. 2231.  932. 1915. 2237.  919.
 1985. 2111. 1062. 2194. 2229.  932.]","[-1.4771e+01  4.2410e+00  6.3182e+01 -3.0520e-01  0.0000e+00 -6.1000e-02
 -7.7100e-02 -2.5100e-01  9.6240e-01]",112
746,3,"[[-0.23844481 -0.3154843   0.3145157 ]
 [ 0.22198779 -0.30454053  0.32545947]
 [ 0.12949226 -0.09684523  0.53315477]
 [-0.12949226  0.09684523 -0.53315477]
 [ 0.23844481  0.3154843  -0.3145157 ]
 [-0.22198779  0.30454053 -0.32545947]]","[2203. 2253.  918. 2132. 2111. 1060. 1903. 2246.  925. 1892. 2253.  918.
 1963. 2111. 1060. 2192. 2246.  925.]","[2185. 2241.  921. 2116. 2110. 1062. 1901. 2231.  931. 1912. 2238.  920.
 1979. 2111. 1062. 2192. 2229.  932.]","[-14.782    4.241   63.177   -0.3052   0.       0.      -0.0811  -0.2549
   0.9653]",112
747,3,"[[-0.24183031 -0.31509653  0.31490347]
 [ 0.21880183 -0.30489601  0.32510399]
 [ 0.13746396 -0.09797924  0.53202076]
 [-0.13746396  0.09797924 -0.53202076]
 [ 0.24183031  0.31509653 -0.31490347]
 [-0.21880183  0.30489601 -0.32510399]]","[2205. 2253.  918. 2137. 2111. 1060. 1905. 2246.  925. 1890. 2253.  918.
 1958. 2111. 1060. 2190. 2246.  925.]","[2188. 2240.  921. 2121. 2111. 1061. 1902. 2231.  931. 1910. 2237.  920.
 1974. 2111. 1062. 2190. 2229.  932.]","[-14.788    4.246   63.182   -0.3052   0.       0.      -0.0786  -0.2549
   0.9624]",112
748,3,"[[-0.2451346  -0.31469414  0.31530586]
 [ 0.21555926 -0.3052492   0.3247508 ]
 [ 0.14529555 -0.09923199  0.53076801]
 [-0.14529555  0.09923199 -0.53076801]
 [ 0.2451346   0.31469414 -0.31530586]
 [-0.21555926  0.3052492  -0.3247508 ]]","[2207. 2253.  918. 2142. 2112. 1059. 1907. 2246.  924. 1888. 2253.  918.
 1953. 2112. 1059. 2188. 2246.  924.]","[2190. 2240.  921. 2126. 2111. 1061. 1904. 2231.  931. 1908. 2237.  920.
 1969. 2111. 1061. 2188. 2230.  932.]","[-1.4793e+01  4.2460e+00  6.3182e+01 -2.4410e-01  0.0000e+00  6.1000e-02
 -7.0300e-02 -2.5630e-01  9.6480e-01]",112
749,3,"[[-0.24835656 -0.31427772  0.31572228]
 [ 0.21226065 -0.30559997  0.32440003]
 [ 0.15298153 -0.10060493  0.52939507]
 [-0.15298153  0.10060493 -0.52939507]
 [ 0.24835656  0.31427772 -0.31572228]
 [-0.21226065  0.30559997 -0.32440003]]","[2209. 2252.  919. 2147. 2113. 1058. 1909. 2247.  924. 1886. 2252.  919.
 1948. 2113. 1058. 2186. 2247.  924.]","[2193. 2241.  921. 2131. 2112. 1060. 1906. 2231.  930. 1906. 2237.  920.
 1964. 2112. 1060. 2186. 2229.  931.]","[-14.804    4.252   63.182   -0.3662   0.       0.      -0.0698  -0.2563
   0.957 ]",112
750,3,"[[-0.25149512 -0.31384783  0.31615217]
 [ 0.20890659 -0.30594823  0.32405177]
 [ 0.16051661 -0.10209944  0.52790056]
 [-0.16051661  0.10209944 -0.52790056]
 [ 0.25149512  0.31384783 -0.31615217]
 [-0.20890659  0.30594823 -0.32405177]]","[2211. 2252.  919. 2152. 2114. 1057. 1911. 2247.  924. 1884. 2252.  919.
 1943. 2114. 1057. 2184. 2247.  924.]","[2196. 2240.  921. 2137. 2112. 1060. 1908. 2232.  930. 1904. 2237.  921.
 1958. 2112. 1059. 2184. 2230.  931.]","[-1.4815e+01  4.2520e+00  6.3177e+01 -3.0520e-01  6.1000e-02 -6.1000e-02
 -7.1800e-02 -2.5440e-01  9.6480e-01]",112
751,3,"[[-0.25454922 -0.31340508  0.31659492]
 [ 0.20549769 -0.30629387  0.32370613]
 [ 0.16789566 -0.10371684  0.52628316]
 [-0.16789566  0.10371684 -0.52628316]
 [ 0.25454922  0.31340508 -0.31659492]
 [-0.20549769  0.30629387 -0.32370613]]","[2213. 2252.  919. 2157. 2115. 1056. 1914. 2247.  924. 1882. 2252.  919.
 1938. 2115. 1056. 2181. 2247.  924.]","[2197. 2240.  921. 2142. 2113. 1058. 1910. 2231.  929. 1903. 2237.  921.
 1953. 2113. 1059. 2182. 2229.  931.]","[-14.826    4.257   63.177   -0.3662   0.       0.      -0.0737  -0.2617
   0.959 ]",112
752,3,"[[-0.25751783 -0.31295005  0.31704995]
 [ 0.20203458 -0.30663677  0.32336323]
 [ 0.17511378 -0.10545837  0.52454163]
 [-0.17511378  0.10545837 -0.52454163]
 [ 0.25751783  0.31295005 -0.31704995]
 [-0.20203458  0.30663677 -0.32336323]]","[2215. 2252.  919. 2162. 2116. 1055. 1916. 2247.  924. 1880. 2252.  919.
 1933. 2116. 1055. 2179. 2247.  924.]","[2199. 2241.  922. 2146. 2114. 1058. 1912. 2232.  929. 1901. 2237.  921.
 1948. 2114. 1057. 2180. 2230.  931.]","[-1.4837e+01  4.2570e+00  6.3177e+01 -3.6620e-01  6.1000e-02  0.0000e+00
 -6.8800e-02 -2.6170e-01  9.6680e-01]",112
753,3,"[[-0.26039996 -0.31248334  0.31751666]
 [ 0.19851792 -0.30697684  0.32302316]
 [ 0.1821662  -0.1073252   0.5226748 ]
 [-0.1821662   0.1073252  -0.5226748 ]
 [ 0.26039996  0.31248334 -0.31751666]
 [-0.19851792  0.30697684 -0.32302316]]","[2217. 2251.  920. 2166. 2117. 1054. 1918. 2248.  923. 1878. 2251.  920.
 1929. 2117. 1054. 2177. 2248.  923.]","[2202. 2240.  922. 2151. 2115. 1057. 1915. 2231.  929. 1899. 2237.  922.
 1943. 2115. 1056. 2178. 2230.  931.]","[-1.4848e+01  4.2570e+00  6.3177e+01 -1.8310e-01  6.1000e-02 -6.1000e-02
 -6.9800e-02 -2.6030e-01  9.5950e-01]",112
754,3,"[[-0.26319464 -0.31200553  0.31799447]
 [ 0.19494837 -0.30731397  0.32268603]
 [ 0.1890484  -0.10931841  0.52068159]
 [-0.1890484   0.10931841 -0.52068159]
 [ 0.26319464  0.31200553 -0.31799447]
 [-0.19494837  0.30731397 -0.32268603]]","[2219. 2251.  920. 2171. 2119. 1052. 1920. 2248.  923. 1876. 2251.  920.
 1924. 2119. 1052. 2175. 2248.  923.]","[2204. 2240.  922. 2157. 2116. 1055. 1916. 2231.  929. 1897. 2237.  922.
 1939. 2116. 1055. 2176. 2230.  931.]","[-1.4854e+01  4.2630e+00  6.3171e+01 -1.2210e-01  6.1000e-02 -6.1000e-02
 -7.7600e-02 -2.5630e-01  9.6290e-01]",112
755,3,"[[-0.26590093 -0.31151722  0.31848278]
 [ 0.19132663 -0.30764807  0.32235193]
 [ 0.19575602 -0.11143902  0.51856098]
 [-0.19575602  0.11143902 -0.51856098]
 [ 0.26590093  0.31151722 -0.31848278]
 [-0.19132663  0.30764807 -0.32235193]]","[2221. 2251.  920. 2175. 2120. 1051. 1923. 2248.  923. 1874. 2251.  920.
 1920. 2120. 1051. 2172. 2248.  923.]","[2206. 2240.  922. 2163. 2118. 1054. 1919. 2231.  928. 1894. 2237.  922.
 1933. 2118. 1054. 2172. 2230.  931.]","[-1.4854e+01  4.2630e+00  6.3171e+01 -6.1000e-02  0.0000e+00  0.0000e+00
 -7.9600e-02 -2.5680e-01  9.6530e-01]",112
756,3,"[[-0.26851792 -0.31101901  0.31898099]
 [ 0.18765342 -0.30797903  0.32202097]
 [ 0.20228487 -0.11368795  0.51631205]
 [-0.20228487  0.11368795 -0.51631205]
 [ 0.26851792  0.31101901 -0.31898099]
 [-0.18765342  0.30797903 -0.32202097]]","[2223. 2250.  921. 2179. 2122. 1049. 1925. 2248.  923. 1872. 2250.  921.
 1916. 2122. 1049. 2170. 2248.  923.]","[2207. 2240.  923. 2166. 2119. 1053. 1921. 2231.  928. 1893. 2237.  923.
 1930. 2119. 1052. 2171. 2230.  931.]","[-1.4859e+01  4.2630e+00  6.3171e+01 -1.8310e-01  0.0000e+00  6.1000e-02
 -7.1800e-02 -2.5490e-01  9.5850e-01]",112
757,3,"[[-0.27104474 -0.31051149  0.31948851]
 [ 0.18392946 -0.30830676  0.32169324]
 [ 0.20863097 -0.11606607  0.51393393]
 [-0.20863097  0.11606607 -0.51393393]
 [ 0.27104474  0.31051149 -0.31948851]
 [-0.18392946  0.30830676 -0.32169324]]","[2224. 2250.  921. 2184. 2123. 1048. 1928. 2248.  922. 1871. 2250.  921.
 1911. 2123. 1048. 2167. 2248.  922.]","[2210. 2240.  923. 2170. 2120. 1051. 1923. 2231.  928. 1891. 2237.  922.
 1925. 2120. 1051. 2169. 2230.  931.]","[-1.4865e+01  4.2680e+00  6.3171e+01 -3.0520e-01  0.0000e+00  0.0000e+00
 -6.2500e-02 -2.5730e-01  9.5800e-01]",112
758,3,"[[-0.27348053 -0.30999525  0.32000475]
 [ 0.18015552 -0.30863115  0.32136885]
 [ 0.21479052 -0.11857414  0.51142586]
 [-0.21479052  0.11857414 -0.51142586]
 [ 0.27348053  0.30999525 -0.32000475]
 [-0.18015552  0.30863115 -0.32136885]]","[2226. 2250.  921. 2188. 2125. 1046. 1930. 2249.  922. 1869. 2250.  921.
 1907. 2125. 1046. 2165. 2249.  922.]","[2212. 2240.  924. 2176. 2122. 1049. 1927. 2231.  928. 1887. 2237.  923.
 1919. 2122. 1049. 2166. 2230.  930.]","[-1.4875e+01  4.2680e+00  6.3171e+01 -3.0520e-01  6.1000e-02 -1.2210e-01
 -6.4900e-02 -2.5200e-01  9.6680e-01]",112
759,3,"[[-0.27582448 -0.30947088  0.32052912]
 [ 0.17633235 -0.30895213  0.32104787]
 [ 0.22075991 -0.12121284  0.50878716]
 [-0.22075991  0.12121284 -0.50878716]
 [ 0.27582448  0.30947088 -0.32052912]
 [-0.17633235  0.30895213 -0.32104787]]","[2227. 2249.  922. 2191. 2127. 1044. 1933. 2249.  922. 1868. 2249.  922.
 1904. 2127. 1044. 2162. 2249.  922.]","[2213. 2240.  924. 2179. 2123. 1048. 1928. 2231.  928. 1886. 2237.  923.
 1916. 2123. 1048. 2164. 2231.  930.]","[-1.4886e+01  4.2680e+00  6.3160e+01 -2.4410e-01  6.1000e-02 -2.4410e-01
 -7.1300e-02 -2.5590e-01  9.6480e-01]",112
760,3,"[[-0.27807579 -0.30893898  0.32106102]
 [ 0.17246076 -0.30926958  0.32073042]
 [ 0.2265357  -0.12398277  0.50601723]
 [-0.2265357   0.12398277 -0.50601723]
 [ 0.27807579  0.30893898 -0.32106102]
 [-0.17246076  0.30926958 -0.32073042]]","[2229. 2249.  922. 2195. 2128. 1043. 1935. 2249.  922. 1866. 2249.  922.
 1900. 2128. 1043. 2160. 2249.  922.]","[2214. 2240.  924. 2183. 2125. 1047. 1930. 2232.  928. 1884. 2237.  924.
 1912. 2125. 1046. 2162. 2231.  930.]","[-1.4892e+01  4.2680e+00  6.3155e+01 -3.0520e-01  6.1000e-02 -1.2210e-01
 -7.9100e-02 -2.5980e-01  9.5260e-01]",112
761,3,"[[-0.28023372 -0.30840012  0.32159988]
 [ 0.16854156 -0.30958343  0.32041657]
 [ 0.23211464 -0.12688445  0.50311555]
 [-0.23211464  0.12688445 -0.50311555]
 [ 0.28023372  0.30840012 -0.32159988]
 [-0.16854156  0.30958343 -0.32041657]]","[2230. 2249.  922. 2199. 2130. 1041. 1938. 2249.  922. 1865. 2249.  922.
 1896. 2130. 1041. 2157. 2249.  922.]","[2217. 2240.  924. 2187. 2127. 1045. 1933. 2231.  927. 1882. 2237.  924.
 1908. 2127. 1045. 2159. 2232.  930.]","[-14.903    4.268   63.149   -0.6104   0.       0.      -0.0811  -0.2617
   0.9614]",112
762,3,"[[-0.28229754 -0.30785489  0.32214511]
 [ 0.16457557 -0.30989358  0.32010642]
 [ 0.23749367 -0.12991829  0.50008171]
 [-0.23749367  0.12991829 -0.50008171]
 [ 0.28229754  0.30785489 -0.32214511]
 [-0.16457557  0.30989358 -0.32010642]]","[2232. 2248.  923. 2202. 2132. 1039. 1940. 2250.  921. 1863. 2248.  923.
 1893. 2132. 1039. 2155. 2250.  921.]","[2218. 2240.  925. 2191. 2129. 1043. 1935. 2232.  928. 1880. 2237.  924.
 1904. 2128. 1043. 2157. 2232.  930.]","[-1.4925e+01  4.2680e+00  6.3149e+01 -7.9350e-01 -6.1000e-02  2.4410e-01
 -7.0800e-02 -2.5780e-01  9.5750e-01]",112
763,3,"[[-0.28426656 -0.30730387  0.32269613]
 [ 0.16056365 -0.31019994  0.31980006]
 [ 0.2426699  -0.13308463  0.49691537]
 [-0.2426699   0.13308463 -0.49691537]
 [ 0.28426656  0.30730387 -0.32269613]
 [-0.16056365  0.31019994 -0.31980006]]","[2233. 2248.  923. 2206. 2134. 1037. 1943. 2250.  921. 1862. 2248.  923.
 1889. 2134. 1037. 2152. 2250.  921.]","[2220. 2240.  925. 2194. 2130. 1041. 1937. 2232.  927. 1878. 2237.  925.
 1901. 2130. 1041. 2155. 2233.  930.]","[-1.4958e+01  4.2680e+00  6.3160e+01 -6.7140e-01  0.0000e+00  1.2210e-01
 -6.0100e-02 -2.6070e-01  9.6880e-01]",112
764,3,"[[-0.28614011 -0.30674764  0.32325236]
 [ 0.15650668 -0.31050244  0.31949756]
 [ 0.24764063 -0.13638371  0.49361629]
 [-0.24764063  0.13638371 -0.49361629]
 [ 0.28614011  0.30674764 -0.32325236]
 [-0.15650668  0.31050244 -0.31949756]]","[2234. 2247.  924. 2209. 2136. 1035. 1945. 2250.  921. 1861. 2247.  924.
 1886. 2136. 1035. 2150. 2250.  921.]","[2221. 2240.  925. 2199. 2132. 1040. 1940. 2232.  927. 1877. 2238.  925.
 1896. 2132. 1040. 2152. 2232.  930.]","[-14.98     4.268   63.16    -0.4272   0.      -0.1831  -0.0742  -0.2651
   0.9658]",112
765,3,"[[-0.28791756 -0.30618676  0.32381324]
 [ 0.15240553 -0.31080097  0.31919903]
 [ 0.25240333 -0.13981569  0.49018431]
 [-0.25240333  0.13981569 -0.49018431]
 [ 0.28791756  0.30618676 -0.32381324]
 [-0.15240553  0.31080097 -0.31919903]]","[2235. 2247.  924. 2212. 2139. 1032. 1948. 2250.  921. 1860. 2247.  924.
 1883. 2139. 1032. 2147. 2250.  921.]","[2223. 2239.  926. 2202. 2134. 1038. 1942. 2232.  926. 1876. 2237.  926.
 1893. 2134. 1037. 2150. 2233.  929.]","[-1.4996e+01  4.2680e+00  6.3155e+01 -4.2720e-01  6.1000e-02 -1.8310e-01
 -8.5000e-02 -2.6460e-01  9.5120e-01]",112
766,3,"[[-0.28959832 -0.30562181  0.32437819]
 [ 0.14826111 -0.31109547  0.31890453]
 [ 0.25695565 -0.14338063  0.48661937]
 [-0.25695565  0.14338063 -0.48661937]
 [ 0.28959832  0.30562181 -0.32437819]
 [-0.14826111  0.31109547 -0.31890453]]","[2236. 2247.  924. 2215. 2141. 1030. 1951. 2250.  921. 1859. 2247.  924.
 1880. 2141. 1030. 2144. 2250.  921.]","[2225. 2240.  926. 2205. 2136. 1036. 1945. 2232.  927. 1874. 2237.  926.
 1890. 2136. 1035. 2147. 2233.  929.]","[-1.5013e+01  4.2680e+00  6.3149e+01 -6.1040e-01  6.1000e-02  0.0000e+00
 -7.6200e-02 -2.6660e-01  9.6440e-01]",112
767,3,"[[-0.29118183 -0.30505334  0.32494666]
 [ 0.14407435 -0.31138585  0.31861415]
 [ 0.2612954  -0.1470785   0.4829215 ]
 [-0.2612954   0.1470785  -0.4829215 ]
 [ 0.29118183  0.30505334 -0.32494666]
 [-0.14407435  0.31138585 -0.31861415]]","[2237. 2246.  925. 2218. 2143. 1028. 1954. 2250.  920. 1858. 2246.  925.
 1877. 2143. 1028. 2141. 2250.  920.]","[2226. 2240.  926. 2209. 2139. 1033. 1947. 2232.  926. 1873. 2237.  926.
 1886. 2138. 1033. 2144. 2233.  929.]","[-15.035    4.274   63.149   -0.4883   0.       0.      -0.0669  -0.2568
   0.9663]",112
768,3,"[[-0.29266755 -0.3044819   0.3255181 ]
 [ 0.1398462  -0.31167203  0.31832797]
 [ 0.26542061 -0.15090918  0.47909082]
 [-0.26542061  0.15090918 -0.47909082]
 [ 0.29266755  0.3044819  -0.3255181 ]
 [-0.1398462   0.31167203 -0.31832797]]","[2238. 2246.  925. 2221. 2146. 1025. 1956. 2251.  920. 1857. 2246.  925.
 1874. 2146. 1025. 2139. 2251.  920.]","[2228. 2239.  927. 2212. 2141. 1031. 1950. 2232.  926. 1872. 2237.  926.
 1883. 2141. 1031. 2141. 2232.  929.]","[-15.051    4.274   63.144   -0.3052   0.      -0.1221  -0.0698  -0.2686
   0.9575]",112
769,3,"[[-0.29405498 -0.30390806  0.32609194]
 [ 0.13557761 -0.31195392  0.31804608]
 [ 0.26932943 -0.15487245  0.47512755]
 [-0.26932943  0.15487245 -0.47512755]
 [ 0.29405498  0.30390806 -0.32609194]
 [-0.13557761  0.31195392 -0.31804608]]","[2239. 2246.  925. 2223. 2148. 1023. 1959. 2251.  920. 1856. 2246.  925.
 1872. 2148. 1023. 2136. 2251.  920.]","[2229. 2239.  927. 2215. 2143. 1029. 1952. 2232.  926. 1870. 2237.  927.
 1880. 2143. 1029. 2140. 2233.  927.]","[-1.5062e+01  4.2740e+00  6.3133e+01 -4.2720e-01  6.1000e-02 -2.4410e-01
 -7.3200e-02 -2.6420e-01  9.6090e-01]",112
770,3,"[[-0.29534366 -0.30333234  0.32666766]
 [ 0.13126956 -0.31223147  0.31776853]
 [ 0.27302021 -0.15896799  0.47103201]
 [-0.27302021  0.15896799 -0.47103201]
 [ 0.29534366  0.30333234 -0.32666766]
 [-0.13126956  0.31223147 -0.31776853]]","[2240. 2245.  926. 2225. 2151. 1020. 1962. 2251.  920. 1855. 2245.  926.
 1870. 2151. 1020. 2133. 2251.  920.]","[2231. 2239.  928. 2218. 2146. 1027. 1955. 2232.  926. 1869. 2237.  927.
 1877. 2146. 1027. 2137. 2234.  927.]","[-1.5079e+01  4.2740e+00  6.3127e+01 -3.0520e-01  0.0000e+00 -6.1000e-02
 -7.9600e-02 -2.6760e-01  9.6630e-01]",112
771,3,"[[-0.29653315 -0.30275529  0.32724471]
 [ 0.12692306 -0.31250458  0.31749542]
 [ 0.27649146 -0.1631954   0.4668046 ]
 [-0.27649146  0.1631954  -0.4668046 ]
 [ 0.29653315  0.30275529 -0.32724471]
 [-0.12692306  0.31250458 -0.31749542]]","[2241. 2245.  926. 2228. 2154. 1017. 1965. 2251.  920. 1854. 2245.  926.
 1867. 2154. 1017. 2130. 2251.  920.]","[2232. 2240.  928. 2220. 2149. 1024. 1958. 2232.  926. 1868. 2237.  927.
 1875. 2148. 1024. 2134. 2234.  927.]","[-1.5090e+01  4.2740e+00  6.3127e+01 -2.4410e-01  0.0000e+00  6.1000e-02
 -7.6200e-02 -2.6560e-01  9.5650e-01]",112
772,3,"[[-0.29762306 -0.30217743  0.32782257]
 [ 0.12253911 -0.31277319  0.31722681]
 [ 0.27974188 -0.16755418  0.46244582]
 [-0.27974188  0.16755418 -0.46244582]
 [ 0.29762306  0.30217743 -0.32782257]
 [-0.12253911  0.31277319 -0.31722681]]","[2242. 2244.  926. 2230. 2157. 1014. 1968. 2251.  920. 1853. 2244.  926.
 1865. 2157. 1014. 2127. 2251.  920.]","[2233. 2238.  928. 2223. 2151. 1021. 1960. 2233.  926. 1866. 2237.  928.
 1872. 2151. 1021. 2131. 2233.  927.]","[-15.101    4.274   63.133   -0.4883   0.       0.1831  -0.0742  -0.2642
   0.9521]",112
773,3,"[[-0.29861301 -0.3015993   0.3284007 ]
 [ 0.11811874 -0.31303723  0.31696277]
 [ 0.28277029 -0.17204373  0.45795627]
 [-0.28277029  0.17204373 -0.45795627]
 [ 0.29861301  0.3015993  -0.3284007 ]
 [-0.11811874  0.31303723 -0.31696277]]","[2242. 2244.  927. 2232. 2160. 1011. 1970. 2252.  919. 1853. 2244.  927.
 1863. 2160. 1011. 2125. 2252.  919.]","[2235. 2238.  928. 2225. 2154. 1019. 1963. 2233.  925. 1865. 2237.  928.
 1870. 2153. 1019. 2129. 2234.  926.]","[-15.123    4.279   63.144   -0.6714   0.       0.2441  -0.0742  -0.2578
   0.9619]",112
774,3,"[[-0.29950269 -0.30102139  0.32897861]
 [ 0.11366301 -0.31329662  0.31670338]
 [ 0.28557574 -0.17666337  0.45333663]
 [-0.28557574  0.17666337 -0.45333663]
 [ 0.29950269  0.30102139 -0.32897861]
 [-0.11366301  0.31329662 -0.31670338]]","[2243. 2244.  927. 2234. 2163. 1008. 1973. 2252.  919. 1852. 2244.  927.
 1861. 2163. 1008. 2122. 2252.  919.]","[2235. 2238.  929. 2227. 2157. 1016. 1966. 2234.  925. 1864. 2237.  928.
 1868. 2156. 1016. 2126. 2234.  926.]","[-15.15     4.285   63.149   -0.6104   0.       0.1221  -0.0708  -0.2607
   0.9604]",112
775,3,"[[-0.30029178 -0.30044423  0.32955577]
 [ 0.10917298 -0.3135513   0.3164487 ]
 [ 0.28815737 -0.18141229  0.44858771]
 [-0.28815737  0.18141229 -0.44858771]
 [ 0.30029178  0.30044423 -0.32955577]
 [-0.10917298  0.3135513  -0.3164487 ]]","[2243. 2243.  928. 2235. 2166. 1005. 1976. 2252.  919. 1852. 2243.  928.
 1860. 2166. 1005. 2119. 2252.  919.]","[2237. 2237.  929. 2229. 2159. 1012. 1969. 2235.  925. 1862. 2237.  929.
 1865. 2159. 1013. 2123. 2234.  926.]","[-1.5172e+01  4.2850e+00  6.3155e+01 -7.9350e-01  6.1000e-02  0.0000e+00
 -7.6700e-02 -2.5590e-01  9.6040e-01]",112
776,3,"[[-0.30098002 -0.2998683   0.3301317 ]
 [ 0.10464973 -0.3138012   0.3161988 ]
 [ 0.29051455 -0.18628963  0.44371037]
 [-0.29051455  0.18628963 -0.44371037]
 [ 0.30098002  0.2998683  -0.3301317 ]
 [-0.10464973  0.3138012  -0.3161988 ]]","[2244. 2243.  928. 2237. 2169. 1002. 1979. 2252.  919. 1851. 2243.  928.
 1858. 2169. 1002. 2116. 2252.  919.]","[2238. 2237.  929. 2232. 2163. 1009. 1972. 2235.  925. 1861. 2237.  929.
 1863. 2163. 1009. 2120. 2235.  926.]","[-15.205    4.29    63.149   -0.9155   0.1221   0.      -0.0767  -0.2593
   0.958 ]",112
777,3,"[[-0.3015672  -0.29929411  0.33070589]
 [ 0.10009435 -0.31404626  0.31595374]
 [ 0.29264676 -0.1912944   0.4387056 ]
 [-0.29264676  0.1912944  -0.4387056 ]
 [ 0.3015672   0.29929411 -0.33070589]
 [-0.10009435  0.31404626 -0.31595374]]","[2244. 2243.  928. 2238. 2172.  999. 1982. 2252.  919. 1851. 2243.  928.
 1857. 2172.  999. 2113. 2252.  919.]","[2239. 2237.  929. 2233. 2165. 1006. 1973. 2236.  925. 1860. 2237.  930.
 1861. 2165. 1007. 2118. 2235.  926.]","[-15.244    4.296   63.155   -1.1597   0.1221   0.1221  -0.0728  -0.2598
   0.9556]",112
778,3,"[[-0.30205315 -0.29872213  0.33127787]
 [ 0.09550795 -0.31428641  0.31571359]
 [ 0.29455366 -0.19642553  0.43357447]
 [-0.29455366  0.19642553 -0.43357447]
 [ 0.30205315  0.29872213 -0.33127787]
 [-0.09550795  0.31428641 -0.31571359]]","[2244. 2242.  929. 2240. 2176.  995. 1985. 2252.  919. 1851. 2242.  929.
 1855. 2176.  995. 2110. 2252.  919.]","[2240. 2237.  930. 2235. 2168. 1004. 1975. 2236.  924. 1859. 2237.  929.
 1860. 2168. 1004. 2115. 2236.  926.]","[-15.348    4.318   63.171   -1.709    0.1831   0.3052  -0.0669  -0.2632
   0.9575]",112
779,4,"[[-0.30243789 -0.29815283  0.33184717]
 [ 0.09089166 -0.31452159  0.31547841]
 [ 0.29623508 -0.20168185  0.42831815]
 [-0.29623508  0.20168185 -0.42831815]
 [ 0.30243789  0.29815283 -0.33184717]
 [-0.09089166  0.31452159 -0.31547841]]","[2245. 2242.  929. 2241. 2179.  992. 1988. 2253.  918. 1850. 2242.  929.
 1854. 2179.  992. 2107. 2253.  918.]","[2241. 2237.  930. 2236. 2171. 1001. 1978. 2236.  924. 1859. 2237.  930.
 1858. 2171. 1000. 2112. 2236.  925.]","[-15.408    4.329   63.177   -1.4648   0.1221   0.1831  -0.0698  -0.2705
   0.9731]",112
780,4,"[[-0.30272199 -0.29758669  0.33241331]
 [ 0.08624652 -0.31475175  0.31524825]
 [ 0.29769103 -0.2070621   0.4229379 ]
 [-0.29769103  0.2070621  -0.4229379 ]
 [ 0.30272199  0.29758669 -0.33241331]
 [-0.08624652  0.31475175 -0.31524825]]","[2245. 2241.  929. 2242. 2182.  988. 1991. 2253.  918. 1850. 2241.  929.
 1853. 2182.  988. 2104. 2253.  918.]","[2241. 2236.  931. 2238. 2175.  997. 1981. 2236.  923. 1858. 2237.  930.
 1857. 2174.  997. 2109. 2237.  925.]","[-1.5458e+01  4.3290e+00  6.3182e+01 -1.2207e+00  6.1000e-02  6.1000e-02
 -7.9600e-02 -2.7830e-01  9.6240e-01]",112
781,4,"[[-0.30290713 -0.29702415  0.33297585]
 [ 0.08157312 -0.31497681  0.31502319]
 [ 0.29892205 -0.21256493  0.41743507]
 [-0.29892205  0.21256493 -0.41743507]
 [ 0.30290713  0.29702415 -0.33297585]
 [-0.08157312  0.31497681 -0.31502319]]","[2245. 2241.  930. 2242. 2186.  985. 1994. 2253.  918. 1850. 2241.  930.
 1853. 2186.  985. 2101. 2253.  918.]","[2242. 2235.  931. 2239. 2178.  994. 1985. 2237.  923. 1857. 2237.  930.
 1855. 2178.  994. 2106. 2238.  925.]","[-1.5502e+01  4.3340e+00  6.3182e+01 -1.0986e+00  0.0000e+00  6.1000e-02
 -7.4200e-02 -2.7730e-01  9.5170e-01]",112
782,4,"[[-0.30298511 -0.29646557  0.33353443]
 [ 0.07686919 -0.31519674  0.31480326]
 [ 0.29993072 -0.21818887  0.41181113]
 [-0.29993072  0.21818887 -0.41181113]
 [ 0.30298511  0.29646557 -0.33353443]
 [-0.07686919  0.31519674 -0.31480326]]","[2245. 2241.  930. 2243. 2190.  981. 1997. 2253.  918. 1850. 2241.  930.
 1852. 2190.  981. 2098. 2253.  918.]","[2243. 2235.  931. 2240. 2181.  991. 1987. 2238.  923. 1857. 2236.  931.
 1855. 2181.  992. 2104. 2238.  925.]","[-1.5546e+01  4.3340e+00  6.3188e+01 -1.2207e+00  6.1000e-02  6.1000e-02
 -7.0800e-02 -2.8170e-01  9.5410e-01]",112
783,4,"[[-0.3028494  -0.29591094  0.33408906]
 [ 0.07212216 -0.31541147  0.31458853]
 [ 0.3007253  -0.2239324   0.4060676 ]
 [-0.3007253   0.2239324  -0.4060676 ]
 [ 0.3028494   0.29591094 -0.33408906]
 [-0.07212216  0.31541147 -0.31458853]]","[2245. 2240.  931. 2244. 2193.  977. 2000. 2253.  918. 1850. 2240.  931.
 1851. 2193.  977. 2095. 2253.  918.]","[2243. 2235.  931. 2241. 2185.  987. 1990. 2238.  922. 1856. 2235.  931.
 1854. 2184.  991. 2101. 2238.  925.]","[-1.5606e+01  4.3400e+00  6.3188e+01 -1.6479e+00  1.8310e-01  6.1000e-02
 -7.8600e-02 -2.7340e-01  9.3460e-01]",112
784,4,"[[-0.30236954 -0.29535955  0.33464045]
 [ 0.0673176  -0.31562095  0.31437905]
 [ 0.30130848 -0.22979396  0.40020604]
 [-0.30130848  0.22979396 -0.40020604]
 [ 0.30236954  0.29535955 -0.33464045]
 [-0.0673176   0.31562095 -0.31437905]]","[2245. 2240.  931. 2244. 2197.  974. 2004. 2253.  918. 1850. 2240.  931.
 1851. 2197.  974. 2091. 2253.  918.]","[2243. 2235.  932. 2242. 2188.  984. 1993. 2239.  922. 1856. 2235.  931.
 1854. 2186.  987. 2098. 2238.  925.]","[-15.683    4.356   63.193   -1.9531   0.3052   0.2441  -0.0767  -0.2769
   0.9629]",112
785,4,"[[-0.30153777 -0.29481148  0.33518852]
 [ 0.06245285 -0.31582515  0.31417485]
 [ 0.30167193 -0.23577195  0.39422805]
 [-0.30167193  0.23577195 -0.39422805]
 [ 0.30153777  0.29481148 -0.33518852]
 [-0.06245285  0.31582515 -0.31417485]]","[2244. 2240.  931. 2244. 2201.  970. 2007. 2253.  918. 1851. 2240.  931.
 1851. 2201.  970. 2088. 2253.  918.]","[2244. 2235.  932. 2242. 2193.  979. 1997. 2241.  922. 1855. 2234.  931.
 1853. 2188.  982. 2094. 2238.  925.]","[-15.76     4.373   63.193   -1.9531   0.3662   0.1221  -0.0869  -0.2769
   0.9663]",112
786,4,"[[-0.30035664 -0.29426723  0.33573277]
 [ 0.05752845 -0.31602403  0.31397597]
 [ 0.30181574 -0.24186411  0.38813589]
 [-0.30181574  0.24186411 -0.38813589]
 [ 0.30035664  0.29426723 -0.33573277]
 [-0.05752845  0.31602403 -0.31397597]]","[2243. 2239.  932. 2244. 2205.  966. 2010. 2254.  917. 1852. 2239.  932.
 1851. 2205.  966. 2085. 2254.  917.]","[2244. 2235.  932. 2243. 2195.  979. 2000. 2242.  922. 1856. 2233.  931.
 1853. 2191.  980. 2091. 2237.  924.]","[-15.831    4.395   63.199   -1.77     0.4272   0.1221  -0.085   -0.2734
   0.9521]",112
787,4,"[[-0.29882762 -0.29372732  0.33627268]
 [ 0.05254543 -0.31621755  0.31378245]
 [ 0.30181827 -0.24806168  0.38193832]
 [-0.30181827  0.24806168 -0.38193832]
 [ 0.29882762  0.29372732 -0.33627268]
 [-0.05254543  0.31621755 -0.31378245]]","[2242. 2239.  932. 2244. 2209.  962. 2013. 2254.  917. 1853. 2239.  932.
 1851. 2209.  962. 2082. 2254.  917.]","[2246. 2234.  933. 2243. 2195.  976. 2003. 2242.  922. 1855. 2233.  931.
 1852. 2194.  977. 2089. 2239.  925.]","[-15.897    4.411   63.199   -1.8311   0.3052   0.1831  -0.0835  -0.2793
   0.9658]",112
788,4,"[[-0.29695251 -0.29319223  0.33680777]
 [ 0.04750497 -0.31640566  0.31359434]
 [ 0.30177074 -0.25434422  0.37565578]
 [-0.30177074  0.25434422 -0.37565578]
 [ 0.29695251  0.29319223 -0.33680777]
 [-0.04750497  0.31640566 -0.31359434]]","[2241. 2239.  932. 2244. 2213.  958. 2017. 2254.  917. 1854. 2239.  932.
 1851. 2213.  958. 2078. 2254.  917.]","[2246. 2234.  933. 2243. 2200.  971. 2007. 2244.  922. 1855. 2233.  931.
 1853. 2197.  973. 2085. 2239.  924.]","[-1.5958e+01  4.4220e+00  6.3204e+01 -1.5259e+00  1.2210e-01  6.1000e-02
 -6.0500e-02 -2.8610e-01  9.7270e-01]",112
789,4,"[[-0.29473346 -0.29266243  0.33733757]
 [ 0.04240839 -0.31658832  0.31341168]
 [ 0.30168813 -0.26069939  0.36930061]
 [-0.30168813  0.26069939 -0.36930061]
 [ 0.29473346  0.29266243 -0.33733757]
 [-0.04240839  0.31658832 -0.31341168]]","[2240. 2238.  933. 2244. 2217.  954. 2020. 2254.  917. 1855. 2238.  933.
 1851. 2217.  954. 2075. 2254.  917.]","[2246. 2234.  933. 2243. 2201.  969. 2010. 2244.  922. 1856. 2233.  932.
 1853. 2200.  971. 2082. 2239.  925.]","[-16.018    4.422   63.188   -1.5259   0.1221  -0.4272  -0.0664  -0.2866
   0.9551]",112
790,4,"[[-0.29217306 -0.29213842  0.33786158]
 [ 0.03725712 -0.31676551  0.31323449]
 [ 0.30156583 -0.26712219  0.36287781]
 [-0.30156583  0.26712219 -0.36287781]
 [ 0.29217306  0.29213842 -0.33786158]
 [-0.03725712  0.31676551 -0.31323449]]","[2238. 2238.  933. 2244. 2222.  949. 2023. 2254.  917. 1857. 2238.  933.
 1851. 2222.  949. 2072. 2254.  917.]","[2245. 2233.  934. 2243. 2204.  966. 2013. 2244.  922. 1856. 2233.  932.
 1852. 2203.  968. 2079. 2239.  924.]","[-1.6089e+01  4.4330e+00  6.3160e+01 -1.7700e+00  4.8830e-01 -6.1040e-01
 -5.6600e-02 -2.7980e-01  9.0090e-01]",112
791,4,"[[-0.28927426 -0.29162067  0.33837933]
 [ 0.03205268 -0.31693717  0.31306283]
 [ 0.30139909 -0.27360918  0.35639082]
 [-0.30139909  0.27360918 -0.35639082]
 [ 0.28927426  0.29162067 -0.33837933]
 [-0.03205268  0.31693717 -0.31306283]]","[2236. 2238.  933. 2244. 2226.  945. 2027. 2254.  917. 1859. 2238.  933.
 1851. 2226.  945. 2068. 2254.  917.]","[2244. 2233.  935. 2243. 2207.  963. 2016. 2245.  921. 1856. 2233.  932.
 1853. 2205.  965. 2077. 2240.  925.]","[-16.139    4.417   63.133   -1.0986  -0.2441  -0.8545  -0.0801  -0.3047
   1.0996]",112
792,4,"[[-0.28604042 -0.29110965  0.33889035]
 [ 0.02679668 -0.31710327  0.31289673]
 [ 0.30118467 -0.28015736  0.34984264]
 [-0.30118467  0.28015736 -0.34984264]
 [ 0.28604042  0.29110965 -0.33889035]
 [-0.02679668  0.31710327 -0.31289673]]","[2234. 2237.  934. 2244. 2230.  941. 2030. 2254.  917. 1861. 2237.  934.
 1851. 2230.  941. 2065. 2254.  917.]","[2242. 2233.  935. 2243. 2210.  961. 2019. 2245.  922. 1857. 2233.  932.
 1853. 2208.  963. 2073. 2239.  924.]","[-16.133    4.395   63.105    0.6714  -0.2441  -0.6104  -0.0693  -0.2993
   0.8809]",112
793,4,"[[-0.2824753  -0.29060585  0.33939415]
 [ 0.02149082 -0.31726378  0.31273622]
 [ 0.30092024 -0.2867638   0.3432362 ]
 [-0.30092024  0.2867638  -0.3432362 ]
 [ 0.2824753   0.29060585 -0.33939415]
 [-0.02149082  0.31726378 -0.31273622]]","[2232. 2237.  934. 2244. 2234.  937. 2033. 2254.  917. 1863. 2237.  934.
 1851. 2234.  937. 2062. 2254.  917.]","[2242. 2233.  936. 2243. 2212.  959. 2023. 2246.  922. 1858. 2233.  933.
 1853. 2209.  961. 2070. 2239.  925.]","[-16.139    4.373   63.083   -0.3052  -0.3662  -0.7324  -0.084   -0.3101
   0.9595]",112
794,4,"[[-0.27858301 -0.28079453  0.34920547]
 [ 0.01613689 -0.31741865  0.31258135]
 [ 0.30060396 -0.29074129  0.33925871]
 [-0.30060396  0.29074129 -0.33925871]
 [ 0.27858301  0.28079453 -0.34920547]
 [-0.01613689  0.31741865 -0.31258135]]","[2229. 2231.  940. 2243. 2237.  934. 2037. 2254.  917. 1866. 2231.  940.
 1852. 2237.  934. 2058. 2254.  917.]","[2240. 2232.  936. 2243. 2214.  957. 2027. 2246.  922. 1860. 2233.  933.
 1853. 2211.  959. 2069. 2239.  925.]","[-1.6150e+01  4.3670e+00  6.3062e+01 -6.1000e-02  1.2210e-01 -4.8830e-01
 -8.5400e-02 -3.1640e-01  9.6040e-01]",112
795,4,"[[-0.27436807 -0.27103487  0.35896513]
 [ 0.01073678 -0.31756784  0.31243216]
 [ 0.30023416 -0.29107701  0.33892299]
 [-0.30023416  0.29107701 -0.33892299]
 [ 0.27436807  0.27103487 -0.35896513]
 [-0.01073678  0.31756784 -0.31243216]]","[2226. 2224.  947. 2243. 2237.  934. 2041. 2255.  916. 1869. 2224.  947.
 1852. 2237.  934. 2054. 2255.  916.]","[2239. 2230.  937. 2243. 2215.  956. 2029. 2246.  922. 1861. 2232.  934.
 1853. 2212.  957. 2069. 2239.  925.]","[-1.6161e+01  4.3620e+00  6.3040e+01  6.1000e-02 -1.2210e-01 -5.4930e-01
 -8.0100e-02 -3.0420e-01  9.2870e-01]",112
796,4,"[[-0.26983536 -0.26144723  0.36855277]
 [ 0.00529244 -0.31771133  0.31228867]
 [ 0.29980923 -0.29141524  0.33858476]
 [-0.29980923  0.29141524 -0.33858476]
 [ 0.26983536  0.26144723 -0.36855277]
 [-0.00529244  0.31771133 -0.31228867]]","[2223. 2218.  953. 2243. 2237.  933. 2044. 2255.  916. 1872. 2218.  953.
 1852. 2237.  933. 2051. 2255.  916.]","[2237. 2226.  941. 2245. 2216.  954. 2032. 2247.  922. 1864. 2230.  935.
 1853. 2213.  956. 2065. 2239.  925.]","[-16.161    4.351   63.018    0.3052  -0.1221  -0.6714  -0.0669  -0.3018
   0.9722]",112
797,4,"[[-2.64990124e-01 -2.52040676e-01  3.77959324e-01]
 [-1.94060126e-04 -3.17849069e-01  3.12150931e-01]
 [ 2.99327596e-01 -2.91755829e-01  3.38244171e-01]
 [-2.99327596e-01  2.91755829e-01 -3.38244171e-01]
 [ 2.64990124e-01  2.52040676e-01 -3.77959324e-01]
 [ 1.94060126e-04  3.17849069e-01 -3.12150931e-01]]","[2220. 2212.  959. 2243. 2238.  933. 2048. 2255.  916. 1875. 2212.  959.
 1852. 2238.  933. 2047. 2255.  916.]","[2235. 2222.  941. 2246. 2216.  953. 2035. 2247.  922. 1865. 2226.  938.
 1853. 2213.  955. 2062. 2239.  925.]","[-1.6155e+01  4.3340e+00  6.2979e+01  4.2720e-01 -6.1000e-02 -1.0376e+00
 -4.6400e-02 -2.7050e-01  9.1310e-01]",112
798,4,"[[-0.25983798 -0.24282415  0.38717585]
 [-0.00572059 -0.31798102  0.31201898]
 [ 0.29878767 -0.29209865  0.33790135]
 [-0.29878767  0.29209865 -0.33790135]
 [ 0.25983798  0.24282415 -0.38717585]
 [ 0.00572059  0.31798102 -0.31201898]]","[2217. 2206.  965. 2242. 2238.  933. 2051. 2255.  916. 1878. 2206.  965.
 1853. 2238.  933. 2044. 2255.  916.]","[2233. 2217.  944. 2246. 2216.  951. 2038. 2247.  922. 1867. 2223.  944.
 1854. 2213.  954. 2058. 2239.  924.]","[-1.6172e+01  4.3120e+00  6.2919e+01 -1.8310e-01 -6.1000e-02 -1.7700e+00
 -5.1300e-02 -2.4850e-01  9.2480e-01]",112
799,4,"[[-0.25438489 -0.23380646  0.39619354]
 [-0.01128491 -0.31810716  0.31189284]
 [ 0.29818785 -0.29244357  0.33755643]
 [-0.29818785  0.29244357 -0.33755643]
 [ 0.25438489  0.23380646 -0.39619354]
 [ 0.01128491  0.31810716 -0.31189284]]","[2213. 2200.  971. 2242. 2238.  933. 2055. 2255.  916. 1882. 2200.  971.
 1853. 2238.  933. 2040. 2255.  916.]","[2229. 2211.  952. 2245. 2216.  950. 2043. 2247.  921. 1872. 2217.  952.
 1854. 2213.  953. 2053. 2239.  925.]","[-16.199    4.285   62.858   -0.5493  -0.1831  -1.709   -0.1196  -0.2622
   1.0112]",112
800,4,"[[-0.24863717 -0.2249963   0.4050037 ]
 [-0.01688473 -0.31822744  0.31177256]
 [ 0.29752653 -0.29279046  0.33720954]
 [-0.29752653  0.29279046 -0.33720954]
 [ 0.24863717  0.2249963  -0.4050037 ]
 [ 0.01688473  0.31822744 -0.31177256]]","[2210. 2194.  977. 2241. 2238.  933. 2059. 2255.  916. 1885. 2194.  977.
 1854. 2238.  933. 2036. 2255.  916.]","[2227. 2207.  956. 2245. 2216.  950. 2044. 2247.  922. 1874. 2213.  956.
 1854. 2213.  953. 2051. 2239.  924.]","[-16.21     4.279   62.831   -0.3052   0.      -0.6714  -0.0786  -0.2417
   0.9233]",112
801,4,"[[-0.24260149 -0.21640221  0.41359779]
 [-0.02251763 -0.31834183  0.31165817]
 [ 0.2968021  -0.29313921  0.33686079]
 [-0.2968021   0.29313921 -0.33686079]
 [ 0.24260149  0.21640221 -0.41359779]
 [ 0.02251763  0.31834183 -0.31165817]]","[2206. 2189.  982. 2241. 2239.  932. 2062. 2255.  916. 1889. 2189.  982.
 1854. 2239.  932. 2033. 2255.  916.]","[2221. 2202.  962. 2244. 2216.  949. 2048. 2246.  922. 1877. 2208.  962.
 1856. 2213.  953. 2047. 2239.  924.]","[-16.254    4.235   62.809   -1.2207  -0.9766  -0.8545  -0.0786  -0.2422
   0.9316]",112
802,4,"[[-0.23628482 -0.20803255  0.42196745]
 [-0.02818114 -0.31845029  0.31154971]
 [ 0.29601292 -0.29348967  0.33651033]
 [-0.29601292  0.29348967 -0.33651033]
 [ 0.23628482  0.20803255 -0.42196745]
 [ 0.02818114  0.31845029 -0.31154971]]","[2202. 2183.  988. 2240. 2239.  932. 2066. 2255.  916. 1893. 2183.  988.
 1855. 2239.  932. 2029. 2255.  916.]","[2216. 2198.  969. 2243. 2216.  948. 2052. 2246.  922. 1882. 2203.  969.
 1856. 2213.  953. 2043. 2239.  924.]","[-16.298    4.186   62.792   -1.4038  -1.2207  -0.7935  -0.1069  -0.2671
   0.9634]",112
803,4,"[[-0.22969449 -0.19989555  0.43010445]
 [-0.0338727  -0.31855279  0.31144721]
 [ 0.29515737 -0.29384174  0.33615826]
 [-0.29515737  0.29384174 -0.33615826]
 [ 0.22969449  0.19989555 -0.43010445]
 [ 0.0338727   0.31855279 -0.31144721]]","[2197. 2178.  993. 2240. 2239.  932. 2070. 2255.  916. 1898. 2178.  993.
 1855. 2239.  932. 2025. 2255.  916.]","[2212. 2197.  975. 2242. 2215.  948. 2055. 2246.  922. 1886. 2197.  975.
 1857. 2214.  951. 2040. 2239.  924.]","[-16.359    4.142   62.792   -1.6479  -1.1597  -0.3052  -0.0864  -0.2974
   0.9404]",112
804,4,"[[-0.22283813 -0.19199924  0.43800076]
 [-0.03958967 -0.3186493   0.3113507 ]
 [ 0.29423381 -0.29419528  0.33580472]
 [-0.29423381  0.29419528 -0.33580472]
 [ 0.22283813  0.19199924 -0.43800076]
 [ 0.03958967  0.3186493  -0.3113507 ]]","[2193. 2173.  998. 2239. 2239.  932. 2073. 2255.  916. 1902. 2173.  998.
 1856. 2239.  932. 2022. 2255.  916.]","[2207. 2192.  981. 2239. 2216.  948. 2059. 2245.  922. 1891. 2192.  981.
 1857. 2214.  950. 2035. 2239.  924.]","[-16.403    4.114   62.825   -1.3428  -1.2207   0.4272  -0.1187  -0.2817
   0.9907]",112
805,4,"[[-0.21572368 -0.18435147  0.44564853]
 [-0.04532933 -0.31873977  0.31126023]
 [ 0.29324062 -0.29455019  0.33544981]
 [-0.29324062  0.29455019 -0.33544981]
 [ 0.21572368  0.18435147 -0.44564853]
 [ 0.04532933  0.31873977 -0.31126023]]","[2188. 2168. 1003. 2239. 2240.  931. 2077. 2255.  916. 1907. 2168. 1003.
 1856. 2240.  931. 2018. 2255.  916.]","[2202. 2187.  986. 2238. 2216.  948. 2062. 2245.  922. 1893. 2187.  986.
 1857. 2215.  949. 2031. 2240.  925.]","[-1.6447e+01  4.0920e+00  6.2880e+01 -1.4038e+00 -1.1597e+00  1.1597e+00
 -4.6400e-02 -2.7640e-01  9.6530e-01]",112
806,4,"[[-0.20835937 -0.17695991  0.45304009]
 [-0.05108888 -0.31882419  0.31117581]
 [ 0.29217615 -0.29490634  0.33509366]
 [-0.29217615  0.29490634 -0.33509366]
 [ 0.20835937  0.17695991 -0.45304009]
 [ 0.05108888  0.31882419 -0.31117581]]","[2183. 2163. 1008. 2238. 2240.  931. 2081. 2255.  916. 1912. 2163. 1008.
 1857. 2240.  931. 2014. 2255.  916.]","[2198. 2181.  991. 2237. 2216.  948. 2066. 2245.  922. 1897. 2181.  992.
 1858. 2216.  948. 2027. 2239.  924.]","[-1.6485e+01  4.0540e+00  6.2913e+01 -1.1597e+00 -1.2207e+00  3.6620e-01
 -6.2000e-02 -3.0270e-01  9.5410e-01]",112
807,4,"[[-0.20075375 -0.16983201  0.46016799]
 [-0.05686544 -0.31890251  0.31109749]
 [ 0.29103879 -0.29526363  0.33473637]
 [-0.29103879  0.29526363 -0.33473637]
 [ 0.20075375  0.16983201 -0.46016799]
 [ 0.05686544  0.31890251 -0.31109749]]","[2178. 2158. 1013. 2237. 2240.  931. 2085. 2255.  916. 1917. 2158. 1013.
 1858. 2240.  931. 2010. 2255.  916.]","[2191. 2176.  998. 2236. 2216.  948. 2069. 2245.  922. 1902. 2176.  997.
 1858. 2216.  948. 2024. 2240.  924.]","[-1.6512e+01  4.0480e+00  6.2924e+01 -8.5450e-01 -3.6620e-01  1.2210e-01
 -5.5200e-02 -3.2180e-01  9.9410e-01]",112
808,4,"[[-0.19291561 -0.16297504  0.46702496]
 [-0.06265608 -0.3189747   0.3110253 ]
 [ 0.28982692 -0.29562192  0.33437808]
 [-0.28982692  0.29562192 -0.33437808]
 [ 0.19291561  0.16297504 -0.46702496]
 [ 0.06265608  0.3189747  -0.3110253 ]]","[2173. 2154. 1017. 2236. 2240.  931. 2088. 2255.  916. 1922. 2154. 1017.
 1859. 2240.  931. 2007. 2255.  916.]","[2185. 2169. 1004. 2235. 2216.  947. 2074. 2245.  922. 1908. 2169. 1004.
 1860. 2216.  947. 2019. 2239.  924.]","[-1.6529e+01  4.0540e+00  6.2919e+01 -2.4410e-01  1.2210e-01  0.0000e+00
 -3.9100e-02 -3.3200e-01  9.2680e-01]",112
809,4,"[[-0.18485404 -0.15639603  0.47360397]
 [-0.06845777 -0.31904073  0.31095927]
 [ 0.28853895 -0.29598112  0.33401888]
 [-0.28853895  0.29598112 -0.33401888]
 [ 0.18485404  0.15639603 -0.47360397]
 [ 0.06845777  0.31904073 -0.31095927]]","[2168. 2149. 1022. 2236. 2240.  931. 2092. 2255.  915. 1927. 2149. 1022.
 1859. 2240.  931. 2003. 2255.  915.]","[2182. 2166. 1008. 2235. 2216.  947. 2075. 2246.  922. 1912. 2166. 1006.
 1861. 2215.  947. 2016. 2239.  924.]","[-1.6545e+01  4.0480e+00  6.2919e+01 -2.4410e-01 -1.2210e-01 -6.1000e-02
 -6.5900e-02 -3.1880e-01  9.4730e-01]",112
810,4,"[[-0.17657837 -0.15010178  0.47989822]
 [-0.07426743 -0.31910057  0.31089943]
 [ 0.28717329 -0.29634111  0.33365889]
 [-0.28717329  0.29634111 -0.33365889]
 [ 0.17657837  0.15010178 -0.47989822]
 [ 0.07426743  0.31910057 -0.31089943]]","[2163. 2145. 1026. 2235. 2241.  930. 2096. 2256.  915. 1932. 2145. 1026.
 1860. 2241.  930. 1999. 2256.  915.]","[2177. 2161. 1012. 2235. 2216.  948. 2079. 2246.  922. 1916. 2161. 1011.
 1861. 2216.  947. 2013. 2239.  924.]","[-16.556    4.037   62.919   -0.1221  -0.1831   0.      -0.0698  -0.3159
   0.9492]",112
811,4,"[[-0.16809819 -0.14409887  0.48590113]
 [-0.08008189 -0.31915419  0.31084581]
 [ 0.28572837 -0.29670178  0.33329822]
 [-0.28572837  0.29670178 -0.33329822]
 [ 0.16809819  0.14409887 -0.48590113]
 [ 0.08008189  0.31915419 -0.31084581]]","[2157. 2141. 1030. 2234. 2241.  930. 2100. 2256.  915. 1938. 2141. 1030.
 1861. 2241.  930. 1995. 2256.  915.]","[2171. 2155. 1018. 2234. 2216.  947. 2083. 2245.  922. 1923. 2155. 1018.
 1862. 2216.  946. 2009. 2239.  924.]","[-1.6573e+01  4.0320e+00  6.2919e+01 -6.1000e-02 -1.2210e-01 -6.1000e-02
 -6.9800e-02 -3.0710e-01  9.4920e-01]",112
812,4,"[[-0.15942332 -0.13839363  0.49160637]
 [-0.08589795 -0.31920157  0.31079843]
 [ 0.28420266 -0.29706303  0.33293697]
 [-0.28420266  0.29706303 -0.33293697]
 [ 0.15942332  0.13839363 -0.49160637]
 [ 0.08589795  0.31920157 -0.31079843]]","[2151. 2138. 1033. 2233. 2241.  930. 2103. 2256.  915. 1944. 2138. 1033.
 1862. 2241.  930. 1992. 2256.  915.]","[2167. 2151. 1021. 2233. 2216.  948. 2085. 2245.  922. 1926. 2152. 1020.
 1863. 2216.  946. 2007. 2239.  925.]","[-1.6584e+01  4.0260e+00  6.2913e+01 -6.1000e-02  0.0000e+00 -1.8310e-01
 -6.6900e-02 -2.9740e-01  9.4820e-01]",112
813,4,"[[-0.15056381 -0.13299214  0.49700786]
 [-0.09171231 -0.31924266  0.31075734]
 [ 0.28259463 -0.29742474  0.33257526]
 [-0.28259463  0.29742474 -0.33257526]
 [ 0.15056381  0.13299214 -0.49700786]
 [ 0.09171231  0.31924266 -0.31075734]]","[2146. 2134. 1037. 2232. 2241.  930. 2107. 2256.  915. 1949. 2134. 1037.
 1863. 2241.  930. 1988. 2256.  915.]","[2162. 2148. 1025. 2233. 2215.  948. 2087. 2245.  922. 1932. 2148. 1024.
 1864. 2216.  945. 2004. 2239.  925.]","[-16.595    4.021   62.908   -0.1221  -0.1221  -0.2441  -0.0645  -0.2861
   0.9575]",112
814,4,"[[-0.14152991 -0.12790023  0.50209977]
 [-0.09752164 -0.31927745  0.31072255]
 [ 0.2809028  -0.2977868   0.3322132 ]
 [-0.2809028   0.2977868  -0.3322132 ]
 [ 0.14152991  0.12790023 -0.50209977]
 [ 0.09752164  0.31927745 -0.31072255]]","[2140. 2131. 1040. 2231. 2242.  929. 2111. 2256.  915. 1955. 2131. 1040.
 1864. 2242.  929. 1984. 2256.  915.]","[2155. 2143. 1030. 2232. 2215.  948. 2091. 2245.  922. 1939. 2143. 1030.
 1865. 2216.  945. 2000. 2239.  925.]","[-1.6606e+01  4.0160e+00  6.2902e+01  0.0000e+00 -6.1000e-02 -6.1000e-02
 -6.7400e-02 -2.7200e-01  9.5210e-01]",112
815,4,"[[-0.1323321  -0.12312345  0.50687655]
 [-0.10332252 -0.31930591  0.31069409]
 [ 0.27912571 -0.29814912  0.33185088]
 [-0.27912571  0.29814912 -0.33185088]
 [ 0.1323321   0.12312345 -0.50687655]
 [ 0.10332252  0.31930591 -0.31069409]]","[2134. 2128. 1043. 2229. 2242.  929. 2115. 2256.  915. 1961. 2128. 1043.
 1866. 2242.  929. 1980. 2256.  915.]","[2150. 2140. 1033. 2232. 2216.  947. 2093. 2245.  922. 1943. 2140. 1032.
 1866. 2216.  944. 1997. 2239.  925.]","[-1.6606e+01  4.0100e+00  6.2897e+01 -1.2210e-01 -1.2210e-01 -6.1000e-02
 -7.5700e-02 -2.7440e-01  9.5510e-01]",112
816,4,"[[-0.12298102 -0.11866709  0.51133291]
 [-0.10911151 -0.31932801  0.31067199]
 [ 0.27726194 -0.29851159  0.33148841]
 [-0.27726194  0.29851159 -0.33148841]
 [ 0.12298102  0.11866709 -0.51133291]
 [ 0.10911151  0.31932801 -0.31067199]]","[2128. 2125. 1046. 2228. 2242.  929. 2119. 2256.  915. 1967. 2125. 1046.
 1867. 2242.  929. 1976. 2256.  915.]","[2145. 2137. 1036. 2230. 2216.  947. 2097. 2245.  922. 1948. 2137. 1036.
 1867. 2216.  944. 1993. 2240.  924.]","[-16.617    4.005   62.897   -0.2441  -0.1831   0.      -0.0679  -0.2808
   0.9521]",112
817,4,"[[-0.1134875  -0.11453616  0.51546384]
 [-0.1148851  -0.31934378  0.31065622]
 [ 0.2753101  -0.2988741   0.3311259 ]
 [-0.2753101   0.2988741  -0.3311259 ]
 [ 0.1134875   0.11453616 -0.51546384]
 [ 0.1148851   0.31934378 -0.31065622]]","[2121. 2122. 1049. 2227. 2242.  929. 2122. 2256.  915. 1974. 2122. 1049.
 1868. 2242.  929. 1973. 2256.  915.]","[2139. 2133. 1040. 2229. 2216.  947. 2100. 2245.  922. 1955. 2134. 1039.
 1869. 2216.  943. 1990. 2240.  925.]","[-16.628    3.999   62.891   -0.4272  -0.1221  -0.4272  -0.0693  -0.2905
   0.9604]",112
818,4,"[[-0.10386254 -0.11073538  0.51926462]
 [-0.12063972 -0.31935331  0.31064669]
 [ 0.27326886 -0.29923654  0.33076346]
 [-0.27326886  0.29923654 -0.33076346]
 [ 0.10386254  0.11073538 -0.51926462]
 [ 0.12063972  0.31935331 -0.31064669]]","[2115. 2120. 1051. 2226. 2243.  928. 2126. 2256.  915. 1980. 2120. 1051.
 1869. 2243.  928. 1969. 2256.  915.]","[2134. 2130. 1043. 2228. 2216.  948. 2104. 2245.  922. 1961. 2131. 1042.
 1870. 2217.  942. 1985. 2240.  924.]","[-16.639    3.988   62.875   -0.2441   0.1221  -0.9155  -0.0703  -0.3018
   0.9551]",112
819,4,"[[-0.09411729 -0.10726918  0.52273082]
 [-0.12637177 -0.31935664  0.31064336]
 [ 0.27113692 -0.29959883  0.33040117]
 [-0.27113692  0.29959883 -0.33040117]
 [ 0.09411729  0.10726918 -0.52273082]
 [ 0.12637177  0.31935664 -0.31064336]]","[2109. 2117. 1054. 2224. 2243.  928. 2130. 2256.  915. 1986. 2117. 1054.
 1871. 2243.  928. 1965. 2256.  915.]","[2127. 2127. 1045. 2227. 2215.  947. 2108. 2245.  922. 1967. 2128. 1044.
 1871. 2218.  941. 1982. 2241.  925.]","[-16.655    3.983   62.831   -0.3662   0.1221  -1.2207  -0.0635  -0.3076
   0.9399]",112
820,4,"[[-0.08426303 -0.10414169  0.52585831]
 [-0.13207759 -0.31935053  0.31064947]
 [ 0.26891303 -0.29996086  0.33003914]
 [-0.26891303  0.29996086 -0.33003914]
 [ 0.08426303  0.10414169 -0.52585831]
 [ 0.13207759  0.31935053 -0.31064947]]","[2102. 2115. 1056. 2223. 2243.  928. 2134. 2256.  915. 1993. 2115. 1056.
 1872. 2243.  928. 1961. 2256.  915.]","[2120. 2125. 1048. 2225. 2216.  947. 2111. 2245.  922. 1973. 2125. 1048.
 1873. 2218.  940. 1978. 2242.  925.]","[-16.677    3.977   62.787   -0.5493   0.1221  -1.0986  -0.0713  -0.3115
   0.9487]",112
821,4,"[[-0.07431118 -0.10135674  0.52864326]
 [-0.13775351 -0.31932316  0.31067684]
 [ 0.26659598 -0.30032252  0.32967748]
 [-0.26659598  0.30032252 -0.32967748]
 [ 0.07431118  0.10135674 -0.52864326]
 [ 0.13775351  0.31932316 -0.31067684]]","[2096. 2114. 1057. 2221. 2243.  928. 2137. 2256.  915. 1999. 2114. 1057.
 1874. 2243.  928. 1958. 2256.  915.]","[2114. 2122. 1051. 2224. 2216.  947. 2115. 2245.  922. 1979. 2123. 1050.
 1874. 2219.  939. 1973. 2243.  924.]","[-1.6705e+01  3.9660e+00  6.2743e+01 -5.4930e-01  0.0000e+00 -7.9350e-01
 -5.9600e-02 -2.9830e-01  9.4780e-01]",112
822,4,"[[-0.06427326 -0.09891785  0.53108215]
 [-0.1433958  -0.31927041  0.31072959]
 [ 0.26418464 -0.30068371  0.32931629]
 [-0.26418464  0.30068371 -0.32931629]
 [ 0.06427326  0.09891785 -0.53108215]
 [ 0.1433958   0.31927041 -0.31072959]]","[2089. 2112. 1059. 2220. 2244.  927. 2141. 2256.  915. 2006. 2112. 1059.
 1875. 2244.  927. 1954. 2256.  915.]","[2108. 2120. 1053. 2223. 2215.  947. 2119. 2246.  922. 1985. 2120. 1053.
 1876. 2219.  938. 1970. 2243.  924.]","[-1.6732e+01  3.9610e+00  6.2710e+01 -4.8830e-01 -6.1000e-02 -9.1550e-01
 -5.3200e-02 -2.9930e-01  9.6190e-01]",112
823,4,"[[-0.0541609  -0.09682821  0.53317179]
 [-0.14900069 -0.31919517  0.31080483]
 [ 0.26167791 -0.30104434  0.32895566]
 [-0.26167791  0.30104434 -0.32895566]
 [ 0.0541609   0.09682821 -0.53317179]
 [ 0.14900069  0.31919517 -0.31080483]]","[2083. 2111. 1060. 2218. 2244.  927. 2145. 2256.  915. 2012. 2111. 1060.
 1877. 2244.  927. 1950. 2256.  915.]","[2102. 2118. 1055. 2221. 2216.  947. 2122. 2246.  922. 1992. 2118. 1054.
 1878. 2219.  938. 1966. 2244.  924.]","[-16.754    3.944   62.677   -0.1221   0.1221  -0.8545  -0.0635  -0.2925
   0.9634]",112
824,4,"[[-0.04398581 -0.09509072  0.53490928]
 [-0.15456439 -0.31909835  0.31090165]
 [ 0.25907476 -0.3014043   0.3285957 ]
 [-0.25907476  0.3014043  -0.3285957 ]
 [ 0.04398581  0.09509072 -0.53490928]
 [ 0.15456439  0.31909835 -0.31090165]]","[2076. 2109. 1061. 2216. 2244.  927. 2148. 2256.  915. 2019. 2109. 1061.
 1879. 2244.  927. 1947. 2256.  915.]","[2095. 2116. 1057. 2220. 2215.  946. 2125. 2246.  922. 1998. 2117. 1057.
 1879. 2219.  938. 1963. 2244.  924.]","[-16.765    3.939   62.65     0.       0.      -0.4883  -0.0684  -0.2866
   0.9429]",112
825,4,"[[-0.03375978 -0.09370792  0.53629208]
 [-0.16008308 -0.31898033  0.31101967]
 [ 0.25637424 -0.3017635   0.3282365 ]
 [-0.25637424  0.3017635  -0.3282365 ]
 [ 0.03375978  0.09370792 -0.53629208]
 [ 0.16008308  0.31898033 -0.31101967]]","[2070. 2109. 1062. 2215. 2244.  927. 2152. 2255.  916. 2025. 2109. 1062.
 1880. 2244.  927. 1943. 2255.  916.]","[2089. 2115. 1058. 2218. 2215.  947. 2128. 2245.  922. 2004. 2115. 1058.
 1881. 2219.  937. 1959. 2244.  924.]","[-1.6771e+01  3.9330e+00  6.2633e+01 -6.1000e-02 -1.2210e-01  0.0000e+00
 -7.1300e-02 -2.8420e-01  9.5560e-01]",112
826,4,"[[-0.02349465 -0.09268207  0.53731793]
 [-0.16555292 -0.31884143  0.31115857]
 [ 0.25357542 -0.30212183  0.32787817]
 [-0.25357542  0.30212183 -0.32787817]
 [ 0.02349465  0.09268207 -0.53731793]
 [ 0.16555292  0.31884143 -0.31115857]]","[2063. 2108. 1063. 2213. 2244.  927. 2155. 2255.  916. 2032. 2108. 1063.
 1882. 2244.  927. 1940. 2255.  916.]","[2082. 2114. 1059. 2216. 2215.  946. 2132. 2245.  922. 2011. 2113. 1059.
 1882. 2219.  938. 1956. 2244.  924.]","[-16.771    3.928   62.639   -0.1221  -0.1831   0.2441  -0.0708  -0.2886
   0.9561]",112
827,4,"[[-0.0132023  -0.09201529  0.53798471]
 [-0.17097005 -0.318682    0.311318  ]
 [ 0.25067749 -0.3024792   0.3275208 ]
 [-0.25067749  0.3024792  -0.3275208 ]
 [ 0.0132023   0.09201529 -0.53798471]
 [ 0.17097005  0.318682   -0.311318  ]]","[2056. 2107. 1063. 2211. 2245.  926. 2159. 2255.  916. 2039. 2107. 1063.
 1884. 2245.  926. 1936. 2255.  916.]","[2076. 2112. 1061. 2214. 2215.  947. 2135. 2246.  921. 2019. 2112. 1060.
 1884. 2219.  937. 1952. 2244.  924.]","[-1.6776e+01  3.9220e+00  6.2650e+01 -1.2210e-01 -1.8310e-01  4.2720e-01
 -6.2500e-02 -3.0080e-01  9.4730e-01]",112
828,4,"[[-0.00289467 -0.09171204  0.53828796]
 [-0.17633059 -0.31850237  0.31149763]
 [ 0.24767968 -0.30283551  0.32716449]
 [-0.24767968  0.30283551 -0.32716449]
 [ 0.00289467  0.09171204 -0.53828796]
 [ 0.17633059  0.31850237 -0.31149763]]","[2049. 2107. 1064. 2209. 2245.  926. 2162. 2255.  916. 2046. 2107. 1064.
 1886. 2245.  926. 1933. 2255.  916.]","[2069. 2111. 1061. 2213. 2216.  945. 2138. 2246.  922. 2025. 2111. 1061.
 1886. 2219.  937. 1949. 2244.  924.]","[-1.6782e+01  3.9220e+00  6.2672e+01 -1.8310e-01 -1.8310e-01  2.4410e-01
 -5.9600e-02 -3.0180e-01  9.4580e-01]",112
829,4,"[[ 0.00741632 -0.09177742  0.53822258]
 [-0.18163065 -0.31830293  0.31169707]
 [ 0.2445813  -0.30319066  0.32680934]
 [-0.2445813   0.30319066 -0.32680934]
 [-0.00741632  0.09177742 -0.53822258]
 [ 0.18163065  0.31830293 -0.31169707]]","[2043. 2107. 1064. 2207. 2245.  926. 2166. 2255.  916. 2052. 2107. 1064.
 1888. 2245.  926. 1929. 2255.  916.]","[2062. 2111. 1062. 2211. 2215.  945. 2142. 2245.  922. 2032. 2110. 1062.
 1887. 2219.  936. 1945. 2244.  924.]","[-1.6787e+01  3.9170e+00  6.2677e+01 -6.1000e-02 -6.1000e-02 -1.2210e-01
 -6.5400e-02 -3.0420e-01  9.6140e-01]",112
830,4,"[[ 0.01771872 -0.0920172   0.5379828 ]
 [-0.18686632 -0.31808405  0.31191595]
 [ 0.24138173 -0.30354456  0.32645544]
 [-0.24138173  0.30354456 -0.32645544]
 [-0.01771872  0.0920172  -0.5379828 ]
 [ 0.18686632  0.31808405 -0.31191595]]","[2036. 2107. 1063. 2205. 2245.  926. 2169. 2255.  916. 2059. 2107. 1063.
 1890. 2245.  926. 1926. 2255.  916.]","[2055. 2110. 1063. 2209. 2216.  945. 2145. 2246.  922. 2038. 2110. 1062.
 1891. 2219.  936. 1941. 2244.  924.]","[-1.6793e+01  3.9110e+00  6.2672e+01  0.0000e+00  6.1000e-02 -2.4410e-01
 -5.6200e-02 -2.9390e-01  9.5120e-01]",112
831,4,"[[ 0.0280006  -0.09226438  0.53773562]
 [-0.1920337  -0.31784613  0.31215387]
 [ 0.23808044 -0.30389709  0.32610291]
 [-0.23808044  0.30389709 -0.32610291]
 [-0.0280006   0.09226438 -0.53773562]
 [ 0.1920337   0.31784613 -0.31215387]]","[2029. 2108. 1063. 2203. 2246.  925. 2173. 2255.  916. 2066. 2108. 1063.
 1892. 2246.  925. 1922. 2255.  916.]","[2049. 2110. 1062. 2206. 2215.  945. 2149. 2246.  922. 2044. 2110. 1063.
 1892. 2220.  936. 1938. 2244.  924.]","[-16.804    3.906   62.661   -0.1221   0.      -0.2441  -0.0771  -0.3013
   0.9526]",112
832,4,"[[ 0.03825004 -0.0925785   0.5374215 ]
 [-0.19712889 -0.31758957  0.31241043]
 [ 0.23467698 -0.30424818  0.32575182]
 [-0.23467698  0.30424818 -0.32575182]
 [-0.03825004  0.0925785  -0.5374215 ]
 [ 0.19712889  0.31758957 -0.31241043]]","[2023. 2108. 1063. 2200. 2246.  925. 2176. 2255.  916. 2072. 2108. 1063.
 1895. 2246.  925. 1919. 2255.  916.]","[2042. 2110. 1062. 2204. 2216.  945. 2153. 2245.  922. 2051. 2110. 1062.
 1894. 2220.  936. 1935. 2244.  925.]","[-16.809    3.906   62.661   -0.1831  -0.1221   0.2441  -0.0732  -0.3076
   0.9443]",112
833,4,"[[ 0.04845519 -0.09298157  0.53701843]
 [-0.20214797 -0.31731479  0.31268521]
 [ 0.23117097 -0.30459771  0.32540229]
 [-0.23117097  0.30459771 -0.32540229]
 [-0.04845519  0.09298157 -0.53701843]
 [ 0.20214797  0.31731479 -0.31268521]]","[2016. 2108. 1063. 2198. 2246.  925. 2179. 2254.  917. 2079. 2108. 1063.
 1897. 2246.  925. 1916. 2254.  917.]","[2035. 2110. 1062. 2202. 2215.  945. 2156. 2245.  922. 2058. 2110. 1062.
 1895. 2220.  936. 1931. 2244.  924.]","[-1.6820e+01  3.9000e+00  6.2682e+01 -1.2210e-01 -3.0520e-01  6.7140e-01
 -6.1000e-02 -3.0470e-01  9.4290e-01]",112
834,4,"[[ 0.05860421 -0.09348064  0.53651936]
 [-0.20708704 -0.31702223  0.31297777]
 [ 0.22756213 -0.30494559  0.32505441]
 [-0.22756213  0.30494559 -0.32505441]
 [-0.05860421  0.09348064 -0.53651936]
 [ 0.20708704  0.31702223 -0.31297777]]","[2009. 2108. 1063. 2196. 2246.  925. 2182. 2254.  917. 2086. 2108. 1063.
 1899. 2246.  925. 1913. 2254.  917.]","[2029. 2110. 1062. 2199. 2215.  944. 2160. 2245.  922. 2064. 2109. 1062.
 1897. 2220.  936. 1928. 2244.  924.]","[-1.6826e+01  3.8950e+00  6.2710e+01 -6.1000e-02 -3.0520e-01  4.8830e-01
 -6.3000e-02 -2.8860e-01  9.6440e-01]",112
835,4,"[[ 0.06868536 -0.09407919  0.53592081]
 [-0.21194222 -0.31671232  0.31328768]
 [ 0.22385025 -0.30529172  0.32470828]
 [-0.22385025  0.30529172 -0.32470828]
 [-0.06868536  0.09407919 -0.53592081]
 [ 0.21194222  0.31671232 -0.31328768]]","[2003. 2109. 1062. 2193. 2247.  924. 2186. 2254.  917. 2092. 2109. 1062.
 1902. 2247.  924. 1909. 2254.  917.]","[2022. 2110. 1062. 2197. 2215.  944. 2163. 2245.  922. 2071. 2110. 1062.
 1899. 2220.  936. 1924. 2244.  924.]","[-1.6831e+01  3.8950e+00  6.2726e+01  0.0000e+00 -6.1000e-02  3.0520e-01
 -6.0500e-02 -2.8960e-01  9.5460e-01]",112
836,4,"[[ 0.07868696 -0.09477986  0.53522014]
 [-0.21670963 -0.31638554  0.31361446]
 [ 0.22003524 -0.30563601  0.32436399]
 [-0.22003524  0.30563601 -0.32436399]
 [-0.07868696  0.09477986 -0.53522014]
 [ 0.21670963  0.31638554 -0.31361446]]","[1996. 2109. 1062. 2191. 2247.  924. 2189. 2254.  917. 2099. 2109. 1062.
 1904. 2247.  924. 1906. 2254.  917.]","[2015. 2110. 1062. 2195. 2215.  944. 2166. 2246.  922. 2077. 2110. 1062.
 1902. 2220.  936. 1921. 2244.  924.]","[-1.6831e+01  3.8950e+00  6.2737e+01  0.0000e+00 -6.1000e-02  6.1000e-02
 -7.3200e-02 -2.9100e-01  9.4530e-01]",112
837,4,"[[ 0.08859742 -0.0955851   0.5344149 ]
 [-0.22138542 -0.31604232  0.31395768]
 [ 0.21611707 -0.30597835  0.32402165]
 [-0.21611707  0.30597835 -0.32402165]
 [-0.08859742  0.0955851  -0.5344149 ]
 [ 0.22138542  0.31604232 -0.31395768]]","[1990. 2110. 1061. 2188. 2247.  924. 2192. 2254.  917. 2105. 2110. 1061.
 1907. 2247.  924. 1903. 2254.  917.]","[2008. 2110. 1062. 2192. 2216.  944. 2170. 2246.  922. 2085. 2110. 1062.
 1904. 2220.  936. 1918. 2244.  924.]","[-1.6831e+01  3.8890e+00  6.2743e+01  0.0000e+00 -1.2210e-01  6.1000e-02
 -6.4000e-02 -2.8120e-01  9.6090e-01]",112
838,4,"[[ 0.09840527 -0.09649729  0.53350271]
 [-0.22596575 -0.31568316  0.31431684]
 [ 0.21209582 -0.30631865  0.32368135]
 [-0.21209582  0.30631865 -0.32368135]
 [-0.09840527  0.09649729 -0.53350271]
 [ 0.22596575  0.31568316 -0.31431684]]","[1983. 2110. 1061. 2186. 2247.  924. 2195. 2253.  918. 2112. 2110. 1061.
 1909. 2247.  924. 1900. 2253.  918.]","[2002. 2111. 1061. 2191. 2215.  944. 2173. 2245.  922. 2092. 2110. 1062.
 1907. 2220.  935. 1914. 2244.  924.]","[-1.6831e+01  3.8890e+00  6.2748e+01  0.0000e+00  0.0000e+00  6.1000e-02
 -6.8400e-02 -2.8710e-01  9.5260e-01]",112
839,4,"[[ 0.10809915 -0.09751876  0.53248124]
 [-0.2304468  -0.31530853  0.31469147]
 [ 0.20797167 -0.30665681  0.32334319]
 [-0.20797167  0.30665681 -0.32334319]
 [-0.10809915  0.09751876 -0.53248124]
 [ 0.2304468   0.31530853 -0.31469147]]","[1977. 2111. 1060. 2183. 2247.  924. 2198. 2253.  918. 2118. 2111. 1060.
 1912. 2247.  924. 1897. 2253.  918.]","[1996. 2111. 1061. 2188. 2215.  943. 2176. 2246.  922. 2098. 2111. 1062.
 1909. 2220.  935. 1911. 2244.  924.]","[-1.6837e+01  3.8840e+00  6.2748e+01 -1.8310e-01 -1.2210e-01  0.0000e+00
 -6.2000e-02 -2.9740e-01  9.4240e-01]",112
840,4,"[[ 0.11766783 -0.09865183  0.53134817]
 [-0.2348248  -0.31491893  0.31508107]
 [ 0.20374487 -0.30699273  0.32300727]
 [-0.20374487  0.30699273 -0.32300727]
 [-0.11766783  0.09865183 -0.53134817]
 [ 0.2348248   0.31491893 -0.31508107]]","[1971. 2112. 1059. 2180. 2248.  923. 2201. 2253.  918. 2124. 2112. 1059.
 1915. 2248.  923. 1894. 2253.  918.]","[1989. 2111. 1061. 2185. 2215.  943. 2180. 2246.  922. 2105. 2111. 1061.
 1912. 2220.  935. 1908. 2245.  923.]","[-1.6842e+01  3.8780e+00  6.2748e+01 -6.1000e-02 -6.1000e-02  0.0000e+00
 -6.6400e-02 -2.9640e-01  9.6390e-01]",112
841,4,"[[ 0.12710022 -0.09989876  0.53010124]
 [-0.23909601 -0.31451484  0.31548516]
 [ 0.19941579 -0.30732631  0.32267369]
 [-0.19941579  0.30732631 -0.32267369]
 [-0.12710022  0.09989876 -0.53010124]
 [ 0.23909601  0.31451484 -0.31548516]]","[1965. 2113. 1058. 2177. 2248.  923. 2203. 2253.  918. 2130. 2113. 1058.
 1918. 2248.  923. 1892. 2253.  918.]","[1983. 2111. 1060. 2183. 2215.  942. 2183. 2246.  922. 2111. 2111. 1060.
 1914. 2221.  934. 1904. 2245.  924.]","[-1.6842e+01  3.8730e+00  6.2748e+01 -1.2210e-01 -6.1000e-02  0.0000e+00
 -5.4200e-02 -3.0370e-01  9.4240e-01]",112
842,4,"[[ 0.13638541 -0.10126179  0.52873821]
 [-0.24325671 -0.31409679  0.31590321]
 [ 0.19498491 -0.30765746  0.32234254]
 [-0.19498491  0.30765746 -0.32234254]
 [-0.13638541  0.10126179 -0.52873821]
 [ 0.24325671  0.31409679 -0.31590321]]","[1959. 2114. 1057. 2175. 2248.  923. 2206. 2252.  919. 2136. 2114. 1057.
 1920. 2248.  923. 1889. 2252.  919.]","[1976. 2112. 1059. 2180. 2215.  942. 2186. 2245.  922. 2117. 2112. 1059.
 1917. 2222.  933. 1901. 2245.  924.]","[-1.6853e+01  3.8670e+00  6.2743e+01 -6.1000e-02 -6.1000e-02 -3.0520e-01
 -6.2500e-02 -3.0660e-01  9.5210e-01]",112
843,4,"[[ 0.14551264 -0.1027431   0.5272569 ]
 [-0.24730325 -0.31366528  0.31633472]
 [ 0.19045279 -0.30798606  0.32201394]
 [-0.19045279  0.30798606 -0.32201394]
 [-0.14551264  0.1027431  -0.5272569 ]
 [ 0.24730325  0.31366528 -0.31633472]]","[1953. 2114. 1056. 2172. 2248.  923. 2209. 2252.  919. 2142. 2114. 1056.
 1923. 2248.  923. 1886. 2252.  919.]","[1971. 2112. 1058. 2178. 2215.  942. 2189. 2246.  922. 2122. 2113. 1058.
 1920. 2223.  933. 1899. 2245.  924.]","[-16.864    3.867   62.726   -0.2441   0.1831  -0.4883  -0.0732  -0.3027
   0.9531]",112
844,4,"[[ 0.15447133 -0.10434483  0.52565517]
 [-0.251232   -0.31322083  0.31677917]
 [ 0.1858201  -0.30831204  0.32168796]
 [-0.1858201   0.30831204 -0.32168796]
 [-0.15447133  0.10434483 -0.52565517]
 [ 0.251232    0.31322083 -0.31677917]]","[1947. 2116. 1055. 2169. 2248.  922. 2211. 2252.  919. 2148. 2116. 1055.
 1926. 2248.  922. 1884. 2252.  919.]","[1964. 2114. 1057. 2175. 2216.  942. 2192. 2246.  922. 2129. 2113. 1058.
 1923. 2223.  933. 1895. 2245.  924.]","[-16.875    3.867   62.704   -0.1221   0.1831  -0.3662  -0.0718  -0.2979
   0.9458]",112
845,4,"[[ 0.16325112 -0.10606906  0.52393094]
 [-0.25503939 -0.31276397  0.31723603]
 [ 0.18108762 -0.30863528  0.32136472]
 [-0.18108762  0.30863528 -0.32136472]
 [-0.16325112  0.10606906 -0.52393094]
 [ 0.25503939  0.31276397 -0.31723603]]","[1941. 2117. 1054. 2166. 2249.  922. 2214. 2251.  920. 2154. 2117. 1054.
 1929. 2249.  922. 1881. 2251.  920.]","[1958. 2115. 1056. 2173. 2216.  942. 2194. 2245.  922. 2135. 2114. 1057.
 1925. 2223.  933. 1892. 2245.  924.]","[-1.6880e+01  3.8670e+00  6.2693e+01 -1.2210e-01  0.0000e+00 -6.1000e-02
 -6.7400e-02 -2.9350e-01  9.4870e-01]",112
846,4,"[[ 0.17184183 -0.10791781  0.52208219]
 [-0.25872191 -0.31229522  0.31770478]
 [ 0.17625622 -0.30895568  0.32104432]
 [-0.17625622  0.30895568 -0.32104432]
 [-0.17184183  0.10791781 -0.52208219]
 [ 0.25872191  0.31229522 -0.31770478]]","[1935. 2118. 1053. 2162. 2249.  922. 2216. 2251.  920. 2160. 2118. 1053.
 1933. 2249.  922. 1879. 2251.  920.]","[1952. 2115. 1055. 2170. 2216.  942. 2197. 2245.  922. 2141. 2116. 1055.
 1928. 2224.  933. 1890. 2245.  924.]","[-16.891    3.867   62.699   -0.1221  -0.1221   0.1221  -0.0649  -0.2964
   0.9639]",112
847,4,"[[ 0.18023351 -0.10989305  0.52010695]
 [-0.26227611 -0.31181513  0.31818487]
 [ 0.17132688 -0.30927315  0.32072685]
 [-0.17132688  0.30927315 -0.32072685]
 [-0.18023351  0.10989305 -0.52010695]
 [ 0.26227611  0.31181513 -0.31818487]]","[1930. 2119. 1052. 2159. 2249.  922. 2218. 2251.  920. 2165. 2119. 1052.
 1936. 2249.  922. 1877. 2251.  920.]","[1944. 2117. 1054. 2166. 2215.  942. 2201. 2245.  922. 2149. 2117. 1054.
 1932. 2224.  933. 1886. 2245.  924.]","[-1.6891e+01  3.8670e+00  6.2710e+01  0.0000e+00 -6.1000e-02  3.0520e-01
 -5.6200e-02 -2.9350e-01  9.4680e-01]",112
848,4,"[[ 0.18841645 -0.11199668  0.51800332]
 [-0.26569858 -0.31132423  0.31867577]
 [ 0.1663007  -0.30958759  0.32041241]
 [-0.1663007   0.30958759 -0.32041241]
 [-0.18841645  0.11199668 -0.51800332]
 [ 0.26569858  0.31132423 -0.31867577]]","[1925. 2121. 1050. 2156. 2249.  922. 2221. 2250.  921. 2170. 2121. 1050.
 1939. 2249.  922. 1874. 2250.  921.]","[1941. 2118. 1053. 2164. 2215.  942. 2203. 2246.  922. 2153. 2118. 1053.
 1934. 2224.  932. 1885. 2245.  924.]","[-1.6891e+01  3.8670e+00  6.2726e+01  0.0000e+00 -1.8310e-01  2.4410e-01
 -6.2500e-02 -2.9440e-01  9.5360e-01]",112
849,4,"[[ 0.19638117 -0.11423053  0.51576947]
 [-0.268986   -0.31082307  0.31917693]
 [ 0.16117888 -0.3098989   0.3201011 ]
 [-0.16117888  0.3098989  -0.3201011 ]
 [-0.19638117  0.11423053 -0.51576947]
 [ 0.268986    0.31082307 -0.31917693]]","[1919. 2122. 1049. 2153. 2250.  921. 2223. 2250.  921. 2176. 2122. 1049.
 1942. 2250.  921. 1872. 2250.  921.]","[1933. 2119. 1051. 2160. 2215.  941. 2206. 2245.  922. 2161. 2120. 1052.
 1938. 2224.  932. 1881. 2245.  924.]","[-16.891    3.862   62.737    0.      -0.1221   0.2441  -0.0718  -0.2954
   0.9551]",112
850,4,"[[ 0.20411843 -0.11659634  0.51340366]
 [-0.2721351  -0.3103122   0.3196878 ]
 [ 0.15596271 -0.31020697  0.31979303]
 [-0.15596271  0.31020697 -0.31979303]
 [-0.20411843  0.11659634 -0.51340366]
 [ 0.2721351   0.3103122  -0.3196878 ]]","[1914. 2124. 1047. 2149. 2250.  921. 2225. 2250.  921. 2181. 2124. 1047.
 1946. 2250.  921. 1870. 2250.  921.]","[1929. 2120. 1050. 2157. 2215.  941. 2208. 2245.  922. 2164. 2121. 1051.
 1940. 2224.  933. 1880. 2245.  924.]","[-1.6891e+01  3.8620e+00  6.2748e+01  0.0000e+00 -1.2210e-01  2.4410e-01
 -6.0500e-02 -2.9390e-01  9.4530e-01]",112
851,4,"[[ 0.21161929 -0.11909581  0.51090419]
 [-0.27514271 -0.30979216  0.32020784]
 [ 0.15065361 -0.3105117   0.3194883 ]
 [-0.15065361  0.3105117  -0.3194883 ]
 [-0.21161929  0.11909581 -0.51090419]
 [ 0.27514271  0.30979216 -0.32020784]]","[1910. 2125. 1046. 2146. 2250.  921. 2227. 2249.  922. 2185. 2125. 1046.
 1949. 2250.  921. 1868. 2249.  922.]","[1924. 2123. 1049. 2155. 2215.  941. 2210. 2245.  923. 2170. 2123. 1049.
 1944. 2224.  932. 1877. 2245.  924.]","[-1.6897e+01  3.8560e+00  6.2754e+01 -6.1000e-02 -1.8310e-01  0.0000e+00
 -5.1800e-02 -2.9640e-01  9.5260e-01]",112
852,4,"[[ 0.21887505 -0.12173052  0.50826948]
 [-0.27800571 -0.30926351  0.32073649]
 [ 0.1452531  -0.31081301  0.31918699]
 [-0.1452531   0.31081301 -0.31918699]
 [-0.21887505  0.12173052 -0.50826948]
 [ 0.27800571  0.30926351 -0.32073649]]","[1905. 2127. 1044. 2142. 2250.  921. 2229. 2249.  922. 2190. 2127. 1044.
 1953. 2250.  921. 1866. 2249.  922.]","[1918. 2124. 1047. 2151. 2215.  940. 2213. 2245.  924. 2176. 2124. 1047.
 1948. 2224.  932. 1873. 2245.  924.]","[-1.6902e+01  3.8450e+00  6.2748e+01 -6.1000e-02 -1.2210e-01 -1.8310e-01
 -6.0500e-02 -2.9930e-01  9.6240e-01]",112
853,4,"[[ 0.22587731 -0.12450198  0.50549802]
 [-0.28072108 -0.3087268   0.3212732 ]
 [ 0.1397628  -0.31111077  0.31888923]
 [-0.1397628   0.31111077 -0.31888923]
 [-0.22587731  0.12450198 -0.50549802]
 [ 0.28072108  0.3087268  -0.3212732 ]]","[1900. 2129. 1042. 2139. 2250.  921. 2231. 2249.  922. 2195. 2129. 1042.
 1956. 2250.  921. 1864. 2249.  922.]","[1913. 2126. 1045. 2148. 2215.  940. 2215. 2244.  924. 2181. 2126. 1046.
 1951. 2224.  932. 1871. 2245.  924.]","[-1.6902e+01  3.8400e+00  6.2743e+01  6.1000e-02  0.0000e+00 -1.8310e-01
 -6.8400e-02 -2.9830e-01  9.5210e-01]",112
854,4,"[[ 0.23261797 -0.12741162  0.50258838]
 [-0.28328587 -0.3081826   0.3218174 ]
 [ 0.13418445 -0.31140491  0.31859509]
 [-0.13418445  0.31140491 -0.31859509]
 [-0.23261797  0.12741162 -0.50258838]
 [ 0.28328587  0.3081826  -0.3218174 ]]","[1896. 2131. 1040. 2135. 2251.  920. 2232. 2248.  923. 2199. 2131. 1040.
 1960. 2251.  920. 1863. 2248.  923.]","[1909. 2127. 1044. 2146. 2216.  940. 2217. 2245.  924. 2184. 2127. 1044.
 1953. 2224.  931. 1870. 2245.  924.]","[-1.6902e+01  3.8340e+00  6.2737e+01  0.0000e+00 -6.1000e-02 -1.8310e-01
 -6.8400e-02 -2.9880e-01  9.4240e-01]",112
855,4,"[[ 0.2390892  -0.13046077  0.49953923]
 [-0.28569722 -0.30763146  0.32236854]
 [ 0.12851989 -0.3116953   0.3183047 ]
 [-0.12851989  0.3116953  -0.3183047 ]
 [-0.2390892   0.13046077 -0.49953923]
 [ 0.28569722  0.30763146 -0.32236854]]","[1892. 2133. 1038. 2131. 2251.  920. 2234. 2248.  923. 2203. 2133. 1038.
 1964. 2251.  920. 1861. 2248.  923.]","[1904. 2129. 1042. 2143. 2215.  940. 2219. 2244.  925. 2190. 2129. 1043.
 1957. 2224.  931. 1868. 2245.  924.]","[-1.6908e+01  3.8290e+00  6.2737e+01 -6.1000e-02 -1.8310e-01  0.0000e+00
 -7.5700e-02 -3.0080e-01  9.4580e-01]",112
856,4,"[[ 0.24528352 -0.13365065  0.49634935]
 [-0.28795238 -0.30707393  0.32292607]
 [ 0.12277107 -0.31198186  0.31801814]
 [-0.12277107  0.31198186 -0.31801814]
 [-0.24528352  0.13365065 -0.49634935]
 [ 0.28795238  0.30707393 -0.32292607]]","[1888. 2135. 1036. 2128. 2251.  920. 2235. 2248.  923. 2207. 2135. 1036.
 1967. 2251.  920. 1860. 2248.  923.]","[1900. 2131. 1040. 2140. 2215.  940. 2220. 2244.  925. 2194. 2131. 1041.
 1960. 2225.  931. 1865. 2245.  925.]","[-16.913    3.823   62.743   -0.1221  -0.1831   0.1221  -0.0713  -0.3018
   0.9502]",112
857,4,"[[ 0.25119375 -0.13698241  0.49301759]
 [-0.29004867 -0.30651059  0.32348941]
 [ 0.11694005 -0.31226449  0.31773551]
 [-0.11694005  0.31226449 -0.31773551]
 [-0.25119375  0.13698241 -0.49301759]
 [ 0.29004867  0.30651059 -0.32348941]]","[1884. 2137. 1034. 2124. 2251.  920. 2237. 2247.  924. 2211. 2137. 1034.
 1971. 2251.  920. 1858. 2247.  924.]","[1896. 2133. 1038. 2136. 2215.  939. 2223. 2243.  925. 2198. 2132. 1039.
 1964. 2226.  931. 1863. 2245.  925.]","[-1.6919e+01  3.8180e+00  6.2748e+01 -1.2210e-01 -1.2210e-01  6.1000e-02
 -5.6600e-02 -2.9740e-01  9.5800e-01]",112
858,4,"[[ 0.25681306 -0.14045708  0.48954292]
 [-0.29198353 -0.30594199  0.32405801]
 [ 0.111029   -0.31254307  0.31745693]
 [-0.111029    0.31254307 -0.31745693]
 [-0.25681306  0.14045708 -0.48954292]
 [ 0.29198353  0.30594199 -0.32405801]]","[1880. 2139. 1032. 2120. 2251.  920. 2238. 2247.  924. 2215. 2139. 1032.
 1975. 2251.  920. 1857. 2247.  924.]","[1892. 2135. 1036. 2133. 2215.  939. 2224. 2244.  925. 2202. 2135. 1037.
 1967. 2226.  931. 1862. 2245.  925.]","[-1.6924e+01  3.8120e+00  6.2748e+01 -1.2210e-01 -6.1000e-02 -6.1000e-02
 -6.2500e-02 -2.9790e-01  9.5560e-01]",112
859,4,"[[ 0.26213492 -0.14407558  0.48592442]
 [-0.29375448 -0.30536868  0.32463132]
 [ 0.10504017 -0.31281752  0.31718248]
 [-0.10504017  0.31281752 -0.31718248]
 [-0.26213492  0.14407558 -0.48592442]
 [ 0.29375448  0.30536868 -0.32463132]]","[1877. 2141. 1030. 2116. 2251.  920. 2239. 2247.  924. 2218. 2141. 1030.
 1979. 2251.  920. 1856. 2247.  924.]","[1886. 2138. 1034. 2128. 2215.  939. 2227. 2243.  926. 2206. 2138. 1034.
 1972. 2226.  931. 1860. 2245.  926.]","[-1.6930e+01  3.8120e+00  6.2748e+01  0.0000e+00  0.0000e+00 -6.1000e-02
 -6.6900e-02 -2.9740e-01  9.5210e-01]",112
860,4,"[[ 0.26715318 -0.14783872  0.48216128]
 [-0.29535917 -0.30479124  0.32520876]
 [ 0.09897596 -0.31308772  0.31691228]
 [-0.09897596  0.31308772 -0.31691228]
 [-0.26715318  0.14783872 -0.48216128]
 [ 0.29535917  0.30479124 -0.32520876]]","[1873. 2144. 1027. 2112. 2252.  919. 2240. 2246.  925. 2222. 2144. 1027.
 1983. 2252.  919. 1855. 2246.  925.]","[1882. 2140. 1032. 2124. 2215.  939. 2229. 2243.  926. 2211. 2139. 1032.
 1975. 2226.  930. 1858. 2245.  925.]","[-1.6935e+01  3.8120e+00  6.2743e+01 -6.1000e-02  0.0000e+00  0.0000e+00
 -6.8400e-02 -2.9250e-01  9.4820e-01]",112
861,4,"[[ 0.27186203 -0.15174721  0.47825279]
 [-0.29679534 -0.30421021  0.32578979]
 [ 0.09283882 -0.31335359  0.31664641]
 [-0.09283882  0.31335359 -0.31664641]
 [-0.27186203  0.15174721 -0.47825279]
 [ 0.29679534  0.30421021 -0.32578979]]","[1870. 2146. 1025. 2108. 2252.  919. 2241. 2246.  925. 2225. 2146. 1025.
 1987. 2252.  919. 1854. 2246.  925.]","[1880. 2141. 1030. 2121. 2215.  939. 2230. 2243.  926. 2214. 2141. 1030.
 1978. 2226.  930. 1856. 2245.  926.]","[-16.941    3.812   62.748   -0.1221  -0.1221   0.1221  -0.0654  -0.293
   0.9497]",112
862,4,"[[ 0.276256   -0.15580164  0.47419836]
 [-0.29806084 -0.30362615  0.32637385]
 [ 0.08663135 -0.31361501  0.31638499]
 [-0.08663135  0.31361501 -0.31638499]
 [-0.276256    0.15580164 -0.47419836]
 [ 0.29806084  0.30362615 -0.32637385]]","[1867. 2149. 1022. 2104. 2252.  919. 2242. 2245.  926. 2228. 2149. 1022.
 1991. 2252.  919. 1853. 2245.  926.]","[1876. 2143. 1028. 2117. 2215.  939. 2231. 2242.  926. 2217. 2144. 1028.
 1982. 2226.  931. 1855. 2244.  926.]","[-1.6941e+01  3.8070e+00  6.2759e+01 -6.1000e-02 -1.2210e-01  3.0520e-01
 -6.4900e-02 -2.9150e-01  9.5310e-01]",112
863,4,"[[ 0.28033002 -0.16000247  0.46999753]
 [-0.29915366 -0.30303963  0.32696037]
 [ 0.08035623 -0.3138719   0.3161281 ]
 [-0.08035623  0.3138719  -0.3161281 ]
 [-0.28033002  0.16000247 -0.46999753]
 [ 0.29915366  0.30303963 -0.32696037]]","[1865. 2152. 1019. 2100. 2252.  919. 2243. 2245.  926. 2230. 2152. 1019.
 1995. 2252.  919. 1852. 2245.  926.]","[1873. 2146. 1025. 2113. 2215.  939. 2233. 2242.  927. 2221. 2146. 1026.
 1986. 2226.  930. 1854. 2244.  926.]","[-1.6941e+01  3.8070e+00  6.2781e+01 -6.1000e-02 -1.8310e-01  4.2720e-01
 -6.3000e-02 -2.9490e-01  9.4970e-01]",112
864,4,"[[ 0.28407935 -0.16435006  0.46564994]
 [-0.30007187 -0.30245118  0.32754882]
 [ 0.07401624 -0.31412414  0.31587586]
 [-0.07401624  0.31412414 -0.31587586]
 [-0.28407935  0.16435006 -0.46564994]
 [ 0.30007187  0.30245118 -0.32754882]]","[1862. 2155. 1016. 2096. 2252.  919. 2243. 2245.  926. 2233. 2155. 1016.
 1999. 2252.  919. 1852. 2245.  926.]","[1869. 2150. 1022. 2109. 2215.  939. 2235. 2241.  928. 2225. 2149. 1023.
 1990. 2226.  930. 1852. 2244.  927.]","[-1.6946e+01  3.8010e+00  6.2798e+01 -1.2210e-01 -3.0520e-01  4.2720e-01
 -5.8100e-02 -2.9490e-01  9.4870e-01]",112
865,4,"[[ 0.28749967 -0.16884464  0.46115536]
 [-0.30081371 -0.30186136  0.32813864]
 [ 0.06761427 -0.31437165  0.31562835]
 [-0.06761427  0.31437165 -0.31562835]
 [-0.28749967  0.16884464 -0.46115536]
 [ 0.30081371  0.30186136 -0.32813864]]","[1860. 2158. 1013. 2092. 2252.  919. 2244. 2244.  927. 2235. 2158. 1013.
 2003. 2252.  919. 1851. 2244.  927.]","[1867. 2152. 1020. 2105. 2215.  939. 2236. 2241.  927. 2227. 2151. 1021.
 1993. 2226.  931. 1851. 2244.  927.]","[-1.6957e+01  3.7900e+00  6.2820e+01 -1.8310e-01 -4.2720e-01  4.2720e-01
 -6.2500e-02 -2.9590e-01  9.5700e-01]",112
866,4,"[[ 0.29058701 -0.1734863   0.4565137 ]
 [-0.3013776  -0.30127072  0.32872928]
 [ 0.06115328 -0.31461431  0.31538569]
 [-0.06115328  0.31461431 -0.31538569]
 [-0.29058701  0.1734863  -0.4565137 ]
 [ 0.3013776   0.30127072 -0.32872928]]","[1858. 2161. 1010. 2087. 2253.  918. 2244. 2244.  927. 2237. 2161. 1010.
 2008. 2253.  918. 1851. 2244.  927.]","[1864. 2154. 1017. 2101. 2215.  939. 2238. 2241.  928. 2230. 2154. 1018.
 1997. 2226.  930. 1851. 2244.  927.]","[-16.957    3.779   62.842   -0.1221  -0.3662   0.4272  -0.0635  -0.2974
   0.9492]",112
867,4,"[[ 0.2933378  -0.17827502  0.45172498]
 [-0.30176277 -0.3006798   0.3293202 ]
 [ 0.05463637 -0.31485204  0.31514796]
 [-0.05463637  0.31485204 -0.31514796]
 [-0.2933378   0.17827502 -0.45172498]
 [ 0.30176277  0.3006798  -0.3293202 ]]","[1856. 2164. 1007. 2083. 2253.  918. 2244. 2244.  927. 2239. 2164. 1007.
 2012. 2253.  918. 1851. 2244.  927.]","[1861. 2158. 1014. 2097. 2215.  939. 2239. 2240.  929. 2232. 2158. 1014.
 2002. 2226.  931. 1850. 2244.  929.]","[-16.963    3.774   62.864   -0.1221  -0.2441   0.4272  -0.0693  -0.3066
   0.957 ]",112
868,4,"[[ 0.29574884 -0.18321063  0.44678937]
 [-0.30197062 -0.30008913  0.32991087]
 [ 0.04806669 -0.31508473  0.31491527]
 [-0.04806669  0.31508473 -0.31491527]
 [-0.29574884  0.18321063 -0.44678937]
 [ 0.30197062  0.30008913 -0.32991087]]","[1855. 2167. 1004. 2079. 2253.  918. 2244. 2243.  928. 2240. 2167. 1004.
 2016. 2253.  918. 1851. 2243.  928.]","[1859. 2161. 1012. 2094. 2216.  939. 2240. 2239.  928. 2234. 2160. 1011.
 2005. 2227.  931. 1850. 2244.  929.]","[-1.6968e+01  3.7740e+00  6.2880e+01 -1.2210e-01 -1.8310e-01  3.6620e-01
 -5.6200e-02 -3.0620e-01  9.4820e-01]",112
869,4,"[[ 0.29781734 -0.18829285  0.44170715]
 [-0.3019645  -0.29949912  0.33050088]
 [ 0.04144751 -0.31531228  0.31468772]
 [-0.04144751  0.31531228 -0.31468772]
 [-0.29781734  0.18829285 -0.44170715]
 [ 0.3019645   0.29949912 -0.33050088]]","[1853. 2170. 1001. 2075. 2253.  918. 2244. 2243.  928. 2242. 2170. 1001.
 2020. 2253.  918. 1851. 2243.  928.]","[1858. 2163. 1009. 2090. 2215.  939. 2241. 2239.  929. 2236. 2163. 1009.
 2009. 2227.  931. 1850. 2244.  929.]","[-1.6974e+01  3.7630e+00  6.2891e+01 -6.1000e-02 -3.0520e-01  1.8310e-01
 -5.8600e-02 -3.0620e-01  9.4480e-01]",112
870,4,"[[ 0.29954091 -0.19352126  0.43647874]
 [-0.30154869 -0.29890941  0.33109059]
 [ 0.03478218 -0.31553461  0.31446539]
 [-0.03478218  0.31553461 -0.31446539]
 [-0.29954091  0.19352126 -0.43647874]
 [ 0.30154869  0.29890941 -0.33109059]]","[1852. 2174.  997. 2070. 2253.  918. 2244. 2242.  929. 2243. 2174.  997.
 2025. 2253.  918. 1851. 2242.  929.]","[1856. 2166. 1006. 2086. 2215.  939. 2241. 2239.  930. 2238. 2166. 1006.
 2013. 2227.  930. 1849. 2243.  929.]","[-1.6985e+01  3.7460e+00  6.2902e+01 -2.4410e-01 -3.6620e-01  1.8310e-01
 -6.1500e-02 -3.0320e-01  9.5120e-01]",112
871,4,"[[ 0.30091756 -0.19889529  0.43110471]
 [-0.30065094 -0.2983194   0.3316806 ]
 [ 0.02807414 -0.3157516   0.3142484 ]
 [-0.02807414  0.3157516  -0.3142484 ]
 [-0.30091756  0.19889529 -0.43110471]
 [ 0.30065094  0.2983194  -0.3316806 ]]","[1851. 2177.  994. 2066. 2253.  918. 2243. 2242.  929. 2244. 2177.  994.
 2029. 2253.  918. 1852. 2242.  929.]","[1854. 2169. 1006. 2081. 2215.  938. 2242. 2239.  930. 2240. 2170. 1002.
 2019. 2227.  931. 1850. 2243.  930.]","[-1.6996e+01  3.7350e+00  6.2913e+01 -1.8310e-01 -3.0520e-01  2.4410e-01
 -6.2000e-02 -2.9830e-01  9.5950e-01]",112
872,4,"[[ 0.30194566 -0.20441426  0.42558574]
 [-0.29927138 -0.29772953  0.33227047]
 [ 0.02132691 -0.31596316  0.31403684]
 [-0.02132691  0.31596316 -0.31403684]
 [-0.30194566  0.20441426 -0.42558574]
 [ 0.29927138  0.29772953 -0.33227047]]","[1851. 2181.  990. 2061. 2253.  917. 2243. 2242.  929. 2244. 2181.  990.
 2034. 2253.  917. 1852. 2242.  929.]","[1853. 2170. 1003. 2077. 2215.  938. 2242. 2238.  930. 2241. 2173. 1000.
 2022. 2227.  931. 1850. 2243.  929.]","[-1.6996e+01  3.7350e+00  6.2924e+01  0.0000e+00 -1.2210e-01  1.8310e-01
 -6.0100e-02 -2.9690e-01  9.4970e-01]",112
873,4,"[[ 0.30262361 -0.21007731  0.41992269]
 [-0.29741122 -0.2971404   0.3328596 ]
 [ 0.01454411 -0.3161692   0.3138308 ]
 [-0.01454411  0.3161692  -0.3138308 ]
 [-0.30262361  0.21007731 -0.41992269]
 [ 0.29741122  0.2971404  -0.3328596 ]]","[1850. 2184.  987. 2057. 2254.  917. 2241. 2241.  930. 2245. 2184.  987.
 2038. 2254.  917. 1854. 2241.  930.]","[1853. 2171. 1000. 2073. 2215.  939. 2242. 2238.  930. 2242. 2176.  996.
 2025. 2227.  931. 1850. 2242.  929.]","[-16.996    3.73    62.93     0.      -0.1221   0.1221  -0.0645  -0.2993
   0.9561]",112
874,4,"[[ 0.3029479  -0.21588338  0.41411662]
 [-0.29507409 -0.29655257  0.33344743]
 [ 0.00772999 -0.31636963  0.31363037]
 [-0.00772999  0.31636963 -0.31363037]
 [-0.3029479   0.21588338 -0.41411662]
 [ 0.29507409  0.29655257 -0.33344743]]","[1850. 2188.  983. 2053. 2254.  917. 2240. 2241.  930. 2245. 2188.  983.
 2042. 2254.  917. 1855. 2241.  930.]","[1851. 2176.  995. 2068. 2215.  939. 2242. 2239.  931. 2243. 2181.  991.
 2031. 2227.  931. 1851. 2242.  929.]","[-17.001    3.73    62.941    0.      -0.1221   0.3052  -0.0742  -0.2988
   0.9443]",112
875,4,"[[ 0.30296678 -0.22182903  0.40817097]
 [-0.29227009 -0.29596665  0.33403335]
 [ 0.00089526 -0.31656434  0.31343566]
 [-0.00089526  0.31656434 -0.31343566]
 [-0.30296678  0.22182903 -0.40817097]
 [ 0.29227009  0.29596665 -0.33403335]]","[1850. 2192.  979. 2048. 2254.  917. 2238. 2240.  931. 2245. 2192.  979.
 2047. 2254.  917. 1857. 2240.  931.]","[1852. 2178.  993. 2065. 2215.  939. 2242. 2239.  931. 2244. 2183.  989.
 2033. 2227.  931. 1851. 2241.  930.]","[-1.6996e+01  3.7350e+00  6.2963e+01  1.2210e-01  0.0000e+00  4.8830e-01
 -6.1500e-02 -3.0220e-01  9.6580e-01]",112
876,4,"[[ 0.30283801 -0.22789461  0.40210539]
 [-0.28901549 -0.29538322  0.33461678]
 [-0.00594012 -0.31675325  0.31324675]
 [ 0.00594012  0.31675325 -0.31324675]
 [-0.30283801  0.22789461 -0.40210539]
 [ 0.28901549  0.29538322 -0.33461678]]","[1850. 2196.  975. 2044. 2254.  917. 2236. 2240.  931. 2245. 2196.  975.
 2051. 2254.  917. 1859. 2240.  931.]","[1852. 2181.  990. 2061. 2215.  939. 2242. 2238.  931. 2243. 2187.  985.
 2038. 2227.  931. 1852. 2240.  930.]","[-1.6985e+01  3.7460e+00  6.2974e+01  2.4410e-01  1.8310e-01  3.6620e-01
 -4.5400e-02 -3.0370e-01  9.4730e-01]",112
877,4,"[[ 0.3026097  -0.23406244  0.39593756]
 [-0.28531812 -0.2948029   0.3351971 ]
 [-0.0127651  -0.31693625  0.31306375]
 [ 0.0127651   0.31693625 -0.31306375]
 [-0.3026097   0.23406244 -0.39593756]
 [ 0.28531812  0.2948029  -0.3351971 ]]","[1850. 2200.  971. 2039. 2254.  917. 2233. 2240.  931. 2245. 2200.  971.
 2056. 2254.  917. 1862. 2240.  931.]","[1852. 2183.  986. 2057. 2215.  939. 2242. 2238.  932. 2244. 2190.  985.
 2041. 2227.  931. 1853. 2240.  930.]","[-1.6985e+01  3.7410e+00  6.2974e+01  6.1000e-02  0.0000e+00 -1.2210e-01
 -7.1800e-02 -2.9100e-01  9.6880e-01]",112
878,4,"[[ 0.3022816  -0.24032913  0.38967087]
 [-0.28118402 -0.29422631  0.33577369]
 [-0.0195749  -0.31711326  0.31288674]
 [ 0.0195749   0.31711326 -0.31288674]
 [-0.3022816   0.24032913 -0.38967087]
 [ 0.28118402  0.29422631 -0.33577369]]","[1850. 2204.  967. 2035. 2254.  917. 2231. 2239.  932. 2245. 2204.  967.
 2060. 2254.  917. 1864. 2239.  932.]","[1852. 2187.  983. 2051. 2215.  939. 2239. 2238.  932. 2244. 2193.  981.
 2045. 2226.  931. 1855. 2240.  930.]","[-16.963    3.79    62.979    0.6104   1.0986   0.6104  -0.0693  -0.311
   0.9619]",112
879,4,"[[ 0.30185251 -0.24669226  0.38330774]
 [-0.2766217  -0.29365405  0.33634595]
 [-0.02636596 -0.31728417  0.31271583]
 [ 0.02636596  0.31728417 -0.31271583]
 [-0.30185251  0.24669226 -0.38330774]
 [ 0.2766217   0.29365405 -0.33634595]]","[1851. 2208.  963. 2030. 2254.  917. 2228. 2239.  932. 2244. 2208.  963.
 2065. 2254.  917. 1867. 2239.  932.]","[1852. 2189.  980. 2049. 2215.  939. 2237. 2238.  933. 2244. 2195.  978.
 2048. 2227.  931. 1856. 2239.  931.]","[-16.941    3.818   62.985    0.2441   0.2441   0.1831  -0.0698  -0.3276
   0.9707]",112
880,4,"[[ 0.30132215 -0.25314901  0.37685099]
 [-0.27164168 -0.29308675  0.33691325]
 [-0.03313488 -0.31744889  0.31255111]
 [ 0.03313488  0.31744889 -0.31255111]
 [-0.30132215  0.25314901 -0.37685099]
 [ 0.27164168  0.29308675 -0.33691325]]","[1851. 2213.  958. 2026. 2254.  917. 2225. 2239.  932. 2244. 2213.  958.
 2069. 2254.  917. 1870. 2239.  932.]","[1852. 2191.  978. 2045. 2215.  939. 2235. 2237.  933. 2244. 2195.  974.
 2052. 2227.  931. 1858. 2239.  931.]","[-1.6935e+01  3.8290e+00  6.2990e+01  4.8830e-01  4.2720e-01  4.2720e-01
 -5.0300e-02 -3.0960e-01  9.5210e-01]",112
881,4,"[[ 0.30069063 -0.25969643  0.37030357]
 [-0.26625571 -0.29252502  0.33747498]
 [-0.03987832 -0.31760732  0.31239268]
 [ 0.03987832  0.31760732 -0.31239268]
 [-0.30069063  0.25969643 -0.37030357]
 [ 0.26625571  0.29252502 -0.33747498]]","[1851. 2217.  954. 2022. 2255.  916. 2221. 2238.  933. 2244. 2217.  954.
 2073. 2255.  916. 1874. 2238.  933.]","[1852. 2194.  975. 2042. 2216.  939. 2232. 2237.  933. 2244. 2200.  970.
 2057. 2227.  931. 1859. 2238.  931.]","[-1.6919e+01  3.8510e+00  6.3001e+01  8.5450e-01  4.8830e-01  6.1000e-02
 -4.5900e-02 -3.1150e-01  9.6140e-01]",112
882,4,"[[ 0.29995812 -0.26633151  0.36366849]
 [-0.26047638 -0.29196949  0.33803051]
 [-0.046593   -0.31775939  0.31224061]
 [ 0.046593    0.31775939 -0.31224061]
 [-0.29995812  0.26633151 -0.36366849]
 [ 0.26047638  0.29196949 -0.33803051]]","[1852. 2221.  950. 2017. 2255.  916. 2217. 2238.  933. 2243. 2221.  950.
 2078. 2255.  916. 1878. 2238.  933.]","[1852. 2197.  972. 2038. 2216.  939. 2229. 2237.  934. 2244. 2204.  966.
 2061. 2227.  930. 1861. 2238.  932.]","[-1.6891e+01  3.8620e+00  6.2990e+01  7.3240e-01  6.7140e-01 -3.6620e-01
 -5.7100e-02 -3.1590e-01  9.6630e-01]",112
883,4,"[[ 0.29912489 -0.27305121  0.35694879]
 [-0.25431691 -0.29142076  0.33857924]
 [-0.05327565 -0.31790499  0.31209501]
 [ 0.05327565  0.31790499 -0.31209501]
 [-0.29912489  0.27305121 -0.35694879]
 [ 0.25431691  0.29142076 -0.33857924]]","[1853. 2226.  945. 2013. 2255.  916. 2213. 2237.  933. 2242. 2226.  945.
 2082. 2255.  916. 1882. 2237.  933.]","[1852. 2199.  968. 2035. 2218.  939. 2226. 2237.  934. 2244. 2207.  963.
 2065. 2227.  929. 1863. 2237.  933.]","[-1.6870e+01  3.8840e+00  6.2968e+01  1.2817e+00  9.7660e-01 -5.4930e-01
 -6.0100e-02 -3.1350e-01  9.5310e-01]",112
884,4,"[[ 0.2981912  -0.27985249  0.35014751]
 [-0.24779101 -0.29087946  0.33912054]
 [-0.05992306 -0.31804406  0.31195594]
 [ 0.05992306  0.31804406 -0.31195594]
 [-0.2981912   0.27985249 -0.35014751]
 [ 0.24779101  0.29087946 -0.33912054]]","[1853. 2230.  941. 2008. 2255.  916. 2209. 2237.  934. 2242. 2230.  941.
 2087. 2255.  916. 1886. 2237.  934.]","[1853. 2202.  964. 2030. 2219.  939. 2222. 2237.  934. 2243. 2211.  959.
 2070. 2227.  929. 1866. 2236.  933.]","[-1.6826e+01  3.9060e+00  6.2930e+01  1.4648e+00  7.9350e-01 -8.5450e-01
 -4.9300e-02 -2.9740e-01  9.5900e-01]",112
885,4,"[[ 0.29715736 -0.28673227  0.34326773]
 [-0.24091284 -0.28552355  0.34447645]
 [-0.06653207 -0.3181765   0.3118235 ]
 [ 0.06653207  0.3181765  -0.3118235 ]
 [-0.29715736  0.28673227 -0.34326773]
 [ 0.24091284  0.28552355 -0.34447645]]","[1854. 2234.  937. 2004. 2255.  916. 2205. 2234.  937. 2241. 2234.  937.
 2091. 2255.  916. 1890. 2234.  937.]","[1853. 2205.  961. 2027. 2220.  939. 2219. 2237.  934. 2244. 2215.  955.
 2074. 2227.  928. 1868. 2236.  933.]","[-1.6782e+01  3.9170e+00  6.2886e+01  1.5869e+00  8.5450e-01 -1.1597e+00
 -5.6200e-02 -2.9100e-01  9.7460e-01]",112
886,4,"[[ 0.29602374 -0.29075437  0.33924563]
 [-0.23369693 -0.27503068  0.35496932]
 [-0.07309953 -0.31830223  0.31169777]
 [ 0.07309953  0.31830223 -0.31169777]
 [-0.29602374  0.29075437 -0.33924563]
 [ 0.23369693  0.27503068 -0.35496932]]","[1855. 2237.  934. 2000. 2255.  916. 2200. 2227.  944. 2240. 2237.  934.
 2095. 2255.  916. 1895. 2227.  944.]","[1854. 2211.  956. 2022. 2220.  938. 2213. 2238.  936. 2243. 2220.  950.
 2079. 2227.  927. 1872. 2234.  936.]","[-1.6727e+01  3.9390e+00  6.2831e+01  1.5869e+00  1.4648e+00 -1.1597e+00
 -5.7600e-02 -2.6370e-01  9.3410e-01]",112
887,4,"[[ 0.2947907  -0.29110575  0.33889425]
 [-0.22615813 -0.26472248  0.36527752]
 [-0.07962235 -0.3184212   0.3115788 ]
 [ 0.07962235  0.3184212  -0.3115788 ]
 [-0.2947907   0.29110575 -0.33889425]
 [ 0.22615813  0.26472248 -0.36527752]]","[1855. 2237.  934. 1996. 2255.  916. 2195. 2220.  951. 2240. 2237.  934.
 2099. 2255.  916. 1900. 2220.  951.]","[1854. 2213.  953. 2020. 2221.  937. 2210. 2237.  936. 2243. 2222.  948.
 2083. 2227.  927. 1875. 2232.  937.]","[-16.672    3.972   62.765    1.4648   1.2817  -1.2817  -0.1011  -0.2798
   0.9668]",112
888,4,"[[ 0.29345865 -0.29146058  0.33853942]
 [-0.21831158 -0.25461082  0.37538918]
 [-0.0860975  -0.31853331  0.31146669]
 [ 0.0860975   0.31853331 -0.31146669]
 [-0.29345865  0.29146058 -0.33853942]
 [ 0.21831158  0.25461082 -0.37538918]]","[1856. 2238.  933. 1991. 2255.  916. 2190. 2213.  957. 2239. 2238.  933.
 2104. 2255.  916. 1905. 2213.  957.]","[1855. 2215.  950. 2017. 2220.  937. 2205. 2233.  939. 2242. 2224.  947.
 2088. 2227.  926. 1881. 2227.  941.]","[-1.6617e+01  4.0050e+00  6.2699e+01  1.5259e+00  1.7090e+00 -1.1597e+00
 -6.1000e-02 -2.6710e-01  9.3850e-01]",112
889,4,"[[ 0.29202806 -0.29181872  0.33818128]
 [-0.21017268 -0.2447074   0.3852926 ]
 [-0.09252195 -0.31863851  0.31136149]
 [ 0.09252195  0.31863851 -0.31136149]
 [-0.29202806  0.29181872 -0.33818128]
 [ 0.21017268  0.2447074  -0.3852926 ]]","[1857. 2238.  933. 1987. 2255.  916. 2185. 2207.  964. 2238. 2238.  933.
 2108. 2255.  916. 1910. 2207.  964.]","[1856. 2218.  949. 2013. 2221.  937. 2200. 2227.  944. 2240. 2225.  945.
 2093. 2226.  927. 1887. 2222.  945.]","[-16.556    4.054   62.633    1.6479   1.3428  -1.4038  -0.083   -0.2607
   0.978 ]",112
890,4,"[[ 0.29049939 -0.29217999  0.33782001]
 [-0.20175701 -0.23502379  0.39497621]
 [-0.09889276 -0.31873672  0.31126328]
 [ 0.09889276  0.31873672 -0.31126328]
 [-0.29049939  0.29217999 -0.33782001]
 [ 0.20175701  0.23502379 -0.39497621]]","[1858. 2238.  933. 1983. 2255.  916. 2179. 2201.  970. 2237. 2238.  933.
 2112. 2255.  916. 1916. 2201.  970.]","[1857. 2218.  947. 2008. 2221.  937. 2195. 2221.  950. 2238. 2225.  944.
 2096. 2226.  927. 1894. 2217.  951.]","[-16.49     4.087   62.578    1.5259   1.0986   0.2441  -0.1304  -0.1992
   0.9307]",112
891,4,"[[ 0.28887317 -0.29254426  0.33745574]
 [-0.19308032 -0.22557135  0.40442865]
 [-0.105207   -0.31882789  0.31117211]
 [ 0.105207    0.31882789 -0.31117211]
 [-0.28887317  0.29254426 -0.33745574]
 [ 0.19308032  0.22557135 -0.40442865]]","[1859. 2238.  933. 1979. 2255.  916. 2173. 2195.  976. 2236. 2238.  933.
 2116. 2255.  916. 1922. 2195.  976.]","[1857. 2219.  946. 2002. 2221.  937. 2190. 2215.  956. 2237. 2226.  942.
 2102. 2226.  927. 1900. 2214.  957.]","[-1.6425e+01  4.1360e+00  6.2595e+01  1.0376e+00  3.0520e-01  2.1362e+00
 -5.5200e-02 -2.5440e-01  9.3460e-01]",112
892,4,"[[ 0.28714993 -0.29291135  0.33708865]
 [-0.18415851 -0.21636125  0.41363875]
 [-0.11146181 -0.31891195  0.31108805]
 [ 0.11146181  0.31891195 -0.31108805]
 [-0.28714993  0.29291135 -0.33708865]
 [ 0.18415851  0.21636125 -0.41363875]]","[1860. 2238.  933. 1975. 2255.  916. 2168. 2189.  982. 2235. 2238.  933.
 2120. 2255.  916. 1927. 2189.  982.]","[1859. 2219.  945. 1997. 2220.  937. 2185. 2209.  963. 2237. 2226.  941.
 2106. 2226.  927. 1907. 2209.  963.]","[-16.364    4.175   62.666    1.0986   0.3662   1.5259  -0.0747  -0.2959
   0.9697]",112
893,4,"[[ 0.28533026 -0.29328111  0.33671889]
 [-0.17500756 -0.20740444  0.42259556]
 [-0.11765437 -0.31898885  0.31101115]
 [ 0.11765437  0.31898885 -0.31101115]
 [-0.28533026  0.29328111 -0.33671889]
 [ 0.17500756  0.20740444 -0.42259556]]","[1861. 2239.  932. 1971. 2255.  916. 2162. 2183.  988. 2234. 2239.  932.
 2124. 2255.  916. 1933. 2183.  988.]","[1860. 2221.  943. 1994. 2221.  937. 2179. 2202.  969. 2236. 2226.  941.
 2111. 2227.  927. 1914. 2203.  969.]","[-1.6309e+01  4.2080e+00  6.2710e+01  8.5450e-01  4.2720e-01  4.2720e-01
 -4.4900e-02 -3.2280e-01  9.5120e-01]",112
894,4,"[[ 0.28341476 -0.29365337  0.33634663]
 [-0.1656435  -0.19871163  0.43128837]
 [-0.1237819  -0.31905853  0.31094147]
 [ 0.1237819   0.31905853 -0.31094147]
 [-0.28341476  0.29365337 -0.33634663]
 [ 0.1656435   0.19871163 -0.43128837]]","[1863. 2239.  932. 1967. 2255.  915. 2155. 2177.  994. 2232. 2239.  932.
 2128. 2255.  915. 1940. 2177.  994.]","[1861. 2223.  942. 1989. 2221.  937. 2173. 2196.  975. 2235. 2225.  940.
 2115. 2226.  927. 1920. 2197.  975.]","[-16.271    4.23    62.715    0.9766   0.7324  -0.6104  -0.0713  -0.3398
   0.9531]",112
895,4,"[[ 0.28140409 -0.29402799  0.33597201]
 [-0.1560824  -0.19029327  0.43970673]
 [-0.12984168 -0.31912094  0.31087906]
 [ 0.12984168  0.31912094 -0.31087906]
 [-0.28140409  0.29402799 -0.33597201]
 [ 0.1560824   0.19029327 -0.43970673]]","[1864. 2239.  932. 1963. 2256.  915. 2149. 2172.  999. 2231. 2239.  932.
 2132. 2256.  915. 1946. 2172.  999.]","[1862. 2224.  942. 1985. 2221.  937. 2168. 2191.  981. 2234. 2225.  940.
 2119. 2226.  927. 1926. 2191.  981.]","[-16.238    4.246   62.677    0.9766   0.7935  -0.8545  -0.0815  -0.3198
   0.9424]",112
896,4,"[[ 0.27929891 -0.29440479  0.33559521]
 [-0.14634032 -0.18215955  0.44784045]
 [-0.13583103 -0.31917603  0.31082397]
 [ 0.13583103  0.31917603 -0.31082397]
 [-0.27929891  0.29440479 -0.33559521]
 [ 0.14634032  0.18215955 -0.44784045]]","[1865. 2239.  932. 1959. 2256.  915. 2143. 2166. 1005. 2230. 2239.  932.
 2136. 2256.  915. 1952. 2166. 1005.]","[1863. 2225.  941. 1982. 2221.  937. 2162. 2185.  987. 2232. 2225.  939.
 2123. 2226.  927. 1933. 2186.  988.]","[-16.205    4.274   62.644    1.1597   0.7324  -0.1831  -0.0781  -0.3047
   0.9385]",112
897,4,"[[ 0.27709993 -0.29478362  0.33521638]
 [-0.13643328 -0.17432035  0.45567965]
 [-0.14174734 -0.31922376  0.31077624]
 [ 0.14174734  0.31922376 -0.31077624]
 [-0.27709993  0.29478362 -0.33521638]
 [ 0.13643328  0.17432035 -0.45567965]]","[1867. 2240.  931. 1955. 2256.  915. 2136. 2161. 1010. 2228. 2240.  931.
 2140. 2256.  915. 1959. 2161. 1010.]","[1864. 2224.  941. 1979. 2221.  937. 2156. 2179.  993. 2231. 2225.  939.
 2126. 2226.  927. 1939. 2180.  993.]","[-16.166    4.296   62.639    1.0376   0.3662   0.1831  -0.0776  -0.2944
   0.9409]",112
898,4,"[[ 0.2748079  -0.29516431  0.33483569]
 [-0.12637723 -0.16678528  0.46321472]
 [-0.14758803 -0.3192641   0.3107359 ]
 [ 0.14758803  0.3192641  -0.3107359 ]
 [-0.2748079   0.29516431 -0.33483569]
 [ 0.12637723  0.16678528 -0.46321472]]","[1868. 2240.  931. 1951. 2256.  915. 2130. 2156. 1015. 2227. 2240.  931.
 2144. 2256.  915. 1965. 2156. 1015.]","[1866. 2225.  941. 1976. 2221.  938. 2149. 2173.  999. 2229. 2225.  938.
 2130. 2226.  927. 1946. 2175.  999.]","[-16.15     4.307   62.65     0.4272   0.       0.3052  -0.0728  -0.2764
   0.9565]",112
899,4,"[[ 0.27242358 -0.29554671  0.33445329]
 [-0.11618804 -0.15956359  0.47043641]
 [-0.15335058 -0.319297    0.310703  ]
 [ 0.15335058  0.319297   -0.310703  ]
 [-0.27242358  0.29554671 -0.33445329]
 [ 0.11618804  0.15956359 -0.47043641]]","[1870. 2240.  931. 1948. 2256.  915. 2123. 2152. 1019. 2225. 2240.  931.
 2147. 2256.  915. 1972. 2152. 1019.]","[1867. 2225.  940. 1972. 2222.  937. 2143. 2168. 1004. 2228. 2225.  938.
 2133. 2226.  927. 1952. 2170. 1004.]","[-1.6139e+01  4.3070e+00  6.2650e+01  3.0520e-01  6.1000e-02 -6.1000e-02
 -8.6900e-02 -2.7050e-01  9.6090e-01]",112
900,4,"[[ 0.26994776 -0.29593066  0.33406934]
 [-0.10588146 -0.1526642   0.4773358 ]
 [-0.15903252 -0.31932243  0.31067757]
 [ 0.15903252  0.31932243 -0.31067757]
 [-0.26994776  0.29593066 -0.33406934]
 [ 0.10588146  0.1526642  -0.4773358 ]]","[1872. 2240.  931. 1944. 2256.  915. 2117. 2147. 1024. 2223. 2240.  931.
 2151. 2256.  915. 1978. 2147. 1024.]","[1869. 2226.  939. 1969. 2223.  937. 2137. 2164. 1009. 2226. 2226.  938.
 2138. 2227.  927. 1959. 2165. 1009.]","[-16.128    4.318   62.644    0.5493   0.3052  -0.3662  -0.0801  -0.27
   0.959 ]",112
901,4,"[[ 0.26738129 -0.29631599  0.33368401]
 [-0.09547307 -0.14609571  0.48390429]
 [-0.16463144 -0.31934039  0.31065961]
 [ 0.16463144  0.31934039 -0.31065961]
 [-0.26738129  0.29631599 -0.33368401]
 [ 0.09547307  0.14609571 -0.48390429]]","[1873. 2241.  930. 1940. 2256.  915. 2110. 2143. 1028. 2222. 2241.  930.
 2155. 2256.  915. 1985. 2143. 1028.]","[1871. 2227.  938. 1965. 2224.  937. 2131. 2158. 1014. 2224. 2226.  938.
 2142. 2226.  927. 1964. 2161. 1014.]","[-16.111    4.323   62.622    0.3052   0.2441  -0.4272  -0.0693  -0.272
   0.9648]",112
902,4,"[[ 0.26472503 -0.29670254  0.33329746]
 [-0.08497833 -0.13986632  0.49013368]
 [-0.17014499 -0.31935099  0.31064901]
 [ 0.17014499  0.31935099 -0.31064901]
 [-0.26472503  0.29670254 -0.33329746]
 [ 0.08497833  0.13986632 -0.49013368]]","[1875. 2241.  930. 1937. 2256.  915. 2103. 2139. 1032. 2220. 2241.  930.
 2158. 2256.  915. 1992. 2139. 1032.]","[1872. 2227.  938. 1962. 2224.  937. 2124. 2154. 1019. 2222. 2225.  938.
 2144. 2226.  927. 1971. 2155. 1018.]","[-16.1      4.329   62.6      0.3662   0.1221  -0.4883  -0.0654  -0.2749
   0.9639]",112
903,4,"[[ 0.26197986 -0.29709015  0.33290985]
 [-0.07441246 -0.13398387  0.49601613]
 [-0.17557085 -0.31935434  0.31064566]
 [ 0.17557085  0.31935434 -0.31064566]
 [-0.26197986  0.29709015 -0.33290985]
 [ 0.07441246  0.13398387 -0.49601613]]","[1877. 2241.  930. 1933. 2256.  915. 2096. 2135. 1036. 2218. 2241.  930.
 2162. 2256.  915. 1999. 2135. 1036.]","[1874. 2228.  937. 1958. 2224.  937. 2115. 2148. 1025. 2220. 2225.  937.
 2149. 2226.  927. 1980. 2150. 1024.]","[-16.084    4.329   62.578    0.5493   0.2441  -0.6714  -0.0654  -0.2773
   0.9487]",112
904,4,"[[ 0.25914671 -0.29747866  0.33252134]
 [-0.0637905  -0.12845579  0.50154421]
 [-0.18090677 -0.31934684  0.31065316]
 [ 0.18090677  0.31934684 -0.31065316]
 [-0.25914671  0.29747866 -0.33252134]
 [ 0.0637905   0.12845579 -0.50154421]]","[1879. 2241.  930. 1930. 2256.  915. 2089. 2131. 1040. 2216. 2241.  930.
 2165. 2256.  915. 2006. 2131. 1040.]","[1876. 2228.  937. 1955. 2224.  937. 2110. 2144. 1027. 2219. 2226.  936.
 2151. 2226.  927. 1985. 2147. 1027.]","[-16.068    4.334   62.551    0.4883   0.3052  -0.5493  -0.0801  -0.2783
   0.9526]",112
905,4,"[[ 0.25622654 -0.29786792  0.33213208]
 [-0.05312727 -0.12328912  0.50671088]
 [-0.18615056 -0.31931555  0.31068445]
 [ 0.18615056  0.31931555 -0.31068445]
 [-0.25622654  0.29786792 -0.33213208]
 [ 0.05312727  0.12328912 -0.50671088]]","[1880. 2242.  929. 1926. 2256.  915. 2082. 2128. 1043. 2215. 2242.  929.
 2169. 2256.  915. 2013. 2128. 1043.]","[1878. 2228.  936. 1952. 2224.  937. 2104. 2141. 1031. 2217. 2226.  936.
 2155. 2226.  927. 1992. 2142. 1031.]","[-16.051    4.34    62.529    0.1831   0.1831  -0.3662  -0.0811  -0.2769
   0.9429]",112
906,4,"[[ 0.25322031 -0.29825776  0.33174224]
 [-0.04243732 -0.11849049  0.51150951]
 [-0.19130008 -0.31925698  0.31074302]
 [ 0.19130008  0.31925698 -0.31074302]
 [-0.25322031  0.29825776 -0.33174224]
 [ 0.04243732  0.11849049 -0.51150951]]","[1882. 2242.  929. 1923. 2256.  915. 2075. 2125. 1046. 2213. 2242.  929.
 2172. 2256.  915. 2020. 2125. 1046.]","[1880. 2228.  936. 1948. 2224.  937. 2096. 2137. 1035. 2215. 2225.  936.
 2158. 2227.  927. 1999. 2139. 1035.]","[-1.6046e+01  4.3400e+00  6.2512e+01  6.1000e-02  6.1000e-02 -3.6620e-01
 -8.8400e-02 -2.8320e-01  9.5650e-01]",112
907,4,"[[ 0.25012904 -0.29864802  0.33135198]
 [-0.03173495 -0.11406608  0.51593392]
 [-0.19635325 -0.31917405  0.31082595]
 [ 0.19635325  0.31917405 -0.31082595]
 [-0.25012904  0.29864802 -0.33135198]
 [ 0.03173495  0.11406608 -0.51593392]]","[1884. 2242.  929. 1919. 2256.  915. 2068. 2122. 1049. 2211. 2242.  929.
 2176. 2256.  915. 2027. 2122. 1049.]","[1882. 2228.  935. 1945. 2224.  937. 2089. 2134. 1039. 2214. 2226.  936.
 2161. 2227.  927. 2006. 2136. 1038.]","[-16.046    4.345   62.501    0.1221   0.1221  -0.2441  -0.0879  -0.2905
   0.9517]",112
908,4,"[[ 0.24695378 -0.29903854  0.33096146]
 [-0.02103418 -0.11002166  0.51997834]
 [-0.20130805 -0.31906762  0.31093238]
 [ 0.20130805  0.31906762 -0.31093238]
 [-0.24695378  0.29903854 -0.33096146]
 [ 0.02103418  0.11002166 -0.51997834]]","[1887. 2242.  929. 1916. 2255.  915. 2061. 2119. 1052. 2208. 2242.  929.
 2179. 2255.  915. 2034. 2119. 1052.]","[1883. 2228.  935. 1942. 2224.  937. 2083. 2130. 1043. 2211. 2225.  936.
 2165. 2226.  927. 2013. 2133. 1042.]","[-16.046    4.351   62.485    0.       0.1831  -0.3052  -0.082   -0.292
   0.9502]",112
909,4,"[[ 0.24369558 -0.29942917  0.33057083]
 [-0.01034874 -0.10636254  0.52363746]
 [-0.2061625  -0.3189381   0.3110619 ]
 [ 0.2061625   0.3189381  -0.3110619 ]
 [-0.24369558  0.29942917 -0.33057083]
 [ 0.01034874  0.10636254 -0.52363746]]","[1889. 2243.  928. 1913. 2255.  916. 2054. 2117. 1054. 2206. 2243.  928.
 2182. 2255.  916. 2041. 2117. 1054.]","[1886. 2228.  935. 1938. 2224.  937. 2075. 2127. 1046. 2210. 2226.  936.
 2168. 2226.  927. 2020. 2129. 1045.]","[-16.046    4.356   62.474    0.       0.1221  -0.1831  -0.0728  -0.2881
   0.9526]",112
910,4,"[[ 2.40355533e-01 -2.99819744e-01  3.30180256e-01]
 [ 3.07942945e-04 -1.03093562e-01  5.26906438e-01]
 [-2.10914705e-01 -3.18785885e-01  3.11214115e-01]
 [ 2.10914705e-01  3.18785885e-01 -3.11214115e-01]
 [-2.40355533e-01  2.99819744e-01 -3.30180256e-01]
 [-3.07942945e-04  1.03093562e-01 -5.26906438e-01]]","[1891. 2243.  928. 1910. 2255.  916. 2047. 2115. 1056. 2204. 2243.  928.
 2185. 2255.  916. 2048. 2115. 1056.]","[1889. 2229.  934. 1935. 2225.  937. 2069. 2124. 1048. 2207. 2226.  935.
 2171. 2227.  927. 2027. 2126. 1048.]","[-1.6051e+01  4.3620e+00  6.2468e+01  1.8310e-01  6.1000e-02 -1.2210e-01
 -6.6900e-02 -2.8320e-01  9.6000e-01]",112
911,4,"[[ 0.23693477 -0.30021011  0.32978989]
 [ 0.01092276 -0.10021913  0.52978087]
 [-0.2155628  -0.31861136  0.31138864]
 [ 0.2155628   0.31861136 -0.31138864]
 [-0.23693477  0.30021011 -0.32978989]
 [-0.01092276  0.10021913 -0.52978087]]","[1893. 2243.  928. 1907. 2255.  916. 2040. 2113. 1058. 2202. 2243.  928.
 2188. 2255.  916. 2055. 2113. 1058.]","[1890. 2229.  933. 1932. 2224.  937. 2062. 2121. 1051. 2205. 2226.  935.
 2174. 2226.  927. 2034. 2123. 1051.]","[-1.6046e+01  4.3670e+00  6.2463e+01  2.4410e-01  6.1000e-02 -1.2210e-01
 -6.8400e-02 -2.7690e-01  9.5900e-01]",112
912,4,"[[ 0.23343444 -0.30060011  0.32939989]
 [ 0.02148291 -0.09774317  0.53225683]
 [-0.220105   -0.31841494  0.31158506]
 [ 0.220105    0.31841494 -0.31158506]
 [-0.23343444  0.30060011 -0.32939989]
 [-0.02148291  0.09774317 -0.53225683]]","[1895. 2243.  928. 1904. 2255.  916. 2033. 2111. 1060. 2200. 2243.  928.
 2191. 2255.  916. 2062. 2111. 1060.]","[1892. 2229.  933. 1929. 2224.  937. 2055. 2119. 1053. 2203. 2225.  936.
 2177. 2226.  927. 2041. 2121. 1053.]","[-16.04     4.367   62.452    0.1831   0.1221  -0.2441  -0.082   -0.2764
   0.9561]",112
913,4,"[[ 0.22985571 -0.30098958  0.32901042]
 [ 0.03197596 -0.09566913  0.53433087]
 [-0.22453956 -0.31819708  0.31180292]
 [ 0.22453956  0.31819708 -0.31180292]
 [-0.22985571  0.30098958 -0.32901042]
 [-0.03197596  0.09566913 -0.53433087]]","[1898. 2244.  927. 1901. 2255.  916. 2027. 2110. 1061. 2197. 2244.  927.
 2194. 2255.  916. 2068. 2110. 1061.]","[1895. 2229.  932. 1925. 2224.  937. 2046. 2116. 1056. 2200. 2226.  935.
 2180. 2227.  927. 2049. 2119. 1056.]","[-1.6035e+01  4.3730e+00  6.2441e+01  6.1000e-02  1.8310e-01 -1.8310e-01
 -8.2000e-02 -2.7150e-01  9.5850e-01]",112
914,4,"[[ 0.2261998  -0.30137837  0.32862163]
 [ 0.04238979 -0.09399997  0.53600003]
 [-0.22886482 -0.31795822  0.31204178]
 [ 0.22886482  0.31795822 -0.31204178]
 [-0.2261998   0.30137837 -0.32862163]
 [-0.04238979  0.09399997 -0.53600003]]","[1900. 2244.  927. 1898. 2255.  916. 2020. 2109. 1062. 2195. 2244.  927.
 2197. 2255.  916. 2075. 2109. 1062.]","[1897. 2229.  932. 1922. 2224.  937. 2041. 2115. 1057. 2199. 2225.  935.
 2183. 2227.  927. 2054. 2117. 1057.]","[-1.6035e+01  4.3780e+00  6.2435e+01  6.1000e-02  6.1000e-02 -1.2210e-01
 -7.6200e-02 -2.7590e-01  9.5310e-01]",112
915,4,"[[ 0.22246791 -0.30176633  0.32823367]
 [ 0.05271264 -0.09273818  0.53726182]
 [-0.23307915 -0.31769885  0.31230115]
 [ 0.23307915  0.31769885 -0.31230115]
 [-0.22246791  0.30176633 -0.32823367]
 [-0.05271264  0.09273818 -0.53726182]]","[1902. 2244.  927. 1896. 2255.  916. 2013. 2108. 1063. 2193. 2244.  927.
 2199. 2255.  916. 2082. 2108. 1063.]","[1899. 2229.  931. 1919. 2225.  937. 2034. 2114. 1059. 2196. 2226.  935.
 2186. 2227.  927. 2061. 2115. 1058.]","[-16.029    4.384   62.424    0.       0.1221  -0.2441  -0.0767  -0.2793
   0.9565]",112
916,4,"[[ 0.21866132 -0.30215331  0.32784669]
 [ 0.06293311 -0.09188583  0.53811417]
 [-0.23718099 -0.31741947  0.31258053]
 [ 0.23718099  0.31741947 -0.31258053]
 [-0.21866132  0.30215331 -0.32784669]
 [-0.06293311  0.09188583 -0.53811417]]","[1905. 2244.  926. 1893. 2254.  917. 2006. 2107. 1064. 2190. 2244.  926.
 2202. 2254.  917. 2089. 2107. 1064.]","[1901. 2229.  931. 1916. 2225.  937. 2027. 2112. 1060. 2194. 2225.  935.
 2188. 2226.  927. 2069. 2113. 1060.]","[-16.029    4.384   62.413    0.       0.      -0.2441  -0.0737  -0.2788
   0.9551]",112
917,4,"[[ 0.21478129 -0.30253915  0.32746085]
 [ 0.07304014 -0.09144576  0.53855424]
 [-0.24116886 -0.31712058  0.31287942]
 [ 0.24116886  0.31712058 -0.31287942]
 [-0.21478129  0.30253915 -0.32746085]
 [-0.07304014  0.09144576 -0.53855424]]","[1907. 2245.  926. 1890. 2254.  917. 2000. 2107. 1064. 2188. 2245.  926.
 2205. 2254.  917. 2095. 2107. 1064.]","[1904. 2229.  931. 1913. 2224.  937. 2020. 2111. 1061. 2192. 2226.  935.
 2192. 2227.  927. 2075. 2113. 1061.]","[-1.6035e+01  4.3840e+00  6.2402e+01  0.0000e+00  6.1000e-02 -2.4410e-01
 -7.8100e-02 -2.8270e-01  9.5510e-01]",112
918,4,"[[ 0.21082913 -0.30292369  0.32707631]
 [ 0.08302305 -0.0914285   0.5385715 ]
 [-0.2450413  -0.31680272  0.31319728]
 [ 0.2450413   0.31680272 -0.31319728]
 [-0.21082913  0.30292369 -0.32707631]
 [-0.08302305  0.0914285  -0.5385715 ]]","[1910. 2245.  926. 1888. 2254.  917. 1993. 2107. 1064. 2185. 2245.  926.
 2207. 2254.  917. 2102. 2107. 1064.]","[1906. 2229.  930. 1910. 2224.  937. 2014. 2110. 1062. 2190. 2225.  934.
 2194. 2226.  927. 2082. 2112. 1062.]","[-1.6029e+01  4.3840e+00  6.2397e+01  6.1000e-02  6.1000e-02 -1.8310e-01
 -7.0800e-02 -2.8320e-01  9.5560e-01]",112
919,4,"[[ 0.20680617 -0.30330679  0.32669321]
 [ 0.09287154 -0.09170535  0.53829465]
 [-0.24879694 -0.31646642  0.31353358]
 [ 0.24879694  0.31646642 -0.31353358]
 [-0.20680617  0.30330679 -0.32669321]
 [-0.09287154  0.09170535 -0.53829465]]","[1913. 2245.  926. 1885. 2254.  917. 1987. 2107. 1064. 2182. 2245.  926.
 2210. 2254.  917. 2108. 2107. 1064.]","[1909. 2230.  930. 1908. 2225.  937. 2007. 2110. 1062. 2187. 2226.  935.
 2197. 2227.  927. 2089. 2112. 1062.]","[-1.6029e+01  4.3840e+00  6.2380e+01  0.0000e+00  6.1000e-02 -3.0520e-01
 -7.2800e-02 -2.8220e-01  9.5510e-01]",112
920,4,"[[ 0.20271375 -0.30368831  0.32631169]
 [ 0.10257566 -0.09201136  0.53798864]
 [-0.25243447 -0.31611225  0.31388775]
 [ 0.25243447  0.31611225 -0.31388775]
 [-0.20271375  0.30368831 -0.32631169]
 [-0.10257566  0.09201136 -0.53798864]]","[1915. 2245.  925. 1883. 2254.  917. 1981. 2107. 1063. 2180. 2245.  925.
 2212. 2254.  917. 2114. 2107. 1063.]","[1911. 2231.  930. 1905. 2224.  937. 2000. 2109. 1063. 2185. 2226.  934.
 2199. 2226.  927. 2095. 2111. 1062.]","[-1.6029e+01  4.3840e+00  6.2369e+01  6.1000e-02  6.1000e-02 -3.6620e-01
 -7.7600e-02 -2.7540e-01  9.5700e-01]",112
921,4,"[[ 0.19855326 -0.30406808  0.32593192]
 [ 0.11212583 -0.09240057  0.53759943]
 [-0.25595262 -0.31574076  0.31425924]
 [ 0.25595262  0.31574076 -0.31425924]
 [-0.19855326  0.30406808 -0.32593192]
 [-0.11212583  0.09240057 -0.53759943]]","[1918. 2246.  925. 1881. 2253.  918. 1974. 2108. 1063. 2177. 2246.  925.
 2214. 2253.  918. 2121. 2108. 1063.]","[1914. 2231.  930. 1903. 2224.  937. 1994. 2109. 1063. 2182. 2226.  934.
 2202. 2226.  927. 2102. 2111. 1062.]","[-1.6024e+01  4.3890e+00  6.2358e+01  6.1000e-02  1.2210e-01 -1.8310e-01
 -7.6700e-02 -2.7730e-01  9.5850e-01]",112
922,4,"[[ 0.19432609 -0.30444596  0.32555404]
 [ 0.12151286 -0.09290205  0.53709795]
 [-0.25935019 -0.31535255  0.31464745]
 [ 0.25935019  0.31535255 -0.31464745]
 [-0.19432609  0.30444596 -0.32555404]
 [-0.12151286  0.09290205 -0.53709795]]","[1921. 2246.  925. 1878. 2253.  918. 1968. 2108. 1063. 2174. 2246.  925.
 2217. 2253.  918. 2127. 2108. 1063.]","[1917. 2232.  929. 1900. 2224.  937. 1987. 2109. 1063. 2180. 2226.  934.
 2204. 2227.  927. 2108. 2111. 1063.]","[-16.024    4.395   62.347    0.1221   0.1831  -0.2441  -0.0747  -0.2783
   0.9619]",112
923,4,"[[ 0.19003366 -0.30482182  0.32517818]
 [ 0.13072793 -0.09352402  0.53647598]
 [-0.26262605 -0.3149482   0.3150518 ]
 [ 0.26262605  0.3149482  -0.3150518 ]
 [-0.19003366  0.30482182 -0.32517818]
 [-0.13072793  0.09352402 -0.53647598]]","[1924. 2246.  925. 1876. 2253.  918. 1962. 2108. 1063. 2171. 2246.  925.
 2219. 2253.  918. 2133. 2108. 1063.]","[1919. 2232.  930. 1897. 2224.  937. 1981. 2110. 1063. 2177. 2226.  934.
 2207. 2227.  927. 2114. 2111. 1062.]","[-16.018    4.4     62.331    0.1221   0.2441  -0.3052  -0.0796  -0.2783
   0.9561]",112
924,4,"[[ 0.1856774  -0.30519549  0.32480451]
 [ 0.13976259 -0.09426996  0.53573004]
 [-0.26577911 -0.31452832  0.31547168]
 [ 0.26577911  0.31452832 -0.31547168]
 [-0.1856774   0.30519549 -0.32480451]
 [-0.13976259  0.09426996 -0.53573004]]","[1926. 2246.  925. 1874. 2253.  918. 1956. 2109. 1062. 2169. 2246.  925.
 2221. 2253.  918. 2139. 2109. 1062.]","[1922. 2232.  929. 1895. 2225.  937. 1975. 2109. 1062. 2174. 2226.  934.
 2209. 2227.  927. 2120. 2111. 1062.]","[-16.013    4.406   62.314    0.1221   0.2441  -0.3052  -0.0791  -0.2808
   0.9478]",112
925,4,"[[ 0.18125879 -0.30556685  0.32443315]
 [ 0.14860875 -0.09514236  0.53485764]
 [-0.26880836 -0.3140935   0.3159065 ]
 [ 0.26880836  0.3140935  -0.3159065 ]
 [-0.18125879  0.30556685 -0.32443315]
 [-0.14860875  0.09514236 -0.53485764]]","[1929. 2247.  924. 1872. 2252.  919. 1951. 2110. 1061. 2166. 2247.  924.
 2223. 2252.  919. 2144. 2110. 1061.]","[1925. 2233.  929. 1893. 2225.  937. 1969. 2109. 1063. 2172. 2225.  933.
 2211. 2227.  927. 2127. 2111. 1062.]","[-1.6007e+01  4.4110e+00  6.2303e+01  6.1000e-02  1.2210e-01 -2.4410e-01
 -7.9600e-02 -2.8080e-01  9.6000e-01]",112
926,4,"[[ 0.17677931 -0.30593574  0.32406426]
 [ 0.15725872 -0.09614344  0.53385656]
 [-0.27171283 -0.31364437  0.31635563]
 [ 0.27171283  0.31364437 -0.31635563]
 [-0.17677931  0.30593574 -0.32406426]
 [-0.15725872  0.09614344 -0.53385656]]","[1932. 2247.  924. 1870. 2252.  919. 1945. 2110. 1061. 2163. 2247.  924.
 2225. 2252.  919. 2150. 2110. 1061.]","[1928. 2233.  929. 1891. 2224.  937. 1963. 2110. 1062. 2169. 2226.  933.
 2214. 2227.  927. 2133. 2111. 1062.]","[-1.6007e+01  4.4170e+00  6.2292e+01  6.1000e-02  1.2210e-01 -1.8310e-01
 -7.2300e-02 -2.7640e-01  9.5170e-01]",112
927,4,"[[ 0.17224047 -0.30630203  0.32369797]
 [ 0.16570517 -0.09727531  0.53272469]
 [-0.27449163 -0.31318156  0.31681844]
 [ 0.27449163  0.31318156 -0.31681844]
 [-0.17224047  0.30630203 -0.32369797]
 [-0.16570517  0.09727531 -0.53272469]]","[1935. 2247.  924. 1869. 2252.  919. 1939. 2111. 1060. 2160. 2247.  924.
 2226. 2252.  919. 2156. 2111. 1060.]","[1930. 2233.  929. 1887. 2225.  937. 1957. 2110. 1062. 2167. 2226.  933.
 2216. 2227.  927. 2139. 2112. 1062.]","[-16.002    4.417   62.281    0.1221   0.1221  -0.3052  -0.0737  -0.2764
   0.957 ]",112
928,4,"[[ 0.16764377 -0.30666557  0.32333443]
 [ 0.17394111 -0.09853999  0.53146001]
 [-0.27714392 -0.31270568  0.31729432]
 [ 0.27714392  0.31270568 -0.31729432]
 [-0.16764377  0.30666557 -0.32333443]
 [-0.17394111  0.09853999 -0.53146001]]","[1938. 2247.  924. 1867. 2251.  920. 1934. 2112. 1059. 2157. 2247.  924.
 2228. 2251.  920. 2161. 2112. 1059.]","[1933. 2233.  928. 1886. 2225.  937. 1951. 2111. 1062. 2164. 2226.  932.
 2218. 2227.  927. 2144. 2111. 1061.]","[-1.6002e+01  4.4170e+00  6.2265e+01  0.0000e+00  6.1000e-02 -3.0520e-01
 -7.3700e-02 -2.7640e-01  9.5260e-01]",112
929,4,"[[ 0.16299078 -0.30702623  0.32297377]
 [ 0.18195996 -0.09993938  0.53006062]
 [-0.27966891 -0.31221739  0.31778261]
 [ 0.27966891  0.31221739 -0.31778261]
 [-0.16299078  0.30702623 -0.32297377]
 [-0.18195996  0.09993938 -0.53006062]]","[1941. 2248.  923. 1865. 2251.  920. 1929. 2113. 1058. 2154. 2248.  923.
 2230. 2251.  920. 2166. 2113. 1058.]","[1936. 2233.  928. 1884. 2225.  937. 1946. 2111. 1060. 2162. 2227.  932.
 2220. 2226.  927. 2150. 2112. 1061.]","[-1.6007e+01  4.4170e+00  6.2249e+01 -6.1000e-02  0.0000e+00 -3.6620e-01
 -7.9600e-02 -2.7830e-01  9.5950e-01]",112
930,4,"[[ 0.15828305 -0.30738388  0.32261612]
 [ 0.18975548 -0.10147531  0.52852469]
 [-0.28206589 -0.3117173   0.3182827 ]
 [ 0.28206589  0.3117173  -0.3182827 ]
 [-0.15828305  0.30738388 -0.32261612]
 [-0.18975548  0.10147531 -0.52852469]]","[1944. 2248.  923. 1864. 2251.  920. 1924. 2114. 1057. 2151. 2248.  923.
 2231. 2251.  920. 2171. 2114. 1057.]","[1939. 2233.  928. 1882. 2225.  937. 1940. 2112. 1059. 2158. 2227.  932.
 2222. 2226.  928. 2155. 2113. 1059.]","[-1.6007e+01  4.4170e+00  6.2238e+01  0.0000e+00  6.1000e-02 -3.0520e-01
 -7.5700e-02 -2.8420e-01  9.5410e-01]",112
931,4,"[[ 0.15352216 -0.30773838  0.32226162]
 [ 0.19732178 -0.10314951  0.52685049]
 [-0.28433418 -0.31120607  0.31879393]
 [ 0.28433418  0.31120607 -0.31879393]
 [-0.15352216  0.30773838 -0.32226162]
 [-0.19732178  0.10314951 -0.52685049]]","[1947. 2248.  923. 1862. 2250.  921. 1919. 2115. 1056. 2148. 2248.  923.
 2233. 2250.  921. 2176. 2115. 1056.]","[1942. 2233.  928. 1880. 2224.  937. 1935. 2113. 1059. 2156. 2227.  932.
 2224. 2227.  928. 2161. 2113. 1059.]","[-1.6007e+01  4.4110e+00  6.2221e+01 -6.1000e-02  0.0000e+00 -3.6620e-01
 -7.3200e-02 -2.8220e-01  9.5460e-01]",112
932,4,"[[ 0.14870972 -0.30808959  0.32191041]
 [ 0.20465333 -0.1049636   0.5250364 ]
 [-0.2864732  -0.31068434  0.31931566]
 [ 0.2864732   0.31068434 -0.31931566]
 [-0.14870972  0.30808959 -0.32191041]
 [-0.20465333  0.1049636  -0.5250364 ]]","[1951. 2248.  923. 1861. 2250.  921. 1914. 2116. 1055. 2144. 2248.  923.
 2234. 2250.  921. 2181. 2116. 1055.]","[1944. 2233.  928. 1879. 2224.  936. 1929. 2114. 1057. 2154. 2227.  932.
 2226. 2227.  928. 2165. 2114. 1058.]","[-16.018    4.411   62.205   -0.1831   0.      -0.4272  -0.0781  -0.2788
   0.958 ]",112
933,4,"[[ 0.14384733 -0.30843739  0.32156261]
 [ 0.21174497 -0.1069191   0.5230809 ]
 [-0.2884824  -0.31015276  0.31984724]
 [ 0.2884824   0.31015276 -0.31984724]
 [-0.14384733  0.30843739 -0.32156261]
 [-0.21174497  0.1069191  -0.5230809 ]]","[1954. 2249.  922. 1859. 2250.  921. 1909. 2117. 1054. 2141. 2249.  922.
 2236. 2250.  921. 2186. 2117. 1054.]","[1948. 2233.  928. 1876. 2224.  937. 1924. 2115. 1056. 2152. 2227.  932.
 2228. 2226.  928. 2171. 2115. 1056.]","[-1.6018e+01  4.4060e+00  6.2194e+01 -6.1000e-02  0.0000e+00 -2.4410e-01
 -7.9100e-02 -2.7590e-01  9.5610e-01]",112
934,4,"[[ 0.01424797 -0.31554675  0.31445325]
 [ 0.30235186 -0.20116555  0.42883445]
 [-0.28461585 -0.29582243  0.33417757]
 [ 0.28461585  0.29582243 -0.33417757]
 [-0.01424797  0.31554675 -0.31445325]
 [-0.30235186  0.20116555 -0.42883445]]","[2038. 2253.  918. 1862. 2240.  931. 1850. 2179.  992. 2057. 2253.  918.
 2233. 2240.  931. 2245. 2179.  992.]","[1951. 2233.  928. 1875. 2225.  937. 1919. 2116. 1055. 2149. 2227.  931.
 2230. 2226.  928. 2176. 2116. 1055.]","[-1.6018e+01  4.4110e+00  6.2188e+01  0.0000e+00  0.0000e+00 -6.1000e-02
 -7.9600e-02 -2.7980e-01  9.5560e-01]",112
935,4,"[[ 0.00869954 -0.31576957  0.31423043]
 [ 0.30256159 -0.20687512  0.42312488]
 [-0.28081346 -0.29522755  0.33477245]
 [ 0.28081346  0.29522755 -0.33477245]
 [-0.00869954  0.31576957 -0.31423043]
 [-0.30256159  0.20687512 -0.42312488]]","[2042. 2253.  918. 1864. 2240.  931. 1850. 2182.  989. 2053. 2253.  918.
 2231. 2240.  931. 2245. 2182.  989.]","[1967. 2235.  926. 1874. 2224.  938. 1904. 2129. 1044. 2130. 2227.  930.
 2230. 2226.  931. 2193. 2133. 1042.]","[-16.018    4.411   62.183    0.       0.      -0.1831  -0.0747  -0.2827
   0.9565]",112
936,4,"[[ 0.00314819 -0.31598623  0.31401377]
 [ 0.30255593 -0.21271878  0.41728122]
 [-0.27668276 -0.29463692  0.33536308]
 [ 0.27668276  0.29463692 -0.33536308]
 [-0.00314819  0.31598623 -0.31401377]
 [-0.30255593  0.21271878 -0.41728122]]","[2045. 2253.  917. 1867. 2240.  931. 1850. 2186.  985. 2050. 2253.  917.
 2228. 2240.  931. 2245. 2186.  985.]","[1992. 2237.  926. 1873. 2225.  939. 1885. 2150. 1023. 2107. 2229.  929.
 2231. 2226.  933. 2212. 2149. 1021.]","[-1.6018e+01  4.4110e+00  6.2166e+01  0.0000e+00  6.1000e-02 -4.2720e-01
 -7.5700e-02 -2.7980e-01  9.5360e-01]",112
937,4,"[[-0.00240423 -0.31619665  0.31380335]
 [ 0.30246135 -0.21867711  0.41132289]
 [-0.27223271 -0.29405117  0.33594883]
 [ 0.27223271  0.29405117 -0.33594883]
 [ 0.00240423  0.31619665 -0.31380335]
 [-0.30246135  0.21867711 -0.41132289]]","[2049. 2254.  917. 1870. 2239.  932. 1850. 2190.  981. 2046. 2254.  917.
 2225. 2239.  932. 2245. 2190.  981.]","[2008. 2237.  926. 1873. 2225.  939. 1874. 2164. 1009. 2092. 2229.  929.
 2234. 2225.  935. 2227. 2164. 1007.]","[-16.024    4.417   62.144    0.       0.1831  -0.3662  -0.0879  -0.2832
   0.9707]",112
938,4,"[[-0.00795583 -0.31640077  0.31359923]
 [ 0.30231389 -0.22473504  0.40526496]
 [-0.2674725  -0.29347092  0.33652908]
 [ 0.2674725   0.29347092 -0.33652908]
 [ 0.00795583  0.31640077 -0.31359923]
 [-0.30231389  0.22473504 -0.40526496]]","[2053. 2254.  917. 1873. 2239.  932. 1850. 2194.  977. 2042. 2254.  917.
 2222. 2239.  932. 2245. 2194.  977.]","[2020. 2239.  925. 1872. 2225.  939. 1863. 2173.  999. 2082. 2229.  929.
 2234. 2225.  937. 2237. 2174.  997.]","[-1.6018e+01  4.4110e+00  6.2177e+01 -6.1000e-02 -2.4410e-01  6.1040e-01
 -7.8100e-02 -2.1090e-01  9.7310e-01]",112
939,4,"[[-0.01350476 -0.31659852  0.31340148]
 [ 0.30211186 -0.23088837  0.39911163]
 [-0.26241153 -0.29289681  0.33710319]
 [ 0.26241153  0.29289681 -0.33710319]
 [ 0.01350476  0.31659852 -0.31340148]
 [-0.30211186  0.23088837 -0.39911163]]","[2056. 2254.  917. 1876. 2238.  933. 1851. 2198.  973. 2039. 2254.  917.
 2219. 2238.  933. 2244. 2198.  973.]","[2030. 2239.  925. 1868. 2225.  939. 1858. 2181.  992. 2072. 2230.  928.
 2234. 2224.  938. 2241. 2181.  991.]","[-1.5996e+01  4.4000e+00  6.2199e+01 -6.1000e-02 -5.4930e-01  4.2720e-01
 -8.0100e-02 -1.3380e-01  1.0151e+00]",112
940,4,"[[-0.01904916 -0.31678983  0.31321017]
 [ 0.30185192 -0.23713404  0.39286596]
 [-0.25705941 -0.29232943  0.33767057]
 [ 0.25705941  0.29232943 -0.33767057]
 [ 0.01904916  0.31678983 -0.31321017]
 [-0.30185192  0.23713404 -0.39286596]]","[2060. 2254.  917. 1880. 2238.  933. 1851. 2202.  969. 2035. 2254.  917.
 2215. 2238.  933. 2244. 2202.  969.]","[2038. 2239.  924. 1868. 2225.  939. 1857. 2187.  985. 2063. 2230.  927.
 2232. 2225.  940. 2243. 2187.  986.]","[-15.93     4.433   62.216    0.7935   0.5493   0.6104  -0.0771  -0.1465
   0.9932]",112
941,4,"[[-0.02458716 -0.31697465  0.31302535]
 [ 0.30153223 -0.24346882  0.38653118]
 [-0.2514259  -0.2917694   0.3382306 ]
 [ 0.2514259   0.2917694  -0.3382306 ]
 [ 0.02458716  0.31697465 -0.31302535]
 [-0.30153223  0.24346882 -0.38653118]]","[2064. 2254.  917. 1884. 2238.  933. 1851. 2206.  965. 2031. 2254.  917.
 2211. 2238.  933. 2244. 2206.  965.]","[2044. 2239.  924. 1869. 2225.  939. 1855. 2193.  979. 2057. 2230.  926.
 2230. 2225.  939. 2243. 2193.  980.]","[-15.914    4.449   62.26    -0.6714   0.1221   1.1597  -0.0928  -0.2197
   0.8853]",112
942,4,"[[-0.0301169  -0.3171529   0.3128471 ]
 [ 0.30115181 -0.24988938  0.38011062]
 [-0.24552093 -0.29121731  0.33878269]
 [ 0.24552093  0.29121731 -0.33878269]
 [ 0.0301169   0.3171529  -0.3128471 ]
 [-0.30115181  0.24988938 -0.38011062]]","[2067. 2254.  917. 1887. 2237.  934. 1851. 2210.  961. 2028. 2254.  917.
 2208. 2237.  934. 2244. 2210.  961.]","[2050. 2239.  925. 1871. 2225.  939. 1851. 2199.  974. 2050. 2230.  925.
 2227. 2225.  940. 2243. 2198.  974.]","[-15.963    4.438   62.292   -2.0142  -0.6104   0.6714  -0.0786  -0.3062
   0.9756]",112
943,4,"[[-0.03563653 -0.31732454  0.31267546]
 [ 0.30071011 -0.25639237  0.37360763]
 [-0.23935456 -0.29067377  0.33932623]
 [ 0.23935456  0.29067377 -0.33932623]
 [ 0.03563653  0.31732454 -0.31267546]
 [-0.30071011  0.25639237 -0.37360763]]","[2071. 2254.  917. 1891. 2237.  934. 1851. 2215.  956. 2024. 2254.  917.
 2204. 2237.  934. 2244. 2215.  956.]","[2054. 2238.  924. 1872. 2225.  938. 1850. 2203.  969. 2045. 2231.  925.
 2224. 2225.  940. 2243. 2202.  970.]","[-16.007    4.427   62.309   -1.5869  -0.4883   0.2441  -0.0693  -0.3599
   0.9619]",112
944,4,"[[-0.04114419 -0.31748951  0.31251049]
 [ 0.30020673 -0.26297447  0.36702553]
 [-0.23293696 -0.28138703  0.34861297]
 [ 0.23293696  0.28138703 -0.34861297]
 [ 0.04114419  0.31748951 -0.31251049]
 [-0.30020673  0.26297447 -0.36702553]]","[2074. 2254.  916. 1896. 2231.  940. 1852. 2219.  952. 2021. 2254.  916.
 2199. 2231.  940. 2243. 2219.  952.]","[2058. 2239.  924. 1874. 2225.  938. 1850. 2208.  965. 2041. 2230.  925.
 2221. 2225.  939. 2243. 2205.  966.]","[-16.024    4.417   62.331   -0.1221  -0.3052   0.5493  -0.1045  -0.4043
   0.9233]",112
945,4,"[[-0.04663803 -0.31764775  0.31235225]
 [ 0.29964136 -0.26963233  0.36036767]
 [-0.2262784  -0.27089268  0.35910732]
 [ 0.2262784   0.27089268 -0.35910732]
 [ 0.04663803  0.31764775 -0.31235225]
 [-0.29964136  0.26963233 -0.36036767]]","[2078. 2255.  916. 1900. 2224.  947. 1852. 2223.  948. 2017. 2255.  916.
 2195. 2224.  947. 2243. 2223.  948.]","[2061. 2239.  924. 1878. 2225.  940. 1851. 2212.  961. 2037. 2231.  924.
 2218. 2225.  941. 2242. 2209.  962.]","[-16.057    4.422   62.408    0.1831  -0.3052   1.4648  -0.0845  -0.3569
   0.9229]",112
946,4,"[[-0.05211621 -0.31779922  0.31220078]
 [ 0.2990137  -0.27636265  0.35363735]
 [-0.21938924 -0.26060363  0.36939637]
 [ 0.21938924  0.26060363 -0.36939637]
 [ 0.05211621  0.31779922 -0.31220078]
 [-0.2990137   0.27636265 -0.35363735]]","[2081. 2255.  916. 1904. 2217.  954. 1853. 2228.  943. 2014. 2255.  916.
 2191. 2217.  954. 2242. 2228.  943.]","[2063. 2239.  923. 1880. 2224.  943. 1851. 2216.  956. 2034. 2230.  924.
 2213. 2223.  944. 2241. 2212.  958.]","[-1.6073e+01  4.4330e+00  6.2474e+01  6.1000e-02 -3.6620e-01  1.7700e+00
 -6.8800e-02 -3.2420e-01  9.6340e-01]",112
947,4,"[[-0.05757689 -0.31794387  0.31205613]
 [ 0.29832352 -0.28316212  0.34683788]
 [-0.21227991 -0.25053095  0.37946905]
 [ 0.21227991  0.25053095 -0.37946905]
 [ 0.05757689  0.31794387 -0.31205613]
 [-0.29832352  0.28316212 -0.34683788]]","[2085. 2255.  916. 1909. 2211.  960. 1853. 2232.  939. 2010. 2255.  916.
 2186. 2211.  960. 2242. 2232.  939.]","[2065. 2239.  922. 1884. 2221.  947. 1851. 2221.  952. 2030. 2230.  924.
 2209. 2218.  946. 2239. 2216.  954.]","[-16.089    4.438   62.551    0.4883  -0.4883   2.1362  -0.1006  -0.272
   0.9404]",112
948,4,"[[-0.06301823 -0.31808165  0.31191835]
 [ 0.29757057 -0.29002745  0.33997255]
 [-0.20496089 -0.2406855   0.3893145 ]
 [ 0.20496089  0.2406855  -0.3893145 ]
 [ 0.06301823  0.31808165 -0.31191835]
 [-0.29757057  0.29002745 -0.33997255]]","[2089. 2255.  916. 1914. 2204.  967. 1854. 2237.  934. 2006. 2255.  916.
 2181. 2204.  967. 2241. 2237.  934.]","[2067. 2240.  921. 1890. 2217.  951. 1851. 2226.  947. 2027. 2230.  924.
 2205. 2214.  948. 2238. 2221.  950.]","[-16.084    4.455   62.65     0.6104  -0.6714   3.479   -0.1045  -0.2236
   0.9355]",112
949,4,"[[-0.06843841 -0.31821253  0.31178747]
 [ 0.29675465 -0.29091777  0.33908223]
 [-0.19744268 -0.23107786  0.39892214]
 [ 0.19744268  0.23107786 -0.39892214]
 [ 0.06843841  0.31821253 -0.31178747]
 [-0.29675465  0.29091777 -0.33908223]]","[2092. 2255.  916. 1919. 2198.  973. 1854. 2237.  934. 2003. 2255.  916.
 2176. 2198.  973. 2241. 2237.  934.]","[2069. 2240.  920. 1896. 2212.  956. 1852. 2230.  942. 2023. 2231.  924.
 2200. 2209.  952. 2239. 2224.  945.]","[-16.057    4.482   62.814    0.7935  -0.4883   5.3711  -0.0781  -0.2114
   0.9756]",112
950,4,"[[-0.0738356  -0.31833646  0.31166354]
 [ 0.29587555 -0.29126713  0.33873287]
 [-0.18973582 -0.22171837  0.40828163]
 [ 0.18973582  0.22171837 -0.40828163]
 [ 0.0738356   0.31833646 -0.31166354]
 [-0.29587555  0.29126713 -0.33873287]]","[2096. 2255.  916. 1924. 2192.  979. 1855. 2237.  934. 1999. 2255.  916.
 2171. 2192.  979. 2240. 2237.  934.]","[2072. 2240.  920. 1903. 2207.  960. 1855. 2233.  942. 2018. 2231.  923.
 2194. 2203.  958. 2238. 2226.  942.]","[-1.6018e+01  4.5260e+00  6.3040e+01 -2.4410e-01 -1.4648e+00  6.5918e+00
 -2.9800e-02 -2.0850e-01  9.7560e-01]",112
951,4,"[[-0.079208   -0.3184534   0.3115466 ]
 [ 0.2949331  -0.2916193   0.3383807 ]
 [-0.18185085 -0.2126171   0.4173829 ]
 [ 0.18185085  0.2126171  -0.4173829 ]
 [ 0.079208    0.3184534  -0.3115466 ]
 [-0.2949331   0.2916193  -0.3383807 ]]","[2099. 2255.  916. 1929. 2186.  985. 1855. 2238.  933. 1996. 2255.  916.
 2166. 2186.  985. 2240. 2238.  933.]","[2075. 2240.  920. 1910. 2205.  966. 1856. 2234.  941. 2012. 2230.  921.
 2190. 2198.  964. 2237. 2228.  938.]","[-1.6002e+01  4.5370e+00  6.3309e+01 -1.8310e-01 -1.7700e+00  5.9814e+00
  1.4200e-02 -2.1000e-01  9.7710e-01]",112
952,4,"[[-0.08455379 -0.31856333  0.31143667]
 [ 0.29392713 -0.29197411  0.33802589]
 [-0.17379833 -0.20378382  0.42621618]
 [ 0.17379833  0.20378382 -0.42621618]
 [ 0.08455379  0.31856333 -0.31143667]
 [-0.29392713  0.29197411 -0.33802589]]","[2103. 2255.  916. 1934. 2180.  991. 1856. 2238.  933. 1992. 2255.  916.
 2161. 2180.  991. 2239. 2238.  933.]","[2078. 2239.  920. 1916. 2200.  971. 1857. 2233.  938. 2008. 2231.  920.
 2184. 2193.  971. 2237. 2229.  936.]","[-1.5974e+01  4.5210e+00  6.3534e+01  2.4410e-01 -1.4038e+00  3.7842e+00
 -1.9000e-02 -2.4270e-01  9.9660e-01]",112
953,4,"[[-0.0898712  -0.31866621  0.31133379]
 [ 0.2928575  -0.29233141  0.33766859]
 [-0.16558876 -0.19522799  0.43477201]
 [ 0.16558876  0.19522799 -0.43477201]
 [ 0.0898712   0.31866621 -0.31133379]
 [-0.2928575   0.29233141 -0.33766859]]","[2106. 2255.  916. 1940. 2175.  996. 1857. 2238.  933. 1989. 2255.  916.
 2155. 2175.  996. 2238. 2238.  933.]","[2083. 2239.  921. 1925. 2194.  978. 1857. 2233.  937. 2003. 2231.  918.
 2178. 2188.  978. 2237. 2229.  935.]","[-1.5930e+01  4.4930e+00  6.3666e+01  9.7660e-01 -8.5450e-01  6.7140e-01
 -4.1500e-02 -2.6760e-01  9.4680e-01]",112
954,4,"[[-0.09515842 -0.31876201  0.31123799]
 [ 0.29172408 -0.29269103  0.33730897]
 [-0.15723265 -0.18695879  0.44304121]
 [ 0.15723265  0.18695879 -0.44304121]
 [ 0.09515842  0.31876201 -0.31123799]
 [-0.29172408  0.29269103 -0.33730897]]","[2110. 2255.  916. 1945. 2169. 1002. 1857. 2238.  933. 1985. 2255.  916.
 2150. 2169. 1002. 2238. 2238.  933.]","[2089. 2239.  922. 1930. 2188.  983. 1857. 2233.  936. 1999. 2231.  917.
 2172. 2183.  984. 2236. 2229.  935.]","[-15.864    4.449   63.671    1.8311   0.      -1.8921  -0.106   -0.2876
   1.0254]",112
955,4,"[[-0.10041368 -0.3188507   0.3111493 ]
 [ 0.29052675 -0.29305282  0.33694718]
 [-0.14874045 -0.17898504  0.45101496]
 [ 0.14874045  0.17898504 -0.45101496]
 [ 0.10041368  0.3188507  -0.3111493 ]
 [-0.29052675  0.29305282 -0.33694718]]","[2113. 2255.  916. 1951. 2164. 1007. 1858. 2239.  932. 1982. 2255.  916.
 2144. 2164. 1007. 2237. 2239.  932.]","[2094. 2239.  922. 1933. 2183.  990. 1858. 2232.  936. 1996. 2231.  917.
 2165. 2178.  989. 2235. 2229.  935.]","[-15.776    4.417   63.589    2.5635   0.3052  -3.2959  -0.1851  -0.3403
   0.9243]",112
956,4,"[[-0.10563522 -0.31893227  0.31106773]
 [ 0.28926542 -0.29341663  0.33658337]
 [-0.14012257 -0.17131526  0.45868474]
 [ 0.14012257  0.17131526 -0.45868474]
 [ 0.10563522  0.31893227 -0.31106773]
 [-0.28926542  0.29341663 -0.33658337]]","[2116. 2255.  916. 1956. 2159. 1012. 1859. 2239.  932. 1979. 2255.  916.
 2139. 2159. 1012. 2236. 2239.  932.]","[2099. 2239.  922. 1939. 2177.  995. 1859. 2232.  936. 1992. 2230.  918.
 2159. 2177.  995. 2235. 2229.  935.]","[-15.677    4.4     63.457    2.9297   0.4883  -2.7466  -0.1641  -0.3433
   0.9399]",112
957,4,"[[-0.11082129 -0.31900669  0.31099331]
 [ 0.28794003 -0.29378229  0.33621771]
 [-0.13138936 -0.16395759  0.46604241]
 [ 0.13138936  0.16395759 -0.46604241]
 [ 0.11082129  0.31900669 -0.31099331]
 [-0.28794003  0.29378229 -0.33621771]]","[2120. 2255.  916. 1962. 2154. 1017. 1860. 2239.  932. 1975. 2255.  916.
 2133. 2154. 1017. 2235. 2239.  932.]","[2104. 2239.  922. 1945. 2171. 1000. 1859. 2232.  935. 1989. 2231.  918.
 2152. 2173. 1001. 2234. 2229.  935.]","[-15.579    4.406   63.358    2.6855   0.5493  -1.709   -0.1294  -0.3867
   0.9404]",112
958,4,"[[-0.11597013 -0.31907394  0.31092606]
 [ 0.28655051 -0.29414965  0.33585035]
 [-0.1225511  -0.15691984  0.47308016]
 [ 0.1225511   0.15691984 -0.47308016]
 [ 0.11597013  0.31907394 -0.31092606]
 [-0.28655051  0.29414965 -0.33585035]]","[2123. 2256.  915. 1968. 2150. 1021. 1861. 2239.  932. 1972. 2256.  915.
 2127. 2150. 1021. 2234. 2239.  932.]","[2107. 2239.  922. 1950. 2166. 1006. 1860. 2232.  935. 1986. 2232.  918.
 2145. 2167. 1006. 2233. 2229.  936.]","[-15.496    4.422   63.303    3.1128  -0.1221  -0.1221  -0.0811  -0.3228
   0.9746]",112
959,4,"[[-0.12108003 -0.31913401  0.31086599]
 [ 0.28509682 -0.29451856  0.33548144]
 [-0.11361797 -0.15020946  0.47979054]
 [ 0.11361797  0.15020946 -0.47979054]
 [ 0.12108003  0.31913401 -0.31086599]
 [-0.28509682  0.29451856 -0.33548144]]","[2126. 2256.  915. 1973. 2145. 1026. 1862. 2239.  931. 1969. 2256.  915.
 2122. 2145. 1026. 2233. 2239.  931.]","[2110. 2239.  921. 1956. 2161. 1011. 1861. 2232.  935. 1983. 2234.  918.
 2141. 2162. 1011. 2232. 2229.  936.]","[-1.5375e+01  4.4220e+00  6.3320e+01  4.0894e+00 -7.9350e-01  7.9350e-01
 -8.8000e-03 -3.2230e-01  9.4480e-01]",112
