count,T_count,theta_sim,theta_tick,position_Read_tick,IMU_data,voltage
0,0,"[[-0.00898271 -0.08175208  0.54824792]
 [-0.18129578 -0.3184432   0.3115568 ]
 [ 0.24765445 -0.30247959  0.32752041]
 [-0.24765445  0.30247959 -0.32752041]
 [ 0.00898271  0.08175208 -0.54824792]
 [ 0.18129578  0.3184432  -0.3115568 ]]","[2053. 2101. 1070. 2209. 2245.  926. 2166. 2255.  916. 2042. 2101. 1070.
 1886. 2245.  926. 1929. 2255.  916.]","[2052. 2103. 1069. 2207. 2218.  935. 2165. 2246.  918. 2043. 2103. 1068.
 1889. 2237.  928. 1930. 2253.  917.]",[ 0.      0.      0.      0.      0.      0.     -0.0649 -0.3008  0.9507],112
1,0,"[[ 0.00203281 -0.08077628  0.54922372]
 [-0.18695075 -0.31822161  0.31177839]
 [ 0.24420544 -0.30287939  0.32712061]
 [-0.24420544  0.30287939 -0.32712061]
 [-0.00203281  0.08077628 -0.54922372]
 [ 0.18695075  0.31822161 -0.31177839]]","[2046. 2100. 1071. 2207. 2245.  926. 2169. 2255.  916. 2049. 2100. 1071.
 1888. 2245.  926. 1926. 2255.  916.]","[2052. 2103. 1069. 2206. 2218.  935. 2165. 2245.  918. 2043. 2103. 1069.
 1889. 2237.  928. 1930. 2253.  917.]","[-17.221    3.823   62.556    0.       0.       0.      -0.0654  -0.3008
   0.9507]",112
2,0,"[[ 0.01304564 -0.08052145  0.54947855]
 [-0.19252424 -0.31797773  0.31202227]
 [ 0.24063687 -0.30327772  0.32672228]
 [-0.24063687  0.30327772 -0.32672228]
 [-0.01304564  0.08052145 -0.54947855]
 [ 0.19252424  0.31797773 -0.31202227]]","[2039. 2100. 1071. 2204. 2245.  926. 2173. 2255.  916. 2056. 2100. 1071.
 1891. 2245.  926. 1922. 2255.  916.]","[2052. 2103. 1069. 2206. 2218.  935. 2165. 2245.  918. 2043. 2103. 1069.
 1889. 2237.  928. 1929. 2253.  917.]","[-17.221    3.823   62.556    0.       0.       0.      -0.0649  -0.3003
   0.9502]",112
3,0,"[[ 0.02404123 -0.0809081   0.5490919 ]
 [-0.19801151 -0.31771202  0.31228798]
 [ 0.23694838 -0.30367445  0.32632555]
 [-0.23694838  0.30367445 -0.32632555]
 [-0.02404123  0.0809081  -0.5490919 ]
 [ 0.19801151  0.31771202 -0.31228798]]","[2032. 2100. 1071. 2202. 2245.  926. 2177. 2255.  916. 2063. 2100. 1071.
 1893. 2245.  926. 1918. 2255.  916.]","[2051. 2103. 1069. 2206. 2219.  935. 2167. 2246.  918. 2045. 2103. 1069.
 1889. 2237.  928. 1927. 2253.  917.]","[-17.221    3.823   62.556    0.       0.       0.      -0.0649  -0.3003
   0.9531]",112
4,0,"[[ 0.03500503 -0.08140459  0.54859541]
 [-0.20340782 -0.317425    0.312575  ]
 [ 0.23313966 -0.30406943  0.32593057]
 [-0.23313966  0.30406943 -0.32593057]
 [-0.03500503  0.08140459 -0.54859541]
 [ 0.20340782  0.317425   -0.312575  ]]","[2025. 2101. 1070. 2199. 2246.  925. 2180. 2254.  917. 2070. 2101. 1070.
 1896. 2246.  925. 1915. 2254.  917.]","[2046. 2104. 1070. 2205. 2218.  935. 2169. 2246.  918. 2050. 2103. 1070.
 1889. 2237.  928. 1924. 2253.  917.]","[-17.221    3.823   62.556    0.       0.       0.      -0.0732  -0.2964
   0.9531]",112
5,0,"[[ 0.04592256 -0.08200489  0.54799511]
 [-0.20870844 -0.31711717  0.31288283]
 [ 0.22921056 -0.30446251  0.32553749]
 [-0.22921056  0.30446251 -0.32553749]
 [-0.04592256  0.08200489 -0.54799511]
 [ 0.20870844  0.31711717 -0.31288283]]","[2018. 2101. 1070. 2197. 2246.  925. 2184. 2254.  917. 2077. 2101. 1070.
 1898. 2246.  925. 1911. 2254.  917.]","[2038. 2103. 1070. 2204. 2218.  935. 2171. 2246.  918. 2056. 2102. 1069.
 1890. 2237.  928. 1921. 2252.  918.]","[-1.7216e+01  3.8290e+00  6.2562e+01  6.1000e-02  0.0000e+00  3.0520e-01
 -6.9800e-02 -3.0520e-01  9.4970e-01]",112
6,0,"[[ 0.05677938 -0.08279096  0.54720904]
 [-0.21390868 -0.31678908  0.31321092]
 [ 0.22516101 -0.30485353  0.32514647]
 [-0.22516101  0.30485353 -0.32514647]
 [-0.05677938  0.08279096 -0.54720904]
 [ 0.21390868  0.31678908 -0.31321092]]","[2010. 2101. 1069. 2194. 2246.  925. 2187. 2254.  917. 2085. 2101. 1069.
 1901. 2246.  925. 1908. 2254.  917.]","[2032. 2103. 1069. 2202. 2218.  935. 2174. 2246.  918. 2062. 2102. 1069.
 1892. 2237.  928. 1918. 2252.  917.]","[-1.7216e+01  3.8290e+00  6.2578e+01  0.0000e+00 -1.8310e-01  4.8830e-01
 -5.4200e-02 -2.6760e-01  9.5210e-01]",112
7,0,"[[ 0.06756114 -0.08378501  0.54621499]
 [-0.21900383 -0.31644127  0.31355873]
 [ 0.22099108 -0.30524237  0.32475763]
 [-0.22099108  0.30524237 -0.32475763]
 [-0.06756114  0.08378501 -0.54621499]
 [ 0.21900383  0.31644127 -0.31355873]]","[2003. 2102. 1069. 2192. 2246.  924. 2190. 2254.  917. 2092. 2102. 1069.
 1903. 2246.  924. 1905. 2254.  917.]","[2025. 2103. 1070. 2200. 2218.  935. 2177. 2246.  918. 2069. 2103. 1069.
 1895. 2237.  928. 1915. 2253.  918.]","[-1.7205e+01  3.8290e+00  6.2595e+01  6.1000e-02 -6.1000e-02  2.4410e-01
 -6.8400e-02 -2.6760e-01  9.7560e-01]",112
8,0,"[[ 0.07825359 -0.08499505  0.54500495]
 [-0.22398925 -0.3160743   0.3139257 ]
 [ 0.21670093 -0.30562886  0.32437114]
 [-0.21670093  0.30562886 -0.32437114]
 [-0.07825359  0.08499505 -0.54500495]
 [ 0.22398925  0.3160743  -0.3139257 ]]","[1996. 2103. 1068. 2189. 2247.  924. 2194. 2254.  917. 2099. 2103. 1068.
 1906. 2247.  924. 1901. 2254.  917.]","[2017. 2103. 1069. 2197. 2218.  934. 2180. 2246.  918. 2076. 2103. 1069.
 1898. 2237.  928. 1912. 2253.  917.]","[-1.7194e+01  3.8290e+00  6.2600e+01  1.8310e-01  0.0000e+00  6.1000e-02
 -8.0100e-02 -2.6030e-01  9.5410e-01]",112
9,0,"[[ 0.08884258 -0.08642626  0.54357374]
 [-0.22886029 -0.31568876  0.31431124]
 [ 0.21229087 -0.30601287  0.32398713]
 [-0.21229087  0.30601287 -0.32398713]
 [-0.08884258  0.08642626 -0.54357374]
 [ 0.22886029  0.31568876 -0.31431124]]","[1990. 2104. 1067. 2186. 2247.  924. 2197. 2253.  918. 2105. 2104. 1067.
 1909. 2247.  924. 1898. 2253.  918.]","[2010. 2103. 1069. 2193. 2218.  934. 2184. 2245.  918. 2084. 2103. 1069.
 1901. 2237.  928. 1908. 2253.  918.]","[-1.7177e+01  3.8290e+00  6.2600e+01  0.0000e+00 -6.1000e-02  0.0000e+00
 -7.7600e-02 -2.6370e-01  9.4290e-01]",112
10,0,"[[ 0.09931413 -0.08808321  0.54191679]
 [-0.23361238 -0.31528524  0.31471476]
 [ 0.20776132 -0.30639425  0.32360575]
 [-0.20776132  0.30639425 -0.32360575]
 [-0.09931413  0.08808321 -0.54191679]
 [ 0.23361238  0.31528524 -0.31471476]]","[1983. 2105. 1066. 2183. 2247.  924. 2200. 2253.  918. 2112. 2105. 1066.
 1912. 2247.  924. 1895. 2253.  918.]","[2003. 2104. 1068. 2188. 2218.  934. 2187. 2246.  918. 2091. 2103. 1068.
 1905. 2237.  928. 1905. 2252.  918.]","[-17.172    3.829   62.6     -0.2441  -0.2441   0.      -0.0806  -0.2705
   0.9609]",112
11,0,"[[ 0.10965439 -0.08997032  0.54002968]
 [-0.23824096 -0.31486434  0.31513566]
 [ 0.20311283 -0.30677285  0.32322715]
 [-0.20311283  0.30677285 -0.32322715]
 [-0.10965439  0.08997032 -0.54002968]
 [ 0.23824096  0.31486434 -0.31513566]]","[1976. 2106. 1065. 2180. 2247.  923. 2203. 2253.  918. 2119. 2106. 1065.
 1915. 2247.  923. 1892. 2253.  918.]","[1996. 2104. 1067. 2186. 2218.  934. 2191. 2246.  919. 2098. 2104. 1067.
 1909. 2237.  928. 1901. 2252.  918.]","[-17.166    3.823   62.611   -0.1221  -0.2441   0.2441  -0.0806  -0.2812
   0.9663]",112
12,0,"[[ 0.11984968 -0.09209189  0.53790811]
 [-0.24274153 -0.31442667  0.31557333]
 [ 0.19834607 -0.30714853  0.32285147]
 [-0.19834607  0.30714853 -0.32285147]
 [-0.11984968  0.09209189 -0.53790811]
 [ 0.24274153  0.31442667 -0.31557333]]","[1969. 2108. 1063. 2177. 2248.  923. 2206. 2252.  918. 2126. 2108. 1063.
 1918. 2248.  923. 1889. 2252.  918.]","[1989. 2105. 1067. 2183. 2218.  934. 2194. 2245.  919. 2105. 2105. 1067.
 1913. 2237.  927. 1898. 2251.  918.]","[-1.7155e+01  3.8290e+00  6.2622e+01 -1.2210e-01 -6.1000e-02  3.6620e-01
 -5.7600e-02 -2.9640e-01  9.3160e-01]",112
13,0,"[[ 0.12988654 -0.09445211  0.53554789]
 [-0.24710965 -0.31397286  0.31602714]
 [ 0.19346183 -0.30752115  0.32247885]
 [-0.19346183  0.30752115 -0.32247885]
 [-0.12988654  0.09445211 -0.53554789]
 [ 0.24710965  0.31397286 -0.31602714]]","[1963. 2109. 1062. 2174. 2248.  923. 2209. 2252.  919. 2132. 2109. 1062.
 1921. 2248.  923. 1886. 2252.  919.]","[1982. 2106. 1065. 2180. 2218.  933. 2197. 2245.  919. 2112. 2106. 1065.
 1915. 2237.  926. 1895. 2251.  918.]","[-1.7155e+01  3.8290e+00  6.2633e+01 -3.0520e-01 -1.8310e-01  0.0000e+00
 -5.2700e-02 -3.2030e-01  9.4530e-01]",112
14,0,"[[ 0.13975169 -0.09705508  0.53294492]
 [-0.25134092 -0.31350356  0.31649644]
 [ 0.18846105 -0.30789056  0.32210944]
 [-0.18846105  0.30789056 -0.32210944]
 [-0.13975169  0.09705508 -0.53294492]
 [ 0.25134092  0.31350356 -0.31649644]]","[1956. 2111. 1060. 2170. 2248.  923. 2211. 2252.  919. 2139. 2111. 1060.
 1925. 2248.  923. 1884. 2252.  919.]","[1975. 2108. 1064. 2177. 2218.  933. 2200. 2246.  920. 2118. 2108. 1063.
 1917. 2237.  926. 1892. 2251.  918.]","[-1.7166e+01  3.8180e+00  6.2628e+01 -4.2720e-01 -2.4410e-01 -2.4410e-01
 -5.5200e-02 -3.3400e-01  9.5850e-01]",112
15,0,"[[ 0.14943209 -0.09990476  0.53009524]
 [-0.25543105 -0.31301939  0.31698061]
 [ 0.18334481 -0.30825662  0.32174338]
 [-0.18334481  0.30825662 -0.32174338]
 [-0.14943209  0.09990476 -0.53009524]
 [ 0.25543105  0.31301939 -0.31698061]]","[1950. 2113. 1058. 2167. 2248.  923. 2214. 2252.  919. 2145. 2113. 1058.
 1928. 2248.  923. 1881. 2252.  919.]","[1969. 2109. 1062. 2174. 2218.  933. 2203. 2246.  920. 2125. 2109. 1062.
 1920. 2237.  926. 1889. 2251.  919.]","[-1.7172e+01  3.8120e+00  6.2622e+01  0.0000e+00  0.0000e+00 -6.1000e-02
 -5.0800e-02 -3.4420e-01  9.4480e-01]",112
16,0,"[[ 0.15891495 -0.10300499  0.52699501]
 [-0.25937577 -0.31252103  0.31747897]
 [ 0.1781143  -0.30861919  0.32138081]
 [-0.1781143   0.30861919 -0.32138081]
 [-0.15891495  0.10300499 -0.52699501]
 [ 0.25937577  0.31252103 -0.31747897]]","[1944. 2115. 1056. 2164. 2249.  922. 2217. 2251.  920. 2151. 2115. 1056.
 1931. 2249.  922. 1878. 2251.  920.]","[1962. 2111. 1060. 2171. 2218.  933. 2206. 2245.  920. 2132. 2111. 1060.
 1923. 2237.  926. 1886. 2250.  919.]","[-1.7177e+01  3.8070e+00  6.2628e+01  1.2210e-01  0.0000e+00  1.2210e-01
 -6.0100e-02 -3.3400e-01  9.4630e-01]",112
17,0,"[[ 0.16818772 -0.10635947  0.52364053]
 [-0.2631709  -0.31200912  0.31799088]
 [ 0.17277084 -0.30897811  0.32102189]
 [-0.17277084  0.30897811 -0.32102189]
 [-0.16818772  0.10635947 -0.52364053]
 [ 0.2631709   0.31200912 -0.31799088]]","[1938. 2117. 1054. 2160. 2249.  922. 2219. 2251.  920. 2157. 2117. 1054.
 1935. 2249.  922. 1876. 2251.  920.]","[1956. 2113. 1058. 2168. 2218.  932. 2208. 2246.  920. 2138. 2113. 1059.
 1926. 2237.  925. 1884. 2250.  919.]","[-1.7177e+01  3.8070e+00  6.2633e+01  1.8310e-01 -6.1000e-02  2.4410e-01
 -6.4500e-02 -3.1400e-01  9.4290e-01]",112
18,0,"[[ 0.17723815 -0.10997176  0.52002824]
 [-0.26681236 -0.31148435  0.31851565]
 [ 0.16731592 -0.30933326  0.32066674]
 [-0.16731592  0.30933326 -0.32066674]
 [-0.17723815  0.10997176 -0.52002824]
 [ 0.26681236  0.31148435 -0.31851565]]","[1932. 2119. 1052. 2157. 2249.  922. 2221. 2251.  920. 2163. 2119. 1052.
 1938. 2249.  922. 1874. 2251.  920.]","[1950. 2115. 1057. 2165. 2218.  933. 2210. 2246.  921. 2144. 2115. 1057.
 1928. 2237.  925. 1881. 2250.  919.]","[-17.177    3.785   62.567    0.1221  -0.1221   0.1831  -0.0659  -0.2905
   0.9512]",112
19,0,"[[ 0.18605427 -0.11384525  0.51615475]
 [-0.27029614 -0.31094738  0.31905262]
 [ 0.16175113 -0.30968448  0.32031552]
 [-0.16175113  0.30968448 -0.32031552]
 [-0.18605427  0.11384525 -0.51615475]
 [ 0.27029614  0.31094738 -0.31905262]]","[1926. 2122. 1049. 2153. 2249.  922. 2224. 2250.  921. 2169. 2122. 1049.
 1942. 2249.  922. 1871. 2250.  921.]","[1943. 2117. 1054. 2164. 2218.  932. 2213. 2246.  921. 2150. 2117. 1055.
 1931. 2237.  925. 1878. 2250.  919.]","[-1.7177e+01  3.7790e+00  6.2573e+01  1.2210e-01 -6.1000e-02  6.1000e-02
 -6.2500e-02 -2.8030e-01  9.5460e-01]",112
20,0,"[[ 0.19462444 -0.11798318  0.51201682]
 [-0.27361833 -0.3103989   0.3196011 ]
 [ 0.15607822 -0.31003164  0.31996836]
 [-0.15607822  0.31003164 -0.31996836]
 [-0.19462444  0.11798318 -0.51201682]
 [ 0.27361833  0.3103989  -0.3196011 ]]","[1921. 2124. 1047. 2149. 2250.  921. 2226. 2250.  921. 2174. 2124. 1047.
 1946. 2250.  921. 1869. 2250.  921.]","[1938. 2119. 1052. 2160. 2218.  932. 2215. 2245.  922. 2156. 2119. 1052.
 1935. 2237.  924. 1876. 2250.  920.]","[-1.7177e+01  3.7790e+00  6.2573e+01  6.1000e-02  0.0000e+00  0.0000e+00
 -7.4200e-02 -2.8220e-01  9.5510e-01]",112
21,0,"[[ 0.20293732 -0.12238862  0.50761138]
 [-0.27677511 -0.30983959  0.32016041]
 [ 0.15029907 -0.31037459  0.31962541]
 [-0.15029907  0.31037459 -0.31962541]
 [-0.20293732  0.12238862 -0.50761138]
 [ 0.27677511  0.30983959 -0.32016041]]","[1915. 2127. 1044. 2145. 2250.  921. 2228. 2249.  921. 2180. 2127. 1044.
 1950. 2250.  921. 1867. 2249.  921.]","[1932. 2121. 1050. 2156. 2218.  932. 2218. 2245.  922. 2163. 2122. 1050.
 1937. 2237.  924. 1873. 2249.  921.]","[-1.7172e+01  3.7790e+00  6.2573e+01  6.1000e-02  0.0000e+00  6.1000e-02
 -7.6700e-02 -2.8560e-01  9.5210e-01]",112
22,0,"[[ 0.21098192 -0.12706445  0.50293555]
 [-0.27976277 -0.30927015  0.32072985]
 [ 0.14441569 -0.3107132   0.3192868 ]
 [-0.14441569  0.3107132  -0.3192868 ]
 [-0.21098192  0.12706445 -0.50293555]
 [ 0.27976277  0.30927015 -0.32072985]]","[1910. 2130. 1041. 2142. 2250.  921. 2230. 2249.  922. 2185. 2130. 1041.
 1953. 2250.  921. 1865. 2249.  922.]","[1926. 2124. 1047. 2152. 2218.  932. 2220. 2246.  922. 2168. 2124. 1048.
 1941. 2237.  924. 1870. 2249.  921.]","[-17.166    3.785   62.584    0.      -0.1221   0.3052  -0.0737  -0.2886
   0.9473]",112
23,0,"[[ 0.2187476  -0.13201335  0.49798665]
 [-0.28257771 -0.30869126  0.32130874]
 [ 0.13843024 -0.31104732  0.31895268]
 [-0.13843024  0.31104732 -0.31895268]
 [-0.2187476   0.13201335 -0.49798665]
 [ 0.28257771  0.30869126 -0.32130874]]","[1905. 2134. 1037. 2138. 2250.  921. 2232. 2249.  922. 2190. 2134. 1037.
 1957. 2250.  921. 1863. 2249.  922.]","[1920. 2127. 1045. 2147. 2218.  932. 2222. 2245.  923. 2173. 2127. 1045.
 1944. 2237.  924. 1868. 2249.  921.]","[-1.7166e+01  3.7850e+00  6.2606e+01 -6.1000e-02 -2.4410e-01  4.8830e-01
 -6.4000e-02 -2.9150e-01  9.5510e-01]",112
24,0,"[[ 0.2262241  -0.13723782  0.49276218]
 [-0.28521643 -0.30810363  0.32189637]
 [ 0.13234502 -0.31137681  0.31862319]
 [-0.13234502  0.31137681 -0.31862319]
 [-0.2262241   0.13723782 -0.49276218]
 [ 0.28521643  0.30810363 -0.32189637]]","[1900. 2137. 1034. 2134. 2250.  920. 2233. 2248.  923. 2195. 2137. 1034.
 1961. 2250.  920. 1862. 2248.  923.]","[1915. 2130. 1042. 2144. 2218.  932. 2225. 2245.  923. 2179. 2130. 1042.
 1949. 2237.  924. 1865. 2249.  922.]","[-1.7166e+01  3.7850e+00  6.2633e+01 -6.1000e-02 -2.4410e-01  5.4930e-01
 -6.1000e-02 -2.9640e-01  9.5650e-01]",112
25,0,"[[ 0.23340154 -0.14274016  0.48725984]
 [-0.28767555 -0.30750796  0.32249204]
 [ 0.12616244 -0.31170154  0.31829846]
 [-0.12616244  0.31170154 -0.31829846]
 [-0.23340154  0.14274016 -0.48725984]
 [ 0.28767555  0.30750796 -0.32249204]]","[1895. 2141. 1030. 2130. 2251.  920. 2235. 2248.  923. 2200. 2141. 1030.
 1965. 2251.  920. 1860. 2248.  923.]","[1910. 2133. 1039. 2140. 2219.  932. 2226. 2245.  923. 2184. 2132. 1039.
 1952. 2237.  924. 1863. 2248.  922.]","[-1.7161e+01  3.7850e+00  6.2655e+01  0.0000e+00 -1.8310e-01  5.4930e-01
 -5.1800e-02 -3.0080e-01  9.5170e-01]",112
26,0,"[[ 0.24027043 -0.14852243  0.48147757]
 [-0.28995183 -0.30690494  0.32309506]
 [ 0.11988509 -0.31202136  0.31797864]
 [-0.11988509  0.31202136 -0.31797864]
 [-0.24027043  0.14852243 -0.48147757]
 [ 0.28995183  0.30690494 -0.32309506]]","[1891. 2144. 1027. 2126. 2251.  920. 2237. 2248.  923. 2204. 2144. 1027.
 1969. 2251.  920. 1858. 2248.  923.]","[1905. 2136. 1036. 2136. 2218.  931. 2228. 2245.  924. 2190. 2136. 1036.
 1956. 2237.  924. 1861. 2248.  923.]","[-1.7161e+01  3.7790e+00  6.2672e+01  0.0000e+00 -1.2210e-01  3.6620e-01
 -6.0500e-02 -3.0760e-01  9.4430e-01]",112
27,0,"[[ 0.24682169 -0.15458649  0.47541351]
 [-0.29204214 -0.30629529  0.32370471]
 [ 0.11351565 -0.31233614  0.31766386]
 [-0.11351565  0.31233614 -0.31766386]
 [-0.24682169  0.15458649 -0.47541351]
 [ 0.29204214  0.30629529 -0.32370471]]","[1887. 2148. 1023. 2122. 2251.  920. 2238. 2247.  924. 2208. 2148. 1023.
 1973. 2251.  920. 1857. 2247.  924.]","[1900. 2140. 1032. 2134. 2218.  931. 2231. 2245.  924. 2194. 2139. 1033.
 1960. 2237.  923. 1859. 2248.  923.]","[-1.7155e+01  3.7790e+00  6.2688e+01  0.0000e+00 -1.2210e-01  2.4410e-01
 -5.5700e-02 -3.1050e-01  9.4870e-01]",112
28,0,"[[ 0.25304665 -0.16093397  0.46906603]
 [-0.29394348 -0.3056797   0.3243203 ]
 [ 0.10705697 -0.31264573  0.31735427]
 [-0.10705697  0.31264573 -0.31735427]
 [-0.25304665  0.16093397 -0.46906603]
 [ 0.29394348  0.3056797  -0.3243203 ]]","[1883. 2152. 1019. 2117. 2251.  920. 2239. 2247.  924. 2212. 2152. 1019.
 1978. 2251.  920. 1856. 2247.  924.]","[1895. 2143. 1028. 2131. 2218.  931. 2233. 2244.  925. 2199. 2143. 1029.
 1964. 2237.  924. 1858. 2248.  924.]","[-1.7161e+01  3.7680e+00  6.2693e+01  0.0000e+00 -2.4410e-01  6.1000e-02
 -5.8100e-02 -3.0960e-01  9.4780e-01]",112
29,0,"[[ 0.25893709 -0.16756626  0.46243374]
 [-0.29565299 -0.30505887  0.32494113]
 [ 0.10051201 -0.31295001  0.31704999]
 [-0.10051201  0.31295001 -0.31704999]
 [-0.25893709  0.16756626 -0.46243374]
 [ 0.29565299  0.30505887 -0.32494113]]","[1879. 2157. 1014. 2113. 2252.  919. 2240. 2246.  925. 2216. 2157. 1014.
 1982. 2252.  919. 1855. 2246.  925.]","[1892. 2147. 1025. 2128. 2218.  930. 2234. 2244.  925. 2203. 2147. 1026.
 1968. 2237.  923. 1857. 2247.  924.]","[-17.161    3.757   62.699    0.      -0.2441   0.      -0.064   -0.3071
   0.9556]",112
30,0,"[[ 0.26448523 -0.17448451  0.45551549]
 [-0.29716796 -0.30443351  0.32556649]
 [ 0.09388389 -0.31324884  0.31675116]
 [-0.09388389  0.31324884 -0.31675116]
 [-0.26448523  0.17448451 -0.45551549]
 [ 0.29716796  0.30443351 -0.32556649]]","[1875. 2161. 1010. 2109. 2252.  919. 2241. 2246.  925. 2220. 2161. 1010.
 1986. 2252.  919. 1854. 2246.  925.]","[1886. 2151. 1021. 2123. 2218.  930. 2236. 2244.  926. 2206. 2151. 1022.
 1972. 2237.  923. 1856. 2247.  924.]","[-1.7161e+01  3.7520e+00  6.2699e+01  6.1000e-02 -6.1000e-02 -6.1000e-02
 -6.9300e-02 -3.0760e-01  9.5070e-01]",112
31,0,"[[ 0.26968371 -0.18168961  0.44831039]
 [-0.29848582 -0.30380432  0.32619568]
 [ 0.08717584 -0.31354207  0.31645793]
 [-0.08717584  0.31354207 -0.31645793]
 [-0.26968371  0.18168961 -0.44831039]
 [ 0.29848582  0.30380432 -0.32619568]]","[1872. 2166. 1005. 2104. 2252.  919. 2242. 2246.  925. 2223. 2166. 1005.
 1991. 2252.  919. 1853. 2246.  925.]","[1882. 2155. 1017. 2119. 2218.  930. 2237. 2244.  926. 2212. 2155. 1017.
 1977. 2237.  923. 1855. 2246.  924.]","[-1.7161e+01  3.7520e+00  6.2699e+01  6.1000e-02  0.0000e+00  0.0000e+00
 -7.8600e-02 -3.0520e-01  9.4730e-01]",112
32,0,"[[ 0.27452569 -0.18918223  0.44081777]
 [-0.29960414 -0.303172    0.326828  ]
 [ 0.08039122 -0.31382958  0.31617042]
 [-0.08039122  0.31382958 -0.31617042]
 [-0.27452569  0.18918223 -0.44081777]
 [ 0.29960414  0.303172   -0.326828  ]]","[1869. 2171. 1000. 2100. 2252.  919. 2243. 2245.  926. 2226. 2171. 1000.
 1995. 2252.  919. 1852. 2245.  926.]","[1878. 2159. 1013. 2115. 2218.  930. 2239. 2243.  926. 2216. 2159. 1013.
 1980. 2237.  922. 1854. 2246.  924.]","[-1.7161e+01  3.7520e+00  6.2704e+01  6.1000e-02 -1.2210e-01  2.4410e-01
 -6.8400e-02 -2.9590e-01  9.4090e-01]",112
33,0,"[[ 0.27900474 -0.19696274  0.43303726]
 [-0.30052067 -0.30253724  0.32746276]
 [ 0.07353352 -0.31411124  0.31588876]
 [-0.07353352  0.31411124 -0.31588876]
 [-0.27900474  0.19696274 -0.43303726]
 [ 0.30052067  0.30253724 -0.32746276]]","[1866. 2176.  995. 2095. 2252.  919. 2243. 2245.  926. 2229. 2176.  995.
 2000. 2252.  919. 1852. 2245.  926.]","[1875. 2163. 1008. 2110. 2218.  930. 2240. 2243.  926. 2219. 2163. 1009.
 1985. 2237.  922. 1853. 2246.  925.]","[-17.161    3.746   62.726   -0.1221  -0.3662   0.4272  -0.0732  -0.293
   0.9482]",112
34,0,"[[ 0.28311496 -0.20503126  0.42496874]
 [-0.30123331 -0.30190074  0.32809926]
 [ 0.06660636 -0.31438691  0.31561309]
 [-0.06660636  0.31438691 -0.31561309]
 [-0.28311496  0.20503126 -0.42496874]
 [ 0.30123331  0.30190074 -0.32809926]]","[1863. 2181.  990. 2091. 2252.  919. 2244. 2244.  927. 2232. 2181.  990.
 2004. 2252.  919. 1851. 2244.  927.]","[1872. 2168. 1004. 2106. 2218.  930. 2241. 2242.  927. 2222. 2168. 1004.
 1989. 2237.  922. 1853. 2246.  925.]","[-17.172    3.741   62.754   -0.2441  -0.4883   0.6714  -0.0669  -0.2856
   0.9546]",112
35,0,"[[ 0.28685091 -0.21338765  0.41661235]
 [-0.30174044 -0.30126319  0.32873681]
 [ 0.05961348 -0.31465645  0.31534355]
 [-0.05961348  0.31465645 -0.31534355]
 [-0.28685091  0.21338765 -0.41661235]
 [ 0.30174044  0.30126319 -0.32873681]]","[1861. 2187.  984. 2086. 2253.  918. 2244. 2244.  927. 2234. 2187.  984.
 2009. 2253.  918. 1851. 2244.  927.]","[1869. 2173. 1003. 2101. 2218.  930. 2241. 2242.  927. 2225. 2173.  999.
 1993. 2237.  922. 1852. 2245.  926.]","[-1.7177e+01  3.7300e+00  6.2787e+01 -2.4410e-01 -4.2720e-01  6.1040e-01
 -5.5200e-02 -2.8120e-01  9.5360e-01]",112
36,0,"[[ 0.29020764 -0.22203147  0.40796853]
 [-0.30204238 -0.30062527  0.32937473]
 [ 0.05255875 -0.31491975  0.31508025]
 [-0.05255875  0.31491975 -0.31508025]
 [-0.29020764  0.22203147 -0.40796853]
 [ 0.30204238  0.30062527 -0.32937473]]","[1858. 2192.  979. 2082. 2253.  918. 2244. 2243.  927. 2237. 2192.  979.
 2013. 2253.  918. 1851. 2243.  927.]","[1866. 2175.  998. 2097. 2218.  930. 2242. 2242.  927. 2228. 2178.  994.
 1998. 2237.  922. 1852. 2245.  926.]","[-1.7172e+01  3.7240e+00  6.2798e+01  0.0000e+00 -3.0520e-01  3.0520e-01
 -6.0500e-02 -2.8320e-01  9.7360e-01]",112
37,0,"[[ 0.29318073 -0.23096202  0.39903798]
 [-0.30212923 -0.29998761  0.33001239]
 [ 0.04544615 -0.31517666  0.31482334]
 [-0.04544615  0.31517666 -0.31482334]
 [-0.29318073  0.23096202 -0.39903798]
 [ 0.30212923  0.29998761 -0.33001239]]","[1856. 2198.  973. 2077. 2253.  918. 2244. 2243.  928. 2239. 2198.  973.
 2018. 2253.  918. 1851. 2243.  928.]","[1864. 2177.  993. 2092. 2218.  930. 2243. 2241.  928. 2231. 2183.  988.
 2002. 2237.  922. 1851. 2244.  926.]","[-1.7161e+01  3.7300e+00  6.2809e+01  1.2210e-01  6.1000e-02  2.4410e-01
 -7.5700e-02 -2.9100e-01  9.5750e-01]",112
38,0,"[[ 0.29576624 -0.2401783   0.3898217 ]
 [-0.3018308  -0.29935035  0.33064965]
 [ 0.03827978 -0.31542707  0.31457293]
 [-0.03827978  0.31542707 -0.31457293]
 [-0.29576624  0.2401783  -0.3898217 ]
 [ 0.3018308   0.29935035 -0.33064965]]","[1855. 2204.  967. 2072. 2253.  918. 2244. 2243.  928. 2240. 2204.  967.
 2023. 2253.  918. 1851. 2243.  928.]","[1862. 2182.  987. 2088. 2218.  930. 2243. 2241.  928. 2234. 2189.  983.
 2007. 2237.  922. 1851. 2243.  927.]","[-1.7155e+01  3.7350e+00  6.2814e+01  6.1000e-02  0.0000e+00  1.8310e-01
 -4.7900e-02 -2.8560e-01  9.3120e-01]",112
39,0,"[[ 0.29796075 -0.24967903  0.38032097]
 [-0.30100426 -0.29871274  0.33128726]
 [ 0.03106383 -0.31567085  0.31432915]
 [-0.03106383  0.31567085 -0.31432915]
 [-0.29796075  0.24967903 -0.38032097]
 [ 0.30100426  0.29871274 -0.33128726]]","[1853. 2210.  961. 2068. 2253.  918. 2244. 2242.  929. 2242. 2210.  961.
 2027. 2253.  918. 1851. 2242.  929.]","[1860. 2187.  983. 2083. 2218.  931. 2243. 2242.  928. 2236. 2194.  982.
 2011. 2237.  922. 1850. 2243.  927.]","[-1.7144e+01  3.7410e+00  6.2820e+01  1.2210e-01  6.1000e-02  1.2210e-01
 -9.4200e-02 -3.1640e-01  1.0063e+00]",112
40,0,"[[ 0.29976136 -0.25946262  0.37053738]
 [-0.2996465  -0.29807517  0.33192483]
 [ 0.02380264 -0.31590786  0.31409214]
 [-0.02380264  0.31590786 -0.31409214]
 [-0.29976136  0.25946262 -0.37053738]
 [ 0.2996465   0.29807517 -0.33192483]]","[1852. 2217.  954. 2063. 2253.  918. 2243. 2242.  929. 2243. 2217.  954.
 2032. 2253.  918. 1852. 2242.  929.]","[1859. 2191.  978. 2078. 2218.  930. 2243. 2242.  928. 2238. 2197.  977.
 2017. 2237.  921. 1850. 2242.  927.]","[-1.7106e+01  3.8010e+00  6.2842e+01  8.5450e-01  1.2207e+00  9.7660e-01
 -4.9300e-02 -3.2180e-01  9.4290e-01]",112
41,0,"[[ 0.30116569 -0.26952722  0.36047278]
 [-0.29775868 -0.29743834  0.33256166]
 [ 0.01650064 -0.316138    0.313862  ]
 [-0.01650064  0.316138   -0.313862  ]
 [-0.30116569  0.26952722 -0.36047278]
 [ 0.29775868  0.29743834 -0.33256166]]","[1851. 2223.  948. 2058. 2254.  917. 2242. 2241.  930. 2244. 2223.  948.
 2037. 2254.  917. 1853. 2241.  930.]","[1858. 2195.  973. 2073. 2218.  930. 2243. 2241.  928. 2239. 2200.  970.
 2021. 2237.  921. 1850. 2242.  927.]","[-1.7089e+01  3.8400e+00  6.2853e+01  6.1040e-01  9.7660e-01  4.2720e-01
 -3.3700e-02 -3.3010e-01  9.4340e-01]",112
42,0,"[[ 0.30217184 -0.27987063  0.35012937]
 [-0.29534415 -0.29680299  0.33319701]
 [ 0.00916234 -0.31636112  0.31363888]
 [-0.00916234  0.31636112 -0.31363888]
 [-0.30217184  0.27987063 -0.35012937]
 [ 0.29534415  0.29680299 -0.33319701]]","[1851. 2230.  941. 2053. 2254.  917. 2240. 2241.  930. 2244. 2230.  941.
 2042. 2254.  917. 1855. 2241.  930.]","[1857. 2199.  969. 2069. 2218.  930. 2243. 2242.  928. 2241. 2206.  964.
 2025. 2237.  921. 1850. 2241.  929.]","[-1.7062e+01  3.8780e+00  6.2847e+01  7.9350e-01  9.7660e-01  1.8310e-01
 -5.0300e-02 -3.3940e-01  9.8440e-01]",112
43,0,"[[ 0.30277748 -0.28694951  0.34305049]
 [-0.29240797 -0.29616984  0.33383016]
 [ 0.00179244 -0.31657713  0.31342287]
 [-0.00179244  0.31657713 -0.31342287]
 [-0.30277748  0.28694951 -0.34305049]
 [ 0.29240797  0.29616984 -0.33383016]]","[1850. 2235.  936. 2049. 2254.  917. 2238. 2241.  930. 2245. 2235.  936.
 2046. 2254.  917. 1857. 2241.  930.]","[1856. 2204.  964. 2064. 2220.  930. 2243. 2243.  929. 2242. 2212.  958.
 2030. 2237.  921. 1851. 2241.  929.]","[-1.7023e+01  3.9110e+00  6.2831e+01  1.2207e+00  1.0376e+00  0.0000e+00
 -3.4200e-02 -3.2420e-01  9.5410e-01]",112
44,0,"[[ 0.3029836  -0.2872763   0.3427237 ]
 [-0.28895781 -0.29553964  0.33446036]
 [-0.00560261 -0.31678589  0.31321411]
 [ 0.00560261  0.31678589 -0.31321411]
 [-0.3029836   0.2872763  -0.3427237 ]
 [ 0.28895781  0.29553964 -0.33446036]]","[1850. 2235.  936. 2044. 2254.  917. 2236. 2240.  931. 2245. 2235.  936.
 2051. 2254.  917. 1859. 2240.  931.]","[1855. 2209.  958. 2061. 2221.  930. 2243. 2244.  929. 2242. 2216.  953.
 2034. 2237.  921. 1851. 2241.  929.]","[-16.968    3.95    62.803    1.5869   1.2817  -0.2441  -0.0669  -0.3057
   0.9609]",112
45,0,"[[ 0.30291279 -0.28761084  0.34238916]
 [-0.28501112 -0.29491311  0.33508689]
 [-0.01300511 -0.31698729  0.31301271]
 [ 0.01300511  0.31698729 -0.31301271]
 [-0.30291279  0.28761084 -0.34238916]
 [ 0.28501112  0.29491311 -0.33508689]]","[1850. 2235.  936. 2039. 2254.  917. 2233. 2240.  931. 2245. 2235.  936.
 2056. 2254.  917. 1862. 2240.  931.]","[1854. 2212.  955. 2057. 2222.  930. 2241. 2243.  930. 2243. 2219.  950.
 2039. 2237.  921. 1852. 2240.  929.]","[-16.913    3.988   62.781    1.6479   1.3428  -0.1221  -0.0679  -0.2944
   0.9604]",112
46,0,"[[ 0.3027053  -0.2879518   0.3420482 ]
 [-0.2805847  -0.29429102  0.33570898]
 [-0.02039565 -0.31718122  0.31281878]
 [ 0.02039565  0.31718122 -0.31281878]
 [-0.3027053   0.2879518  -0.3420482 ]
 [ 0.2805847   0.29429102 -0.33570898]]","[1850. 2235.  936. 2034. 2254.  917. 2230. 2239.  932. 2245. 2235.  936.
 2061. 2254.  917. 1865. 2239.  932.]","[1854. 2214.  952. 2053. 2225.  930. 2239. 2243.  928. 2244. 2221.  949.
 2043. 2237.  921. 1853. 2240.  930.]","[-1.6848e+01  4.0320e+00  6.2765e+01  1.8311e+00  1.2817e+00 -1.2210e-01
 -5.9600e-02 -2.8710e-01  9.5070e-01]",112
47,0,"[[ 0.30237406 -0.28829865  0.34170135]
 [-0.27568721 -0.29367412  0.33632588]
 [-0.02776609 -0.31736755  0.31263245]
 [ 0.02776609  0.31736755 -0.31263245]
 [-0.30237406  0.28829865 -0.34170135]
 [ 0.27568721  0.29367412 -0.33632588]]","[1850. 2235.  936. 2029. 2254.  917. 2227. 2239.  932. 2245. 2235.  936.
 2066. 2254.  917. 1868. 2239.  932.]","[1855. 2216.  950. 2049. 2226.  930. 2237. 2242.  928. 2243. 2222.  948.
 2048. 2237.  921. 1856. 2239.  930.]","[-1.6787e+01  4.0480e+00  6.2737e+01  1.5869e+00  7.9350e-01 -4.8830e-01
 -4.2500e-02 -2.7050e-01  9.2530e-01]",112
48,0,"[[ 0.30191718 -0.28865125  0.34134875]
 [-0.2703286  -0.29306317  0.33693683]
 [-0.03511161 -0.31754617  0.31245383]
 [ 0.03511161  0.31754617 -0.31245383]
 [-0.30191718  0.28865125 -0.34134875]
 [ 0.2703286   0.29306317 -0.33693683]]","[1851. 2236.  935. 2025. 2255.  916. 2224. 2239.  932. 2244. 2236.  935.
 2070. 2255.  916. 1871. 2239.  932.]","[1855. 2217.  950. 2044. 2227.  930. 2233. 2241.  930. 2243. 2223.  947.
 2053. 2237.  921. 1858. 2238.  931.]","[-16.738    4.037   62.688    1.4038   0.2441  -1.0376  -0.0854  -0.2817
   0.9521]",112
49,0,"[[ 0.30133417 -0.28900941  0.34099059]
 [-0.26452127 -0.29245893  0.33754107]
 [-0.04242786 -0.31771697  0.31228303]
 [ 0.04242786  0.31771697 -0.31228303]
 [-0.30133417  0.28900941 -0.34099059]
 [ 0.26452127  0.29245893 -0.33754107]]","[1851. 2236.  935. 2020. 2255.  916. 2220. 2238.  933. 2244. 2236.  935.
 2075. 2255.  916. 1875. 2238.  933.]","[1854. 2216.  948. 2040. 2228.  930. 2230. 2241.  930. 2243. 2224.  947.
 2057. 2237.  922. 1861. 2237.  931.]","[-16.699    4.048   62.661    1.0376   0.4272  -0.6104  -0.1021  -0.2734
   0.9355]",112
50,0,"[[ 0.30062514 -0.28937294  0.34062706]
 [-0.25827925 -0.29186215  0.33813785]
 [-0.04971056 -0.31787983  0.31212017]
 [ 0.04971056  0.31787983 -0.31212017]
 [-0.30062514  0.28937294 -0.34062706]
 [ 0.25827925  0.29186215 -0.33813785]]","[1852. 2236.  935. 2015. 2255.  916. 2216. 2238.  933. 2243. 2236.  935.
 2080. 2255.  916. 1879. 2238.  933.]","[1855. 2217.  947. 2035. 2229.  930. 2226. 2240.  931. 2243. 2226.  945.
 2063. 2237.  921. 1864. 2237.  932.]","[-16.666    4.059   62.65     0.7324   0.2441  -0.1831  -0.1055  -0.2827
   0.9307]",112
51,0,"[[ 0.29979035 -0.28974164  0.34025836]
 [-0.25161759 -0.29127358  0.33872642]
 [-0.05695553 -0.31803466  0.31196534]
 [ 0.05695553  0.31803466 -0.31196534]
 [-0.29979035  0.28974164 -0.34025836]
 [ 0.25161759  0.29127358 -0.33872642]]","[1852. 2236.  935. 2010. 2255.  916. 2212. 2237.  934. 2243. 2236.  935.
 2085. 2255.  916. 1883. 2237.  934.]","[1855. 2217.  947. 2031. 2228.  930. 2224. 2241.  932. 2243. 2228.  943.
 2065. 2237.  921. 1866. 2236.  932.]","[-16.655    4.065   62.65     0.3052   0.1221   0.      -0.0903  -0.292
   0.9409]",112
52,0,"[[ 0.29883016 -0.29011532  0.33988468]
 [-0.24455207 -0.29069399  0.33930601]
 [-0.06415863 -0.31818134  0.31181866]
 [ 0.06415863  0.31818134 -0.31181866]
 [-0.29883016  0.29011532 -0.33988468]
 [ 0.24455207  0.29069399 -0.33930601]]","[1853. 2237.  934. 2006. 2255.  916. 2207. 2237.  934. 2242. 2237.  934.
 2089. 2255.  916. 1888. 2237.  934.]","[1855. 2217.  945. 2026. 2229.  930. 2219. 2240.  932. 2242. 2229.  942.
 2069. 2237.  921. 1870. 2236.  933.]","[-16.644    4.081   62.65     0.1221   0.4272   0.1831  -0.0776  -0.2861
   0.9526]",112
53,0,"[[ 0.29774497 -0.29049377  0.33950623]
 [-0.23709907 -0.29012409  0.33987591]
 [-0.07131576 -0.31831979  0.31168021]
 [ 0.07131576  0.31831979 -0.31168021]
 [-0.29774497  0.29049377 -0.33950623]
 [ 0.23709907  0.29012409 -0.33987591]]","[1853. 2237.  934. 2001. 2255.  916. 2202. 2237.  934. 2242. 2237.  934.
 2094. 2255.  916. 1893. 2237.  934.]","[1855. 2218.  944. 2022. 2229.  930. 2216. 2239.  933. 2243. 2230.  941.
 2073. 2237.  922. 1873. 2235.  933.]","[-1.6639e+01  4.1030e+00  6.2650e+01  3.6620e-01  6.1000e-02  6.1000e-02
 -7.2300e-02 -2.9150e-01  9.7950e-01]",112
54,0,"[[ 0.29653522 -0.29087679  0.33912321]
 [-0.22927543 -0.28956463  0.34043537]
 [-0.0784229  -0.3184499   0.3115501 ]
 [ 0.0784229   0.3184499  -0.3115501 ]
 [-0.29653522  0.29087679 -0.33912321]
 [ 0.22927543  0.28956463 -0.34043537]]","[1854. 2237.  934. 1996. 2255.  916. 2197. 2236.  935. 2241. 2237.  934.
 2099. 2255.  916. 1898. 2236.  935.]","[1855. 2218.  943. 2018. 2228.  930. 2211. 2239.  933. 2242. 2230.  941.
 2078. 2237.  921. 1879. 2236.  933.]","[-1.6622e+01  4.1140e+00  6.2655e+01  3.0520e-01  1.2210e-01  2.4410e-01
 -1.6100e-02 -2.8030e-01  9.3800e-01]",112
55,0,"[[ 0.29520143 -0.29126417  0.33873583]
 [-0.22109844 -0.28901634  0.34098366]
 [-0.08547605 -0.3185716   0.3114284 ]
 [ 0.08547605  0.3185716  -0.3114284 ]
 [-0.29520143  0.29126417 -0.33873583]
 [ 0.22109844  0.28901634 -0.34098366]]","[1855. 2237.  934. 1992. 2255.  916. 2192. 2236.  935. 2240. 2237.  934.
 2103. 2255.  916. 1903. 2236.  935.]","[1856. 2219.  943. 2015. 2229.  930. 2207. 2238.  933. 2242. 2230.  940.
 2083. 2237.  922. 1883. 2235.  934.]","[-1.6606e+01  4.1200e+00  6.2661e+01  3.6620e-01  6.1000e-02 -1.8310e-01
 -5.9100e-02 -2.9300e-01  9.7070e-01]",112
56,0,"[[ 0.29374416 -0.29165572  0.33834428]
 [-0.21258571 -0.28847993  0.34152007]
 [-0.09247129 -0.31868478  0.31131522]
 [ 0.09247129  0.31868478 -0.31131522]
 [-0.29374416  0.29165572 -0.33834428]
 [ 0.21258571  0.28847993 -0.34152007]]","[1856. 2238.  933. 1987. 2255.  916. 2186. 2236.  935. 2239. 2238.  933.
 2108. 2255.  916. 1909. 2236.  935.]","[1857. 2219.  943. 2010. 2229.  930. 2202. 2239.  934. 2241. 2230.  939.
 2087. 2237.  922. 1888. 2234.  934.]","[-16.589    4.114   62.65     0.4883   0.1831  -0.4883  -0.0835  -0.2725
   0.9536]",112
57,0,"[[ 0.292164   -0.29205122  0.33794878]
 [-0.20375517 -0.28795609  0.34204391]
 [-0.09940475 -0.31878938  0.31121062]
 [ 0.09940475  0.31878938 -0.31121062]
 [-0.292164    0.29205122 -0.33794878]
 [ 0.20375517  0.28795609 -0.34204391]]","[1857. 2238.  933. 1983. 2255.  916. 2180. 2235.  936. 2238. 2238.  933.
 2112. 2255.  916. 1915. 2235.  936.]","[1858. 2221.  942. 2006. 2229.  930. 2197. 2238.  934. 2240. 2231.  939.
 2092. 2237.  921. 1892. 2235.  934.]","[-16.573    4.12    62.622    0.4272   0.3052  -0.6714  -0.1035  -0.2812
   0.9487]",112
58,0,"[[ 0.29046163 -0.29245047  0.33754953]
 [-0.19462501 -0.28744553  0.34255447]
 [-0.10627263 -0.31888532  0.31111468]
 [ 0.10627263  0.31888532 -0.31111468]
 [-0.29046163  0.29245047 -0.33754953]
 [ 0.19462501  0.28744553 -0.34255447]]","[1858. 2238.  933. 1978. 2255.  916. 2174. 2235.  936. 2237. 2238.  933.
 2117. 2255.  916. 1921. 2235.  936.]","[1859. 2221.  941. 2002. 2229.  930. 2191. 2238.  934. 2239. 2231.  938.
 2096. 2237.  921. 1899. 2234.  935.]","[-16.556    4.131   62.595    0.3052   0.4272  -0.1831  -0.0854  -0.2959
   0.9585]",112
59,1,"[[ 0.28863776 -0.29285325  0.33714675]
 [-0.18521362 -0.28694893  0.34305107]
 [-0.11307116 -0.31897253  0.31102747]
 [ 0.11307116  0.31897253 -0.31102747]
 [-0.28863776  0.29285325 -0.33714675]
 [ 0.18521362  0.28694893 -0.34305107]]","[1859. 2238.  933. 1974. 2255.  916. 2168. 2235.  936. 2236. 2238.  933.
 2121. 2255.  916. 1927. 2235.  936.]","[1860. 2222.  941. 1998. 2229.  930. 2185. 2238.  934. 2238. 2231.  938.
 2101. 2237.  922. 1904. 2233.  935.]","[-1.6540e+01  4.1470e+00  6.2584e+01  2.4410e-01  3.0520e-01 -6.1000e-02
 -5.9100e-02 -2.7730e-01  9.3900e-01]",112
60,1,"[[ 0.28669314 -0.29325937  0.33674063]
 [-0.17553956 -0.27440471  0.35559529]
 [-0.11979665 -0.31905093  0.31094907]
 [ 0.11979665  0.31905093 -0.31094907]
 [-0.28669314  0.29325937 -0.33674063]
 [ 0.17553956  0.27440471 -0.35559529]]","[1861. 2239.  932. 1969. 2255.  915. 2162. 2226.  945. 2234. 2239.  932.
 2126. 2255.  915. 1933. 2226.  945.]","[1861. 2222.  940. 1994. 2229.  930. 2180. 2237.  935. 2237. 2231.  938.
 2105. 2237.  921. 1910. 2233.  935.]","[-1.6529e+01  4.1580e+00  6.2578e+01  2.4410e-01  1.8310e-01 -2.4410e-01
 -5.8100e-02 -2.9790e-01  9.5950e-01]",112
61,1,"[[ 0.2846286  -0.2936686   0.3363314 ]
 [-0.16562152 -0.25884727  0.37115273]
 [-0.12644548 -0.31912047  0.31087953]
 [ 0.12644548  0.31912047 -0.31087953]
 [-0.2846286   0.2936686  -0.3363314 ]
 [ 0.16562152  0.25884727 -0.37115273]]","[1862. 2239.  932. 1965. 2256.  915. 2155. 2216.  955. 2233. 2239.  932.
 2130. 2256.  915. 1940. 2216.  955.]","[1862. 2222.  940. 1989. 2229.  930. 2174. 2235.  938. 2235. 2231.  937.
 2109. 2237.  921. 1916. 2231.  937.]","[-1.6523e+01  4.1640e+00  6.2562e+01  2.4410e-01  1.8310e-01 -5.4930e-01
 -5.9100e-02 -2.9050e-01  9.5410e-01]",112
62,1,"[[ 0.28244499 -0.29408073  0.33591927]
 [-0.15547823 -0.2438197   0.3861803 ]
 [-0.13301409 -0.31918109  0.31081891]
 [ 0.13301409  0.31918109 -0.31081891]
 [-0.28244499  0.29408073 -0.33591927]
 [ 0.15547823  0.2438197  -0.3861803 ]]","[1863. 2239.  932. 1961. 2256.  915. 2149. 2206.  965. 2232. 2239.  932.
 2134. 2256.  915. 1946. 2206.  965.]","[1863. 2223.  939. 1985. 2229.  930. 2168. 2230.  943. 2234. 2231.  936.
 2114. 2237.  921. 1923. 2226.  942.]","[-16.512    4.164   62.54     0.4272   0.2441  -0.6714  -0.0869  -0.2866
   0.9648]",112
63,1,"[[ 0.28014323 -0.29449556  0.33550444]
 [-0.1451285  -0.22934241  0.40065759]
 [-0.13949897 -0.31923274  0.31076726]
 [ 0.13949897  0.31923274 -0.31076726]
 [-0.28014323  0.29449556 -0.33550444]
 [ 0.1451285   0.22934241 -0.40065759]]","[1865. 2239.  931. 1957. 2256.  915. 2142. 2197.  974. 2230. 2239.  931.
 2138. 2256.  915. 1953. 2197.  974.]","[1864. 2223.  939. 1981. 2229.  930. 2161. 2222.  950. 2232. 2231.  936.
 2119. 2237.  921. 1930. 2222.  949.]","[-16.49     4.169   62.507    0.9155   0.4272  -0.3662  -0.084   -0.2754
   0.9482]",112
64,1,"[[ 0.27772429 -0.29491287  0.33508713]
 [-0.13459112 -0.2154352   0.4145648 ]
 [-0.14589669 -0.31927536  0.31072464]
 [ 0.14589669  0.31927536 -0.31072464]
 [-0.27772429  0.29491287 -0.33508713]
 [ 0.13459112  0.2154352  -0.4145648 ]]","[1866. 2240.  931. 1952. 2256.  915. 2135. 2188.  983. 2229. 2240.  931.
 2143. 2256.  915. 1960. 2188.  983.]","[1865. 2224.  938. 1977. 2229.  930. 2156. 2215.  957. 2231. 2230.  935.
 2123. 2237.  921. 1936. 2216.  955.]","[-1.6452e+01  4.1860e+00  6.2490e+01  9.7660e-01  4.8830e-01 -6.1000e-02
 -7.9600e-02 -2.7980e-01  9.5170e-01]",112
65,1,"[[ 0.27518917 -0.29533245  0.33466755]
 [-0.12388484 -0.20211717  0.42788283]
 [-0.15220389 -0.31930892  0.31069108]
 [ 0.15220389  0.31930892 -0.31069108]
 [-0.27518917  0.29533245 -0.33466755]
 [ 0.12388484  0.20211717 -0.42788283]]","[1868. 2240.  931. 1948. 2256.  915. 2128. 2179.  992. 2227. 2240.  931.
 2147. 2256.  915. 1967. 2179.  992.]","[1867. 2225.  937. 1973. 2229.  930. 2149. 2207.  965. 2229. 2231.  934.
 2128. 2237.  921. 1944. 2207.  964.]","[-16.414    4.202   62.485    0.7324   0.3662   0.      -0.0649  -0.2856
   0.959 ]",112
66,1,"[[ 0.27253893 -0.29575408  0.33424592]
 [-0.11302832 -0.18940673  0.44059327]
 [-0.15841727 -0.31933339  0.31066661]
 [ 0.15841727  0.31933339 -0.31066661]
 [-0.27253893  0.29575408 -0.33424592]
 [ 0.11302832  0.18940673 -0.44059327]]","[1870. 2240.  931. 1944. 2256.  915. 2121. 2171. 1000. 2225. 2240.  931.
 2151. 2256.  915. 1974. 2171. 1000.]","[1868. 2226.  937. 1968. 2229.  930. 2142. 2198.  974. 2228. 2230.  934.
 2133. 2237.  922. 1952. 2199.  973.]","[-1.6381e+01  4.2190e+00  6.2479e+01  1.0986e+00  4.2720e-01  6.1000e-02
 -6.2500e-02 -2.8560e-01  9.7170e-01]",112
67,1,"[[ 0.26977469 -0.29617755  0.33382245]
 [-0.10204014 -0.17732154  0.45267846]
 [-0.16453362 -0.3193488   0.3106512 ]
 [ 0.16453362  0.3193488  -0.3106512 ]
 [-0.26977469  0.29617755 -0.33382245]
 [ 0.10204014  0.17732154 -0.45267846]]","[1872. 2241.  930. 1940. 2256.  915. 2114. 2163. 1008. 2223. 2241.  930.
 2155. 2256.  915. 1981. 2163. 1008.]","[1870. 2227.  937. 1964. 2229.  930. 2135. 2189.  982. 2226. 2230.  933.
 2137. 2237.  921. 1961. 2191.  982.]","[-1.6337e+01  4.2410e+00  6.2479e+01  1.2207e+00  5.4930e-01  6.1000e-02
 -5.8600e-02 -2.9490e-01  9.5170e-01]",112
68,1,"[[ 0.26689759 -0.29660265  0.33339735]
 [-0.09093873 -0.16587847  0.46412153]
 [-0.17054977 -0.31935538  0.31064462]
 [ 0.17054977  0.31935538 -0.31064462]
 [-0.26689759  0.29660265 -0.33339735]
 [ 0.09093873  0.16587847 -0.46412153]]","[1874. 2241.  930. 1936. 2256.  915. 2107. 2156. 1015. 2221. 2241.  930.
 2159. 2256.  915. 1988. 2156. 1015.]","[1871. 2228.  937. 1961. 2229.  930. 2128. 2182.  990. 2223. 2231.  932.
 2142. 2237.  921. 1969. 2183.  991.]","[-16.298    4.257   62.468    0.5493   0.3662  -0.3052  -0.0825  -0.2847
   0.9448]",112
69,1,"[[ 0.26390885 -0.29702916  0.33297084]
 [-0.07974232 -0.15509361  0.47490639]
 [-0.17646266 -0.31935177  0.31064823]
 [ 0.17646266  0.31935177 -0.31064823]
 [-0.26390885  0.29702916 -0.33297084]
 [ 0.07974232  0.15509361 -0.47490639]]","[1875. 2241.  930. 1932. 2256.  915. 2099. 2149. 1022. 2220. 2241.  930.
 2163. 2256.  915. 1996. 2149. 1022.]","[1873. 2228.  936. 1957. 2229.  930. 2121. 2173.  998. 2221. 2231.  932.
 2145. 2237.  922. 1976. 2176.  999.]","[-16.287    4.263   62.441    0.1221   0.3052  -0.6104  -0.0947  -0.2778
   0.9478]",112
70,1,"[[ 0.26080971 -0.29745686  0.33254314]
 [-0.06846898 -0.14498219  0.48501781]
 [-0.18226928 -0.31932572  0.31067428]
 [ 0.18226928  0.31932572 -0.31067428]
 [-0.26080971  0.29745686 -0.33254314]
 [ 0.06846898  0.14498219 -0.48501781]]","[1877. 2241.  930. 1929. 2256.  915. 2092. 2142. 1029. 2218. 2241.  930.
 2166. 2256.  915. 2003. 2142. 1029.]","[1875. 2228.  936. 1953. 2229.  930. 2114. 2166. 1006. 2220. 2230.  932.
 2149. 2237.  922. 1980. 2168. 1006.]","[-16.282    4.268   62.413    0.1831   0.3052  -0.7935  -0.0854  -0.2842
   0.9502]",112
71,1,"[[ 0.25760148 -0.29788555  0.33211445]
 [-0.05713652 -0.1355586   0.4944414 ]
 [-0.1879667  -0.31926807  0.31073193]
 [ 0.1879667   0.31926807 -0.31073193]
 [-0.25760148  0.29788555 -0.33211445]
 [ 0.05713652  0.1355586  -0.4944414 ]]","[1880. 2242.  929. 1925. 2256.  915. 2085. 2136. 1035. 2215. 2242.  929.
 2170. 2256.  915. 2010. 2136. 1035.]","[1877. 2228.  935. 1950. 2229.  930. 2107. 2158. 1014. 2218. 2231.  931.
 2153. 2237.  921. 1986. 2161. 1014.]","[-16.282    4.279   62.38     0.       0.1831  -0.6104  -0.0693  -0.2935
   0.9478]",112
72,1,"[[ 0.25428548 -0.29831501  0.33168499]
 [-0.04576251 -0.12683632  0.50316368]
 [-0.19355207 -0.31918235  0.31081765]
 [ 0.19355207  0.31918235 -0.31081765]
 [-0.25428548  0.29831501 -0.33168499]
 [ 0.04576251  0.12683632 -0.50316368]]","[1882. 2242.  929. 1921. 2256.  915. 2077. 2130. 1041. 2213. 2242.  929.
 2174. 2256.  915. 2018. 2130. 1041.]","[1878. 2228.  935. 1946. 2229.  930. 2100. 2150. 1021. 2216. 2231.  931.
 2157. 2237.  922. 1994. 2153. 1021.]","[-1.6287e+01  4.2790e+00  6.2353e+01  0.0000e+00  1.2210e-01 -6.1040e-01
 -5.9100e-02 -2.9490e-01  9.5700e-01]",112
73,1,"[[ 0.25086311 -0.29874503  0.33125497]
 [-0.03436425 -0.11882793  0.51117207]
 [-0.19902261 -0.31906994  0.31093006]
 [ 0.19902261  0.31906994 -0.31093006]
 [-0.25086311  0.29874503 -0.33125497]
 [ 0.03436425  0.11882793 -0.51117207]]","[1884. 2242.  929. 1918. 2256.  915. 2070. 2125. 1046. 2211. 2242.  929.
 2177. 2256.  915. 2025. 2125. 1046.]","[1881. 2228.  935. 1943. 2229.  930. 2092. 2144. 1028. 2214. 2230.  931.
 2161. 2237.  922. 2003. 2145. 1028.]","[-16.287    4.279   62.325    0.1831   0.1831  -0.7324  -0.0679  -0.2935
   0.9551]",112
74,1,"[[ 0.24733581 -0.29917539  0.33082461]
 [-0.02295872 -0.11154509  0.51845491]
 [-0.20437563 -0.31893133  0.31106867]
 [ 0.20437563  0.31893133 -0.31106867]
 [-0.24733581  0.29917539 -0.33082461]
 [ 0.02295872  0.11154509 -0.51845491]]","[1886. 2243.  928. 1914. 2255.  916. 2062. 2120. 1051. 2209. 2243.  928.
 2181. 2255.  916. 2033. 2120. 1051.]","[1883. 2228.  934. 1940. 2229.  930. 2085. 2139. 1033. 2211. 2231.  931.
 2164. 2237.  921. 2009. 2141. 1033.]","[-16.287    4.279   62.298    0.1221   0.1831  -0.6104  -0.1016  -0.2817
   0.9512]",112
75,1,"[[ 0.24370503 -0.29960588  0.33039412]
 [-0.0115626  -0.10499848  0.52500152]
 [-0.20960851 -0.31876697  0.31123303]
 [ 0.20960851  0.31876697 -0.31123303]
 [-0.24370503  0.29960588 -0.33039412]
 [ 0.0115626   0.10499848 -0.52500152]]","[1889. 2243.  928. 1911. 2255.  916. 2055. 2116. 1055. 2206. 2243.  928.
 2184. 2255.  916. 2040. 2116. 1055.]","[1885. 2228.  933. 1937. 2229.  930. 2078. 2133. 1039. 2210. 2230.  931.
 2168. 2236.  921. 2017. 2136. 1039.]","[-1.6282e+01  4.2850e+00  6.2281e+01  6.1000e-02  6.1000e-02 -6.1000e-02
 -7.9100e-02 -2.8030e-01  9.5210e-01]",112
76,1,"[[ 2.39972318e-01 -3.00036292e-01  3.29963708e-01]
 [-1.92220231e-04 -9.91978214e-02  5.30802179e-01]
 [-2.14718706e-01 -3.18577316e-01  3.11422684e-01]
 [ 2.14718706e-01  3.18577316e-01 -3.11422684e-01]
 [-2.39972318e-01  3.00036292e-01 -3.29963708e-01]
 [ 1.92220231e-04  9.91978214e-02 -5.30802179e-01]]","[1891. 2243.  928. 1908. 2255.  916. 2048. 2112. 1059. 2204. 2243.  928.
 2187. 2255.  916. 2047. 2112. 1059.]","[1887. 2228.  933. 1934. 2229.  930. 2071. 2128. 1045. 2206. 2231.  930.
 2171. 2237.  922. 2025. 2130. 1044.]","[-1.6282e+01  4.2900e+00  6.2276e+01  1.2210e-01  6.1000e-02 -1.2210e-01
 -7.2300e-02 -2.9050e-01  9.5850e-01]",112
77,1,"[[ 0.23613922 -0.30046641  0.32953359]
 [ 0.01113645 -0.09415183  0.53584817]
 [-0.21970377 -0.31836285  0.31163715]
 [ 0.21970377  0.31836285 -0.31163715]
 [-0.23613922  0.30046641 -0.32953359]
 [-0.01113645  0.09415183 -0.53584817]]","[1894. 2243.  928. 1904. 2255.  916. 2040. 2109. 1062. 2201. 2243.  928.
 2191. 2255.  916. 2055. 2109. 1062.]","[1891. 2228.  932. 1930. 2229.  930. 2063. 2123. 1049. 2205. 2231.  930.
 2174. 2237.  922. 2033. 2125. 1049.]","[-16.276    4.29    62.265    0.1221   0.1831  -0.4272  -0.0684  -0.2812
   0.9536]",112
78,1,"[[ 0.23220734 -0.30089603  0.32910397]
 [ 0.0224078  -0.08986821  0.54013179]
 [-0.22456131 -0.31812409  0.31187591]
 [ 0.22456131  0.31812409 -0.31187591]
 [-0.23220734  0.30089603 -0.32910397]
 [-0.0224078   0.08986821 -0.54013179]]","[1896. 2244.  927. 1901. 2255.  916. 2033. 2106. 1065. 2199. 2244.  927.
 2194. 2255.  916. 2062. 2106. 1065.]","[1893. 2228.  932. 1927. 2229.  930. 2056. 2119. 1053. 2202. 2230.  930.
 2178. 2237.  921. 2040. 2120. 1053.]","[-1.6276e+01  4.2960e+00  6.2243e+01  6.1000e-02  1.8310e-01 -6.1040e-01
 -8.3500e-02 -2.7830e-01  9.5260e-01]",112
79,1,"[[ 0.22817832 -0.30132494  0.32867506]
 [ 0.03360662 -0.08635368  0.54364632]
 [-0.22928904 -0.31786156  0.31213844]
 [ 0.22928904  0.31786156 -0.31213844]
 [-0.22817832  0.30132494 -0.32867506]
 [-0.03360662  0.08635368 -0.54364632]]","[1899. 2244.  927. 1898. 2255.  916. 2026. 2104. 1067. 2196. 2244.  927.
 2197. 2255.  916. 2069. 2104. 1067.]","[1895. 2229.  932. 1923. 2229.  930. 2048. 2115. 1057. 2200. 2231.  929.
 2181. 2237.  922. 2047. 2117. 1057.]","[-16.276    4.296   62.221    0.       0.1221  -0.4272  -0.0737  -0.2783
   0.96  ]",112
80,1,"[[ 0.22405386 -0.30175293  0.32824707]
 [ 0.0447181  -0.08361387  0.54638613]
 [-0.23388475 -0.31757584  0.31242416]
 [ 0.23388475  0.31757584 -0.31242416]
 [-0.22405386  0.30175293 -0.32824707]
 [-0.0447181   0.08361387 -0.54638613]]","[1901. 2244.  927. 1895. 2255.  916. 2018. 2102. 1069. 2194. 2244.  927.
 2200. 2255.  916. 2077. 2102. 1069.]","[1898. 2229.  931. 1920. 2229.  930. 2041. 2112. 1061. 2197. 2230.  929.
 2184. 2237.  922. 2054. 2113. 1061.]","[-1.6276e+01  4.3010e+00  6.2205e+01  6.1000e-02  1.2210e-01 -3.0520e-01
 -7.3700e-02 -2.8660e-01  9.5610e-01]",112
81,1,"[[ 0.21983567 -0.30217979  0.32782021]
 [ 0.05572782 -0.08165344  0.54834656]
 [-0.23834631 -0.3172675   0.3127325 ]
 [ 0.23834631  0.3172675  -0.3127325 ]
 [-0.21983567  0.30217979 -0.32782021]
 [-0.05572782  0.08165344 -0.54834656]]","[1904. 2244.  926. 1892. 2254.  917. 2011. 2101. 1070. 2191. 2244.  926.
 2203. 2254.  917. 2084. 2101. 1070.]","[1900. 2229.  931. 1917. 2229.  930. 2034. 2109. 1064. 2195. 2231.  929.
 2187. 2237.  922. 2062. 2111. 1063.]","[-16.271    4.301   62.188    0.1221   0.1221  -0.2441  -0.0806  -0.2852
   0.9512]",112
82,1,"[[ 0.21552552 -0.30260532  0.32739468]
 [ 0.06662181 -0.08047642  0.54952358]
 [-0.24267167 -0.31693717  0.31306283]
 [ 0.24267167  0.31693717 -0.31306283]
 [-0.21552552  0.30260532 -0.32739468]
 [-0.06662181  0.08047642 -0.54952358]]","[1907. 2245.  926. 1889. 2254.  917. 2004. 2100. 1071. 2188. 2245.  926.
 2206. 2254.  917. 2091. 2100. 1071.]","[1902. 2229.  931. 1913. 2229.  930. 2026. 2107. 1066. 2192. 2231.  928.
 2191. 2237.  922. 2070. 2109. 1065.]","[-1.6271e+01  4.3070e+00  6.2177e+01  6.1000e-02  6.1000e-02 -2.4410e-01
 -7.7600e-02 -2.8560e-01  9.5310e-01]",112
83,1,"[[ 0.21112521 -0.30302931  0.32697069]
 [ 0.07738652 -0.08009342  0.54990658]
 [-0.24685885 -0.31658546  0.31341454]
 [ 0.24685885  0.31658546 -0.31341454]
 [-0.21112521  0.30302931 -0.32697069]
 [-0.07738652  0.08009342 -0.54990658]]","[1910. 2245.  926. 1887. 2254.  917. 1997. 2100. 1071. 2185. 2245.  926.
 2208. 2254.  917. 2098. 2100. 1071.]","[1906. 2229.  930. 1910. 2229.  930. 2019. 2104. 1067. 2189. 2231.  928.
 2194. 2237.  922. 2077. 2107. 1067.]","[-1.6271e+01  4.3120e+00  6.2166e+01  0.0000e+00  6.1000e-02 -3.0520e-01
 -7.2800e-02 -2.8420e-01  9.5460e-01]",112
84,1,"[[ 0.20663658 -0.30345156  0.32654844]
 [ 0.08800884 -0.08047056  0.54952944]
 [-0.250906   -0.31621303  0.31378697]
 [ 0.250906    0.31621303 -0.31378697]
 [-0.20663658  0.30345156 -0.32654844]
 [-0.08800884  0.08047056 -0.54952944]]","[1913. 2245.  926. 1884. 2254.  917. 1990. 2100. 1071. 2182. 2245.  926.
 2211. 2254.  917. 2105. 2100. 1071.]","[1908. 2229.  930. 1908. 2229.  930. 2012. 2103. 1069. 2187. 2230.  928.
 2197. 2237.  922. 2084. 2106. 1068.]","[-1.6271e+01  4.3120e+00  6.2150e+01  6.1000e-02  1.2210e-01 -4.2720e-01
 -7.7600e-02 -2.8120e-01  9.5750e-01]",112
85,1,"[[ 0.20206152 -0.30387187  0.32612813]
 [ 0.09847611 -0.08106074  0.54893926]
 [-0.25481131 -0.31582054  0.31417946]
 [ 0.25481131  0.31582054 -0.31417946]
 [-0.20206152  0.30387187 -0.32612813]
 [-0.09847611  0.08106074 -0.54893926]]","[1916. 2246.  925. 1881. 2253.  918. 1983. 2100. 1071. 2179. 2246.  925.
 2214. 2253.  918. 2112. 2100. 1071.]","[1911. 2229.  929. 1905. 2229.  930. 2005. 2103. 1070. 2184. 2231.  928.
 2200. 2236.  922. 2091. 2105. 1069.]","[-1.6265e+01  4.3120e+00  6.2133e+01  6.1000e-02  1.2210e-01 -3.0520e-01
 -7.3700e-02 -2.8120e-01  9.5510e-01]",112
86,1,"[[ 0.19740193 -0.30429004  0.32570996]
 [ 0.10877611 -0.08177296  0.54822704]
 [-0.25857307 -0.31540867  0.31459133]
 [ 0.25857307  0.31540867 -0.31459133]
 [-0.19740193  0.30429004 -0.32570996]
 [-0.10877611  0.08177296 -0.54822704]]","[1919. 2246.  925. 1879. 2253.  918. 1977. 2101. 1070. 2176. 2246.  925.
 2216. 2253.  918. 2118. 2101. 1070.]","[1915. 2231.  930. 1902. 2229.  930. 1997. 2102. 1070. 2181. 2230.  928.
 2203. 2237.  922. 2098. 2104. 1070.]","[-16.265    4.318   62.117    0.       0.1221  -0.3662  -0.0688  -0.2788
   0.9531]",112
87,1,"[[ 0.19265977 -0.30470586  0.32529414]
 [ 0.11889708 -0.0827078   0.5472922 ]
 [-0.26218965 -0.31497814  0.31502186]
 [ 0.26218965  0.31497814 -0.31502186]
 [-0.19265977  0.30470586 -0.32529414]
 [-0.11889708  0.0827078  -0.5472922 ]]","[1922. 2246.  925. 1877. 2253.  918. 1970. 2101. 1070. 2173. 2246.  925.
 2218. 2253.  918. 2125. 2101. 1070.]","[1918. 2231.  929. 1899. 2229.  930. 1991. 2103. 1070. 2178. 2230.  928.
 2206. 2237.  922. 2105. 2105. 1070.]","[-16.26     4.323   62.106    0.1221   0.1831  -0.3052  -0.085   -0.2812
   0.9717]",112
88,1,"[[ 0.18783701 -0.30511914  0.32488086]
 [ 0.12882775 -0.08389022  0.54610978]
 [-0.26565952 -0.31452964  0.31547036]
 [ 0.26565952  0.31452964 -0.31547036]
 [-0.18783701  0.30511914 -0.32488086]
 [-0.12882775  0.08389022 -0.54610978]]","[1925. 2246.  925. 1874. 2253.  918. 1964. 2102. 1069. 2170. 2246.  925.
 2221. 2253.  918. 2131. 2102. 1069.]","[1920. 2232.  929. 1896. 2229.  930. 1984. 2102. 1069. 2175. 2231.  927.
 2208. 2237.  923. 2112. 2104. 1070.]","[-1.6254e+01  4.3340e+00  6.2095e+01  1.8310e-01  3.0520e-01 -6.1000e-02
 -7.7100e-02 -2.8320e-01  9.4430e-01]",112
89,1,"[[ 0.18293568 -0.3055297   0.3244703 ]
 [ 0.13855727 -0.08532818  0.54467182]
 [-0.26898123 -0.31406391  0.31593609]
 [ 0.26898123  0.31406391 -0.31593609]
 [-0.18293568  0.3055297  -0.3244703 ]
 [-0.13855727  0.08532818 -0.54467182]]","[1928. 2247.  924. 1872. 2252.  919. 1957. 2103. 1068. 2167. 2247.  924.
 2223. 2252.  919. 2138. 2103. 1068.]","[1923. 2232.  929. 1894. 2229.  930. 1977. 2103. 1070. 2173. 2230.  927.
 2210. 2237.  923. 2118. 2104. 1069.]","[-1.6249e+01  4.3400e+00  6.2089e+01  1.2210e-01  1.8310e-01 -6.1000e-02
 -7.2800e-02 -2.8760e-01  9.5410e-01]",112
90,1,"[[ 0.17795782 -0.30593732  0.32406268]
 [ 0.14807529 -0.08702649  0.54297351]
 [-0.2721534  -0.31358169  0.31641831]
 [ 0.2721534   0.31358169 -0.31641831]
 [-0.17795782  0.30593732 -0.32406268]
 [-0.14807529  0.08702649 -0.54297351]]","[1931. 2247.  924. 1870. 2252.  919. 1951. 2104. 1067. 2164. 2247.  924.
 2225. 2252.  919. 2144. 2104. 1067.]","[1926. 2233.  929. 1892. 2229.  930. 1971. 2103. 1070. 2170. 2230.  927.
 2213. 2237.  923. 2124. 2105. 1069.]","[-1.6243e+01  4.3510e+00  6.2078e+01  6.1000e-02  1.8310e-01 -1.2210e-01
 -6.8800e-02 -2.8520e-01  9.5310e-01]",112
91,1,"[[ 0.17290552 -0.30634182  0.32365818]
 [ 0.1573719  -0.08898928  0.54101072]
 [-0.27517475 -0.31308372  0.31691628]
 [ 0.27517475  0.31308372 -0.31691628]
 [-0.17290552  0.30634182 -0.32365818]
 [-0.1573719   0.08898928 -0.54101072]]","[1935. 2247.  924. 1868. 2252.  919. 1945. 2106. 1065. 2160. 2247.  924.
 2227. 2252.  919. 2150. 2106. 1065.]","[1929. 2232.  929. 1889. 2229.  930. 1965. 2103. 1068. 2167. 2231.  927.
 2215. 2237.  923. 2131. 2104. 1068.]","[-1.6243e+01  4.3510e+00  6.2073e+01  6.1000e-02  1.2210e-01 -2.4410e-01
 -7.5200e-02 -2.8420e-01  9.5260e-01]",112
92,1,"[[ 0.16778089 -0.30674302  0.32325698]
 [ 0.16643767 -0.09122042  0.53877958]
 [-0.27804409 -0.31257076  0.31742924]
 [ 0.27804409  0.31257076 -0.31742924]
 [-0.16778089  0.30674302 -0.32325698]
 [-0.16643767  0.09122042 -0.53877958]]","[1938. 2247.  924. 1866. 2251.  920. 1939. 2107. 1064. 2157. 2247.  924.
 2229. 2251.  920. 2156. 2107. 1064.]","[1933. 2233.  929. 1886. 2229.  930. 1957. 2105. 1067. 2164. 2231.  926.
 2218. 2237.  923. 2139. 2105. 1067.]","[-1.6238e+01  4.3560e+00  6.2056e+01  6.1000e-02  1.2210e-01 -3.0520e-01
 -7.3200e-02 -2.7980e-01  9.5560e-01]",112
93,1,"[[ 0.16258608 -0.30714071  0.32285929]
 [ 0.17526364 -0.09372356  0.53627644]
 [-0.28076031 -0.31204358  0.31795642]
 [ 0.28076031  0.31204358 -0.31795642]
 [-0.16258608  0.30714071 -0.32285929]
 [-0.17526364  0.09372356 -0.53627644]]","[1942. 2248.  923. 1864. 2251.  920. 1933. 2109. 1062. 2153. 2248.  923.
 2231. 2251.  920. 2162. 2109. 1062.]","[1936. 2233.  928. 1884. 2229.  930. 1950. 2106. 1065. 2159. 2230.  926.
 2220. 2237.  924. 2145. 2106. 1065.]","[-16.238    4.356   62.045    0.       0.1221  -0.2441  -0.0703  -0.2769
   0.9575]",112
94,1,"[[ 0.15732326 -0.30753473  0.32246527]
 [ 0.18384132 -0.09650212  0.53349788]
 [-0.28332237 -0.31150295  0.31849705]
 [ 0.28332237  0.31150295 -0.31849705]
 [-0.15732326  0.30753473 -0.32246527]
 [-0.18384132  0.09650212 -0.53349788]]","[1945. 2248.  923. 1863. 2251.  920. 1928. 2110. 1061. 2150. 2248.  923.
 2232. 2251.  920. 2167. 2110. 1061.]","[1939. 2233.  928. 1882. 2229.  930. 1945. 2107. 1064. 2156. 2230.  925.
 2222. 2237.  924. 2151. 2107. 1064.]","[-1.6238e+01  4.3560e+00  6.2034e+01  0.0000e+00  6.1000e-02 -2.4410e-01
 -7.4200e-02 -2.7780e-01  9.5260e-01]",112
95,1,"[[ 0.15199462 -0.30792488  0.32207512]
 [ 0.19216265 -0.09955933  0.53044067]
 [-0.28572934 -0.31094966  0.31905034]
 [ 0.28572934  0.31094966 -0.31905034]
 [-0.15199462  0.30792488 -0.32207512]
 [-0.19216265  0.09955933 -0.53044067]]","[1948. 2248.  923. 1861. 2250.  921. 1922. 2112. 1059. 2147. 2248.  923.
 2234. 2250.  921. 2173. 2112. 1059.]","[1943. 2233.  928. 1880. 2229.  930. 1939. 2109. 1062. 2153. 2231.  925.
 2225. 2237.  924. 2157. 2109. 1062.]","[-1.6232e+01  4.3560e+00  6.2023e+01  0.0000e+00  6.1000e-02 -3.0520e-01
 -7.8600e-02 -2.7830e-01  9.5850e-01]",112
96,1,"[[ 0.14660241 -0.30831099  0.32168901]
 [ 0.20022008 -0.10289818  0.52710182]
 [-0.28798037 -0.31038447  0.31961553]
 [ 0.28798037  0.31038447 -0.31961553]
 [-0.14660241  0.30831099 -0.32168901]
 [-0.20022008  0.10289818 -0.52710182]]","[1952. 2248.  922. 1860. 2250.  921. 1917. 2115. 1056. 2143. 2248.  922.
 2235. 2250.  921. 2178. 2115. 1056.]","[1945. 2233.  928. 1879. 2229.  930. 1934. 2110. 1061. 2151. 2231.  924.
 2226. 2237.  925. 2162. 2111. 1061.]","[-1.6238e+01  4.3560e+00  6.2007e+01 -6.1000e-02  6.1000e-02 -3.0520e-01
 -7.7100e-02 -2.7830e-01  9.5360e-01]",112
97,1,"[[ 0.14114886 -0.30869287  0.32130713]
 [ 0.20800648 -0.10652144  0.52347856]
 [-0.29007468 -0.30980819  0.32019181]
 [ 0.29007468  0.30980819 -0.32019181]
 [-0.14114886  0.30869287 -0.32130713]
 [-0.20800648  0.10652144 -0.52347856]]","[1955. 2249.  922. 1858. 2249.  922. 1912. 2117. 1054. 2140. 2249.  922.
 2237. 2249.  922. 2183. 2117. 1054.]","[1949. 2233.  928. 1876. 2229.  930. 1928. 2112. 1059. 2148. 2231.  924.
 2228. 2237.  925. 2168. 2113. 1059.]","[-16.232    4.356   61.99     0.       0.1221  -0.3662  -0.0801  -0.2842
   0.9551]",112
98,1,"[[ 0.13563628 -0.30907035  0.32092965]
 [ 0.21551519 -0.11043163  0.51956837]
 [-0.2920116  -0.3092216   0.3207784 ]
 [ 0.2920116   0.3092216  -0.3207784 ]
 [-0.13563628  0.30907035 -0.32092965]
 [-0.21551519  0.11043163 -0.51956837]]","[1959. 2249.  922. 1857. 2249.  922. 1907. 2119. 1051. 2136. 2249.  922.
 2238. 2249.  922. 2188. 2119. 1051.]","[1952. 2233.  928. 1875. 2229.  930. 1923. 2115. 1057. 2145. 2231.  924.
 2230. 2237.  926. 2173. 2114. 1057.]","[-16.238    4.356   61.974    0.       0.1221  -0.3662  -0.0796  -0.2876
   0.9536]",112
99,1,"[[ 0.13006695 -0.30944327  0.32055673]
 [ 0.22274    -0.11463103  0.51536897]
 [-0.29379052 -0.30862549  0.32137451]
 [ 0.29379052  0.30862549 -0.32137451]
 [-0.13006695  0.30944327 -0.32055673]
 [-0.22274     0.11463103 -0.51536897]]","[1963. 2249.  922. 1856. 2249.  922. 1902. 2122. 1049. 2132. 2249.  922.
 2239. 2249.  922. 2193. 2122. 1049.]","[1956. 2233.  927. 1873. 2229.  930. 1916. 2117. 1054. 2141. 2231.  924.
 2232. 2237.  926. 2179. 2117. 1054.]","[-1.6238e+01  4.3560e+00  6.1963e+01 -6.1000e-02  0.0000e+00 -2.4410e-01
 -7.8100e-02 -2.8220e-01  9.5510e-01]",112
100,1,"[[ 0.12444322 -0.30981143  0.32018857]
 [ 0.22967515 -0.11912167  0.51087833]
 [-0.29541093 -0.30802066  0.32197934]
 [ 0.29541093  0.30802066 -0.32197934]
 [-0.12444322  0.30981143 -0.32018857]
 [-0.22967515  0.11912167 -0.51087833]]","[1966. 2249.  922. 1855. 2248.  923. 1898. 2125. 1046. 2129. 2249.  922.
 2240. 2248.  923. 2197. 2125. 1046.]","[1959. 2233.  927. 1872. 2229.  930. 1913. 2119. 1052. 2137. 2231.  924.
 2234. 2236.  927. 2183. 2119. 1052.]","[-1.6238e+01  4.3560e+00  6.1957e+01  0.0000e+00  0.0000e+00 -6.1000e-02
 -7.3700e-02 -2.8270e-01  9.5360e-01]",112
101,1,"[[ 0.11876743 -0.31017469  0.31982531]
 [ 0.23631531 -0.12390536  0.50609464]
 [-0.29687241 -0.30740789  0.32259211]
 [ 0.29687241  0.30740789 -0.32259211]
 [-0.11876743  0.31017469 -0.31982531]
 [-0.23631531  0.12390536 -0.50609464]]","[1970. 2250.  921. 1854. 2248.  923. 1893. 2128. 1043. 2125. 2250.  921.
 2241. 2248.  923. 2202. 2128. 1043.]","[1962. 2233.  927. 1870. 2229.  930. 1908. 2122. 1050. 2134. 2231.  924.
 2235. 2237.  927. 2188. 2121. 1050.]","[-16.238    4.356   61.957    0.       0.       0.      -0.0674  -0.2847
   0.9575]",112
102,1,"[[ 0.11304196 -0.31053287  0.31946713]
 [ 0.24265559 -0.1289836   0.5010164 ]
 [-0.29817461 -0.30678798  0.32321202]
 [ 0.29817461  0.30678798 -0.32321202]
 [-0.11304196  0.31053287 -0.31946713]
 [-0.24265559  0.1289836  -0.5010164 ]]","[1974. 2250.  921. 1853. 2247.  923. 1889. 2132. 1039. 2121. 2250.  921.
 2242. 2247.  923. 2206. 2132. 1039.]","[1965. 2233.  927. 1869. 2229.  930. 1903. 2124. 1047. 2131. 2231.  923.
 2236. 2236.  928. 2193. 2124. 1047.]","[-16.238    4.356   61.952    0.       0.      -0.1831  -0.0742  -0.2842
   0.9561]",112
103,1,"[[ 0.1072692  -0.31088581  0.31911419]
 [ 0.24869154 -0.13435767  0.49564233]
 [-0.29931726 -0.30616171  0.32383829]
 [ 0.29931726  0.30616171 -0.32383829]
 [-0.1072692   0.31088581 -0.31911419]
 [-0.24869154  0.13435767 -0.49564233]]","[1978. 2250.  921. 1852. 2247.  924. 1885. 2135. 1036. 2117. 2250.  921.
 2243. 2247.  924. 2210. 2135. 1036.]","[1969. 2233.  927. 1867. 2229.  931. 1898. 2128. 1044. 2127. 2232.  923.
 2238. 2237.  928. 2197. 2127. 1044.]","[-16.238    4.356   61.935    0.       0.      -0.3052  -0.085   -0.2817
   0.9507]",112
104,1,"[[ 0.10145157 -0.31123336  0.31876664]
 [ 0.25441913 -0.14002858  0.48997142]
 [-0.30030019 -0.30552987  0.32447013]
 [ 0.30030019  0.30552987 -0.32447013]
 [-0.10145157  0.31123336 -0.31876664]
 [-0.25441913  0.14002858 -0.48997142]]","[1981. 2250.  921. 1852. 2247.  924. 1882. 2139. 1032. 2114. 2250.  921.
 2243. 2247.  924. 2213. 2139. 1032.]","[1973. 2233.  927. 1866. 2229.  931. 1894. 2130. 1041. 2124. 2233.  923.
 2240. 2236.  928. 2202. 2131. 1041.]","[-1.6238e+01  4.3560e+00  6.1930e+01 -6.1000e-02  0.0000e+00 -2.4410e-01
 -7.9600e-02 -2.8370e-01  9.5650e-01]",112
105,1,"[[ 0.0955915  -0.31157535  0.31842465]
 [ 0.25983473 -0.14599705  0.48400295]
 [-0.30112331 -0.30489324  0.32510676]
 [ 0.30112331  0.30489324 -0.32510676]
 [-0.0955915   0.31157535 -0.31842465]
 [-0.25983473  0.14599705 -0.48400295]]","[1985. 2251.  920. 1851. 2246.  925. 1878. 2143. 1028. 2110. 2251.  920.
 2244. 2246.  925. 2217. 2143. 1028.]","[1976. 2232.  928. 1865. 2229.  931. 1890. 2134. 1038. 2122. 2233.  923.
 2240. 2236.  928. 2206. 2134. 1037.]","[-16.249    4.351   61.913   -0.1221   0.      -0.3052  -0.0703  -0.2812
   0.9541]",112
106,1,"[[ 0.08969144 -0.31191163  0.31808837]
 [ 0.26493515 -0.15226355  0.47773645]
 [-0.30178663 -0.30425259  0.32574741]
 [ 0.30178663  0.30425259 -0.32574741]
 [-0.08969144  0.31191163 -0.31808837]
 [-0.26493515  0.15226355 -0.47773645]]","[1989. 2251.  920. 1851. 2246.  925. 1875. 2147. 1024. 2106. 2251.  920.
 2244. 2246.  925. 2220. 2147. 1024.]","[1980. 2233.  927. 1864. 2229.  931. 1886. 2137. 1034. 2119. 2234.  923.
 2241. 2235.  928. 2210. 2137. 1034.]","[-1.6249e+01  4.3510e+00  6.1897e+01 -6.1000e-02  0.0000e+00 -4.2720e-01
 -8.1100e-02 -2.8270e-01  9.6040e-01]",112
107,1,"[[ 0.08375386 -0.31224205  0.31775795]
 [ 0.26971758 -0.15882826  0.47117174]
 [-0.3022904  -0.3036087   0.3263913 ]
 [ 0.3022904   0.3036087  -0.3263913 ]
 [-0.08375386  0.31224205 -0.31775795]
 [-0.26971758  0.15882826 -0.47117174]]","[1993. 2251.  920. 1850. 2245.  926. 1872. 2151. 1020. 2102. 2251.  920.
 2245. 2245.  926. 2223. 2151. 1020.]","[1983. 2233.  927. 1863. 2229.  932. 1882. 2142. 1030. 2115. 2234.  922.
 2242. 2236.  929. 2213. 2141. 1030.]","[-16.254    4.351   61.886   -0.1831   0.      -0.3052  -0.0811  -0.2827
   0.9478]",112
108,1,"[[ 0.07778125 -0.31256646  0.31743354]
 [ 0.27417963 -0.16569112  0.46430888]
 [-0.3026358  -0.30296233  0.32703767]
 [ 0.3026358   0.30296233 -0.32703767]
 [-0.07778125  0.31256646 -0.31743354]
 [-0.27417963  0.16569112 -0.46430888]]","[1997. 2251.  920. 1850. 2245.  926. 1869. 2156. 1015. 2098. 2251.  920.
 2245. 2245.  926. 2226. 2156. 1015.]","[1986. 2233.  927. 1862. 2229.  933. 1879. 2145. 1026. 2111. 2235.  922.
 2243. 2235.  930. 2217. 2145. 1026.]","[-1.6260e+01  4.3450e+00  6.1886e+01 -1.2210e-01 -6.1000e-02 -6.1000e-02
 -7.8100e-02 -2.8420e-01  9.5650e-01]",112
109,1,"[[ 0.0717761  -0.31288472  0.31711528]
 [ 0.2783193  -0.17285174  0.45714826]
 [-0.30282523 -0.30231422  0.32768578]
 [ 0.30282523  0.30231422 -0.32768578]
 [-0.0717761   0.31288472 -0.31711528]
 [-0.2783193   0.17285174 -0.45714826]]","[2001. 2251.  919. 1850. 2245.  926. 1866. 2160. 1011. 2094. 2251.  919.
 2245. 2245.  926. 2229. 2160. 1011.]","[1987. 2233.  926. 1861. 2229.  933. 1875. 2150. 1023. 2108. 2234.  922.
 2244. 2235.  931. 2220. 2149. 1022.]","[-1.6265e+01  4.3510e+00  6.1891e+01 -1.2210e-01 -6.1000e-02  1.8310e-01
 -7.9100e-02 -2.7930e-01  9.5310e-01]",112
110,1,"[[ 0.06574093 -0.3131967   0.3168033 ]
 [ 0.28213494 -0.18030949  0.44969051]
 [-0.30280812 -0.30166494  0.32833506]
 [ 0.30280812  0.30166494 -0.32833506]
 [-0.06574093  0.3131967  -0.3168033 ]
 [-0.28213494  0.18030949 -0.44969051]]","[2005. 2252.  919. 1850. 2244.  927. 1864. 2165. 1006. 2090. 2252.  919.
 2245. 2244.  927. 2231. 2165. 1006.]","[1991. 2233.  926. 1860. 2229.  934. 1872. 2153. 1018. 2103. 2234.  922.
 2245. 2235.  931. 2223. 2153. 1018.]","[-1.6265e+01  4.3510e+00  6.1908e+01  0.0000e+00 -6.1000e-02  3.6620e-01
 -8.5000e-02 -2.8520e-01  9.5610e-01]",112
111,1,"[[ 0.05967825 -0.31350224  0.31649776]
 [ 0.28562531 -0.18806345  0.44193655]
 [-0.30239215 -0.30101422  0.32898578]
 [ 0.30239215  0.30101422 -0.32898578]
 [-0.05967825  0.31350224 -0.31649776]
 [-0.28562531  0.18806345 -0.44193655]]","[2009. 2252.  919. 1850. 2244.  927. 1861. 2170. 1001. 2086. 2252.  919.
 2245. 2244.  927. 2234. 2170. 1001.]","[1994. 2232.  926. 1859. 2229.  934. 1869. 2158. 1014. 2100. 2235.  922.
 2248. 2235.  932. 2226. 2157. 1014.]","[-1.6271e+01  4.3560e+00  6.1930e+01 -1.2210e-01 -6.1000e-02  4.8830e-01
 -6.5900e-02 -2.9000e-01  9.4970e-01]",112
112,1,"[[ 0.05359061 -0.31380121  0.31619879]
 [ 0.28878954 -0.19611241  0.43388759]
 [-0.30152838 -0.30036173  0.32963827]
 [ 0.30152838  0.30036173 -0.32963827]
 [-0.05359061  0.31380121 -0.31619879]
 [-0.28878954  0.19611241 -0.43388759]]","[2013. 2252.  919. 1851. 2243.  928. 1859. 2175.  996. 2082. 2252.  919.
 2244. 2243.  928. 2236. 2175.  996.]","[1999. 2233.  926. 1859. 2229.  934. 1866. 2162. 1010. 2096. 2235.  922.
 2248. 2235.  932. 2229. 2163. 1009.]","[-1.6271e+01  4.3560e+00  6.1930e+01 -6.1000e-02 -6.1000e-02  0.0000e+00
 -5.4200e-02 -2.8910e-01  9.5700e-01]",112
113,1,"[[ 0.04748056 -0.3140935   0.3159065 ]
 [ 0.29162709 -0.20445488  0.42554512]
 [-0.30022369 -0.29970811  0.33029189]
 [ 0.30022369  0.29970811 -0.33029189]
 [-0.04748056  0.3140935  -0.3159065 ]
 [-0.29162709  0.20445488 -0.42554512]]","[2017. 2252.  919. 1852. 2243.  928. 1857. 2181.  990. 2078. 2252.  919.
 2243. 2243.  928. 2238. 2181.  990.]","[2003. 2233.  927. 1859. 2229.  934. 1864. 2167. 1005. 2092. 2235.  922.
 2248. 2235.  932. 2232. 2167. 1005.]","[-1.6276e+01  4.3510e+00  6.1897e+01  0.0000e+00  6.1000e-02 -6.7140e-01
 -7.9600e-02 -2.8420e-01  9.6830e-01]",112
114,1,"[[ 0.04135064 -0.31437895  0.31562105]
 [ 0.2941378  -0.2130891   0.4169109 ]
 [-0.29848424 -0.29905411  0.33094589]
 [ 0.29848424  0.29905411 -0.33094589]
 [-0.04135064  0.31437895 -0.31562105]
 [-0.2941378   0.2130891  -0.4169109 ]]","[2021. 2252.  919. 1853. 2242.  929. 1856. 2186.  985. 2074. 2252.  919.
 2242. 2242.  929. 2239. 2186.  985.]","[2007. 2233.  926. 1859. 2229.  935. 1861. 2172. 1000. 2089. 2235.  922.
 2247. 2235.  932. 2234. 2172. 1000.]","[-16.276    4.351   61.875    0.       0.1831  -0.5493  -0.085   -0.2773
   0.9375]",112
115,1,"[[ 0.03520343 -0.31465746  0.31534254]
 [ 0.29632184 -0.22201301  0.40798699]
 [-0.29631711 -0.29840051  0.33159949]
 [ 0.29631711  0.29840051 -0.33159949]
 [-0.03520343  0.31465746 -0.31534254]
 [-0.29632184  0.22201301 -0.40798699]]","[2025. 2253.  918. 1854. 2242.  929. 1854. 2192.  979. 2070. 2253.  918.
 2241. 2242.  929. 2241. 2192.  979.]","[2010. 2233.  927. 1859. 2229.  935. 1859. 2177.  995. 2085. 2235.  922.
 2247. 2236.  933. 2236. 2177.  994.]","[-16.287    4.351   61.864   -0.3052   0.      -0.3052  -0.0845  -0.2812
   0.9619]",112
116,1,"[[ 0.02904148 -0.31492891  0.31507109]
 [ 0.29817973 -0.23122428  0.39877572]
 [-0.2937301  -0.2977481   0.3322519 ]
 [ 0.2937301   0.2977481  -0.3322519 ]
 [-0.02904148  0.31492891 -0.31507109]
 [-0.29817973  0.23122428 -0.39877572]]","[2029. 2253.  918. 1856. 2242.  929. 1853. 2198.  973. 2066. 2253.  918.
 2239. 2242.  929. 2242. 2198.  973.]","[2014. 2233.  926. 1859. 2229.  936. 1858. 2183.  990. 2082. 2235.  922.
 2247. 2235.  934. 2238. 2182.  989.]","[-1.6298e+01  4.3560e+00  6.1864e+01 -1.2210e-01  0.0000e+00  6.1000e-02
 -8.0100e-02 -2.8170e-01  9.5560e-01]",112
117,1,"[[ 0.02286739 -0.31519316  0.31480684]
 [ 0.2997123  -0.24072029  0.38927971]
 [-0.29073165 -0.29709765  0.33290235]
 [ 0.29073165  0.29709765 -0.33290235]
 [-0.02286739  0.31519316 -0.31480684]
 [-0.2997123   0.24072029 -0.38927971]]","[2033. 2253.  918. 1858. 2241.  930. 1852. 2204.  967. 2062. 2253.  918.
 2237. 2241.  930. 2243. 2204.  967.]","[2017. 2233.  926. 1859. 2229.  937. 1856. 2189.  983. 2077. 2234.  922.
 2246. 2235.  934. 2239. 2188.  984.]","[-16.304    4.362   61.87    -0.1221   0.       0.2441  -0.0723  -0.2808
   0.9565]",112
118,1,"[[ 0.01668374 -0.31545012  0.31454988]
 [ 0.30092071 -0.25049815  0.37950185]
 [-0.28733066 -0.29644995  0.33355005]
 [ 0.28733066  0.29644995 -0.33355005]
 [-0.01668374  0.31545012 -0.31454988]
 [-0.30092071  0.25049815 -0.37950185]]","[2037. 2253.  918. 1860. 2241.  930. 1851. 2211.  960. 2058. 2253.  918.
 2235. 2241.  930. 2244. 2211.  960.]","[2021. 2233.  926. 1859. 2229.  937. 1855. 2194.  978. 2074. 2235.  922.
 2246. 2234.  934. 2241. 2194.  979.]","[-1.6304e+01  4.3670e+00  6.1875e+01 -1.8310e-01  0.0000e+00  2.4410e-01
 -5.8100e-02 -2.8120e-01  9.6040e-01]",112
119,1,"[[ 0.0104931  -0.31569967  0.31430033]
 [ 0.30180639 -0.26055469  0.36944531]
 [-0.28353653 -0.29580577  0.33419423]
 [ 0.28353653  0.29580577 -0.33419423]
 [-0.0104931   0.31569967 -0.31430033]
 [-0.30180639  0.26055469 -0.36944531]]","[2041. 2253.  918. 1863. 2240.  931. 1851. 2217.  954. 2054. 2253.  918.
 2232. 2240.  931. 2244. 2217.  954.]","[2025. 2233.  926. 1859. 2229.  937. 1853. 2203.  970. 2069. 2235.  922.
 2245. 2233.  935. 2242. 2201.  971.]","[-1.6309e+01  4.3670e+00  6.1886e+01  0.0000e+00  6.1000e-02  0.0000e+00
 -7.2300e-02 -2.8610e-01  9.5360e-01]",112
120,1,"[[ 0.00429808 -0.3159417   0.3140583 ]
 [ 0.30237047 -0.27088645  0.35911355]
 [-0.27935906 -0.2951659   0.3348341 ]
 [ 0.27935906  0.2951659  -0.3348341 ]
 [-0.00429808  0.3159417  -0.3140583 ]
 [-0.30237047  0.27088645 -0.35911355]]","[2045. 2253.  918. 1865. 2240.  931. 1850. 2224.  947. 2050. 2253.  918.
 2230. 2240.  931. 2245. 2224.  947.]","[2027. 2233.  926. 1860. 2229.  938. 1852. 2207.  966. 2067. 2235.  922.
 2244. 2232.  935. 2243. 2205.  967.]","[-16.309    4.373   61.886    0.       0.       0.      -0.0762  -0.2852
   0.9517]",112
121,1,"[[-0.00189874 -0.31617611  0.31382389]
 [ 0.30261308 -0.28148942  0.34851058]
 [-0.27480842 -0.29453112  0.33546888]
 [ 0.27480842  0.29453112 -0.33546888]
 [ 0.00189874  0.31617611 -0.31382389]
 [-0.30261308  0.28148942 -0.34851058]]","[2049. 2254.  917. 1868. 2240.  931. 1850. 2231.  940. 2046. 2254.  917.
 2227. 2240.  931. 2245. 2231.  940.]","[2030. 2233.  926. 1860. 2229.  938. 1852. 2213.  960. 2063. 2235.  922.
 2242. 2231.  935. 2244. 2210.  961.]","[-1.6309e+01  4.3730e+00  6.1886e+01 -6.1000e-02 -6.1000e-02  2.4410e-01
 -8.0100e-02 -2.9000e-01  9.5310e-01]",112
122,1,"[[-0.00809477 -0.31640281  0.31359719]
 [ 0.30260015 -0.28700541  0.34299459]
 [-0.26989515 -0.29390219  0.33609781]
 [ 0.26989515  0.29390219 -0.33609781]
 [ 0.00809477  0.31640281 -0.31359719]
 [-0.30260015  0.28700541 -0.34299459]]","[2053. 2254.  917. 1872. 2239.  932. 1850. 2235.  936. 2042. 2254.  917.
 2223. 2239.  932. 2245. 2235.  936.]","[2034. 2234.  926. 1860. 2229.  939. 1851. 2220.  953. 2059. 2235.  922.
 2241. 2231.  936. 2244. 2215.  955.]","[-16.309    4.373   61.902   -0.1221  -0.1221   0.6104  -0.0728  -0.2925
   0.9521]",112
123,1,"[[-0.01428741 -0.31662169  0.31337831]
 [ 0.30247837 -0.28733809  0.34266191]
 [-0.26463011 -0.2932799   0.3367201 ]
 [ 0.26463011  0.2932799  -0.3367201 ]
 [ 0.01428741  0.31662169 -0.31337831]
 [-0.30247837  0.28733809 -0.34266191]]","[2057. 2254.  917. 1875. 2239.  932. 1850. 2235.  936. 2038. 2254.  917.
 2220. 2239.  932. 2245. 2235.  936.]","[2037. 2233.  927. 1863. 2229.  939. 1851. 2226.  947. 2056. 2235.  921.
 2239. 2230.  936. 2243. 2221.  950.]","[-16.315    4.373   61.924   -0.3052  -0.3052   0.6104  -0.0684  -0.2944
   0.9629]",112
124,1,"[[-0.02047408 -0.31683267  0.31316733]
 [ 0.30228275 -0.28767669  0.34232331]
 [-0.25902447 -0.29266498  0.33733502]
 [ 0.25902447  0.29266498 -0.33733502]
 [ 0.02047408  0.31683267 -0.31316733]
 [-0.30228275  0.28767669 -0.34232331]]","[2061. 2254.  917. 1879. 2238.  933. 1850. 2235.  936. 2034. 2254.  917.
 2216. 2238.  933. 2245. 2235.  936.]","[2040. 2233.  927. 1865. 2229.  939. 1851. 2230.  943. 2052. 2236.  921.
 2236. 2230.  937. 2243. 2224.  946.]","[-16.326    4.367   61.952   -0.2441  -0.1221   0.3662  -0.064   -0.2979
   0.9297]",112
125,1,"[[-0.02665218 -0.31703566  0.31296434]
 [ 0.30200995 -0.28802098  0.34197902]
 [-0.25308964 -0.29205821  0.33794179]
 [ 0.25308964  0.29205821 -0.33794179]
 [ 0.02665218  0.31703566 -0.31296434]
 [-0.30200995  0.28802098 -0.34197902]]","[2065. 2254.  917. 1883. 2238.  933. 1851. 2235.  936. 2030. 2254.  917.
 2212. 2238.  933. 2244. 2235.  936.]","[2043. 2233.  926. 1868. 2229.  939. 1851. 2233.  940. 2049. 2236.  921.
 2233. 2231.  937. 2243. 2227.  944.]","[-16.348    4.362   61.963   -0.8545  -0.5493   0.      -0.0649  -0.2783
   0.9937]",112
126,1,"[[-0.03281913 -0.31723057  0.31276943]
 [ 0.30165669 -0.28837077  0.34162923]
 [-0.2468373  -0.29146032  0.33853968]
 [ 0.2468373   0.29146032 -0.33853968]
 [ 0.03281913  0.31723057 -0.31276943]
 [-0.30165669  0.28837077 -0.34162923]]","[2069. 2254.  917. 1887. 2238.  933. 1851. 2235.  935. 2026. 2254.  917.
 2208. 2238.  933. 2244. 2235.  935.]","[2046. 2233.  927. 1871. 2229.  939. 1851. 2234.  939. 2045. 2236.  921.
 2230. 2230.  937. 2244. 2229.  942.]","[-1.6375e+01  4.3400e+00  6.1968e+01 -6.1000e-02 -1.8310e-01 -3.0520e-01
 -7.9100e-02 -2.7340e-01  9.4240e-01]",112
127,1,"[[-0.03897235 -0.31741733  0.31258267]
 [ 0.30122138 -0.28872586  0.34127414]
 [-0.24027936 -0.29087206  0.33912794]
 [ 0.24027936  0.29087206 -0.33912794]
 [ 0.03897235  0.31741733 -0.31258267]
 [-0.30122138  0.28872586 -0.34127414]]","[2073. 2254.  917. 1891. 2237.  934. 1851. 2236.  935. 2022. 2254.  917.
 2204. 2237.  934. 2244. 2236.  935.]","[2050. 2233.  926. 1873. 2229.  939. 1851. 2234.  937. 2042. 2236.  921.
 2227. 2230.  937. 2244. 2230.  940.]","[-16.37     4.329   61.957    0.4272   0.1831  -0.2441  -0.084   -0.3008
   0.9253]",112
128,1,"[[-0.04510927 -0.31759586  0.31240414]
 [ 0.30070325 -0.28908603  0.34091397]
 [-0.23342791 -0.29029413  0.33970587]
 [ 0.23342791  0.29029413 -0.33970587]
 [ 0.04510927  0.31759586 -0.31240414]
 [-0.30070325  0.28908603 -0.34091397]]","[2077. 2255.  916. 1895. 2237.  934. 1851. 2236.  935. 2018. 2255.  916.
 2200. 2237.  934. 2244. 2236.  935.]","[2053. 2233.  926. 1875. 2230.  939. 1851. 2235.  935. 2039. 2236.  920.
 2223. 2231.  937. 2243. 2230.  939.]","[-16.37     4.334   61.946   -0.6104  -0.1221   0.      -0.0737  -0.2788
   1.0151]",112
129,1,"[[-0.05122732 -0.31776608  0.31223392]
 [ 0.30010182 -0.28945106  0.34054894]
 [-0.2262952  -0.28972726  0.34027274]
 [ 0.2262952   0.28972726 -0.34027274]
 [ 0.05122732  0.31776608 -0.31223392]
 [-0.30010182  0.28945106 -0.34054894]]","[2081. 2255.  916. 1900. 2236.  935. 1852. 2236.  935. 2014. 2255.  916.
 2195. 2236.  935. 2243. 2236.  935.]","[2057. 2233.  926. 1878. 2230.  938. 1851. 2235.  936. 2035. 2236.  920.
 2219. 2230.  937. 2243. 2231.  939.]","[-16.386    4.329   61.946    0.1221   0.       0.      -0.0884  -0.3013
   0.9038]",112
130,1,"[[-0.05732394 -0.31792793  0.31207207]
 [ 0.29941676 -0.28982074  0.34017926]
 [-0.21889366 -0.28917215  0.34082785]
 [ 0.21889366  0.28917215 -0.34082785]
 [ 0.05732394  0.31792793 -0.31207207]
 [-0.29941676  0.28982074 -0.34017926]]","[2085. 2255.  916. 1905. 2236.  935. 1852. 2236.  935. 2010. 2255.  916.
 2190. 2236.  935. 2243. 2236.  935.]","[2061. 2233.  926. 1881. 2230.  939. 1851. 2235.  935. 2032. 2236.  920.
 2215. 2231.  937. 2243. 2232.  939.]","[-16.381    4.329   61.952   -0.1221  -0.1831   0.1831  -0.0776  -0.2827
   0.9873]",112
131,1,"[[-0.06339658 -0.31808135  0.31191865]
 [ 0.2986478  -0.29019486  0.33980514]
 [-0.21123583 -0.28862947  0.34137053]
 [ 0.21123583  0.28862947 -0.34137053]
 [ 0.06339658  0.31808135 -0.31191865]
 [-0.2986478   0.29019486 -0.33980514]]","[2089. 2255.  916. 1910. 2236.  935. 1853. 2237.  934. 2006. 2255.  916.
 2185. 2236.  935. 2242. 2237.  934.]","[2065. 2233.  926. 1885. 2230.  938. 1851. 2235.  935. 2029. 2236.  920.
 2210. 2230.  937. 2243. 2232.  938.]","[-1.6386e+01  4.3290e+00  6.1963e+01 -6.1000e-02 -6.1000e-02  2.4410e-01
 -9.1300e-02 -2.9300e-01  9.3460e-01]",112
132,1,"[[-0.06944271 -0.31822627  0.31177373]
 [ 0.29779474 -0.2905732   0.3394268 ]
 [-0.20333435 -0.28809991  0.34190009]
 [ 0.20333435  0.28809991 -0.34190009]
 [ 0.06944271  0.31822627 -0.31177373]
 [-0.29779474  0.2905732  -0.3394268 ]]","[2093. 2255.  916. 1915. 2235.  936. 1853. 2237.  934. 2002. 2255.  916.
 2180. 2235.  936. 2242. 2237.  934.]","[2069. 2233.  925. 1890. 2230.  938. 1851. 2236.  935. 2025. 2236.  920.
 2207. 2231.  937. 2243. 2233.  938.]","[-16.386    4.334   61.979    0.1221  -0.1831   0.6714  -0.0933  -0.2808
   0.96  ]",112
133,1,"[[-0.07545978 -0.31836263  0.31163737]
 [ 0.29685738 -0.29095554  0.33904446]
 [-0.19520197 -0.2875841   0.3424159 ]
 [ 0.19520197  0.2875841  -0.3424159 ]
 [ 0.07545978  0.31836263 -0.31163737]
 [-0.29685738  0.29095554 -0.33904446]]","[2097. 2255.  916. 1920. 2235.  936. 1854. 2237.  934. 1998. 2255.  916.
 2175. 2235.  936. 2241. 2237.  934.]","[2074. 2234.  924. 1895. 2230.  938. 1851. 2236.  935. 2021. 2236.  919.
 2201. 2230.  938. 2243. 2233.  937.]","[-16.386    4.34    62.023   -0.1221  -0.3052   1.2207  -0.1074  -0.2935
   0.9512]",112
134,1,"[[-0.08144529 -0.3184904   0.3115096 ]
 [ 0.29583558 -0.29134168  0.33865832]
 [-0.18685148 -0.28708269  0.34291731]
 [ 0.18685148  0.28708269 -0.34291731]
 [ 0.08144529  0.3184904  -0.3115096 ]
 [-0.29583558  0.29134168 -0.33865832]]","[2101. 2255.  916. 1926. 2235.  936. 1855. 2237.  934. 1994. 2255.  916.
 2169. 2235.  936. 2240. 2237.  934.]","[2077. 2234.  923. 1899. 2230.  938. 1852. 2236.  935. 2018. 2236.  919.
 2196. 2230.  938. 2242. 2233.  937.]","[-16.381    4.351   62.084    0.1221  -0.4272   1.8311  -0.084   -0.2739
   0.9497]",112
135,1,"[[-0.08739672 -0.31860951  0.31139049]
 [ 0.29472921 -0.29173139  0.33826861]
 [-0.17829572 -0.27871673  0.35128327]
 [ 0.17829572  0.27871673 -0.35128327]
 [ 0.08739672  0.31860951 -0.31139049]
 [-0.29472921  0.29173139 -0.33826861]]","[2104. 2255.  916. 1931. 2229.  942. 1855. 2238.  933. 1991. 2255.  916.
 2164. 2229.  942. 2240. 2238.  933.]","[2083. 2235.  922. 1906. 2230.  939. 1853. 2236.  935. 2012. 2236.  919.
 2189. 2230.  939. 2241. 2233.  936.]","[-16.375    4.367   62.166   -0.1221  -0.4272   2.0142  -0.0825  -0.2842
   0.9624]",112
136,1,"[[-0.0933116  -0.31871992  0.31128008]
 [ 0.29353817 -0.29212447  0.33787553]
 [-0.16954758 -0.26302413  0.36697587]
 [ 0.16954758  0.26302413 -0.36697587]
 [ 0.0933116   0.31871992 -0.31128008]
 [-0.29353817  0.29212447 -0.33787553]]","[2108. 2255.  916. 1937. 2219.  952. 1856. 2238.  933. 1987. 2255.  916.
 2158. 2219.  952. 2239. 2238.  933.]","[2086. 2235.  922. 1911. 2229.  941. 1854. 2237.  935. 2009. 2236.  919.
 2184. 2228.  941. 2240. 2234.  936.]","[-1.6370e+01  4.3780e+00  6.2249e+01  6.1000e-02 -4.2720e-01  2.0142e+00
 -6.8800e-02 -2.7490e-01  9.5210e-01]",112
137,1,"[[-0.09918745 -0.3188216   0.3111784 ]
 [ 0.29226241 -0.2925207   0.3374793 ]
 [-0.16061993 -0.24787134  0.38212866]
 [ 0.16061993  0.24787134 -0.38212866]
 [ 0.09918745  0.3188216  -0.3111784 ]
 [-0.29226241  0.2925207  -0.3374793 ]]","[2112. 2255.  916. 1943. 2209.  962. 1857. 2238.  933. 1983. 2255.  916.
 2152. 2209.  962. 2238. 2238.  933.]","[2089. 2235.  921. 1916. 2226.  943. 1853. 2237.  935. 2006. 2236.  920.
 2179. 2224.  943. 2239. 2234.  935.]","[-16.359    4.389   62.32     0.      -0.3662   1.5259  -0.0718  -0.2734
   0.958 ]",112
138,1,"[[-0.1050218  -0.31891451  0.31108549]
 [ 0.29090188 -0.29291988  0.33708012]
 [-0.15152565 -0.23327697  0.39672303]
 [ 0.15152565  0.23327697 -0.39672303]
 [ 0.1050218   0.31891451 -0.31108549]
 [-0.29090188  0.29291988 -0.33708012]]","[2116. 2255.  916. 1949. 2200.  971. 1858. 2238.  933. 1979. 2255.  916.
 2146. 2200.  971. 2237. 2238.  933.]","[2093. 2235.  920. 1923. 2220.  948. 1855. 2237.  935. 2002. 2236.  919.
 2173. 2217.  947. 2239. 2234.  935.]","[-16.342    4.4     62.386    0.4883  -0.1831   1.6479  -0.0981  -0.2554
   0.9399]",112
139,1,"[[-0.11081222 -0.31899861  0.31100139]
 [ 0.28945659 -0.29332179  0.33667821]
 [-0.14227758 -0.21925893  0.41074107]
 [ 0.14227758  0.21925893 -0.41074107]
 [ 0.11081222  0.31899861 -0.31100139]
 [-0.28945659  0.29332179 -0.33667821]]","[2120. 2255.  916. 1955. 2190.  981. 1859. 2239.  932. 1975. 2255.  916.
 2140. 2190.  981. 2236. 2239.  932.]","[2097. 2235.  920. 1930. 2215.  955. 1857. 2237.  936. 1997. 2236.  919.
 2166. 2210.  952. 2238. 2234.  933.]","[-16.298    4.427   62.474    1.0376  -0.2441   2.6855  -0.0767  -0.2134
   0.9507]",112
140,1,"[[-0.11655629 -0.31907387  0.31092613]
 [ 0.28792655 -0.29372622  0.33627378]
 [-0.13288855 -0.20583439  0.42416561]
 [ 0.13288855  0.20583439 -0.42416561]
 [ 0.11655629  0.31907387 -0.31092613]
 [-0.28792655  0.29372622 -0.33627378]]","[2123. 2256.  915. 1961. 2182.  989. 1860. 2239.  932. 1972. 2256.  915.
 2134. 2182.  989. 2235. 2239.  932.]","[2101. 2235.  919. 1938. 2210.  962. 1859. 2235.  935. 1993. 2236.  919.
 2160. 2202.  960. 2236. 2234.  933.]","[-1.6238e+01  4.4550e+00  6.2578e+01  7.3240e-01 -6.1000e-02  2.8076e+00
 -5.3200e-02 -2.1530e-01  9.7800e-01]",112
141,1,"[[-0.1222516  -0.31914028  0.31085972]
 [ 0.28631181 -0.29413297  0.33586703]
 [-0.1233713  -0.19301977  0.43698023]
 [ 0.1233713   0.19301977 -0.43698023]
 [ 0.1222516   0.31914028 -0.31085972]
 [-0.28631181  0.29413297 -0.33586703]]","[2127. 2256.  915. 1967. 2173.  998. 1861. 2239.  932. 1968. 2256.  915.
 2128. 2173.  998. 2234. 2239.  932.]","[2106. 2235.  919. 1947. 2201.  970. 1860. 2234.  934. 1988. 2236.  918.
 2152. 2195.  970. 2235. 2234.  933.]","[-1.6161e+01  4.4710e+00  6.2672e+01  1.7700e+00 -3.6620e-01  1.8311e+00
 -5.5200e-02 -1.9780e-01  1.0283e+00]",112
142,1,"[[-0.12789577 -0.31919782  0.31080218]
 [ 0.28461247 -0.29454182  0.33545818]
 [-0.11373854 -0.18083067  0.44916933]
 [ 0.11373854  0.18083067 -0.44916933]
 [ 0.12789577  0.31919782 -0.31080218]
 [-0.28461247  0.29454182 -0.33545818]]","[2131. 2256.  915. 1973. 2165. 1006. 1862. 2240.  931. 1964. 2256.  915.
 2122. 2165. 1006. 2233. 2240.  931.]","[2113. 2234.  920. 1955. 2191.  981. 1861. 2234.  934. 1983. 2236.  917.
 2144. 2186.  981. 2233. 2234.  933.]","[-1.6051e+01  4.4660e+00  6.2721e+01  2.1973e+00 -4.2720e-01  6.1040e-01
 -4.6400e-02 -2.3970e-01  9.2770e-01]",112
143,1,"[[-0.13348644 -0.31924646  0.31075354]
 [ 0.28282864 -0.29495257  0.33504743]
 [-0.10400287 -0.16928194  0.46071806]
 [ 0.10400287  0.16928194 -0.46071806]
 [ 0.13348644  0.31924646 -0.31075354]
 [-0.28282864  0.29495257 -0.33504743]]","[2135. 2256.  915. 1980. 2158. 1013. 1863. 2240.  931. 1960. 2256.  915.
 2115. 2158. 1013. 2232. 2240.  931.]","[2118. 2235.  920. 1961. 2182.  990. 1862. 2233.  934. 1978. 2236.  917.
 2138. 2180.  989. 2232. 2234.  933.]","[-15.941    4.449   62.732    2.0752  -0.2441  -0.3662  -0.082   -0.2832
   1.0215]",112
144,1,"[[-0.13902127 -0.31928619  0.31071381]
 [ 0.28096046 -0.29536502  0.33463498]
 [-0.09417679 -0.15838754  0.47161246]
 [ 0.09417679  0.15838754 -0.47161246]
 [ 0.13902127  0.31928619 -0.31071381]
 [-0.28096046  0.29536502 -0.33463498]]","[2138. 2256.  915. 1986. 2151. 1020. 1864. 2240.  931. 1957. 2256.  915.
 2109. 2151. 1020. 2231. 2240.  931.]","[2123. 2235.  919. 1966. 2176.  996. 1863. 2233.  933. 1975. 2236.  917.
 2131. 2177.  996. 2230. 2234.  933.]","[-1.5820e+01  4.4330e+00  6.2699e+01  3.1738e+00 -6.1000e-02 -1.2817e+00
 -8.6400e-02 -3.1740e-01  9.7510e-01]",112
145,1,"[[-0.14449795 -0.31931702  0.31068298]
 [ 0.27900812 -0.29577895  0.33422105]
 [-0.08427271 -0.14816064  0.48183936]
 [ 0.08427271  0.14816064 -0.48183936]
 [ 0.14449795  0.31931702 -0.31068298]
 [-0.27900812  0.29577895 -0.33422105]]","[2142. 2256.  915. 1993. 2144. 1027. 1866. 2240.  931. 1953. 2256.  915.
 2102. 2144. 1027. 2229. 2240.  931.]","[2128. 2235.  920. 1973. 2168. 1005. 1864. 2233.  933. 1970. 2236.  917.
 2121. 2170. 1004. 2229. 2234.  933.]","[-15.688    4.411   62.639    3.1738   0.1221  -1.9531  -0.104   -0.3779
   0.8779]",112
146,1,"[[-0.14991418 -0.31933896  0.31066104]
 [ 0.27697181 -0.29619418  0.33380582]
 [-0.07430292 -0.13861352  0.49138648]
 [ 0.07430292  0.13861352 -0.49138648]
 [ 0.14991418  0.31933896 -0.31066104]
 [-0.27697181  0.29619418 -0.33380582]]","[2145. 2256.  915. 1999. 2138. 1033. 1867. 2241.  930. 1950. 2256.  915.
 2096. 2138. 1033. 2228. 2241.  930.]","[2131. 2235.  920. 1979. 2161. 1012. 1865. 2233.  933. 1968. 2236.  917.
 2113. 2162. 1011. 2228. 2233.  933.]","[-15.617    4.411   62.567    0.9155   0.6714  -1.4648  -0.1187  -0.3916
   0.9058]",112
147,1,"[[-0.1552677  -0.3193521   0.3106479 ]
 [ 0.27485177 -0.29661049  0.33338951]
 [-0.06427957 -0.12975759  0.50024241]
 [ 0.06427957  0.12975759 -0.50024241]
 [ 0.1552677   0.3193521  -0.3106479 ]
 [-0.27485177  0.29661049 -0.33338951]]","[2149. 2256.  915. 2006. 2132. 1039. 1868. 2241.  930. 1946. 2256.  915.
 2089. 2132. 1039. 2227. 2241.  930.]","[2134. 2235.  920. 1986. 2153. 1019. 1866. 2233.  932. 1964. 2236.  917.
 2109. 2155. 1019. 2226. 2233.  933.]","[-1.5612e+01  4.4270e+00  6.2534e+01  7.3240e-01  1.2210e-01  6.1000e-02
 -7.2800e-02 -3.6770e-01  9.8340e-01]",112
148,1,"[[-0.16055627 -0.3193567   0.3106433 ]
 [ 0.27264828 -0.29702769  0.33297231]
 [-0.05421468 -0.12160338  0.50839662]
 [ 0.05421468  0.12160338 -0.50839662]
 [ 0.16055627  0.3193567  -0.3106433 ]
 [-0.27264828  0.29702769 -0.33297231]]","[2152. 2256.  915. 2012. 2127. 1044. 1870. 2241.  930. 1943. 2256.  915.
 2083. 2127. 1044. 2225. 2241.  930.]","[2137. 2237.  920. 1993. 2146. 1026. 1867. 2233.  932. 1962. 2236.  917.
 2106. 2149. 1025. 2225. 2233.  933.]","[-1.5579e+01  4.4270e+00  6.2562e+01  2.1973e+00 -6.1040e-01  9.7660e-01
 -3.8100e-02 -3.0030e-01  9.7900e-01]",112
149,1,"[[-0.16577767 -0.31934988  0.31065012]
 [ 0.27036164 -0.29744558  0.33255442]
 [-0.04412011 -0.11416049  0.51583951]
 [ 0.04412011  0.11416049 -0.51583951]
 [ 0.16577767  0.31934988 -0.31065012]
 [-0.27036164  0.29744558 -0.33255442]]","[2156. 2256.  915. 2019. 2122. 1049. 1871. 2241.  930. 1939. 2256.  915.
 2076. 2122. 1049. 2224. 2241.  930.]","[2139. 2238.  920. 1999. 2141. 1031. 1869. 2233.  932. 1959. 2236.  917.
 2098. 2142. 1031. 2225. 2233.  932.]","[-1.5474e+01  4.4110e+00  6.2600e+01  3.3569e+00 -6.7140e-01  7.9350e-01
 -2.9300e-02 -2.7930e-01  9.4430e-01]",112
150,1,"[[-0.17092973 -0.31931761  0.31068239]
 [ 0.26799218 -0.29786396  0.33213604]
 [-0.03400755 -0.10743765  0.52256235]
 [ 0.03400755  0.10743765 -0.52256235]
 [ 0.17092973  0.31931761 -0.31068239]
 [-0.26799218  0.29786396 -0.33213604]]","[2159. 2256.  915. 2025. 2118. 1053. 1873. 2242.  929. 1936. 2256.  915.
 2070. 2118. 1053. 2222. 2242.  929.]","[2141. 2239.  920. 2006. 2135. 1037. 1870. 2233.  932. 1956. 2236.  917.
 2092. 2136. 1036. 2224. 2233.  932.]","[-15.381    4.395   62.622    2.8687  -0.3052   0.3052  -0.084   -0.2939
   0.9424]",112
151,1,"[[-0.17601029 -0.31925487  0.31074513]
 [ 0.26554027 -0.29828264  0.33171736]
 [-0.02388855 -0.10144262  0.52855738]
 [ 0.02388855  0.10144262 -0.52855738]
 [ 0.17601029  0.31925487 -0.31074513]
 [-0.26554027  0.29828264 -0.33171736]]","[2162. 2256.  915. 2032. 2114. 1057. 1874. 2242.  929. 1933. 2256.  915.
 2063. 2114. 1057. 2221. 2242.  929.]","[2144. 2239.  919. 2012. 2129. 1043. 1872. 2233.  932. 1953. 2236.  917.
 2085. 2131. 1042. 2222. 2233.  932.]","[-15.309    4.378   62.633    2.0752  -0.4272   0.1221  -0.083   -0.2241
   0.9756]",112
152,1,"[[-0.18101722 -0.31916519  0.31083481]
 [ 0.2630063  -0.29870142  0.33129858]
 [-0.01377446 -0.09618226  0.53381774]
 [ 0.01377446  0.09618226 -0.53381774]
 [ 0.18101722  0.31916519 -0.31083481]
 [-0.2630063   0.29870142 -0.33129858]]","[2166. 2256.  915. 2039. 2110. 1061. 1876. 2242.  929. 1929. 2256.  915.
 2056. 2110. 1061. 2219. 2242.  929.]","[2148. 2240.  919. 2020. 2123. 1049. 1874. 2233.  932. 1949. 2237.  917.
 2075. 2124. 1048. 2221. 2233.  932.]","[-15.238    4.367   62.633    2.1362  -0.2441  -0.1221  -0.0903  -0.2197
   0.9692]",112
153,1,"[[-0.18594842 -0.31904962  0.31095038]
 [ 0.2603907  -0.29912011  0.33087989]
 [-0.00367644 -0.09166248  0.53833752]
 [ 0.00367644  0.09166248 -0.53833752]
 [ 0.18594842  0.31904962 -0.31095038]
 [-0.2603907   0.29912011 -0.33087989]]","[2169. 2255.  915. 2045. 2107. 1064. 1878. 2242.  928. 1926. 2255.  915.
 2050. 2107. 1064. 2217. 2242.  928.]","[2150. 2240.  919. 2024. 2120. 1051. 1875. 2233.  931. 1946. 2237.  918.
 2071. 2121. 1051. 2219. 2233.  932.]","[-1.5161e+01  4.3620e+00  6.2639e+01  2.0142e+00 -2.4410e-01  6.1000e-02
 -7.4700e-02 -2.1290e-01  9.6290e-01]",112
154,1,"[[-0.19080185 -0.31890867  0.31109133]
 [ 0.25769394 -0.29953852  0.33046148]
 [ 0.00639453 -0.08788824  0.54211176]
 [-0.00639453  0.08788824 -0.54211176]
 [ 0.19080185  0.31890867 -0.31109133]
 [-0.25769394  0.29953852 -0.33046148]]","[2172. 2255.  916. 2052. 2105. 1066. 1880. 2243.  928. 1923. 2255.  916.
 2043. 2105. 1066. 2215. 2243.  928.]","[2153. 2239.  919. 2031. 2116. 1055. 1877. 2233.  931. 1943. 2237.  917.
 2064. 2117. 1055. 2217. 2233.  932.]","[-1.5106e+01  4.3560e+00  6.2644e+01  9.7660e-01 -1.8310e-01  6.1000e-02
 -6.5900e-02 -2.2560e-01  9.4530e-01]",112
155,1,"[[-0.19557545 -0.31874284  0.31125716]
 [ 0.2549165  -0.29995646  0.33004354]
 [ 0.01642766 -0.08486356  0.54513644]
 [-0.01642766  0.08486356 -0.54513644]
 [ 0.19557545  0.31874284 -0.31125716]
 [-0.2549165   0.29995646 -0.33004354]]","[2175. 2255.  916. 2058. 2103. 1068. 1881. 2243.  928. 1920. 2255.  916.
 2037. 2103. 1068. 2214. 2243.  928.]","[2157. 2240.  920. 2038. 2113. 1059. 1879. 2233.  930. 1941. 2237.  918.
 2057. 2114. 1059. 2216. 2234.  932.]","[-1.5095e+01  4.3510e+00  6.2650e+01 -6.1000e-02 -6.1000e-02  6.1000e-02
 -5.5700e-02 -2.1580e-01  9.4040e-01]",112
156,1,"[[-0.20026725 -0.3185526   0.3114474 ]
 [ 0.25205892 -0.30037375  0.32962625]
 [ 0.0264124  -0.08259152  0.54740848]
 [-0.0264124   0.08259152 -0.54740848]
 [ 0.20026725  0.3185526  -0.3114474 ]
 [-0.25205892  0.30037375 -0.32962625]]","[2178. 2255.  916. 2065. 2101. 1070. 1883. 2243.  928. 1917. 2255.  916.
 2030. 2101. 1070. 2212. 2243.  928.]","[2161. 2240.  920. 2047. 2109. 1063. 1881. 2233.  930. 1936. 2237.  918.
 2049. 2110. 1063. 2213. 2233.  931.]","[-1.5101e+01  4.3510e+00  6.2644e+01 -6.1040e-01  1.2210e-01 -6.1000e-02
 -6.3000e-02 -2.2020e-01  9.6390e-01]",112
157,1,"[[-0.20487527 -0.31833848  0.31166152]
 [ 0.24912175 -0.3007902   0.3292098 ]
 [ 0.03633837 -0.08107436  0.54892564]
 [-0.03633837  0.08107436 -0.54892564]
 [ 0.20487527  0.31833848 -0.31166152]
 [-0.24912175  0.3007902  -0.3292098 ]]","[2181. 2255.  916. 2071. 2100. 1071. 1885. 2244.  927. 1914. 2255.  916.
 2024. 2100. 1071. 2210. 2244.  927.]","[2163. 2240.  920. 2051. 2108. 1065. 1882. 2233.  930. 1934. 2237.  918.
 2044. 2109. 1064. 2212. 2233.  932.]","[-15.128    4.351   62.639   -0.9766   0.1221  -0.2441  -0.082   -0.2393
   0.9619]",112
158,1,"[[-0.20939759 -0.31810101  0.31189899]
 [ 0.24610558 -0.30120563  0.32879437]
 [ 0.04619545 -0.08031546  0.54968454]
 [-0.04619545  0.08031546 -0.54968454]
 [ 0.20939759  0.31810101 -0.31189899]
 [-0.24610558  0.30120563 -0.32879437]]","[2184. 2255.  916. 2078. 2100. 1071. 1887. 2244.  927. 1911. 2255.  916.
 2017. 2100. 1071. 2208. 2244.  927.]","[2166. 2240.  920. 2058. 2106. 1067. 1884. 2233.  929. 1931. 2237.  918.
 2037. 2106. 1067. 2210. 2233.  932.]","[-15.167    4.356   62.622   -1.4648   0.1831  -0.2441  -0.0854  -0.249
   0.9497]",112
159,1,"[[-0.21383231 -0.31784076  0.31215924]
 [ 0.24301104 -0.30161985  0.32838015]
 [ 0.0559737  -0.08033224  0.54966776]
 [-0.0559737   0.08033224 -0.54966776]
 [ 0.21383231  0.31784076 -0.31215924]
 [-0.24301104  0.30161985 -0.32838015]]","[2187. 2255.  916. 2084. 2100. 1071. 1889. 2244.  927. 1908. 2255.  916.
 2011. 2100. 1071. 2206. 2244.  927.]","[2170. 2239.  920. 2064. 2104. 1068. 1886. 2233.  929. 1928. 2237.  918.
 2030. 2105. 1068. 2208. 2234.  931.]","[-15.222    4.367   62.611   -1.709    0.3052  -0.1221  -0.0796  -0.2695
   0.9634]",112
160,1,"[[-0.21817759 -0.31755832  0.31244168]
 [ 0.23983877 -0.30203269  0.32796731]
 [ 0.06566345 -0.08086452  0.54913548]
 [-0.06566345  0.08086452 -0.54913548]
 [ 0.21817759  0.31755832 -0.31244168]
 [-0.23983877  0.30203269 -0.32796731]]","[2190. 2255.  916. 2090. 2100. 1071. 1891. 2244.  927. 1905. 2255.  916.
 2005. 2100. 1071. 2204. 2244.  927.]","[2173. 2239.  920. 2071. 2103. 1069. 1887. 2233.  928. 1925. 2237.  918.
 2024. 2104. 1069. 2205. 2233.  932.]","[-15.271    4.373   62.606   -1.4038   0.1831  -0.1221  -0.0747  -0.2788
   0.9736]",112
161,1,"[[-0.2224316  -0.31725428  0.31274572]
 [ 0.23658947 -0.30244397  0.32755603]
 [ 0.07525522 -0.08144823  0.54855177]
 [-0.07525522  0.08144823 -0.54855177]
 [ 0.2224316   0.31725428 -0.31274572]
 [-0.23658947  0.30244397 -0.32755603]]","[2193. 2254.  917. 2097. 2101. 1070. 1893. 2245.  926. 1902. 2254.  917.
 1998. 2101. 1070. 2202. 2245.  926.]","[2176. 2239.  920. 2077. 2103. 1069. 1890. 2233.  928. 1922. 2237.  918.
 2018. 2103. 1070. 2204. 2234.  931.]","[-1.5298e+01  4.3840e+00  6.2606e+01 -6.1040e-01  6.1000e-02  6.1000e-02
 -9.0800e-02 -2.8560e-01  9.6780e-01]",112
162,1,"[[-0.22659256 -0.31692926  0.31307074]
 [ 0.23326385 -0.30285351  0.32714649]
 [ 0.08473981 -0.08220118  0.54779882]
 [-0.08473981  0.08220118 -0.54779882]
 [ 0.22659256  0.31692926 -0.31307074]
 [-0.23326385  0.30285351 -0.32714649]]","[2195. 2254.  917. 2103. 2101. 1070. 1895. 2245.  926. 1900. 2254.  917.
 1992. 2101. 1070. 2200. 2245.  926.]","[2178. 2239.  920. 2084. 2103. 1069. 1892. 2233.  928. 1919. 2237.  919.
 2011. 2103. 1069. 2202. 2234.  931.]","[-1.5304e+01  4.3890e+00  6.2622e+01 -1.2210e-01 -6.1000e-02  5.4930e-01
 -9.2800e-02 -2.8370e-01  9.6290e-01]",112
163,1,"[[-0.23065874 -0.31658389  0.31341611]
 [ 0.22986266 -0.30326114  0.32673886]
 [ 0.09410823 -0.08317186  0.54682814]
 [-0.09410823  0.08317186 -0.54682814]
 [ 0.23065874  0.31658389 -0.31341611]
 [-0.22986266  0.30326114 -0.32673886]]","[2198. 2254.  917. 2109. 2102. 1069. 1898. 2245.  926. 1897. 2254.  917.
 1986. 2102. 1069. 2197. 2245.  926.]","[2181. 2239.  920. 2093. 2103. 1069. 1895. 2234.  927. 1915. 2237.  919.
 2003. 2104. 1069. 2199. 2234.  931.]","[-15.304    4.395   62.655   -0.1221  -0.1831   0.7935  -0.0713  -0.2881
   0.9482]",112
164,1,"[[-0.23462842 -0.31621883  0.31378117]
 [ 0.22638669 -0.30366669  0.32633331]
 [ 0.10335173 -0.08437276  0.54562724]
 [-0.10335173  0.08437276 -0.54562724]
 [ 0.23462842  0.31621883 -0.31378117]
 [-0.22638669  0.30366669 -0.32633331]]","[2200. 2254.  917. 2115. 2103. 1068. 1900. 2245.  926. 1895. 2254.  917.
 1980. 2103. 1068. 2195. 2245.  926.]","[2183. 2239.  919. 2097. 2103. 1069. 1897. 2233.  927. 1913. 2237.  919.
 1999. 2104. 1069. 2198. 2233.  931.]","[-1.5309e+01  4.4000e+00  6.2682e+01 -6.1000e-02 -6.1000e-02  6.1040e-01
 -5.8600e-02 -2.7390e-01  9.5750e-01]",112
165,1,"[[-0.23849996 -0.31583474  0.31416526]
 [ 0.22283676 -0.30407     0.32593   ]
 [ 0.11246183 -0.08580888  0.54419112]
 [-0.11246183  0.08580888 -0.54419112]
 [ 0.23849996  0.31583474 -0.31416526]
 [-0.22283676  0.30407    -0.32593   ]]","[2203. 2253.  918. 2121. 2103. 1068. 1902. 2246.  925. 1892. 2253.  918.
 1974. 2103. 1068. 2193. 2246.  925.]","[2185. 2239.  920. 2102. 2103. 1069. 1899. 2233.  927. 1911. 2237.  919.
 1993. 2104. 1069. 2195. 2234.  930.]","[-1.5304e+01  4.4000e+00  6.2688e+01  1.2210e-01  0.0000e+00  1.2210e-01
 -6.1500e-02 -2.7250e-01  9.6580e-01]",112
166,1,"[[-0.24227174 -0.3154323   0.3145677 ]
 [ 0.2192137  -0.30447088  0.32552912]
 [ 0.12143027 -0.08748375  0.54251625]
 [-0.12143027  0.08748375 -0.54251625]
 [ 0.24227174  0.3154323  -0.3145677 ]
 [-0.2192137   0.30447088 -0.32552912]]","[2205. 2253.  918. 2127. 2105. 1066. 1905. 2246.  925. 1890. 2253.  918.
 1968. 2105. 1066. 2190. 2246.  925.]","[2188. 2240.  920. 2110. 2104. 1069. 1902. 2233.  927. 1907. 2237.  920.
 1985. 2104. 1069. 2192. 2233.  930.]","[-1.5298e+01  4.4000e+00  6.2688e+01  6.1000e-02  0.0000e+00  0.0000e+00
 -7.7100e-02 -2.6120e-01  9.5410e-01]",112
167,1,"[[-0.24594216 -0.31501218  0.31498782]
 [ 0.2155184  -0.30486919  0.32513081]
 [ 0.13024908 -0.08940054  0.54059946]
 [-0.13024908  0.08940054 -0.54059946]
 [ 0.24594216  0.31501218 -0.31498782]
 [-0.2155184   0.30486919 -0.32513081]]","[2208. 2253.  918. 2132. 2106. 1065. 1907. 2246.  925. 1887. 2253.  918.
 1963. 2106. 1065. 2188. 2246.  925.]","[2190. 2240.  920. 2115. 2104. 1068. 1903. 2233.  926. 1906. 2237.  920.
 1981. 2105. 1069. 2191. 2234.  930.]","[-15.304    4.4     62.693    0.       0.       0.1221  -0.0767  -0.2593
   0.96  ]",112
168,1,"[[-0.24950971 -0.31457509  0.31542491]
 [ 0.21175177 -0.30526476  0.32473524]
 [ 0.13891049 -0.09156224  0.53843776]
 [-0.13891049  0.09156224 -0.53843776]
 [ 0.24950971  0.31457509 -0.31542491]
 [-0.21175177  0.30526476 -0.32473524]]","[2210. 2253.  918. 2138. 2107. 1064. 1909. 2247.  924. 1885. 2253.  918.
 1957. 2107. 1064. 2186. 2247.  924.]","[2193. 2239.  921. 2120. 2105. 1066. 1906. 2233.  926. 1904. 2237.  920.
 1975. 2105. 1066. 2188. 2234.  930.]","[-15.309    4.4     62.699   -0.1831   0.       0.1221  -0.0757  -0.2573
   0.9624]",112
169,1,"[[-0.25297288 -0.31412173  0.31587827]
 [ 0.20791474 -0.30565742  0.32434258]
 [ 0.14740704 -0.09397166  0.53602834]
 [-0.14740704  0.09397166 -0.53602834]
 [ 0.25297288  0.31412173 -0.31587827]
 [-0.20791474  0.30565742 -0.32434258]]","[2212. 2252.  919. 2144. 2109. 1062. 1912. 2247.  924. 1883. 2252.  919.
 1951. 2109. 1062. 2183. 2247.  924.]","[2196. 2240.  921. 2126. 2106. 1065. 1908. 2233.  926. 1902. 2237.  920.
 1969. 2106. 1065. 2186. 2234.  930.]","[-15.309    4.4     62.699   -0.1831   0.       0.      -0.0674  -0.2534
   0.9619]",112
170,1,"[[-0.25633023 -0.31365281  0.31634719]
 [ 0.20400829 -0.30604702  0.32395298]
 [ 0.15573149 -0.09663147  0.53336853]
 [-0.15573149  0.09663147 -0.53336853]
 [ 0.25633023  0.31365281 -0.31634719]
 [-0.20400829  0.30604702 -0.32395298]]","[2215. 2252.  919. 2149. 2110. 1060. 1915. 2247.  924. 1880. 2252.  919.
 1946. 2110. 1060. 2180. 2247.  924.]","[2198. 2239.  921. 2132. 2107. 1064. 1910. 2233.  926. 1899. 2237.  921.
 1963. 2107. 1064. 2183. 2233.  929.]","[-1.5320e+01  4.4000e+00  6.2693e+01 -2.4410e-01  6.1000e-02 -1.2210e-01
 -7.0300e-02 -2.5880e-01  9.5560e-01]",112
171,1,"[[-0.25958036 -0.31316906  0.31683094]
 [ 0.20003343 -0.3064334   0.3235666 ]
 [ 0.16387688 -0.09954416  0.53045584]
 [-0.16387688  0.09954416 -0.53045584]
 [ 0.25958036  0.31316906 -0.31683094]
 [-0.20003343  0.3064334  -0.3235666 ]]","[2217. 2252.  919. 2154. 2112. 1059. 1917. 2247.  924. 1878. 2252.  919.
 1941. 2112. 1059. 2178. 2247.  924.]","[2202. 2240.  921. 2139. 2109. 1062. 1913. 2233.  925. 1897. 2237.  921.
 1956. 2109. 1062. 2180. 2234.  929.]","[-1.5337e+01  4.4000e+00  6.2688e+01 -4.8830e-01  6.1000e-02 -1.2210e-01
 -7.7600e-02 -2.6510e-01  9.5170e-01]",112
172,1,"[[-0.26272189 -0.31267119  0.31732881]
 [ 0.19599118 -0.30681641  0.32318359]
 [ 0.17183648 -0.10271207  0.52728793]
 [-0.17183648  0.10271207 -0.52728793]
 [ 0.26272189  0.31267119 -0.31732881]
 [-0.19599118  0.30681641 -0.32318359]]","[2219. 2251.  920. 2160. 2114. 1057. 1920. 2248.  923. 1876. 2251.  920.
 1935. 2114. 1057. 2175. 2248.  923.]","[2203. 2239.  921. 2143. 2111. 1061. 1916. 2233.  926. 1894. 2237.  922.
 1952. 2110. 1061. 2178. 2234.  929.]","[-1.5359e+01  4.4060e+00  6.2688e+01 -7.3240e-01  6.1000e-02  0.0000e+00
 -8.4000e-02 -2.6420e-01  9.6680e-01]",112
173,1,"[[-0.26575353 -0.31215993  0.31784007]
 [ 0.19188261 -0.30719591  0.32280409]
 [ 0.17960385 -0.10613734  0.52386266]
 [-0.17960385  0.10613734 -0.52386266]
 [ 0.26575353  0.31215993 -0.31784007]
 [-0.19188261  0.30719591 -0.32280409]]","[2221. 2251.  920. 2165. 2117. 1054. 1922. 2248.  923. 1874. 2251.  920.
 1930. 2117. 1054. 2173. 2248.  923.]","[2206. 2239.  922. 2148. 2112. 1059. 1918. 2233.  925. 1892. 2237.  922.
 1947. 2112. 1059. 2176. 2234.  929.]","[-15.37     4.406   62.693   -0.4272   0.       0.1221  -0.0762  -0.2598
   0.9722]",112
174,1,"[[-0.268674   -0.31163602  0.31836398]
 [ 0.18770882 -0.30757173  0.32242827]
 [ 0.18717281 -0.10982196  0.52017804]
 [-0.18717281  0.10982196 -0.52017804]
 [ 0.268674    0.31163602 -0.31836398]
 [-0.18770882  0.30757173 -0.32242827]]","[2223. 2251.  920. 2170. 2119. 1052. 1925. 2248.  923. 1872. 2251.  920.
 1925. 2119. 1052. 2170. 2248.  923.]","[2208. 2239.  922. 2154. 2114. 1057. 1920. 2233.  925. 1890. 2237.  922.
 1941. 2115. 1057. 2173. 2234.  927.]","[-15.375    4.406   62.693   -0.1831   0.       0.      -0.0786  -0.2705
   0.9507]",112
175,1,"[[-0.27148208 -0.31110019  0.31889981]
 [ 0.18347093 -0.30794374  0.32205626]
 [ 0.19453741 -0.11376773  0.51623227]
 [-0.19453741  0.11376773 -0.51623227]
 [ 0.27148208  0.31110019 -0.31889981]
 [-0.18347093  0.30794374 -0.32205626]]","[2224. 2250.  921. 2174. 2122. 1049. 1928. 2248.  923. 1871. 2250.  921.
 1921. 2122. 1049. 2167. 2248.  923.]","[2211. 2239.  923. 2161. 2117. 1055. 1923. 2233.  924. 1886. 2237.  922.
 1935. 2117. 1055. 2170. 2234.  927.]","[-1.5397e+01  4.4110e+00  6.2688e+01 -4.8830e-01  6.1000e-02 -6.1000e-02
 -7.9600e-02 -2.7200e-01  9.4580e-01]",112
176,1,"[[-0.27417659 -0.31055317  0.31944683]
 [ 0.1791701  -0.30831178  0.32168822]
 [ 0.201692   -0.11797624  0.51202376]
 [-0.201692    0.11797624 -0.51202376]
 [ 0.27417659  0.31055317 -0.31944683]
 [-0.1791701   0.30831178 -0.32168822]]","[2226. 2250.  921. 2179. 2124. 1047. 1931. 2248.  922. 1869. 2250.  921.
 1916. 2124. 1047. 2164. 2248.  922.]","[2212. 2239.  923. 2164. 2119. 1053. 1926. 2233.  924. 1885. 2237.  923.
 1931. 2119. 1053. 2168. 2234.  927.]","[-15.414    4.417   62.688   -0.5493   0.1221   0.      -0.0698  -0.2715
   0.9766]",112
177,1,"[[-0.27675642 -0.30999571  0.32000429]
 [ 0.1748075  -0.30867573  0.32132427]
 [ 0.20863116 -0.12244893  0.50755107]
 [-0.20863116  0.12244893 -0.50755107]
 [ 0.27675642  0.30999571 -0.32000429]
 [-0.1748075   0.30867573 -0.32132427]]","[2228. 2250.  921. 2184. 2127. 1044. 1934. 2249.  922. 1867. 2250.  921.
 1911. 2127. 1044. 2161. 2249.  922.]","[2213. 2239.  923. 2169. 2122. 1050. 1928. 2233.  924. 1882. 2237.  923.
 1926. 2121. 1050. 2165. 2234.  926.]","[-1.5419e+01  4.4170e+00  6.2693e+01 -1.8310e-01 -6.1000e-02  6.1000e-02
 -6.6900e-02 -2.6950e-01  9.6240e-01]",112
178,1,"[[-0.27922047 -0.30942853  0.32057147]
 [ 0.17038436 -0.30903543  0.32096457]
 [ 0.21534975 -0.12718701  0.50281299]
 [-0.21534975  0.12718701 -0.50281299]
 [ 0.27922047  0.30942853 -0.32057147]
 [-0.17038436  0.30903543 -0.32096457]]","[2230. 2249.  922. 2188. 2130. 1041. 1936. 2249.  922. 1865. 2249.  922.
 1907. 2130. 1041. 2159. 2249.  922.]","[2216. 2239.  924. 2175. 2125. 1048. 1932. 2233.  924. 1880. 2237.  923.
 1920. 2124. 1047. 2162. 2234.  926.]","[-1.5419e+01  4.4110e+00  6.2693e+01 -1.2210e-01  0.0000e+00  6.1000e-02
 -6.9800e-02 -2.7100e-01  9.4870e-01]",112
179,1,"[[-0.28156772 -0.30885238  0.32114762]
 [ 0.16590191 -0.30939076  0.32060924]
 [ 0.22184288 -0.13219153  0.49780847]
 [-0.22184288  0.13219153 -0.49780847]
 [ 0.28156772  0.30885238 -0.32114762]
 [-0.16590191  0.30939076 -0.32060924]]","[2231. 2249.  922. 2192. 2134. 1037. 1939. 2249.  922. 1864. 2249.  922.
 1903. 2134. 1037. 2156. 2249.  922.]","[2218. 2239.  924. 2179. 2128. 1045. 1935. 2234.  923. 1878. 2237.  924.
 1916. 2127. 1045. 2159. 2234.  926.]","[-1.5436e+01  4.4110e+00  6.2693e+01 -3.6620e-01  0.0000e+00 -6.1000e-02
 -7.3200e-02 -2.6860e-01  9.5170e-01]",112
180,1,"[[-0.28379718 -0.30826799  0.32173201]
 [ 0.16136142 -0.30974158  0.32025842]
 [ 0.22810593 -0.1374633   0.4925367 ]
 [-0.22810593  0.1374633  -0.4925367 ]
 [ 0.28379718  0.30826799 -0.32173201]
 [-0.16136142  0.30974158 -0.32025842]]","[2233. 2248.  923. 2196. 2137. 1034. 1942. 2249.  922. 1862. 2248.  923.
 1899. 2137. 1034. 2153. 2249.  922.]","[2220. 2239.  925. 2184. 2130. 1041. 1936. 2234.  923. 1876. 2237.  924.
 1911. 2130. 1041. 2157. 2234.  926.]","[-15.452    4.411   62.688   -0.3662   0.      -0.1221  -0.0864  -0.2681
   0.957 ]",112
181,1,"[[-0.28590793 -0.30767609  0.32232391]
 [ 0.15676421 -0.31008776  0.31991224]
 [ 0.23413453 -0.14300296  0.48699704]
 [-0.23413453  0.14300296 -0.48699704]
 [ 0.28590793  0.30767609 -0.32232391]
 [-0.15676421  0.31008776 -0.31991224]]","[2234. 2248.  923. 2200. 2141. 1030. 1945. 2250.  921. 1861. 2248.  923.
 1895. 2141. 1030. 2150. 2250.  921.]","[2221. 2239.  925. 2187. 2133. 1039. 1939. 2234.  923. 1875. 2237.  924.
 1908. 2132. 1039. 2154. 2234.  926.]","[-15.458    4.411   62.688   -0.3662   0.       0.1221  -0.0771  -0.2676
   0.9502]",112
182,1,"[[-0.28789908 -0.3070774   0.3229226 ]
 [ 0.15211158 -0.31042916  0.31957084]
 [ 0.23992458 -0.14881094  0.48118906]
 [-0.23992458  0.14881094 -0.48118906]
 [ 0.28789908  0.3070774  -0.3229226 ]
 [-0.15211158  0.31042916 -0.31957084]]","[2235. 2248.  923. 2204. 2145. 1026. 1948. 2250.  921. 1860. 2248.  923.
 1891. 2145. 1026. 2147. 2250.  921.]","[2223. 2239.  925. 2191. 2137. 1036. 1942. 2235.  923. 1873. 2237.  925.
 1903. 2136. 1036. 2151. 2234.  925.]","[-1.5474e+01  4.4170e+00  6.2693e+01 -5.4930e-01  6.1000e-02  0.0000e+00
 -7.3200e-02 -2.6710e-01  9.6000e-01]",112
183,1,"[[-0.2897698  -0.30647265  0.32352735]
 [ 0.1474049  -0.31076567  0.31923433]
 [ 0.24547222 -0.15488745  0.47511255]
 [-0.24547222  0.15488745 -0.47511255]
 [ 0.2897698   0.30647265 -0.32352735]
 [-0.1474049   0.31076567 -0.31923433]]","[2236. 2247.  924. 2208. 2148. 1022. 1951. 2250.  921. 1859. 2247.  924.
 1887. 2148. 1022. 2144. 2250.  921.]","[2226. 2239.  925. 2195. 2140. 1032. 1944. 2236.  923. 1871. 2237.  925.
 1900. 2139. 1032. 2149. 2235.  925.]","[-1.5496e+01  4.4220e+00  6.2688e+01 -5.4930e-01  6.1000e-02  0.0000e+00
 -7.5700e-02 -2.6810e-01  9.6040e-01]",112
184,1,"[[-0.29151931 -0.30586256  0.32413744]
 [ 0.14264554 -0.31109716  0.31890284]
 [ 0.25077387 -0.1612325   0.4687675 ]
 [-0.25077387  0.1612325  -0.4687675 ]
 [ 0.29151931  0.30586256 -0.32413744]
 [-0.14264554  0.31109716 -0.31890284]]","[2238. 2247.  924. 2211. 2153. 1018. 1955. 2250.  921. 1857. 2247.  924.
 1884. 2153. 1018. 2140. 2250.  921.]","[2227. 2239.  926. 2200. 2144. 1028. 1947. 2236.  923. 1870. 2237.  925.
 1895. 2143. 1029. 2146. 2235.  925.]","[-1.5518e+01  4.4220e+00  6.2688e+01 -6.7140e-01  1.2210e-01  6.1000e-02
 -7.6200e-02 -2.6950e-01  9.5560e-01]",112
185,1,"[[-0.29314686 -0.30524785  0.32475215]
 [ 0.13783492 -0.31142351  0.31857649]
 [ 0.25582618 -0.16784588  0.46215412]
 [-0.25582618  0.16784588 -0.46215412]
 [ 0.29314686  0.30524785 -0.32475215]
 [-0.13783492  0.31142351 -0.31857649]]","[2239. 2246.  924. 2214. 2157. 1014. 1958. 2251.  920. 1856. 2246.  924.
 1881. 2157. 1014. 2137. 2251.  920.]","[2229. 2239.  926. 2203. 2148. 1025. 1951. 2236.  922. 1869. 2237.  926.
 1892. 2147. 1025. 2142. 2235.  926.]","[-15.546    4.433   62.693   -0.9155   0.1221   0.1221  -0.0737  -0.2671
   0.9536]",112
186,1,"[[-0.29465179 -0.30462922  0.32537078]
 [ 0.13297447 -0.31174459  0.31825541]
 [ 0.26062606 -0.17472718  0.45527282]
 [-0.26062606  0.17472718 -0.45527282]
 [ 0.29465179  0.30462922 -0.32537078]
 [-0.13297447  0.31174459 -0.31825541]]","[2240. 2246.  925. 2217. 2161. 1010. 1961. 2251.  920. 1855. 2246.  925.
 1878. 2161. 1010. 2134. 2251.  920.]","[2231. 2238.  926. 2207. 2152. 1020. 1954. 2237.  922. 1867. 2237.  926.
 1887. 2152. 1020. 2139. 2235.  925.]","[-1.5579e+01  4.4380e+00  6.2693e+01 -9.1550e-01  1.2210e-01  6.1000e-02
 -7.3200e-02 -2.6120e-01  9.5850e-01]",112
187,1,"[[-0.29603347 -0.30400736  0.32599264]
 [ 0.12806565 -0.3120603   0.3179397 ]
 [ 0.26517069 -0.18187577  0.44812423]
 [-0.26517069  0.18187577 -0.44812423]
 [ 0.29603347  0.30400736 -0.32599264]
 [-0.12806565  0.3120603  -0.3179397 ]]","[2240. 2246.  925. 2220. 2166. 1005. 1964. 2251.  920. 1855. 2246.  925.
 1875. 2166. 1005. 2131. 2251.  920.]","[2232. 2238.  927. 2211. 2156. 1016. 1957. 2237.  922. 1865. 2237.  927.
 1884. 2156. 1017. 2135. 2236.  925.]","[-1.5606e+01  4.4440e+00  6.2699e+01 -6.1040e-01  6.1000e-02  0.0000e+00
 -7.5200e-02 -2.6710e-01  9.6390e-01]",112
188,1,"[[-0.2972913  -0.30338299  0.32661701]
 [ 0.12310995 -0.31237052  0.31762948]
 [ 0.26945749 -0.18929079  0.44070921]
 [-0.26945749  0.18929079 -0.44070921]
 [ 0.2972913   0.30338299 -0.32661701]
 [-0.12310995  0.31237052 -0.31762948]]","[2241. 2245.  926. 2223. 2171. 1000. 1967. 2251.  920. 1854. 2245.  926.
 1872. 2171. 1000. 2128. 2251.  920.]","[2234. 2238.  927. 2214. 2159. 1012. 1959. 2237.  922. 1864. 2237.  927.
 1882. 2159. 1013. 2134. 2236.  925.]","[-1.5628e+01  4.4440e+00  6.2693e+01 -6.1040e-01  6.1000e-02 -1.2210e-01
 -7.5200e-02 -2.7440e-01  9.6040e-01]",112
189,1,"[[-0.29842478 -0.30275678  0.32724322]
 [ 0.11810887 -0.31267514  0.31732486]
 [ 0.27348411 -0.19697119  0.43302881]
 [-0.27348411  0.19697119 -0.43302881]
 [ 0.29842478  0.30275678 -0.32724322]
 [-0.11810887  0.31267514 -0.31732486]]","[2242. 2245.  926. 2226. 2176.  995. 1971. 2251.  920. 1853. 2245.  926.
 1869. 2176.  995. 2124. 2251.  920.]","[2235. 2238.  928. 2217. 2164. 1008. 1962. 2237.  922. 1863. 2237.  927.
 1879. 2164. 1008. 2130. 2236.  924.]","[-1.5650e+01  4.4440e+00  6.2688e+01 -8.5450e-01  6.1000e-02 -1.2210e-01
 -7.2800e-02 -2.7100e-01  9.4480e-01]",112
190,1,"[[-0.29943342 -0.30212941  0.32787059]
 [ 0.11306395 -0.31297405  0.31702595]
 [ 0.27724847 -0.20491568  0.42508432]
 [-0.27724847  0.20491568 -0.42508432]
 [ 0.29943342  0.30212941 -0.32787059]
 [-0.11306395  0.31297405 -0.31702595]]","[2243. 2244.  927. 2228. 2181.  990. 1974. 2252.  919. 1852. 2244.  927.
 1867. 2181.  990. 2121. 2252.  919.]","[2236. 2238.  928. 2220. 2169. 1003. 1965. 2238.  922. 1861. 2237.  927.
 1875. 2169. 1004. 2127. 2236.  924.]","[-1.5688e+01  4.4490e+00  6.2682e+01 -1.0376e+00  1.2210e-01  6.1000e-02
 -7.8100e-02 -2.7440e-01  9.4530e-01]",112
191,1,"[[-0.30031681 -0.30150156  0.32849844]
 [ 0.10797674 -0.31326714  0.31673286]
 [ 0.28074873 -0.21312275  0.41687725]
 [-0.28074873  0.21312275 -0.41687725]
 [ 0.30031681  0.30150156 -0.32849844]
 [-0.10797674  0.31326714 -0.31673286]]","[2243. 2244.  927. 2231. 2186.  985. 1977. 2252.  919. 1852. 2244.  927.
 1864. 2186.  985. 2118. 2252.  919.]","[2238. 2237.  929. 2223. 2174.  998. 1969. 2238.  922. 1860. 2237.  928.
 1872. 2173.  999. 2124. 2236.  924.]","[-1.5727e+01  4.4550e+00  6.2688e+01 -1.0986e+00  1.2210e-01  6.1000e-02
 -8.0600e-02 -2.7880e-01  9.6440e-01]",112
192,1,"[[-0.30107457 -0.30087388  0.32912612]
 [ 0.10284884 -0.31355432  0.31644568]
 [ 0.28398329 -0.2215907   0.4084093 ]
 [-0.28398329  0.2215907  -0.4084093 ]
 [ 0.30107457  0.30087388 -0.32912612]
 [-0.10284884  0.31355432 -0.31644568]]","[2244. 2244.  927. 2233. 2192.  979. 1980. 2252.  919. 1851. 2244.  927.
 1862. 2192.  979. 2115. 2252.  919.]","[2239. 2237.  929. 2225. 2179.  993. 1972. 2239.  922. 1859. 2237.  929.
 1870. 2178.  994. 2120. 2236.  924.]","[-1.5765e+01  4.4600e+00  6.2688e+01 -9.7660e-01  1.2210e-01  6.1000e-02
 -8.2500e-02 -2.7880e-01  9.6780e-01]",112
193,1,"[[-0.3017064  -0.30024702  0.32975298]
 [ 0.09768184 -0.31383548  0.31616452]
 [ 0.28695078 -0.23031757  0.39968243]
 [-0.28695078  0.23031757 -0.39968243]
 [ 0.3017064   0.30024702 -0.32975298]
 [-0.09768184  0.31383548 -0.31616452]]","[2244. 2243.  928. 2235. 2198.  973. 1984. 2252.  919. 1851. 2243.  928.
 1860. 2198.  973. 2111. 2252.  919.]","[2241. 2237.  929. 2228. 2183.  988. 1975. 2239.  921. 1858. 2237.  929.
 1867. 2183.  989. 2118. 2237.  923.]","[-1.5798e+01  4.4660e+00  6.2688e+01 -6.7140e-01  0.0000e+00  6.1000e-02
 -7.4200e-02 -2.7980e-01  9.5900e-01]",112
194,1,"[[-0.30221211 -0.29962164  0.33037836]
 [ 0.09247738 -0.31411053  0.31588947]
 [ 0.28965008 -0.23930121  0.39069879]
 [-0.28965008  0.23930121 -0.39069879]
 [ 0.30221211  0.29962164 -0.33037836]
 [-0.09247738  0.31411053 -0.31588947]]","[2245. 2243.  928. 2236. 2204.  967. 1987. 2252.  919. 1850. 2243.  928.
 1859. 2204.  967. 2108. 2252.  919.]","[2241. 2237.  929. 2230. 2189.  984. 1978. 2240.  922. 1857. 2237.  929.
 1865. 2188.  986. 2114. 2237.  923.]","[-1.5826e+01  4.4660e+00  6.2693e+01 -9.1550e-01  6.1000e-02  6.1000e-02
 -7.5700e-02 -2.8220e-01  9.3900e-01]",112
195,1,"[[-0.30259187 -0.29899835  0.33100165]
 [ 0.08723705 -0.31437937  0.31562063]
 [ 0.29208033 -0.24853925  0.38146075]
 [-0.29208033  0.24853925 -0.38146075]
 [ 0.30259187  0.29899835 -0.33100165]
 [-0.08723705  0.31437937 -0.31562063]]","[2245. 2242.  929. 2238. 2210.  961. 1991. 2252.  919. 1850. 2242.  929.
 1857. 2210.  961. 2104. 2252.  919.]","[2242. 2236.  930. 2232. 2195.  978. 1979. 2241.  922. 1856. 2236.  930.
 1863. 2191.  982. 2112. 2237.  924.]","[-15.87     4.471   62.693   -1.2817   0.1221   0.1831  -0.085   -0.2793
   0.9526]",112
196,1,"[[-0.30284701 -0.29837778  0.33162222]
 [ 0.08196229 -0.31464191  0.31535809]
 [ 0.29424107 -0.25802907  0.37197093]
 [-0.29424107  0.25802907 -0.37197093]
 [ 0.30284701  0.29837778 -0.33162222]
 [-0.08196229  0.31464191 -0.31535809]]","[2245. 2242.  929. 2239. 2216.  955. 1994. 2253.  918. 1850. 2242.  929.
 1856. 2216.  955. 2101. 2253.  918.]","[2242. 2235.  930. 2234. 2200.  975. 1982. 2242.  921. 1856. 2236.  930.
 1861. 2195.  976. 2108. 2238.  923.]","[-15.925    4.482   62.699   -1.6479   0.1221   0.3052  -0.0786  -0.2793
   0.9463]",112
197,1,"[[-0.30297671 -0.2977605   0.3322395 ]
 [ 0.07665287 -0.31489807  0.31510193]
 [ 0.29613326 -0.26776787  0.36223213]
 [-0.29613326  0.26776787 -0.36223213]
 [ 0.30297671  0.2977605  -0.3322395 ]
 [-0.07665287  0.31489807 -0.31510193]]","[2245. 2242.  929. 2241. 2222.  949. 1998. 2253.  918. 1850. 2242.  929.
 1854. 2222.  949. 2097. 2253.  918.]","[2243. 2235.  930. 2236. 2205.  969. 1986. 2243.  921. 1855. 2236.  930.
 1860. 2199.  970. 2105. 2238.  923.]","[-1.5996e+01  4.4930e+00  6.2710e+01 -2.0752e+00  1.8310e-01  6.1000e-02
 -7.1300e-02 -2.7100e-01  9.5900e-01]",112
198,1,"[[-0.30290327 -0.29714683  0.33285317]
 [ 0.07129964 -0.31514775  0.31485225]
 [ 0.29776379 -0.27775262  0.35224738]
 [-0.29776379  0.27775262 -0.35224738]
 [ 0.30290327  0.29714683 -0.33285317]
 [-0.07129964  0.31514775 -0.31485225]]","[2245. 2241.  930. 2242. 2229.  942. 2001. 2253.  918. 1850. 2241.  930.
 1853. 2229.  942. 2094. 2253.  918.]","[2244. 2235.  930. 2237. 2205.  963. 1990. 2245.  921. 1855. 2236.  931.
 1859. 2205.  965. 2102. 2239.  923.]","[-1.6068e+01  4.4930e+00  6.2699e+01 -1.7700e+00  0.0000e+00 -3.6620e-01
 -6.2000e-02 -2.7930e-01  9.8630e-01]",112
199,1,"[[-0.30245406 -0.29653621  0.33346379]
 [ 0.06588585 -0.31539087  0.31460913]
 [ 0.29913926 -0.2868742   0.3431258 ]
 [-0.29913926  0.2868742  -0.3431258 ]
 [ 0.30245406  0.29653621 -0.33346379]
 [-0.06588585  0.31539087 -0.31460913]]","[2245. 2241.  930. 2243. 2235.  936. 2005. 2253.  918. 1850. 2241.  930.
 1852. 2235.  936. 2090. 2253.  918.]","[2244. 2234.  931. 2239. 2210.  959. 1994. 2246.  920. 1855. 2237.  931.
 1857. 2210.  960. 2099. 2240.  923.]","[-1.6150e+01  4.4930e+00  6.2677e+01 -2.3804e+00  3.6620e-01 -7.3240e-01
 -6.1500e-02 -2.7150e-01  8.9890e-01]",112
200,1,"[[-0.30160259 -0.29592854  0.33407146]
 [ 0.06040713 -0.31562738  0.31437262]
 [ 0.30025334 -0.28718822  0.34281178]
 [-0.30025334  0.28718822 -0.34281178]
 [ 0.30160259  0.29592854 -0.33407146]
 [-0.06040713  0.31562738 -0.31437262]]","[2244. 2240.  931. 2243. 2235.  936. 2008. 2253.  918. 1851. 2240.  931.
 1852. 2235.  936. 2087. 2253.  918.]","[2244. 2235.  933. 2240. 2215.  956. 1997. 2247.  920. 1854. 2237.  931.
 1856. 2214.  956. 2095. 2239.  923.]","[-16.243    4.488   62.644   -2.3193  -0.1221  -0.8545  -0.0708  -0.292
   1.0884]",112
201,1,"[[-0.30035222 -0.29532444  0.33467556]
 [ 0.05486434 -0.31585719  0.31414281]
 [ 0.3010997  -0.28750932  0.34249068]
 [-0.3010997   0.28750932 -0.34249068]
 [ 0.30035222  0.29532444 -0.33467556]
 [-0.05486434  0.31585719 -0.31414281]]","[2243. 2240.  931. 2244. 2235.  936. 2012. 2253.  918. 1852. 2240.  931.
 1851. 2235.  936. 2083. 2253.  918.]","[2246. 2234.  934. 2240. 2216.  954. 2001. 2248.  920. 1853. 2237.  931.
 1856. 2216.  952. 2092. 2240.  923.]","[-1.6287e+01  4.4600e+00  6.2617e+01  0.0000e+00 -6.1040e-01 -7.9350e-01
 -5.2200e-02 -2.9250e-01  9.4240e-01]",112
202,1,"[[-0.29870479 -0.29472456  0.33527544]
 [ 0.04925898 -0.31608025  0.31391975]
 [ 0.30167416 -0.28783742  0.34216258]
 [-0.30167416  0.28783742 -0.34216258]
 [ 0.29870479  0.29472456 -0.33527544]
 [-0.04925898  0.31608025 -0.31391975]]","[2242. 2240.  931. 2244. 2235.  936. 2015. 2254.  917. 1853. 2240.  931.
 1851. 2235.  936. 2080. 2254.  917.]","[2247. 2235.  935. 2241. 2216.  953. 2004. 2248.  920. 1853. 2237.  931.
 1855. 2217.  950. 2090. 2240.  923.]","[-16.293    4.427   62.589   -0.4883  -0.3662  -1.0376  -0.0649  -0.2935
   0.8931]",112
203,1,"[[-0.29666247 -0.29412955  0.33587045]
 [ 0.04359276 -0.31629648  0.31370352]
 [ 0.3019721  -0.28817238  0.34182762]
 [-0.3019721   0.28817238 -0.34182762]
 [ 0.29666247  0.29412955 -0.33587045]
 [-0.04359276  0.31629648 -0.31370352]]","[2241. 2239.  932. 2244. 2235.  936. 2019. 2254.  917. 1854. 2239.  932.
 1851. 2235.  936. 2076. 2254.  917.]","[2247. 2234.  935. 2242. 2216.  953. 2008. 2249.  919. 1853. 2237.  931.
 1855. 2218.  949. 2086. 2240.  923.]","[-16.32     4.406   62.545   -0.6714   0.1831  -1.2207  -0.0962  -0.3145
   0.9639]",112
204,1,"[[-0.29422798 -0.29354003  0.33645997]
 [ 0.0378676  -0.31650583  0.31349417]
 [ 0.3020289  -0.28851399  0.34148601]
 [-0.3020289   0.28851399 -0.34148601]
 [ 0.29422798  0.29354003 -0.33645997]
 [-0.0378676   0.31650583 -0.31349417]]","[2239. 2239.  932. 2244. 2236.  935. 2023. 2254.  917. 1856. 2239.  932.
 1851. 2236.  935. 2072. 2254.  917.]","[2245. 2234.  936. 2242. 2216.  953. 2011. 2249.  919. 1854. 2237.  931.
 1855. 2217.  948. 2085. 2240.  922.]","[-16.348    4.4     62.501   -0.3662   0.1221  -0.9766  -0.125   -0.3223
   0.9248]",112
205,1,"[[-0.29140452 -0.29295663  0.33704337]
 [ 0.0320855  -0.31670822  0.31329178]
 [ 0.30197688 -0.28886135  0.34113865]
 [-0.30197688  0.28886135 -0.34113865]
 [ 0.29140452  0.29295663 -0.33704337]
 [-0.0320855   0.31670822 -0.31329178]]","[2237. 2238.  932. 2244. 2236.  935. 2027. 2254.  917. 1858. 2238.  932.
 1851. 2236.  935. 2068. 2254.  917.]","[2245. 2235.  936. 2242. 2216.  952. 2015. 2249.  919. 1854. 2237.  932.
 1855. 2218.  948. 2084. 2240.  922.]","[-1.6370e+01  4.4000e+00  6.2474e+01 -1.8310e-01  6.1000e-02 -2.4410e-01
 -9.7700e-02 -3.2320e-01  9.5900e-01]",112
206,1,"[[-0.28819583 -0.29237998  0.33762002]
 [ 0.02624862 -0.31690361  0.31309639]
 [ 0.30186827 -0.28921343  0.34078657]
 [-0.30186827  0.28921343 -0.34078657]
 [ 0.28819583  0.29237998 -0.33762002]
 [-0.02624862  0.31690361 -0.31309639]]","[2235. 2238.  933. 2244. 2236.  935. 2030. 2254.  917. 1860. 2238.  933.
 1851. 2236.  935. 2065. 2254.  917.]","[2242. 2234.  936. 2242. 2217.  953. 2020. 2250.  918. 1856. 2236.  932.
 1855. 2218.  948. 2078. 2240.  922.]","[-1.6386e+01  4.4060e+00  6.2468e+01  0.0000e+00  6.1000e-02  0.0000e+00
 -5.5200e-02 -3.1200e-01  9.4240e-01]",112
207,1,"[[-0.28460615 -0.2918107   0.3381893 ]
 [ 0.02035921 -0.31709193  0.31290807]
 [ 0.30170038 -0.28956983  0.34043017]
 [-0.30170038  0.28956983 -0.34043017]
 [ 0.28460615  0.2918107  -0.3381893 ]
 [-0.02035921  0.31709193 -0.31290807]]","[2233. 2238.  933. 2244. 2236.  935. 2034. 2254.  917. 1862. 2238.  933.
 1851. 2236.  935. 2061. 2254.  917.]","[2241. 2233.  935. 2242. 2217.  952. 2023. 2249.  918. 1858. 2236.  932.
 1854. 2218.  948. 2076. 2240.  921.]","[-16.397    4.411   62.468    0.       0.       0.      -0.0664  -0.3042
   0.9575]",112
208,1,"[[-0.28064023 -0.29124941  0.33875059]
 [ 0.01441964 -0.31727311  0.31272689]
 [ 0.30146716 -0.28993035  0.34006965]
 [-0.30146716  0.28993035 -0.34006965]
 [ 0.28064023  0.29124941 -0.33875059]
 [-0.01441964  0.31727311 -0.31272689]]","[2230. 2237.  934. 2244. 2237.  934. 2038. 2254.  917. 1865. 2237.  934.
 1851. 2237.  934. 2057. 2254.  917.]","[2239. 2233.  935. 2242. 2217.  953. 2026. 2249.  918. 1859. 2236.  932.
 1854. 2218.  948. 2072. 2240.  921.]","[-1.6408e+01  4.4110e+00  6.2474e+01  6.1000e-02 -6.1000e-02  1.2210e-01
 -7.9600e-02 -2.8420e-01  9.4430e-01]",112
209,1,"[[-0.2763033  -0.29069673  0.33930327]
 [ 0.00843239 -0.31744711  0.31255289]
 [ 0.30116459 -0.29029479  0.33970521]
 [-0.30116459  0.29029479 -0.33970521]
 [ 0.2763033   0.29069673 -0.33930327]
 [-0.00843239  0.31744711 -0.31255289]]","[2228. 2237.  934. 2244. 2237.  934. 2042. 2254.  917. 1867. 2237.  934.
 1851. 2237.  934. 2053. 2254.  917.]","[2237. 2233.  936. 2242. 2216.  953. 2030. 2249.  919. 1860. 2236.  932.
 1854. 2218.  948. 2068. 2240.  921.]","[-16.414    4.411   62.479    0.      -0.1221   0.2441  -0.083   -0.2778
   0.959 ]",112
210,1,"[[-0.27160111 -0.29015325  0.33984675]
 [ 0.00240004 -0.31761386  0.31238614]
 [ 0.30078988 -0.29066297  0.33933703]
 [-0.30078988  0.29066297 -0.33933703]
 [ 0.27160111  0.29015325 -0.33984675]
 [-0.00240004  0.31761386 -0.31238614]]","[2225. 2237.  934. 2244. 2237.  934. 2046. 2255.  916. 1870. 2237.  934.
 1851. 2237.  934. 2049. 2255.  916.]","[2236. 2232.  936. 2242. 2217.  952. 2035. 2249.  919. 1861. 2235.  933.
 1854. 2218.  948. 2063. 2240.  921.]","[-16.419    4.411   62.496    0.      -0.1221   0.3662  -0.0762  -0.2681
   0.959 ]",112
211,1,"[[-0.26653987 -0.28961958  0.34038042]
 [-0.00367469 -0.31777332  0.31222668]
 [ 0.30034082 -0.29103468  0.33896532]
 [-0.30034082  0.29103468 -0.33896532]
 [ 0.26653987  0.28961958 -0.34038042]
 [ 0.00367469  0.31777332 -0.31222668]]","[2221. 2236.  935. 2243. 2237.  934. 2050. 2255.  916. 1874. 2236.  935.
 1852. 2237.  934. 2045. 2255.  916.]","[2234. 2232.  936. 2242. 2216.  952. 2037. 2249.  919. 1863. 2235.  933.
 1854. 2218.  948. 2060. 2240.  921.]","[-16.419    4.411   62.512    0.      -0.1221   0.3662  -0.0728  -0.2671
   0.9531]",112
212,1,"[[-0.26112627 -0.28909631  0.34090369]
 [-0.00978901 -0.31792542  0.31207458]
 [ 0.29981539 -0.29140976  0.33859024]
 [-0.29981539  0.29140976 -0.33859024]
 [ 0.26112627  0.28909631 -0.34090369]
 [ 0.00978901  0.31792542 -0.31207458]]","[2218. 2236.  935. 2243. 2237.  933. 2054. 2255.  916. 1877. 2236.  935.
 1852. 2237.  933. 2041. 2255.  916.]","[2233. 2231.  936. 2242. 2217.  952. 2041. 2249.  919. 1865. 2235.  933.
 1854. 2218.  948. 2056. 2240.  920.]","[-16.419    4.411   62.523    0.      -0.1831   0.1831  -0.0845  -0.269
   0.9629]",112
213,1,"[[-0.25536747 -0.28858401  0.34141599]
 [-0.01594    -0.31807012  0.31192988]
 [ 0.29921166 -0.29178801  0.33821199]
 [-0.29921166  0.29178801 -0.33821199]
 [ 0.25536747  0.28858401 -0.34141599]
 [ 0.01594     0.31807012 -0.31192988]]","[2214. 2236.  935. 2243. 2238.  933. 2058. 2255.  916. 1881. 2236.  935.
 1852. 2238.  933. 2037. 2255.  916.]","[2231. 2232.  936. 2242. 2217.  952. 2044. 2249.  919. 1868. 2234.  933.
 1854. 2217.  948. 2054. 2240.  921.]","[-16.419    4.411   62.534   -0.1831  -0.1221   0.1221  -0.0879  -0.2812
   0.9443]",112
214,1,"[[-0.24927107 -0.28808326  0.34191674]
 [-0.02212465 -0.31820736  0.31179264]
 [ 0.29852773 -0.29216926  0.33783074]
 [-0.29852773  0.29216926 -0.33783074]
 [ 0.24927107  0.28808326 -0.34191674]
 [ 0.02212465  0.31820736 -0.31179264]]","[2210. 2235.  936. 2242. 2238.  933. 2062. 2255.  916. 1885. 2235.  936.
 1853. 2238.  933. 2033. 2255.  916.]","[2229. 2231.  937. 2242. 2217.  952. 2048. 2249.  918. 1872. 2234.  933.
 1854. 2218.  947. 2050. 2240.  920.]","[-16.43     4.411   62.534   -0.3052   0.       0.      -0.0835  -0.291
   0.9536]",112
215,1,"[[-0.24284515 -0.28759462  0.34240538]
 [-0.02833983 -0.31833709  0.31166291]
 [ 0.29776171 -0.29255333  0.33744667]
 [-0.29776171  0.29255333 -0.33744667]
 [ 0.24284515  0.28759462 -0.34240538]
 [ 0.02833983  0.31833709 -0.31166291]]","[2206. 2235.  936. 2242. 2238.  933. 2066. 2255.  916. 1889. 2235.  936.
 1853. 2238.  933. 2029. 2255.  916.]","[2226. 2231.  937. 2242. 2216.  952. 2051. 2250.  919. 1875. 2234.  933.
 1854. 2218.  947. 2047. 2240.  921.]","[-1.6441e+01  4.4170e+00  6.2534e+01 -3.0520e-01  0.0000e+00 -6.1000e-02
 -7.1800e-02 -3.0130e-01  9.5560e-01]",112
216,1,"[[-0.23609819 -0.28711865  0.34288135]
 [-0.03458231 -0.31845927  0.31154073]
 [ 0.29691172 -0.29294003  0.33705997]
 [-0.29691172  0.29294003 -0.33705997]
 [ 0.23609819  0.28711865 -0.34288135]
 [ 0.03458231  0.31845927 -0.31154073]]","[2201. 2235.  936. 2241. 2238.  933. 2070. 2255.  916. 1894. 2235.  936.
 1854. 2238.  933. 2025. 2255.  916.]","[2222. 2230.  937. 2242. 2217.  952. 2054. 2249.  918. 1878. 2233.  934.
 1855. 2218.  947. 2043. 2240.  921.]","[-16.452    4.417   62.529   -0.1221   0.      -0.1221  -0.0684  -0.3091
   0.9521]",112
217,1,"[[-0.22903911 -0.28070277  0.34929723]
 [-0.04084879 -0.31857384  0.31142616]
 [ 0.29597589 -0.2933292   0.3366708 ]
 [-0.29597589  0.2933292  -0.3366708 ]
 [ 0.22903911  0.28070277 -0.34929723]
 [ 0.04084879  0.31857384 -0.31142616]]","[2197. 2230.  940. 2240. 2239.  932. 2074. 2255.  916. 1898. 2230.  940.
 1855. 2239.  932. 2021. 2255.  916.]","[2218. 2230.  937. 2241. 2218.  952. 2059. 2250.  918. 1882. 2233.  934.
 1855. 2219.  947. 2040. 2240.  921.]","[-16.463    4.411   62.529   -0.1221  -0.1221   0.      -0.0679  -0.3066
   0.9463]",112
218,1,"[[-0.22167725 -0.26573489  0.36426511]
 [-0.04713583 -0.31868077  0.31131923]
 [ 0.29495233 -0.29372067  0.33627933]
 [-0.29495233  0.29372067 -0.33627933]
 [ 0.22167725  0.26573489 -0.36426511]
 [ 0.04713583  0.31868077 -0.31131923]]","[2192. 2221.  950. 2240. 2239.  932. 2078. 2255.  916. 1903. 2221.  950.
 1855. 2239.  932. 2017. 2255.  916.]","[2215. 2228.  939. 2241. 2219.  952. 2063. 2250.  918. 1885. 2232.  935.
 1855. 2219.  947. 2037. 2240.  920.]","[-1.6469e+01  4.4060e+00  6.2540e+01 -6.1000e-02 -3.0520e-01  3.0520e-01
 -6.3500e-02 -3.0030e-01  9.5610e-01]",112
219,1,"[[-0.21402233 -0.25124193  0.37875807]
 [-0.05343991 -0.31878     0.31122   ]
 [ 0.2938392  -0.29411425  0.33588575]
 [-0.2938392   0.29411425 -0.33588575]
 [ 0.21402233  0.25124193 -0.37875807]
 [ 0.05343991  0.31878    -0.31122   ]]","[2187. 2211.  960. 2239. 2239.  932. 2082. 2255.  916. 1908. 2211.  960.
 1856. 2239.  932. 2013. 2255.  916.]","[2212. 2224.  942. 2241. 2220.  952. 2066. 2250.  919. 1890. 2229.  938.
 1854. 2219.  947. 2033. 2240.  920.]","[-1.6474e+01  4.3950e+00  6.2562e+01 -6.1000e-02 -4.2720e-01  4.8830e-01
 -6.7900e-02 -2.9350e-01  9.6290e-01]",112
220,1,"[[-0.20608448 -0.23724064  0.39275936]
 [-0.05975744 -0.3188715   0.3111285 ]
 [ 0.29263465 -0.29450978  0.33549022]
 [-0.29263465  0.29450978 -0.33549022]
 [ 0.20608448  0.23724064 -0.39275936]
 [ 0.05975744  0.3188715  -0.3111285 ]]","[2182. 2202.  969. 2238. 2239.  931. 2086. 2255.  916. 1913. 2202.  969.
 1857. 2239.  931. 2009. 2255.  916.]","[2207. 2219.  943. 2241. 2220.  951. 2070. 2249.  919. 1895. 2227.  943.
 1855. 2219.  947. 2030. 2240.  919.]","[-1.6479e+01  4.3730e+00  6.2589e+01 -6.1000e-02 -7.3240e-01  5.4930e-01
 -6.0500e-02 -2.8220e-01  9.4090e-01]",112
221,1,"[[-0.1978742  -0.22374729  0.40625271]
 [-0.06608471 -0.31895522  0.31104478]
 [ 0.29133686 -0.29490708  0.33509292]
 [-0.29133686  0.29490708 -0.33509292]
 [ 0.1978742   0.22374729 -0.40625271]
 [ 0.06608471  0.31895522 -0.31104478]]","[2176. 2193.  978. 2237. 2240.  931. 2091. 2255.  916. 1919. 2193.  978.
 1858. 2240.  931. 2004. 2255.  916.]","[2203. 2212.  950. 2240. 2220.  949. 2073. 2249.  919. 1899. 2220.  951.
 1856. 2219.  947. 2027. 2240.  919.]","[-1.6485e+01  4.3340e+00  6.2606e+01 -6.1000e-02 -9.7660e-01  0.0000e+00
 -6.5400e-02 -2.6370e-01  9.4240e-01]",112
222,1,"[[-0.18940232 -0.21077766  0.41922234]
 [-0.07241794 -0.31903113  0.31096887]
 [ 0.28994403 -0.29530601  0.33469399]
 [-0.28994403  0.29530601 -0.33469399]
 [ 0.18940232  0.21077766 -0.41922234]
 [ 0.07241794  0.31903113 -0.31096887]]","[2171. 2185.  986. 2237. 2240.  931. 2095. 2255.  915. 1924. 2185.  986.
 1858. 2240.  931. 2000. 2255.  915.]","[2196. 2204.  958. 2238. 2220.  948. 2077. 2249.  919. 1905. 2213.  959.
 1857. 2219.  947. 2023. 2240.  918.]","[-1.6485e+01  4.2960e+00  6.2606e+01 -6.1000e-02 -7.9350e-01 -2.4410e-01
 -9.0300e-02 -2.2900e-01  9.3070e-01]",112
223,1,"[[-0.18068006 -0.19834703  0.43165297]
 [-0.07875325 -0.31909918  0.31090082]
 [ 0.28845439 -0.29570638  0.33429362]
 [-0.28845439  0.29570638 -0.33429362]
 [ 0.18068006  0.19834703 -0.43165297]
 [ 0.07875325  0.31909918 -0.31090082]]","[2165. 2177.  994. 2236. 2240.  931. 2099. 2256.  915. 1930. 2177.  994.
 1859. 2240.  931. 1996. 2256.  915.]","[2187. 2198.  968. 2237. 2220.  946. 2082. 2248.  919. 1912. 2204.  968.
 1858. 2219.  947. 2019. 2241.  918.]","[-16.496    4.268   62.606   -0.6104  -0.5493  -0.2441  -0.0679  -0.2012
   0.998 ]",112
224,1,"[[-0.17171895 -0.18647014  0.44352986]
 [-0.08508668 -0.31915934  0.31084066]
 [ 0.28686621 -0.29610803  0.33389197]
 [-0.28686621  0.29610803 -0.33389197]
 [ 0.17171895  0.18647014 -0.44352986]
 [ 0.08508668  0.31915934 -0.31084066]]","[2159. 2169. 1002. 2235. 2241.  930. 2103. 2256.  915. 1936. 2169. 1002.
 1860. 2241.  930. 1992. 2256.  915.]","[2180. 2196.  976. 2236. 2219.  945. 2086. 2248.  919. 1919. 2196.  976.
 1858. 2220.  946. 2014. 2242.  918.]","[-16.523    4.224   62.573   -1.2207  -1.0986  -1.2817  -0.0703  -0.2056
   0.918 ]",112
225,1,"[[-0.16253082 -0.1751612   0.4548388 ]
 [-0.09141422 -0.31921158  0.31078842]
 [ 0.28517778 -0.2965108   0.3334892 ]
 [-0.28517778  0.2965108  -0.3334892 ]
 [ 0.16253082  0.1751612  -0.4548388 ]
 [ 0.09141422  0.31921158 -0.31078842]]","[2153. 2162. 1009. 2233. 2241.  930. 2107. 2256.  915. 1942. 2162. 1009.
 1862. 2241.  930. 1988. 2256.  915.]","[2173. 2188.  985. 2235. 2219.  945. 2091. 2247.  919. 1923. 2188.  984.
 1859. 2221.  945. 2008. 2243.  918.]","[-16.573    4.158   62.556   -2.0752  -1.77    -0.8545  -0.1743  -0.1992
   0.9473]",112
226,1,"[[-0.15312784 -0.16443383  0.46556617]
 [-0.09773175 -0.31925586  0.31074414]
 [ 0.28338744 -0.29691453  0.33308547]
 [-0.28338744  0.29691453 -0.33308547]
 [ 0.15312784  0.16443383 -0.46556617]
 [ 0.09773175  0.31925586 -0.31074414]]","[2147. 2155. 1016. 2232. 2241.  930. 2111. 2256.  915. 1948. 2155. 1016.
 1863. 2241.  930. 1984. 2256.  915.]","[2166. 2181.  993. 2232. 2219.  944. 2095. 2247.  919. 1930. 2181.  993.
 1861. 2222.  942. 2003. 2244.  918.]","[-16.65     4.087   62.6     -3.0518  -2.6245   0.8545  -0.1138  -0.2671
   1.0044]",112
227,1,"[[-0.14352242 -0.15430108  0.47569892]
 [-0.10403509 -0.31929214  0.31070786]
 [ 0.28149358 -0.29731906  0.33268094]
 [-0.28149358  0.29731906 -0.33268094]
 [ 0.14352242  0.15430108 -0.47569892]
 [ 0.10403509  0.31929214 -0.31070786]]","[2141. 2148. 1023. 2231. 2241.  930. 2115. 2256.  915. 1954. 2148. 1023.
 1864. 2241.  930. 1980. 2256.  915.]","[2159. 2173. 1001. 2231. 2220.  942. 2100. 2247.  919. 1936. 2173. 1000.
 1862. 2223.  941. 1998. 2245.  918.]","[-1.6716e+01  4.0370e+00  6.2672e+01 -2.1973e+00 -1.8311e+00  1.2817e+00
 -1.5100e-02 -3.1640e-01  9.4780e-01]",112
228,1,"[[-0.13372727 -0.1447754   0.4852246 ]
 [-0.11032    -0.31932042  0.31067958]
 [ 0.27949462 -0.29772423  0.33227577]
 [-0.27949462  0.29772423 -0.33227577]
 [ 0.13372727  0.1447754  -0.4852246 ]
 [ 0.11032     0.31932042 -0.31067958]]","[2135. 2142. 1029. 2230. 2242.  929. 2119. 2256.  915. 1960. 2142. 1029.
 1865. 2242.  929. 1976. 2256.  915.]","[2152. 2165. 1008. 2229. 2220.  942. 2105. 2248.  919. 1941. 2165. 1007.
 1864. 2223.  940. 1994. 2245.  918.]","[-1.6765e+01  3.9830e+00  6.2688e+01 -1.7090e+00 -1.3428e+00 -3.0520e-01
 -3.4000e-03 -3.5350e-01  1.0049e+00]",112
229,1,"[[-0.12375533 -0.1358686   0.4941314 ]
 [-0.11658217 -0.31934067  0.31065933]
 [ 0.27738906 -0.29812988  0.33187012]
 [-0.27738906  0.29812988 -0.33187012]
 [ 0.12375533  0.1358686  -0.4941314 ]
 [ 0.11658217  0.31934067 -0.31065933]]","[2128. 2136. 1035. 2228. 2242.  929. 2123. 2256.  915. 1967. 2136. 1035.
 1867. 2242.  929. 1972. 2256.  915.]","[2144. 2158. 1015. 2228. 2220.  940. 2108. 2247.  919. 1946. 2159. 1014.
 1865. 2223.  940. 1990. 2245.  919.]","[-1.6798e+01  3.9500e+00  6.2644e+01 -6.1040e-01 -6.1000e-02 -1.5869e+00
 -4.9800e-02 -3.8480e-01  9.6780e-01]",112
230,1,"[[-0.1136198  -0.12759187  0.50240813]
 [-0.12281723 -0.31935298  0.31064702]
 [ 0.27517543 -0.29853585  0.33146415]
 [-0.27517543  0.29853585 -0.33146415]
 [ 0.1136198   0.12759187 -0.50240813]
 [ 0.12281723  0.31935298 -0.31064702]]","[2122. 2131. 1040. 2227. 2242.  929. 2128. 2256.  915. 1973. 2131. 1040.
 1868. 2242.  929. 1967. 2256.  915.]","[2137. 2152. 1022. 2227. 2220.  940. 2112. 2247.  919. 1954. 2152. 1020.
 1866. 2223.  939. 1987. 2245.  918.]","[-1.6798e+01  3.9500e+00  6.2578e+01  2.4410e-01  4.8830e-01 -1.5869e+00
 -5.7600e-02 -3.6720e-01  9.1260e-01]",112
231,1,"[[-0.10333406 -0.11995572  0.51004428]
 [-0.12902075 -0.31935754  0.31064246]
 [ 0.27285235 -0.29894199  0.33105801]
 [-0.27285235  0.29894199 -0.33105801]
 [ 0.10333406  0.11995572 -0.51004428]
 [ 0.12902075  0.31935754 -0.31064246]]","[2115. 2126. 1045. 2225. 2242.  929. 2132. 2256.  915. 1980. 2126. 1045.
 1870. 2242.  929. 1963. 2256.  915.]","[2134. 2145. 1028. 2226. 2219.  939. 2115. 2248.  919. 1960. 2146. 1026.
 1868. 2223.  939. 1983. 2245.  918.]","[-16.815    3.933   62.54     0.       0.      -0.9766  -0.0762  -0.3701
   0.9106]",112
232,1,"[[-0.09291171 -0.11297001  0.51702999]
 [-0.13518826 -0.31935167  0.31064833]
 [ 0.27041848 -0.29934815  0.33065185]
 [-0.27041848  0.29934815 -0.33065185]
 [ 0.09291171  0.11297001 -0.51702999]
 [ 0.13518826  0.31935167 -0.31064833]]","[2108. 2121. 1050. 2224. 2243.  928. 2136. 2256.  915. 1987. 2121. 1050.
 1871. 2243.  928. 1959. 2256.  915.]","[2130. 2139. 1034. 2225. 2219.  940. 2118. 2248.  919. 1966. 2140. 1032.
 1869. 2223.  939. 1979. 2245.  918.]","[-1.6831e+01  3.9220e+00  6.2529e+01  6.1000e-02 -2.4410e-01 -3.6620e-01
 -6.9800e-02 -3.4180e-01  9.5410e-01]",112
233,1,"[[-0.08236654 -0.10664392  0.52335608]
 [-0.14131522 -0.31932215  0.31067785]
 [ 0.26787255 -0.29975416  0.33024584]
 [-0.26787255  0.29975416 -0.33024584]
 [ 0.08236654  0.10664392 -0.52335608]
 [ 0.14131522  0.31932215 -0.31067785]]","[2101. 2117. 1054. 2222. 2243.  928. 2140. 2256.  915. 1994. 2117. 1054.
 1873. 2243.  928. 1955. 2256.  915.]","[2122. 2134. 1039. 2224. 2219.  940. 2121. 2247.  919. 1973. 2134. 1038.
 1870. 2223.  938. 1975. 2245.  918.]","[-16.831    3.922   62.518    0.3662   0.1221  -0.1831  -0.0811  -0.3052
   0.9609]",112
234,1,"[[-0.07171248 -0.10098591  0.52901409]
 [-0.14739708 -0.31926335  0.31073665]
 [ 0.26521339 -0.30015988  0.32984012]
 [-0.26521339  0.30015988 -0.32984012]
 [ 0.07171248  0.10098591 -0.52901409]
 [ 0.14739708  0.31926335 -0.31073665]]","[2094. 2113. 1058. 2220. 2243.  928. 2144. 2256.  915. 2001. 2113. 1058.
 1875. 2243.  928. 1951. 2256.  915.]","[2115. 2129. 1044. 2223. 2220.  939. 2125. 2248.  919. 1979. 2129. 1043.
 1872. 2223.  937. 1970. 2245.  918.]","[-16.831    3.928   62.507    0.3662   0.1221  -0.3052  -0.0747  -0.2798
   0.9302]",112
235,1,"[[-0.06096362 -0.09600375  0.53399625]
 [-0.15342923 -0.31917873  0.31082127]
 [ 0.26243989 -0.30056515  0.32943485]
 [-0.26243989  0.30056515 -0.32943485]
 [ 0.06096362  0.09600375 -0.53399625]
 [ 0.15342923  0.31917873 -0.31082127]]","[2087. 2110. 1061. 2219. 2243.  928. 2148. 2256.  915. 2008. 2110. 1061.
 1876. 2243.  928. 1947. 2256.  915.]","[2108. 2124. 1049. 2221. 2220.  940. 2128. 2248.  919. 1986. 2124. 1047.
 1874. 2223.  936. 1966. 2245.  918.]","[-1.6842e+01  3.9220e+00  6.2485e+01  0.0000e+00 -6.1000e-02 -4.8830e-01
 -7.9100e-02 -2.8220e-01  9.5800e-01]",112
236,1,"[[-0.05013416 -0.09170446  0.53829554]
 [-0.15940702 -0.31906933  0.31093067]
 [ 0.259551   -0.30096983  0.32903017]
 [-0.259551    0.30096983 -0.32903017]
 [ 0.05013416  0.09170446 -0.53829554]
 [ 0.15940702  0.31906933 -0.31093067]]","[2080. 2107. 1064. 2217. 2244.  927. 2151. 2256.  915. 2015. 2107. 1064.
 1878. 2244.  927. 1944. 2256.  915.]","[2101. 2120. 1053. 2220. 2219.  939. 2132. 2248.  919. 1993. 2120. 1051.
 1875. 2223.  935. 1962. 2245.  918.]","[-1.6848e+01  3.9220e+00  6.2452e+01  6.1000e-02  1.8310e-01 -7.9350e-01
 -6.1000e-02 -2.5290e-01  9.7800e-01]",112
237,1,"[[-0.04189986 -0.08890427  0.54109573]
 [-0.16388935 -0.31896964  0.31103036]
 [ 0.25728966 -0.30127293  0.32872707]
 [-0.25728966  0.30127293 -0.32872707]
 [ 0.04189986  0.08890427 -0.54109573]
 [ 0.16388935  0.31896964 -0.31103036]]","[2075. 2105. 1066. 2215. 2244.  927. 2154. 2255.  916. 2020. 2105. 1066.
 1880. 2244.  927. 1941. 2255.  916.]","[2094. 2116. 1057. 2218. 2220.  939. 2135. 2248.  919. 2000. 2117. 1055.
 1877. 2223.  935. 1958. 2245.  918.]","[-16.853    3.922   62.402    0.       0.3052  -1.1597  -0.0723  -0.2715
   0.9521]",112
238,1,"[[-0.03096357 -0.08582039  0.54417961]
 [-0.16976035 -0.31881764  0.31118236]
 [ 0.25419592 -0.30167621  0.32832379]
 [-0.25419592  0.30167621 -0.32832379]
 [ 0.03096357  0.08582039 -0.54417961]
 [ 0.16976035  0.31881764 -0.31118236]]","[2068. 2103. 1068. 2213. 2244.  927. 2158. 2255.  916. 2027. 2103. 1068.
 1882. 2244.  927. 1937. 2255.  916.]","[2087. 2113. 1060. 2216. 2219.  940. 2138. 2247.  919. 2006. 2113. 1059.
 1879. 2224.  934. 1955. 2245.  918.]","[-16.853    3.922   62.364    0.       0.2441  -0.9766  -0.0801  -0.2827
   0.9526]",112
239,1,"[[-0.01998635 -0.08343491  0.54656509]
 [-0.17556407 -0.31864203  0.31135797]
 [ 0.25098441 -0.30207848  0.32792152]
 [-0.25098441  0.30207848 -0.32792152]
 [ 0.01998635  0.08343491 -0.54656509]
 [ 0.17556407  0.31864203 -0.31135797]]","[2061. 2102. 1069. 2211. 2244.  927. 2162. 2255.  916. 2034. 2102. 1069.
 1884. 2244.  927. 1933. 2255.  916.]","[2081. 2110. 1063. 2214. 2219.  939. 2141. 2248.  919. 2013. 2110. 1062.
 1881. 2223.  934. 1951. 2245.  918.]","[-16.859    3.928   62.347   -0.2441   0.1221  -0.3662  -0.0752  -0.2886
   0.9438]",112
240,1,"[[-0.00898271 -0.08175208  0.54824792]
 [-0.18129578 -0.3184432   0.3115568 ]
 [ 0.24765445 -0.30247959  0.32752041]
 [-0.24765445  0.30247959 -0.32752041]
 [ 0.00898271  0.08175208 -0.54824792]
 [ 0.18129578  0.3184432  -0.3115568 ]]","[2053. 2101. 1070. 2209. 2245.  926. 2166. 2255.  916. 2042. 2101. 1070.
 1886. 2245.  926. 1929. 2255.  916.]","[2074. 2108. 1065. 2212. 2219.  940. 2144. 2247.  919. 2020. 2108. 1064.
 1883. 2224.  933. 1947. 2245.  918.]","[-1.6875e+01  3.9280e+00  6.2358e+01 -3.6620e-01 -1.8310e-01  1.2210e-01
 -5.9600e-02 -2.9390e-01  9.4820e-01]",112
241,1,"[[ 0.00203281 -0.08077628  0.54922372]
 [-0.18695075 -0.31822161  0.31177839]
 [ 0.24420544 -0.30287939  0.32712061]
 [-0.24420544  0.30287939 -0.32712061]
 [-0.00203281  0.08077628 -0.54922372]
 [ 0.18695075  0.31822161 -0.31177839]]","[2046. 2100. 1071. 2207. 2245.  926. 2169. 2255.  916. 2049. 2100. 1071.
 1888. 2245.  926. 1926. 2255.  916.]","[2067. 2106. 1066. 2209. 2219.  939. 2148. 2248.  919. 2027. 2106. 1066.
 1886. 2223.  933. 1942. 2245.  918.]","[-1.6886e+01  3.9220e+00  6.2369e+01 -3.0520e-01 -2.4410e-01  2.4410e-01
 -5.4200e-02 -3.0320e-01  9.6240e-01]",112
242,1,"[[ 0.01304564 -0.08052145  0.54947855]
 [-0.19252424 -0.31797773  0.31202227]
 [ 0.24063687 -0.30327772  0.32672228]
 [-0.24063687  0.30327772 -0.32672228]
 [-0.01304564  0.08052145 -0.54947855]
 [ 0.19252424  0.31797773 -0.31202227]]","[2039. 2100. 1071. 2204. 2245.  926. 2173. 2255.  916. 2056. 2100. 1071.
 1891. 2245.  926. 1922. 2255.  916.]","[2060. 2105. 1068. 2207. 2219.  938. 2151. 2248.  919. 2034. 2105. 1068.
 1887. 2224.  932. 1938. 2245.  918.]","[-1.6891e+01  3.9170e+00  6.2369e+01 -1.2210e-01 -6.1000e-02  0.0000e+00
 -5.4200e-02 -3.1350e-01  9.5310e-01]",112
243,1,"[[ 0.02404123 -0.0809081   0.5490919 ]
 [-0.19801151 -0.31771202  0.31228798]
 [ 0.23694838 -0.30367445  0.32632555]
 [-0.23694838  0.30367445 -0.32632555]
 [-0.02404123  0.0809081  -0.5490919 ]
 [ 0.19801151  0.31771202 -0.31228798]]","[2032. 2100. 1071. 2202. 2245.  926. 2177. 2255.  916. 2063. 2100. 1071.
 1893. 2245.  926. 1918. 2255.  916.]","[2052. 2104. 1069. 2205. 2220.  938. 2154. 2248.  919. 2041. 2104. 1069.
 1891. 2224.  932. 1935. 2246.  918.]","[-1.6897e+01  3.9110e+00  6.2358e+01 -6.1000e-02  0.0000e+00 -2.4410e-01
 -6.4500e-02 -3.1100e-01  9.4380e-01]",112
244,1,"[[ 0.03500503 -0.08140459  0.54859541]
 [-0.20340782 -0.317425    0.312575  ]
 [ 0.23313966 -0.30406943  0.32593057]
 [-0.23313966  0.30406943 -0.32593057]
 [-0.03500503  0.08140459 -0.54859541]
 [ 0.20340782  0.317425   -0.312575  ]]","[2025. 2101. 1070. 2199. 2246.  925. 2180. 2254.  917. 2070. 2101. 1070.
 1896. 2246.  925. 1915. 2254.  917.]","[2045. 2104. 1070. 2203. 2219.  937. 2158. 2248.  919. 2048. 2103. 1070.
 1893. 2225.  931. 1930. 2246.  918.]","[-1.6908e+01  3.9060e+00  6.2342e+01 -1.2210e-01  0.0000e+00 -4.2720e-01
 -5.7100e-02 -3.0370e-01  9.3990e-01]",112
245,1,"[[ 0.04592256 -0.08200489  0.54799511]
 [-0.20870844 -0.31711717  0.31288283]
 [ 0.22921056 -0.30446251  0.32553749]
 [-0.22921056  0.30446251 -0.32553749]
 [-0.04592256  0.08200489 -0.54799511]
 [ 0.20870844  0.31711717 -0.31288283]]","[2018. 2101. 1070. 2197. 2246.  925. 2184. 2254.  917. 2077. 2101. 1070.
 1898. 2246.  925. 1911. 2254.  917.]","[2038. 2104. 1069. 2201. 2219.  937. 2162. 2248.  919. 2055. 2103. 1069.
 1894. 2225.  930. 1927. 2246.  918.]","[-1.6924e+01  3.8950e+00  6.2309e+01 -6.1000e-02  3.0520e-01 -8.5450e-01
 -7.9600e-02 -3.0910e-01  9.5070e-01]",112
246,1,"[[ 0.05677938 -0.08279096  0.54720904]
 [-0.21390868 -0.31678908  0.31321092]
 [ 0.22516101 -0.30485353  0.32514647]
 [-0.22516101  0.30485353 -0.32514647]
 [-0.05677938  0.08279096 -0.54720904]
 [ 0.21390868  0.31678908 -0.31321092]]","[2010. 2101. 1069. 2194. 2246.  925. 2187. 2254.  917. 2085. 2101. 1069.
 1901. 2246.  925. 1908. 2254.  917.]","[2032. 2103. 1069. 2199. 2219.  937. 2165. 2248.  919. 2062. 2103. 1069.
 1897. 2225.  930. 1923. 2246.  919.]","[-1.6930e+01  3.8950e+00  6.2276e+01  0.0000e+00  1.2210e-01 -5.4930e-01
 -6.0500e-02 -3.0030e-01  9.3650e-01]",112
247,1,"[[ 0.06756114 -0.08378501  0.54621499]
 [-0.21900383 -0.31644127  0.31355873]
 [ 0.22099108 -0.30524237  0.32475763]
 [-0.22099108  0.30524237 -0.32475763]
 [-0.06756114  0.08378501 -0.54621499]
 [ 0.21900383  0.31644127 -0.31355873]]","[2003. 2102. 1069. 2192. 2246.  924. 2190. 2254.  917. 2092. 2102. 1069.
 1903. 2246.  924. 1905. 2254.  917.]","[2024. 2103. 1069. 2196. 2220.  937. 2169. 2248.  919. 2069. 2103. 1069.
 1900. 2225.  930. 1919. 2246.  918.]","[-1.6941e+01  3.8950e+00  6.2260e+01 -6.1000e-02 -6.1000e-02 -6.1000e-02
 -8.1500e-02 -2.8320e-01  9.6730e-01]",112
248,1,"[[ 0.07825359 -0.08499505  0.54500495]
 [-0.22398925 -0.3160743   0.3139257 ]
 [ 0.21670093 -0.30562886  0.32437114]
 [-0.21670093  0.30562886 -0.32437114]
 [-0.07825359  0.08499505 -0.54500495]
 [ 0.22398925  0.3160743  -0.3139257 ]]","[1996. 2103. 1068. 2189. 2247.  924. 2194. 2254.  917. 2099. 2103. 1068.
 1906. 2247.  924. 1901. 2254.  917.]","[2017. 2103. 1069. 2193. 2219.  937. 2172. 2248.  919. 2076. 2103. 1069.
 1902. 2225.  930. 1916. 2246.  919.]","[-1.6941e+01  3.8950e+00  6.2260e+01  0.0000e+00 -1.2210e-01  5.4930e-01
 -5.7600e-02 -2.7780e-01  9.5310e-01]",112
249,1,"[[ 0.08884258 -0.08642626  0.54357374]
 [-0.22886029 -0.31568876  0.31431124]
 [ 0.21229087 -0.30601287  0.32398713]
 [-0.21229087  0.30601287 -0.32398713]
 [-0.08884258  0.08642626 -0.54357374]
 [ 0.22886029  0.31568876 -0.31431124]]","[1990. 2104. 1067. 2186. 2247.  924. 2197. 2253.  918. 2105. 2104. 1067.
 1909. 2247.  924. 1898. 2253.  918.]","[2010. 2104. 1069. 2191. 2219.  936. 2176. 2248.  919. 2084. 2103. 1069.
 1905. 2225.  930. 1913. 2246.  919.]","[-16.941    3.895   62.281   -0.1221  -0.3052   0.5493  -0.0635  -0.2827
   0.9595]",112
250,1,"[[ 0.09931413 -0.08808321  0.54191679]
 [-0.23361238 -0.31528524  0.31471476]
 [ 0.20776132 -0.30639425  0.32360575]
 [-0.20776132  0.30639425 -0.32360575]
 [-0.09931413  0.08808321 -0.54191679]
 [ 0.23361238  0.31528524 -0.31471476]]","[1983. 2105. 1066. 2183. 2247.  924. 2200. 2253.  918. 2112. 2105. 1066.
 1912. 2247.  924. 1895. 2253.  918.]","[2003. 2104. 1068. 2189. 2219.  936. 2180. 2248.  920. 2091. 2104. 1068.
 1907. 2225.  930. 1909. 2246.  919.]","[-1.6946e+01  3.8890e+00  6.2309e+01 -1.2210e-01 -2.4410e-01  4.2720e-01
 -5.7600e-02 -2.8610e-01  9.4970e-01]",112
251,1,"[[ 0.10965439 -0.08997032  0.54002968]
 [-0.23824096 -0.31486434  0.31513566]
 [ 0.20311283 -0.30677285  0.32322715]
 [-0.20311283  0.30677285 -0.32322715]
 [-0.10965439  0.08997032 -0.54002968]
 [ 0.23824096  0.31486434 -0.31513566]]","[1976. 2106. 1065. 2180. 2247.  923. 2203. 2253.  918. 2119. 2106. 1065.
 1915. 2247.  923. 1892. 2253.  918.]","[1996. 2104. 1067. 2186. 2219.  936. 2183. 2248.  920. 2098. 2104. 1067.
 1911. 2226.  930. 1905. 2246.  919.]","[-1.6946e+01  3.8840e+00  6.2325e+01 -1.2210e-01 -1.2210e-01  6.1000e-02
 -6.0500e-02 -2.9300e-01  9.5360e-01]",112
252,1,"[[ 0.11984968 -0.09209189  0.53790811]
 [-0.24274153 -0.31442667  0.31557333]
 [ 0.19834607 -0.30714853  0.32285147]
 [-0.19834607  0.30714853 -0.32285147]
 [-0.11984968  0.09209189 -0.53790811]
 [ 0.24274153  0.31442667 -0.31557333]]","[1969. 2108. 1063. 2177. 2248.  923. 2206. 2252.  918. 2126. 2108. 1063.
 1918. 2248.  923. 1889. 2252.  918.]","[1989. 2105. 1066. 2182. 2219.  935. 2187. 2248.  920. 2105. 2105. 1066.
 1914. 2226.  929. 1902. 2246.  919.]","[-1.6946e+01  3.8780e+00  6.2325e+01 -1.8310e-01 -1.8310e-01 -6.1000e-02
 -6.6900e-02 -2.9690e-01  9.5260e-01]",112
253,1,"[[ 0.12988654 -0.09445211  0.53554789]
 [-0.24710965 -0.31397286  0.31602714]
 [ 0.19346183 -0.30752115  0.32247885]
 [-0.19346183  0.30752115 -0.32247885]
 [-0.12988654  0.09445211 -0.53554789]
 [ 0.24710965  0.31397286 -0.31602714]]","[1963. 2109. 1062. 2174. 2248.  923. 2209. 2252.  919. 2132. 2109. 1062.
 1921. 2248.  923. 1886. 2252.  919.]","[1982. 2106. 1065. 2180. 2219.  935. 2190. 2247.  920. 2112. 2106. 1065.
 1916. 2226.  928. 1899. 2246.  920.]","[-1.6952e+01  3.8670e+00  6.2325e+01 -1.2210e-01 -6.1000e-02 -1.2210e-01
 -7.6700e-02 -3.1450e-01  9.4630e-01]",112
254,1,"[[ 0.13975169 -0.09705508  0.53294492]
 [-0.25134092 -0.31350356  0.31649644]
 [ 0.18846105 -0.30789056  0.32210944]
 [-0.18846105  0.30789056 -0.32210944]
 [-0.13975169  0.09705508 -0.53294492]
 [ 0.25134092  0.31350356 -0.31649644]]","[1956. 2111. 1060. 2170. 2248.  923. 2211. 2252.  919. 2139. 2111. 1060.
 1925. 2248.  923. 1884. 2252.  919.]","[1975. 2108. 1064. 2177. 2219.  935. 2193. 2248.  920. 2118. 2108. 1064.
 1919. 2226.  928. 1896. 2246.  920.]","[-1.6957e+01  3.8620e+00  6.2320e+01 -1.8310e-01 -6.1000e-02 -6.1000e-02
 -6.0500e-02 -3.0520e-01  9.4240e-01]",112
255,1,"[[ 0.14943209 -0.09990476  0.53009524]
 [-0.25543105 -0.31301939  0.31698061]
 [ 0.18334481 -0.30825662  0.32174338]
 [-0.18334481  0.30825662 -0.32174338]
 [-0.14943209  0.09990476 -0.53009524]
 [ 0.25543105  0.31301939 -0.31698061]]","[1950. 2113. 1058. 2167. 2248.  923. 2214. 2252.  919. 2145. 2113. 1058.
 1928. 2248.  923. 1881. 2252.  919.]","[1969. 2109. 1062. 2174. 2219.  935. 2196. 2247.  920. 2124. 2109. 1062.
 1922. 2227.  927. 1892. 2246.  920.]","[-1.6968e+01  3.8620e+00  6.2320e+01 -6.1000e-02 -6.1000e-02 -6.1000e-02
 -7.1300e-02 -3.0520e-01  9.6240e-01]",112
256,1,"[[ 0.15891495 -0.10300499  0.52699501]
 [-0.25937577 -0.31252103  0.31747897]
 [ 0.1781143  -0.30861919  0.32138081]
 [-0.1781143   0.30861919 -0.32138081]
 [-0.15891495  0.10300499 -0.52699501]
 [ 0.25937577  0.31252103 -0.31747897]]","[1944. 2115. 1056. 2164. 2249.  922. 2217. 2251.  920. 2151. 2115. 1056.
 1931. 2249.  922. 1878. 2251.  920.]","[1962. 2111. 1060. 2171. 2219.  935. 2198. 2247.  921. 2132. 2110. 1060.
 1926. 2226.  928. 1890. 2246.  920.]","[-16.974    3.856   62.314    0.       0.       0.      -0.0659  -0.2959
   0.9478]",112
257,1,"[[ 0.16818772 -0.10635947  0.52364053]
 [-0.2631709  -0.31200912  0.31799088]
 [ 0.17277084 -0.30897811  0.32102189]
 [-0.17277084  0.30897811 -0.32102189]
 [-0.16818772  0.10635947 -0.52364053]
 [ 0.2631709   0.31200912 -0.31799088]]","[1938. 2117. 1054. 2160. 2249.  922. 2219. 2251.  920. 2157. 2117. 1054.
 1935. 2249.  922. 1876. 2251.  920.]","[1956. 2113. 1058. 2168. 2220.  935. 2201. 2248.  921. 2138. 2113. 1059.
 1929. 2227.  927. 1886. 2246.  920.]","[-1.6974e+01  3.8560e+00  6.2320e+01 -6.1000e-02 -6.1000e-02  6.1000e-02
 -6.4000e-02 -2.9440e-01  9.5020e-01]",112
258,1,"[[ 0.17723815 -0.10997176  0.52002824]
 [-0.26681236 -0.31148435  0.31851565]
 [ 0.16731592 -0.30933326  0.32066674]
 [-0.16731592  0.30933326 -0.32066674]
 [-0.17723815  0.10997176 -0.52002824]
 [ 0.26681236  0.31148435 -0.31851565]]","[1932. 2119. 1052. 2157. 2249.  922. 2221. 2251.  920. 2163. 2119. 1052.
 1938. 2249.  922. 1874. 2251.  920.]","[1950. 2115. 1057. 2164. 2219.  935. 2204. 2247.  921. 2144. 2115. 1057.
 1932. 2227.  926. 1884. 2246.  921.]","[-1.6979e+01  3.8560e+00  6.2320e+01 -6.1000e-02 -1.2210e-01  1.2210e-01
 -6.3000e-02 -2.9200e-01  9.5700e-01]",112
259,1,"[[ 0.18605427 -0.11384525  0.51615475]
 [-0.27029614 -0.31094738  0.31905262]
 [ 0.16175113 -0.30968448  0.32031552]
 [-0.16175113  0.30968448 -0.32031552]
 [-0.18605427  0.11384525 -0.51615475]
 [ 0.27029614  0.31094738 -0.31905262]]","[1926. 2122. 1049. 2153. 2249.  922. 2224. 2250.  921. 2169. 2122. 1049.
 1942. 2249.  922. 1871. 2250.  921.]","[1943. 2117. 1054. 2161. 2219.  935. 2207. 2247.  922. 2150. 2117. 1055.
 1936. 2227.  926. 1882. 2246.  921.]","[-1.6979e+01  3.8510e+00  6.2325e+01 -6.1000e-02 -6.1000e-02  6.1000e-02
 -6.3500e-02 -2.8960e-01  9.5210e-01]",112
260,1,"[[ 0.19462444 -0.11798318  0.51201682]
 [-0.27361833 -0.3103989   0.3196011 ]
 [ 0.15607822 -0.31003164  0.31996836]
 [-0.15607822  0.31003164 -0.31996836]
 [-0.19462444  0.11798318 -0.51201682]
 [ 0.27361833  0.3103989  -0.3196011 ]]","[1921. 2124. 1047. 2149. 2250.  921. 2226. 2250.  921. 2174. 2124. 1047.
 1946. 2250.  921. 1869. 2250.  921.]","[1937. 2120. 1052. 2158. 2219.  935. 2210. 2247.  922. 2156. 2119. 1052.
 1938. 2227.  926. 1879. 2246.  922.]","[-1.6985e+01  3.8510e+00  6.2331e+01 -6.1000e-02 -6.1000e-02  0.0000e+00
 -6.3000e-02 -2.9390e-01  9.5360e-01]",112
261,1,"[[ 0.20293732 -0.12238862  0.50761138]
 [-0.27677511 -0.30983959  0.32016041]
 [ 0.15029907 -0.31037459  0.31962541]
 [-0.15029907  0.31037459 -0.31962541]
 [-0.20293732  0.12238862 -0.50761138]
 [ 0.27677511  0.30983959 -0.32016041]]","[1915. 2127. 1044. 2145. 2250.  921. 2228. 2249.  921. 2180. 2127. 1044.
 1950. 2250.  921. 1867. 2249.  921.]","[1931. 2122. 1050. 2154. 2219.  934. 2212. 2247.  923. 2163. 2122. 1050.
 1942. 2227.  926. 1877. 2246.  922.]","[-1.6985e+01  3.8450e+00  6.2331e+01 -6.1000e-02 -6.1000e-02  0.0000e+00
 -6.7900e-02 -2.9830e-01  9.5360e-01]",112
262,1,"[[ 0.21098192 -0.12706445  0.50293555]
 [-0.27976277 -0.30927015  0.32072985]
 [ 0.14441569 -0.3107132   0.3192868 ]
 [-0.14441569  0.3107132  -0.3192868 ]
 [-0.21098192  0.12706445 -0.50293555]
 [ 0.27976277  0.30927015 -0.32072985]]","[1910. 2130. 1041. 2142. 2250.  921. 2230. 2249.  922. 2185. 2130. 1041.
 1953. 2250.  921. 1865. 2249.  922.]","[1926. 2124. 1048. 2150. 2219.  934. 2214. 2246.  923. 2168. 2124. 1048.
 1945. 2228.  926. 1873. 2246.  923.]","[-1.6990e+01  3.8450e+00  6.2336e+01 -6.1000e-02 -1.2210e-01  1.2210e-01
 -6.2000e-02 -2.9930e-01  9.4240e-01]",112
263,1,"[[ 0.2187476  -0.13201335  0.49798665]
 [-0.28257771 -0.30869126  0.32130874]
 [ 0.13843024 -0.31104732  0.31895268]
 [-0.13843024  0.31104732 -0.31895268]
 [-0.2187476   0.13201335 -0.49798665]
 [ 0.28257771  0.30869126 -0.32130874]]","[1905. 2134. 1037. 2138. 2250.  921. 2232. 2249.  922. 2190. 2134. 1037.
 1957. 2250.  921. 1863. 2249.  922.]","[1920. 2127. 1045. 2147. 2219.  934. 2217. 2246.  923. 2173. 2127. 1045.
 1949. 2228.  926. 1871. 2246.  923.]","[-1.6990e+01  3.8400e+00  6.2342e+01 -1.2210e-01 -2.4410e-01  1.2210e-01
 -5.6600e-02 -2.9880e-01  9.4870e-01]",112
264,1,"[[ 0.2262241  -0.13723782  0.49276218]
 [-0.28521643 -0.30810363  0.32189637]
 [ 0.13234502 -0.31137681  0.31862319]
 [-0.13234502  0.31137681 -0.31862319]
 [-0.2262241   0.13723782 -0.49276218]
 [ 0.28521643  0.30810363 -0.32189637]]","[1900. 2137. 1034. 2134. 2250.  920. 2233. 2248.  923. 2195. 2137. 1034.
 1961. 2250.  920. 1862. 2248.  923.]","[1915. 2130. 1041. 2144. 2219.  934. 2219. 2245.  923. 2179. 2130. 1043.
 1953. 2228.  926. 1869. 2247.  923.]","[-17.007    3.818   62.353   -0.1831  -0.1831   0.      -0.0669  -0.3022
   0.9521]",112
265,1,"[[ 0.23340154 -0.14274016  0.48725984]
 [-0.28767555 -0.30750796  0.32249204]
 [ 0.12616244 -0.31170154  0.31829846]
 [-0.12616244  0.31170154 -0.31829846]
 [-0.23340154  0.14274016 -0.48725984]
 [ 0.28767555  0.30750796 -0.32249204]]","[1895. 2141. 1030. 2130. 2251.  920. 2235. 2248.  923. 2200. 2141. 1030.
 1965. 2251.  920. 1860. 2248.  923.]","[1910. 2133. 1039. 2140. 2219.  934. 2221. 2245.  924. 2184. 2133. 1039.
 1956. 2228.  925. 1866. 2246.  923.]","[-1.7012e+01  3.8120e+00  6.2353e+01 -1.2210e-01 -1.8310e-01  6.1000e-02
 -6.8400e-02 -3.0030e-01  9.5070e-01]",112
266,1,"[[ 0.24027043 -0.14852243  0.48147757]
 [-0.28995183 -0.30690494  0.32309506]
 [ 0.11988509 -0.31202136  0.31797864]
 [-0.11988509  0.31202136 -0.31797864]
 [-0.24027043  0.14852243 -0.48147757]
 [ 0.28995183  0.30690494 -0.32309506]]","[1891. 2144. 1027. 2126. 2251.  920. 2237. 2248.  923. 2204. 2144. 1027.
 1969. 2251.  920. 1858. 2248.  923.]","[1905. 2136. 1036. 2136. 2219.  933. 2223. 2245.  924. 2190. 2136. 1036.
 1960. 2228.  925. 1864. 2246.  924.]","[-1.7018e+01  3.8070e+00  6.2364e+01 -6.1000e-02 -1.8310e-01  1.8310e-01
 -5.4200e-02 -3.0130e-01  9.4820e-01]",112
267,1,"[[ 0.24682169 -0.15458649  0.47541351]
 [-0.29204214 -0.30629529  0.32370471]
 [ 0.11351565 -0.31233614  0.31766386]
 [-0.11351565  0.31233614 -0.31766386]
 [-0.24682169  0.15458649 -0.47541351]
 [ 0.29204214  0.30629529 -0.32370471]]","[1887. 2148. 1023. 2122. 2251.  920. 2238. 2247.  924. 2208. 2148. 1023.
 1973. 2251.  920. 1857. 2247.  924.]","[1900. 2140. 1032. 2133. 2219.  933. 2225. 2244.  925. 2194. 2139. 1032.
 1964. 2228.  925. 1862. 2246.  924.]","[-1.7023e+01  3.7960e+00  6.2369e+01  0.0000e+00 -1.8310e-01  6.1000e-02
 -5.8100e-02 -3.0370e-01  9.6140e-01]",112
268,1,"[[ 0.25304665 -0.16093397  0.46906603]
 [-0.29394348 -0.3056797   0.3243203 ]
 [ 0.10705697 -0.31264573  0.31735427]
 [-0.10705697  0.31264573 -0.31735427]
 [-0.25304665  0.16093397 -0.46906603]
 [ 0.29394348  0.3056797  -0.3243203 ]]","[1883. 2152. 1019. 2117. 2251.  920. 2239. 2247.  924. 2212. 2152. 1019.
 1978. 2251.  920. 1856. 2247.  924.]","[1895. 2143. 1029. 2129. 2219.  933. 2227. 2245.  925. 2198. 2143. 1029.
 1967. 2228.  925. 1860. 2246.  925.]","[-1.7023e+01  3.7900e+00  6.2375e+01  1.2210e-01 -6.1000e-02  6.1000e-02
 -6.6400e-02 -2.9980e-01  9.4870e-01]",112
269,1,"[[ 0.25893709 -0.16756626  0.46243374]
 [-0.29565299 -0.30505887  0.32494113]
 [ 0.10051201 -0.31295001  0.31704999]
 [-0.10051201  0.31295001 -0.31704999]
 [-0.25893709  0.16756626 -0.46243374]
 [ 0.29565299  0.30505887 -0.32494113]]","[1879. 2157. 1014. 2113. 2252.  919. 2240. 2246.  925. 2216. 2157. 1014.
 1982. 2252.  919. 1855. 2246.  925.]","[1891. 2147. 1025. 2125. 2219.  932. 2229. 2244.  925. 2203. 2147. 1025.
 1972. 2228.  925. 1858. 2246.  925.]","[-1.7018e+01  3.7850e+00  6.2375e+01  6.1000e-02 -6.1000e-02  6.1000e-02
 -7.0800e-02 -3.0130e-01  9.4290e-01]",112
270,1,"[[ 0.26448523 -0.17448451  0.45551549]
 [-0.29716796 -0.30443351  0.32556649]
 [ 0.09388389 -0.31324884  0.31675116]
 [-0.09388389  0.31324884 -0.31675116]
 [-0.26448523  0.17448451 -0.45551549]
 [ 0.29716796  0.30443351 -0.32556649]]","[1875. 2161. 1010. 2109. 2252.  919. 2241. 2246.  925. 2220. 2161. 1010.
 1986. 2252.  919. 1854. 2246.  925.]","[1885. 2152. 1020. 2121. 2219.  932. 2231. 2244.  926. 2209. 2152. 1021.
 1976. 2228.  924. 1856. 2246.  925.]","[-1.7018e+01  3.7850e+00  6.2380e+01  0.0000e+00 -6.1000e-02  1.2210e-01
 -6.6900e-02 -3.0080e-01  9.5360e-01]",112
271,1,"[[ 0.26968371 -0.18168961  0.44831039]
 [-0.29848582 -0.30380432  0.32619568]
 [ 0.08717584 -0.31354207  0.31645793]
 [-0.08717584  0.31354207 -0.31645793]
 [-0.26968371  0.18168961 -0.44831039]
 [ 0.29848582  0.30380432 -0.32619568]]","[1872. 2166. 1005. 2104. 2252.  919. 2242. 2246.  925. 2223. 2166. 1005.
 1991. 2252.  919. 1853. 2246.  925.]","[1882. 2155. 1017. 2118. 2219.  932. 2232. 2244.  926. 2211. 2154. 1018.
 1979. 2228.  924. 1855. 2245.  925.]","[-1.7018e+01  3.7850e+00  6.2391e+01  0.0000e+00  0.0000e+00  3.0520e-01
 -6.0500e-02 -2.9930e-01  9.5360e-01]",112
272,1,"[[ 0.27452569 -0.18918223  0.44081777]
 [-0.29960414 -0.303172    0.326828  ]
 [ 0.08039122 -0.31382958  0.31617042]
 [-0.08039122  0.31382958 -0.31617042]
 [-0.27452569  0.18918223 -0.44081777]
 [ 0.29960414  0.303172   -0.326828  ]]","[1869. 2171. 1000. 2100. 2252.  919. 2243. 2245.  926. 2226. 2171. 1000.
 1995. 2252.  919. 1852. 2245.  926.]","[1878. 2159. 1013. 2115. 2219.  932. 2234. 2243.  926. 2215. 2159. 1013.
 1983. 2228.  924. 1854. 2245.  926.]","[-1.7018e+01  3.7850e+00  6.2402e+01  0.0000e+00 -1.2210e-01  1.8310e-01
 -5.0800e-02 -2.9590e-01  9.4190e-01]",112
273,1,"[[ 0.27900474 -0.19696274  0.43303726]
 [-0.30052067 -0.30253724  0.32746276]
 [ 0.07353352 -0.31411124  0.31588876]
 [-0.07353352  0.31411124 -0.31588876]
 [-0.27900474  0.19696274 -0.43303726]
 [ 0.30052067  0.30253724 -0.32746276]]","[1866. 2176.  995. 2095. 2252.  919. 2243. 2245.  926. 2229. 2176.  995.
 2000. 2252.  919. 1852. 2245.  926.]","[1875. 2164. 1008. 2110. 2219.  932. 2236. 2243.  926. 2219. 2164. 1009.
 1988. 2228.  924. 1852. 2245.  927.]","[-17.023    3.779   62.413    0.      -0.1831   0.1221  -0.0674  -0.3018
   0.9561]",112
274,1,"[[ 0.28311496 -0.20503126  0.42496874]
 [-0.30123331 -0.30190074  0.32809926]
 [ 0.06660636 -0.31438691  0.31561309]
 [-0.06660636  0.31438691 -0.31561309]
 [-0.28311496  0.20503126 -0.42496874]
 [ 0.30123331  0.30190074 -0.32809926]]","[1863. 2181.  990. 2091. 2252.  919. 2244. 2244.  927. 2232. 2181.  990.
 2004. 2252.  919. 1851. 2244.  927.]","[1872. 2168. 1004. 2105. 2219.  932. 2236. 2242.  927. 2222. 2168. 1004.
 1992. 2228.  924. 1852. 2245.  927.]","[-1.7023e+01  3.7740e+00  6.2424e+01  6.1000e-02 -2.4410e-01  3.0520e-01
 -6.7900e-02 -2.9440e-01  9.6000e-01]",112
275,1,"[[ 0.28685091 -0.21338765  0.41661235]
 [-0.30174044 -0.30126319  0.32873681]
 [ 0.05961348 -0.31465645  0.31534355]
 [-0.05961348  0.31465645 -0.31534355]
 [-0.28685091  0.21338765 -0.41661235]
 [ 0.30174044  0.30126319 -0.32873681]]","[1861. 2187.  984. 2086. 2253.  918. 2244. 2244.  927. 2234. 2187.  984.
 2009. 2253.  918. 1851. 2244.  927.]","[1869. 2173. 1003. 2101. 2219.  932. 2238. 2242.  927. 2225. 2173.  999.
 1996. 2228.  925. 1851. 2244.  927.]","[-17.018    3.768   62.441    0.1221  -0.1221   0.4883  -0.063   -0.29
   0.9434]",112
276,1,"[[ 0.29020764 -0.22203147  0.40796853]
 [-0.30204238 -0.30062527  0.32937473]
 [ 0.05255875 -0.31491975  0.31508025]
 [-0.05255875  0.31491975 -0.31508025]
 [-0.29020764  0.22203147 -0.40796853]
 [ 0.30204238  0.30062527 -0.32937473]]","[1858. 2192.  979. 2082. 2253.  918. 2244. 2243.  927. 2237. 2192.  979.
 2013. 2253.  918. 1851. 2243.  927.]","[1866. 2175.  999. 2097. 2219.  932. 2239. 2241.  928. 2228. 2178.  994.
 2001. 2228.  925. 1850. 2244.  929.]","[-1.7012e+01  3.7680e+00  6.2463e+01  0.0000e+00 -2.4410e-01  4.8830e-01
 -6.0500e-02 -2.9200e-01  9.5750e-01]",112
277,1,"[[ 0.29318073 -0.23096202  0.39903798]
 [-0.30212923 -0.29998761  0.33001239]
 [ 0.04544615 -0.31517666  0.31482334]
 [-0.04544615  0.31517666 -0.31482334]
 [-0.29318073  0.23096202 -0.39903798]
 [ 0.30212923  0.29998761 -0.33001239]]","[1856. 2198.  973. 2077. 2253.  918. 2244. 2243.  928. 2239. 2198.  973.
 2018. 2253.  918. 1851. 2243.  928.]","[1863. 2179.  993. 2092. 2219.  931. 2240. 2241.  928. 2231. 2183.  989.
 2004. 2229.  924. 1850. 2244.  929.]","[-1.7007e+01  3.7740e+00  6.2485e+01  6.1000e-02 -6.1000e-02  6.7140e-01
 -8.0600e-02 -2.9980e-01  9.5900e-01]",112
278,1,"[[ 0.29576624 -0.2401783   0.3898217 ]
 [-0.3018308  -0.29935035  0.33064965]
 [ 0.03827978 -0.31542707  0.31457293]
 [-0.03827978  0.31542707 -0.31457293]
 [-0.29576624  0.2401783  -0.3898217 ]
 [ 0.3018308   0.29935035 -0.33064965]]","[1855. 2204.  967. 2072. 2253.  918. 2244. 2243.  928. 2240. 2204.  967.
 2023. 2253.  918. 1851. 2243.  928.]","[1861. 2183.  987. 2087. 2219.  932. 2241. 2240.  929. 2234. 2189.  983.
 2007. 2228.  925. 1849. 2243.  929.]","[-1.7001e+01  3.7790e+00  6.2518e+01  6.1000e-02  0.0000e+00  7.9350e-01
 -5.2200e-02 -3.0660e-01  9.4190e-01]",112
279,1,"[[ 0.29796075 -0.24967903  0.38032097]
 [-0.30100426 -0.29871274  0.33128726]
 [ 0.03106383 -0.31567085  0.31432915]
 [-0.03106383  0.31567085 -0.31432915]
 [-0.29796075  0.24967903 -0.38032097]
 [ 0.30100426  0.29871274 -0.33128726]]","[1853. 2210.  961. 2068. 2253.  918. 2244. 2242.  929. 2242. 2210.  961.
 2027. 2253.  918. 1851. 2242.  929.]","[1859. 2188.  983. 2083. 2218.  932. 2242. 2241.  928. 2236. 2194.  982.
 2011. 2228.  925. 1849. 2243.  930.]","[-1.7001e+01  3.7850e+00  6.2540e+01  6.1000e-02  0.0000e+00  5.4930e-01
 -7.7100e-02 -3.1200e-01  9.9070e-01]",112
280,1,"[[ 0.29976136 -0.25946262  0.37053738]
 [-0.2996465  -0.29807517  0.33192483]
 [ 0.02380264 -0.31590786  0.31409214]
 [-0.02380264  0.31590786 -0.31409214]
 [-0.29976136  0.25946262 -0.37053738]
 [ 0.2996465   0.29807517 -0.33192483]]","[1852. 2217.  954. 2063. 2253.  918. 2243. 2242.  929. 2243. 2217.  954.
 2032. 2253.  918. 1852. 2242.  929.]","[1858. 2192.  978. 2078. 2219.  932. 2242. 2241.  929. 2238. 2197.  977.
 2014. 2228.  925. 1849. 2242.  930.]","[-1.6974e+01  3.8400e+00  6.2567e+01  8.5450e-01  1.4038e+00  1.0986e+00
 -5.9600e-02 -3.2760e-01  9.5020e-01]",112
281,1,"[[ 0.30116569 -0.26952722  0.36047278]
 [-0.29775868 -0.29743834  0.33256166]
 [ 0.01650064 -0.316138    0.313862  ]
 [-0.01650064  0.316138   -0.313862  ]
 [-0.30116569  0.26952722 -0.36047278]
 [ 0.29775868  0.29743834 -0.33256166]]","[1851. 2223.  948. 2058. 2254.  917. 2242. 2241.  930. 2244. 2223.  948.
 2037. 2254.  917. 1853. 2241.  930.]","[1857. 2196.  973. 2074. 2219.  932. 2242. 2241.  929. 2239. 2200.  971.
 2020. 2228.  924. 1849. 2242.  930.]","[-1.6952e+01  3.8780e+00  6.2578e+01  6.7140e-01  7.3240e-01  3.0520e-01
 -3.2700e-02 -3.2080e-01  9.2290e-01]",112
282,1,"[[ 0.30217184 -0.27987063  0.35012937]
 [-0.29534415 -0.29680299  0.33319701]
 [ 0.00916234 -0.31636112  0.31363888]
 [-0.00916234  0.31636112 -0.31363888]
 [-0.30217184  0.27987063 -0.35012937]
 [ 0.29534415  0.29680299 -0.33319701]]","[1851. 2230.  941. 2053. 2254.  917. 2240. 2241.  930. 2244. 2230.  941.
 2042. 2254.  917. 1855. 2241.  930.]","[1856. 2200.  968. 2070. 2219.  932. 2242. 2241.  929. 2241. 2206.  965.
 2024. 2228.  924. 1849. 2241.  931.]","[-1.6924e+01  3.9060e+00  6.2573e+01  9.1550e-01  8.5450e-01  6.1000e-02
 -7.2800e-02 -3.3150e-01  9.8680e-01]",112
283,1,"[[ 0.30277748 -0.28694951  0.34305049]
 [-0.29240797 -0.29616984  0.33383016]
 [ 0.00179244 -0.31657713  0.31342287]
 [-0.00179244  0.31657713 -0.31342287]
 [-0.30277748  0.28694951 -0.34305049]
 [ 0.29240797  0.29616984 -0.33383016]]","[1850. 2235.  936. 2049. 2254.  917. 2238. 2241.  930. 2245. 2235.  936.
 2046. 2254.  917. 1857. 2241.  930.]","[1855. 2204.  963. 2065. 2220.  932. 2242. 2241.  929. 2242. 2212.  959.
 2029. 2229.  924. 1850. 2240.  931.]","[-1.6891e+01  3.9390e+00  6.2567e+01  1.1597e+00  8.5450e-01  2.4410e-01
 -4.3500e-02 -3.0960e-01  9.5650e-01]",112
284,1,"[[ 0.3029836  -0.2872763   0.3427237 ]
 [-0.28895781 -0.29553964  0.33446036]
 [-0.00560261 -0.31678589  0.31321411]
 [ 0.00560261  0.31678589 -0.31321411]
 [-0.3029836   0.2872763  -0.3427237 ]
 [ 0.28895781  0.29553964 -0.33446036]]","[1850. 2235.  936. 2044. 2254.  917. 2236. 2240.  931. 2245. 2235.  936.
 2051. 2254.  917. 1859. 2240.  931.]","[1854. 2209.  959. 2062. 2220.  931. 2242. 2243.  929. 2243. 2216.  954.
 2034. 2229.  923. 1850. 2240.  931.]","[-1.6848e+01  3.9770e+00  6.2556e+01  1.5869e+00  1.1597e+00  0.0000e+00
 -4.4900e-02 -2.9540e-01  9.6290e-01]",112
285,1,"[[ 0.30291279 -0.28761084  0.34238916]
 [-0.28501112 -0.29491311  0.33508689]
 [-0.01300511 -0.31698729  0.31301271]
 [ 0.01300511  0.31698729 -0.31301271]
 [-0.30291279  0.28761084 -0.34238916]
 [ 0.28501112  0.29491311 -0.33508689]]","[1850. 2235.  936. 2039. 2254.  917. 2233. 2240.  931. 2245. 2235.  936.
 2056. 2254.  917. 1862. 2240.  931.]","[1854. 2212.  956. 2057. 2222.  932. 2241. 2243.  930. 2243. 2219.  951.
 2038. 2229.  923. 1851. 2239.  931.]","[-1.6787e+01  4.0160e+00  6.2540e+01  1.7090e+00  1.3428e+00 -6.1000e-02
 -7.2300e-02 -2.8080e-01  9.6830e-01]",112
286,1,"[[ 0.3027053  -0.2879518   0.3420482 ]
 [-0.2805847  -0.29429102  0.33570898]
 [-0.02039565 -0.31718122  0.31281878]
 [ 0.02039565  0.31718122 -0.31281878]
 [-0.3027053   0.2879518  -0.3420482 ]
 [ 0.2805847   0.29429102 -0.33570898]]","[1850. 2235.  936. 2034. 2254.  917. 2230. 2239.  932. 2245. 2235.  936.
 2061. 2254.  917. 1865. 2239.  932.]","[1854. 2213.  953. 2054. 2224.  931. 2239. 2242.  930. 2244. 2220.  950.
 2043. 2229.  923. 1853. 2238.  931.]","[-1.6727e+01  4.0590e+00  6.2512e+01  1.6479e+00  1.3428e+00 -3.6620e-01
 -4.6400e-02 -2.6710e-01  9.4580e-01]",112
287,1,"[[ 0.30237406 -0.28829865  0.34170135]
 [-0.27568721 -0.29367412  0.33632588]
 [-0.02776609 -0.31736755  0.31263245]
 [ 0.02776609  0.31736755 -0.31263245]
 [-0.30237406  0.28829865 -0.34170135]
 [ 0.27568721  0.29367412 -0.33632588]]","[1850. 2235.  936. 2029. 2254.  917. 2227. 2239.  932. 2245. 2235.  936.
 2066. 2254.  917. 1868. 2239.  932.]","[1854. 2214.  951. 2049. 2226.  932. 2236. 2242.  930. 2243. 2221.  949.
 2048. 2229.  924. 1855. 2238.  931.]","[-16.672    4.076   62.468    1.5259   0.7324  -0.8545  -0.0752  -0.2676
   0.9536]",112
288,1,"[[ 0.30191718 -0.28865125  0.34134875]
 [-0.2703286  -0.29306317  0.33693683]
 [-0.03511161 -0.31754617  0.31245383]
 [ 0.03511161  0.31754617 -0.31245383]
 [-0.30191718  0.28865125 -0.34134875]
 [ 0.2703286   0.29306317 -0.33693683]]","[1851. 2236.  935. 2025. 2255.  916. 2224. 2239.  932. 2244. 2236.  935.
 2070. 2255.  916. 1871. 2239.  932.]","[1854. 2216.  950. 2046. 2227.  931. 2234. 2241.  931. 2243. 2222.  948.
 2052. 2229.  923. 1857. 2237.  931.]","[-1.6622e+01  4.0760e+00  6.2435e+01  1.1597e+00  3.0520e-01 -7.9350e-01
 -6.0100e-02 -2.7200e-01  9.2870e-01]",112
289,1,"[[ 0.30133417 -0.28900941  0.34099059]
 [-0.26452127 -0.29245893  0.33754107]
 [-0.04242786 -0.31771697  0.31228303]
 [ 0.04242786  0.31771697 -0.31228303]
 [-0.30133417  0.28900941 -0.34099059]
 [ 0.26452127  0.29245893 -0.33754107]]","[1851. 2236.  935. 2020. 2255.  916. 2220. 2238.  933. 2244. 2236.  935.
 2075. 2255.  916. 1875. 2238.  933.]","[1854. 2216.  950. 2041. 2227.  931. 2231. 2241.  930. 2243. 2223.  948.
 2057. 2229.  924. 1860. 2237.  931.]","[-16.584    4.076   62.413    0.9155   0.2441  -0.4272  -0.0942  -0.2837
   0.9395]",112
290,1,"[[ 0.30062514 -0.28937294  0.34062706]
 [-0.25827925 -0.29186215  0.33813785]
 [-0.04971056 -0.31787983  0.31212017]
 [ 0.04971056  0.31787983 -0.31212017]
 [-0.30062514  0.28937294 -0.34062706]
 [ 0.25827925  0.29186215 -0.33813785]]","[1852. 2236.  935. 2015. 2255.  916. 2216. 2238.  933. 2243. 2236.  935.
 2080. 2255.  916. 1879. 2238.  933.]","[1854. 2216.  948. 2037. 2228.  931. 2227. 2241.  930. 2243. 2224.  947.
 2061. 2229.  923. 1863. 2237.  932.]","[-16.556    4.081   62.397    0.6104   0.2441  -0.1831  -0.1099  -0.2891
   0.9404]",112
291,1,"[[ 0.29979035 -0.28974164  0.34025836]
 [-0.25161759 -0.29127358  0.33872642]
 [-0.05695553 -0.31803466  0.31196534]
 [ 0.05695553  0.31803466 -0.31196534]
 [-0.29979035  0.28974164 -0.34025836]
 [ 0.25161759  0.29127358 -0.33872642]]","[1852. 2236.  935. 2010. 2255.  916. 2212. 2237.  934. 2243. 2236.  935.
 2085. 2255.  916. 1883. 2237.  934.]","[1854. 2217.  948. 2032. 2228.  931. 2224. 2240.  930. 2243. 2226.  945.
 2065. 2229.  924. 1866. 2237.  932.]","[-1.6540e+01  4.0920e+00  6.2391e+01  3.0520e-01  6.1000e-02 -6.1000e-02
 -8.2500e-02 -2.9200e-01  9.4430e-01]",112
292,1,"[[ 0.29883016 -0.29011532  0.33988468]
 [-0.24455207 -0.29069399  0.33930601]
 [-0.06415863 -0.31818134  0.31181866]
 [ 0.06415863  0.31818134 -0.31181866]
 [-0.29883016  0.29011532 -0.33988468]
 [ 0.24455207  0.29069399 -0.33930601]]","[1853. 2237.  934. 2006. 2255.  916. 2207. 2237.  934. 2242. 2237.  934.
 2089. 2255.  916. 1888. 2237.  934.]","[1855. 2217.  947. 2027. 2228.  931. 2219. 2240.  931. 2243. 2228.  943.
 2070. 2229.  924. 1869. 2236.  933.]","[-16.523    4.098   62.386    0.3662   0.1831  -0.1221  -0.0684  -0.2983
   0.9434]",112
293,1,"[[ 0.29774497 -0.29049377  0.33950623]
 [-0.23709907 -0.29012409  0.33987591]
 [-0.07131576 -0.31831979  0.31168021]
 [ 0.07131576  0.31831979 -0.31168021]
 [-0.29774497  0.29049377 -0.33950623]
 [ 0.23709907  0.29012409 -0.33987591]]","[1853. 2237.  934. 2001. 2255.  916. 2202. 2237.  934. 2242. 2237.  934.
 2094. 2255.  916. 1893. 2237.  934.]","[1855. 2217.  945. 2022. 2228.  932. 2215. 2239.  932. 2242. 2229.  942.
 2075. 2229.  923. 1873. 2235.  934.]","[-1.6523e+01  4.1200e+00  6.2380e+01  6.1000e-02  4.2720e-01  0.0000e+00
 -9.3300e-02 -2.8710e-01  9.3600e-01]",112
294,1,"[[ 0.29653522 -0.29087679  0.33912321]
 [-0.22927543 -0.28956463  0.34043537]
 [-0.0784229  -0.3184499   0.3115501 ]
 [ 0.0784229   0.3184499  -0.3115501 ]
 [-0.29653522  0.29087679 -0.33912321]
 [ 0.22927543  0.28956463 -0.34043537]]","[1854. 2237.  934. 1996. 2255.  916. 2197. 2236.  935. 2241. 2237.  934.
 2099. 2255.  916. 1898. 2236.  935.]","[1856. 2217.  945. 2020. 2227.  931. 2212. 2239.  933. 2242. 2229.  941.
 2077. 2229.  924. 1877. 2235.  934.]","[-16.518    4.125   62.38     0.1831   0.       0.      -0.0757  -0.2925
   0.978 ]",112
295,1,"[[ 0.29520143 -0.29126417  0.33873583]
 [-0.22109844 -0.28901634  0.34098366]
 [-0.08547605 -0.3185716   0.3114284 ]
 [ 0.08547605  0.3185716  -0.3114284 ]
 [-0.29520143  0.29126417 -0.33873583]
 [ 0.22109844  0.28901634 -0.34098366]]","[1855. 2237.  934. 1992. 2255.  916. 2192. 2236.  935. 2240. 2237.  934.
 2103. 2255.  916. 1903. 2236.  935.]","[1856. 2217.  944. 2016. 2228.  931. 2207. 2238.  933. 2242. 2230.  941.
 2082. 2229.  924. 1882. 2235.  934.]","[-1.6507e+01  4.1310e+00  6.2397e+01  2.4410e-01  6.1000e-02  4.2720e-01
 -1.0700e-02 -2.8370e-01  9.4140e-01]",112
296,1,"[[ 0.29374416 -0.29165572  0.33834428]
 [-0.21258571 -0.28847993  0.34152007]
 [-0.09247129 -0.31868478  0.31131522]
 [ 0.09247129  0.31868478 -0.31131522]
 [-0.29374416  0.29165572 -0.33834428]
 [ 0.21258571  0.28847993 -0.34152007]]","[1856. 2238.  933. 1987. 2255.  916. 2186. 2236.  935. 2239. 2238.  933.
 2108. 2255.  916. 1909. 2236.  935.]","[1857. 2218.  943. 2012. 2228.  931. 2203. 2239.  933. 2242. 2230.  940.
 2087. 2229.  924. 1886. 2234.  934.]","[-1.6496e+01  4.1250e+00  6.2391e+01  2.4410e-01  0.0000e+00 -6.1000e-02
 -7.6200e-02 -2.8660e-01  9.8730e-01]",112
297,1,"[[ 0.292164   -0.29205122  0.33794878]
 [-0.20375517 -0.28795609  0.34204391]
 [-0.09940475 -0.31878938  0.31121062]
 [ 0.09940475  0.31878938 -0.31121062]
 [-0.292164    0.29205122 -0.33794878]
 [ 0.20375517  0.28795609 -0.34204391]]","[1857. 2238.  933. 1983. 2255.  916. 2180. 2235.  936. 2238. 2238.  933.
 2112. 2255.  916. 1915. 2235.  936.]","[1858. 2219.  943. 2007. 2228.  931. 2197. 2238.  934. 2240. 2230.  940.
 2091. 2229.  924. 1892. 2234.  934.]","[-1.6479e+01  4.1200e+00  6.2375e+01  4.8830e-01  1.2210e-01 -4.2720e-01
 -4.7400e-02 -2.7340e-01  9.4820e-01]",112
298,1,"[[ 0.29046163 -0.29245047  0.33754953]
 [-0.19462501 -0.28744553  0.34255447]
 [-0.10627263 -0.31888532  0.31111468]
 [ 0.10627263  0.31888532 -0.31111468]
 [-0.29046163  0.29245047 -0.33754953]
 [ 0.19462501  0.28744553 -0.34255447]]","[1858. 2238.  933. 1978. 2255.  916. 2174. 2235.  936. 2237. 2238.  933.
 2117. 2255.  916. 1921. 2235.  936.]","[1859. 2219.  942. 2003. 2228.  931. 2191. 2238.  935. 2239. 2230.  939.
 2095. 2229.  923. 1898. 2234.  935.]","[-16.458    4.125   62.336    0.4883   0.3052  -0.8545  -0.0996  -0.2744
   0.9648]",112
299,2,"[[ 0.28863776 -0.29285325  0.33714675]
 [-0.18521362 -0.28694893  0.34305107]
 [-0.11307116 -0.31897253  0.31102747]
 [ 0.11307116  0.31897253 -0.31102747]
 [-0.28863776  0.29285325 -0.33714675]
 [ 0.18521362  0.28694893 -0.34305107]]","[1859. 2238.  933. 1974. 2255.  916. 2168. 2235.  936. 2236. 2238.  933.
 2121. 2255.  916. 1927. 2235.  936.]","[1860. 2220.  942. 1999. 2227.  931. 2185. 2237.  935. 2238. 2231.  939.
 2100. 2229.  924. 1903. 2233.  935.]","[-16.441    4.136   62.309    0.3662   0.4272  -0.6104  -0.1025  -0.2627
   0.9512]",112
300,2,"[[ 0.28669314 -0.29325937  0.33674063]
 [-0.17553956 -0.27440471  0.35559529]
 [-0.11979665 -0.31905093  0.31094907]
 [ 0.11979665  0.31905093 -0.31094907]
 [-0.28669314  0.29325937 -0.33674063]
 [ 0.17553956  0.27440471 -0.35559529]]","[1861. 2239.  932. 1969. 2255.  915. 2162. 2226.  945. 2234. 2239.  932.
 2126. 2255.  915. 1933. 2226.  945.]","[1861. 2221.  941. 1995. 2228.  931. 2180. 2237.  935. 2236. 2231.  939.
 2105. 2229.  924. 1910. 2233.  935.]","[-1.6425e+01  4.1530e+00  6.2298e+01  1.8310e-01  3.0520e-01 -1.2210e-01
 -5.9600e-02 -2.8030e-01  9.4630e-01]",112
301,2,"[[ 0.2846286  -0.2936686   0.3363314 ]
 [-0.16562152 -0.25884727  0.37115273]
 [-0.12644548 -0.31912047  0.31087953]
 [ 0.12644548  0.31912047 -0.31087953]
 [-0.2846286   0.2936686  -0.3363314 ]
 [ 0.16562152  0.25884727 -0.37115273]]","[1862. 2239.  932. 1965. 2256.  915. 2155. 2216.  955. 2233. 2239.  932.
 2130. 2256.  915. 1940. 2216.  955.]","[1862. 2221.  941. 1990. 2228.  931. 2174. 2235.  937. 2235. 2231.  938.
 2109. 2229.  924. 1915. 2231.  938.]","[-16.414    4.164   62.298    0.1831   0.2441   0.      -0.063   -0.292
   0.9561]",112
302,2,"[[ 0.28244499 -0.29408073  0.33591927]
 [-0.15547823 -0.2438197   0.3861803 ]
 [-0.13301409 -0.31918109  0.31081891]
 [ 0.13301409  0.31918109 -0.31081891]
 [-0.28244499  0.29408073 -0.33591927]
 [ 0.15547823  0.2438197  -0.3861803 ]]","[1863. 2239.  932. 1961. 2256.  915. 2149. 2206.  965. 2232. 2239.  932.
 2134. 2256.  915. 1946. 2206.  965.]","[1863. 2222.  940. 1986. 2228.  931. 2168. 2230.  942. 2234. 2230.  937.
 2115. 2229.  923. 1922. 2226.  942.]","[-1.6403e+01  4.1640e+00  6.2281e+01  2.4410e-01  1.8310e-01 -3.0520e-01
 -6.1000e-02 -2.8910e-01  9.5610e-01]",112
303,2,"[[ 0.28014323 -0.29449556  0.33550444]
 [-0.1451285  -0.22934241  0.40065759]
 [-0.13949897 -0.31923274  0.31076726]
 [ 0.13949897  0.31923274 -0.31076726]
 [-0.28014323  0.29449556 -0.33550444]
 [ 0.1451285   0.22934241 -0.40065759]]","[1865. 2239.  931. 1957. 2256.  915. 2142. 2197.  974. 2230. 2239.  931.
 2138. 2256.  915. 1953. 2197.  974.]","[1864. 2223.  940. 1982. 2229.  931. 2162. 2222.  949. 2232. 2230.  937.
 2119. 2229.  924. 1928. 2222.  948.]","[-16.392    4.169   62.249    0.3662   0.3052  -0.7935  -0.0674  -0.2979
   0.9697]",112
304,2,"[[ 0.27772429 -0.29491287  0.33508713]
 [-0.13459112 -0.2154352   0.4145648 ]
 [-0.14589669 -0.31927536  0.31072464]
 [ 0.14589669  0.31927536 -0.31072464]
 [-0.27772429  0.29491287 -0.33508713]
 [ 0.13459112  0.2154352  -0.4145648 ]]","[1866. 2240.  931. 1952. 2256.  915. 2135. 2188.  983. 2229. 2240.  931.
 2143. 2256.  915. 1960. 2188.  983.]","[1865. 2224.  939. 1978. 2229.  931. 2155. 2215.  957. 2231. 2230.  935.
 2124. 2229.  923. 1935. 2215.  955.]","[-16.348    4.18    62.205    1.0376   0.6104  -0.8545  -0.0869  -0.291
   0.9468]",112
305,2,"[[ 0.27518917 -0.29533245  0.33466755]
 [-0.12388484 -0.20211717  0.42788283]
 [-0.15220389 -0.31930892  0.31069108]
 [ 0.15220389  0.31930892 -0.31069108]
 [-0.27518917  0.29533245 -0.33466755]
 [ 0.12388484  0.20211717 -0.42788283]]","[1868. 2240.  931. 1948. 2256.  915. 2128. 2179.  992. 2227. 2240.  931.
 2147. 2256.  915. 1967. 2179.  992.]","[1867. 2224.  938. 1973. 2229.  931. 2149. 2207.  965. 2229. 2230.  935.
 2128. 2229.  923. 1944. 2207.  964.]","[-16.309    4.197   62.199    1.0376   0.4272  -0.1221  -0.0762  -0.2749
   0.9468]",112
306,2,"[[ 0.27253893 -0.29575408  0.33424592]
 [-0.11302832 -0.18940673  0.44059327]
 [-0.15841727 -0.31933339  0.31066661]
 [ 0.15841727  0.31933339 -0.31066661]
 [-0.27253893  0.29575408 -0.33424592]
 [ 0.11302832  0.18940673 -0.44059327]]","[1870. 2240.  931. 1944. 2256.  915. 2121. 2171. 1000. 2225. 2240.  931.
 2151. 2256.  915. 1974. 2171. 1000.]","[1868. 2225.  937. 1970. 2229.  931. 2142. 2198.  974. 2227. 2230.  935.
 2133. 2229.  924. 1952. 2199.  974.]","[-1.6271e+01  4.2130e+00  6.2199e+01  9.1550e-01  3.0520e-01  1.8310e-01
 -5.6600e-02 -2.9050e-01  9.6440e-01]",112
307,2,"[[ 0.26977469 -0.29617755  0.33382245]
 [-0.10204014 -0.17732154  0.45267846]
 [-0.16453362 -0.3193488   0.3106512 ]
 [ 0.16453362  0.3193488  -0.3106512 ]
 [-0.26977469  0.29617755 -0.33382245]
 [ 0.10204014  0.17732154 -0.45267846]]","[1872. 2241.  930. 1940. 2256.  915. 2114. 2163. 1008. 2223. 2241.  930.
 2155. 2256.  915. 1981. 2163. 1008.]","[1869. 2227.  938. 1965. 2229.  931. 2135. 2190.  982. 2226. 2230.  933.
 2138. 2229.  924. 1961. 2191.  982.]","[-1.6221e+01  4.2240e+00  6.2205e+01  1.2207e+00  3.0520e-01  2.4410e-01
 -5.9100e-02 -2.8120e-01  9.6190e-01]",112
308,2,"[[ 0.26689759 -0.29660265  0.33339735]
 [-0.09093873 -0.16587847  0.46412153]
 [-0.17054977 -0.31935538  0.31064462]
 [ 0.17054977  0.31935538 -0.31064462]
 [-0.26689759  0.29660265 -0.33339735]
 [ 0.09093873  0.16587847 -0.46412153]]","[1874. 2241.  930. 1936. 2256.  915. 2107. 2156. 1015. 2221. 2241.  930.
 2159. 2256.  915. 1988. 2156. 1015.]","[1871. 2228.  937. 1962. 2229.  931. 2128. 2181.  991. 2223. 2230.  933.
 2142. 2228.  924. 1969. 2183.  991.]","[-16.172    4.241   62.199    1.2817   0.4883   0.      -0.0688  -0.293
   0.9546]",112
309,2,"[[ 0.26390885 -0.29702916  0.33297084]
 [-0.07974232 -0.15509361  0.47490639]
 [-0.17646266 -0.31935177  0.31064823]
 [ 0.17646266  0.31935177 -0.31064823]
 [-0.26390885  0.29702916 -0.33297084]
 [ 0.07974232  0.15509361 -0.47490639]]","[1875. 2241.  930. 1932. 2256.  915. 2099. 2149. 1022. 2220. 2241.  930.
 2163. 2256.  915. 1996. 2149. 1022.]","[1873. 2228.  936. 1958. 2230.  931. 2121. 2174.  999. 2221. 2230.  932.
 2145. 2228.  924. 1976. 2175.  998.]","[-16.15     4.252   62.166    0.2441   0.3662  -0.9766  -0.0938  -0.271
   0.9512]",112
310,2,"[[ 0.26080971 -0.29745686  0.33254314]
 [-0.06846898 -0.14498219  0.48501781]
 [-0.18226928 -0.31932572  0.31067428]
 [ 0.18226928  0.31932572 -0.31067428]
 [-0.26080971  0.29745686 -0.33254314]
 [ 0.06846898  0.14498219 -0.48501781]]","[1877. 2241.  930. 1929. 2256.  915. 2092. 2142. 1029. 2218. 2241.  930.
 2166. 2256.  915. 2003. 2142. 1029.]","[1875. 2228.  936. 1954. 2230.  931. 2114. 2166. 1006. 2220. 2230.  932.
 2150. 2229.  924. 1981. 2168. 1006.]","[-16.144    4.257   62.128    0.1831   0.3662  -0.9155  -0.0845  -0.2808
   0.9478]",112
311,2,"[[ 0.25760148 -0.29788555  0.33211445]
 [-0.05713652 -0.1355586   0.4944414 ]
 [-0.1879667  -0.31926807  0.31073193]
 [ 0.1879667   0.31926807 -0.31073193]
 [-0.25760148  0.29788555 -0.33211445]
 [ 0.05713652  0.1355586  -0.4944414 ]]","[1880. 2242.  929. 1925. 2256.  915. 2085. 2136. 1035. 2215. 2242.  929.
 2170. 2256.  915. 2010. 2136. 1035.]","[1877. 2228.  936. 1951. 2230.  931. 2107. 2158. 1014. 2217. 2230.  932.
 2154. 2229.  923. 1986. 2161. 1014.]","[-1.6144e+01  4.2630e+00  6.2089e+01  6.1000e-02  1.8310e-01 -6.1040e-01
 -6.7400e-02 -2.9440e-01  9.4340e-01]",112
312,2,"[[ 0.25428548 -0.29831501  0.33168499]
 [-0.04576251 -0.12683632  0.50316368]
 [-0.19355207 -0.31918235  0.31081765]
 [ 0.19355207  0.31918235 -0.31081765]
 [-0.25428548  0.29831501 -0.33168499]
 [ 0.04576251  0.12683632 -0.50316368]]","[1882. 2242.  929. 1921. 2256.  915. 2077. 2130. 1041. 2213. 2242.  929.
 2174. 2256.  915. 2018. 2130. 1041.]","[1878. 2228.  935. 1947. 2230.  931. 2100. 2151. 1021. 2215. 2230.  932.
 2158. 2229.  924. 1993. 2153. 1021.]","[-16.144    4.263   62.067    0.       0.1221  -0.4272  -0.0674  -0.3013
   0.9556]",112
313,2,"[[ 0.25086311 -0.29874503  0.33125497]
 [-0.03436425 -0.11882793  0.51117207]
 [-0.19902261 -0.31906994  0.31093006]
 [ 0.19902261  0.31906994 -0.31093006]
 [-0.25086311  0.29874503 -0.33125497]
 [ 0.03436425  0.11882793 -0.51117207]]","[1884. 2242.  929. 1918. 2256.  915. 2070. 2125. 1046. 2211. 2242.  929.
 2177. 2256.  915. 2025. 2125. 1046.]","[1881. 2228.  935. 1944. 2230.  931. 2092. 2144. 1027. 2214. 2230.  931.
 2161. 2229.  924. 2001. 2146. 1027.]","[-16.144    4.263   62.045    0.1831   0.1831  -0.6714  -0.0645  -0.2979
   0.9536]",112
314,2,"[[ 0.24733581 -0.29917539  0.33082461]
 [-0.02295872 -0.11154509  0.51845491]
 [-0.20437563 -0.31893133  0.31106867]
 [ 0.20437563  0.31893133 -0.31106867]
 [-0.24733581  0.29917539 -0.33082461]
 [ 0.02295872  0.11154509 -0.51845491]]","[1886. 2243.  928. 1914. 2255.  916. 2062. 2120. 1051. 2209. 2243.  928.
 2181. 2255.  916. 2033. 2120. 1051.]","[1883. 2228.  934. 1941. 2230.  931. 2085. 2139. 1033. 2211. 2230.  931.
 2165. 2229.  924. 2010. 2141. 1033.]","[-16.144    4.263   62.018    0.1831   0.1831  -0.7324  -0.0967  -0.2871
   0.9526]",112
315,2,"[[ 0.24370503 -0.29960588  0.33039412]
 [-0.0115626  -0.10499848  0.52500152]
 [-0.20960851 -0.31876697  0.31123303]
 [ 0.20960851  0.31876697 -0.31123303]
 [-0.24370503  0.29960588 -0.33039412]
 [ 0.0115626   0.10499848 -0.52500152]]","[1889. 2243.  928. 1911. 2255.  916. 2055. 2116. 1055. 2206. 2243.  928.
 2184. 2255.  916. 2040. 2116. 1055.]","[1885. 2228.  934. 1938. 2230.  931. 2078. 2133. 1039. 2209. 2230.  931.
 2168. 2229.  924. 2017. 2135. 1039.]","[-1.6144e+01  4.2630e+00  6.1990e+01  1.2210e-01  6.1000e-02 -1.8310e-01
 -8.5000e-02 -2.7640e-01  9.5260e-01]",112
316,2,"[[ 2.39972318e-01 -3.00036292e-01  3.29963708e-01]
 [-1.92220231e-04 -9.91978214e-02  5.30802179e-01]
 [-2.14718706e-01 -3.18577316e-01  3.11422684e-01]
 [ 2.14718706e-01  3.18577316e-01 -3.11422684e-01]
 [-2.39972318e-01  3.00036292e-01 -3.29963708e-01]
 [ 1.92220231e-04  9.91978214e-02 -5.30802179e-01]]","[1891. 2243.  928. 1908. 2255.  916. 2048. 2112. 1059. 2204. 2243.  928.
 2187. 2255.  916. 2047. 2112. 1059.]","[1887. 2229.  933. 1934. 2230.  931. 2070. 2128. 1045. 2206. 2230.  930.
 2172. 2229.  924. 2025. 2130. 1044.]","[-1.6144e+01  4.2680e+00  6.1985e+01  6.1000e-02  6.1000e-02 -1.2210e-01
 -7.1800e-02 -2.8080e-01  9.5850e-01]",112
317,2,"[[ 0.23613922 -0.30046641  0.32953359]
 [ 0.01113645 -0.09415183  0.53584817]
 [-0.21970377 -0.31836285  0.31163715]
 [ 0.21970377  0.31836285 -0.31163715]
 [-0.23613922  0.30046641 -0.32953359]
 [-0.01113645  0.09415183 -0.53584817]]","[1894. 2243.  928. 1904. 2255.  916. 2040. 2109. 1062. 2201. 2243.  928.
 2191. 2255.  916. 2055. 2109. 1062.]","[1891. 2228.  933. 1930. 2230.  931. 2063. 2123. 1049. 2205. 2230.  931.
 2175. 2229.  924. 2033. 2125. 1049.]","[-16.144    4.268   61.974    0.1221   0.1221  -0.3662  -0.0718  -0.2817
   0.9575]",112
318,2,"[[ 0.23220734 -0.30089603  0.32910397]
 [ 0.0224078  -0.08986821  0.54013179]
 [-0.22456131 -0.31812409  0.31187591]
 [ 0.22456131  0.31812409 -0.31187591]
 [-0.23220734  0.30089603 -0.32910397]
 [-0.0224078   0.08986821 -0.54013179]]","[1896. 2244.  927. 1901. 2255.  916. 2033. 2106. 1065. 2199. 2244.  927.
 2194. 2255.  916. 2062. 2106. 1065.]","[1893. 2229.  932. 1927. 2230.  931. 2056. 2119. 1053. 2202. 2230.  930.
 2178. 2229.  924. 2039. 2120. 1053.]","[-1.6144e+01  4.2740e+00  6.1957e+01  6.1000e-02  1.8310e-01 -4.8830e-01
 -7.8100e-02 -2.8170e-01  9.5410e-01]",112
319,2,"[[ 0.22817832 -0.30132494  0.32867506]
 [ 0.03360662 -0.08635368  0.54364632]
 [-0.22928904 -0.31786156  0.31213844]
 [ 0.22928904  0.31786156 -0.31213844]
 [-0.22817832  0.30132494 -0.32867506]
 [-0.03360662  0.08635368 -0.54364632]]","[1899. 2244.  927. 1898. 2255.  916. 2026. 2104. 1067. 2196. 2244.  927.
 2197. 2255.  916. 2069. 2104. 1067.]","[1895. 2229.  932. 1923. 2230.  931. 2048. 2115. 1058. 2199. 2230.  930.
 2181. 2229.  924. 2047. 2117. 1057.]","[-1.6144e+01  4.2790e+00  6.1941e+01  6.1000e-02  1.8310e-01 -3.6620e-01
 -7.5700e-02 -2.8270e-01  9.5310e-01]",112
320,2,"[[ 0.22405386 -0.30175293  0.32824707]
 [ 0.0447181  -0.08361387  0.54638613]
 [-0.23388475 -0.31757584  0.31242416]
 [ 0.23388475  0.31757584 -0.31242416]
 [-0.22405386  0.30175293 -0.32824707]
 [-0.0447181   0.08361387 -0.54638613]]","[1901. 2244.  927. 1895. 2255.  916. 2018. 2102. 1069. 2194. 2244.  927.
 2200. 2255.  916. 2077. 2102. 1069.]","[1898. 2229.  932. 1919. 2230.  931. 2041. 2112. 1061. 2197. 2230.  931.
 2184. 2229.  924. 2054. 2113. 1060.]","[-16.139    4.285   61.924    0.1221   0.1221  -0.2441  -0.0708  -0.2837
   0.958 ]",112
321,2,"[[ 0.21983567 -0.30217979  0.32782021]
 [ 0.05572782 -0.08165344  0.54834656]
 [-0.23834631 -0.3172675   0.3127325 ]
 [ 0.23834631  0.3172675  -0.3127325 ]
 [-0.21983567  0.30217979 -0.32782021]
 [-0.05572782  0.08165344 -0.54834656]]","[1904. 2244.  926. 1892. 2254.  917. 2011. 2101. 1070. 2191. 2244.  926.
 2203. 2254.  917. 2084. 2101. 1070.]","[1900. 2229.  931. 1916. 2230.  931. 2034. 2108. 1064. 2195. 2230.  931.
 2187. 2229.  924. 2062. 2111. 1063.]","[-1.6139e+01  4.2900e+00  6.1913e+01  1.2210e-01  6.1000e-02 -2.4410e-01
 -7.6200e-02 -2.8370e-01  9.5070e-01]",112
322,2,"[[ 0.21552552 -0.30260532  0.32739468]
 [ 0.06662181 -0.08047642  0.54952358]
 [-0.24267167 -0.31693717  0.31306283]
 [ 0.24267167  0.31693717 -0.31306283]
 [-0.21552552  0.30260532 -0.32739468]
 [-0.06662181  0.08047642 -0.54952358]]","[1907. 2245.  926. 1889. 2254.  917. 2004. 2100. 1071. 2188. 2245.  926.
 2206. 2254.  917. 2091. 2100. 1071.]","[1902. 2229.  931. 1913. 2230.  931. 2026. 2107. 1066. 2192. 2230.  930.
 2191. 2229.  924. 2070. 2108. 1065.]","[-1.6133e+01  4.2900e+00  6.1902e+01  6.1000e-02  1.2210e-01 -1.8310e-01
 -7.2300e-02 -2.7730e-01  9.5610e-01]",112
323,2,"[[ 0.21112521 -0.30302931  0.32697069]
 [ 0.07738652 -0.08009342  0.54990658]
 [-0.24685885 -0.31658546  0.31341454]
 [ 0.24685885  0.31658546 -0.31341454]
 [-0.21112521  0.30302931 -0.32697069]
 [-0.07738652  0.08009342 -0.54990658]]","[1910. 2245.  926. 1887. 2254.  917. 1997. 2100. 1071. 2185. 2245.  926.
 2208. 2254.  917. 2098. 2100. 1071.]","[1906. 2229.  930. 1910. 2230.  931. 2019. 2104. 1068. 2190. 2230.  930.
 2193. 2229.  924. 2077. 2107. 1067.]","[-1.6133e+01  4.2960e+00  6.1891e+01  6.1000e-02  6.1000e-02 -2.4410e-01
 -6.5900e-02 -2.7490e-01  9.5850e-01]",112
324,2,"[[ 0.20663658 -0.30345156  0.32654844]
 [ 0.08800884 -0.08047056  0.54952944]
 [-0.250906   -0.31621303  0.31378697]
 [ 0.250906    0.31621303 -0.31378697]
 [-0.20663658  0.30345156 -0.32654844]
 [-0.08800884  0.08047056 -0.54952944]]","[1913. 2245.  926. 1884. 2254.  917. 1990. 2100. 1071. 2182. 2245.  926.
 2211. 2254.  917. 2105. 2100. 1071.]","[1908. 2229.  930. 1908. 2230.  931. 2012. 2103. 1069. 2187. 2230.  929.
 2197. 2229.  924. 2084. 2106. 1068.]","[-1.6128e+01  4.2960e+00  6.1880e+01  6.1000e-02  1.2210e-01 -3.6620e-01
 -7.3200e-02 -2.7200e-01  9.5850e-01]",112
325,2,"[[ 0.20206152 -0.30387187  0.32612813]
 [ 0.09847611 -0.08106074  0.54893926]
 [-0.25481131 -0.31582054  0.31417946]
 [ 0.25481131  0.31582054 -0.31417946]
 [-0.20206152  0.30387187 -0.32612813]
 [-0.09847611  0.08106074 -0.54893926]]","[1916. 2246.  925. 1881. 2253.  918. 1983. 2100. 1071. 2179. 2246.  925.
 2214. 2253.  918. 2112. 2100. 1071.]","[1912. 2229.  930. 1905. 2230.  931. 2005. 2103. 1070. 2184. 2230.  929.
 2200. 2229.  924. 2091. 2105. 1069.]","[-1.6128e+01  4.2960e+00  6.1864e+01  0.0000e+00  6.1000e-02 -3.6620e-01
 -7.4700e-02 -2.7640e-01  9.5800e-01]",112
326,2,"[[ 0.19740193 -0.30429004  0.32570996]
 [ 0.10877611 -0.08177296  0.54822704]
 [-0.25857307 -0.31540867  0.31459133]
 [ 0.25857307  0.31540867 -0.31459133]
 [-0.19740193  0.30429004 -0.32570996]
 [-0.10877611  0.08177296 -0.54822704]]","[1919. 2246.  925. 1879. 2253.  918. 1977. 2101. 1070. 2176. 2246.  925.
 2216. 2253.  918. 2118. 2101. 1070.]","[1915. 2229.  929. 1902. 2230.  931. 1998. 2102. 1070. 2181. 2230.  928.
 2203. 2229.  924. 2098. 2105. 1069.]","[-16.128    4.296   61.848    0.       0.1221  -0.4272  -0.0732  -0.2793
   0.9526]",112
327,2,"[[ 0.19265977 -0.30470586  0.32529414]
 [ 0.11889708 -0.0827078   0.5472922 ]
 [-0.26218965 -0.31497814  0.31502186]
 [ 0.26218965  0.31497814 -0.31502186]
 [-0.19265977  0.30470586 -0.32529414]
 [-0.11889708  0.0827078  -0.5472922 ]]","[1922. 2246.  925. 1877. 2253.  918. 1970. 2101. 1070. 2173. 2246.  925.
 2218. 2253.  918. 2125. 2101. 1070.]","[1918. 2230.  929. 1899. 2230.  931. 1991. 2102. 1070. 2178. 2230.  928.
 2206. 2229.  924. 2105. 2105. 1069.]","[-16.128    4.296   61.826    0.       0.1221  -0.4883  -0.0811  -0.2822
   0.957 ]",112
328,2,"[[ 0.18783701 -0.30511914  0.32488086]
 [ 0.12882775 -0.08389022  0.54610978]
 [-0.26565952 -0.31452964  0.31547036]
 [ 0.26565952  0.31452964 -0.31547036]
 [-0.18783701  0.30511914 -0.32488086]
 [-0.12882775  0.08389022 -0.54610978]]","[1925. 2246.  925. 1874. 2253.  918. 1964. 2102. 1069. 2170. 2246.  925.
 2221. 2253.  918. 2131. 2102. 1069.]","[1920. 2231.  929. 1897. 2230.  931. 1984. 2102. 1069. 2175. 2230.  929.
 2208. 2229.  924. 2112. 2104. 1069.]","[-16.128    4.296   61.809    0.       0.1221  -0.3662  -0.0771  -0.2842
   0.9565]",112
329,2,"[[ 0.18293568 -0.3055297   0.3244703 ]
 [ 0.13855727 -0.08532818  0.54467182]
 [-0.26898123 -0.31406391  0.31593609]
 [ 0.26898123  0.31406391 -0.31593609]
 [-0.18293568  0.3055297  -0.3244703 ]
 [-0.13855727  0.08532818 -0.54467182]]","[1928. 2247.  924. 1872. 2252.  919. 1957. 2103. 1068. 2167. 2247.  924.
 2223. 2252.  919. 2138. 2103. 1068.]","[1923. 2232.  929. 1894. 2230.  932. 1977. 2102. 1069. 2172. 2230.  928.
 2210. 2229.  924. 2118. 2104. 1069.]","[-16.122    4.301   61.793    0.1221   0.2441  -0.2441  -0.0762  -0.2905
   0.9614]",112
330,2,"[[ 0.17795782 -0.30593732  0.32406268]
 [ 0.14807529 -0.08702649  0.54297351]
 [-0.2721534  -0.31358169  0.31641831]
 [ 0.2721534   0.31358169 -0.31641831]
 [-0.17795782  0.30593732 -0.32406268]
 [-0.14807529  0.08702649 -0.54297351]]","[1931. 2247.  924. 1870. 2252.  919. 1951. 2104. 1067. 2164. 2247.  924.
 2225. 2252.  919. 2144. 2104. 1067.]","[1926. 2232.  929. 1892. 2230.  931. 1971. 2103. 1069. 2170. 2230.  928.
 2213. 2229.  924. 2125. 2105. 1069.]","[-16.117    4.312   61.782    0.1831   0.3052  -0.2441  -0.0737  -0.2915
   0.9448]",112
331,2,"[[ 0.17290552 -0.30634182  0.32365818]
 [ 0.1573719  -0.08898928  0.54101072]
 [-0.27517475 -0.31308372  0.31691628]
 [ 0.27517475  0.31308372 -0.31691628]
 [-0.17290552  0.30634182 -0.32365818]
 [-0.1573719   0.08898928 -0.54101072]]","[1935. 2247.  924. 1868. 2252.  919. 1945. 2106. 1065. 2160. 2247.  924.
 2227. 2252.  919. 2150. 2106. 1065.]","[1929. 2233.  929. 1889. 2230.  932. 1964. 2103. 1068. 2167. 2230.  928.
 2215. 2229.  924. 2131. 2105. 1068.]","[-16.117    4.318   61.765    0.1221   0.1831  -0.2441  -0.0752  -0.2871
   0.9551]",112
332,2,"[[ 0.16778089 -0.30674302  0.32325698]
 [ 0.16643767 -0.09122042  0.53877958]
 [-0.27804409 -0.31257076  0.31742924]
 [ 0.27804409  0.31257076 -0.31742924]
 [-0.16778089  0.30674302 -0.32325698]
 [-0.16643767  0.09122042 -0.53877958]]","[1938. 2247.  924. 1866. 2251.  920. 1939. 2107. 1064. 2157. 2247.  924.
 2229. 2251.  920. 2156. 2107. 1064.]","[1932. 2233.  928. 1887. 2230.  931. 1958. 2105. 1067. 2164. 2230.  928.
 2218. 2229.  924. 2138. 2105. 1067.]","[-16.111    4.329   61.754    0.1221   0.2441  -0.2441  -0.0742  -0.2827
   0.9556]",112
333,2,"[[ 0.16258608 -0.30714071  0.32285929]
 [ 0.17526364 -0.09372356  0.53627644]
 [-0.28076031 -0.31204358  0.31795642]
 [ 0.28076031  0.31204358 -0.31795642]
 [-0.16258608  0.30714071 -0.32285929]
 [-0.17526364  0.09372356 -0.53627644]]","[1942. 2248.  923. 1864. 2251.  920. 1933. 2109. 1062. 2153. 2248.  923.
 2231. 2251.  920. 2162. 2109. 1062.]","[1936. 2233.  928. 1884. 2230.  931. 1952. 2106. 1066. 2162. 2230.  927.
 2220. 2228.  924. 2144. 2106. 1065.]","[-16.106    4.334   61.743    0.1221   0.1831  -0.1831  -0.0718  -0.2764
   0.9531]",112
334,2,"[[ 0.15732326 -0.30753473  0.32246527]
 [ 0.18384132 -0.09650212  0.53349788]
 [-0.28332237 -0.31150295  0.31849705]
 [ 0.28332237  0.31150295 -0.31849705]
 [-0.15732326  0.30753473 -0.32246527]
 [-0.18384132  0.09650212 -0.53349788]]","[1945. 2248.  923. 1863. 2251.  920. 1928. 2110. 1061. 2150. 2248.  923.
 2232. 2251.  920. 2167. 2110. 1061.]","[1938. 2233.  928. 1882. 2230.  931. 1946. 2107. 1064. 2157. 2230.  927.
 2222. 2229.  925. 2150. 2107. 1064.]","[-16.106    4.34    61.732    0.1221   0.1221  -0.2441  -0.0698  -0.2734
   0.9526]",112
335,2,"[[ 0.15199462 -0.30792488  0.32207512]
 [ 0.19216265 -0.09955933  0.53044067]
 [-0.28572934 -0.31094966  0.31905034]
 [ 0.28572934  0.31094966 -0.31905034]
 [-0.15199462  0.30792488 -0.32207512]
 [-0.19216265  0.09955933 -0.53044067]]","[1948. 2248.  923. 1861. 2250.  921. 1922. 2112. 1059. 2147. 2248.  923.
 2234. 2250.  921. 2173. 2112. 1059.]","[1942. 2233.  928. 1880. 2230.  931. 1940. 2108. 1063. 2154. 2230.  927.
 2224. 2229.  925. 2155. 2109. 1063.]","[-1.6100e+01  4.3400e+00  6.1716e+01  6.1000e-02  1.2210e-01 -3.6620e-01
 -7.1800e-02 -2.6900e-01  9.6340e-01]",112
336,2,"[[ 0.14660241 -0.30831099  0.32168901]
 [ 0.20022008 -0.10289818  0.52710182]
 [-0.28798037 -0.31038447  0.31961553]
 [ 0.28798037  0.31038447 -0.31961553]
 [-0.14660241  0.30831099 -0.32168901]
 [-0.20022008  0.10289818 -0.52710182]]","[1952. 2248.  922. 1860. 2250.  921. 1917. 2115. 1056. 2143. 2248.  922.
 2235. 2250.  921. 2178. 2115. 1056.]","[1945. 2233.  928. 1878. 2230.  932. 1934. 2111. 1061. 2151. 2231.  927.
 2226. 2229.  926. 2162. 2110. 1061.]","[-1.6100e+01  4.3400e+00  6.1705e+01  0.0000e+00  6.1000e-02 -3.0520e-01
 -7.1800e-02 -2.6860e-01  9.5650e-01]",112
337,2,"[[ 0.14114886 -0.30869287  0.32130713]
 [ 0.20800648 -0.10652144  0.52347856]
 [-0.29007468 -0.30980819  0.32019181]
 [ 0.29007468  0.30980819 -0.32019181]
 [-0.14114886  0.30869287 -0.32130713]
 [-0.20800648  0.10652144 -0.52347856]]","[1955. 2249.  922. 1858. 2249.  922. 1912. 2117. 1054. 2140. 2249.  922.
 2237. 2249.  922. 2183. 2117. 1054.]","[1949. 2233.  927. 1876. 2230.  932. 1929. 2112. 1059. 2148. 2231.  926.
 2228. 2229.  926. 2167. 2112. 1059.]","[-1.6100e+01  4.3340e+00  6.1688e+01  0.0000e+00  6.1000e-02 -3.0520e-01
 -7.6200e-02 -2.7640e-01  9.5560e-01]",112
338,2,"[[ 0.13563628 -0.30907035  0.32092965]
 [ 0.21551519 -0.11043163  0.51956837]
 [-0.2920116  -0.3092216   0.3207784 ]
 [ 0.2920116   0.3092216  -0.3207784 ]
 [-0.13563628  0.30907035 -0.32092965]
 [-0.21551519  0.11043163 -0.51956837]]","[1959. 2249.  922. 1857. 2249.  922. 1907. 2119. 1051. 2136. 2249.  922.
 2238. 2249.  922. 2188. 2119. 1051.]","[1952. 2233.  927. 1875. 2230.  931. 1923. 2115. 1057. 2144. 2231.  925.
 2230. 2229.  927. 2173. 2114. 1057.]","[-16.1      4.334   61.677   -0.1221   0.      -0.2441  -0.0771  -0.2803
   0.9561]",112
339,2,"[[ 0.13006695 -0.30944327  0.32055673]
 [ 0.22274    -0.11463103  0.51536897]
 [-0.29379052 -0.30862549  0.32137451]
 [ 0.29379052  0.30862549 -0.32137451]
 [-0.13006695  0.30944327 -0.32055673]
 [-0.22274     0.11463103 -0.51536897]]","[1963. 2249.  922. 1856. 2249.  922. 1902. 2122. 1049. 2132. 2249.  922.
 2239. 2249.  922. 2193. 2122. 1049.]","[1955. 2233.  927. 1873. 2230.  931. 1918. 2117. 1055. 2141. 2231.  925.
 2232. 2228.  927. 2177. 2116. 1054.]","[-16.1      4.334   61.672   -0.1221   0.      -0.1831  -0.0723  -0.2798
   0.9536]",112
340,2,"[[ 0.12444322 -0.30981143  0.32018857]
 [ 0.22967515 -0.11912167  0.51087833]
 [-0.29541093 -0.30802066  0.32197934]
 [ 0.29541093  0.30802066 -0.32197934]
 [-0.12444322  0.30981143 -0.32018857]
 [-0.22967515  0.11912167 -0.51087833]]","[1966. 2249.  922. 1855. 2248.  923. 1898. 2125. 1046. 2129. 2249.  922.
 2240. 2248.  923. 2197. 2125. 1046.]","[1959. 2233.  927. 1871. 2230.  931. 1913. 2119. 1052. 2138. 2231.  924.
 2233. 2229.  928. 2183. 2119. 1053.]","[-16.1      4.329   61.661    0.       0.      -0.1831  -0.0752  -0.2861
   0.957 ]",112
341,2,"[[ 0.11876743 -0.31017469  0.31982531]
 [ 0.23631531 -0.12390536  0.50609464]
 [-0.29687241 -0.30740789  0.32259211]
 [ 0.29687241  0.30740789 -0.32259211]
 [-0.11876743  0.31017469 -0.31982531]
 [-0.23631531  0.12390536 -0.50609464]]","[1970. 2250.  921. 1854. 2248.  923. 1893. 2128. 1043. 2125. 2250.  921.
 2241. 2248.  923. 2202. 2128. 1043.]","[1962. 2233.  927. 1870. 2230.  931. 1908. 2122. 1050. 2134. 2231.  924.
 2235. 2229.  928. 2188. 2121. 1050.]","[-16.1      4.329   61.65     0.       0.      -0.3052  -0.0747  -0.2886
   0.9531]",112
342,2,"[[ 0.11304196 -0.31053287  0.31946713]
 [ 0.24265559 -0.1289836   0.5010164 ]
 [-0.29817461 -0.30678798  0.32321202]
 [ 0.29817461  0.30678798 -0.32321202]
 [-0.11304196  0.31053287 -0.31946713]
 [-0.24265559  0.1289836  -0.5010164 ]]","[1974. 2250.  921. 1853. 2247.  923. 1889. 2132. 1039. 2121. 2250.  921.
 2242. 2247.  923. 2206. 2132. 1039.]","[1965. 2233.  928. 1868. 2230.  932. 1903. 2125. 1047. 2132. 2231.  924.
 2237. 2229.  928. 2193. 2124. 1047.]","[-1.6106e+01  4.3290e+00  6.1639e+01 -6.1000e-02  6.1000e-02 -3.6620e-01
 -7.8600e-02 -2.8710e-01  9.5210e-01]",112
343,2,"[[ 0.1072692  -0.31088581  0.31911419]
 [ 0.24869154 -0.13435767  0.49564233]
 [-0.29931726 -0.30616171  0.32383829]
 [ 0.29931726  0.30616171 -0.32383829]
 [-0.1072692   0.31088581 -0.31911419]
 [-0.24869154  0.13435767 -0.49564233]]","[1978. 2250.  921. 1852. 2247.  924. 1885. 2135. 1036. 2117. 2250.  921.
 2243. 2247.  924. 2210. 2135. 1036.]","[1969. 2233.  927. 1867. 2230.  931. 1898. 2127. 1044. 2129. 2232.  924.
 2238. 2229.  928. 2197. 2127. 1044.]","[-1.6111e+01  4.3290e+00  6.1622e+01 -6.1000e-02  0.0000e+00 -3.0520e-01
 -7.6700e-02 -2.8370e-01  9.5410e-01]",112
344,2,"[[ 0.10145157 -0.31123336  0.31876664]
 [ 0.25441913 -0.14002858  0.48997142]
 [-0.30030019 -0.30552987  0.32447013]
 [ 0.30030019  0.30552987 -0.32447013]
 [-0.10145157  0.31123336 -0.31876664]
 [-0.25441913  0.14002858 -0.48997142]]","[1981. 2250.  921. 1852. 2247.  924. 1882. 2139. 1032. 2114. 2250.  921.
 2243. 2247.  924. 2213. 2139. 1032.]","[1973. 2233.  927. 1866. 2230.  932. 1894. 2130. 1040. 2126. 2232.  924.
 2240. 2229.  928. 2202. 2131. 1041.]","[-1.6117e+01  4.3290e+00  6.1611e+01  0.0000e+00  6.1000e-02 -3.0520e-01
 -7.6700e-02 -2.8710e-01  9.5850e-01]",112
345,2,"[[ 0.0955915  -0.31157535  0.31842465]
 [ 0.25983473 -0.14599705  0.48400295]
 [-0.30112331 -0.30489324  0.32510676]
 [ 0.30112331  0.30489324 -0.32510676]
 [-0.0955915   0.31157535 -0.31842465]
 [-0.25983473  0.14599705 -0.48400295]]","[1985. 2251.  920. 1851. 2246.  925. 1878. 2143. 1028. 2110. 2251.  920.
 2244. 2246.  925. 2217. 2143. 1028.]","[1976. 2233.  927. 1865. 2230.  932. 1890. 2134. 1038. 2123. 2233.  924.
 2241. 2228.  929. 2206. 2134. 1037.]","[-16.117    4.323   61.595    0.       0.      -0.3662  -0.0684  -0.2847
   0.9536]",112
346,2,"[[ 0.08969144 -0.31191163  0.31808837]
 [ 0.26493515 -0.15226355  0.47773645]
 [-0.30178663 -0.30425259  0.32574741]
 [ 0.30178663  0.30425259 -0.32574741]
 [-0.08969144  0.31191163 -0.31808837]
 [-0.26493515  0.15226355 -0.47773645]]","[1989. 2251.  920. 1851. 2246.  925. 1875. 2147. 1024. 2106. 2251.  920.
 2244. 2246.  925. 2220. 2147. 1024.]","[1979. 2233.  927. 1864. 2230.  932. 1886. 2138. 1034. 2119. 2233.  924.
 2241. 2229.  930. 2210. 2137. 1034.]","[-16.128    4.318   61.578   -0.1831   0.      -0.4883  -0.0806  -0.2764
   0.96  ]",112
347,2,"[[ 0.08375386 -0.31224205  0.31775795]
 [ 0.26971758 -0.15882826  0.47117174]
 [-0.3022904  -0.3036087   0.3263913 ]
 [ 0.3022904   0.3036087  -0.3263913 ]
 [-0.08375386  0.31224205 -0.31775795]
 [-0.26971758  0.15882826 -0.47117174]]","[1993. 2251.  920. 1850. 2245.  926. 1872. 2151. 1020. 2102. 2251.  920.
 2245. 2245.  926. 2223. 2151. 1020.]","[1983. 2233.  927. 1863. 2230.  933. 1882. 2142. 1030. 2115. 2233.  923.
 2242. 2228.  930. 2213. 2141. 1030.]","[-16.133    4.318   61.567   -0.1221   0.      -0.2441  -0.0737  -0.2739
   0.9502]",112
348,2,"[[ 0.07778125 -0.31256646  0.31743354]
 [ 0.27417963 -0.16569112  0.46430888]
 [-0.3026358  -0.30296233  0.32703767]
 [ 0.3026358   0.30296233 -0.32703767]
 [-0.07778125  0.31256646 -0.31743354]
 [-0.27417963  0.16569112 -0.46430888]]","[1997. 2251.  920. 1850. 2245.  926. 1869. 2156. 1015. 2098. 2251.  920.
 2245. 2245.  926. 2226. 2156. 1015.]","[1986. 2233.  927. 1862. 2230.  934. 1879. 2145. 1026. 2111. 2233.  923.
 2244. 2229.  931. 2217. 2145. 1027.]","[-1.6139e+01  4.3180e+00  6.1562e+01 -6.1000e-02  0.0000e+00 -6.1000e-02
 -8.3000e-02 -2.7590e-01  9.6240e-01]",112
349,2,"[[ 0.0717761  -0.31288472  0.31711528]
 [ 0.2783193  -0.17285174  0.45714826]
 [-0.30282523 -0.30231422  0.32768578]
 [ 0.30282523  0.30231422 -0.32768578]
 [-0.0717761   0.31288472 -0.31711528]
 [-0.2783193   0.17285174 -0.45714826]]","[2001. 2251.  919. 1850. 2245.  926. 1866. 2160. 1011. 2094. 2251.  919.
 2245. 2245.  926. 2229. 2160. 1011.]","[1987. 2233.  926. 1861. 2230.  934. 1876. 2149. 1023. 2107. 2233.  924.
 2245. 2229.  932. 2220. 2149. 1022.]","[-1.6139e+01  4.3180e+00  6.1567e+01 -6.1000e-02 -6.1000e-02  1.8310e-01
 -8.3500e-02 -2.7690e-01  9.4920e-01]",112
350,2,"[[ 0.06574093 -0.3131967   0.3168033 ]
 [ 0.28213494 -0.18030949  0.44969051]
 [-0.30280812 -0.30166494  0.32833506]
 [ 0.30280812  0.30166494 -0.32833506]
 [-0.06574093  0.3131967  -0.3168033 ]
 [-0.28213494  0.18030949 -0.44969051]]","[2005. 2252.  919. 1850. 2244.  927. 1864. 2165. 1006. 2090. 2252.  919.
 2245. 2244.  927. 2231. 2165. 1006.]","[1992. 2233.  926. 1860. 2230.  934. 1872. 2154. 1019. 2103. 2233.  923.
 2247. 2228.  932. 2223. 2153. 1018.]","[-1.6144e+01  4.3230e+00  6.1578e+01 -1.2210e-01 -6.1000e-02  2.4410e-01
 -7.7600e-02 -2.8560e-01  9.5510e-01]",112
351,2,"[[ 0.05967825 -0.31350224  0.31649776]
 [ 0.28562531 -0.18806345  0.44193655]
 [-0.30239215 -0.30101422  0.32898578]
 [ 0.30239215  0.30101422 -0.32898578]
 [-0.05967825  0.31350224 -0.31649776]
 [-0.28562531  0.18806345 -0.44193655]]","[2009. 2252.  919. 1850. 2244.  927. 1861. 2170. 1001. 2086. 2252.  919.
 2245. 2244.  927. 2234. 2170. 1001.]","[1994. 2233.  926. 1860. 2230.  934. 1869. 2158. 1014. 2100. 2233.  923.
 2248. 2228.  932. 2226. 2157. 1014.]","[-1.6144e+01  4.3230e+00  6.1584e+01 -1.2210e-01  0.0000e+00  6.1000e-02
 -5.5700e-02 -2.8660e-01  9.5800e-01]",112
352,2,"[[ 0.05359061 -0.31380121  0.31619879]
 [ 0.28878954 -0.19611241  0.43388759]
 [-0.30152838 -0.30036173  0.32963827]
 [ 0.30152838  0.30036173 -0.32963827]
 [-0.05359061  0.31380121 -0.31619879]
 [-0.28878954  0.19611241 -0.43388759]]","[2013. 2252.  919. 1851. 2243.  928. 1859. 2175.  996. 2082. 2252.  919.
 2244. 2243.  928. 2236. 2175.  996.]","[1999. 2233.  927. 1859. 2230.  934. 1866. 2162. 1010. 2096. 2233.  923.
 2248. 2228.  932. 2229. 2162. 1009.]","[-16.15     4.323   61.573    0.       0.      -0.4272  -0.0654  -0.2817
   0.9595]",112
353,2,"[[ 0.04748056 -0.3140935   0.3159065 ]
 [ 0.29162709 -0.20445488  0.42554512]
 [-0.30022369 -0.29970811  0.33029189]
 [ 0.30022369  0.29970811 -0.33029189]
 [-0.04748056  0.3140935  -0.3159065 ]
 [-0.29162709  0.20445488 -0.42554512]]","[2017. 2252.  919. 1852. 2243.  928. 1857. 2181.  990. 2078. 2252.  919.
 2243. 2243.  928. 2238. 2181.  990.]","[2002. 2233.  926. 1859. 2230.  934. 1864. 2167. 1005. 2093. 2233.  923.
 2247. 2228.  933. 2232. 2167. 1004.]","[-16.15     4.318   61.551    0.       0.1221  -0.6104  -0.0908  -0.2861
   0.9526]",112
354,2,"[[ 0.04135064 -0.31437895  0.31562105]
 [ 0.2941378  -0.2130891   0.4169109 ]
 [-0.29848424 -0.29905411  0.33094589]
 [ 0.29848424  0.29905411 -0.33094589]
 [-0.04135064  0.31437895 -0.31562105]
 [-0.2941378   0.2130891  -0.4169109 ]]","[2021. 2252.  919. 1853. 2242.  929. 1856. 2186.  985. 2074. 2252.  919.
 2242. 2242.  929. 2239. 2186.  985.]","[2007. 2233.  926. 1859. 2230.  935. 1861. 2172.  999. 2090. 2233.  923.
 2247. 2228.  933. 2233. 2172. 1000.]","[-1.6155e+01  4.3180e+00  6.1529e+01 -1.8310e-01  6.1000e-02 -3.0520e-01
 -8.6400e-02 -2.8370e-01  9.4290e-01]",112
355,2,"[[ 0.03520343 -0.31465746  0.31534254]
 [ 0.29632184 -0.22201301  0.40798699]
 [-0.29631711 -0.29840051  0.33159949]
 [ 0.29631711  0.29840051 -0.33159949]
 [-0.03520343  0.31465746 -0.31534254]
 [-0.29632184  0.22201301 -0.40798699]]","[2025. 2253.  918. 1854. 2242.  929. 1854. 2192.  979. 2070. 2253.  918.
 2241. 2242.  929. 2241. 2192.  979.]","[2010. 2233.  926. 1859. 2230.  936. 1859. 2178.  995. 2086. 2233.  923.
 2247. 2228.  935. 2236. 2177.  994.]","[-16.172    4.323   61.523   -0.3052   0.      -0.1831  -0.0698  -0.2856
   0.9639]",112
356,2,"[[ 0.02904148 -0.31492891  0.31507109]
 [ 0.29817973 -0.23122428  0.39877572]
 [-0.2937301  -0.2977481   0.3322519 ]
 [ 0.2937301   0.2977481  -0.3322519 ]
 [-0.02904148  0.31492891 -0.31507109]
 [-0.29817973  0.23122428 -0.39877572]]","[2029. 2253.  918. 1856. 2242.  929. 1853. 2198.  973. 2066. 2253.  918.
 2239. 2242.  929. 2242. 2198.  973.]","[2014. 2233.  926. 1859. 2230.  936. 1858. 2183.  989. 2083. 2233.  923.
 2247. 2228.  935. 2238. 2182.  990.]","[-1.6177e+01  4.3230e+00  6.1523e+01 -1.2210e-01  0.0000e+00  6.1000e-02
 -7.6200e-02 -2.8080e-01  9.5700e-01]",112
357,2,"[[ 0.02286739 -0.31519316  0.31480684]
 [ 0.2997123  -0.24072029  0.38927971]
 [-0.29073165 -0.29709765  0.33290235]
 [ 0.29073165  0.29709765 -0.33290235]
 [-0.02286739  0.31519316 -0.31480684]
 [-0.2997123   0.24072029 -0.38927971]]","[2033. 2253.  918. 1858. 2241.  930. 1852. 2204.  967. 2062. 2253.  918.
 2237. 2241.  930. 2243. 2204.  967.]","[2017. 2233.  926. 1859. 2230.  937. 1856. 2188.  984. 2078. 2233.  923.
 2247. 2228.  935. 2239. 2188.  984.]","[-1.6183e+01  4.3290e+00  6.1534e+01 -1.2210e-01 -6.1000e-02  4.2720e-01
 -7.2800e-02 -2.7540e-01  9.5020e-01]",112
358,2,"[[ 0.01668374 -0.31545012  0.31454988]
 [ 0.30092071 -0.25049815  0.37950185]
 [-0.28733066 -0.29644995  0.33355005]
 [ 0.28733066  0.29644995 -0.33355005]
 [-0.01668374  0.31545012 -0.31454988]
 [-0.30092071  0.25049815 -0.37950185]]","[2037. 2253.  918. 1860. 2241.  930. 1851. 2211.  960. 2058. 2253.  918.
 2235. 2241.  930. 2244. 2211.  960.]","[2020. 2233.  926. 1859. 2230.  938. 1855. 2194.  978. 2075. 2233.  922.
 2246. 2228.  936. 2240. 2194.  979.]","[-1.6183e+01  4.3340e+00  6.1556e+01 -6.1000e-02 -6.1000e-02  4.8830e-01
 -7.3700e-02 -2.8220e-01  9.6390e-01]",112
359,2,"[[ 0.0104931  -0.31569967  0.31430033]
 [ 0.30180639 -0.26055469  0.36944531]
 [-0.28353653 -0.29580577  0.33419423]
 [ 0.28353653  0.29580577 -0.33419423]
 [-0.0104931   0.31569967 -0.31430033]
 [-0.30180639  0.26055469 -0.36944531]]","[2041. 2253.  918. 1863. 2240.  931. 1851. 2217.  954. 2054. 2253.  918.
 2232. 2240.  931. 2244. 2217.  954.]","[2024. 2233.  926. 1859. 2230.  938. 1854. 2200.  972. 2071. 2233.  923.
 2245. 2228.  936. 2242. 2199.  973.]","[-16.183    4.334   61.567   -0.1221   0.       0.2441  -0.0669  -0.2808
   0.9546]",112
360,2,"[[ 0.00429808 -0.3159417   0.3140583 ]
 [ 0.30237047 -0.27088645  0.35911355]
 [-0.27935906 -0.2951659   0.3348341 ]
 [ 0.27935906  0.2951659  -0.3348341 ]
 [-0.00429808  0.3159417  -0.3140583 ]
 [-0.30237047  0.27088645 -0.35911355]]","[2045. 2253.  918. 1865. 2240.  931. 1850. 2224.  947. 2050. 2253.  918.
 2230. 2240.  931. 2245. 2224.  947.]","[2027. 2234.  926. 1860. 2230.  938. 1852. 2206.  966. 2068. 2232.  923.
 2245. 2228.  936. 2243. 2205.  966.]","[-1.6194e+01  4.3340e+00  6.1562e+01 -1.8310e-01  0.0000e+00 -6.1000e-02
 -7.5200e-02 -2.8370e-01  9.5560e-01]",112
361,2,"[[-0.00189874 -0.31617611  0.31382389]
 [ 0.30261308 -0.28148942  0.34851058]
 [-0.27480842 -0.29453112  0.33546888]
 [ 0.27480842  0.29453112 -0.33546888]
 [ 0.00189874  0.31617611 -0.31382389]
 [-0.30261308  0.28148942 -0.34851058]]","[2049. 2254.  917. 1868. 2240.  931. 1850. 2231.  940. 2046. 2254.  917.
 2227. 2240.  931. 2245. 2231.  940.]","[2030. 2233.  926. 1860. 2230.  938. 1852. 2213.  960. 2064. 2233.  923.
 2243. 2228.  936. 2243. 2210.  961.]","[-1.6205e+01  4.3340e+00  6.1556e+01 -2.4410e-01  6.1000e-02 -1.8310e-01
 -8.0600e-02 -2.8170e-01  9.5560e-01]",112
362,2,"[[-0.00809477 -0.31640281  0.31359719]
 [ 0.30260015 -0.28700541  0.34299459]
 [-0.26989515 -0.29390219  0.33609781]
 [ 0.26989515  0.29390219 -0.33609781]
 [ 0.00809477  0.31640281 -0.31359719]
 [-0.30260015  0.28700541 -0.34299459]]","[2053. 2254.  917. 1872. 2239.  932. 1850. 2235.  936. 2042. 2254.  917.
 2223. 2239.  932. 2245. 2235.  936.]","[2034. 2233.  926. 1861. 2230.  938. 1851. 2220.  953. 2061. 2233.  922.
 2241. 2228.  936. 2244. 2215.  955.]","[-1.6216e+01  4.3400e+00  6.1551e+01 -3.6620e-01  6.1000e-02 -6.1000e-02
 -6.9800e-02 -2.8470e-01  9.4430e-01]",112
363,2,"[[-0.01428741 -0.31662169  0.31337831]
 [ 0.30247837 -0.28733809  0.34266191]
 [-0.26463011 -0.2932799   0.3367201 ]
 [ 0.26463011  0.2932799  -0.3367201 ]
 [ 0.01428741  0.31662169 -0.31337831]
 [-0.30247837  0.28733809 -0.34266191]]","[2057. 2254.  917. 1875. 2239.  932. 1850. 2235.  936. 2038. 2254.  917.
 2220. 2239.  932. 2245. 2235.  936.]","[2037. 2233.  927. 1863. 2230.  939. 1851. 2226.  947. 2057. 2234.  922.
 2239. 2228.  936. 2244. 2221.  950.]","[-16.232    4.34    61.551   -0.4272   0.       0.      -0.0664  -0.2856
   0.9673]",112
364,2,"[[-0.02047408 -0.31683267  0.31316733]
 [ 0.30228275 -0.28767669  0.34232331]
 [-0.25902447 -0.29266498  0.33733502]
 [ 0.25902447  0.29266498 -0.33733502]
 [ 0.02047408  0.31683267 -0.31316733]
 [-0.30228275  0.28767669 -0.34232331]]","[2061. 2254.  917. 1879. 2238.  933. 1850. 2235.  936. 2034. 2254.  917.
 2216. 2238.  933. 2245. 2235.  936.]","[2040. 2233.  927. 1865. 2230.  939. 1851. 2230.  943. 2053. 2235.  922.
 2235. 2228.  936. 2244. 2225.  945.]","[-1.6254e+01  4.3340e+00  6.1551e+01 -4.8830e-01 -6.1000e-02  0.0000e+00
 -5.8100e-02 -2.7830e-01  9.5900e-01]",112
365,2,"[[-0.02665218 -0.31703566  0.31296434]
 [ 0.30200995 -0.28802098  0.34197902]
 [-0.25308964 -0.29205821  0.33794179]
 [ 0.25308964  0.29205821 -0.33794179]
 [ 0.02665218  0.31703566 -0.31296434]
 [-0.30200995  0.28802098 -0.34197902]]","[2065. 2254.  917. 1883. 2238.  933. 1851. 2235.  936. 2030. 2254.  917.
 2212. 2238.  933. 2244. 2235.  936.]","[2044. 2233.  926. 1868. 2230.  939. 1851. 2233.  941. 2049. 2235.  922.
 2233. 2228.  936. 2243. 2228.  943.]","[-1.6271e+01  4.3290e+00  6.1551e+01 -4.8830e-01 -6.1000e-02 -6.1000e-02
 -8.3000e-02 -2.7100e-01  9.4780e-01]",112
366,2,"[[-0.03281913 -0.31723057  0.31276943]
 [ 0.30165669 -0.28837077  0.34162923]
 [-0.2468373  -0.29146032  0.33853968]
 [ 0.2468373   0.29146032 -0.33853968]
 [ 0.03281913  0.31723057 -0.31276943]
 [-0.30165669  0.28837077 -0.34162923]]","[2069. 2254.  917. 1887. 2238.  933. 1851. 2235.  935. 2026. 2254.  917.
 2208. 2238.  933. 2244. 2235.  935.]","[2047. 2233.  926. 1870. 2230.  939. 1851. 2234.  938. 2046. 2235.  922.
 2229. 2228.  936. 2244. 2230.  941.]","[-16.298    4.318   61.562   -0.7935  -0.2441   0.1831  -0.083   -0.2769
   0.9824]",112
367,2,"[[-0.03897235 -0.31741733  0.31258267]
 [ 0.30122138 -0.28872586  0.34127414]
 [-0.24027936 -0.29087206  0.33912794]
 [ 0.24027936  0.29087206 -0.33912794]
 [ 0.03897235  0.31741733 -0.31258267]
 [-0.30122138  0.28872586 -0.34127414]]","[2073. 2254.  917. 1891. 2237.  934. 1851. 2236.  935. 2022. 2254.  917.
 2204. 2237.  934. 2244. 2236.  935.]","[2051. 2233.  927. 1873. 2230.  939. 1851. 2235.  936. 2042. 2236.  922.
 2226. 2229.  936. 2243. 2231.  940.]","[-1.6298e+01  4.3230e+00  6.1562e+01 -6.1000e-02  0.0000e+00  6.1000e-02
 -5.5200e-02 -2.7930e-01  9.0330e-01]",112
368,2,"[[-0.04510927 -0.31759586  0.31240414]
 [ 0.30070325 -0.28908603  0.34091397]
 [-0.23342791 -0.29029413  0.33970587]
 [ 0.23342791  0.29029413 -0.33970587]
 [ 0.04510927  0.31759586 -0.31240414]
 [-0.30070325  0.28908603 -0.34091397]]","[2077. 2255.  916. 1895. 2237.  934. 1851. 2236.  935. 2018. 2255.  916.
 2200. 2237.  934. 2244. 2236.  935.]","[2054. 2233.  927. 1875. 2230.  939. 1851. 2235.  936. 2039. 2235.  922.
 2222. 2228.  937. 2243. 2231.  939.]","[-1.6326e+01  4.3070e+00  6.1562e+01 -7.9350e-01 -1.8310e-01 -1.2210e-01
 -6.1000e-02 -2.7490e-01  1.0142e+00]",112
369,2,"[[-0.05122732 -0.31776608  0.31223392]
 [ 0.30010182 -0.28945106  0.34054894]
 [-0.2262952  -0.28972726  0.34027274]
 [ 0.2262952   0.28972726 -0.34027274]
 [ 0.05122732  0.31776608 -0.31223392]
 [-0.30010182  0.28945106 -0.34054894]]","[2081. 2255.  916. 1900. 2236.  935. 1852. 2236.  935. 2014. 2255.  916.
 2195. 2236.  935. 2243. 2236.  935.]","[2058. 2233.  926. 1877. 2230.  939. 1851. 2235.  936. 2035. 2235.  921.
 2218. 2228.  936. 2243. 2232.  938.]","[-16.337    4.301   61.54    -0.3052   0.      -0.4883  -0.0957  -0.3164
   0.9185]",112
370,2,"[[-0.05732394 -0.31792793  0.31207207]
 [ 0.29941676 -0.28982074  0.34017926]
 [-0.21889366 -0.28917215  0.34082785]
 [ 0.21889366  0.28917215 -0.34082785]
 [ 0.05732394  0.31792793 -0.31207207]
 [-0.29941676  0.28982074 -0.34017926]]","[2085. 2255.  916. 1905. 2236.  935. 1852. 2236.  935. 2010. 2255.  916.
 2190. 2236.  935. 2243. 2236.  935.]","[2062. 2233.  927. 1881. 2230.  939. 1851. 2235.  936. 2031. 2235.  921.
 2213. 2228.  936. 2243. 2232.  938.]","[-16.353    4.301   61.523   -0.2441   0.      -0.3662  -0.0967  -0.3125
   0.9678]",112
371,2,"[[-0.06339658 -0.31808135  0.31191865]
 [ 0.2986478  -0.29019486  0.33980514]
 [-0.21123583 -0.28862947  0.34137053]
 [ 0.21123583  0.28862947 -0.34137053]
 [ 0.06339658  0.31808135 -0.31191865]
 [-0.2986478   0.29019486 -0.33980514]]","[2089. 2255.  916. 1910. 2236.  935. 1853. 2237.  934. 2006. 2255.  916.
 2185. 2236.  935. 2242. 2237.  934.]","[2066. 2234.  926. 1885. 2230.  939. 1851. 2235.  936. 2029. 2235.  921.
 2209. 2228.  937. 2243. 2232.  938.]","[-16.353    4.307   61.523    0.       0.       0.      -0.0962  -0.3086
   0.9585]",112
372,2,"[[-0.06944271 -0.31822627  0.31177373]
 [ 0.29779474 -0.2905732   0.3394268 ]
 [-0.20333435 -0.28809991  0.34190009]
 [ 0.20333435  0.28809991 -0.34190009]
 [ 0.06944271  0.31822627 -0.31177373]
 [-0.29779474  0.2905732  -0.3394268 ]]","[2093. 2255.  916. 1915. 2235.  936. 1853. 2237.  934. 2002. 2255.  916.
 2180. 2235.  936. 2242. 2237.  934.]","[2070. 2234.  925. 1890. 2230.  939. 1851. 2236.  936. 2025. 2236.  921.
 2206. 2228.  938. 2242. 2232.  937.]","[-1.6348e+01  4.3120e+00  6.1545e+01  3.0520e-01 -6.1000e-02  4.2720e-01
 -9.0300e-02 -2.8170e-01  9.4380e-01]",112
373,2,"[[-0.07545978 -0.31836263  0.31163737]
 [ 0.29685738 -0.29095554  0.33904446]
 [-0.19520197 -0.2875841   0.3424159 ]
 [ 0.19520197  0.2875841  -0.3424159 ]
 [ 0.07545978  0.31836263 -0.31163737]
 [-0.29685738  0.29095554 -0.33904446]]","[2097. 2255.  916. 1920. 2235.  936. 1854. 2237.  934. 1998. 2255.  916.
 2175. 2235.  936. 2241. 2237.  934.]","[2073. 2234.  924. 1894. 2230.  939. 1851. 2236.  935. 2021. 2236.  921.
 2201. 2228.  938. 2242. 2233.  937.]","[-1.6348e+01  4.3230e+00  6.1584e+01 -6.1000e-02 -1.8310e-01  9.7660e-01
 -7.5200e-02 -2.9690e-01  9.4630e-01]",112
374,2,"[[-0.08144529 -0.3184904   0.3115096 ]
 [ 0.29583558 -0.29134168  0.33865832]
 [-0.18685148 -0.28708269  0.34291731]
 [ 0.18685148  0.28708269 -0.34291731]
 [ 0.08144529  0.3184904  -0.3115096 ]
 [-0.29583558  0.29134168 -0.33865832]]","[2101. 2255.  916. 1926. 2235.  936. 1855. 2237.  934. 1994. 2255.  916.
 2169. 2235.  936. 2240. 2237.  934.]","[2077. 2234.  924. 1899. 2231.  939. 1851. 2236.  935. 2018. 2235.  921.
 2197. 2228.  938. 2242. 2233.  936.]","[-1.6348e+01  4.3340e+00  6.1633e+01 -6.1000e-02 -3.0520e-01  1.2817e+00
 -7.9100e-02 -2.9590e-01  9.4380e-01]",112
375,2,"[[-0.08739672 -0.31860951  0.31139049]
 [ 0.29472921 -0.29173139  0.33826861]
 [-0.17829572 -0.27871673  0.35128327]
 [ 0.17829572  0.27871673 -0.35128327]
 [ 0.08739672  0.31860951 -0.31139049]
 [-0.29472921  0.29173139 -0.33826861]]","[2104. 2255.  916. 1931. 2229.  942. 1855. 2238.  933. 1991. 2255.  916.
 2164. 2229.  942. 2240. 2238.  933.]","[2081. 2234.  923. 1904. 2230.  939. 1853. 2237.  935. 2013. 2236.  921.
 2191. 2228.  938. 2241. 2233.  936.]","[-16.348    4.34    61.694    0.      -0.4272   1.5259  -0.0879  -0.2944
   0.9556]",112
376,2,"[[-0.0933116  -0.31871992  0.31128008]
 [ 0.29353817 -0.29212447  0.33787553]
 [-0.16954758 -0.26302413  0.36697587]
 [ 0.16954758  0.26302413 -0.36697587]
 [ 0.0933116   0.31871992 -0.31128008]
 [-0.29353817  0.29212447 -0.33787553]]","[2108. 2255.  916. 1937. 2219.  952. 1856. 2238.  933. 1987. 2255.  916.
 2158. 2219.  952. 2239. 2238.  933.]","[2085. 2235.  923. 1909. 2229.  940. 1853. 2237.  934. 2010. 2235.  921.
 2185. 2226.  940. 2240. 2234.  936.]","[-16.348    4.34    61.76     0.1831  -0.6104   1.709   -0.0781  -0.2808
   0.9531]",112
377,2,"[[-0.09918745 -0.3188216   0.3111784 ]
 [ 0.29226241 -0.2925207   0.3374793 ]
 [-0.16061993 -0.24787134  0.38212866]
 [ 0.16061993  0.24787134 -0.38212866]
 [ 0.09918745  0.3188216  -0.3111784 ]
 [-0.29226241  0.2925207  -0.3374793 ]]","[2112. 2255.  916. 1943. 2209.  962. 1857. 2238.  933. 1983. 2255.  916.
 2152. 2209.  962. 2238. 2238.  933.]","[2089. 2235.  922. 1916. 2226.  944. 1854. 2237.  934. 2006. 2236.  921.
 2179. 2223.  944. 2240. 2234.  935.]","[-16.337    4.345   61.831    0.1831  -0.4883   1.8311  -0.0859  -0.2764
   0.9722]",112
378,2,"[[-0.1050218  -0.31891451  0.31108549]
 [ 0.29090188 -0.29291988  0.33708012]
 [-0.15152565 -0.23327697  0.39672303]
 [ 0.15152565  0.23327697 -0.39672303]
 [ 0.1050218   0.31891451 -0.31108549]
 [-0.29090188  0.29291988 -0.33708012]]","[2116. 2255.  916. 1949. 2200.  971. 1858. 2238.  933. 1979. 2255.  916.
 2146. 2200.  971. 2237. 2238.  933.]","[2093. 2236.  921. 1923. 2220.  949. 1855. 2237.  935. 2003. 2236.  921.
 2173. 2216.  947. 2239. 2234.  934.]","[-16.32     4.356   61.913    0.6714  -0.2441   2.1362  -0.1084  -0.249
   0.9331]",112
379,2,"[[-0.11081222 -0.31899861  0.31100139]
 [ 0.28945659 -0.29332179  0.33667821]
 [-0.14227758 -0.21925893  0.41074107]
 [ 0.14227758  0.21925893 -0.41074107]
 [ 0.11081222  0.31899861 -0.31100139]
 [-0.28945659  0.29332179 -0.33667821]]","[2120. 2255.  916. 1955. 2190.  981. 1859. 2239.  932. 1975. 2255.  916.
 2140. 2190.  981. 2236. 2239.  932.]","[2097. 2236.  920. 1930. 2214.  955. 1857. 2237.  937. 1998. 2235.  920.
 2166. 2209.  953. 2238. 2235.  933.]","[-16.282    4.378   62.007    0.9155  -0.1831   2.9907  -0.0815  -0.2158
   0.9512]",112
380,2,"[[-0.11655629 -0.31907387  0.31092613]
 [ 0.28792655 -0.29372622  0.33627378]
 [-0.13288855 -0.20583439  0.42416561]
 [ 0.13288855  0.20583439 -0.42416561]
 [ 0.11655629  0.31907387 -0.31092613]
 [-0.28792655  0.29372622 -0.33627378]]","[2123. 2256.  915. 1961. 2182.  989. 1860. 2239.  932. 1972. 2256.  915.
 2134. 2182.  989. 2235. 2239.  932.]","[2101. 2236.  920. 1938. 2211.  963. 1860. 2235.  935. 1993. 2235.  920.
 2159. 2202.  962. 2236. 2235.  933.]","[-1.6227e+01  4.4170e+00  6.2122e+01  7.9350e-01  6.1000e-02  3.1128e+00
 -5.7100e-02 -2.0210e-01  9.7070e-01]",112
381,2,"[[-0.1222516  -0.31914028  0.31085972]
 [ 0.28631181 -0.29413297  0.33586703]
 [-0.1233713  -0.19301977  0.43698023]
 [ 0.1233713   0.19301977 -0.43698023]
 [ 0.1222516   0.31914028 -0.31085972]
 [-0.28631181  0.29413297 -0.33586703]]","[2127. 2256.  915. 1967. 2173.  998. 1861. 2239.  932. 1968. 2256.  915.
 2128. 2173.  998. 2234. 2239.  932.]","[2106. 2236.  920. 1946. 2201.  971. 1860. 2234.  935. 1989. 2235.  919.
 2152. 2194.  972. 2235. 2234.  932.]","[-1.6161e+01  4.4550e+00  6.2238e+01  1.4038e+00 -1.8310e-01  2.1362e+00
 -4.8800e-02 -1.8750e-01  1.0166e+00]",112
382,2,"[[-0.12789577 -0.31919782  0.31080218]
 [ 0.28461247 -0.29454182  0.33545818]
 [-0.11373854 -0.18083067  0.44916933]
 [ 0.11373854  0.18083067 -0.44916933]
 [ 0.12789577  0.31919782 -0.31080218]
 [-0.28461247  0.29454182 -0.33545818]]","[2131. 2256.  915. 1973. 2165. 1006. 1862. 2240.  931. 1964. 2256.  915.
 2122. 2165. 1006. 2233. 2240.  931.]","[2112. 2236.  920. 1954. 2193.  979. 1860. 2233.  935. 1984. 2236.  919.
 2145. 2187.  981. 2233. 2235.  932.]","[-1.6068e+01  4.4660e+00  6.2309e+01  2.0142e+00 -3.0520e-01  7.3240e-01
 -3.4700e-02 -2.4220e-01  9.5310e-01]",112
383,2,"[[-0.13348644 -0.31924646  0.31075354]
 [ 0.28282864 -0.29495257  0.33504743]
 [-0.10400287 -0.16928194  0.46071806]
 [ 0.10400287  0.16928194 -0.46071806]
 [ 0.13348644  0.31924646 -0.31075354]
 [-0.28282864  0.29495257 -0.33504743]]","[2135. 2256.  915. 1980. 2158. 1013. 1863. 2240.  931. 1960. 2256.  915.
 2115. 2158. 1013. 2232. 2240.  931.]","[2117. 2236.  920. 1959. 2184.  988. 1861. 2233.  934. 1979. 2235.  918.
 2139. 2181.  987. 2232. 2234.  933.]","[-15.958    4.455   62.32     2.5024  -0.1831  -0.9766  -0.0742  -0.2783
   1.0312]",112
384,2,"[[-0.13902127 -0.31928619  0.31071381]
 [ 0.28096046 -0.29536502  0.33463498]
 [-0.09417679 -0.15838754  0.47161246]
 [ 0.09417679  0.15838754 -0.47161246]
 [ 0.13902127  0.31928619 -0.31071381]
 [-0.28096046  0.29536502 -0.33463498]]","[2138. 2256.  915. 1986. 2151. 1020. 1864. 2240.  931. 1957. 2256.  915.
 2109. 2151. 1020. 2231. 2240.  931.]","[2123. 2235.  920. 1966. 2176.  996. 1863. 2233.  934. 1975. 2235.  918.
 2131. 2177.  995. 2230. 2234.  933.]","[-15.831    4.427   62.276    3.2959   0.      -1.6479  -0.0898  -0.3184
   0.9346]",112
385,2,"[[-0.14449795 -0.31931702  0.31068298]
 [ 0.27900812 -0.29577895  0.33422105]
 [-0.08427271 -0.14816064  0.48183936]
 [ 0.08427271  0.14816064 -0.48183936]
 [ 0.14449795  0.31931702 -0.31068298]
 [-0.27900812  0.29577895 -0.33422105]]","[2142. 2256.  915. 1993. 2144. 1027. 1866. 2240.  931. 1953. 2256.  915.
 2102. 2144. 1027. 2229. 2240.  931.]","[2127. 2236.  920. 1973. 2168. 1004. 1864. 2233.  933. 1971. 2235.  919.
 2123. 2170. 1004. 2229. 2234.  933.]","[-15.699    4.411   62.21     2.5024   0.4272  -1.8311  -0.1372  -0.3643
   0.8994]",112
386,2,"[[-0.14991418 -0.31933896  0.31066104]
 [ 0.27697181 -0.29619418  0.33380582]
 [-0.07430292 -0.13861352  0.49138648]
 [ 0.07430292  0.13861352 -0.49138648]
 [ 0.14991418  0.31933896 -0.31066104]
 [-0.27697181  0.29619418 -0.33380582]]","[2145. 2256.  915. 1999. 2138. 1033. 1867. 2241.  930. 1950. 2256.  915.
 2096. 2138. 1033. 2228. 2241.  930.]","[2131. 2237.  920. 1980. 2160. 1012. 1865. 2233.  933. 1967. 2236.  918.
 2115. 2162. 1011. 2228. 2234.  933.]","[-15.617    4.417   62.15     1.4038   0.3052  -0.5493  -0.123   -0.3926
   0.9463]",112
387,2,"[[-0.1552677  -0.3193521   0.3106479 ]
 [ 0.27485177 -0.29661049  0.33338951]
 [-0.06427957 -0.12975759  0.50024241]
 [ 0.06427957  0.12975759 -0.50024241]
 [ 0.1552677   0.3193521  -0.3106479 ]
 [-0.27485177  0.29661049 -0.33338951]]","[2149. 2256.  915. 2006. 2132. 1039. 1868. 2241.  930. 1946. 2256.  915.
 2089. 2132. 1039. 2227. 2241.  930.]","[2134. 2238.  919. 1986. 2153. 1019. 1866. 2233.  932. 1964. 2236.  919.
 2110. 2155. 1018. 2226. 2234.  932.]","[-15.579    4.433   62.139    1.4038  -0.1221   0.9155  -0.0737  -0.3647
   0.9468]",112
388,2,"[[-0.16055627 -0.3193567   0.3106433 ]
 [ 0.27264828 -0.29702769  0.33297231]
 [-0.05421468 -0.12160338  0.50839662]
 [ 0.05421468  0.12160338 -0.50839662]
 [ 0.16055627  0.3193567  -0.3106433 ]
 [-0.27264828  0.29702769 -0.33297231]]","[2152. 2256.  915. 2012. 2127. 1044. 1870. 2241.  930. 1943. 2256.  915.
 2083. 2127. 1044. 2225. 2241.  930.]","[2136. 2239.  920. 1993. 2146. 1026. 1867. 2232.  932. 1962. 2235.  919.
 2104. 2149. 1025. 2226. 2233.  932.]","[-1.5540e+01  4.4440e+00  6.2183e+01  1.6479e+00 -5.4930e-01  1.4648e+00
 -1.2200e-02 -3.0910e-01  9.4680e-01]",112
389,2,"[[-0.16577767 -0.31934988  0.31065012]
 [ 0.27036164 -0.29744558  0.33255442]
 [-0.04412011 -0.11416049  0.51583951]
 [ 0.04412011  0.11416049 -0.51583951]
 [ 0.16577767  0.31934988 -0.31065012]
 [-0.27036164  0.29744558 -0.33255442]]","[2156. 2256.  915. 2019. 2122. 1049. 1871. 2241.  930. 1939. 2256.  915.
 2076. 2122. 1049. 2224. 2241.  930.]","[2139. 2239.  920. 2000. 2141. 1032. 1869. 2232.  932. 1959. 2236.  919.
 2098. 2142. 1031. 2225. 2233.  932.]","[-1.5491e+01  4.4380e+00  6.2238e+01  2.5024e+00 -3.0520e-01  7.9350e-01
 -1.7600e-02 -2.8270e-01  9.7510e-01]",112
390,2,"[[-0.17092973 -0.31931761  0.31068239]
 [ 0.26799218 -0.29786396  0.33213604]
 [-0.03400755 -0.10743765  0.52256235]
 [ 0.03400755  0.10743765 -0.52256235]
 [ 0.17092973  0.31931761 -0.31068239]
 [-0.26799218  0.29786396 -0.33213604]]","[2159. 2256.  915. 2025. 2118. 1053. 1873. 2242.  929. 1936. 2256.  915.
 2070. 2118. 1053. 2222. 2242.  929.]","[2141. 2239.  920. 2006. 2134. 1037. 1870. 2233.  932. 1956. 2235.  918.
 2091. 2136. 1036. 2224. 2233.  932.]","[-1.5408e+01  4.4220e+00  6.2254e+01  2.8687e+00 -3.6620e-01  6.1000e-02
 -6.5400e-02 -2.7930e-01  9.6140e-01]",112
391,2,"[[-0.17601029 -0.31925487  0.31074513]
 [ 0.26554027 -0.29828264  0.33171736]
 [-0.02388855 -0.10144262  0.52855738]
 [ 0.02388855  0.10144262 -0.52855738]
 [ 0.17601029  0.31925487 -0.31074513]
 [-0.26554027  0.29828264 -0.33171736]]","[2162. 2256.  915. 2032. 2114. 1057. 1874. 2242.  929. 1933. 2256.  915.
 2063. 2114. 1057. 2221. 2242.  929.]","[2144. 2239.  920. 2012. 2129. 1042. 1872. 2233.  932. 1954. 2236.  919.
 2085. 2131. 1042. 2223. 2233.  931.]","[-15.32     4.4     62.254    2.5024  -0.4272  -0.3662  -0.0815  -0.23
   0.9551]",112
392,2,"[[-0.18101722 -0.31916519  0.31083481]
 [ 0.2630063  -0.29870142  0.33129858]
 [-0.01377446 -0.09618226  0.53381774]
 [ 0.01377446  0.09618226 -0.53381774]
 [ 0.18101722  0.31916519 -0.31083481]
 [-0.2630063   0.29870142 -0.33129858]]","[2166. 2256.  915. 2039. 2110. 1061. 1876. 2242.  929. 1929. 2256.  915.
 2056. 2110. 1061. 2219. 2242.  929.]","[2147. 2240.  920. 2017. 2124. 1047. 1873. 2233.  932. 1950. 2236.  919.
 2077. 2126. 1047. 2221. 2234.  931.]","[-15.249    4.378   62.243    1.8921  -0.1831  -0.3052  -0.0962  -0.2344
   0.9536]",112
393,2,"[[-0.18594842 -0.31904962  0.31095038]
 [ 0.2603907  -0.29912011  0.33087989]
 [-0.00367644 -0.09166248  0.53833752]
 [ 0.00367644  0.09166248 -0.53833752]
 [ 0.18594842  0.31904962 -0.31095038]
 [-0.2603907   0.29912011 -0.33087989]]","[2169. 2255.  915. 2045. 2107. 1064. 1878. 2242.  928. 1926. 2255.  915.
 2050. 2107. 1064. 2217. 2242.  928.]","[2150. 2240.  919. 2024. 2120. 1052. 1874. 2232.  932. 1947. 2236.  919.
 2071. 2121. 1051. 2220. 2233.  932.]","[-1.5194e+01  4.3730e+00  6.2243e+01  1.2207e+00 -1.8310e-01  6.1000e-02
 -8.3000e-02 -2.1290e-01  9.6240e-01]",112
394,2,"[[-0.19080185 -0.31890867  0.31109133]
 [ 0.25769394 -0.29953852  0.33046148]
 [ 0.00639453 -0.08788824  0.54211176]
 [-0.00639453  0.08788824 -0.54211176]
 [ 0.19080185  0.31890867 -0.31109133]
 [-0.25769394  0.29953852 -0.33046148]]","[2172. 2255.  916. 2052. 2105. 1066. 1880. 2243.  928. 1923. 2255.  916.
 2043. 2105. 1066. 2215. 2243.  928.]","[2153. 2240.  920. 2031. 2116. 1056. 1877. 2232.  931. 1944. 2236.  919.
 2064. 2117. 1056. 2218. 2234.  931.]","[-15.156    4.367   62.254    0.5493  -0.1831   0.3662  -0.0732  -0.2207
   0.9497]",112
395,2,"[[-0.19557545 -0.31874284  0.31125716]
 [ 0.2549165  -0.29995646  0.33004354]
 [ 0.01642766 -0.08486356  0.54513644]
 [-0.01642766  0.08486356 -0.54513644]
 [ 0.19557545  0.31874284 -0.31125716]
 [-0.2549165   0.29995646 -0.33004354]]","[2175. 2255.  916. 2058. 2103. 1068. 1881. 2243.  928. 1920. 2255.  916.
 2037. 2103. 1068. 2214. 2243.  928.]","[2157. 2240.  919. 2038. 2113. 1059. 1879. 2233.  931. 1940. 2236.  919.
 2058. 2114. 1059. 2215. 2233.  931.]","[-1.5145e+01  4.3670e+00  6.2265e+01 -2.4410e-01  0.0000e+00  1.8310e-01
 -6.1000e-02 -2.1680e-01  9.5120e-01]",112
396,2,"[[-0.20026725 -0.3185526   0.3114474 ]
 [ 0.25205892 -0.30037375  0.32962625]
 [ 0.0264124  -0.08259152  0.54740848]
 [-0.0264124   0.08259152 -0.54740848]
 [ 0.20026725  0.3185526  -0.3114474 ]
 [-0.25205892  0.30037375 -0.32962625]]","[2178. 2255.  916. 2065. 2101. 1070. 1883. 2243.  928. 1917. 2255.  916.
 2030. 2101. 1070. 2212. 2243.  928.]","[2160. 2240.  920. 2044. 2110. 1062. 1880. 2233.  930. 1937. 2235.  919.
 2051. 2111. 1062. 2213. 2234.  931.]","[-15.156    4.367   62.265   -0.8545   0.1221  -0.1831  -0.0698  -0.2197
   0.9653]",112
397,2,"[[-0.20487527 -0.31833848  0.31166152]
 [ 0.24912175 -0.3007902   0.3292098 ]
 [ 0.03633837 -0.08107436  0.54892564]
 [-0.03633837  0.08107436 -0.54892564]
 [ 0.20487527  0.31833848 -0.31166152]
 [-0.24912175  0.3007902  -0.3292098 ]]","[2181. 2255.  916. 2071. 2100. 1071. 1885. 2244.  927. 1914. 2255.  916.
 2024. 2100. 1071. 2210. 2244.  927.]","[2163. 2240.  919. 2051. 2108. 1065. 1882. 2232.  930. 1934. 2235.  919.
 2044. 2109. 1064. 2212. 2234.  931.]","[-15.183    4.373   62.249   -1.1597   0.1831  -0.3662  -0.082   -0.2407
   0.9624]",112
398,2,"[[-0.20939759 -0.31810101  0.31189899]
 [ 0.24610558 -0.30120563  0.32879437]
 [ 0.04619545 -0.08031546  0.54968454]
 [-0.04619545  0.08031546 -0.54968454]
 [ 0.20939759  0.31810101 -0.31189899]
 [-0.24610558  0.30120563 -0.32879437]]","[2184. 2255.  916. 2078. 2100. 1071. 1887. 2244.  927. 1911. 2255.  916.
 2017. 2100. 1071. 2208. 2244.  927.]","[2166. 2240.  920. 2058. 2106. 1067. 1884. 2232.  929. 1932. 2235.  919.
 2037. 2106. 1067. 2210. 2234.  931.]","[-15.227    4.378   62.238   -1.5259   0.2441  -0.2441  -0.0806  -0.2554
   0.9507]",112
399,2,"[[-0.21383231 -0.31784076  0.31215924]
 [ 0.24301104 -0.30161985  0.32838015]
 [ 0.0559737  -0.08033224  0.54966776]
 [-0.0559737   0.08033224 -0.54966776]
 [ 0.21383231  0.31784076 -0.31215924]
 [-0.24301104  0.30161985 -0.32838015]]","[2187. 2255.  916. 2084. 2100. 1071. 1889. 2244.  927. 1908. 2255.  916.
 2011. 2100. 1071. 2206. 2244.  927.]","[2170. 2240.  920. 2064. 2104. 1068. 1886. 2233.  928. 1928. 2235.  919.
 2031. 2105. 1068. 2208. 2234.  931.]","[-1.5276e+01  4.3840e+00  6.2227e+01 -1.7090e+00  2.4410e-01 -6.1000e-02
 -7.5200e-02 -2.7590e-01  9.5610e-01]",112
400,2,"[[-0.21817759 -0.31755832  0.31244168]
 [ 0.23983877 -0.30203269  0.32796731]
 [ 0.06566345 -0.08086452  0.54913548]
 [-0.06566345  0.08086452 -0.54913548]
 [ 0.21817759  0.31755832 -0.31244168]
 [-0.23983877  0.30203269 -0.32796731]]","[2190. 2255.  916. 2090. 2100. 1071. 1891. 2244.  927. 1905. 2255.  916.
 2005. 2100. 1071. 2204. 2244.  927.]","[2173. 2239.  919. 2071. 2103. 1069. 1887. 2232.  929. 1925. 2235.  919.
 2025. 2104. 1069. 2205. 2234.  930.]","[-15.331    4.395   62.221   -1.3428   0.1831   0.      -0.0796  -0.2808
   0.9814]",112
401,2,"[[-0.2224316  -0.31725428  0.31274572]
 [ 0.23658947 -0.30244397  0.32755603]
 [ 0.07525522 -0.08144823  0.54855177]
 [-0.07525522  0.08144823 -0.54855177]
 [ 0.2224316   0.31725428 -0.31274572]
 [-0.23658947  0.30244397 -0.32755603]]","[2193. 2254.  917. 2097. 2101. 1070. 1893. 2245.  926. 1902. 2254.  917.
 1998. 2101. 1070. 2202. 2245.  926.]","[2175. 2240.  920. 2077. 2102. 1069. 1890. 2233.  928. 1922. 2235.  919.
 2019. 2104. 1070. 2204. 2234.  930.]","[-1.5353e+01  4.4000e+00  6.2232e+01 -3.0520e-01 -6.1000e-02  5.4930e-01
 -9.8600e-02 -2.8860e-01  9.7460e-01]",112
402,2,"[[-0.22659256 -0.31692926  0.31307074]
 [ 0.23326385 -0.30285351  0.32714649]
 [ 0.08473981 -0.08220118  0.54779882]
 [-0.08473981  0.08220118 -0.54779882]
 [ 0.22659256  0.31692926 -0.31307074]
 [-0.23326385  0.30285351 -0.32714649]]","[2195. 2254.  917. 2103. 2101. 1070. 1895. 2245.  926. 1900. 2254.  917.
 1992. 2101. 1070. 2200. 2245.  926.]","[2178. 2240.  920. 2084. 2102. 1069. 1893. 2233.  928. 1919. 2236.  919.
 2011. 2104. 1069. 2202. 2234.  930.]","[-15.359    4.406   62.271   -0.1221  -0.3052   1.0986  -0.0757  -0.2891
   0.9395]",112
403,2,"[[-0.23065874 -0.31658389  0.31341611]
 [ 0.22986266 -0.30326114  0.32673886]
 [ 0.09410823 -0.08317186  0.54682814]
 [-0.09410823  0.08317186 -0.54682814]
 [ 0.23065874  0.31658389 -0.31341611]
 [-0.22986266  0.30326114 -0.32673886]]","[2198. 2254.  917. 2109. 2102. 1069. 1898. 2245.  926. 1897. 2254.  917.
 1986. 2102. 1069. 2197. 2245.  926.]","[2181. 2240.  920. 2090. 2103. 1069. 1894. 2232.  928. 1916. 2236.  919.
 2005. 2104. 1069. 2200. 2234.  930.]","[-1.5364e+01  4.4110e+00  6.2309e+01 -3.6620e-01 -6.1000e-02  7.9350e-01
 -6.8400e-02 -2.8120e-01  9.5070e-01]",112
404,2,"[[-0.23462842 -0.31621883  0.31378117]
 [ 0.22638669 -0.30366669  0.32633331]
 [ 0.10335173 -0.08437276  0.54562724]
 [-0.10335173  0.08437276 -0.54562724]
 [ 0.23462842  0.31621883 -0.31378117]
 [-0.22638669  0.30366669 -0.32633331]]","[2200. 2254.  917. 2115. 2103. 1068. 1900. 2245.  926. 1895. 2254.  917.
 1980. 2103. 1068. 2195. 2245.  926.]","[2183. 2239.  920. 2097. 2103. 1069. 1896. 2233.  927. 1913. 2235.  919.
 1999. 2104. 1069. 2197. 2234.  929.]","[-1.5375e+01  4.4170e+00  6.2331e+01 -1.2210e-01 -6.1000e-02  3.0520e-01
 -5.7100e-02 -2.8220e-01  9.7900e-01]",112
405,2,"[[-0.23849996 -0.31583474  0.31416526]
 [ 0.22283676 -0.30407     0.32593   ]
 [ 0.11246183 -0.08580888  0.54419112]
 [-0.11246183  0.08580888 -0.54419112]
 [ 0.23849996  0.31583474 -0.31416526]
 [-0.22283676  0.30407    -0.32593   ]]","[2203. 2253.  918. 2121. 2103. 1068. 1902. 2246.  925. 1892. 2253.  918.
 1974. 2103. 1068. 2193. 2246.  925.]","[2185. 2239.  920. 2102. 2103. 1069. 1899. 2233.  927. 1911. 2235.  920.
 1993. 2104. 1069. 2195. 2234.  929.]","[-1.5375e+01  4.4170e+00  6.2336e+01  1.2210e-01  0.0000e+00 -6.1000e-02
 -7.4700e-02 -2.7490e-01  9.4780e-01]",112
406,2,"[[-0.24227174 -0.3154323   0.3145677 ]
 [ 0.2192137  -0.30447088  0.32552912]
 [ 0.12143027 -0.08748375  0.54251625]
 [-0.12143027  0.08748375 -0.54251625]
 [ 0.24227174  0.3154323  -0.3145677 ]
 [-0.2192137   0.30447088 -0.32552912]]","[2205. 2253.  918. 2127. 2105. 1066. 1905. 2246.  925. 1890. 2253.  918.
 1968. 2105. 1066. 2190. 2246.  925.]","[2187. 2240.  920. 2109. 2104. 1069. 1901. 2232.  927. 1908. 2236.  920.
 1986. 2104. 1069. 2193. 2234.  929.]","[-15.375    4.417   62.331    0.       0.       0.      -0.083   -0.2681
   0.9595]",112
407,2,"[[-0.24594216 -0.31501218  0.31498782]
 [ 0.2155184  -0.30486919  0.32513081]
 [ 0.13024908 -0.08940054  0.54059946]
 [-0.13024908  0.08940054 -0.54059946]
 [ 0.24594216  0.31501218 -0.31498782]
 [-0.2155184   0.30486919 -0.32513081]]","[2208. 2253.  918. 2132. 2106. 1065. 1907. 2246.  925. 1887. 2253.  918.
 1963. 2106. 1065. 2188. 2246.  925.]","[2190. 2239.  920. 2114. 2104. 1068. 1903. 2232.  927. 1906. 2235.  920.
 1980. 2104. 1068. 2190. 2234.  929.]","[-1.5375e+01  4.4170e+00  6.2336e+01  0.0000e+00 -6.1000e-02  1.2210e-01
 -7.9100e-02 -2.5930e-01  9.6630e-01]",112
408,2,"[[-0.24950971 -0.31457509  0.31542491]
 [ 0.21175177 -0.30526476  0.32473524]
 [ 0.13891049 -0.09156224  0.53843776]
 [-0.13891049  0.09156224 -0.53843776]
 [ 0.24950971  0.31457509 -0.31542491]
 [-0.21175177  0.30526476 -0.32473524]]","[2210. 2253.  918. 2138. 2107. 1064. 1909. 2247.  924. 1885. 2253.  918.
 1957. 2107. 1064. 2186. 2247.  924.]","[2193. 2239.  920. 2120. 2105. 1066. 1906. 2233.  927. 1904. 2235.  920.
 1975. 2105. 1066. 2188. 2234.  929.]","[-1.5370e+01  4.4170e+00  6.2342e+01  6.1000e-02  0.0000e+00  6.1000e-02
 -7.4700e-02 -2.5780e-01  9.5410e-01]",112
409,2,"[[-0.25297288 -0.31412173  0.31587827]
 [ 0.20791474 -0.30565742  0.32434258]
 [ 0.14740704 -0.09397166  0.53602834]
 [-0.14740704  0.09397166 -0.53602834]
 [ 0.25297288  0.31412173 -0.31587827]
 [-0.20791474  0.30565742 -0.32434258]]","[2212. 2252.  919. 2144. 2109. 1062. 1912. 2247.  924. 1883. 2252.  919.
 1951. 2109. 1062. 2183. 2247.  924.]","[2196. 2239.  920. 2126. 2106. 1065. 1908. 2233.  926. 1902. 2235.  920.
 1970. 2106. 1065. 2186. 2234.  929.]","[-15.375    4.417   62.342   -0.1221   0.       0.      -0.0649  -0.2568
   0.96  ]",112
410,2,"[[-0.25633023 -0.31365281  0.31634719]
 [ 0.20400829 -0.30604702  0.32395298]
 [ 0.15573149 -0.09663147  0.53336853]
 [-0.15573149  0.09663147 -0.53336853]
 [ 0.25633023  0.31365281 -0.31634719]
 [-0.20400829  0.30604702 -0.32395298]]","[2215. 2252.  919. 2149. 2110. 1060. 1915. 2247.  924. 1880. 2252.  919.
 1946. 2110. 1060. 2180. 2247.  924.]","[2198. 2240.  921. 2132. 2108. 1064. 1910. 2233.  926. 1900. 2235.  921.
 1964. 2108. 1064. 2183. 2234.  927.]","[-1.5381e+01  4.4170e+00  6.2336e+01 -3.0520e-01  6.1000e-02 -1.2210e-01
 -6.7900e-02 -2.5630e-01  9.5900e-01]",112
411,2,"[[-0.25958036 -0.31316906  0.31683094]
 [ 0.20003343 -0.3064334   0.3235666 ]
 [ 0.16387688 -0.09954416  0.53045584]
 [-0.16387688  0.09954416 -0.53045584]
 [ 0.25958036  0.31316906 -0.31683094]
 [-0.20003343  0.3064334  -0.3235666 ]]","[2217. 2252.  919. 2154. 2112. 1059. 1917. 2247.  924. 1878. 2252.  919.
 1941. 2112. 1059. 2178. 2247.  924.]","[2201. 2240.  922. 2137. 2109. 1062. 1913. 2232.  926. 1897. 2235.  922.
 1958. 2109. 1062. 2181. 2234.  927.]","[-1.5397e+01  4.4170e+00  6.2331e+01 -4.2720e-01  6.1000e-02 -1.8310e-01
 -7.0800e-02 -2.6370e-01  9.5800e-01]",112
412,2,"[[-0.26272189 -0.31267119  0.31732881]
 [ 0.19599118 -0.30681641  0.32318359]
 [ 0.17183648 -0.10271207  0.52728793]
 [-0.17183648  0.10271207 -0.52728793]
 [ 0.26272189  0.31267119 -0.31732881]
 [-0.19599118  0.30681641 -0.32318359]]","[2219. 2251.  920. 2160. 2114. 1057. 1920. 2248.  923. 1876. 2251.  920.
 1935. 2114. 1057. 2175. 2248.  923.]","[2203. 2239.  921. 2143. 2111. 1061. 1915. 2233.  926. 1895. 2235.  921.
 1952. 2110. 1061. 2178. 2234.  927.]","[-1.5414e+01  4.4170e+00  6.2325e+01 -6.7140e-01  6.1000e-02 -6.1000e-02
 -8.0100e-02 -2.6560e-01  9.5610e-01]",112
413,2,"[[-0.26575353 -0.31215993  0.31784007]
 [ 0.19188261 -0.30719591  0.32280409]
 [ 0.17960385 -0.10613734  0.52386266]
 [-0.17960385  0.10613734 -0.52386266]
 [ 0.26575353  0.31215993 -0.31784007]
 [-0.19188261  0.30719591 -0.32280409]]","[2221. 2251.  920. 2165. 2117. 1054. 1922. 2248.  923. 1874. 2251.  920.
 1930. 2117. 1054. 2173. 2248.  923.]","[2206. 2240.  922. 2149. 2113. 1059. 1918. 2233.  925. 1893. 2235.  922.
 1947. 2112. 1059. 2176. 2235.  926.]","[-1.5436e+01  4.4170e+00  6.2325e+01 -6.1040e-01  6.1000e-02  0.0000e+00
 -7.8100e-02 -2.6220e-01  9.6530e-01]",112
414,2,"[[-0.268674   -0.31163602  0.31836398]
 [ 0.18770882 -0.30757173  0.32242827]
 [ 0.18717281 -0.10982196  0.52017804]
 [-0.18717281  0.10982196 -0.52017804]
 [ 0.268674    0.31163602 -0.31836398]
 [-0.18770882  0.30757173 -0.32242827]]","[2223. 2251.  920. 2170. 2119. 1052. 1925. 2248.  923. 1872. 2251.  920.
 1925. 2119. 1052. 2170. 2248.  923.]","[2208. 2239.  922. 2154. 2114. 1057. 1920. 2233.  925. 1890. 2235.  922.
 1941. 2114. 1057. 2173. 2235.  926.]","[-1.5447e+01  4.4170e+00  6.2320e+01 -3.0520e-01  0.0000e+00 -6.1000e-02
 -8.4500e-02 -2.7100e-01  9.6730e-01]",112
415,2,"[[-0.27148208 -0.31110019  0.31889981]
 [ 0.18347093 -0.30794374  0.32205626]
 [ 0.19453741 -0.11376773  0.51623227]
 [-0.19453741  0.11376773 -0.51623227]
 [ 0.27148208  0.31110019 -0.31889981]
 [-0.18347093  0.30794374 -0.32205626]]","[2224. 2250.  921. 2174. 2122. 1049. 1928. 2248.  923. 1871. 2250.  921.
 1921. 2122. 1049. 2167. 2248.  923.]","[2210. 2240.  923. 2159. 2116. 1055. 1923. 2233.  925. 1887. 2236.  923.
 1936. 2117. 1055. 2171. 2235.  926.]","[-15.458    4.422   62.32    -0.3662   0.       0.      -0.085   -0.272
   0.9429]",112
416,2,"[[-0.27417659 -0.31055317  0.31944683]
 [ 0.1791701  -0.30831178  0.32168822]
 [ 0.201692   -0.11797624  0.51202376]
 [-0.201692    0.11797624 -0.51202376]
 [ 0.27417659  0.31055317 -0.31944683]
 [-0.1791701   0.30831178 -0.32168822]]","[2226. 2250.  921. 2179. 2124. 1047. 1931. 2248.  922. 1869. 2250.  921.
 1916. 2124. 1047. 2164. 2248.  922.]","[2212. 2239.  923. 2164. 2119. 1053. 1926. 2233.  925. 1885. 2236.  923.
 1931. 2119. 1053. 2168. 2235.  926.]","[-1.5474e+01  4.4220e+00  6.2320e+01 -4.8830e-01  6.1000e-02  6.1000e-02
 -7.1300e-02 -2.7200e-01  9.6780e-01]",112
417,2,"[[-0.27675642 -0.30999571  0.32000429]
 [ 0.1748075  -0.30867573  0.32132427]
 [ 0.20863116 -0.12244893  0.50755107]
 [-0.20863116  0.12244893 -0.50755107]
 [ 0.27675642  0.30999571 -0.32000429]
 [-0.1748075   0.30867573 -0.32132427]]","[2228. 2250.  921. 2184. 2127. 1044. 1934. 2249.  922. 1867. 2250.  921.
 1911. 2127. 1044. 2161. 2249.  922.]","[2213. 2240.  923. 2169. 2122. 1050. 1929. 2233.  924. 1883. 2235.  923.
 1926. 2121. 1050. 2165. 2235.  926.]","[-15.491    4.427   62.32    -0.3662   0.       0.      -0.0635  -0.27
   0.9609]",112
418,2,"[[-0.27922047 -0.30942853  0.32057147]
 [ 0.17038436 -0.30903543  0.32096457]
 [ 0.21534975 -0.12718701  0.50281299]
 [-0.21534975  0.12718701 -0.50281299]
 [ 0.27922047  0.30942853 -0.32057147]
 [-0.17038436  0.30903543 -0.32096457]]","[2230. 2249.  922. 2188. 2130. 1041. 1936. 2249.  922. 1865. 2249.  922.
 1907. 2130. 1041. 2159. 2249.  922.]","[2215. 2239.  924. 2174. 2124. 1048. 1931. 2233.  924. 1881. 2235.  923.
 1921. 2124. 1048. 2162. 2235.  926.]","[-15.496    4.422   62.32    -0.1831   0.      -0.1221  -0.0723  -0.271
   0.9565]",112
419,2,"[[-0.28156772 -0.30885238  0.32114762]
 [ 0.16590191 -0.30939076  0.32060924]
 [ 0.22184288 -0.13219153  0.49780847]
 [-0.22184288  0.13219153 -0.49780847]
 [ 0.28156772  0.30885238 -0.32114762]
 [-0.16590191  0.30939076 -0.32060924]]","[2231. 2249.  922. 2192. 2134. 1037. 1939. 2249.  922. 1864. 2249.  922.
 1903. 2134. 1037. 2156. 2249.  922.]","[2217. 2239.  924. 2179. 2127. 1045. 1934. 2233.  924. 1879. 2235.  924.
 1916. 2127. 1046. 2159. 2235.  925.]","[-15.513    4.422   62.309   -0.3662   0.      -0.1831  -0.0776  -0.272
   0.9512]",112
420,2,"[[-0.28379718 -0.30826799  0.32173201]
 [ 0.16136142 -0.30974158  0.32025842]
 [ 0.22810593 -0.1374633   0.4925367 ]
 [-0.22810593  0.1374633  -0.4925367 ]
 [ 0.28379718  0.30826799 -0.32173201]
 [-0.16136142  0.30974158 -0.32025842]]","[2233. 2248.  923. 2196. 2137. 1034. 1942. 2249.  922. 1862. 2248.  923.
 1899. 2137. 1034. 2153. 2249.  922.]","[2219. 2239.  924. 2183. 2130. 1042. 1936. 2233.  924. 1877. 2235.  924.
 1912. 2130. 1042. 2157. 2235.  925.]","[-1.5524e+01  4.4220e+00  6.2303e+01 -3.6620e-01  6.1000e-02 -1.2210e-01
 -8.0600e-02 -2.7200e-01  9.6440e-01]",112
421,2,"[[-0.28590793 -0.30767609  0.32232391]
 [ 0.15676421 -0.31008776  0.31991224]
 [ 0.23413453 -0.14300296  0.48699704]
 [-0.23413453  0.14300296 -0.48699704]
 [ 0.28590793  0.30767609 -0.32232391]
 [-0.15676421  0.31008776 -0.31991224]]","[2234. 2248.  923. 2200. 2141. 1030. 1945. 2250.  921. 1861. 2248.  923.
 1895. 2141. 1030. 2150. 2250.  921.]","[2221. 2239.  925. 2187. 2133. 1039. 1939. 2233.  923. 1876. 2235.  925.
 1907. 2133. 1039. 2154. 2235.  925.]","[-15.535    4.422   62.303   -0.2441   0.       0.      -0.0864  -0.272
   0.96  ]",112
422,2,"[[-0.28789908 -0.3070774   0.3229226 ]
 [ 0.15211158 -0.31042916  0.31957084]
 [ 0.23992458 -0.14881094  0.48118906]
 [-0.23992458  0.14881094 -0.48118906]
 [ 0.28789908  0.3070774  -0.3229226 ]
 [-0.15211158  0.31042916 -0.31957084]]","[2235. 2248.  923. 2204. 2145. 1026. 1948. 2250.  921. 1860. 2248.  923.
 1891. 2145. 1026. 2147. 2250.  921.]","[2223. 2239.  925. 2192. 2136. 1036. 1941. 2233.  923. 1874. 2235.  925.
 1903. 2136. 1036. 2151. 2236.  925.]","[-15.546    4.427   62.309   -0.2441   0.       0.1221  -0.0752  -0.2715
   0.9561]",112
423,2,"[[-0.2897698  -0.30647265  0.32352735]
 [ 0.1474049  -0.31076567  0.31923433]
 [ 0.24547222 -0.15488745  0.47511255]
 [-0.24547222  0.15488745 -0.47511255]
 [ 0.2897698   0.30647265 -0.32352735]
 [-0.1474049   0.31076567 -0.31923433]]","[2236. 2247.  924. 2208. 2148. 1022. 1951. 2250.  921. 1859. 2247.  924.
 1887. 2148. 1022. 2144. 2250.  921.]","[2225. 2239.  925. 2196. 2140. 1032. 1944. 2234.  923. 1872. 2235.  925.
 1900. 2140. 1033. 2148. 2235.  925.]","[-15.557    4.427   62.309   -0.3052   0.       0.      -0.0713  -0.2705
   0.9546]",112
424,2,"[[-0.29151931 -0.30586256  0.32413744]
 [ 0.14264554 -0.31109716  0.31890284]
 [ 0.25077387 -0.1612325   0.4687675 ]
 [-0.25077387  0.1612325  -0.4687675 ]
 [ 0.29151931  0.30586256 -0.32413744]
 [-0.14264554  0.31109716 -0.31890284]]","[2238. 2247.  924. 2211. 2153. 1018. 1955. 2250.  921. 1857. 2247.  924.
 1884. 2153. 1018. 2140. 2250.  921.]","[2227. 2239.  926. 2199. 2144. 1029. 1947. 2235.  923. 1871. 2235.  926.
 1896. 2143. 1029. 2146. 2236.  924.]","[-1.5568e+01  4.4330e+00  6.2303e+01 -3.0520e-01  6.1000e-02 -6.1000e-02
 -7.5700e-02 -2.7200e-01  9.5800e-01]",112
425,2,"[[-0.29314686 -0.30524785  0.32475215]
 [ 0.13783492 -0.31142351  0.31857649]
 [ 0.25582618 -0.16784588  0.46215412]
 [-0.25582618  0.16784588 -0.46215412]
 [ 0.29314686  0.30524785 -0.32475215]
 [-0.13783492  0.31142351 -0.31857649]]","[2239. 2246.  924. 2214. 2157. 1014. 1958. 2251.  920. 1856. 2246.  924.
 1881. 2157. 1014. 2137. 2251.  920.]","[2228. 2239.  926. 2203. 2148. 1025. 1951. 2236.  923. 1869. 2235.  926.
 1892. 2147. 1025. 2142. 2236.  924.]","[-1.5584e+01  4.4330e+00  6.2303e+01 -3.6620e-01  6.1000e-02 -6.1000e-02
 -7.8100e-02 -2.7000e-01  9.6290e-01]",112
426,2,"[[-0.29465179 -0.30462922  0.32537078]
 [ 0.13297447 -0.31174459  0.31825541]
 [ 0.26062606 -0.17472718  0.45527282]
 [-0.26062606  0.17472718 -0.45527282]
 [ 0.29465179  0.30462922 -0.32537078]
 [-0.13297447  0.31174459 -0.31825541]]","[2240. 2246.  925. 2217. 2161. 1010. 1961. 2251.  920. 1855. 2246.  925.
 1878. 2161. 1010. 2134. 2251.  920.]","[2230. 2239.  926. 2206. 2151. 1020. 1953. 2236.  923. 1868. 2235.  926.
 1889. 2151. 1021. 2140. 2236.  924.]","[-1.5606e+01  4.4380e+00  6.2303e+01 -5.4930e-01  0.0000e+00  6.1000e-02
 -7.8100e-02 -2.7150e-01  9.4820e-01]",112
427,2,"[[-0.29603347 -0.30400736  0.32599264]
 [ 0.12806565 -0.3120603   0.3179397 ]
 [ 0.26517069 -0.18187577  0.44812423]
 [-0.26517069  0.18187577 -0.44812423]
 [ 0.29603347  0.30400736 -0.32599264]
 [-0.12806565  0.3120603  -0.3179397 ]]","[2240. 2246.  925. 2220. 2166. 1005. 1964. 2251.  920. 1855. 2246.  925.
 1875. 2166. 1005. 2131. 2251.  920.]","[2232. 2239.  927. 2211. 2156. 1016. 1958. 2237.  922. 1866. 2235.  927.
 1884. 2155. 1016. 2135. 2236.  924.]","[-15.639    4.444   62.309   -0.8545   0.1221   0.1831  -0.0732  -0.2656
   0.9517]",112
428,2,"[[-0.2972913  -0.30338299  0.32661701]
 [ 0.12310995 -0.31237052  0.31762948]
 [ 0.26945749 -0.18929079  0.44070921]
 [-0.26945749  0.18929079 -0.44070921]
 [ 0.2972913   0.30338299 -0.32661701]
 [-0.12310995  0.31237052 -0.31762948]]","[2241. 2245.  926. 2223. 2171. 1000. 1967. 2251.  920. 1854. 2245.  926.
 1872. 2171. 1000. 2128. 2251.  920.]","[2234. 2238.  927. 2214. 2160. 1012. 1960. 2237.  922. 1865. 2235.  927.
 1881. 2160. 1012. 2132. 2237.  924.]","[-1.5699e+01  4.4550e+00  6.2314e+01 -8.5450e-01  6.1000e-02  0.0000e+00
 -7.4200e-02 -2.6460e-01  9.5900e-01]",112
429,2,"[[-0.29842478 -0.30275678  0.32724322]
 [ 0.11810887 -0.31267514  0.31732486]
 [ 0.27348411 -0.19697119  0.43302881]
 [-0.27348411  0.19697119 -0.43302881]
 [ 0.29842478  0.30275678 -0.32724322]
 [-0.11810887  0.31267514 -0.31732486]]","[2242. 2245.  926. 2226. 2176.  995. 1971. 2251.  920. 1853. 2245.  926.
 1869. 2176.  995. 2124. 2251.  920.]","[2235. 2238.  928. 2217. 2164. 1008. 1963. 2237.  922. 1864. 2235.  928.
 1879. 2163. 1008. 2130. 2237.  924.]","[-15.727    4.46    62.314   -0.7935   0.1221   0.      -0.0757  -0.2681
   0.9502]",112
430,2,"[[-0.29943342 -0.30212941  0.32787059]
 [ 0.11306395 -0.31297405  0.31702595]
 [ 0.27724847 -0.20491568  0.42508432]
 [-0.27724847  0.20491568 -0.42508432]
 [ 0.29943342  0.30212941 -0.32787059]
 [-0.11306395  0.31297405 -0.31702595]]","[2243. 2244.  927. 2228. 2181.  990. 1974. 2252.  919. 1852. 2244.  927.
 1867. 2181.  990. 2121. 2252.  919.]","[2236. 2238.  928. 2220. 2169. 1004. 1965. 2237.  922. 1862. 2235.  928.
 1876. 2168. 1004. 2127. 2237.  924.]","[-1.5765e+01  4.4600e+00  6.2309e+01 -9.7660e-01  6.1000e-02  0.0000e+00
 -7.7100e-02 -2.7340e-01  9.5260e-01]",112
431,2,"[[-0.30031681 -0.30150156  0.32849844]
 [ 0.10797674 -0.31326714  0.31673286]
 [ 0.28074873 -0.21312275  0.41687725]
 [-0.28074873  0.21312275 -0.41687725]
 [ 0.30031681  0.30150156 -0.32849844]
 [-0.10797674  0.31326714 -0.31673286]]","[2243. 2244.  927. 2231. 2186.  985. 1977. 2252.  919. 1852. 2244.  927.
 1864. 2186.  985. 2118. 2252.  919.]","[2238. 2237.  929. 2223. 2174.  998. 1969. 2238.  922. 1861. 2235.  929.
 1872. 2173.  999. 2123. 2237.  924.]","[-1.5809e+01  4.4660e+00  6.2309e+01 -1.2207e+00  6.1000e-02  0.0000e+00
 -7.6200e-02 -2.7590e-01  9.5070e-01]",112
432,2,"[[-0.30107457 -0.30087388  0.32912612]
 [ 0.10284884 -0.31355432  0.31644568]
 [ 0.28398329 -0.2215907   0.4084093 ]
 [-0.28398329  0.2215907  -0.4084093 ]
 [ 0.30107457  0.30087388 -0.32912612]
 [-0.10284884  0.31355432 -0.31644568]]","[2244. 2244.  927. 2233. 2192.  979. 1980. 2252.  919. 1851. 2244.  927.
 1862. 2192.  979. 2115. 2252.  919.]","[2239. 2237.  929. 2226. 2180.  992. 1973. 2238.  922. 1859. 2235.  929.
 1869. 2179.  992. 2120. 2238.  923.]","[-15.853    4.471   62.309   -1.1597   0.1831   0.      -0.0781  -0.2803
   0.9648]",112
433,2,"[[-0.3017064  -0.30024702  0.32975298]
 [ 0.09768184 -0.31383548  0.31616452]
 [ 0.28695078 -0.23031757  0.39968243]
 [-0.28695078  0.23031757 -0.39968243]
 [ 0.3017064   0.30024702 -0.32975298]
 [-0.09768184  0.31383548 -0.31616452]]","[2244. 2243.  928. 2235. 2198.  973. 1984. 2252.  919. 1851. 2243.  928.
 1860. 2198.  973. 2111. 2252.  919.]","[2240. 2237.  929. 2228. 2183.  989. 1975. 2239.  922. 1859. 2235.  929.
 1867. 2182.  990. 2118. 2238.  923.]","[-15.892    4.477   62.303   -0.9766   0.1221   0.      -0.0752  -0.2817
   0.9619]",112
434,2,"[[-0.30221211 -0.29962164  0.33037836]
 [ 0.09247738 -0.31411053  0.31588947]
 [ 0.28965008 -0.23930121  0.39069879]
 [-0.28965008  0.23930121 -0.39069879]
 [ 0.30221211  0.29962164 -0.33037836]
 [-0.09247738  0.31411053 -0.31588947]]","[2245. 2243.  928. 2236. 2204.  967. 1987. 2252.  919. 1850. 2243.  928.
 1859. 2204.  967. 2108. 2252.  919.]","[2241. 2236.  929. 2230. 2189.  984. 1978. 2239.  922. 1858. 2235.  930.
 1865. 2188.  984. 2114. 2238.  923.]","[-1.5930e+01  4.4820e+00  6.2303e+01 -1.0376e+00  6.1000e-02  0.0000e+00
 -8.0100e-02 -2.8610e-01  9.4630e-01]",112
435,2,"[[-0.30259187 -0.29899835  0.33100165]
 [ 0.08723705 -0.31437937  0.31562063]
 [ 0.29208033 -0.24853925  0.38146075]
 [-0.29208033  0.24853925 -0.38146075]
 [ 0.30259187  0.29899835 -0.33100165]
 [-0.08723705  0.31437937 -0.31562063]]","[2245. 2242.  929. 2238. 2210.  961. 1991. 2252.  919. 1850. 2242.  929.
 1857. 2210.  961. 2104. 2252.  919.]","[2241. 2236.  929. 2232. 2194.  979. 1981. 2240.  922. 1857. 2235.  930.
 1863. 2192.  982. 2112. 2239.  923.]","[-1.5980e+01  4.4880e+00  6.2309e+01 -1.2817e+00  6.1000e-02  1.2210e-01
 -8.6400e-02 -2.8610e-01  9.5410e-01]",112
436,2,"[[-0.30284701 -0.29837778  0.33162222]
 [ 0.08196229 -0.31464191  0.31535809]
 [ 0.29424107 -0.25802907  0.37197093]
 [-0.29424107  0.25802907 -0.37197093]
 [ 0.30284701  0.29837778 -0.33162222]
 [-0.08196229  0.31464191 -0.31535809]]","[2245. 2242.  929. 2239. 2216.  955. 1994. 2253.  918. 1850. 2242.  929.
 1856. 2216.  955. 2101. 2253.  918.]","[2242. 2235.  930. 2234. 2198.  974. 1983. 2241.  922. 1856. 2235.  930.
 1861. 2195.  976. 2108. 2239.  923.]","[-16.029    4.493   62.32    -1.1597   0.       0.2441  -0.0752  -0.2847
   0.9585]",112
437,2,"[[-0.30297671 -0.2977605   0.3322395 ]
 [ 0.07665287 -0.31489807  0.31510193]
 [ 0.29613326 -0.26776787  0.36223213]
 [-0.29613326  0.26776787 -0.36223213]
 [ 0.30297671  0.2977605  -0.3322395 ]
 [-0.07665287  0.31489807 -0.31510193]]","[2245. 2242.  929. 2241. 2222.  949. 1998. 2253.  918. 1850. 2242.  929.
 1854. 2222.  949. 2097. 2253.  918.]","[2243. 2235.  930. 2236. 2203.  969. 1986. 2242.  922. 1855. 2235.  931.
 1860. 2200.  971. 2105. 2239.  923.]","[-1.6089e+01  4.4930e+00  6.2320e+01 -1.5259e+00  0.0000e+00  6.1000e-02
 -6.9300e-02 -2.8860e-01  9.5170e-01]",112
438,2,"[[-0.30290327 -0.29714683  0.33285317]
 [ 0.07129964 -0.31514775  0.31485225]
 [ 0.29776379 -0.27775262  0.35224738]
 [-0.29776379  0.27775262 -0.35224738]
 [ 0.30290327  0.29714683 -0.33285317]
 [-0.07129964  0.31514775 -0.31485225]]","[2245. 2241.  930. 2242. 2229.  942. 2001. 2253.  918. 1850. 2241.  930.
 1853. 2229.  942. 2094. 2253.  918.]","[2244. 2235.  931. 2237. 2205.  964. 1990. 2243.  921. 1855. 2235.  931.
 1858. 2205.  965. 2102. 2240.  923.]","[-16.155    4.493   62.309   -1.709    0.3052  -0.4883  -0.0684  -0.2808
   0.9131]",112
439,2,"[[-0.30245406 -0.29653621  0.33346379]
 [ 0.06588585 -0.31539087  0.31460913]
 [ 0.29913926 -0.2868742   0.3431258 ]
 [-0.29913926  0.2868742  -0.3431258 ]
 [ 0.30245406  0.29653621 -0.33346379]
 [-0.06588585  0.31539087 -0.31460913]]","[2245. 2241.  930. 2243. 2235.  936. 2005. 2253.  918. 1850. 2241.  930.
 1852. 2235.  936. 2090. 2253.  918.]","[2244. 2235.  932. 2239. 2212.  958. 1995. 2245.  920. 1854. 2235.  931.
 1857. 2211.  959. 2097. 2240.  923.]","[-16.227    4.488   62.281   -1.9531  -0.1831  -0.9766  -0.0767  -0.292
   1.082 ]",112
440,2,"[[-0.30160259 -0.29592854  0.33407146]
 [ 0.06040713 -0.31562738  0.31437262]
 [ 0.30025334 -0.28718822  0.34281178]
 [-0.30025334  0.28718822 -0.34281178]
 [ 0.30160259  0.29592854 -0.33407146]
 [-0.06040713  0.31562738 -0.31437262]]","[2244. 2240.  931. 2243. 2235.  936. 2008. 2253.  918. 1851. 2240.  931.
 1852. 2235.  936. 2087. 2253.  918.]","[2245. 2235.  933. 2240. 2214.  956. 1997. 2245.  921. 1854. 2235.  931.
 1857. 2214.  956. 2095. 2240.  923.]","[-16.282    4.466   62.249    0.2441  -0.5493  -0.8545  -0.0786  -0.292
   0.9238]",112
441,2,"[[-0.30035222 -0.29532444  0.33467556]
 [ 0.05486434 -0.31585719  0.31414281]
 [ 0.3010997  -0.28750932  0.34249068]
 [-0.3010997   0.28750932 -0.34249068]
 [ 0.30035222  0.29532444 -0.33467556]
 [-0.05486434  0.31585719 -0.31414281]]","[2243. 2240.  931. 2244. 2235.  936. 2012. 2253.  918. 1852. 2240.  931.
 1851. 2235.  936. 2083. 2253.  918.]","[2247. 2235.  934. 2241. 2216.  954. 2000. 2246.  921. 1853. 2235.  932.
 1856. 2216.  953. 2092. 2240.  922.]","[-16.276    4.433   62.221   -0.1221  -0.5493  -0.9155  -0.0669  -0.2935
   0.9238]",112
442,2,"[[-0.29870479 -0.29472456  0.33527544]
 [ 0.04925898 -0.31608025  0.31391975]
 [ 0.30167416 -0.28783742  0.34216258]
 [-0.30167416  0.28783742 -0.34216258]
 [ 0.29870479  0.29472456 -0.33527544]
 [-0.04925898  0.31608025 -0.31391975]]","[2242. 2240.  931. 2244. 2235.  936. 2015. 2254.  917. 1853. 2240.  931.
 1851. 2235.  936. 2080. 2254.  917.]","[2246. 2235.  935. 2242. 2217.  954. 2004. 2247.  921. 1854. 2236.  932.
 1855. 2217.  951. 2089. 2240.  923.]","[-16.287    4.406   62.188   -0.4883   0.1831  -1.0376  -0.0757  -0.2998
   0.9487]",112
443,2,"[[-0.29666247 -0.29412955  0.33587045]
 [ 0.04359276 -0.31629648  0.31370352]
 [ 0.3019721  -0.28817238  0.34182762]
 [-0.3019721   0.28817238 -0.34182762]
 [ 0.29666247  0.29412955 -0.33587045]
 [-0.04359276  0.31629648 -0.31370352]]","[2241. 2239.  932. 2244. 2235.  936. 2019. 2254.  917. 1854. 2239.  932.
 1851. 2235.  936. 2076. 2254.  917.]","[2246. 2235.  935. 2242. 2216.  954. 2008. 2248.  920. 1854. 2235.  933.
 1856. 2217.  949. 2086. 2240.  922.]","[-16.315    4.4     62.144   -0.3662   0.1831  -0.9155  -0.0879  -0.3076
   0.9263]",112
444,2,"[[-0.29422798 -0.29354003  0.33645997]
 [ 0.0378676  -0.31650583  0.31349417]
 [ 0.3020289  -0.28851399  0.34148601]
 [-0.3020289   0.28851399 -0.34148601]
 [ 0.29422798  0.29354003 -0.33645997]
 [-0.0378676   0.31650583 -0.31349417]]","[2239. 2239.  932. 2244. 2236.  935. 2023. 2254.  917. 1856. 2239.  932.
 1851. 2236.  935. 2072. 2254.  917.]","[2245. 2235.  935. 2242. 2217.  954. 2013. 2248.  920. 1854. 2235.  933.
 1856. 2217.  949. 2085. 2240.  922.]","[-16.337    4.4     62.111   -0.3052   0.1221  -0.5493  -0.1118  -0.3154
   0.9639]",112
445,2,"[[-0.29140452 -0.29295663  0.33704337]
 [ 0.0320855  -0.31670822  0.31329178]
 [ 0.30197688 -0.28886135  0.34113865]
 [-0.30197688  0.28886135 -0.34113865]
 [ 0.29140452  0.29295663 -0.33704337]
 [-0.0320855   0.31670822 -0.31329178]]","[2237. 2238.  932. 2244. 2236.  935. 2027. 2254.  917. 1858. 2238.  932.
 1851. 2236.  935. 2068. 2254.  917.]","[2244. 2234.  935. 2242. 2216.  953. 2016. 2248.  919. 1855. 2235.  933.
 1855. 2217.  949. 2082. 2240.  922.]","[-1.6353e+01  4.4060e+00  6.2095e+01 -6.1000e-02  0.0000e+00  0.0000e+00
 -7.7100e-02 -3.1100e-01  9.3750e-01]",112
446,2,"[[-0.28819583 -0.29237998  0.33762002]
 [ 0.02624862 -0.31690361  0.31309639]
 [ 0.30186827 -0.28921343  0.34078657]
 [-0.30186827  0.28921343 -0.34078657]
 [ 0.28819583  0.29237998 -0.33762002]
 [-0.02624862  0.31690361 -0.31309639]]","[2235. 2238.  933. 2244. 2236.  935. 2030. 2254.  917. 1860. 2238.  933.
 1851. 2236.  935. 2065. 2254.  917.]","[2242. 2233.  935. 2242. 2217.  953. 2020. 2248.  919. 1857. 2235.  933.
 1855. 2217.  949. 2078. 2240.  921.]","[-1.6364e+01  4.4110e+00  6.2100e+01  0.0000e+00 -1.2210e-01  2.4410e-01
 -5.8600e-02 -3.0220e-01  9.6000e-01]",112
447,2,"[[-0.28460615 -0.2918107   0.3381893 ]
 [ 0.02035921 -0.31709193  0.31290807]
 [ 0.30170038 -0.28956983  0.34043017]
 [-0.30170038  0.28956983 -0.34043017]
 [ 0.28460615  0.2918107  -0.3381893 ]
 [-0.02035921  0.31709193 -0.31290807]]","[2233. 2238.  933. 2244. 2236.  935. 2034. 2254.  917. 1862. 2238.  933.
 1851. 2236.  935. 2061. 2254.  917.]","[2241. 2233.  935. 2242. 2217.  953. 2024. 2248.  919. 1858. 2235.  933.
 1855. 2217.  949. 2074. 2240.  921.]","[-1.6375e+01  4.4110e+00  6.2111e+01  0.0000e+00 -1.8310e-01  1.8310e-01
 -6.0500e-02 -2.8760e-01  9.4920e-01]",112
448,2,"[[-0.28064023 -0.29124941  0.33875059]
 [ 0.01441964 -0.31727311  0.31272689]
 [ 0.30146716 -0.28993035  0.34006965]
 [-0.30146716  0.28993035 -0.34006965]
 [ 0.28064023  0.29124941 -0.33875059]
 [-0.01441964  0.31727311 -0.31272689]]","[2230. 2237.  934. 2244. 2237.  934. 2038. 2254.  917. 1865. 2237.  934.
 1851. 2237.  934. 2057. 2254.  917.]","[2239. 2233.  935. 2242. 2216.  953. 2028. 2248.  919. 1860. 2235.  933.
 1855. 2217.  948. 2070. 2240.  921.]","[-16.381    4.406   62.117    0.      -0.1221   0.      -0.0762  -0.2798
   0.96  ]",112
449,2,"[[-0.2763033  -0.29069673  0.33930327]
 [ 0.00843239 -0.31744711  0.31255289]
 [ 0.30116459 -0.29029479  0.33970521]
 [-0.30116459  0.29029479 -0.33970521]
 [ 0.2763033   0.29069673 -0.33930327]
 [-0.00843239  0.31744711 -0.31255289]]","[2228. 2237.  934. 2244. 2237.  934. 2042. 2254.  917. 1867. 2237.  934.
 1851. 2237.  934. 2053. 2254.  917.]","[2238. 2233.  936. 2242. 2217.  953. 2030. 2248.  919. 1860. 2235.  934.
 1855. 2217.  949. 2068. 2240.  921.]","[-1.6386e+01  4.4000e+00  6.2117e+01  0.0000e+00 -6.1000e-02  0.0000e+00
 -8.7400e-02 -2.7390e-01  9.5460e-01]",112
450,2,"[[-0.27160111 -0.29015325  0.33984675]
 [ 0.00240004 -0.31761386  0.31238614]
 [ 0.30078988 -0.29066297  0.33933703]
 [-0.30078988  0.29066297 -0.33933703]
 [ 0.27160111  0.29015325 -0.33984675]
 [-0.00240004  0.31761386 -0.31238614]]","[2225. 2237.  934. 2244. 2237.  934. 2046. 2255.  916. 1870. 2237.  934.
 1851. 2237.  934. 2049. 2255.  916.]","[2236. 2233.  936. 2242. 2217.  953. 2034. 2248.  919. 1862. 2236.  934.
 1854. 2217.  949. 2064. 2240.  921.]","[-1.6386e+01  4.4000e+00  6.2117e+01  0.0000e+00 -6.1000e-02  1.2210e-01
 -7.9600e-02 -2.7150e-01  9.5650e-01]",112
451,2,"[[-0.26653987 -0.28961958  0.34038042]
 [-0.00367469 -0.31777332  0.31222668]
 [ 0.30034082 -0.29103468  0.33896532]
 [-0.30034082  0.29103468 -0.33896532]
 [ 0.26653987  0.28961958 -0.34038042]
 [ 0.00367469  0.31777332 -0.31222668]]","[2221. 2236.  935. 2243. 2237.  934. 2050. 2255.  916. 1874. 2236.  935.
 1852. 2237.  934. 2045. 2255.  916.]","[2234. 2232.  936. 2242. 2217.  953. 2038. 2248.  919. 1864. 2235.  934.
 1855. 2217.  949. 2059. 2240.  921.]","[-16.392    4.4     62.128    0.      -0.1831   0.1831  -0.0708  -0.272
   0.957 ]",112
452,2,"[[-0.26112627 -0.28909631  0.34090369]
 [-0.00978901 -0.31792542  0.31207458]
 [ 0.29981539 -0.29140976  0.33859024]
 [-0.29981539  0.29140976 -0.33859024]
 [ 0.26112627  0.28909631 -0.34090369]
 [ 0.00978901  0.31792542 -0.31207458]]","[2218. 2236.  935. 2243. 2237.  933. 2054. 2255.  916. 1877. 2236.  935.
 1852. 2237.  933. 2041. 2255.  916.]","[2233. 2232.  936. 2243. 2217.  952. 2040. 2248.  919. 1866. 2235.  934.
 1854. 2217.  949. 2057. 2240.  920.]","[-1.6392e+01  4.3950e+00  6.2133e+01 -6.1000e-02 -2.4410e-01  1.2210e-01
 -8.3500e-02 -2.7540e-01  9.5560e-01]",112
453,2,"[[-0.25536747 -0.28858401  0.34141599]
 [-0.01594    -0.31807012  0.31192988]
 [ 0.29921166 -0.29178801  0.33821199]
 [-0.29921166  0.29178801 -0.33821199]
 [ 0.25536747  0.28858401 -0.34141599]
 [ 0.01594     0.31807012 -0.31192988]]","[2214. 2236.  935. 2243. 2238.  933. 2058. 2255.  916. 1881. 2236.  935.
 1852. 2238.  933. 2037. 2255.  916.]","[2230. 2232.  936. 2242. 2217.  952. 2044. 2249.  919. 1869. 2234.  933.
 1854. 2217.  948. 2053. 2240.  920.]","[-16.392    4.395   62.144   -0.1831  -0.1831   0.3052  -0.0811  -0.2793
   0.9409]",112
454,2,"[[-0.24927107 -0.28808326  0.34191674]
 [-0.02212465 -0.31820736  0.31179264]
 [ 0.29852773 -0.29216926  0.33783074]
 [-0.29852773  0.29216926 -0.33783074]
 [ 0.24927107  0.28808326 -0.34191674]
 [ 0.02212465  0.31820736 -0.31179264]]","[2210. 2235.  936. 2242. 2238.  933. 2062. 2255.  916. 1885. 2235.  936.
 1853. 2238.  933. 2033. 2255.  916.]","[2229. 2231.  937. 2242. 2217.  952. 2047. 2248.  919. 1872. 2234.  933.
 1855. 2218.  947. 2050. 2240.  920.]","[-16.397    4.389   62.161   -0.3052  -0.1221   0.1831  -0.0796  -0.2896
   0.9673]",112
455,2,"[[-0.24284515 -0.28759462  0.34240538]
 [-0.02833983 -0.31833709  0.31166291]
 [ 0.29776171 -0.29255333  0.33744667]
 [-0.29776171  0.29255333 -0.33744667]
 [ 0.24284515  0.28759462 -0.34240538]
 [ 0.02833983  0.31833709 -0.31166291]]","[2206. 2235.  936. 2242. 2238.  933. 2066. 2255.  916. 1889. 2235.  936.
 1853. 2238.  933. 2029. 2255.  916.]","[2226. 2230.  937. 2242. 2218.  952. 2051. 2249.  919. 1875. 2234.  934.
 1854. 2218.  947. 2046. 2240.  920.]","[-16.408    4.389   62.166   -0.1831  -0.1831   0.      -0.0708  -0.2993
   0.9521]",112
456,2,"[[-0.23609819 -0.28711865  0.34288135]
 [-0.03458231 -0.31845927  0.31154073]
 [ 0.29691172 -0.29294003  0.33705997]
 [-0.29691172  0.29294003 -0.33705997]
 [ 0.23609819  0.28711865 -0.34288135]
 [ 0.03458231  0.31845927 -0.31154073]]","[2201. 2235.  936. 2241. 2238.  933. 2070. 2255.  916. 1894. 2235.  936.
 1854. 2238.  933. 2025. 2255.  916.]","[2222. 2230.  938. 2242. 2218.  953. 2055. 2249.  919. 1878. 2233.  933.
 1854. 2219.  947. 2043. 2240.  920.]","[-16.414    4.384   62.166   -0.2441  -0.2441   0.      -0.0737  -0.3052
   0.9492]",112
457,2,"[[-0.22903911 -0.28070277  0.34929723]
 [-0.04084879 -0.31857384  0.31142616]
 [ 0.29597589 -0.2933292   0.3366708 ]
 [-0.29597589  0.2933292  -0.3366708 ]
 [ 0.22903911  0.28070277 -0.34929723]
 [ 0.04084879  0.31857384 -0.31142616]]","[2197. 2230.  940. 2240. 2239.  932. 2074. 2255.  916. 1898. 2230.  940.
 1855. 2239.  932. 2021. 2255.  916.]","[2219. 2230.  937. 2241. 2219.  952. 2058. 2249.  919. 1882. 2233.  933.
 1854. 2219.  947. 2039. 2240.  920.]","[-16.425    4.373   62.166   -0.1221  -0.2441   0.      -0.0693  -0.3071
   0.9512]",112
458,2,"[[-0.22167725 -0.26573489  0.36426511]
 [-0.04713583 -0.31868077  0.31131923]
 [ 0.29495233 -0.29372067  0.33627933]
 [-0.29495233  0.29372067 -0.33627933]
 [ 0.22167725  0.26573489 -0.36426511]
 [ 0.04713583  0.31868077 -0.31131923]]","[2192. 2221.  950. 2240. 2239.  932. 2078. 2255.  916. 1903. 2221.  950.
 1855. 2239.  932. 2017. 2255.  916.]","[2215. 2229.  938. 2241. 2219.  952. 2062. 2249.  919. 1885. 2232.  935.
 1855. 2219.  947. 2036. 2240.  920.]","[-1.6436e+01  4.3620e+00  6.2172e+01 -6.1000e-02 -2.4410e-01  1.2210e-01
 -7.1800e-02 -3.0620e-01  9.5070e-01]",112
459,2,"[[-0.21402233 -0.25124193  0.37875807]
 [-0.05343991 -0.31878     0.31122   ]
 [ 0.2938392  -0.29411425  0.33588575]
 [-0.2938392   0.29411425 -0.33588575]
 [ 0.21402233  0.25124193 -0.37875807]
 [ 0.05343991  0.31878    -0.31122   ]]","[2187. 2211.  960. 2239. 2239.  932. 2082. 2255.  916. 1908. 2211.  960.
 1856. 2239.  932. 2013. 2255.  916.]","[2212. 2225.  941. 2241. 2220.  952. 2066. 2249.  919. 1890. 2228.  938.
 1855. 2219.  947. 2033. 2240.  920.]","[-1.6441e+01  4.3560e+00  6.2183e+01 -6.1000e-02 -3.0520e-01  2.4410e-01
 -7.0300e-02 -2.9150e-01  9.4780e-01]",112
460,2,"[[-0.20608448 -0.23724064  0.39275936]
 [-0.05975744 -0.3188715   0.3111285 ]
 [ 0.29263465 -0.29450978  0.33549022]
 [-0.29263465  0.29450978 -0.33549022]
 [ 0.20608448  0.23724064 -0.39275936]
 [ 0.05975744  0.3188715  -0.3111285 ]]","[2182. 2202.  969. 2238. 2239.  931. 2086. 2255.  916. 1913. 2202.  969.
 1857. 2239.  931. 2009. 2255.  916.]","[2207. 2219.  943. 2241. 2220.  951. 2070. 2249.  919. 1894. 2224.  944.
 1855. 2219.  947. 2030. 2240.  920.]","[-1.6447e+01  4.3340e+00  6.2199e+01  0.0000e+00 -7.9350e-01  6.1000e-02
 -5.3200e-02 -2.6460e-01  9.3650e-01]",112
461,2,"[[-0.1978742  -0.22374729  0.40625271]
 [-0.06608471 -0.31895522  0.31104478]
 [ 0.29133686 -0.29490708  0.33509292]
 [-0.29133686  0.29490708 -0.33509292]
 [ 0.1978742   0.22374729 -0.40625271]
 [ 0.06608471  0.31895522 -0.31104478]]","[2176. 2193.  978. 2237. 2240.  931. 2091. 2255.  916. 1919. 2193.  978.
 1858. 2240.  931. 2004. 2255.  916.]","[2202. 2212.  950. 2240. 2220.  950. 2073. 2248.  919. 1899. 2221.  951.
 1856. 2219.  947. 2027. 2240.  919.]","[-16.452    4.301   62.199   -0.1831  -0.7324  -0.3052  -0.0884  -0.2329
   0.9517]",112
462,2,"[[-0.18940232 -0.21077766  0.41922234]
 [-0.07241794 -0.31903113  0.31096887]
 [ 0.28994403 -0.29530601  0.33469399]
 [-0.28994403  0.29530601 -0.33469399]
 [ 0.18940232  0.21077766 -0.41922234]
 [ 0.07241794  0.31903113 -0.31096887]]","[2171. 2185.  986. 2237. 2240.  931. 2095. 2255.  915. 1924. 2185.  986.
 1858. 2240.  931. 2000. 2255.  915.]","[2195. 2205.  958. 2238. 2220.  949. 2077. 2248.  919. 1904. 2213.  959.
 1857. 2219.  947. 2023. 2240.  919.]","[-16.458    4.279   62.194   -0.3662  -0.1221  -0.3052  -0.0762  -0.2026
   0.9805]",112
463,2,"[[-0.18068006 -0.19834703  0.43165297]
 [-0.07875325 -0.31909918  0.31090082]
 [ 0.28845439 -0.29570638  0.33429362]
 [-0.28845439  0.29570638 -0.33429362]
 [ 0.18068006  0.19834703 -0.43165297]
 [ 0.07875325  0.31909918 -0.31090082]]","[2165. 2177.  994. 2236. 2240.  931. 2099. 2256.  915. 1930. 2177.  994.
 1859. 2240.  931. 1996. 2256.  915.]","[2187. 2200.  967. 2237. 2219.  946. 2081. 2247.  919. 1914. 2205.  967.
 1858. 2219.  946. 2019. 2240.  919.]","[-16.474    4.252   62.183   -1.2817  -1.0986  -0.6714  -0.0625  -0.1924
   0.9229]",112
464,2,"[[-0.17171895 -0.18647014  0.44352986]
 [-0.08508668 -0.31915934  0.31084066]
 [ 0.28686621 -0.29610803  0.33389197]
 [-0.28686621  0.29610803 -0.33389197]
 [ 0.17171895  0.18647014 -0.44352986]
 [ 0.08508668  0.31915934 -0.31084066]]","[2159. 2169. 1002. 2235. 2241.  930. 2103. 2256.  915. 1936. 2169. 1002.
 1860. 2241.  930. 1992. 2256.  915.]","[2179. 2196.  976. 2236. 2219.  946. 2086. 2247.  919. 1920. 2197.  976.
 1858. 2219.  946. 2013. 2241.  918.]","[-16.518    4.191   62.166   -2.0142  -1.709   -1.0376  -0.1357  -0.2227
   0.9644]",112
465,2,"[[-0.16253082 -0.1751612   0.4548388 ]
 [-0.09141422 -0.31921158  0.31078842]
 [ 0.28517778 -0.2965108   0.3334892 ]
 [-0.28517778  0.2965108  -0.3334892 ]
 [ 0.16253082  0.1751612  -0.4548388 ]
 [ 0.09141422  0.31921158 -0.31078842]]","[2153. 2162. 1009. 2233. 2241.  930. 2107. 2256.  915. 1942. 2162. 1009.
 1862. 2241.  930. 1988. 2256.  915.]","[2172. 2188.  985. 2235. 2219.  945. 2090. 2247.  919. 1925. 2189.  984.
 1859. 2220.  944. 2008. 2243.  918.]","[-16.578    4.131   62.177   -2.2583  -1.8921   0.5493  -0.127   -0.2427
   0.9761]",112
466,2,"[[-0.15312784 -0.16443383  0.46556617]
 [-0.09773175 -0.31925586  0.31074414]
 [ 0.28338744 -0.29691453  0.33308547]
 [-0.28338744  0.29691453 -0.33308547]
 [ 0.15312784  0.16443383 -0.46556617]
 [ 0.09773175  0.31925586 -0.31074414]]","[2147. 2155. 1016. 2232. 2241.  930. 2111. 2256.  915. 1948. 2155. 1016.
 1863. 2241.  930. 1984. 2256.  915.]","[2166. 2180.  993. 2233. 2219.  945. 2096. 2247.  919. 1929. 2181.  993.
 1861. 2222.  942. 2003. 2244.  918.]","[-1.6639e+01  4.0760e+00  6.2232e+01 -2.3193e+00 -2.0752e+00  1.2817e+00
 -4.1500e-02 -2.9790e-01  9.5950e-01]",112
467,2,"[[-0.14352242 -0.15430108  0.47569892]
 [-0.10403509 -0.31929214  0.31070786]
 [ 0.28149358 -0.29731906  0.33268094]
 [-0.28149358  0.29731906 -0.33268094]
 [ 0.14352242  0.15430108 -0.47569892]
 [ 0.10403509  0.31929214 -0.31070786]]","[2141. 2148. 1023. 2231. 2241.  930. 2115. 2256.  915. 1954. 2148. 1023.
 1864. 2241.  930. 1980. 2256.  915.]","[2159. 2173. 1001. 2231. 2219.  943. 2100. 2247.  919. 1936. 2173. 1000.
 1862. 2223.  941. 1998. 2245.  918.]","[-1.6699e+01  4.0260e+00  6.2281e+01 -2.0752e+00 -1.4648e+00  1.2210e-01
  2.4000e-03 -3.4620e-01  1.0161e+00]",112
468,2,"[[-0.13372727 -0.1447754   0.4852246 ]
 [-0.11032    -0.31932042  0.31067958]
 [ 0.27949462 -0.29772423  0.33227577]
 [-0.27949462  0.29772423 -0.33227577]
 [ 0.13372727  0.1447754  -0.4852246 ]
 [ 0.11032     0.31932042 -0.31067958]]","[2135. 2142. 1029. 2230. 2242.  929. 2119. 2256.  915. 1960. 2142. 1029.
 1865. 2242.  929. 1976. 2256.  915.]","[2152. 2165. 1008. 2229. 2219.  942. 2104. 2247.  919. 1941. 2166. 1007.
 1864. 2223.  941. 1994. 2244.  919.]","[-1.6743e+01  3.9830e+00  6.2265e+01 -6.7140e-01 -2.4410e-01 -1.4648e+00
 -3.6100e-02 -3.8670e-01  9.6440e-01]",112
469,2,"[[-0.12375533 -0.1358686   0.4941314 ]
 [-0.11658217 -0.31934067  0.31065933]
 [ 0.27738906 -0.29812988  0.33187012]
 [-0.27738906  0.29812988 -0.33187012]
 [ 0.12375533  0.1358686  -0.4941314 ]
 [ 0.11658217  0.31934067 -0.31065933]]","[2128. 2136. 1035. 2228. 2242.  929. 2123. 2256.  915. 1967. 2136. 1035.
 1867. 2242.  929. 1972. 2256.  915.]","[2144. 2159. 1015. 2229. 2219.  941. 2108. 2247.  919. 1946. 2159. 1014.
 1865. 2223.  940. 1991. 2245.  918.]","[-16.754    3.966   62.199    0.1221   0.5493  -1.8921  -0.0649  -0.3735
   0.9097]",112
470,2,"[[-0.1136198  -0.12759187  0.50240813]
 [-0.12281723 -0.31935298  0.31064702]
 [ 0.27517543 -0.29853585  0.33146415]
 [-0.27517543  0.29853585 -0.33146415]
 [ 0.1136198   0.12759187 -0.50240813]
 [ 0.12281723  0.31935298 -0.31064702]]","[2122. 2131. 1040. 2227. 2242.  929. 2128. 2256.  915. 1973. 2131. 1040.
 1868. 2242.  929. 1967. 2256.  915.]","[2137. 2152. 1022. 2227. 2219.  940. 2111. 2247.  919. 1953. 2152. 1020.
 1866. 2223.  940. 1987. 2245.  918.]","[-16.765    3.955   62.139    0.       0.      -1.0986  -0.0859  -0.3721
   0.9023]",112
471,2,"[[-0.10333406 -0.11995572  0.51004428]
 [-0.12902075 -0.31935754  0.31064246]
 [ 0.27285235 -0.29894199  0.33105801]
 [-0.27285235  0.29894199 -0.33105801]
 [ 0.10333406  0.11995572 -0.51004428]
 [ 0.12902075  0.31935754 -0.31064246]]","[2115. 2126. 1045. 2225. 2242.  929. 2132. 2256.  915. 1980. 2126. 1045.
 1870. 2242.  929. 1963. 2256.  915.]","[2135. 2145. 1028. 2226. 2219.  940. 2114. 2247.  919. 1959. 2145. 1026.
 1868. 2223.  939. 1983. 2245.  919.]","[-1.6787e+01  3.9330e+00  6.2122e+01 -6.1000e-02 -3.0520e-01 -3.6620e-01
 -6.6900e-02 -3.4720e-01  9.5460e-01]",112
472,2,"[[-0.09291171 -0.11297001  0.51702999]
 [-0.13518826 -0.31935167  0.31064833]
 [ 0.27041848 -0.29934815  0.33065185]
 [-0.27041848  0.29934815 -0.33065185]
 [ 0.09291171  0.11297001 -0.51702999]
 [ 0.13518826  0.31935167 -0.31064833]]","[2108. 2121. 1050. 2224. 2243.  928. 2136. 2256.  915. 1987. 2121. 1050.
 1871. 2243.  928. 1959. 2256.  915.]","[2130. 2139. 1034. 2225. 2219.  940. 2118. 2247.  919. 1966. 2140. 1032.
 1869. 2223.  939. 1978. 2245.  918.]","[-1.6798e+01  3.9280e+00  6.2106e+01  3.0520e-01  6.1000e-02 -3.0520e-01
 -7.3200e-02 -3.1840e-01  9.6780e-01]",112
473,2,"[[-0.08236654 -0.10664392  0.52335608]
 [-0.14131522 -0.31932215  0.31067785]
 [ 0.26787255 -0.29975416  0.33024584]
 [-0.26787255  0.29975416 -0.33024584]
 [ 0.08236654  0.10664392 -0.52335608]
 [ 0.14131522  0.31932215 -0.31067785]]","[2101. 2117. 1054. 2222. 2243.  928. 2140. 2256.  915. 1994. 2117. 1054.
 1873. 2243.  928. 1955. 2256.  915.]","[2122. 2133. 1039. 2224. 2219.  940. 2121. 2247.  919. 1972. 2135. 1037.
 1871. 2223.  938. 1975. 2245.  919.]","[-16.798    3.933   62.084    0.6104   0.3662  -0.5493  -0.0811  -0.2793
   0.9375]",112
474,2,"[[-0.07171248 -0.10098591  0.52901409]
 [-0.14739708 -0.31926335  0.31073665]
 [ 0.26521339 -0.30015988  0.32984012]
 [-0.26521339  0.30015988 -0.32984012]
 [ 0.07171248  0.10098591 -0.52901409]
 [ 0.14739708  0.31926335 -0.31073665]]","[2094. 2113. 1058. 2220. 2243.  928. 2144. 2256.  915. 2001. 2113. 1058.
 1875. 2243.  928. 1951. 2256.  915.]","[2115. 2129. 1044. 2223. 2219.  940. 2124. 2247.  919. 1979. 2130. 1043.
 1872. 2223.  937. 1970. 2245.  918.]","[-16.804    3.933   62.062    0.       0.      -0.5493  -0.0747  -0.2822
   0.9404]",112
475,2,"[[-0.06096362 -0.09600375  0.53399625]
 [-0.15342923 -0.31917873  0.31082127]
 [ 0.26243989 -0.30056515  0.32943485]
 [-0.26243989  0.30056515 -0.32943485]
 [ 0.06096362  0.09600375 -0.53399625]
 [ 0.15342923  0.31917873 -0.31082127]]","[2087. 2110. 1061. 2219. 2243.  928. 2148. 2256.  915. 2008. 2110. 1061.
 1876. 2243.  928. 1947. 2256.  915.]","[2108. 2124. 1049. 2221. 2219.  940. 2128. 2247.  919. 1985. 2125. 1047.
 1874. 2223.  937. 1966. 2245.  918.]","[-16.809    3.933   62.04     0.1221   0.1221  -0.6714  -0.0771  -0.2476
   0.9873]",112
476,2,"[[-0.05013416 -0.09170446  0.53829554]
 [-0.15940702 -0.31906933  0.31093067]
 [ 0.259551   -0.30096983  0.32903017]
 [-0.259551    0.30096983 -0.32903017]
 [ 0.05013416  0.09170446 -0.53829554]
 [ 0.15940702  0.31906933 -0.31093067]]","[2080. 2107. 1064. 2217. 2244.  927. 2151. 2256.  915. 2015. 2107. 1064.
 1878. 2244.  927. 1944. 2256.  915.]","[2101. 2120. 1053. 2220. 2219.  940. 2131. 2247.  919. 1993. 2121. 1051.
 1875. 2223.  936. 1962. 2245.  919.]","[-16.809    3.933   62.007    0.       0.1831  -0.6714  -0.0635  -0.2559
   0.9507]",112
477,2,"[[-0.04189986 -0.08890427  0.54109573]
 [-0.16388935 -0.31896964  0.31103036]
 [ 0.25728966 -0.30127293  0.32872707]
 [-0.25728966  0.30127293 -0.32872707]
 [ 0.04189986  0.08890427 -0.54109573]
 [ 0.16388935  0.31896964 -0.31103036]]","[2075. 2105. 1066. 2215. 2244.  927. 2154. 2255.  916. 2020. 2105. 1066.
 1880. 2244.  927. 1941. 2255.  916.]","[2094. 2116. 1057. 2218. 2219.  940. 2134. 2247.  919. 2000. 2117. 1055.
 1878. 2224.  935. 1958. 2245.  918.]","[-16.809    3.933   61.979   -0.1221   0.      -0.6714  -0.0796  -0.2715
   0.9536]",112
478,2,"[[-0.03096357 -0.08582039  0.54417961]
 [-0.16976035 -0.31881764  0.31118236]
 [ 0.25419592 -0.30167621  0.32832379]
 [-0.25419592  0.30167621 -0.32832379]
 [ 0.03096357  0.08582039 -0.54417961]
 [ 0.16976035  0.31881764 -0.31118236]]","[2068. 2103. 1068. 2213. 2244.  927. 2158. 2255.  916. 2027. 2103. 1068.
 1882. 2244.  927. 1937. 2255.  916.]","[2087. 2113. 1060. 2216. 2219.  940. 2138. 2247.  919. 2006. 2113. 1059.
 1879. 2224.  934. 1955. 2245.  919.]","[-1.6820e+01  3.9280e+00  6.1963e+01 -3.0520e-01 -6.1000e-02 -4.2720e-01
 -6.6900e-02 -2.9200e-01  9.5410e-01]",112
479,2,"[[-0.01998635 -0.08343491  0.54656509]
 [-0.17556407 -0.31864203  0.31135797]
 [ 0.25098441 -0.30207848  0.32792152]
 [-0.25098441  0.30207848 -0.32792152]
 [ 0.01998635  0.08343491 -0.54656509]
 [ 0.17556407  0.31864203 -0.31135797]]","[2061. 2102. 1069. 2211. 2244.  927. 2162. 2255.  916. 2034. 2102. 1069.
 1884. 2244.  927. 1933. 2255.  916.]","[2081. 2110. 1063. 2214. 2219.  940. 2141. 2247.  920. 2013. 2111. 1062.
 1882. 2224.  934. 1951. 2245.  919.]","[-1.6831e+01  3.9220e+00  6.1952e+01 -3.0520e-01 -6.1000e-02 -2.4410e-01
 -6.5400e-02 -3.0760e-01  9.4480e-01]",112
480,2,"[[-0.00898271 -0.08175208  0.54824792]
 [-0.18129578 -0.3184432   0.3115568 ]
 [ 0.24765445 -0.30247959  0.32752041]
 [-0.24765445  0.30247959 -0.32752041]
 [ 0.00898271  0.08175208 -0.54824792]
 [ 0.18129578  0.3184432  -0.3115568 ]]","[2053. 2101. 1070. 2209. 2245.  926. 2166. 2255.  916. 2042. 2101. 1070.
 1886. 2245.  926. 1929. 2255.  916.]","[2073. 2108. 1065. 2212. 2219.  939. 2144. 2247.  919. 2020. 2108. 1064.
 1884. 2224.  933. 1947. 2245.  919.]","[-1.6842e+01  3.9170e+00  6.1952e+01 -3.0520e-01 -1.8310e-01  0.0000e+00
 -5.8100e-02 -3.0710e-01  9.5410e-01]",112
481,2,"[[ 0.00203281 -0.08077628  0.54922372]
 [-0.18695075 -0.31822161  0.31177839]
 [ 0.24420544 -0.30287939  0.32712061]
 [-0.24420544  0.30287939 -0.32712061]
 [-0.00203281  0.08077628 -0.54922372]
 [ 0.18695075  0.31822161 -0.31177839]]","[2046. 2100. 1071. 2207. 2245.  926. 2169. 2255.  916. 2049. 2100. 1071.
 1888. 2245.  926. 1926. 2255.  916.]","[2067. 2106. 1067. 2210. 2219.  939. 2148. 2247.  919. 2027. 2107. 1066.
 1886. 2224.  933. 1942. 2245.  919.]","[-1.6848e+01  3.9110e+00  6.1957e+01 -1.2210e-01 -1.2210e-01  0.0000e+00
 -5.7600e-02 -3.1590e-01  9.5260e-01]",112
482,2,"[[ 0.01304564 -0.08052145  0.54947855]
 [-0.19252424 -0.31797773  0.31202227]
 [ 0.24063687 -0.30327772  0.32672228]
 [-0.24063687  0.30327772 -0.32672228]
 [-0.01304564  0.08052145 -0.54947855]
 [ 0.19252424  0.31797773 -0.31202227]]","[2039. 2100. 1071. 2204. 2245.  926. 2173. 2255.  916. 2056. 2100. 1071.
 1891. 2245.  926. 1922. 2255.  916.]","[2060. 2105. 1068. 2209. 2219.  939. 2151. 2247.  919. 2034. 2104. 1067.
 1889. 2224.  932. 1938. 2245.  918.]","[-1.6853e+01  3.9110e+00  6.1952e+01 -6.1000e-02  0.0000e+00 -1.2210e-01
 -6.4500e-02 -3.1300e-01  9.4680e-01]",112
483,2,"[[ 0.02404123 -0.0809081   0.5490919 ]
 [-0.19801151 -0.31771202  0.31228798]
 [ 0.23694838 -0.30367445  0.32632555]
 [-0.23694838  0.30367445 -0.32632555]
 [-0.02404123  0.0809081  -0.5490919 ]
 [ 0.19801151  0.31771202 -0.31228798]]","[2032. 2100. 1071. 2202. 2245.  926. 2177. 2255.  916. 2063. 2100. 1071.
 1893. 2245.  926. 1918. 2255.  916.]","[2052. 2104. 1069. 2206. 2219.  938. 2154. 2247.  919. 2040. 2104. 1069.
 1891. 2225.  931. 1935. 2245.  918.]","[-1.6870e+01  3.9110e+00  6.1941e+01 -1.8310e-01  1.2210e-01 -3.6620e-01
 -5.9100e-02 -3.0620e-01  9.4480e-01]",112
484,2,"[[ 0.03500503 -0.08140459  0.54859541]
 [-0.20340782 -0.317425    0.312575  ]
 [ 0.23313966 -0.30406943  0.32593057]
 [-0.23313966  0.30406943 -0.32593057]
 [-0.03500503  0.08140459 -0.54859541]
 [ 0.20340782  0.317425   -0.312575  ]]","[2025. 2101. 1070. 2199. 2246.  925. 2180. 2254.  917. 2070. 2101. 1070.
 1896. 2246.  925. 1915. 2254.  917.]","[2046. 2103. 1070. 2204. 2219.  938. 2158. 2247.  919. 2048. 2103. 1069.
 1893. 2225.  931. 1931. 2245.  919.]","[-1.6880e+01  3.9060e+00  6.1913e+01 -6.1000e-02  1.2210e-01 -7.9350e-01
 -6.2500e-02 -3.0760e-01  9.6440e-01]",112
485,2,"[[ 0.04592256 -0.08200489  0.54799511]
 [-0.20870844 -0.31711717  0.31288283]
 [ 0.22921056 -0.30446251  0.32553749]
 [-0.22921056  0.30446251 -0.32553749]
 [-0.04592256  0.08200489 -0.54799511]
 [ 0.20870844  0.31711717 -0.31288283]]","[2018. 2101. 1070. 2197. 2246.  925. 2184. 2254.  917. 2077. 2101. 1070.
 1898. 2246.  925. 1911. 2254.  917.]","[2036. 2104. 1070. 2200. 2219.  938. 2163. 2247.  919. 2057. 2103. 1070.
 1896. 2224.  931. 1926. 2245.  919.]","[-1.6886e+01  3.9060e+00  6.1891e+01  6.1000e-02  1.8310e-01 -3.6620e-01
 -7.6700e-02 -2.9200e-01  9.5070e-01]",112
486,2,"[[ 0.05677938 -0.08279096  0.54720904]
 [-0.21390868 -0.31678908  0.31321092]
 [ 0.22516101 -0.30485353  0.32514647]
 [-0.22516101  0.30485353 -0.32514647]
 [-0.05677938  0.08279096 -0.54720904]
 [ 0.21390868  0.31678908 -0.31321092]]","[2010. 2101. 1069. 2194. 2246.  925. 2187. 2254.  917. 2085. 2101. 1069.
 1901. 2246.  925. 1908. 2254.  917.]","[2031. 2104. 1069. 2198. 2219.  938. 2165. 2247.  920. 2062. 2103. 1069.
 1897. 2225.  931. 1924. 2246.  918.]","[-1.6891e+01  3.9060e+00  6.1891e+01 -6.1000e-02 -6.1000e-02  1.2210e-01
 -7.5200e-02 -2.8860e-01  9.3850e-01]",112
487,2,"[[ 0.06756114 -0.08378501  0.54621499]
 [-0.21900383 -0.31644127  0.31355873]
 [ 0.22099108 -0.30524237  0.32475763]
 [-0.22099108  0.30524237 -0.32475763]
 [-0.06756114  0.08378501 -0.54621499]
 [ 0.21900383  0.31644127 -0.31355873]]","[2003. 2102. 1069. 2192. 2246.  924. 2190. 2254.  917. 2092. 2102. 1069.
 1903. 2246.  924. 1905. 2254.  917.]","[2024. 2104. 1069. 2196. 2219.  938. 2169. 2247.  919. 2069. 2103. 1069.
 1900. 2225.  931. 1920. 2245.  919.]","[-1.6891e+01  3.9000e+00  6.1913e+01 -6.1000e-02 -3.0520e-01  5.4930e-01
 -7.0300e-02 -2.8270e-01  9.6630e-01]",112
488,2,"[[ 0.07825359 -0.08499505  0.54500495]
 [-0.22398925 -0.3160743   0.3139257 ]
 [ 0.21670093 -0.30562886  0.32437114]
 [-0.21670093  0.30562886 -0.32437114]
 [-0.07825359  0.08499505 -0.54500495]
 [ 0.22398925  0.3160743  -0.3139257 ]]","[1996. 2103. 1068. 2189. 2247.  924. 2194. 2254.  917. 2099. 2103. 1068.
 1906. 2247.  924. 1901. 2254.  917.]","[2014. 2103. 1069. 2192. 2219.  938. 2173. 2247.  919. 2078. 2103. 1069.
 1903. 2225.  931. 1916. 2245.  919.]","[-1.6897e+01  3.9000e+00  6.1941e+01 -1.2210e-01 -2.4410e-01  6.7140e-01
 -5.3700e-02 -2.8520e-01  9.5410e-01]",112
489,2,"[[ 0.08884258 -0.08642626  0.54357374]
 [-0.22886029 -0.31568876  0.31431124]
 [ 0.21229087 -0.30601287  0.32398713]
 [-0.21229087  0.30601287 -0.32398713]
 [-0.08884258  0.08642626 -0.54357374]
 [ 0.22886029  0.31568876 -0.31431124]]","[1990. 2104. 1067. 2186. 2247.  924. 2197. 2253.  918. 2105. 2104. 1067.
 1909. 2247.  924. 1898. 2253.  918.]","[2007. 2104. 1069. 2190. 2219.  937. 2177. 2247.  919. 2086. 2104. 1069.
 1905. 2225.  930. 1912. 2245.  919.]","[-1.6897e+01  3.8950e+00  6.1957e+01 -6.1000e-02 -2.4410e-01  3.6620e-01
 -6.3000e-02 -2.8810e-01  9.5560e-01]",112
490,2,"[[ 0.09931413 -0.08808321  0.54191679]
 [-0.23361238 -0.31528524  0.31471476]
 [ 0.20776132 -0.30639425  0.32360575]
 [-0.20776132  0.30639425 -0.32360575]
 [-0.09931413  0.08808321 -0.54191679]
 [ 0.23361238  0.31528524 -0.31471476]]","[1983. 2105. 1066. 2183. 2247.  924. 2200. 2253.  918. 2112. 2105. 1066.
 1912. 2247.  924. 1895. 2253.  918.]","[2003. 2104. 1068. 2189. 2219.  937. 2179. 2247.  920. 2091. 2104. 1068.
 1908. 2225.  930. 1910. 2245.  919.]","[-1.6897e+01  3.8950e+00  6.1963e+01  0.0000e+00 -6.1000e-02  6.1000e-02
 -6.7900e-02 -2.9250e-01  9.5210e-01]",112
491,2,"[[ 0.10965439 -0.08997032  0.54002968]
 [-0.23824096 -0.31486434  0.31513566]
 [ 0.20311283 -0.30677285  0.32322715]
 [-0.20311283  0.30677285 -0.32322715]
 [-0.10965439  0.08997032 -0.54002968]
 [ 0.23824096  0.31486434 -0.31513566]]","[1976. 2106. 1065. 2180. 2247.  923. 2203. 2253.  918. 2119. 2106. 1065.
 1915. 2247.  923. 1892. 2253.  918.]","[1996. 2104. 1067. 2186. 2219.  936. 2183. 2247.  920. 2098. 2104. 1067.
 1911. 2226.  930. 1906. 2245.  919.]","[-1.6902e+01  3.8890e+00  6.1957e+01 -2.4410e-01 -6.1000e-02 -1.2210e-01
 -5.2700e-02 -2.9690e-01  9.3950e-01]",112
492,2,"[[ 0.11984968 -0.09209189  0.53790811]
 [-0.24274153 -0.31442667  0.31557333]
 [ 0.19834607 -0.30714853  0.32285147]
 [-0.19834607  0.30714853 -0.32285147]
 [-0.11984968  0.09209189 -0.53790811]
 [ 0.24274153  0.31442667 -0.31557333]]","[1969. 2108. 1063. 2177. 2248.  923. 2206. 2252.  918. 2126. 2108. 1063.
 1918. 2248.  923. 1889. 2252.  918.]","[1989. 2105. 1066. 2182. 2219.  936. 2186. 2247.  920. 2105. 2105. 1067.
 1913. 2226.  930. 1903. 2245.  919.]","[-16.913    3.873   61.946   -0.1831  -0.1831  -0.3662  -0.0649  -0.3032
   0.9678]",112
493,2,"[[ 0.12988654 -0.09445211  0.53554789]
 [-0.24710965 -0.31397286  0.31602714]
 [ 0.19346183 -0.30752115  0.32247885]
 [-0.19346183  0.30752115 -0.32247885]
 [-0.12988654  0.09445211 -0.53554789]
 [ 0.24710965  0.31397286 -0.31602714]]","[1963. 2109. 1062. 2174. 2248.  923. 2209. 2252.  919. 2132. 2109. 1062.
 1921. 2248.  923. 1886. 2252.  919.]","[1982. 2106. 1065. 2180. 2219.  936. 2189. 2247.  919. 2111. 2107. 1065.
 1916. 2227.  930. 1899. 2245.  920.]","[-1.6919e+01  3.8730e+00  6.1935e+01 -6.1000e-02  6.1000e-02 -2.4410e-01
 -7.2300e-02 -3.0520e-01  9.5170e-01]",112
494,2,"[[ 0.13975169 -0.09705508  0.53294492]
 [-0.25134092 -0.31350356  0.31649644]
 [ 0.18846105 -0.30789056  0.32210944]
 [-0.18846105  0.30789056 -0.32210944]
 [-0.13975169  0.09705508 -0.53294492]
 [ 0.25134092  0.31350356 -0.31649644]]","[1956. 2111. 1060. 2170. 2248.  923. 2211. 2252.  919. 2139. 2111. 1060.
 1925. 2248.  923. 1884. 2252.  919.]","[1973. 2108. 1063. 2176. 2219.  936. 2193. 2248.  920. 2120. 2108. 1063.
 1920. 2227.  929. 1896. 2246.  919.]","[-1.6924e+01  3.8730e+00  6.1935e+01 -6.1000e-02  0.0000e+00  0.0000e+00
 -6.9300e-02 -2.9790e-01  9.3600e-01]",112
495,2,"[[ 0.14943209 -0.09990476  0.53009524]
 [-0.25543105 -0.31301939  0.31698061]
 [ 0.18334481 -0.30825662  0.32174338]
 [-0.18334481  0.30825662 -0.32174338]
 [-0.14943209  0.09990476 -0.53009524]
 [ 0.25543105  0.31301939 -0.31698061]]","[1950. 2113. 1058. 2167. 2248.  923. 2214. 2252.  919. 2145. 2113. 1058.
 1928. 2248.  923. 1881. 2252.  919.]","[1969. 2109. 1062. 2173. 2219.  935. 2195. 2247.  921. 2124. 2109. 1062.
 1922. 2227.  929. 1893. 2246.  920.]","[-1.6930e+01  3.8670e+00  6.1941e+01 -1.2210e-01 -1.2210e-01  6.1000e-02
 -7.1300e-02 -2.9590e-01  9.6040e-01]",112
496,2,"[[ 0.15891495 -0.10300499  0.52699501]
 [-0.25937577 -0.31252103  0.31747897]
 [ 0.1781143  -0.30861919  0.32138081]
 [-0.1781143   0.30861919 -0.32138081]
 [-0.15891495  0.10300499 -0.52699501]
 [ 0.25937577  0.31252103 -0.31747897]]","[1944. 2115. 1056. 2164. 2249.  922. 2217. 2251.  920. 2151. 2115. 1056.
 1931. 2249.  922. 1878. 2251.  920.]","[1962. 2111. 1060. 2171. 2219.  936. 2198. 2247.  921. 2131. 2110. 1060.
 1926. 2227.  929. 1891. 2246.  920.]","[-1.6935e+01  3.8670e+00  6.1941e+01 -6.1000e-02 -6.1000e-02  0.0000e+00
 -6.3000e-02 -2.9050e-01  9.5310e-01]",112
497,2,"[[ 0.16818772 -0.10635947  0.52364053]
 [-0.2631709  -0.31200912  0.31799088]
 [ 0.17277084 -0.30897811  0.32102189]
 [-0.17277084  0.30897811 -0.32102189]
 [-0.16818772  0.10635947 -0.52364053]
 [ 0.2631709   0.31200912 -0.31799088]]","[1938. 2117. 1054. 2160. 2249.  922. 2219. 2251.  920. 2157. 2117. 1054.
 1935. 2249.  922. 1876. 2251.  920.]","[1956. 2112. 1058. 2167. 2219.  935. 2201. 2247.  921. 2137. 2113. 1059.
 1929. 2227.  928. 1887. 2246.  921.]","[-1.6935e+01  3.8620e+00  6.1941e+01  0.0000e+00 -6.1000e-02  0.0000e+00
 -6.4000e-02 -2.9250e-01  9.5610e-01]",112
498,2,"[[ 0.17723815 -0.10997176  0.52002824]
 [-0.26681236 -0.31148435  0.31851565]
 [ 0.16731592 -0.30933326  0.32066674]
 [-0.16731592  0.30933326 -0.32066674]
 [-0.17723815  0.10997176 -0.52002824]
 [ 0.26681236  0.31148435 -0.31851565]]","[1932. 2119. 1052. 2157. 2249.  922. 2221. 2251.  920. 2163. 2119. 1052.
 1938. 2249.  922. 1874. 2251.  920.]","[1950. 2115. 1057. 2164. 2219.  935. 2204. 2247.  922. 2144. 2115. 1057.
 1932. 2227.  928. 1885. 2245.  921.]","[-1.6930e+01  3.8620e+00  6.1946e+01  0.0000e+00 -6.1000e-02  1.2210e-01
 -6.4500e-02 -2.9350e-01  9.5120e-01]",112
499,2,"[[ 0.18605427 -0.11384525  0.51615475]
 [-0.27029614 -0.31094738  0.31905262]
 [ 0.16175113 -0.30968448  0.32031552]
 [-0.16175113  0.30968448 -0.32031552]
 [-0.18605427  0.11384525 -0.51615475]
 [ 0.27029614  0.31094738 -0.31905262]]","[1926. 2122. 1049. 2153. 2249.  922. 2224. 2250.  921. 2169. 2122. 1049.
 1942. 2249.  922. 1871. 2250.  921.]","[1943. 2117. 1054. 2161. 2219.  935. 2206. 2247.  922. 2149. 2117. 1055.
 1936. 2227.  927. 1883. 2245.  922.]","[-1.6935e+01  3.8620e+00  6.1952e+01 -6.1000e-02 -1.2210e-01  1.2210e-01
 -6.7400e-02 -2.9200e-01  9.4820e-01]",112
500,2,"[[ 0.19462444 -0.11798318  0.51201682]
 [-0.27361833 -0.3103989   0.3196011 ]
 [ 0.15607822 -0.31003164  0.31996836]
 [-0.15607822  0.31003164 -0.31996836]
 [-0.19462444  0.11798318 -0.51201682]
 [ 0.27361833  0.3103989  -0.3196011 ]]","[1921. 2124. 1047. 2149. 2250.  921. 2226. 2250.  921. 2174. 2124. 1047.
 1946. 2250.  921. 1869. 2250.  921.]","[1936. 2120. 1051. 2156. 2219.  935. 2210. 2246.  922. 2157. 2120. 1052.
 1940. 2227.  927. 1880. 2245.  922.]","[-1.6935e+01  3.8510e+00  6.1957e+01 -6.1000e-02 -1.8310e-01  6.1000e-02
 -6.0500e-02 -2.9740e-01  9.5020e-01]",112
501,2,"[[ 0.20293732 -0.12238862  0.50761138]
 [-0.27677511 -0.30983959  0.32016041]
 [ 0.15029907 -0.31037459  0.31962541]
 [-0.15029907  0.31037459 -0.31962541]
 [-0.20293732  0.12238862 -0.50761138]
 [ 0.27677511  0.30983959 -0.32016041]]","[1915. 2127. 1044. 2145. 2250.  921. 2228. 2249.  921. 2180. 2127. 1044.
 1950. 2250.  921. 1867. 2249.  921.]","[1931. 2122. 1050. 2154. 2219.  935. 2212. 2246.  923. 2162. 2121. 1050.
 1942. 2227.  927. 1878. 2245.  923.]","[-16.941    3.845   61.963   -0.1221  -0.1221   0.      -0.0693  -0.3003
   0.958 ]",112
502,2,"[[ 0.21098192 -0.12706445  0.50293555]
 [-0.27976277 -0.30927015  0.32072985]
 [ 0.14441569 -0.3107132   0.3192868 ]
 [-0.14441569  0.3107132  -0.3192868 ]
 [-0.21098192  0.12706445 -0.50293555]
 [ 0.27976277  0.30927015 -0.32072985]]","[1910. 2130. 1041. 2142. 2250.  921. 2230. 2249.  922. 2185. 2130. 1041.
 1953. 2250.  921. 1865. 2249.  922.]","[1926. 2124. 1047. 2150. 2219.  934. 2214. 2246.  922. 2168. 2124. 1048.
 1946. 2227.  926. 1875. 2245.  922.]","[-1.6941e+01  3.8450e+00  6.1968e+01  0.0000e+00 -6.1000e-02  1.2210e-01
 -6.2000e-02 -3.0130e-01  9.4340e-01]",112
503,2,"[[ 0.2187476  -0.13201335  0.49798665]
 [-0.28257771 -0.30869126  0.32130874]
 [ 0.13843024 -0.31104732  0.31895268]
 [-0.13843024  0.31104732 -0.31895268]
 [-0.2187476   0.13201335 -0.49798665]
 [ 0.28257771  0.30869126 -0.32130874]]","[1905. 2134. 1037. 2138. 2250.  921. 2232. 2249.  922. 2190. 2134. 1037.
 1957. 2250.  921. 1863. 2249.  922.]","[1919. 2127. 1044. 2145. 2219.  934. 2217. 2245.  923. 2175. 2127. 1044.
 1951. 2227.  926. 1871. 2246.  923.]","[-1.6952e+01  3.8400e+00  6.1974e+01 -6.1000e-02 -1.8310e-01  1.2210e-01
 -5.5200e-02 -3.0130e-01  9.6340e-01]",112
504,2,"[[ 0.2262241  -0.13723782  0.49276218]
 [-0.28521643 -0.30810363  0.32189637]
 [ 0.13234502 -0.31137681  0.31862319]
 [-0.13234502  0.31137681 -0.31862319]
 [-0.2262241   0.13723782 -0.49276218]
 [ 0.28521643  0.30810363 -0.32189637]]","[1900. 2137. 1034. 2134. 2250.  920. 2233. 2248.  923. 2195. 2137. 1034.
 1961. 2250.  920. 1862. 2248.  923.]","[1915. 2130. 1042. 2143. 2219.  934. 2218. 2245.  923. 2178. 2130. 1042.
 1953. 2227.  926. 1870. 2245.  923.]","[-1.6952e+01  3.8340e+00  6.1979e+01  0.0000e+00 -1.2210e-01  6.1000e-02
 -5.7100e-02 -2.9880e-01  9.4780e-01]",112
505,2,"[[ 0.23340154 -0.14274016  0.48725984]
 [-0.28767555 -0.30750796  0.32249204]
 [ 0.12616244 -0.31170154  0.31829846]
 [-0.12616244  0.31170154 -0.31829846]
 [-0.23340154  0.14274016 -0.48725984]
 [ 0.28767555  0.30750796 -0.32249204]]","[1895. 2141. 1030. 2130. 2251.  920. 2235. 2248.  923. 2200. 2141. 1030.
 1965. 2251.  920. 1860. 2248.  923.]","[1910. 2133. 1039. 2139. 2219.  934. 2220. 2245.  924. 2184. 2132. 1039.
 1957. 2228.  926. 1867. 2246.  924.]","[-16.952    3.823   61.985    0.      -0.2441   0.      -0.0664  -0.2969
   0.9492]",112
506,2,"[[ 0.24027043 -0.14852243  0.48147757]
 [-0.28995183 -0.30690494  0.32309506]
 [ 0.11988509 -0.31202136  0.31797864]
 [-0.11988509  0.31202136 -0.31797864]
 [-0.24027043  0.14852243 -0.48147757]
 [ 0.28995183  0.30690494 -0.32309506]]","[1891. 2144. 1027. 2126. 2251.  920. 2237. 2248.  923. 2204. 2144. 1027.
 1969. 2251.  920. 1858. 2248.  923.]","[1904. 2136. 1035. 2136. 2219.  933. 2222. 2245.  925. 2189. 2136. 1036.
 1960. 2228.  926. 1865. 2245.  924.]","[-1.6957e+01  3.8180e+00  6.1990e+01 -6.1000e-02 -1.8310e-01  1.2210e-01
 -6.6400e-02 -2.9980e-01  9.5170e-01]",112
507,2,"[[ 0.24682169 -0.15458649  0.47541351]
 [-0.29204214 -0.30629529  0.32370471]
 [ 0.11351565 -0.31233614  0.31766386]
 [-0.11351565  0.31233614 -0.31766386]
 [-0.24682169  0.15458649 -0.47541351]
 [ 0.29204214  0.30629529 -0.32370471]]","[1887. 2148. 1023. 2122. 2251.  920. 2238. 2247.  924. 2208. 2148. 1023.
 1973. 2251.  920. 1857. 2247.  924.]","[1900. 2140. 1032. 2132. 2219.  933. 2224. 2244.  925. 2194. 2139. 1032.
 1964. 2228.  926. 1863. 2246.  924.]","[-1.6963e+01  3.8120e+00  6.1996e+01 -6.1000e-02 -1.2210e-01  1.2210e-01
 -5.2200e-02 -2.9690e-01  9.5310e-01]",112
508,2,"[[ 0.25304665 -0.16093397  0.46906603]
 [-0.29394348 -0.3056797   0.3243203 ]
 [ 0.10705697 -0.31264573  0.31735427]
 [-0.10705697  0.31264573 -0.31735427]
 [-0.25304665  0.16093397 -0.46906603]
 [ 0.29394348  0.3056797  -0.3243203 ]]","[1883. 2152. 1019. 2117. 2251.  920. 2239. 2247.  924. 2212. 2152. 1019.
 1978. 2251.  920. 1856. 2247.  924.]","[1894. 2144. 1028. 2128. 2219.  933. 2227. 2244.  925. 2199. 2144. 1028.
 1969. 2228.  926. 1861. 2245.  926.]","[-16.963    3.801   62.001    0.      -0.1221   0.      -0.0693  -0.2969
   0.9526]",112
509,2,"[[ 0.25893709 -0.16756626  0.46243374]
 [-0.29565299 -0.30505887  0.32494113]
 [ 0.10051201 -0.31295001  0.31704999]
 [-0.10051201  0.31295001 -0.31704999]
 [-0.25893709  0.16756626 -0.46243374]
 [ 0.29565299  0.30505887 -0.32494113]]","[1879. 2157. 1014. 2113. 2252.  919. 2240. 2246.  925. 2216. 2157. 1014.
 1982. 2252.  919. 1855. 2246.  925.]","[1890. 2148. 1024. 2123. 2218.  933. 2228. 2244.  926. 2203. 2148. 1024.
 1973. 2228.  926. 1858. 2245.  926.]","[-1.6963e+01  3.7960e+00  6.2001e+01  0.0000e+00 -6.1000e-02  1.2210e-01
 -7.0800e-02 -3.0080e-01  9.5750e-01]",112
510,2,"[[ 0.26448523 -0.17448451  0.45551549]
 [-0.29716796 -0.30443351  0.32556649]
 [ 0.09388389 -0.31324884  0.31675116]
 [-0.09388389  0.31324884 -0.31675116]
 [-0.26448523  0.17448451 -0.45551549]
 [ 0.29716796  0.30443351 -0.32556649]]","[1875. 2161. 1010. 2109. 2252.  919. 2241. 2246.  925. 2220. 2161. 1010.
 1986. 2252.  919. 1854. 2246.  925.]","[1885. 2152. 1020. 2120. 2219.  932. 2231. 2244.  926. 2207. 2152. 1021.
 1977. 2228.  926. 1857. 2245.  926.]","[-1.6968e+01  3.7960e+00  6.2007e+01  6.1000e-02 -6.1000e-02  2.4410e-01
 -6.5400e-02 -2.9930e-01  9.4480e-01]",112
511,2,"[[ 0.26968371 -0.18168961  0.44831039]
 [-0.29848582 -0.30380432  0.32619568]
 [ 0.08717584 -0.31354207  0.31645793]
 [-0.08717584  0.31354207 -0.31645793]
 [-0.26968371  0.18168961 -0.44831039]
 [ 0.29848582  0.30380432 -0.32619568]]","[1872. 2166. 1005. 2104. 2252.  919. 2242. 2246.  925. 2223. 2166. 1005.
 1991. 2252.  919. 1853. 2246.  925.]","[1882. 2155. 1017. 2118. 2219.  932. 2232. 2243.  927. 2211. 2155. 1017.
 1979. 2228.  925. 1856. 2245.  926.]","[-1.6963e+01  3.7960e+00  6.2018e+01  0.0000e+00 -1.2210e-01  3.0520e-01
 -6.1000e-02 -2.9980e-01  9.5020e-01]",112
512,2,"[[ 0.27452569 -0.18918223  0.44081777]
 [-0.29960414 -0.303172    0.326828  ]
 [ 0.08039122 -0.31382958  0.31617042]
 [-0.08039122  0.31382958 -0.31617042]
 [-0.27452569  0.18918223 -0.44081777]
 [ 0.29960414  0.303172   -0.326828  ]]","[1869. 2171. 1000. 2100. 2252.  919. 2243. 2245.  926. 2226. 2171. 1000.
 1995. 2252.  919. 1852. 2245.  926.]","[1878. 2159. 1013. 2114. 2219.  932. 2233. 2243.  926. 2215. 2159. 1014.
 1984. 2228.  926. 1854. 2245.  926.]","[-1.6963e+01  3.7900e+00  6.2034e+01  6.1000e-02 -1.2210e-01  1.2210e-01
 -5.6200e-02 -2.9740e-01  9.4870e-01]",112
513,2,"[[ 0.27900474 -0.19696274  0.43303726]
 [-0.30052067 -0.30253724  0.32746276]
 [ 0.07353352 -0.31411124  0.31588876]
 [-0.07353352  0.31411124 -0.31588876]
 [-0.27900474  0.19696274 -0.43303726]
 [ 0.30052067  0.30253724 -0.32746276]]","[1866. 2176.  995. 2095. 2252.  919. 2243. 2245.  926. 2229. 2176.  995.
 2000. 2252.  919. 1852. 2245.  926.]","[1875. 2164. 1008. 2110. 2219.  932. 2235. 2242.  927. 2219. 2164. 1009.
 1988. 2228.  925. 1852. 2244.  927.]","[-16.963    3.785   62.04     0.      -0.1221   0.      -0.0645  -0.2998
   0.9531]",112
514,2,"[[ 0.28311496 -0.20503126  0.42496874]
 [-0.30123331 -0.30190074  0.32809926]
 [ 0.06660636 -0.31438691  0.31561309]
 [-0.06660636  0.31438691 -0.31561309]
 [-0.28311496  0.20503126 -0.42496874]
 [ 0.30123331  0.30190074 -0.32809926]]","[1863. 2181.  990. 2091. 2252.  919. 2244. 2244.  927. 2232. 2181.  990.
 2004. 2252.  919. 1851. 2244.  927.]","[1871. 2169. 1004. 2106. 2218.  932. 2236. 2242.  927. 2222. 2168. 1004.
 1992. 2228.  925. 1852. 2244.  927.]","[-1.6968e+01  3.7790e+00  6.2040e+01 -6.1000e-02 -1.2210e-01  0.0000e+00
 -6.8400e-02 -2.9690e-01  9.5170e-01]",112
515,2,"[[ 0.28685091 -0.21338765  0.41661235]
 [-0.30174044 -0.30126319  0.32873681]
 [ 0.05961348 -0.31465645  0.31534355]
 [-0.05961348  0.31465645 -0.31534355]
 [-0.28685091  0.21338765 -0.41661235]
 [ 0.30174044  0.30126319 -0.32873681]]","[1861. 2187.  984. 2086. 2253.  918. 2244. 2244.  927. 2234. 2187.  984.
 2009. 2253.  918. 1851. 2244.  927.]","[1869. 2173. 1003. 2101. 2218.  932. 2238. 2242.  928. 2225. 2173.  999.
 1996. 2228.  925. 1851. 2243.  929.]","[-16.968    3.779   62.045    0.      -0.1221   0.1831  -0.0708  -0.2939
   0.9487]",112
516,2,"[[ 0.29020764 -0.22203147  0.40796853]
 [-0.30204238 -0.30062527  0.32937473]
 [ 0.05255875 -0.31491975  0.31508025]
 [-0.05255875  0.31491975 -0.31508025]
 [-0.29020764  0.22203147 -0.40796853]
 [ 0.30204238  0.30062527 -0.32937473]]","[1858. 2192.  979. 2082. 2253.  918. 2244. 2243.  927. 2237. 2192.  979.
 2013. 2253.  918. 1851. 2243.  927.]","[1866. 2175.  998. 2096. 2219.  932. 2239. 2241.  928. 2228. 2178.  994.
 2001. 2228.  925. 1850. 2244.  929.]","[-16.968    3.774   62.056    0.1221   0.       0.5493  -0.0659  -0.2983
   0.9727]",112
517,2,"[[ 0.29318073 -0.23096202  0.39903798]
 [-0.30212923 -0.29998761  0.33001239]
 [ 0.04544615 -0.31517666  0.31482334]
 [-0.04544615  0.31517666 -0.31482334]
 [-0.29318073  0.23096202 -0.39903798]
 [ 0.30212923  0.29998761 -0.33001239]]","[1856. 2198.  973. 2077. 2253.  918. 2244. 2243.  928. 2239. 2198.  973.
 2018. 2253.  918. 1851. 2243.  928.]","[1864. 2177.  993. 2092. 2219.  932. 2240. 2241.  928. 2231. 2184.  988.
 2004. 2228.  925. 1849. 2243.  929.]","[-1.6963e+01  3.7850e+00  6.2078e+01  2.4410e-01  6.1000e-02  9.1550e-01
 -6.4500e-02 -2.9250e-01  9.3900e-01]",112
518,2,"[[ 0.29576624 -0.2401783   0.3898217 ]
 [-0.3018308  -0.29935035  0.33064965]
 [ 0.03827978 -0.31542707  0.31457293]
 [-0.03827978  0.31542707 -0.31457293]
 [-0.29576624  0.2401783  -0.3898217 ]
 [ 0.3018308   0.29935035 -0.33064965]]","[1855. 2204.  967. 2072. 2253.  918. 2244. 2243.  928. 2240. 2204.  967.
 2023. 2253.  918. 1851. 2243.  928.]","[1861. 2182.  987. 2087. 2219.  932. 2240. 2241.  929. 2234. 2188.  983.
 2008. 2228.  925. 1849. 2243.  930.]","[-1.6952e+01  3.7960e+00  6.2117e+01  1.2210e-01 -6.1000e-02  8.5450e-01
 -5.4700e-02 -3.0370e-01  9.7070e-01]",112
519,2,"[[ 0.29796075 -0.24967903  0.38032097]
 [-0.30100426 -0.29871274  0.33128726]
 [ 0.03106383 -0.31567085  0.31432915]
 [-0.03106383  0.31567085 -0.31432915]
 [-0.29796075  0.24967903 -0.38032097]
 [ 0.30100426  0.29871274 -0.33128726]]","[1853. 2210.  961. 2068. 2253.  918. 2244. 2242.  929. 2242. 2210.  961.
 2027. 2253.  918. 1851. 2242.  929.]","[1860. 2187.  983. 2083. 2218.  932. 2241. 2242.  929. 2236. 2194.  983.
 2012. 2228.  925. 1849. 2242.  931.]","[-1.6935e+01  3.8120e+00  6.2150e+01  7.9350e-01  7.3240e-01  1.0986e+00
 -6.2000e-02 -3.2370e-01  9.9320e-01]",112
520,2,"[[ 0.29976136 -0.25946262  0.37053738]
 [-0.2996465  -0.29807517  0.33192483]
 [ 0.02380264 -0.31590786  0.31409214]
 [-0.02380264  0.31590786 -0.31409214]
 [-0.29976136  0.25946262 -0.37053738]
 [ 0.2996465   0.29807517 -0.33192483]]","[1852. 2217.  954. 2063. 2253.  918. 2243. 2242.  929. 2243. 2217.  954.
 2032. 2253.  918. 1852. 2242.  929.]","[1857. 2191.  978. 2078. 2219.  932. 2241. 2241.  929. 2238. 2199.  976.
 2014. 2228.  925. 1849. 2241.  931.]","[-1.6897e+01  3.8620e+00  6.2172e+01  1.2207e+00  1.2817e+00  7.3240e-01
 -3.5200e-02 -3.1350e-01  9.2380e-01]",112
521,2,"[[ 0.30116569 -0.26952722  0.36047278]
 [-0.29775868 -0.29743834  0.33256166]
 [ 0.01650064 -0.316138    0.313862  ]
 [-0.01650064  0.316138   -0.313862  ]
 [-0.30116569  0.26952722 -0.36047278]
 [ 0.29775868  0.29743834 -0.33256166]]","[1851. 2223.  948. 2058. 2254.  917. 2242. 2241.  930. 2244. 2223.  948.
 2037. 2254.  917. 1853. 2241.  930.]","[1856. 2196.  972. 2075. 2219.  932. 2241. 2241.  929. 2240. 2204.  970.
 2020. 2228.  925. 1849. 2240.  931.]","[-16.864    3.906   62.172    0.7324   0.9766  -0.1221  -0.0674  -0.3267
   0.9561]",112
522,2,"[[ 0.30217184 -0.27987063  0.35012937]
 [-0.29534415 -0.29680299  0.33319701]
 [ 0.00916234 -0.31636112  0.31363888]
 [-0.00916234  0.31636112 -0.31363888]
 [-0.30217184  0.27987063 -0.35012937]
 [ 0.29534415  0.29680299 -0.33319701]]","[1851. 2230.  941. 2053. 2254.  917. 2240. 2241.  930. 2244. 2230.  941.
 2042. 2254.  917. 1855. 2241.  930.]","[1855. 2199.  967. 2070. 2219.  932. 2242. 2241.  929. 2241. 2207.  963.
 2024. 2228.  924. 1849. 2240.  931.]","[-1.6837e+01  3.9440e+00  6.2155e+01  1.1597e+00  1.2817e+00  6.1000e-02
 -8.1500e-02 -3.2910e-01  9.6480e-01]",112
523,2,"[[ 0.30277748 -0.28694951  0.34305049]
 [-0.29240797 -0.29616984  0.33383016]
 [ 0.00179244 -0.31657713  0.31342287]
 [-0.00179244  0.31657713 -0.31342287]
 [-0.30277748  0.28694951 -0.34305049]
 [ 0.29240797  0.29616984 -0.33383016]]","[1850. 2235.  936. 2049. 2254.  917. 2238. 2241.  930. 2245. 2235.  936.
 2046. 2254.  917. 1857. 2241.  930.]","[1854. 2204.  962. 2066. 2221.  932. 2241. 2241.  929. 2242. 2213.  957.
 2029. 2228.  924. 1849. 2239.  931.]","[-1.6793e+01  3.9940e+00  6.2150e+01  1.4038e+00  1.4648e+00  3.6620e-01
 -6.0100e-02 -3.0220e-01  9.3990e-01]",112
524,2,"[[ 0.3029836  -0.2872763   0.3427237 ]
 [-0.28895781 -0.29553964  0.33446036]
 [-0.00560261 -0.31678589  0.31321411]
 [ 0.00560261  0.31678589 -0.31321411]
 [-0.3029836   0.2872763  -0.3427237 ]
 [ 0.28895781  0.29553964 -0.33446036]]","[1850. 2235.  936. 2044. 2254.  917. 2236. 2240.  931. 2245. 2235.  936.
 2051. 2254.  917. 1859. 2240.  931.]","[1854. 2209.  957. 2062. 2221.  932. 2241. 2244.  929. 2242. 2218.  951.
 2033. 2228.  924. 1850. 2239.  931.]","[-1.6749e+01  4.0430e+00  6.2144e+01  1.3428e+00  1.1597e+00  2.4410e-01
 -6.0100e-02 -2.9200e-01  9.8140e-01]",112
525,2,"[[ 0.30291279 -0.28761084  0.34238916]
 [-0.28501112 -0.29491311  0.33508689]
 [-0.01300511 -0.31698729  0.31301271]
 [ 0.01300511  0.31698729 -0.31301271]
 [-0.30291279  0.28761084 -0.34238916]
 [ 0.28501112  0.29491311 -0.33508689]]","[1850. 2235.  936. 2039. 2254.  917. 2233. 2240.  931. 2245. 2235.  936.
 2056. 2254.  917. 1862. 2240.  931.]","[1853. 2212.  953. 2058. 2223.  932. 2241. 2243.  930. 2243. 2222.  948.
 2038. 2229.  924. 1852. 2238.  932.]","[-1.6699e+01  4.0870e+00  6.2133e+01  1.5259e+00  1.2817e+00 -1.2210e-01
 -3.9100e-02 -2.7980e-01  9.7560e-01]",112
526,2,"[[ 0.3027053  -0.2879518   0.3420482 ]
 [-0.2805847  -0.29429102  0.33570898]
 [-0.02039565 -0.31718122  0.31281878]
 [ 0.02039565  0.31718122 -0.31281878]
 [-0.3027053   0.2879518  -0.3420482 ]
 [ 0.2805847   0.29429102 -0.33570898]]","[1850. 2235.  936. 2034. 2254.  917. 2230. 2239.  932. 2245. 2235.  936.
 2061. 2254.  917. 1865. 2239.  932.]","[1853. 2214.  950. 2054. 2226.  932. 2239. 2243.  930. 2244. 2224.  946.
 2043. 2229.  923. 1853. 2238.  932.]","[-1.6639e+01  4.1250e+00  6.2100e+01  1.8311e+00  1.4648e+00 -6.1040e-01
 -3.8100e-02 -2.7000e-01  9.5950e-01]",112
527,2,"[[ 0.30237406 -0.28829865  0.34170135]
 [-0.27568721 -0.29367412  0.33632588]
 [-0.02776609 -0.31736755  0.31263245]
 [ 0.02776609  0.31736755 -0.31263245]
 [-0.30237406  0.28829865 -0.34170135]
 [ 0.27568721  0.29367412 -0.33632588]]","[1850. 2235.  936. 2029. 2254.  917. 2227. 2239.  932. 2245. 2235.  936.
 2066. 2254.  917. 1868. 2239.  932.]","[1853. 2216.  948. 2050. 2227.  931. 2237. 2242.  929. 2244. 2226.  945.
 2048. 2229.  924. 1855. 2237.  933.]","[-1.6573e+01  4.1530e+00  6.2051e+01  1.8311e+00  1.0376e+00 -1.2817e+00
 -5.8100e-02 -2.6320e-01  9.4190e-01]",112
528,2,"[[ 0.30191718 -0.28865125  0.34134875]
 [-0.2703286  -0.29306317  0.33693683]
 [-0.03511161 -0.31754617  0.31245383]
 [ 0.03511161  0.31754617 -0.31245383]
 [-0.30191718  0.28865125 -0.34134875]
 [ 0.2703286   0.29306317 -0.33693683]]","[1851. 2236.  935. 2025. 2255.  916. 2224. 2239.  932. 2244. 2236.  935.
 2070. 2255.  916. 1871. 2239.  932.]","[1853. 2217.  947. 2046. 2228.  930. 2234. 2241.  928. 2244. 2227.  944.
 2053. 2229.  924. 1856. 2237.  934.]","[-16.507    4.158   61.99     1.4038   0.5493  -1.4038  -0.0869  -0.2817
   0.9385]",112
529,2,"[[ 0.30133417 -0.28900941  0.34099059]
 [-0.26452127 -0.29245893  0.33754107]
 [-0.04242786 -0.31771697  0.31228303]
 [ 0.04242786  0.31771697 -0.31228303]
 [-0.30133417  0.28900941 -0.34099059]
 [ 0.26452127  0.29245893 -0.33754107]]","[1851. 2236.  935. 2020. 2255.  916. 2220. 2238.  933. 2244. 2236.  935.
 2075. 2255.  916. 1875. 2238.  933.]","[1853. 2218.  946. 2042. 2230.  929. 2231. 2241.  929. 2244. 2228.  943.
 2058. 2229.  924. 1858. 2237.  934.]","[-16.463    4.158   61.935    1.1597   0.4272  -1.1597  -0.0723  -0.2734
   0.9277]",112
530,2,"[[ 0.30062514 -0.28937294  0.34062706]
 [-0.25827925 -0.29186215  0.33813785]
 [-0.04971056 -0.31787983  0.31212017]
 [ 0.04971056  0.31787983 -0.31212017]
 [-0.30062514  0.28937294 -0.34062706]
 [ 0.25827925  0.29186215 -0.33813785]]","[1852. 2236.  935. 2015. 2255.  916. 2216. 2238.  933. 2243. 2236.  935.
 2080. 2255.  916. 1879. 2238.  933.]","[1853. 2218.  945. 2039. 2230.  929. 2227. 2241.  931. 2244. 2228.  942.
 2062. 2229.  924. 1861. 2236.  934.]","[-16.425    4.153   61.88     0.8545   0.3052  -1.2817  -0.0942  -0.2881
   0.9497]",112
531,2,"[[ 0.29979035 -0.28974164  0.34025836]
 [-0.25161759 -0.29127358  0.33872642]
 [-0.05695553 -0.31803466  0.31196534]
 [ 0.05695553  0.31803466 -0.31196534]
 [-0.29979035  0.28974164 -0.34025836]
 [ 0.25161759  0.29127358 -0.33872642]]","[1852. 2236.  935. 2010. 2255.  916. 2212. 2237.  934. 2243. 2236.  935.
 2085. 2255.  916. 1883. 2237.  934.]","[1853. 2218.  944. 2034. 2230.  929. 2223. 2240.  932. 2243. 2228.  942.
 2067. 2229.  924. 1864. 2236.  934.]","[-16.392    4.147   61.831    0.7324   0.1831  -1.2207  -0.0791  -0.2798
   0.9458]",112
532,2,"[[ 0.29883016 -0.29011532  0.33988468]
 [-0.24455207 -0.29069399  0.33930601]
 [-0.06415863 -0.31818134  0.31181866]
 [ 0.06415863  0.31818134 -0.31181866]
 [-0.29883016  0.29011532 -0.33988468]
 [ 0.24455207  0.29069399 -0.33930601]]","[1853. 2237.  934. 2006. 2255.  916. 2207. 2237.  934. 2242. 2237.  934.
 2089. 2255.  916. 1888. 2237.  934.]","[1854. 2218.  943. 2029. 2230.  929. 2220. 2240.  932. 2243. 2229.  941.
 2071. 2229.  924. 1868. 2236.  934.]","[-16.37     4.147   61.782    0.6104   0.1831  -0.9155  -0.1147  -0.2627
   0.9575]",112
533,2,"[[ 0.29774497 -0.29049377  0.33950623]
 [-0.23709907 -0.29012409  0.33987591]
 [-0.07131576 -0.31831979  0.31168021]
 [ 0.07131576  0.31831979 -0.31168021]
 [-0.29774497  0.29049377 -0.33950623]
 [ 0.23709907  0.29012409 -0.33987591]]","[1853. 2237.  934. 2001. 2255.  916. 2202. 2237.  934. 2242. 2237.  934.
 2094. 2255.  916. 1893. 2237.  934.]","[1854. 2219.  942. 2024. 2230.  929. 2216. 2240.  933. 2243. 2229.  941.
 2075. 2229.  924. 1872. 2235.  934.]","[-16.348    4.153   61.765    0.3662   0.1831   0.1221  -0.0903  -0.2646
   0.9375]",112
534,2,"[[ 0.29653522 -0.29087679  0.33912321]
 [-0.22927543 -0.28956463  0.34043537]
 [-0.0784229  -0.3184499   0.3115501 ]
 [ 0.0784229   0.3184499  -0.3115501 ]
 [-0.29653522  0.29087679 -0.33912321]
 [ 0.22927543  0.28956463 -0.34043537]]","[1854. 2237.  934. 1996. 2255.  916. 2197. 2236.  935. 2241. 2237.  934.
 2099. 2255.  916. 1898. 2236.  935.]","[1855. 2219.  942. 2020. 2230.  929. 2212. 2239.  933. 2242. 2230.  941.
 2081. 2229.  924. 1877. 2235.  935.]","[-16.331    4.169   61.771    0.1221   0.       0.2441  -0.1021  -0.2827
   0.9526]",112
535,2,"[[ 0.29520143 -0.29126417  0.33873583]
 [-0.22109844 -0.28901634  0.34098366]
 [-0.08547605 -0.3185716   0.3114284 ]
 [ 0.08547605  0.3185716  -0.3114284 ]
 [-0.29520143  0.29126417 -0.33873583]
 [ 0.22109844  0.28901634 -0.34098366]]","[1855. 2237.  934. 1992. 2255.  916. 2192. 2236.  935. 2240. 2237.  934.
 2103. 2255.  916. 1903. 2236.  935.]","[1855. 2219.  941. 2016. 2230.  929. 2207. 2238.  933. 2242. 2230.  940.
 2085. 2229.  924. 1882. 2235.  935.]","[-1.6326e+01  4.1860e+00  6.1782e+01  1.2210e-01  1.2210e-01  3.0520e-01
 -3.1200e-02 -2.8760e-01  9.5700e-01]",112
536,2,"[[ 0.29374416 -0.29165572  0.33834428]
 [-0.21258571 -0.28847993  0.34152007]
 [-0.09247129 -0.31868478  0.31131522]
 [ 0.09247129  0.31868478 -0.31131522]
 [-0.29374416  0.29165572 -0.33834428]
 [ 0.21258571  0.28847993 -0.34152007]]","[1856. 2238.  933. 1987. 2255.  916. 2186. 2236.  935. 2239. 2238.  933.
 2108. 2255.  916. 1909. 2236.  935.]","[1856. 2220.  941. 2012. 2230.  929. 2202. 2238.  934. 2241. 2230.  940.
 2090. 2229.  924. 1886. 2234.  936.]","[-16.315    4.191   61.771    0.1831   0.1831  -0.3662  -0.083   -0.2861
   0.9722]",112
537,2,"[[ 0.292164   -0.29205122  0.33794878]
 [-0.20375517 -0.28795609  0.34204391]
 [-0.09940475 -0.31878938  0.31121062]
 [ 0.09940475  0.31878938 -0.31121062]
 [-0.292164    0.29205122 -0.33794878]
 [ 0.20375517  0.28795609 -0.34204391]]","[1857. 2238.  933. 1983. 2255.  916. 2180. 2235.  936. 2238. 2238.  933.
 2112. 2255.  916. 1915. 2235.  936.]","[1857. 2221.  941. 2008. 2230.  929. 2197. 2238.  934. 2240. 2231.  939.
 2095. 2229.  923. 1892. 2234.  936.]","[-1.6304e+01  4.2020e+00  6.1749e+01  2.4410e-01  1.8310e-01 -4.8830e-01
 -5.9600e-02 -2.7640e-01  9.4480e-01]",112
538,2,"[[ 0.29046163 -0.29245047  0.33754953]
 [-0.19462501 -0.28744553  0.34255447]
 [-0.10627263 -0.31888532  0.31111468]
 [ 0.10627263  0.31888532 -0.31111468]
 [-0.29046163  0.29245047 -0.33754953]
 [ 0.19462501  0.28744553 -0.34255447]]","[1858. 2238.  933. 1978. 2255.  916. 2174. 2235.  936. 2237. 2238.  933.
 2117. 2255.  916. 1921. 2235.  936.]","[1858. 2221.  940. 2003. 2230.  929. 2191. 2238.  934. 2239. 2230.  939.
 2099. 2229.  924. 1897. 2234.  936.]","[-16.298    4.202   61.732    0.1221   0.      -0.3662  -0.1006  -0.2944
   0.9517]",112
539,3,"[[ 0.28863776 -0.29285325  0.33714675]
 [-0.18521362 -0.28694893  0.34305107]
 [-0.11307116 -0.31897253  0.31102747]
 [ 0.11307116  0.31897253 -0.31102747]
 [-0.28863776  0.29285325 -0.33714675]
 [ 0.18521362  0.28694893 -0.34305107]]","[1859. 2238.  933. 1974. 2255.  916. 2168. 2235.  936. 2236. 2238.  933.
 2121. 2255.  916. 1927. 2235.  936.]","[1858. 2221.  940. 1999. 2230.  929. 2186. 2237.  935. 2237. 2230.  939.
 2103. 2229.  924. 1903. 2233.  936.]","[-1.6287e+01  4.2130e+00  6.1721e+01  2.4410e-01  2.4410e-01 -2.4410e-01
 -4.6900e-02 -2.7440e-01  9.7070e-01]",112
540,3,"[[ 0.28669314 -0.29325937  0.33674063]
 [-0.17553956 -0.27440471  0.35559529]
 [-0.11979665 -0.31905093  0.31094907]
 [ 0.11979665  0.31905093 -0.31094907]
 [-0.28669314  0.29325937 -0.33674063]
 [ 0.17553956  0.27440471 -0.35559529]]","[1861. 2239.  932. 1969. 2255.  915. 2162. 2226.  945. 2234. 2239.  932.
 2126. 2255.  915. 1933. 2226.  945.]","[1859. 2222.  939. 1995. 2230.  929. 2180. 2237.  935. 2236. 2231.  938.
 2108. 2229.  924. 1909. 2233.  936.]","[-16.276    4.219   61.699    0.3052   0.3052  -0.4272  -0.0835  -0.2925
   0.9502]",112
541,3,"[[ 0.2846286  -0.2936686   0.3363314 ]
 [-0.16562152 -0.25884727  0.37115273]
 [-0.12644548 -0.31912047  0.31087953]
 [ 0.12644548  0.31912047 -0.31087953]
 [-0.2846286   0.2936686  -0.3363314 ]
 [ 0.16562152  0.25884727 -0.37115273]]","[1862. 2239.  932. 1965. 2256.  915. 2155. 2216.  955. 2233. 2239.  932.
 2130. 2256.  915. 1940. 2216.  955.]","[1861. 2222.  939. 1991. 2230.  929. 2174. 2235.  937. 2235. 2231.  937.
 2112. 2229.  924. 1916. 2231.  938.]","[-1.6265e+01  4.2300e+00  6.1688e+01  3.0520e-01  1.8310e-01 -1.8310e-01
 -4.4400e-02 -2.9050e-01  9.4340e-01]",112
542,3,"[[ 0.28244499 -0.29408073  0.33591927]
 [-0.15547823 -0.2438197   0.3861803 ]
 [-0.13301409 -0.31918109  0.31081891]
 [ 0.13301409  0.31918109 -0.31081891]
 [-0.28244499  0.29408073 -0.33591927]
 [ 0.15547823  0.2438197  -0.3861803 ]]","[1863. 2239.  932. 1961. 2256.  915. 2149. 2206.  965. 2232. 2239.  932.
 2134. 2256.  915. 1946. 2206.  965.]","[1862. 2222.  938. 1987. 2230.  929. 2168. 2230.  942. 2233. 2230.  936.
 2116. 2229.  924. 1922. 2226.  943.]","[-16.26     4.23    61.672    0.1831   0.1221  -0.4883  -0.0942  -0.2988
   0.9609]",112
543,3,"[[ 0.28014323 -0.29449556  0.33550444]
 [-0.1451285  -0.22934241  0.40065759]
 [-0.13949897 -0.31923274  0.31076726]
 [ 0.13949897  0.31923274 -0.31076726]
 [-0.28014323  0.29449556 -0.33550444]
 [ 0.1451285   0.22934241 -0.40065759]]","[1865. 2239.  931. 1957. 2256.  915. 2142. 2197.  974. 2230. 2239.  931.
 2138. 2256.  915. 1953. 2197.  974.]","[1863. 2223.  938. 1982. 2231.  929. 2162. 2222.  949. 2232. 2230.  936.
 2121. 2229.  924. 1929. 2221.  948.]","[-16.249    4.235   61.655    0.3052   0.1831  -0.1831  -0.0898  -0.2954
   0.9399]",112
544,3,"[[ 0.27772429 -0.29491287  0.33508713]
 [-0.13459112 -0.2154352   0.4145648 ]
 [-0.14589669 -0.31927536  0.31072464]
 [ 0.14589669  0.31927536 -0.31072464]
 [-0.27772429  0.29491287 -0.33508713]
 [ 0.13459112  0.2154352  -0.4145648 ]]","[1866. 2240.  931. 1952. 2256.  915. 2135. 2188.  983. 2229. 2240.  931.
 2143. 2256.  915. 1960. 2188.  983.]","[1864. 2224.  937. 1979. 2230.  929. 2156. 2215.  957. 2230. 2230.  936.
 2125. 2229.  924. 1936. 2215.  956.]","[-16.227    4.246   61.65     0.7935   0.3052   0.      -0.084   -0.2969
   0.9497]",112
545,3,"[[ 0.27518917 -0.29533245  0.33466755]
 [-0.12388484 -0.20211717  0.42788283]
 [-0.15220389 -0.31930892  0.31069108]
 [ 0.15220389  0.31930892 -0.31069108]
 [-0.27518917  0.29533245 -0.33466755]
 [ 0.12388484  0.20211717 -0.42788283]]","[1868. 2240.  931. 1948. 2256.  915. 2128. 2179.  992. 2227. 2240.  931.
 2147. 2256.  915. 1967. 2179.  992.]","[1865. 2225.  936. 1975. 2230.  929. 2149. 2206.  965. 2229. 2230.  935.
 2130. 2229.  924. 1943. 2207.  964.]","[-1.6188e+01  4.2630e+00  6.1655e+01  1.0986e+00  2.4410e-01  3.0520e-01
 -4.5900e-02 -2.8170e-01  9.5900e-01]",112
546,3,"[[ 0.27253893 -0.29575408  0.33424592]
 [-0.11302832 -0.18940673  0.44059327]
 [-0.15841727 -0.31933339  0.31066661]
 [ 0.15841727  0.31933339 -0.31066661]
 [-0.27253893  0.29575408 -0.33424592]
 [ 0.11302832  0.18940673 -0.44059327]]","[1870. 2240.  931. 1944. 2256.  915. 2121. 2171. 1000. 2225. 2240.  931.
 2151. 2256.  915. 1974. 2171. 1000.]","[1867. 2227.  936. 1971. 2230.  929. 2142. 2198.  974. 2228. 2230.  934.
 2135. 2229.  924. 1951. 2199.  974.]","[-1.6144e+01  4.2740e+00  6.1644e+01  1.2817e+00  4.8830e-01 -4.2720e-01
 -4.9300e-02 -2.5100e-01  9.9800e-01]",112
547,3,"[[ 0.26977469 -0.29617755  0.33382245]
 [-0.10204014 -0.17732154  0.45267846]
 [-0.16453362 -0.3193488   0.3106512 ]
 [ 0.16453362  0.3193488  -0.3106512 ]
 [-0.26977469  0.29617755 -0.33382245]
 [ 0.10204014  0.17732154 -0.45267846]]","[1872. 2241.  930. 1940. 2256.  915. 2114. 2163. 1008. 2223. 2241.  930.
 2155. 2256.  915. 1981. 2163. 1008.]","[1869. 2228.  936. 1966. 2231.  929. 2135. 2190.  982. 2226. 2230.  934.
 2139. 2229.  924. 1960. 2191.  982.]","[-16.089    4.296   61.617    1.3428   0.6714  -0.3662  -0.063   -0.2529
   0.9458]",112
548,3,"[[ 0.26689759 -0.29660265  0.33339735]
 [-0.09093873 -0.16587847  0.46412153]
 [-0.17054977 -0.31935538  0.31064462]
 [ 0.17054977  0.31935538 -0.31064462]
 [-0.26689759  0.29660265 -0.33339735]
 [ 0.09093873  0.16587847 -0.46412153]]","[1874. 2241.  930. 1936. 2256.  915. 2107. 2156. 1015. 2221. 2241.  930.
 2159. 2256.  915. 1988. 2156. 1015.]","[1871. 2228.  936. 1962. 2231.  928. 2129. 2181.  991. 2224. 2230.  933.
 2144. 2229.  924. 1969. 2183.  991.]","[-16.035    4.312   61.6      1.2207   0.5493  -0.2441  -0.1113  -0.2676
   0.9683]",112
549,3,"[[ 0.26390885 -0.29702916  0.33297084]
 [-0.07974232 -0.15509361  0.47490639]
 [-0.17646266 -0.31935177  0.31064823]
 [ 0.17646266  0.31935177 -0.31064823]
 [-0.26390885  0.29702916 -0.33297084]
 [ 0.07974232  0.15509361 -0.47490639]]","[1875. 2241.  930. 1932. 2256.  915. 2099. 2149. 1022. 2220. 2241.  930.
 2163. 2256.  915. 1996. 2149. 1022.]","[1872. 2228.  935. 1958. 2231.  929. 2121. 2173.  998. 2221. 2230.  932.
 2147. 2229.  924. 1977. 2175.  998.]","[-15.996    4.334   61.6      0.7324   0.4883   0.2441  -0.0703  -0.2769
   0.9302]",112
550,3,"[[ 0.26080971 -0.29745686  0.33254314]
 [-0.06846898 -0.14498219  0.48501781]
 [-0.18226928 -0.31932572  0.31067428]
 [ 0.18226928  0.31932572 -0.31067428]
 [-0.26080971  0.29745686 -0.33254314]
 [ 0.06846898  0.14498219 -0.48501781]]","[1877. 2241.  930. 1929. 2256.  915. 2092. 2142. 1029. 2218. 2241.  930.
 2166. 2256.  915. 2003. 2142. 1029.]","[1874. 2228.  935. 1954. 2230.  929. 2114. 2165. 1006. 2219. 2230.  932.
 2151. 2229.  924. 1984. 2168. 1006.]","[-1.5991e+01  4.3400e+00  6.1595e+01 -6.1000e-02  6.1000e-02 -2.4410e-01
 -9.0300e-02 -2.9490e-01  9.5310e-01]",112
551,3,"[[ 0.25760148 -0.29788555  0.33211445]
 [-0.05713652 -0.1355586   0.4944414 ]
 [-0.1879667  -0.31926807  0.31073193]
 [ 0.1879667   0.31926807 -0.31073193]
 [-0.25760148  0.29788555 -0.33211445]
 [ 0.05713652  0.1355586  -0.4944414 ]]","[1880. 2242.  929. 1925. 2256.  915. 2085. 2136. 1035. 2215. 2242.  929.
 2170. 2256.  915. 2010. 2136. 1035.]","[1876. 2229.  934. 1951. 2230.  929. 2107. 2158. 1014. 2217. 2230.  932.
 2156. 2229.  924. 1987. 2159. 1014.]","[-15.996    4.345   61.567    0.       0.2441  -0.6714  -0.0854  -0.2969
   0.9473]",112
552,3,"[[ 0.25428548 -0.29831501  0.33168499]
 [-0.04576251 -0.12683632  0.50316368]
 [-0.19355207 -0.31918235  0.31081765]
 [ 0.19355207  0.31918235 -0.31081765]
 [-0.25428548  0.29831501 -0.33168499]
 [ 0.04576251  0.12683632 -0.50316368]]","[1882. 2242.  929. 1921. 2256.  915. 2077. 2130. 1041. 2213. 2242.  929.
 2174. 2256.  915. 2018. 2130. 1041.]","[1878. 2229.  933. 1947. 2230.  929. 2100. 2151. 1022. 2215. 2230.  932.
 2159. 2229.  924. 1992. 2153. 1021.]","[-1.5996e+01  4.3510e+00  6.1534e+01  1.8310e-01  3.0520e-01 -9.1550e-01
 -6.0500e-02 -2.8710e-01  9.5020e-01]",112
553,3,"[[ 0.25086311 -0.29874503  0.33125497]
 [-0.03436425 -0.11882793  0.51117207]
 [-0.19902261 -0.31906994  0.31093006]
 [ 0.19902261  0.31906994 -0.31093006]
 [-0.25086311  0.29874503 -0.33125497]
 [ 0.03436425  0.11882793 -0.51117207]]","[1884. 2242.  929. 1918. 2256.  915. 2070. 2125. 1046. 2211. 2242.  929.
 2177. 2256.  915. 2025. 2125. 1046.]","[1880. 2229.  933. 1944. 2231.  929. 2092. 2144. 1027. 2214. 2230.  931.
 2163. 2229.  924. 2000. 2146. 1027.]","[-15.996    4.351   61.485    0.1221   0.3052  -1.0986  -0.0688  -0.2812
   0.9678]",112
554,3,"[[ 0.24733581 -0.29917539  0.33082461]
 [-0.02295872 -0.11154509  0.51845491]
 [-0.20437563 -0.31893133  0.31106867]
 [ 0.20437563  0.31893133 -0.31106867]
 [-0.24733581  0.29917539 -0.33082461]
 [ 0.02295872  0.11154509 -0.51845491]]","[1886. 2243.  928. 1914. 2255.  916. 2062. 2120. 1051. 2209. 2243.  928.
 2181. 2255.  916. 2033. 2120. 1051.]","[1882. 2229.  932. 1941. 2230.  929. 2085. 2139. 1033. 2212. 2230.  931.
 2167. 2229.  924. 2009. 2141. 1034.]","[-16.002    4.351   61.458    0.       0.1831  -0.6714  -0.0806  -0.2866
   0.9395]",112
555,3,"[[ 0.24370503 -0.29960588  0.33039412]
 [-0.0115626  -0.10499848  0.52500152]
 [-0.20960851 -0.31876697  0.31123303]
 [ 0.20960851  0.31876697 -0.31123303]
 [-0.24370503  0.29960588 -0.33039412]
 [ 0.0115626   0.10499848 -0.52500152]]","[1889. 2243.  928. 1911. 2255.  916. 2055. 2116. 1055. 2206. 2243.  928.
 2184. 2255.  916. 2040. 2116. 1055.]","[1884. 2229.  932. 1937. 2230.  929. 2078. 2133. 1039. 2209. 2230.  931.
 2171. 2229.  924. 2017. 2135. 1039.]","[-1.6002e+01  4.3510e+00  6.1436e+01  6.1000e-02  1.2210e-01 -5.4930e-01
 -6.5400e-02 -2.9980e-01  9.6240e-01]",112
556,3,"[[ 2.39972318e-01 -3.00036292e-01  3.29963708e-01]
 [-1.92220231e-04 -9.91978214e-02  5.30802179e-01]
 [-2.14718706e-01 -3.18577316e-01  3.11422684e-01]
 [ 2.14718706e-01  3.18577316e-01 -3.11422684e-01]
 [-2.39972318e-01  3.00036292e-01 -3.29963708e-01]
 [ 1.92220231e-04  9.91978214e-02 -5.30802179e-01]]","[1891. 2243.  928. 1908. 2255.  916. 2048. 2112. 1059. 2204. 2243.  928.
 2187. 2255.  916. 2047. 2112. 1059.]","[1886. 2229.  932. 1933. 2230.  929. 2070. 2128. 1045. 2206. 2230.  930.
 2174. 2229.  924. 2025. 2130. 1044.]","[-15.996    4.351   61.408    0.3052   0.1221  -0.5493  -0.0845  -0.2837
   0.9526]",112
557,3,"[[ 0.23613922 -0.30046641  0.32953359]
 [ 0.01113645 -0.09415183  0.53584817]
 [-0.21970377 -0.31836285  0.31163715]
 [ 0.21970377  0.31836285 -0.31163715]
 [-0.23613922  0.30046641 -0.32953359]
 [-0.01113645  0.09415183 -0.53584817]]","[1894. 2243.  928. 1904. 2255.  916. 2040. 2109. 1062. 2201. 2243.  928.
 2191. 2255.  916. 2055. 2109. 1062.]","[1890. 2229.  932. 1930. 2230.  929. 2063. 2123. 1049. 2205. 2230.  930.
 2177. 2229.  924. 2032. 2125. 1050.]","[-1.5996e+01  4.3510e+00  6.1392e+01  1.2210e-01  6.1000e-02 -3.6620e-01
 -9.1300e-02 -2.7830e-01  9.5020e-01]",112
558,3,"[[ 0.23220734 -0.30089603  0.32910397]
 [ 0.0224078  -0.08986821  0.54013179]
 [-0.22456131 -0.31812409  0.31187591]
 [ 0.22456131  0.31812409 -0.31187591]
 [-0.23220734  0.30089603 -0.32910397]
 [-0.0224078   0.08986821 -0.54013179]]","[1896. 2244.  927. 1901. 2255.  916. 2033. 2106. 1065. 2199. 2244.  927.
 2194. 2255.  916. 2062. 2106. 1065.]","[1892. 2229.  931. 1926. 2231.  929. 2056. 2119. 1054. 2202. 2230.  930.
 2180. 2229.  924. 2040. 2120. 1053.]","[-1.5996e+01  4.3560e+00  6.1386e+01  6.1000e-02  1.2210e-01 -1.8310e-01
 -7.1800e-02 -2.8120e-01  9.5750e-01]",112
559,3,"[[ 0.22817832 -0.30132494  0.32867506]
 [ 0.03360662 -0.08635368  0.54364632]
 [-0.22928904 -0.31786156  0.31213844]
 [ 0.22928904  0.31786156 -0.31213844]
 [-0.22817832  0.30132494 -0.32867506]
 [-0.03360662  0.08635368 -0.54364632]]","[1899. 2244.  927. 1898. 2255.  916. 2026. 2104. 1067. 2196. 2244.  927.
 2197. 2255.  916. 2069. 2104. 1067.]","[1894. 2229.  931. 1923. 2230.  929. 2048. 2115. 1058. 2200. 2230.  930.
 2184. 2229.  924. 2047. 2116. 1057.]","[-1.6002e+01  4.3620e+00  6.1370e+01  6.1000e-02  1.2210e-01 -3.6620e-01
 -7.1300e-02 -2.8420e-01  9.5610e-01]",112
560,3,"[[ 0.22405386 -0.30175293  0.32824707]
 [ 0.0447181  -0.08361387  0.54638613]
 [-0.23388475 -0.31757584  0.31242416]
 [ 0.23388475  0.31757584 -0.31242416]
 [-0.22405386  0.30175293 -0.32824707]
 [-0.0447181   0.08361387 -0.54638613]]","[1901. 2244.  927. 1895. 2255.  916. 2018. 2102. 1069. 2194. 2244.  927.
 2200. 2255.  916. 2077. 2102. 1069.]","[1897. 2229.  930. 1919. 2231.  929. 2041. 2111. 1061. 2197. 2230.  930.
 2186. 2229.  924. 2054. 2113. 1060.]","[-1.6002e+01  4.3620e+00  6.1348e+01  6.1000e-02  1.2210e-01 -4.8830e-01
 -8.2000e-02 -2.8420e-01  9.5460e-01]",112
561,3,"[[ 0.21983567 -0.30217979  0.32782021]
 [ 0.05572782 -0.08165344  0.54834656]
 [-0.23834631 -0.3172675   0.3127325 ]
 [ 0.23834631  0.3172675  -0.3127325 ]
 [-0.21983567  0.30217979 -0.32782021]
 [-0.05572782  0.08165344 -0.54834656]]","[1904. 2244.  926. 1892. 2254.  917. 2011. 2101. 1070. 2191. 2244.  926.
 2203. 2254.  917. 2084. 2101. 1070.]","[1899. 2229.  930. 1916. 2231.  929. 2034. 2109. 1063. 2195. 2230.  930.
 2190. 2229.  924. 2062. 2111. 1063.]","[-1.6002e+01  4.3670e+00  6.1331e+01  6.1000e-02  1.2210e-01 -3.0520e-01
 -7.6700e-02 -2.8030e-01  9.5260e-01]",112
562,3,"[[ 0.21552552 -0.30260532  0.32739468]
 [ 0.06662181 -0.08047642  0.54952358]
 [-0.24267167 -0.31693717  0.31306283]
 [ 0.24267167  0.31693717 -0.31306283]
 [-0.21552552  0.30260532 -0.32739468]
 [-0.06662181  0.08047642 -0.54952358]]","[1907. 2245.  926. 1889. 2254.  917. 2004. 2100. 1071. 2188. 2245.  926.
 2206. 2254.  917. 2091. 2100. 1071.]","[1902. 2229.  929. 1913. 2231.  929. 2026. 2107. 1066. 2192. 2230.  929.
 2192. 2229.  924. 2070. 2108. 1065.]","[-1.6002e+01  4.3670e+00  6.1320e+01  1.2210e-01  6.1000e-02 -2.4410e-01
 -7.5700e-02 -2.7780e-01  9.5850e-01]",112
563,3,"[[ 0.21112521 -0.30302931  0.32697069]
 [ 0.07738652 -0.08009342  0.54990658]
 [-0.24685885 -0.31658546  0.31341454]
 [ 0.24685885  0.31658546 -0.31341454]
 [-0.21112521  0.30302931 -0.32697069]
 [-0.07738652  0.08009342 -0.54990658]]","[1910. 2245.  926. 1887. 2254.  917. 1997. 2100. 1071. 2185. 2245.  926.
 2208. 2254.  917. 2098. 2100. 1071.]","[1905. 2230.  929. 1909. 2231.  929. 2019. 2105. 1067. 2190. 2230.  929.
 2196. 2229.  924. 2077. 2107. 1067.]","[-1.6002e+01  4.3730e+00  6.1315e+01  6.1000e-02  6.1000e-02 -1.8310e-01
 -7.1300e-02 -2.7540e-01  9.5610e-01]",112
564,3,"[[ 0.20663658 -0.30345156  0.32654844]
 [ 0.08800884 -0.08047056  0.54952944]
 [-0.250906   -0.31621303  0.31378697]
 [ 0.250906    0.31621303 -0.31378697]
 [-0.20663658  0.30345156 -0.32654844]
 [-0.08800884  0.08047056 -0.54952944]]","[1913. 2245.  926. 1884. 2254.  917. 1990. 2100. 1071. 2182. 2245.  926.
 2211. 2254.  917. 2105. 2100. 1071.]","[1908. 2230.  929. 1907. 2231.  929. 2012. 2104. 1069. 2187. 2230.  929.
 2199. 2229.  924. 2084. 2106. 1069.]","[-1.5996e+01  4.3730e+00  6.1298e+01  1.2210e-01  6.1000e-02 -3.0520e-01
 -7.1800e-02 -2.7290e-01  9.5750e-01]",112
565,3,"[[ 0.20206152 -0.30387187  0.32612813]
 [ 0.09847611 -0.08106074  0.54893926]
 [-0.25481131 -0.31582054  0.31417946]
 [ 0.25481131  0.31582054 -0.31417946]
 [-0.20206152  0.30387187 -0.32612813]
 [-0.09847611  0.08106074 -0.54893926]]","[1916. 2246.  925. 1881. 2253.  918. 1983. 2100. 1071. 2179. 2246.  925.
 2214. 2253.  918. 2112. 2100. 1071.]","[1911. 2231.  929. 1904. 2230.  929. 2005. 2103. 1070. 2184. 2230.  929.
 2201. 2229.  924. 2091. 2105. 1069.]","[-1.5991e+01  4.3730e+00  6.1282e+01  6.1000e-02  1.2210e-01 -3.6620e-01
 -7.7100e-02 -2.7150e-01  9.6040e-01]",112
566,3,"[[ 0.19740193 -0.30429004  0.32570996]
 [ 0.10877611 -0.08177296  0.54822704]
 [-0.25857307 -0.31540867  0.31459133]
 [ 0.25857307  0.31540867 -0.31459133]
 [-0.19740193  0.30429004 -0.32570996]
 [-0.10877611  0.08177296 -0.54822704]]","[1919. 2246.  925. 1879. 2253.  918. 1977. 2101. 1070. 2176. 2246.  925.
 2216. 2253.  918. 2118. 2101. 1070.]","[1913. 2232.  929. 1901. 2231.  929. 1998. 2102. 1070. 2181. 2230.  929.
 2205. 2229.  924. 2098. 2105. 1069.]","[-1.5991e+01  4.3780e+00  6.1265e+01  6.1000e-02  1.8310e-01 -3.6620e-01
 -8.2500e-02 -2.8030e-01  9.6440e-01]",112
567,3,"[[ 0.19265977 -0.30470586  0.32529414]
 [ 0.11889708 -0.0827078   0.5472922 ]
 [-0.26218965 -0.31497814  0.31502186]
 [ 0.26218965  0.31497814 -0.31502186]
 [-0.19265977  0.30470586 -0.32529414]
 [-0.11889708  0.0827078  -0.5472922 ]]","[1922. 2246.  925. 1877. 2253.  918. 1970. 2101. 1070. 2173. 2246.  925.
 2218. 2253.  918. 2125. 2101. 1070.]","[1917. 2232.  929. 1898. 2230.  929. 1991. 2102. 1070. 2178. 2230.  929.
 2208. 2229.  924. 2105. 2104. 1070.]","[-15.985    4.389   61.249    0.1221   0.3662  -0.3662  -0.0747  -0.2817
   0.9526]",112
568,3,"[[ 0.18783701 -0.30511914  0.32488086]
 [ 0.12882775 -0.08389022  0.54610978]
 [-0.26565952 -0.31452964  0.31547036]
 [ 0.26565952  0.31452964 -0.31547036]
 [-0.18783701  0.30511914 -0.32488086]
 [-0.12882775  0.08389022 -0.54610978]]","[1925. 2246.  925. 1874. 2253.  918. 1964. 2102. 1069. 2170. 2246.  925.
 2221. 2253.  918. 2131. 2102. 1069.]","[1920. 2233.  928. 1896. 2230.  929. 1984. 2102. 1069. 2176. 2230.  928.
 2209. 2229.  924. 2112. 2104. 1069.]","[-15.98     4.4     61.227    0.1831   0.3052  -0.4272  -0.0713  -0.2798
   0.9619]",112
569,3,"[[ 0.18293568 -0.3055297   0.3244703 ]
 [ 0.13855727 -0.08532818  0.54467182]
 [-0.26898123 -0.31406391  0.31593609]
 [ 0.26898123  0.31406391 -0.31593609]
 [-0.18293568  0.3055297  -0.3244703 ]
 [-0.13855727  0.08532818 -0.54467182]]","[1928. 2247.  924. 1872. 2252.  919. 1957. 2103. 1068. 2167. 2247.  924.
 2223. 2252.  919. 2138. 2103. 1068.]","[1922. 2233.  928. 1894. 2230.  929. 1977. 2103. 1069. 2172. 2230.  928.
 2212. 2229.  924. 2118. 2104. 1069.]","[-15.974    4.406   61.21     0.1831   0.1831  -0.2441  -0.0767  -0.2822
   0.9507]",112
570,3,"[[ 0.17795782 -0.30593732  0.32406268]
 [ 0.14807529 -0.08702649  0.54297351]
 [-0.2721534  -0.31358169  0.31641831]
 [ 0.2721534   0.31358169 -0.31641831]
 [-0.17795782  0.30593732 -0.32406268]
 [-0.14807529  0.08702649 -0.54297351]]","[1931. 2247.  924. 1870. 2252.  919. 1951. 2104. 1067. 2164. 2247.  924.
 2225. 2252.  919. 2144. 2104. 1067.]","[1925. 2233.  928. 1891. 2231.  929. 1971. 2103. 1070. 2170. 2230.  928.
 2214. 2229.  924. 2125. 2104. 1069.]","[-1.5969e+01  4.4110e+00  6.1199e+01  6.1000e-02  1.2210e-01 -2.4410e-01
 -8.3000e-02 -2.8220e-01  9.5020e-01]",112
571,3,"[[ 0.17290552 -0.30634182  0.32365818]
 [ 0.1573719  -0.08898928  0.54101072]
 [-0.27517475 -0.31308372  0.31691628]
 [ 0.27517475  0.31308372 -0.31691628]
 [-0.17290552  0.30634182 -0.32365818]
 [-0.1573719   0.08898928 -0.54101072]]","[1935. 2247.  924. 1868. 2252.  919. 1945. 2106. 1065. 2160. 2247.  924.
 2227. 2252.  919. 2150. 2106. 1065.]","[1928. 2233.  927. 1889. 2230.  929. 1964. 2103. 1068. 2167. 2230.  927.
 2217. 2229.  924. 2131. 2104. 1068.]","[-15.963    4.411   61.188    0.       0.1221  -0.3052  -0.0708  -0.2744
   0.959 ]",112
572,3,"[[ 0.16778089 -0.30674302  0.32325698]
 [ 0.16643767 -0.09122042  0.53877958]
 [-0.27804409 -0.31257076  0.31742924]
 [ 0.27804409  0.31257076 -0.31742924]
 [-0.16778089  0.30674302 -0.32325698]
 [-0.16643767  0.09122042 -0.53877958]]","[1938. 2247.  924. 1866. 2251.  920. 1939. 2107. 1064. 2157. 2247.  924.
 2229. 2251.  920. 2156. 2107. 1064.]","[1932. 2233.  927. 1886. 2230.  929. 1956. 2105. 1067. 2163. 2230.  927.
 2220. 2229.  924. 2140. 2105. 1066.]","[-1.5963e+01  4.4170e+00  6.1172e+01  6.1000e-02  1.2210e-01 -4.2720e-01
 -7.1800e-02 -2.7150e-01  9.6140e-01]",112
573,3,"[[ 0.16258608 -0.30714071  0.32285929]
 [ 0.17526364 -0.09372356  0.53627644]
 [-0.28076031 -0.31204358  0.31795642]
 [ 0.28076031  0.31204358 -0.31795642]
 [-0.16258608  0.30714071 -0.32285929]
 [-0.17526364  0.09372356 -0.53627644]]","[1942. 2248.  923. 1864. 2251.  920. 1933. 2109. 1062. 2153. 2248.  923.
 2231. 2251.  920. 2162. 2109. 1062.]","[1936. 2233.  927. 1883. 2230.  929. 1950. 2106. 1065. 2159. 2230.  927.
 2222. 2229.  925. 2146. 2106. 1065.]","[-15.963    4.417   61.155    0.       0.1221  -0.3662  -0.0771  -0.2734
   0.9551]",112
574,3,"[[ 0.15732326 -0.30753473  0.32246527]
 [ 0.18384132 -0.09650212  0.53349788]
 [-0.28332237 -0.31150295  0.31849705]
 [ 0.28332237  0.31150295 -0.31849705]
 [-0.15732326  0.30753473 -0.32246527]
 [-0.18384132  0.09650212 -0.53349788]]","[1945. 2248.  923. 1863. 2251.  920. 1928. 2110. 1061. 2150. 2248.  923.
 2232. 2251.  920. 2167. 2110. 1061.]","[1939. 2233.  927. 1882. 2230.  929. 1944. 2108. 1064. 2156. 2230.  927.
 2225. 2229.  925. 2152. 2108. 1064.]","[-1.5963e+01  4.4170e+00  6.1139e+01  0.0000e+00  6.1000e-02 -3.6620e-01
 -8.0100e-02 -2.7640e-01  9.5260e-01]",112
575,3,"[[ 0.15199462 -0.30792488  0.32207512]
 [ 0.19216265 -0.09955933  0.53044067]
 [-0.28572934 -0.31094966  0.31905034]
 [ 0.28572934  0.31094966 -0.31905034]
 [-0.15199462  0.30792488 -0.32207512]
 [-0.19216265  0.09955933 -0.53044067]]","[1948. 2248.  923. 1861. 2250.  921. 1922. 2112. 1059. 2147. 2248.  923.
 2234. 2250.  921. 2173. 2112. 1059.]","[1941. 2233.  927. 1880. 2231.  929. 1940. 2108. 1063. 2154. 2230.  926.
 2226. 2229.  926. 2155. 2109. 1063.]","[-1.5963e+01  4.4170e+00  6.1122e+01  0.0000e+00  6.1000e-02 -3.6620e-01
 -7.7600e-02 -2.7540e-01  9.6390e-01]",112
576,3,"[[ 0.14660241 -0.30831099  0.32168901]
 [ 0.20022008 -0.10289818  0.52710182]
 [-0.28798037 -0.31038447  0.31961553]
 [ 0.28798037  0.31038447 -0.31961553]
 [-0.14660241  0.30831099 -0.32168901]
 [-0.20022008  0.10289818 -0.52710182]]","[1952. 2248.  922. 1860. 2250.  921. 1917. 2115. 1056. 2143. 2248.  922.
 2235. 2250.  921. 2178. 2115. 1056.]","[1944. 2233.  927. 1878. 2230.  929. 1934. 2110. 1061. 2151. 2230.  926.
 2228. 2229.  926. 2162. 2111. 1061.]","[-1.5963e+01  4.4170e+00  6.1106e+01  0.0000e+00  6.1000e-02 -2.4410e-01
 -6.9800e-02 -2.7390e-01  9.5170e-01]",112
577,3,"[[ 0.14114886 -0.30869287  0.32130713]
 [ 0.20800648 -0.10652144  0.52347856]
 [-0.29007468 -0.30980819  0.32019181]
 [ 0.29007468  0.30980819 -0.32019181]
 [-0.14114886  0.30869287 -0.32130713]
 [-0.20800648  0.10652144 -0.52347856]]","[1955. 2249.  922. 1858. 2249.  922. 1912. 2117. 1054. 2140. 2249.  922.
 2237. 2249.  922. 2183. 2117. 1054.]","[1948. 2233.  926. 1876. 2230.  929. 1927. 2113. 1059. 2147. 2230.  925.
 2230. 2229.  927. 2169. 2113. 1058.]","[-15.963    4.417   61.095    0.       0.      -0.2441  -0.0728  -0.2783
   0.9604]",112
578,3,"[[ 0.13563628 -0.30907035  0.32092965]
 [ 0.21551519 -0.11043163  0.51956837]
 [-0.2920116  -0.3092216   0.3207784 ]
 [ 0.2920116   0.3092216  -0.3207784 ]
 [-0.13563628  0.30907035 -0.32092965]
 [-0.21551519  0.11043163 -0.51956837]]","[1959. 2249.  922. 1857. 2249.  922. 1907. 2119. 1051. 2136. 2249.  922.
 2238. 2249.  922. 2188. 2119. 1051.]","[1951. 2233.  926. 1874. 2230.  929. 1923. 2115. 1057. 2145. 2230.  925.
 2232. 2229.  927. 2173. 2115. 1057.]","[-15.963    4.417   61.084    0.       0.      -0.2441  -0.0796  -0.2832
   0.9551]",112
579,3,"[[ 0.13006695 -0.30944327  0.32055673]
 [ 0.22274    -0.11463103  0.51536897]
 [-0.29379052 -0.30862549  0.32137451]
 [ 0.29379052  0.30862549 -0.32137451]
 [-0.13006695  0.30944327 -0.32055673]
 [-0.22274     0.11463103 -0.51536897]]","[1963. 2249.  922. 1856. 2249.  922. 1902. 2122. 1049. 2132. 2249.  922.
 2239. 2249.  922. 2193. 2122. 1049.]","[1954. 2233.  927. 1873. 2230.  929. 1918. 2117. 1055. 2141. 2231.  925.
 2234. 2229.  927. 2178. 2117. 1054.]","[-1.5963e+01  4.4110e+00  6.1078e+01 -6.1000e-02  0.0000e+00 -2.4410e-01
 -8.1500e-02 -2.7880e-01  9.5120e-01]",112
580,3,"[[ 0.12444322 -0.30981143  0.32018857]
 [ 0.22967515 -0.11912167  0.51087833]
 [-0.29541093 -0.30802066  0.32197934]
 [ 0.29541093  0.30802066 -0.32197934]
 [-0.12444322  0.30981143 -0.32018857]
 [-0.22967515  0.11912167 -0.51087833]]","[1966. 2249.  922. 1855. 2248.  923. 1898. 2125. 1046. 2129. 2249.  922.
 2240. 2248.  923. 2197. 2125. 1046.]","[1958. 2233.  926. 1871. 2230.  929. 1913. 2119. 1052. 2138. 2231.  924.
 2235. 2228.  928. 2183. 2119. 1052.]","[-1.5963e+01  4.4110e+00  6.1068e+01 -6.1000e-02  0.0000e+00 -1.8310e-01
 -8.1500e-02 -2.7930e-01  9.5850e-01]",112
581,3,"[[ 0.11876743 -0.31017469  0.31982531]
 [ 0.23631531 -0.12390536  0.50609464]
 [-0.29687241 -0.30740789  0.32259211]
 [ 0.29687241  0.30740789 -0.32259211]
 [-0.11876743  0.31017469 -0.31982531]
 [-0.23631531  0.12390536 -0.50609464]]","[1970. 2250.  921. 1854. 2248.  923. 1893. 2128. 1043. 2125. 2250.  921.
 2241. 2248.  923. 2202. 2128. 1043.]","[1962. 2233.  926. 1869. 2230.  930. 1906. 2122. 1049. 2134. 2231.  924.
 2237. 2229.  928. 2190. 2122. 1049.]","[-1.5969e+01  4.4110e+00  6.1057e+01  0.0000e+00  6.1000e-02 -2.4410e-01
 -7.0800e-02 -2.7930e-01  9.5650e-01]",112
582,3,"[[ 0.11304196 -0.31053287  0.31946713]
 [ 0.24265559 -0.1289836   0.5010164 ]
 [-0.29817461 -0.30678798  0.32321202]
 [ 0.29817461  0.30678798 -0.32321202]
 [-0.11304196  0.31053287 -0.31946713]
 [-0.24265559  0.1289836  -0.5010164 ]]","[1974. 2250.  921. 1853. 2247.  923. 1889. 2132. 1039. 2121. 2250.  921.
 2242. 2247.  923. 2206. 2132. 1039.]","[1965. 2234.  926. 1868. 2230.  929. 1903. 2124. 1047. 2132. 2231.  924.
 2239. 2228.  928. 2192. 2124. 1047.]","[-1.5969e+01  4.4110e+00  6.1046e+01  0.0000e+00  6.1000e-02 -3.0520e-01
 -7.7100e-02 -2.8080e-01  9.5750e-01]",112
583,3,"[[ 0.1072692  -0.31088581  0.31911419]
 [ 0.24869154 -0.13435767  0.49564233]
 [-0.29931726 -0.30616171  0.32383829]
 [ 0.29931726  0.30616171 -0.32383829]
 [-0.1072692   0.31088581 -0.31911419]
 [-0.24869154  0.13435767 -0.49564233]]","[1978. 2250.  921. 1852. 2247.  924. 1885. 2135. 1036. 2117. 2250.  921.
 2243. 2247.  924. 2210. 2135. 1036.]","[1968. 2234.  926. 1867. 2230.  929. 1898. 2128. 1044. 2129. 2231.  924.
 2240. 2228.  928. 2197. 2127. 1044.]","[-1.5969e+01  4.4110e+00  6.1035e+01  0.0000e+00  6.1000e-02 -2.4410e-01
 -7.9600e-02 -2.8030e-01  9.5310e-01]",112
584,3,"[[ 0.10145157 -0.31123336  0.31876664]
 [ 0.25441913 -0.14002858  0.48997142]
 [-0.30030019 -0.30552987  0.32447013]
 [ 0.30030019  0.30552987 -0.32447013]
 [-0.10145157  0.31123336 -0.31876664]
 [-0.25441913  0.14002858 -0.48997142]]","[1981. 2250.  921. 1852. 2247.  924. 1882. 2139. 1032. 2114. 2250.  921.
 2243. 2247.  924. 2213. 2139. 1032.]","[1971. 2233.  926. 1866. 2230.  930. 1894. 2130. 1041. 2125. 2231.  923.
 2241. 2229.  929. 2202. 2131. 1041.]","[-1.5969e+01  4.4110e+00  6.1024e+01  0.0000e+00  6.1000e-02 -2.4410e-01
 -8.6900e-02 -2.8370e-01  9.5410e-01]",112
585,3,"[[ 0.0955915  -0.31157535  0.31842465]
 [ 0.25983473 -0.14599705  0.48400295]
 [-0.30112331 -0.30489324  0.32510676]
 [ 0.30112331  0.30489324 -0.32510676]
 [-0.0955915   0.31157535 -0.31842465]
 [-0.25983473  0.14599705 -0.48400295]]","[1985. 2251.  920. 1851. 2246.  925. 1878. 2143. 1028. 2110. 2251.  920.
 2244. 2246.  925. 2217. 2143. 1028.]","[1974. 2233.  926. 1865. 2230.  930. 1890. 2134. 1038. 2123. 2231.  924.
 2244. 2229.  929. 2206. 2134. 1038.]","[-1.5974e+01  4.4170e+00  6.1013e+01  0.0000e+00  6.1000e-02 -2.4410e-01
 -6.9800e-02 -2.8030e-01  9.5460e-01]",112
586,3,"[[ 0.08969144 -0.31191163  0.31808837]
 [ 0.26493515 -0.15226355  0.47773645]
 [-0.30178663 -0.30425259  0.32574741]
 [ 0.30178663  0.30425259 -0.32574741]
 [-0.08969144  0.31191163 -0.31808837]
 [-0.26493515  0.15226355 -0.47773645]]","[1989. 2251.  920. 1851. 2246.  925. 1875. 2147. 1024. 2106. 2251.  920.
 2244. 2246.  925. 2220. 2147. 1024.]","[1976. 2233.  926. 1864. 2231.  930. 1886. 2137. 1034. 2119. 2231.  923.
 2245. 2229.  930. 2210. 2137. 1035.]","[-1.5974e+01  4.4170e+00  6.1002e+01 -6.1000e-02  0.0000e+00 -3.6620e-01
 -7.4200e-02 -2.7730e-01  9.6480e-01]",112
587,3,"[[ 0.08375386 -0.31224205  0.31775795]
 [ 0.26971758 -0.15882826  0.47117174]
 [-0.3022904  -0.3036087   0.3263913 ]
 [ 0.3022904   0.3036087  -0.3263913 ]
 [-0.08375386  0.31224205 -0.31775795]
 [-0.26971758  0.15882826 -0.47117174]]","[1993. 2251.  920. 1850. 2245.  926. 1872. 2151. 1020. 2102. 2251.  920.
 2245. 2245.  926. 2223. 2151. 1020.]","[1979. 2234.  926. 1863. 2230.  931. 1882. 2142. 1030. 2116. 2232.  923.
 2246. 2229.  931. 2213. 2141. 1030.]","[-15.98     4.411   60.985    0.       0.061   -0.1831  -0.0767  -0.272
   0.9507]",112
588,3,"[[ 0.07778125 -0.31256646  0.31743354]
 [ 0.27417963 -0.16569112  0.46430888]
 [-0.3026358  -0.30296233  0.32703767]
 [ 0.3026358   0.30296233 -0.32703767]
 [-0.07778125  0.31256646 -0.31743354]
 [-0.27417963  0.16569112 -0.46430888]]","[1997. 2251.  920. 1850. 2245.  926. 1869. 2156. 1015. 2098. 2251.  920.
 2245. 2245.  926. 2226. 2156. 1015.]","[1983. 2234.  926. 1862. 2230.  932. 1879. 2144. 1026. 2112. 2232.  923.
 2246. 2229.  931. 2216. 2145. 1027.]","[-15.98     4.417   60.98     0.       0.      -0.061   -0.0815  -0.2832
   0.96  ]",112
589,3,"[[ 0.0717761  -0.31288472  0.31711528]
 [ 0.2783193  -0.17285174  0.45714826]
 [-0.30282523 -0.30231422  0.32768578]
 [ 0.30282523  0.30231422 -0.32768578]
 [-0.0717761   0.31288472 -0.31711528]
 [-0.2783193   0.17285174 -0.45714826]]","[2001. 2251.  919. 1850. 2245.  926. 1866. 2160. 1011. 2094. 2251.  919.
 2245. 2245.  926. 2229. 2160. 1011.]","[1987. 2233.  925. 1861. 2230.  932. 1875. 2149. 1023. 2107. 2233.  923.
 2246. 2228.  932. 2220. 2149. 1022.]","[-15.98     4.417   60.985   -0.061   -0.061    0.1831  -0.0854  -0.2798
   0.9561]",112
590,3,"[[ 0.06574093 -0.3131967   0.3168033 ]
 [ 0.28213494 -0.18030949  0.44969051]
 [-0.30280812 -0.30166494  0.32833506]
 [ 0.30280812  0.30166494 -0.32833506]
 [-0.06574093  0.3131967  -0.3168033 ]
 [-0.28213494  0.18030949 -0.44969051]]","[2005. 2252.  919. 1850. 2244.  927. 1864. 2165. 1006. 2090. 2252.  919.
 2245. 2244.  927. 2231. 2165. 1006.]","[1991. 2234.  925. 1860. 2230.  933. 1872. 2153. 1018. 2104. 2232.  923.
 2247. 2229.  932. 2223. 2153. 1018.]","[-15.985    4.417   60.996   -0.2441  -0.1221   0.3052  -0.0845  -0.2798
   0.9443]",112
591,3,"[[ 0.05967825 -0.31350224  0.31649776]
 [ 0.28562531 -0.18806345  0.44193655]
 [-0.30239215 -0.30101422  0.32898578]
 [ 0.30239215  0.30101422 -0.32898578]
 [-0.05967825  0.31350224 -0.31649776]
 [-0.28562531  0.18806345 -0.44193655]]","[2009. 2252.  919. 1850. 2244.  927. 1861. 2170. 1001. 2086. 2252.  919.
 2245. 2244.  927. 2234. 2170. 1001.]","[1994. 2234.  925. 1859. 2230.  934. 1869. 2157. 1014. 2100. 2232.  923.
 2247. 2228.  932. 2226. 2157. 1014.]","[-15.991    4.417   61.007   -0.2441  -0.1221   0.2441  -0.0825  -0.2817
   0.9609]",112
592,3,"[[ 0.05359061 -0.31380121  0.31619879]
 [ 0.28878954 -0.19611241  0.43388759]
 [-0.30152838 -0.30036173  0.32963827]
 [ 0.30152838  0.30036173 -0.32963827]
 [-0.05359061  0.31380121 -0.31619879]
 [-0.28878954  0.19611241 -0.43388759]]","[2013. 2252.  919. 1851. 2243.  928. 1859. 2175.  996. 2082. 2252.  919.
 2244. 2243.  928. 2236. 2175.  996.]","[1999. 2234.  925. 1859. 2230.  934. 1866. 2162. 1010. 2096. 2232.  923.
 2247. 2229.  933. 2229. 2162. 1009.]","[-16.002    4.422   61.018   -0.1221   0.       0.1221  -0.0752  -0.2788
   0.9536]",112
593,3,"[[ 0.04748056 -0.3140935   0.3159065 ]
 [ 0.29162709 -0.20445488  0.42554512]
 [-0.30022369 -0.29970811  0.33029189]
 [ 0.30022369  0.29970811 -0.33029189]
 [-0.04748056  0.3140935  -0.3159065 ]
 [-0.29162709  0.20445488 -0.42554512]]","[2017. 2252.  919. 1852. 2243.  928. 1857. 2181.  990. 2078. 2252.  919.
 2243. 2243.  928. 2238. 2181.  990.]","[2002. 2234.  925. 1859. 2230.  934. 1864. 2167. 1004. 2092. 2233.  923.
 2247. 2228.  933. 2232. 2167. 1005.]","[-1.6002e+01  4.4270e+00  6.1018e+01 -6.1000e-02  6.1000e-02  0.0000e+00
 -7.0800e-02 -2.7780e-01  9.6090e-01]",112
594,3,"[[ 0.04135064 -0.31437895  0.31562105]
 [ 0.2941378  -0.2130891   0.4169109 ]
 [-0.29848424 -0.29905411  0.33094589]
 [ 0.29848424  0.29905411 -0.33094589]
 [-0.04135064  0.31437895 -0.31562105]
 [-0.2941378   0.2130891  -0.4169109 ]]","[2021. 2252.  919. 1853. 2242.  929. 1856. 2186.  985. 2074. 2252.  919.
 2242. 2242.  929. 2239. 2186.  985.]","[2006. 2234.  924. 1859. 2231.  934. 1861. 2172. 1000. 2089. 2232.  923.
 2247. 2229.  934. 2233. 2172.  999.]","[-1.6007e+01  4.4270e+00  6.1013e+01 -1.8310e-01  6.1000e-02 -1.2210e-01
 -6.3500e-02 -2.7390e-01  9.5700e-01]",112
595,3,"[[ 0.03520343 -0.31465746  0.31534254]
 [ 0.29632184 -0.22201301  0.40798699]
 [-0.29631711 -0.29840051  0.33159949]
 [ 0.29631711  0.29840051 -0.33159949]
 [-0.03520343  0.31465746 -0.31534254]
 [-0.29632184  0.22201301 -0.40798699]]","[2025. 2253.  918. 1854. 2242.  929. 1854. 2192.  979. 2070. 2253.  918.
 2241. 2242.  929. 2241. 2192.  979.]","[2009. 2234.  924. 1859. 2230.  935. 1859. 2177.  995. 2086. 2232.  923.
 2247. 2228.  934. 2235. 2177.  994.]","[-16.018    4.427   61.007   -0.1831   0.      -0.1831  -0.0693  -0.2764
   0.9609]",112
596,3,"[[ 0.02904148 -0.31492891  0.31507109]
 [ 0.29817973 -0.23122428  0.39877572]
 [-0.2937301  -0.2977481   0.3322519 ]
 [ 0.2937301   0.2977481  -0.3322519 ]
 [-0.02904148  0.31492891 -0.31507109]
 [-0.29817973  0.23122428 -0.39877572]]","[2029. 2253.  918. 1856. 2242.  929. 1853. 2198.  973. 2066. 2253.  918.
 2239. 2242.  929. 2242. 2198.  973.]","[2013. 2235.  924. 1859. 2230.  935. 1858. 2183.  989. 2083. 2232.  922.
 2247. 2228.  935. 2237. 2182.  990.]","[-1.6018e+01  4.4270e+00  6.1002e+01 -6.1000e-02  0.0000e+00  0.0000e+00
 -7.9100e-02 -2.7730e-01  9.5310e-01]",112
597,3,"[[ 0.02286739 -0.31519316  0.31480684]
 [ 0.2997123  -0.24072029  0.38927971]
 [-0.29073165 -0.29709765  0.33290235]
 [ 0.29073165  0.29709765 -0.33290235]
 [-0.02286739  0.31519316 -0.31480684]
 [-0.2997123   0.24072029 -0.38927971]]","[2033. 2253.  918. 1858. 2241.  930. 1852. 2204.  967. 2062. 2253.  918.
 2237. 2241.  930. 2243. 2204.  967.]","[2017. 2235.  924. 1859. 2231.  935. 1856. 2188.  984. 2078. 2232.  923.
 2247. 2228.  935. 2239. 2188.  984.]","[-1.6024e+01  4.4330e+00  6.1018e+01 -6.1000e-02  0.0000e+00  3.0520e-01
 -7.0300e-02 -2.7980e-01  9.6830e-01]",112
598,3,"[[ 0.01668374 -0.31545012  0.31454988]
 [ 0.30092071 -0.25049815  0.37950185]
 [-0.28733066 -0.29644995  0.33355005]
 [ 0.28733066  0.29644995 -0.33355005]
 [-0.01668374  0.31545012 -0.31454988]
 [-0.30092071  0.25049815 -0.37950185]]","[2037. 2253.  918. 1860. 2241.  930. 1851. 2211.  960. 2058. 2253.  918.
 2235. 2241.  930. 2244. 2211.  960.]","[2021. 2234.  924. 1859. 2231.  936. 1855. 2194.  978. 2075. 2232.  922.
 2246. 2228.  935. 2240. 2193.  979.]","[-16.029    4.433   61.029   -0.1221   0.       0.3052  -0.0693  -0.2812
   0.938 ]",112
599,3,"[[ 0.0104931  -0.31569967  0.31430033]
 [ 0.30180639 -0.26055469  0.36944531]
 [-0.28353653 -0.29580577  0.33419423]
 [ 0.28353653  0.29580577 -0.33419423]
 [-0.0104931   0.31569967 -0.31430033]
 [-0.30180639  0.26055469 -0.36944531]]","[2041. 2253.  918. 1863. 2240.  931. 1851. 2217.  954. 2054. 2253.  918.
 2232. 2240.  931. 2244. 2217.  954.]","[2025. 2234.  924. 1859. 2230.  936. 1853. 2201.  970. 2070. 2232.  922.
 2246. 2228.  935. 2242. 2200.  972.]","[-1.6029e+01  4.4330e+00  6.1040e+01 -6.1000e-02 -6.1000e-02  1.8310e-01
 -8.2000e-02 -2.8520e-01  9.6530e-01]",112
600,3,"[[ 0.00429808 -0.3159417   0.3140583 ]
 [ 0.30237047 -0.27088645  0.35911355]
 [-0.27935906 -0.2951659   0.3348341 ]
 [ 0.27935906  0.2951659  -0.3348341 ]
 [-0.00429808  0.3159417  -0.3140583 ]
 [-0.30237047  0.27088645 -0.35911355]]","[2045. 2253.  918. 1865. 2240.  931. 1850. 2224.  947. 2050. 2253.  918.
 2230. 2240.  931. 2245. 2224.  947.]","[2027. 2234.  925. 1859. 2230.  936. 1852. 2207.  966. 2067. 2233.  922.
 2244. 2228.  936. 2243. 2204.  967.]","[-1.6035e+01  4.4330e+00  6.1046e+01 -6.1000e-02  6.1000e-02  0.0000e+00
 -8.2500e-02 -2.8270e-01  9.4630e-01]",112
601,3,"[[-0.00189874 -0.31617611  0.31382389]
 [ 0.30261308 -0.28148942  0.34851058]
 [-0.27480842 -0.29453112  0.33546888]
 [ 0.27480842  0.29453112 -0.33546888]
 [ 0.00189874  0.31617611 -0.31382389]
 [-0.30261308  0.28148942 -0.34851058]]","[2049. 2254.  917. 1868. 2240.  931. 1850. 2231.  940. 2046. 2254.  917.
 2227. 2240.  931. 2245. 2231.  940.]","[2032. 2234.  924. 1860. 2231.  937. 1852. 2214.  958. 2063. 2232.  922.
 2243. 2228.  936. 2244. 2210.  960.]","[-16.046    4.433   61.04    -0.4272   0.      -0.1221  -0.0903  -0.2808
   0.9585]",112
602,3,"[[-0.00809477 -0.31640281  0.31359719]
 [ 0.30260015 -0.28700541  0.34299459]
 [-0.26989515 -0.29390219  0.33609781]
 [ 0.26989515  0.29390219 -0.33609781]
 [ 0.00809477  0.31640281 -0.31359719]
 [-0.30260015  0.28700541 -0.34299459]]","[2053. 2254.  917. 1872. 2239.  932. 1850. 2235.  936. 2042. 2254.  917.
 2223. 2239.  932. 2245. 2235.  936.]","[2034. 2234.  924. 1860. 2231.  937. 1851. 2219.  953. 2061. 2232.  922.
 2241. 2228.  936. 2244. 2215.  956.]","[-1.6068e+01  4.4380e+00  6.1040e+01 -4.2720e-01  6.1000e-02  0.0000e+00
 -8.5000e-02 -2.9300e-01  9.5510e-01]",112
603,3,"[[-0.01428741 -0.31662169  0.31337831]
 [ 0.30247837 -0.28733809  0.34266191]
 [-0.26463011 -0.2932799   0.3367201 ]
 [ 0.26463011  0.2932799  -0.3367201 ]
 [ 0.01428741  0.31662169 -0.31337831]
 [-0.30247837  0.28733809 -0.34266191]]","[2057. 2254.  917. 1875. 2239.  932. 1850. 2235.  936. 2038. 2254.  917.
 2220. 2239.  932. 2245. 2235.  936.]","[2039. 2234.  924. 1863. 2231.  938. 1851. 2226.  947. 2057. 2233.  922.
 2238. 2228.  936. 2244. 2221.  950.]","[-16.084    4.444   61.046   -0.4272   0.       0.2441  -0.0659  -0.292
   0.9502]",112
604,3,"[[-0.02047408 -0.31683267  0.31316733]
 [ 0.30228275 -0.28767669  0.34232331]
 [-0.25902447 -0.29266498  0.33733502]
 [ 0.25902447  0.29266498 -0.33733502]
 [ 0.02047408  0.31683267 -0.31316733]
 [-0.30228275  0.28767669 -0.34232331]]","[2061. 2254.  917. 1879. 2238.  933. 1850. 2235.  936. 2034. 2254.  917.
 2216. 2238.  933. 2245. 2235.  936.]","[2042. 2234.  923. 1866. 2230.  937. 1851. 2230.  942. 2053. 2234.  921.
 2235. 2228.  936. 2244. 2224.  946.]","[-1.6106e+01  4.4440e+00  6.1062e+01 -6.1040e-01 -1.8310e-01  3.0520e-01
 -5.6600e-02 -2.9440e-01  9.4340e-01]",112
605,3,"[[-0.02665218 -0.31703566  0.31296434]
 [ 0.30200995 -0.28802098  0.34197902]
 [-0.25308964 -0.29205821  0.33794179]
 [ 0.25308964  0.29205821 -0.33794179]
 [ 0.02665218  0.31703566 -0.31296434]
 [-0.30200995  0.28802098 -0.34197902]]","[2065. 2254.  917. 1883. 2238.  933. 1851. 2235.  936. 2030. 2254.  917.
 2212. 2238.  933. 2244. 2235.  936.]","[2048. 2234.  923. 1869. 2231.  938. 1851. 2234.  939. 2048. 2234.  921.
 2231. 2228.  937. 2244. 2228.  943.]","[-16.128    4.438   61.078   -0.3052  -0.1831   0.4272  -0.0679  -0.2671
   0.9805]",112
606,3,"[[-0.03281913 -0.31723057  0.31276943]
 [ 0.30165669 -0.28837077  0.34162923]
 [-0.2468373  -0.29146032  0.33853968]
 [ 0.2468373   0.29146032 -0.33853968]
 [ 0.03281913  0.31723057 -0.31276943]
 [-0.30165669  0.28837077 -0.34162923]]","[2069. 2254.  917. 1887. 2238.  933. 1851. 2235.  935. 2026. 2254.  917.
 2208. 2238.  933. 2244. 2235.  935.]","[2050. 2234.  924. 1872. 2231.  938. 1851. 2234.  939. 2046. 2235.  921.
 2228. 2228.  937. 2243. 2228.  942.]","[-16.144    4.427   61.106   -0.4883  -0.4883   0.6714  -0.0747  -0.3125
   0.9473]",112
607,3,"[[-0.03897235 -0.31741733  0.31258267]
 [ 0.30122138 -0.28872586  0.34127414]
 [-0.24027936 -0.29087206  0.33912794]
 [ 0.24027936  0.29087206 -0.33912794]
 [ 0.03897235  0.31741733 -0.31258267]
 [-0.30122138  0.28872586 -0.34127414]]","[2073. 2254.  917. 1891. 2237.  934. 1851. 2236.  935. 2022. 2254.  917.
 2204. 2237.  934. 2244. 2236.  935.]","[2054. 2234.  924. 1873. 2231.  938. 1851. 2235.  938. 2042. 2235.  920.
 2225. 2228.  938. 2244. 2229.  940.]","[-1.6155e+01  4.4170e+00  6.1144e+01 -2.4410e-01 -3.0520e-01  7.9350e-01
 -4.7400e-02 -2.6900e-01  9.5510e-01]",112
608,3,"[[-0.04510927 -0.31759586  0.31240414]
 [ 0.30070325 -0.28908603  0.34091397]
 [-0.23342791 -0.29029413  0.33970587]
 [ 0.23342791  0.29029413 -0.33970587]
 [ 0.04510927  0.31759586 -0.31240414]
 [-0.30070325  0.28908603 -0.34091397]]","[2077. 2255.  916. 1895. 2237.  934. 1851. 2236.  935. 2018. 2255.  916.
 2200. 2237.  934. 2244. 2236.  935.]","[2058. 2234.  924. 1876. 2231.  938. 1851. 2235.  938. 2039. 2235.  920.
 2221. 2228.  938. 2244. 2229.  940.]","[-16.166    4.406   61.166   -0.3052  -0.4272   0.4883  -0.1001  -0.3052
   0.9609]",112
609,3,"[[-0.05122732 -0.31776608  0.31223392]
 [ 0.30010182 -0.28945106  0.34054894]
 [-0.2262952  -0.28972726  0.34027274]
 [ 0.2262952   0.28972726 -0.34027274]
 [ 0.05122732  0.31776608 -0.31223392]
 [-0.30010182  0.28945106 -0.34054894]]","[2081. 2255.  916. 1900. 2236.  935. 1852. 2236.  935. 2014. 2255.  916.
 2195. 2236.  935. 2243. 2236.  935.]","[2062. 2234.  923. 1879. 2231.  938. 1851. 2235.  938. 2036. 2235.  920.
 2217. 2228.  938. 2244. 2230.  939.]","[-16.177    4.395   61.194   -0.1221  -0.4272   0.4883  -0.1064  -0.3135
   0.9346]",112
610,3,"[[-0.05732394 -0.31792793  0.31207207]
 [ 0.29941676 -0.28982074  0.34017926]
 [-0.21889366 -0.28917215  0.34082785]
 [ 0.21889366  0.28917215 -0.34082785]
 [ 0.05732394  0.31792793 -0.31207207]
 [-0.29941676  0.28982074 -0.34017926]]","[2085. 2255.  916. 1905. 2236.  935. 1852. 2236.  935. 2010. 2255.  916.
 2190. 2236.  935. 2243. 2236.  935.]","[2066. 2234.  922. 1882. 2231.  938. 1851. 2235.  936. 2033. 2235.  920.
 2213. 2228.  939. 2243. 2230.  939.]","[-16.183    4.395   61.227    0.      -0.3662   0.7324  -0.1162  -0.3101
   0.96  ]",112
611,3,"[[-0.06339658 -0.31808135  0.31191865]
 [ 0.2986478  -0.29019486  0.33980514]
 [-0.21123583 -0.28862947  0.34137053]
 [ 0.21123583  0.28862947 -0.34137053]
 [ 0.06339658  0.31808135 -0.31191865]
 [-0.2986478   0.29019486 -0.33980514]]","[2089. 2255.  916. 1910. 2236.  935. 1853. 2237.  934. 2006. 2255.  916.
 2185. 2236.  935. 2242. 2237.  934.]","[2069. 2235.  921. 1887. 2231.  938. 1851. 2235.  936. 2030. 2235.  920.
 2208. 2228.  939. 2243. 2230.  939.]","[-1.6188e+01  4.4000e+00  6.1282e+01  6.1000e-02 -4.2720e-01  1.5259e+00
 -1.0840e-01 -2.8120e-01  9.4430e-01]",112
612,3,"[[-0.06944271 -0.31822627  0.31177373]
 [ 0.29779474 -0.2905732   0.3394268 ]
 [-0.20333435 -0.28809991  0.34190009]
 [ 0.20333435  0.28809991 -0.34190009]
 [ 0.06944271  0.31822627 -0.31177373]
 [-0.29779474  0.2905732  -0.3394268 ]]","[2093. 2255.  916. 1915. 2235.  936. 1853. 2237.  934. 2002. 2255.  916.
 2180. 2235.  936. 2242. 2237.  934.]","[2073. 2235.  920. 1892. 2231.  938. 1851. 2236.  936. 2026. 2235.  920.
 2204. 2228.  939. 2243. 2231.  938.]","[-1.6188e+01  4.4110e+00  6.1381e+01 -6.1000e-02 -7.9350e-01  2.5635e+00
 -1.1570e-01 -2.8910e-01  9.4970e-01]",112
613,3,"[[-0.07545978 -0.31836263  0.31163737]
 [ 0.29685738 -0.29095554  0.33904446]
 [-0.19520197 -0.2875841   0.3424159 ]
 [ 0.19520197  0.2875841  -0.3424159 ]
 [ 0.07545978  0.31836263 -0.31163737]
 [-0.29685738  0.29095554 -0.33904446]]","[2097. 2255.  916. 1920. 2235.  936. 1854. 2237.  934. 1998. 2255.  916.
 2175. 2235.  936. 2241. 2237.  934.]","[2078. 2236.  920. 1897. 2231.  938. 1851. 2236.  935. 2023. 2235.  920.
 2199. 2228.  939. 2243. 2231.  937.]","[-16.183    4.438   61.501    0.1831  -0.4883   3.1128  -0.0811  -0.252
   0.9551]",112
614,3,"[[-0.08144529 -0.3184904   0.3115096 ]
 [ 0.29583558 -0.29134168  0.33865832]
 [-0.18685148 -0.28708269  0.34291731]
 [ 0.18685148  0.28708269 -0.34291731]
 [ 0.08144529  0.3184904  -0.3115096 ]
 [-0.29583558  0.29134168 -0.33865832]]","[2101. 2255.  916. 1926. 2235.  936. 1855. 2237.  934. 1994. 2255.  916.
 2169. 2235.  936. 2240. 2237.  934.]","[2083. 2237.  918. 1903. 2231.  938. 1852. 2236.  935. 2018. 2235.  920.
 2192. 2227.  939. 2242. 2232.  936.]","[-16.177    4.455   61.633   -0.2441  -0.8545   3.2959  -0.1016  -0.2935
   0.9614]",112
615,3,"[[-0.08739672 -0.31860951  0.31139049]
 [ 0.29472921 -0.29173139  0.33826861]
 [-0.17829572 -0.27871673  0.35128327]
 [ 0.17829572  0.27871673 -0.35128327]
 [ 0.08739672  0.31860951 -0.31139049]
 [-0.29472921  0.29173139 -0.33826861]]","[2104. 2255.  916. 1931. 2229.  942. 1855. 2238.  933. 1991. 2255.  916.
 2164. 2229.  942. 2240. 2238.  933.]","[2085. 2238.  918. 1907. 2231.  938. 1852. 2236.  935. 2014. 2235.  920.
 2188. 2227.  939. 2241. 2232.  936.]","[-1.6166e+01  4.4820e+00  6.1771e+01  1.8310e-01 -5.4930e-01  3.4180e+00
 -4.5400e-02 -2.5050e-01  9.6970e-01]",112
616,3,"[[-0.0933116  -0.31871992  0.31128008]
 [ 0.29353817 -0.29212447  0.33787553]
 [-0.16954758 -0.26302413  0.36697587]
 [ 0.16954758  0.26302413 -0.36697587]
 [ 0.0933116   0.31871992 -0.31128008]
 [-0.29353817  0.29212447 -0.33787553]]","[2108. 2255.  916. 1937. 2219.  952. 1856. 2238.  933. 1987. 2255.  916.
 2158. 2219.  952. 2239. 2238.  933.]","[2090. 2239.  918. 1914. 2229.  941. 1853. 2237.  935. 2009. 2235.  920.
 2182. 2225.  942. 2240. 2232.  935.]","[-16.155    4.493   61.891   -0.1221  -0.6104   2.7466  -0.0845  -0.2803
   0.9385]",112
617,3,"[[-0.09918745 -0.3188216   0.3111784 ]
 [ 0.29226241 -0.2925207   0.3374793 ]
 [-0.16061993 -0.24787134  0.38212866]
 [ 0.16061993  0.24787134 -0.38212866]
 [ 0.09918745  0.3188216  -0.3111784 ]
 [-0.29226241  0.2925207  -0.3374793 ]]","[2112. 2255.  916. 1943. 2209.  962. 1857. 2238.  933. 1983. 2255.  916.
 2152. 2209.  962. 2238. 2238.  933.]","[2092. 2239.  918. 1918. 2226.  943. 1853. 2237.  935. 2007. 2235.  920.
 2178. 2222.  945. 2240. 2232.  935.]","[-1.6144e+01  4.5150e+00  6.1990e+01  6.1000e-02 -3.0520e-01  2.5024e+00
 -5.0300e-02 -2.6510e-01  9.8240e-01]",112
618,3,"[[-0.1050218  -0.31891451  0.31108549]
 [ 0.29090188 -0.29291988  0.33708012]
 [-0.15152565 -0.23327697  0.39672303]
 [ 0.15152565  0.23327697 -0.39672303]
 [ 0.1050218   0.31891451 -0.31108549]
 [-0.29090188  0.29291988 -0.33708012]]","[2116. 2255.  916. 1949. 2200.  971. 1858. 2238.  933. 1979. 2255.  916.
 2146. 2200.  971. 2237. 2238.  933.]","[2096. 2239.  917. 1924. 2221.  948. 1854. 2237.  934. 2003. 2235.  920.
 2173. 2216.  948. 2239. 2233.  933.]","[-16.133    4.526   62.089    0.      -0.4883   2.3804  -0.1123  -0.2783
   0.9072]",112
619,3,"[[-0.11081222 -0.31899861  0.31100139]
 [ 0.28945659 -0.29332179  0.33667821]
 [-0.14227758 -0.21925893  0.41074107]
 [ 0.14227758  0.21925893 -0.41074107]
 [ 0.11081222  0.31899861 -0.31100139]
 [-0.28945659  0.29332179 -0.33667821]]","[2120. 2255.  916. 1955. 2190.  981. 1859. 2239.  932. 1975. 2255.  916.
 2140. 2190.  981. 2236. 2239.  932.]","[2100. 2239.  917. 1932. 2217.  955. 1855. 2237.  934. 1999. 2235.  920.
 2167. 2210.  953. 2238. 2234.  933.]","[-16.095    4.554   62.249    0.4883  -0.5493   3.9673  -0.0767  -0.2451
   0.9741]",112
620,3,"[[-0.11655629 -0.31907387  0.31092613]
 [ 0.28792655 -0.29372622  0.33627378]
 [-0.13288855 -0.20583439  0.42416561]
 [ 0.13288855  0.20583439 -0.42416561]
 [ 0.11655629  0.31907387 -0.31092613]
 [-0.28792655  0.29372622 -0.33627378]]","[2123. 2256.  915. 1961. 2182.  989. 1860. 2239.  932. 1972. 2256.  915.
 2134. 2182.  989. 2235. 2239.  932.]","[2104. 2239.  917. 1939. 2211.  963. 1857. 2238.  934. 1994. 2235.  920.
 2160. 2202.  960. 2236. 2233.  932.]","[-16.084    4.581   62.452   -0.4272  -0.9155   5.0659  -0.0928  -0.2324
   0.894 ]",112
621,3,"[[-0.1222516  -0.31914028  0.31085972]
 [ 0.28631181 -0.29413297  0.33586703]
 [-0.1233713  -0.19301977  0.43698023]
 [ 0.1233713   0.19301977 -0.43698023]
 [ 0.1222516   0.31914028 -0.31085972]
 [-0.28631181  0.29413297 -0.33586703]]","[2127. 2256.  915. 1967. 2173.  998. 1861. 2239.  932. 1968. 2256.  915.
 2128. 2173.  998. 2234. 2239.  932.]","[2109. 2239.  917. 1950. 2199.  973. 1859. 2235.  933. 1987. 2236.  917.
 2151. 2192.  972. 2235. 2233.  931.]","[-16.04     4.592   62.737    0.2441  -1.8311   6.8359  -0.0635  -0.2285
   1.0483]",112
622,3,"[[-0.12789577 -0.31919782  0.31080218]
 [ 0.28461247 -0.29454182  0.33545818]
 [-0.11373854 -0.18083067  0.44916933]
 [ 0.11373854  0.18083067 -0.44916933]
 [ 0.12789577  0.31919782 -0.31080218]
 [-0.28461247  0.29454182 -0.33545818]]","[2131. 2256.  915. 1973. 2165. 1006. 1862. 2240.  931. 1964. 2256.  915.
 2122. 2165. 1006. 2233. 2240.  931.]","[2113. 2239.  917. 1958. 2190.  982. 1862. 2235.  933. 1981. 2237.  916.
 2144. 2184.  980. 2234. 2233.  930.]","[-1.5947e+01  4.5870e+00  6.3018e+01  1.2817e+00 -2.0752e+00  6.7139e+00
 -8.8000e-03 -2.2850e-01  9.9760e-01]",112
623,3,"[[-0.13348644 -0.31924646  0.31075354]
 [ 0.28282864 -0.29495257  0.33504743]
 [-0.10400287 -0.16928194  0.46071806]
 [ 0.10400287  0.16928194 -0.46071806]
 [ 0.13348644  0.31924646 -0.31075354]
 [-0.28282864  0.29495257 -0.33504743]]","[2135. 2256.  915. 1980. 2158. 1013. 1863. 2240.  931. 1960. 2256.  915.
 2115. 2158. 1013. 2232. 2240.  931.]","[2116. 2239.  917. 1962. 2184.  988. 1863. 2235.  934. 1978. 2237.  916.
 2140. 2179.  987. 2233. 2233.  929.]","[-1.5787e+01  4.5480e+00  6.3243e+01  2.9907e+00 -2.1362e+00  5.0659e+00
 -5.4200e-02 -2.4850e-01  9.9800e-01]",112
624,3,"[[-0.13902127 -0.31928619  0.31071381]
 [ 0.28096046 -0.29536502  0.33463498]
 [-0.09417679 -0.15838754  0.47161246]
 [ 0.09417679  0.15838754 -0.47161246]
 [ 0.13902127  0.31928619 -0.31071381]
 [-0.28096046  0.29536502 -0.33463498]]","[2138. 2256.  915. 1986. 2151. 1020. 1864. 2240.  931. 1957. 2256.  915.
 2109. 2151. 1020. 2231. 2240.  931.]","[2121. 2238.  918. 1967. 2176.  996. 1863. 2235.  933. 1973. 2238.  916.
 2133. 2174.  995. 2232. 2233.  929.]","[-1.5634e+01  4.5040e+00  6.3364e+01  3.1128e+00 -1.5869e+00  2.7466e+00
 -2.2900e-02 -2.6070e-01  9.8880e-01]",112
625,3,"[[-0.14449795 -0.31931702  0.31068298]
 [ 0.27900812 -0.29577895  0.33422105]
 [-0.08427271 -0.14816064  0.48183936]
 [ 0.08427271  0.14816064 -0.48183936]
 [ 0.14449795  0.31931702 -0.31068298]
 [-0.27900812  0.29577895 -0.33422105]]","[2142. 2256.  915. 1993. 2144. 1027. 1866. 2240.  931. 1953. 2256.  915.
 2102. 2144. 1027. 2229. 2240.  931.]","[2127. 2238.  918. 1972. 2168. 1004. 1864. 2234.  933. 1969. 2239.  917.
 2125. 2170. 1003. 2231. 2233.  930.]","[-15.469    4.455   63.347    3.8452  -0.8545  -0.6714  -0.0679  -0.3037
   0.957 ]",112
626,3,"[[-0.14991418 -0.31933896  0.31066104]
 [ 0.27697181 -0.29619418  0.33380582]
 [-0.07430292 -0.13861352  0.49138648]
 [ 0.07430292  0.13861352 -0.49138648]
 [ 0.14991418  0.31933896 -0.31066104]
 [-0.27697181  0.29619418 -0.33380582]]","[2145. 2256.  915. 1999. 2138. 1033. 1867. 2241.  930. 1950. 2256.  915.
 2096. 2138. 1033. 2228. 2241.  930.]","[2132. 2238.  918. 1978. 2160. 1012. 1865. 2234.  933. 1966. 2239.  917.
 2117. 2163. 1011. 2229. 2233.  932.]","[-1.5342e+01  4.4110e+00  6.3215e+01  3.4790e+00  6.1000e-02 -3.4790e+00
 -9.4200e-02 -3.1690e-01  9.3600e-01]",112
627,3,"[[-0.1552677  -0.3193521   0.3106479 ]
 [ 0.27485177 -0.29661049  0.33338951]
 [-0.06427957 -0.12975759  0.50024241]
 [ 0.06427957  0.12975759 -0.50024241]
 [ 0.1552677   0.3193521  -0.3106479 ]
 [-0.27485177  0.29661049 -0.33338951]]","[2149. 2256.  915. 2006. 2132. 1039. 1868. 2241.  930. 1946. 2256.  915.
 2089. 2132. 1039. 2227. 2241.  930.]","[2136. 2239.  918. 1985. 2153. 1019. 1866. 2234.  933. 1964. 2240.  917.
 2108. 2156. 1018. 2228. 2233.  933.]","[-15.216    4.395   63.018    3.54     0.9155  -4.7607  -0.1538  -0.3267
   0.9526]",112
628,3,"[[-0.16055627 -0.3193567   0.3106433 ]
 [ 0.27264828 -0.29702769  0.33297231]
 [-0.05421468 -0.12160338  0.50839662]
 [ 0.05421468  0.12160338 -0.50839662]
 [ 0.16055627  0.3193567  -0.3106433 ]
 [-0.27264828  0.29702769 -0.33297231]]","[2152. 2256.  915. 2012. 2127. 1044. 1870. 2241.  930. 1943. 2256.  915.
 2083. 2127. 1044. 2225. 2241.  930.]","[2141. 2239.  918. 1994. 2145. 1027. 1868. 2234.  932. 1960. 2240.  917.
 2099. 2147. 1027. 2226. 2233.  933.]","[-15.062    4.389   62.853    4.5166   0.6714  -4.0894  -0.1504  -0.3374
   0.9692]",112
629,3,"[[-0.16577767 -0.31934988  0.31065012]
 [ 0.27036164 -0.29744558  0.33255442]
 [-0.04412011 -0.11416049  0.51583951]
 [ 0.04412011  0.11416049 -0.51583951]
 [ 0.16577767  0.31934988 -0.31065012]
 [-0.27036164  0.29744558 -0.33255442]]","[2156. 2256.  915. 2019. 2122. 1049. 1871. 2241.  930. 1939. 2256.  915.
 2076. 2122. 1049. 2224. 2241.  930.]","[2143. 2240.  917. 1998. 2140. 1032. 1868. 2234.  932. 1958. 2241.  917.
 2095. 2142. 1031. 2226. 2233.  934.]","[-14.941    4.389   62.765    3.7842   0.1831  -2.1973  -0.1357  -0.3389
   0.9097]",112
630,3,"[[-0.17092973 -0.31931761  0.31068239]
 [ 0.26799218 -0.29786396  0.33213604]
 [-0.03400755 -0.10743765  0.52256235]
 [ 0.03400755  0.10743765 -0.52256235]
 [ 0.17092973  0.31931761 -0.31068239]
 [-0.26799218  0.29786396 -0.33213604]]","[2159. 2256.  915. 2025. 2118. 1053. 1873. 2242.  929. 1936. 2256.  915.
 2070. 2118. 1053. 2222. 2242.  929.]","[2146. 2241.  917. 2008. 2133. 1039. 1870. 2234.  931. 1955. 2241.  918.
 2091. 2134. 1038. 2224. 2233.  933.]","[-1.4881e+01  4.3950e+00  6.2776e+01  2.1362e+00 -3.0520e-01  1.8310e-01
 -4.1000e-02 -2.9100e-01  9.1940e-01]",112
631,3,"[[-0.17601029 -0.31925487  0.31074513]
 [ 0.26554027 -0.29828264  0.33171736]
 [-0.02388855 -0.10144262  0.52855738]
 [ 0.02388855  0.10144262 -0.52855738]
 [ 0.17601029  0.31925487 -0.31074513]
 [-0.26554027  0.29828264 -0.33171736]]","[2162. 2256.  915. 2032. 2114. 1057. 1874. 2242.  929. 1933. 2256.  915.
 2063. 2114. 1057. 2221. 2242.  929.]","[2148. 2241.  917. 2012. 2129. 1042. 1871. 2234.  932. 1953. 2241.  917.
 2086. 2131. 1042. 2223. 2233.  933.]","[-1.4815e+01  4.3890e+00  6.2847e+01  2.1362e+00 -6.7140e-01  1.5869e+00
  2.4000e-03 -2.4460e-01  9.8490e-01]",112
632,3,"[[-0.18101722 -0.31916519  0.31083481]
 [ 0.2630063  -0.29870142  0.33129858]
 [-0.01377446 -0.09618226  0.53381774]
 [ 0.01377446  0.09618226 -0.53381774]
 [ 0.18101722  0.31916519 -0.31083481]
 [-0.2630063   0.29870142 -0.33129858]]","[2166. 2256.  915. 2039. 2110. 1061. 1876. 2242.  929. 1929. 2256.  915.
 2056. 2110. 1061. 2219. 2242.  929.]","[2151. 2240.  917. 2018. 2124. 1047. 1872. 2234.  931. 1948. 2241.  918.
 2078. 2126. 1047. 2222. 2233.  932.]","[-1.4716e+01  4.3620e+00  6.2913e+01  2.7466e+00 -9.1550e-01  1.5259e+00
  1.6100e-02 -2.4800e-01  9.8440e-01]",112
633,3,"[[-0.18594842 -0.31904962  0.31095038]
 [ 0.2603907  -0.29912011  0.33087989]
 [-0.00367644 -0.09166248  0.53833752]
 [ 0.00367644  0.09166248 -0.53833752]
 [ 0.18594842  0.31904962 -0.31095038]
 [-0.2603907   0.29912011 -0.33087989]]","[2169. 2255.  915. 2045. 2107. 1064. 1878. 2242.  928. 1926. 2255.  915.
 2050. 2107. 1064. 2217. 2242.  928.]","[2154. 2240.  917. 2026. 2119. 1053. 1874. 2234.  932. 1944. 2241.  917.
 2069. 2120. 1052. 2220. 2232.  931.]","[-1.4645e+01  4.3230e+00  6.2930e+01  1.1597e+00 -1.2210e-01 -7.9350e-01
 -5.9600e-02 -2.1040e-01  9.3310e-01]",112
634,3,"[[-0.19080185 -0.31890867  0.31109133]
 [ 0.25769394 -0.29953852  0.33046148]
 [ 0.00639453 -0.08788824  0.54211176]
 [-0.00639453  0.08788824 -0.54211176]
 [ 0.19080185  0.31890867 -0.31109133]
 [-0.25769394  0.29953852 -0.33046148]]","[2172. 2255.  916. 2052. 2105. 1066. 1880. 2243.  928. 1923. 2255.  916.
 2043. 2105. 1066. 2215. 2243.  928.]","[2157. 2240.  917. 2032. 2115. 1056. 1876. 2234.  931. 1941. 2241.  918.
 2063. 2117. 1056. 2219. 2232.  931.]","[-14.612    4.296   62.897    0.3052   0.1831  -0.9766  -0.1113  -0.2021
   0.9736]",112
635,3,"[[-0.19557545 -0.31874284  0.31125716]
 [ 0.2549165  -0.29995646  0.33004354]
 [ 0.01642766 -0.08486356  0.54513644]
 [-0.01642766  0.08486356 -0.54513644]
 [ 0.19557545  0.31874284 -0.31125716]
 [-0.2549165   0.29995646 -0.33004354]]","[2175. 2255.  916. 2058. 2103. 1068. 1881. 2243.  928. 1920. 2255.  916.
 2037. 2103. 1068. 2214. 2243.  928.]","[2160. 2240.  917. 2038. 2113. 1059. 1878. 2234.  931. 1939. 2241.  918.
 2058. 2114. 1059. 2217. 2232.  931.]","[-1.4601e+01  4.2900e+00  6.2864e+01  6.1000e-02  0.0000e+00 -2.4410e-01
 -1.2740e-01 -1.9920e-01  9.8540e-01]",112
636,3,"[[-0.20026725 -0.3185526   0.3114474 ]
 [ 0.25205892 -0.30037375  0.32962625]
 [ 0.0264124  -0.08259152  0.54740848]
 [-0.0264124   0.08259152 -0.54740848]
 [ 0.20026725  0.3185526  -0.3114474 ]
 [-0.25205892  0.30037375 -0.32962625]]","[2178. 2255.  916. 2065. 2101. 1070. 1883. 2243.  928. 1917. 2255.  916.
 2030. 2101. 1070. 2212. 2243.  928.]","[2164. 2240.  918. 2046. 2109. 1063. 1879. 2234.  932. 1936. 2241.  918.
 2050. 2110. 1062. 2214. 2232.  931.]","[-14.59     4.285   62.864   -0.1221  -0.1831   0.3662  -0.1001  -0.2148
   0.9551]",112
637,3,"[[-0.20487527 -0.31833848  0.31166152]
 [ 0.24912175 -0.3007902   0.3292098 ]
 [ 0.03633837 -0.08107436  0.54892564]
 [-0.03633837  0.08107436 -0.54892564]
 [ 0.20487527  0.31833848 -0.31166152]
 [-0.24912175  0.3007902  -0.3292098 ]]","[2181. 2255.  916. 2071. 2100. 1071. 1885. 2244.  927. 1914. 2255.  916.
 2024. 2100. 1071. 2210. 2244.  927.]","[2167. 2241.  918. 2051. 2108. 1065. 1881. 2234.  931. 1933. 2241.  918.
 2045. 2109. 1064. 2213. 2233.  930.]","[-14.59     4.29    62.875   -0.8545   0.       0.3052  -0.0732  -0.2207
   0.9453]",112
638,3,"[[-0.20939759 -0.31810101  0.31189899]
 [ 0.24610558 -0.30120563  0.32879437]
 [ 0.04619545 -0.08031546  0.54968454]
 [-0.04619545  0.08031546 -0.54968454]
 [ 0.20939759  0.31810101 -0.31189899]
 [-0.24610558  0.30120563 -0.32879437]]","[2184. 2255.  916. 2078. 2100. 1071. 1887. 2244.  927. 1911. 2255.  916.
 2017. 2100. 1071. 2208. 2244.  927.]","[2170. 2241.  918. 2058. 2105. 1067. 1883. 2234.  930. 1930. 2241.  918.
 2038. 2106. 1066. 2211. 2233.  931.]","[-14.617    4.296   62.886   -1.5259   0.3052  -0.1221  -0.0654  -0.2378
   0.96  ]",112
639,3,"[[-0.21383231 -0.31784076  0.31215924]
 [ 0.24301104 -0.30161985  0.32838015]
 [ 0.0559737  -0.08033224  0.54966776]
 [-0.0559737   0.08033224 -0.54966776]
 [ 0.21383231  0.31784076 -0.31215924]
 [-0.24301104  0.30161985 -0.32838015]]","[2187. 2255.  916. 2084. 2100. 1071. 1889. 2244.  927. 1908. 2255.  916.
 2011. 2100. 1071. 2206. 2244.  927.]","[2174. 2240.  918. 2066. 2103. 1068. 1885. 2234.  930. 1926. 2241.  917.
 2029. 2105. 1069. 2208. 2233.  930.]","[-14.667    4.312   62.875   -1.6479   0.3662  -0.4272  -0.0674  -0.25
   0.9761]",112
640,3,"[[-0.21817759 -0.31755832  0.31244168]
 [ 0.23983877 -0.30203269  0.32796731]
 [ 0.06566345 -0.08086452  0.54913548]
 [-0.06566345  0.08086452 -0.54913548]
 [ 0.21817759  0.31755832 -0.31244168]
 [-0.23983877  0.30203269 -0.32796731]]","[2190. 2255.  916. 2090. 2100. 1071. 1891. 2244.  927. 1905. 2255.  916.
 2005. 2100. 1071. 2204. 2244.  927.]","[2177. 2240.  918. 2072. 2103. 1069. 1887. 2234.  929. 1923. 2241.  918.
 2023. 2104. 1069. 2206. 2233.  930.]","[-14.716    4.323   62.853   -1.2207   0.2441  -0.2441  -0.0718  -0.27
   0.9644]",112
641,3,"[[-0.2224316  -0.31725428  0.31274572]
 [ 0.23658947 -0.30244397  0.32755603]
 [ 0.07525522 -0.08144823  0.54855177]
 [-0.07525522  0.08144823 -0.54855177]
 [ 0.2224316   0.31725428 -0.31274572]
 [-0.23658947  0.30244397 -0.32755603]]","[2193. 2254.  917. 2097. 2101. 1070. 1893. 2245.  926. 1902. 2254.  917.
 1998. 2101. 1070. 2202. 2245.  926.]","[2180. 2240.  918. 2077. 2102. 1069. 1889. 2234.  929. 1921. 2241.  918.
 2018. 2103. 1069. 2204. 2233.  930.]","[-1.4749e+01  4.3290e+00  6.2842e+01 -9.1550e-01  6.1000e-02  0.0000e+00
 -7.3200e-02 -2.7690e-01  9.6140e-01]",112
642,3,"[[-0.22659256 -0.31692926  0.31307074]
 [ 0.23326385 -0.30285351  0.32714649]
 [ 0.08473981 -0.08220118  0.54779882]
 [-0.08473981  0.08220118 -0.54779882]
 [ 0.22659256  0.31692926 -0.31307074]
 [-0.23326385  0.30285351 -0.32714649]]","[2195. 2254.  917. 2103. 2101. 1070. 1895. 2245.  926. 1900. 2254.  917.
 1992. 2101. 1070. 2200. 2245.  926.]","[2183. 2240.  918. 2084. 2102. 1069. 1891. 2234.  928. 1918. 2241.  919.
 2011. 2103. 1069. 2202. 2233.  930.]","[-1.4782e+01  4.3340e+00  6.2847e+01 -9.1550e-01  6.1000e-02  6.1000e-02
 -7.6200e-02 -2.8320e-01  9.5610e-01]",112
643,3,"[[-0.23065874 -0.31658389  0.31341611]
 [ 0.22986266 -0.30326114  0.32673886]
 [ 0.09410823 -0.08317186  0.54682814]
 [-0.09410823  0.08317186 -0.54682814]
 [ 0.23065874  0.31658389 -0.31341611]
 [-0.22986266  0.30326114 -0.32673886]]","[2198. 2254.  917. 2109. 2102. 1069. 1898. 2245.  926. 1897. 2254.  917.
 1986. 2102. 1069. 2197. 2245.  926.]","[2185. 2240.  919. 2090. 2103. 1069. 1893. 2234.  928. 1915. 2241.  919.
 2005. 2103. 1069. 2200. 2233.  929.]","[-14.81     4.334   62.847   -0.5493   0.       0.1221  -0.0771  -0.2812
   0.9741]",112
644,3,"[[-0.23462842 -0.31621883  0.31378117]
 [ 0.22638669 -0.30366669  0.32633331]
 [ 0.10335173 -0.08437276  0.54562724]
 [-0.10335173  0.08437276 -0.54562724]
 [ 0.23462842  0.31621883 -0.31378117]
 [-0.22638669  0.30366669 -0.32633331]]","[2200. 2254.  917. 2115. 2103. 1068. 1900. 2245.  926. 1895. 2254.  917.
 1980. 2103. 1068. 2195. 2245.  926.]","[2187. 2240.  919. 2097. 2103. 1069. 1895. 2234.  928. 1913. 2241.  919.
 1999. 2103. 1069. 2198. 2233.  929.]","[-1.4826e+01  4.3400e+00  6.2853e+01  0.0000e+00  0.0000e+00  6.1000e-02
 -6.5400e-02 -2.7590e-01  9.6970e-01]",112
645,3,"[[-0.23849996 -0.31583474  0.31416526]
 [ 0.22283676 -0.30407     0.32593   ]
 [ 0.11246183 -0.08580888  0.54419112]
 [-0.11246183  0.08580888 -0.54419112]
 [ 0.23849996  0.31583474 -0.31416526]
 [-0.22283676  0.30407    -0.32593   ]]","[2203. 2253.  918. 2121. 2103. 1068. 1902. 2246.  925. 1892. 2253.  918.
 1974. 2103. 1068. 2193. 2246.  925.]","[2189. 2240.  919. 2102. 2103. 1069. 1897. 2234.  928. 1911. 2241.  919.
 1993. 2104. 1069. 2196. 2233.  929.]","[-1.4826e+01  4.3340e+00  6.2853e+01  3.0520e-01 -6.1000e-02  0.0000e+00
 -7.8100e-02 -2.6760e-01  9.5560e-01]",112
646,3,"[[-0.24227174 -0.3154323   0.3145677 ]
 [ 0.2192137  -0.30447088  0.32552912]
 [ 0.12143027 -0.08748375  0.54251625]
 [-0.12143027  0.08748375 -0.54251625]
 [ 0.24227174  0.3154323  -0.3145677 ]
 [-0.2192137   0.30447088 -0.32552912]]","[2205. 2253.  918. 2127. 2105. 1066. 1905. 2246.  925. 1890. 2253.  918.
 1968. 2105. 1066. 2190. 2246.  925.]","[2193. 2240.  920. 2109. 2104. 1069. 1900. 2234.  927. 1907. 2241.  920.
 1986. 2104. 1069. 2193. 2233.  929.]","[-1.4815e+01  4.3340e+00  6.2858e+01  1.8310e-01  0.0000e+00  6.1000e-02
 -8.4000e-02 -2.5730e-01  9.5510e-01]",112
647,3,"[[-0.24594216 -0.31501218  0.31498782]
 [ 0.2155184  -0.30486919  0.32513081]
 [ 0.13024908 -0.08940054  0.54059946]
 [-0.13024908  0.08940054 -0.54059946]
 [ 0.24594216  0.31501218 -0.31498782]
 [-0.2155184   0.30486919 -0.32513081]]","[2208. 2253.  918. 2132. 2106. 1065. 1907. 2246.  925. 1887. 2253.  918.
 1963. 2106. 1065. 2188. 2246.  925.]","[2195. 2240.  920. 2114. 2104. 1068. 1902. 2234.  927. 1905. 2241.  920.
 1981. 2104. 1068. 2191. 2233.  927.]","[-1.4810e+01  4.3340e+00  6.2858e+01  1.8310e-01 -6.1000e-02  1.8310e-01
 -8.1500e-02 -2.4800e-01  9.7070e-01]",112
648,3,"[[-0.24950971 -0.31457509  0.31542491]
 [ 0.21175177 -0.30526476  0.32473524]
 [ 0.13891049 -0.09156224  0.53843776]
 [-0.13891049  0.09156224 -0.53843776]
 [ 0.24950971  0.31457509 -0.31542491]
 [-0.21175177  0.30526476 -0.32473524]]","[2210. 2253.  918. 2138. 2107. 1064. 1909. 2247.  924. 1885. 2253.  918.
 1957. 2107. 1064. 2186. 2247.  924.]","[2198. 2240.  919. 2121. 2105. 1066. 1905. 2234.  927. 1903. 2241.  920.
 1973. 2105. 1066. 2188. 2233.  927.]","[-1.4804e+01  4.3400e+00  6.2869e+01  1.2210e-01 -6.1000e-02  1.2210e-01
 -6.6400e-02 -2.4270e-01  9.6480e-01]",112
649,3,"[[-0.25297288 -0.31412173  0.31587827]
 [ 0.20791474 -0.30565742  0.32434258]
 [ 0.14740704 -0.09397166  0.53602834]
 [-0.14740704  0.09397166 -0.53602834]
 [ 0.25297288  0.31412173 -0.31587827]
 [-0.20791474  0.30565742 -0.32434258]]","[2212. 2252.  919. 2144. 2109. 1062. 1912. 2247.  924. 1883. 2252.  919.
 1951. 2109. 1062. 2183. 2247.  924.]","[2199. 2241.  920. 2126. 2106. 1065. 1907. 2234.  926. 1902. 2241.  920.
 1969. 2106. 1065. 2186. 2233.  927.]","[-14.799    4.34    62.869    0.       0.       0.      -0.0688  -0.2397
   0.9546]",112
650,3,"[[-0.25633023 -0.31365281  0.31634719]
 [ 0.20400829 -0.30604702  0.32395298]
 [ 0.15573149 -0.09663147  0.53336853]
 [-0.15573149  0.09663147 -0.53336853]
 [ 0.25633023  0.31365281 -0.31634719]
 [-0.20400829  0.30604702 -0.32395298]]","[2215. 2252.  919. 2149. 2110. 1060. 1915. 2247.  924. 1880. 2252.  919.
 1946. 2110. 1060. 2180. 2247.  924.]","[2202. 2240.  921. 2132. 2108. 1064. 1908. 2234.  926. 1899. 2241.  921.
 1964. 2107. 1064. 2184. 2233.  927.]","[-1.4804e+01  4.3400e+00  6.2869e+01 -4.2720e-01  6.1000e-02 -6.1000e-02
 -7.1300e-02 -2.4410e-01  9.5650e-01]",112
651,3,"[[-0.25958036 -0.31316906  0.31683094]
 [ 0.20003343 -0.3064334   0.3235666 ]
 [ 0.16387688 -0.09954416  0.53045584]
 [-0.16387688  0.09954416 -0.53045584]
 [ 0.25958036  0.31316906 -0.31683094]
 [-0.20003343  0.3064334  -0.3235666 ]]","[2217. 2252.  919. 2154. 2112. 1059. 1917. 2247.  924. 1878. 2252.  919.
 1941. 2112. 1059. 2178. 2247.  924.]","[2205. 2240.  921. 2137. 2109. 1062. 1911. 2234.  926. 1897. 2241.  921.
 1958. 2109. 1062. 2182. 2233.  926.]","[-1.4821e+01  4.3450e+00  6.2864e+01 -7.3240e-01  6.1000e-02 -6.1000e-02
 -7.2800e-02 -2.4610e-01  9.6580e-01]",112
652,3,"[[-0.26272189 -0.31267119  0.31732881]
 [ 0.19599118 -0.30681641  0.32318359]
 [ 0.17183648 -0.10271207  0.52728793]
 [-0.17183648  0.10271207 -0.52728793]
 [ 0.26272189  0.31267119 -0.31732881]
 [-0.19599118  0.30681641 -0.32318359]]","[2219. 2251.  920. 2160. 2114. 1057. 1920. 2248.  923. 1876. 2251.  920.
 1935. 2114. 1057. 2175. 2248.  923.]","[2207. 2240.  921. 2143. 2111. 1061. 1914. 2234.  926. 1895. 2241.  921.
 1952. 2110. 1061. 2179. 2233.  926.]","[-1.4843e+01  4.3450e+00  6.2864e+01 -5.4930e-01  6.1000e-02  0.0000e+00
 -6.4900e-02 -2.5000e-01  9.6780e-01]",112
653,3,"[[-0.26575353 -0.31215993  0.31784007]
 [ 0.19188261 -0.30719591  0.32280409]
 [ 0.17960385 -0.10613734  0.52386266]
 [-0.17960385  0.10613734 -0.52386266]
 [ 0.26575353  0.31215993 -0.31784007]
 [-0.19188261  0.30719591 -0.32280409]]","[2221. 2251.  920. 2165. 2117. 1054. 1922. 2248.  923. 1874. 2251.  920.
 1930. 2117. 1054. 2173. 2248.  923.]","[2209. 2240.  922. 2148. 2113. 1059. 1917. 2234.  926. 1892. 2241.  922.
 1947. 2112. 1060. 2176. 2233.  926.]","[-14.854    4.345   62.858   -0.4272   0.      -0.1221  -0.0747  -0.2593
   0.9624]",112
654,3,"[[-0.268674   -0.31163602  0.31836398]
 [ 0.18770882 -0.30757173  0.32242827]
 [ 0.18717281 -0.10982196  0.52017804]
 [-0.18717281  0.10982196 -0.52017804]
 [ 0.268674    0.31163602 -0.31836398]
 [-0.18770882  0.30757173 -0.32242827]]","[2223. 2251.  920. 2170. 2119. 1052. 1925. 2248.  923. 1872. 2251.  920.
 1925. 2119. 1052. 2170. 2248.  923.]","[2212. 2240.  922. 2154. 2115. 1057. 1919. 2234.  926. 1890. 2241.  922.
 1941. 2114. 1057. 2174. 2234.  925.]","[-1.4870e+01  4.3450e+00  6.2853e+01 -6.1040e-01  6.1000e-02 -1.2210e-01
 -8.3500e-02 -2.6220e-01  9.5210e-01]",112
655,3,"[[-0.27148208 -0.31110019  0.31889981]
 [ 0.18347093 -0.30794374  0.32205626]
 [ 0.19453741 -0.11376773  0.51623227]
 [-0.19453741  0.11376773 -0.51623227]
 [ 0.27148208  0.31110019 -0.31889981]
 [-0.18347093  0.30794374 -0.32205626]]","[2224. 2250.  921. 2174. 2122. 1049. 1928. 2248.  923. 1871. 2250.  921.
 1921. 2122. 1049. 2167. 2248.  923.]","[2214. 2240.  922. 2159. 2116. 1055. 1922. 2234.  925. 1886. 2241.  922.
 1936. 2117. 1055. 2171. 2234.  926.]","[-14.892    4.351   62.847   -0.6714   0.1221   0.      -0.0767  -0.2642
   0.9683]",112
656,3,"[[-0.27417659 -0.31055317  0.31944683]
 [ 0.1791701  -0.30831178  0.32168822]
 [ 0.201692   -0.11797624  0.51202376]
 [-0.201692    0.11797624 -0.51202376]
 [ 0.27417659  0.31055317 -0.31944683]
 [-0.1791701   0.30831178 -0.32168822]]","[2226. 2250.  921. 2179. 2124. 1047. 1931. 2248.  922. 1869. 2250.  921.
 1916. 2124. 1047. 2164. 2248.  922.]","[2216. 2240.  922. 2164. 2119. 1052. 1924. 2234.  925. 1885. 2241.  923.
 1931. 2119. 1053. 2168. 2233.  925.]","[-1.4914e+01  4.3510e+00  6.2847e+01 -4.8830e-01  0.0000e+00  6.1000e-02
 -8.0100e-02 -2.6420e-01  9.6240e-01]",112
657,3,"[[-0.27675642 -0.30999571  0.32000429]
 [ 0.1748075  -0.30867573  0.32132427]
 [ 0.20863116 -0.12244893  0.50755107]
 [-0.20863116  0.12244893 -0.50755107]
 [ 0.27675642  0.30999571 -0.32000429]
 [-0.1748075   0.30867573 -0.32132427]]","[2228. 2250.  921. 2184. 2127. 1044. 1934. 2249.  922. 1867. 2250.  921.
 1911. 2127. 1044. 2161. 2249.  922.]","[2218. 2240.  923. 2169. 2122. 1050. 1927. 2234.  925. 1882. 2241.  923.
 1926. 2121. 1050. 2166. 2234.  925.]","[-14.93     4.356   62.853   -0.3662   0.       0.1221  -0.0776  -0.2686
   0.9624]",112
658,3,"[[-0.27922047 -0.30942853  0.32057147]
 [ 0.17038436 -0.30903543  0.32096457]
 [ 0.21534975 -0.12718701  0.50281299]
 [-0.21534975  0.12718701 -0.50281299]
 [ 0.27922047  0.30942853 -0.32057147]
 [-0.17038436  0.30903543 -0.32096457]]","[2230. 2249.  922. 2188. 2130. 1041. 1936. 2249.  922. 1865. 2249.  922.
 1907. 2130. 1041. 2159. 2249.  922.]","[2220. 2240.  923. 2174. 2124. 1048. 1930. 2234.  925. 1881. 2241.  923.
 1921. 2124. 1048. 2162. 2233.  925.]","[-1.4941e+01  4.3560e+00  6.2858e+01 -3.0520e-01  0.0000e+00  6.1000e-02
 -6.1500e-02 -2.6420e-01  9.6340e-01]",112
659,3,"[[-0.28156772 -0.30885238  0.32114762]
 [ 0.16590191 -0.30939076  0.32060924]
 [ 0.22184288 -0.13219153  0.49780847]
 [-0.22184288  0.13219153 -0.49780847]
 [ 0.28156772  0.30885238 -0.32114762]
 [-0.16590191  0.30939076 -0.32060924]]","[2231. 2249.  922. 2192. 2134. 1037. 1939. 2249.  922. 1864. 2249.  922.
 1903. 2134. 1037. 2156. 2249.  922.]","[2222. 2240.  923. 2178. 2126. 1045. 1932. 2234.  925. 1879. 2241.  923.
 1917. 2127. 1045. 2160. 2233.  925.]","[-1.4947e+01  4.3560e+00  6.2853e+01 -6.1000e-02  6.1000e-02 -1.8310e-01
 -6.6900e-02 -2.6220e-01  9.6440e-01]",112
660,3,"[[-0.28379718 -0.30826799  0.32173201]
 [ 0.16136142 -0.30974158  0.32025842]
 [ 0.22810593 -0.1374633   0.4925367 ]
 [-0.22810593  0.1374633  -0.4925367 ]
 [ 0.28379718  0.30826799 -0.32173201]
 [-0.16136142  0.30974158 -0.32025842]]","[2233. 2248.  923. 2196. 2137. 1034. 1942. 2249.  922. 1862. 2248.  923.
 1899. 2137. 1034. 2153. 2249.  922.]","[2223. 2240.  924. 2183. 2130. 1042. 1935. 2235.  925. 1877. 2240.  924.
 1912. 2130. 1042. 2158. 2234.  924.]","[-14.947    4.356   62.847    0.       0.      -0.1831  -0.082   -0.2637
   0.9565]",112
661,3,"[[-0.28590793 -0.30767609  0.32232391]
 [ 0.15676421 -0.31008776  0.31991224]
 [ 0.23413453 -0.14300296  0.48699704]
 [-0.23413453  0.14300296 -0.48699704]
 [ 0.28590793  0.30767609 -0.32232391]
 [-0.15676421  0.31008776 -0.31991224]]","[2234. 2248.  923. 2200. 2141. 1030. 1945. 2250.  921. 1861. 2248.  923.
 1895. 2141. 1030. 2150. 2250.  921.]","[2227. 2240.  924. 2189. 2135. 1038. 1938. 2235.  924. 1875. 2240.  924.
 1907. 2134. 1039. 2154. 2234.  924.]","[-14.952    4.356   62.842   -0.3052   0.       0.      -0.0786  -0.2593
   0.9541]",112
662,3,"[[-0.28789908 -0.3070774   0.3229226 ]
 [ 0.15211158 -0.31042916  0.31957084]
 [ 0.23992458 -0.14881094  0.48118906]
 [-0.23992458  0.14881094 -0.48118906]
 [ 0.28789908  0.3070774  -0.3229226 ]
 [-0.15211158  0.31042916 -0.31957084]]","[2235. 2248.  923. 2204. 2145. 1026. 1948. 2250.  921. 1860. 2248.  923.
 1891. 2145. 1026. 2147. 2250.  921.]","[2228. 2240.  925. 2192. 2138. 1035. 1941. 2235.  924. 1873. 2240.  925.
 1902. 2137. 1035. 2151. 2234.  924.]","[-1.4969e+01  4.3560e+00  6.2847e+01 -4.2720e-01  0.0000e+00  6.1000e-02
 -7.6200e-02 -2.5540e-01  9.6340e-01]",112
663,3,"[[-0.2897698  -0.30647265  0.32352735]
 [ 0.1474049  -0.31076567  0.31923433]
 [ 0.24547222 -0.15488745  0.47511255]
 [-0.24547222  0.15488745 -0.47511255]
 [ 0.2897698   0.30647265 -0.32352735]
 [-0.1474049   0.31076567 -0.31923433]]","[2236. 2247.  924. 2208. 2148. 1022. 1951. 2250.  921. 1859. 2247.  924.
 1887. 2148. 1022. 2144. 2250.  921.]","[2230. 2240.  925. 2197. 2142. 1031. 1943. 2236.  924. 1871. 2241.  925.
 1898. 2140. 1032. 2148. 2234.  924.]","[-1.4985e+01  4.3620e+00  6.2847e+01 -3.6620e-01  6.1000e-02  0.0000e+00
 -6.9800e-02 -2.5540e-01  9.6290e-01]",112
664,3,"[[-0.29151931 -0.30586256  0.32413744]
 [ 0.14264554 -0.31109716  0.31890284]
 [ 0.25077387 -0.1612325   0.4687675 ]
 [-0.25077387  0.1612325  -0.4687675 ]
 [ 0.29151931  0.30586256 -0.32413744]
 [-0.14264554  0.31109716 -0.31890284]]","[2238. 2247.  924. 2211. 2153. 1018. 1955. 2250.  921. 1857. 2247.  924.
 1884. 2153. 1018. 2140. 2250.  921.]","[2231. 2240.  925. 2199. 2143. 1029. 1944. 2236.  924. 1870. 2240.  926.
 1896. 2143. 1028. 2146. 2234.  924.]","[-14.996    4.362   62.842   -0.4883   0.1221  -0.1221  -0.0786  -0.2559
   0.9561]",112
665,3,"[[-0.29314686 -0.30524785  0.32475215]
 [ 0.13783492 -0.31142351  0.31857649]
 [ 0.25582618 -0.16784588  0.46215412]
 [-0.25582618  0.16784588 -0.46215412]
 [ 0.29314686  0.30524785 -0.32475215]
 [-0.13783492  0.31142351 -0.31857649]]","[2239. 2246.  924. 2214. 2157. 1014. 1958. 2251.  920. 1856. 2246.  924.
 1881. 2157. 1014. 2137. 2251.  920.]","[2232. 2240.  925. 2203. 2148. 1025. 1947. 2236.  923. 1869. 2240.  926.
 1892. 2148. 1025. 2143. 2234.  924.]","[-15.024    4.367   62.842   -0.9155   0.1831   0.      -0.0859  -0.2588
   0.9517]",112
666,3,"[[-0.29465179 -0.30462922  0.32537078]
 [ 0.13297447 -0.31174459  0.31825541]
 [ 0.26062606 -0.17472718  0.45527282]
 [-0.26062606  0.17472718 -0.45527282]
 [ 0.29465179  0.30462922 -0.32537078]
 [-0.13297447  0.31174459 -0.31825541]]","[2240. 2246.  925. 2217. 2161. 1010. 1961. 2251.  920. 1855. 2246.  925.
 1878. 2161. 1010. 2134. 2251.  920.]","[2234. 2239.  926. 2206. 2152. 1020. 1950. 2237.  923. 1867. 2240.  926.
 1889. 2151. 1021. 2140. 2235.  923.]","[-1.5062e+01  4.3780e+00  6.2847e+01 -1.0986e+00  6.1000e-02  3.6620e-01
 -7.4200e-02 -2.5240e-01  9.5750e-01]",112
667,3,"[[-0.29603347 -0.30400736  0.32599264]
 [ 0.12806565 -0.3120603   0.3179397 ]
 [ 0.26517069 -0.18187577  0.44812423]
 [-0.26517069  0.18187577 -0.44812423]
 [ 0.29603347  0.30400736 -0.32599264]
 [-0.12806565  0.3120603  -0.3179397 ]]","[2240. 2246.  925. 2220. 2166. 1005. 1964. 2251.  920. 1855. 2246.  925.
 1875. 2166. 1005. 2131. 2251.  920.]","[2235. 2239.  926. 2210. 2156. 1017. 1954. 2237.  923. 1866. 2240.  926.
 1885. 2155. 1017. 2137. 2236.  923.]","[-15.101    4.384   62.864   -0.9766   0.       0.3662  -0.0645  -0.2559
   0.9722]",112
668,3,"[[-0.2972913  -0.30338299  0.32661701]
 [ 0.12310995 -0.31237052  0.31762948]
 [ 0.26945749 -0.18929079  0.44070921]
 [-0.26945749  0.18929079 -0.44070921]
 [ 0.2972913   0.30338299 -0.32661701]
 [-0.12310995  0.31237052 -0.31762948]]","[2241. 2245.  926. 2223. 2171. 1000. 1967. 2251.  920. 1854. 2245.  926.
 1872. 2171. 1000. 2128. 2251.  920.]","[2237. 2239.  927. 2213. 2160. 1013. 1957. 2237.  923. 1864. 2240.  927.
 1881. 2159. 1013. 2134. 2235.  923.]","[-1.5128e+01  4.3890e+00  6.2869e+01 -8.5450e-01  0.0000e+00  1.2210e-01
 -6.1500e-02 -2.6270e-01  9.6190e-01]",112
669,3,"[[-0.29842478 -0.30275678  0.32724322]
 [ 0.11810887 -0.31267514  0.31732486]
 [ 0.27348411 -0.19697119  0.43302881]
 [-0.27348411  0.19697119 -0.43302881]
 [ 0.29842478  0.30275678 -0.32724322]
 [-0.11810887  0.31267514 -0.31732486]]","[2242. 2245.  926. 2226. 2176.  995. 1971. 2251.  920. 1853. 2245.  926.
 1869. 2176.  995. 2124. 2251.  920.]","[2238. 2239.  927. 2217. 2164. 1008. 1960. 2237.  923. 1863. 2240.  927.
 1879. 2163. 1009. 2131. 2236.  923.]","[-15.167    4.389   62.869   -1.0986   0.1831   0.      -0.0713  -0.2642
   0.9468]",112
670,3,"[[-0.29943342 -0.30212941  0.32787059]
 [ 0.11306395 -0.31297405  0.31702595]
 [ 0.27724847 -0.20491568  0.42508432]
 [-0.27724847  0.20491568 -0.42508432]
 [ 0.29943342  0.30212941 -0.32787059]
 [-0.11306395  0.31297405 -0.31702595]]","[2243. 2244.  927. 2228. 2181.  990. 1974. 2252.  919. 1852. 2244.  927.
 1867. 2181.  990. 2121. 2252.  919.]","[2240. 2238.  927. 2221. 2171. 1002. 1965. 2238.  923. 1861. 2239.  928.
 1874. 2170. 1003. 2127. 2236.  923.]","[-15.216    4.395   62.869   -1.3428   0.1831   0.      -0.0796  -0.2676
   0.9629]",112
671,3,"[[-0.30031681 -0.30150156  0.32849844]
 [ 0.10797674 -0.31326714  0.31673286]
 [ 0.28074873 -0.21312275  0.41687725]
 [-0.28074873  0.21312275 -0.41687725]
 [ 0.30031681  0.30150156 -0.32849844]
 [-0.10797674  0.31326714 -0.31673286]]","[2243. 2244.  927. 2231. 2186.  985. 1977. 2252.  919. 1852. 2244.  927.
 1864. 2186.  985. 2118. 2252.  919.]","[2241. 2238.  928. 2223. 2174.  998. 1967. 2239.  922. 1860. 2239.  928.
 1873. 2173.  999. 2124. 2235.  923.]","[-1.5266e+01  4.4000e+00  6.2869e+01 -1.2817e+00  6.1000e-02  6.1000e-02
 -7.7100e-02 -2.6710e-01  9.5900e-01]",112
672,3,"[[-0.30107457 -0.30087388  0.32912612]
 [ 0.10284884 -0.31355432  0.31644568]
 [ 0.28398329 -0.2215907   0.4084093 ]
 [-0.28398329  0.2215907  -0.4084093 ]
 [ 0.30107457  0.30087388 -0.32912612]
 [-0.10284884  0.31355432 -0.31644568]]","[2244. 2244.  927. 2233. 2192.  979. 1980. 2252.  919. 1851. 2244.  927.
 1862. 2192.  979. 2115. 2252.  919.]","[2242. 2238.  928. 2225. 2179.  994. 1971. 2239.  922. 1859. 2239.  928.
 1870. 2177.  996. 2122. 2236.  922.]","[-15.304    4.406   62.875   -1.0376   0.1221   0.1221  -0.0771  -0.2661
   0.9609]",112
673,3,"[[-0.3017064  -0.30024702  0.32975298]
 [ 0.09768184 -0.31383548  0.31616452]
 [ 0.28695078 -0.23031757  0.39968243]
 [-0.28695078  0.23031757 -0.39968243]
 [ 0.3017064   0.30024702 -0.32975298]
 [-0.09768184  0.31383548 -0.31616452]]","[2244. 2243.  928. 2235. 2198.  973. 1984. 2252.  919. 1851. 2243.  928.
 1860. 2198.  973. 2111. 2252.  919.]","[2242. 2238.  929. 2229. 2185.  987. 1974. 2241.  922. 1858. 2238.  928.
 1867. 2183.  991. 2118. 2236.  922.]","[-1.5342e+01  4.4170e+00  6.2875e+01 -1.0376e+00  2.4410e-01  6.1000e-02
 -8.1100e-02 -2.7290e-01  9.6340e-01]",112
674,3,"[[-0.30221211 -0.29962164  0.33037836]
 [ 0.09247738 -0.31411053  0.31588947]
 [ 0.28965008 -0.23930121  0.39069879]
 [-0.28965008  0.23930121 -0.39069879]
 [ 0.30221211  0.29962164 -0.33037836]
 [-0.09247738  0.31411053 -0.31588947]]","[2245. 2243.  928. 2236. 2204.  967. 1987. 2252.  919. 1850. 2243.  928.
 1859. 2204.  967. 2108. 2252.  919.]","[2243. 2237.  929. 2231. 2191.  981. 1977. 2242.  922. 1857. 2238.  929.
 1865. 2186.  986. 2114. 2237.  922.]","[-15.392    4.427   62.875   -1.4038   0.1831   0.1221  -0.0864  -0.2759
   0.9438]",112
675,3,"[[-0.30259187 -0.29899835  0.33100165]
 [ 0.08723705 -0.31437937  0.31562063]
 [ 0.29208033 -0.24853925  0.38146075]
 [-0.29208033  0.24853925 -0.38146075]
 [ 0.30259187  0.29899835 -0.33100165]
 [-0.08723705  0.31437937 -0.31562063]]","[2245. 2242.  929. 2238. 2210.  961. 1991. 2252.  919. 1850. 2242.  929.
 1857. 2210.  961. 2104. 2252.  919.]","[2243. 2237.  929. 2232. 2195.  977. 1980. 2242.  922. 1857. 2238.  929.
 1863. 2189.  982. 2112. 2237.  922.]","[-15.474    4.444   62.886   -2.2583   0.3052   0.4883  -0.0923  -0.27
   0.9341]",112
676,3,"[[-0.30284701 -0.29837778  0.33162222]
 [ 0.08196229 -0.31464191  0.31535809]
 [ 0.29424107 -0.25802907  0.37197093]
 [-0.29424107  0.25802907 -0.37197093]
 [ 0.30284701  0.29837778 -0.33162222]
 [-0.08196229  0.31464191 -0.31535809]]","[2245. 2242.  929. 2239. 2216.  955. 1994. 2253.  918. 1850. 2242.  929.
 1856. 2216.  955. 2101. 2253.  918.]","[2244. 2237.  929. 2235. 2202.  972. 1985. 2244.  921. 1856. 2237.  930.
 1861. 2195.  976. 2108. 2238.  921.]","[-15.573    4.466   62.913   -2.7466   0.2441   0.8545  -0.0776  -0.2637
   0.9551]",112
677,3,"[[-0.30297671 -0.2977605   0.3322395 ]
 [ 0.07665287 -0.31489807  0.31510193]
 [ 0.29613326 -0.26776787  0.36223213]
 [-0.29613326  0.26776787 -0.36223213]
 [ 0.30297671  0.2977605  -0.3322395 ]
 [-0.07665287  0.31489807 -0.31510193]]","[2245. 2242.  929. 2241. 2222.  949. 1998. 2253.  918. 1850. 2242.  929.
 1854. 2222.  949. 2097. 2253.  918.]","[2245. 2236.  929. 2236. 2205.  969. 1986. 2245.  921. 1856. 2237.  930.
 1860. 2199.  971. 2105. 2239.  922.]","[-15.677    4.488   62.946   -2.7466   0.2441   0.8545  -0.0796  -0.2637
   0.9629]",112
678,3,"[[-0.30290327 -0.29714683  0.33285317]
 [ 0.07129964 -0.31514775  0.31485225]
 [ 0.29776379 -0.27775262  0.35224738]
 [-0.29776379  0.27775262 -0.35224738]
 [ 0.30290327  0.29714683 -0.33285317]
 [-0.07129964  0.31514775 -0.31485225]]","[2245. 2241.  930. 2242. 2229.  942. 2001. 2253.  918. 1850. 2241.  930.
 1853. 2229.  942. 2094. 2253.  918.]","[2247. 2236.  929. 2237. 2207.  963. 1990. 2247.  920. 1856. 2236.  930.
 1859. 2204.  966. 2102. 2240.  921.]","[-15.798    4.51    62.963   -3.2959   0.3662   0.4272  -0.0698  -0.2617
   0.9536]",112
679,3,"[[-0.30245406 -0.29653621  0.33346379]
 [ 0.06588585 -0.31539087  0.31460913]
 [ 0.29913926 -0.2868742   0.3431258 ]
 [-0.29913926  0.2868742  -0.3431258 ]
 [ 0.30245406  0.29653621 -0.33346379]
 [-0.06588585  0.31539087 -0.31460913]]","[2245. 2241.  930. 2243. 2235.  936. 2005. 2253.  918. 1850. 2241.  930.
 1852. 2235.  936. 2090. 2253.  918.]","[2248. 2235.  930. 2239. 2212.  958. 1994. 2248.  920. 1855. 2236.  931.
 1858. 2209.  961. 2099. 2240.  922.]","[-1.5925e+01  4.5260e+00  6.2963e+01 -3.3569e+00  3.6620e-01  0.0000e+00
 -6.1000e-02 -2.6460e-01  9.7170e-01]",112
680,3,"[[-0.30160259 -0.29592854  0.33407146]
 [ 0.06040713 -0.31562738  0.31437262]
 [ 0.30025334 -0.28718822  0.34281178]
 [-0.30025334  0.28718822 -0.34281178]
 [ 0.30160259  0.29592854 -0.33407146]
 [-0.06040713  0.31562738 -0.31437262]]","[2244. 2240.  931. 2243. 2235.  936. 2008. 2253.  918. 1851. 2240.  931.
 1852. 2235.  936. 2087. 2253.  918.]","[2248. 2235.  931. 2240. 2216.  954. 1998. 2249.  920. 1854. 2237.  931.
 1857. 2213.  957. 2095. 2240.  922.]","[-1.6040e+01  4.5370e+00  6.2946e+01 -2.9907e+00  4.8830e-01 -4.2720e-01
 -4.8300e-02 -2.7200e-01  9.6390e-01]",112
681,3,"[[-0.30035222 -0.29532444  0.33467556]
 [ 0.05486434 -0.31585719  0.31414281]
 [ 0.3010997  -0.28750932  0.34249068]
 [-0.3010997   0.28750932 -0.34249068]
 [ 0.30035222  0.29532444 -0.33467556]
 [-0.05486434  0.31585719 -0.31414281]]","[2243. 2240.  931. 2244. 2235.  936. 2012. 2253.  918. 1852. 2240.  931.
 1851. 2235.  936. 2083. 2253.  918.]","[2248. 2235.  932. 2241. 2219.  951. 2001. 2250.  919. 1853. 2237.  931.
 1857. 2215.  954. 2092. 2240.  921.]","[-1.6122e+01  4.5210e+00  6.2913e+01 -1.8921e+00 -2.4410e-01 -1.0376e+00
 -4.9800e-02 -2.9390e-01  1.0698e+00]",112
682,3,"[[-0.29870479 -0.29472456  0.33527544]
 [ 0.04925898 -0.31608025  0.31391975]
 [ 0.30167416 -0.28783742  0.34216258]
 [-0.30167416  0.28783742 -0.34216258]
 [ 0.29870479  0.29472456 -0.33527544]
 [-0.04925898  0.31608025 -0.31391975]]","[2242. 2240.  931. 2244. 2235.  936. 2015. 2254.  917. 1853. 2240.  931.
 1851. 2235.  936. 2080. 2254.  917.]","[2247. 2235.  933. 2242. 2219.  950. 2004. 2250.  920. 1853. 2237.  931.
 1856. 2217.  952. 2089. 2240.  922.]","[-1.6106e+01  4.4820e+00  6.2858e+01  2.4410e-01 -2.4410e-01 -1.4648e+00
 -4.3900e-02 -3.1400e-01  9.4730e-01]",112
683,3,"[[-0.29666247 -0.29412955  0.33587045]
 [ 0.04359276 -0.31629648  0.31370352]
 [ 0.3019721  -0.28817238  0.34182762]
 [-0.3019721   0.28817238 -0.34182762]
 [ 0.29666247  0.29412955 -0.33587045]
 [-0.04359276  0.31629648 -0.31370352]]","[2241. 2239.  932. 2244. 2235.  936. 2019. 2254.  917. 1854. 2239.  932.
 1851. 2235.  936. 2076. 2254.  917.]","[2247. 2235.  934. 2242. 2220.  949. 2007. 2251.  919. 1853. 2237.  931.
 1856. 2217.  951. 2087. 2241.  922.]","[-1.6117e+01  4.4660e+00  6.2792e+01 -1.2210e-01  2.4410e-01 -1.6479e+00
 -6.2000e-02 -3.1790e-01  8.8430e-01]",112
684,3,"[[-0.29422798 -0.29354003  0.33645997]
 [ 0.0378676  -0.31650583  0.31349417]
 [ 0.3020289  -0.28851399  0.34148601]
 [-0.3020289   0.28851399 -0.34148601]
 [ 0.29422798  0.29354003 -0.33645997]
 [-0.0378676   0.31650583 -0.31349417]]","[2239. 2239.  932. 2244. 2236.  935. 2023. 2254.  917. 1856. 2239.  932.
 1851. 2236.  935. 2072. 2254.  917.]","[2247. 2235.  934. 2242. 2220.  949. 2011. 2251.  919. 1854. 2237.  931.
 1856. 2217.  951. 2086. 2241.  921.]","[-1.6150e+01  4.4490e+00  6.2737e+01 -4.8830e-01  6.1000e-02 -1.4038e+00
 -1.1820e-01 -3.4130e-01  9.5120e-01]",112
685,3,"[[-0.29140452 -0.29295663  0.33704337]
 [ 0.0320855  -0.31670822  0.31329178]
 [ 0.30197688 -0.28886135  0.34113865]
 [-0.30197688  0.28886135 -0.34113865]
 [ 0.29140452  0.29295663 -0.33704337]
 [-0.0320855   0.31670822 -0.31329178]]","[2237. 2238.  932. 2244. 2236.  935. 2027. 2254.  917. 1858. 2238.  932.
 1851. 2236.  935. 2068. 2254.  917.]","[2246. 2234.  934. 2243. 2220.  949. 2015. 2251.  919. 1854. 2237.  931.
 1856. 2217.  951. 2083. 2241.  921.]","[-16.172    4.449   62.721   -0.1831   0.      -0.3052  -0.1421  -0.3354
   0.9253]",112
686,3,"[[-0.28819583 -0.29237998  0.33762002]
 [ 0.02624862 -0.31690361  0.31309639]
 [ 0.30186827 -0.28921343  0.34078657]
 [-0.30186827  0.28921343 -0.34078657]
 [ 0.28819583  0.29237998 -0.33762002]
 [-0.02624862  0.31690361 -0.31309639]]","[2235. 2238.  933. 2244. 2236.  935. 2030. 2254.  917. 1860. 2238.  933.
 1851. 2236.  935. 2065. 2254.  917.]","[2245. 2234.  934. 2242. 2220.  949. 2018. 2251.  919. 1856. 2236.  931.
 1855. 2217.  950. 2079. 2241.  921.]","[-1.6194e+01  4.4550e+00  6.2732e+01 -1.2210e-01 -6.1000e-02  2.4410e-01
 -8.7400e-02 -3.1350e-01  9.5310e-01]",112
687,3,"[[-0.28460615 -0.2918107   0.3381893 ]
 [ 0.02035921 -0.31709193  0.31290807]
 [ 0.30170038 -0.28956983  0.34043017]
 [-0.30170038  0.28956983 -0.34043017]
 [ 0.28460615  0.2918107  -0.3381893 ]
 [-0.02035921  0.31709193 -0.31290807]]","[2233. 2238.  933. 2244. 2236.  935. 2034. 2254.  917. 1862. 2238.  933.
 1851. 2236.  935. 2061. 2254.  917.]","[2243. 2234.  935. 2242. 2220.  949. 2022. 2251.  919. 1858. 2236.  931.
 1855. 2217.  949. 2075. 2241.  921.]","[-1.6194e+01  4.4600e+00  6.2732e+01  3.0520e-01 -6.1000e-02  0.0000e+00
 -6.6400e-02 -2.8520e-01  9.6000e-01]",112
688,3,"[[-0.28064023 -0.29124941  0.33875059]
 [ 0.01441964 -0.31727311  0.31272689]
 [ 0.30146716 -0.28993035  0.34006965]
 [-0.30146716  0.28993035 -0.34006965]
 [ 0.28064023  0.29124941 -0.33875059]
 [-0.01441964  0.31727311 -0.31272689]]","[2230. 2237.  934. 2244. 2237.  934. 2038. 2254.  917. 1865. 2237.  934.
 1851. 2237.  934. 2057. 2254.  917.]","[2242. 2233.  934. 2243. 2220.  949. 2024. 2251.  919. 1860. 2236.  932.
 1855. 2217.  949. 2072. 2241.  921.]","[-1.6194e+01  4.4600e+00  6.2721e+01  1.8310e-01  6.1000e-02 -3.6620e-01
 -8.4000e-02 -2.5980e-01  9.4870e-01]",112
689,3,"[[-0.2763033  -0.29069673  0.33930327]
 [ 0.00843239 -0.31744711  0.31255289]
 [ 0.30116459 -0.29029479  0.33970521]
 [-0.30116459  0.29029479 -0.33970521]
 [ 0.2763033   0.29069673 -0.33930327]
 [-0.00843239  0.31744711 -0.31255289]]","[2228. 2237.  934. 2244. 2237.  934. 2042. 2254.  917. 1867. 2237.  934.
 1851. 2237.  934. 2053. 2254.  917.]","[2240. 2233.  935. 2243. 2220.  949. 2028. 2251.  919. 1861. 2236.  932.
 1855. 2217.  949. 2069. 2241.  920.]","[-1.6199e+01  4.4660e+00  6.2699e+01  6.1000e-02  6.1000e-02 -4.2720e-01
 -9.0800e-02 -2.5630e-01  9.6440e-01]",112
690,3,"[[-0.27160111 -0.29015325  0.33984675]
 [ 0.00240004 -0.31761386  0.31238614]
 [ 0.30078988 -0.29066297  0.33933703]
 [-0.30078988  0.29066297 -0.33933703]
 [ 0.27160111  0.29015325 -0.33984675]
 [-0.00240004  0.31761386 -0.31238614]]","[2225. 2237.  934. 2244. 2237.  934. 2046. 2255.  916. 1870. 2237.  934.
 1851. 2237.  934. 2049. 2255.  916.]","[2238. 2232.  935. 2243. 2220.  950. 2031. 2251.  919. 1862. 2235.  933.
 1855. 2217.  949. 2064. 2241.  921.]","[-1.6210e+01  4.4660e+00  6.2704e+01 -1.8310e-01 -6.1000e-02  0.0000e+00
 -9.4700e-02 -2.4850e-01  9.4530e-01]",112
691,3,"[[-0.26653987 -0.28961958  0.34038042]
 [-0.00367469 -0.31777332  0.31222668]
 [ 0.30034082 -0.29103468  0.33896532]
 [-0.30034082  0.29103468 -0.33896532]
 [ 0.26653987  0.28961958 -0.34038042]
 [ 0.00367469  0.31777332 -0.31222668]]","[2221. 2236.  935. 2243. 2237.  934. 2050. 2255.  916. 1874. 2236.  935.
 1852. 2237.  934. 2045. 2255.  916.]","[2236. 2232.  935. 2243. 2220.  949. 2035. 2251.  918. 1863. 2235.  933.
 1855. 2217.  949. 2061. 2241.  921.]","[-16.216    4.471   62.715   -0.3052  -0.1221   0.3052  -0.0762  -0.269
   0.9707]",112
692,3,"[[-0.26112627 -0.28909631  0.34090369]
 [-0.00978901 -0.31792542  0.31207458]
 [ 0.29981539 -0.29140976  0.33859024]
 [-0.29981539  0.29140976 -0.33859024]
 [ 0.26112627  0.28909631 -0.34090369]
 [ 0.00978901  0.31792542 -0.31207458]]","[2218. 2236.  935. 2243. 2237.  933. 2054. 2255.  916. 1877. 2236.  935.
 1852. 2237.  933. 2041. 2255.  916.]","[2235. 2232.  936. 2243. 2220.  950. 2039. 2252.  918. 1865. 2235.  932.
 1855. 2217.  949. 2057. 2241.  921.]","[-1.6227e+01  4.4770e+00  6.2732e+01 -3.0520e-01 -1.2210e-01  3.6620e-01
 -5.6600e-02 -2.8030e-01  9.4970e-01]",112
693,3,"[[-0.25536747 -0.28858401  0.34141599]
 [-0.01594    -0.31807012  0.31192988]
 [ 0.29921166 -0.29178801  0.33821199]
 [-0.29921166  0.29178801 -0.33821199]
 [ 0.25536747  0.28858401 -0.34141599]
 [ 0.01594     0.31807012 -0.31192988]]","[2214. 2236.  935. 2243. 2238.  933. 2058. 2255.  916. 1881. 2236.  935.
 1852. 2238.  933. 2037. 2255.  916.]","[2233. 2231.  936. 2242. 2220.  949. 2043. 2251.  918. 1868. 2234.  933.
 1855. 2217.  949. 2054. 2240.  920.]","[-16.238    4.471   62.748   -0.3662  -0.1831   0.3052  -0.0664  -0.3008
   0.9639]",112
694,3,"[[-0.24927107 -0.28808326  0.34191674]
 [-0.02212465 -0.31820736  0.31179264]
 [ 0.29852773 -0.29216926  0.33783074]
 [-0.29852773  0.29216926 -0.33783074]
 [ 0.24927107  0.28808326 -0.34191674]
 [ 0.02212465  0.31820736 -0.31179264]]","[2210. 2235.  936. 2242. 2238.  933. 2062. 2255.  916. 1885. 2235.  936.
 1853. 2238.  933. 2033. 2255.  916.]","[2229. 2231.  936. 2242. 2220.  949. 2048. 2252.  918. 1873. 2234.  933.
 1855. 2217.  949. 2049. 2241.  920.]","[-16.249    4.471   62.759   -0.2441  -0.1221   0.3052  -0.0693  -0.3149
   0.9468]",112
695,3,"[[-0.24284515 -0.28759462  0.34240538]
 [-0.02833983 -0.31833709  0.31166291]
 [ 0.29776171 -0.29255333  0.33744667]
 [-0.29776171  0.29255333 -0.33744667]
 [ 0.24284515  0.28759462 -0.34240538]
 [ 0.02833983  0.31833709 -0.31166291]]","[2206. 2235.  936. 2242. 2238.  933. 2066. 2255.  916. 1889. 2235.  936.
 1853. 2238.  933. 2029. 2255.  916.]","[2227. 2231.  936. 2242. 2220.  949. 2050. 2251.  919. 1875. 2234.  933.
 1855. 2218.  949. 2047. 2240.  921.]","[-16.26     4.466   62.776   -0.1831  -0.1831   0.3662  -0.0713  -0.3164
   0.9424]",112
696,3,"[[-0.23609819 -0.28711865  0.34288135]
 [-0.03458231 -0.31845927  0.31154073]
 [ 0.29691172 -0.29294003  0.33705997]
 [-0.29691172  0.29294003 -0.33705997]
 [ 0.23609819  0.28711865 -0.34288135]
 [ 0.03458231  0.31845927 -0.31154073]]","[2201. 2235.  936. 2241. 2238.  933. 2070. 2255.  916. 1894. 2235.  936.
 1854. 2238.  933. 2025. 2255.  916.]","[2222. 2230.  937. 2242. 2220.  949. 2055. 2251.  918. 1878. 2234.  934.
 1856. 2217.  949. 2044. 2240.  920.]","[-1.6265e+01  4.4600e+00  6.2781e+01  0.0000e+00 -1.8310e-01  6.1000e-02
 -6.8400e-02 -3.0960e-01  9.5700e-01]",112
697,3,"[[-0.22903911 -0.28070277  0.34929723]
 [-0.04084879 -0.31857384  0.31142616]
 [ 0.29597589 -0.2933292   0.3366708 ]
 [-0.29597589  0.2933292  -0.3366708 ]
 [ 0.22903911  0.28070277 -0.34929723]
 [ 0.04084879  0.31857384 -0.31142616]]","[2197. 2230.  940. 2240. 2239.  932. 2074. 2255.  916. 1898. 2230.  940.
 1855. 2239.  932. 2021. 2255.  916.]","[2218. 2230.  937. 2243. 2220.  949. 2058. 2251.  918. 1882. 2233.  934.
 1855. 2218.  949. 2041. 2241.  921.]","[-1.6271e+01  4.4490e+00  6.2776e+01  6.1000e-02 -1.2210e-01 -1.8310e-01
 -7.9100e-02 -2.8560e-01  9.4580e-01]",112
698,3,"[[-0.22167725 -0.26573489  0.36426511]
 [-0.04713583 -0.31868077  0.31131923]
 [ 0.29495233 -0.29372067  0.33627933]
 [-0.29495233  0.29372067 -0.33627933]
 [ 0.22167725  0.26573489 -0.36426511]
 [ 0.04713583  0.31868077 -0.31131923]]","[2192. 2221.  950. 2240. 2239.  932. 2078. 2255.  916. 1903. 2221.  950.
 1855. 2239.  932. 2017. 2255.  916.]","[2215. 2228.  938. 2242. 2220.  949. 2062. 2252.  918. 1885. 2231.  935.
 1855. 2218.  949. 2037. 2241.  920.]","[-16.282    4.444   62.77    -0.1831  -0.1221   0.1221  -0.0933  -0.2676
   0.9546]",112
699,3,"[[-0.21402233 -0.25124193  0.37875807]
 [-0.05343991 -0.31878     0.31122   ]
 [ 0.2938392  -0.29411425  0.33588575]
 [-0.2938392   0.29411425 -0.33588575]
 [ 0.21402233  0.25124193 -0.37875807]
 [ 0.05343991  0.31878    -0.31122   ]]","[2187. 2211.  960. 2239. 2239.  932. 2082. 2255.  916. 1908. 2211.  960.
 1856. 2239.  932. 2013. 2255.  916.]","[2209. 2225.  942. 2241. 2220.  949. 2066. 2251.  918. 1890. 2228.  938.
 1856. 2218.  949. 2034. 2241.  921.]","[-16.287    4.444   62.781   -0.1831  -0.3052   0.6104  -0.0688  -0.2734
   0.9614]",112
700,3,"[[-0.20608448 -0.23724064  0.39275936]
 [-0.05975744 -0.3188715   0.3111285 ]
 [ 0.29263465 -0.29450978  0.33549022]
 [-0.29263465  0.29450978 -0.33549022]
 [ 0.20608448  0.23724064 -0.39275936]
 [ 0.05975744  0.3188715  -0.3111285 ]]","[2182. 2202.  969. 2238. 2239.  931. 2086. 2255.  916. 1913. 2202.  969.
 1857. 2239.  931. 2009. 2255.  916.]","[2204. 2219.  946. 2240. 2220.  948. 2070. 2251.  918. 1894. 2224.  943.
 1856. 2218.  948. 2030. 2241.  921.]","[-1.6293e+01  4.4380e+00  6.2809e+01 -1.8310e-01 -9.1550e-01  4.2720e-01
 -5.3200e-02 -2.3880e-01  9.0770e-01]",112
701,3,"[[-0.1978742  -0.22374729  0.40625271]
 [-0.06608471 -0.31895522  0.31104478]
 [ 0.29133686 -0.29490708  0.33509292]
 [-0.29133686  0.29490708 -0.33509292]
 [ 0.1978742   0.22374729 -0.40625271]
 [ 0.06608471  0.31895522 -0.31104478]]","[2176. 2193.  978. 2237. 2240.  931. 2091. 2255.  916. 1919. 2193.  978.
 1858. 2240.  931. 2004. 2255.  916.]","[2197. 2212.  954. 2239. 2220.  946. 2074. 2251.  918. 1900. 2221.  951.
 1856. 2218.  946. 2027. 2241.  921.]","[-16.298    4.406   62.831   -0.5493  -0.6104  -0.6104  -0.0854  -0.2271
   0.9868]",112
702,3,"[[-0.18940232 -0.21077766  0.41922234]
 [-0.07241794 -0.31903113  0.31096887]
 [ 0.28994403 -0.29530601  0.33469399]
 [-0.28994403  0.29530601 -0.33469399]
 [ 0.18940232  0.21077766 -0.41922234]
 [ 0.07241794  0.31903113 -0.31096887]]","[2171. 2185.  986. 2237. 2240.  931. 2095. 2255.  915. 1924. 2185.  986.
 1858. 2240.  931. 2000. 2255.  915.]","[2191. 2204.  960. 2238. 2220.  945. 2078. 2250.  918. 1904. 2213.  959.
 1858. 2218.  946. 2022. 2241.  921.]","[-16.315    4.378   62.809   -0.9155  -0.6104  -0.8545  -0.0723  -0.1973
   0.9204]",112
703,3,"[[-0.18068006 -0.19834703  0.43165297]
 [-0.07875325 -0.31909918  0.31090082]
 [ 0.28845439 -0.29570638  0.33429362]
 [-0.28845439  0.29570638 -0.33429362]
 [ 0.18068006  0.19834703 -0.43165297]
 [ 0.07875325  0.31909918 -0.31090082]]","[2165. 2177.  994. 2236. 2240.  931. 2099. 2256.  915. 1930. 2177.  994.
 1859. 2240.  931. 1996. 2256.  915.]","[2182. 2196.  973. 2237. 2220.  944. 2083. 2249.  918. 1916. 2202.  971.
 1859. 2219.  945. 2016. 2241.  920.]","[-16.348    4.34    62.787   -1.8921  -1.0986  -0.6714  -0.0864  -0.2568
   0.998 ]",112
704,3,"[[-0.17171895 -0.18647014  0.44352986]
 [-0.08508668 -0.31915934  0.31084066]
 [ 0.28686621 -0.29610803  0.33389197]
 [-0.28686621  0.29610803 -0.33389197]
 [ 0.17171895  0.18647014 -0.44352986]
 [ 0.08508668  0.31915934 -0.31084066]]","[2159. 2169. 1002. 2235. 2241.  930. 2103. 2256.  915. 1936. 2169. 1002.
 1860. 2241.  930. 1992. 2256.  915.]","[2176. 2192.  978. 2236. 2220.  944. 2087. 2249.  918. 1922. 2194.  979.
 1859. 2220.  944. 2011. 2242.  920.]","[-16.403    4.285   62.781   -1.8921  -2.0752  -0.1221  -0.0918  -0.2754
   0.8955]",112
705,3,"[[-0.16253082 -0.1751612   0.4548388 ]
 [-0.09141422 -0.31921158  0.31078842]
 [ 0.28517778 -0.2965108   0.3334892 ]
 [-0.28517778  0.2965108  -0.3334892 ]
 [ 0.16253082  0.1751612  -0.4548388 ]
 [ 0.09141422  0.31921158 -0.31078842]]","[2153. 2162. 1009. 2233. 2241.  930. 2107. 2256.  915. 1942. 2162. 1009.
 1862. 2241.  930. 1988. 2256.  915.]","[2171. 2189.  983. 2235. 2220.  943. 2090. 2248.  918. 1925. 2188.  984.
 1860. 2220.  944. 2008. 2243.  920.]","[-16.463    4.208   62.809   -2.4414  -2.5635   0.6714  -0.1118  -0.2598
   0.9829]",112
706,3,"[[-0.15312784 -0.16443383  0.46556617]
 [-0.09773175 -0.31925586  0.31074414]
 [ 0.28338744 -0.29691453  0.33308547]
 [-0.28338744  0.29691453 -0.33308547]
 [ 0.15312784  0.16443383 -0.46556617]
 [ 0.09773175  0.31925586 -0.31074414]]","[2147. 2155. 1016. 2232. 2241.  930. 2111. 2256.  915. 1948. 2155. 1016.
 1863. 2241.  930. 1984. 2256.  915.]","[2165. 2181.  991. 2233. 2220.  942. 2095. 2248.  919. 1930. 2181.  993.
 1861. 2221.  943. 2003. 2243.  919.]","[-1.6534e+01  4.1360e+00  6.2869e+01 -2.1362e+00 -1.8921e+00  1.2207e+00
 -5.3200e-02 -3.1150e-01  1.0186e+00]",112
707,3,"[[-0.14352242 -0.15430108  0.47569892]
 [-0.10403509 -0.31929214  0.31070786]
 [ 0.28149358 -0.29731906  0.33268094]
 [-0.28149358  0.29731906 -0.33268094]
 [ 0.14352242  0.15430108 -0.47569892]
 [ 0.10403509  0.31929214 -0.31070786]]","[2141. 2148. 1023. 2231. 2241.  930. 2115. 2256.  915. 1954. 2148. 1023.
 1864. 2241.  930. 1980. 2256.  915.]","[2158. 2173. 1000. 2231. 2220.  941. 2099. 2248.  918. 1934. 2173. 1000.
 1863. 2222.  942. 1998. 2244.  919.]","[-1.6595e+01  4.0810e+00  6.2924e+01 -1.6479e+00 -1.4038e+00 -3.0520e-01
  1.0300e-02 -3.3540e-01  9.2140e-01]",112
708,3,"[[-0.13372727 -0.1447754   0.4852246 ]
 [-0.11032    -0.31932042  0.31067958]
 [ 0.27949462 -0.29772423  0.33227577]
 [-0.27949462  0.29772423 -0.33227577]
 [ 0.13372727  0.1447754  -0.4852246 ]
 [ 0.11032     0.31932042 -0.31067958]]","[2135. 2142. 1029. 2230. 2242.  929. 2119. 2256.  915. 1960. 2142. 1029.
 1865. 2242.  929. 1976. 2256.  915.]","[2150. 2165. 1007. 2229. 2220.  940. 2103. 2248.  918. 1940. 2165. 1007.
 1864. 2222.  942. 1995. 2244.  920.]","[-16.65     4.026   62.913   -0.8545  -0.4272  -1.6479  -0.0884  -0.3823
   1.0093]",112
709,3,"[[-0.12375533 -0.1358686   0.4941314 ]
 [-0.11658217 -0.31934067  0.31065933]
 [ 0.27738906 -0.29812988  0.33187012]
 [-0.27738906  0.29812988 -0.33187012]
 [ 0.12375533  0.1358686  -0.4941314 ]
 [ 0.11658217  0.31934067 -0.31065933]]","[2128. 2136. 1035. 2228. 2242.  929. 2123. 2256.  915. 1967. 2136. 1035.
 1867. 2242.  929. 1972. 2256.  915.]","[2143. 2158. 1015. 2228. 2220.  940. 2107. 2248.  918. 1946. 2159. 1014.
 1865. 2223.  941. 1991. 2244.  920.]","[-1.6677e+01  3.9990e+00  6.2858e+01  0.0000e+00  3.6620e-01 -1.0376e+00
 -4.2500e-02 -3.6230e-01  9.1890e-01]",112
710,3,"[[-0.1136198  -0.12759187  0.50240813]
 [-0.12281723 -0.31935298  0.31064702]
 [ 0.27517543 -0.29853585  0.33146415]
 [-0.27517543  0.29853585 -0.33146415]
 [ 0.1136198   0.12759187 -0.50240813]
 [ 0.12281723  0.31935298 -0.31064702]]","[2122. 2131. 1040. 2227. 2242.  929. 2128. 2256.  915. 1973. 2131. 1040.
 1868. 2242.  929. 1967. 2256.  915.]","[2140. 2152. 1021. 2227. 2220.  940. 2110. 2248.  918. 1954. 2152. 1020.
 1866. 2222.  941. 1987. 2244.  920.]","[-1.6694e+01  3.9990e+00  6.2814e+01  1.8310e-01  6.1000e-02 -9.1550e-01
 -7.6700e-02 -3.4570e-01  9.2290e-01]",112
711,3,"[[-0.10333406 -0.11995572  0.51004428]
 [-0.12902075 -0.31935754  0.31064246]
 [ 0.27285235 -0.29894199  0.33105801]
 [-0.27285235  0.29894199 -0.33105801]
 [ 0.10333406  0.11995572 -0.51004428]
 [ 0.12902075  0.31935754 -0.31064246]]","[2115. 2126. 1045. 2225. 2242.  929. 2132. 2256.  915. 1980. 2126. 1045.
 1870. 2242.  929. 1963. 2256.  915.]","[2136. 2145. 1028. 2227. 2220.  940. 2113. 2248.  918. 1959. 2145. 1026.
 1868. 2222.  941. 1984. 2244.  920.]","[-1.6705e+01  3.9880e+00  6.2781e+01  6.1000e-02 -1.2210e-01 -3.0520e-01
 -6.5400e-02 -3.1790e-01  9.6090e-01]",112
712,3,"[[-0.09291171 -0.11297001  0.51702999]
 [-0.13518826 -0.31935167  0.31064833]
 [ 0.27041848 -0.29934815  0.33065185]
 [-0.27041848  0.29934815 -0.33065185]
 [ 0.09291171  0.11297001 -0.51702999]
 [ 0.13518826  0.31935167 -0.31064833]]","[2108. 2121. 1050. 2224. 2243.  928. 2136. 2256.  915. 1987. 2121. 1050.
 1871. 2243.  928. 1959. 2256.  915.]","[2129. 2139. 1033. 2226. 2220.  939. 2116. 2248.  918. 1965. 2140. 1033.
 1870. 2222.  941. 1978. 2244.  919.]","[-1.6716e+01  3.9830e+00  6.2770e+01  3.0520e-01  6.1000e-02 -2.4410e-01
 -7.0300e-02 -2.8520e-01  9.5800e-01]",112
713,3,"[[-0.08236654 -0.10664392  0.52335608]
 [-0.14131522 -0.31932215  0.31067785]
 [ 0.26787255 -0.29975416  0.33024584]
 [-0.26787255  0.29975416 -0.33024584]
 [ 0.08236654  0.10664392 -0.52335608]
 [ 0.14131522  0.31932215 -0.31067785]]","[2101. 2117. 1054. 2222. 2243.  928. 2140. 2256.  915. 1994. 2117. 1054.
 1873. 2243.  928. 1955. 2256.  915.]","[2120. 2133. 1040. 2224. 2220.  939. 2120. 2248.  918. 1974. 2133. 1039.
 1871. 2223.  939. 1974. 2244.  920.]","[-16.721    3.977   62.759    0.1831   0.      -0.3662  -0.0747  -0.2842
   0.9424]",112
714,3,"[[-0.07171248 -0.10098591  0.52901409]
 [-0.14739708 -0.31926335  0.31073665]
 [ 0.26521339 -0.30015988  0.32984012]
 [-0.26521339  0.30015988 -0.32984012]
 [ 0.07171248  0.10098591 -0.52901409]
 [ 0.14739708  0.31926335 -0.31073665]]","[2094. 2113. 1058. 2220. 2243.  928. 2144. 2256.  915. 2001. 2113. 1058.
 1875. 2243.  928. 1951. 2256.  915.]","[2113. 2127. 1045. 2223. 2220.  938. 2124. 2248.  918. 1981. 2128. 1044.
 1873. 2223.  939. 1970. 2244.  920.]","[-16.721    3.972   62.748    0.1831   0.      -0.2441  -0.0698  -0.2695
   0.9639]",112
715,3,"[[-0.06096362 -0.09600375  0.53399625]
 [-0.15342923 -0.31917873  0.31082127]
 [ 0.26243989 -0.30056515  0.32943485]
 [-0.26243989  0.30056515 -0.32943485]
 [ 0.06096362  0.09600375 -0.53399625]
 [ 0.15342923  0.31917873 -0.31082127]]","[2087. 2110. 1061. 2219. 2243.  928. 2148. 2256.  915. 2008. 2110. 1061.
 1876. 2243.  928. 1947. 2256.  915.]","[2107. 2124. 1049. 2221. 2220.  938. 2126. 2248.  918. 1986. 2125. 1047.
 1874. 2223.  938. 1966. 2244.  920.]","[-1.6721e+01  3.9720e+00  6.2726e+01  0.0000e+00  6.1000e-02 -7.3240e-01
 -6.9800e-02 -2.4460e-01  9.5510e-01]",112
716,3,"[[-0.05013416 -0.09170446  0.53829554]
 [-0.15940702 -0.31906933  0.31093067]
 [ 0.259551   -0.30096983  0.32903017]
 [-0.259551    0.30096983 -0.32903017]
 [ 0.05013416  0.09170446 -0.53829554]
 [ 0.15940702  0.31906933 -0.31093067]]","[2080. 2107. 1064. 2217. 2244.  927. 2151. 2256.  915. 2015. 2107. 1064.
 1878. 2244.  927. 1944. 2256.  915.]","[2101. 2119. 1053. 2220. 2220.  938. 2130. 2248.  918. 1993. 2120. 1051.
 1877. 2223.  937. 1963. 2244.  920.]","[-16.727    3.966   62.693   -0.2441   0.      -0.9766  -0.0811  -0.2837
   0.9561]",112
717,3,"[[-0.04189986 -0.08890427  0.54109573]
 [-0.16388935 -0.31896964  0.31103036]
 [ 0.25728966 -0.30127293  0.32872707]
 [-0.25728966  0.30127293 -0.32872707]
 [ 0.04189986  0.08890427 -0.54109573]
 [ 0.16388935  0.31896964 -0.31103036]]","[2075. 2105. 1066. 2215. 2244.  927. 2154. 2255.  916. 2020. 2105. 1066.
 1880. 2244.  927. 1941. 2255.  916.]","[2094. 2116. 1057. 2218. 2220.  937. 2134. 2248.  919. 2000. 2117. 1055.
 1878. 2223.  936. 1958. 2245.  920.]","[-16.738    3.961   62.661   -0.1221   0.1221  -0.7324  -0.085   -0.2896
   0.9561]",112
718,3,"[[-0.03096357 -0.08582039  0.54417961]
 [-0.16976035 -0.31881764  0.31118236]
 [ 0.25419592 -0.30167621  0.32832379]
 [-0.25419592  0.30167621 -0.32832379]
 [ 0.03096357  0.08582039 -0.54417961]
 [ 0.16976035  0.31881764 -0.31118236]]","[2068. 2103. 1068. 2213. 2244.  927. 2158. 2255.  916. 2027. 2103. 1068.
 1882. 2244.  927. 1937. 2255.  916.]","[2087. 2113. 1060. 2216. 2220.  938. 2136. 2248.  918. 2006. 2114. 1059.
 1880. 2224.  935. 1954. 2244.  920.]","[-1.6743e+01  3.9610e+00  6.2633e+01 -2.4410e-01  6.1000e-02 -4.8830e-01
 -6.6900e-02 -2.9350e-01  9.3550e-01]",112
719,3,"[[-0.01998635 -0.08343491  0.54656509]
 [-0.17556407 -0.31864203  0.31135797]
 [ 0.25098441 -0.30207848  0.32792152]
 [-0.25098441  0.30207848 -0.32792152]
 [ 0.01998635  0.08343491 -0.54656509]
 [ 0.17556407  0.31864203 -0.31135797]]","[2061. 2102. 1069. 2211. 2244.  927. 2162. 2255.  916. 2034. 2102. 1069.
 1884. 2244.  927. 1933. 2255.  916.]","[2081. 2111. 1063. 2214. 2220.  938. 2140. 2248.  918. 2012. 2110. 1062.
 1882. 2224.  935. 1950. 2245.  919.]","[-1.6760e+01  3.9550e+00  6.2617e+01 -4.8830e-01 -6.1000e-02 -3.6620e-01
 -5.0800e-02 -3.1100e-01  9.5750e-01]",112
720,3,"[[-0.00898271 -0.08175208  0.54824792]
 [-0.18129578 -0.3184432   0.3115568 ]
 [ 0.24765445 -0.30247959  0.32752041]
 [-0.24765445  0.30247959 -0.32752041]
 [ 0.00898271  0.08175208 -0.54824792]
 [ 0.18129578  0.3184432  -0.3115568 ]]","[2053. 2101. 1070. 2209. 2245.  926. 2166. 2255.  916. 2042. 2101. 1070.
 1886. 2245.  926. 1929. 2255.  916.]","[2074. 2108. 1065. 2212. 2220.  937. 2142. 2248.  918. 2020. 2108. 1064.
 1884. 2224.  935. 1947. 2245.  920.]","[-1.6776e+01  3.9500e+00  6.2600e+01 -1.8310e-01  6.1000e-02 -4.8830e-01
 -5.8600e-02 -3.1350e-01  9.6580e-01]",112
721,3,"[[ 0.00203281 -0.08077628  0.54922372]
 [-0.18695075 -0.31822161  0.31177839]
 [ 0.24420544 -0.30287939  0.32712061]
 [-0.24420544  0.30287939 -0.32712061]
 [-0.00203281  0.08077628 -0.54922372]
 [ 0.18695075  0.31822161 -0.31177839]]","[2046. 2100. 1071. 2207. 2245.  926. 2169. 2255.  916. 2049. 2100. 1071.
 1888. 2245.  926. 1926. 2255.  916.]","[2065. 2106. 1067. 2210. 2220.  937. 2147. 2248.  918. 2029. 2106. 1067.
 1886. 2224.  935. 1942. 2244.  919.]","[-16.787    3.95    62.584    0.       0.1221  -0.1831  -0.0645  -0.3105
   0.937 ]",112
722,3,"[[ 0.01304564 -0.08052145  0.54947855]
 [-0.19252424 -0.31797773  0.31202227]
 [ 0.24063687 -0.30327772  0.32672228]
 [-0.24063687  0.30327772 -0.32672228]
 [-0.01304564  0.08052145 -0.54947855]
 [ 0.19252424  0.31797773 -0.31202227]]","[2039. 2100. 1071. 2204. 2245.  926. 2173. 2255.  916. 2056. 2100. 1071.
 1891. 2245.  926. 1922. 2255.  916.]","[2060. 2105. 1068. 2209. 2219.  936. 2149. 2248.  919. 2034. 2105. 1067.
 1889. 2224.  934. 1938. 2245.  919.]","[-1.6793e+01  3.9500e+00  6.2584e+01 -6.1000e-02 -1.8310e-01  0.0000e+00
 -6.1500e-02 -3.0130e-01  9.4730e-01]",112
723,3,"[[ 0.02404123 -0.0809081   0.5490919 ]
 [-0.19801151 -0.31771202  0.31228798]
 [ 0.23694838 -0.30367445  0.32632555]
 [-0.23694838  0.30367445 -0.32632555]
 [-0.02404123  0.0809081  -0.5490919 ]
 [ 0.19801151  0.31771202 -0.31228798]]","[2032. 2100. 1071. 2202. 2245.  926. 2177. 2255.  916. 2063. 2100. 1071.
 1893. 2245.  926. 1918. 2255.  916.]","[2053. 2104. 1069. 2205. 2220.  936. 2153. 2248.  918. 2040. 2104. 1069.
 1891. 2224.  934. 1935. 2245.  920.]","[-16.798    3.944   62.584    0.       0.       0.      -0.0679  -0.2905
   0.9619]",112
724,3,"[[ 0.03500503 -0.08140459  0.54859541]
 [-0.20340782 -0.317425    0.312575  ]
 [ 0.23313966 -0.30406943  0.32593057]
 [-0.23313966  0.30406943 -0.32593057]
 [-0.03500503  0.08140459 -0.54859541]
 [ 0.20340782  0.317425   -0.312575  ]]","[2025. 2101. 1070. 2199. 2246.  925. 2180. 2254.  917. 2070. 2101. 1070.
 1896. 2246.  925. 1915. 2254.  917.]","[2044. 2104. 1070. 2203. 2220.  936. 2158. 2249.  918. 2049. 2103. 1069.
 1894. 2224.  933. 1930. 2245.  919.]","[-1.6804e+01  3.9390e+00  6.2578e+01 -1.2210e-01  0.0000e+00 -2.4410e-01
 -5.8600e-02 -2.9880e-01  9.3950e-01]",112
725,3,"[[ 0.04592256 -0.08200489  0.54799511]
 [-0.20870844 -0.31711717  0.31288283]
 [ 0.22921056 -0.30446251  0.32553749]
 [-0.22921056  0.30446251 -0.32553749]
 [-0.04592256  0.08200489 -0.54799511]
 [ 0.20870844  0.31711717 -0.31288283]]","[2018. 2101. 1070. 2197. 2246.  925. 2184. 2254.  917. 2077. 2101. 1070.
 1898. 2246.  925. 1911. 2254.  917.]","[2037. 2103. 1069. 2201. 2220.  935. 2162. 2248.  919. 2056. 2103. 1069.
 1896. 2224.  933. 1926. 2245.  920.]","[-16.809    3.933   62.562    0.       0.      -0.3662  -0.082   -0.293
   0.9722]",112
726,3,"[[ 0.05677938 -0.08279096  0.54720904]
 [-0.21390868 -0.31678908  0.31321092]
 [ 0.22516101 -0.30485353  0.32514647]
 [-0.22516101  0.30485353 -0.32514647]
 [-0.05677938  0.08279096 -0.54720904]
 [ 0.21390868  0.31678908 -0.31321092]]","[2010. 2101. 1069. 2194. 2246.  925. 2187. 2254.  917. 2085. 2101. 1069.
 1901. 2246.  925. 1908. 2254.  917.]","[2031. 2104. 1069. 2199. 2219.  936. 2164. 2248.  919. 2062. 2103. 1070.
 1898. 2224.  932. 1924. 2245.  920.]","[-16.815    3.933   62.551    0.       0.1221  -0.1221  -0.0767  -0.2881
   0.9365]",112
727,3,"[[ 0.06756114 -0.08378501  0.54621499]
 [-0.21900383 -0.31644127  0.31355873]
 [ 0.22099108 -0.30524237  0.32475763]
 [-0.22099108  0.30524237 -0.32475763]
 [-0.06756114  0.08378501 -0.54621499]
 [ 0.21900383  0.31644127 -0.31355873]]","[2003. 2102. 1069. 2192. 2246.  924. 2190. 2254.  917. 2092. 2102. 1069.
 1903. 2246.  924. 1905. 2254.  917.]","[2023. 2104. 1069. 2196. 2220.  935. 2169. 2248.  919. 2070. 2103. 1069.
 1901. 2224.  933. 1919. 2245.  919.]","[-16.82     3.933   62.556   -0.2441  -0.2441   0.1831  -0.0718  -0.2969
   0.9419]",112
728,3,"[[ 0.07825359 -0.08499505  0.54500495]
 [-0.22398925 -0.3160743   0.3139257 ]
 [ 0.21670093 -0.30562886  0.32437114]
 [-0.21670093  0.30562886 -0.32437114]
 [-0.07825359  0.08499505 -0.54500495]
 [ 0.22398925  0.3160743  -0.3139257 ]]","[1996. 2103. 1068. 2189. 2247.  924. 2194. 2254.  917. 2099. 2103. 1068.
 1906. 2247.  924. 1901. 2254.  917.]","[2017. 2103. 1069. 2193. 2220.  935. 2171. 2248.  918. 2076. 2103. 1069.
 1903. 2224.  932. 1916. 2244.  920.]","[-1.6826e+01  3.9280e+00  6.2567e+01 -6.1000e-02 -2.4410e-01  3.0520e-01
 -5.3200e-02 -2.8560e-01  9.7850e-01]",112
729,3,"[[ 0.08884258 -0.08642626  0.54357374]
 [-0.22886029 -0.31568876  0.31431124]
 [ 0.21229087 -0.30601287  0.32398713]
 [-0.21229087  0.30601287 -0.32398713]
 [-0.08884258  0.08642626 -0.54357374]
 [ 0.22886029  0.31568876 -0.31431124]]","[1990. 2104. 1067. 2186. 2247.  924. 2197. 2253.  918. 2105. 2104. 1067.
 1909. 2247.  924. 1898. 2253.  918.]","[2010. 2104. 1069. 2191. 2220.  935. 2175. 2248.  919. 2084. 2103. 1069.
 1905. 2225.  932. 1913. 2245.  919.]","[-1.6831e+01  3.9280e+00  6.2578e+01  0.0000e+00 -6.1000e-02  6.1000e-02
 -5.6600e-02 -2.8660e-01  9.4730e-01]",112
730,3,"[[ 0.09931413 -0.08808321  0.54191679]
 [-0.23361238 -0.31528524  0.31471476]
 [ 0.20776132 -0.30639425  0.32360575]
 [-0.20776132  0.30639425 -0.32360575]
 [-0.09931413  0.08808321 -0.54191679]
 [ 0.23361238  0.31528524 -0.31471476]]","[1983. 2105. 1066. 2183. 2247.  924. 2200. 2253.  918. 2112. 2105. 1066.
 1912. 2247.  924. 1895. 2253.  918.]","[2003. 2104. 1068. 2188. 2220.  935. 2178. 2248.  919. 2091. 2104. 1068.
 1908. 2224.  932. 1910. 2245.  919.]","[-1.6831e+01  3.9220e+00  6.2584e+01  0.0000e+00 -1.2210e-01  6.1000e-02
 -7.1300e-02 -2.9100e-01  9.4680e-01]",112
731,3,"[[ 0.10965439 -0.08997032  0.54002968]
 [-0.23824096 -0.31486434  0.31513566]
 [ 0.20311283 -0.30677285  0.32322715]
 [-0.20311283  0.30677285 -0.32322715]
 [-0.10965439  0.08997032 -0.54002968]
 [ 0.23824096  0.31486434 -0.31513566]]","[1976. 2106. 1065. 2180. 2247.  923. 2203. 2253.  918. 2119. 2106. 1065.
 1915. 2247.  923. 1892. 2253.  918.]","[1996. 2104. 1067. 2186. 2220.  935. 2182. 2248.  919. 2097. 2104. 1067.
 1911. 2225.  931. 1906. 2245.  920.]","[-16.831    3.917   62.589   -0.1831  -0.1831   0.1831  -0.0708  -0.2974
   0.9556]",112
732,3,"[[ 0.11984968 -0.09209189  0.53790811]
 [-0.24274153 -0.31442667  0.31557333]
 [ 0.19834607 -0.30714853  0.32285147]
 [-0.19834607  0.30714853 -0.32285147]
 [-0.11984968  0.09209189 -0.53790811]
 [ 0.24274153  0.31442667 -0.31557333]]","[1969. 2108. 1063. 2177. 2248.  923. 2206. 2252.  918. 2126. 2108. 1063.
 1918. 2248.  923. 1889. 2252.  918.]","[1989. 2105. 1066. 2182. 2220.  935. 2185. 2248.  919. 2105. 2105. 1066.
 1914. 2225.  931. 1903. 2245.  920.]","[-1.6837e+01  3.9110e+00  6.2595e+01 -6.1000e-02 -1.2210e-01  6.1000e-02
 -6.5900e-02 -2.9300e-01  9.5460e-01]",112
733,3,"[[ 0.12988654 -0.09445211  0.53554789]
 [-0.24710965 -0.31397286  0.31602714]
 [ 0.19346183 -0.30752115  0.32247885]
 [-0.19346183  0.30752115 -0.32247885]
 [-0.12988654  0.09445211 -0.53554789]
 [ 0.24710965  0.31397286 -0.31602714]]","[1963. 2109. 1062. 2174. 2248.  923. 2209. 2252.  919. 2132. 2109. 1062.
 1921. 2248.  923. 1886. 2252.  919.]","[1982. 2106. 1065. 2179. 2220.  935. 2189. 2248.  920. 2112. 2106. 1065.
 1916. 2225.  931. 1900. 2245.  920.]","[-1.6842e+01  3.9110e+00  6.2595e+01 -1.2210e-01 -6.1000e-02  0.0000e+00
 -6.9300e-02 -2.9930e-01  9.4780e-01]",112
734,3,"[[ 0.13975169 -0.09705508  0.53294492]
 [-0.25134092 -0.31350356  0.31649644]
 [ 0.18846105 -0.30789056  0.32210944]
 [-0.18846105  0.30789056 -0.32210944]
 [-0.13975169  0.09705508 -0.53294492]
 [ 0.25134092  0.31350356 -0.31649644]]","[1956. 2111. 1060. 2170. 2248.  923. 2211. 2252.  919. 2139. 2111. 1060.
 1925. 2248.  923. 1884. 2252.  919.]","[1975. 2108. 1064. 2177. 2219.  934. 2192. 2248.  920. 2118. 2108. 1064.
 1920. 2226.  931. 1896. 2245.  920.]","[-1.6842e+01  3.9060e+00  6.2606e+01 -1.2210e-01 -1.2210e-01  2.4410e-01
 -6.0100e-02 -3.0180e-01  9.5170e-01]",112
735,3,"[[ 0.14943209 -0.09990476  0.53009524]
 [-0.25543105 -0.31301939  0.31698061]
 [ 0.18334481 -0.30825662  0.32174338]
 [-0.18334481  0.30825662 -0.32174338]
 [-0.14943209  0.09990476 -0.53009524]
 [ 0.25543105  0.31301939 -0.31698061]]","[1950. 2113. 1058. 2167. 2248.  923. 2214. 2252.  919. 2145. 2113. 1058.
 1928. 2248.  923. 1881. 2252.  919.]","[1969. 2109. 1061. 2173. 2220.  934. 2195. 2248.  920. 2124. 2109. 1062.
 1923. 2226.  931. 1893. 2245.  921.]","[-1.6848e+01  3.9060e+00  6.2617e+01  0.0000e+00 -1.2210e-01  2.4410e-01
 -5.9600e-02 -2.9640e-01  9.6040e-01]",112
736,3,"[[ 0.15891495 -0.10300499  0.52699501]
 [-0.25937577 -0.31252103  0.31747897]
 [ 0.1781143  -0.30861919  0.32138081]
 [-0.1781143   0.30861919 -0.32138081]
 [-0.15891495  0.10300499 -0.52699501]
 [ 0.25937577  0.31252103 -0.31747897]]","[1944. 2115. 1056. 2164. 2249.  922. 2217. 2251.  920. 2151. 2115. 1056.
 1931. 2249.  922. 1878. 2251.  920.]","[1962. 2111. 1060. 2171. 2220.  934. 2197. 2248.  920. 2131. 2111. 1060.
 1926. 2226.  931. 1891. 2245.  921.]","[-1.6848e+01  3.9000e+00  6.2628e+01 -6.1000e-02 -1.2210e-01  1.2210e-01
 -5.8100e-02 -2.9050e-01  9.3990e-01]",112
737,3,"[[ 0.16818772 -0.10635947  0.52364053]
 [-0.2631709  -0.31200912  0.31799088]
 [ 0.17277084 -0.30897811  0.32102189]
 [-0.17277084  0.30897811 -0.32102189]
 [-0.16818772  0.10635947 -0.52364053]
 [ 0.2631709   0.31200912 -0.31799088]]","[1938. 2117. 1054. 2160. 2249.  922. 2219. 2251.  920. 2157. 2117. 1054.
 1935. 2249.  922. 1876. 2251.  920.]","[1956. 2113. 1058. 2167. 2219.  934. 2200. 2248.  921. 2137. 2113. 1059.
 1929. 2227.  930. 1887. 2245.  921.]","[-1.6853e+01  3.8950e+00  6.2628e+01 -1.2210e-01 -1.2210e-01 -6.1000e-02
 -6.9800e-02 -2.9740e-01  9.6140e-01]",112
738,3,"[[ 0.17723815 -0.10997176  0.52002824]
 [-0.26681236 -0.31148435  0.31851565]
 [ 0.16731592 -0.30933326  0.32066674]
 [-0.16731592  0.30933326 -0.32066674]
 [-0.17723815  0.10997176 -0.52002824]
 [ 0.26681236  0.31148435 -0.31851565]]","[1932. 2119. 1052. 2157. 2249.  922. 2221. 2251.  920. 2163. 2119. 1052.
 1938. 2249.  922. 1874. 2251.  920.]","[1950. 2115. 1056. 2164. 2219.  934. 2203. 2247.  921. 2144. 2115. 1057.
 1932. 2227.  930. 1885. 2245.  921.]","[-1.6859e+01  3.8950e+00  6.2622e+01 -6.1000e-02  0.0000e+00 -1.2210e-01
 -7.2300e-02 -2.9490e-01  9.5260e-01]",112
739,3,"[[ 0.18605427 -0.11384525  0.51615475]
 [-0.27029614 -0.31094738  0.31905262]
 [ 0.16175113 -0.30968448  0.32031552]
 [-0.16175113  0.30968448 -0.32031552]
 [-0.18605427  0.11384525 -0.51615475]
 [ 0.27029614  0.31094738 -0.31905262]]","[1926. 2122. 1049. 2153. 2249.  922. 2224. 2250.  921. 2169. 2122. 1049.
 1942. 2249.  922. 1871. 2250.  921.]","[1943. 2117. 1055. 2161. 2220.  934. 2205. 2248.  921. 2150. 2117. 1055.
 1936. 2227.  929. 1882. 2245.  922.]","[-16.859    3.889   62.622    0.       0.       0.      -0.0693  -0.2896
   0.9434]",112
740,3,"[[ 0.19462444 -0.11798318  0.51201682]
 [-0.27361833 -0.3103989   0.3196011 ]
 [ 0.15607822 -0.31003164  0.31996836]
 [-0.15607822  0.31003164 -0.31996836]
 [-0.19462444  0.11798318 -0.51201682]
 [ 0.27361833  0.3103989  -0.3196011 ]]","[1921. 2124. 1047. 2149. 2250.  921. 2226. 2250.  921. 2174. 2124. 1047.
 1946. 2250.  921. 1869. 2250.  921.]","[1937. 2119. 1052. 2157. 2220.  934. 2208. 2247.  922. 2155. 2120. 1053.
 1939. 2227.  929. 1879. 2245.  922.]","[-1.6870e+01  3.8840e+00  6.2622e+01 -1.8310e-01 -1.8310e-01  0.0000e+00
 -6.2000e-02 -2.8960e-01  9.4920e-01]",112
741,3,"[[ 0.20293732 -0.12238862  0.50761138]
 [-0.27677511 -0.30983959  0.32016041]
 [ 0.15029907 -0.31037459  0.31962541]
 [-0.15029907  0.31037459 -0.31962541]
 [-0.20293732  0.12238862 -0.50761138]
 [ 0.27677511  0.30983959 -0.32016041]]","[1915. 2127. 1044. 2145. 2250.  921. 2228. 2249.  921. 2180. 2127. 1044.
 1950. 2250.  921. 1867. 2249.  921.]","[1931. 2122. 1050. 2154. 2220.  933. 2211. 2247.  922. 2162. 2122. 1050.
 1942. 2227.  929. 1877. 2245.  923.]","[-16.875    3.878   62.628   -0.1831  -0.1831   0.      -0.0654  -0.2954
   0.9629]",112
742,3,"[[ 0.21098192 -0.12706445  0.50293555]
 [-0.27976277 -0.30927015  0.32072985]
 [ 0.14441569 -0.3107132   0.3192868 ]
 [-0.14441569  0.3107132  -0.3192868 ]
 [-0.21098192  0.12706445 -0.50293555]
 [ 0.27976277  0.30927015 -0.32072985]]","[1910. 2130. 1041. 2142. 2250.  921. 2230. 2249.  922. 2185. 2130. 1041.
 1953. 2250.  921. 1865. 2249.  922.]","[1926. 2124. 1047. 2150. 2219.  933. 2213. 2247.  922. 2168. 2124. 1048.
 1946. 2227.  929. 1875. 2245.  923.]","[-1.6875e+01  3.8780e+00  6.2633e+01 -6.1000e-02 -6.1000e-02  1.2210e-01
 -5.6600e-02 -2.9740e-01  9.4970e-01]",112
743,3,"[[ 0.2187476  -0.13201335  0.49798665]
 [-0.28257771 -0.30869126  0.32130874]
 [ 0.13843024 -0.31104732  0.31895268]
 [-0.13843024  0.31104732 -0.31895268]
 [-0.2187476   0.13201335 -0.49798665]
 [ 0.28257771  0.30869126 -0.32130874]]","[1905. 2134. 1037. 2138. 2250.  921. 2232. 2249.  922. 2190. 2134. 1037.
 1957. 2250.  921. 1863. 2249.  922.]","[1920. 2127. 1045. 2147. 2220.  932. 2216. 2246.  922. 2173. 2127. 1045.
 1950. 2227.  928. 1871. 2245.  923.]","[-1.6880e+01  3.8730e+00  6.2633e+01 -6.1000e-02 -1.2210e-01 -6.1000e-02
 -5.3700e-02 -2.9930e-01  9.4480e-01]",112
744,3,"[[ 0.2262241  -0.13723782  0.49276218]
 [-0.28521643 -0.30810363  0.32189637]
 [ 0.13234502 -0.31137681  0.31862319]
 [-0.13234502  0.31137681 -0.31862319]
 [-0.2262241   0.13723782 -0.49276218]
 [ 0.28521643  0.30810363 -0.32189637]]","[1900. 2137. 1034. 2134. 2250.  920. 2233. 2248.  923. 2195. 2137. 1034.
 1961. 2250.  920. 1862. 2248.  923.]","[1915. 2130. 1042. 2144. 2220.  932. 2218. 2245.  923. 2178. 2130. 1043.
 1953. 2227.  928. 1869. 2245.  923.]","[-1.6886e+01  3.8620e+00  6.2628e+01 -6.1000e-02 -1.2210e-01 -1.8310e-01
 -6.4900e-02 -2.9980e-01  9.6000e-01]",112
745,3,"[[ 0.23340154 -0.14274016  0.48725984]
 [-0.28767555 -0.30750796  0.32249204]
 [ 0.12616244 -0.31170154  0.31829846]
 [-0.12616244  0.31170154 -0.31829846]
 [-0.23340154  0.14274016 -0.48725984]
 [ 0.28767555  0.30750796 -0.32249204]]","[1895. 2141. 1030. 2130. 2251.  920. 2235. 2248.  923. 2200. 2141. 1030.
 1965. 2251.  920. 1860. 2248.  923.]","[1910. 2133. 1039. 2140. 2219.  932. 2219. 2245.  923. 2184. 2132. 1039.
 1957. 2227.  928. 1867. 2245.  924.]","[-16.886    3.851   62.628    0.      -0.1221   0.      -0.0684  -0.3018
   0.9463]",112
746,3,"[[ 0.24027043 -0.14852243  0.48147757]
 [-0.28995183 -0.30690494  0.32309506]
 [ 0.11988509 -0.31202136  0.31797864]
 [-0.11988509  0.31202136 -0.31797864]
 [-0.24027043  0.14852243 -0.48147757]
 [ 0.28995183  0.30690494 -0.32309506]]","[1891. 2144. 1027. 2126. 2251.  920. 2237. 2248.  923. 2204. 2144. 1027.
 1969. 2251.  920. 1858. 2248.  923.]","[1905. 2136. 1036. 2136. 2220.  932. 2222. 2245.  924. 2189. 2136. 1036.
 1960. 2227.  928. 1864. 2245.  925.]","[-16.891    3.845   62.628    0.      -0.1221   0.      -0.0703  -0.2988
   0.9492]",112
747,3,"[[ 0.24682169 -0.15458649  0.47541351]
 [-0.29204214 -0.30629529  0.32370471]
 [ 0.11351565 -0.31233614  0.31766386]
 [-0.11351565  0.31233614 -0.31766386]
 [-0.24682169  0.15458649 -0.47541351]
 [ 0.29204214  0.30629529 -0.32370471]]","[1887. 2148. 1023. 2122. 2251.  920. 2238. 2247.  924. 2208. 2148. 1023.
 1973. 2251.  920. 1857. 2247.  924.]","[1900. 2140. 1032. 2133. 2219.  932. 2224. 2245.  924. 2194. 2139. 1033.
 1964. 2227.  927. 1863. 2246.  925.]","[-1.6891e+01  3.8400e+00  6.2639e+01 -6.1000e-02 -1.8310e-01  1.8310e-01
 -7.1300e-02 -2.9930e-01  9.4870e-01]",112
748,3,"[[ 0.25304665 -0.16093397  0.46906603]
 [-0.29394348 -0.3056797   0.3243203 ]
 [ 0.10705697 -0.31264573  0.31735427]
 [-0.10705697  0.31264573 -0.31735427]
 [-0.25304665  0.16093397 -0.46906603]
 [ 0.29394348  0.3056797  -0.3243203 ]]","[1883. 2152. 1019. 2117. 2251.  920. 2239. 2247.  924. 2212. 2152. 1019.
 1978. 2251.  920. 1856. 2247.  924.]","[1895. 2143. 1029. 2129. 2219.  932. 2226. 2244.  924. 2198. 2143. 1029.
 1968. 2227.  927. 1861. 2245.  925.]","[-1.6897e+01  3.8400e+00  6.2650e+01  0.0000e+00 -1.2210e-01  1.8310e-01
 -5.8600e-02 -2.9740e-01  9.5700e-01]",112
749,3,"[[ 0.25893709 -0.16756626  0.46243374]
 [-0.29565299 -0.30505887  0.32494113]
 [ 0.10051201 -0.31295001  0.31704999]
 [-0.10051201  0.31295001 -0.31704999]
 [-0.25893709  0.16756626 -0.46243374]
 [ 0.29565299  0.30505887 -0.32494113]]","[1879. 2157. 1014. 2113. 2252.  919. 2240. 2246.  925. 2216. 2157. 1014.
 1982. 2252.  919. 1855. 2246.  925.]","[1891. 2147. 1025. 2125. 2219.  931. 2228. 2244.  925. 2203. 2147. 1025.
 1972. 2227.  927. 1858. 2245.  925.]","[-1.6897e+01  3.8340e+00  6.2655e+01  0.0000e+00 -1.2210e-01  6.1000e-02
 -5.8600e-02 -2.9490e-01  9.4970e-01]",112
750,3,"[[ 0.26448523 -0.17448451  0.45551549]
 [-0.29716796 -0.30443351  0.32556649]
 [ 0.09388389 -0.31324884  0.31675116]
 [-0.09388389  0.31324884 -0.31675116]
 [-0.26448523  0.17448451 -0.45551549]
 [ 0.29716796  0.30443351 -0.32556649]]","[1875. 2161. 1010. 2109. 2252.  919. 2241. 2246.  925. 2220. 2161. 1010.
 1986. 2252.  919. 1854. 2246.  925.]","[1886. 2151. 1021. 2122. 2219.  931. 2230. 2244.  925. 2206. 2150. 1022.
 1976. 2227.  927. 1857. 2245.  926.]","[-1.6902e+01  3.8230e+00  6.2655e+01  0.0000e+00 -1.2210e-01  0.0000e+00
 -6.0100e-02 -2.9880e-01  9.5460e-01]",112
751,3,"[[ 0.26968371 -0.18168961  0.44831039]
 [-0.29848582 -0.30380432  0.32619568]
 [ 0.08717584 -0.31354207  0.31645793]
 [-0.08717584  0.31354207 -0.31645793]
 [-0.26968371  0.18168961 -0.44831039]
 [ 0.29848582  0.30380432 -0.32619568]]","[1872. 2166. 1005. 2104. 2252.  919. 2242. 2246.  925. 2223. 2166. 1005.
 1991. 2252.  919. 1853. 2246.  925.]","[1882. 2155. 1017. 2119. 2219.  931. 2231. 2243.  925. 2211. 2155. 1017.
 1980. 2228.  927. 1856. 2245.  927.]","[-1.6902e+01  3.8230e+00  6.2655e+01  0.0000e+00 -6.1000e-02  0.0000e+00
 -6.5400e-02 -2.9830e-01  9.5800e-01]",112
752,3,"[[ 0.27452569 -0.18918223  0.44081777]
 [-0.29960414 -0.303172    0.326828  ]
 [ 0.08039122 -0.31382958  0.31617042]
 [-0.08039122  0.31382958 -0.31617042]
 [-0.27452569  0.18918223 -0.44081777]
 [ 0.29960414  0.303172   -0.326828  ]]","[1869. 2171. 1000. 2100. 2252.  919. 2243. 2245.  926. 2226. 2171. 1000.
 1995. 2252.  919. 1852. 2245.  926.]","[1878. 2160. 1013. 2114. 2219.  931. 2233. 2243.  925. 2215. 2159. 1013.
 1984. 2228.  926. 1853. 2244.  926.]","[-1.6902e+01  3.8230e+00  6.2661e+01  6.1000e-02  0.0000e+00  6.1000e-02
 -6.4900e-02 -2.9830e-01  9.4870e-01]",112
753,3,"[[ 0.27900474 -0.19696274  0.43303726]
 [-0.30052067 -0.30253724  0.32746276]
 [ 0.07353352 -0.31411124  0.31588876]
 [-0.07353352  0.31411124 -0.31588876]
 [-0.27900474  0.19696274 -0.43303726]
 [ 0.30052067  0.30253724 -0.32746276]]","[1866. 2176.  995. 2095. 2252.  919. 2243. 2245.  926. 2229. 2176.  995.
 2000. 2252.  919. 1852. 2245.  926.]","[1875. 2164. 1008. 2110. 2219.  931. 2234. 2243.  926. 2218. 2163. 1009.
 1988. 2229.  926. 1853. 2244.  926.]","[-1.6902e+01  3.8180e+00  6.2666e+01  0.0000e+00 -6.1000e-02  1.2210e-01
 -5.9100e-02 -2.9880e-01  9.4190e-01]",112
754,3,"[[ 0.28311496 -0.20503126  0.42496874]
 [-0.30123331 -0.30190074  0.32809926]
 [ 0.06660636 -0.31438691  0.31561309]
 [-0.06660636  0.31438691 -0.31561309]
 [-0.28311496  0.20503126 -0.42496874]
 [ 0.30123331  0.30190074 -0.32809926]]","[1863. 2181.  990. 2091. 2252.  919. 2244. 2244.  927. 2232. 2181.  990.
 2004. 2252.  919. 1851. 2244.  927.]","[1871. 2168. 1003. 2106. 2219.  931. 2236. 2242.  926. 2222. 2168. 1004.
 1992. 2228.  927. 1852. 2244.  929.]","[-16.913    3.812   62.666   -0.1221  -0.1221   0.      -0.0732  -0.2974
   0.9507]",112
755,3,"[[ 0.28685091 -0.21338765  0.41661235]
 [-0.30174044 -0.30126319  0.32873681]
 [ 0.05961348 -0.31465645  0.31534355]
 [-0.05961348  0.31465645 -0.31534355]
 [-0.28685091  0.21338765 -0.41661235]
 [ 0.30174044  0.30126319 -0.32873681]]","[1861. 2187.  984. 2086. 2253.  918. 2244. 2244.  927. 2234. 2187.  984.
 2009. 2253.  918. 1851. 2244.  927.]","[1868. 2173. 1001. 2101. 2219.  930. 2237. 2242.  926. 2225. 2173.  999.
 1997. 2228.  926. 1851. 2244.  929.]","[-16.919    3.807   62.677   -0.1831  -0.2441   0.1221  -0.0747  -0.2905
   0.9551]",112
756,3,"[[ 0.29020764 -0.22203147  0.40796853]
 [-0.30204238 -0.30062527  0.32937473]
 [ 0.05255875 -0.31491975  0.31508025]
 [-0.05255875  0.31491975 -0.31508025]
 [-0.29020764  0.22203147 -0.40796853]
 [ 0.30204238  0.30062527 -0.32937473]]","[1858. 2192.  979. 2082. 2253.  918. 2244. 2243.  927. 2237. 2192.  979.
 2013. 2253.  918. 1851. 2243.  927.]","[1866. 2176.  999. 2096. 2219.  930. 2239. 2241.  926. 2228. 2178.  994.
 2001. 2228.  926. 1850. 2244.  929.]","[-1.6919e+01  3.8070e+00  6.2693e+01  0.0000e+00 -1.8310e-01  3.6620e-01
 -5.9600e-02 -2.8560e-01  9.4920e-01]",112
757,3,"[[ 0.29318073 -0.23096202  0.39903798]
 [-0.30212923 -0.29998761  0.33001239]
 [ 0.04544615 -0.31517666  0.31482334]
 [-0.04544615  0.31517666 -0.31482334]
 [-0.29318073  0.23096202 -0.39903798]
 [ 0.30212923  0.29998761 -0.33001239]]","[1856. 2198.  973. 2077. 2253.  918. 2244. 2243.  928. 2239. 2198.  973.
 2018. 2253.  918. 1851. 2243.  928.]","[1863. 2180.  993. 2092. 2219.  931. 2240. 2241.  926. 2231. 2184.  989.
 2005. 2228.  927. 1849. 2243.  929.]","[-1.6919e+01  3.8010e+00  6.2704e+01 -6.1000e-02 -2.4410e-01  3.0520e-01
 -6.4500e-02 -2.9000e-01  9.5610e-01]",112
758,3,"[[ 0.29576624 -0.2401783   0.3898217 ]
 [-0.3018308  -0.29935035  0.33064965]
 [ 0.03827978 -0.31542707  0.31457293]
 [-0.03827978  0.31542707 -0.31457293]
 [-0.29576624  0.2401783  -0.3898217 ]
 [ 0.3018308   0.29935035 -0.33064965]]","[1855. 2204.  967. 2072. 2253.  918. 2244. 2243.  928. 2240. 2204.  967.
 2023. 2253.  918. 1851. 2243.  928.]","[1861. 2183.  987. 2087. 2219.  931. 2241. 2240.  927. 2234. 2188.  983.
 2009. 2228.  926. 1849. 2243.  930.]","[-16.919    3.801   62.732    0.      -0.1221   0.6104  -0.064   -0.2969
   0.9707]",112
759,3,"[[ 0.29796075 -0.24967903  0.38032097]
 [-0.30100426 -0.29871274  0.33128726]
 [ 0.03106383 -0.31567085  0.31432915]
 [-0.03106383  0.31567085 -0.31432915]
 [-0.29796075  0.24967903 -0.38032097]
 [ 0.30100426  0.29871274 -0.33128726]]","[1853. 2210.  961. 2068. 2253.  918. 2244. 2242.  929. 2242. 2210.  961.
 2027. 2253.  918. 1851. 2242.  929.]","[1859. 2188.  982. 2083. 2220.  931. 2241. 2241.  927. 2236. 2194.  982.
 2013. 2228.  926. 1849. 2242.  930.]","[-1.6913e+01  3.8120e+00  6.2765e+01  6.1000e-02  0.0000e+00  7.9350e-01
 -6.1000e-02 -3.0620e-01  9.3410e-01]",112
760,3,"[[ 0.29976136 -0.25946262  0.37053738]
 [-0.2996465  -0.29807517  0.33192483]
 [ 0.02380264 -0.31590786  0.31409214]
 [-0.02380264  0.31590786 -0.31409214]
 [-0.29976136  0.25946262 -0.37053738]
 [ 0.2996465   0.29807517 -0.33192483]]","[1852. 2217.  954. 2063. 2253.  918. 2243. 2242.  929. 2243. 2217.  954.
 2032. 2253.  918. 1852. 2242.  929.]","[1858. 2192.  977. 2078. 2219.  931. 2242. 2240.  928. 2238. 2199.  976.
 2017. 2228.  926. 1849. 2242.  930.]","[-1.6913e+01  3.8070e+00  6.2792e+01  0.0000e+00 -2.4410e-01  5.4930e-01
 -5.5200e-02 -3.0320e-01  9.6040e-01]",112
761,3,"[[ 0.30116569 -0.26952722  0.36047278]
 [-0.29775868 -0.29743834  0.33256166]
 [ 0.01650064 -0.316138    0.313862  ]
 [-0.01650064  0.316138   -0.313862  ]
 [-0.30116569  0.26952722 -0.36047278]
 [ 0.29775868  0.29743834 -0.33256166]]","[1851. 2223.  948. 2058. 2254.  917. 2242. 2241.  930. 2244. 2223.  948.
 2037. 2254.  917. 1853. 2241.  930.]","[1857. 2196.  972. 2074. 2219.  931. 2242. 2240.  928. 2239. 2204.  970.
 2020. 2228.  926. 1849. 2241.  931.]","[-16.891    3.834   62.814    0.5493   0.4883   0.7935  -0.082   -0.3306
   1.0034]",112
762,3,"[[ 0.30217184 -0.27987063  0.35012937]
 [-0.29534415 -0.29680299  0.33319701]
 [ 0.00916234 -0.31636112  0.31363888]
 [-0.00916234  0.31636112 -0.31363888]
 [-0.30217184  0.27987063 -0.35012937]
 [ 0.29534415  0.29680299 -0.33319701]]","[1851. 2230.  941. 2053. 2254.  917. 2240. 2241.  930. 2244. 2230.  941.
 2042. 2254.  917. 1855. 2241.  930.]","[1856. 2200.  968. 2070. 2219.  931. 2242. 2240.  929. 2241. 2208.  963.
 2023. 2228.  926. 1849. 2240.  931.]","[-1.6853e+01  3.8950e+00  6.2831e+01  1.0986e+00  1.3428e+00  8.5450e-01
 -2.9800e-02 -3.1930e-01  9.1890e-01]",112
763,3,"[[ 0.30277748 -0.28694951  0.34305049]
 [-0.29240797 -0.29616984  0.33383016]
 [ 0.00179244 -0.31657713  0.31342287]
 [-0.00179244  0.31657713 -0.31342287]
 [-0.30277748  0.28694951 -0.34305049]
 [ 0.29240797  0.29616984 -0.33383016]]","[1850. 2235.  936. 2049. 2254.  917. 2238. 2241.  930. 2245. 2235.  936.
 2046. 2254.  917. 1857. 2241.  930.]","[1855. 2204.  963. 2065. 2219.  931. 2242. 2241.  929. 2242. 2212.  957.
 2029. 2228.  925. 1850. 2239.  931.]","[-16.837    3.928   62.825    0.9766   1.0376   0.3052  -0.085   -0.3213
   0.9658]",112
764,3,"[[ 0.3029836  -0.2872763   0.3427237 ]
 [-0.28895781 -0.29553964  0.33446036]
 [-0.00560261 -0.31678589  0.31321411]
 [ 0.00560261  0.31678589 -0.31321411]
 [-0.3029836   0.2872763  -0.3427237 ]
 [ 0.28895781  0.29553964 -0.33446036]]","[1850. 2235.  936. 2044. 2254.  917. 2236. 2240.  931. 2245. 2235.  936.
 2051. 2254.  917. 1859. 2240.  931.]","[1854. 2211.  957. 2061. 2220.  931. 2242. 2241.  929. 2243. 2219.  950.
 2034. 2228.  925. 1851. 2239.  931.]","[-1.6771e+01  4.0100e+00  6.2831e+01  1.2207e+00  1.1597e+00  1.2210e-01
 -5.9100e-02 -2.8960e-01  9.9220e-01]",112
765,3,"[[ 0.30291279 -0.28761084  0.34238916]
 [-0.28501112 -0.29491311  0.33508689]
 [-0.01300511 -0.31698729  0.31301271]
 [ 0.01300511  0.31698729 -0.31301271]
 [-0.30291279  0.28761084 -0.34238916]
 [ 0.28501112  0.29491311 -0.33508689]]","[1850. 2235.  936. 2039. 2254.  917. 2233. 2240.  931. 2245. 2235.  936.
 2056. 2254.  917. 1862. 2240.  931.]","[1853. 2212.  954. 2058. 2220.  931. 2241. 2242.  930. 2243. 2222.  948.
 2038. 2229.  925. 1852. 2239.  932.]","[-1.6721e+01  4.0540e+00  6.2820e+01  1.6479e+00  1.5259e+00 -2.4410e-01
 -3.4700e-02 -2.7100e-01  9.4680e-01]",112
766,3,"[[ 0.3027053  -0.2879518   0.3420482 ]
 [-0.2805847  -0.29429102  0.33570898]
 [-0.02039565 -0.31718122  0.31281878]
 [ 0.02039565  0.31718122 -0.31281878]
 [-0.3027053   0.2879518  -0.3420482 ]
 [ 0.2805847   0.29429102 -0.33570898]]","[1850. 2235.  936. 2034. 2254.  917. 2230. 2239.  932. 2245. 2235.  936.
 2061. 2254.  917. 1865. 2239.  932.]","[1854. 2214.  952. 2053. 2223.  930. 2239. 2243.  930. 2244. 2224.  946.
 2043. 2229.  925. 1853. 2239.  932.]","[-1.6666e+01  4.0980e+00  6.2781e+01  1.5869e+00  1.1597e+00 -9.1550e-01
 -6.2000e-02 -2.6420e-01  9.5460e-01]",112
767,3,"[[ 0.30237406 -0.28829865  0.34170135]
 [-0.27568721 -0.29367412  0.33632588]
 [-0.02776609 -0.31736755  0.31263245]
 [ 0.02776609  0.31736755 -0.31263245]
 [-0.30237406  0.28829865 -0.34170135]
 [ 0.27568721  0.29367412 -0.33632588]]","[1850. 2235.  936. 2029. 2254.  917. 2227. 2239.  932. 2245. 2235.  936.
 2066. 2254.  917. 1868. 2239.  932.]","[1854. 2216.  951. 2050. 2224.  931. 2236. 2242.  930. 2244. 2225.  945.
 2047. 2229.  925. 1854. 2238.  933.]","[-16.611    4.114   62.732    1.2817   0.4883  -1.0376  -0.0674  -0.2695
   0.9438]",112
768,3,"[[ 0.30191718 -0.28865125  0.34134875]
 [-0.2703286  -0.29306317  0.33693683]
 [-0.03511161 -0.31754617  0.31245383]
 [ 0.03511161  0.31754617 -0.31245383]
 [-0.30191718  0.28865125 -0.34134875]
 [ 0.2703286   0.29306317 -0.33693683]]","[1851. 2236.  935. 2025. 2255.  916. 2224. 2239.  932. 2244. 2236.  935.
 2070. 2255.  916. 1871. 2239.  932.]","[1854. 2217.  949. 2045. 2225.  930. 2233. 2242.  930. 2244. 2226.  945.
 2053. 2229.  925. 1857. 2237.  933.]","[-16.562    4.114   62.693    1.0986   0.2441  -0.8545  -0.0781  -0.272
   0.9478]",112
769,3,"[[ 0.30133417 -0.28900941  0.34099059]
 [-0.26452127 -0.29245893  0.33754107]
 [-0.04242786 -0.31771697  0.31228303]
 [ 0.04242786  0.31771697 -0.31228303]
 [-0.30133417  0.28900941 -0.34099059]
 [ 0.26452127  0.29245893 -0.33754107]]","[1851. 2236.  935. 2020. 2255.  916. 2220. 2238.  933. 2244. 2236.  935.
 2075. 2255.  916. 1875. 2238.  933.]","[1854. 2217.  949. 2042. 2226.  931. 2230. 2241.  931. 2244. 2227.  944.
 2057. 2229.  925. 1859. 2237.  933.]","[-16.523    4.109   62.661    0.8545   0.2441  -0.4883  -0.104   -0.2725
   0.9233]",112
770,3,"[[ 0.30062514 -0.28937294  0.34062706]
 [-0.25827925 -0.29186215  0.33813785]
 [-0.04971056 -0.31787983  0.31212017]
 [ 0.04971056  0.31787983 -0.31212017]
 [-0.30062514  0.28937294 -0.34062706]
 [ 0.25827925  0.29186215 -0.33813785]]","[1852. 2236.  935. 2015. 2255.  916. 2216. 2238.  933. 2243. 2236.  935.
 2080. 2255.  916. 1879. 2238.  933.]","[1854. 2217.  948. 2038. 2227.  930. 2227. 2241.  930. 2244. 2228.  943.
 2060. 2229.  925. 1862. 2236.  933.]","[-1.6490e+01  4.1140e+00  6.2644e+01  3.6620e-01  0.0000e+00 -6.1000e-02
 -1.0640e-01 -2.8810e-01  9.4190e-01]",112
771,3,"[[ 0.29979035 -0.28974164  0.34025836]
 [-0.25161759 -0.29127358  0.33872642]
 [-0.05695553 -0.31803466  0.31196534]
 [ 0.05695553  0.31803466 -0.31196534]
 [-0.29979035  0.28974164 -0.34025836]
 [ 0.25161759  0.29127358 -0.33872642]]","[1852. 2236.  935. 2010. 2255.  916. 2212. 2237.  934. 2243. 2236.  935.
 2085. 2255.  916. 1883. 2237.  934.]","[1855. 2217.  947. 2033. 2227.  931. 2224. 2240.  930. 2243. 2227.  943.
 2065. 2229.  925. 1865. 2236.  934.]","[-16.474    4.12    62.639    0.1831   0.       0.2441  -0.0903  -0.2808
   0.9507]",112
772,3,"[[ 0.29883016 -0.29011532  0.33988468]
 [-0.24455207 -0.29069399  0.33930601]
 [-0.06415863 -0.31818134  0.31181866]
 [ 0.06415863  0.31818134 -0.31181866]
 [-0.29883016  0.29011532 -0.33988468]
 [ 0.24455207  0.29069399 -0.33930601]]","[1853. 2237.  934. 2006. 2255.  916. 2207. 2237.  934. 2242. 2237.  934.
 2089. 2255.  916. 1888. 2237.  934.]","[1854. 2217.  946. 2028. 2226.  931. 2220. 2239.  931. 2243. 2228.  943.
 2069. 2229.  925. 1868. 2236.  934.]","[-1.6469e+01  4.1250e+00  6.2650e+01  6.1000e-02  0.0000e+00  2.4410e-01
 -4.2500e-02 -2.9100e-01  9.5210e-01]",112
773,3,"[[ 0.29774497 -0.29049377  0.33950623]
 [-0.23709907 -0.29012409  0.33987591]
 [-0.07131576 -0.31831979  0.31168021]
 [ 0.07131576  0.31831979 -0.31168021]
 [-0.29774497  0.29049377 -0.33950623]
 [ 0.23709907  0.29012409 -0.33987591]]","[1853. 2237.  934. 2001. 2255.  916. 2202. 2237.  934. 2242. 2237.  934.
 2094. 2255.  916. 1893. 2237.  934.]","[1855. 2217.  945. 2023. 2227.  931. 2216. 2239.  932. 2243. 2228.  942.
 2073. 2229.  925. 1873. 2236.  934.]","[-1.6463e+01  4.1310e+00  6.2661e+01  1.2210e-01  0.0000e+00  6.1000e-02
 -6.3000e-02 -2.9640e-01  9.6290e-01]",112
774,3,"[[ 0.29653522 -0.29087679  0.33912321]
 [-0.22927543 -0.28956463  0.34043537]
 [-0.0784229  -0.3184499   0.3115501 ]
 [ 0.0784229   0.3184499  -0.3115501 ]
 [-0.29653522  0.29087679 -0.33912321]
 [ 0.22927543  0.28956463 -0.34043537]]","[1854. 2237.  934. 1996. 2255.  916. 2197. 2236.  935. 2241. 2237.  934.
 2099. 2255.  916. 1898. 2236.  935.]","[1855. 2217.  944. 2020. 2227.  931. 2212. 2239.  933. 2242. 2229.  942.
 2077. 2229.  925. 1878. 2235.  935.]","[-16.452    4.131   62.661    0.3662   0.1221  -0.2441  -0.064   -0.292
   0.959 ]",112
775,3,"[[ 0.29520143 -0.29126417  0.33873583]
 [-0.22109844 -0.28901634  0.34098366]
 [-0.08547605 -0.3185716   0.3114284 ]
 [ 0.08547605  0.3185716  -0.3114284 ]
 [-0.29520143  0.29126417 -0.33873583]
 [ 0.22109844  0.28901634 -0.34098366]]","[1855. 2237.  934. 1992. 2255.  916. 2192. 2236.  935. 2240. 2237.  934.
 2103. 2255.  916. 1903. 2236.  935.]","[1856. 2218.  943. 2016. 2226.  931. 2207. 2238.  933. 2242. 2229.  941.
 2083. 2229.  925. 1882. 2235.  935.]","[-1.6441e+01  4.1360e+00  6.2644e+01  3.0520e-01  1.2210e-01 -3.6620e-01
 -6.2500e-02 -2.9200e-01  9.6040e-01]",112
776,3,"[[ 0.29374416 -0.29165572  0.33834428]
 [-0.21258571 -0.28847993  0.34152007]
 [-0.09247129 -0.31868478  0.31131522]
 [ 0.09247129  0.31868478 -0.31131522]
 [-0.29374416  0.29165572 -0.33834428]
 [ 0.21258571  0.28847993 -0.34152007]]","[1856. 2238.  933. 1987. 2255.  916. 2186. 2236.  935. 2239. 2238.  933.
 2108. 2255.  916. 1909. 2236.  935.]","[1856. 2219.  943. 2012. 2227.  930. 2202. 2238.  934. 2241. 2229.  941.
 2087. 2229.  925. 1886. 2234.  935.]","[-16.425    4.136   62.628    0.4883   0.3052  -0.4883  -0.063   -0.2715
   0.9575]",112
777,3,"[[ 0.292164   -0.29205122  0.33794878]
 [-0.20375517 -0.28795609  0.34204391]
 [-0.09940475 -0.31878938  0.31121062]
 [ 0.09940475  0.31878938 -0.31121062]
 [-0.292164    0.29205122 -0.33794878]
 [ 0.20375517  0.28795609 -0.34204391]]","[1857. 2238.  933. 1983. 2255.  916. 2180. 2235.  936. 2238. 2238.  933.
 2112. 2255.  916. 1915. 2235.  936.]","[1857. 2219.  942. 2008. 2227.  930. 2197. 2238.  934. 2240. 2229.  940.
 2092. 2229.  925. 1892. 2234.  935.]","[-16.408    4.142   62.6      0.4272   0.3662  -0.8545  -0.0928  -0.2739
   0.9585]",112
778,3,"[[ 0.29046163 -0.29245047  0.33754953]
 [-0.19462501 -0.28744553  0.34255447]
 [-0.10627263 -0.31888532  0.31111468]
 [ 0.10627263  0.31888532 -0.31111468]
 [-0.29046163  0.29245047 -0.33754953]
 [ 0.19462501  0.28744553 -0.34255447]]","[1858. 2238.  933. 1978. 2255.  916. 2174. 2235.  936. 2237. 2238.  933.
 2117. 2255.  916. 1921. 2235.  936.]","[1859. 2221.  942. 2003. 2227.  930. 2191. 2238.  934. 2239. 2229.  940.
 2096. 2229.  925. 1898. 2234.  935.]","[-16.392    4.147   62.567    0.2441   0.2441  -0.3052  -0.0742  -0.2715
   0.9443]",112
779,4,"[[ 0.28863776 -0.29285325  0.33714675]
 [-0.18521362 -0.28694893  0.34305107]
 [-0.11307116 -0.31897253  0.31102747]
 [ 0.11307116  0.31897253 -0.31102747]
 [-0.28863776  0.29285325 -0.33714675]
 [ 0.18521362  0.28694893 -0.34305107]]","[1859. 2238.  933. 1974. 2255.  916. 2168. 2235.  936. 2236. 2238.  933.
 2121. 2255.  916. 1927. 2235.  936.]","[1860. 2221.  941. 1999. 2226.  930. 2185. 2238.  935. 2238. 2229.  939.
 2101. 2229.  925. 1903. 2233.  936.]","[-16.381    4.153   62.551    0.2441   0.2441  -0.3662  -0.0757  -0.2744
   0.9663]",112
780,4,"[[ 0.28669314 -0.29325937  0.33674063]
 [-0.17553956 -0.27440471  0.35559529]
 [-0.11979665 -0.31905093  0.31094907]
 [ 0.11979665  0.31905093 -0.31094907]
 [-0.28669314  0.29325937 -0.33674063]
 [ 0.17553956  0.27440471 -0.35559529]]","[1861. 2239.  932. 1969. 2255.  915. 2162. 2226.  945. 2234. 2239.  932.
 2126. 2255.  915. 1933. 2226.  945.]","[1861. 2221.  941. 1995. 2227.  931. 2180. 2237.  935. 2237. 2229.  939.
 2105. 2229.  925. 1909. 2233.  936.]","[-16.37     4.164   62.534    0.2441   0.3052  -0.2441  -0.0713  -0.2808
   0.9502]",112
781,4,"[[ 0.2846286  -0.2936686   0.3363314 ]
 [-0.16562152 -0.25884727  0.37115273]
 [-0.12644548 -0.31912047  0.31087953]
 [ 0.12644548  0.31912047 -0.31087953]
 [-0.2846286   0.2936686  -0.3363314 ]
 [ 0.16562152  0.25884727 -0.37115273]]","[1862. 2239.  932. 1965. 2256.  915. 2155. 2216.  955. 2233. 2239.  932.
 2130. 2256.  915. 1940. 2216.  955.]","[1862. 2222.  940. 1991. 2227.  930. 2174. 2235.  937. 2235. 2229.  938.
 2110. 2229.  925. 1916. 2231.  938.]","[-1.6359e+01  4.1690e+00  6.2518e+01  6.1000e-02  1.2210e-01 -3.6620e-01
 -6.3000e-02 -2.9200e-01  9.4730e-01]",112
782,4,"[[ 0.28244499 -0.29408073  0.33591927]
 [-0.15547823 -0.2438197   0.3861803 ]
 [-0.13301409 -0.31918109  0.31081891]
 [ 0.13301409  0.31918109 -0.31081891]
 [-0.28244499  0.29408073 -0.33591927]
 [ 0.15547823  0.2438197  -0.3861803 ]]","[1863. 2239.  932. 1961. 2256.  915. 2149. 2206.  965. 2232. 2239.  932.
 2134. 2256.  915. 1946. 2206.  965.]","[1863. 2222.  940. 1986. 2228.  931. 2168. 2229.  942. 2234. 2230.  938.
 2115. 2229.  925. 1922. 2226.  942.]","[-16.353    4.169   62.501    0.2441   0.1221  -0.4272  -0.0742  -0.2964
   0.9619]",112
783,4,"[[ 0.28014323 -0.29449556  0.33550444]
 [-0.1451285  -0.22934241  0.40065759]
 [-0.13949897 -0.31923274  0.31076726]
 [ 0.13949897  0.31923274 -0.31076726]
 [-0.28014323  0.29449556 -0.33550444]
 [ 0.1451285   0.22934241 -0.40065759]]","[1865. 2239.  931. 1957. 2256.  915. 2142. 2197.  974. 2230. 2239.  931.
 2138. 2256.  915. 1953. 2197.  974.]","[1865. 2223.  938. 1981. 2229.  930. 2159. 2220.  952. 2232. 2229.  937.
 2121. 2229.  925. 1932. 2220.  951.]","[-16.331    4.169   62.479    0.8545   0.3662  -0.6104  -0.0635  -0.2915
   0.9531]",112
784,4,"[[ 0.27772429 -0.29491287  0.33508713]
 [-0.13459112 -0.2154352   0.4145648 ]
 [-0.14589669 -0.31927536  0.31072464]
 [ 0.14589669  0.31927536 -0.31072464]
 [-0.27772429  0.29491287 -0.33508713]
 [ 0.13459112  0.2154352  -0.4145648 ]]","[1866. 2240.  931. 1952. 2256.  915. 2135. 2188.  983. 2229. 2240.  931.
 2143. 2256.  915. 1960. 2188.  983.]","[1866. 2223.  938. 1979. 2229.  930. 2155. 2215.  957. 2231. 2229.  936.
 2124. 2229.  924. 1936. 2215.  955.]","[-16.293    4.18    62.457    1.0376   0.3052  -0.3662  -0.0732  -0.2871
   0.9531]",112
785,4,"[[ 0.27518917 -0.29533245  0.33466755]
 [-0.12388484 -0.20211717  0.42788283]
 [-0.15220389 -0.31930892  0.31069108]
 [ 0.15220389  0.31930892 -0.31069108]
 [-0.27518917  0.29533245 -0.33466755]
 [ 0.12388484  0.20211717 -0.42788283]]","[1868. 2240.  931. 1948. 2256.  915. 2128. 2179.  992. 2227. 2240.  931.
 2147. 2256.  915. 1967. 2179.  992.]","[1867. 2225.  938. 1973. 2229.  930. 2149. 2206.  966. 2229. 2229.  936.
 2129. 2229.  925. 1944. 2207.  965.]","[-16.254    4.186   62.441    0.9155   0.2441  -0.1831  -0.0664  -0.2832
   0.9702]",112
786,4,"[[ 0.27253893 -0.29575408  0.33424592]
 [-0.11302832 -0.18940673  0.44059327]
 [-0.15841727 -0.31933339  0.31066661]
 [ 0.15841727  0.31933339 -0.31066661]
 [-0.27253893  0.29575408 -0.33424592]
 [ 0.11302832  0.18940673 -0.44059327]]","[1870. 2240.  931. 1944. 2256.  915. 2121. 2171. 1000. 2225. 2240.  931.
 2151. 2256.  915. 1974. 2171. 1000.]","[1868. 2226.  937. 1970. 2230.  931. 2142. 2198.  974. 2228. 2229.  934.
 2133. 2229.  926. 1951. 2199.  973.]","[-1.6210e+01  4.1970e+00  6.2435e+01  1.2207e+00  4.2720e-01  6.1000e-02
 -6.7400e-02 -2.7730e-01  9.5310e-01]",112
787,4,"[[ 0.26977469 -0.29617755  0.33382245]
 [-0.10204014 -0.17732154  0.45267846]
 [-0.16453362 -0.3193488   0.3106512 ]
 [ 0.16453362  0.3193488  -0.3106512 ]
 [-0.26977469  0.29617755 -0.33382245]
 [ 0.10204014  0.17732154 -0.45267846]]","[1872. 2241.  930. 1940. 2256.  915. 2114. 2163. 1008. 2223. 2241.  930.
 2155. 2256.  915. 1981. 2163. 1008.]","[1869. 2227.  937. 1966. 2229.  930. 2135. 2190.  982. 2225. 2229.  934.
 2138. 2229.  925. 1962. 2191.  983.]","[-16.166    4.213   62.435    1.2207   0.4272   0.1221  -0.0732  -0.293
   0.9541]",112
788,4,"[[ 0.26689759 -0.29660265  0.33339735]
 [-0.09093873 -0.16587847  0.46412153]
 [-0.17054977 -0.31935538  0.31064462]
 [ 0.17054977  0.31935538 -0.31064462]
 [-0.26689759  0.29660265 -0.33339735]
 [ 0.09093873  0.16587847 -0.46412153]]","[1874. 2241.  930. 1936. 2256.  915. 2107. 2156. 1015. 2221. 2241.  930.
 2159. 2256.  915. 1988. 2156. 1015.]","[1871. 2228.  937. 1963. 2230.  931. 2128. 2181.  990. 2223. 2230.  933.
 2142. 2229.  925. 1970. 2183.  991.]","[-16.128    4.23    62.43     0.8545   0.4272  -0.1831  -0.0654  -0.2842
   0.9521]",112
789,4,"[[ 0.26390885 -0.29702916  0.33297084]
 [-0.07974232 -0.15509361  0.47490639]
 [-0.17646266 -0.31935177  0.31064823]
 [ 0.17646266  0.31935177 -0.31064823]
 [-0.26390885  0.29702916 -0.33297084]
 [ 0.07974232  0.15509361 -0.47490639]]","[1875. 2241.  930. 1932. 2256.  915. 2099. 2149. 1022. 2220. 2241.  930.
 2163. 2256.  915. 1996. 2149. 1022.]","[1873. 2228.  936. 1958. 2229.  931. 2122. 2173.  998. 2221. 2229.  933.
 2146. 2229.  925. 1976. 2175.  999.]","[-16.106    4.235   62.402    0.2441   0.4272  -0.7935  -0.1001  -0.2729
   0.9482]",112
790,4,"[[ 0.26080971 -0.29745686  0.33254314]
 [-0.06846898 -0.14498219  0.48501781]
 [-0.18226928 -0.31932572  0.31067428]
 [ 0.18226928  0.31932572 -0.31067428]
 [-0.26080971  0.29745686 -0.33254314]
 [ 0.06846898  0.14498219 -0.48501781]]","[1877. 2241.  930. 1929. 2256.  915. 2092. 2142. 1029. 2218. 2241.  930.
 2166. 2256.  915. 2003. 2142. 1029.]","[1875. 2228.  935. 1954. 2229.  931. 2114. 2166. 1006. 2219. 2229.  933.
 2150. 2229.  925. 1980. 2168. 1006.]","[-16.106    4.246   62.369    0.1221   0.4272  -0.7935  -0.0967  -0.2783
   0.9404]",112
791,4,"[[ 0.25760148 -0.29788555  0.33211445]
 [-0.05713652 -0.1355586   0.4944414 ]
 [-0.1879667  -0.31926807  0.31073193]
 [ 0.1879667   0.31926807 -0.31073193]
 [-0.25760148  0.29788555 -0.33211445]
 [ 0.05713652  0.1355586  -0.4944414 ]]","[1880. 2242.  929. 1925. 2256.  915. 2085. 2136. 1035. 2215. 2242.  929.
 2170. 2256.  915. 2010. 2136. 1035.]","[1877. 2228.  935. 1951. 2229.  931. 2107. 2159. 1014. 2217. 2229.  933.
 2154. 2229.  925. 1985. 2161. 1014.]","[-16.106    4.257   62.336    0.       0.2441  -0.5493  -0.0669  -0.2925
   0.9492]",112
792,4,"[[ 0.25428548 -0.29831501  0.33168499]
 [-0.04576251 -0.12683632  0.50316368]
 [-0.19355207 -0.31918235  0.31081765]
 [ 0.19355207  0.31918235 -0.31081765]
 [-0.25428548  0.29831501 -0.33168499]
 [ 0.04576251  0.12683632 -0.50316368]]","[1882. 2242.  929. 1921. 2256.  915. 2077. 2130. 1041. 2213. 2242.  929.
 2174. 2256.  915. 2018. 2130. 1041.]","[1879. 2228.  935. 1947. 2230.  930. 2100. 2151. 1021. 2216. 2229.  932.
 2157. 2229.  925. 1993. 2153. 1021.]","[-1.6106e+01  4.2630e+00  6.2320e+01  0.0000e+00  6.1000e-02 -3.0520e-01
 -6.4900e-02 -3.0030e-01  9.6340e-01]",112
793,4,"[[ 0.25086311 -0.29874503  0.33125497]
 [-0.03436425 -0.11882793  0.51117207]
 [-0.19902261 -0.31906994  0.31093006]
 [ 0.19902261  0.31906994 -0.31093006]
 [-0.25086311  0.29874503 -0.33125497]
 [ 0.03436425  0.11882793 -0.51117207]]","[1884. 2242.  929. 1918. 2256.  915. 2070. 2125. 1046. 2211. 2242.  929.
 2177. 2256.  915. 2025. 2125. 1046.]","[1881. 2229.  934. 1944. 2229.  931. 2092. 2144. 1027. 2214. 2229.  932.
 2161. 2229.  925. 2001. 2146. 1027.]","[-16.111    4.263   62.303    0.1831   0.1221  -0.4883  -0.063   -0.3047
   0.9453]",112
794,4,"[[ 0.24733581 -0.29917539  0.33082461]
 [-0.02295872 -0.11154509  0.51845491]
 [-0.20437563 -0.31893133  0.31106867]
 [ 0.20437563  0.31893133 -0.31106867]
 [-0.24733581  0.29917539 -0.33082461]
 [ 0.02295872  0.11154509 -0.51845491]]","[1886. 2243.  928. 1914. 2255.  916. 2062. 2120. 1051. 2209. 2243.  928.
 2181. 2255.  916. 2033. 2120. 1051.]","[1883. 2229.  933. 1940. 2230.  930. 2085. 2139. 1033. 2211. 2229.  932.
 2164. 2229.  925. 2009. 2140. 1033.]","[-16.111    4.263   62.276    0.1831   0.1831  -0.6714  -0.0874  -0.29
   0.9565]",112
795,4,"[[ 0.24370503 -0.29960588  0.33039412]
 [-0.0115626  -0.10499848  0.52500152]
 [-0.20960851 -0.31876697  0.31123303]
 [ 0.20960851  0.31876697 -0.31123303]
 [-0.24370503  0.29960588 -0.33039412]
 [ 0.0115626   0.10499848 -0.52500152]]","[1889. 2243.  928. 1911. 2255.  916. 2055. 2116. 1055. 2206. 2243.  928.
 2184. 2255.  916. 2040. 2116. 1055.]","[1885. 2229.  933. 1936. 2230.  930. 2078. 2133. 1039. 2209. 2229.  932.
 2168. 2229.  925. 2017. 2135. 1039.]","[-16.111    4.268   62.265    0.1831   0.1221  -0.1831  -0.0879  -0.2759
   0.9502]",112
796,4,"[[ 2.39972318e-01 -3.00036292e-01  3.29963708e-01]
 [-1.92220231e-04 -9.91978214e-02  5.30802179e-01]
 [-2.14718706e-01 -3.18577316e-01  3.11422684e-01]
 [ 2.14718706e-01  3.18577316e-01 -3.11422684e-01]
 [-2.39972318e-01  3.00036292e-01 -3.29963708e-01]
 [ 1.92220231e-04  9.91978214e-02 -5.30802179e-01]]","[1891. 2243.  928. 1908. 2255.  916. 2048. 2112. 1059. 2204. 2243.  928.
 2187. 2255.  916. 2047. 2112. 1059.]","[1887. 2228.  932. 1932. 2229.  930. 2071. 2128. 1045. 2206. 2229.  932.
 2171. 2229.  925. 2025. 2130. 1044.]","[-1.6106e+01  4.2740e+00  6.2260e+01  1.8310e-01  6.1000e-02  0.0000e+00
 -6.8400e-02 -2.8270e-01  9.5750e-01]",112
797,4,"[[ 0.23613922 -0.30046641  0.32953359]
 [ 0.01113645 -0.09415183  0.53584817]
 [-0.21970377 -0.31836285  0.31163715]
 [ 0.21970377  0.31836285 -0.31163715]
 [-0.23613922  0.30046641 -0.32953359]
 [-0.01113645  0.09415183 -0.53584817]]","[1894. 2243.  928. 1904. 2255.  916. 2040. 2109. 1062. 2201. 2243.  928.
 2191. 2255.  916. 2055. 2109. 1062.]","[1891. 2229.  932. 1929. 2230.  930. 2063. 2123. 1050. 2205. 2229.  932.
 2174. 2229.  925. 2032. 2125. 1049.]","[-16.106    4.274   62.249    0.1221   0.1221  -0.3052  -0.0664  -0.2773
   0.9526]",112
798,4,"[[ 0.23220734 -0.30089603  0.32910397]
 [ 0.0224078  -0.08986821  0.54013179]
 [-0.22456131 -0.31812409  0.31187591]
 [ 0.22456131  0.31812409 -0.31187591]
 [-0.23220734  0.30089603 -0.32910397]
 [-0.0224078   0.08986821 -0.54013179]]","[1896. 2244.  927. 1901. 2255.  916. 2033. 2106. 1065. 2199. 2244.  927.
 2194. 2255.  916. 2062. 2106. 1065.]","[1893. 2229.  932. 1926. 2230.  930. 2056. 2119. 1053. 2202. 2229.  931.
 2178. 2229.  925. 2040. 2120. 1053.]","[-1.6106e+01  4.2740e+00  6.2232e+01  6.1000e-02  1.2210e-01 -4.2720e-01
 -7.0800e-02 -2.7200e-01  9.6340e-01]",112
799,4,"[[ 0.22817832 -0.30132494  0.32867506]
 [ 0.03360662 -0.08635368  0.54364632]
 [-0.22928904 -0.31786156  0.31213844]
 [ 0.22928904  0.31786156 -0.31213844]
 [-0.22817832  0.30132494 -0.32867506]
 [-0.03360662  0.08635368 -0.54364632]]","[1899. 2244.  927. 1898. 2255.  916. 2026. 2104. 1067. 2196. 2244.  927.
 2197. 2255.  916. 2069. 2104. 1067.]","[1895. 2229.  931. 1922. 2230.  930. 2049. 2115. 1057. 2200. 2229.  931.
 2181. 2229.  925. 2047. 2117. 1057.]","[-16.106    4.274   62.216    0.       0.1221  -0.3662  -0.0708  -0.2793
   0.9551]",112
800,4,"[[ 0.22405386 -0.30175293  0.32824707]
 [ 0.0447181  -0.08361387  0.54638613]
 [-0.23388475 -0.31757584  0.31242416]
 [ 0.23388475  0.31757584 -0.31242416]
 [-0.22405386  0.30175293 -0.32824707]
 [-0.0447181   0.08361387 -0.54638613]]","[1901. 2244.  927. 1895. 2255.  916. 2018. 2102. 1069. 2194. 2244.  927.
 2200. 2255.  916. 2077. 2102. 1069.]","[1898. 2229.  931. 1918. 2230.  931. 2041. 2112. 1061. 2197. 2229.  931.
 2184. 2229.  925. 2054. 2113. 1060.]","[-1.6106e+01  4.2740e+00  6.2199e+01  6.1000e-02  6.1000e-02 -3.0520e-01
 -7.3700e-02 -2.7390e-01  9.5700e-01]",112
801,4,"[[ 0.21983567 -0.30217979  0.32782021]
 [ 0.05572782 -0.08165344  0.54834656]
 [-0.23834631 -0.3172675   0.3127325 ]
 [ 0.23834631  0.3172675  -0.3127325 ]
 [-0.21983567  0.30217979 -0.32782021]
 [-0.05572782  0.08165344 -0.54834656]]","[1904. 2244.  926. 1892. 2254.  917. 2011. 2101. 1070. 2191. 2244.  926.
 2203. 2254.  917. 2084. 2101. 1070.]","[1901. 2229.  931. 1915. 2230.  930. 2034. 2108. 1064. 2195. 2229.  931.
 2186. 2229.  925. 2061. 2111. 1063.]","[-1.6106e+01  4.2790e+00  6.2188e+01  6.1000e-02  1.2210e-01 -3.0520e-01
 -8.4000e-02 -2.8120e-01  9.5310e-01]",112
802,4,"[[ 0.21552552 -0.30260532  0.32739468]
 [ 0.06662181 -0.08047642  0.54952358]
 [-0.24267167 -0.31693717  0.31306283]
 [ 0.24267167  0.31693717 -0.31306283]
 [-0.21552552  0.30260532 -0.32739468]
 [-0.06662181  0.08047642 -0.54952358]]","[1907. 2245.  926. 1889. 2254.  917. 2004. 2100. 1071. 2188. 2245.  926.
 2206. 2254.  917. 2091. 2100. 1071.]","[1903. 2229.  930. 1912. 2229.  931. 2026. 2107. 1066. 2192. 2229.  931.
 2190. 2229.  925. 2070. 2109. 1065.]","[-1.6106e+01  4.2790e+00  6.2172e+01  0.0000e+00  6.1000e-02 -3.0520e-01
 -7.2800e-02 -2.8170e-01  9.5610e-01]",112
803,4,"[[ 0.21112521 -0.30302931  0.32697069]
 [ 0.07738652 -0.08009342  0.54990658]
 [-0.24685885 -0.31658546  0.31341454]
 [ 0.24685885  0.31658546 -0.31341454]
 [-0.21112521  0.30302931 -0.32697069]
 [-0.07738652  0.08009342 -0.54990658]]","[1910. 2245.  926. 1887. 2254.  917. 1997. 2100. 1071. 2185. 2245.  926.
 2208. 2254.  917. 2098. 2100. 1071.]","[1905. 2229.  930. 1909. 2230.  930. 2019. 2105. 1067. 2190. 2229.  930.
 2193. 2229.  925. 2077. 2107. 1067.]","[-16.106    4.279   62.155    0.       0.1221  -0.3662  -0.0703  -0.2842
   0.957 ]",112
804,4,"[[ 0.20663658 -0.30345156  0.32654844]
 [ 0.08800884 -0.08047056  0.54952944]
 [-0.250906   -0.31621303  0.31378697]
 [ 0.250906    0.31621303 -0.31378697]
 [-0.20663658  0.30345156 -0.32654844]
 [-0.08800884  0.08047056 -0.54952944]]","[1913. 2245.  926. 1884. 2254.  917. 1990. 2100. 1071. 2182. 2245.  926.
 2211. 2254.  917. 2105. 2100. 1071.]","[1908. 2229.  929. 1906. 2230.  930. 2012. 2104. 1068. 2187. 2229.  930.
 2196. 2229.  925. 2084. 2106. 1069.]","[-1.6106e+01  4.2850e+00  6.2139e+01  6.1000e-02  1.2210e-01 -4.2720e-01
 -7.0300e-02 -2.8170e-01  9.5750e-01]",112
805,4,"[[ 0.20206152 -0.30387187  0.32612813]
 [ 0.09847611 -0.08106074  0.54893926]
 [-0.25481131 -0.31582054  0.31417946]
 [ 0.25481131  0.31582054 -0.31417946]
 [-0.20206152  0.30387187 -0.32612813]
 [-0.09847611  0.08106074 -0.54893926]]","[1916. 2246.  925. 1881. 2253.  918. 1983. 2100. 1071. 2179. 2246.  925.
 2214. 2253.  918. 2112. 2100. 1071.]","[1911. 2230.  929. 1904. 2230.  930. 2005. 2103. 1069. 2184. 2229.  930.
 2199. 2229.  925. 2091. 2105. 1069.]","[-1.6100e+01  4.2850e+00  6.2117e+01  6.1000e-02  1.2210e-01 -4.8830e-01
 -7.9600e-02 -2.8370e-01  9.5410e-01]",112
806,4,"[[ 0.19740193 -0.30429004  0.32570996]
 [ 0.10877611 -0.08177296  0.54822704]
 [-0.25857307 -0.31540867  0.31459133]
 [ 0.25857307  0.31540867 -0.31459133]
 [-0.19740193  0.30429004 -0.32570996]
 [-0.10877611  0.08177296 -0.54822704]]","[1919. 2246.  925. 1879. 2253.  918. 1977. 2101. 1070. 2176. 2246.  925.
 2216. 2253.  918. 2118. 2101. 1070.]","[1915. 2231.  929. 1901. 2230.  931. 1998. 2102. 1070. 2181. 2229.  929.
 2202. 2229.  925. 2098. 2104. 1070.]","[-16.1      4.285   62.1      0.       0.1221  -0.3662  -0.0747  -0.2822
   0.9561]",112
807,4,"[[ 0.19265977 -0.30470586  0.32529414]
 [ 0.11889708 -0.0827078   0.5472922 ]
 [-0.26218965 -0.31497814  0.31502186]
 [ 0.26218965  0.31497814 -0.31502186]
 [-0.19265977  0.30470586 -0.32529414]
 [-0.11889708  0.0827078  -0.5472922 ]]","[1922. 2246.  925. 1877. 2253.  918. 1970. 2101. 1070. 2173. 2246.  925.
 2218. 2253.  918. 2125. 2101. 1070.]","[1917. 2232.  929. 1898. 2229.  931. 1991. 2103. 1070. 2178. 2229.  929.
 2205. 2229.  925. 2105. 2105. 1069.]","[-16.1      4.29    62.084    0.1221   0.2441  -0.3052  -0.0708  -0.2817
   0.9619]",112
808,4,"[[ 0.18783701 -0.30511914  0.32488086]
 [ 0.12882775 -0.08389022  0.54610978]
 [-0.26565952 -0.31452964  0.31547036]
 [ 0.26565952  0.31452964 -0.31547036]
 [-0.18783701  0.30511914 -0.32488086]
 [-0.12882775  0.08389022 -0.54610978]]","[1925. 2246.  925. 1874. 2253.  918. 1964. 2102. 1069. 2170. 2246.  925.
 2221. 2253.  918. 2131. 2102. 1069.]","[1920. 2232.  929. 1895. 2230.  931. 1984. 2102. 1070. 2176. 2229.  929.
 2208. 2229.  925. 2112. 2104. 1070.]","[-16.095    4.301   62.073    0.2441   0.3052  -0.3052  -0.0718  -0.2788
   0.959 ]",112
809,4,"[[ 0.18293568 -0.3055297   0.3244703 ]
 [ 0.13855727 -0.08532818  0.54467182]
 [-0.26898123 -0.31406391  0.31593609]
 [ 0.26898123  0.31406391 -0.31593609]
 [-0.18293568  0.3055297  -0.3244703 ]
 [-0.13855727  0.08532818 -0.54467182]]","[1928. 2247.  924. 1872. 2252.  919. 1957. 2103. 1068. 2167. 2247.  924.
 2223. 2252.  919. 2138. 2103. 1068.]","[1924. 2232.  929. 1893. 2230.  930. 1976. 2103. 1069. 2172. 2229.  929.
 2210. 2229.  925. 2120. 2105. 1069.]","[-16.084    4.307   62.056    0.1831   0.2441  -0.2441  -0.0806  -0.2852
   0.9507]",112
810,4,"[[ 0.17795782 -0.30593732  0.32406268]
 [ 0.14807529 -0.08702649  0.54297351]
 [-0.2721534  -0.31358169  0.31641831]
 [ 0.2721534   0.31358169 -0.31641831]
 [-0.17795782  0.30593732 -0.32406268]
 [-0.14807529  0.08702649 -0.54297351]]","[1931. 2247.  924. 1870. 2252.  919. 1951. 2104. 1067. 2164. 2247.  924.
 2225. 2252.  919. 2144. 2104. 1067.]","[1927. 2233.  929. 1891. 2229.  931. 1971. 2103. 1069. 2170. 2229.  928.
 2212. 2229.  925. 2125. 2105. 1069.]","[-1.6084e+01  4.3180e+00  6.2040e+01  6.1000e-02  2.4410e-01 -3.0520e-01
 -7.7600e-02 -2.8610e-01  9.4870e-01]",112
811,4,"[[ 0.17290552 -0.30634182  0.32365818]
 [ 0.1573719  -0.08898928  0.54101072]
 [-0.27517475 -0.31308372  0.31691628]
 [ 0.27517475  0.31308372 -0.31691628]
 [-0.17290552  0.30634182 -0.32365818]
 [-0.1573719   0.08898928 -0.54101072]]","[1935. 2247.  924. 1868. 2252.  919. 1945. 2106. 1065. 2160. 2247.  924.
 2227. 2252.  919. 2150. 2106. 1065.]","[1929. 2233.  929. 1889. 2229.  930. 1964. 2103. 1068. 2167. 2229.  928.
 2215. 2229.  925. 2131. 2105. 1068.]","[-1.6078e+01  4.3230e+00  6.2023e+01  6.1000e-02  1.8310e-01 -3.6620e-01
 -6.6400e-02 -2.7980e-01  9.5560e-01]",112
812,4,"[[ 0.16778089 -0.30674302  0.32325698]
 [ 0.16643767 -0.09122042  0.53877958]
 [-0.27804409 -0.31257076  0.31742924]
 [ 0.27804409  0.31257076 -0.31742924]
 [-0.16778089  0.30674302 -0.32325698]
 [-0.16643767  0.09122042 -0.53877958]]","[1938. 2247.  924. 1866. 2251.  920. 1939. 2107. 1064. 2157. 2247.  924.
 2229. 2251.  920. 2156. 2107. 1064.]","[1932. 2233.  928. 1886. 2229.  930. 1958. 2105. 1067. 2164. 2229.  928.
 2217. 2229.  925. 2137. 2106. 1067.]","[-16.078    4.323   62.007    0.1221   0.1831  -0.4272  -0.0703  -0.2754
   0.9619]",112
813,4,"[[ 0.16258608 -0.30714071  0.32285929]
 [ 0.17526364 -0.09372356  0.53627644]
 [-0.28076031 -0.31204358  0.31795642]
 [ 0.28076031  0.31204358 -0.31795642]
 [-0.16258608  0.30714071 -0.32285929]
 [-0.17526364  0.09372356 -0.53627644]]","[1942. 2248.  923. 1864. 2251.  920. 1933. 2109. 1062. 2153. 2248.  923.
 2231. 2251.  920. 2162. 2109. 1062.]","[1936. 2233.  928. 1884. 2230.  931. 1952. 2106. 1066. 2161. 2230.  928.
 2220. 2228.  925. 2144. 2106. 1066.]","[-1.6073e+01  4.3230e+00  6.1990e+01  1.2210e-01  6.1000e-02 -3.0520e-01
 -7.6700e-02 -2.7590e-01  9.5260e-01]",112
814,4,"[[ 0.15732326 -0.30753473  0.32246527]
 [ 0.18384132 -0.09650212  0.53349788]
 [-0.28332237 -0.31150295  0.31849705]
 [ 0.28332237  0.31150295 -0.31849705]
 [-0.15732326  0.30753473 -0.32246527]
 [-0.18384132  0.09650212 -0.53349788]]","[1945. 2248.  923. 1863. 2251.  920. 1928. 2110. 1061. 2150. 2248.  923.
 2232. 2251.  920. 2167. 2110. 1061.]","[1939. 2233.  928. 1882. 2230.  931. 1946. 2107. 1064. 2157. 2230.  928.
 2222. 2229.  925. 2150. 2107. 1064.]","[-1.6073e+01  4.3230e+00  6.1979e+01  0.0000e+00  6.1000e-02 -3.6620e-01
 -7.7100e-02 -2.7780e-01  9.5510e-01]",112
815,4,"[[ 0.15199462 -0.30792488  0.32207512]
 [ 0.19216265 -0.09955933  0.53044067]
 [-0.28572934 -0.31094966  0.31905034]
 [ 0.28572934  0.31094966 -0.31905034]
 [-0.15199462  0.30792488 -0.32207512]
 [-0.19216265  0.09955933 -0.53044067]]","[1948. 2248.  923. 1861. 2250.  921. 1922. 2112. 1059. 2147. 2248.  923.
 2234. 2250.  921. 2173. 2112. 1059.]","[1943. 2233.  928. 1880. 2230.  930. 1940. 2109. 1063. 2154. 2230.  928.
 2224. 2229.  925. 2156. 2109. 1062.]","[-16.073    4.323   61.957    0.       0.1221  -0.4883  -0.0762  -0.2773
   0.9609]",112
816,4,"[[ 0.14660241 -0.30831099  0.32168901]
 [ 0.20022008 -0.10289818  0.52710182]
 [-0.28798037 -0.31038447  0.31961553]
 [ 0.28798037  0.31038447 -0.31961553]
 [-0.14660241  0.30831099 -0.32168901]
 [-0.20022008  0.10289818 -0.52710182]]","[1952. 2248.  922. 1860. 2250.  921. 1917. 2115. 1056. 2143. 2248.  922.
 2235. 2250.  921. 2178. 2115. 1056.]","[1946. 2233.  928. 1878. 2230.  931. 1934. 2110. 1062. 2151. 2230.  927.
 2226. 2229.  926. 2162. 2111. 1061.]","[-16.078    4.323   61.93     0.       0.1831  -0.6104  -0.0781  -0.2769
   0.9517]",112
817,4,"[[ 0.14114886 -0.30869287  0.32130713]
 [ 0.20800648 -0.10652144  0.52347856]
 [-0.29007468 -0.30980819  0.32019181]
 [ 0.29007468  0.30980819 -0.32019181]
 [-0.14114886  0.30869287 -0.32130713]
 [-0.20800648  0.10652144 -0.52347856]]","[1955. 2249.  922. 1858. 2249.  922. 1912. 2117. 1054. 2140. 2249.  922.
 2237. 2249.  922. 2183. 2117. 1054.]","[1949. 2233.  927. 1876. 2229.  930. 1928. 2112. 1059. 2148. 2230.  927.
 2228. 2229.  926. 2167. 2113. 1059.]","[-16.078    4.323   61.908    0.       0.1221  -0.4883  -0.0786  -0.2812
   0.9561]",112
818,4,"[[ 0.13563628 -0.30907035  0.32092965]
 [ 0.21551519 -0.11043163  0.51956837]
 [-0.2920116  -0.3092216   0.3207784 ]
 [ 0.2920116   0.3092216  -0.3207784 ]
 [-0.13563628  0.30907035 -0.32092965]
 [-0.21551519  0.11043163 -0.51956837]]","[1959. 2249.  922. 1857. 2249.  922. 1907. 2119. 1051. 2136. 2249.  922.
 2238. 2249.  922. 2188. 2119. 1051.]","[1952. 2233.  927. 1874. 2230.  931. 1922. 2114. 1058. 2145. 2230.  926.
 2230. 2229.  927. 2173. 2115. 1057.]","[-1.6078e+01  4.3290e+00  6.1897e+01  0.0000e+00  6.1000e-02 -3.0520e-01
 -7.6700e-02 -2.8520e-01  9.5700e-01]",112
819,4,"[[ 0.13006695 -0.30944327  0.32055673]
 [ 0.22274    -0.11463103  0.51536897]
 [-0.29379052 -0.30862549  0.32137451]
 [ 0.29379052  0.30862549 -0.32137451]
 [-0.13006695  0.30944327 -0.32055673]
 [-0.22274     0.11463103 -0.51536897]]","[1963. 2249.  922. 1856. 2249.  922. 1902. 2122. 1049. 2132. 2249.  922.
 2239. 2249.  922. 2193. 2122. 1049.]","[1955. 2233.  926. 1872. 2230.  931. 1917. 2116. 1055. 2141. 2230.  926.
 2232. 2229.  927. 2178. 2117. 1055.]","[-1.6084e+01  4.3290e+00  6.1891e+01 -1.2210e-01  0.0000e+00 -6.1000e-02
 -6.4900e-02 -2.7930e-01  9.5170e-01]",112
820,4,"[[ 0.12444322 -0.30981143  0.32018857]
 [ 0.22967515 -0.11912167  0.51087833]
 [-0.29541093 -0.30802066  0.32197934]
 [ 0.29541093  0.30802066 -0.32197934]
 [-0.12444322  0.30981143 -0.32018857]
 [-0.22967515  0.11912167 -0.51087833]]","[1966. 2249.  922. 1855. 2248.  923. 1898. 2125. 1046. 2129. 2249.  922.
 2240. 2248.  923. 2197. 2125. 1046.]","[1959. 2233.  927. 1871. 2229.  931. 1913. 2119. 1052. 2138. 2230.  926.
 2234. 2228.  928. 2183. 2119. 1052.]","[-16.084    4.329   61.886    0.       0.      -0.1221  -0.0693  -0.2798
   0.9639]",112
821,4,"[[ 0.11876743 -0.31017469  0.31982531]
 [ 0.23631531 -0.12390536  0.50609464]
 [-0.29687241 -0.30740789  0.32259211]
 [ 0.29687241  0.30740789 -0.32259211]
 [-0.11876743  0.31017469 -0.31982531]
 [-0.23631531  0.12390536 -0.50609464]]","[1970. 2250.  921. 1854. 2248.  923. 1893. 2128. 1043. 2125. 2250.  921.
 2241. 2248.  923. 2202. 2128. 1043.]","[1962. 2233.  926. 1870. 2229.  931. 1908. 2122. 1050. 2135. 2230.  925.
 2235. 2229.  928. 2188. 2121. 1050.]","[-1.6078e+01  4.3230e+00  6.1880e+01  6.1000e-02  0.0000e+00 -1.2210e-01
 -7.2300e-02 -2.8030e-01  9.5410e-01]",112
822,4,"[[ 0.11304196 -0.31053287  0.31946713]
 [ 0.24265559 -0.1289836   0.5010164 ]
 [-0.29817461 -0.30678798  0.32321202]
 [ 0.29817461  0.30678798 -0.32321202]
 [-0.11304196  0.31053287 -0.31946713]
 [-0.24265559  0.1289836  -0.5010164 ]]","[1974. 2250.  921. 1853. 2247.  923. 1889. 2132. 1039. 2121. 2250.  921.
 2242. 2247.  923. 2206. 2132. 1039.]","[1965. 2233.  926. 1868. 2229.  930. 1903. 2124. 1047. 2132. 2231.  925.
 2237. 2228.  928. 2192. 2124. 1047.]","[-16.078    4.323   61.87     0.       0.      -0.3052  -0.0806  -0.2827
   0.9541]",112
823,4,"[[ 0.1072692  -0.31088581  0.31911419]
 [ 0.24869154 -0.13435767  0.49564233]
 [-0.29931726 -0.30616171  0.32383829]
 [ 0.29931726  0.30616171 -0.32383829]
 [-0.1072692   0.31088581 -0.31911419]
 [-0.24869154  0.13435767 -0.49564233]]","[1978. 2250.  921. 1852. 2247.  924. 1885. 2135. 1036. 2117. 2250.  921.
 2243. 2247.  924. 2210. 2135. 1036.]","[1969. 2233.  926. 1866. 2230.  931. 1898. 2128. 1044. 2127. 2232.  924.
 2238. 2228.  928. 2197. 2127. 1044.]","[-1.6084e+01  4.3230e+00  6.1853e+01 -6.1000e-02  6.1000e-02 -3.6620e-01
 -7.4200e-02 -2.8030e-01  9.5560e-01]",112
824,4,"[[ 0.10145157 -0.31123336  0.31876664]
 [ 0.25441913 -0.14002858  0.48997142]
 [-0.30030019 -0.30552987  0.32447013]
 [ 0.30030019  0.30552987 -0.32447013]
 [-0.10145157  0.31123336 -0.31876664]
 [-0.25441913  0.14002858 -0.48997142]]","[1981. 2250.  921. 1852. 2247.  924. 1882. 2139. 1032. 2114. 2250.  921.
 2243. 2247.  924. 2213. 2139. 1032.]","[1973. 2233.  927. 1866. 2229.  931. 1894. 2130. 1041. 2125. 2232.  924.
 2239. 2229.  929. 2202. 2131. 1041.]","[-16.089    4.318   61.837   -0.1221   0.      -0.4272  -0.0737  -0.2822
   0.958 ]",112
825,4,"[[ 0.0955915  -0.31157535  0.31842465]
 [ 0.25983473 -0.14599705  0.48400295]
 [-0.30112331 -0.30489324  0.32510676]
 [ 0.30112331  0.30489324 -0.32510676]
 [-0.0955915   0.31157535 -0.31842465]
 [-0.25983473  0.14599705 -0.48400295]]","[1985. 2251.  920. 1851. 2246.  925. 1878. 2143. 1028. 2110. 2251.  920.
 2244. 2246.  925. 2217. 2143. 1028.]","[1976. 2233.  927. 1865. 2230.  931. 1890. 2134. 1038. 2123. 2232.  924.
 2240. 2229.  929. 2206. 2134. 1038.]","[-16.095    4.312   61.82    -0.1221   0.      -0.4272  -0.0718  -0.2817
   0.957 ]",112
826,4,"[[ 0.08969144 -0.31191163  0.31808837]
 [ 0.26493515 -0.15226355  0.47773645]
 [-0.30178663 -0.30425259  0.32574741]
 [ 0.30178663  0.30425259 -0.32574741]
 [-0.08969144  0.31191163 -0.31808837]
 [-0.26493515  0.15226355 -0.47773645]]","[1989. 2251.  920. 1851. 2246.  925. 1875. 2147. 1024. 2106. 2251.  920.
 2244. 2246.  925. 2220. 2147. 1024.]","[1979. 2233.  927. 1864. 2229.  932. 1886. 2138. 1034. 2120. 2231.  924.
 2241. 2229.  930. 2210. 2138. 1034.]","[-1.6100e+01  4.3120e+00  6.1804e+01 -6.1000e-02  0.0000e+00 -4.2720e-01
 -7.9600e-02 -2.8120e-01  9.5310e-01]",112
827,4,"[[ 0.08375386 -0.31224205  0.31775795]
 [ 0.26971758 -0.15882826  0.47117174]
 [-0.3022904  -0.3036087   0.3263913 ]
 [ 0.3022904   0.3036087  -0.3263913 ]
 [-0.08375386  0.31224205 -0.31775795]
 [-0.26971758  0.15882826 -0.47117174]]","[1993. 2251.  920. 1850. 2245.  926. 1872. 2151. 1020. 2102. 2251.  920.
 2245. 2245.  926. 2223. 2151. 1020.]","[1983. 2233.  926. 1862. 2230.  932. 1882. 2142. 1030. 2116. 2232.  924.
 2242. 2229.  930. 2213. 2141. 1031.]","[-1.6106e+01  4.3120e+00  6.1793e+01 -1.8310e-01  0.0000e+00 -6.1000e-02
 -7.2800e-02 -2.8220e-01  9.5750e-01]",112
828,4,"[[ 0.07778125 -0.31256646  0.31743354]
 [ 0.27417963 -0.16569112  0.46430888]
 [-0.3026358  -0.30296233  0.32703767]
 [ 0.3026358   0.30296233 -0.32703767]
 [-0.07778125  0.31256646 -0.31743354]
 [-0.27417963  0.16569112 -0.46430888]]","[1997. 2251.  920. 1850. 2245.  926. 1869. 2156. 1015. 2098. 2251.  920.
 2245. 2245.  926. 2226. 2156. 1015.]","[1986. 2233.  926. 1861. 2229.  933. 1879. 2145. 1026. 2112. 2232.  924.
 2243. 2228.  931. 2217. 2144. 1026.]","[-1.6111e+01  4.3120e+00  6.1793e+01 -6.1000e-02  0.0000e+00  0.0000e+00
 -8.2000e-02 -2.8080e-01  9.5850e-01]",112
829,4,"[[ 0.0717761  -0.31288472  0.31711528]
 [ 0.2783193  -0.17285174  0.45714826]
 [-0.30282523 -0.30231422  0.32768578]
 [ 0.30282523  0.30231422 -0.32768578]
 [-0.0717761   0.31288472 -0.31711528]
 [-0.2783193   0.17285174 -0.45714826]]","[2001. 2251.  919. 1850. 2245.  926. 1866. 2160. 1011. 2094. 2251.  919.
 2245. 2245.  926. 2229. 2160. 1011.]","[1987. 2233.  926. 1861. 2229.  934. 1875. 2149. 1023. 2108. 2232.  923.
 2245. 2229.  931. 2220. 2149. 1022.]","[-1.6111e+01  4.3120e+00  6.1793e+01  0.0000e+00  0.0000e+00  6.1000e-02
 -7.9600e-02 -2.8120e-01  9.4920e-01]",112
830,4,"[[ 0.06574093 -0.3131967   0.3168033 ]
 [ 0.28213494 -0.18030949  0.44969051]
 [-0.30280812 -0.30166494  0.32833506]
 [ 0.30280812  0.30166494 -0.32833506]
 [-0.06574093  0.3131967  -0.3168033 ]
 [-0.28213494  0.18030949 -0.44969051]]","[2005. 2252.  919. 1850. 2244.  927. 1864. 2165. 1006. 2090. 2252.  919.
 2245. 2244.  927. 2231. 2165. 1006.]","[1991. 2233.  926. 1860. 2229.  933. 1872. 2154. 1019. 2104. 2232.  923.
 2247. 2229.  932. 2224. 2153. 1018.]","[-16.111    4.318   61.798   -0.1221   0.       0.1221  -0.0796  -0.2866
   0.958 ]",112
831,4,"[[ 0.05967825 -0.31350224  0.31649776]
 [ 0.28562531 -0.18806345  0.44193655]
 [-0.30239215 -0.30101422  0.32898578]
 [ 0.30239215  0.30101422 -0.32898578]
 [-0.05967825  0.31350224 -0.31649776]
 [-0.28562531  0.18806345 -0.44193655]]","[2009. 2252.  919. 1850. 2244.  927. 1861. 2170. 1001. 2086. 2252.  919.
 2245. 2244.  927. 2234. 2170. 1001.]","[1995. 2233.  925. 1859. 2229.  934. 1869. 2158. 1014. 2100. 2231.  923.
 2248. 2228.  932. 2226. 2157. 1014.]","[-1.6117e+01  4.3230e+00  6.1804e+01 -1.2210e-01  0.0000e+00  0.0000e+00
 -5.5200e-02 -2.7930e-01  9.5260e-01]",112
832,4,"[[ 0.05359061 -0.31380121  0.31619879]
 [ 0.28878954 -0.19611241  0.43388759]
 [-0.30152838 -0.30036173  0.32963827]
 [ 0.30152838  0.30036173 -0.32963827]
 [-0.05359061  0.31380121 -0.31619879]
 [-0.28878954  0.19611241 -0.43388759]]","[2013. 2252.  919. 1851. 2243.  928. 1859. 2175.  996. 2082. 2252.  919.
 2244. 2243.  928. 2236. 2175.  996.]","[1999. 2233.  926. 1859. 2229.  934. 1867. 2162. 1010. 2097. 2232.  923.
 2248. 2228.  932. 2229. 2163. 1010.]","[-16.122    4.323   61.798    0.       0.      -0.4272  -0.0728  -0.2842
   0.9604]",112
833,4,"[[ 0.04748056 -0.3140935   0.3159065 ]
 [ 0.29162709 -0.20445488  0.42554512]
 [-0.30022369 -0.29970811  0.33029189]
 [ 0.30022369  0.29970811 -0.33029189]
 [-0.04748056  0.3140935  -0.3159065 ]
 [-0.29162709  0.20445488 -0.42554512]]","[2017. 2252.  919. 1852. 2243.  928. 1857. 2181.  990. 2078. 2252.  919.
 2243. 2243.  928. 2238. 2181.  990.]","[2002. 2233.  926. 1859. 2229.  934. 1864. 2168. 1005. 2093. 2231.  923.
 2248. 2228.  933. 2232. 2167. 1005.]","[-1.6128e+01  4.3180e+00  6.1782e+01 -6.1000e-02  6.1000e-02 -3.6620e-01
 -7.6200e-02 -2.7930e-01  9.5560e-01]",112
834,4,"[[ 0.04135064 -0.31437895  0.31562105]
 [ 0.2941378  -0.2130891   0.4169109 ]
 [-0.29848424 -0.29905411  0.33094589]
 [ 0.29848424  0.29905411 -0.33094589]
 [-0.04135064  0.31437895 -0.31562105]
 [-0.2941378   0.2130891  -0.4169109 ]]","[2021. 2252.  919. 1853. 2242.  929. 1856. 2186.  985. 2074. 2252.  919.
 2242. 2242.  929. 2239. 2186.  985.]","[2006. 2233.  926. 1859. 2229.  935. 1862. 2172. 1000. 2090. 2231.  923.
 2247. 2228.  933. 2234. 2172. 1000.]","[-16.133    4.318   61.765   -0.2441   0.      -0.2441  -0.0825  -0.2837
   0.9502]",112
835,4,"[[ 0.03520343 -0.31465746  0.31534254]
 [ 0.29632184 -0.22201301  0.40798699]
 [-0.29631711 -0.29840051  0.33159949]
 [ 0.29631711  0.29840051 -0.33159949]
 [-0.03520343  0.31465746 -0.31534254]
 [-0.29632184  0.22201301 -0.40798699]]","[2025. 2253.  918. 1854. 2242.  929. 1854. 2192.  979. 2070. 2253.  918.
 2241. 2242.  929. 2241. 2192.  979.]","[2010. 2233.  925. 1858. 2230.  936. 1859. 2177.  995. 2087. 2232.  923.
 2247. 2229.  934. 2235. 2177.  994.]","[-16.144    4.318   61.76    -0.1831   0.       0.      -0.0864  -0.2817
   0.9575]",112
836,4,"[[ 0.02904148 -0.31492891  0.31507109]
 [ 0.29817973 -0.23122428  0.39877572]
 [-0.2937301  -0.2977481   0.3322519 ]
 [ 0.2937301   0.2977481  -0.3322519 ]
 [-0.02904148  0.31492891 -0.31507109]
 [-0.29817973  0.23122428 -0.39877572]]","[2029. 2253.  918. 1856. 2242.  929. 1853. 2198.  973. 2066. 2253.  918.
 2239. 2242.  929. 2242. 2198.  973.]","[2014. 2234.  925. 1859. 2230.  936. 1858. 2183.  990. 2083. 2231.  923.
 2247. 2228.  935. 2238. 2182.  989.]","[-1.615e+01  4.318e+00  6.176e+01 -1.831e-01 -6.100e-02  3.052e-01
 -7.030e-02 -2.783e-01  9.507e-01]",112
837,4,"[[ 0.02286739 -0.31519316  0.31480684]
 [ 0.2997123  -0.24072029  0.38927971]
 [-0.29073165 -0.29709765  0.33290235]
 [ 0.29073165  0.29709765 -0.33290235]
 [-0.02286739  0.31519316 -0.31480684]
 [-0.2997123   0.24072029 -0.38927971]]","[2033. 2253.  918. 1858. 2241.  930. 1852. 2204.  967. 2062. 2253.  918.
 2237. 2241.  930. 2243. 2204.  967.]","[2017. 2233.  926. 1858. 2229.  937. 1856. 2188.  984. 2078. 2231.  923.
 2247. 2228.  935. 2239. 2188.  985.]","[-1.6155e+01  4.3230e+00  6.1776e+01 -1.8310e-01 -6.1000e-02  3.6620e-01
 -6.8800e-02 -2.8170e-01  9.6340e-01]",112
838,4,"[[ 0.01668374 -0.31545012  0.31454988]
 [ 0.30092071 -0.25049815  0.37950185]
 [-0.28733066 -0.29644995  0.33355005]
 [ 0.28733066  0.29644995 -0.33355005]
 [-0.01668374  0.31545012 -0.31454988]
 [-0.30092071  0.25049815 -0.37950185]]","[2037. 2253.  918. 1860. 2241.  930. 1851. 2211.  960. 2058. 2253.  918.
 2235. 2241.  930. 2244. 2211.  960.]","[2021. 2234.  926. 1859. 2230.  937. 1855. 2194.  978. 2075. 2231.  923.
 2246. 2228.  936. 2240. 2194.  979.]","[-16.161    4.329   61.787   -0.1831   0.       0.2441  -0.0669  -0.2812
   0.9541]",112
839,4,"[[ 0.0104931  -0.31569967  0.31430033]
 [ 0.30180639 -0.26055469  0.36944531]
 [-0.28353653 -0.29580577  0.33419423]
 [ 0.28353653  0.29580577 -0.33419423]
 [-0.0104931   0.31569967 -0.31430033]
 [-0.30180639  0.26055469 -0.36944531]]","[2041. 2253.  918. 1863. 2240.  931. 1851. 2217.  954. 2054. 2253.  918.
 2232. 2240.  931. 2244. 2217.  954.]","[2024. 2233.  925. 1859. 2230.  938. 1853. 2200.  972. 2072. 2232.  923.
 2245. 2228.  936. 2242. 2199.  973.]","[-16.166    4.329   61.798   -0.2441   0.       0.      -0.0723  -0.2832
   0.9561]",112
840,4,"[[ 0.00429808 -0.3159417   0.3140583 ]
 [ 0.30237047 -0.27088645  0.35911355]
 [-0.27935906 -0.2951659   0.3348341 ]
 [ 0.27935906  0.2951659  -0.3348341 ]
 [-0.00429808  0.3159417  -0.3140583 ]
 [-0.30237047  0.27088645 -0.35911355]]","[2045. 2253.  918. 1865. 2240.  931. 1850. 2224.  947. 2050. 2253.  918.
 2230. 2240.  931. 2245. 2224.  947.]","[2027. 2234.  925. 1859. 2230.  938. 1853. 2206.  966. 2068. 2231.  923.
 2245. 2228.  936. 2242. 2205.  967.]","[-16.177    4.329   61.793   -0.2441   0.      -0.1221  -0.0815  -0.2886
   0.9517]",112
841,4,"[[-0.00189874 -0.31617611  0.31382389]
 [ 0.30261308 -0.28148942  0.34851058]
 [-0.27480842 -0.29453112  0.33546888]
 [ 0.27480842  0.29453112 -0.33546888]
 [ 0.00189874  0.31617611 -0.31382389]
 [-0.30261308  0.28148942 -0.34851058]]","[2049. 2254.  917. 1868. 2240.  931. 1850. 2231.  940. 2046. 2254.  917.
 2227. 2240.  931. 2245. 2231.  940.]","[2030. 2234.  925. 1860. 2230.  938. 1851. 2213.  959. 2064. 2231.  923.
 2243. 2228.  936. 2244. 2210.  961.]","[-1.6188e+01  4.3290e+00  6.1787e+01 -3.0520e-01  0.0000e+00 -6.1000e-02
 -8.1100e-02 -2.9200e-01  9.5070e-01]",112
842,4,"[[-0.00809477 -0.31640281  0.31359719]
 [ 0.30260015 -0.28700541  0.34299459]
 [-0.26989515 -0.29390219  0.33609781]
 [ 0.26989515  0.29390219 -0.33609781]
 [ 0.00809477  0.31640281 -0.31359719]
 [-0.30260015  0.28700541 -0.34299459]]","[2053. 2254.  917. 1872. 2239.  932. 1850. 2235.  936. 2042. 2254.  917.
 2223. 2239.  932. 2245. 2235.  936.]","[2034. 2233.  925. 1861. 2230.  939. 1851. 2220.  953. 2061. 2232.  923.
 2242. 2228.  937. 2244. 2215.  956.]","[-16.205    4.334   61.787   -0.3052   0.       0.1221  -0.0801  -0.2856
   0.957 ]",112
843,4,"[[-0.01428741 -0.31662169  0.31337831]
 [ 0.30247837 -0.28733809  0.34266191]
 [-0.26463011 -0.2932799   0.3367201 ]
 [ 0.26463011  0.2932799  -0.3367201 ]
 [ 0.01428741  0.31662169 -0.31337831]
 [-0.30247837  0.28733809 -0.34266191]]","[2057. 2254.  917. 1875. 2239.  932. 1850. 2235.  936. 2038. 2254.  917.
 2220. 2239.  932. 2245. 2235.  936.]","[2037. 2234.  925. 1863. 2229.  939. 1852. 2226.  947. 2057. 2231.  923.
 2239. 2228.  937. 2244. 2221.  949.]","[-16.216    4.334   61.798   -0.4272  -0.1221   0.3662  -0.0625  -0.2881
   0.9463]",112
844,4,"[[-0.02047408 -0.31683267  0.31316733]
 [ 0.30228275 -0.28767669  0.34232331]
 [-0.25902447 -0.29266498  0.33733502]
 [ 0.25902447  0.29266498 -0.33733502]
 [ 0.02047408  0.31683267 -0.31316733]
 [-0.30228275  0.28767669 -0.34232331]]","[2061. 2254.  917. 1879. 2238.  933. 1850. 2235.  936. 2034. 2254.  917.
 2216. 2238.  933. 2245. 2235.  936.]","[2040. 2233.  925. 1866. 2229.  939. 1851. 2231.  942. 2053. 2232.  923.
 2236. 2229.  937. 2244. 2226.  945.]","[-1.6232e+01  4.3340e+00  6.1809e+01 -4.2720e-01 -1.2210e-01  1.8310e-01
 -4.0000e-02 -2.7050e-01  9.6480e-01]",112
845,4,"[[-0.02665218 -0.31703566  0.31296434]
 [ 0.30200995 -0.28802098  0.34197902]
 [-0.25308964 -0.29205821  0.33794179]
 [ 0.25308964  0.29205821 -0.33794179]
 [ 0.02665218  0.31703566 -0.31296434]
 [-0.30200995  0.28802098 -0.34197902]]","[2065. 2254.  917. 1883. 2238.  933. 1851. 2235.  936. 2030. 2254.  917.
 2212. 2238.  933. 2244. 2235.  936.]","[2044. 2233.  926. 1869. 2230.  939. 1851. 2233.  940. 2049. 2232.  923.
 2233. 2228.  937. 2244. 2228.  943.]","[-16.249    4.329   61.809   -0.2441   0.      -0.1221  -0.0737  -0.2749
   0.96  ]",112
846,4,"[[-0.03281913 -0.31723057  0.31276943]
 [ 0.30165669 -0.28837077  0.34162923]
 [-0.2468373  -0.29146032  0.33853968]
 [ 0.2468373   0.29146032 -0.33853968]
 [ 0.03281913  0.31723057 -0.31276943]
 [-0.30165669  0.28837077 -0.34162923]]","[2069. 2254.  917. 1887. 2238.  933. 1851. 2235.  935. 2026. 2254.  917.
 2208. 2238.  933. 2244. 2235.  935.]","[2046. 2233.  926. 1871. 2230.  939. 1851. 2234.  939. 2047. 2232.  922.
 2230. 2228.  936. 2244. 2229.  941.]","[-1.6265e+01  4.3230e+00  6.1809e+01 -6.1040e-01 -1.8310e-01  6.1000e-02
 -7.5200e-02 -2.9350e-01  9.5650e-01]",112
847,4,"[[-0.03897235 -0.31741733  0.31258267]
 [ 0.30122138 -0.28872586  0.34127414]
 [-0.24027936 -0.29087206  0.33912794]
 [ 0.24027936  0.29087206 -0.33912794]
 [ 0.03897235  0.31741733 -0.31258267]
 [-0.30122138  0.28872586 -0.34127414]]","[2073. 2254.  917. 1891. 2237.  934. 1851. 2236.  935. 2022. 2254.  917.
 2204. 2237.  934. 2244. 2236.  935.]","[2050. 2234.  925. 1873. 2230.  939. 1852. 2234.  937. 2043. 2233.  922.
 2227. 2228.  936. 2244. 2229.  941.]","[-1.6287e+01  4.3120e+00  6.1809e+01 -6.7140e-01 -1.2210e-01 -1.8310e-01
 -6.0100e-02 -2.6270e-01  9.5800e-01]",112
848,4,"[[-0.04510927 -0.31759586  0.31240414]
 [ 0.30070325 -0.28908603  0.34091397]
 [-0.23342791 -0.29029413  0.33970587]
 [ 0.23342791  0.29029413 -0.33970587]
 [ 0.04510927  0.31759586 -0.31240414]
 [-0.30070325  0.28908603 -0.34091397]]","[2077. 2255.  916. 1895. 2237.  934. 1851. 2236.  935. 2018. 2255.  916.
 2200. 2237.  934. 2244. 2236.  935.]","[2054. 2233.  926. 1875. 2230.  938. 1851. 2235.  936. 2040. 2234.  922.
 2223. 2228.  937. 2243. 2230.  940.]","[-1.6304e+01  4.3010e+00  6.1798e+01 -3.0520e-01 -6.1000e-02 -4.2720e-01
 -7.8600e-02 -2.9300e-01  9.6000e-01]",112
849,4,"[[-0.05122732 -0.31776608  0.31223392]
 [ 0.30010182 -0.28945106  0.34054894]
 [-0.2262952  -0.28972726  0.34027274]
 [ 0.2262952   0.28972726 -0.34027274]
 [ 0.05122732  0.31776608 -0.31223392]
 [-0.30010182  0.28945106 -0.34054894]]","[2081. 2255.  916. 1900. 2236.  935. 1852. 2236.  935. 2014. 2255.  916.
 2195. 2236.  935. 2243. 2236.  935.]","[2059. 2234.  926. 1880. 2230.  939. 1851. 2235.  936. 2035. 2234.  921.
 2218. 2229.  937. 2243. 2231.  939.]","[-16.315    4.29    61.787   -0.2441  -0.1221  -0.2441  -0.0952  -0.3047
   0.9624]",112
850,4,"[[-0.05732394 -0.31792793  0.31207207]
 [ 0.29941676 -0.28982074  0.34017926]
 [-0.21889366 -0.28917215  0.34082785]
 [ 0.21889366  0.28917215 -0.34082785]
 [ 0.05732394  0.31792793 -0.31207207]
 [-0.29941676  0.28982074 -0.34017926]]","[2085. 2255.  916. 1905. 2236.  935. 1852. 2236.  935. 2010. 2255.  916.
 2190. 2236.  935. 2243. 2236.  935.]","[2061. 2234.  925. 1882. 2230.  938. 1851. 2235.  936. 2033. 2235.  921.
 2215. 2228.  937. 2243. 2231.  938.]","[-16.32     4.285   61.787    0.      -0.2441   0.1221  -0.1021  -0.3027
   0.9521]",112
851,4,"[[-0.06339658 -0.31808135  0.31191865]
 [ 0.2986478  -0.29019486  0.33980514]
 [-0.21123583 -0.28862947  0.34137053]
 [ 0.21123583  0.28862947 -0.34137053]
 [ 0.06339658  0.31808135 -0.31191865]
 [-0.2986478   0.29019486 -0.33980514]]","[2089. 2255.  916. 1910. 2236.  935. 1853. 2237.  934. 2006. 2255.  916.
 2185. 2236.  935. 2242. 2237.  934.]","[2065. 2234.  924. 1885. 2230.  938. 1851. 2235.  936. 2029. 2235.  922.
 2210. 2228.  937. 2243. 2232.  938.]","[-1.6326e+01  4.2900e+00  6.1809e+01 -6.1000e-02 -2.4410e-01  9.1550e-01
 -1.0840e-01 -3.0710e-01  9.3900e-01]",112
852,4,"[[-0.06944271 -0.31822627  0.31177373]
 [ 0.29779474 -0.2905732   0.3394268 ]
 [-0.20333435 -0.28809991  0.34190009]
 [ 0.20333435  0.28809991 -0.34190009]
 [ 0.06944271  0.31822627 -0.31177373]
 [-0.29779474  0.2905732  -0.3394268 ]]","[2093. 2255.  916. 1915. 2235.  936. 1853. 2237.  934. 2002. 2255.  916.
 2180. 2235.  936. 2242. 2237.  934.]","[2069. 2234.  924. 1891. 2230.  938. 1851. 2236.  935. 2026. 2235.  921.
 2207. 2228.  938. 2242. 2232.  938.]","[-1.6326e+01  4.2960e+00  6.1864e+01  6.1000e-02 -4.2720e-01  1.6479e+00
 -9.6700e-02 -3.0030e-01  9.5900e-01]",112
853,4,"[[-0.07545978 -0.31836263  0.31163737]
 [ 0.29685738 -0.29095554  0.33904446]
 [-0.19520197 -0.2875841   0.3424159 ]
 [ 0.19520197  0.2875841  -0.3424159 ]
 [ 0.07545978  0.31836263 -0.31163737]
 [-0.29685738  0.29095554 -0.33904446]]","[2097. 2255.  916. 1920. 2235.  936. 1854. 2237.  934. 1998. 2255.  916.
 2175. 2235.  936. 2241. 2237.  934.]","[2073. 2234.  923. 1895. 2231.  938. 1851. 2236.  935. 2022. 2235.  922.
 2202. 2228.  938. 2242. 2233.  936.]","[-16.32     4.312   61.935    0.1221  -0.4272   1.77    -0.0732  -0.2783
   0.9316]",112
854,4,"[[-0.08144529 -0.3184904   0.3115096 ]
 [ 0.29583558 -0.29134168  0.33865832]
 [-0.18685148 -0.28708269  0.34291731]
 [ 0.18685148  0.28708269 -0.34291731]
 [ 0.08144529  0.3184904  -0.3115096 ]
 [-0.29583558  0.29134168 -0.33865832]]","[2101. 2255.  916. 1926. 2235.  936. 1855. 2237.  934. 1994. 2255.  916.
 2169. 2235.  936. 2240. 2237.  934.]","[2077. 2234.  922. 1901. 2230.  938. 1851. 2237.  935. 2019. 2235.  922.
 2197. 2228.  939. 2241. 2233.  936.]","[-1.6320e+01  4.3180e+00  6.2007e+01 -6.1000e-02 -4.8830e-01  1.7700e+00
 -6.7900e-02 -2.8660e-01  9.7310e-01]",112
855,4,"[[-0.08739672 -0.31860951  0.31139049]
 [ 0.29472921 -0.29173139  0.33826861]
 [-0.17829572 -0.27871673  0.35128327]
 [ 0.17829572  0.27871673 -0.35128327]
 [ 0.08739672  0.31860951 -0.31139049]
 [-0.29472921  0.29173139 -0.33826861]]","[2104. 2255.  916. 1931. 2229.  942. 1855. 2238.  933. 1991. 2255.  916.
 2164. 2229.  942. 2240. 2238.  933.]","[2080. 2234.  922. 1905. 2231.  938. 1852. 2237.  935. 2014. 2235.  921.
 2193. 2228.  939. 2241. 2233.  936.]","[-16.32     4.329   62.084    0.      -0.3662   1.77    -0.0737  -0.2812
   0.9409]",112
856,4,"[[-0.0933116  -0.31871992  0.31128008]
 [ 0.29353817 -0.29212447  0.33787553]
 [-0.16954758 -0.26302413  0.36697587]
 [ 0.16954758  0.26302413 -0.36697587]
 [ 0.0933116   0.31871992 -0.31128008]
 [-0.29353817  0.29212447 -0.33787553]]","[2108. 2255.  916. 1937. 2219.  952. 1856. 2238.  933. 1987. 2255.  916.
 2158. 2219.  952. 2239. 2238.  933.]","[2085. 2235.  921. 1911. 2229.  940. 1853. 2237.  935. 2011. 2235.  922.
 2187. 2226.  941. 2240. 2234.  935.]","[-16.315    4.334   62.155    0.      -0.5493   1.709   -0.0713  -0.2812
   0.9634]",112
857,4,"[[-0.09918745 -0.3188216   0.3111784 ]
 [ 0.29226241 -0.2925207   0.3374793 ]
 [-0.16061993 -0.24787134  0.38212866]
 [ 0.16061993  0.24787134 -0.38212866]
 [ 0.09918745  0.3188216  -0.3111784 ]
 [-0.29226241  0.2925207  -0.3374793 ]]","[2112. 2255.  916. 1943. 2209.  962. 1857. 2238.  933. 1983. 2255.  916.
 2152. 2209.  962. 2238. 2238.  933.]","[2090. 2235.  920. 1918. 2224.  945. 1854. 2237.  937. 2005. 2235.  921.
 2179. 2220.  944. 2239. 2234.  935.]","[-16.315    4.34    62.227    0.      -0.4272   1.77    -0.0786  -0.2817
   0.9546]",112
858,4,"[[-0.1050218  -0.31891451  0.31108549]
 [ 0.29090188 -0.29291988  0.33708012]
 [-0.15152565 -0.23327697  0.39672303]
 [ 0.15152565  0.23327697 -0.39672303]
 [ 0.1050218   0.31891451 -0.31108549]
 [-0.29090188  0.29291988 -0.33708012]]","[2116. 2255.  916. 1949. 2200.  971. 1858. 2238.  933. 1979. 2255.  916.
 2146. 2200.  971. 2237. 2238.  933.]","[2092. 2236.  920. 1923. 2220.  949. 1855. 2237.  936. 2003. 2235.  921.
 2175. 2217.  947. 2239. 2234.  934.]","[-16.304    4.345   62.309    0.2441  -0.4272   2.0752  -0.1055  -0.27
   0.9429]",112
859,4,"[[-0.11081222 -0.31899861  0.31100139]
 [ 0.28945659 -0.29332179  0.33667821]
 [-0.14227758 -0.21925893  0.41074107]
 [ 0.14227758  0.21925893 -0.41074107]
 [ 0.11081222  0.31899861 -0.31100139]
 [-0.28945659  0.29332179 -0.33667821]]","[2120. 2255.  916. 1955. 2190.  981. 1859. 2239.  932. 1975. 2255.  916.
 2140. 2190.  981. 2236. 2239.  932.]","[2095. 2236.  919. 1930. 2214.  955. 1856. 2237.  935. 1998. 2234.  921.
 2169. 2210.  952. 2237. 2235.  933.]","[-16.276    4.367   62.413    0.6714  -0.3662   3.1128  -0.0947  -0.2471
   0.9287]",112
860,4,"[[-0.11655629 -0.31907387  0.31092613]
 [ 0.28792655 -0.29372622  0.33627378]
 [-0.13288855 -0.20583439  0.42416561]
 [ 0.13288855  0.20583439 -0.42416561]
 [ 0.11655629  0.31907387 -0.31092613]
 [-0.28792655  0.29372622 -0.33627378]]","[2123. 2256.  915. 1961. 2182.  989. 1860. 2239.  932. 1972. 2256.  915.
 2134. 2182.  989. 2235. 2239.  932.]","[2099. 2237.  919. 1938. 2210.  963. 1858. 2235.  935. 1993. 2235.  920.
 2162. 2202.  961. 2236. 2234.  932.]","[-1.6249e+01  4.4060e+00  6.2578e+01  6.1000e-02 -4.2720e-01  4.4556e+00
 -8.3500e-02 -2.2710e-01  9.8390e-01]",112
861,4,"[[-0.1222516  -0.31914028  0.31085972]
 [ 0.28631181 -0.29413297  0.33586703]
 [-0.1233713  -0.19301977  0.43698023]
 [ 0.1233713   0.19301977 -0.43698023]
 [ 0.1222516   0.31914028 -0.31085972]
 [-0.28631181  0.29413297 -0.33586703]]","[2127. 2256.  915. 1967. 2173.  998. 1861. 2239.  932. 1968. 2256.  915.
 2128. 2173.  998. 2234. 2239.  932.]","[2103. 2236.  919. 1946. 2201.  971. 1862. 2234.  934. 1988. 2235.  919.
 2155. 2194.  970. 2235. 2235.  931.]","[-1.6199e+01  4.4440e+00  6.2781e+01  6.7140e-01 -7.9350e-01  5.2490e+00
 -2.9300e-02 -2.1440e-01  9.8340e-01]",112
862,4,"[[-0.12789577 -0.31919782  0.31080218]
 [ 0.28461247 -0.29454182  0.33545818]
 [-0.11373854 -0.18083067  0.44916933]
 [ 0.11373854  0.18083067 -0.44916933]
 [ 0.12789577  0.31919782 -0.31080218]
 [-0.28461247  0.29454182 -0.33545818]]","[2131. 2256.  915. 1973. 2165. 1006. 1862. 2240.  931. 1964. 2256.  915.
 2122. 2165. 1006. 2233. 2240.  931.]","[2108. 2236.  919. 1954. 2193.  979. 1862. 2234.  934. 1984. 2235.  917.
 2147. 2187.  979. 2233. 2234.  931.]","[-1.6095e+01  4.4490e+00  6.2957e+01  2.0752e+00 -1.0376e+00  3.9673e+00
  7.3000e-03 -2.0410e-01  9.8730e-01]",112
863,4,"[[-0.13348644 -0.31924646  0.31075354]
 [ 0.28282864 -0.29495257  0.33504743]
 [-0.10400287 -0.16928194  0.46071806]
 [ 0.10400287  0.16928194 -0.46071806]
 [ 0.13348644  0.31924646 -0.31075354]
 [-0.28282864  0.29495257 -0.33504743]]","[2135. 2256.  915. 1980. 2158. 1013. 1863. 2240.  931. 1960. 2256.  915.
 2115. 2158. 1013. 2232. 2240.  931.]","[2114. 2235.  919. 1960. 2184.  988. 1862. 2234.  934. 1979. 2236.  917.
 2141. 2180.  987. 2233. 2234.  930.]","[-1.5969e+01  4.4220e+00  6.3029e+01  2.5635e+00 -6.7140e-01  9.1550e-01
 -5.0800e-02 -2.3290e-01  1.0278e+00]",112
864,4,"[[-0.13902127 -0.31928619  0.31071381]
 [ 0.28096046 -0.29536502  0.33463498]
 [-0.09417679 -0.15838754  0.47161246]
 [ 0.09417679  0.15838754 -0.47161246]
 [ 0.13902127  0.31928619 -0.31071381]
 [-0.28096046  0.29536502 -0.33463498]]","[2138. 2256.  915. 1986. 2151. 1020. 1864. 2240.  931. 1957. 2256.  915.
 2109. 2151. 1020. 2231. 2240.  931.]","[2120. 2235.  920. 1967. 2176.  996. 1863. 2233.  934. 1975. 2236.  917.
 2133. 2177.  996. 2230. 2234.  931.]","[-15.82     4.389   63.023    3.2349  -0.4883  -0.8545  -0.0894  -0.2637
   0.9614]",112
865,4,"[[-0.14449795 -0.31931702  0.31068298]
 [ 0.27900812 -0.29577895  0.33422105]
 [-0.08427271 -0.14816064  0.48183936]
 [ 0.08427271  0.14816064 -0.48183936]
 [ 0.14449795  0.31931702 -0.31068298]
 [-0.27900812  0.29577895 -0.33422105]]","[2142. 2256.  915. 1993. 2144. 1027. 1866. 2240.  931. 1953. 2256.  915.
 2102. 2144. 1027. 2229. 2240.  931.]","[2126. 2235.  919. 1973. 2168. 1004. 1864. 2233.  933. 1970. 2235.  917.
 2123. 2170. 1004. 2229. 2234.  932.]","[-15.672    4.362   62.952    3.418    0.      -2.0752  -0.1313  -0.312
   0.9429]",112
866,4,"[[-0.14991418 -0.31933896  0.31066104]
 [ 0.27697181 -0.29619418  0.33380582]
 [-0.07430292 -0.13861352  0.49138648]
 [ 0.07430292  0.13861352 -0.49138648]
 [ 0.14991418  0.31933896 -0.31066104]
 [-0.27697181  0.29619418 -0.33380582]]","[2145. 2256.  915. 1999. 2138. 1033. 1867. 2241.  930. 1950. 2256.  915.
 2096. 2138. 1033. 2228. 2241.  930.]","[2132. 2236.  919. 1982. 2158. 1014. 1866. 2233.  933. 1967. 2236.  917.
 2111. 2160. 1014. 2226. 2234.  933.]","[-15.568    4.351   62.847    2.4414   0.4883  -2.8687  -0.1343  -0.3687
   0.915 ]",112
867,4,"[[-0.1552677  -0.3193521   0.3106479 ]
 [ 0.27485177 -0.29661049  0.33338951]
 [-0.06427957 -0.12975759  0.50024241]
 [ 0.06427957  0.12975759 -0.50024241]
 [ 0.1552677   0.3193521  -0.3106479 ]
 [-0.27485177  0.29661049 -0.33338951]]","[2149. 2256.  915. 2006. 2132. 1039. 1868. 2241.  930. 1946. 2256.  915.
 2089. 2132. 1039. 2227. 2241.  930.]","[2134. 2236.  920. 1986. 2153. 1019. 1866. 2233.  933. 1965. 2235.  918.
 2108. 2156. 1018. 2226. 2234.  933.]","[-15.524    4.362   62.737    1.4038   0.9155  -2.4414  -0.1128  -0.3813
   0.9224]",112
868,4,"[[-0.16055627 -0.3193567   0.3106433 ]
 [ 0.27264828 -0.29702769  0.33297231]
 [-0.05421468 -0.12160338  0.50839662]
 [ 0.05421468  0.12160338 -0.50839662]
 [ 0.16055627  0.3193567  -0.3106433 ]
 [-0.27264828  0.29702769 -0.33297231]]","[2152. 2256.  915. 2012. 2127. 1044. 1870. 2241.  930. 1943. 2256.  915.
 2083. 2127. 1044. 2225. 2241.  930.]","[2139. 2238.  919. 1995. 2145. 1027. 1868. 2233.  932. 1962. 2236.  918.
 2104. 2146. 1027. 2225. 2234.  933.]","[-15.502    4.384   62.661    1.0376   0.6104  -1.5259  -0.0649  -0.353
   0.9512]",112
869,4,"[[-0.16577767 -0.31934988  0.31065012]
 [ 0.27036164 -0.29744558  0.33255442]
 [-0.04412011 -0.11416049  0.51583951]
 [ 0.04412011  0.11416049 -0.51583951]
 [ 0.16577767  0.31934988 -0.31065012]
 [-0.27036164  0.29744558 -0.33255442]]","[2156. 2256.  915. 2019. 2122. 1049. 1871. 2241.  930. 1939. 2256.  915.
 2076. 2122. 1049. 2224. 2241.  930.]","[2141. 2239.  919. 2001. 2139. 1034. 1869. 2233.  932. 1959. 2236.  918.
 2097. 2140. 1033. 2224. 2233.  933.]","[-1.5474e+01  4.3890e+00  6.2628e+01  1.5259e+00  6.1000e-02 -4.8830e-01
 -3.9600e-02 -3.2080e-01  9.6340e-01]",112
870,4,"[[-0.17092973 -0.31931761  0.31068239]
 [ 0.26799218 -0.29786396  0.33213604]
 [-0.03400755 -0.10743765  0.52256235]
 [ 0.03400755  0.10743765 -0.52256235]
 [ 0.17092973  0.31931761 -0.31068239]
 [-0.26799218  0.29786396 -0.33213604]]","[2159. 2256.  915. 2025. 2118. 1053. 1873. 2242.  929. 1936. 2256.  915.
 2070. 2118. 1053. 2222. 2242.  929.]","[2142. 2239.  920. 2006. 2135. 1037. 1870. 2233.  932. 1957. 2236.  918.
 2092. 2136. 1037. 2223. 2234.  933.]","[-1.5408e+01  4.3780e+00  6.2644e+01  2.6855e+00 -3.6620e-01  6.7140e-01
 -1.7100e-02 -3.0320e-01  9.7750e-01]",112
871,4,"[[-0.17601029 -0.31925487  0.31074513]
 [ 0.26554027 -0.29828264  0.33171736]
 [-0.02388855 -0.10144262  0.52855738]
 [ 0.02388855  0.10144262 -0.52855738]
 [ 0.17601029  0.31925487 -0.31074513]
 [-0.26554027  0.29828264 -0.33171736]]","[2162. 2256.  915. 2032. 2114. 1057. 1874. 2242.  929. 1933. 2256.  915.
 2063. 2114. 1057. 2221. 2242.  929.]","[2144. 2239.  919. 2013. 2130. 1042. 1872. 2233.  932. 1954. 2236.  918.
 2085. 2131. 1042. 2222. 2233.  932.]","[-1.5320e+01  4.3560e+00  6.2688e+01  2.6855e+00 -7.9350e-01  9.7660e-01
 -4.6900e-02 -2.8760e-01  9.4090e-01]",112
872,4,"[[-0.18101722 -0.31916519  0.31083481]
 [ 0.2630063  -0.29870142  0.33129858]
 [-0.01377446 -0.09618226  0.53381774]
 [ 0.01377446  0.09618226 -0.53381774]
 [ 0.18101722  0.31916519 -0.31083481]
 [-0.2630063   0.29870142 -0.33129858]]","[2166. 2256.  915. 2039. 2110. 1061. 1876. 2242.  929. 1929. 2256.  915.
 2056. 2110. 1061. 2219. 2242.  929.]","[2149. 2239.  920. 2020. 2123. 1048. 1873. 2233.  932. 1949. 2235.  918.
 2076. 2124. 1048. 2221. 2234.  931.]","[-1.5249e+01  4.3290e+00  6.2726e+01  2.1973e+00 -7.3240e-01  6.7140e-01
 -6.0500e-02 -2.2510e-01  9.4970e-01]",112
873,4,"[[-0.18594842 -0.31904962  0.31095038]
 [ 0.2603907  -0.29912011  0.33087989]
 [-0.00367644 -0.09166248  0.53833752]
 [ 0.00367644  0.09166248 -0.53833752]
 [ 0.18594842  0.31904962 -0.31095038]
 [-0.2603907   0.29912011 -0.33087989]]","[2169. 2255.  915. 2045. 2107. 1064. 1878. 2242.  928. 1926. 2255.  915.
 2050. 2107. 1064. 2217. 2242.  928.]","[2151. 2239.  920. 2024. 2120. 1051. 1875. 2233.  932. 1947. 2236.  918.
 2071. 2122. 1051. 2220. 2233.  932.]","[-15.178    4.307   62.732    2.0142  -0.2441  -0.1221  -0.0835  -0.2246
   0.98  ]",112
874,4,"[[-0.19080185 -0.31890867  0.31109133]
 [ 0.25769394 -0.29953852  0.33046148]
 [ 0.00639453 -0.08788824  0.54211176]
 [-0.00639453  0.08788824 -0.54211176]
 [ 0.19080185  0.31890867 -0.31109133]
 [-0.25769394  0.29953852 -0.33046148]]","[2172. 2255.  916. 2052. 2105. 1066. 1880. 2243.  928. 1923. 2255.  916.
 2043. 2105. 1066. 2215. 2243.  928.]","[2154. 2240.  919. 2031. 2116. 1055. 1876. 2233.  932. 1944. 2236.  918.
 2065. 2117. 1055. 2218. 2233.  931.]","[-15.106    4.29    62.726    1.8311  -0.3052  -0.3052  -0.0874  -0.2114
   0.9697]",112
875,4,"[[-0.19557545 -0.31874284  0.31125716]
 [ 0.2549165  -0.29995646  0.33004354]
 [ 0.01642766 -0.08486356  0.54513644]
 [-0.01642766  0.08486356 -0.54513644]
 [ 0.19557545  0.31874284 -0.31125716]
 [-0.2549165   0.29995646 -0.33004354]]","[2175. 2255.  916. 2058. 2103. 1068. 1881. 2243.  928. 1920. 2255.  916.
 2037. 2103. 1068. 2214. 2243.  928.]","[2156. 2240.  919. 2038. 2113. 1059. 1878. 2233.  931. 1941. 2236.  918.
 2058. 2114. 1059. 2216. 2234.  931.]","[-15.057    4.279   62.721    0.9766  -0.1221  -0.1221  -0.0889  -0.2188
   0.9287]",112
876,4,"[[-0.20026725 -0.3185526   0.3114474 ]
 [ 0.25205892 -0.30037375  0.32962625]
 [ 0.0264124  -0.08259152  0.54740848]
 [-0.0264124   0.08259152 -0.54740848]
 [ 0.20026725  0.3185526  -0.3114474 ]
 [-0.25205892  0.30037375 -0.32962625]]","[2178. 2255.  916. 2065. 2101. 1070. 1883. 2243.  928. 1917. 2255.  916.
 2030. 2101. 1070. 2212. 2243.  928.]","[2161. 2240.  919. 2045. 2110. 1062. 1880. 2233.  931. 1938. 2235.  918.
 2051. 2111. 1062. 2214. 2234.  931.]","[-1.5046e+01  4.2850e+00  6.2721e+01 -6.1000e-02  0.0000e+00  6.1000e-02
 -7.9100e-02 -2.0650e-01  9.5560e-01]",112
877,4,"[[-0.20487527 -0.31833848  0.31166152]
 [ 0.24912175 -0.3007902   0.3292098 ]
 [ 0.03633837 -0.08107436  0.54892564]
 [-0.03633837  0.08107436 -0.54892564]
 [ 0.20487527  0.31833848 -0.31166152]
 [-0.24912175  0.3007902  -0.3292098 ]]","[2181. 2255.  916. 2071. 2100. 1071. 1885. 2244.  927. 1914. 2255.  916.
 2024. 2100. 1071. 2210. 2244.  927.]","[2163. 2240.  919. 2051. 2108. 1065. 1881. 2233.  931. 1935. 2235.  918.
 2044. 2109. 1064. 2212. 2234.  931.]","[-1.5057e+01  4.2900e+00  6.2721e+01 -6.1040e-01  6.1000e-02  0.0000e+00
 -7.6700e-02 -2.1580e-01  9.7460e-01]",112
878,4,"[[-0.20939759 -0.31810101  0.31189899]
 [ 0.24610558 -0.30120563  0.32879437]
 [ 0.04619545 -0.08031546  0.54968454]
 [-0.04619545  0.08031546 -0.54968454]
 [ 0.20939759  0.31810101 -0.31189899]
 [-0.24610558  0.30120563 -0.32879437]]","[2184. 2255.  916. 2078. 2100. 1071. 1887. 2244.  927. 1911. 2255.  916.
 2017. 2100. 1071. 2208. 2244.  927.]","[2167. 2239.  920. 2058. 2106. 1067. 1884. 2233.  930. 1932. 2235.  918.
 2037. 2107. 1067. 2210. 2234.  932.]","[-1.5084e+01  4.2900e+00  6.2715e+01 -9.7660e-01  6.1000e-02 -1.2210e-01
 -7.2800e-02 -2.3100e-01  9.5020e-01]",112
879,4,"[[-0.21383231 -0.31784076  0.31215924]
 [ 0.24301104 -0.30161985  0.32838015]
 [ 0.0559737  -0.08033224  0.54966776]
 [-0.0559737   0.08033224 -0.54966776]
 [ 0.21383231  0.31784076 -0.31215924]
 [-0.24301104  0.30161985 -0.32838015]]","[2187. 2255.  916. 2084. 2100. 1071. 1889. 2244.  927. 1908. 2255.  916.
 2011. 2100. 1071. 2206. 2244.  927.]","[2170. 2239.  920. 2064. 2104. 1068. 1886. 2233.  930. 1929. 2235.  918.
 2031. 2105. 1068. 2208. 2234.  931.]","[-15.139    4.301   62.704   -1.6479   0.3052  -0.1831  -0.0635  -0.2539
   0.9497]",112
880,4,"[[-0.21817759 -0.31755832  0.31244168]
 [ 0.23983877 -0.30203269  0.32796731]
 [ 0.06566345 -0.08086452  0.54913548]
 [-0.06566345  0.08086452 -0.54913548]
 [ 0.21817759  0.31755832 -0.31244168]
 [-0.23983877  0.30203269 -0.32796731]]","[2190. 2255.  916. 2090. 2100. 1071. 1891. 2244.  927. 1905. 2255.  916.
 2005. 2100. 1071. 2204. 2244.  927.]","[2173. 2239.  920. 2071. 2103. 1069. 1887. 2233.  929. 1926. 2235.  919.
 2024. 2104. 1069. 2205. 2234.  931.]","[-15.2      4.312   62.688   -1.8311   0.3052  -0.3052  -0.063   -0.2661
   0.9722]",112
881,4,"[[-0.2224316  -0.31725428  0.31274572]
 [ 0.23658947 -0.30244397  0.32755603]
 [ 0.07525522 -0.08144823  0.54855177]
 [-0.07525522  0.08144823 -0.54855177]
 [ 0.2224316   0.31725428 -0.31274572]
 [-0.23658947  0.30244397 -0.32755603]]","[2193. 2254.  917. 2097. 2101. 1070. 1893. 2245.  926. 1902. 2254.  917.
 1998. 2101. 1070. 2202. 2245.  926.]","[2177. 2239.  920. 2077. 2102. 1069. 1890. 2233.  929. 1923. 2235.  919.
 2018. 2104. 1069. 2204. 2234.  931.]","[-15.249    4.318   62.672   -1.4038   0.2441  -0.3052  -0.0737  -0.2842
   0.9648]",112
882,4,"[[-0.22659256 -0.31692926  0.31307074]
 [ 0.23326385 -0.30285351  0.32714649]
 [ 0.08473981 -0.08220118  0.54779882]
 [-0.08473981  0.08220118 -0.54779882]
 [ 0.22659256  0.31692926 -0.31307074]
 [-0.23326385  0.30285351 -0.32714649]]","[2195. 2254.  917. 2103. 2101. 1070. 1895. 2245.  926. 1900. 2254.  917.
 1992. 2101. 1070. 2200. 2245.  926.]","[2179. 2240.  920. 2086. 2103. 1070. 1893. 2233.  928. 1918. 2235.  919.
 2010. 2103. 1070. 2201. 2234.  931.]","[-15.276    4.323   62.666   -0.8545   0.1221  -0.1221  -0.0957  -0.2876
   0.9668]",112
883,4,"[[-0.23065874 -0.31658389  0.31341611]
 [ 0.22986266 -0.30326114  0.32673886]
 [ 0.09410823 -0.08317186  0.54682814]
 [-0.09410823  0.08317186 -0.54682814]
 [ 0.23065874  0.31658389 -0.31341611]
 [-0.22986266  0.30326114 -0.32673886]]","[2198. 2254.  917. 2109. 2102. 1069. 1898. 2245.  926. 1897. 2254.  917.
 1986. 2102. 1069. 2197. 2245.  926.]","[2181. 2240.  920. 2090. 2102. 1069. 1894. 2233.  928. 1916. 2236.  919.
 2005. 2103. 1069. 2200. 2234.  930.]","[-15.287    4.329   62.682   -0.3662   0.       0.4883  -0.1079  -0.2896
   0.9707]",112
884,4,"[[-0.23462842 -0.31621883  0.31378117]
 [ 0.22638669 -0.30366669  0.32633331]
 [ 0.10335173 -0.08437276  0.54562724]
 [-0.10335173  0.08437276 -0.54562724]
 [ 0.23462842  0.31621883 -0.31378117]
 [-0.22638669  0.30366669 -0.32633331]]","[2200. 2254.  917. 2115. 2103. 1068. 1900. 2245.  926. 1895. 2254.  917.
 1980. 2103. 1068. 2195. 2245.  926.]","[2184. 2240.  919. 2096. 2103. 1069. 1896. 2233.  928. 1913. 2235.  919.
 1999. 2104. 1069. 2197. 2234.  930.]","[-15.287    4.334   62.737    0.      -0.3052   1.2207  -0.0898  -0.2837
   0.9663]",112
885,4,"[[-0.23849996 -0.31583474  0.31416526]
 [ 0.22283676 -0.30407     0.32593   ]
 [ 0.11246183 -0.08580888  0.54419112]
 [-0.11246183  0.08580888 -0.54419112]
 [ 0.23849996  0.31583474 -0.31416526]
 [-0.22283676  0.30407    -0.32593   ]]","[2203. 2253.  918. 2121. 2103. 1068. 1902. 2246.  925. 1892. 2253.  918.
 1974. 2103. 1068. 2193. 2246.  925.]","[2187. 2239.  920. 2104. 2103. 1069. 1899. 2233.  928. 1910. 2236.  919.
 1991. 2104. 1069. 2195. 2234.  930.]","[-1.5276e+01  4.3450e+00  6.2787e+01  1.8310e-01 -2.4410e-01  1.1597e+00
 -5.4700e-02 -2.7290e-01  9.4190e-01]",112
886,4,"[[-0.24227174 -0.3154323   0.3145677 ]
 [ 0.2192137  -0.30447088  0.32552912]
 [ 0.12143027 -0.08748375  0.54251625]
 [-0.12143027  0.08748375 -0.54251625]
 [ 0.24227174  0.3154323  -0.3145677 ]
 [-0.2192137   0.30447088 -0.32552912]]","[2205. 2253.  918. 2127. 2105. 1066. 1905. 2246.  925. 1890. 2253.  918.
 1968. 2105. 1066. 2190. 2246.  925.]","[2189. 2239.  920. 2108. 2104. 1069. 1901. 2233.  927. 1908. 2236.  920.
 1987. 2104. 1069. 2193. 2234.  930.]","[-1.5276e+01  4.3450e+00  6.2803e+01  0.0000e+00 -6.1000e-02  4.8830e-01
 -3.9600e-02 -2.6710e-01  9.5900e-01]",112
887,4,"[[-0.24594216 -0.31501218  0.31498782]
 [ 0.2155184  -0.30486919  0.32513081]
 [ 0.13024908 -0.08940054  0.54059946]
 [-0.13024908  0.08940054 -0.54059946]
 [ 0.24594216  0.31501218 -0.31498782]
 [-0.2155184   0.30486919 -0.32513081]]","[2208. 2253.  918. 2132. 2106. 1065. 1907. 2246.  925. 1887. 2253.  918.
 1963. 2106. 1065. 2188. 2246.  925.]","[2191. 2239.  920. 2114. 2104. 1068. 1903. 2233.  928. 1906. 2235.  920.
 1981. 2105. 1068. 2190. 2234.  930.]","[-1.5282e+01  4.3400e+00  6.2792e+01 -6.1000e-02  6.1000e-02 -2.4410e-01
 -5.5700e-02 -2.6860e-01  9.6040e-01]",112
888,4,"[[-0.24950971 -0.31457509  0.31542491]
 [ 0.21175177 -0.30526476  0.32473524]
 [ 0.13891049 -0.09156224  0.53843776]
 [-0.13891049  0.09156224 -0.53843776]
 [ 0.24950971  0.31457509 -0.31542491]
 [-0.21175177  0.30526476 -0.32473524]]","[2210. 2253.  918. 2138. 2107. 1064. 1909. 2247.  924. 1885. 2253.  918.
 1957. 2107. 1064. 2186. 2247.  924.]","[2194. 2239.  921. 2120. 2105. 1067. 1905. 2233.  927. 1904. 2235.  920.
 1975. 2105. 1067. 2188. 2234.  930.]","[-1.5287e+01  4.3400e+00  6.2781e+01 -1.2210e-01  6.1000e-02 -2.4410e-01
 -8.6400e-02 -2.6220e-01  9.5510e-01]",112
889,4,"[[-0.25297288 -0.31412173  0.31587827]
 [ 0.20791474 -0.30565742  0.32434258]
 [ 0.14740704 -0.09397166  0.53602834]
 [-0.14740704  0.09397166 -0.53602834]
 [ 0.25297288  0.31412173 -0.31587827]
 [-0.20791474  0.30565742 -0.32434258]]","[2212. 2252.  919. 2144. 2109. 1062. 1912. 2247.  924. 1883. 2252.  919.
 1951. 2109. 1062. 2183. 2247.  924.]","[2197. 2239.  920. 2126. 2106. 1066. 1908. 2233.  927. 1902. 2236.  921.
 1969. 2106. 1065. 2186. 2234.  929.]","[-1.5293e+01  4.3400e+00  6.2787e+01 -1.8310e-01  0.0000e+00  6.1000e-02
 -8.1500e-02 -2.6270e-01  9.6680e-01]",112
890,4,"[[-0.25633023 -0.31365281  0.31634719]
 [ 0.20400829 -0.30604702  0.32395298]
 [ 0.15573149 -0.09663147  0.53336853]
 [-0.15573149  0.09663147 -0.53336853]
 [ 0.25633023  0.31365281 -0.31634719]
 [-0.20400829  0.30604702 -0.32395298]]","[2215. 2252.  919. 2149. 2110. 1060. 1915. 2247.  924. 1880. 2252.  919.
 1946. 2110. 1060. 2180. 2247.  924.]","[2199. 2239.  921. 2132. 2108. 1064. 1910. 2233.  926. 1900. 2235.  921.
 1963. 2107. 1064. 2183. 2234.  929.]","[-1.5304e+01  4.3400e+00  6.2787e+01 -2.4410e-01  0.0000e+00  6.1000e-02
 -7.5700e-02 -2.5440e-01  9.5850e-01]",112
891,4,"[[-0.25958036 -0.31316906  0.31683094]
 [ 0.20003343 -0.3064334   0.3235666 ]
 [ 0.16387688 -0.09954416  0.53045584]
 [-0.16387688  0.09954416 -0.53045584]
 [ 0.25958036  0.31316906 -0.31683094]
 [-0.20003343  0.3064334  -0.3235666 ]]","[2217. 2252.  919. 2154. 2112. 1059. 1917. 2247.  924. 1878. 2252.  919.
 1941. 2112. 1059. 2178. 2247.  924.]","[2202. 2239.  921. 2137. 2109. 1062. 1913. 2233.  926. 1897. 2236.  922.
 1958. 2109. 1062. 2181. 2234.  929.]","[-15.309    4.34    62.787   -0.2441   0.       0.      -0.0708  -0.2598
   0.9551]",112
892,4,"[[-0.26272189 -0.31267119  0.31732881]
 [ 0.19599118 -0.30681641  0.32318359]
 [ 0.17183648 -0.10271207  0.52728793]
 [-0.17183648  0.10271207 -0.52728793]
 [ 0.26272189  0.31267119 -0.31732881]
 [-0.19599118  0.30681641 -0.32318359]]","[2219. 2251.  920. 2160. 2114. 1057. 1920. 2248.  923. 1876. 2251.  920.
 1935. 2114. 1057. 2175. 2248.  923.]","[2204. 2240.  922. 2143. 2111. 1061. 1915. 2233.  926. 1895. 2235.  922.
 1952. 2110. 1061. 2178. 2234.  929.]","[-1.5326e+01  4.3450e+00  6.2781e+01 -4.8830e-01  6.1000e-02  0.0000e+00
 -7.2300e-02 -2.6220e-01  9.6290e-01]",112
893,4,"[[-0.26575353 -0.31215993  0.31784007]
 [ 0.19188261 -0.30719591  0.32280409]
 [ 0.17960385 -0.10613734  0.52386266]
 [-0.17960385  0.10613734 -0.52386266]
 [ 0.26575353  0.31215993 -0.31784007]
 [-0.19188261  0.30719591 -0.32280409]]","[2221. 2251.  920. 2165. 2117. 1054. 1922. 2248.  923. 1874. 2251.  920.
 1930. 2117. 1054. 2173. 2248.  923.]","[2206. 2239.  922. 2149. 2113. 1059. 1918. 2233.  926. 1892. 2235.  922.
 1946. 2112. 1059. 2175. 2234.  927.]","[-15.342    4.345   62.781   -0.2441   0.       0.      -0.0708  -0.2671
   0.9712]",112
894,4,"[[-0.268674   -0.31163602  0.31836398]
 [ 0.18770882 -0.30757173  0.32242827]
 [ 0.18717281 -0.10982196  0.52017804]
 [-0.18717281  0.10982196 -0.52017804]
 [ 0.268674    0.31163602 -0.31836398]
 [-0.18770882  0.30757173 -0.32242827]]","[2223. 2251.  920. 2170. 2119. 1052. 1925. 2248.  923. 1872. 2251.  920.
 1925. 2119. 1052. 2170. 2248.  923.]","[2208. 2239.  922. 2154. 2115. 1057. 1920. 2233.  926. 1890. 2236.  922.
 1941. 2114. 1057. 2173. 2235.  927.]","[-1.5348e+01  4.3450e+00  6.2776e+01 -3.0520e-01  0.0000e+00 -6.1000e-02
 -7.9600e-02 -2.6950e-01  9.4630e-01]",112
895,4,"[[-0.27148208 -0.31110019  0.31889981]
 [ 0.18347093 -0.30794374  0.32205626]
 [ 0.19453741 -0.11376773  0.51623227]
 [-0.19453741  0.11376773 -0.51623227]
 [ 0.27148208  0.31110019 -0.31889981]
 [-0.18347093  0.30794374 -0.32205626]]","[2224. 2250.  921. 2174. 2122. 1049. 1928. 2248.  923. 1871. 2250.  921.
 1921. 2122. 1049. 2167. 2248.  923.]","[2211. 2239.  923. 2159. 2117. 1055. 1923. 2233.  925. 1887. 2235.  922.
 1936. 2117. 1055. 2170. 2235.  927.]","[-1.5364e+01  4.3450e+00  6.2776e+01 -5.4930e-01  6.1000e-02  0.0000e+00
 -7.4200e-02 -2.6950e-01  9.5650e-01]",112
896,4,"[[-0.27417659 -0.31055317  0.31944683]
 [ 0.1791701  -0.30831178  0.32168822]
 [ 0.201692   -0.11797624  0.51202376]
 [-0.201692    0.11797624 -0.51202376]
 [ 0.27417659  0.31055317 -0.31944683]
 [-0.1791701   0.30831178 -0.32168822]]","[2226. 2250.  921. 2179. 2124. 1047. 1931. 2248.  922. 1869. 2250.  921.
 1916. 2124. 1047. 2164. 2248.  922.]","[2213. 2239.  923. 2164. 2119. 1053. 1925. 2233.  925. 1885. 2235.  923.
 1931. 2119. 1053. 2168. 2234.  926.]","[-15.381    4.351   62.776   -0.4883   0.       0.      -0.0679  -0.2681
   0.9712]",112
897,4,"[[-0.27675642 -0.30999571  0.32000429]
 [ 0.1748075  -0.30867573  0.32132427]
 [ 0.20863116 -0.12244893  0.50755107]
 [-0.20863116  0.12244893 -0.50755107]
 [ 0.27675642  0.30999571 -0.32000429]
 [-0.1748075   0.30867573 -0.32132427]]","[2228. 2250.  921. 2184. 2127. 1044. 1934. 2249.  922. 1867. 2250.  921.
 1911. 2127. 1044. 2161. 2249.  922.]","[2214. 2239.  924. 2169. 2122. 1050. 1928. 2234.  925. 1883. 2235.  923.
 1926. 2121. 1050. 2165. 2235.  927.]","[-1.5397e+01  4.3510e+00  6.2776e+01 -3.0520e-01  0.0000e+00 -6.1000e-02
 -7.2300e-02 -2.6660e-01  9.5560e-01]",112
898,4,"[[-0.27922047 -0.30942853  0.32057147]
 [ 0.17038436 -0.30903543  0.32096457]
 [ 0.21534975 -0.12718701  0.50281299]
 [-0.21534975  0.12718701 -0.50281299]
 [ 0.27922047  0.30942853 -0.32057147]
 [-0.17038436  0.30903543 -0.32096457]]","[2230. 2249.  922. 2188. 2130. 1041. 1936. 2249.  922. 1865. 2249.  922.
 1907. 2130. 1041. 2159. 2249.  922.]","[2216. 2239.  923. 2174. 2124. 1048. 1931. 2234.  925. 1881. 2236.  923.
 1921. 2124. 1048. 2162. 2235.  926.]","[-15.408    4.351   62.776   -0.3052   0.       0.      -0.0757  -0.271
   0.9512]",112
899,4,"[[-0.28156772 -0.30885238  0.32114762]
 [ 0.16590191 -0.30939076  0.32060924]
 [ 0.22184288 -0.13219153  0.49780847]
 [-0.22184288  0.13219153 -0.49780847]
 [ 0.28156772  0.30885238 -0.32114762]
 [-0.16590191  0.30939076 -0.32060924]]","[2231. 2249.  922. 2192. 2134. 1037. 1939. 2249.  922. 1864. 2249.  922.
 1903. 2134. 1037. 2156. 2249.  922.]","[2219. 2239.  924. 2180. 2128. 1044. 1935. 2233.  924. 1878. 2235.  924.
 1915. 2127. 1044. 2159. 2235.  926.]","[-1.5419e+01  4.3510e+00  6.2770e+01 -4.8830e-01  6.1000e-02 -6.1000e-02
 -7.7100e-02 -2.7200e-01  9.6090e-01]",112
900,4,"[[-0.28379718 -0.30826799  0.32173201]
 [ 0.16136142 -0.30974158  0.32025842]
 [ 0.22810593 -0.1374633   0.4925367 ]
 [-0.22810593  0.1374633  -0.4925367 ]
 [ 0.28379718  0.30826799 -0.32173201]
 [-0.16136142  0.30974158 -0.32025842]]","[2233. 2248.  923. 2196. 2137. 1034. 1942. 2249.  922. 1862. 2248.  923.
 1899. 2137. 1034. 2153. 2249.  922.]","[2220. 2239.  924. 2183. 2130. 1042. 1936. 2234.  924. 1877. 2235.  924.
 1912. 2130. 1042. 2157. 2235.  926.]","[-15.441    4.351   62.77    -0.3662   0.       0.      -0.082   -0.2715
   0.9639]",112
901,4,"[[-0.28590793 -0.30767609  0.32232391]
 [ 0.15676421 -0.31008776  0.31991224]
 [ 0.23413453 -0.14300296  0.48699704]
 [-0.23413453  0.14300296 -0.48699704]
 [ 0.28590793  0.30767609 -0.32232391]
 [-0.15676421  0.31008776 -0.31991224]]","[2234. 2248.  923. 2200. 2141. 1030. 1945. 2250.  921. 1861. 2248.  923.
 1895. 2141. 1030. 2150. 2250.  921.]","[2222. 2239.  925. 2187. 2134. 1039. 1939. 2234.  924. 1875. 2236.  924.
 1908. 2133. 1039. 2154. 2235.  926.]","[-15.452    4.351   62.77    -0.3052   0.       0.1221  -0.0796  -0.271
   0.9556]",112
902,4,"[[-0.28789908 -0.3070774   0.3229226 ]
 [ 0.15211158 -0.31042916  0.31957084]
 [ 0.23992458 -0.14881094  0.48118906]
 [-0.23992458  0.14881094 -0.48118906]
 [ 0.28789908  0.3070774  -0.3229226 ]
 [-0.15211158  0.31042916 -0.31957084]]","[2235. 2248.  923. 2204. 2145. 1026. 1948. 2250.  921. 1860. 2248.  923.
 1891. 2145. 1026. 2147. 2250.  921.]","[2225. 2239.  925. 2192. 2136. 1036. 1941. 2234.  924. 1874. 2235.  925.
 1903. 2136. 1036. 2151. 2235.  925.]","[-1.5463e+01  4.3560e+00  6.2776e+01 -3.6620e-01  6.1000e-02  0.0000e+00
 -7.0300e-02 -2.7250e-01  9.6040e-01]",112
903,4,"[[-0.2897698  -0.30647265  0.32352735]
 [ 0.1474049  -0.31076567  0.31923433]
 [ 0.24547222 -0.15488745  0.47511255]
 [-0.24547222  0.15488745 -0.47511255]
 [ 0.2897698   0.30647265 -0.32352735]
 [-0.1474049   0.31076567 -0.31923433]]","[2236. 2247.  924. 2208. 2148. 1022. 1951. 2250.  921. 1859. 2247.  924.
 1887. 2148. 1022. 2144. 2250.  921.]","[2227. 2239.  925. 2196. 2140. 1032. 1944. 2234.  923. 1873. 2235.  925.
 1900. 2139. 1032. 2149. 2235.  925.]","[-1.5480e+01  4.3620e+00  6.2776e+01 -3.0520e-01  6.1000e-02  0.0000e+00
 -7.2300e-02 -2.6950e-01  9.5700e-01]",112
904,4,"[[-0.29151931 -0.30586256  0.32413744]
 [ 0.14264554 -0.31109716  0.31890284]
 [ 0.25077387 -0.1612325   0.4687675 ]
 [-0.25077387  0.1612325  -0.4687675 ]
 [ 0.29151931  0.30586256 -0.32413744]
 [-0.14264554  0.31109716 -0.31890284]]","[2238. 2247.  924. 2211. 2153. 1018. 1955. 2250.  921. 1857. 2247.  924.
 1884. 2153. 1018. 2140. 2250.  921.]","[2228. 2239.  926. 2199. 2144. 1028. 1947. 2235.  923. 1871. 2235.  926.
 1895. 2143. 1029. 2146. 2235.  925.]","[-1.5491e+01  4.3620e+00  6.2776e+01 -3.0520e-01  6.1000e-02  0.0000e+00
 -7.7600e-02 -2.7150e-01  9.5900e-01]",112
905,4,"[[-0.29314686 -0.30524785  0.32475215]
 [ 0.13783492 -0.31142351  0.31857649]
 [ 0.25582618 -0.16784588  0.46215412]
 [-0.25582618  0.16784588 -0.46215412]
 [ 0.29314686  0.30524785 -0.32475215]
 [-0.13783492  0.31142351 -0.31857649]]","[2239. 2246.  924. 2214. 2157. 1014. 1958. 2251.  920. 1856. 2246.  924.
 1881. 2157. 1014. 2137. 2251.  920.]","[2230. 2239.  926. 2203. 2148. 1024. 1950. 2236.  923. 1869. 2236.  926.
 1892. 2147. 1025. 2142. 2235.  925.]","[-1.5507e+01  4.3670e+00  6.2770e+01 -4.8830e-01  6.1000e-02  0.0000e+00
 -7.8100e-02 -2.6950e-01  9.5800e-01]",112
906,4,"[[-0.29465179 -0.30462922  0.32537078]
 [ 0.13297447 -0.31174459  0.31825541]
 [ 0.26062606 -0.17472718  0.45527282]
 [-0.26062606  0.17472718 -0.45527282]
 [ 0.29465179  0.30462922 -0.32537078]
 [-0.13297447  0.31174459 -0.31825541]]","[2240. 2246.  925. 2217. 2161. 1010. 1961. 2251.  920. 1855. 2246.  925.
 1878. 2161. 1010. 2134. 2251.  920.]","[2231. 2238.  926. 2206. 2151. 1020. 1953. 2236.  923. 1868. 2235.  926.
 1889. 2151. 1021. 2139. 2236.  925.]","[-1.5524e+01  4.3730e+00  6.2770e+01 -5.4930e-01  6.1000e-02  1.2210e-01
 -7.5200e-02 -2.6510e-01  9.5410e-01]",112
907,4,"[[-0.29603347 -0.30400736  0.32599264]
 [ 0.12806565 -0.3120603   0.3179397 ]
 [ 0.26517069 -0.18187577  0.44812423]
 [-0.26517069  0.18187577 -0.44812423]
 [ 0.29603347  0.30400736 -0.32599264]
 [-0.12806565  0.3120603  -0.3179397 ]]","[2240. 2246.  925. 2220. 2166. 1005. 1964. 2251.  920. 1855. 2246.  925.
 1875. 2166. 1005. 2131. 2251.  920.]","[2233. 2238.  927. 2211. 2155. 1017. 1956. 2236.  923. 1866. 2235.  927.
 1885. 2155. 1017. 2136. 2236.  925.]","[-1.5546e+01  4.3780e+00  6.2776e+01 -7.3240e-01  6.1000e-02  1.8310e-01
 -7.6200e-02 -2.6220e-01  9.5650e-01]",112
908,4,"[[-0.2972913  -0.30338299  0.32661701]
 [ 0.12310995 -0.31237052  0.31762948]
 [ 0.26945749 -0.18929079  0.44070921]
 [-0.26945749  0.18929079 -0.44070921]
 [ 0.2972913   0.30338299 -0.32661701]
 [-0.12310995  0.31237052 -0.31762948]]","[2241. 2245.  926. 2223. 2171. 1000. 1967. 2251.  920. 1854. 2245.  926.
 1872. 2171. 1000. 2128. 2251.  920.]","[2235. 2238.  927. 2214. 2160. 1012. 1959. 2236.  923. 1865. 2235.  927.
 1881. 2159. 1013. 2134. 2236.  925.]","[-1.5573e+01  4.3840e+00  6.2787e+01 -9.1550e-01  6.1000e-02  1.8310e-01
 -7.1300e-02 -2.6420e-01  9.5310e-01]",112
909,4,"[[-0.29842478 -0.30275678  0.32724322]
 [ 0.11810887 -0.31267514  0.31732486]
 [ 0.27348411 -0.19697119  0.43302881]
 [-0.27348411  0.19697119 -0.43302881]
 [ 0.29842478  0.30275678 -0.32724322]
 [-0.11810887  0.31267514 -0.31732486]]","[2242. 2245.  926. 2226. 2176.  995. 1971. 2251.  920. 1853. 2245.  926.
 1869. 2176.  995. 2124. 2251.  920.]","[2235. 2238.  928. 2217. 2164. 1008. 1962. 2236.  923. 1864. 2235.  927.
 1879. 2164. 1008. 2130. 2237.  924.]","[-1.5606e+01  4.3890e+00  6.2787e+01 -9.7660e-01  6.1000e-02  1.2210e-01
 -6.6400e-02 -2.6170e-01  9.5610e-01]",112
910,4,"[[-0.29943342 -0.30212941  0.32787059]
 [ 0.11306395 -0.31297405  0.31702595]
 [ 0.27724847 -0.20491568  0.42508432]
 [-0.27724847  0.20491568 -0.42508432]
 [ 0.29943342  0.30212941 -0.32787059]
 [-0.11306395  0.31297405 -0.31702595]]","[2243. 2244.  927. 2228. 2181.  990. 1974. 2252.  919. 1852. 2244.  927.
 1867. 2181.  990. 2121. 2252.  919.]","[2236. 2237.  928. 2220. 2169. 1003. 1965. 2236.  923. 1862. 2235.  928.
 1875. 2168. 1004. 2127. 2237.  924.]","[-15.645    4.395   62.792   -0.9155   0.1221   0.      -0.0747  -0.2705
   0.96  ]",112
911,4,"[[-0.30031681 -0.30150156  0.32849844]
 [ 0.10797674 -0.31326714  0.31673286]
 [ 0.28074873 -0.21312275  0.41687725]
 [-0.28074873  0.21312275 -0.41687725]
 [ 0.30031681  0.30150156 -0.32849844]
 [-0.10797674  0.31326714 -0.31673286]]","[2243. 2244.  927. 2231. 2186.  985. 1977. 2252.  919. 1852. 2244.  927.
 1864. 2186.  985. 2118. 2252.  919.]","[2238. 2237.  928. 2222. 2174.  998. 1969. 2237.  922. 1861. 2235.  928.
 1872. 2173.  999. 2124. 2237.  924.]","[-1.5677e+01  4.3950e+00  6.2787e+01 -1.0986e+00  1.2210e-01 -6.1000e-02
 -7.3700e-02 -2.7390e-01  9.5410e-01]",112
912,4,"[[-0.30107457 -0.30087388  0.32912612]
 [ 0.10284884 -0.31355432  0.31644568]
 [ 0.28398329 -0.2215907   0.4084093 ]
 [-0.28398329  0.2215907  -0.4084093 ]
 [ 0.30107457  0.30087388 -0.32912612]
 [-0.10284884  0.31355432 -0.31644568]]","[2244. 2244.  927. 2233. 2192.  979. 1980. 2252.  919. 1851. 2244.  927.
 1862. 2192.  979. 2115. 2252.  919.]","[2239. 2237.  929. 2225. 2179.  994. 1971. 2238.  922. 1860. 2235.  929.
 1870. 2178.  997. 2120. 2237.  924.]","[-1.5721e+01  4.4000e+00  6.2781e+01 -1.2207e+00  1.2210e-01 -6.1000e-02
 -7.6200e-02 -2.7100e-01  9.5460e-01]",112
913,4,"[[-0.3017064  -0.30024702  0.32975298]
 [ 0.09768184 -0.31383548  0.31616452]
 [ 0.28695078 -0.23031757  0.39968243]
 [-0.28695078  0.23031757 -0.39968243]
 [ 0.3017064   0.30024702 -0.32975298]
 [-0.09768184  0.31383548 -0.31616452]]","[2244. 2243.  928. 2235. 2198.  973. 1984. 2252.  919. 1851. 2243.  928.
 1860. 2198.  973. 2111. 2252.  919.]","[2240. 2237.  929. 2228. 2184.  989. 1974. 2239.  922. 1859. 2235.  929.
 1867. 2183.  992. 2117. 2238.  923.]","[-15.765    4.406   62.781   -1.1597   0.1221   0.      -0.0776  -0.2793
   0.9707]",112
914,4,"[[-0.30221211 -0.29962164  0.33037836]
 [ 0.09247738 -0.31411053  0.31588947]
 [ 0.28965008 -0.23930121  0.39069879]
 [-0.28965008  0.23930121 -0.39069879]
 [ 0.30221211  0.29962164 -0.33037836]
 [-0.09247738  0.31411053 -0.31588947]]","[2245. 2243.  928. 2236. 2204.  967. 1987. 2252.  919. 1850. 2243.  928.
 1859. 2204.  967. 2108. 2252.  919.]","[2241. 2237.  929. 2230. 2189.  983. 1975. 2240.  922. 1858. 2235.  929.
 1865. 2185.  987. 2114. 2238.  923.]","[-15.82     4.411   62.776   -1.5259   0.1221   0.      -0.082   -0.2881
   0.9404]",112
915,4,"[[-0.30259187 -0.29899835  0.33100165]
 [ 0.08723705 -0.31437937  0.31562063]
 [ 0.29208033 -0.24853925  0.38146075]
 [-0.29208033  0.24853925 -0.38146075]
 [ 0.30259187  0.29899835 -0.33100165]
 [-0.08723705  0.31437937 -0.31562063]]","[2245. 2242.  929. 2238. 2210.  961. 1991. 2252.  919. 1850. 2242.  929.
 1857. 2210.  961. 2104. 2252.  919.]","[2242. 2236.  929. 2232. 2194.  980. 1979. 2241.  922. 1857. 2235.  929.
 1863. 2190.  981. 2111. 2239.  923.]","[-15.886    4.422   62.781   -2.0142   0.2441   0.2441  -0.0918  -0.2808
   0.9395]",112
916,4,"[[-0.30284701 -0.29837778  0.33162222]
 [ 0.08196229 -0.31464191  0.31535809]
 [ 0.29424107 -0.25802907  0.37197093]
 [-0.29424107  0.25802907 -0.37197093]
 [ 0.30284701  0.29837778 -0.33162222]
 [-0.08196229  0.31464191 -0.31535809]]","[2245. 2242.  929. 2239. 2216.  955. 1994. 2253.  918. 1850. 2242.  929.
 1856. 2216.  955. 2101. 2253.  918.]","[2243. 2235.  930. 2235. 2200.  975. 1982. 2242.  922. 1856. 2235.  930.
 1861. 2195.  975. 2108. 2239.  923.]","[-15.963    4.438   62.792   -1.77     0.1831   0.5493  -0.0771  -0.2842
   0.9746]",112
917,4,"[[-0.30297671 -0.2977605   0.3322395 ]
 [ 0.07665287 -0.31489807  0.31510193]
 [ 0.29613326 -0.26776787  0.36223213]
 [-0.29613326  0.26776787 -0.36223213]
 [ 0.30297671  0.2977605  -0.3322395 ]
 [-0.07665287  0.31489807 -0.31510193]]","[2245. 2242.  929. 2241. 2222.  949. 1998. 2253.  918. 1850. 2242.  929.
 1854. 2222.  949. 2097. 2253.  918.]","[2244. 2235.  931. 2236. 2201.  969. 1986. 2242.  922. 1856. 2235.  931.
 1860. 2199.  970. 2105. 2240.  923.]","[-1.6035e+01  4.4490e+00  6.2809e+01 -1.9531e+00  6.1000e-02  3.0520e-01
 -6.0500e-02 -2.7590e-01  9.5310e-01]",112
918,4,"[[-0.30290327 -0.29714683  0.33285317]
 [ 0.07129964 -0.31514775  0.31485225]
 [ 0.29776379 -0.27775262  0.35224738]
 [-0.29776379  0.27775262 -0.35224738]
 [ 0.30290327  0.29714683 -0.33285317]
 [-0.07129964  0.31514775 -0.31485225]]","[2245. 2241.  930. 2242. 2229.  942. 2001. 2253.  918. 1850. 2241.  930.
 1853. 2229.  942. 2094. 2253.  918.]","[2244. 2235.  931. 2237. 2204.  964. 1990. 2244.  921. 1855. 2235.  931.
 1859. 2205.  965. 2102. 2240.  923.]","[-1.6095e+01  4.4490e+00  6.2814e+01 -1.3428e+00  0.0000e+00 -6.1000e-02
 -5.2200e-02 -2.8220e-01  9.8000e-01]",112
919,4,"[[-0.30245406 -0.29653621  0.33346379]
 [ 0.06588585 -0.31539087  0.31460913]
 [ 0.29913926 -0.2868742   0.3431258 ]
 [-0.29913926  0.2868742  -0.3431258 ]
 [ 0.30245406  0.29653621 -0.33346379]
 [-0.06588585  0.31539087 -0.31460913]]","[2245. 2241.  930. 2243. 2235.  936. 2005. 2253.  918. 1850. 2241.  930.
 1852. 2235.  936. 2090. 2253.  918.]","[2247. 2235.  932. 2239. 2210.  960. 1993. 2244.  920. 1854. 2235.  931.
 1858. 2209.  962. 2098. 2240.  923.]","[-16.161    4.449   62.792   -1.8921   0.2441  -0.8545  -0.0684  -0.2866
   0.9072]",112
920,4,"[[-0.30160259 -0.29592854  0.33407146]
 [ 0.06040713 -0.31562738  0.31437262]
 [ 0.30025334 -0.28718822  0.34281178]
 [-0.30025334  0.28718822 -0.34281178]
 [ 0.30160259  0.29592854 -0.33407146]
 [-0.06040713  0.31562738 -0.31437262]]","[2244. 2240.  931. 2243. 2235.  936. 2008. 2253.  918. 1851. 2240.  931.
 1852. 2235.  936. 2087. 2253.  918.]","[2248. 2235.  933. 2240. 2214.  956. 1997. 2246.  921. 1854. 2235.  931.
 1857. 2212.  958. 2095. 2241.  923.]","[-1.6243e+01  4.4330e+00  6.2754e+01 -2.2583e+00 -6.1000e-02 -1.2817e+00
 -7.8600e-02 -2.9200e-01  1.0669e+00]",112
921,4,"[[-0.30035222 -0.29532444  0.33467556]
 [ 0.05486434 -0.31585719  0.31414281]
 [ 0.3010997  -0.28750932  0.34249068]
 [-0.3010997   0.28750932 -0.34249068]
 [ 0.30035222  0.29532444 -0.33467556]
 [-0.05486434  0.31585719 -0.31414281]]","[2243. 2240.  931. 2244. 2235.  936. 2012. 2253.  918. 1852. 2240.  931.
 1851. 2235.  936. 2083. 2253.  918.]","[2248. 2235.  934. 2241. 2216.  955. 2001. 2247.  921. 1853. 2235.  931.
 1857. 2214.  955. 2092. 2240.  923.]","[-16.282    4.406   62.71     0.2441  -0.5493  -1.0376  -0.0854  -0.3027
   0.9512]",112
922,4,"[[-0.29870479 -0.29472456  0.33527544]
 [ 0.04925898 -0.31608025  0.31391975]
 [ 0.30167416 -0.28783742  0.34216258]
 [-0.30167416  0.28783742 -0.34216258]
 [ 0.29870479  0.29472456 -0.33527544]
 [-0.04925898  0.31608025 -0.31391975]]","[2242. 2240.  931. 2244. 2235.  936. 2015. 2254.  917. 1853. 2240.  931.
 1851. 2235.  936. 2080. 2254.  917.]","[2247. 2235.  935. 2242. 2216.  954. 2004. 2247.  921. 1853. 2236.  932.
 1856. 2215.  954. 2089. 2240.  923.]","[-16.282    4.378   62.677   -0.1221  -0.3052  -0.9766  -0.0791  -0.3037
   0.9131]",112
923,4,"[[-0.29666247 -0.29412955  0.33587045]
 [ 0.04359276 -0.31629648  0.31370352]
 [ 0.3019721  -0.28817238  0.34182762]
 [-0.3019721   0.28817238 -0.34182762]
 [ 0.29666247  0.29412955 -0.33587045]
 [-0.04359276  0.31629648 -0.31370352]]","[2241. 2239.  932. 2244. 2235.  936. 2019. 2254.  917. 1854. 2239.  932.
 1851. 2235.  936. 2076. 2254.  917.]","[2246. 2235.  935. 2242. 2216.  953. 2007. 2248.  920. 1854. 2235.  933.
 1856. 2215.  953. 2086. 2240.  923.]","[-1.6293e+01  4.3620e+00  6.2639e+01 -6.1000e-02  6.1000e-02 -9.7660e-01
 -8.1100e-02 -3.1450e-01  9.5410e-01]",112
924,4,"[[-0.29422798 -0.29354003  0.33645997]
 [ 0.0378676  -0.31650583  0.31349417]
 [ 0.3020289  -0.28851399  0.34148601]
 [-0.3020289   0.28851399 -0.34148601]
 [ 0.29422798  0.29354003 -0.33645997]
 [-0.0378676   0.31650583 -0.31349417]]","[2239. 2239.  932. 2244. 2236.  935. 2023. 2254.  917. 1856. 2239.  932.
 1851. 2236.  935. 2072. 2254.  917.]","[2246. 2235.  935. 2242. 2216.  953. 2011. 2248.  920. 1854. 2235.  932.
 1856. 2215.  953. 2085. 2240.  923.]","[-16.304    4.356   62.6      0.       0.1221  -0.9766  -0.0859  -0.3125
   0.9146]",112
925,4,"[[-0.29140452 -0.29295663  0.33704337]
 [ 0.0320855  -0.31670822  0.31329178]
 [ 0.30197688 -0.28886135  0.34113865]
 [-0.30197688  0.28886135 -0.34113865]
 [ 0.29140452  0.29295663 -0.33704337]
 [-0.0320855   0.31670822 -0.31329178]]","[2237. 2238.  932. 2244. 2236.  935. 2027. 2254.  917. 1858. 2238.  932.
 1851. 2236.  935. 2068. 2254.  917.]","[2244. 2235.  935. 2242. 2217.  953. 2015. 2248.  919. 1855. 2236.  933.
 1856. 2215.  953. 2083. 2240.  923.]","[-16.315    4.356   62.573    0.       0.1221  -0.5493  -0.0918  -0.3208
   0.9624]",112
926,4,"[[-0.28819583 -0.29237998  0.33762002]
 [ 0.02624862 -0.31690361  0.31309639]
 [ 0.30186827 -0.28921343  0.34078657]
 [-0.30186827  0.28921343 -0.34078657]
 [ 0.28819583  0.29237998 -0.33762002]
 [-0.02624862  0.31690361 -0.31309639]]","[2235. 2238.  933. 2244. 2236.  935. 2030. 2254.  917. 1860. 2238.  933.
 1851. 2236.  935. 2065. 2254.  917.]","[2243. 2234.  935. 2242. 2217.  953. 2019. 2248.  919. 1856. 2236.  934.
 1856. 2215.  953. 2079. 2240.  923.]","[-1.6326e+01  4.3670e+00  6.2595e+01  1.2210e-01 -1.8310e-01  4.8830e-01
 -5.9600e-02 -2.9740e-01  9.5510e-01]",112
927,4,"[[-0.28460615 -0.2918107   0.3381893 ]
 [ 0.02035921 -0.31709193  0.31290807]
 [ 0.30170038 -0.28956983  0.34043017]
 [-0.30170038  0.28956983 -0.34043017]
 [ 0.28460615  0.2918107  -0.3381893 ]
 [-0.02035921  0.31709193 -0.31290807]]","[2233. 2238.  933. 2244. 2236.  935. 2034. 2254.  917. 1862. 2238.  933.
 1851. 2236.  935. 2061. 2254.  917.]","[2241. 2234.  934. 2242. 2217.  953. 2023. 2248.  919. 1858. 2235.  934.
 1856. 2215.  952. 2075. 2240.  922.]","[-1.6326e+01  4.3620e+00  6.2606e+01  2.4410e-01 -1.2210e-01  1.2210e-01
 -6.1000e-02 -2.7930e-01  9.6140e-01]",112
928,4,"[[-0.28064023 -0.29124941  0.33875059]
 [ 0.01441964 -0.31727311  0.31272689]
 [ 0.30146716 -0.28993035  0.34006965]
 [-0.30146716  0.28993035 -0.34006965]
 [ 0.28064023  0.29124941 -0.33875059]
 [-0.01441964  0.31727311 -0.31272689]]","[2230. 2237.  934. 2244. 2237.  934. 2038. 2254.  917. 1865. 2237.  934.
 1851. 2237.  934. 2057. 2254.  917.]","[2240. 2234.  935. 2242. 2218.  953. 2026. 2248.  919. 1860. 2235.  933.
 1856. 2215.  952. 2072. 2240.  922.]","[-1.6326e+01  4.3620e+00  6.2600e+01  1.8310e-01 -6.1000e-02 -1.8310e-01
 -7.8600e-02 -2.6950e-01  9.4870e-01]",112
929,4,"[[-0.2763033  -0.29069673  0.33930327]
 [ 0.00843239 -0.31744711  0.31255289]
 [ 0.30116459 -0.29029479  0.33970521]
 [-0.30116459  0.29029479 -0.33970521]
 [ 0.2763033   0.29069673 -0.33930327]
 [-0.00843239  0.31744711 -0.31255289]]","[2228. 2237.  934. 2244. 2237.  934. 2042. 2254.  917. 1867. 2237.  934.
 1851. 2237.  934. 2053. 2254.  917.]","[2238. 2233.  935. 2242. 2218.  953. 2029. 2248.  919. 1861. 2235.  933.
 1855. 2215.  953. 2069. 2240.  921.]","[-1.6320e+01  4.3560e+00  6.2595e+01  1.2210e-01 -6.1000e-02 -1.2210e-01
 -8.2000e-02 -2.6510e-01  9.6290e-01]",112
930,4,"[[-0.27160111 -0.29015325  0.33984675]
 [ 0.00240004 -0.31761386  0.31238614]
 [ 0.30078988 -0.29066297  0.33933703]
 [-0.30078988  0.29066297 -0.33933703]
 [ 0.27160111  0.29015325 -0.33984675]
 [-0.00240004  0.31761386 -0.31238614]]","[2225. 2237.  934. 2244. 2237.  934. 2046. 2255.  916. 1870. 2237.  934.
 1851. 2237.  934. 2049. 2255.  916.]","[2237. 2233.  935. 2242. 2219.  953. 2033. 2248.  919. 1863. 2235.  933.
 1855. 2215.  952. 2064. 2240.  922.]","[-16.32     4.356   62.6      0.      -0.1221   0.1831  -0.0801  -0.2651
   0.9478]",112
931,4,"[[-0.26653987 -0.28961958  0.34038042]
 [-0.00367469 -0.31777332  0.31222668]
 [ 0.30034082 -0.29103468  0.33896532]
 [-0.30034082  0.29103468 -0.33896532]
 [ 0.26653987  0.28961958 -0.34038042]
 [ 0.00367469  0.31777332 -0.31222668]]","[2221. 2236.  935. 2243. 2237.  934. 2050. 2255.  916. 1874. 2236.  935.
 1852. 2237.  934. 2045. 2255.  916.]","[2235. 2233.  936. 2243. 2218.  953. 2036. 2248.  919. 1863. 2235.  933.
 1855. 2215.  952. 2061. 2240.  921.]","[-16.32     4.351   62.611    0.      -0.1831   0.2441  -0.0728  -0.2642
   0.9634]",112
932,4,"[[-0.26112627 -0.28909631  0.34090369]
 [-0.00978901 -0.31792542  0.31207458]
 [ 0.29981539 -0.29140976  0.33859024]
 [-0.29981539  0.29140976 -0.33859024]
 [ 0.26112627  0.28909631 -0.34090369]
 [ 0.00978901  0.31792542 -0.31207458]]","[2218. 2236.  935. 2243. 2237.  933. 2054. 2255.  916. 1877. 2236.  935.
 1852. 2237.  933. 2041. 2255.  916.]","[2234. 2232.  936. 2242. 2219.  952. 2040. 2249.  919. 1866. 2235.  934.
 1855. 2215.  952. 2057. 2240.  921.]","[-16.32     4.351   62.617   -0.1221  -0.1221   0.      -0.0747  -0.27
   0.9453]",112
933,4,"[[-0.25536747 -0.28858401  0.34141599]
 [-0.01594    -0.31807012  0.31192988]
 [ 0.29921166 -0.29178801  0.33821199]
 [-0.29921166  0.29178801 -0.33821199]
 [ 0.25536747  0.28858401 -0.34141599]
 [ 0.01594     0.31807012 -0.31192988]]","[2214. 2236.  935. 2243. 2238.  933. 2058. 2255.  916. 1881. 2236.  935.
 1852. 2238.  933. 2037. 2255.  916.]","[2232. 2232.  936. 2242. 2219.  952. 2043. 2248.  919. 1869. 2235.  934.
 1855. 2215.  952. 2054. 2240.  921.]","[-1.6326e+01  4.3450e+00  6.2617e+01 -3.6620e-01 -6.1000e-02 -6.1000e-02
 -9.4200e-02 -2.8560e-01  9.6090e-01]",112
934,4,"[[-0.24927107 -0.28808326  0.34191674]
 [-0.02212465 -0.31820736  0.31179264]
 [ 0.29852773 -0.29216926  0.33783074]
 [-0.29852773  0.29216926 -0.33783074]
 [ 0.24927107  0.28808326 -0.34191674]
 [ 0.02212465  0.31820736 -0.31179264]]","[2210. 2235.  936. 2242. 2238.  933. 2062. 2255.  916. 1885. 2235.  936.
 1853. 2238.  933. 2033. 2255.  916.]","[2229. 2231.  936. 2242. 2219.  952. 2047. 2249.  919. 1873. 2234.  933.
 1855. 2215.  951. 2049. 2240.  921.]","[-1.6337e+01  4.3510e+00  6.2622e+01 -3.0520e-01 -6.1000e-02  1.8310e-01
 -8.5000e-02 -2.9440e-01  9.3990e-01]",112
935,4,"[[-0.24284515 -0.28759462  0.34240538]
 [-0.02833983 -0.31833709  0.31166291]
 [ 0.29776171 -0.29255333  0.33744667]
 [-0.29776171  0.29255333 -0.33744667]
 [ 0.24284515  0.28759462 -0.34240538]
 [ 0.02833983  0.31833709 -0.31166291]]","[2206. 2235.  936. 2242. 2238.  933. 2066. 2255.  916. 1889. 2235.  936.
 1853. 2238.  933. 2029. 2255.  916.]","[2227. 2231.  937. 2242. 2219.  953. 2051. 2249.  919. 1876. 2234.  934.
 1855. 2216.  950. 2046. 2240.  921.]","[-16.348    4.356   62.633   -0.3662  -0.1221   0.3662  -0.0645  -0.3076
   0.9619]",112
936,4,"[[-0.23609819 -0.28711865  0.34288135]
 [-0.03458231 -0.31845927  0.31154073]
 [ 0.29691172 -0.29294003  0.33705997]
 [-0.29691172  0.29294003 -0.33705997]
 [ 0.23609819  0.28711865 -0.34288135]
 [ 0.03458231  0.31845927 -0.31154073]]","[2201. 2235.  936. 2241. 2238.  933. 2070. 2255.  916. 1894. 2235.  936.
 1854. 2238.  933. 2025. 2255.  916.]","[2223. 2231.  937. 2242. 2219.  952. 2054. 2249.  919. 1879. 2234.  934.
 1855. 2217.  950. 2044. 2240.  921.]","[-1.6364e+01  4.3510e+00  6.2639e+01 -2.4410e-01 -6.1000e-02  0.0000e+00
 -5.6600e-02 -3.1400e-01  9.5120e-01]",112
937,4,"[[-0.22903911 -0.28070277  0.34929723]
 [-0.04084879 -0.31857384  0.31142616]
 [ 0.29597589 -0.2933292   0.3366708 ]
 [-0.29597589  0.2933292  -0.3366708 ]
 [ 0.22903911  0.28070277 -0.34929723]
 [ 0.04084879  0.31857384 -0.31142616]]","[2197. 2230.  940. 2240. 2239.  932. 2074. 2255.  916. 1898. 2230.  940.
 1855. 2239.  932. 2021. 2255.  916.]","[2220. 2230.  937. 2242. 2219.  952. 2058. 2249.  919. 1882. 2233.  934.
 1855. 2217.  950. 2040. 2240.  921.]","[-16.375    4.345   62.633   -0.1221  -0.1221  -0.2441  -0.0703  -0.3047
   0.9536]",112
938,4,"[[-0.22167725 -0.26573489  0.36426511]
 [-0.04713583 -0.31868077  0.31131923]
 [ 0.29495233 -0.29372067  0.33627933]
 [-0.29495233  0.29372067 -0.33627933]
 [ 0.22167725  0.26573489 -0.36426511]
 [ 0.04713583  0.31868077 -0.31131923]]","[2192. 2221.  950. 2240. 2239.  932. 2078. 2255.  916. 1903. 2221.  950.
 1855. 2239.  932. 2017. 2255.  916.]","[2216. 2229.  938. 2241. 2219.  952. 2062. 2249.  919. 1886. 2232.  934.
 1855. 2217.  950. 2037. 2240.  921.]","[-16.386    4.34    62.633   -0.1831  -0.1831   0.      -0.0791  -0.2969
   0.9424]",112
939,4,"[[-0.21402233 -0.25124193  0.37875807]
 [-0.05343991 -0.31878     0.31122   ]
 [ 0.2938392  -0.29411425  0.33588575]
 [-0.2938392   0.29411425 -0.33588575]
 [ 0.21402233  0.25124193 -0.37875807]
 [ 0.05343991  0.31878    -0.31122   ]]","[2187. 2211.  960. 2239. 2239.  932. 2082. 2255.  916. 1908. 2211.  960.
 1856. 2239.  932. 2013. 2255.  916.]","[2213. 2225.  939. 2241. 2219.  952. 2065. 2249.  919. 1890. 2228.  938.
 1855. 2217.  950. 2033. 2240.  920.]","[-1.6397e+01  4.3290e+00  6.2650e+01 -6.1000e-02 -3.0520e-01  4.2720e-01
 -7.2300e-02 -2.8810e-01  9.6040e-01]",112
940,4,"[[-0.20608448 -0.23724064  0.39275936]
 [-0.05975744 -0.3188715   0.3111285 ]
 [ 0.29263465 -0.29450978  0.33549022]
 [-0.29263465  0.29450978 -0.33549022]
 [ 0.20608448  0.23724064 -0.39275936]
 [ 0.05975744  0.3188715  -0.3111285 ]]","[2182. 2202.  969. 2238. 2239.  931. 2086. 2255.  916. 1913. 2202.  969.
 1857. 2239.  931. 2009. 2255.  916.]","[2208. 2219.  943. 2241. 2219.  951. 2069. 2249.  919. 1895. 2224.  944.
 1856. 2217.  950. 2030. 2240.  920.]","[-1.6403e+01  4.3120e+00  6.2682e+01 -1.2210e-01 -6.7140e-01  6.7140e-01
 -5.5700e-02 -2.6320e-01  9.4140e-01]",112
941,4,"[[-0.1978742  -0.22374729  0.40625271]
 [-0.06608471 -0.31895522  0.31104478]
 [ 0.29133686 -0.29490708  0.33509292]
 [-0.29133686  0.29490708 -0.33509292]
 [ 0.1978742   0.22374729 -0.40625271]
 [ 0.06608471  0.31895522 -0.31104478]]","[2176. 2193.  978. 2237. 2240.  931. 2091. 2255.  916. 1919. 2193.  978.
 1858. 2240.  931. 2004. 2255.  916.]","[2202. 2213.  950. 2240. 2219.  949. 2073. 2249.  919. 1900. 2221.  951.
 1857. 2217.  950. 2027. 2240.  920.]","[-16.414    4.274   62.704   -0.3662  -1.0376   0.2441  -0.0645  -0.2441
   0.9434]",112
942,4,"[[-0.18940232 -0.21077766  0.41922234]
 [-0.07241794 -0.31903113  0.31096887]
 [ 0.28994403 -0.29530601  0.33469399]
 [-0.28994403  0.29530601 -0.33469399]
 [ 0.18940232  0.21077766 -0.41922234]
 [ 0.07241794  0.31903113 -0.31096887]]","[2171. 2185.  986. 2237. 2240.  931. 2095. 2255.  915. 1924. 2185.  986.
 1858. 2240.  931. 2000. 2255.  915.]","[2191. 2203.  962. 2238. 2218.  946. 2078. 2248.  919. 1907. 2210.  962.
 1858. 2217.  949. 2021. 2240.  920.]","[-16.425    4.268   62.682   -0.3662   0.      -0.5493  -0.0684  -0.2158
   0.9897]",112
943,4,"[[-0.18068006 -0.19834703  0.43165297]
 [-0.07875325 -0.31909918  0.31090082]
 [ 0.28845439 -0.29570638  0.33429362]
 [-0.28845439  0.29570638 -0.33429362]
 [ 0.18068006  0.19834703 -0.43165297]
 [ 0.07875325  0.31909918 -0.31090082]]","[2165. 2177.  994. 2236. 2240.  931. 2099. 2256.  915. 1930. 2177.  994.
 1859. 2240.  931. 1996. 2256.  915.]","[2186. 2201.  968. 2236. 2218.  946. 2082. 2248.  919. 1913. 2205.  967.
 1858. 2217.  949. 2019. 2240.  920.]","[-16.452    4.219   62.65    -1.0986  -0.9766  -1.0376  -0.0801  -0.1865
   0.9062]",112
944,4,"[[-0.17171895 -0.18647014  0.44352986]
 [-0.08508668 -0.31915934  0.31084066]
 [ 0.28686621 -0.29610803  0.33389197]
 [-0.28686621  0.29610803 -0.33389197]
 [ 0.17171895  0.18647014 -0.44352986]
 [ 0.08508668  0.31915934 -0.31084066]]","[2159. 2169. 1002. 2235. 2241.  930. 2103. 2256.  915. 1936. 2169. 1002.
 1860. 2241.  930. 1992. 2256.  915.]","[2180. 2196.  976. 2236. 2219.  945. 2086. 2248.  919. 1920. 2196.  976.
 1859. 2217.  947. 2013. 2241.  919.]","[-16.512    4.142   62.622   -2.1362  -1.709   -1.2207  -0.1279  -0.2349
   0.9814]",112
945,4,"[[-0.16253082 -0.1751612   0.4548388 ]
 [-0.09141422 -0.31921158  0.31078842]
 [ 0.28517778 -0.2965108   0.3334892 ]
 [-0.28517778  0.2965108  -0.3334892 ]
 [ 0.16253082  0.1751612  -0.4548388 ]
 [ 0.09141422  0.31921158 -0.31078842]]","[2153. 2162. 1009. 2233. 2241.  930. 2107. 2256.  915. 1942. 2162. 1009.
 1862. 2241.  930. 1988. 2256.  915.]","[2170. 2185.  987. 2234. 2218.  945. 2092. 2247.  919. 1926. 2186.  988.
 1860. 2219.  945. 2006. 2243.  919.]","[-16.567    4.103   62.655   -2.0142  -1.5259   0.4272  -0.1553  -0.2354
   0.9824]",112
946,4,"[[-0.15312784 -0.16443383  0.46556617]
 [-0.09773175 -0.31925586  0.31074414]
 [ 0.28338744 -0.29691453  0.33308547]
 [-0.28338744  0.29691453 -0.33308547]
 [ 0.15312784  0.16443383 -0.46556617]
 [ 0.09773175  0.31925586 -0.31074414]]","[2147. 2155. 1016. 2232. 2241.  930. 2111. 2256.  915. 1948. 2155. 1016.
 1863. 2241.  930. 1984. 2256.  915.]","[2165. 2180.  993. 2233. 2218.  945. 2095. 2247.  919. 1929. 2181.  993.
 1862. 2221.  944. 2003. 2243.  919.]","[-1.6633e+01  4.0540e+00  6.2737e+01 -2.4414e+00 -2.1362e+00  1.4648e+00
 -3.3700e-02 -2.7290e-01  9.3310e-01]",112
947,4,"[[-0.14352242 -0.15430108  0.47569892]
 [-0.10403509 -0.31929214  0.31070786]
 [ 0.28149358 -0.29731906  0.33268094]
 [-0.28149358  0.29731906 -0.33268094]
 [ 0.14352242  0.15430108 -0.47569892]
 [ 0.10403509  0.31929214 -0.31070786]]","[2141. 2148. 1023. 2231. 2241.  930. 2115. 2256.  915. 1954. 2148. 1023.
 1864. 2241.  930. 1980. 2256.  915.]","[2158. 2173. 1001. 2230. 2218.  944. 2100. 2247.  919. 1935. 2173. 1000.
 1863. 2222.  942. 1998. 2244.  919.]","[-1.6710e+01  3.9880e+00  6.2781e+01 -2.4414e+00 -2.0752e+00  4.8830e-01
 -2.7800e-02 -3.4720e-01  9.9070e-01]",112
948,4,"[[-0.13372727 -0.1447754   0.4852246 ]
 [-0.11032    -0.31932042  0.31067958]
 [ 0.27949462 -0.29772423  0.33227577]
 [-0.27949462  0.29772423 -0.33227577]
 [ 0.13372727  0.1447754  -0.4852246 ]
 [ 0.11032     0.31932042 -0.31067958]]","[2135. 2142. 1029. 2230. 2242.  929. 2119. 2256.  915. 1960. 2142. 1029.
 1865. 2242.  929. 1976. 2256.  915.]","[2151. 2165. 1008. 2229. 2218.  942. 2104. 2247.  919. 1941. 2166. 1007.
 1864. 2222.  942. 1994. 2244.  919.]","[-1.6749e+01  3.9610e+00  6.2759e+01 -1.1597e+00 -4.8830e-01 -7.3240e-01
 -1.8100e-02 -3.7550e-01  1.0073e+00]",112
949,4,"[[-0.12375533 -0.1358686   0.4941314 ]
 [-0.11658217 -0.31934067  0.31065933]
 [ 0.27738906 -0.29812988  0.33187012]
 [-0.27738906  0.29812988 -0.33187012]
 [ 0.12375533  0.1358686  -0.4941314 ]
 [ 0.11658217  0.31934067 -0.31065933]]","[2128. 2136. 1035. 2228. 2242.  929. 2123. 2256.  915. 1967. 2136. 1035.
 1867. 2242.  929. 1972. 2256.  915.]","[2143. 2159. 1015. 2228. 2218.  942. 2108. 2247.  919. 1946. 2159. 1014.
 1865. 2222.  942. 1991. 2245.  919.]","[-1.6754e+01  3.9500e+00  6.2693e+01  0.0000e+00  4.2720e-01 -1.5259e+00
 -3.9100e-02 -3.7890e-01  9.1890e-01]",112
950,4,"[[-0.1136198  -0.12759187  0.50240813]
 [-0.12281723 -0.31935298  0.31064702]
 [ 0.27517543 -0.29853585  0.33146415]
 [-0.27517543  0.29853585 -0.33146415]
 [ 0.1136198   0.12759187 -0.50240813]
 [ 0.12281723  0.31935298 -0.31064702]]","[2122. 2131. 1040. 2227. 2242.  929. 2128. 2256.  915. 1973. 2131. 1040.
 1868. 2242.  929. 1967. 2256.  915.]","[2137. 2152. 1022. 2227. 2218.  941. 2111. 2247.  919. 1953. 2152. 1021.
 1866. 2222.  942. 1987. 2244.  919.]","[-16.771    3.939   62.644    0.       0.1221  -1.3428  -0.085   -0.3813
   0.8955]",112
951,4,"[[-0.10333406 -0.11995572  0.51004428]
 [-0.12902075 -0.31935754  0.31064246]
 [ 0.27285235 -0.29894199  0.33105801]
 [-0.27285235  0.29894199 -0.33105801]
 [ 0.10333406  0.11995572 -0.51004428]
 [ 0.12902075  0.31935754 -0.31064246]]","[2115. 2126. 1045. 2225. 2242.  929. 2132. 2256.  915. 1980. 2126. 1045.
 1870. 2242.  929. 1963. 2256.  915.]","[2134. 2143. 1029. 2226. 2218.  941. 2115. 2247.  919. 1962. 2144. 1028.
 1869. 2222.  942. 1982. 2244.  919.]","[-16.793    3.922   62.628    0.      -0.2441  -0.3662  -0.0649  -0.356
   0.9448]",112
952,4,"[[-0.09291171 -0.11297001  0.51702999]
 [-0.13518826 -0.31935167  0.31064833]
 [ 0.27041848 -0.29934815  0.33065185]
 [-0.27041848  0.29934815 -0.33065185]
 [ 0.09291171  0.11297001 -0.51702999]
 [ 0.13518826  0.31935167 -0.31064833]]","[2108. 2121. 1050. 2224. 2243.  928. 2136. 2256.  915. 1987. 2121. 1050.
 1871. 2243.  928. 1959. 2256.  915.]","[2130. 2139. 1034. 2225. 2218.  941. 2117. 2247.  919. 1965. 2140. 1032.
 1870. 2222.  941. 1979. 2244.  919.]","[-16.804    3.911   62.617    0.2441   0.      -0.3662  -0.063   -0.3164
   0.9707]",112
953,4,"[[-0.08236654 -0.10664392  0.52335608]
 [-0.14131522 -0.31932215  0.31067785]
 [ 0.26787255 -0.29975416  0.33024584]
 [-0.26787255  0.29975416 -0.33024584]
 [ 0.08236654  0.10664392 -0.52335608]
 [ 0.14131522  0.31932215 -0.31067785]]","[2101. 2117. 1054. 2222. 2243.  928. 2140. 2256.  915. 1994. 2117. 1054.
 1873. 2243.  928. 1955. 2256.  915.]","[2120. 2132. 1041. 2224. 2218.  941. 2121. 2247.  919. 1975. 2132. 1039.
 1871. 2222.  940. 1973. 2245.  919.]","[-16.798    3.917   62.589    0.6714   0.3052  -0.4883  -0.0767  -0.272
   0.9536]",112
954,4,"[[-0.07171248 -0.10098591  0.52901409]
 [-0.14739708 -0.31926335  0.31073665]
 [ 0.26521339 -0.30015988  0.32984012]
 [-0.26521339  0.30015988 -0.32984012]
 [ 0.07171248  0.10098591 -0.52901409]
 [ 0.14739708  0.31926335 -0.31073665]]","[2094. 2113. 1058. 2220. 2243.  928. 2144. 2256.  915. 2001. 2113. 1058.
 1875. 2243.  928. 1951. 2256.  915.]","[2116. 2129. 1044. 2223. 2218.  940. 2123. 2247.  919. 1979. 2130. 1043.
 1872. 2222.  939. 1970. 2244.  919.]","[-1.6804e+01  3.9170e+00  6.2573e+01  1.8310e-01  6.1000e-02 -4.8830e-01
 -8.5900e-02 -2.6760e-01  9.3070e-01]",112
955,4,"[[-0.06096362 -0.09600375  0.53399625]
 [-0.15342923 -0.31917873  0.31082127]
 [ 0.26243989 -0.30056515  0.32943485]
 [-0.26243989  0.30056515 -0.32943485]
 [ 0.06096362  0.09600375 -0.53399625]
 [ 0.15342923  0.31917873 -0.31082127]]","[2087. 2110. 1061. 2219. 2243.  928. 2148. 2256.  915. 2008. 2110. 1061.
 1876. 2243.  928. 1947. 2256.  915.]","[2108. 2124. 1049. 2222. 2218.  940. 2127. 2248.  919. 1986. 2125. 1047.
 1874. 2222.  938. 1966. 2244.  919.]","[-1.6815e+01  3.9110e+00  6.2551e+01 -1.2210e-01 -6.1000e-02 -5.4930e-01
 -6.7900e-02 -2.6030e-01  9.6730e-01]",112
956,4,"[[-0.05013416 -0.09170446  0.53829554]
 [-0.15940702 -0.31906933  0.31093067]
 [ 0.259551   -0.30096983  0.32903017]
 [-0.259551    0.30096983 -0.32903017]
 [ 0.05013416  0.09170446 -0.53829554]
 [ 0.15940702  0.31906933 -0.31093067]]","[2080. 2107. 1064. 2217. 2244.  927. 2151. 2256.  915. 2015. 2107. 1064.
 1878. 2244.  927. 1944. 2256.  915.]","[2101. 2120. 1053. 2220. 2218.  940. 2131. 2247.  919. 1992. 2121. 1051.
 1876. 2222.  937. 1963. 2244.  919.]","[-16.815    3.911   62.501    0.       0.3052  -0.9766  -0.0688  -0.2725
   0.9399]",112
957,4,"[[-0.04189986 -0.08890427  0.54109573]
 [-0.16388935 -0.31896964  0.31103036]
 [ 0.25728966 -0.30127293  0.32872707]
 [-0.25728966  0.30127293 -0.32872707]
 [ 0.04189986  0.08890427 -0.54109573]
 [ 0.16388935  0.31896964 -0.31103036]]","[2075. 2105. 1066. 2215. 2244.  927. 2154. 2255.  916. 2020. 2105. 1066.
 1880. 2244.  927. 1941. 2255.  916.]","[2094. 2116. 1057. 2218. 2218.  940. 2134. 2247.  919. 1999. 2117. 1055.
 1878. 2222.  936. 1958. 2245.  919.]","[-16.82     3.911   62.468   -0.2441   0.      -0.4883  -0.0742  -0.2886
   0.9468]",112
958,4,"[[-0.03096357 -0.08582039  0.54417961]
 [-0.16976035 -0.31881764  0.31118236]
 [ 0.25419592 -0.30167621  0.32832379]
 [-0.25419592  0.30167621 -0.32832379]
 [ 0.03096357  0.08582039 -0.54417961]
 [ 0.16976035  0.31881764 -0.31118236]]","[2068. 2103. 1068. 2213. 2244.  927. 2158. 2255.  916. 2027. 2103. 1068.
 1882. 2244.  927. 1937. 2255.  916.]","[2087. 2113. 1060. 2216. 2218.  939. 2137. 2247.  919. 2006. 2113. 1059.
 1880. 2222.  936. 1954. 2245.  919.]","[-1.6826e+01  3.9110e+00  6.2452e+01 -4.2720e-01 -2.4410e-01 -6.1000e-02
 -6.0500e-02 -3.0710e-01  9.5560e-01]",112
959,4,"[[-0.01998635 -0.08343491  0.54656509]
 [-0.17556407 -0.31864203  0.31135797]
 [ 0.25098441 -0.30207848  0.32792152]
 [-0.25098441  0.30207848 -0.32792152]
 [ 0.01998635  0.08343491 -0.54656509]
 [ 0.17556407  0.31864203 -0.31135797]]","[2061. 2102. 1069. 2211. 2244.  927. 2162. 2255.  916. 2034. 2102. 1069.
 1884. 2244.  927. 1933. 2255.  916.]","[2081. 2110. 1063. 2214. 2218.  940. 2140. 2247.  919. 2013. 2110. 1062.
 1882. 2222.  936. 1950. 2245.  919.]","[-1.6842e+01  3.9000e+00  6.2457e+01 -2.4410e-01 -1.2210e-01  1.2210e-01
 -5.1300e-02 -3.1050e-01  9.5410e-01]",112
