count,T_count,theta_sim,theta_tick,position_Read_tick,IMU_data,voltage
0,0,"[[-0.29043299 -0.30047073  0.32952927]
 [ 0.12344701 -0.30384337  0.32615663]
 [ 0.24829044 -0.29888584  0.33111416]
 [-0.28428836  0.29491082 -0.33508918]
 [ 0.10760445  0.30857657 -0.32142343]
 [-0.28362119  0.15504623 -0.47495377]]","[2237. 2243.  928. 2233. 2240.  931. 1967. 2246.  925. 1977. 2249.  922.
 1886. 2242.  929. 2232. 2149. 1022.]","[2236. 2240.  925. 2234. 2235.  929. 1966. 2245.  924. 1975. 2240.  924.
 1884. 2231.  929. 2231. 2149. 1022.]",[ 0.      0.      0.      0.      0.      0.     -0.0835 -0.2861  0.9536],120
1,0,"[[-0.29175795 -0.29979747  0.33020253]
 [ 0.11995728 -0.30397358  0.32602642]
 [ 0.24670104 -0.29902567  0.33097433]
 [-0.28360478  0.29504147 -0.33495853]
 [ 0.11175841  0.30864521 -0.32135479]
 [-0.28932121  0.16765106 -0.46234894]]","[2238. 2243.  928. 2232. 2240.  931. 1969. 2246.  925. 1975. 2249.  922.
 1887. 2242.  929. 2236. 2157. 1014.]","[2236. 2240.  925. 2234. 2234.  929. 1966. 2246.  924. 1975. 2239.  923.
 1884. 2232.  929. 2231. 2150. 1022.]","[-16.386    4.894   68.027    0.       0.       0.      -0.083   -0.2852
   0.9531]",120
2,0,"[[-0.29301034 -0.29912763  0.33087237]
 [ 0.11644158 -0.30410277  0.32589723]
 [ 0.24508405 -0.2991653   0.3308347 ]
 [-0.28290616  0.29517279 -0.33482721]
 [ 0.11589065  0.30871173 -0.32128827]
 [-0.2936284   0.18127407 -0.44872593]]","[2239. 2243.  928. 2232. 2240.  931. 1972. 2246.  925. 1972. 2249.  922.
 1888. 2243.  928. 2239. 2166. 1005.]","[2236. 2240.  925. 2234. 2234.  929. 1967. 2246.  925. 1975. 2239.  923.
 1884. 2232.  930. 2233. 2152. 1019.]","[-16.386    4.894   68.027    0.       0.       0.      -0.0825  -0.2861
   0.9546]",120
3,0,"[[-0.29418985 -0.29846422  0.33153578]
 [ 0.11290042 -0.30423093  0.32576907]
 [ 0.24343937 -0.29930469  0.33069531]
 [-0.28219251  0.29530474 -0.33469526]
 [ 0.12000021  0.30877611 -0.32122389]
 [-0.2965101   0.1959544  -0.4340456 ]]","[2239. 2242.  929. 2231. 2240.  931. 1974. 2246.  925. 1969. 2249.  922.
 1889. 2243.  928. 2241. 2175.  996.]","[2237. 2240.  925. 2234. 2234.  930. 1968. 2246.  924. 1974. 2239.  923.
 1884. 2232.  930. 2235. 2156. 1015.]","[-16.386    4.894   68.027    0.       0.       0.      -0.084   -0.2861
   0.9531]",120
4,0,"[[-0.29529619 -0.2978102   0.3321898 ]
 [ 0.10933429 -0.30435803  0.32564197]
 [ 0.24176689 -0.29944384  0.33055616]
 [-0.28146381  0.29543726 -0.33456274]
 [ 0.12408613  0.30883836 -0.32116164]
 [-0.29793641  0.21172995 -0.41827005]]","[2240. 2242.  929. 2231. 2240.  931. 1976. 2246.  925. 1967. 2249.  922.
 1890. 2243.  928. 2242. 2186.  985.]","[2237. 2240.  926. 2234. 2235.  930. 1971. 2246.  924. 1972. 2240.  923.
 1884. 2231.  929. 2237. 2164. 1008.]","[-16.386    4.894   68.027    0.       0.       0.      -0.082   -0.2827
   0.9565]",120
5,0,"[[-0.29632909 -0.29716842  0.33283158]
 [ 0.10574371 -0.30448406  0.32551594]
 [ 0.2400665  -0.2995827   0.3304173 ]
 [-0.28072007  0.29557033 -0.33442967]
 [ 0.12814747  0.30889845 -0.32110155]
 [-0.2980308   0.22863508 -0.40136492]]","[2241. 2241.  930. 2231. 2240.  931. 1979. 2246.  925. 1964. 2249.  922.
 1891. 2243.  928. 2242. 2197.  974.]","[2238. 2240.  926. 2233. 2234.  930. 1972. 2246.  924. 1970. 2239.  923.
 1885. 2232.  930. 2239. 2172. 1000.]","[-16.381    4.894   68.027    0.1221   0.       0.      -0.0938  -0.2759
   0.958 ]",120
6,0,"[[-0.29728828 -0.29654169  0.33345831]
 [ 0.10212921 -0.30460899  0.32539101]
 [ 0.23833811 -0.29972126  0.33027874]
 [-0.27996127  0.29570389 -0.33429611]
 [ 0.13218326  0.30895638 -0.32104362]
 [-0.29786142  0.24644046 -0.38355954]]","[2241. 2241.  930. 2230. 2240.  931. 1981. 2246.  925. 1961. 2249.  922.
 1892. 2243.  928. 2242. 2208.  963.]","[2239. 2240.  926. 2232. 2235.  929. 1975. 2246.  924. 1968. 2239.  923.
 1886. 2232.  929. 2240. 2181.  991.]","[-16.375    4.894   68.027    0.       0.       0.1831  -0.0864  -0.272
   0.9487]",120
7,0,"[[-0.29817353 -0.29593272  0.33406728]
 [ 0.09849133 -0.30473281  0.32526719]
 [ 0.23658163 -0.2998595   0.3301405 ]
 [-0.2791874   0.29583791 -0.33416209]
 [ 0.13619258  0.30901213 -0.32098787]
 [-0.29771624  0.26480151 -0.36519849]]","[2242. 2240.  931. 2230. 2240.  931. 1983. 2246.  925. 1959. 2249.  922.
 1893. 2243.  928. 2242. 2220.  951.]","[2240. 2240.  926. 2232. 2234.  929. 1977. 2246.  924. 1965. 2239.  923.
 1887. 2232.  929. 2241. 2191.  981.]","[-16.375    4.9     68.038   -0.1221  -0.1831   0.3052  -0.0796  -0.2695
   0.96  ]",120
8,0,"[[-0.29898462 -0.29534411  0.33465589]
 [ 0.09483061 -0.30485549  0.32514451]
 [ 0.23479697 -0.29999739  0.33000261]
 [-0.27839844  0.29597235 -0.33402765]
 [ 0.14017446  0.30906569 -0.32093431]
 [-0.29757391  0.28378379 -0.34621621]]","[2242. 2240.  931. 2229. 2240.  931. 1986. 2246.  925. 1956. 2249.  922.
 1894. 2243.  928. 2241. 2232.  938.]","[2240. 2240.  926. 2231. 2235.  929. 1979. 2246.  924. 1963. 2239.  923.
 1889. 2232.  929. 2242. 2200.  973.]","[-1.6370e+01  4.8940e+00  6.8055e+01 -6.1000e-02 -1.2210e-01  2.4410e-01
 -7.9100e-02 -2.7830e-01  9.5750e-01]",120
9,0,"[[-0.29972135 -0.29477842  0.33522158]
 [ 0.0911476  -0.30497701  0.32502299]
 [ 0.23298405 -0.30013491  0.32986509]
 [-0.27759437  0.29610716 -0.33389284]
 [ 0.14412798  0.30911705 -0.32088295]
 [-0.29741992  0.29140019 -0.33859981]]","[2243. 2240.  931. 2228. 2241.  930. 1988. 2246.  925. 1954. 2249.  922.
 1896. 2243.  928. 2241. 2237.  934.]","[2241. 2239.  927. 2230. 2235.  930. 1981. 2246.  924. 1961. 2240.  923.
 1890. 2232.  929. 2242. 2209.  962.]","[-1.637e+01  4.894e+00  6.806e+01 -6.100e-02 -6.100e-02  1.221e-01
 -8.640e-02 -2.881e-01  9.570e-01]",120
10,0,"[[-0.30038353 -0.29423808  0.33576192]
 [ 0.08744288 -0.30509735  0.32490265]
 [ 0.23114279 -0.30027204  0.32972796]
 [-0.27677516  0.29624231 -0.33375769]
 [ 0.14805221  0.30916621 -0.32083379]
 [-0.29724706  0.29148117 -0.33851883]]","[2243. 2239.  932. 2228. 2241.  930. 1990. 2246.  925. 1951. 2249.  922.
 1897. 2243.  928. 2241. 2238.  933.]","[2242. 2239.  927. 2228. 2234.  928. 1985. 2246.  925. 1957. 2240.  923.
 1892. 2231.  930. 2241. 2220.  950.]","[-16.37     4.894   68.071   -0.3662  -0.1221   0.3662  -0.0762  -0.2852
   0.9409]",120
11,0,"[[-0.300971   -0.29372545  0.33627455]
 [ 0.08371702 -0.30521649  0.32478351]
 [ 0.22927312 -0.30040876  0.32959124]
 [-0.27594078  0.29637776 -0.33362224]
 [ 0.15194621  0.30921316 -0.32078684]
 [-0.29705194  0.2915646  -0.3384354 ]]","[2244. 2239.  932. 2227. 2241.  930. 1993. 2246.  924. 1948. 2249.  922.
 1898. 2243.  928. 2241. 2238.  933.]","[2242. 2238.  927. 2228. 2235.  928. 1986. 2246.  925. 1955. 2240.  923.
 1893. 2232.  929. 2241. 2223.  947.]","[-16.386    4.889   68.088   -0.7324  -0.4272   0.2441  -0.0884  -0.2812
   0.9683]",120
12,0,"[[-0.30148365 -0.29324278  0.33675722]
 [ 0.0799706  -0.30533441  0.32466559]
 [ 0.22737497 -0.30054504  0.32945496]
 [-0.27509119  0.29651347 -0.33348653]
 [ 0.15580906  0.30925788 -0.32074212]
 [-0.29683313  0.29165043 -0.33834957]]","[2244. 2239.  932. 2227. 2241.  930. 1995. 2247.  924. 1946. 2249.  922.
 1899. 2243.  928. 2241. 2238.  933.]","[2242. 2238.  928. 2227. 2235.  928. 1988. 2245.  926. 1951. 2241.  923.
 1894. 2231.  930. 2241. 2226.  944.]","[-16.414    4.872   68.104   -0.9766  -0.8545   0.4272  -0.0684  -0.2891
   0.9375]",120
13,0,"[[-0.30192143 -0.29279223  0.33720777]
 [ 0.0762042  -0.3054511   0.3245489 ]
 [ 0.2254483  -0.30068087  0.32931913]
 [-0.27422637  0.29664941 -0.33335059]
 [ 0.15963985  0.30930037 -0.32069963]
 [-0.29659011  0.29173861 -0.33826139]]","[2244. 2238.  933. 2226. 2241.  930. 1998. 2247.  924. 1943. 2249.  922.
 1901. 2244.  927. 2241. 2238.  933.]","[2242. 2237.  928. 2227. 2235.  928. 1991. 2246.  926. 1948. 2241.  923.
 1895. 2232.  930. 2241. 2227.  942.]","[-16.452    4.845   68.137   -1.2207  -0.8545   0.6714  -0.0757  -0.2642
   0.9678]",120
14,0,"[[-0.30228458 -0.29237586  0.33762414]
 [ 0.07241841 -0.30556653  0.32443347]
 [ 0.22349302 -0.30081623  0.32918377]
 [-0.27334628  0.29678554 -0.33321446]
 [ 0.1634377   0.30934061 -0.32065939]
 [-0.29632285  0.29182908 -0.33817092]]","[2245. 2238.  933. 2226. 2241.  930. 2000. 2247.  924. 1941. 2249.  922.
 1902. 2244.  927. 2241. 2238.  933.]","[2243. 2237.  928. 2225. 2235.  928. 1994. 2246.  926. 1946. 2242.  923.
 1897. 2231.  930. 2241. 2228.  941.]","[-16.479    4.818   68.17    -0.1831  -0.6104   0.6104  -0.083   -0.2939
   0.9531]",120
15,0,"[[-0.30257422 -0.29199561  0.33800439]
 [ 0.06861369 -0.30568069  0.32431931]
 [ 0.22150909 -0.30095109  0.32904891]
 [-0.27245097  0.29692183 -0.33307817]
 [ 0.16720182  0.30937862 -0.32062138]
 [-0.29603156  0.29192178 -0.33807822]]","[2245. 2238.  933. 2225. 2241.  930. 2003. 2247.  924. 1939. 2249.  922.
 1903. 2244.  927. 2240. 2238.  933.]","[2243. 2236.  929. 2225. 2236.  928. 1995. 2246.  925. 1945. 2243.  923.
 1898. 2232.  930. 2240. 2227.  941.]","[-16.485    4.801   68.198   -0.3052  -0.4883   0.3662  -0.0864  -0.3003
   0.9526]",120
16,0,"[[-0.30279409 -0.2916533   0.3383467 ]
 [ 0.06478998 -0.30579355  0.32420645]
 [ 0.21949634 -0.30108543  0.32891457]
 [-0.27154085  0.29705824 -0.33294176]
 [ 0.17093201  0.30941437 -0.32058563]
 [-0.29571695  0.29201665 -0.33798335]]","[2245. 2238.  933. 2225. 2241.  930. 2005. 2247.  924. 1936. 2249.  922.
 1904. 2244.  927. 2240. 2238.  933.]","[2245. 2237.  929. 2224. 2236.  927. 1998. 2246.  925. 1943. 2243.  923.
 1899. 2232.  930. 2240. 2228.  941.]","[-16.49     4.79    68.214    0.      -0.1831  -0.1221  -0.0913  -0.3096
   0.9482]",120
17,0,"[[-0.30295106 -0.29101422  0.33898578]
 [ 0.06094398 -0.3059051   0.3240949 ]
 [ 0.21745404 -0.30121924  0.32878076]
 [-0.27061846  0.29719474 -0.33280526]
 [ 0.17463114  0.30944786 -0.32055214]
 [-0.29538205  0.29211364 -0.33788636]]","[2245. 2237.  934. 2224. 2241.  930. 2008. 2247.  924. 1934. 2249.  922.
 1906. 2244.  927. 2240. 2238.  933.]","[2246. 2236.  929. 2224. 2236.  928. 2000. 2246.  925. 1941. 2243.  923.
 1900. 2232.  930. 2240. 2228.  941.]","[-1.6490e+01  4.7850e+00  6.8203e+01  0.0000e+00  6.1000e-02 -4.2720e-01
 -9.4700e-02 -3.0470e-01  9.4630e-01]",120
18,0,"[[-0.30277914 -0.22562083  0.40437917]
 [ 0.05704448 -0.30601533  0.32398467]
 [ 0.21537644 -0.30135251  0.32864749]
 [-0.2697053   0.29733129 -0.33266871]
 [ 0.17832828  0.30947909 -0.32052091]
 [-0.29505063  0.29221269 -0.33778731]]","[2245. 2195.  976. 2223. 2241.  930. 2010. 2247.  924. 1931. 2249.  922.
 1907. 2244.  927. 2240. 2238.  933.]","[2246. 2236.  929. 2223. 2236.  928. 2003. 2246.  924. 1939. 2243.  923.
 1901. 2232.  930. 2240. 2228.  941.]","[-1.6496e+01  4.7850e+00  6.8192e+01  0.0000e+00  6.1000e-02 -2.4410e-01
 -8.7900e-02 -3.0220e-01  9.4380e-01]",120
19,0,"[[-0.30102919 -0.17050511  0.45949489]
 [ 0.0530056  -0.30612421  0.32387579]
 [ 0.21323248 -0.30148521  0.32851479]
 [-0.26883535  0.29746787 -0.33253213]
 [ 0.18209598  0.30950805 -0.32049195]
 [-0.29477036  0.29231374 -0.33768626]]","[2244. 2159. 1012. 2223. 2241.  930. 2013. 2247.  924. 1929. 2249.  922.
 1908. 2244.  927. 2240. 2238.  933.]","[2246. 2224.  946. 2223. 2236.  927. 2006. 2244.  925. 1936. 2243.  923.
 1902. 2232.  930. 2240. 2228.  941.]","[-1.6507e+01  4.7850e+00  6.8181e+01  0.0000e+00  0.0000e+00  0.0000e+00
 -6.4500e-02 -2.9100e-01  9.5610e-01]",120
20,0,"[[-0.29749323 -0.12601653  0.50398347]
 [ 0.0488038  -0.30623178  0.32376822]
 [ 0.21098551 -0.30161735  0.32838265]
 [-0.26797211  0.29760444 -0.33239556]
 [ 0.18594018  0.30953475 -0.32046525]
 [-0.29452226  0.29241671 -0.33758329]]","[2241. 2130. 1041. 2222. 2242.  929. 2016. 2247.  924. 1926. 2249.  922.
 1910. 2244.  927. 2239. 2238.  933.]","[2243. 2209.  963. 2223. 2236.  927. 2008. 2241.  925. 1934. 2243.  923.
 1903. 2232.  930. 2240. 2229.  941.]","[-1.6512e+01  4.7790e+00  6.8181e+01 -1.2210e-01 -4.2720e-01 -2.4410e-01
 -2.2000e-02 -2.6170e-01  8.8180e-01]",120
21,0,"[[-0.29219431 -0.09274064  0.53725936]
 [ 0.04443638 -0.30633802  0.32366198]
 [ 0.20861495 -0.30174895  0.32825105]
 [-0.26708627  0.29774098 -0.33225902]
 [ 0.18985157  0.30955918 -0.32044082]
 [-0.29428845  0.29252152 -0.33747848]]","[2238. 2108. 1063. 2222. 2242.  929. 2019. 2247.  924. 1924. 2249.  922.
 1912. 2244.  927. 2239. 2238.  933.]","[2242. 2173.  999. 2222. 2235.  927. 2011. 2241.  926. 1930. 2244.  923.
 1903. 2232.  930. 2239. 2230.  940.]","[-16.556    4.686   68.17    -1.8311  -4.0283  -1.5869  -0.1431  -0.2573
   0.7642]",120
22,0,"[[-0.28516383 -0.07088616  0.55911384]
 [ 0.03990278 -0.30644296  0.32355704]
 [ 0.2061085  -0.30188001  0.32811999]
 [-0.26616096  0.29787747 -0.33212253]
 [ 0.19382153  0.30958134 -0.32041866]
 [-0.29406031  0.29262813 -0.33737187]]","[2233. 2094. 1077. 2221. 2242.  929. 2021. 2247.  924. 1921. 2249.  922.
 1913. 2244.  927. 2239. 2238.  933.]","[2244. 2149. 1022. 2221. 2235.  929. 2013. 2242.  926. 1928. 2244.  923.
 1904. 2231.  930. 2239. 2231.  939.]","[-16.683    4.493   68.203   -4.4556  -6.0425   0.1221  -0.2588  -0.2822
   0.9614]",120
23,0,"[[-0.27644346 -0.06055692  0.56944308]
 [ 0.03520378 -0.3065466   0.3234534 ]
 [ 0.20345764 -0.30201056  0.32798944]
 [-0.26518471  0.29801389 -0.33198611]
 [ 0.19784144  0.30960123 -0.32039877]
 [-0.29383304  0.29273646 -0.33726354]]","[2228. 2087. 1084. 2220. 2242.  929. 2025. 2247.  924. 1919. 2249.  922.
 1915. 2244.  927. 2239. 2238.  933.]","[2242. 2133. 1038. 2220. 2235.  930. 2015. 2242.  925. 1926. 2244.  923.
 1905. 2232.  930. 2239. 2232.  938.]","[-16.831    4.373   68.318   -3.418   -2.9297   3.1738  -0.1206  -0.2935
   1.2539]",120
24,0,"[[-0.26608487 -0.06203576  0.56796424]
 [ 0.03034118 -0.30664894  0.32335106]
 [ 0.20065572 -0.3021406   0.3278594 ]
 [-0.26414839  0.29815023 -0.33184977]
 [ 0.20190244  0.30961884 -0.32038116]
 [-0.29360328  0.29284644 -0.33715356]]","[2221. 2088. 1083. 2220. 2242.  929. 2028. 2247.  924. 1916. 2249.  922.
 1917. 2244.  927. 2239. 2238.  933.]","[2236. 2116. 1056. 2220. 2235.  928. 2018. 2241.  925. 1923. 2244.  924.
 1907. 2232.  928. 2239. 2232.  938.]","[-16.886    4.4     68.417   -0.2441   1.5259   1.4648   0.0918  -0.2573
   0.9507]",120
25,0,"[[-0.25414945 -0.06792065  0.56207935]
 [ 0.02531763 -0.30674999  0.32325001]
 [ 0.19769717 -0.30227015  0.32772985]
 [-0.26304385  0.29828649 -0.33171351]
 [ 0.20599526  0.30963417 -0.32036583]
 [-0.29336804  0.29295803 -0.33704197]]","[2213. 2092. 1079. 2219. 2242.  929. 2031. 2247.  923. 1913. 2249.  922.
 1919. 2245.  926. 2239. 2238.  932.]","[2228. 2106. 1067. 2219. 2235.  927. 2021. 2242.  925. 1921. 2244.  924.
 1909. 2232.  926. 2239. 2233.  937.]","[-1.6897e+01  4.4380e+00  6.8379e+01 -6.7140e-01  7.9350e-01 -2.8076e+00
  3.7600e-02 -2.8030e-01  8.9750e-01]",120
26,0,"[[-0.24070793 -0.06844354  0.56155646]
 [ 0.02013658 -0.30684975  0.32315025]
 [ 0.19457716 -0.30239922  0.32760078]
 [-0.26186343  0.29842266 -0.33157734]
 [ 0.21011031  0.3096472  -0.3203528 ]
 [-0.29312425  0.29307114 -0.33692886]]","[2204. 2092. 1079. 2218. 2242.  929. 2034. 2248.  923. 1911. 2249.  922.
 1921. 2245.  926. 2239. 2239.  932.]","[2220. 2101. 1071. 2218. 2235.  927. 2024. 2242.  925. 1918. 2244.  924.
 1911. 2232.  926. 2239. 2233.  936.]","[-1.6919e+01  4.4060e+00  6.8247e+01 -6.1040e-01  6.1000e-02 -3.7231e+00
 -6.1000e-02 -3.1840e-01  9.9760e-01]",120
27,0,"[[-0.22583996 -0.06824988  0.56175012]
 [ 0.01480223 -0.30694822  0.32305178]
 [ 0.19129148 -0.30252784  0.32747216]
 [-0.2605997   0.29855873 -0.33144127]
 [ 0.21423764  0.30965792 -0.32034208]
 [-0.2928686   0.29318573 -0.33681427]]","[2195. 2092. 1079. 2217. 2242.  929. 2038. 2248.  923. 1908. 2249.  922.
 1923. 2245.  926. 2238. 2239.  932.]","[2214. 2098. 1075. 2217. 2235.  927. 2028. 2241.  924. 1916. 2245.  923.
 1914. 2232.  926. 2239. 2234.  936.]","[-1.6930e+01  4.3730e+00  6.8137e+01  6.1000e-02  6.1040e-01 -1.7090e+00
 -8.4500e-02 -3.2520e-01  9.6440e-01]",120
28,0,"[[-0.20963366 -0.06801619  0.56198381]
 [ 0.00931951 -0.3070454   0.3229546 ]
 [ 0.18783651 -0.30265601  0.32734399]
 [-0.25924539  0.29869471 -0.33130529]
 [ 0.21836707  0.30966636 -0.32033364]
 [-0.29259747  0.29330173 -0.33669827]]","[2184. 2092. 1079. 2217. 2242.  929. 2041. 2248.  923. 1905. 2249.  922.
 1925. 2245.  926. 2238. 2239.  932.]","[2209. 2096. 1077. 2217. 2235.  927. 2030. 2241.  925. 1914. 2245.  923.
 1916. 2232.  927. 2239. 2235.  935.]","[-1.6924e+01  4.3670e+00  6.8104e+01  6.1000e-02  6.1000e-02 -6.1000e-02
 -7.3700e-02 -3.2810e-01  8.7790e-01]",120
29,0,"[[-0.19218505 -0.0678558   0.5621442 ]
 [ 0.00369406 -0.30714128  0.32285872]
 [ 0.18420921 -0.30278375  0.32721625]
 [-0.25779336  0.2988306  -0.3311694 ]
 [ 0.22248815  0.30967259 -0.32032741]
 [-0.2923069   0.29341909 -0.33658091]]","[2173. 2092. 1079. 2216. 2242.  929. 2045. 2248.  923. 1902. 2249.  922.
 1927. 2245.  926. 2238. 2239.  932.]","[2204. 2095. 1078. 2216. 2235.  927. 2033. 2242.  925. 1911. 2245.  923.
 1918. 2232.  927. 2238. 2235.  935.]","[-16.941    4.351   68.115   -0.5493  -0.9766   0.4883  -0.103   -0.3354
   0.9551]",120
30,0,"[[-0.17359754 -0.06779923  0.56220077]
 [-0.00206784 -0.30723586  0.32276414]
 [ 0.1804071  -0.30291108  0.32708892]
 [-0.25623665  0.2989664  -0.3310336 ]
 [ 0.22659031  0.30967682 -0.32032318]
 [-0.29199265  0.29353776 -0.33646224]]","[2161. 2092. 1079. 2215. 2242.  929. 2049. 2248.  923. 1900. 2249.  922.
 1930. 2245.  926. 2238. 2239.  932.]","[2195. 2094. 1078. 2215. 2235.  927. 2036. 2242.  924. 1908. 2245.  923.
 1920. 2232.  927. 2238. 2235.  935.]","[-1.6957e+01  4.3290e+00  6.8154e+01 -1.2210e-01 -4.8830e-01  8.5450e-01
 -6.5900e-02 -3.1100e-01  9.6830e-01]",120
31,0,"[[-0.1539813  -0.0678658   0.5621342 ]
 [-0.00795926 -0.30732912  0.32267088]
 [ 0.17642829 -0.303038    0.326962  ]
 [-0.25456843  0.29910212 -0.33089788]
 [ 0.23066287  0.30967897 -0.32032103]
 [-0.29165018  0.29365769 -0.33634231]]","[2148. 2092. 1079. 2213. 2242.  928. 2053. 2248.  923. 1897. 2249.  922.
 1932. 2245.  926. 2238. 2239.  932.]","[2181. 2094. 1078. 2215. 2235.  926. 2038. 2241.  924. 1906. 2245.  923.
 1921. 2232.  926. 2237. 2235.  935.]","[-1.6963e+01  4.3230e+00  6.8170e+01  2.4410e-01  0.0000e+00  0.0000e+00
 -5.8600e-02 -3.0470e-01  9.4430e-01]",120
32,0,"[[-0.13345256 -0.0680748   0.5619252 ]
 [-0.01397267 -0.30742107  0.32257893]
 [ 0.17227148 -0.30316452  0.32683548]
 [-0.25278209  0.29923777 -0.33076223]
 [ 0.23469516  0.30966688 -0.32033312]
 [-0.29127471  0.29377883 -0.33622117]]","[2134. 2092. 1079. 2212. 2243.  928. 2057. 2248.  923. 1895. 2249.  922.
 1935. 2245.  926. 2237. 2239.  932.]","[2170. 2094. 1078. 2214. 2235.  926. 2042. 2242.  924. 1904. 2245.  923.
 1924. 2232.  926. 2238. 2235.  935.]","[-1.6957e+01  4.3180e+00  6.8159e+01  3.0520e-01  1.2210e-01 -6.1040e-01
 -6.4900e-02 -2.7150e-01  9.6440e-01]",120
33,0,"[[-0.11213297 -0.06844743  0.56155257]
 [-0.02009998 -0.30751168  0.32248832]
 [ 0.16793601 -0.30329066  0.32670934]
 [-0.2508712   0.29937336 -0.33062664]
 [ 0.23867651  0.30959002 -0.32040998]
 [-0.29086122  0.29390114 -0.33609886]]","[2121. 2092. 1079. 2211. 2243.  928. 2061. 2248.  923. 1892. 2249.  922.
 1938. 2245.  926. 2237. 2239.  932.]","[2157. 2095. 1078. 2212. 2235.  926. 2045. 2242.  925. 1901. 2245.  924.
 1926. 2232.  925. 2237. 2235.  935.]","[-16.952    4.312   68.126    0.3052   0.3052  -0.9155  -0.0835  -0.2598
   0.959 ]",120
34,0,"[[-0.12466252 -0.06631856  0.56368144]
 [-0.01651217 -0.30743854  0.32256146]
 [ 0.17263305 -0.30278525  0.32721475]
 [-0.25200324  0.29927816 -0.33072184]
 [ 0.23636023  0.30963774 -0.32036226]
 [-0.29110762  0.29382138 -0.33617862]]","[2129. 2091. 1080. 2212. 2243.  928. 2058. 2248.  923. 1893. 2249.  922.
 1935. 2245.  926. 2237. 2239.  932.]","[2144. 2094. 1078. 2211. 2235.  926. 2049. 2242.  925. 1899. 2245.  923.
 1929. 2232.  925. 2236. 2235.  935.]","[-16.946    4.307   68.088    0.       0.1221  -0.8545  -0.0781  -0.2642
   0.9404]",120
35,0,"[[-0.10305058 -0.06664152  0.56335848]
 [-0.0226844  -0.30752911  0.32247089]
 [ 0.16822999 -0.30291606  0.32708394]
 [-0.25003866  0.29941384 -0.33058616]
 [ 0.24031724  0.3095249  -0.3204751 ]
 [-0.29067676  0.29394412 -0.33605588]]","[2115. 2091. 1080. 2210. 2243.  928. 2062. 2248.  923. 1891. 2249.  922.
 1938. 2245.  926. 2237. 2239.  932.]","[2133. 2094. 1078. 2210. 2235.  925. 2051. 2242.  924. 1897. 2245.  924.
 1930. 2232.  924. 2236. 2235.  935.]","[-1.6946e+01  4.3010e+00  6.8060e+01 -2.4410e-01 -6.1000e-02 -6.7140e-01
 -8.2000e-02 -2.8120e-01  9.6240e-01]",120
36,0,"[[-0.08082797 -0.0671621   0.5628379 ]
 [-0.02895816 -0.30761832  0.32238168]
 [ 0.16364834 -0.30304653  0.32695347]
 [-0.24794087  0.29954948 -0.33045052]
 [ 0.2442084   0.30935503 -0.32064497]
 [-0.29020041  0.29406799 -0.33593201]]","[2100. 2091. 1080. 2209. 2243.  928. 2066. 2248.  923. 1888. 2249.  922.
 1941. 2245.  926. 2237. 2239.  932.]","[2125. 2094. 1078. 2209. 2235.  925. 2053. 2242.  924. 1895. 2245.  924.
 1932. 2232.  924. 2236. 2236.  935.]","[-1.6952e+01  4.2960e+00  6.8033e+01 -1.8310e-01  6.1000e-02 -6.1040e-01
 -7.2300e-02 -3.0130e-01  9.5310e-01]",120
37,0,"[[-0.05812636 -0.06790672  0.56209328]
 [-0.03532416 -0.30770615  0.32229385]
 [ 0.15888894 -0.30317668  0.32682332]
 [-0.24570405  0.2996851  -0.3303149 ]
 [ 0.24802342  0.30913227 -0.32086773]
 [-0.28967308  0.29419294 -0.33580706]]","[2085. 2092. 1079. 2208. 2243.  928. 2071. 2248.  923. 1886. 2249.  922.
 1944. 2245.  926. 2236. 2239.  932.]","[2121. 2093. 1079. 2207. 2235.  925. 2056. 2242.  924. 1894. 2245.  924.
 1935. 2233.  924. 2236. 2236.  935.]","[-16.957    4.29    68.005   -0.3662   0.1221  -0.7935  -0.0786  -0.3179
   0.9346]",120
38,0,"[[-0.0350803  -0.068904    0.561096  ]
 [-0.04177266 -0.30779257  0.32220743]
 [ 0.15395323 -0.30330651  0.32669349]
 [-0.24332271  0.2998207  -0.3301793 ]
 [ 0.25175222  0.30885903 -0.32114097]
 [-0.28908912  0.29431894 -0.33568106]]","[2070. 2092. 1079. 2206. 2243.  928. 2075. 2248.  923. 1883. 2249.  922.
 1947. 2245.  926. 2236. 2239.  932.]","[2107. 2093. 1079. 2206. 2235.  926. 2060. 2242.  924. 1891. 2245.  924.
 1937. 2233.  924. 2235. 2236.  934.]","[-1.6979e+01  4.2850e+00  6.7978e+01 -4.2720e-01  6.1000e-02 -6.7140e-01
 -9.3300e-02 -3.3540e-01  9.4190e-01]",120
39,0,"[[-0.01182634 -0.0701847   0.5598153 ]
 [-0.04829355 -0.30787757  0.32212243]
 [ 0.14884334 -0.30343601  0.32656399]
 [-0.24079167  0.2999563  -0.3300437 ]
 [ 0.25538506  0.30853769 -0.32146231]
 [-0.28844276  0.29444598 -0.33555402]]","[2055. 2093. 1078. 2204. 2243.  928. 2079. 2248.  923. 1881. 2249.  922.
 1950. 2245.  926. 2236. 2239.  932.]","[2096. 2094. 1078. 2206. 2235.  925. 2062. 2242.  924. 1890. 2245.  923.
 1939. 2232.  923. 2235. 2236.  934.]","[-1.6996e+01  4.2850e+00  6.7967e+01 -2.4410e-01  0.0000e+00 -1.2210e-01
 -5.5200e-02 -3.2960e-01  9.3160e-01]",120
40,0,"[[ 0.01149769 -0.07178167  0.55821833]
 [-0.05487639 -0.30796111  0.32203889]
 [ 0.14356199 -0.30356518  0.32643482]
 [-0.23810609  0.30009191 -0.32990809]
 [ 0.25891255  0.30817084 -0.32182916]
 [-0.2877281   0.29457402 -0.33542598]]","[2040. 2094. 1077. 2203. 2243.  928. 2083. 2248.  923. 1879. 2248.  923.
 1954. 2245.  926. 2235. 2240.  931.]","[2081. 2093. 1078. 2204. 2235.  926. 2066. 2242.  924. 1887. 2245.  923.
 1941. 2232.  924. 2235. 2236.  934.]","[-1.7012e+01  4.2790e+00  6.7972e+01 -1.2210e-01 -1.8310e-01  1.2210e-01
 -4.5400e-02 -3.2320e-01  9.6480e-01]",120
41,0,"[[ 0.03475359 -0.07372975  0.55627025]
 [-0.06151042 -0.30804317  0.32195683]
 [ 0.1381126  -0.30369402  0.32630598]
 [-0.23526151  0.30022755 -0.32977245]
 [ 0.26232569  0.30776121 -0.32223879]
 [-0.28693916  0.29470304 -0.33529696]]","[2025. 2096. 1075. 2201. 2243.  928. 2088. 2248.  923. 1876. 2248.  923.
 1957. 2245.  925. 2235. 2240.  931.]","[2066. 2093. 1078. 2203. 2235.  925. 2071. 2242.  924. 1885. 2245.  923.
 1944. 2232.  924. 2235. 2236.  934.]","[-1.7012e+01  4.2740e+00  6.7967e+01  1.8310e-01  0.0000e+00 -1.8310e-01
 -3.2200e-02 -2.7830e-01  9.7360e-01]",120
42,0,"[[ 0.05780354 -0.07606568  0.55393432]
 [-0.06818466 -0.30812371  0.32187629]
 [ 0.13249917 -0.30382253  0.32617747]
 [-0.23225389  0.30036324 -0.32963676]
 [ 0.26561599  0.30731167 -0.32268833]
 [-0.28606986  0.29483302 -0.33516698]]","[2010. 2097. 1074. 2199. 2243.  928. 2092. 2248.  923. 1874. 2248.  923.
 1961. 2246.  925. 2234. 2240.  931.]","[2051. 2095. 1077. 2201. 2235.  925. 2074. 2242.  924. 1882. 2245.  924.
 1947. 2232.  924. 2234. 2237.  934.]","[-17.007    4.268   67.945    0.3052   0.1831  -0.5493  -0.0967  -0.2832
   0.9551]",120
43,0,"[[ 0.08051095 -0.078828    0.551172  ]
 [-0.07488796 -0.30820271  0.32179729]
 [ 0.12672637 -0.30395068  0.32604932]
 [-0.22907959  0.30049898 -0.32950102]
 [ 0.26877543  0.30682522 -0.32317478]
 [-0.28511409  0.29496396 -0.33503604]]","[1995. 2099. 1072. 2197. 2243.  928. 2096. 2248.  923. 1872. 2248.  923.
 1965. 2246.  925. 2233. 2240.  931.]","[2034. 2096. 1074. 2199. 2236.  925. 2079. 2242.  924. 1880. 2245.  924.
 1951. 2233.  923. 2233. 2237.  934.]","[-1.7001e+01  4.2630e+00  6.7939e+01  6.1000e-02  0.0000e+00  0.0000e+00
 -8.5400e-02 -2.7390e-01  9.2430e-01]",120
44,0,"[[ 0.10274124 -0.08205698  0.54794302]
 [-0.08160898 -0.30828013  0.32171987]
 [ 0.12079949 -0.30407848  0.32592152]
 [-0.22573546  0.30063479 -0.32936521]
 [ 0.27179657  0.30630497 -0.32369503]
 [-0.28406569  0.29509583 -0.33490417]]","[1981. 2101. 1070. 2195. 2243.  927. 2101. 2248.  923. 1870. 2247.  924.
 1969. 2246.  925. 2233. 2240.  931.]","[2019. 2098. 1073. 2197. 2235.  925. 2084. 2242.  924. 1878. 2245.  924.
 1954. 2233.  923. 2233. 2237.  933.]","[-1.7007e+01  4.2570e+00  6.7945e+01 -2.4410e-01 -3.0520e-01  6.1000e-02
 -8.7900e-02 -2.8270e-01  9.5650e-01]",120
45,0,"[[ 0.12436268 -0.08579443  0.54420557]
 [-0.08833635 -0.30835592  0.32164408]
 [ 0.11472441 -0.3042059   0.3257941 ]
 [-0.22221881  0.30077067 -0.32922933]
 [ 0.27467255  0.30575409 -0.32424591]
 [-0.28291849  0.29522863 -0.33477137]]","[1966. 2103. 1068. 2192. 2244.  927. 2105. 2249.  922. 1868. 2247.  924.
 1973. 2246.  925. 2232. 2240.  931.]","[2007. 2099. 1072. 2196. 2236.  924. 2087. 2242.  925. 1876. 2245.  924.
 1957. 2233.  923. 2233. 2237.  934.]","[-1.7012e+01  4.2460e+00  6.7945e+01 -2.4410e-01 -1.2210e-01 -6.1000e-02
 -6.4900e-02 -2.8220e-01  9.6440e-01]",120
46,0,"[[ 0.14524714 -0.09008366  0.53991634]
 [-0.09505864 -0.30843007  0.32156993]
 [ 0.1085076  -0.30433293  0.32566707]
 [-0.21852746  0.30090665 -0.32909335]
 [ 0.27739716  0.30517585 -0.32482415]
 [-0.28166634  0.29536235 -0.33463765]]","[1953. 2106. 1065. 2190. 2244.  927. 2109. 2249.  922. 1867. 2246.  925.
 1977. 2246.  925. 2231. 2240.  931.]","[1986. 2102. 1069. 2192. 2236.  924. 2093. 2242.  924. 1872. 2245.  924.
 1963. 2233.  922. 2233. 2238.  933.]","[-1.7018e+01  4.2460e+00  6.7928e+01 -1.2210e-01  6.1000e-02 -6.1040e-01
 -6.5900e-02 -2.8660e-01  9.5510e-01]",120
47,0,"[[ 0.16527086 -0.09496926  0.53503074]
 [-0.10176444 -0.30850251  0.32149749]
 [ 0.10215611 -0.30445955  0.32554045]
 [-0.21465977  0.30104272 -0.32895728]
 [ 0.27996484  0.30457354 -0.32542646]
 [-0.28030313  0.29549699 -0.33450301]]","[1940. 2109. 1062. 2187. 2244.  927. 2114. 2249.  922. 1865. 2246.  925.
 1981. 2246.  925. 2230. 2240.  931.]","[1978. 2104. 1068. 2191. 2235.  924. 2095. 2242.  923. 1871. 2245.  925.
 1965. 2233.  922. 2232. 2238.  933.]","[-1.7023e+01  4.2350e+00  6.7896e+01 -2.4410e-01  6.1000e-02 -8.5450e-01
 -6.6900e-02 -2.8860e-01  9.4580e-01]",120
48,0,"[[ 0.18431518 -0.10049699  0.52950301]
 [-0.10844241 -0.30857323  0.32142677]
 [ 0.09567756 -0.30458573  0.32541427]
 [-0.21061465  0.3011789  -0.3288211 ]
 [ 0.28237076  0.3039505  -0.3260495 ]
 [-0.27882282  0.29563255 -0.33436745]]","[1927. 2113. 1058. 2185. 2244.  927. 2118. 2249.  922. 1863. 2246.  925.
 1985. 2246.  925. 2229. 2240.  931.]","[1964. 2106. 1065. 2188. 2236.  923. 2100. 2242.  923. 1869. 2244.  925.
 1969. 2234.  923. 2230. 2238.  933.]","[-17.034    4.224   67.868   -0.3662  -0.1221  -0.6714  -0.0752  -0.2905
   0.9609]",120
49,0,"[[ 0.20226724 -0.10671352  0.52328648]
 [-0.11508136 -0.30864216  0.32135784]
 [ 0.08908005 -0.30471146  0.32528854]
 [-0.20639157  0.30131518 -0.32868482]
 [ 0.28461076  0.30331009 -0.32668991]
 [-0.27721945  0.29576901 -0.33423099]]","[1916. 2117. 1054. 2182. 2244.  927. 2123. 2249.  922. 1862. 2245.  926.
 1989. 2246.  925. 2228. 2240.  931.]","[1950. 2110. 1063. 2186. 2235.  923. 2104. 2242.  923. 1867. 2245.  925.
 1973. 2234.  922. 2230. 2238.  933.]","[-17.045    4.219   67.852   -0.2441   0.      -0.3662  -0.0703  -0.2954
   0.9521]",120
50,0,"[[ 0.21902066 -0.11366633  0.51633367]
 [-0.12167026 -0.30870927  0.32129073]
 [ 0.08237219 -0.3048367   0.3251633 ]
 [-0.20199062  0.30145158 -0.32854842]
 [ 0.28668147  0.30265566 -0.32734434]
 [-0.27548722  0.29590638 -0.33409362]]","[1905. 2122. 1049. 2179. 2244.  927. 2127. 2249.  922. 1861. 2245.  926.
 1994. 2246.  925. 2227. 2240.  931.]","[1938. 2113. 1059. 2183. 2236.  923. 2109. 2242.  923. 1865. 2244.  926.
 1977. 2234.  922. 2229. 2238.  932.]","[-1.7051e+01  4.2130e+00  6.7841e+01 -2.4410e-01 -6.1000e-02 -3.0520e-01
 -6.5900e-02 -3.0470e-01  9.3950e-01]",120
51,0,"[[ 0.23447615 -0.12140337  0.50859663]
 [-0.12819831 -0.30877452  0.32122548]
 [ 0.07556306 -0.30496142  0.32503858]
 [-0.19741247  0.30158809 -0.32841191]
 [ 0.28858027  0.30199057 -0.32800943]
 [-0.27362048  0.29604467 -0.33395533]]","[1895. 2127. 1044. 2176. 2244.  927. 2131. 2249.  922. 1859. 2244.  927.
 1998. 2246.  925. 2226. 2240.  930.]","[1926. 2117. 1055. 2180. 2236.  923. 2113. 2242.  923. 1864. 2244.  927.
 1981. 2234.  922. 2228. 2238.  932.]","[-17.062    4.202   67.83    -0.2441  -0.1831  -0.2441  -0.0698  -0.3027
   0.9561]",120
52,0,"[[ 0.24854212 -0.12997286  0.50002714]
 [-0.134655   -0.30883786  0.32116214]
 [ 0.06866214 -0.30508558  0.32491442]
 [-0.19265844  0.30172471 -0.32827529]
 [ 0.29030528  0.30131815 -0.32868185]
 [-0.27161377  0.29618387 -0.33381613]]","[1885. 2132. 1039. 2173. 2244.  927. 2135. 2249.  922. 1858. 2244.  927.
 2003. 2246.  925. 2225. 2241.  930.]","[1915. 2121. 1050. 2177. 2235.  922. 2118. 2242.  923. 1862. 2244.  927.
 1985. 2235.  922. 2227. 2238.  932.]","[-1.7067e+01  4.1910e+00  6.7819e+01 -1.8310e-01 -6.1000e-02 -3.0520e-01
 -6.6400e-02 -3.0470e-01  9.5170e-01]",120
53,0,"[[ 0.26113523 -0.13942304  0.49057696]
 [-0.14103015 -0.30889925  0.32110075]
 [ 0.06167932 -0.30520917  0.32479083]
 [-0.18773044  0.30186145 -0.32813855]
 [ 0.29185545  0.30064171 -0.32935829]
 [-0.26946188  0.29632399 -0.33367601]]","[1877. 2138. 1033. 2170. 2244.  927. 2139. 2249.  922. 1857. 2243.  927.
 2007. 2246.  925. 2223. 2241.  930.]","[1900. 2127. 1044. 2173. 2235.  923. 2123. 2243.  924. 1860. 2243.  927.
 1991. 2234.  922. 2226. 2239.  931.]","[-17.078    4.186   67.808   -0.1831   0.      -0.3662  -0.0703  -0.3057
   0.9468]",120
54,0,"[[ 0.27218082 -0.14980182  0.48019818]
 [-0.14731393 -0.30895863  0.32104137]
 [ 0.05462482 -0.30533212  0.32466788]
 [-0.18263105  0.30199828 -0.32800172]
 [ 0.29323047  0.29996451 -0.33003549]
 [-0.26715988  0.29646502 -0.33353498]]","[1870. 2145. 1026. 2167. 2244.  927. 2144. 2249.  922. 1856. 2243.  928.
 2012. 2247.  924. 2222. 2241.  930.]","[1894. 2131. 1041. 2171. 2236.  922. 2126. 2242.  923. 1859. 2243.  928.
 1993. 2235.  922. 2225. 2239.  931.]","[-1.7084e+01  4.1800e+00  6.7791e+01 -1.2210e-01 -6.1000e-02 -3.6620e-01
 -7.1800e-02 -3.0130e-01  9.4820e-01]",120
55,0,"[[ 0.28161347 -0.16115652  0.46884348]
 [-0.15349697 -0.30901597  0.32098403]
 [ 0.04750917 -0.30545442  0.32454558]
 [-0.17736348  0.30213521 -0.32786479]
 [ 0.29443084  0.29928976 -0.33071024]
 [-0.26470312  0.29660698 -0.33339302]]","[1864. 2153. 1018. 2163. 2244.  927. 2148. 2249.  922. 1856. 2243.  928.
 2017. 2247.  924. 2220. 2241.  930.]","[1884. 2137. 1035. 2168. 2236.  922. 2130. 2242.  924. 1858. 2242.  928.
 1998. 2235.  921. 2223. 2240.  932.]","[-1.7089e+01  4.1750e+00  6.7780e+01 -1.2210e-01 -6.1000e-02 -2.4410e-01
 -7.2800e-02 -2.9930e-01  9.5510e-01]",120
56,0,"[[ 0.28937727 -0.1735335   0.4564665 ]
 [-0.15957034 -0.30907121  0.32092879]
 [ 0.04034313 -0.305576    0.324424  ]
 [-0.17193158  0.30227223 -0.32772777]
 [ 0.29545782  0.29862061 -0.33137939]
 [-0.26208734  0.29674986 -0.33325014]]","[1859. 2161. 1010. 2160. 2245.  926. 2152. 2249.  922. 1855. 2242.  929.
 2021. 2247.  924. 2218. 2241.  930.]","[1877. 2143. 1029. 2165. 2236.  922. 2135. 2242.  923. 1857. 2242.  928.
 2002. 2235.  920. 2221. 2240.  931.]","[-1.710e+01  4.169e+00  6.778e+01 -1.831e-01 -6.100e-02 -6.100e-02
 -7.760e-02 -2.974e-01  9.443e-01]",120
57,0,"[[ 0.2954262  -0.18697788  0.44302212]
 [-0.16552561 -0.30912431  0.32087569]
 [ 0.03313772 -0.30569683  0.32430317]
 [-0.16633983  0.30240932 -0.32759068]
 [ 0.29631343  0.29796014 -0.33203986]
 [-0.25930863  0.29689366 -0.33310634]]","[1855. 2169. 1002. 2156. 2245.  926. 2155. 2249.  922. 1854. 2242.  929.
 2026. 2247.  924. 2217. 2241.  930.]","[1868. 2153. 1019. 2160. 2236.  922. 2140. 2243.  923. 1856. 2242.  929.
 2008. 2236.  920. 2219. 2240.  931.]","[-1.7111e+01  4.1580e+00  6.7780e+01 -2.4410e-01 -1.8310e-01 -6.1000e-02
 -6.9300e-02 -2.9490e-01  9.4920e-01]",120
58,0,"[[ 0.29972443 -0.20153315  0.42846685]
 [-0.1713549  -0.30917523  0.32082477]
 [ 0.02590407 -0.30581686  0.32418314]
 [-0.16059335  0.30254646 -0.32745354]
 [ 0.29700046  0.29731136 -0.33268864]
 [-0.25636351  0.2970384  -0.3329616 ]]","[1852. 2179.  992. 2152. 2245.  926. 2159. 2249.  922. 1854. 2241.  930.
 2031. 2247.  924. 2215. 2241.  930.]","[1864. 2158. 1015. 2158. 2236.  922. 2142. 2242.  923. 1855. 2241.  929.
 2011. 2236.  920. 2219. 2240.  931.]","[-1.7117e+01  4.1580e+00  6.7764e+01 -1.8310e-01  0.0000e+00 -4.2720e-01
 -6.7400e-02 -2.9790e-01  9.6000e-01]",120
59,1,"[[ 0.30224632 -0.21724087  0.41275913]
 [-0.1770509  -0.30922392  0.32077608]
 [ 0.01865346 -0.30593605  0.32406395]
 [-0.15469787  0.30268364 -0.32731636]
 [ 0.29752249  0.29667718 -0.33332282]
 [-0.25324898  0.29718406 -0.33281594]]","[1850. 2189.  982. 2148. 2245.  926. 2163. 2249.  922. 1854. 2241.  930.
 2035. 2247.  924. 2213. 2241.  930.]","[1859. 2165. 1007. 2154. 2236.  922. 2146. 2243.  923. 1854. 2241.  929.
 2015. 2236.  920. 2217. 2240.  931.]","[-17.128    4.153   67.742   -0.1831   0.1221  -0.5493  -0.0791  -0.292
   0.9434]",120
60,1,"[[ 0.30298515 -0.2341402   0.3958598 ]
 [-0.18260952 -0.30927034  0.32072966]
 [ 0.0113972  -0.30605433  0.32394567]
 [-0.14866239  0.30282084 -0.32717916]
 [ 0.29788693  0.29606044 -0.33393956]
 [-0.24996517  0.29733065 -0.33266935]]","[1850. 2200.  971. 2144. 2245.  926. 2167. 2249.  922. 1853. 2241.  930.
 2040. 2247.  924. 2210. 2241.  930.]","[1855. 2177.  995. 2149. 2236.  922. 2152. 2242.  923. 1854. 2241.  929.
 2022. 2236.  920. 2214. 2240.  931.]","[-17.139    4.153   67.725   -0.3052   0.      -0.4272  -0.0698  -0.2979
   0.9438]",120
61,1,"[[ 0.30286922 -0.2521765   0.3778235 ]
 [-0.18807483 -0.30931443  0.32068557]
 [ 0.00414299 -0.30617166  0.32382834]
 [-0.14254352  0.30295803 -0.32704197]
 [ 0.2981447   0.29546387 -0.33453613]
 [-0.24656392  0.29747817 -0.33252183]]","[1850. 2212.  959. 2140. 2245.  926. 2170. 2249.  922. 1853. 2240.  931.
 2045. 2247.  924. 2208. 2241.  930.]","[1853. 2186.  990. 2145. 2236.  922. 2156. 2242.  923. 1853. 2241.  930.
 2027. 2237.  920. 2212. 2240.  931.]","[-17.155    4.147   67.72    -0.3662  -0.1221  -0.1221  -0.0688  -0.2998
   0.96  ]",120
62,1,"[[ 0.30267707 -0.27083116  0.35916884]
 [-0.19347487 -0.30935618  0.32064382]
 [-0.00311022 -0.30628799  0.32371201]
 [-0.13637966  0.30309517 -0.32690483]
 [ 0.29832067  0.29489009 -0.33510991]
 [-0.24308851  0.2976266  -0.3323734 ]]","[1850. 2224.  947. 2136. 2245.  926. 2174. 2249.  922. 1853. 2240.  931.
 2050. 2247.  924. 2206. 2242.  929.]","[1851. 2189.  983. 2143. 2236.  922. 2158. 2243.  923. 1853. 2240.  930.
 2030. 2237.  920. 2211. 2240.  931.]","[-1.7161e+01  4.1420e+00  6.7714e+01 -2.4410e-01  0.0000e+00 -1.2210e-01
 -5.6600e-02 -3.0320e-01  9.4870e-01]",120
63,1,"[[ 0.30241817 -0.29013018  0.33986982]
 [-0.19879314 -0.30939555  0.32060445]
 [-0.01036177 -0.30640328  0.32359672]
 [-0.13016474  0.30323223 -0.32676777]
 [ 0.29787899  0.29434137 -0.33565863]
 [-0.239536    0.29777589 -0.33222411]]","[1850. 2237.  934. 2132. 2245.  926. 2177. 2249.  922. 1853. 2239.  932.
 2054. 2247.  924. 2204. 2242.  929.]","[1851. 2197.  972. 2138. 2235.  922. 2162. 2243.  923. 1851. 2240.  930.
 2035. 2237.  920. 2208. 2240.  930.]","[-17.177    4.131   67.709   -0.3052  -0.1221  -0.1831  -0.0698  -0.2964
   0.9531]",120
64,1,"[[ 0.30208691 -0.29142704  0.33857296]
 [-0.20401633 -0.30943249  0.32056751]
 [-0.01760854 -0.30651746  0.32348254]
 [-0.12389504  0.30336916 -0.32663084]
 [ 0.29548704  0.29381822 -0.33618178]
 [-0.23590293  0.29792602 -0.33207398]]","[1851. 2237.  933. 2128. 2245.  926. 2180. 2249.  922. 1855. 2239.  932.
 2059. 2247.  924. 2201. 2242.  929.]","[1851. 2209.  962. 2134. 2235.  922. 2166. 2245.  923. 1851. 2239.  931.
 2040. 2238.  919. 2206. 2241.  930.]","[-17.177    4.147   67.709    0.       0.2441   0.1221  -0.0884  -0.3062
   0.9683]",120
65,1,"[[ 0.30168132 -0.29150969  0.33849031]
 [-0.20913602 -0.30946697  0.32053303]
 [-0.02484647 -0.30663048  0.32336952]
 [-0.11757071  0.30350589 -0.32649411]
 [ 0.29101178  0.2933234  -0.3366766 ]
 [-0.23218836  0.29807695 -0.33192305]]","[1851. 2238.  933. 2124. 2245.  926. 2184. 2249.  922. 1858. 2239.  932.
 2064. 2247.  924. 2199. 2242.  929.]","[1851. 2216.  953. 2130. 2235.  922. 2170. 2247.  923. 1852. 2239.  931.
 2044. 2238.  919. 2203. 2240.  930.]","[-1.7155e+01  4.1860e+00  6.7714e+01  4.8830e-01  9.1550e-01  4.2720e-01
 -5.7600e-02 -3.1880e-01  9.8630e-01]",120
66,1,"[[ 0.30120092 -0.29159505  0.33840495]
 [-0.21414646 -0.30949893  0.32050107]
 [-0.03207119 -0.30674228  0.32325772]
 [-0.11119385  0.3036424  -0.3263576 ]
 [ 0.28444585  0.29286001 -0.33713999]
 [-0.22839284  0.29822862 -0.33177138]]","[1851. 2238.  933. 2120. 2245.  926. 2187. 2249.  922. 1862. 2238.  933.
 2068. 2247.  924. 2196. 2242.  929.]","[1851. 2220.  949. 2127. 2236.  922. 2174. 2248.  923. 1853. 2238.  932.
 2049. 2239.  919. 2201. 2240.  930.]","[-17.1      4.274   67.72     1.4038   2.1362   0.7324  -0.0728  -0.3564
   1.0044]",120
67,1,"[[ 0.30064565 -0.29168308  0.33831692]
 [-0.21904328 -0.30952835  0.32047165]
 [-0.03927826 -0.30685281  0.32314719]
 [-0.10476748  0.30377862 -0.32622138]
 [ 0.27581185  0.29243038 -0.33756962]
 [-0.22451759  0.29838102 -0.33161898]]","[1852. 2238.  933. 2116. 2246.  925. 2190. 2249.  922. 1868. 2238.  933.
 2073. 2248.  923. 2194. 2242.  929.]","[1851. 2223.  946. 2123. 2235.  922. 2178. 2250.  923. 1855. 2238.  932.
 2053. 2240.  920. 2199. 2240.  930.]","[-1.7045e+01  4.3670e+00  6.7703e+01  1.7090e+00  2.5024e+00  4.2720e-01
 -3.4000e-03 -3.2810e-01  8.9500e-01]",120
68,1,"[[ 0.30001562 -0.29177374  0.33822626]
 [-0.22382279 -0.30955519  0.32044481]
 [-0.04646327 -0.30696201  0.32303799]
 [-0.09829499  0.30391451 -0.32608549]
 [ 0.26515666  0.29203659 -0.33796341]
 [-0.22056415  0.29853408 -0.33146592]]","[1852. 2238.  933. 2112. 2246.  925. 2193. 2249.  922. 1875. 2238.  933.
 2078. 2248.  923. 2191. 2242.  929.]","[1852. 2224.  944. 2120. 2236.  922. 2183. 2250.  923. 1859. 2237.  933.
 2057. 2240.  920. 2197. 2240.  930.]","[-16.99     4.438   67.676    1.709    2.0752  -0.1221  -0.0737  -0.3423
   0.936 ]",120
69,1,"[[ 0.29931097 -0.291867    0.338133  ]
 [-0.2284816  -0.30957941  0.32042059]
 [-0.05362182 -0.30706983  0.32293017]
 [-0.09177991  0.30405002 -0.32594998]
 [ 0.25254848  0.29168057 -0.33831943]
 [-0.21653423  0.29868778 -0.33131222]]","[1852. 2238.  933. 2107. 2246.  925. 2196. 2249.  922. 1883. 2238.  933.
 2082. 2248.  923. 2189. 2242.  929.]","[1852. 2224.  943. 2116. 2235.  922. 2185. 2250.  923. 1862. 2237.  933.
 2060. 2240.  920. 2194. 2240.  930.]","[-16.952    4.477   67.659    1.3428   1.3428   0.      -0.0825  -0.3071
   0.9204]",120
70,1,"[[ 0.29853187 -0.29196282  0.33803718]
 [-0.23301653 -0.30960098  0.32039902]
 [-0.06074952 -0.30717622  0.32282378]
 [-0.08522586  0.3041851  -0.3258149 ]
 [ 0.23807501  0.29136405 -0.33863595]
 [-0.21242956  0.29884206 -0.33115794]]","[1853. 2238.  933. 2103. 2246.  925. 2199. 2249.  922. 1892. 2237.  934.
 2087. 2248.  923. 2186. 2242.  929.]","[1852. 2224.  942. 2111. 2235.  922. 2190. 2250.  922. 1870. 2236.  933.
 2065. 2240.  919. 2191. 2240.  930.]","[-16.935    4.499   67.654    0.4272   0.1831   0.      -0.1099  -0.2695
   0.9473]",120
71,1,"[[ 0.29767853 -0.29206116  0.33793884]
 [-0.23742454 -0.30961987  0.32038013]
 [-0.06784203 -0.30728112  0.32271888]
 [-0.07863646  0.30431969 -0.32568031]
 [ 0.22184214  0.225502   -0.404498  ]
 [-0.20825196  0.2989969  -0.3310031 ]]","[1853. 2238.  933. 2099. 2246.  925. 2202. 2249.  922. 1903. 2195.  976.
 2092. 2248.  923. 2183. 2242.  929.]","[1853. 2224.  941. 2107. 2235.  923. 2193. 2250.  922. 1877. 2235.  934.
 2069. 2240.  919. 2189. 2240.  930.]","[-1.6930e+01  4.5040e+00  6.7648e+01  1.2210e-01  6.1000e-02  6.1000e-02
 -9.0800e-02 -2.5490e-01  9.4920e-01]",120
72,1,"[[ 0.29675115 -0.29216197  0.33783803]
 [-0.24170264 -0.30963604  0.32036396]
 [-0.07489503 -0.30738447  0.32261553]
 [-0.07201534  0.30445376 -0.32554624]
 [ 0.20397254  0.1672486  -0.4627514 ]
 [-0.20400322  0.29915224 -0.33084776]]","[1854. 2238.  933. 2094. 2246.  925. 2205. 2249.  922. 1915. 2157. 1014.
 2096. 2248.  923. 2180. 2243.  928.]","[1854. 2225.  941. 2103. 2235.  923. 2196. 2250.  922. 1886. 2225.  946.
 2073. 2240.  919. 2185. 2240.  930.]","[-1.6930e+01  4.5100e+00  6.7654e+01 -1.2210e-01  0.0000e+00  6.1000e-02
 -6.8800e-02 -2.5590e-01  9.6830e-01]",120
73,1,"[[ 0.29574996 -0.29226523  0.33773477]
 [-0.24584797 -0.30964946  0.32035054]
 [-0.08190425 -0.30748623  0.32251377]
 [-0.06536614  0.30458725 -0.32541275]
 [ 0.18460422  0.11989986 -0.51010014]
 [-0.1996852   0.29930803 -0.33069197]]","[1855. 2238.  933. 2090. 2246.  925. 2208. 2249.  922. 1927. 2126. 1045.
 2101. 2248.  923. 2178. 2243.  928.]","[1855. 2225.  940. 2099. 2235.  923. 2199. 2250.  922. 1898. 2202.  970.
 2078. 2240.  919. 2182. 2240.  930.]","[-1.6930e+01  4.5150e+00  6.7654e+01 -6.1000e-02  6.1000e-02  2.4410e-01
 -7.3200e-02 -2.6660e-01  9.6680e-01]",120
74,1,"[[ 0.29467521 -0.29237089  0.33762911]
 [-0.24985772 -0.30966013  0.32033987]
 [-0.08886542 -0.30758634  0.32241366]
 [-0.05869247  0.3047201  -0.3252799 ]
 [ 0.16388889  0.08370048 -0.54629952]
 [-0.19529973  0.29946425 -0.33053575]]","[1855. 2238.  933. 2086. 2246.  925. 2210. 2249.  922. 1941. 2102. 1069.
 2105. 2248.  923. 2175. 2243.  928.]","[1856. 2225.  940. 2096. 2235.  923. 2201. 2250.  923. 1909. 2182.  990.
 2082. 2240.  920. 2180. 2240.  930.]","[-1.6924e+01  4.5260e+00  6.7665e+01  6.1000e-02  4.2720e-01  4.2720e-01
 -5.7100e-02 -3.0620e-01  9.3700e-01]",120
75,1,"[[ 0.29352717 -0.29247892  0.33752108]
 [-0.25372917 -0.30966805  0.32033195]
 [-0.09577433 -0.30768474  0.32231526]
 [-0.05199795  0.30485227 -0.32514773]
 [ 0.14199005  0.05884351 -0.57115649]
 [-0.19084867  0.29962084 -0.33037916]]","[1856. 2238.  933. 2081. 2246.  925. 2213. 2249.  922. 1955. 2086. 1085.
 2110. 2248.  923. 2172. 2243.  928.]","[1856. 2226.  938. 2090. 2235.  924. 2205. 2250.  923. 1923. 2148. 1023.
 2087. 2240.  920. 2177. 2240.  930.]","[-1.6913e+01  4.5430e+00  6.7681e+01  1.8310e-01  6.1000e-02  7.3240e-01
 -1.2110e-01 -2.8860e-01  9.6000e-01]",120
76,1,"[[ 0.29230612 -0.29258926  0.33741074]
 [-0.25745966 -0.30967339  0.32032661]
 [-0.10262681 -0.30778138  0.32221862]
 [-0.04528615  0.3049837  -0.3250163 ]
 [ 0.11908101  0.04546934 -0.58453066]
 [-0.1863339   0.29977776 -0.33022224]]","[1857. 2238.  933. 2077. 2246.  925. 2215. 2249.  922. 1970. 2077. 1094.
 2114. 2248.  923. 2169. 2243.  928.]","[1857. 2226.  938. 2086. 2235.  924. 2207. 2250.  922. 1928. 2131. 1039.
 2091. 2240.  920. 2174. 2240.  929.]","[-1.6902e+01  4.5540e+00  6.7720e+01 -1.8310e-01 -4.2720e-01  1.5869e+00
 -6.2500e-02 -2.7780e-01  9.5210e-01]",120
77,1,"[[ 0.29101237 -0.29270188  0.33729812]
 [-0.26104665 -0.30967645  0.32032355]
 [-0.10941872 -0.3078762   0.3221238 ]
 [-0.03856067  0.30511434 -0.32488566]
 [ 0.09534279  0.0437376  -0.5862624 ]
 [-0.18175729  0.29993496 -0.33006504]]","[1858. 2238.  933. 2073. 2246.  925. 2218. 2249.  922. 1985. 2076. 1095.
 2119. 2248.  923. 2166. 2243.  928.]","[1858. 2226.  937. 2083. 2235.  924. 2210. 2250.  922. 1942. 2111. 1060.
 2095. 2240.  919. 2171. 2240.  929.]","[-1.6902e+01  4.5590e+00  6.7775e+01 -2.4410e-01 -2.4410e-01  8.5450e-01
 -3.0800e-02 -3.0270e-01  9.5610e-01]",120
78,1,"[[ 0.28964624 -0.29281673  0.33718327]
 [-0.26448765 -0.30967218  0.32032782]
 [-0.11614597 -0.30796916  0.32203084]
 [-0.03182504  0.30524415 -0.32475585]
 [ 0.07096188  0.04983847 -0.58016153]
 [-0.17712074  0.30009239 -0.32990761]]","[1859. 2238.  933. 2068. 2246.  924. 2220. 2249.  922. 2001. 2080. 1091.
 2123. 2248.  923. 2163. 2243.  928.]","[1859. 2226.  937. 2077. 2235.  923. 2213. 2250.  922. 1960. 2096. 1076.
 2101. 2240.  920. 2168. 2240.  930.]","[-16.902    4.554   67.791    0.1221   0.3052  -0.8545  -0.0713  -0.356
   0.9492]",120
79,1,"[[ 0.28820806 -0.29293378  0.33706622]
 [-0.26778028 -0.30961782  0.32038218]
 [-0.12280454 -0.30806021  0.32193979]
 [-0.02508281  0.30537306 -0.32462694]
 [ 0.04612805  0.05020209 -0.57979791]
 [-0.17242614  0.30025003 -0.32974997]]","[1860. 2238.  933. 2064. 2247.  924. 2222. 2249.  922. 2017. 2080. 1091.
 2128. 2248.  923. 2160. 2243.  928.]","[1860. 2226.  937. 2074. 2235.  923. 2215. 2250.  922. 1972. 2092. 1081.
 2104. 2240.  920. 2166. 2240.  929.]","[-16.902    4.554   67.753    0.1831   0.2441  -1.0376  -0.0796  -0.3037
   0.9331]",120
80,1,"[[ 0.28669821 -0.29305298  0.33694702]
 [-0.27092223 -0.30948995  0.32051005]
 [-0.12939043 -0.30814927  0.32185073]
 [-0.01833748  0.30550103 -0.32449897]
 [ 0.02103213  0.04994836 -0.58005164]
 [-0.1676754   0.3004078  -0.3295922 ]]","[1861. 2239.  932. 2059. 2247.  924. 2224. 2249.  922. 2034. 2080. 1091.
 2132. 2248.  923. 2157. 2243.  928.]","[1861. 2226.  937. 2070. 2235.  923. 2217. 2251.  923. 1987. 2088. 1085.
 2108. 2240.  920. 2162. 2240.  929.]","[-1.6902e+01  4.5430e+00  6.7714e+01  1.2210e-01  6.1000e-02 -3.6620e-01
 -9.3300e-02 -2.9350e-01  9.5360e-01]",120
81,1,"[[ 0.28511705 -0.29317429  0.33682571]
 [-0.2739113  -0.30930368  0.32069632]
 [-0.13589971 -0.30823632  0.32176368]
 [-0.01159254  0.305628   -0.324372  ]
 [-0.00413617  0.04983836 -0.58016164]
 [-0.16287043  0.30056568 -0.32943432]]","[1862. 2239.  932. 2055. 2247.  924. 2226. 2249.  922. 2050. 2080. 1091.
 2136. 2248.  923. 2154. 2243.  928.]","[1862. 2226.  936. 2066. 2235.  924. 2220. 2250.  922. 2003. 2086. 1087.
 2112. 2240.  920. 2159. 2240.  929.]","[-1.6902e+01  4.5430e+00  6.7709e+01  0.0000e+00 -6.1000e-02  3.6620e-01
 -7.5700e-02 -2.8520e-01  9.5260e-01]",120
82,1,"[[ 0.28346497 -0.29329766  0.33670234]
 [-0.27674536 -0.30906269  0.32093731]
 [-0.14232852 -0.30832128  0.32167872]
 [-0.00485143  0.30575393 -0.32424607]
 [-0.02919022  0.05002446 -0.57997554]
 [-0.15801314  0.30072362 -0.32927638]]","[1863. 2239.  932. 2051. 2247.  924. 2228. 2249.  922. 2067. 2080. 1091.
 2140. 2248.  922. 2151. 2244.  927.]","[1863. 2227.  936. 2062. 2235.  923. 2222. 2250.  923. 2020. 2084. 1089.
 2116. 2240.  920. 2156. 2240.  930.]","[-16.902    4.543   67.725    0.       0.       0.2441  -0.0791  -0.2871
   0.9526]",120
83,1,"[[ 0.28174239 -0.29342305  0.33657695]
 [-0.27942241 -0.3087695   0.3212305 ]
 [-0.14867305 -0.30840412  0.32159588]
 [ 0.00188241  0.30587875 -0.32412125]
 [-0.05394845  0.05056856 -0.57943144]
 [-0.15310546  0.30088156 -0.32911844]]","[1864. 2239.  932. 2046. 2247.  924. 2230. 2249.  922. 2083. 2080. 1091.
 2144. 2249.  922. 2147. 2244.  927.]","[1864. 2227.  936. 2059. 2235.  924. 2224. 2250.  923. 2036. 2084. 1089.
 2121. 2240.  920. 2153. 2240.  929.]","[-1.6902e+01  4.5480e+00  6.7731e+01  0.0000e+00  6.1000e-02 -6.1000e-02
 -8.6400e-02 -2.9880e-01  9.5900e-01]",120
84,1,"[[ 0.27994973 -0.29355041  0.33644959]
 [-0.28194051 -0.30842673  0.32157327]
 [-0.15492955 -0.30848478  0.32151522]
 [ 0.00860558  0.30600243 -0.32399757]
 [-0.07823605  0.05151716 -0.57848284]
 [-0.14814932  0.30103946 -0.32896054]]","[1865. 2239.  932. 2042. 2247.  924. 2231. 2249.  922. 2099. 2081. 1090.
 2148. 2249.  922. 2144. 2244.  927.]","[1865. 2227.  935. 2055. 2235.  925. 2226. 2250.  922. 2052. 2083. 1090.
 2124. 2240.  920. 2150. 2240.  929.]","[-16.902    4.554   67.725    0.       0.3052  -0.1221  -0.0859  -0.3022
   0.938 ]",120
85,1,"[[ 0.27808744 -0.2936797   0.3363203 ]
 [-0.28429785 -0.3080372   0.3219628 ]
 [-0.16109435 -0.30856321  0.32143679]
 [ 0.01531473  0.30612489 -0.32387511]
 [-0.10188652  0.05291384 -0.57708616]
 [-0.14314665  0.30119728 -0.32880272]]","[1866. 2239.  932. 2038. 2247.  924. 2233. 2248.  923. 2114. 2082. 1089.
 2153. 2249.  922. 2141. 2244.  927.]","[1867. 2227.  934. 2051. 2235.  926. 2227. 2250.  922. 2068. 2083. 1090.
 2128. 2240.  920. 2147. 2240.  929.]","[-1.6908e+01  4.5590e+00  6.7720e+01  0.0000e+00  6.1000e-02  1.8310e-01
 -9.1300e-02 -3.0620e-01  9.5360e-01]",120
86,1,"[[ 0.27615599 -0.29381087  0.33618913]
 [-0.2864927  -0.30760393  0.32239607]
 [-0.16716383 -0.30863936  0.32136064]
 [ 0.02200653  0.3062461  -0.3237539 ]
 [-0.12474301  0.05480206 -0.57519794]
 [-0.13809939  0.30135496 -0.32864504]]","[1867. 2239.  932. 2033. 2247.  924. 2234. 2248.  923. 2129. 2083. 1088.
 2156. 2249.  922. 2138. 2244.  927.]","[1868. 2227.  934. 2047. 2234.  925. 2229. 2250.  922. 2085. 2083. 1089.
 2132. 2240.  920. 2144. 2240.  929.]","[-16.908    4.57    67.731    0.       0.       0.4883  -0.0723  -0.3052
   0.9404]",120
87,1,"[[ 0.27415585 -0.29394388  0.33605612]
 [-0.28852346 -0.30713009  0.32286991]
 [-0.17313447 -0.30871317  0.32128683]
 [ 0.02867769  0.30636601 -0.32363399]
 [-0.14665944  0.057226   -0.572774  ]
 [-0.13300947  0.30151246 -0.32848754]]","[1869. 2239.  932. 2029. 2247.  924. 2236. 2248.  923. 2143. 2085. 1086.
 2160. 2249.  922. 2134. 2244.  927.]","[1869. 2227.  934. 2042. 2234.  926. 2231. 2249.  922. 2100. 2084. 1089.
 2137. 2240.  920. 2141. 2240.  930.]","[-16.908    4.576   67.747    0.       0.       0.3662  -0.0684  -0.3032
   0.9575]",120
88,1,"[[ 0.27208753 -0.29407868  0.33592132]
 [-0.29038861 -0.30661899  0.32338101]
 [-0.1790028  -0.30878461  0.32121539]
 [ 0.03532495  0.30648455 -0.32351545]
 [-0.16750141  0.06023074 -0.56976926]
 [-0.12787884  0.30166974 -0.32833026]]","[1870. 2239.  932. 2024. 2247.  924. 2237. 2247.  924. 2157. 2087. 1084.
 2164. 2249.  922. 2131. 2244.  927.]","[1871. 2227.  933. 2038. 2235.  925. 2233. 2249.  923. 2115. 2084. 1088.
 2141. 2240.  920. 2137. 2240.  929.]","[-1.6908e+01  4.5810e+00  6.7758e+01  6.1000e-02  6.1000e-02  6.1000e-02
 -6.6900e-02 -2.9540e-01  9.4820e-01]",120
89,1,"[[ 0.26995153 -0.29421522  0.33578478]
 [-0.29208675 -0.30607406  0.32392594]
 [-0.18476545 -0.30885362  0.32114638]
 [ 0.04194509  0.30660168 -0.32339832]
 [-0.18714693  0.06386222 -0.56613778]
 [-0.12270943  0.30182674 -0.32817326]]","[1872. 2239.  932. 2020. 2247.  924. 2238. 2247.  924. 2170. 2089. 1082.
 2168. 2249.  922. 2127. 2244.  927.]","[1872. 2227.  932. 2034. 2235.  926. 2234. 2249.  923. 2130. 2085. 1086.
 2144. 2240.  920. 2134. 2240.  929.]","[-1.6913e+01  4.5810e+00  6.7758e+01  0.0000e+00  6.1000e-02  1.2210e-01
 -7.9100e-02 -2.9790e-01  9.4920e-01]",120
90,1,"[[ 0.26774838 -0.29435346  0.33564654]
 [-0.29361659 -0.30549881  0.32450119]
 [-0.19041911 -0.30892015  0.32107985]
 [ 0.04853495  0.30671734 -0.32328266]
 [-0.20548682  0.06816706 -0.56183294]
 [-0.11750319  0.30198341 -0.32801659]]","[1873. 2239.  932. 2016. 2247.  924. 2239. 2247.  924. 2181. 2092. 1079.
 2172. 2249.  922. 2124. 2244.  927.]","[1874. 2227.  932. 2029. 2235.  926. 2235. 2248.  923. 2144. 2087. 1084.
 2148. 2240.  920. 2130. 2240.  929.]","[-16.913    4.587   67.769    0.       0.       0.3052  -0.0811  -0.2983
   0.9507]",120
91,1,"[[ 0.26547865 -0.29449335  0.33550665]
 [-0.29497694 -0.30489679  0.32510321]
 [-0.19596055 -0.30898417  0.32101583]
 [ 0.05509138  0.30683149 -0.32316851]
 [-0.22242508  0.0731923  -0.5568077 ]
 [-0.11226206  0.30213972 -0.32786028]]","[1874. 2239.  931. 2012. 2248.  923. 2240. 2246.  925. 2192. 2095. 1076.
 2175. 2249.  922. 2121. 2244.  927.]","[1875. 2227.  931. 2025. 2235.  926. 2237. 2248.  923. 2157. 2089. 1082.
 2151. 2240.  920. 2127. 2240.  929.]","[-1.6913e+01  4.5870e+00  6.7786e+01  0.0000e+00 -6.1000e-02  5.4930e-01
 -7.9600e-02 -2.9590e-01  9.4870e-01]",120
92,1,"[[ 0.26314288 -0.29463484  0.33536516]
 [-0.29616673 -0.30427163  0.32572837]
 [-0.20138666 -0.30904561  0.32095439]
 [ 0.06161131  0.30694408 -0.32305592]
 [-0.23787894  0.07898515 -0.55101485]
 [-0.10698798  0.30229561 -0.32770439]]","[1876. 2240.  931. 2007. 2248.  923. 2241. 2246.  925. 2203. 2099. 1072.
 2179. 2249.  922. 2117. 2245.  926.]","[1876. 2227.  931. 2021. 2235.  926. 2237. 2248.  923. 2170. 2092. 1079.
 2155. 2240.  920. 2124. 2240.  929.]","[-1.6913e+01  4.5920e+00  6.7808e+01  6.1000e-02  0.0000e+00  4.8830e-01
 -7.5700e-02 -2.9440e-01  9.5750e-01]",120
93,1,"[[ 0.26074166 -0.29477789  0.33522211]
 [-0.297185   -0.30362695  0.32637305]
 [-0.20669438 -0.30910444  0.32089556]
 [ 0.06809168  0.30705505 -0.32294495]
 [-0.25177885  0.08559269 -0.54440731]
 [-0.1016829   0.30245103 -0.32754897]]","[1878. 2240.  931. 2003. 2248.  923. 2241. 2245.  926. 2212. 2103. 1068.
 2182. 2249.  922. 2114. 2245.  926.]","[1878. 2227.  930. 2016. 2234.  926. 2239. 2247.  922. 2181. 2095. 1076.
 2158. 2241.  920. 2120. 2240.  929.]","[-16.913    4.598   67.819    0.1221   0.       0.2441  -0.0786  -0.2847
   0.9507]",120
94,1,"[[ 0.25827559 -0.29492245  0.33507755]
 [-0.29803094 -0.30296638  0.32703362]
 [-0.21188074 -0.30916061  0.32083939]
 [ 0.07452949  0.30716435 -0.32283565]
 [-0.26406823  0.09306156 -0.53693844]
 [-0.09634875  0.30260594 -0.32739406]]","[1879. 2240.  931. 1999. 2248.  923. 2242. 2245.  926. 2220. 2108. 1063.
 2186. 2249.  922. 2110. 2245.  926.]","[1880. 2228.  929. 2014. 2234.  926. 2239. 2247.  923. 2192. 2099. 1073.
 2161. 2240.  920. 2117. 2240.  927.]","[-1.6908e+01  4.5980e+00  6.7830e+01  6.1000e-02  6.1000e-02  1.8310e-01
 -8.0600e-02 -2.8420e-01  9.5260e-01]",120
95,1,"[[ 0.25574529 -0.29506846  0.33493154]
 [-0.298704   -0.30229354  0.32770646]
 [-0.21694288 -0.30921408  0.32078592]
 [ 0.08092179  0.30727193 -0.32272807]
 [-0.27470316  0.10143766 -0.52856234]
 [-0.09098748  0.30276028 -0.32723972]]","[1881. 2240.  931. 1995. 2248.  923. 2242. 2245.  926. 2227. 2114. 1057.
 2189. 2249.  922. 2107. 2245.  926.]","[1882. 2228.  928. 2009. 2235.  926. 2240. 2247.  924. 2201. 2103. 1069.
 2165. 2240.  920. 2114. 2240.  927.]","[-1.6902e+01  4.6030e+00  6.7835e+01  0.0000e+00  6.1000e-02  2.4410e-01
 -8.4500e-02 -2.9000e-01  9.5950e-01]",120
96,1,"[[ 0.25315137 -0.29521588  0.33478412]
 [-0.2992049  -0.30161202  0.32838798]
 [-0.22187802 -0.30926481  0.32073519]
 [ 0.08726568  0.30737775 -0.32262225]
 [-0.28365195  0.11076584 -0.51923416]
 [-0.08560101  0.30291402 -0.32708598]]","[1882. 2240.  931. 1991. 2248.  923. 2243. 2244.  927. 2232. 2120. 1051.
 2192. 2249.  922. 2103. 2245.  926.]","[1884. 2228.  929. 2005. 2235.  926. 2240. 2246.  925. 2211. 2107. 1065.
 2168. 2240.  920. 2110. 2240.  929.]","[-1.6902e+01  4.6090e+00  6.7846e+01  6.1000e-02  0.0000e+00  4.2720e-01
 -7.5200e-02 -2.8860e-01  9.4820e-01]",120
97,1,"[[ 0.25049449 -0.29536467  0.33463533]
 [-0.29954096 -0.30092536  0.32907464]
 [-0.22668348 -0.30931275  0.32068725]
 [ 0.0935583   0.30748176 -0.32251824]
 [-0.29089463  0.12108959 -0.50891041]
 [-0.08019127  0.3030671  -0.3269329 ]]","[1884. 2240.  931. 1987. 2248.  923. 2243. 2244.  927. 2237. 2126. 1045.
 2195. 2249.  922. 2100. 2245.  926.]","[1885. 2228.  928. 2001. 2234.  926. 2241. 2246.  925. 2219. 2112. 1060.
 2172. 2240.  920. 2107. 2240.  927.]","[-1.6897e+01  4.6140e+00  6.7863e+01  0.0000e+00  0.0000e+00  2.4410e-01
 -6.0500e-02 -2.9350e-01  9.5170e-01]",120
98,1,"[[ 0.24777531 -0.29551477  0.33448523]
 [-0.29966202 -0.30023697  0.32976303]
 [-0.23135668 -0.30935787  0.32064213]
 [ 0.09979685  0.30758389 -0.32241611]
 [-0.29642231  0.13245076 -0.49754924]
 [-0.07476021  0.30321947 -0.32678053]]","[1886. 2240.  931. 1982. 2248.  923. 2243. 2243.  928. 2241. 2134. 1037.
 2198. 2249.  922. 2096. 2245.  926.]","[1887. 2228.  928. 1997. 2235.  926. 2241. 2246.  926. 2225. 2118. 1053.
 2174. 2240.  921. 2104. 2240.  929.]","[-1.6891e+01  4.6200e+00  6.7863e+01  6.1000e-02  6.1000e-02  0.0000e+00
 -6.9800e-02 -3.0270e-01  9.5310e-01]",120
99,1,"[[ 0.2449945  -0.29566613  0.33433387]
 [-0.29833472 -0.29954936  0.33045064]
 [-0.23589511 -0.30940012  0.32059988]
 [ 0.10597857  0.30768412 -0.32231588]
 [-0.30023662  0.14488926 -0.48511074]
 [-0.06930972  0.30337109 -0.32662891]]","[1888. 2240.  931. 1978. 2248.  923. 2242. 2243.  928. 2243. 2142. 1029.
 2201. 2249.  922. 2093. 2245.  926.]","[1891. 2228.  929. 1992. 2234.  926. 2241. 2245.  926. 2233. 2127. 1045.
 2178. 2240.  921. 2099. 2240.  927.]","[-1.6891e+01  4.6200e+00  6.7863e+01  6.1000e-02  6.1000e-02  0.0000e+00
 -8.3500e-02 -3.0620e-01  9.4530e-01]",120
100,1,"[[ 0.24215275 -0.2958187   0.3341813 ]
 [-0.2948802  -0.29886356  0.33113644]
 [-0.24029638 -0.30943946  0.32056054]
 [ 0.11210075  0.30778239 -0.32221761]
 [-0.30234858  0.15844277 -0.47155723]
 [-0.06384174  0.30352192 -0.32647808]]","[1890. 2240.  931. 1974. 2248.  923. 2240. 2242.  929. 2245. 2151. 1020.
 2204. 2249.  922. 2089. 2245.  926.]","[1892. 2228.  928. 1989. 2235.  926. 2241. 2245.  926. 2236. 2131. 1041.
 2180. 2240.  921. 2097. 2240.  927.]","[-1.6891e+01  4.6200e+00  6.7863e+01  6.1000e-02  0.0000e+00  1.2210e-01
 -7.7100e-02 -3.0570e-01  9.4580e-01]",120
101,1,"[[ 0.23925078 -0.29597245  0.33402755]
 [-0.28929765 -0.29818265  0.33181735]
 [-0.24455821 -0.30947586  0.32052414]
 [ 0.11816075  0.30787865 -0.32212135]
 [-0.30281522  0.17314631 -0.45685369]
 [-0.05835818  0.30367189 -0.32632811]]","[1892. 2240.  931. 1970. 2248.  923. 2236. 2242.  929. 2245. 2160. 1011.
 2207. 2249.  922. 2086. 2245.  926.]","[1894. 2228.  929. 1986. 2235.  926. 2241. 2245.  927. 2239. 2139. 1034.
 2183. 2240.  921. 2094. 2240.  927.]","[-1.6891e+01  4.6200e+00  6.7868e+01  6.1000e-02  0.0000e+00  1.2210e-01
 -7.7100e-02 -3.0030e-01  9.5260e-01]",120
102,1,"[[ 0.2362893  -0.2961273   0.3338727 ]
 [-0.2816168  -0.29751009  0.33248991]
 [-0.2486784  -0.30950928  0.32049072]
 [ 0.12415596  0.30797286 -0.32202714]
 [-0.30267168  0.18888921 -0.44111079]
 [-0.05286093  0.30382097 -0.32617903]]","[1893. 2241.  930. 1967. 2248.  923. 2231. 2241.  930. 2245. 2171. 1000.
 2210. 2249.  922. 2082. 2246.  925.]","[1896. 2228.  928. 1982. 2235.  926. 2240. 2244.  928. 2242. 2146. 1026.
 2185. 2240.  922. 2090. 2240.  929.]","[-16.886    4.62    67.874    0.1221   0.       0.1221  -0.0806  -0.2944
   0.9478]",120
103,1,"[[ 0.23326905 -0.29628323  0.33371677]
 [-0.2718946  -0.29684935  0.33315065]
 [-0.25265486 -0.30953969  0.32046031]
 [ 0.13008385  0.30806497 -0.32193503]
 [-0.30250523  0.20520939 -0.42479061]
 [-0.04735191  0.30396911 -0.32603089]]","[1895. 2241.  930. 1963. 2248.  923. 2225. 2241.  930. 2245. 2181.  990.
 2212. 2249.  922. 2078. 2246.  925.]","[1897. 2229.  928. 1979. 2234.  926. 2238. 2244.  928. 2243. 2156. 1017.
 2189. 2240.  923. 2087. 2240.  927.]","[-1.6886e+01  4.6200e+00  6.7879e+01  6.1000e-02  0.0000e+00  1.8310e-01
 -8.3000e-02 -2.9300e-01  9.5260e-01]",120
104,1,"[[ 0.23019078 -0.29644016  0.33355984]
 [-0.26020987 -0.29620383  0.33379617]
 [-0.25648561 -0.30956705  0.32043295]
 [ 0.13594193  0.30815493 -0.32184507]
 [-0.30230979  0.22220619 -0.40779381]
 [-0.04183299  0.30411627 -0.32588373]]","[1897. 2241.  930. 1959. 2248.  923. 2217. 2241.  930. 2245. 2192.  979.
 2215. 2249.  922. 2075. 2246.  925.]","[1899. 2229.  928. 1975. 2235.  926. 2234. 2243.  929. 2244. 2165. 1007.
 2192. 2240.  924. 2083. 2240.  926.]","[-16.886    4.62    67.89     0.       0.       0.2441  -0.0806  -0.2896
   0.9507]",120
105,1,"[[ 0.22705526 -0.29659807  0.33340193]
 [-0.24666026 -0.2955769   0.3344231 ]
 [-0.26016875 -0.30959134  0.32040866]
 [ 0.14172777  0.30824271 -0.32175729]
 [-0.30207465  0.23992174 -0.39007826]
 [-0.03630607  0.30426238 -0.32573762]]","[1899. 2241.  930. 1955. 2248.  923. 2208. 2240.  931. 2244. 2204.  967.
 2217. 2249.  922. 2071. 2246.  925.]","[1901. 2229.  928. 1971. 2234.  926. 2229. 2243.  929. 2244. 2175.  997.
 2196. 2240.  924. 2079. 2239.  926.]","[-16.886    4.625   67.901    0.       0.       0.3662  -0.0776  -0.2939
   0.9492]",120
106,1,"[[ 0.22386326 -0.29675689  0.33324311]
 [-0.23135994 -0.29497185  0.33502815]
 [-0.26370251 -0.3096125   0.3203875 ]
 [ 0.14743898  0.30832825 -0.32167175]
 [-0.30179465  0.25835651 -0.37164349]
 [-0.03077302  0.30440742 -0.32559258]]","[1902. 2241.  930. 1951. 2248.  922. 2198. 2240.  931. 2244. 2216.  955.
 2219. 2249.  922. 2068. 2246.  925.]","[1902. 2229.  928. 1968. 2234.  926. 2222. 2243.  929. 2244. 2186.  987.
 2198. 2239.  925. 2076. 2240.  926.]","[-1.6891e+01  4.6310e+00  6.7928e+01 -6.1000e-02 -6.1000e-02  6.1040e-01
 -8.4500e-02 -3.0910e-01  9.5120e-01]",120
107,1,"[[ 0.22061558 -0.29691658  0.33308342]
 [-0.21443767 -0.29439187  0.33560813]
 [-0.26708521 -0.30963053  0.32036947]
 [ 0.15307325  0.30841152 -0.32158848]
 [-0.30146741  0.27750165 -0.35249835]
 [-0.0252357   0.30455133 -0.32544867]]","[1904. 2241.  930. 1948. 2249.  922. 2187. 2239.  932. 2244. 2228.  943.
 2222. 2249.  922. 2064. 2246.  925.]","[1904. 2229.  929. 1964. 2234.  926. 2214. 2242.  930. 2244. 2196.  975.
 2200. 2240.  925. 2072. 2240.  926.]","[-1.6886e+01  4.6310e+00  6.7956e+01  6.1000e-02 -1.8310e-01  7.3240e-01
 -5.9100e-02 -2.9250e-01  9.5510e-01]",120
108,1,"[[ 0.21731304 -0.29707709  0.33292291]
 [-0.19603486 -0.29384005  0.33615995]
 [-0.27031529 -0.30964539  0.32035461]
 [ 0.15862831  0.30849247 -0.32150753]
 [-0.30109184  0.29137598 -0.33862402]
 [-0.01969597  0.30469407 -0.32530593]]","[1906. 2241.  930. 1944. 2249.  922. 2175. 2239.  932. 2244. 2237.  934.
 2224. 2249.  922. 2060. 2246.  925.]","[1907. 2229.  928. 1961. 2234.  926. 2205. 2242.  930. 2244. 2207.  969.
 2202. 2240.  925. 2070. 2240.  926.]","[-1.6886e+01  4.6310e+00  6.7967e+01  6.1000e-02 -6.1000e-02  1.8310e-01
 -8.4000e-02 -2.9490e-01  9.5020e-01]",120
109,1,"[[ 0.21395644 -0.29723836  0.33276164]
 [-0.17630361 -0.29331934  0.33668066]
 [-0.27339128 -0.30965706  0.32034294]
 [ 0.16410197  0.30857106 -0.32142894]
 [-0.30066738  0.29145811 -0.33854189]
 [-0.01415569  0.30483559 -0.32516441]]","[1908. 2241.  930. 1941. 2249.  922. 2162. 2239.  932. 2244. 2238.  933.
 2226. 2249.  922. 2057. 2246.  925.]","[1909. 2229.  928. 1957. 2234.  926. 2195. 2241.  931. 2244. 2215.  957.
 2205. 2240.  925. 2065. 2240.  926.]","[-16.88     4.631   67.972    0.1221   0.       0.      -0.0972  -0.293
   0.9492]",120
110,1,"[[ 0.21054663 -0.29740034  0.33259966]
 [-0.1554047  -0.29283255  0.33716745]
 [-0.27631182 -0.30966557  0.32033443]
 [ 0.16949206  0.30864725 -0.32135275]
 [-0.30019369  0.29154294 -0.33845706]
 [-0.00861668  0.30497584 -0.32502416]]","[1910. 2241.  930. 1937. 2249.  922. 2149. 2238.  933. 2243. 2238.  933.
 2228. 2249.  922. 2053. 2246.  925.]","[1911. 2229.  928. 1954. 2234.  926. 2183. 2241.  931. 2244. 2223.  948.
 2208. 2240.  925. 2062. 2239.  926.]","[-1.6875e+01  4.6310e+00  6.7972e+01  1.2210e-01  0.0000e+00 -6.1000e-02
 -7.8100e-02 -2.8760e-01  9.5560e-01]",120
111,1,"[[ 0.20708445 -0.297563    0.332437  ]
 [-0.13350557 -0.29238233  0.33761767]
 [-0.27907567 -0.30967111  0.32032889]
 [ 0.17479652  0.308721   -0.321279  ]
 [-0.29967051  0.29163043 -0.33836957]
 [-0.00308078  0.30511479 -0.32488521]]","[1913. 2241.  929. 1934. 2249.  922. 2135. 2238.  933. 2243. 2238.  933.
 2229. 2249.  922. 2050. 2246.  925.]","[1913. 2229.  928. 1950. 2235.  926. 2171. 2241.  931. 2244. 2227.  943.
 2209. 2239.  924. 2058. 2240.  926.]","[-1.6870e+01  4.6310e+00  6.7967e+01  6.1000e-02  0.0000e+00 -1.2210e-01
 -6.6900e-02 -2.9100e-01  9.5120e-01]",120
112,1,"[[ 0.20357076 -0.29772627  0.33227373]
 [-0.11077827 -0.29197113  0.33802887]
 [-0.28168167 -0.30967401  0.32032599]
 [ 0.18001329  0.30879227 -0.32120773]
 [-0.29909765  0.29172053 -0.33827947]
 [ 0.0024502   0.30525239 -0.32474761]]","[1915. 2242.  929. 1930. 2249.  922. 2120. 2238.  933. 2242. 2238.  933.
 2231. 2249.  922. 2046. 2246.  924.]","[1916. 2229.  928. 1947. 2235.  926. 2159. 2240.  931. 2243. 2230.  940.
 2211. 2239.  925. 2055. 2240.  925.]","[-1.6870e+01  4.6250e+00  6.7961e+01  0.0000e+00  0.0000e+00 -6.1000e-02
 -7.2300e-02 -2.9000e-01  9.4340e-01]",120
113,1,"[[ 0.20000644 -0.29789011  0.33210989]
 [-0.08739751 -0.29160124  0.33839876]
 [-0.28412879 -0.30966736  0.32033264]
 [ 0.18514043  0.30886102 -0.32113898]
 [-0.29847492  0.29181319 -0.33818681]
 [ 0.00797446  0.30538858 -0.32461142]]","[1917. 2242.  929. 1927. 2249.  922. 2104. 2238.  933. 2242. 2238.  933.
 2233. 2249.  922. 2042. 2247.  924.]","[1918. 2229.  927. 1944. 2234.  926. 2146. 2240.  932. 2243. 2232.  939.
 2213. 2239.  925. 2051. 2240.  925.]","[-1.6870e+01  4.6200e+00  6.7956e+01  6.1000e-02 -1.8310e-01 -1.8310e-01
 -7.9600e-02 -3.0320e-01  9.6530e-01]",120
114,1,"[[ 0.19639238 -0.29805446  0.33194554]
 [-0.06353875 -0.27202814  0.35797186]
 [-0.2864161  -0.30960308  0.32039692]
 [ 0.190176    0.30892722 -0.32107278]
 [-0.29780217  0.29190836 -0.33809164]
 [ 0.01349021  0.30552334 -0.32447666]]","[1919. 2242.  929. 1924. 2249.  922. 2089. 2225.  946. 2242. 2238.  933.
 2234. 2249.  922. 2039. 2247.  924.]","[1920. 2229.  927. 1940. 2234.  926. 2131. 2240.  932. 2242. 2232.  938.
 2216. 2239.  925. 2048. 2240.  925.]","[-16.87     4.614   67.956    0.      -0.1221   0.      -0.0879  -0.2959
   0.9346]",120
115,1,"[[ 0.19272947 -0.29821928  0.33178072]
 [-0.03937638 -0.20169352  0.42830648]
 [-0.28854278 -0.30946559  0.32053441]
 [ 0.19511816  0.30899083 -0.32100917]
 [-0.29707924  0.29200599 -0.33799401]
 [ 0.01899565  0.30565661 -0.32434339]]","[1922. 2242.  929. 1920. 2249.  922. 2073. 2179.  992. 2241. 2238.  933.
 2236. 2249.  922. 2035. 2247.  924.]","[1922. 2229.  927. 1937. 2234.  926. 2116. 2236.  936. 2242. 2233.  938.
 2218. 2239.  925. 2045. 2240.  925.]","[-1.6864e+01  4.6090e+00  6.7961e+01  6.1000e-02 -6.1000e-02  1.8310e-01
 -8.3000e-02 -2.9740e-01  9.5210e-01]",120
116,1,"[[ 0.18901862 -0.29838451  0.33161549]
 [-0.0150821  -0.14305792  0.48694208]
 [-0.2905081  -0.30926852  0.32073148]
 [ 0.19996512  0.30905181 -0.32094819]
 [-0.296306    0.29210604 -0.33789396]
 [ 0.02448904  0.30578836 -0.32421164]]","[1924. 2242.  929. 1917. 2249.  922. 2057. 2141. 1030. 2241. 2238.  933.
 2237. 2249.  922. 2032. 2247.  924.]","[1924. 2229.  928. 1935. 2235.  927. 2102. 2220.  952. 2241. 2234.  937.
 2220. 2239.  925. 2042. 2240.  925.]","[-1.6870e+01  4.6140e+00  6.7972e+01 -6.1000e-02 -6.1000e-02  2.4410e-01
 -8.5000e-02 -3.0220e-01  9.4480e-01]",120
117,1,"[[ 0.18526076 -0.29855011  0.33144989]
 [ 0.00917664 -0.09645977  0.53354023]
 [-0.29231145 -0.30901542  0.32098458]
 [ 0.20471515  0.30911012 -0.32088988]
 [-0.29548233  0.29220846 -0.33779154]
 [ 0.02996861  0.30591854 -0.32408146]]","[1927. 2242.  929. 1914. 2249.  922. 2042. 2110. 1061. 2240. 2238.  933.
 2238. 2249.  922. 2028. 2247.  924.]","[1927. 2229.  928. 1931. 2234.  926. 2085. 2194.  977. 2241. 2233.  937.
 2222. 2239.  925. 2040. 2240.  925.]","[-1.6870e+01  4.6140e+00  6.7989e+01 -6.1000e-02 -1.8310e-01  4.2720e-01
 -6.8800e-02 -3.0030e-01  9.5120e-01]",120
118,1,"[[ 0.18145682 -0.29871603  0.33128397]
 [ 0.03323797 -0.06217342  0.56782658]
 [-0.29395233 -0.30870893  0.32129107]
 [ 0.20936657  0.30916574 -0.32083426]
 [-0.2946081   0.29231319 -0.33768681]
 [ 0.03543263  0.3060471  -0.3239529 ]]","[1929. 2242.  929. 1911. 2249.  922. 2026. 2088. 1083. 2240. 2238.  933.
 2239. 2249.  922. 2024. 2247.  924.]","[1929. 2229.  927. 1928. 2235.  926. 2071. 2166. 1006. 2240. 2234.  937.
 2223. 2239.  925. 2037. 2240.  925.]","[-1.6875e+01  4.6090e+00  6.8011e+01 -6.1000e-02 -1.8310e-01  4.2720e-01
 -6.8400e-02 -3.0470e-01  9.3850e-01]",120
119,1,"[[ 0.17760775 -0.29888221  0.33111779]
 [ 0.05694676 -0.04040723  0.58959277]
 [-0.29543033 -0.30835185  0.32164815]
 [ 0.21391776  0.30921864 -0.32078136]
 [-0.29368322  0.2924202  -0.3375798 ]
 [ 0.04087936  0.30617401 -0.32382599]]","[1932. 2242.  929. 1908. 2249.  922. 2010. 2074. 1097. 2239. 2238.  933.
 2240. 2249.  922. 2021. 2247.  924.]","[1931. 2229.  927. 1925. 2234.  926. 2055. 2138. 1033. 2240. 2234.  936.
 2225. 2239.  926. 2033. 2240.  924.]","[-1.6880e+01  4.6030e+00  6.8033e+01 -6.1000e-02 -2.4410e-01  4.2720e-01
 -7.2300e-02 -2.9640e-01  9.5650e-01]",120
120,1,"[[ 0.17371451 -0.29904861  0.33095139]
 [ 0.08015567 -0.03130348  0.59869652]
 [-0.29674515 -0.3079472   0.3220528 ]
 [ 0.21836719  0.30926877 -0.32073123]
 [-0.2927076   0.29252942 -0.33747058]
 [ 0.04630711  0.30629923 -0.32370077]]","[1934. 2242.  929. 1905. 2249.  922. 1995. 2068. 1103. 2238. 2238.  933.
 2241. 2248.  923. 2017. 2247.  924.]","[1933. 2229.  927. 1922. 2234.  926. 2040. 2115. 1057. 2240. 2234.  936.
 2226. 2239.  926. 2029. 2240.  924.]","[-1.6875e+01  4.5980e+00  6.8038e+01  6.1000e-02 -1.2210e-01  1.2210e-01
 -8.5900e-02 -2.7880e-01  9.6290e-01]",120
121,1,"[[ 0.16977806 -0.29921517  0.33078483]
 [ 0.10272592 -0.0353184   0.5946816 ]
 [-0.29789659 -0.30749818  0.32250182]
 [ 0.22271335  0.30931612 -0.32068388]
 [-0.29168115  0.29264082 -0.33735918]
 [ 0.05171416  0.30642271 -0.32357729]]","[1937. 2243.  928. 1902. 2249.  922. 1981. 2071. 1100. 2238. 2238.  933.
 2242. 2248.  923. 2014. 2247.  924.]","[1936. 2229.  927. 1920. 2234.  926. 2024. 2098. 1075. 2239. 2234.  936.
 2228. 2239.  926. 2025. 2240.  925.]","[-16.875    4.603   68.033    0.       0.      -0.1221  -0.1094  -0.2847
   0.9473]",120
122,1,"[[ 0.16579938 -0.29938186  0.33061814]
 [ 0.12452799 -0.04128194  0.58871806]
 [-0.29888457 -0.3070082   0.3229918 ]
 [ 0.2269548   0.30936065 -0.32063935]
 [-0.29060382  0.29275433 -0.33724567]
 [ 0.05709885  0.30654441 -0.32345559]]","[1939. 2243.  928. 1900. 2249.  922. 1966. 2074. 1097. 2237. 2238.  933.
 2242. 2248.  923. 2010. 2247.  924.]","[1938. 2229.  927. 1917. 2234.  926. 2009. 2087. 1085. 2238. 2234.  935.
 2229. 2239.  927. 2021. 2240.  924.]","[-1.6875e+01  4.6090e+00  6.8038e+01  0.0000e+00  0.0000e+00  1.8310e-01
 -5.7100e-02 -2.8910e-01  9.6140e-01]",120
123,1,"[[ 0.16177946 -0.29954861  0.33045139]
 [ 0.14544211 -0.04295943  0.58704057]
 [-0.29970911 -0.30648078  0.32351922]
 [ 0.23109019  0.30940233 -0.32059767]
 [-0.28947554  0.29286992 -0.33713008]
 [ 0.0624595   0.30666431 -0.32333569]]","[1942. 2243.  928. 1897. 2249.  922. 1953. 2076. 1095. 2236. 2238.  933.
 2243. 2247.  924. 2007. 2247.  924.]","[1941. 2229.  926. 1914. 2234.  926. 1994. 2082. 1090. 2238. 2234.  935.
 2230. 2239.  927. 2017. 2240.  925.]","[-1.6875e+01  4.6030e+00  6.8038e+01  0.0000e+00  0.0000e+00  0.0000e+00
 -6.6400e-02 -2.8810e-01  9.5170e-01]",120
124,1,"[[ 0.15771931 -0.29971538  0.33028462]
 [ 0.16535856 -0.04461894  0.58538106]
 [-0.30037046 -0.30591957  0.32408043]
 [ 0.23511819  0.30944114 -0.32055886]
 [-0.28829628  0.29298753 -0.33701247]
 [ 0.06779446  0.30678234 -0.32321766]]","[1945. 2243.  928. 1894. 2249.  922. 1940. 2077. 1094. 2235. 2238.  932.
 2243. 2247.  924. 2003. 2247.  923.]","[1943. 2230.  926. 1911. 2234.  927. 1979. 2079. 1093. 2237. 2234.  935.
 2231. 2238.  928. 2014. 2240.  924.]","[-1.6870e+01  4.6030e+00  6.8038e+01  0.0000e+00  0.0000e+00 -6.1000e-02
 -7.9600e-02 -2.9250e-01  9.4780e-01]",120
125,1,"[[ 0.15361993 -0.29988213  0.33011787]
 [ 0.18417796 -0.04677996  0.58322004]
 [-0.30086985 -0.30532829  0.32467171]
 [ 0.23903754  0.30947704 -0.32052296]
 [-0.287066    0.29310712 -0.33689288]
 [ 0.07310211  0.30689849 -0.32310151]]","[1947. 2243.  928. 1892. 2249.  922. 1927. 2078. 1093. 2235. 2239.  932.
 2244. 2247.  924. 2000. 2248.  923.]","[1946. 2229.  926. 1909. 2234.  926. 1965. 2079. 1093. 2236. 2234.  934.
 2233. 2238.  928. 2011. 2240.  924.]","[-1.6870e+01  4.6030e+00  6.8038e+01 -6.1000e-02  0.0000e+00  6.1000e-02
 -9.6700e-02 -2.9640e-01  9.4340e-01]",120
126,1,"[[ 0.14948234 -0.30004879  0.32995121]
 [ 0.20181124 -0.04954441  0.58045559]
 [-0.30121341 -0.30471073  0.32528927]
 [ 0.24284707  0.30951003 -0.32048997]
 [-0.28578469  0.29322863 -0.33677137]
 [ 0.07838083  0.3070127  -0.3229873 ]]","[1950. 2243.  928. 1889. 2249.  922. 1916. 2080. 1091. 2234. 2239.  932.
 2244. 2246.  925. 1996. 2248.  923.]","[1949. 2229.  926. 1906. 2234.  926. 1952. 2079. 1093. 2235. 2235.  934.
 2234. 2238.  929. 2007. 2240.  924.]","[-1.6875e+01  4.6090e+00  6.8055e+01 -6.1000e-02 -6.1000e-02  3.6620e-01
 -7.8100e-02 -3.0080e-01  9.5020e-01]",120
127,1,"[[ 0.14530757 -0.30021533  0.32978467]
 [ 0.21817974 -0.05296484  0.57703516]
 [-0.30139946 -0.30407066  0.32592934]
 [ 0.24654562  0.30954006 -0.32045994]
 [-0.28445233  0.29335202 -0.33664798]
 [ 0.08362901  0.30712495 -0.32287505]]","[1953. 2243.  928. 1887. 2249.  922. 1905. 2082. 1089. 2233. 2239.  932.
 2244. 2246.  925. 1993. 2248.  923.]","[1951. 2229.  926. 1904. 2234.  926. 1939. 2079. 1092. 2235. 2235.  934.
 2234. 2238.  929. 2004. 2240.  924.]","[-1.6875e+01  4.6090e+00  6.8066e+01 -6.1000e-02 -6.1000e-02  1.8310e-01
 -6.1500e-02 -2.9830e-01  9.5410e-01]",120
128,1,"[[ 0.14109665 -0.30038169  0.32961831]
 [ 0.23321495 -0.05708777  0.57291223]
 [-0.30049881 -0.30341137  0.32658863]
 [ 0.25013213  0.30956712 -0.32043288]
 [-0.28306893  0.29347724 -0.33652276]
 [ 0.08884507  0.30723519 -0.32276481]]","[1956. 2243.  928. 1884. 2249.  922. 1895. 2085. 1086. 2232. 2239.  932.
 2243. 2245.  926. 1990. 2248.  923.]","[1954. 2229.  926. 1902. 2234.  926. 1927. 2081. 1091. 2234. 2235.  933.
 2235. 2238.  930. 2001. 2240.  923.]","[-16.88     4.603   68.066    0.      -0.1221   0.      -0.0718  -0.2993
   0.9507]",120
129,1,"[[ 0.13685065 -0.30054783  0.32945217]
 [ 0.2468584  -0.06195892  0.56804108]
 [-0.29753574 -0.30273409  0.32726591]
 [ 0.25360557  0.30959119 -0.32040881]
 [-0.28163452  0.29360423 -0.33639577]
 [ 0.09402746  0.30734339 -0.32265661]]","[1958. 2243.  928. 1882. 2249.  922. 1887. 2088. 1083. 2231. 2239.  932.
 2241. 2245.  926. 1986. 2248.  923.]","[1956. 2229.  926. 1899. 2234.  927. 1915. 2083. 1089. 2233. 2235.  933.
 2235. 2237.  930. 1997. 2240.  923.]","[-1.6880e+01  4.5920e+00  6.8071e+01  0.0000e+00 -1.2210e-01  6.1000e-02
 -8.5400e-02 -2.9740e-01  9.5170e-01]",120
130,1,"[[ 0.13257061 -0.3007137   0.3292863 ]
 [ 0.25906135 -0.06762376  0.56237624]
 [-0.29251832 -0.30204137  0.32795863]
 [ 0.25696498  0.30961225 -0.32038775]
 [-0.28014912  0.29373296 -0.33626704]
 [ 0.09917462  0.30744951 -0.32255049]]","[1961. 2244.  927. 1880. 2249.  922. 1879. 2092. 1079. 2230. 2239.  932.
 2238. 2244.  927. 1983. 2248.  923.]","[1958. 2229.  926. 1897. 2234.  927. 1905. 2086. 1086. 2232. 2236.  933.
 2235. 2237.  931. 1994. 2240.  923.]","[-1.6880e+01  4.5920e+00  6.8077e+01 -6.1000e-02 -1.2210e-01  1.2210e-01
 -8.1100e-02 -2.9200e-01  9.4820e-01]",120
131,1,"[[ 0.12825759 -0.30087925  0.32912075]
 [ 0.26978448 -0.07412744  0.55587256]
 [-0.28549135 -0.30133681  0.32866319]
 [ 0.26020947  0.30963027 -0.32036973]
 [-0.27861278  0.29386336 -0.33613664]
 [ 0.10428502  0.30755353 -0.32244647]]","[1964. 2244.  927. 1878. 2249.  922. 1872. 2096. 1075. 2229. 2239.  932.
 2234. 2244.  927. 1980. 2248.  923.]","[1961. 2229.  926. 1895. 2234.  926. 1896. 2088. 1083. 2231. 2236.  933.
 2235. 2236.  931. 1990. 2240.  923.]","[-1.6886e+01  4.5870e+00  6.8088e+01 -6.1000e-02 -1.8310e-01  1.2210e-01
 -7.9600e-02 -2.9490e-01  9.4780e-01]",120
132,1,"[[ 0.12391268 -0.30104443  0.32895557]
 [ 0.27899746 -0.08151445  0.54848555]
 [-0.27652434 -0.30062425  0.32937575]
 [ 0.2633382   0.30964525 -0.32035475]
 [-0.27702555  0.29399539 -0.33600461]
 [ 0.10935715  0.3076554  -0.3223446 ]]","[1967. 2244.  927. 1876. 2249.  922. 1866. 2101. 1070. 2228. 2239.  932.
 2228. 2243.  927. 1976. 2248.  923.]","[1964. 2229.  926. 1893. 2234.  927. 1886. 2092. 1080. 2229. 2236.  932.
 2235. 2236.  932. 1988. 2240.  923.]","[-16.886    4.581   68.093    0.      -0.1221   0.1221  -0.0762  -0.293
   0.9536]",120
133,1,"[[ 0.11953694 -0.3012092   0.3287908 ]
 [ 0.28667864 -0.08982842  0.54017158]
 [-0.26570514 -0.29990757  0.33009243]
 [ 0.26635037  0.30965718 -0.32034282]
 [-0.2753875   0.29412901 -0.33587099]
 [ 0.11438953  0.30775509 -0.32224491]]","[1970. 2244.  927. 1874. 2249.  922. 1861. 2106. 1065. 2227. 2239.  932.
 2221. 2243.  928. 1973. 2248.  923.]","[1966. 2229.  926. 1891. 2234.  927. 1879. 2096. 1076. 2229. 2236.  931.
 2232. 2236.  932. 1984. 2240.  923.]","[-1.6886e+01  4.5810e+00  6.8104e+01 -6.1000e-02 -1.2210e-01  1.8310e-01
 -7.5700e-02 -2.9830e-01  9.5120e-01]",120
134,1,"[[ 0.11513147 -0.3013735   0.3286265 ]
 [ 0.29281456 -0.09911182  0.53088818]
 [-0.25313635 -0.29919074  0.33080926]
 [ 0.26924525  0.30966607 -0.32033393]
 [-0.27369871  0.29426416 -0.33573584]
 [ 0.11938068  0.30785257 -0.32214743]]","[1972. 2244.  927. 1872. 2249.  922. 1857. 2112. 1059. 2226. 2239.  932.
 2213. 2243.  928. 1970. 2248.  923.]","[1969. 2229.  926. 1889. 2234.  927. 1872. 2100. 1072. 2228. 2236.  931.
 2228. 2236.  933. 1980. 2240.  922.]","[-1.6891e+01  4.5760e+00  6.8115e+01 -6.1000e-02 -1.8310e-01  2.4410e-01
 -8.0600e-02 -2.9980e-01  9.4290e-01]",120
135,1,"[[ 0.11069737 -0.3015373   0.3284627 ]
 [ 0.29739956 -0.10940566  0.52059434]
 [-0.23893267 -0.29847772  0.33152228]
 [ 0.27202218  0.30967209 -0.32032791]
 [-0.27195928  0.2944008  -0.3355992 ]
 [ 0.12432915  0.3079478  -0.3220522 ]]","[1975. 2244.  927. 1870. 2249.  922. 1854. 2119. 1052. 2225. 2239.  932.
 2203. 2242.  929. 1966. 2248.  923.]","[1971. 2229.  926. 1886. 2234.  927. 1867. 2105. 1067. 2227. 2236.  931.
 2226. 2236.  934. 1977. 2241.  922.]","[-16.897    4.57    68.132   -0.2441  -0.3052   0.4883  -0.0806  -0.3018
   0.9429]",120
136,1,"[[ 0.10623574 -0.30170055  0.32829945]
 [ 0.3004353  -0.12074927  0.50925073]
 [-0.22321893 -0.29777247  0.33222753]
 [ 0.27468054  0.30967558 -0.32032442]
 [-0.27016932  0.29453887 -0.33546113]
 [ 0.12923351  0.30804076 -0.32195924]]","[1978. 2244.  927. 1868. 2249.  922. 1852. 2126. 1045. 2224. 2240.  931.
 2193. 2242.  929. 1963. 2248.  923.]","[1974. 2229.  926. 1884. 2234.  927. 1861. 2111. 1061. 2225. 2236.  931.
 2221. 2235.  934. 1974. 2241.  921.]","[-16.908    4.565   68.159   -0.4272  -0.3662   0.6714  -0.0815  -0.3057
   0.9507]",120
137,1,"[[ 0.10174768 -0.30186319  0.32813681]
 [ 0.30192853 -0.13318005  0.49681995]
 [-0.20612816 -0.29707894  0.33292106]
 [ 0.27721977  0.30967342 -0.32032658]
 [-0.26832893  0.29467834 -0.33532166]
 [ 0.13409234  0.30813142 -0.32186858]]","[1981. 2244.  927. 1867. 2249.  922. 1851. 2134. 1037. 2222. 2240.  931.
 2182. 2241.  930. 1960. 2248.  923.]","[1976. 2229.  926. 1882. 2234.  927. 1858. 2116. 1055. 2225. 2236.  931.
 2213. 2235.  934. 1971. 2241.  921.]","[-16.924    4.559   68.192   -0.3662  -0.4272   0.8545  -0.0723  -0.3022
   0.9561]",120
138,1,"[[ 0.09723431 -0.30202519  0.32797481]
 [ 0.30204171 -0.14673129  0.48326871]
 [-0.18779991 -0.29640101  0.33359899]
 [ 0.27963936  0.30962811 -0.32037189]
 [-0.26643827  0.29481914 -0.33518086]
 [ 0.13890425  0.30821974 -0.32178026]]","[1984. 2244.  927. 1865. 2249.  922. 1851. 2143. 1028. 2221. 2240.  931.
 2170. 2241.  930. 1957. 2248.  923.]","[1978. 2229.  926. 1880. 2234.  927. 1855. 2123. 1048. 2223. 2237.  930.
 2204. 2235.  935. 1968. 2242.  920.]","[-16.941    4.554   68.231   -0.3662  -0.4272   1.0376  -0.0825  -0.3086
   0.9341]",120
139,1,"[[ 0.09269676 -0.3021865   0.3278135 ]
 [ 0.30188167 -0.16116907  0.46883093]
 [-0.16837855 -0.29574248  0.33425752]
 [ 0.28193886  0.30950627 -0.32049373]
 [-0.26449747  0.29496123 -0.33503877]
 [ 0.14366787  0.3083057  -0.3216943 ]]","[1987. 2244.  926. 1864. 2249.  922. 1851. 2153. 1018. 2220. 2240.  931.
 2157. 2240.  931. 1954. 2248.  922.]","[1981. 2229.  926. 1879. 2234.  928. 1853. 2131. 1041. 2222. 2237.  930.
 2195. 2234.  935. 1965. 2243.  920.]","[-16.957    4.548   68.28    -0.6714  -0.6714   1.4648  -0.0864  -0.3091
   0.9502]",120
140,1,"[[ 0.08813616 -0.30234707  0.32765293]
 [ 0.30174235 -0.1761813   0.4538187 ]
 [-0.14801169 -0.29510706  0.33489294]
 [ 0.28411789  0.30932456 -0.32067544]
 [-0.26250669  0.29510457 -0.33489543]
 [ 0.14838185  0.30838926 -0.32161074]]","[1990. 2245.  926. 1862. 2249.  922. 1851. 2162. 1009. 2219. 2240.  931.
 2144. 2240.  931. 1951. 2249.  922.]","[1981. 2229.  926. 1877. 2234.  928. 1852. 2139. 1032. 2221. 2237.  929.
 2185. 2233.  936. 1963. 2244.  920.]","[-16.985    4.543   68.351   -0.6104  -0.7324   1.77    -0.0757  -0.3081
   0.9473]",120
141,1,"[[ 0.08355363 -0.30250686  0.32749314]
 [ 0.30160294 -0.19189737  0.43810263]
 [-0.12684872 -0.29449834  0.33550166]
 [ 0.28617609  0.30908709 -0.32091291]
 [-0.2604661   0.29524911 -0.33475089]
 [ 0.15304486  0.30847041 -0.32152959]]","[1993. 2245.  926. 1861. 2249.  922. 1851. 2173.  998. 2217. 2240.  931.
 2130. 2239.  931. 1948. 2249.  922.]","[1981. 2229.  926. 1875. 2234.  928. 1851. 2148. 1024. 2220. 2237.  930.
 2174. 2232.  935. 1959. 2245.  920.]","[-17.034    4.526   68.511   -0.5493  -0.7935   2.0142  -0.0723  -0.3081
   0.9541]",120
142,1,"[[ 0.07895033 -0.30266583  0.32733417]
 [ 0.30144914 -0.20834729  0.42165271]
 [-0.10503945 -0.29391977  0.33608023]
 [ 0.28811317  0.30879654 -0.32120346]
 [-0.25837589  0.29539479 -0.33460521]
 [ 0.15765558  0.3085491  -0.3214509 ]]","[1996. 2245.  926. 1860. 2249.  922. 1851. 2183.  988. 2216. 2240.  931.
 2116. 2239.  932. 1945. 2249.  922.]","[1983. 2229.  927. 1873. 2234.  928. 1852. 2157. 1014. 2218. 2237.  930.
 2162. 2232.  936. 1956. 2245.  920.]","[-1.7051e+01  4.5210e+00  6.8604e+01 -1.8310e-01 -8.5450e-01  2.5024e+00
 -4.9800e-02 -3.1590e-01  9.4090e-01]",120
143,1,"[[ 0.07432738 -0.30282392  0.32717608]
 [ 0.3012736  -0.22552718  0.40447282]
 [-0.0827328  -0.2933746   0.3366254 ]
 [ 0.28992891  0.30845562 -0.32154438]
 [-0.25623626  0.29554158 -0.33445842]
 [ 0.16221273  0.30862532 -0.32137468]]","[1999. 2245.  926. 1858. 2249.  922. 1851. 2195.  976. 2215. 2240.  931.
 2101. 2239.  932. 1942. 2249.  922.]","[1986. 2229.  928. 1872. 2234.  927. 1851. 2167. 1005. 2217. 2238.  929.
 2150. 2231.  936. 1953. 2246.  920.]","[-1.7056e+01  4.5150e+00  6.8714e+01 -2.4410e-01 -8.5450e-01  2.7466e+00
 -5.0300e-02 -2.9690e-01  9.8140e-01]",120
144,1,"[[ 0.06968595 -0.3029811   0.3270189 ]
 [ 0.30107264 -0.24342545  0.38657455]
 [-0.06007569 -0.29286594  0.33713406]
 [ 0.29162313  0.30806728 -0.32193272]
 [-0.25404742  0.29568942 -0.33431058]
 [ 0.16671505  0.30869905 -0.32130095]]","[2002. 2245.  926. 1857. 2248.  923. 1851. 2206.  965. 2213. 2240.  931.
 2087. 2238.  933. 1939. 2249.  922.]","[1989. 2229.  928. 1870. 2234.  927. 1851. 2177.  995. 2216. 2238.  929.
 2138. 2231.  936. 1949. 2246.  920.]","[-1.7062e+01  4.5100e+00  6.8829e+01 -6.1000e-02 -7.9350e-01  2.4414e+00
 -6.6900e-02 -2.7690e-01  9.5210e-01]",120
145,1,"[[ 0.06502719 -0.30313733  0.32686267]
 [ 0.30084436 -0.26202851  0.36797149]
 [-0.03721205 -0.29239666  0.33760334]
 [ 0.29319568  0.30763464 -0.32236536]
 [-0.25180959  0.29583827 -0.33416173]
 [ 0.17116129  0.30877025 -0.32122975]]","[2005. 2245.  926. 1856. 2248.  923. 1851. 2218.  953. 2212. 2240.  931.
 2072. 2238.  933. 1936. 2249.  922.]","[1991. 2230.  928. 1869. 2234.  927. 1851. 2187.  984. 2214. 2238.  929.
 2124. 2231.  936. 1947. 2246.  919.]","[-17.056    4.504   68.928    0.      -0.6104   2.0142  -0.0811  -0.2715
   0.9482]",120
146,1,"[[ 0.06035225 -0.30329255  0.32670745]
 [ 0.30058776 -0.28132218  0.34867782]
 [-0.01428188 -0.29196942  0.33803058]
 [ 0.29464648  0.30716099 -0.32283901]
 [-0.249523    0.29598808 -0.33401192]
 [ 0.17555022  0.3088389  -0.3211611 ]]","[2008. 2245.  926. 1855. 2248.  923. 1852. 2231.  940. 2210. 2240.  931.
 2057. 2238.  933. 1933. 2249.  922.]","[1992. 2230.  928. 1867. 2234.  927. 1851. 2199.  973. 2213. 2238.  929.
 2111. 2231.  936. 1943. 2246.  920.]","[-17.051    4.499   69.005   -0.1831  -0.5493   1.5259  -0.1099  -0.252
   0.9644]",120
147,1,"[[ 0.0556623  -0.30344673  0.32655327]
 [ 0.30030223 -0.29139176  0.33860824]
 [ 0.00857947 -0.29158663  0.33841337]
 [ 0.29597552  0.30664976 -0.32335024]
 [-0.24718792  0.2961388  -0.3338612 ]
 [ 0.17988066  0.30890499 -0.32109501]]","[2011. 2245.  926. 1855. 2247.  924. 1852. 2237.  934. 2209. 2241.  930.
 2042. 2238.  933. 1930. 2249.  922.]","[1994. 2230.  928. 1866. 2234.  927. 1851. 2211.  961. 2211. 2238.  929.
 2097. 2231.  936. 1940. 2247.  919.]","[-17.045    4.499   69.071   -0.1221  -0.3052   1.4038  -0.0879  -0.2681
   0.9316]",120
148,1,"[[ 0.05095851 -0.30359983  0.32640017]
 [ 0.29998733 -0.29147429  0.33852571]
 [ 0.03124195 -0.26596889  0.36403111]
 [ 0.2971828   0.30610447 -0.32389553]
 [-0.24480461  0.29629039 -0.33370961]
 [ 0.18415141  0.30896848 -0.32103152]]","[2014. 2245.  926. 1854. 2247.  924. 1852. 2238.  933. 2207. 2241.  930.
 2027. 2221.  950. 1927. 2249.  922.]","[1997. 2230.  928. 1865. 2234.  927. 1851. 2221.  951. 2210. 2238.  928.
 2083. 2231.  936. 1936. 2247.  920.]","[-17.04     4.504   69.126   -0.3662  -0.3052   1.1597  -0.0835  -0.2798
   0.9868]",120
149,1,"[[ 0.04624205 -0.30375181  0.32624819]
 [ 0.29964272 -0.2915594   0.3384406 ]
 [ 0.05358134 -0.19405589  0.43594411]
 [ 0.2982684   0.30552872 -0.32447128]
 [-0.24237333  0.2964428  -0.3335572 ]
 [ 0.18836132  0.30902936 -0.32097064]]","[2017. 2246.  925. 1853. 2247.  924. 1852. 2238.  933. 2206. 2241.  930.
 2013. 2174.  997. 1925. 2249.  922.]","[2000. 2230.  928. 1863. 2234.  928. 1851. 2228.  944. 2207. 2239.  928.
 2067. 2227.  939. 1933. 2247.  920.]","[-17.04     4.51    69.164   -0.3052   0.       0.1221  -0.0757  -0.2905
   0.9346]",120
150,1,"[[ 0.04151408 -0.30390261  0.32609739]
 [ 0.2992681  -0.29164705  0.33835295]
 [ 0.07547966 -0.13467515  0.49532485]
 [ 0.29923244  0.30492616 -0.32507384]
 [-0.23989439  0.29659599 -0.33340401]
 [ 0.19250927  0.30908761 -0.32091239]]","[2020. 2246.  925. 1852. 2246.  925. 1852. 2238.  933. 2204. 2241.  930.
 1998. 2135. 1036. 1922. 2249.  922.]","[2003. 2230.  928. 1861. 2235.  927. 1852. 2233.  942. 2206. 2239.  928.
 2053. 2212.  951. 1931. 2247.  920.]","[-1.7034e+01  4.5100e+00  6.9164e+01  1.8310e-01  0.0000e+00 -1.2210e-01
 -6.3000e-02 -2.8080e-01  9.7310e-01]",120
151,1,"[[ 0.03677578 -0.30405221  0.32594779]
 [ 0.29886318 -0.29173718  0.33826282]
 [ 0.09682551 -0.08815845  0.54184155]
 [ 0.30007508  0.30430048 -0.32569952]
 [-0.23736808  0.2967499  -0.3332501 ]
 [ 0.19659413  0.30914321 -0.32085679]]","[2024. 2246.  925. 1852. 2246.  925. 1853. 2238.  933. 2202. 2241.  930.
 1984. 2105. 1066. 1919. 2249.  922.]","[2007. 2229.  929. 1859. 2235.  928. 1852. 2229.  940. 2205. 2240.  929.
 2037. 2188.  976. 1928. 2246.  919.]","[-1.6968e+01  4.4930e+00  6.9159e+01  2.5024e+00 -4.8830e-01 -2.4410e-01
 -3.1200e-02 -2.6030e-01  1.0010e+00]",120
152,1,"[[ 0.03202834 -0.30420055  0.32579945]
 [ 0.29842769 -0.29182972  0.33817028]
 [ 0.11751427 -0.05476355  0.57523645]
 [ 0.30079655  0.30365536 -0.32634464]
 [-0.23479472  0.2969045  -0.3330955 ]
 [ 0.20061484  0.30919613 -0.32080387]]","[2027. 2246.  925. 1851. 2245.  926. 1853. 2238.  933. 2201. 2241.  930.
 1971. 2083. 1088. 1917. 2249.  922.]","[2013. 2229.  928. 1857. 2235.  928. 1852. 2229.  939. 2204. 2240.  928.
 2020. 2167. 1005. 1926. 2246.  919.]","[-1.6765e+01  4.4440e+00  6.9142e+01  7.1411e+00 -1.2817e+00 -1.1597e+00
 -2.4900e-02 -2.4120e-01  9.7310e-01]",120
153,1,"[[ 0.02727294 -0.30434761  0.32565239]
 [ 0.29796134 -0.29192462  0.33807538]
 [ 0.13744827 -0.03467284  0.59532716]
 [ 0.30139717  0.30299448 -0.32700552]
 [-0.23217464  0.29705974 -0.33294026]
 [ 0.20457031  0.30924637 -0.32075363]]","[2030. 2246.  925. 1851. 2245.  926. 1853. 2238.  933. 2199. 2241.  930.
 1958. 2070. 1101. 1914. 2249.  922.]","[2019. 2229.  929. 1855. 2235.  927. 1853. 2228.  937. 2202. 2240.  929.
 2003. 2139. 1033. 1924. 2244.  919.]","[-16.43     4.378   69.077    9.1553  -0.6104  -2.7466  -0.0845  -0.3032
   1.002 ]",120
154,1,"[[ 0.02251075 -0.30449335  0.32550665]
 [ 0.29746388 -0.29202182  0.33797818]
 [ 0.15653688 -0.0279976   0.6020024 ]
 [ 0.30187761  0.30232149 -0.32767851]
 [-0.22950819  0.29721556 -0.33278444]
 [ 0.20845952  0.3092939  -0.3207061 ]]","[2033. 2246.  925. 1851. 2245.  926. 1854. 2238.  933. 2197. 2241.  930.
 1945. 2066. 1105. 1912. 2249.  922.]","[2025. 2229.  929. 1854. 2236.  928. 1853. 2229.  936. 2201. 2239.  929.
 1986. 2115. 1056. 1921. 2244.  922.]","[-16.117    4.323   68.928    6.5918   0.5493  -5.188   -0.1274  -0.3291
   0.873 ]",120
155,1,"[[ 0.01774296 -0.30463771  0.32536229]
 [ 0.29693504 -0.29212128  0.33787872]
 [ 0.1746965  -0.03474099  0.59525901]
 [ 0.30224     0.30164    -0.32836   ]
 [-0.22679571  0.29737194 -0.33262806]
 [ 0.21228144  0.30933871 -0.32066129]]","[2036. 2246.  925. 1850. 2244.  927. 1854. 2238.  933. 2195. 2241.  930.
 1934. 2070. 1101. 1909. 2249.  922.]","[2027. 2230.  929. 1854. 2235.  928. 1853. 2229.  934. 2200. 2239.  929.
 1970. 2097. 1076. 1919. 2244.  923.]","[-16.04     4.312   68.719   -1.4648   1.5259  -4.8828  -0.2275  -0.3027
   0.8481]",120
156,1,"[[ 0.01297076 -0.30478067  0.32521933]
 [ 0.29637456 -0.29222292  0.33777708]
 [ 0.19185057 -0.03883259  0.59116741]
 [ 0.30249188  0.30095353 -0.32904647]
 [-0.22403757  0.29752882 -0.33247118]
 [ 0.21603509  0.30938078 -0.32061922]]","[2039. 2246.  925. 1850. 2244.  927. 1854. 2238.  933. 2194. 2241.  930.
 1922. 2073. 1098. 1907. 2249.  922.]","[2030. 2229.  928. 1854. 2236.  929. 1855. 2229.  934. 2197. 2239.  929.
 1959. 2088. 1084. 1917. 2244.  923.]","[-16.139    4.351   68.599   -2.6855   0.8545  -0.8545  -0.1035  -0.27
   0.9907]",120
157,1,"[[ 0.00819533 -0.30492218  0.32507782]
 [ 0.2957822  -0.2923267   0.3376733 ]
 [ 0.20792946 -0.04098002  0.58901998]
 [ 0.30260492  0.30026549 -0.32973451]
 [-0.22123416  0.29768615 -0.33231385]
 [ 0.21971949  0.30942011 -0.32057989]]","[2042. 2246.  925. 1850. 2243.  928. 1855. 2238.  933. 2192. 2242.  929.
 1912. 2074. 1097. 1904. 2249.  922.]","[2033. 2230.  928. 1852. 2236.  930. 1854. 2228.  934. 2195. 2240.  929.
 1949. 2082. 1090. 1914. 2244.  923.]","[-1.6183e+01  4.3890e+00  6.8593e+01  6.7140e-01  2.4410e-01  1.0376e+00
  6.8000e-03 -3.1150e-01  1.0024e+00]",120
158,1,"[[ 0.00341786 -0.30506222  0.32493778]
 [ 0.29515768 -0.29243257  0.33756743]
 [ 0.22287038 -0.04345922  0.58654078]
 [ 0.301532    0.29957855 -0.33042145]
 [-0.21838588  0.2978439  -0.3321561 ]
 [ 0.22333371  0.30945666 -0.32054334]]","[2045. 2246.  925. 1851. 2243.  928. 1855. 2238.  933. 2190. 2242.  929.
 1902. 2076. 1095. 1902. 2249.  922.]","[2036. 2229.  928. 1851. 2236.  930. 1855. 2229.  933. 2194. 2240.  929.
 1936. 2079. 1093. 1912. 2244.  921.]","[-1.6166e+01  4.4060e+00  6.8626e+01  4.8830e-01  0.0000e+00  6.1040e-01
  1.1200e-02 -3.2760e-01  9.0380e-01]",120
159,1,"[[-0.00136045 -0.30520073  0.32479927]
 [ 0.29450078 -0.29254045  0.33745955]
 [ 0.23661723 -0.04657509  0.58342491]
 [ 0.2985355   0.29889364 -0.33110636]
 [-0.21549312  0.29800202 -0.33199798]
 [ 0.22687681  0.30949045 -0.32050955]]","[2048. 2246.  925. 1853. 2242.  929. 1856. 2238.  933. 2188. 2242.  929.
 1893. 2078. 1093. 1900. 2249.  922.]","[2038. 2230.  928. 1852. 2236.  930. 1855. 2228.  934. 2192. 2240.  929.
 1924. 2079. 1094. 1909. 2244.  920.]","[-1.6183e+01  4.4000e+00  6.8648e+01 -6.7140e-01 -3.0520e-01  4.8830e-01
 -6.4900e-02 -3.1100e-01  9.6340e-01]",120
160,1,"[[-0.00613843 -0.30533769  0.32466231]
 [ 0.29381123 -0.29265031  0.33734969]
 [ 0.24912046 -0.05040569  0.57959431]
 [ 0.29365751  0.29821377 -0.33178623]
 [-0.21255631  0.29816047 -0.33183953]
 [ 0.2303479   0.30952144 -0.32047856]]","[2052. 2247.  924. 1856. 2242.  929. 1856. 2238.  933. 2186. 2242.  929.
 1885. 2080. 1091. 1897. 2249.  922.]","[2040. 2230.  928. 1852. 2236.  930. 1856. 2228.  934. 2190. 2240.  929.
 1913. 2079. 1093. 1907. 2244.  921.]","[-16.194    4.389   68.687    0.3662  -0.5493   1.2207  -0.0688  -0.2793
   0.9482]",120
161,1,"[[-0.01091488 -0.30547306  0.32452694]
 [ 0.29308882 -0.29276209  0.33723791]
 [ 0.26033691 -0.05500057  0.57499943]
 [ 0.2869564   0.29754239 -0.33245761]
 [-0.20957588  0.29831919 -0.33168081]
 [ 0.23374611  0.30954963 -0.32045037]]","[2055. 2247.  924. 1860. 2241.  930. 1856. 2238.  933. 2184. 2242.  929.
 1878. 2083. 1088. 1895. 2249.  922.]","[2042. 2230.  928. 1852. 2236.  930. 1856. 2229.  934. 2188. 2241.  929.
 1903. 2079. 1092. 1905. 2244.  921.]","[-16.183    4.378   68.741    0.4272  -0.4883   1.2207  -0.0972  -0.2856
   0.9556]",120
162,1,"[[-0.01568862 -0.30560681  0.32439319]
 [ 0.29233329 -0.29287573  0.33712427]
 [ 0.27022958 -0.06040509  0.56959491]
 [ 0.2785062   0.29688295 -0.33311705]
 [-0.20655228  0.29847816 -0.33152184]
 [ 0.2370706   0.30957502 -0.32042498]]","[2058. 2247.  924. 1866. 2241.  930. 1857. 2238.  933. 2182. 2242.  929.
 1871. 2087. 1084. 1893. 2249.  922.]","[2045. 2230.  927. 1853. 2236.  931. 1856. 2229.  934. 2187. 2240.  928.
 1895. 2081. 1091. 1903. 2244.  921.]","[-16.188    4.373   68.785   -0.3052  -0.3662   0.9155  -0.1025  -0.2554
   0.9517]",120
163,1,"[[-0.02045845 -0.30573889  0.32426111]
 [ 0.29154441 -0.29299118  0.33700882]
 [ 0.2787675  -0.0666635   0.5633365 ]
 [ 0.26839265  0.29623885 -0.33376115]
 [-0.20348596  0.29863732 -0.33136268]
 [ 0.24032053  0.30959759 -0.32040241]]","[2061. 2247.  924. 1873. 2241.  930. 1857. 2239.  932. 2180. 2242.  929.
 1866. 2091. 1080. 1891. 2249.  922.]","[2048. 2230.  928. 1856. 2236.  932. 1857. 2228.  934. 2185. 2240.  928.
 1884. 2084. 1087. 1900. 2244.  921.]","[-16.194    4.373   68.813   -0.1221   0.       0.2441  -0.084   -0.25
   0.9722]",120
164,1,"[[-0.0252232  -0.30586927  0.32413073]
 [ 0.29072197 -0.29310838  0.33689162]
 [ 0.28592552 -0.0738193   0.5561807 ]
 [ 0.25671074  0.29561343 -0.33438657]
 [-0.2003774   0.29879664 -0.33120336]
 [ 0.24349511  0.30961734 -0.32038266]]","[2064. 2247.  924. 1880. 2240.  931. 1858. 2239.  932. 2178. 2242.  929.
 1861. 2096. 1075. 1889. 2249.  922.]","[2050. 2230.  928. 1860. 2236.  932. 1857. 2229.  933. 2185. 2240.  929.
 1879. 2087. 1085. 1899. 2244.  922.]","[-16.199    4.384   68.802    0.       0.3662  -0.5493  -0.0693  -0.2676
   0.9551]",120
165,1,"[[-0.02998167 -0.30599793  0.32400207]
 [ 0.28986574 -0.29322729  0.33677271]
 [ 0.29168415 -0.08191508  0.54808492]
 [ 0.24356292  0.29500991 -0.33499009]
 [-0.19722707  0.29895607 -0.33104393]
 [ 0.24659357  0.30963425 -0.32036575]]","[2067. 2247.  924. 1889. 2240.  931. 1859. 2239.  932. 2176. 2242.  929.
 1857. 2101. 1070. 1887. 2249.  922.]","[2054. 2230.  928. 1866. 2236.  933. 1858. 2228.  933. 2182. 2240.  929.
 1871. 2091. 1080. 1897. 2244.  923.]","[-1.6210e+01  4.3890e+00  6.8763e+01 -6.1040e-01  6.1040e-01 -1.2817e+00
 -6.2000e-02 -2.7340e-01  9.4630e-01]",120
166,1,"[[-0.03473268 -0.30612482  0.32387518]
 [ 0.28897551 -0.29334786  0.33665214]
 [ 0.29602934 -0.09099229  0.53900771]
 [ 0.22905769  0.29443145 -0.33556855]
 [-0.19403548  0.29911556 -0.33088444]
 [ 0.24961515  0.30964833 -0.32035167]]","[2070. 2247.  924. 1898. 2239.  932. 1859. 2239.  932. 2174. 2242.  928.
 1855. 2107. 1064. 1885. 2249.  922.]","[2057. 2229.  928. 1872. 2236.  933. 1859. 2228.  932. 2180. 2240.  929.
 1865. 2096. 1076. 1895. 2244.  923.]","[-16.243    4.4     68.698   -0.7324   0.7324  -1.709   -0.0723  -0.2905
   0.9595]",120
167,1,"[[-0.03947506 -0.30624992  0.32375008]
 [ 0.28805106 -0.29347002  0.33652998]
 [ 0.29895239 -0.10109099  0.52890901]
 [ 0.2133083   0.29388104 -0.33611896]
 [-0.19080313  0.29927509 -0.33072491]
 [ 0.25255913  0.30965958 -0.32034042]]","[2073. 2247.  924. 1908. 2239.  932. 1860. 2239.  932. 2172. 2243.  928.
 1853. 2113. 1058. 1883. 2249.  922.]","[2060. 2230.  928. 1877. 2236.  934. 1859. 2228.  931. 2178. 2240.  929.
 1862. 2099. 1072. 1893. 2244.  923.]","[-16.271    4.406   68.626   -0.5493   0.6714  -1.6479  -0.0708  -0.3101
   0.9453]",120
168,1,"[[-0.04420762 -0.30637319  0.32362681]
 [ 0.28709219 -0.29359373  0.33640627]
 [ 0.30044849 -0.11224963  0.51775037]
 [ 0.19643162  0.29336156 -0.33663844]
 [-0.18753054  0.29943459 -0.33056541]
 [ 0.25542481  0.30966804 -0.32033196]]","[2076. 2247.  924. 1919. 2239.  932. 1860. 2239.  932. 2170. 2243.  928.
 1852. 2121. 1050. 1881. 2249.  922.]","[2062. 2230.  928. 1885. 2236.  934. 1860. 2228.  930. 2176. 2240.  930.
 1858. 2105. 1067. 1892. 2244.  923.]","[-16.293    4.411   68.56    -0.3052   0.4883  -1.4648  -0.0762  -0.3242
   0.9658]",120
169,1,"[[-0.04892918 -0.3064946   0.3235054 ]
 [ 0.2860987  -0.29371895  0.33628105]
 [ 0.30060641 -0.12450371  0.50549629]
 [ 0.17854708  0.29287572 -0.33712428]
 [-0.18421825  0.29959405 -0.33040595]
 [ 0.25821151  0.30967386 -0.32032614]]","[2079. 2247.  924. 1931. 2238.  933. 1861. 2239.  932. 2168. 2243.  928.
 1852. 2129. 1042. 1879. 2249.  922.]","[2065. 2230.  928. 1896. 2236.  933. 1861. 2228.  931. 2173. 2240.  929.
 1856. 2112. 1060. 1891. 2244.  924.]","[-16.298    4.411   68.511    0.1221   0.3662  -1.0376  -0.1001  -0.311
   0.9438]",120
170,1,"[[-0.05363857 -0.30661412  0.32338588]
 [ 0.28507039 -0.29384561  0.33615439]
 [ 0.30043597 -0.13768112  0.49231888]
 [ 0.1597757   0.29242605 -0.33757395]
 [-0.18086679  0.2997534  -0.3302466 ]
 [ 0.26091859  0.30967738 -0.32032262]]","[2082. 2247.  924. 1943. 2238.  933. 1862. 2239.  932. 2165. 2243.  928.
 1852. 2137. 1034. 1877. 2249.  922.]","[2066. 2231.  928. 1905. 2236.  934. 1862. 2228.  931. 2172. 2240.  930.
 1854. 2118. 1054. 1889. 2243.  924.]","[-16.287    4.422   68.489    0.6104   0.1831  -0.3052  -0.1021  -0.2944
   0.9624]",120
171,1,"[[-0.05833463 -0.30673172  0.32326828]
 [ 0.28400709 -0.29397368  0.33602632]
 [ 0.30031001 -0.15142913  0.47857087]
 [ 0.14023921  0.29201492 -0.33798508]
 [-0.17747673  0.29991262 -0.33008738]
 [ 0.26354541  0.30967591 -0.32032409]]","[2086. 2247.  924. 1956. 2238.  933. 1862. 2239.  932. 2163. 2243.  928.
 1852. 2146. 1025. 1876. 2249.  922.]","[2069. 2232.  928. 1916. 2236.  934. 1862. 2228.  931. 2170. 2240.  929.
 1854. 2125. 1047. 1887. 2244.  924.]","[-16.265    4.433   68.5      0.7324   0.       0.6104  -0.0918  -0.2598
   0.9517]",120
172,1,"[[-0.06301617 -0.30684737  0.32315263]
 [ 0.28290859 -0.29410309  0.33589691]
 [ 0.30020444 -0.16588676  0.46411324]
 [ 0.12005926  0.29164445 -0.33835555]
 [-0.17404863  0.30007166 -0.32992834]
 [ 0.26609138  0.30963472 -0.32036528]]","[2089. 2248.  923. 1969. 2238.  933. 1863. 2239.  932. 2161. 2243.  928.
 1852. 2156. 1015. 1874. 2249.  922.]","[2071. 2233.  928. 1928. 2236.  934. 1863. 2228.  931. 2168. 2240.  929.
 1853. 2133. 1039. 1885. 2244.  924.]","[-1.6243e+01  4.4440e+00  6.8538e+01  3.6620e-01 -6.1000e-02  1.0986e+00
 -6.2000e-02 -2.4270e-01  9.6090e-01]",120
173,1,"[[-0.06768204 -0.30696103  0.32303897]
 [ 0.28177474 -0.29423381  0.33576619]
 [ 0.30010095 -0.18109381  0.44890619]
 [ 0.0993567   0.28250388 -0.34749612]
 [-0.17058308  0.30023048 -0.32976952]
 [ 0.26855592  0.30951776 -0.32048224]]","[2092. 2248.  923. 1983. 2232.  939. 1864. 2239.  932. 2159. 2243.  928.
 1852. 2166. 1005. 1872. 2249.  922.]","[2074. 2233.  928. 1940. 2236.  934. 1863. 2228.  930. 2165. 2240.  929.
 1853. 2141. 1031. 1884. 2244.  924.]","[-1.6227e+01  4.4600e+00  6.8577e+01  6.1000e-02  0.0000e+00  9.1550e-01
 -4.8300e-02 -2.3540e-01  9.6580e-01]",120
174,1,"[[-0.07233107 -0.30707269  0.32292731]
 [ 0.28060536 -0.29436578  0.33563422]
 [ 0.29998994 -0.19704771  0.43295229]
 [ 0.07825097  0.21162483 -0.41837517]
 [-0.16708066  0.30038904 -0.32961096]
 [ 0.27093848  0.30934191 -0.32065809]]","[2095. 2248.  923. 1996. 2185.  986. 1865. 2239.  932. 2156. 2243.  928.
 1852. 2176.  995. 1871. 2249.  922.]","[2077. 2233.  928. 1953. 2235.  935. 1865. 2228.  930. 2164. 2240.  929.
 1853. 2151. 1021. 1882. 2244.  924.]","[-1.6221e+01  4.4660e+00  6.8593e+01 -1.2210e-01  6.1000e-02  3.0520e-01
 -4.4900e-02 -2.4800e-01  9.5750e-01]",120
175,1,"[[-0.07696212 -0.30718231  0.32281769]
 [ 0.27940028 -0.29449896  0.33550104]
 [ 0.2998665  -0.21373591  0.41626409]
 [ 0.05685956  0.15219881 -0.47780119]
 [-0.16354198  0.3005473  -0.3294527 ]
 [ 0.27323854  0.30911145 -0.32088855]]","[2098. 2248.  923. 2010. 2147. 1024. 1865. 2239.  931. 2154. 2243.  928.
 1852. 2187.  984. 1869. 2249.  922.]","[2079. 2233.  927. 1966. 2224.  946. 1865. 2229.  930. 2162. 2240.  929.
 1853. 2160. 1012. 1880. 2244.  924.]","[-16.227    4.46    68.588   -0.4272   0.1221  -0.2441  -0.0728  -0.2651
   0.9536]",120
176,1,"[[-0.08157402 -0.30728986  0.32271014]
 [ 0.27815936 -0.29463329  0.33536671]
 [ 0.29972812 -0.2311432   0.3988568 ]
 [ 0.03529749  0.10453618 -0.52546382]
 [-0.15996765  0.30070523 -0.32929477]
 [ 0.27545559  0.30882903 -0.32117097]]","[2101. 2248.  923. 2024. 2116. 1055. 1866. 2240.  931. 2152. 2244.  927.
 1852. 2198.  973. 1868. 2249.  922.]","[2083. 2233.  926. 1989. 2191.  980. 1867. 2229.  929. 2158. 2239.  927.
 1853. 2173. 1001. 1877. 2244.  924.]","[-16.249    4.482   68.588   -0.8545   0.6104   0.3052  -0.1084  -0.2637
   0.8906]",120
177,1,"[[-0.08616564 -0.30739533  0.32260467]
 [ 0.27688243 -0.29476874  0.33523126]
 [ 0.29957349 -0.24925355  0.38074645]
 [ 0.01367699  0.06888551 -0.56111449]
 [-0.15635831  0.30086278 -0.32913722]
 [ 0.27758916  0.3084973  -0.3215027 ]]","[2104. 2248.  923. 2039. 2092. 1079. 1867. 2240.  931. 2149. 2244.  927.
 1852. 2210.  961. 1867. 2249.  922.]","[2085. 2233.  925. 1999. 2172.  998. 1867. 2229.  930. 2156. 2239.  927.
 1853. 2176.  996. 1876. 2244.  924.]","[-16.32     4.554   68.621   -2.6245   1.709    1.5869  -0.0962  -0.2358
   0.8423]",120
178,1,"[[-0.09073582 -0.30749867  0.32250133]
 [ 0.27556937 -0.29490526  0.33509474]
 [ 0.2994019  -0.26805062  0.36194938]
 [-0.00789294  0.04543232 -0.58456768]
 [-0.15271458  0.30101991 -0.32898009]
 [ 0.2796388   0.30811911 -0.32188089]]","[2107. 2248.  923. 2053. 2077. 1094. 1868. 2240.  931. 2147. 2244.  927.
 1852. 2222.  949. 1865. 2248.  923.]","[2088. 2233.  926. 2011. 2144. 1027. 1868. 2231.  930. 2153. 2239.  925.
 1853. 2186.  985. 1873. 2244.  924.]","[-1.6469e+01  4.6360e+00  6.8665e+01 -4.5776e+00  1.5869e+00  1.7090e+00
 -3.0300e-02 -2.4510e-01  1.0562e+00]",120
179,1,"[[-0.09528343 -0.30759988  0.32240012]
 [ 0.27422003 -0.2950428   0.3349572 ]
 [ 0.29921294 -0.287518    0.342482  ]
 [-0.0293067   0.03429859 -0.59570141]
 [-0.14903712  0.30117659 -0.32882341]
 [ 0.28160409  0.3076975  -0.3223025 ]]","[2110. 2248.  923. 2067. 2070. 1101. 1869. 2240.  931. 2145. 2244.  927.
 1852. 2235.  936. 1864. 2248.  923.]","[2092. 2233.  926. 2025. 2120. 1051. 1869. 2232.  930. 2148. 2239.  925.
 1854. 2195.  975. 1871. 2244.  924.]","[-16.589    4.664   68.687   -3.418    0.1831   0.3052  -0.0771  -0.2578
   1.1387]",120
180,1,"[[-0.09980735 -0.30769891  0.32230109]
 [ 0.27283429 -0.29518131  0.33481869]
 [ 0.29900634 -0.29141715  0.33858285]
 [-0.05046242  0.03575052 -0.59424948]
 [-0.14532659  0.30133278 -0.32866722]
 [ 0.28348462  0.3072356  -0.3227644 ]]","[2113. 2248.  923. 2080. 2071. 1100. 1870. 2240.  931. 2142. 2244.  927.
 1853. 2237.  933. 1863. 2248.  923.]","[2096. 2233.  926. 2041. 2101. 1070. 1870. 2233.  930. 2145. 2238.  926.
 1853. 2205.  965. 1869. 2244.  925.]","[-16.611    4.647   68.681   -0.3052  -0.3662  -0.3052  -0.0859  -0.2559
   0.8877]",120
181,1,"[[-0.10430644 -0.30779575  0.32220425]
 [ 0.27141202 -0.29532076  0.33467924]
 [ 0.29878191 -0.29150018  0.33849982]
 [-0.07126204  0.04253486 -0.58746514]
 [-0.14158365  0.30148844 -0.32851156]
 [ 0.28528001  0.30673672 -0.32326328]]","[2115. 2248.  923. 2094. 2075. 1096. 1871. 2240.  931. 2140. 2244.  927.
 1853. 2238.  933. 1862. 2247.  924.]","[2103. 2233.  925. 2059. 2086. 1084. 1870. 2235.  930. 2143. 2237.  927.
 1854. 2215.  955. 1867. 2244.  925.]","[-16.65     4.658   68.648   -1.6479   0.8545  -0.8545  -0.1323  -0.3379
   0.832 ]",120
182,1,"[[-0.10877959 -0.30789038  0.32210962]
 [ 0.26995311 -0.29546109  0.33453891]
 [ 0.29853949 -0.2915857   0.3384143 ]
 [-0.09161156  0.04389471 -0.58610529]
 [-0.13780899  0.30164353 -0.32835647]
 [ 0.28698993  0.30620421 -0.32379579]]","[2118. 2248.  923. 2107. 2076. 1095. 1872. 2240.  931. 2137. 2244.  927.
 1853. 2238.  933. 1860. 2247.  924.]","[2105. 2232.  925. 2068. 2083. 1088. 1870. 2237.  930. 2141. 2237.  928.
 1854. 2217.  952. 1866. 2244.  926.]","[-16.842    4.719   68.566   -5.9814   2.1973  -1.709   -0.0879  -0.2808
   0.9829]",120
183,1,"[[-0.11322568 -0.30798276  0.32201724]
 [ 0.26845746 -0.29560227  0.33439773]
 [ 0.29827894 -0.29167364  0.33832636]
 [-0.11142103  0.04497964 -0.58502036]
 [-0.1340033   0.30179802 -0.32820198]
 [ 0.28861404  0.30564151 -0.32435849]]","[2121. 2248.  923. 2120. 2077. 1094. 1872. 2240.  931. 2135. 2244.  927.
 1853. 2238.  933. 1859. 2247.  924.]","[2110. 2233.  925. 2083. 2081. 1091. 1871. 2238.  930. 2140. 2236.  929.
 1855. 2220.  949. 1864. 2244.  926.]","[-16.985    4.763   68.439   -3.54     2.0142  -2.8076  -0.084   -0.3223
   0.9766]",120
184,1,"[[-0.11764362 -0.30807288  0.32192712]
 [ 0.26692497 -0.29574425  0.33425575]
 [ 0.29800012 -0.29176394  0.33823606]
 [-0.13060471  0.0464181  -0.5835819 ]
 [-0.13016729  0.30195187 -0.32804813]
 [ 0.29015204  0.3050521  -0.3249479 ]]","[2124. 2248.  923. 2133. 2078. 1093. 1873. 2240.  931. 2132. 2244.  927.
 1853. 2238.  933. 1858. 2246.  925.]","[2114. 2233.  922. 2100. 2079. 1092. 1872. 2239.  930. 2138. 2235.  930.
 1855. 2223.  944. 1862. 2244.  926.]","[-17.106    4.807   68.275   -2.7466   2.0142  -3.6621  -0.1201  -0.3599
   0.9111]",120
185,1,"[[-0.12203229 -0.30816072  0.32183928]
 [ 0.26535554 -0.29588699  0.33411301]
 [ 0.2977029  -0.29185652  0.33814348]
 [-0.14908107  0.0483224  -0.5816776 ]
 [-0.12630166  0.30210504 -0.32789496]
 [ 0.29160367  0.30443947 -0.32556053]]","[2127. 2248.  923. 2145. 2079. 1092. 1875. 2240.  931. 2130. 2244.  927.
 1853. 2238.  933. 1857. 2246.  925.]","[2116. 2232.  921. 2109. 2079. 1092. 1872. 2239.  930. 2137. 2235.  930.
 1855. 2224.  943. 1861. 2244.  926.]","[-17.221    4.85    68.132   -2.4414   1.8311  -3.1128  -0.1245  -0.3613
   0.938 ]",120
186,1,"[[-0.12639061 -0.30824626  0.32175374]
 [ 0.26374911 -0.29603044  0.33396956]
 [ 0.29738713 -0.29195134  0.33804866]
 [-0.16677287  0.0507412  -0.5792588 ]
 [-0.12240714  0.3022575  -0.3277425 ]
 [ 0.29296866  0.30380713 -0.32619287]]","[2130. 2248.  923. 2156. 2081. 1090. 1876. 2240.  930. 2127. 2245.  926.
 1854. 2238.  933. 1857. 2246.  925.]","[2120. 2233.  919. 2121. 2080. 1092. 1873. 2239.  930. 2135. 2234.  930.
 1855. 2225.  941. 1860. 2244.  927.]","[-17.292    4.894   68.06    -1.4648   1.2817  -1.4648  -0.1201  -0.3765
   0.9727]",120
187,1,"[[-0.13071749 -0.30832947  0.32167053]
 [ 0.26210559 -0.29617457  0.33382543]
 [ 0.29705268 -0.29204832  0.33795168]
 [-0.18360712  0.05371497 -0.57628503]
 [-0.11848445  0.30240922 -0.32759078]
 [ 0.2942468   0.30315858 -0.32684142]]","[2133. 2248.  922. 2167. 2083. 1088. 1877. 2241.  930. 2125. 2245.  926.
 1854. 2238.  933. 1856. 2245.  926.]","[2122. 2234.  919. 2134. 2080. 1091. 1874. 2239.  930. 2132. 2234.  930.
 1855. 2225.  940. 1859. 2244.  927.]","[-1.7325e+01  4.9270e+00  6.8055e+01 -3.6620e-01  5.4930e-01  6.1000e-02
 -9.5700e-02 -3.5160e-01  9.3850e-01]",120
188,1,"[[-0.13501186 -0.30841033  0.32158967]
 [ 0.26042491 -0.29631933  0.33368067]
 [ 0.2966994  -0.29214739  0.33785261]
 [-0.19951512  0.05728348 -0.57271652]
 [-0.11453436  0.30256014 -0.32743986]
 [ 0.29543788  0.30249728 -0.32750272]]","[2136. 2249.  922. 2178. 2085. 1086. 1878. 2241.  930. 2122. 2245.  926.
 1854. 2238.  933. 1855. 2245.  926.]","[2125. 2234.  918. 2146. 2082. 1090. 1875. 2240.  930. 2130. 2234.  930.
 1855. 2225.  940. 1858. 2243.  927.]","[-1.7342e+01  4.9550e+00  6.8093e+01 -6.1000e-02  2.4410e-01  1.0986e+00
 -3.2700e-02 -3.2080e-01  9.5560e-01]",120
189,1,"[[-0.13927265 -0.30848883  0.32151117]
 [ 0.25870703 -0.29646469  0.33353531]
 [ 0.29632716 -0.29224851  0.33775149]
 [-0.21443246  0.06148707 -0.56851293]
 [-0.11055759  0.30271025 -0.32728975]
 [ 0.29654172  0.30182667 -0.32817333]]","[2138. 2249.  922. 2187. 2088. 1083. 1879. 2241.  930. 2120. 2245.  926.
 1854. 2238.  933. 1854. 2244.  927.]","[2127. 2235.  920. 2161. 2084. 1087. 1877. 2240.  930. 2127. 2234.  930.
 1856. 2225.  940. 1857. 2243.  927.]","[-1.7336e+01  4.9600e+00  6.8126e+01  3.6620e-01  0.0000e+00  7.9350e-01
  4.4000e-03 -2.9590e-01  9.8680e-01]",120
190,1,"[[-0.1434988  -0.30856495  0.32143505]
 [ 0.2569519  -0.29661059  0.33338941]
 [ 0.2959358  -0.29235161  0.33764839]
 [-0.22829899  0.06636667 -0.56363333]
 [-0.10655492  0.30285951 -0.32714049]
 [ 0.29755819  0.30115011 -0.32884989]]","[2141. 2249.  922. 2196. 2091. 1080. 1880. 2241.  930. 2117. 2245.  926.
 1855. 2238.  933. 1854. 2244.  927.]","[2130. 2234.  921. 2171. 2087. 1085. 1878. 2239.  930. 2125. 2234.  930.
 1856. 2225.  940. 1856. 2242.  927.]","[-1.7320e+01  4.9380e+00  6.8121e+01  6.7140e-01  0.0000e+00 -6.1000e-02
  3.9000e-03 -2.7640e-01  9.2970e-01]",120
191,1,"[[-0.14768926 -0.30863866  0.32136134]
 [ 0.25515946 -0.29675701  0.33324299]
 [ 0.29552517 -0.29245662  0.33754338]
 [-0.24105885  0.07196381 -0.55803619]
 [-0.10252712  0.30300787 -0.32699213]
 [ 0.29848715  0.30047095 -0.32952905]]","[2144. 2249.  922. 2205. 2094. 1077. 1881. 2241.  930. 2114. 2245.  926.
 1855. 2238.  933. 1853. 2243.  928.]","[2131. 2234.  920. 2178. 2088. 1083. 1879. 2240.  929. 2123. 2234.  929.
 1856. 2224.  940. 1856. 2242.  927.]","[-1.7325e+01  4.9220e+00  6.8093e+01 -6.1000e-02  2.4410e-01 -7.3240e-01
 -5.1300e-02 -2.7780e-01  9.3410e-01]",120
192,1,"[[-0.15184299 -0.30870996  0.32129004]
 [ 0.25332971 -0.29690391  0.33309609]
 [ 0.29509513 -0.2925635   0.3374365 ]
 [-0.25266044  0.07832041 -0.55167959]
 [-0.09847497  0.30315532 -0.32684468]
 [ 0.29932849  0.29979242 -0.33020758]]","[2146. 2249.  922. 2212. 2099. 1072. 1882. 2241.  930. 2112. 2245.  926.
 1855. 2238.  933. 1852. 2243.  928.]","[2134. 2234.  921. 2188. 2091. 1081. 1879. 2240.  930. 2120. 2234.  930.
 1857. 2225.  940. 1855. 2242.  929.]","[-17.342    4.905   68.06    -0.3052   0.1831  -0.7935  -0.0928  -0.2891
   0.9741]",120
193,1,"[[-0.15595895 -0.30877882  0.32122118]
 [ 0.25146261 -0.29705123  0.33294877]
 [ 0.29464551 -0.29267216  0.33732784]
 [-0.26305643  0.08547859 -0.54452141]
 [-0.09439925  0.30330181 -0.32669819]
 [ 0.30008215  0.2991177  -0.3308823 ]]","[2149. 2249.  922. 2219. 2103. 1068. 1884. 2241.  930. 2109. 2245.  926.
 1855. 2238.  933. 1852. 2242.  928.]","[2135. 2235.  921. 2196. 2094. 1077. 1881. 2240.  930. 2118. 2234.  930.
 1857. 2224.  940. 1854. 2242.  929.]","[-17.342    4.883   68.038    0.       0.      -0.5493  -0.1172  -0.2959
   0.9473]",120
194,1,"[[-0.16003612 -0.30884524  0.32115476]
 [ 0.24955814 -0.29719896  0.33280104]
 [ 0.29417616 -0.29278257  0.33721743]
 [-0.27220379  0.09348044 -0.53651956]
 [-0.09030077  0.30344731 -0.32655269]
 [ 0.30074807  0.2984499  -0.3315501 ]]","[2152. 2249.  922. 2225. 2108. 1063. 1885. 2241.  930. 2106. 2245.  926.
 1856. 2238.  933. 1851. 2242.  929.]","[2138. 2234.  921. 2204. 2098. 1074. 1882. 2240.  929. 2115. 2234.  930.
 1856. 2225.  939. 1853. 2241.  929.]","[-17.347    4.878   68.027   -0.1221   0.      -0.1831  -0.1201  -0.3047
   0.9351]",120
195,1,"[[-0.16407348 -0.30890919  0.32109081]
 [ 0.24761632 -0.29734704  0.33265296]
 [ 0.29368692 -0.29289466  0.33710534]
 [-0.28006378  0.10236784 -0.52763216]
 [-0.08618033  0.30359179 -0.32640821]
 [ 0.30132624  0.29779203 -0.33220797]]","[2154. 2249.  922. 2230. 2114. 1057. 1886. 2241.  930. 2104. 2245.  926.
 1856. 2238.  933. 1851. 2242.  929.]","[2142. 2235.  921. 2214. 2104. 1069. 1884. 2240.  929. 2112. 2234.  930.
 1858. 2225.  939. 1852. 2241.  930.]","[-17.347    4.883   68.038    0.       0.       0.1831  -0.125   -0.3076
   0.9629]",120
196,1,"[[-0.16807004 -0.30897066  0.32102934]
 [ 0.24563714 -0.29749544  0.33250456]
 [ 0.29317763 -0.29300837  0.33699163]
 [-0.286602    0.11218221 -0.51781779]
 [-0.08203875  0.30373521 -0.32626479]
 [ 0.30181673  0.29714701 -0.33285299]]","[2157. 2249.  922. 2234. 2121. 1050. 1887. 2241.  930. 2101. 2246.  925.
 1856. 2239.  932. 1851. 2241.  930.]","[2143. 2235.  920. 2219. 2107. 1065. 1885. 2240.  930. 2110. 2234.  930.
 1858. 2225.  939. 1852. 2240.  929.]","[-17.342    4.889   68.06     0.1221  -0.1831   0.4883  -0.0977  -0.3013
   0.9429]",120
197,1,"[[-0.17202479 -0.30902963  0.32097037]
 [ 0.24362061 -0.29764413  0.33235587]
 [ 0.29264813 -0.29312365  0.33687635]
 [-0.29178845  0.12296429 -0.50703571]
 [-0.07787684  0.30387755 -0.32612245]
 [ 0.30221987  0.29651766 -0.33348234]]","[2160. 2249.  922. 2238. 2128. 1043. 1889. 2242.  929. 2098. 2246.  925.
 1857. 2239.  932. 1850. 2241.  930.]","[2145. 2235.  920. 2224. 2113. 1059. 1885. 2240.  930. 2108. 2234.  930.
 1858. 2225.  939. 1849. 2240.  930.]","[-17.336    4.9     68.077    0.1221   0.       0.4883  -0.0918  -0.3032
   0.9399]",120
198,1,"[[-0.17593676 -0.3090861   0.3209139 ]
 [ 0.24156678 -0.29779306  0.33220694]
 [ 0.29209824 -0.29324043  0.33675957]
 [-0.29559756  0.1347539  -0.4952461 ]
 [-0.07369544  0.30401877 -0.32598123]
 [ 0.30253696  0.2959067  -0.3340933 ]]","[2162. 2249.  922. 2240. 2135. 1036. 1890. 2242.  929. 2096. 2246.  925.
 1857. 2239.  932. 1850. 2240.  931.]","[2148. 2235.  920. 2230. 2119. 1053. 1887. 2241.  930. 2105. 2234.  930.
 1858. 2225.  938. 1849. 2240.  931.]","[-1.7336e+01  4.9110e+00  6.8099e+01  0.0000e+00 -6.1000e-02  5.4930e-01
 -8.2000e-02 -3.1050e-01  9.5310e-01]",120
199,1,"[[-0.17980497 -0.30914005  0.32085995]
 [ 0.23947565 -0.29794221  0.33205779]
 [ 0.29152781 -0.29335868  0.33664132]
 [-0.29800825  0.1475897  -0.4824103 ]
 [-0.0694954   0.30415883 -0.32584117]
 [ 0.30277233  0.29531678 -0.33468322]]","[2165. 2249.  922. 2242. 2144. 1027. 1891. 2242.  929. 2093. 2246.  925.
 1857. 2239.  932. 1850. 2240.  931.]","[2151. 2235.  921. 2234. 2127. 1045. 1889. 2240.  929. 2101. 2234.  929.
 1859. 2225.  938. 1849. 2239.  931.]","[-1.7331e+01  4.9160e+00  6.8126e+01  1.2210e-01 -6.1000e-02  3.6620e-01
 -6.4000e-02 -3.0370e-01  9.4680e-01]",120
200,1,"[[-0.18362846 -0.30919148  0.32080852]
 [ 0.23734729 -0.29809153  0.33190847]
 [ 0.29093666 -0.29347832  0.33652168]
 [-0.29899823  0.16150894 -0.46849106]
 [-0.06527755  0.30429772 -0.32570228]
 [ 0.30293306  0.29475036 -0.33524964]]","[2167. 2249.  922. 2242. 2153. 1018. 1893. 2242.  929. 2090. 2246.  925.
 1858. 2239.  932. 1850. 2240.  931.]","[2153. 2235.  920. 2237. 2132. 1040. 1890. 2241.  929. 2100. 2234.  929.
 1858. 2225.  937. 1849. 2239.  932.]","[-1.7325e+01  4.9160e+00  6.8137e+01  6.1000e-02  6.1000e-02  0.0000e+00
 -7.7100e-02 -3.0220e-01  9.3850e-01]",120
201,1,"[[-0.18740627 -0.30924036  0.32075964]
 [ 0.23518175 -0.29824099  0.33175901]
 [ 0.29032462 -0.29359931  0.33640069]
 [-0.29890733  0.17653543 -0.45346457]
 [-0.06104275  0.3044354  -0.3255646 ]
 [ 0.30262481  0.29420966 -0.33579034]]","[2170. 2249.  922. 2242. 2163. 1008. 1894. 2242.  929. 2087. 2246.  925.
 1858. 2239.  932. 1850. 2239.  932.]","[2155. 2235.  921. 2239. 2140. 1032. 1891. 2241.  929. 2097. 2234.  930.
 1859. 2225.  937. 1848. 2238.  932.]","[-1.7325e+01  4.9160e+00  6.8137e+01  0.0000e+00  0.0000e+00 -6.1000e-02
 -8.7400e-02 -3.0620e-01  9.5070e-01]",120
202,1,"[[-0.19113747 -0.30928668  0.32071332]
 [ 0.23297909 -0.29839055  0.33160945]
 [ 0.28969153 -0.2937216   0.3362784 ]
 [-0.29874934  0.19230456 -0.43769544]
 [-0.05679186  0.30457183 -0.32542817]
 [ 0.30062561  0.29369526 -0.33630474]]","[2172. 2249.  922. 2242. 2173.  998. 1896. 2242.  929. 2085. 2246.  925.
 1859. 2239.  932. 1852. 2239.  932.]","[2157. 2235.  921. 2240. 2149. 1023. 1893. 2241.  929. 2094. 2234.  929.
 1860. 2225.  937. 1848. 2238.  932.]","[-17.331    4.916   68.132    0.       0.       0.      -0.0889  -0.2974
   0.9502]",120
203,1,"[[-0.19482114 -0.30933045  0.32066955]
 [ 0.23073937 -0.29854018  0.33145982]
 [ 0.2890372  -0.29384513  0.33615487]
 [-0.29862615  0.20866314 -0.42133686]
 [-0.05252575  0.30470699 -0.32529301]
 [ 0.29684635  0.29320965 -0.33679035]]","[2175. 2249.  922. 2242. 2184.  987. 1897. 2242.  929. 2082. 2246.  925.
 1859. 2239.  932. 1854. 2239.  932.]","[2160. 2235.  921. 2241. 2158. 1014. 1894. 2241.  929. 2092. 2234.  929.
 1860. 2225.  937. 1849. 2238.  933.]","[-1.7331e+01  4.9160e+00  6.8132e+01  0.0000e+00  0.0000e+00  6.1000e-02
 -9.4200e-02 -3.0710e-01  9.4480e-01]",120
204,1,"[[-0.19845635 -0.30937165  0.32062835]
 [ 0.2284627  -0.29868985  0.33131015]
 [ 0.28836146 -0.29396985  0.33603015]
 [-0.2985134   0.22569665 -0.40430335]
 [-0.0482453   0.30484085 -0.32515915]
 [ 0.29134109  0.29275599 -0.33724401]]","[2177. 2249.  922. 2242. 2195.  976. 1899. 2242.  929. 2079. 2246.  925.
 1860. 2239.  932. 1858. 2238.  933.]","[2162. 2235.  920. 2241. 2168. 1004. 1896. 2241.  929. 2090. 2234.  930.
 1861. 2225.  936. 1850. 2237.  933.]","[-1.7331e+01  4.9160e+00  6.8137e+01 -6.1000e-02  0.0000e+00  3.0520e-01
 -8.6900e-02 -3.0270e-01  9.4970e-01]",120
205,1,"[[-0.20204219 -0.30941026  0.32058974]
 [ 0.22614915 -0.29883953  0.33116047]
 [ 0.28766413 -0.29409571  0.33590429]
 [-0.29839695  0.243416   -0.386584  ]
 [-0.04395138  0.30497338 -0.32502662]
 [ 0.2841745   0.2923366  -0.3376634 ]]","[2179. 2249.  922. 2242. 2206.  965. 1900. 2242.  929. 2076. 2246.  925.
 1860. 2239.  932. 1862. 2238.  933.]","[2164. 2235.  920. 2241. 2178.  994. 1897. 2241.  929. 2087. 2234.  930.
 1862. 2225.  936. 1852. 2238.  933.]","[-1.7336e+01  4.9220e+00  6.8148e+01  0.0000e+00 -6.1000e-02  2.4410e-01
 -8.8400e-02 -3.1100e-01  9.4430e-01]",120
206,1,"[[-0.20557779 -0.3094463   0.3205537 ]
 [ 0.22379884 -0.29898917  0.33101083]
 [ 0.28694504 -0.29422267  0.33577733]
 [-0.29826963  0.26181178 -0.36818822]
 [-0.03964489  0.30510455 -0.32489545]
 [ 0.2754202   0.29195349 -0.33804651]]","[2182. 2249.  922. 2242. 2218.  953. 1902. 2242.  929. 2073. 2246.  925.
 1860. 2239.  932. 1868. 2238.  933.]","[2166. 2235.  921. 2241. 2184.  987. 1899. 2240.  929. 2085. 2234.  930.
 1862. 2225.  936. 1855. 2237.  933.]","[-1.7336e+01  4.9220e+00  6.8159e+01 -6.1000e-02  0.0000e+00  1.2210e-01
 -8.1100e-02 -3.0660e-01  9.4430e-01]",120
207,1,"[[-0.20906225 -0.30947974  0.32052026]
 [ 0.22141187 -0.29913874  0.33086126]
 [ 0.28620402 -0.29435066  0.33564934]
 [-0.29812792  0.28086992 -0.34913008]
 [-0.03532672  0.30523433 -0.32476567]
 [ 0.2651591   0.29160852 -0.33839148]]","[2184. 2249.  922. 2242. 2231.  940. 1903. 2243.  928. 2071. 2246.  924.
 1861. 2239.  932. 1875. 2238.  933.]","[2168. 2235.  921. 2241. 2193.  977. 1900. 2241.  929. 2082. 2234.  930.
 1862. 2225.  936. 1858. 2237.  933.]","[-1.7342e+01  4.9220e+00  6.8159e+01  1.2210e-01 -1.8310e-01 -2.4410e-01
 -6.0100e-02 -3.1200e-01  9.8340e-01]",120
208,1,"[[-0.21249472 -0.30951058  0.32048942]
 [ 0.21898838 -0.29928822  0.33071178]
 [ 0.28544088 -0.29447966  0.33552034]
 [-0.29797016  0.29138889 -0.33861111]
 [-0.03099777  0.3053627  -0.3246373 ]
 [ 0.25347814  0.27918732 -0.35081268]]","[2186. 2249.  922. 2242. 2237.  934. 1905. 2243.  928. 2068. 2247.  924.
 1861. 2239.  931. 1882. 2230.  941.]","[2171. 2235.  923. 2242. 2202.  967. 1902. 2241.  929. 2079. 2234.  929.
 1863. 2225.  936. 1863. 2237.  934.]","[-17.331    4.905   68.148    0.7324  -0.1831  -0.5493  -0.085   -0.3101
   0.9199]",120
209,1,"[[-0.21587433 -0.30953881  0.32046119]
 [ 0.21652849 -0.29943757  0.33056243]
 [ 0.28465544 -0.29460959  0.33539041]
 [-0.2977956   0.29147024 -0.33852976]
 [-0.02665894  0.30548962 -0.32451038]
 [ 0.24046928  0.21320926 -0.41679074]]","[2188. 2249.  922. 2242. 2238.  933. 1906. 2243.  928. 2065. 2247.  924.
 1862. 2240.  931. 1891. 2186.  984.]","[2173. 2235.  925. 2242. 2212.  959. 1903. 2242.  929. 2075. 2235.  928.
 1863. 2225.  935. 1867. 2234.  936.]","[-1.7298e+01  4.8830e+00  6.8132e+01  1.6479e+00 -7.3240e-01 -7.3240e-01
 -5.1800e-02 -3.3450e-01  1.0908e+00]",120
210,1,"[[-0.21920025 -0.30956444  0.32043556]
 [ 0.21403235 -0.29958676  0.33041324]
 [ 0.28384752 -0.29474044  0.33525956]
 [-0.29760394  0.29155405 -0.33844595]
 [-0.02231116  0.30561507 -0.32438493]
 [ 0.22622852  0.15786708 -0.47213292]]","[2190. 2249.  922. 2242. 2238.  933. 1908. 2243.  928. 2062. 2247.  924.
 1862. 2240.  931. 1900. 2150. 1021.]","[2176. 2235.  926. 2244. 2216.  955. 1905. 2241.  928. 2073. 2235.  928.
 1864. 2225.  935. 1875. 2223.  945.]","[-1.7216e+01  4.8340e+00  6.8110e+01  3.6011e+00 -1.2817e+00 -1.0986e+00
 -2.1500e-02 -3.2130e-01  8.9500e-01]",120
211,1,"[[-0.22247165 -0.30958745  0.32041255]
 [ 0.21150012 -0.29973576  0.33026424]
 [ 0.28301695 -0.29487213  0.33512787]
 [-0.29739512  0.29164025 -0.33835975]
 [-0.01795533  0.30573902 -0.32426098]
 [ 0.21085514  0.11342926 -0.51657074]]","[2193. 2249.  922. 2241. 2238.  933. 1910. 2243.  928. 2059. 2247.  924.
 1863. 2240.  931. 1910. 2121. 1050.]","[2178. 2235.  926. 2244. 2218.  952. 1906. 2243.  928. 2070. 2234.  928.
 1864. 2225.  934. 1882. 2201.  971.]","[-1.7089e+01  4.7680e+00  6.8071e+01  2.8687e+00 -4.2720e-01 -2.1362e+00
 -2.4400e-02 -2.9980e-01  8.8230e-01]",120
212,1,"[[-0.22568772 -0.30960785  0.32039215]
 [ 0.20893196 -0.29988453  0.33011547]
 [ 0.28216355 -0.29500464  0.33499536]
 [-0.29716916  0.29172879 -0.33827121]
 [-0.01359238  0.30586145 -0.32413855]
 [ 0.19445087  0.08011225 -0.54988775]]","[2195. 2249.  922. 2241. 2238.  933. 1911. 2243.  928. 2056. 2247.  924.
 1864. 2240.  931. 1921. 2100. 1071.]","[2180. 2236.  926. 2243. 2221.  949. 1906. 2244.  930. 2068. 2234.  928.
 1865. 2224.  934. 1891. 2176.  997.]","[-16.99     4.724   67.989    3.1128   1.0376  -2.1362  -0.1724  -0.3105
   0.98  ]",120
213,1,"[[-0.22884766 -0.30962563  0.32037437]
 [ 0.20632805 -0.30003305  0.32996695]
 [ 0.28128712 -0.29513791  0.33486209]
 [-0.29692616  0.2918196  -0.3381804 ]
 [-0.00922324  0.30598233 -0.32401767]
 [ 0.17711924  0.05807937 -0.57192063]]","[2197. 2249.  922. 2241. 2238.  933. 1913. 2243.  928. 2054. 2247.  924.
 1864. 2240.  931. 1932. 2085. 1086.]","[2182. 2239.  925. 2239. 2223.  947. 1908. 2245.  931. 2063. 2235.  928.
 1866. 2224.  935. 1908. 2140. 1033.]","[-16.875    4.741   67.923    3.9673   0.4272   1.0376  -0.2183  -0.3188
   0.9121]",120
214,1,"[[-0.23195067 -0.30964079  0.32035921]
 [ 0.20368858 -0.30018129  0.32981871]
 [ 0.28038751 -0.29527191  0.33472809]
 [-0.29666623  0.29191263 -0.33808737]
 [-0.00484883  0.30610164 -0.32389836]
 [ 0.15896495  0.04744056 -0.58255944]]","[2199. 2249.  922. 2241. 2238.  933. 1915. 2243.  928. 2051. 2247.  924.
 1865. 2240.  931. 1944. 2078. 1093.]","[2184. 2240.  925. 2239. 2223.  946. 1910. 2245.  930. 2061. 2234.  927.
 1866. 2224.  935. 1915. 2127. 1046.]","[-16.738    4.785   68.       2.4414  -0.9766   4.7607  -0.1436  -0.2949
   0.9551]",120
215,1,"[[-2.34996000e-01 -3.09653327e-01  3.20346673e-01]
 [ 2.01013738e-01 -3.00329207e-01  3.29670793e-01]
 [ 2.79464514e-01 -2.95406593e-01  3.34593407e-01]
 [-2.96389473e-01  2.92007792e-01 -3.37992208e-01]
 [-4.70102202e-04  3.06219337e-01 -3.23780663e-01]
 [ 1.40093279e-01  4.84543759e-02 -5.81545624e-01]]","[2201. 2249.  922. 2241. 2238.  933. 1916. 2243.  928. 2048. 2247.  924.
 1865. 2240.  931. 1956. 2079. 1092.]","[2187. 2240.  924. 2239. 2224.  946. 1913. 2245.  929. 2059. 2234.  927.
 1866. 2225.  935. 1926. 2109. 1064.]","[-1.6672e+01  4.8180e+00  6.8198e+01  5.4930e-01 -1.1597e+00  4.7607e+00
 -5.0300e-02 -2.5000e-01  9.2720e-01]",120
216,1,"[[-0.23798288 -0.30966327  0.32033673]
 [ 0.19830374 -0.30047678  0.32952322]
 [ 0.27851797 -0.29554191  0.33445809]
 [-0.29609602  0.29210504 -0.33789496]
 [ 0.00391202  0.30633541 -0.32366459]
 [ 0.12060961  0.05444512 -0.57555488]]","[2203. 2249.  922. 2241. 2238.  933. 1918. 2243.  928. 2045. 2247.  924.
 1866. 2240.  931. 1969. 2083. 1088.]","[2190. 2241.  924. 2239. 2224.  945. 1915. 2245.  929. 2056. 2234.  927.
 1867. 2224.  935. 1937. 2098. 1075.]","[-1.6650e+01  4.8390e+00  6.8346e+01  3.6620e-01 -5.4930e-01  2.3804e+00
 -5.2200e-02 -2.7290e-01  9.4190e-01]",120
217,1,"[[-0.24091056 -0.30967066  0.32032934]
 [ 0.1955588  -0.30062398  0.32937602]
 [ 0.27754769 -0.29567783  0.33432217]
 [-0.29578598  0.29220431 -0.33779569]
 [ 0.00829658  0.30644984 -0.32355016]
 [ 0.10061897  0.05490476 -0.57509524]]","[2205. 2249.  922. 2240. 2238.  933. 1920. 2243.  927. 2042. 2247.  924.
 1867. 2240.  931. 1982. 2083. 1088.]","[2191. 2241.  924. 2239. 2224.  945. 1915. 2244.  929. 2053. 2234.  928.
 1868. 2225.  935. 1946. 2092. 1081.]","[-1.6628e+01  4.8500e+00  6.8406e+01  7.9350e-01  1.2210e-01  5.4930e-01
 -6.3500e-02 -2.7880e-01  9.6880e-01]",120
218,1,"[[-0.24377833 -0.30967572  0.32032428]
 [ 0.19277915 -0.30077078  0.32922922]
 [ 0.2765535  -0.29581431  0.33418569]
 [-0.29545948  0.29230555 -0.33769445]
 [ 0.01268263  0.30656259 -0.32343741]
 [ 0.08022564  0.05479883 -0.57520117]]","[2206. 2249.  922. 2240. 2238.  933. 1922. 2244.  927. 2039. 2247.  924.
 1867. 2240.  931. 1995. 2083. 1088.]","[2195. 2241.  923. 2239. 2224.  945. 1915. 2244.  928. 2051. 2234.  927.
 1868. 2224.  935. 1956. 2090. 1084.]","[-1.6611e+01  4.8610e+00  6.8406e+01  6.1000e-02  1.8310e-01 -4.8830e-01
 -7.6200e-02 -2.7200e-01  9.2630e-01]",120
219,1,"[[-0.24658546 -0.30967869  0.32032131]
 [ 0.18996503 -0.30091714  0.32908286]
 [ 0.27553522 -0.29595131  0.33404869]
 [-0.29511662  0.29240867 -0.33759133]
 [ 0.01706923  0.30667365 -0.32332635]
 [ 0.0595328   0.05479456 -0.57520544]]","[2208. 2249.  922. 2240. 2238.  933. 1924. 2244.  927. 2036. 2247.  924.
 1868. 2240.  931. 2009. 2083. 1088.]","[2198. 2241.  923. 2239. 2224.  945. 1918. 2244.  928. 2048. 2234.  928.
 1869. 2224.  935. 1973. 2088. 1086.]","[-1.6622e+01  4.8610e+00  6.8379e+01 -5.4930e-01  6.1000e-02 -8.5450e-01
 -6.5400e-02 -2.6030e-01  9.7410e-01]",120
220,1,"[[-0.24933126 -0.30967393  0.32032607]
 [ 0.18711669 -0.30106305  0.32893695]
 [ 0.27449268 -0.29608879  0.33391121]
 [-0.29475751  0.29251364 -0.33748636]
 [ 0.02145541  0.30678298 -0.32321702]
 [ 0.03864226  0.05500703 -0.57499297]]","[2210. 2249.  922. 2240. 2238.  933. 1926. 2244.  927. 2034. 2247.  923.
 1869. 2241.  930. 2022. 2083. 1088.]","[2199. 2241.  923. 2238. 2224.  945. 1919. 2245.  928. 2046. 2234.  927.
 1870. 2224.  935. 1982. 2087. 1086.]","[-1.6633e+01  4.8560e+00  6.8340e+01 -6.1000e-02  1.8310e-01 -7.9350e-01
 -7.0800e-02 -2.8420e-01  9.4630e-01]",120
221,1,"[[-0.25201505 -0.30961822  0.32038178]
 [ 0.1842344  -0.30120847  0.32879153]
 [ 0.2734257  -0.29622671  0.33377329]
 [-0.29438226  0.29262039 -0.33737961]
 [ 0.02584022  0.30689057 -0.32310943]
 [ 0.01765415  0.0554756  -0.5745244 ]]","[2212. 2249.  922. 2239. 2238.  933. 1927. 2244.  927. 2031. 2248.  923.
 1869. 2241.  930. 2036. 2084. 1087.]","[2200. 2241.  924. 2238. 2224.  945. 1922. 2244.  927. 2043. 2234.  928.
 1871. 2224.  935. 1997. 2086. 1087.]","[-1.6639e+01  4.8500e+00  6.8324e+01 -6.1000e-02  0.0000e+00 -1.2210e-01
 -1.0840e-01 -3.0370e-01  9.5260e-01]",120
222,1,"[[-0.25463616 -0.30949107  0.32050893]
 [ 0.18131843 -0.30135336  0.32864664]
 [ 0.27233411 -0.29636503  0.33363497]
 [-0.29399096  0.29272885 -0.33727115]
 [ 0.03022271  0.30699639 -0.32300361]
 [-0.00333325  0.05622876 -0.57377124]]","[2213. 2249.  922. 2239. 2238.  933. 1929. 2244.  927. 2028. 2248.  923.
 1870. 2241.  930. 2050. 2084. 1087.]","[2202. 2240.  923. 2238. 2224.  945. 1924. 2244.  928. 2041. 2234.  928.
 1871. 2225.  934. 2011. 2087. 1087.]","[-16.639    4.85    68.34    -0.3052  -0.2441   0.8545  -0.0776  -0.2832
   0.9448]",120
223,1,"[[-0.25719393 -0.30930725  0.32069275]
 [ 0.17836906 -0.30149772  0.32850228]
 [ 0.27121773 -0.29650373  0.33349627]
 [-0.2935837   0.29283897 -0.33716103]
 [ 0.0346019   0.30710043 -0.32289957]
 [-0.0242237   0.05729382 -0.57270618]]","[2215. 2249.  922. 2239. 2238.  933. 1931. 2244.  927. 2025. 2248.  923.
 1871. 2241.  930. 2063. 2085. 1086.]","[2204. 2241.  924. 2237. 2224.  945. 1926. 2244.  928. 2038. 2234.  928.
 1872. 2224.  935. 2031. 2086. 1086.]","[-1.6644e+01  4.8500e+00  6.8379e+01 -6.1000e-02 -2.4410e-01  9.1550e-01
 -6.6900e-02 -2.8960e-01  9.6680e-01]",120
224,1,"[[-0.25968774 -0.30907041  0.32092959]
 [ 0.17538658 -0.30164151  0.32835849]
 [ 0.2700764  -0.29664276  0.33335724]
 [-0.29316058  0.2929507  -0.3370493 ]
 [ 0.03897683  0.30720266 -0.32279734]
 [-0.04492319  0.05869874 -0.57130126]]","[2217. 2249.  922. 2239. 2238.  932. 1933. 2244.  927. 2022. 2248.  923.
 1871. 2241.  930. 2077. 2086. 1085.]","[2205. 2241.  923. 2237. 2224.  945. 1928. 2244.  928. 2036. 2234.  927.
 1873. 2225.  935. 2040. 2087. 1086.]","[-16.639    4.85    68.406    0.      -0.1831   0.5493  -0.0854  -0.3027
   0.9409]",120
225,1,"[[-0.26211695 -0.30878311  0.32121689]
 [ 0.1723713  -0.30178469  0.32821531]
 [ 0.26890994 -0.29678208  0.33321792]
 [-0.29272169  0.29306396 -0.33693604]
 [ 0.04334654  0.30730306 -0.32269694]
 [-0.06534007  0.06047263 -0.56952737]]","[2218. 2249.  922. 2238. 2239.  932. 1935. 2244.  927. 2019. 2248.  923.
 1872. 2241.  930. 2090. 2087. 1084.]","[2206. 2241.  923. 2237. 2225.  945. 1930. 2244.  928. 2033. 2234.  927.
 1873. 2225.  935. 2052. 2087. 1086.]","[-16.644    4.85    68.428   -0.1831  -0.1221   0.3052  -0.0918  -0.3003
   0.9473]",120
226,1,"[[-0.26448097 -0.30844797  0.32155203]
 [ 0.16932354 -0.30192726  0.32807274]
 [ 0.2677182  -0.29692167  0.33307833]
 [-0.29226709  0.29317871 -0.33682129]
 [ 0.04771005  0.30740161 -0.32259839]
 [-0.08538513  0.06264599 -0.56735401]]","[2220. 2249.  922. 2238. 2239.  932. 1937. 2244.  927. 2016. 2248.  923.
 1873. 2241.  930. 2103. 2088. 1083.]","[2208. 2241.  923. 2236. 2224.  945. 1931. 2245.  927. 2031. 2234.  928.
 1874. 2224.  935. 2064. 2087. 1085.]","[-1.6650e+01  4.8450e+00  6.8434e+01 -6.1000e-02  0.0000e+00  0.0000e+00
 -8.3500e-02 -2.9440e-01  9.5650e-01]",120
227,1,"[[-0.26677921 -0.30806778  0.32193222]
 [ 0.16624363 -0.30206917  0.32793083]
 [ 0.26650099 -0.29706149  0.33293851]
 [-0.29179687  0.29329489 -0.33670511]
 [ 0.0520664   0.30749828 -0.32250172]
 [-0.10497175  0.06525068 -0.56474932]]","[2221. 2248.  923. 2238. 2239.  932. 1939. 2244.  927. 2014. 2248.  923.
 1874. 2241.  930. 2116. 2090. 1081.]","[2210. 2241.  923. 2236. 2224.  945. 1934. 2245.  928. 2028. 2234.  928.
 1875. 2225.  935. 2077. 2087. 1084.]","[-1.6650e+01  4.8450e+00  6.8428e+01  0.0000e+00  6.1000e-02 -2.4410e-01
 -9.3800e-02 -2.9250e-01  9.4970e-01]",120
228,1,"[[-0.2690111  -0.30764549  0.32235451]
 [ 0.1631319  -0.3022104   0.3277896 ]
 [ 0.26525817 -0.29720151  0.33279849]
 [-0.2913111   0.29341245 -0.33658755]
 [ 0.05641461  0.30759307 -0.32240693]
 [-0.12401594  0.06831999 -0.56168001]]","[2223. 2248.  923. 2237. 2239.  932. 1941. 2245.  926. 2011. 2248.  923.
 1875. 2241.  930. 2128. 2092. 1079.]","[2211. 2241.  923. 2236. 2225.  944. 1936. 2245.  927. 2026. 2234.  928.
 1876. 2225.  935. 2091. 2089. 1083.]","[-16.655    4.845   68.423    0.       0.       0.      -0.0903  -0.2891
   0.9541]",120
229,1,"[[-0.27117607 -0.30718417  0.32281583]
 [ 0.15998869 -0.30235093  0.32764907]
 [ 0.26398957 -0.29734169  0.33265831]
 [-0.29080984  0.29353132 -0.33646868]
 [ 0.06075372  0.30768595 -0.32231405]
 [-0.14243646  0.07188853 -0.55811147]]","[2224. 2248.  923. 2237. 2239.  932. 1943. 2245.  926. 2008. 2248.  923.
 1875. 2241.  930. 2140. 2094. 1077.]","[2213. 2241.  923. 2236. 2225.  944. 1938. 2245.  927. 2023. 2234.  928.
 1877. 2225.  935. 2109. 2091. 1080.]","[-1.6655e+01  4.8500e+00  6.8428e+01  0.0000e+00 -6.1000e-02  2.4410e-01
 -7.2800e-02 -2.8810e-01  9.5650e-01]",120
230,1,"[[-0.2732736  -0.30668698  0.32331302]
 [ 0.15681438 -0.30249074  0.32750926]
 [ 0.26269503 -0.29748201  0.33251799]
 [-0.29029316  0.29365145 -0.33634855]
 [ 0.06508274  0.3077769  -0.3222231 ]
 [-0.16015484  0.07599221 -0.55400779]]","[2226. 2247.  924. 2237. 2239.  932. 1945. 2245.  926. 2005. 2248.  923.
 1876. 2241.  930. 2152. 2097. 1074.]","[2213. 2241.  924. 2235. 2225.  944. 1940. 2244.  927. 2021. 2234.  928.
 1877. 2225.  935. 2118. 2092. 1079.]","[-1.6650e+01  4.8500e+00  6.8445e+01  6.1000e-02 -1.2210e-01  3.6620e-01
 -7.9100e-02 -2.8370e-01  9.4820e-01]",120
231,1,"[[-0.27530316 -0.30615717  0.32384283]
 [ 0.15360933 -0.30262979  0.32737021]
 [ 0.2613744  -0.29762242  0.33237758]
 [-0.28976112  0.29377279 -0.33622721]
 [ 0.06940071  0.30786591 -0.32213409]
 [-0.17709552  0.08066811 -0.54933189]]","[2227. 2247.  924. 2236. 2239.  932. 1947. 2245.  926. 2002. 2248.  923.
 1877. 2242.  929. 2163. 2100. 1071.]","[2216. 2241.  924. 2235. 2225.  943. 1942. 2244.  926. 2018. 2234.  927.
 1878. 2224.  935. 2134. 2095. 1076.]","[-1.6644e+01  4.8500e+00  6.8467e+01  6.1000e-02 -1.2210e-01  6.1040e-01
 -8.5000e-02 -2.7780e-01  9.5900e-01]",120
232,1,"[[-0.27726425 -0.30559804  0.32440196]
 [ 0.15037393 -0.30276807  0.32723193]
 [ 0.26002752 -0.29776291  0.33223709]
 [-0.28921376  0.29389529 -0.33610471]
 [ 0.07370666  0.30795295 -0.32204705]
 [-0.19318586  0.08595438 -0.54404562]]","[2228. 2247.  924. 2236. 2239.  932. 1949. 2245.  926. 1999. 2248.  923.
 1878. 2242.  929. 2173. 2104. 1067.]","[2216. 2241.  924. 2234. 2225.  943. 1944. 2245.  926. 2015. 2234.  927.
 1879. 2224.  935. 2142. 2097. 1074.]","[-1.6644e+01  4.8500e+00  6.8494e+01 -6.1000e-02 -2.4410e-01  7.3240e-01
 -8.6900e-02 -2.8560e-01  9.4820e-01]",120
233,1,"[[-0.27915637 -0.30501293  0.32498707]
 [ 0.14710855 -0.30290554  0.32709446]
 [ 0.25865425 -0.29790343  0.33209657]
 [-0.28865113  0.2940189  -0.3359811 ]
 [ 0.0779996   0.30803801 -0.32196199]
 [-0.20835626  0.09189016 -0.53810984]]","[2229. 2246.  925. 2236. 2239.  932. 1952. 2245.  926. 1997. 2248.  923.
 1879. 2242.  929. 2183. 2107. 1064.]","[2217. 2241.  924. 2234. 2225.  943. 1946. 2245.  927. 2012. 2234.  928.
 1880. 2225.  935. 2153. 2100. 1071.]","[-16.644    4.85    68.527   -0.1221  -0.2441   0.7324  -0.0889  -0.2886
   0.9541]",120
234,1,"[[-0.28097907 -0.3044052   0.3255948 ]
 [ 0.14381362 -0.30304218  0.32695782]
 [ 0.25725444 -0.29804397  0.33195603]
 [-0.28807328  0.29414355 -0.33585645]
 [ 0.08227856  0.30812107 -0.32187893]
 [-0.22254022  0.09851538 -0.53148462]]","[2231. 2246.  925. 2235. 2239.  932. 1954. 2245.  926. 1994. 2248.  923.
 1880. 2242.  929. 2193. 2112. 1059.]","[2219. 2241.  924. 2234. 2225.  942. 1948. 2244.  927. 2010. 2234.  928.
 1881. 2224.  935. 2164. 2103. 1068.]","[-16.639    4.85    68.549    0.      -0.1221   0.4883  -0.082   -0.2881
   0.9546]",120
235,1,"[[-0.28273188 -0.30377821  0.32622179]
 [ 0.14048953 -0.30317798  0.32682202]
 [ 0.25582795 -0.29818449  0.33181551]
 [-0.28748025  0.29426921 -0.33573079]
 [ 0.08654258  0.30820211 -0.32179789]
 [-0.23567441  0.10587068 -0.52412932]]","[2232. 2246.  925. 2235. 2239.  932. 1956. 2245.  926. 1991. 2248.  923.
 1881. 2242.  929. 2201. 2117. 1054.]","[2220. 2241.  924. 2233. 2225.  942. 1950. 2245.  927. 2007. 2234.  928.
 1882. 2225.  935. 2177. 2108. 1063.]","[-1.6639e+01  4.8500e+00  6.8560e+01  6.1000e-02 -6.1000e-02  1.8310e-01
 -8.2500e-02 -2.8810e-01  9.4970e-01]",120
236,1,"[[-0.28441436 -0.30313532  0.32686468]
 [ 0.13713671 -0.3033129   0.3266871 ]
 [ 0.25437463 -0.29832496  0.33167504]
 [-0.28687207  0.29439582 -0.33560418]
 [ 0.09079067  0.30828113 -0.32171887]
 [-0.24769885  0.11399721 -0.51600279]]","[2233. 2245.  926. 2235. 2239.  932. 1958. 2245.  926. 1988. 2248.  923.
 1882. 2242.  929. 2209. 2122. 1049.]","[2221. 2241.  924. 2233. 2225.  942. 1952. 2244.  927. 2005. 2234.  928.
 1883. 2224.  935. 2183. 2111. 1060.]","[-16.639    4.85    68.571   -0.1221  -0.1221   0.1221  -0.0796  -0.2896
   0.9473]",120
237,1,"[[-0.28602611 -0.30247984  0.32752016]
 [ 0.1337556  -0.30344692  0.32655308]
 [ 0.25289435 -0.29846536  0.33153464]
 [-0.28624876  0.29452334 -0.33547666]
 [ 0.09502188  0.3083581  -0.3216419 ]
 [-0.25855692  0.12293643 -0.50706357]]","[2234. 2245.  926. 2234. 2239.  931. 1960. 2245.  926. 1986. 2249.  922.
 1883. 2242.  929. 2216. 2128. 1043.]","[2223. 2240.  924. 2233. 2225.  941. 1955. 2244.  927. 2001. 2234.  928.
 1884. 2225.  935. 2195. 2116. 1055.]","[-16.644    4.845   68.577   -0.1831  -0.1221   0.1831  -0.0811  -0.292
   0.958 ]",120
238,1,"[[-0.28756672 -0.30181509  0.32818491]
 [ 0.13034664 -0.30358002  0.32641998]
 [ 0.25138697 -0.29860565  0.33139435]
 [-0.28561037  0.29465171 -0.33534829]
 [ 0.09923522  0.308433   -0.321567  ]
 [-0.26819559  0.13273    -0.49727   ]]","[2235. 2244.  927. 2234. 2240.  931. 1963. 2245.  926. 1983. 2249.  922.
 1884. 2242.  929. 2222. 2134. 1037.]","[2225. 2241.  925. 2232. 2225.  940. 1956. 2244.  926. 1999. 2234.  928.
 1885. 2225.  935. 2201. 2120. 1051.]","[-1.6644e+01  4.8450e+00  6.8588e+01  0.0000e+00 -6.1000e-02  1.8310e-01
 -8.6900e-02 -2.9150e-01  9.5210e-01]",120
239,1,"[[-0.2890358  -0.30114432  0.32885568]
 [ 0.12691029 -0.30371218  0.32628782]
 [ 0.24985238 -0.29874582  0.33125418]
 [-0.28495689  0.29478088 -0.33521912]
 [ 0.10342973  0.30850583 -0.32149417]
 [-0.27656551  0.14341949 -0.48658051]]","[2236. 2244.  927. 2233. 2240.  931. 1965. 2245.  925. 1980. 2249.  922.
 1885. 2242.  929. 2228. 2141. 1030.]","[2226. 2241.  925. 2232. 2225.  940. 1959. 2244.  927. 1997. 2234.  928.
 1886. 2225.  935. 2209. 2125. 1045.]","[-1.6639e+01  4.8450e+00  6.8604e+01  6.1000e-02 -1.2210e-01  4.2720e-01
 -9.0300e-02 -2.8660e-01  9.5610e-01]",120
240,1,"[[-0.29043299 -0.30047073  0.32952927]
 [ 0.12344701 -0.30384337  0.32615663]
 [ 0.24829044 -0.29888584  0.33111416]
 [-0.28428836  0.29491082 -0.33508918]
 [ 0.10760445  0.30857657 -0.32142343]
 [-0.28362119  0.15504623 -0.47495377]]","[2237. 2243.  928. 2233. 2240.  931. 1967. 2246.  925. 1977. 2249.  922.
 1886. 2242.  929. 2232. 2149. 1022.]","[2227. 2240.  925. 2232. 2226.  939. 1961. 2245.  926. 1994. 2234.  928.
 1887. 2225.  935. 2216. 2132. 1040.]","[-16.633    4.85    68.626    0.      -0.1831   0.6714  -0.0903  -0.2788
   0.9497]",120
241,1,"[[-0.29175795 -0.29979747  0.33020253]
 [ 0.11995728 -0.30397358  0.32602642]
 [ 0.24670104 -0.29902567  0.33097433]
 [-0.28360478  0.29504147 -0.33495853]
 [ 0.11175841  0.30864521 -0.32135479]
 [-0.28932121  0.16765106 -0.46234894]]","[2238. 2243.  928. 2232. 2240.  931. 1969. 2246.  925. 1975. 2249.  922.
 1887. 2242.  929. 2236. 2157. 1014.]","[2228. 2241.  925. 2231. 2226.  940. 1963. 2245.  926. 1991. 2234.  928.
 1889. 2225.  935. 2222. 2138. 1033.]","[-16.628    4.85    68.659    0.      -0.2441   0.7935  -0.0762  -0.2803
   0.9551]",120
242,1,"[[-0.29301034 -0.29912763  0.33087237]
 [ 0.11644158 -0.30410277  0.32589723]
 [ 0.24508405 -0.2991653   0.3308347 ]
 [-0.28290616  0.29517279 -0.33482721]
 [ 0.11589065  0.30871173 -0.32128827]
 [-0.2936284   0.18127407 -0.44872593]]","[2239. 2243.  928. 2232. 2240.  931. 1972. 2246.  925. 1972. 2249.  922.
 1888. 2243.  928. 2239. 2166. 1005.]","[2229. 2241.  925. 2230. 2226.  939. 1966. 2245.  926. 1989. 2234.  928.
 1890. 2225.  935. 2227. 2145. 1026.]","[-16.622    4.85    68.692    0.      -0.2441   0.6714  -0.0889  -0.2847
   0.9546]",120
243,1,"[[-0.29418985 -0.29846422  0.33153578]
 [ 0.11290042 -0.30423093  0.32576907]
 [ 0.24343937 -0.29930469  0.33069531]
 [-0.28219251  0.29530474 -0.33469526]
 [ 0.12000021  0.30877611 -0.32122389]
 [-0.2965101   0.1959544  -0.4340456 ]]","[2239. 2242.  929. 2231. 2240.  931. 1974. 2246.  925. 1969. 2249.  922.
 1889. 2243.  928. 2241. 2175.  996.]","[2231. 2241.  926. 2230. 2226.  939. 1969. 2245.  926. 1985. 2234.  928.
 1891. 2225.  935. 2233. 2154. 1016.]","[-16.617    4.85    68.719    0.      -0.2441   0.6104  -0.0786  -0.2886
   0.9541]",120
244,1,"[[-0.29529619 -0.2978102   0.3321898 ]
 [ 0.10933429 -0.30435803  0.32564197]
 [ 0.24176689 -0.29944384  0.33055616]
 [-0.28146381  0.29543726 -0.33456274]
 [ 0.12408613  0.30883836 -0.32116164]
 [-0.29793641  0.21172995 -0.41827005]]","[2240. 2242.  929. 2231. 2240.  931. 1976. 2246.  925. 1967. 2249.  922.
 1890. 2243.  928. 2242. 2186.  985.]","[2231. 2241.  926. 2229. 2226.  939. 1970. 2245.  925. 1984. 2234.  928.
 1891. 2224.  935. 2235. 2161. 1010.]","[-16.611    4.845   68.736    0.      -0.1831   0.3662  -0.0825  -0.2939
   0.9468]",120
245,1,"[[-0.29632909 -0.29716842  0.33283158]
 [ 0.10574371 -0.30448406  0.32551594]
 [ 0.2400665  -0.2995827   0.3304173 ]
 [-0.28072007  0.29557033 -0.33442967]
 [ 0.12814747  0.30889845 -0.32110155]
 [-0.2980308   0.22863508 -0.40136492]]","[2241. 2241.  930. 2231. 2240.  931. 1979. 2246.  925. 1964. 2249.  922.
 1891. 2243.  928. 2242. 2197.  974.]","[2232. 2240.  926. 2229. 2226.  939. 1972. 2245.  925. 1982. 2234.  928.
 1892. 2224.  935. 2238. 2170. 1001.]","[-1.6611e+01  4.8450e+00  6.8747e+01 -6.1000e-02 -1.2210e-01  2.4410e-01
 -7.9100e-02 -2.9930e-01  9.4780e-01]",120
246,1,"[[-0.29728828 -0.29654169  0.33345831]
 [ 0.10212921 -0.30460899  0.32539101]
 [ 0.23833811 -0.29972126  0.33027874]
 [-0.27996127  0.29570389 -0.33429611]
 [ 0.13218326  0.30895638 -0.32104362]
 [-0.29786142  0.24644046 -0.38355954]]","[2241. 2241.  930. 2230. 2240.  931. 1981. 2246.  925. 1961. 2249.  922.
 1892. 2243.  928. 2242. 2208.  963.]","[2233. 2240.  927. 2229. 2226.  939. 1975. 2245.  926. 1979. 2234.  928.
 1893. 2224.  935. 2240. 2182.  989.]","[-16.617    4.845   68.758   -0.1221  -0.1221   0.1831  -0.0801  -0.3003
   0.9473]",120
247,1,"[[-0.29817353 -0.29593272  0.33406728]
 [ 0.09849133 -0.30473281  0.32526719]
 [ 0.23658163 -0.2998595   0.3301405 ]
 [-0.2791874   0.29583791 -0.33416209]
 [ 0.13619258  0.30901213 -0.32098787]
 [-0.29771624  0.26480151 -0.36519849]]","[2242. 2240.  931. 2230. 2240.  931. 1983. 2246.  925. 1959. 2249.  922.
 1893. 2243.  928. 2242. 2220.  951.]","[2234. 2240.  928. 2229. 2227.  939. 1977. 2245.  926. 1977. 2234.  928.
 1894. 2225.  935. 2241. 2190.  981.]","[-1.6622e+01  4.8390e+00  6.8769e+01 -6.1000e-02 -1.2210e-01  1.8310e-01
 -7.2300e-02 -2.9980e-01  9.5170e-01]",120
248,1,"[[-0.29898462 -0.29534411  0.33465589]
 [ 0.09483061 -0.30485549  0.32514451]
 [ 0.23479697 -0.29999739  0.33000261]
 [-0.27839844  0.29597235 -0.33402765]
 [ 0.14017446  0.30906569 -0.32093431]
 [-0.29757391  0.28378379 -0.34621621]]","[2242. 2240.  931. 2229. 2240.  931. 1986. 2246.  925. 1956. 2249.  922.
 1894. 2243.  928. 2241. 2232.  938.]","[2234. 2239.  928. 2228. 2226.  939. 1979. 2245.  926. 1975. 2234.  928.
 1895. 2225.  935. 2242. 2199.  974.]","[-1.6622e+01  4.8340e+00  6.8774e+01  0.0000e+00 -6.1000e-02  1.2210e-01
 -7.5700e-02 -2.9200e-01  9.5460e-01]",120
249,1,"[[-0.29972135 -0.29477842  0.33522158]
 [ 0.0911476  -0.30497701  0.32502299]
 [ 0.23298405 -0.30013491  0.32986509]
 [-0.27759437  0.29610716 -0.33389284]
 [ 0.14412798  0.30911705 -0.32088295]
 [-0.29741992  0.29140019 -0.33859981]]","[2243. 2240.  931. 2228. 2241.  930. 1988. 2246.  925. 1954. 2249.  922.
 1896. 2243.  928. 2241. 2237.  934.]","[2235. 2238.  928. 2227. 2226.  939. 1982. 2245.  926. 1972. 2234.  928.
 1896. 2224.  935. 2241. 2207.  963.]","[-1.6622e+01  4.8280e+00  6.8780e+01  0.0000e+00 -1.2210e-01  6.1000e-02
 -9.0300e-02 -2.9000e-01  9.3900e-01]",120
250,1,"[[-0.30038353 -0.29423808  0.33576192]
 [ 0.08744288 -0.30509735  0.32490265]
 [ 0.23114279 -0.30027204  0.32972796]
 [-0.27677516  0.29624231 -0.33375769]
 [ 0.14805221  0.30916621 -0.32083379]
 [-0.29724706  0.29148117 -0.33851883]]","[2243. 2239.  932. 2228. 2241.  930. 1990. 2246.  925. 1951. 2249.  922.
 1897. 2243.  928. 2241. 2238.  933.]","[2235. 2238.  929. 2226. 2227.  937. 1985. 2244.  926. 1969. 2234.  928.
 1898. 2224.  935. 2241. 2219.  952.]","[-16.633    4.823   68.796   -0.1831  -0.3052   0.3052  -0.0825  -0.2822
   0.9629]",120
251,1,"[[-0.300971   -0.29372545  0.33627455]
 [ 0.08371702 -0.30521649  0.32478351]
 [ 0.22927312 -0.30040876  0.32959124]
 [-0.27594078  0.29637776 -0.33362224]
 [ 0.15194621  0.30921316 -0.32078684]
 [-0.29705194  0.2915646  -0.3384354 ]]","[2244. 2239.  932. 2227. 2241.  930. 1993. 2246.  924. 1948. 2249.  922.
 1898. 2243.  928. 2241. 2238.  933.]","[2236. 2237.  929. 2226. 2227.  936. 1986. 2243.  926. 1966. 2235.  927.
 1899. 2224.  935. 2241. 2223.  947.]","[-16.65     4.812   68.818   -0.4883  -0.3662   0.4272  -0.0752  -0.2744
   0.9438]",120
252,1,"[[-0.30148365 -0.29324278  0.33675722]
 [ 0.0799706  -0.30533441  0.32466559]
 [ 0.22737497 -0.30054504  0.32945496]
 [-0.27509119  0.29651347 -0.33348653]
 [ 0.15580906  0.30925788 -0.32074212]
 [-0.29683313  0.29165043 -0.33834957]]","[2244. 2239.  932. 2227. 2241.  930. 1995. 2247.  924. 1946. 2249.  922.
 1899. 2243.  928. 2241. 2238.  933.]","[2236. 2237.  930. 2225. 2227.  936. 1989. 2244.  925. 1963. 2235.  927.
 1900. 2224.  935. 2241. 2226.  944.]","[-16.688    4.796   68.835   -1.1597  -0.5493   0.1831  -0.0796  -0.2603
   0.9893]",120
253,1,"[[-0.30192143 -0.29279223  0.33720777]
 [ 0.0762042  -0.3054511   0.3245489 ]
 [ 0.2254483  -0.30068087  0.32931913]
 [-0.27422637  0.29664941 -0.33335059]
 [ 0.15963985  0.30930037 -0.32069963]
 [-0.29659011  0.29173861 -0.33826139]]","[2244. 2238.  933. 2226. 2241.  930. 1998. 2247.  924. 1943. 2249.  922.
 1901. 2244.  927. 2241. 2238.  933.]","[2237. 2237.  931. 2225. 2227.  935. 1991. 2244.  925. 1961. 2235.  927.
 1901. 2224.  935. 2241. 2227.  942.]","[-1.6721e+01  4.7680e+00  6.8835e+01 -9.7660e-01 -5.4930e-01 -6.1000e-02
 -5.2200e-02 -2.9000e-01  9.1600e-01]",120
254,1,"[[-0.30228458 -0.29237586  0.33762414]
 [ 0.07241841 -0.30556653  0.32443347]
 [ 0.22349302 -0.30081623  0.32918377]
 [-0.27334628  0.29678554 -0.33321446]
 [ 0.1634377   0.30934061 -0.32065939]
 [-0.29632285  0.29182908 -0.33817092]]","[2245. 2238.  933. 2226. 2241.  930. 2000. 2247.  924. 1941. 2249.  922.
 1902. 2244.  927. 2241. 2238.  933.]","[2238. 2237.  931. 2224. 2227.  934. 1994. 2245.  925. 1958. 2236.  926.
 1902. 2224.  935. 2240. 2228.  941.]","[-16.787    4.724   68.818   -1.709   -0.7935  -0.7324  -0.0776  -0.2646
   0.9897]",120
255,1,"[[-0.30257422 -0.29199561  0.33800439]
 [ 0.06861369 -0.30568069  0.32431931]
 [ 0.22150909 -0.30095109  0.32904891]
 [-0.27245097  0.29692183 -0.33307817]
 [ 0.16720182  0.30937862 -0.32062138]
 [-0.29603156  0.29192178 -0.33807822]]","[2245. 2238.  933. 2225. 2241.  930. 2003. 2247.  924. 1939. 2249.  922.
 1903. 2244.  927. 2240. 2238.  933.]","[2239. 2236.  932. 2224. 2227.  934. 1996. 2245.  925. 1955. 2236.  926.
 1903. 2224.  935. 2240. 2229.  941.]","[-1.6798e+01  4.7080e+00  6.8785e+01 -3.6620e-01 -6.1000e-02 -8.5450e-01
 -8.0600e-02 -2.9300e-01  9.2430e-01]",120
256,1,"[[-0.30279409 -0.2916533   0.3383467 ]
 [ 0.06478998 -0.30579355  0.32420645]
 [ 0.21949634 -0.30108543  0.32891457]
 [-0.27154085  0.29705824 -0.33294176]
 [ 0.17093201  0.30941437 -0.32058563]
 [-0.29571695  0.29201665 -0.33798335]]","[2245. 2238.  933. 2225. 2241.  930. 2005. 2247.  924. 1936. 2249.  922.
 1904. 2244.  927. 2240. 2238.  933.]","[2240. 2236.  932. 2223. 2228.  934. 1998. 2245.  925. 1954. 2237.  926.
 1904. 2225.  935. 2240. 2229.  940.]","[-16.815    4.691   68.774   -0.5493  -0.3052  -0.3662  -0.0977  -0.3091
   0.9683]",120
257,1,"[[-0.30295106 -0.29101422  0.33898578]
 [ 0.06094398 -0.3059051   0.3240949 ]
 [ 0.21745404 -0.30121924  0.32878076]
 [-0.27061846  0.29719474 -0.33280526]
 [ 0.17463114  0.30944786 -0.32055214]
 [-0.29538205  0.29211364 -0.33788636]]","[2245. 2237.  934. 2224. 2241.  930. 2008. 2247.  924. 1934. 2249.  922.
 1906. 2244.  927. 2240. 2238.  933.]","[2240. 2236.  933. 2223. 2228.  933. 2000. 2246.  925. 1950. 2237.  926.
 1906. 2224.  935. 2240. 2229.  940.]","[-16.82     4.68    68.774   -0.1221  -0.3052   0.      -0.0796  -0.3145
   0.9385]",120
258,1,"[[-0.30277914 -0.22562083  0.40437917]
 [ 0.05704448 -0.30601533  0.32398467]
 [ 0.21537644 -0.30135251  0.32864749]
 [-0.2697053   0.29733129 -0.33266871]
 [ 0.17832828  0.30947909 -0.32052091]
 [-0.29505063  0.29221269 -0.33778731]]","[2245. 2195.  976. 2223. 2241.  930. 2010. 2247.  924. 1931. 2249.  922.
 1907. 2244.  927. 2240. 2238.  933.]","[2240. 2236.  933. 2222. 2228.  933. 2003. 2245.  925. 1948. 2237.  926.
 1907. 2224.  935. 2240. 2229.  940.]","[-1.6826e+01  4.6690e+00  6.8780e+01 -6.1000e-02 -2.4410e-01  0.0000e+00
 -9.3300e-02 -3.1930e-01  9.5460e-01]",120
259,1,"[[-0.30102919 -0.17050511  0.45949489]
 [ 0.0530056  -0.30612421  0.32387579]
 [ 0.21323248 -0.30148521  0.32851479]
 [-0.26883535  0.29746787 -0.33253213]
 [ 0.18209598  0.30950805 -0.32049195]
 [-0.29477036  0.29231374 -0.33768626]]","[2244. 2159. 1012. 2223. 2241.  930. 2013. 2247.  924. 1929. 2249.  922.
 1908. 2244.  927. 2240. 2238.  933.]","[2240. 2225.  943. 2221. 2229.  934. 2006. 2246.  925. 1946. 2237.  926.
 1908. 2224.  935. 2240. 2229.  940.]","[-1.6826e+01  4.6690e+00  6.8774e+01  6.1000e-02 -1.2210e-01 -6.1000e-02
 -8.6900e-02 -3.1250e-01  9.3550e-01]",120
260,1,"[[-0.29749323 -0.12601653  0.50398347]
 [ 0.0488038  -0.30623178  0.32376822]
 [ 0.21098551 -0.30161735  0.32838265]
 [-0.26797211  0.29760444 -0.33239556]
 [ 0.18594018  0.30953475 -0.32046525]
 [-0.29452226  0.29241671 -0.33758329]]","[2241. 2130. 1041. 2222. 2242.  929. 2016. 2247.  924. 1926. 2249.  922.
 1910. 2244.  927. 2239. 2238.  933.]","[2242. 2207.  964. 2221. 2229.  932. 2008. 2245.  925. 1943. 2237.  925.
 1909. 2225.  935. 2240. 2229.  940.]","[-1.6831e+01  4.6640e+00  6.8769e+01  0.0000e+00 -6.1000e-02 -1.2210e-01
 -8.0600e-02 -3.0270e-01  9.5120e-01]",120
261,1,"[[-0.29219431 -0.09274064  0.53725936]
 [ 0.04443638 -0.30633802  0.32366198]
 [ 0.20861495 -0.30174895  0.32825105]
 [-0.26708627  0.29774098 -0.33225902]
 [ 0.18985157  0.30955918 -0.32044082]
 [-0.29428845  0.29252152 -0.33747848]]","[2238. 2108. 1063. 2222. 2242.  929. 2019. 2247.  924. 1924. 2249.  922.
 1912. 2244.  927. 2239. 2238.  933.]","[2244. 2183.  990. 2221. 2228.  931. 2010. 2243.  926. 1939. 2238.  925.
 1910. 2224.  935. 2240. 2230.  939.]","[-1.6831e+01  4.6580e+00  6.8763e+01  6.1000e-02 -1.2210e-01 -1.8310e-01
 -6.3000e-02 -2.9540e-01  9.4730e-01]",120
262,1,"[[-0.28516383 -0.07088616  0.55911384]
 [ 0.03990278 -0.30644296  0.32355704]
 [ 0.2061085  -0.30188001  0.32811999]
 [-0.26616096  0.29787747 -0.33212253]
 [ 0.19382153  0.30958134 -0.32041866]
 [-0.29406031  0.29262813 -0.33737187]]","[2233. 2094. 1077. 2221. 2242.  929. 2021. 2247.  924. 1921. 2249.  922.
 1913. 2244.  927. 2239. 2238.  933.]","[2244. 2157. 1016. 2220. 2228.  931. 2013. 2242.  926. 1936. 2238.  925.
 1911. 2225.  935. 2239. 2232.  938.]","[-1.6859e+01  4.5480e+00  6.8730e+01 -5.4930e-01 -2.1973e+00 -1.5869e+00
 -5.4000e-03 -2.3240e-01  7.6810e-01]",120
263,1,"[[-0.27644346 -0.06055692  0.56944308]
 [ 0.03520378 -0.3065466   0.3234534 ]
 [ 0.20345764 -0.30201056  0.32798944]
 [-0.26518471  0.29801389 -0.33198611]
 [ 0.19784144  0.30960123 -0.32039877]
 [-0.29383304  0.29273646 -0.33726354]]","[2228. 2087. 1084. 2220. 2242.  929. 2025. 2247.  924. 1919. 2249.  922.
 1915. 2244.  927. 2239. 2238.  933.]","[2241. 2133. 1041. 2219. 2228.  932. 2014. 2242.  926. 1933. 2238.  925.
 1912. 2225.  935. 2239. 2232.  938.]","[-17.056    4.345   68.725   -4.6997  -5.0659  -1.709   -0.2109  -0.3018
   0.7939]",120
264,1,"[[-0.26608487 -0.06203576  0.56796424]
 [ 0.03034118 -0.30664894  0.32335106]
 [ 0.20065572 -0.3021406   0.3278594 ]
 [-0.26414839  0.29815023 -0.33184977]
 [ 0.20190244  0.30961884 -0.32038116]
 [-0.29360328  0.29284644 -0.33715356]]","[2221. 2088. 1083. 2220. 2242.  929. 2028. 2247.  924. 1916. 2249.  922.
 1917. 2244.  927. 2239. 2238.  933.]","[2236. 2116. 1054. 2219. 2228.  932. 2017. 2242.  925. 1931. 2238.  925.
 1914. 2225.  935. 2239. 2233.  938.]","[-17.166    4.257   68.846    0.4272   0.4883   3.2959   0.0908  -0.2793
   0.9878]",120
265,1,"[[-0.25414945 -0.06792065  0.56207935]
 [ 0.02531763 -0.30674999  0.32325001]
 [ 0.19769717 -0.30227015  0.32772985]
 [-0.26304385  0.29828649 -0.33171351]
 [ 0.20599526  0.30963417 -0.32036583]
 [-0.29336804  0.29295803 -0.33704197]]","[2213. 2092. 1079. 2219. 2242.  929. 2031. 2247.  923. 1913. 2249.  922.
 1919. 2245.  926. 2239. 2238.  932.]","[2229. 2106. 1065. 2218. 2228.  932. 2020. 2242.  926. 1927. 2239.  925.
 1915. 2225.  935. 2239. 2233.  937.]","[-1.7144e+01  4.3180e+00  6.8917e+01  0.0000e+00  1.2817e+00 -1.4038e+00
  5.7100e-02 -2.6120e-01  8.6820e-01]",120
266,1,"[[-0.24070793 -0.06844354  0.56155646]
 [ 0.02013658 -0.30684975  0.32315025]
 [ 0.19457716 -0.30239922  0.32760078]
 [-0.26186343  0.29842266 -0.33157734]
 [ 0.21011031  0.3096472  -0.3203528 ]
 [-0.29312425  0.29307114 -0.33692886]]","[2204. 2092. 1079. 2218. 2242.  929. 2034. 2248.  923. 1911. 2249.  922.
 1921. 2245.  926. 2239. 2239.  932.]","[2222. 2100. 1071. 2218. 2229.  932. 2023. 2242.  926. 1924. 2239.  925.
 1917. 2225.  935. 2239. 2234.  936.]","[-17.155    4.323   68.84    -0.3662   0.2441  -2.7466  -0.1064  -0.293
   1.02  ]",120
267,1,"[[-0.22583996 -0.06824988  0.56175012]
 [ 0.01480223 -0.30694822  0.32305178]
 [ 0.19129148 -0.30252784  0.32747216]
 [-0.2605997   0.29855873 -0.33144127]
 [ 0.21423764  0.30965792 -0.32034208]
 [-0.2928686   0.29318573 -0.33681427]]","[2195. 2092. 1079. 2217. 2242.  929. 2038. 2248.  923. 1908. 2249.  922.
 1923. 2245.  926. 2238. 2239.  932.]","[2217. 2097. 1074. 2217. 2229.  931. 2025. 2242.  925. 1921. 2239.  925.
 1919. 2225.  935. 2239. 2234.  936.]","[-17.161    4.301   68.752    0.3052   0.6104  -0.4883  -0.0903  -0.3003
   0.9287]",120
268,1,"[[-0.20963366 -0.06801619  0.56198381]
 [ 0.00931951 -0.3070454   0.3229546 ]
 [ 0.18783651 -0.30265601  0.32734399]
 [-0.25924539  0.29869471 -0.33130529]
 [ 0.21836707  0.30966636 -0.32033364]
 [-0.29259747  0.29330173 -0.33669827]]","[2184. 2092. 1079. 2217. 2242.  929. 2041. 2248.  923. 1905. 2249.  922.
 1925. 2245.  926. 2238. 2239.  932.]","[2210. 2096. 1076. 2216. 2229.  932. 2028. 2242.  925. 1919. 2240.  925.
 1921. 2224.  935. 2238. 2235.  936.]","[-1.7150e+01  4.3070e+00  6.8736e+01 -1.2210e-01 -4.2720e-01  3.0520e-01
 -5.4200e-02 -2.8960e-01  8.9160e-01]",120
269,1,"[[-0.19218505 -0.0678558   0.5621442 ]
 [ 0.00369406 -0.30714128  0.32285872]
 [ 0.18420921 -0.30278375  0.32721625]
 [-0.25779336  0.2988306  -0.3311694 ]
 [ 0.22248815  0.30967259 -0.32032741]
 [-0.2923069   0.29341909 -0.33658091]]","[2173. 2092. 1079. 2216. 2242.  929. 2045. 2248.  923. 1902. 2249.  922.
 1927. 2245.  926. 2238. 2239.  932.]","[2201. 2095. 1078. 2215. 2229.  931. 2031. 2242.  925. 1916. 2240.  925.
 1923. 2224.  935. 2238. 2235.  936.]","[-17.155    4.285   68.752   -0.4272  -0.7324   0.      -0.0854  -0.3066
   1.0107]",120
270,1,"[[-0.17359754 -0.06779923  0.56220077]
 [-0.00206784 -0.30723586  0.32276414]
 [ 0.1804071  -0.30291108  0.32708892]
 [-0.25623665  0.2989664  -0.3310336 ]
 [ 0.22659031  0.30967682 -0.32032318]
 [-0.29199265  0.29353776 -0.33646224]]","[2161. 2092. 1079. 2215. 2242.  929. 2049. 2248.  923. 1900. 2249.  922.
 1930. 2245.  926. 2238. 2239.  932.]","[2191. 2094. 1078. 2214. 2229.  931. 2034. 2241.  926. 1913. 2240.  925.
 1925. 2225.  935. 2238. 2235.  936.]","[-1.7161e+01  4.2630e+00  6.8758e+01  1.8310e-01  1.8310e-01  0.0000e+00
 -5.8600e-02 -2.9880e-01  9.4780e-01]",120
271,1,"[[-0.1539813  -0.0678658   0.5621342 ]
 [-0.00795926 -0.30732912  0.32267088]
 [ 0.17642829 -0.303038    0.326962  ]
 [-0.25456843  0.29910212 -0.33089788]
 [ 0.23066287  0.30967897 -0.32032103]
 [-0.29165018  0.29365769 -0.33634231]]","[2148. 2092. 1079. 2213. 2242.  928. 2053. 2248.  923. 1897. 2249.  922.
 1932. 2245.  926. 2238. 2239.  932.]","[2180. 2094. 1078. 2214. 2229.  930. 2037. 2242.  925. 1911. 2240.  925.
 1928. 2225.  935. 2238. 2235.  935.]","[-1.7155e+01  4.2630e+00  6.8747e+01  6.1000e-02  1.2210e-01 -8.5450e-01
 -6.5400e-02 -2.9100e-01  9.2430e-01]",120
272,1,"[[-0.13345256 -0.0680748   0.5619252 ]
 [-0.01397267 -0.30742107  0.32257893]
 [ 0.17227148 -0.30316452  0.32683548]
 [-0.25278209  0.29923777 -0.33076223]
 [ 0.23469516  0.30966688 -0.32033312]
 [-0.29127471  0.29377883 -0.33622117]]","[2134. 2092. 1079. 2212. 2243.  928. 2057. 2248.  923. 1895. 2249.  922.
 1935. 2245.  926. 2237. 2239.  932.]","[2169. 2095. 1078. 2213. 2228.  930. 2041. 2241.  925. 1907. 2241.  925.
 1930. 2225.  934. 2237. 2235.  936.]","[-17.155    4.252   68.714   -0.2441   0.      -1.0376  -0.0845  -0.3096
   0.9692]",120
273,1,"[[-0.11213297 -0.06844743  0.56155257]
 [-0.02009998 -0.30751168  0.32248832]
 [ 0.16793601 -0.30329066  0.32670934]
 [-0.2508712   0.29937336 -0.33062664]
 [ 0.23867651  0.30959002 -0.32040998]
 [-0.29086122  0.29390114 -0.33609886]]","[2121. 2092. 1079. 2211. 2243.  928. 2061. 2248.  923. 1892. 2249.  922.
 1938. 2245.  926. 2237. 2239.  932.]","[2156. 2094. 1078. 2212. 2229.  929. 2044. 2241.  925. 1905. 2241.  925.
 1933. 2224.  934. 2237. 2235.  935.]","[-17.166    4.241   68.67     0.1221   0.2441  -0.7935  -0.0732  -0.3071
   0.9443]",120
274,1,"[[-0.12466252 -0.06631856  0.56368144]
 [-0.01651217 -0.30743854  0.32256146]
 [ 0.17263305 -0.30278525  0.32721475]
 [-0.25200324  0.29927816 -0.33072184]
 [ 0.23636023  0.30963774 -0.32036226]
 [-0.29110762  0.29382138 -0.33617862]]","[2129. 2091. 1080. 2212. 2243.  928. 2058. 2248.  923. 1893. 2249.  922.
 1935. 2245.  926. 2237. 2239.  932.]","[2144. 2094. 1078. 2211. 2229.  928. 2047. 2242.  926. 1903. 2241.  925.
 1936. 2225.  934. 2237. 2236.  935.]","[-1.7161e+01  4.2410e+00  6.8643e+01  0.0000e+00  6.1000e-02 -7.3240e-01
 -6.9800e-02 -2.9250e-01  9.4530e-01]",120
275,1,"[[-0.10305058 -0.06664152  0.56335848]
 [-0.0226844  -0.30752911  0.32247089]
 [ 0.16822999 -0.30291606  0.32708394]
 [-0.25003866  0.29941384 -0.33058616]
 [ 0.24031724  0.3095249  -0.3204751 ]
 [-0.29067676  0.29394412 -0.33605588]]","[2115. 2091. 1080. 2210. 2243.  928. 2062. 2248.  923. 1891. 2249.  922.
 1938. 2245.  926. 2237. 2239.  932.]","[2133. 2094. 1078. 2210. 2229.  928. 2049. 2241.  926. 1900. 2241.  925.
 1937. 2225.  934. 2237. 2235.  935.]","[-17.166    4.23    68.61     0.       0.      -0.5493  -0.0737  -0.292
   0.9624]",120
276,1,"[[-0.08082797 -0.0671621   0.5628379 ]
 [-0.02895816 -0.30761832  0.32238168]
 [ 0.16364834 -0.30304653  0.32695347]
 [-0.24794087  0.29954948 -0.33045052]
 [ 0.2442084   0.30935503 -0.32064497]
 [-0.29020041  0.29406799 -0.33593201]]","[2100. 2091. 1080. 2209. 2243.  928. 2066. 2248.  923. 1888. 2249.  922.
 1941. 2245.  926. 2237. 2239.  932.]","[2126. 2094. 1078. 2210. 2229.  927. 2051. 2241.  925. 1899. 2241.  925.
 1937. 2225.  933. 2237. 2236.  935.]","[-1.7166e+01  4.2240e+00  6.8593e+01  0.0000e+00  6.1000e-02 -4.8830e-01
 -5.7600e-02 -2.9000e-01  9.4580e-01]",120
277,1,"[[-0.05812636 -0.06790672  0.56209328]
 [-0.03532416 -0.30770615  0.32229385]
 [ 0.15888894 -0.30317668  0.32682332]
 [-0.24570405  0.2996851  -0.3303149 ]
 [ 0.24802342  0.30913227 -0.32086773]
 [-0.28967308  0.29419294 -0.33580706]]","[2085. 2092. 1079. 2208. 2243.  928. 2071. 2248.  923. 1886. 2249.  922.
 1944. 2245.  926. 2236. 2239.  932.]","[2121. 2094. 1078. 2209. 2229.  927. 2054. 2242.  926. 1897. 2242.  925.
 1939. 2225.  933. 2236. 2236.  935.]","[-1.7166e+01  4.2190e+00  6.8566e+01 -2.4410e-01  6.1000e-02 -9.1550e-01
 -6.2000e-02 -3.0470e-01  9.4340e-01]",120
278,1,"[[-0.0350803  -0.068904    0.561096  ]
 [-0.04177266 -0.30779257  0.32220743]
 [ 0.15395323 -0.30330651  0.32669349]
 [-0.24332271  0.2998207  -0.3301793 ]
 [ 0.25175222  0.30885903 -0.32114097]
 [-0.28908912  0.29431894 -0.33568106]]","[2070. 2092. 1079. 2206. 2243.  928. 2075. 2248.  923. 1883. 2249.  922.
 1947. 2245.  926. 2236. 2239.  932.]","[2109. 2093. 1079. 2206. 2229.  927. 2057. 2242.  925. 1895. 2242.  925.
 1942. 2225.  932. 2236. 2236.  935.]","[-17.177    4.208   68.527   -0.1831   0.1221  -1.0376  -0.0972  -0.3193
   0.9546]",120
279,1,"[[-0.01182634 -0.0701847   0.5598153 ]
 [-0.04829355 -0.30787757  0.32212243]
 [ 0.14884334 -0.30343601  0.32656399]
 [-0.24079167  0.2999563  -0.3300437 ]
 [ 0.25538506  0.30853769 -0.32146231]
 [-0.28844276  0.29444598 -0.33555402]]","[2055. 2093. 1078. 2204. 2243.  928. 2079. 2248.  923. 1881. 2249.  922.
 1950. 2245.  926. 2236. 2239.  932.]","[2095. 2094. 1078. 2206. 2229.  927. 2060. 2242.  925. 1893. 2242.  925.
 1944. 2225.  932. 2236. 2236.  935.]","[-1.7188e+01  4.2020e+00  6.8494e+01 -6.1000e-02  6.1000e-02 -5.4930e-01
 -7.9100e-02 -3.2280e-01  9.2630e-01]",120
280,1,"[[ 0.01149769 -0.07178167  0.55821833]
 [-0.05487639 -0.30796111  0.32203889]
 [ 0.14356199 -0.30356518  0.32643482]
 [-0.23810609  0.30009191 -0.32990809]
 [ 0.25891255  0.30817084 -0.32182916]
 [-0.2877281   0.29457402 -0.33542598]]","[2040. 2094. 1077. 2203. 2243.  928. 2083. 2248.  923. 1879. 2248.  923.
 1954. 2245.  926. 2235. 2240.  931.]","[2081. 2093. 1078. 2204. 2229.  927. 2064. 2242.  925. 1891. 2243.  925.
 1947. 2225.  932. 2235. 2236.  935.]","[-17.199    4.197   68.483   -0.1221  -0.1831  -0.1221  -0.0757  -0.3223
   0.9565]",120
281,1,"[[ 0.03475359 -0.07372975  0.55627025]
 [-0.06151042 -0.30804317  0.32195683]
 [ 0.1381126  -0.30369402  0.32630598]
 [-0.23526151  0.30022755 -0.32977245]
 [ 0.26232569  0.30776121 -0.32223879]
 [-0.28693916  0.29470304 -0.33529696]]","[2025. 2096. 1075. 2201. 2243.  928. 2088. 2248.  923. 1876. 2248.  923.
 1957. 2245.  925. 2235. 2240.  931.]","[2066. 2094. 1078. 2203. 2229.  926. 2068. 2242.  925. 1889. 2243.  925.
 1950. 2224.  931. 2235. 2236.  934.]","[-1.7205e+01  4.1910e+00  6.8472e+01  1.2210e-01  0.0000e+00 -3.0520e-01
 -3.8600e-02 -2.7490e-01  9.6290e-01]",120
282,1,"[[ 0.05780354 -0.07606568  0.55393432]
 [-0.06818466 -0.30812371  0.32187629]
 [ 0.13249917 -0.30382253  0.32617747]
 [-0.23225389  0.30036324 -0.32963676]
 [ 0.26561599  0.30731167 -0.32268833]
 [-0.28606986  0.29483302 -0.33516698]]","[2010. 2097. 1074. 2199. 2243.  928. 2092. 2248.  923. 1874. 2248.  923.
 1961. 2246.  925. 2234. 2240.  931.]","[2051. 2095. 1076. 2202. 2229.  926. 2072. 2242.  925. 1885. 2243.  925.
 1953. 2225.  931. 2235. 2237.  934.]","[-1.7199e+01  4.1910e+00  6.8450e+01  6.1000e-02  2.4410e-01 -7.3240e-01
 -7.9600e-02 -2.9000e-01  9.5610e-01]",120
283,1,"[[ 0.08051095 -0.078828    0.551172  ]
 [-0.07488796 -0.30820271  0.32179729]
 [ 0.12672637 -0.30395068  0.32604932]
 [-0.22907959  0.30049898 -0.32950102]
 [ 0.26877543  0.30682522 -0.32317478]
 [-0.28511409  0.29496396 -0.33503604]]","[1995. 2099. 1072. 2197. 2243.  928. 2096. 2248.  923. 1872. 2248.  923.
 1965. 2246.  925. 2233. 2240.  931.]","[2037. 2096. 1075. 2200. 2229.  926. 2076. 2242.  925. 1882. 2243.  925.
 1957. 2225.  931. 2235. 2237.  934.]","[-1.7199e+01  4.1910e+00  6.8423e+01  6.1000e-02  1.2210e-01 -4.8830e-01
 -7.1300e-02 -2.8030e-01  9.3750e-01]",120
284,1,"[[ 0.10274124 -0.08205698  0.54794302]
 [-0.08160898 -0.30828013  0.32171987]
 [ 0.12079949 -0.30407848  0.32592152]
 [-0.22573546  0.30063479 -0.32936521]
 [ 0.27179657  0.30630497 -0.32369503]
 [-0.28406569  0.29509583 -0.33490417]]","[1981. 2101. 1070. 2195. 2243.  927. 2101. 2248.  923. 1870. 2247.  924.
 1969. 2246.  925. 2233. 2240.  931.]","[2022. 2097. 1074. 2198. 2229.  926. 2080. 2242.  925. 1881. 2243.  925.
 1960. 2225.  930. 2234. 2237.  934.]","[-1.7199e+01  4.1860e+00  6.8401e+01 -6.1000e-02  0.0000e+00 -6.1040e-01
 -7.2300e-02 -2.7930e-01  9.6440e-01]",120
285,1,"[[ 0.12436268 -0.08579443  0.54420557]
 [-0.08833635 -0.30835592  0.32164408]
 [ 0.11472441 -0.3042059   0.3257941 ]
 [-0.22221881  0.30077067 -0.32922933]
 [ 0.27467255  0.30575409 -0.32424591]
 [-0.28291849  0.29522863 -0.33477137]]","[1966. 2103. 1068. 2192. 2244.  927. 2105. 2249.  922. 1868. 2247.  924.
 1973. 2246.  925. 2232. 2240.  931.]","[2007. 2099. 1072. 2196. 2229.  926. 2085. 2241.  925. 1878. 2243.  925.
 1964. 2225.  929. 2233. 2237.  934.]","[-17.199    4.18    68.373    0.       0.1221  -0.8545  -0.0796  -0.2847
   0.958 ]",120
286,1,"[[ 0.14524714 -0.09008366  0.53991634]
 [-0.09505864 -0.30843007  0.32156993]
 [ 0.1085076  -0.30433293  0.32566707]
 [-0.21852746  0.30090665 -0.32909335]
 [ 0.27739716  0.30517585 -0.32482415]
 [-0.28166634  0.29536235 -0.33463765]]","[1953. 2106. 1065. 2190. 2244.  927. 2109. 2249.  922. 1867. 2246.  925.
 1977. 2246.  925. 2231. 2240.  931.]","[1992. 2101. 1070. 2193. 2229.  925. 2089. 2242.  925. 1876. 2242.  925.
 1967. 2225.  928. 2233. 2237.  934.]","[-17.194    4.175   68.335    0.       0.2441  -0.9155  -0.084   -0.291
   0.9473]",120
287,1,"[[ 0.16527086 -0.09496926  0.53503074]
 [-0.10176444 -0.30850251  0.32149749]
 [ 0.10215611 -0.30445955  0.32554045]
 [-0.21465977  0.30104272 -0.32895728]
 [ 0.27996484  0.30457354 -0.32542646]
 [-0.28030313  0.29549699 -0.33450301]]","[1940. 2109. 1062. 2187. 2244.  927. 2114. 2249.  922. 1865. 2246.  925.
 1981. 2246.  925. 2230. 2240.  931.]","[1978. 2104. 1068. 2192. 2229.  926. 2093. 2242.  924. 1874. 2243.  926.
 1972. 2225.  928. 2231. 2237.  934.]","[-17.194    4.175   68.302   -0.2441   0.1221  -0.8545  -0.0718  -0.2983
   0.9414]",120
288,1,"[[ 0.18431518 -0.10049699  0.52950301]
 [-0.10844241 -0.30857323  0.32142677]
 [ 0.09567756 -0.30458573  0.32541427]
 [-0.21061465  0.3011789  -0.3288211 ]
 [ 0.28237076  0.3039505  -0.3260495 ]
 [-0.27882282  0.29563255 -0.33436745]]","[1927. 2113. 1058. 2185. 2244.  927. 2118. 2249.  922. 1863. 2246.  925.
 1985. 2246.  925. 2229. 2240.  931.]","[1964. 2106. 1065. 2189. 2229.  926. 2098. 2242.  924. 1872. 2243.  926.
 1976. 2226.  927. 2230. 2238.  933.]","[-17.205    4.175   68.264   -0.2441   0.1221  -0.8545  -0.0747  -0.3022
   0.96  ]",120
289,1,"[[ 0.20226724 -0.10671352  0.52328648]
 [-0.11508136 -0.30864216  0.32135784]
 [ 0.08908005 -0.30471146  0.32528854]
 [-0.20639157  0.30131518 -0.32868482]
 [ 0.28461076  0.30331009 -0.32668991]
 [-0.27721945  0.29576901 -0.33423099]]","[1916. 2117. 1054. 2182. 2244.  927. 2123. 2249.  922. 1862. 2245.  926.
 1989. 2246.  925. 2228. 2240.  931.]","[1950. 2109. 1062. 2186. 2229.  925. 2102. 2242.  924. 1870. 2243.  926.
 1980. 2227.  927. 2230. 2238.  933.]","[-1.7210e+01  4.1690e+00  6.8231e+01 -1.2210e-01  2.4410e-01 -7.9350e-01
 -6.4500e-02 -3.0570e-01  9.4480e-01]",120
290,1,"[[ 0.21902066 -0.11366633  0.51633367]
 [-0.12167026 -0.30870927  0.32129073]
 [ 0.08237219 -0.3048367   0.3251633 ]
 [-0.20199062  0.30145158 -0.32854842]
 [ 0.28668147  0.30265566 -0.32734434]
 [-0.27548722  0.29590638 -0.33409362]]","[1905. 2122. 1049. 2179. 2244.  927. 2127. 2249.  922. 1861. 2245.  926.
 1994. 2246.  925. 2227. 2240.  931.]","[1937. 2112. 1059. 2184. 2229.  925. 2106. 2242.  924. 1868. 2243.  926.
 1984. 2227.  926. 2229. 2238.  933.]","[-17.216    4.169   68.198   -0.2441   0.1831  -0.8545  -0.0723  -0.3071
   0.9419]",120
291,1,"[[ 0.23447615 -0.12140337  0.50859663]
 [-0.12819831 -0.30877452  0.32122548]
 [ 0.07556306 -0.30496142  0.32503858]
 [-0.19741247  0.30158809 -0.32841191]
 [ 0.28858027  0.30199057 -0.32800943]
 [-0.27362048  0.29604467 -0.33395533]]","[1895. 2127. 1044. 2176. 2244.  927. 2131. 2249.  922. 1859. 2244.  927.
 1998. 2246.  925. 2226. 2240.  930.]","[1926. 2117. 1055. 2181. 2229.  926. 2111. 2242.  924. 1866. 2243.  927.
 1988. 2227.  925. 2228. 2237.  933.]","[-1.7232e+01  4.1690e+00  6.8165e+01 -3.0520e-01  6.1000e-02 -7.3240e-01
 -7.7600e-02 -3.0620e-01  9.5170e-01]",120
292,1,"[[ 0.24854212 -0.12997286  0.50002714]
 [-0.134655   -0.30883786  0.32116214]
 [ 0.06866214 -0.30508558  0.32491442]
 [-0.19265844  0.30172471 -0.32827529]
 [ 0.29030528  0.30131815 -0.32868185]
 [-0.27161377  0.29618387 -0.33381613]]","[1885. 2132. 1039. 2173. 2244.  927. 2135. 2249.  922. 1858. 2244.  927.
 2003. 2246.  925. 2225. 2241.  930.]","[1915. 2121. 1051. 2178. 2229.  925. 2115. 2242.  923. 1864. 2243.  927.
 1992. 2227.  925. 2226. 2238.  933.]","[-1.7243e+01  4.1640e+00  6.8137e+01 -1.8310e-01  1.2210e-01 -6.7140e-01
 -6.3000e-02 -3.0370e-01  9.4780e-01]",120
293,1,"[[ 0.26113523 -0.13942304  0.49057696]
 [-0.14103015 -0.30889925  0.32110075]
 [ 0.06167932 -0.30520917  0.32479083]
 [-0.18773044  0.30186145 -0.32813855]
 [ 0.29185545  0.30064171 -0.32935829]
 [-0.26946188  0.29632399 -0.33367601]]","[1877. 2138. 1033. 2170. 2244.  927. 2139. 2249.  922. 1857. 2243.  927.
 2007. 2246.  925. 2223. 2241.  930.]","[1904. 2126. 1046. 2175. 2229.  925. 2119. 2242.  923. 1862. 2242.  927.
 1996. 2228.  924. 2226. 2238.  932.]","[-1.7254e+01  4.1640e+00  6.8104e+01 -6.1000e-02  1.8310e-01 -6.7140e-01
 -6.3000e-02 -3.0320e-01  9.5700e-01]",120
294,1,"[[ 0.27218082 -0.14980182  0.48019818]
 [-0.14731393 -0.30895863  0.32104137]
 [ 0.05462482 -0.30533212  0.32466788]
 [-0.18263105  0.30199828 -0.32800172]
 [ 0.29323047  0.29996451 -0.33003549]
 [-0.26715988  0.29646502 -0.33353498]]","[1870. 2145. 1026. 2167. 2244.  927. 2144. 2249.  922. 1856. 2243.  928.
 2012. 2247.  924. 2222. 2241.  930.]","[1894. 2130. 1041. 2173. 2229.  925. 2123. 2242.  923. 1861. 2242.  927.
 2001. 2228.  924. 2224. 2238.  932.]","[-1.7254e+01  4.1640e+00  6.8082e+01 -6.1000e-02  2.4410e-01 -5.4930e-01
 -7.5700e-02 -3.0960e-01  9.4480e-01]",120
295,1,"[[ 0.28161347 -0.16115652  0.46884348]
 [-0.15349697 -0.30901597  0.32098403]
 [ 0.04750917 -0.30545442  0.32454558]
 [-0.17736348  0.30213521 -0.32786479]
 [ 0.29443084  0.29928976 -0.33071024]
 [-0.26470312  0.29660698 -0.33339302]]","[1864. 2153. 1018. 2163. 2244.  927. 2148. 2249.  922. 1856. 2243.  928.
 2017. 2247.  924. 2220. 2241.  930.]","[1884. 2136. 1035. 2170. 2229.  925. 2127. 2242.  923. 1859. 2242.  928.
 2005. 2229.  923. 2223. 2238.  932.]","[-1.726e+01  4.164e+00  6.806e+01  0.000e+00  1.221e-01 -3.052e-01
 -6.450e-02 -2.979e-01  9.404e-01]",120
296,1,"[[ 0.28937727 -0.1735335   0.4564665 ]
 [-0.15957034 -0.30907121  0.32092879]
 [ 0.04034313 -0.305576    0.324424  ]
 [-0.17193158  0.30227223 -0.32772777]
 [ 0.29545782  0.29862061 -0.33137939]
 [-0.26208734  0.29674986 -0.33325014]]","[1859. 2161. 1010. 2160. 2245.  926. 2152. 2249.  922. 1855. 2242.  929.
 2021. 2247.  924. 2218. 2241.  930.]","[1877. 2143. 1029. 2167. 2229.  925. 2132. 2242.  923. 1858. 2242.  928.
 2010. 2228.  922. 2221. 2239.  932.]","[-1.7265e+01  4.1580e+00  6.8044e+01 -1.8310e-01  0.0000e+00 -4.2720e-01
 -6.6900e-02 -2.9390e-01  9.5850e-01]",120
297,1,"[[ 0.2954262  -0.18697788  0.44302212]
 [-0.16552561 -0.30912431  0.32087569]
 [ 0.03313772 -0.30569683  0.32430317]
 [-0.16633983  0.30240932 -0.32759068]
 [ 0.29631343  0.29796014 -0.33203986]
 [-0.25930863  0.29689366 -0.33310634]]","[1855. 2169. 1002. 2156. 2245.  926. 2155. 2249.  922. 1854. 2242.  929.
 2026. 2247.  924. 2217. 2241.  930.]","[1870. 2150. 1022. 2164. 2229.  925. 2136. 2242.  923. 1857. 2242.  929.
 2015. 2229.  922. 2220. 2238.  932.]","[-1.7276e+01  4.1530e+00  6.8022e+01 -1.8310e-01  1.2210e-01 -6.1040e-01
 -6.3500e-02 -2.9490e-01  9.5020e-01]",120
298,1,"[[ 0.29972443 -0.20153315  0.42846685]
 [-0.1713549  -0.30917523  0.32082477]
 [ 0.02590407 -0.30581686  0.32418314]
 [-0.16059335  0.30254646 -0.32745354]
 [ 0.29700046  0.29731136 -0.33268864]
 [-0.25636351  0.2970384  -0.3329616 ]]","[1852. 2179.  992. 2152. 2245.  926. 2159. 2249.  922. 1854. 2241.  930.
 2031. 2247.  924. 2215. 2241.  930.]","[1864. 2158. 1015. 2160. 2229.  925. 2140. 2242.  923. 1856. 2241.  929.
 2019. 2229.  922. 2218. 2239.  932.]","[-1.7281e+01  4.1530e+00  6.7994e+01 -6.1000e-02  1.2210e-01 -7.3240e-01
 -7.0800e-02 -2.9880e-01  9.5020e-01]",120
299,2,"[[ 0.30224632 -0.21724087  0.41275913]
 [-0.1770509  -0.30922392  0.32077608]
 [ 0.01865346 -0.30593605  0.32406395]
 [-0.15469787  0.30268364 -0.32731636]
 [ 0.29752249  0.29667718 -0.33332282]
 [-0.25324898  0.29718406 -0.33281594]]","[1850. 2189.  982. 2148. 2245.  926. 2163. 2249.  922. 1854. 2241.  930.
 2035. 2247.  924. 2213. 2241.  930.]","[1859. 2166. 1007. 2156. 2228.  924. 2143. 2242.  923. 1856. 2241.  930.
 2024. 2229.  922. 2216. 2239.  932.]","[-1.7287e+01  4.1470e+00  6.7967e+01 -1.2210e-01  6.1000e-02 -6.1040e-01
 -7.5700e-02 -3.0180e-01  9.4290e-01]",120
300,2,"[[ 0.30298515 -0.2341402   0.3958598 ]
 [-0.18260952 -0.30927034  0.32072966]
 [ 0.0113972  -0.30605433  0.32394567]
 [-0.14866239  0.30282084 -0.32717916]
 [ 0.29788693  0.29606044 -0.33393956]
 [-0.24996517  0.29733065 -0.33266935]]","[1850. 2200.  971. 2144. 2245.  926. 2167. 2249.  922. 1853. 2241.  930.
 2040. 2247.  924. 2210. 2241.  930.]","[1855. 2175.  998. 2153. 2229.  924. 2148. 2242.  924. 1855. 2241.  930.
 2028. 2230.  922. 2215. 2239.  932.]","[-1.7292e+01  4.1420e+00  6.7950e+01 -1.8310e-01  0.0000e+00 -3.6620e-01
 -6.4500e-02 -3.0320e-01  9.5020e-01]",120
301,2,"[[ 0.30286922 -0.2521765   0.3778235 ]
 [-0.18807483 -0.30931443  0.32068557]
 [ 0.00414299 -0.30617166  0.32382834]
 [-0.14254352  0.30295803 -0.32704197]
 [ 0.2981447   0.29546387 -0.33453613]
 [-0.24656392  0.29747817 -0.33252183]]","[1850. 2212.  959. 2140. 2245.  926. 2170. 2249.  922. 1853. 2240.  931.
 2045. 2247.  924. 2208. 2241.  930.]","[1853. 2183.  994. 2149. 2228.  924. 2151. 2242.  924. 1854. 2240.  930.
 2033. 2230.  923. 2212. 2239.  931.]","[-1.7303e+01  4.1310e+00  6.7934e+01 -1.8310e-01  0.0000e+00 -3.0520e-01
 -6.6900e-02 -3.0320e-01  9.5510e-01]",120
302,2,"[[ 0.30267707 -0.27083116  0.35916884]
 [-0.19347487 -0.30935618  0.32064382]
 [-0.00311022 -0.30628799  0.32371201]
 [-0.13637966  0.30309517 -0.32690483]
 [ 0.29832067  0.29489009 -0.33510991]
 [-0.24308851  0.2976266  -0.3323734 ]]","[1850. 2224.  947. 2136. 2245.  926. 2174. 2249.  922. 1853. 2240.  931.
 2050. 2247.  924. 2206. 2242.  929.]","[1852. 2188.  983. 2145. 2228.  924. 2155. 2242.  923. 1854. 2239.  931.
 2037. 2231.  922. 2210. 2239.  932.]","[-1.7309e+01  4.1250e+00  6.7928e+01 -1.8310e-01 -6.1000e-02 -1.8310e-01
 -6.4500e-02 -2.9790e-01  9.4630e-01]",120
303,2,"[[ 0.30241817 -0.29013018  0.33986982]
 [-0.19879314 -0.30939555  0.32060445]
 [-0.01036177 -0.30640328  0.32359672]
 [-0.13016474  0.30323223 -0.32676777]
 [ 0.29787899  0.29434137 -0.33565863]
 [-0.239536    0.29777589 -0.33222411]]","[1850. 2237.  934. 2132. 2245.  926. 2177. 2249.  922. 1853. 2239.  932.
 2054. 2247.  924. 2204. 2242.  929.]","[1851. 2197.  973. 2141. 2229.  925. 2160. 2243.  923. 1853. 2239.  932.
 2043. 2230.  922. 2208. 2240.  931.]","[-1.7320e+01  4.1200e+00  6.7917e+01 -1.8310e-01 -6.1000e-02 -2.4410e-01
 -7.0300e-02 -2.9930e-01  9.5360e-01]",120
304,2,"[[ 0.30208691 -0.29142704  0.33857296]
 [-0.20401633 -0.30943249  0.32056751]
 [-0.01760854 -0.30651746  0.32348254]
 [-0.12389504  0.30336916 -0.32663084]
 [ 0.29548704  0.29381822 -0.33618178]
 [-0.23590293  0.29792602 -0.33207398]]","[1851. 2237.  933. 2128. 2245.  926. 2180. 2249.  922. 1855. 2239.  932.
 2059. 2247.  924. 2201. 2242.  929.]","[1851. 2209.  962. 2137. 2229.  926. 2164. 2244.  923. 1853. 2238.  932.
 2046. 2230.  922. 2206. 2240.  931.]","[-1.7314e+01  4.1310e+00  6.7917e+01  1.2210e-01  3.6620e-01  6.1000e-02
 -9.6700e-02 -3.1010e-01  9.6880e-01]",120
305,2,"[[ 0.30168132 -0.29150969  0.33849031]
 [-0.20913602 -0.30946697  0.32053303]
 [-0.02484647 -0.30663048  0.32336952]
 [-0.11757071  0.30350589 -0.32649411]
 [ 0.29101178  0.2933234  -0.3366766 ]
 [-0.23218836  0.29807695 -0.33192305]]","[1851. 2238.  933. 2124. 2245.  926. 2184. 2249.  922. 1858. 2239.  932.
 2064. 2247.  924. 2199. 2242.  929.]","[1851. 2215.  954. 2132. 2229.  928. 2169. 2246.  923. 1853. 2237.  933.
 2050. 2231.  922. 2203. 2239.  931.]","[-17.298    4.169   67.917    0.5493   1.0376   0.4883  -0.0723  -0.3169
   0.9692]",120
306,2,"[[ 0.30120092 -0.29159505  0.33840495]
 [-0.21414646 -0.30949893  0.32050107]
 [-0.03207119 -0.30674228  0.32325772]
 [-0.11119385  0.3036424  -0.3263576 ]
 [ 0.28444585  0.29286001 -0.33713999]
 [-0.22839284  0.29822862 -0.33177138]]","[1851. 2238.  933. 2120. 2245.  926. 2187. 2249.  922. 1862. 2238.  933.
 2068. 2247.  924. 2196. 2242.  929.]","[1851. 2219.  950. 2128. 2228.  929. 2173. 2247.  923. 1853. 2237.  934.
 2051. 2232.  922. 2201. 2239.  931.]","[-17.249    4.252   67.934    1.4038   2.0142   0.9766  -0.104   -0.3682
   0.9868]",120
307,2,"[[ 0.30064565 -0.29168308  0.33831692]
 [-0.21904328 -0.30952835  0.32047165]
 [-0.03927826 -0.30685281  0.32314719]
 [-0.10476748  0.30377862 -0.32622138]
 [ 0.27581185  0.29243038 -0.33756962]
 [-0.22451759  0.29838102 -0.33161898]]","[1852. 2238.  933. 2116. 2246.  925. 2190. 2249.  922. 1868. 2238.  933.
 2073. 2248.  923. 2194. 2242.  929.]","[1851. 2220.  948. 2125. 2229.  928. 2178. 2248.  923. 1855. 2237.  933.
 2056. 2232.  923. 2199. 2239.  931.]","[-1.7144e+01  4.4440e+00  6.8005e+01  1.4648e+00  1.7700e+00  1.4648e+00
 -5.3700e-02 -3.5640e-01  8.9500e-01]",120
308,2,"[[ 0.30001562 -0.29177374  0.33822626]
 [-0.22382279 -0.30955519  0.32044481]
 [-0.04646327 -0.30696201  0.32303799]
 [-0.09829499  0.30391451 -0.32608549]
 [ 0.26515666  0.29203659 -0.33796341]
 [-0.22056415  0.29853408 -0.33146592]]","[1852. 2238.  933. 2112. 2246.  925. 2193. 2249.  922. 1875. 2238.  933.
 2078. 2248.  923. 2191. 2242.  929.]","[1851. 2221.  947. 2123. 2228.  928. 2182. 2248.  923. 1859. 2236.  934.
 2060. 2232.  922. 2197. 2239.  931.]","[-1.7122e+01  4.4880e+00  6.8033e+01  9.1550e-01  6.7140e-01  9.7660e-01
 -6.5900e-02 -3.0810e-01  9.3650e-01]",120
309,2,"[[ 0.29931097 -0.291867    0.338133  ]
 [-0.2284816  -0.30957941  0.32042059]
 [-0.05362182 -0.30706983  0.32293017]
 [-0.09177991  0.30405002 -0.32594998]
 [ 0.25254848  0.29168057 -0.33831943]
 [-0.21653423  0.29868778 -0.33131222]]","[1852. 2238.  933. 2107. 2246.  925. 2196. 2249.  922. 1883. 2238.  933.
 2082. 2248.  923. 2189. 2242.  929.]","[1851. 2221.  946. 2121. 2228.  928. 2185. 2248.  923. 1864. 2236.  934.
 2065. 2233.  922. 2195. 2239.  931.]","[-17.1      4.515   68.06     0.9766   0.3662   0.7935  -0.0752  -0.2832
   0.9341]",120
310,2,"[[ 0.29853187 -0.29196282  0.33803718]
 [-0.23301653 -0.30960098  0.32039902]
 [-0.06074952 -0.30717622  0.32282378]
 [-0.08522586  0.3041851  -0.3258149 ]
 [ 0.23807501  0.29136405 -0.33863595]
 [-0.21242956  0.29884206 -0.33115794]]","[1853. 2238.  933. 2103. 2246.  925. 2199. 2249.  922. 1892. 2237.  934.
 2087. 2248.  923. 2186. 2242.  929.]","[1851. 2222.  946. 2116. 2228.  929. 2189. 2248.  923. 1870. 2236.  935.
 2069. 2233.  921. 2192. 2239.  931.]","[-1.7084e+01  4.5260e+00  6.8082e+01  4.2720e-01  2.4410e-01  4.8830e-01
 -6.6900e-02 -2.5440e-01  9.5850e-01]",120
311,2,"[[ 0.29767853 -0.29206116  0.33793884]
 [-0.23742454 -0.30961987  0.32038013]
 [-0.06784203 -0.30728112  0.32271888]
 [-0.07863646  0.30431969 -0.32568031]
 [ 0.22184214  0.225502   -0.404498  ]
 [-0.20825196  0.2989969  -0.3310031 ]]","[1853. 2238.  933. 2099. 2246.  925. 2202. 2249.  922. 1903. 2195.  976.
 2092. 2248.  923. 2183. 2242.  929.]","[1852. 2222.  945. 2112. 2228.  928. 2192. 2248.  923. 1876. 2236.  934.
 2073. 2233.  921. 2190. 2239.  931.]","[-1.7073e+01  4.5320e+00  6.8082e+01  3.6620e-01  2.4410e-01 -6.1000e-02
 -6.0500e-02 -2.4220e-01  9.6970e-01]",120
312,2,"[[ 0.29675115 -0.29216197  0.33783803]
 [-0.24170264 -0.30963604  0.32036396]
 [-0.07489503 -0.30738447  0.32261553]
 [-0.07201534  0.30445376 -0.32554624]
 [ 0.20397254  0.1672486  -0.4627514 ]
 [-0.20400322  0.29915224 -0.33084776]]","[1854. 2238.  933. 2094. 2246.  925. 2205. 2249.  922. 1915. 2157. 1014.
 2096. 2248.  923. 2180. 2243.  928.]","[1852. 2222.  944. 2108. 2228.  928. 2195. 2248.  922. 1884. 2230.  942.
 2077. 2233.  922. 2186. 2239.  931.]","[-17.056    4.532   68.055    0.3052   0.3052  -0.6104  -0.083   -0.252
   0.96  ]",120
313,2,"[[ 0.29574996 -0.29226523  0.33773477]
 [-0.24584797 -0.30964946  0.32035054]
 [-0.08190425 -0.30748623  0.32251377]
 [-0.06536614  0.30458725 -0.32541275]
 [ 0.18460422  0.11989986 -0.51010014]
 [-0.1996852   0.29930803 -0.33069197]]","[1855. 2238.  933. 2090. 2246.  925. 2208. 2249.  922. 1927. 2126. 1045.
 2101. 2248.  923. 2178. 2243.  928.]","[1853. 2222.  943. 2103. 2228.  929. 2198. 2248.  923. 1893. 2209.  962.
 2082. 2234.  921. 2184. 2239.  931.]","[-17.051    4.537   68.033    0.       0.1831  -0.4272  -0.1123  -0.2598
   0.9463]",120
314,2,"[[ 0.29467521 -0.29237089  0.33762911]
 [-0.24985772 -0.30966013  0.32033987]
 [-0.08886542 -0.30758634  0.32241366]
 [-0.05869247  0.3047201  -0.3252799 ]
 [ 0.16388889  0.08370048 -0.54629952]
 [-0.19529973  0.29946425 -0.33053575]]","[1855. 2238.  933. 2086. 2246.  925. 2210. 2249.  922. 1941. 2102. 1069.
 2105. 2248.  923. 2175. 2243.  928.]","[1854. 2223.  942. 2099. 2228.  929. 2201. 2248.  922. 1909. 2182.  991.
 2087. 2234.  921. 2180. 2239.  931.]","[-17.045    4.565   68.049   -0.1221   0.4272   0.5493  -0.0972  -0.2773
   0.9331]",120
315,2,"[[ 0.29352717 -0.29247892  0.33752108]
 [-0.25372917 -0.30966805  0.32033195]
 [-0.09577433 -0.30768474  0.32231526]
 [-0.05199795  0.30485227 -0.32514773]
 [ 0.14199005  0.05884351 -0.57115649]
 [-0.19084867  0.29962084 -0.33037916]]","[1856. 2238.  933. 2081. 2246.  925. 2213. 2249.  922. 1955. 2086. 1085.
 2110. 2248.  923. 2172. 2243.  928.]","[1855. 2223.  941. 2094. 2228.  929. 2204. 2248.  922. 1920. 2155. 1017.
 2091. 2234.  922. 2177. 2239.  931.]","[-17.04     4.581   68.077   -0.1221   0.1831   0.7935  -0.0752  -0.3018
   0.9536]",120
316,2,"[[ 0.29230612 -0.29258926  0.33741074]
 [-0.25745966 -0.30967339  0.32032661]
 [-0.10262681 -0.30778138  0.32221862]
 [-0.04528615  0.3049837  -0.3250163 ]
 [ 0.11908101  0.04546934 -0.58453066]
 [-0.1863339   0.29977776 -0.33022224]]","[1857. 2238.  933. 2077. 2246.  925. 2215. 2249.  922. 1970. 2077. 1094.
 2114. 2248.  923. 2169. 2243.  928.]","[1856. 2223.  940. 2088. 2228.  928. 2207. 2248.  923. 1930. 2131. 1040.
 2096. 2234.  922. 2175. 2239.  931.]","[-1.7040e+01  4.5920e+00  6.8137e+01 -3.0520e-01 -3.0520e-01  1.4038e+00
 -6.3500e-02 -2.6270e-01  9.7020e-01]",120
317,2,"[[ 0.29101237 -0.29270188  0.33729812]
 [-0.26104665 -0.30967645  0.32032355]
 [-0.10941872 -0.3078762   0.3221238 ]
 [-0.03856067  0.30511434 -0.32488566]
 [ 0.09534279  0.0437376  -0.5862624 ]
 [-0.18175729  0.29993496 -0.33006504]]","[1858. 2238.  933. 2073. 2246.  925. 2218. 2249.  922. 1985. 2076. 1095.
 2119. 2248.  923. 2166. 2243.  928.]","[1858. 2223.  941. 2085. 2228.  928. 2210. 2249.  923. 1942. 2112. 1060.
 2101. 2234.  922. 2172. 2239.  931.]","[-1.7045e+01  4.5810e+00  6.8192e+01 -4.8830e-01 -4.8830e-01  1.2207e+00
 -2.5400e-02 -2.8760e-01  9.6920e-01]",120
318,2,"[[ 0.28964624 -0.29281673  0.33718327]
 [-0.26448765 -0.30967218  0.32032782]
 [-0.11614597 -0.30796916  0.32203084]
 [-0.03182504  0.30524415 -0.32475585]
 [ 0.07096188  0.04983847 -0.58016153]
 [-0.17712074  0.30009239 -0.32990761]]","[1859. 2238.  933. 2068. 2246.  924. 2220. 2249.  922. 2001. 2080. 1091.
 2123. 2248.  923. 2163. 2243.  928.]","[1859. 2222.  940. 2081. 2228.  928. 2212. 2249.  923. 1956. 2098. 1073.
 2104. 2234.  922. 2169. 2239.  930.]","[-1.7034e+01  4.5760e+00  6.8192e+01  6.1000e-02  6.1000e-02  0.0000e+00
 -4.3000e-02 -3.4910e-01  9.4090e-01]",120
319,2,"[[ 0.28820806 -0.29293378  0.33706622]
 [-0.26778028 -0.30961782  0.32038218]
 [-0.12280454 -0.30806021  0.32193979]
 [-0.02508281  0.30537306 -0.32462694]
 [ 0.04612805  0.05020209 -0.57979791]
 [-0.17242614  0.30025003 -0.32974997]]","[1860. 2238.  933. 2064. 2247.  924. 2222. 2249.  922. 2017. 2080. 1091.
 2128. 2248.  923. 2160. 2243.  928.]","[1860. 2223.  940. 2076. 2228.  928. 2214. 2249.  922. 1972. 2092. 1081.
 2109. 2234.  922. 2165. 2239.  931.]","[-1.7040e+01  4.5700e+00  6.8165e+01  6.1000e-02  6.1000e-02 -5.4930e-01
 -1.2700e-01 -3.6230e-01  9.3950e-01]",120
320,2,"[[ 0.28669821 -0.29305298  0.33694702]
 [-0.27092223 -0.30948995  0.32051005]
 [-0.12939043 -0.30814927  0.32185073]
 [-0.01833748  0.30550103 -0.32449897]
 [ 0.02103213  0.04994836 -0.58005164]
 [-0.1676754   0.3004078  -0.3295922 ]]","[1861. 2239.  932. 2059. 2247.  924. 2224. 2249.  922. 2034. 2080. 1091.
 2132. 2248.  923. 2157. 2243.  928.]","[1861. 2223.  939. 2073. 2228.  929. 2217. 2249.  922. 1987. 2088. 1085.
 2113. 2234.  922. 2163. 2239.  930.]","[-17.045    4.57    68.176    0.1221   0.       0.1831  -0.1157  -0.3374
   0.9121]",120
321,2,"[[ 0.28511705 -0.29317429  0.33682571]
 [-0.2739113  -0.30930368  0.32069632]
 [-0.13589971 -0.30823632  0.32176368]
 [-0.01159254  0.305628   -0.324372  ]
 [-0.00413617  0.04983836 -0.58016164]
 [-0.16287043  0.30056568 -0.32943432]]","[1862. 2239.  932. 2055. 2247.  924. 2226. 2249.  922. 2050. 2080. 1091.
 2136. 2248.  923. 2154. 2243.  928.]","[1862. 2223.  938. 2069. 2228.  929. 2219. 2249.  922. 2003. 2086. 1087.
 2116. 2234.  922. 2160. 2239.  930.]","[-1.7045e+01  4.5810e+00  6.8198e+01  1.8310e-01  0.0000e+00  6.1040e-01
 -6.3500e-02 -3.0320e-01  9.5900e-01]",120
322,2,"[[ 0.28346497 -0.29329766  0.33670234]
 [-0.27674536 -0.30906269  0.32093731]
 [-0.14232852 -0.30832128  0.32167872]
 [-0.00485143  0.30575393 -0.32424607]
 [-0.02919022  0.05002446 -0.57997554]
 [-0.15801314  0.30072362 -0.32927638]]","[1863. 2239.  932. 2051. 2247.  924. 2228. 2249.  922. 2067. 2080. 1091.
 2140. 2248.  922. 2151. 2244.  927.]","[1864. 2223.  938. 2065. 2228.  929. 2221. 2249.  923. 2020. 2084. 1088.
 2119. 2234.  922. 2157. 2239.  930.]","[-1.7045e+01  4.5810e+00  6.8203e+01  1.8310e-01  0.0000e+00  1.8310e-01
 -5.0800e-02 -2.6950e-01  9.6090e-01]",120
323,2,"[[ 0.28174239 -0.29342305  0.33657695]
 [-0.27942241 -0.3087695   0.3212305 ]
 [-0.14867305 -0.30840412  0.32159588]
 [ 0.00188241  0.30587875 -0.32412125]
 [-0.05394845  0.05056856 -0.57943144]
 [-0.15310546  0.30088156 -0.32911844]]","[1864. 2239.  932. 2046. 2247.  924. 2230. 2249.  922. 2083. 2080. 1091.
 2144. 2249.  922. 2147. 2244.  927.]","[1864. 2223.  938. 2061. 2228.  929. 2223. 2249.  922. 2036. 2083. 1089.
 2123. 2234.  922. 2154. 2239.  930.]","[-1.7034e+01  4.5810e+00  6.8198e+01  1.8310e-01  6.1000e-02 -1.8310e-01
 -8.1500e-02 -2.6950e-01  9.6830e-01]",120
324,2,"[[ 0.27994973 -0.29355041  0.33644959]
 [-0.28194051 -0.30842673  0.32157327]
 [-0.15492955 -0.30848478  0.32151522]
 [ 0.00860558  0.30600243 -0.32399757]
 [-0.07823605  0.05151716 -0.57848284]
 [-0.14814932  0.30103946 -0.32896054]]","[1865. 2239.  932. 2042. 2247.  924. 2231. 2249.  922. 2099. 2081. 1090.
 2148. 2249.  922. 2144. 2244.  927.]","[1866. 2223.  938. 2057. 2228.  929. 2226. 2249.  922. 2052. 2083. 1089.
 2128. 2234.  922. 2151. 2239.  930.]","[-1.7034e+01  4.5870e+00  6.8198e+01  0.0000e+00  6.1000e-02  0.0000e+00
 -8.8900e-02 -2.7440e-01  9.3650e-01]",120
325,2,"[[ 0.27808744 -0.2936797   0.3363203 ]
 [-0.28429785 -0.3080372   0.3219628 ]
 [-0.16109435 -0.30856321  0.32143679]
 [ 0.01531473  0.30612489 -0.32387511]
 [-0.10188652  0.05291384 -0.57708616]
 [-0.14314665  0.30119728 -0.32880272]]","[1866. 2239.  932. 2038. 2247.  924. 2233. 2248.  923. 2114. 2082. 1089.
 2153. 2249.  922. 2141. 2244.  927.]","[1867. 2223.  937. 2052. 2228.  929. 2227. 2249.  922. 2068. 2083. 1089.
 2131. 2234.  922. 2147. 2239.  929.]","[-1.7034e+01  4.5870e+00  6.8214e+01 -6.1000e-02 -6.1000e-02  3.6620e-01
 -8.6900e-02 -2.8270e-01  9.5750e-01]",120
326,2,"[[ 0.27615599 -0.29381087  0.33618913]
 [-0.2864927  -0.30760393  0.32239607]
 [-0.16716383 -0.30863936  0.32136064]
 [ 0.02200653  0.3062461  -0.3237539 ]
 [-0.12474301  0.05480206 -0.57519794]
 [-0.13809939  0.30135496 -0.32864504]]","[1867. 2239.  932. 2033. 2247.  924. 2234. 2248.  923. 2129. 2083. 1088.
 2156. 2249.  922. 2138. 2244.  927.]","[1869. 2223.  937. 2049. 2228.  929. 2229. 2249.  922. 2084. 2083. 1089.
 2136. 2235.  922. 2144. 2239.  930.]","[-1.7029e+01  4.5920e+00  6.8231e+01 -6.1000e-02  0.0000e+00  4.2720e-01
 -6.4000e-02 -2.9490e-01  9.5560e-01]",120
327,2,"[[ 0.27415585 -0.29394388  0.33605612]
 [-0.28852346 -0.30713009  0.32286991]
 [-0.17313447 -0.30871317  0.32128683]
 [ 0.02867769  0.30636601 -0.32363399]
 [-0.14665944  0.057226   -0.572774  ]
 [-0.13300947  0.30151246 -0.32848754]]","[1869. 2239.  932. 2029. 2247.  924. 2236. 2248.  923. 2143. 2085. 1086.
 2160. 2249.  922. 2134. 2244.  927.]","[1869. 2224.  936. 2044. 2228.  929. 2231. 2249.  923. 2100. 2084. 1089.
 2140. 2234.  922. 2141. 2239.  929.]","[-17.029    4.592   68.231    0.       0.       0.      -0.0732  -0.3071
   0.9507]",120
328,2,"[[ 0.27208753 -0.29407868  0.33592132]
 [-0.29038861 -0.30661899  0.32338101]
 [-0.1790028  -0.30878461  0.32121539]
 [ 0.03532495  0.30648455 -0.32351545]
 [-0.16750141  0.06023074 -0.56976926]
 [-0.12787884  0.30166974 -0.32833026]]","[1870. 2239.  932. 2024. 2247.  924. 2237. 2247.  924. 2157. 2087. 1084.
 2164. 2249.  922. 2131. 2244.  927.]","[1870. 2224.  937. 2041. 2228.  928. 2233. 2249.  922. 2115. 2084. 1087.
 2144. 2234.  922. 2137. 2239.  929.]","[-17.023    4.592   68.22     0.1221   0.1221  -0.6714  -0.0732  -0.2832
   0.9624]",120
329,2,"[[ 0.26995153 -0.29421522  0.33578478]
 [-0.29208675 -0.30607406  0.32392594]
 [-0.18476545 -0.30885362  0.32114638]
 [ 0.04194509  0.30660168 -0.32339832]
 [-0.18714693  0.06386222 -0.56613778]
 [-0.12270943  0.30182674 -0.32817326]]","[1872. 2239.  932. 2020. 2247.  924. 2238. 2247.  924. 2170. 2089. 1082.
 2168. 2249.  922. 2127. 2244.  927.]","[1871. 2224.  936. 2036. 2228.  929. 2234. 2249.  923. 2130. 2086. 1086.
 2148. 2234.  922. 2134. 2239.  929.]","[-17.018    4.587   68.192    0.1221   0.1831  -0.6714  -0.0811  -0.2803
   0.9463]",120
330,2,"[[ 0.26774838 -0.29435346  0.33564654]
 [-0.29361659 -0.30549881  0.32450119]
 [-0.19041911 -0.30892015  0.32107985]
 [ 0.04853495  0.30671734 -0.32328266]
 [-0.20548682  0.06816706 -0.56183294]
 [-0.11750319  0.30198341 -0.32801659]]","[1873. 2239.  932. 2016. 2247.  924. 2239. 2247.  924. 2181. 2092. 1079.
 2172. 2249.  922. 2124. 2244.  927.]","[1873. 2224.  936. 2032. 2228.  928. 2235. 2248.  923. 2144. 2087. 1084.
 2151. 2234.  923. 2131. 2239.  930.]","[-17.012    4.581   68.17     0.       0.1221  -0.3052  -0.1011  -0.2954
   0.9434]",120
331,2,"[[ 0.26547865 -0.29449335  0.33550665]
 [-0.29497694 -0.30489679  0.32510321]
 [-0.19596055 -0.30898417  0.32101583]
 [ 0.05509138  0.30683149 -0.32316851]
 [-0.22242508  0.0731923  -0.5568077 ]
 [-0.11226206  0.30213972 -0.32786028]]","[1874. 2239.  931. 2012. 2248.  923. 2240. 2246.  925. 2192. 2095. 1076.
 2175. 2249.  922. 2121. 2244.  927.]","[1875. 2224.  936. 2028. 2228.  929. 2236. 2248.  923. 2156. 2089. 1082.
 2156. 2235.  924. 2127. 2239.  929.]","[-1.7012e+01  4.5870e+00  6.8159e+01 -6.1000e-02  0.0000e+00  1.2210e-01
 -8.0100e-02 -3.0220e-01  9.5210e-01]",120
332,2,"[[ 0.26314288 -0.29463484  0.33536516]
 [-0.29616673 -0.30427163  0.32572837]
 [-0.20138666 -0.30904561  0.32095439]
 [ 0.06161131  0.30694408 -0.32305592]
 [-0.23787894  0.07898515 -0.55101485]
 [-0.10698798  0.30229561 -0.32770439]]","[1876. 2240.  931. 2007. 2248.  923. 2241. 2246.  925. 2203. 2099. 1072.
 2179. 2249.  922. 2117. 2245.  926.]","[1875. 2223.  935. 2023. 2228.  928. 2237. 2248.  924. 2170. 2092. 1079.
 2159. 2234.  924. 2123. 2239.  930.]","[-17.012    4.592   68.165    0.       0.       0.2441  -0.0684  -0.312
   0.9478]",120
333,2,"[[ 0.26074166 -0.29477789  0.33522211]
 [-0.297185   -0.30362695  0.32637305]
 [-0.20669438 -0.30910444  0.32089556]
 [ 0.06809168  0.30705505 -0.32294495]
 [-0.25177885  0.08559269 -0.54440731]
 [-0.1016829   0.30245103 -0.32754897]]","[1878. 2240.  931. 2003. 2248.  923. 2241. 2245.  926. 2212. 2103. 1068.
 2182. 2249.  922. 2114. 2245.  926.]","[1877. 2223.  935. 2019. 2228.  929. 2239. 2248.  924. 2181. 2095. 1076.
 2163. 2235.  924. 2120. 2239.  929.]","[-1.7012e+01  4.5920e+00  6.8176e+01  6.1000e-02  0.0000e+00  0.0000e+00
 -6.5900e-02 -3.0710e-01  9.5020e-01]",120
334,2,"[[ 0.25827559 -0.29492245  0.33507755]
 [-0.29803094 -0.30296638  0.32703362]
 [-0.21188074 -0.30916061  0.32083939]
 [ 0.07452949  0.30716435 -0.32283565]
 [-0.26406823  0.09306156 -0.53693844]
 [-0.09634875  0.30260594 -0.32739406]]","[1879. 2240.  931. 1999. 2248.  923. 2242. 2245.  926. 2220. 2108. 1063.
 2186. 2249.  922. 2110. 2245.  926.]","[1879. 2224.  935. 2016. 2228.  929. 2239. 2247.  924. 2192. 2098. 1073.
 2167. 2234.  924. 2117. 2239.  929.]","[-1.7012e+01  4.5920e+00  6.8170e+01  6.1000e-02  6.1000e-02 -2.4410e-01
 -8.3500e-02 -3.0420e-01  9.4970e-01]",120
335,2,"[[ 0.25574529 -0.29506846  0.33493154]
 [-0.298704   -0.30229354  0.32770646]
 [-0.21694288 -0.30921408  0.32078592]
 [ 0.08092179  0.30727193 -0.32272807]
 [-0.27470316  0.10143766 -0.52856234]
 [-0.09098748  0.30276028 -0.32723972]]","[1881. 2240.  931. 1995. 2248.  923. 2242. 2245.  926. 2227. 2114. 1057.
 2189. 2249.  922. 2107. 2245.  926.]","[1881. 2224.  934. 2012. 2228.  929. 2240. 2246.  923. 2201. 2103. 1069.
 2170. 2234.  924. 2113. 2239.  929.]","[-1.7012e+01  4.5920e+00  6.8159e+01  6.1000e-02  6.1000e-02 -2.4410e-01
 -8.7400e-02 -2.9590e-01  9.4140e-01]",120
336,2,"[[ 0.25315137 -0.29521588  0.33478412]
 [-0.2992049  -0.30161202  0.32838798]
 [-0.22187802 -0.30926481  0.32073519]
 [ 0.08726568  0.30737775 -0.32262225]
 [-0.28365195  0.11076584 -0.51923416]
 [-0.08560101  0.30291402 -0.32708598]]","[1882. 2240.  931. 1991. 2248.  923. 2243. 2244.  927. 2232. 2120. 1051.
 2192. 2249.  922. 2103. 2245.  926.]","[1883. 2223.  934. 2007. 2228.  928. 2240. 2246.  924. 2213. 2108. 1064.
 2174. 2234.  924. 2109. 2239.  929.]","[-1.7012e+01  4.5920e+00  6.8148e+01  0.0000e+00  6.1000e-02 -1.2210e-01
 -8.5000e-02 -2.9930e-01  9.5310e-01]",120
337,2,"[[ 0.25049449 -0.29536467  0.33463533]
 [-0.29954096 -0.30092536  0.32907464]
 [-0.22668348 -0.30931275  0.32068725]
 [ 0.0935583   0.30748176 -0.32251824]
 [-0.29089463  0.12108959 -0.50891041]
 [-0.08019127  0.3030671  -0.3269329 ]]","[1884. 2240.  931. 1987. 2248.  923. 2243. 2244.  927. 2237. 2126. 1045.
 2195. 2249.  922. 2100. 2245.  926.]","[1884. 2224.  933. 2004. 2228.  929. 2240. 2246.  925. 2219. 2113. 1060.
 2177. 2234.  924. 2106. 2239.  929.]","[-17.012    4.592   68.148    0.       0.       0.      -0.0713  -0.2979
   0.9502]",120
338,2,"[[ 0.24777531 -0.29551477  0.33448523]
 [-0.29966202 -0.30023697  0.32976303]
 [-0.23135668 -0.30935787  0.32064213]
 [ 0.09979685  0.30758389 -0.32241611]
 [-0.29642231  0.13245076 -0.49754924]
 [-0.07476021  0.30321947 -0.32678053]]","[1886. 2240.  931. 1982. 2248.  923. 2243. 2243.  928. 2241. 2134. 1037.
 2198. 2249.  922. 2096. 2245.  926.]","[1885. 2224.  934. 2000. 2228.  928. 2241. 2246.  926. 2225. 2117. 1053.
 2180. 2234.  924. 2103. 2239.  929.]","[-17.012    4.592   68.148    0.       0.       0.      -0.0771  -0.2988
   0.9482]",120
339,2,"[[ 0.2449945  -0.29566613  0.33433387]
 [-0.29833472 -0.29954936  0.33045064]
 [-0.23589511 -0.30940012  0.32059988]
 [ 0.10597857  0.30768412 -0.32231588]
 [-0.30023662  0.14488926 -0.48511074]
 [-0.06930972  0.30337109 -0.32662891]]","[1888. 2240.  931. 1978. 2248.  923. 2242. 2243.  928. 2243. 2142. 1029.
 2201. 2249.  922. 2093. 2245.  926.]","[1887. 2224.  933. 1996. 2228.  929. 2241. 2245.  926. 2231. 2124. 1048.
 2183. 2234.  925. 2099. 2239.  929.]","[-17.012    4.592   68.148    0.       0.       0.      -0.0747  -0.2969
   0.9531]",120
340,2,"[[ 0.24215275 -0.2958187   0.3341813 ]
 [-0.2948802  -0.29886356  0.33113644]
 [-0.24029638 -0.30943946  0.32056054]
 [ 0.11210075  0.30778239 -0.32221761]
 [-0.30234858  0.15844277 -0.47155723]
 [-0.06384174  0.30352192 -0.32647808]]","[1890. 2240.  931. 1974. 2248.  923. 2240. 2242.  929. 2245. 2151. 1020.
 2204. 2249.  922. 2089. 2245.  926.]","[1890. 2224.  933. 1992. 2228.  929. 2241. 2245.  927. 2235. 2131. 1041.
 2186. 2234.  924. 2097. 2239.  929.]","[-1.7012e+01  4.5920e+00  6.8143e+01  6.1000e-02  0.0000e+00 -6.1000e-02
 -7.6700e-02 -2.9300e-01  9.5070e-01]",120
341,2,"[[ 0.23925078 -0.29597245  0.33402755]
 [-0.28929765 -0.29818265  0.33181735]
 [-0.24455821 -0.30947586  0.32052414]
 [ 0.11816075  0.30787865 -0.32212135]
 [-0.30281522  0.17314631 -0.45685369]
 [-0.05835818  0.30367189 -0.32632811]]","[1892. 2240.  931. 1970. 2248.  923. 2236. 2242.  929. 2245. 2160. 1011.
 2207. 2249.  922. 2086. 2245.  926.]","[1892. 2224.  933. 1988. 2228.  929. 2241. 2244.  927. 2239. 2138. 1034.
 2190. 2234.  924. 2093. 2239.  929.]","[-17.012    4.592   68.143    0.       0.      -0.1221  -0.0854  -0.2949
   0.9502]",120
342,2,"[[ 0.2362893  -0.2961273   0.3338727 ]
 [-0.2816168  -0.29751009  0.33248991]
 [-0.2486784  -0.30950928  0.32049072]
 [ 0.12415596  0.30797286 -0.32202714]
 [-0.30267168  0.18888921 -0.44111079]
 [-0.05286093  0.30382097 -0.32617903]]","[1893. 2241.  930. 1967. 2248.  923. 2231. 2241.  930. 2245. 2171. 1000.
 2210. 2249.  922. 2082. 2246.  925.]","[1894. 2224.  933. 1984. 2227.  929. 2241. 2243.  928. 2242. 2147. 1025.
 2193. 2234.  924. 2090. 2239.  929.]","[-1.7012e+01  4.5920e+00  6.8137e+01  0.0000e+00  0.0000e+00 -6.1000e-02
 -8.2000e-02 -3.0030e-01  9.4580e-01]",120
343,2,"[[ 0.23326905 -0.29628323  0.33371677]
 [-0.2718946  -0.29684935  0.33315065]
 [-0.25265486 -0.30953969  0.32046031]
 [ 0.13008385  0.30806497 -0.32193503]
 [-0.30250523  0.20520939 -0.42479061]
 [-0.04735191  0.30396911 -0.32603089]]","[1895. 2241.  930. 1963. 2248.  923. 2225. 2241.  930. 2245. 2181.  990.
 2212. 2249.  922. 2078. 2246.  925.]","[1895. 2224.  933. 1980. 2228.  929. 2239. 2243.  928. 2243. 2156. 1017.
 2196. 2234.  924. 2086. 2239.  929.]","[-17.012    4.592   68.132    0.       0.      -0.1221  -0.0742  -0.2935
   0.957 ]",120
344,2,"[[ 0.23019078 -0.29644016  0.33355984]
 [-0.26020987 -0.29620383  0.33379617]
 [-0.25648561 -0.30956705  0.32043295]
 [ 0.13594193  0.30815493 -0.32184507]
 [-0.30230979  0.22220619 -0.40779381]
 [-0.04183299  0.30411627 -0.32588373]]","[1897. 2241.  930. 1959. 2248.  923. 2217. 2241.  930. 2245. 2192.  979.
 2215. 2249.  922. 2075. 2246.  925.]","[1897. 2223.  932. 1977. 2227.  929. 2234. 2243.  929. 2244. 2165. 1007.
 2199. 2234.  924. 2083. 2239.  929.]","[-1.7012e+01  4.5920e+00  6.8126e+01  0.0000e+00  6.1000e-02 -1.8310e-01
 -7.8600e-02 -2.9790e-01  9.4430e-01]",120
345,2,"[[ 0.22705526 -0.29659807  0.33340193]
 [-0.24666026 -0.2955769   0.3344231 ]
 [-0.26016875 -0.30959134  0.32040866]
 [ 0.14172777  0.30824271 -0.32175729]
 [-0.30207465  0.23992174 -0.39007826]
 [-0.03630607  0.30426238 -0.32573762]]","[1899. 2241.  930. 1955. 2248.  923. 2208. 2240.  931. 2244. 2204.  967.
 2217. 2249.  922. 2071. 2246.  925.]","[1899. 2224.  932. 1973. 2228.  929. 2228. 2243.  929. 2244. 2175.  997.
 2201. 2234.  925. 2079. 2239.  929.]","[-1.7018e+01  4.5920e+00  6.8121e+01  0.0000e+00  6.1000e-02  0.0000e+00
 -8.8400e-02 -3.0520e-01  9.5020e-01]",120
346,2,"[[ 0.22386326 -0.29675689  0.33324311]
 [-0.23135994 -0.29497185  0.33502815]
 [-0.26370251 -0.3096125   0.3203875 ]
 [ 0.14743898  0.30832825 -0.32167175]
 [-0.30179465  0.25835651 -0.37164349]
 [-0.03077302  0.30440742 -0.32559258]]","[1902. 2241.  930. 1951. 2248.  922. 2198. 2240.  931. 2244. 2216.  955.
 2219. 2249.  922. 2068. 2246.  925.]","[1901. 2224.  933. 1970. 2227.  929. 2221. 2243.  929. 2244. 2186.  986.
 2204. 2234.  924. 2076. 2239.  927.]","[-1.7018e+01  4.5980e+00  6.8121e+01  0.0000e+00  0.0000e+00  6.1000e-02
 -6.5900e-02 -2.9440e-01  9.5120e-01]",120
347,2,"[[ 0.22061558 -0.29691658  0.33308342]
 [-0.21443767 -0.29439187  0.33560813]
 [-0.26708521 -0.30963053  0.32036947]
 [ 0.15307325  0.30841152 -0.32158848]
 [-0.30146741  0.27750165 -0.35249835]
 [-0.0252357   0.30455133 -0.32544867]]","[1904. 2241.  930. 1948. 2249.  922. 2187. 2239.  932. 2244. 2228.  943.
 2222. 2249.  922. 2064. 2246.  925.]","[1902. 2224.  932. 1966. 2228.  929. 2214. 2242.  930. 2244. 2197.  975.
 2207. 2234.  925. 2072. 2239.  929.]","[-1.7018e+01  4.5980e+00  6.8115e+01  0.0000e+00  6.1000e-02 -2.4410e-01
 -7.6700e-02 -2.9930e-01  9.5460e-01]",120
348,2,"[[ 0.21731304 -0.29707709  0.33292291]
 [-0.19603486 -0.29384005  0.33615995]
 [-0.27031529 -0.30964539  0.32035461]
 [ 0.15862831  0.30849247 -0.32150753]
 [-0.30109184  0.29137598 -0.33862402]
 [-0.01969597  0.30469407 -0.32530593]]","[1906. 2241.  930. 1944. 2249.  922. 2175. 2239.  932. 2244. 2237.  934.
 2224. 2249.  922. 2060. 2246.  925.]","[1905. 2224.  932. 1963. 2228.  929. 2205. 2242.  930. 2244. 2204.  969.
 2209. 2234.  925. 2069. 2239.  929.]","[-1.7018e+01  4.5980e+00  6.8110e+01  6.1000e-02  0.0000e+00 -2.4410e-01
 -8.2500e-02 -2.9880e-01  9.4480e-01]",120
349,2,"[[ 0.21395644 -0.29723836  0.33276164]
 [-0.17630361 -0.29331934  0.33668066]
 [-0.27339128 -0.30965706  0.32034294]
 [ 0.16410197  0.30857106 -0.32142894]
 [-0.30066738  0.29145811 -0.33854189]
 [-0.01415569  0.30483559 -0.32516441]]","[1908. 2241.  930. 1941. 2249.  922. 2162. 2239.  932. 2244. 2238.  933.
 2226. 2249.  922. 2057. 2246.  925.]","[1907. 2224.  932. 1959. 2227.  929. 2195. 2241.  931. 2244. 2215.  957.
 2211. 2234.  925. 2064. 2239.  927.]","[-1.7018e+01  4.5920e+00  6.8099e+01  6.1000e-02  0.0000e+00 -1.8310e-01
 -7.3700e-02 -2.9100e-01  9.5070e-01]",120
350,2,"[[ 0.21054663 -0.29740034  0.33259966]
 [-0.1554047  -0.29283255  0.33716745]
 [-0.27631182 -0.30966557  0.32033443]
 [ 0.16949206  0.30864725 -0.32135275]
 [-0.30019369  0.29154294 -0.33845706]
 [-0.00861668  0.30497584 -0.32502416]]","[1910. 2241.  930. 1937. 2249.  922. 2149. 2238.  933. 2243. 2238.  933.
 2228. 2249.  922. 2053. 2246.  925.]","[1909. 2224.  932. 1956. 2228.  929. 2183. 2241.  930. 2244. 2222.  948.
 2213. 2234.  926. 2061. 2239.  927.]","[-1.7012e+01  4.5920e+00  6.8093e+01  6.1000e-02 -6.1000e-02 -1.2210e-01
 -7.4700e-02 -3.0420e-01  9.5700e-01]",120
351,2,"[[ 0.20708445 -0.297563    0.332437  ]
 [-0.13350557 -0.29238233  0.33761767]
 [-0.27907567 -0.30967111  0.32032889]
 [ 0.17479652  0.308721   -0.321279  ]
 [-0.29967051  0.29163043 -0.33836957]
 [-0.00308078  0.30511479 -0.32488521]]","[1913. 2241.  929. 1934. 2249.  922. 2135. 2238.  933. 2243. 2238.  933.
 2229. 2249.  922. 2050. 2246.  925.]","[1911. 2224.  932. 1952. 2227.  929. 2171. 2241.  931. 2244. 2227.  944.
 2216. 2234.  926. 2058. 2239.  927.]","[-17.012    4.587   68.093    0.       0.       0.      -0.0723  -0.2876
   0.9419]",120
352,2,"[[ 0.20357076 -0.29772627  0.33227373]
 [-0.11077827 -0.29197113  0.33802887]
 [-0.28168167 -0.30967401  0.32032599]
 [ 0.18001329  0.30879227 -0.32120773]
 [-0.29909765  0.29172053 -0.33827947]
 [ 0.0024502   0.30525239 -0.32474761]]","[1915. 2242.  929. 1930. 2249.  922. 2120. 2238.  933. 2242. 2238.  933.
 2231. 2249.  922. 2046. 2246.  924.]","[1913. 2223.  932. 1949. 2228.  929. 2159. 2240.  932. 2243. 2229.  941.
 2219. 2234.  927. 2055. 2239.  927.]","[-1.7012e+01  4.5810e+00  6.8088e+01  6.1000e-02 -2.4410e-01 -1.8310e-01
 -8.1500e-02 -3.0370e-01  9.6920e-01]",120
353,2,"[[ 0.20000644 -0.29789011  0.33210989]
 [-0.08739751 -0.29160124  0.33839876]
 [-0.28412879 -0.30966736  0.32033264]
 [ 0.18514043  0.30886102 -0.32113898]
 [-0.29847492  0.29181319 -0.33818681]
 [ 0.00797446  0.30538858 -0.32461142]]","[1917. 2242.  929. 1927. 2249.  922. 2104. 2238.  933. 2242. 2238.  933.
 2233. 2249.  922. 2042. 2247.  924.]","[1916. 2224.  932. 1945. 2228.  928. 2145. 2240.  932. 2243. 2231.  940.
 2220. 2233.  927. 2051. 2239.  927.]","[-1.7007e+01  4.5700e+00  6.8082e+01  1.2210e-01 -1.2210e-01 -2.4410e-01
 -6.5400e-02 -2.8320e-01  9.2720e-01]",120
354,2,"[[ 0.19639238 -0.29805446  0.33194554]
 [-0.06353875 -0.27202814  0.35797186]
 [-0.2864161  -0.30960308  0.32039692]
 [ 0.190176    0.30892722 -0.32107278]
 [-0.29780217  0.29190836 -0.33809164]
 [ 0.01349021  0.30552334 -0.32447666]]","[1919. 2242.  929. 1924. 2249.  922. 2089. 2225.  946. 2242. 2238.  933.
 2234. 2249.  922. 2039. 2247.  924.]","[1918. 2224.  932. 1942. 2227.  929. 2131. 2240.  932. 2242. 2231.  939.
 2222. 2234.  927. 2048. 2239.  927.]","[-1.7007e+01  4.5650e+00  6.8077e+01  6.1000e-02  0.0000e+00 -1.8310e-01
 -1.0300e-01 -3.0080e-01  9.6240e-01]",120
355,2,"[[ 0.19272947 -0.29821928  0.33178072]
 [-0.03937638 -0.20169352  0.42830648]
 [-0.28854278 -0.30946559  0.32053441]
 [ 0.19511816  0.30899083 -0.32100917]
 [-0.29707924  0.29200599 -0.33799401]
 [ 0.01899565  0.30565661 -0.32434339]]","[1922. 2242.  929. 1920. 2249.  922. 2073. 2179.  992. 2241. 2238.  933.
 2236. 2249.  922. 2035. 2247.  924.]","[1920. 2224.  932. 1940. 2228.  929. 2116. 2236.  936. 2242. 2232.  939.
 2224. 2233.  928. 2044. 2239.  926.]","[-17.001    4.565   68.071    0.       0.       0.1221  -0.0806  -0.3042
   0.9326]",120
356,2,"[[ 0.18901862 -0.29838451  0.33161549]
 [-0.0150821  -0.14305792  0.48694208]
 [-0.2905081  -0.30926852  0.32073148]
 [ 0.19996512  0.30905181 -0.32094819]
 [-0.296306    0.29210604 -0.33789396]
 [ 0.02448904  0.30578836 -0.32421164]]","[1924. 2242.  929. 1917. 2249.  922. 2057. 2141. 1030. 2241. 2238.  933.
 2237. 2249.  922. 2032. 2247.  924.]","[1922. 2224.  931. 1936. 2228.  929. 2102. 2220.  951. 2242. 2232.  938.
 2226. 2233.  927. 2041. 2239.  926.]","[-17.007    4.565   68.077    0.       0.       0.      -0.0737  -0.3159
   0.9565]",120
357,2,"[[ 0.18526076 -0.29855011  0.33144989]
 [ 0.00917664 -0.09645977  0.53354023]
 [-0.29231145 -0.30901542  0.32098458]
 [ 0.20471515  0.30911012 -0.32088988]
 [-0.29548233  0.29220846 -0.33779154]
 [ 0.02996861  0.30591854 -0.32408146]]","[1927. 2242.  929. 1914. 2249.  922. 2042. 2110. 1061. 2240. 2238.  933.
 2238. 2249.  922. 2028. 2247.  924.]","[1924. 2224.  931. 1933. 2228.  929. 2086. 2195.  976. 2242. 2232.  938.
 2227. 2233.  928. 2038. 2239.  927.]","[-1.7007e+01  4.5650e+00  6.8077e+01  6.1000e-02  0.0000e+00 -1.2210e-01
 -7.0300e-02 -3.1100e-01  9.4040e-01]",120
358,2,"[[ 0.18145682 -0.29871603  0.33128397]
 [ 0.03323797 -0.06217342  0.56782658]
 [-0.29395233 -0.30870893  0.32129107]
 [ 0.20936657  0.30916574 -0.32083426]
 [-0.2946081   0.29231319 -0.33768681]
 [ 0.03543263  0.3060471  -0.3239529 ]]","[1929. 2242.  929. 1911. 2249.  922. 2026. 2088. 1083. 2240. 2238.  933.
 2239. 2249.  922. 2024. 2247.  924.]","[1927. 2224.  931. 1930. 2228.  929. 2071. 2166. 1006. 2241. 2232.  938.
 2229. 2233.  928. 2036. 2239.  926.]","[-1.7007e+01  4.5650e+00  6.8071e+01  1.2210e-01  0.0000e+00 -6.1000e-02
 -8.6400e-02 -3.1300e-01  9.6240e-01]",120
359,2,"[[ 0.17760775 -0.29888221  0.33111779]
 [ 0.05694676 -0.04040723  0.58959277]
 [-0.29543033 -0.30835185  0.32164815]
 [ 0.21391776  0.30921864 -0.32078136]
 [-0.29368322  0.2924202  -0.3375798 ]
 [ 0.04087936  0.30617401 -0.32382599]]","[1932. 2242.  929. 1908. 2249.  922. 2010. 2074. 1097. 2239. 2238.  933.
 2240. 2249.  922. 2021. 2247.  924.]","[1929. 2223.  931. 1928. 2228.  929. 2055. 2138. 1033. 2241. 2232.  937.
 2230. 2233.  928. 2034. 2239.  926.]","[-1.7012e+01  4.5650e+00  6.8071e+01  6.1000e-02  0.0000e+00  0.0000e+00
 -7.2800e-02 -2.9000e-01  9.5070e-01]",120
360,2,"[[ 0.17371451 -0.29904861  0.33095139]
 [ 0.08015567 -0.03130348  0.59869652]
 [-0.29674515 -0.3079472   0.3220528 ]
 [ 0.21836719  0.30926877 -0.32073123]
 [-0.2927076   0.29252942 -0.33747058]
 [ 0.04630711  0.30629923 -0.32370077]]","[1934. 2242.  929. 1905. 2249.  922. 1995. 2068. 1103. 2238. 2238.  933.
 2241. 2248.  923. 2017. 2247.  924.]","[1932. 2224.  931. 1925. 2228.  929. 2040. 2115. 1057. 2240. 2232.  937.
 2231. 2233.  927. 2029. 2239.  926.]","[-17.007    4.565   68.066    0.1221   0.      -0.1831  -0.0903  -0.2891
   0.9487]",120
361,2,"[[ 0.16977806 -0.29921517  0.33078483]
 [ 0.10272592 -0.0353184   0.5946816 ]
 [-0.29789659 -0.30749818  0.32250182]
 [ 0.22271335  0.30931612 -0.32068388]
 [-0.29168115  0.29264082 -0.33735918]
 [ 0.05171416  0.30642271 -0.32357729]]","[1937. 2243.  928. 1902. 2249.  922. 1981. 2071. 1100. 2238. 2238.  933.
 2242. 2248.  923. 2014. 2247.  924.]","[1934. 2224.  931. 1922. 2228.  929. 2024. 2098. 1074. 2239. 2232.  938.
 2233. 2233.  928. 2026. 2239.  926.]","[-17.012    4.565   68.06     0.       0.       0.      -0.0825  -0.2847
   0.9458]",120
362,2,"[[ 0.16579938 -0.29938186  0.33061814]
 [ 0.12452799 -0.04128194  0.58871806]
 [-0.29888457 -0.3070082   0.3229918 ]
 [ 0.2269548   0.30936065 -0.32063935]
 [-0.29060382  0.29275433 -0.33724567]
 [ 0.05709885  0.30654441 -0.32345559]]","[1939. 2243.  928. 1900. 2249.  922. 1966. 2074. 1097. 2237. 2238.  933.
 2242. 2248.  923. 2010. 2247.  924.]","[1936. 2224.  931. 1919. 2227.  929. 2009. 2088. 1084. 2238. 2232.  937.
 2234. 2233.  928. 2021. 2239.  926.]","[-17.012    4.565   68.066    0.       0.       0.1221  -0.0693  -0.29
   0.9526]",120
363,2,"[[ 0.16177946 -0.29954861  0.33045139]
 [ 0.14544211 -0.04295943  0.58704057]
 [-0.29970911 -0.30648078  0.32351922]
 [ 0.23109019  0.30940233 -0.32059767]
 [-0.28947554  0.29286992 -0.33713008]
 [ 0.0624595   0.30666431 -0.32333569]]","[1942. 2243.  928. 1897. 2249.  922. 1953. 2076. 1095. 2236. 2238.  933.
 2243. 2247.  924. 2007. 2247.  924.]","[1939. 2224.  931. 1916. 2228.  929. 1993. 2083. 1090. 2237. 2233.  937.
 2235. 2233.  929. 2018. 2239.  926.]","[-17.012    4.57    68.066    0.       0.       0.      -0.0762  -0.2905
   0.9497]",120
364,2,"[[ 0.15771931 -0.29971538  0.33028462]
 [ 0.16535856 -0.04461894  0.58538106]
 [-0.30037046 -0.30591957  0.32408043]
 [ 0.23511819  0.30944114 -0.32055886]
 [-0.28829628  0.29298753 -0.33701247]
 [ 0.06779446  0.30678234 -0.32321766]]","[1945. 2243.  928. 1894. 2249.  922. 1940. 2077. 1094. 2235. 2238.  932.
 2243. 2247.  924. 2003. 2247.  923.]","[1942. 2225.  930. 1914. 2227.  929. 1979. 2079. 1092. 2237. 2233.  936.
 2236. 2233.  931. 2014. 2239.  926.]","[-1.7012e+01  4.5700e+00  6.8071e+01  0.0000e+00  0.0000e+00  6.1000e-02
 -8.5400e-02 -2.9350e-01  9.4970e-01]",120
365,2,"[[ 0.15361993 -0.29988213  0.33011787]
 [ 0.18417796 -0.04677996  0.58322004]
 [-0.30086985 -0.30532829  0.32467171]
 [ 0.23903754  0.30947704 -0.32052296]
 [-0.287066    0.29310712 -0.33689288]
 [ 0.07310211  0.30689849 -0.32310151]]","[1947. 2243.  928. 1892. 2249.  922. 1927. 2078. 1093. 2235. 2239.  932.
 2244. 2247.  924. 2000. 2248.  923.]","[1944. 2225.  931. 1910. 2227.  929. 1965. 2079. 1092. 2235. 2233.  935.
 2237. 2233.  931. 2010. 2239.  926.]","[-1.7012e+01  4.5700e+00  6.8082e+01 -6.1000e-02 -1.2210e-01  4.2720e-01
 -7.7100e-02 -2.9930e-01  9.4380e-01]",120
366,2,"[[ 0.14948234 -0.30004879  0.32995121]
 [ 0.20181124 -0.04954441  0.58045559]
 [-0.30121341 -0.30471073  0.32528927]
 [ 0.24284707  0.30951003 -0.32048997]
 [-0.28578469  0.29322863 -0.33677137]
 [ 0.07838083  0.3070127  -0.3229873 ]]","[1950. 2243.  928. 1889. 2249.  922. 1916. 2080. 1091. 2234. 2239.  932.
 2244. 2246.  925. 1996. 2248.  923.]","[1946. 2225.  930. 1908. 2228.  929. 1951. 2079. 1093. 2235. 2233.  935.
 2238. 2233.  930. 2007. 2239.  925.]","[-1.7012e+01  4.5760e+00  6.8104e+01 -6.1000e-02 -1.2210e-01  4.2720e-01
 -6.8800e-02 -3.0320e-01  9.5850e-01]",120
367,2,"[[ 0.14530757 -0.30021533  0.32978467]
 [ 0.21817974 -0.05296484  0.57703516]
 [-0.30139946 -0.30407066  0.32592934]
 [ 0.24654562  0.30954006 -0.32045994]
 [-0.28445233  0.29335202 -0.33664798]
 [ 0.08362901  0.30712495 -0.32287505]]","[1953. 2243.  928. 1887. 2249.  922. 1905. 2082. 1089. 2233. 2239.  932.
 2244. 2246.  925. 1993. 2248.  923.]","[1949. 2225.  930. 1905. 2228.  929. 1939. 2079. 1092. 2235. 2234.  935.
 2239. 2233.  931. 2004. 2239.  925.]","[-17.012    4.57    68.115    0.      -0.1221   0.1831  -0.0737  -0.2993
   0.9526]",120
368,2,"[[ 0.14109665 -0.30038169  0.32961831]
 [ 0.23321495 -0.05708777  0.57291223]
 [-0.30049881 -0.30341137  0.32658863]
 [ 0.25013213  0.30956712 -0.32043288]
 [-0.28306893  0.29347724 -0.33652276]
 [ 0.08884507  0.30723519 -0.32276481]]","[1956. 2243.  928. 1884. 2249.  922. 1895. 2085. 1086. 2232. 2239.  932.
 2243. 2245.  926. 1990. 2248.  923.]","[1952. 2225.  930. 1903. 2227.  929. 1927. 2081. 1090. 2234. 2233.  935.
 2240. 2233.  931. 2000. 2239.  925.]","[-1.7012e+01  4.5700e+00  6.8126e+01 -6.1000e-02 -6.1000e-02  1.8310e-01
 -8.5000e-02 -3.0130e-01  9.4430e-01]",120
369,2,"[[ 0.13685065 -0.30054783  0.32945217]
 [ 0.2468584  -0.06195892  0.56804108]
 [-0.29753574 -0.30273409  0.32726591]
 [ 0.25360557  0.30959119 -0.32040881]
 [-0.28163452  0.29360423 -0.33639577]
 [ 0.09402746  0.30734339 -0.32265661]]","[1958. 2243.  928. 1882. 2249.  922. 1887. 2088. 1083. 2231. 2239.  932.
 2241. 2245.  926. 1986. 2248.  923.]","[1955. 2225.  930. 1900. 2228.  929. 1915. 2083. 1088. 2232. 2234.  934.
 2240. 2233.  932. 1997. 2239.  925.]","[-17.018    4.565   68.132    0.      -0.1831   0.1831  -0.0825  -0.2969
   0.9521]",120
370,2,"[[ 0.13257061 -0.3007137   0.3292863 ]
 [ 0.25906135 -0.06762376  0.56237624]
 [-0.29251832 -0.30204137  0.32795863]
 [ 0.25696498  0.30961225 -0.32038775]
 [-0.28014912  0.29373296 -0.33626704]
 [ 0.09917462  0.30744951 -0.32255049]]","[1961. 2244.  927. 1880. 2249.  922. 1879. 2092. 1079. 2230. 2239.  932.
 2238. 2244.  927. 1983. 2248.  923.]","[1957. 2225.  930. 1898. 2228.  929. 1905. 2086. 1087. 2231. 2234.  934.
 2240. 2233.  933. 1993. 2239.  925.]","[-17.018    4.565   68.143    0.      -0.1221   0.1831  -0.0781  -0.2988
   0.9453]",120
371,2,"[[ 0.12825759 -0.30087925  0.32912075]
 [ 0.26978448 -0.07412744  0.55587256]
 [-0.28549135 -0.30133681  0.32866319]
 [ 0.26020947  0.30963027 -0.32036973]
 [-0.27861278  0.29386336 -0.33613664]
 [ 0.10428502  0.30755353 -0.32244647]]","[1964. 2244.  927. 1878. 2249.  922. 1872. 2096. 1075. 2229. 2239.  932.
 2234. 2244.  927. 1980. 2248.  923.]","[1960. 2225.  930. 1896. 2227.  929. 1896. 2088. 1083. 2230. 2234.  934.
 2240. 2232.  934. 1990. 2239.  925.]","[-1.7023e+01  4.5650e+00  6.8148e+01 -6.1000e-02 -1.2210e-01  1.2210e-01
 -7.6700e-02 -2.9490e-01  9.5850e-01]",120
372,2,"[[ 0.12391268 -0.30104443  0.32895557]
 [ 0.27899746 -0.08151445  0.54848555]
 [-0.27652434 -0.30062425  0.32937575]
 [ 0.2633382   0.30964525 -0.32035475]
 [-0.27702555  0.29399539 -0.33600461]
 [ 0.10935715  0.3076554  -0.3223446 ]]","[1967. 2244.  927. 1876. 2249.  922. 1866. 2101. 1070. 2228. 2239.  932.
 2228. 2243.  927. 1976. 2248.  923.]","[1962. 2225.  930. 1894. 2228.  929. 1887. 2092. 1080. 2229. 2234.  934.
 2239. 2232.  935. 1987. 2240.  925.]","[-1.7023e+01  4.5590e+00  6.8165e+01 -6.1000e-02 -1.8310e-01  3.0520e-01
 -8.0600e-02 -2.9790e-01  9.4340e-01]",120
373,2,"[[ 0.11953694 -0.3012092   0.3287908 ]
 [ 0.28667864 -0.08982842  0.54017158]
 [-0.26570514 -0.29990757  0.33009243]
 [ 0.26635037  0.30965718 -0.32034282]
 [-0.2753875   0.29412901 -0.33587099]
 [ 0.11438953  0.30775509 -0.32224491]]","[1970. 2244.  927. 1874. 2249.  922. 1861. 2106. 1065. 2227. 2239.  932.
 2221. 2243.  928. 1973. 2248.  923.]","[1965. 2225.  929. 1891. 2228.  929. 1879. 2096. 1076. 2228. 2234.  933.
 2239. 2232.  935. 1984. 2240.  925.]","[-17.029    4.559   68.181   -0.1221  -0.1221   0.3662  -0.0771  -0.3022
   0.9438]",120
374,2,"[[ 0.11513147 -0.3013735   0.3286265 ]
 [ 0.29281456 -0.09911182  0.53088818]
 [-0.25313635 -0.29919074  0.33080926]
 [ 0.26924525  0.30966607 -0.32033393]
 [-0.27369871  0.29426416 -0.33573584]
 [ 0.11938068  0.30785257 -0.32214743]]","[1972. 2244.  927. 1872. 2249.  922. 1857. 2112. 1059. 2226. 2239.  932.
 2213. 2243.  928. 1970. 2248.  923.]","[1968. 2225.  929. 1890. 2227.  929. 1872. 2100. 1072. 2228. 2234.  933.
 2234. 2232.  935. 1981. 2240.  925.]","[-17.034    4.559   68.192   -0.1221  -0.1221   0.2441  -0.0742  -0.3008
   0.958 ]",120
375,2,"[[ 0.11069737 -0.3015373   0.3284627 ]
 [ 0.29739956 -0.10940566  0.52059434]
 [-0.23893267 -0.29847772  0.33152228]
 [ 0.27202218  0.30967209 -0.32032791]
 [-0.27195928  0.2944008  -0.3355992 ]
 [ 0.12432915  0.3079478  -0.3220522 ]]","[1975. 2244.  927. 1870. 2249.  922. 1854. 2119. 1052. 2225. 2239.  932.
 2203. 2242.  929. 1966. 2248.  923.]","[1970. 2225.  929. 1887. 2228.  929. 1867. 2105. 1067. 2226. 2234.  933.
 2229. 2232.  935. 1977. 2240.  925.]","[-1.7040e+01  4.5540e+00  6.8203e+01 -6.1000e-02 -1.2210e-01  2.4410e-01
 -8.1500e-02 -3.0570e-01  9.4380e-01]",120
376,2,"[[ 0.10623574 -0.30170055  0.32829945]
 [ 0.3004353  -0.12074927  0.50925073]
 [-0.22321893 -0.29777247  0.33222753]
 [ 0.27468054  0.30967558 -0.32032442]
 [-0.27016932  0.29453887 -0.33546113]
 [ 0.12923351  0.30804076 -0.32195924]]","[1978. 2244.  927. 1868. 2249.  922. 1852. 2126. 1045. 2224. 2240.  931.
 2193. 2242.  929. 1963. 2248.  923.]","[1972. 2226.  929. 1885. 2227.  929. 1862. 2111. 1062. 2225. 2234.  933.
 2222. 2232.  935. 1974. 2240.  925.]","[-17.051    4.554   68.22    -0.3052  -0.1831   0.3662  -0.0879  -0.3086
   0.9424]",120
377,2,"[[ 0.10174768 -0.30186319  0.32813681]
 [ 0.30192853 -0.13318005  0.49681995]
 [-0.20612816 -0.29707894  0.33292106]
 [ 0.27721977  0.30967342 -0.32032658]
 [-0.26832893  0.29467834 -0.33532166]
 [ 0.13409234  0.30813142 -0.32186858]]","[1981. 2244.  927. 1867. 2249.  922. 1851. 2134. 1037. 2222. 2240.  931.
 2182. 2241.  930. 1960. 2248.  923.]","[1973. 2227.  930. 1883. 2228.  929. 1858. 2116. 1055. 2224. 2235.  932.
 2214. 2232.  935. 1971. 2241.  924.]","[-17.067    4.554   68.253   -0.4272  -0.2441   0.7935  -0.0796  -0.3164
   0.9478]",120
378,2,"[[ 0.09723431 -0.30202519  0.32797481]
 [ 0.30204171 -0.14673129  0.48326871]
 [-0.18779991 -0.29640101  0.33359899]
 [ 0.27963936  0.30962811 -0.32037189]
 [-0.26643827  0.29481914 -0.33518086]
 [ 0.13890425  0.30821974 -0.32178026]]","[1984. 2244.  927. 1865. 2249.  922. 1851. 2143. 1028. 2221. 2240.  931.
 2170. 2241.  930. 1957. 2248.  923.]","[1973. 2227.  929. 1880. 2228.  929. 1855. 2123. 1049. 2223. 2235.  931.
 2206. 2232.  935. 1968. 2241.  924.]","[-17.084    4.559   68.313   -0.3662  -0.3662   1.4648  -0.0762  -0.3208
   0.9517]",120
379,2,"[[ 0.09269676 -0.3021865   0.3278135 ]
 [ 0.30188167 -0.16116907  0.46883093]
 [-0.16837855 -0.29574248  0.33425752]
 [ 0.28193886  0.30950627 -0.32049373]
 [-0.26449747  0.29496123 -0.33503877]
 [ 0.14366787  0.3083057  -0.3216943 ]]","[1987. 2244.  926. 1864. 2249.  922. 1851. 2153. 1018. 2220. 2240.  931.
 2157. 2240.  931. 1954. 2248.  922.]","[1974. 2227.  929. 1879. 2228.  929. 1853. 2130. 1041. 2221. 2236.  931.
 2196. 2232.  935. 1964. 2242.  923.]","[-1.7106e+01  4.5590e+00  6.8401e+01 -4.8830e-01 -6.1040e-01  2.1362e+00
 -6.2500e-02 -3.1690e-01  9.4380e-01]",120
380,2,"[[ 0.08813616 -0.30234707  0.32765293]
 [ 0.30174235 -0.1761813   0.4538187 ]
 [-0.14801169 -0.29510706  0.33489294]
 [ 0.28411789  0.30932456 -0.32067544]
 [-0.26250669  0.29510457 -0.33489543]
 [ 0.14838185  0.30838926 -0.32161074]]","[1990. 2245.  926. 1862. 2249.  922. 1851. 2162. 1009. 2219. 2240.  931.
 2144. 2240.  931. 1951. 2249.  922.]","[1977. 2228.  929. 1877. 2228.  929. 1852. 2139. 1032. 2220. 2236.  930.
 2186. 2232.  935. 1962. 2242.  921.]","[-1.7122e+01  4.5590e+00  6.8511e+01 -3.6620e-01 -7.9350e-01  2.5024e+00
 -5.8100e-02 -3.0570e-01  9.4970e-01]",120
381,2,"[[ 0.08355363 -0.30250686  0.32749314]
 [ 0.30160294 -0.19189737  0.43810263]
 [-0.12684872 -0.29449834  0.33550166]
 [ 0.28617609  0.30908709 -0.32091291]
 [-0.2604661   0.29524911 -0.33475089]
 [ 0.15304486  0.30847041 -0.32152959]]","[1993. 2245.  926. 1861. 2249.  922. 1851. 2173.  998. 2217. 2240.  931.
 2130. 2239.  931. 1948. 2249.  922.]","[1979. 2227.  929. 1875. 2228.  929. 1852. 2148. 1024. 2219. 2236.  929.
 2175. 2231.  936. 1958. 2243.  919.]","[-1.7133e+01  4.5540e+00  6.8632e+01 -3.6620e-01 -9.1550e-01  2.8687e+00
 -5.9600e-02 -2.9490e-01  9.4820e-01]",120
382,2,"[[ 0.07895033 -0.30266583  0.32733417]
 [ 0.30144914 -0.20834729  0.42165271]
 [-0.10503945 -0.29391977  0.33608023]
 [ 0.28811317  0.30879654 -0.32120346]
 [-0.25837589  0.29539479 -0.33460521]
 [ 0.15765558  0.3085491  -0.3214509 ]]","[1996. 2245.  926. 1860. 2249.  922. 1851. 2183.  988. 2216. 2240.  931.
 2116. 2239.  932. 1945. 2249.  922.]","[1981. 2228.  930. 1873. 2228.  929. 1852. 2157. 1015. 2218. 2236.  929.
 2163. 2231.  935. 1956. 2244.  919.]","[-17.139    4.543   68.747   -0.3052  -0.9766   2.6855  -0.0825  -0.2783
   0.9614]",120
383,2,"[[ 0.07432738 -0.30282392  0.32717608]
 [ 0.3012736  -0.22552718  0.40447282]
 [-0.0827328  -0.2933746   0.3366254 ]
 [ 0.28992891  0.30845562 -0.32154438]
 [-0.25623626  0.29554158 -0.33445842]
 [ 0.16221273  0.30862532 -0.32137468]]","[1999. 2245.  926. 1858. 2249.  922. 1851. 2195.  976. 2215. 2240.  931.
 2101. 2239.  932. 1942. 2249.  922.]","[1983. 2228.  930. 1871. 2228.  929. 1851. 2167. 1005. 2216. 2236.  929.
 2150. 2231.  935. 1953. 2245.  919.]","[-17.139    4.537   68.851   -0.3052  -0.8545   2.4414  -0.0918  -0.2598
   0.9541]",120
384,2,"[[ 0.06968595 -0.3029811   0.3270189 ]
 [ 0.30107264 -0.24342545  0.38657455]
 [-0.06007569 -0.29286594  0.33713406]
 [ 0.29162313  0.30806728 -0.32193272]
 [-0.25404742  0.29568942 -0.33431058]
 [ 0.16671505  0.30869905 -0.32130095]]","[2002. 2245.  926. 1857. 2248.  923. 1851. 2206.  965. 2213. 2240.  931.
 2087. 2238.  933. 1939. 2249.  922.]","[1986. 2228.  930. 1869. 2228.  929. 1851. 2177.  995. 2215. 2236.  929.
 2138. 2231.  935. 1950. 2245.  919.]","[-17.15     4.537   68.928   -0.5493  -0.6104   1.8311  -0.0903  -0.2622
   0.9624]",120
385,2,"[[ 0.06502719 -0.30313733  0.32686267]
 [ 0.30084436 -0.26202851  0.36797149]
 [-0.03721205 -0.29239666  0.33760334]
 [ 0.29319568  0.30763464 -0.32236536]
 [-0.25180959  0.29583827 -0.33416173]
 [ 0.17116129  0.30877025 -0.32122975]]","[2005. 2245.  926. 1856. 2248.  923. 1851. 2218.  953. 2212. 2240.  931.
 2072. 2238.  933. 1936. 2249.  922.]","[1990. 2228.  930. 1867. 2228.  929. 1851. 2191.  980. 2213. 2236.  929.
 2120. 2231.  935. 1945. 2246.  919.]","[-1.7161e+01  4.5320e+00  6.8972e+01 -5.4930e-01 -3.0520e-01  9.7660e-01
 -6.3500e-02 -2.5780e-01  9.5460e-01]",120
386,2,"[[ 0.06035225 -0.30329255  0.32670745]
 [ 0.30058776 -0.28132218  0.34867782]
 [-0.01428188 -0.29196942  0.33803058]
 [ 0.29464648  0.30716099 -0.32283901]
 [-0.249523    0.29598808 -0.33401192]
 [ 0.17555022  0.3088389  -0.3211611 ]]","[2008. 2245.  926. 1855. 2248.  923. 1852. 2231.  940. 2210. 2240.  931.
 2057. 2238.  933. 1933. 2249.  922.]","[1992. 2227.  930. 1866. 2227.  929. 1852. 2199.  973. 2212. 2236.  929.
 2111. 2231.  935. 1943. 2246.  919.]","[-1.7166e+01  4.5320e+00  6.8978e+01 -4.8830e-01 -1.2210e-01  6.1000e-02
 -7.7600e-02 -2.7050e-01  9.5750e-01]",120
387,2,"[[ 0.0556623  -0.30344673  0.32655327]
 [ 0.30030223 -0.29139176  0.33860824]
 [ 0.00857947 -0.29158663  0.33841337]
 [ 0.29597552  0.30664976 -0.32335024]
 [-0.24718792  0.2961388  -0.3338612 ]
 [ 0.17988066  0.30890499 -0.32109501]]","[2011. 2245.  926. 1855. 2247.  924. 1852. 2237.  934. 2209. 2241.  930.
 2042. 2238.  933. 1930. 2249.  922.]","[1994. 2227.  930. 1864. 2228.  929. 1851. 2211.  961. 2211. 2236.  929.
 2097. 2231.  935. 1940. 2246.  919.]","[-1.7172e+01  4.5320e+00  6.8972e+01 -4.2720e-01  0.0000e+00 -6.1000e-02
 -9.2300e-02 -2.9790e-01  9.4870e-01]",120
388,2,"[[ 0.05095851 -0.30359983  0.32640017]
 [ 0.29998733 -0.29147429  0.33852571]
 [ 0.03124195 -0.26596889  0.36403111]
 [ 0.2971828   0.30610447 -0.32389553]
 [-0.24480461  0.29629039 -0.33370961]
 [ 0.18415141  0.30896848 -0.32103152]]","[2014. 2245.  926. 1854. 2247.  924. 1852. 2238.  933. 2207. 2241.  930.
 2027. 2221.  950. 1927. 2249.  922.]","[1997. 2227.  930. 1863. 2228.  929. 1852. 2221.  951. 2209. 2236.  929.
 2082. 2231.  935. 1937. 2246.  919.]","[-1.7177e+01  4.5320e+00  6.8972e+01 -3.0520e-01  0.0000e+00  0.0000e+00
 -6.7400e-02 -3.1300e-01  9.5120e-01]",120
389,2,"[[ 0.04624205 -0.30375181  0.32624819]
 [ 0.29964272 -0.2915594   0.3384406 ]
 [ 0.05358134 -0.19405589  0.43594411]
 [ 0.2982684   0.30552872 -0.32447128]
 [-0.24237333  0.2964428  -0.3335572 ]
 [ 0.18836132  0.30902936 -0.32097064]]","[2017. 2246.  925. 1853. 2247.  924. 1852. 2238.  933. 2206. 2241.  930.
 2013. 2174.  997. 1925. 2249.  922.]","[2000. 2228.  930. 1862. 2228.  929. 1851. 2229.  944. 2207. 2237.  929.
 2067. 2227.  938. 1934. 2246.  919.]","[-17.183    4.526   68.961   -0.1831   0.      -0.2441  -0.0742  -0.3213
   0.9453]",120
390,2,"[[ 0.04151408 -0.30390261  0.32609739]
 [ 0.2992681  -0.29164705  0.33835295]
 [ 0.07547966 -0.13467515  0.49532485]
 [ 0.29923244  0.30492616 -0.32507384]
 [-0.23989439  0.29659599 -0.33340401]
 [ 0.19250927  0.30908761 -0.32091239]]","[2020. 2246.  925. 1852. 2246.  925. 1852. 2238.  933. 2204. 2241.  930.
 1998. 2135. 1036. 1922. 2249.  922.]","[2003. 2227.  930. 1860. 2228.  929. 1851. 2232.  943. 2206. 2237.  928.
 2053. 2211.  950. 1932. 2247.  919.]","[-17.183    4.526   68.95    -0.1221   0.      -0.3662  -0.0845  -0.314
   0.9434]",120
391,2,"[[ 0.03677578 -0.30405221  0.32594779]
 [ 0.29886318 -0.29173718  0.33826282]
 [ 0.09682551 -0.08815845  0.54184155]
 [ 0.30007508  0.30430048 -0.32569952]
 [-0.23736808  0.2967499  -0.3332501 ]
 [ 0.19659413  0.30914321 -0.32085679]]","[2024. 2246.  925. 1852. 2246.  925. 1853. 2238.  933. 2202. 2241.  930.
 1984. 2105. 1066. 1919. 2249.  922.]","[2007. 2227.  930. 1859. 2229.  929. 1852. 2229.  940. 2205. 2238.  929.
 2036. 2188.  975. 1929. 2246.  919.]","[-1.7188e+01  4.5260e+00  6.8945e+01  0.0000e+00  0.0000e+00 -6.1000e-02
 -9.0300e-02 -3.2030e-01  9.6290e-01]",120
392,2,"[[ 0.03202834 -0.30420055  0.32579945]
 [ 0.29842769 -0.29182972  0.33817028]
 [ 0.11751427 -0.05476355  0.57523645]
 [ 0.30079655  0.30365536 -0.32634464]
 [-0.23479472  0.2969045  -0.3330955 ]
 [ 0.20061484  0.30919613 -0.32080387]]","[2027. 2246.  925. 1851. 2245.  926. 1853. 2238.  933. 2201. 2241.  930.
 1971. 2083. 1088. 1917. 2249.  922.]","[2012. 2227.  931. 1857. 2229.  929. 1852. 2229.  939. 2204. 2240.  929.
 2020. 2167. 1004. 1928. 2246.  918.]","[-1.7062e+01  4.4930e+00  6.8945e+01  6.8970e+00 -1.5259e+00 -7.3240e-01
 -2.7300e-02 -2.5200e-01  1.0039e+00]",120
393,2,"[[ 0.02727294 -0.30434761  0.32565239]
 [ 0.29796134 -0.29192462  0.33807538]
 [ 0.13744827 -0.03467284  0.59532716]
 [ 0.30139717  0.30299448 -0.32700552]
 [-0.23217464  0.29705974 -0.33294026]
 [ 0.20457031  0.30924637 -0.32075363]]","[2030. 2246.  925. 1851. 2245.  926. 1853. 2238.  933. 2199. 2241.  930.
 1958. 2070. 1101. 1914. 2249.  922.]","[2018. 2227.  931. 1855. 2231.  929. 1853. 2228.  938. 2202. 2239.  929.
 2002. 2140. 1033. 1925. 2244.  920.]","[-16.76     4.422   68.923    9.1553  -0.9155  -1.8921  -0.1201  -0.2803
   0.9897]",120
394,2,"[[ 0.02251075 -0.30449335  0.32550665]
 [ 0.29746388 -0.29202182  0.33797818]
 [ 0.15653688 -0.0279976   0.6020024 ]
 [ 0.30187761  0.30232149 -0.32767851]
 [-0.22950819  0.29721556 -0.33278444]
 [ 0.20845952  0.3092939  -0.3207061 ]]","[2033. 2246.  925. 1851. 2245.  926. 1854. 2238.  933. 2197. 2241.  930.
 1945. 2066. 1105. 1912. 2249.  922.]","[2024. 2228.  931. 1854. 2232.  930. 1853. 2228.  936. 2200. 2239.  930.
 1983. 2109. 1064. 1922. 2244.  922.]","[-16.408    4.367   68.84     7.8735   0.      -3.7231  -0.147   -0.3105
   0.938 ]",120
395,2,"[[ 0.01774296 -0.30463771  0.32536229]
 [ 0.29693504 -0.29212128  0.33787872]
 [ 0.1746965  -0.03474099  0.59525901]
 [ 0.30224     0.30164    -0.32836   ]
 [-0.22679571  0.29737194 -0.33262806]
 [ 0.21228144  0.30933871 -0.32066129]]","[2036. 2246.  925. 1850. 2244.  927. 1854. 2238.  933. 2195. 2241.  930.
 1934. 2070. 1101. 1909. 2249.  922.]","[2027. 2228.  931. 1853. 2232.  930. 1853. 2228.  935. 2199. 2240.  931.
 1973. 2098. 1076. 1921. 2244.  923.]","[-16.183    4.34    68.687    0.6104   1.1597  -4.3335  -0.167   -0.2871
   0.8135]",120
396,2,"[[ 0.01297076 -0.30478067  0.32521933]
 [ 0.29637456 -0.29222292  0.33777708]
 [ 0.19185057 -0.03883259  0.59116741]
 [ 0.30249188  0.30095353 -0.32904647]
 [-0.22403757  0.29752882 -0.33247118]
 [ 0.21603509  0.30938078 -0.32061922]]","[2039. 2246.  925. 1850. 2244.  927. 1854. 2238.  933. 2194. 2241.  930.
 1922. 2073. 1098. 1907. 2249.  922.]","[2030. 2228.  930. 1853. 2233.  930. 1853. 2228.  934. 2197. 2240.  931.
 1960. 2088. 1084. 1918. 2243.  923.]","[-16.21     4.362   68.527   -2.5635   1.0376  -2.0752  -0.0986  -0.2637
   1.0112]",120
397,2,"[[ 0.00819533 -0.30492218  0.32507782]
 [ 0.2957822  -0.2923267   0.3376733 ]
 [ 0.20792946 -0.04098002  0.58901998]
 [ 0.30260492  0.30026549 -0.32973451]
 [-0.22123416  0.29768615 -0.33231385]
 [ 0.21971949  0.30942011 -0.32057989]]","[2042. 2246.  925. 1850. 2243.  928. 1855. 2238.  933. 2192. 2242.  929.
 1912. 2074. 1097. 1904. 2249.  922.]","[2033. 2229.  929. 1852. 2233.  930. 1854. 2228.  935. 2195. 2240.  930.
 1947. 2082. 1089. 1915. 2244.  924.]","[-1.6287e+01  4.3950e+00  6.8461e+01  7.3240e-01  4.2720e-01  6.1000e-02
 -1.8600e-02 -2.9250e-01  9.7950e-01]",120
398,2,"[[ 0.00341786 -0.30506222  0.32493778]
 [ 0.29515768 -0.29243257  0.33756743]
 [ 0.22287038 -0.04345922  0.58654078]
 [ 0.301532    0.29957855 -0.33042145]
 [-0.21838588  0.2978439  -0.3321561 ]
 [ 0.22333371  0.30945666 -0.32054334]]","[2045. 2246.  925. 1851. 2243.  928. 1855. 2238.  933. 2190. 2242.  929.
 1902. 2076. 1095. 1902. 2249.  922.]","[2036. 2229.  929. 1851. 2232.  930. 1855. 2228.  934. 2193. 2240.  930.
 1935. 2080. 1093. 1913. 2244.  923.]","[-1.6254e+01  4.4220e+00  6.8467e+01  1.1597e+00  6.1000e-02  6.1040e-01
 -3.9000e-03 -3.2280e-01  9.1600e-01]",120
399,2,"[[-0.00136045 -0.30520073  0.32479927]
 [ 0.29450078 -0.29254045  0.33745955]
 [ 0.23661723 -0.04657509  0.58342491]
 [ 0.2985355   0.29889364 -0.33110636]
 [-0.21549312  0.29800202 -0.33199798]
 [ 0.22687681  0.30949045 -0.32050955]]","[2048. 2246.  925. 1853. 2242.  929. 1856. 2238.  933. 2188. 2242.  929.
 1893. 2078. 1093. 1900. 2249.  922.]","[2038. 2229.  930. 1851. 2233.  930. 1855. 2228.  934. 2192. 2240.  929.
 1923. 2079. 1094. 1910. 2244.  923.]","[-1.6232e+01  4.4270e+00  6.8483e+01 -7.3240e-01 -1.2210e-01  4.8830e-01
 -3.0300e-02 -3.0180e-01  9.3700e-01]",120
400,2,"[[-0.00613843 -0.30533769  0.32466231]
 [ 0.29381123 -0.29265031  0.33734969]
 [ 0.24912046 -0.05040569  0.57959431]
 [ 0.29365751  0.29821377 -0.33178623]
 [-0.21255631  0.29816047 -0.33183953]
 [ 0.2303479   0.30952144 -0.32047856]]","[2052. 2247.  924. 1856. 2242.  929. 1856. 2238.  933. 2186. 2242.  929.
 1885. 2080. 1091. 1897. 2249.  922.]","[2041. 2228.  930. 1852. 2233.  931. 1856. 2228.  935. 2190. 2240.  928.
 1910. 2079. 1093. 1907. 2244.  922.]","[-1.6265e+01  4.4220e+00  6.8511e+01 -2.4410e-01 -3.6620e-01  6.7140e-01
 -6.2500e-02 -2.8220e-01  9.7460e-01]",120
401,2,"[[-0.01091488 -0.30547306  0.32452694]
 [ 0.29308882 -0.29276209  0.33723791]
 [ 0.26033691 -0.05500057  0.57499943]
 [ 0.2869564   0.29754239 -0.33245761]
 [-0.20957588  0.29831919 -0.33168081]
 [ 0.23374611  0.30954963 -0.32045037]]","[2055. 2247.  924. 1860. 2241.  930. 1856. 2238.  933. 2184. 2242.  929.
 1878. 2083. 1088. 1895. 2249.  922.]","[2042. 2229.  930. 1852. 2233.  931. 1856. 2228.  934. 2189. 2240.  928.
 1903. 2079. 1092. 1906. 2244.  921.]","[-16.271    4.406   68.544    0.6104  -0.3662   0.9155  -0.083   -0.2896
   0.9448]",120
402,2,"[[-0.01568862 -0.30560681  0.32439319]
 [ 0.29233329 -0.29287573  0.33712427]
 [ 0.27022958 -0.06040509  0.56959491]
 [ 0.2785062   0.29688295 -0.33311705]
 [-0.20655228  0.29847816 -0.33152184]
 [ 0.2370706   0.30957502 -0.32042498]]","[2058. 2247.  924. 1866. 2241.  930. 1857. 2238.  933. 2182. 2242.  929.
 1871. 2087. 1084. 1893. 2249.  922.]","[2045. 2228.  930. 1852. 2233.  931. 1856. 2228.  934. 2186. 2240.  928.
 1895. 2081. 1090. 1903. 2244.  922.]","[-16.26     4.4     68.582   -0.3052  -0.3052   0.7935  -0.1064  -0.2705
   0.939 ]",120
403,2,"[[-0.02045845 -0.30573889  0.32426111]
 [ 0.29154441 -0.29299118  0.33700882]
 [ 0.2787675  -0.0666635   0.5633365 ]
 [ 0.26839265  0.29623885 -0.33376115]
 [-0.20348596  0.29863732 -0.33136268]
 [ 0.24032053  0.30959759 -0.32040241]]","[2061. 2247.  924. 1873. 2241.  930. 1857. 2239.  932. 2180. 2242.  929.
 1866. 2091. 1080. 1891. 2249.  922.]","[2048. 2229.  930. 1855. 2233.  932. 1857. 2228.  934. 2184. 2240.  928.
 1886. 2083. 1088. 1901. 2243.  922.]","[-16.276    4.395   68.615   -0.5493  -0.1831   0.6104  -0.0874  -0.2622
   0.9722]",120
404,2,"[[-0.0252232  -0.30586927  0.32413073]
 [ 0.29072197 -0.29310838  0.33689162]
 [ 0.28592552 -0.0738193   0.5561807 ]
 [ 0.25671074  0.29561343 -0.33438657]
 [-0.2003774   0.29879664 -0.33120336]
 [ 0.24349511  0.30961734 -0.32038266]]","[2064. 2247.  924. 1880. 2240.  931. 1858. 2239.  932. 2178. 2242.  929.
 1861. 2096. 1075. 1889. 2249.  922.]","[2050. 2229.  930. 1860. 2233.  932. 1857. 2228.  934. 2183. 2240.  928.
 1879. 2087. 1085. 1899. 2244.  923.]","[-1.6293e+01  4.4000e+00  6.8632e+01  0.0000e+00  1.2210e-01 -6.1000e-02
 -6.8800e-02 -2.7540e-01  9.6240e-01]",120
405,2,"[[-0.02998167 -0.30599793  0.32400207]
 [ 0.28986574 -0.29322729  0.33677271]
 [ 0.29168415 -0.08191508  0.54808492]
 [ 0.24356292  0.29500991 -0.33499009]
 [-0.19722707  0.29895607 -0.33104393]
 [ 0.24659357  0.30963425 -0.32036575]]","[2067. 2247.  924. 1889. 2240.  931. 1859. 2239.  932. 2176. 2242.  929.
 1857. 2101. 1070. 1887. 2249.  922.]","[2053. 2229.  930. 1865. 2233.  933. 1858. 2228.  933. 2181. 2240.  929.
 1872. 2090. 1081. 1898. 2244.  923.]","[-16.293    4.406   68.621   -0.2441   0.4272  -0.9155  -0.0708  -0.2822
   0.9458]",120
406,2,"[[-0.03473268 -0.30612482  0.32387518]
 [ 0.28897551 -0.29334786  0.33665214]
 [ 0.29602934 -0.09099229  0.53900771]
 [ 0.22905769  0.29443145 -0.33556855]
 [-0.19403548  0.29911556 -0.33088444]
 [ 0.24961515  0.30964833 -0.32035167]]","[2070. 2247.  924. 1898. 2239.  932. 1859. 2239.  932. 2174. 2242.  928.
 1855. 2107. 1064. 1885. 2249.  922.]","[2057. 2229.  930. 1872. 2233.  934. 1858. 2228.  933. 2180. 2240.  929.
 1866. 2096. 1076. 1895. 2243.  923.]","[-1.6309e+01  4.4110e+00  6.8571e+01 -6.1040e-01  6.1040e-01 -1.3428e+00
 -6.8400e-02 -2.8960e-01  9.5260e-01]",120
407,2,"[[-0.03947506 -0.30624992  0.32375008]
 [ 0.28805106 -0.29347002  0.33652998]
 [ 0.29895239 -0.10109099  0.52890901]
 [ 0.2133083   0.29388104 -0.33611896]
 [-0.19080313  0.29927509 -0.33072491]
 [ 0.25255913  0.30965958 -0.32034042]]","[2073. 2247.  924. 1908. 2239.  932. 1860. 2239.  932. 2172. 2243.  928.
 1853. 2113. 1058. 1883. 2249.  922.]","[2059. 2229.  930. 1877. 2233.  934. 1859. 2228.  933. 2178. 2240.  929.
 1862. 2099. 1072. 1894. 2244.  923.]","[-16.337    4.417   68.511   -0.3052   0.5493  -1.4648  -0.0771  -0.3032
   0.9624]",120
408,2,"[[-0.04420762 -0.30637319  0.32362681]
 [ 0.28709219 -0.29359373  0.33640627]
 [ 0.30044849 -0.11224963  0.51775037]
 [ 0.19643162  0.29336156 -0.33663844]
 [-0.18753054  0.29943459 -0.33056541]
 [ 0.25542481  0.30966804 -0.32033196]]","[2076. 2247.  924. 1919. 2239.  932. 1860. 2239.  932. 2170. 2243.  928.
 1852. 2121. 1050. 1881. 2249.  922.]","[2062. 2229.  930. 1885. 2233.  934. 1860. 2228.  933. 2176. 2240.  929.
 1859. 2105. 1067. 1893. 2243.  924.]","[-1.6348e+01  4.4220e+00  6.8450e+01  6.1000e-02  4.2720e-01 -1.0986e+00
 -9.3300e-02 -3.0760e-01  9.5410e-01]",120
409,2,"[[-0.04892918 -0.3064946   0.3235054 ]
 [ 0.2860987  -0.29371895  0.33628105]
 [ 0.30060641 -0.12450371  0.50549629]
 [ 0.17854708  0.29287572 -0.33712428]
 [-0.18421825  0.29959405 -0.33040595]
 [ 0.25821151  0.30967386 -0.32032614]]","[2079. 2247.  924. 1931. 2238.  933. 1861. 2239.  932. 2168. 2243.  928.
 1852. 2129. 1042. 1879. 2249.  922.]","[2063. 2229.  929. 1894. 2233.  933. 1860. 2228.  933. 2174. 2240.  929.
 1857. 2111. 1061. 1891. 2243.  923.]","[-16.348    4.427   68.423    0.1831   0.1221  -0.1831  -0.0874  -0.2983
   0.9443]",120
410,2,"[[-0.05363857 -0.30661412  0.32338588]
 [ 0.28507039 -0.29384561  0.33615439]
 [ 0.30043597 -0.13768112  0.49231888]
 [ 0.1597757   0.29242605 -0.33757395]
 [-0.18086679  0.2997534  -0.3302466 ]
 [ 0.26091859  0.30967738 -0.32032262]]","[2082. 2247.  924. 1943. 2238.  933. 1862. 2239.  932. 2165. 2243.  928.
 1852. 2137. 1034. 1877. 2249.  922.]","[2066. 2230.  929. 1904. 2234.  934. 1861. 2228.  933. 2172. 2241.  929.
 1855. 2118. 1054. 1889. 2243.  924.]","[-1.6342e+01  4.4330e+00  6.8428e+01  3.0520e-01 -6.1000e-02  4.2720e-01
 -8.2500e-02 -2.8370e-01  9.6440e-01]",120
411,2,"[[-0.05833463 -0.30673172  0.32326828]
 [ 0.28400709 -0.29397368  0.33602632]
 [ 0.30031001 -0.15142913  0.47857087]
 [ 0.14023921  0.29201492 -0.33798508]
 [-0.17747673  0.29991262 -0.33008738]
 [ 0.26354541  0.30967591 -0.32032409]]","[2086. 2247.  924. 1956. 2238.  933. 1862. 2239.  932. 2163. 2243.  928.
 1852. 2146. 1025. 1876. 2249.  922.]","[2068. 2229.  929. 1916. 2233.  934. 1862. 2228.  933. 2170. 2240.  929.
 1854. 2125. 1047. 1888. 2243.  924.]","[-16.331    4.438   68.456    0.3662  -0.1831   0.7935  -0.0698  -0.2612
   0.9546]",120
412,2,"[[-0.06301617 -0.30684737  0.32315263]
 [ 0.28290859 -0.29410309  0.33589691]
 [ 0.30020444 -0.16588676  0.46411324]
 [ 0.12005926  0.29164445 -0.33835555]
 [-0.17404863  0.30007166 -0.32992834]
 [ 0.26609138  0.30963472 -0.32036528]]","[2089. 2248.  923. 1969. 2238.  933. 1863. 2239.  932. 2161. 2243.  928.
 1852. 2156. 1015. 1874. 2249.  922.]","[2071. 2230.  929. 1930. 2233.  934. 1863. 2228.  933. 2166. 2241.  929.
 1854. 2134. 1038. 1885. 2243.  924.]","[-1.6315e+01  4.4440e+00  6.8483e+01  2.4410e-01 -1.2210e-01  6.1040e-01
 -6.4900e-02 -2.4760e-01  9.6530e-01]",120
413,2,"[[-0.06768204 -0.30696103  0.32303897]
 [ 0.28177474 -0.29423381  0.33576619]
 [ 0.30010095 -0.18109381  0.44890619]
 [ 0.0993567   0.28250388 -0.34749612]
 [-0.17058308  0.30023048 -0.32976952]
 [ 0.26855592  0.30951776 -0.32048224]]","[2092. 2248.  923. 1983. 2232.  939. 1864. 2239.  932. 2159. 2243.  928.
 1852. 2166. 1005. 1872. 2249.  922.]","[2074. 2230.  929. 1942. 2233.  934. 1864. 2228.  933. 2164. 2241.  929.
 1854. 2143. 1029. 1883. 2243.  924.]","[-1.6304e+01  4.4440e+00  6.8505e+01  0.0000e+00  0.0000e+00  3.6620e-01
 -6.2000e-02 -2.4850e-01  9.5310e-01]",120
414,2,"[[-0.07233107 -0.30707269  0.32292731]
 [ 0.28060536 -0.29436578  0.33563422]
 [ 0.29998994 -0.19704771  0.43295229]
 [ 0.07825097  0.21162483 -0.41837517]
 [-0.16708066  0.30038904 -0.32961096]
 [ 0.27093848  0.30934191 -0.32065809]]","[2095. 2248.  923. 1996. 2185.  986. 1865. 2239.  932. 2156. 2243.  928.
 1852. 2176.  995. 1871. 2249.  922.]","[2077. 2230.  929. 1952. 2233.  935. 1864. 2228.  932. 2163. 2240.  929.
 1853. 2151. 1022. 1882. 2243.  924.]","[-1.6298e+01  4.4440e+00  6.8516e+01 -2.4410e-01  0.0000e+00  1.2210e-01
 -5.9100e-02 -2.5880e-01  9.6240e-01]",120
415,2,"[[-0.07696212 -0.30718231  0.32281769]
 [ 0.27940028 -0.29449896  0.33550104]
 [ 0.2998665  -0.21373591  0.41626409]
 [ 0.05685956  0.15219881 -0.47780119]
 [-0.16354198  0.3005473  -0.3294527 ]
 [ 0.27323854  0.30911145 -0.32088855]]","[2098. 2248.  923. 2010. 2147. 1024. 1865. 2239.  931. 2154. 2243.  928.
 1852. 2187.  984. 1869. 2249.  922.]","[2080. 2230.  930. 1966. 2223.  946. 1865. 2228.  931. 2159. 2240.  928.
 1853. 2160. 1012. 1880. 2243.  924.]","[-1.6304e+01  4.4440e+00  6.8516e+01 -4.2720e-01  0.0000e+00  0.0000e+00
 -6.4500e-02 -2.7930e-01  9.4970e-01]",120
416,2,"[[-0.08157402 -0.30728986  0.32271014]
 [ 0.27815936 -0.29463329  0.33536671]
 [ 0.29972812 -0.2311432   0.3988568 ]
 [ 0.03529749  0.10453618 -0.52546382]
 [-0.15996765  0.30070523 -0.32929477]
 [ 0.27545559  0.30882903 -0.32117097]]","[2101. 2248.  923. 2024. 2116. 1055. 1866. 2240.  931. 2152. 2244.  927.
 1852. 2198.  973. 1868. 2249.  922.]","[2083. 2230.  929. 1982. 2200.  971. 1866. 2228.  932. 2156. 2239.  929.
 1853. 2170. 1003. 1878. 2243.  924.]","[-16.315    4.444   68.522   -0.5493   0.1831   0.1221  -0.0908  -0.2861
   0.9331]",120
417,2,"[[-0.08616564 -0.30739533  0.32260467]
 [ 0.27688243 -0.29476874  0.33523126]
 [ 0.29957349 -0.24925355  0.38074645]
 [ 0.01367699  0.06888551 -0.56111449]
 [-0.15635831  0.30086278 -0.32913722]
 [ 0.27758916  0.3084973  -0.3215027 ]]","[2104. 2248.  923. 2039. 2092. 1079. 1867. 2240.  931. 2149. 2244.  927.
 1852. 2210.  961. 1867. 2249.  922.]","[2085. 2230.  928. 1999. 2172.  999. 1867. 2229.  929. 2154. 2239.  927.
 1853. 2177.  996. 1876. 2243.  924.]","[-16.353    4.482   68.533   -1.8311   1.2817   1.0986  -0.1035  -0.2485
   0.814 ]",120
418,2,"[[-0.09073582 -0.30749867  0.32250133]
 [ 0.27556937 -0.29490526  0.33509474]
 [ 0.2994019  -0.26805062  0.36194938]
 [-0.00789294  0.04543232 -0.58456768]
 [-0.15271458  0.30101991 -0.32898009]
 [ 0.2796388   0.30811911 -0.32188089]]","[2107. 2248.  923. 2053. 2077. 1094. 1868. 2240.  931. 2147. 2244.  927.
 1852. 2222.  949. 1865. 2248.  923.]","[2089. 2230.  927. 2011. 2144. 1027. 1867. 2230.  929. 2149. 2239.  927.
 1854. 2186.  985. 1873. 2244.  924.]","[-1.6458e+01  4.5590e+00  6.8571e+01 -3.9062e+00  1.7090e+00  1.6479e+00
 -4.0000e-02 -2.4800e-01  1.0015e+00]",120
419,2,"[[-0.09528343 -0.30759988  0.32240012]
 [ 0.27422003 -0.2950428   0.3349572 ]
 [ 0.29921294 -0.287518    0.342482  ]
 [-0.0293067   0.03429859 -0.59570141]
 [-0.14903712  0.30117659 -0.32882341]
 [ 0.28160409  0.3076975  -0.3223025 ]]","[2110. 2248.  923. 2067. 2070. 1101. 1869. 2240.  931. 2145. 2244.  927.
 1852. 2235.  936. 1864. 2248.  923.]","[2092. 2230.  928. 2025. 2120. 1051. 1869. 2230.  929. 2147. 2239.  926.
 1854. 2196.  975. 1871. 2243.  924.]","[-16.595    4.609   68.593   -3.7231   0.6104   0.2441  -0.0811  -0.251
   1.1553]",120
420,2,"[[-0.09980735 -0.30769891  0.32230109]
 [ 0.27283429 -0.29518131  0.33481869]
 [ 0.29900634 -0.29141715  0.33858285]
 [-0.05046242  0.03575052 -0.59424948]
 [-0.14532659  0.30133278 -0.32866722]
 [ 0.28348462  0.3072356  -0.3227644 ]]","[2113. 2248.  923. 2080. 2071. 1100. 1870. 2240.  931. 2142. 2244.  927.
 1853. 2237.  933. 1863. 2248.  923.]","[2097. 2230.  927. 2040. 2101. 1070. 1870. 2232.  930. 2146. 2238.  926.
 1853. 2206.  964. 1870. 2244.  925.]","[-16.666    4.614   68.593   -0.9155  -0.1831  -0.3052  -0.1006  -0.2607
   0.9131]",120
421,2,"[[-0.10430644 -0.30779575  0.32220425]
 [ 0.27141202 -0.29532076  0.33467924]
 [ 0.29878191 -0.29150018  0.33849982]
 [-0.07126204  0.04253486 -0.58746514]
 [-0.14158365  0.30148844 -0.32851156]
 [ 0.28528001  0.30673672 -0.32326328]]","[2115. 2248.  923. 2094. 2075. 1096. 1871. 2240.  931. 2140. 2244.  927.
 1853. 2238.  933. 1862. 2247.  924.]","[2100. 2230.  927. 2055. 2090. 1082. 1870. 2234.  930. 2144. 2238.  927.
 1854. 2213.  957. 1868. 2243.  925.]","[-16.694    4.614   68.577   -1.0986   0.4883  -0.5493  -0.1123  -0.3394
   0.834 ]",120
422,2,"[[-0.10877959 -0.30789038  0.32210962]
 [ 0.26995311 -0.29546109  0.33453891]
 [ 0.29853949 -0.2915857   0.3384143 ]
 [-0.09161156  0.04389471 -0.58610529]
 [-0.13780899  0.30164353 -0.32835647]
 [ 0.28698993  0.30620421 -0.32379579]]","[2118. 2248.  923. 2107. 2076. 1095. 1872. 2240.  931. 2137. 2244.  927.
 1853. 2238.  933. 1860. 2247.  924.]","[2105. 2230.  926. 2068. 2084. 1088. 1870. 2235.  930. 2141. 2237.  928.
 1854. 2217.  951. 1867. 2243.  926.]","[-16.809    4.658   68.527   -5.127    2.0142  -1.2207  -0.0728  -0.2915
   0.9629]",120
423,2,"[[-0.11322568 -0.30798276  0.32201724]
 [ 0.26845746 -0.29560227  0.33439773]
 [ 0.29827894 -0.29167364  0.33832636]
 [-0.11142103  0.04497964 -0.58502036]
 [-0.1340033   0.30179802 -0.32820198]
 [ 0.28861404  0.30564151 -0.32435849]]","[2121. 2248.  923. 2120. 2077. 1094. 1872. 2240.  931. 2135. 2244.  927.
 1853. 2238.  933. 1859. 2247.  924.]","[2108. 2230.  926. 2083. 2081. 1091. 1871. 2237.  929. 2140. 2236.  929.
 1854. 2221.  947. 1865. 2244.  925.]","[-16.99     4.719   68.423   -3.8452   2.2583  -2.7466  -0.082   -0.3047
   0.9658]",120
424,2,"[[-0.11764362 -0.30807288  0.32192712]
 [ 0.26692497 -0.29574425  0.33425575]
 [ 0.29800012 -0.29176394  0.33823606]
 [-0.13060471  0.0464181  -0.5835819 ]
 [-0.13016729  0.30195187 -0.32804813]
 [ 0.29015204  0.3050521  -0.3249479 ]]","[2124. 2248.  923. 2133. 2078. 1093. 1873. 2240.  931. 2132. 2244.  927.
 1853. 2238.  933. 1858. 2246.  925.]","[2113. 2230.  925. 2095. 2080. 1092. 1872. 2238.  930. 2138. 2235.  929.
 1855. 2223.  945. 1863. 2244.  926.]","[-17.139    4.768   68.269   -3.1738   2.1973  -3.8452  -0.0908  -0.3354
   0.9429]",120
425,2,"[[-0.12203229 -0.30816072  0.32183928]
 [ 0.26535554 -0.29588699  0.33411301]
 [ 0.2977029  -0.29185652  0.33814348]
 [-0.14908107  0.0483224  -0.5816776 ]
 [-0.12630166  0.30210504 -0.32789496]
 [ 0.29160367  0.30443947 -0.32556053]]","[2127. 2248.  923. 2145. 2079. 1092. 1875. 2240.  931. 2130. 2244.  927.
 1853. 2238.  933. 1857. 2246.  925.]","[2116. 2230.  921. 2113. 2080. 1092. 1872. 2238.  930. 2136. 2234.  929.
 1855. 2224.  942. 1861. 2244.  926.]","[-17.249    4.801   68.093   -2.2583   2.0752  -3.9673  -0.1289  -0.3452
   0.9326]",120
426,2,"[[-0.12639061 -0.30824626  0.32175374]
 [ 0.26374911 -0.29603044  0.33396956]
 [ 0.29738713 -0.29195134  0.33804866]
 [-0.16677287  0.0507412  -0.5792588 ]
 [-0.12240714  0.3022575  -0.3277425 ]
 [ 0.29296866  0.30380713 -0.32619287]]","[2130. 2248.  923. 2156. 2081. 1090. 1876. 2240.  930. 2127. 2245.  926.
 1854. 2238.  933. 1857. 2246.  925.]","[2119. 2230.  921. 2121. 2080. 1092. 1873. 2239.  930. 2134. 2234.  930.
 1855. 2225.  941. 1861. 2244.  926.]","[-17.336    4.839   67.961   -1.6479   1.5259  -2.5024  -0.1357  -0.3677
   0.96  ]",120
427,2,"[[-0.13071749 -0.30832947  0.32167053]
 [ 0.26210559 -0.29617457  0.33382543]
 [ 0.29705268 -0.29204832  0.33795168]
 [-0.18360712  0.05371497 -0.57628503]
 [-0.11848445  0.30240922 -0.32759078]
 [ 0.2942468   0.30315858 -0.32684142]]","[2133. 2248.  922. 2167. 2083. 1088. 1877. 2241.  930. 2125. 2245.  926.
 1854. 2238.  933. 1856. 2245.  926.]","[2121. 2231.  920. 2134. 2080. 1091. 1875. 2239.  930. 2132. 2234.  930.
 1855. 2225.  940. 1859. 2243.  927.]","[-17.386    4.878   67.906   -0.7324   0.9155  -0.6714  -0.0952  -0.3472
   0.9561]",120
428,2,"[[-0.13501186 -0.30841033  0.32158967]
 [ 0.26042491 -0.29631933  0.33368067]
 [ 0.2966994  -0.29214739  0.33785261]
 [-0.19951512  0.05728348 -0.57271652]
 [-0.11453436  0.30256014 -0.32743986]
 [ 0.29543788  0.30249728 -0.32750272]]","[2136. 2249.  922. 2178. 2085. 1086. 1878. 2241.  930. 2122. 2245.  926.
 1854. 2238.  933. 1855. 2245.  926.]","[2124. 2232.  920. 2146. 2082. 1090. 1876. 2239.  930. 2130. 2234.  930.
 1856. 2225.  940. 1858. 2243.  927.]","[-1.7413e+01  4.9110e+00  6.7912e+01 -3.0520e-01  3.0520e-01  7.3240e-01
 -5.6200e-02 -3.2520e-01  9.4480e-01]",120
429,2,"[[-0.13927265 -0.30848883  0.32151117]
 [ 0.25870703 -0.29646469  0.33353531]
 [ 0.29632716 -0.29224851  0.33775149]
 [-0.21443246  0.06148707 -0.56851293]
 [-0.11055759  0.30271025 -0.32728975]
 [ 0.29654172  0.30182667 -0.32817333]]","[2138. 2249.  922. 2187. 2088. 1083. 1879. 2241.  930. 2120. 2245.  926.
 1854. 2238.  933. 1854. 2244.  927.]","[2126. 2233.  921. 2157. 2083. 1088. 1876. 2239.  930. 2127. 2234.  930.
 1856. 2225.  940. 1857. 2243.  927.]","[-1.7419e+01  4.9270e+00  6.7950e+01  1.8310e-01  0.0000e+00  1.0376e+00
 -5.4000e-03 -2.9740e-01  9.8240e-01]",120
430,2,"[[-0.1434988  -0.30856495  0.32143505]
 [ 0.2569519  -0.29661059  0.33338941]
 [ 0.2959358  -0.29235161  0.33764839]
 [-0.22829899  0.06636667 -0.56363333]
 [-0.10655492  0.30285951 -0.32714049]
 [ 0.29755819  0.30115011 -0.32884989]]","[2141. 2249.  922. 2196. 2091. 1080. 1880. 2241.  930. 2117. 2245.  926.
 1855. 2238.  933. 1854. 2244.  927.]","[2128. 2233.  922. 2168. 2085. 1086. 1878. 2240.  929. 2125. 2234.  929.
 1856. 2225.  940. 1857. 2243.  929.]","[-1.7408e+01  4.9160e+00  6.7972e+01  4.8830e-01 -6.1000e-02  4.2720e-01
  5.9000e-03 -2.8170e-01  9.5360e-01]",120
431,2,"[[-0.14768926 -0.30863866  0.32136134]
 [ 0.25515946 -0.29675701  0.33324299]
 [ 0.29552517 -0.29245662  0.33754338]
 [-0.24105885  0.07196381 -0.55803619]
 [-0.10252712  0.30300787 -0.32699213]
 [ 0.29848715  0.30047095 -0.32952905]]","[2144. 2249.  922. 2205. 2094. 1077. 1881. 2241.  930. 2114. 2245.  926.
 1855. 2238.  933. 1853. 2243.  928.]","[2130. 2233.  923. 2178. 2088. 1083. 1879. 2240.  929. 2123. 2234.  929.
 1856. 2225.  940. 1856. 2242.  929.]","[-1.7402e+01  4.9050e+00  6.7967e+01  1.2210e-01  1.2210e-01 -3.0520e-01
 -4.3500e-02 -2.8080e-01  9.4090e-01]",120
432,2,"[[-0.15184299 -0.30870996  0.32129004]
 [ 0.25332971 -0.29690391  0.33309609]
 [ 0.29509513 -0.2925635   0.3374365 ]
 [-0.25266044  0.07832041 -0.55167959]
 [-0.09847497  0.30315532 -0.32684468]
 [ 0.29932849  0.29979242 -0.33020758]]","[2146. 2249.  922. 2212. 2099. 1072. 1882. 2241.  930. 2112. 2245.  926.
 1855. 2238.  933. 1852. 2243.  928.]","[2133. 2233.  924. 2187. 2091. 1081. 1880. 2239.  929. 2120. 2234.  929.
 1857. 2225.  940. 1855. 2242.  929.]","[-1.7402e+01  4.8830e+00  6.7939e+01 -6.1000e-02  1.8310e-01 -7.9350e-01
 -1.0400e-01 -2.8910e-01  9.5020e-01]",120
433,2,"[[-0.15595895 -0.30877882  0.32122118]
 [ 0.25146261 -0.29705123  0.33294877]
 [ 0.29464551 -0.29267216  0.33732784]
 [-0.26305643  0.08547859 -0.54452141]
 [-0.09439925  0.30330181 -0.32669819]
 [ 0.30008215  0.2991177  -0.3308823 ]]","[2149. 2249.  922. 2219. 2103. 1068. 1884. 2241.  930. 2109. 2245.  926.
 1855. 2238.  933. 1852. 2242.  928.]","[2135. 2233.  923. 2197. 2094. 1077. 1881. 2240.  929. 2118. 2234.  930.
 1857. 2225.  940. 1854. 2242.  929.]","[-17.402    4.872   67.912    0.       0.1221  -0.6714  -0.1157  -0.2939
   0.9482]",120
434,2,"[[-0.16003612 -0.30884524  0.32115476]
 [ 0.24955814 -0.29719896  0.33280104]
 [ 0.29417616 -0.29278257  0.33721743]
 [-0.27220379  0.09348044 -0.53651956]
 [-0.09030077  0.30344731 -0.32655269]
 [ 0.30074807  0.2984499  -0.3315501 ]]","[2152. 2249.  922. 2225. 2108. 1063. 1885. 2241.  930. 2106. 2245.  926.
 1856. 2238.  933. 1851. 2242.  929.]","[2137. 2233.  922. 2204. 2098. 1074. 1882. 2240.  929. 2115. 2234.  929.
 1857. 2225.  939. 1854. 2241.  930.]","[-1.7402e+01  4.8670e+00  6.7896e+01  0.0000e+00  6.1000e-02 -3.0520e-01
 -1.2210e-01 -3.0570e-01  9.3950e-01]",120
435,2,"[[-0.16407348 -0.30890919  0.32109081]
 [ 0.24761632 -0.29734704  0.33265296]
 [ 0.29368692 -0.29289466  0.33710534]
 [-0.28006378  0.10236784 -0.52763216]
 [-0.08618033  0.30359179 -0.32640821]
 [ 0.30132624  0.29779203 -0.33220797]]","[2154. 2249.  922. 2230. 2114. 1057. 1886. 2241.  930. 2104. 2245.  926.
 1856. 2238.  933. 1851. 2242.  929.]","[2140. 2233.  922. 2212. 2102. 1070. 1884. 2240.  929. 2112. 2234.  929.
 1857. 2225.  939. 1853. 2241.  930.]","[-17.402    4.872   67.901    0.       0.       0.2441  -0.1211  -0.3066
   0.9556]",120
436,2,"[[-0.16807004 -0.30897066  0.32102934]
 [ 0.24563714 -0.29749544  0.33250456]
 [ 0.29317763 -0.29300837  0.33699163]
 [-0.286602    0.11218221 -0.51781779]
 [-0.08203875  0.30373521 -0.32626479]
 [ 0.30181673  0.29714701 -0.33285299]]","[2157. 2249.  922. 2234. 2121. 1050. 1887. 2241.  930. 2101. 2246.  925.
 1856. 2239.  932. 1851. 2241.  930.]","[2142. 2234.  921. 2219. 2107. 1065. 1885. 2240.  929. 2110. 2234.  930.
 1858. 2225.  939. 1852. 2240.  930.]","[-1.7402e+01  4.8780e+00  6.7923e+01  6.1000e-02 -1.2210e-01  7.3240e-01
 -1.0350e-01 -3.0760e-01  9.4240e-01]",120
437,2,"[[-0.17202479 -0.30902963  0.32097037]
 [ 0.24362061 -0.29764413  0.33235587]
 [ 0.29264813 -0.29312365  0.33687635]
 [-0.29178845  0.12296429 -0.50703571]
 [-0.07787684  0.30387755 -0.32612245]
 [ 0.30221987  0.29651766 -0.33348234]]","[2160. 2249.  922. 2238. 2128. 1043. 1889. 2242.  929. 2098. 2246.  925.
 1857. 2239.  932. 1850. 2241.  930.]","[2144. 2234.  921. 2224. 2113. 1059. 1886. 2240.  929. 2107. 2234.  930.
 1857. 2225.  939. 1849. 2240.  931.]","[-1.7391e+01  4.8940e+00  6.7956e+01  1.2210e-01 -6.1000e-02  7.9350e-01
 -9.0300e-02 -3.0620e-01  9.4820e-01]",120
438,2,"[[-0.17593676 -0.3090861   0.3209139 ]
 [ 0.24156678 -0.29779306  0.33220694]
 [ 0.29209824 -0.29324043  0.33675957]
 [-0.29559756  0.1347539  -0.4952461 ]
 [-0.07369544  0.30401877 -0.32598123]
 [ 0.30253696  0.2959067  -0.3340933 ]]","[2162. 2249.  922. 2240. 2135. 1036. 1890. 2242.  929. 2096. 2246.  925.
 1857. 2239.  932. 1850. 2240.  931.]","[2148. 2234.  920. 2230. 2121. 1051. 1887. 2240.  929. 2104. 2234.  929.
 1858. 2225.  938. 1849. 2240.  931.]","[-1.7386e+01  4.9050e+00  6.7989e+01  1.2210e-01 -6.1000e-02  9.1550e-01
 -8.3500e-02 -3.1300e-01  9.4970e-01]",120
439,2,"[[-0.17980497 -0.30914005  0.32085995]
 [ 0.23947565 -0.29794221  0.33205779]
 [ 0.29152781 -0.29335868  0.33664132]
 [-0.29800825  0.1475897  -0.4824103 ]
 [-0.0694954   0.30415883 -0.32584117]
 [ 0.30277233  0.29531678 -0.33468322]]","[2165. 2249.  922. 2242. 2144. 1027. 1891. 2242.  929. 2093. 2246.  925.
 1857. 2239.  932. 1850. 2240.  931.]","[2149. 2234.  920. 2234. 2127. 1045. 1889. 2240.  929. 2101. 2234.  929.
 1859. 2225.  937. 1849. 2239.  931.]","[-17.38     4.916   68.027    0.1221  -0.1221   0.9766  -0.0732  -0.3057
   0.9424]",120
440,2,"[[-0.18362846 -0.30919148  0.32080852]
 [ 0.23734729 -0.29809153  0.33190847]
 [ 0.29093666 -0.29347832  0.33652168]
 [-0.29899823  0.16150894 -0.46849106]
 [-0.06527755  0.30429772 -0.32570228]
 [ 0.30293306  0.29475036 -0.33524964]]","[2167. 2249.  922. 2242. 2153. 1018. 1893. 2242.  929. 2090. 2246.  925.
 1858. 2239.  932. 1850. 2240.  931.]","[2152. 2234.  921. 2237. 2133. 1040. 1890. 2241.  929. 2099. 2234.  929.
 1859. 2225.  937. 1849. 2239.  932.]","[-1.7369e+01  4.9270e+00  6.8060e+01  1.2210e-01 -6.1000e-02  7.3240e-01
 -6.5900e-02 -2.9880e-01  9.5170e-01]",120
441,2,"[[-0.18740627 -0.30924036  0.32075964]
 [ 0.23518175 -0.29824099  0.33175901]
 [ 0.29032462 -0.29359931  0.33640069]
 [-0.29890733  0.17653543 -0.45346457]
 [-0.06104275  0.3044354  -0.3255646 ]
 [ 0.30262481  0.29420966 -0.33579034]]","[2170. 2249.  922. 2242. 2163. 1008. 1894. 2242.  929. 2087. 2246.  925.
 1858. 2239.  932. 1850. 2239.  932.]","[2154. 2234.  921. 2240. 2143. 1030. 1892. 2241.  929. 2096. 2234.  930.
 1859. 2225.  936. 1848. 2238.  932.]","[-17.369    4.927   68.066    0.1221   0.       0.1221  -0.0688  -0.2969
   0.9468]",120
442,2,"[[-0.19113747 -0.30928668  0.32071332]
 [ 0.23297909 -0.29839055  0.33160945]
 [ 0.28969153 -0.2937216   0.3362784 ]
 [-0.29874934  0.19230456 -0.43769544]
 [-0.05679186  0.30457183 -0.32542817]
 [ 0.30062561  0.29369526 -0.33630474]]","[2172. 2249.  922. 2242. 2173.  998. 1896. 2242.  929. 2085. 2246.  925.
 1859. 2239.  932. 1852. 2239.  932.]","[2156. 2234.  921. 2240. 2150. 1023. 1893. 2241.  929. 2094. 2234.  929.
 1860. 2225.  937. 1848. 2238.  933.]","[-1.7364e+01  4.9270e+00  6.8066e+01  0.0000e+00  0.0000e+00 -6.1000e-02
 -8.0100e-02 -2.9830e-01  9.4630e-01]",120
443,2,"[[-0.19482114 -0.30933045  0.32066955]
 [ 0.23073937 -0.29854018  0.33145982]
 [ 0.2890372  -0.29384513  0.33615487]
 [-0.29862615  0.20866314 -0.42133686]
 [-0.05252575  0.30470699 -0.32529301]
 [ 0.29684635  0.29320965 -0.33679035]]","[2175. 2249.  922. 2242. 2184.  987. 1897. 2242.  929. 2082. 2246.  925.
 1859. 2239.  932. 1854. 2239.  932.]","[2158. 2234.  921. 2240. 2158. 1014. 1894. 2240.  929. 2092. 2234.  930.
 1861. 2225.  937. 1849. 2238.  932.]","[-1.7369e+01  4.9270e+00  6.8060e+01  0.0000e+00  0.0000e+00 -6.1000e-02
 -8.0100e-02 -2.9880e-01  9.4630e-01]",120
444,2,"[[-0.19845635 -0.30937165  0.32062835]
 [ 0.2284627  -0.29868985  0.33131015]
 [ 0.28836146 -0.29396985  0.33603015]
 [-0.2985134   0.22569665 -0.40430335]
 [-0.0482453   0.30484085 -0.32515915]
 [ 0.29134109  0.29275599 -0.33724401]]","[2177. 2249.  922. 2242. 2195.  976. 1899. 2242.  929. 2079. 2246.  925.
 1860. 2239.  932. 1858. 2238.  933.]","[2161. 2234.  921. 2241. 2168. 1004. 1896. 2241.  928. 2089. 2234.  930.
 1861. 2225.  936. 1849. 2238.  933.]","[-1.7369e+01  4.9220e+00  6.8060e+01 -6.1000e-02  0.0000e+00  0.0000e+00
 -8.5900e-02 -3.0420e-01  9.5070e-01]",120
445,2,"[[-0.20204219 -0.30941026  0.32058974]
 [ 0.22614915 -0.29883953  0.33116047]
 [ 0.28766413 -0.29409571  0.33590429]
 [-0.29839695  0.243416   -0.386584  ]
 [-0.04395138  0.30497338 -0.32502662]
 [ 0.2841745   0.2923366  -0.3376634 ]]","[2179. 2249.  922. 2242. 2206.  965. 1900. 2242.  929. 2076. 2246.  925.
 1860. 2239.  932. 1862. 2238.  933.]","[2164. 2234.  921. 2241. 2181.  994. 1898. 2240.  929. 2086. 2234.  930.
 1862. 2226.  936. 1853. 2238.  934.]","[-17.369    4.922   68.066    0.       0.       0.1221  -0.0835  -0.3008
   0.9478]",120
446,2,"[[-0.20557779 -0.3094463   0.3205537 ]
 [ 0.22379884 -0.29898917  0.33101083]
 [ 0.28694504 -0.29422267  0.33577733]
 [-0.29826963  0.26181178 -0.36818822]
 [-0.03964489  0.30510455 -0.32489545]
 [ 0.2754202   0.29195349 -0.33804651]]","[2182. 2249.  922. 2242. 2218.  953. 1902. 2242.  929. 2073. 2246.  925.
 1860. 2239.  932. 1868. 2238.  933.]","[2165. 2234.  922. 2241. 2184.  987. 1899. 2240.  929. 2084. 2234.  929.
 1862. 2226.  936. 1855. 2237.  934.]","[-1.7369e+01  4.9220e+00  6.8066e+01  0.0000e+00 -6.1000e-02  0.0000e+00
 -8.9800e-02 -3.0570e-01  9.4040e-01]",120
447,2,"[[-0.20906225 -0.30947974  0.32052026]
 [ 0.22141187 -0.29913874  0.33086126]
 [ 0.28620402 -0.29435066  0.33564934]
 [-0.29812792  0.28086992 -0.34913008]
 [-0.03532672  0.30523433 -0.32476567]
 [ 0.2651591   0.29160852 -0.33839148]]","[2184. 2249.  922. 2242. 2231.  940. 1903. 2243.  928. 2071. 2246.  924.
 1861. 2239.  932. 1875. 2238.  933.]","[2168. 2234.  922. 2241. 2193.  977. 1901. 2241.  928. 2082. 2234.  930.
 1862. 2226.  936. 1859. 2237.  933.]","[-1.738e+01  4.916e+00  6.806e+01 -1.831e-01  0.000e+00 -6.100e-02
 -8.590e-02 -3.062e-01  9.468e-01]",120
448,2,"[[-0.21249472 -0.30951058  0.32048942]
 [ 0.21898838 -0.29928822  0.33071178]
 [ 0.28544088 -0.29447966  0.33552034]
 [-0.29797016  0.29138889 -0.33861111]
 [-0.03099777  0.3053627  -0.3246373 ]
 [ 0.25347814  0.27918732 -0.35081268]]","[2186. 2249.  922. 2242. 2237.  934. 1905. 2243.  928. 2068. 2247.  924.
 1861. 2239.  931. 1882. 2230.  941.]","[2172. 2234.  925. 2242. 2205.  965. 1903. 2241.  928. 2077. 2235.  929.
 1863. 2226.  935. 1864. 2236.  934.]","[-17.38     4.911   68.049    0.       0.      -0.3052  -0.0698  -0.3076
   0.9761]",120
449,2,"[[-0.21587433 -0.30953881  0.32046119]
 [ 0.21652849 -0.29943757  0.33056243]
 [ 0.28465544 -0.29460959  0.33539041]
 [-0.2977956   0.29147024 -0.33852976]
 [-0.02665894  0.30548962 -0.32451038]
 [ 0.24046928  0.21320926 -0.41679074]]","[2188. 2249.  922. 2242. 2238.  933. 1906. 2243.  928. 2065. 2247.  924.
 1862. 2240.  931. 1891. 2186.  984.]","[2175. 2234.  926. 2241. 2213.  958. 1904. 2241.  928. 2074. 2235.  928.
 1863. 2226.  935. 1869. 2233.  937.]","[-17.353    4.889   68.027    0.7324  -0.3052  -0.7324  -0.0845  -0.3115
   0.9702]",120
450,2,"[[-0.21920025 -0.30956444  0.32043556]
 [ 0.21403235 -0.29958676  0.33041324]
 [ 0.28384752 -0.29474044  0.33525956]
 [-0.29760394  0.29155405 -0.33844595]
 [-0.02231116  0.30561507 -0.32438493]
 [ 0.22622852  0.15786708 -0.47213292]]","[2190. 2249.  922. 2242. 2238.  933. 1908. 2243.  928. 2062. 2247.  924.
 1862. 2240.  931. 1900. 2150. 1021.]","[2176. 2234.  926. 2243. 2215.  955. 1905. 2241.  928. 2072. 2235.  928.
 1863. 2226.  934. 1875. 2223.  946.]","[-1.7309e+01  4.8610e+00  6.7983e+01  1.2207e+00 -2.4410e-01 -1.0986e+00
 -3.2700e-02 -3.1590e-01  1.0054e+00]",120
451,2,"[[-0.22247165 -0.30958745  0.32041255]
 [ 0.21150012 -0.29973576  0.33026424]
 [ 0.28301695 -0.29487213  0.33512787]
 [-0.29739512  0.29164025 -0.33835975]
 [-0.01795533  0.30573902 -0.32426098]
 [ 0.21085514  0.11342926 -0.51657074]]","[2193. 2249.  922. 2241. 2238.  933. 1910. 2243.  928. 2059. 2247.  924.
 1863. 2240.  931. 1910. 2121. 1050.]","[2180. 2234.  926. 2242. 2220.  951. 1906. 2242.  928. 2069. 2234.  928.
 1864. 2226.  933. 1884. 2195.  976.]","[-1.7188e+01  4.7960e+00  6.7923e+01  3.1128e+00 -8.5450e-01 -1.8921e+00
 -4.5900e-02 -3.2280e-01  9.8000e-01]",120
452,2,"[[-0.22568772 -0.30960785  0.32039215]
 [ 0.20893196 -0.29988453  0.33011547]
 [ 0.28216355 -0.29500464  0.33499536]
 [-0.29716916  0.29172879 -0.33827121]
 [-0.01359238  0.30586145 -0.32413855]
 [ 0.19445087  0.08011225 -0.54988775]]","[2195. 2249.  922. 2241. 2238.  933. 1911. 2243.  928. 2056. 2247.  924.
 1864. 2240.  931. 1921. 2100. 1071.]","[2182. 2235.  926. 2241. 2221.  949. 1907. 2243.  929. 2067. 2234.  928.
 1865. 2225.  933. 1892. 2175.  997.]","[-1.7084e+01  4.7300e+00  6.7852e+01  2.9297e+00 -7.3240e-01 -2.0752e+00
 -5.5200e-02 -2.9930e-01  8.2180e-01]",120
453,2,"[[-0.22884766 -0.30962563  0.32037437]
 [ 0.20632805 -0.30003305  0.32996695]
 [ 0.28128712 -0.29513791  0.33486209]
 [-0.29692616  0.2918196  -0.3381804 ]
 [-0.00922324  0.30598233 -0.32401767]
 [ 0.17711924  0.05807937 -0.57192063]]","[2197. 2249.  922. 2241. 2238.  933. 1913. 2243.  928. 2054. 2247.  924.
 1864. 2240.  931. 1932. 2085. 1086.]","[2184. 2237.  926. 2240. 2223.  948. 1907. 2244.  931. 2063. 2234.  928.
 1865. 2225.  934. 1904. 2149. 1023.]","[-16.985    4.735   67.78     2.8687   0.6104  -1.5869  -0.1523  -0.313
   1.022 ]",120
454,2,"[[-0.23195067 -0.30964079  0.32035921]
 [ 0.20368858 -0.30018129  0.32981871]
 [ 0.28038751 -0.29527191  0.33472809]
 [-0.29666623  0.29191263 -0.33808737]
 [-0.00484883  0.30610164 -0.32389836]
 [ 0.15896495  0.04744056 -0.58255944]]","[2199. 2249.  922. 2241. 2238.  933. 1915. 2243.  928. 2051. 2247.  924.
 1865. 2240.  931. 1944. 2078. 1093.]","[2186. 2238.  925. 2240. 2224.  946. 1909. 2244.  930. 2061. 2234.  928.
 1866. 2225.  934. 1916. 2127. 1046.]","[-16.82     4.785   67.791    4.3335   0.9766   0.4883  -0.1592  -0.3276
   0.8916]",120
455,2,"[[-2.34996000e-01 -3.09653327e-01  3.20346673e-01]
 [ 2.01013738e-01 -3.00329207e-01  3.29670793e-01]
 [ 2.79464514e-01 -2.95406593e-01  3.34593407e-01]
 [-2.96389473e-01  2.92007792e-01 -3.37992208e-01]
 [-4.70102202e-04  3.06219337e-01 -3.23780663e-01]
 [ 1.40093279e-01  4.84543759e-02 -5.81545624e-01]]","[2201. 2249.  922. 2241. 2238.  933. 1916. 2243.  928. 2048. 2247.  924.
 1865. 2240.  931. 1956. 2079. 1092.]","[2188. 2239.  925. 2240. 2224.  945. 1914. 2244.  929. 2058. 2234.  928.
 1866. 2226.  934. 1926. 2110. 1064.]","[-16.716    4.818   67.928    2.7466  -0.5493   3.418   -0.145   -0.3276
   0.9448]",120
456,2,"[[-0.23798288 -0.30966327  0.32033673]
 [ 0.19830374 -0.30047678  0.32952322]
 [ 0.27851797 -0.29554191  0.33445809]
 [-0.29609602  0.29210504 -0.33789496]
 [ 0.00391202  0.30633541 -0.32366459]
 [ 0.12060961  0.05444512 -0.57555488]]","[2203. 2249.  922. 2241. 2238.  933. 1918. 2243.  928. 2045. 2247.  924.
 1866. 2240.  931. 1969. 2083. 1088.]","[2190. 2239.  926. 2239. 2224.  945. 1915. 2244.  929. 2055. 2234.  928.
 1866. 2225.  934. 1937. 2098. 1075.]","[-1.6699e+01  4.8280e+00  6.8110e+01  3.6620e-01 -1.2207e+00  4.3945e+00
 -4.7400e-02 -2.6710e-01  9.3260e-01]",120
457,2,"[[-0.24091056 -0.30967066  0.32032934]
 [ 0.1955588  -0.30062398  0.32937602]
 [ 0.27754769 -0.29567783  0.33432217]
 [-0.29578598  0.29220431 -0.33779569]
 [ 0.00829658  0.30644984 -0.32355016]
 [ 0.10061897  0.05490476 -0.57509524]]","[2205. 2249.  922. 2240. 2238.  933. 1920. 2243.  927. 2042. 2247.  924.
 1867. 2240.  931. 1982. 2083. 1088.]","[2193. 2239.  925. 2239. 2224.  945. 1915. 2244.  929. 2053. 2235.  928.
 1867. 2226.  934. 1944. 2092. 1080.]","[-16.677    4.839   68.181    1.0376   0.2441   0.      -0.0703  -0.2754
   0.9482]",120
458,2,"[[-0.24377833 -0.30967572  0.32032428]
 [ 0.19277915 -0.30077078  0.32922922]
 [ 0.2765535  -0.29581431  0.33418569]
 [-0.29545948  0.29230555 -0.33769445]
 [ 0.01268263  0.30656259 -0.32343741]
 [ 0.08022564  0.05479883 -0.57520117]]","[2206. 2249.  922. 2240. 2238.  933. 1922. 2244.  927. 2039. 2247.  924.
 1867. 2240.  931. 1995. 2083. 1088.]","[2195. 2239.  925. 2240. 2224.  945. 1916. 2244.  928. 2051. 2234.  928.
 1868. 2225.  934. 1956. 2090. 1084.]","[-1.6655e+01  4.8500e+00  6.8170e+01  6.1000e-02  3.0520e-01 -1.0376e+00
 -1.0550e-01 -2.8560e-01  9.3950e-01]",120
459,2,"[[-0.24658546 -0.30967869  0.32032131]
 [ 0.18996503 -0.30091714  0.32908286]
 [ 0.27553522 -0.29595131  0.33404869]
 [-0.29511662  0.29240867 -0.33759133]
 [ 0.01706923  0.30667365 -0.32332635]
 [ 0.0595328   0.05479456 -0.57520544]]","[2208. 2249.  922. 2240. 2238.  933. 1924. 2244.  927. 2036. 2247.  924.
 1868. 2240.  931. 2009. 2083. 1088.]","[2197. 2239.  925. 2239. 2224.  946. 1918. 2244.  928. 2048. 2234.  928.
 1869. 2226.  934. 1968. 2088. 1085.]","[-1.6666e+01  4.8500e+00  6.8126e+01 -9.1550e-01  6.1000e-02 -9.1550e-01
 -8.9400e-02 -2.5930e-01  9.5950e-01]",120
460,2,"[[-0.24933126 -0.30967393  0.32032607]
 [ 0.18711669 -0.30106305  0.32893695]
 [ 0.27449268 -0.29608879  0.33391121]
 [-0.29475751  0.29251364 -0.33748636]
 [ 0.02145541  0.30678298 -0.32321702]
 [ 0.03864226  0.05500703 -0.57499297]]","[2210. 2249.  922. 2240. 2238.  933. 1926. 2244.  927. 2034. 2247.  923.
 1869. 2241.  930. 2022. 2083. 1088.]","[2199. 2239.  925. 2239. 2224.  945. 1919. 2244.  928. 2046. 2234.  928.
 1870. 2225.  934. 1983. 2087. 1086.]","[-1.6699e+01  4.8500e+00  6.8088e+01 -1.8310e-01  1.8310e-01 -7.3240e-01
 -6.6400e-02 -2.7980e-01  9.5700e-01]",120
461,2,"[[-0.25201505 -0.30961822  0.32038178]
 [ 0.1842344  -0.30120847  0.32879153]
 [ 0.2734257  -0.29622671  0.33377329]
 [-0.29438226  0.29262039 -0.33737961]
 [ 0.02584022  0.30689057 -0.32310943]
 [ 0.01765415  0.0554756  -0.5745244 ]]","[2212. 2249.  922. 2239. 2238.  933. 1927. 2244.  927. 2031. 2248.  923.
 1869. 2241.  930. 2036. 2084. 1087.]","[2201. 2239.  925. 2238. 2224.  945. 1922. 2244.  928. 2043. 2234.  928.
 1870. 2225.  934. 1997. 2087. 1087.]","[-16.699    4.85    68.06     0.1221   0.1831  -0.4272  -0.105   -0.3086
   0.9478]",120
462,2,"[[-0.25463616 -0.30949107  0.32050893]
 [ 0.18131843 -0.30135336  0.32864664]
 [ 0.27233411 -0.29636503  0.33363497]
 [-0.29399096  0.29272885 -0.33727115]
 [ 0.03022271  0.30699639 -0.32300361]
 [-0.00333325  0.05622876 -0.57377124]]","[2213. 2249.  922. 2239. 2238.  933. 1929. 2244.  927. 2028. 2248.  923.
 1870. 2241.  930. 2050. 2084. 1087.]","[2202. 2239.  925. 2238. 2224.  945. 1924. 2244.  928. 2040. 2234.  928.
 1871. 2226.  934. 2011. 2086. 1087.]","[-16.699    4.856   68.055   -0.3052  -0.1831   0.7935  -0.0728  -0.2871
   0.9502]",120
463,2,"[[-0.25719393 -0.30930725  0.32069275]
 [ 0.17836906 -0.30149772  0.32850228]
 [ 0.27121773 -0.29650373  0.33349627]
 [-0.2935837   0.29283897 -0.33716103]
 [ 0.0346019   0.30710043 -0.32289957]
 [-0.0242237   0.05729382 -0.57270618]]","[2215. 2249.  922. 2239. 2238.  933. 1931. 2244.  927. 2025. 2248.  923.
 1871. 2241.  930. 2063. 2085. 1086.]","[2203. 2239.  925. 2237. 2224.  945. 1926. 2244.  928. 2038. 2234.  928.
 1871. 2226.  934. 2025. 2087. 1086.]","[-1.6710e+01  4.8610e+00  6.8093e+01 -2.4410e-01 -3.0520e-01  1.0376e+00
 -6.2500e-02 -2.8610e-01  9.6000e-01]",120
464,2,"[[-0.25968774 -0.30907041  0.32092959]
 [ 0.17538658 -0.30164151  0.32835849]
 [ 0.2700764  -0.29664276  0.33335724]
 [-0.29316058  0.2929507  -0.3370493 ]
 [ 0.03897683  0.30720266 -0.32279734]
 [-0.04492319  0.05869874 -0.57130126]]","[2217. 2249.  922. 2239. 2238.  932. 1933. 2244.  927. 2022. 2248.  923.
 1871. 2241.  930. 2077. 2086. 1085.]","[2205. 2239.  925. 2237. 2224.  946. 1928. 2244.  928. 2035. 2234.  928.
 1872. 2226.  934. 2038. 2087. 1086.]","[-16.71     4.856   68.132    0.1221  -0.1831   0.6104  -0.0845  -0.2993
   0.9497]",120
465,2,"[[-0.26211695 -0.30878311  0.32121689]
 [ 0.1723713  -0.30178469  0.32821531]
 [ 0.26890994 -0.29678208  0.33321792]
 [-0.29272169  0.29306396 -0.33693604]
 [ 0.04334654  0.30730306 -0.32269694]
 [-0.06534007  0.06047263 -0.56952737]]","[2218. 2249.  922. 2238. 2239.  932. 1935. 2244.  927. 2019. 2248.  923.
 1872. 2241.  930. 2090. 2087. 1084.]","[2206. 2239.  926. 2237. 2224.  945. 1930. 2244.  928. 2033. 2234.  928.
 1873. 2225.  934. 2051. 2086. 1086.]","[-1.6705e+01  4.8560e+00  6.8159e+01 -6.1000e-02 -1.2210e-01  3.6620e-01
 -9.2800e-02 -3.0760e-01  9.4090e-01]",120
466,2,"[[-0.26448097 -0.30844797  0.32155203]
 [ 0.16932354 -0.30192726  0.32807274]
 [ 0.2677182  -0.29692167  0.33307833]
 [-0.29226709  0.29317871 -0.33682129]
 [ 0.04771005  0.30740161 -0.32259839]
 [-0.08538513  0.06264599 -0.56735401]]","[2220. 2249.  922. 2238. 2239.  932. 1937. 2244.  927. 2016. 2248.  923.
 1873. 2241.  930. 2103. 2088. 1083.]","[2208. 2239.  925. 2237. 2224.  945. 1931. 2244.  928. 2030. 2234.  928.
 1874. 2225.  934. 2065. 2087. 1085.]","[-1.671e+01  4.856e+00  6.817e+01 -1.831e-01 -6.100e-02  6.100e-02
 -8.250e-02 -2.959e-01  9.536e-01]",120
467,2,"[[-0.26677921 -0.30806778  0.32193222]
 [ 0.16624363 -0.30206917  0.32793083]
 [ 0.26650099 -0.29706149  0.33293851]
 [-0.29179687  0.29329489 -0.33670511]
 [ 0.0520664   0.30749828 -0.32250172]
 [-0.10497175  0.06525068 -0.56474932]]","[2221. 2248.  923. 2238. 2239.  932. 1939. 2244.  927. 2014. 2248.  923.
 1874. 2241.  930. 2116. 2090. 1081.]","[2209. 2239.  925. 2236. 2224.  945. 1934. 2244.  928. 2028. 2234.  928.
 1874. 2226.  934. 2079. 2087. 1084.]","[-1.6716e+01  4.8560e+00  6.8170e+01  0.0000e+00  6.1000e-02 -3.0520e-01
 -7.9600e-02 -2.9250e-01  9.4870e-01]",120
468,2,"[[-0.2690111  -0.30764549  0.32235451]
 [ 0.1631319  -0.3022104   0.3277896 ]
 [ 0.26525817 -0.29720151  0.33279849]
 [-0.2913111   0.29341245 -0.33658755]
 [ 0.05641461  0.30759307 -0.32240693]
 [-0.12401594  0.06831999 -0.56168001]]","[2223. 2248.  923. 2237. 2239.  932. 1941. 2245.  926. 2011. 2248.  923.
 1875. 2241.  930. 2128. 2092. 1079.]","[2211. 2239.  925. 2236. 2224.  945. 1936. 2244.  927. 2026. 2234.  928.
 1876. 2226.  934. 2092. 2089. 1083.]","[-1.6721e+01  4.8560e+00  6.8154e+01  0.0000e+00  6.1000e-02 -3.6620e-01
 -9.2300e-02 -2.9350e-01  9.5310e-01]",120
469,2,"[[-0.27117607 -0.30718417  0.32281583]
 [ 0.15998869 -0.30235093  0.32764907]
 [ 0.26398957 -0.29734169  0.33265831]
 [-0.29080984  0.29353132 -0.33646868]
 [ 0.06075372  0.30768595 -0.32231405]
 [-0.14243646  0.07188853 -0.55811147]]","[2224. 2248.  923. 2237. 2239.  932. 1943. 2245.  926. 2008. 2248.  923.
 1875. 2241.  930. 2140. 2094. 1077.]","[2212. 2239.  925. 2236. 2225.  945. 1937. 2244.  927. 2023. 2234.  928.
 1877. 2226.  934. 2105. 2090. 1081.]","[-1.6721e+01  4.8560e+00  6.8143e+01 -1.2210e-01  0.0000e+00 -6.1000e-02
 -8.2000e-02 -2.8560e-01  9.5560e-01]",120
470,2,"[[-0.2732736  -0.30668698  0.32331302]
 [ 0.15681438 -0.30249074  0.32750926]
 [ 0.26269503 -0.29748201  0.33251799]
 [-0.29029316  0.29365145 -0.33634855]
 [ 0.06508274  0.3077769  -0.3222231 ]
 [-0.16015484  0.07599221 -0.55400779]]","[2226. 2247.  924. 2237. 2239.  932. 1945. 2245.  926. 2005. 2248.  923.
 1876. 2241.  930. 2152. 2097. 1074.]","[2213. 2239.  925. 2235. 2225.  945. 1940. 2245.  927. 2021. 2234.  928.
 1877. 2225.  934. 2117. 2092. 1079.]","[-1.6727e+01  4.8560e+00  6.8143e+01  0.0000e+00 -6.1000e-02  1.8310e-01
 -8.1100e-02 -2.8320e-01  9.5070e-01]",120
471,2,"[[-0.27530316 -0.30615717  0.32384283]
 [ 0.15360933 -0.30262979  0.32737021]
 [ 0.2613744  -0.29762242  0.33237758]
 [-0.28976112  0.29377279 -0.33622721]
 [ 0.06940071  0.30786591 -0.32213409]
 [-0.17709552  0.08066811 -0.54933189]]","[2227. 2247.  924. 2236. 2239.  932. 1947. 2245.  926. 2002. 2248.  923.
 1877. 2242.  929. 2163. 2100. 1071.]","[2215. 2239.  925. 2235. 2225.  944. 1942. 2244.  927. 2018. 2234.  928.
 1878. 2225.  934. 2129. 2094. 1077.]","[-1.6727e+01  4.8560e+00  6.8154e+01  6.1000e-02 -1.2210e-01  4.2720e-01
 -8.6400e-02 -2.8080e-01  9.6140e-01]",120
472,2,"[[-0.27726425 -0.30559804  0.32440196]
 [ 0.15037393 -0.30276807  0.32723193]
 [ 0.26002752 -0.29776291  0.33223709]
 [-0.28921376  0.29389529 -0.33610471]
 [ 0.07370666  0.30795295 -0.32204705]
 [-0.19318586  0.08595438 -0.54404562]]","[2228. 2247.  924. 2236. 2239.  932. 1949. 2245.  926. 1999. 2248.  923.
 1878. 2242.  929. 2173. 2104. 1067.]","[2216. 2239.  925. 2235. 2225.  944. 1944. 2244.  927. 2014. 2234.  928.
 1879. 2225.  934. 2142. 2097. 1074.]","[-16.721    4.856   68.176    0.1221  -0.1831   0.6104  -0.0908  -0.2876
   0.9468]",120
473,2,"[[-0.27915637 -0.30501293  0.32498707]
 [ 0.14710855 -0.30290554  0.32709446]
 [ 0.25865425 -0.29790343  0.33209657]
 [-0.28865113  0.2940189  -0.3359811 ]
 [ 0.0779996   0.30803801 -0.32196199]
 [-0.20835626  0.09189016 -0.53810984]]","[2229. 2246.  925. 2236. 2239.  932. 1952. 2245.  926. 1997. 2248.  923.
 1879. 2242.  929. 2183. 2107. 1064.]","[2217. 2239.  925. 2235. 2225.  943. 1946. 2245.  926. 2011. 2234.  928.
 1879. 2226.  934. 2153. 2100. 1071.]","[-16.705    4.856   68.231    0.      -0.1831   0.6104  -0.0845  -0.2837
   0.9521]",120
474,2,"[[-0.28097907 -0.3044052   0.3255948 ]
 [ 0.14381362 -0.30304218  0.32695782]
 [ 0.25725444 -0.29804397  0.33195603]
 [-0.28807328  0.29414355 -0.33585645]
 [ 0.08227856  0.30812107 -0.32187893]
 [-0.22254022  0.09851538 -0.53148462]]","[2231. 2246.  925. 2235. 2239.  932. 1954. 2245.  926. 1994. 2248.  923.
 1880. 2242.  929. 2193. 2112. 1059.]","[2219. 2239.  925. 2234. 2225.  943. 1948. 2245.  926. 2009. 2234.  928.
 1881. 2225.  934. 2163. 2103. 1068.]","[-1.6699e+01  4.8610e+00  6.8253e+01  6.1000e-02 -1.2210e-01  4.2720e-01
 -8.3000e-02 -2.8760e-01  9.4870e-01]",120
475,2,"[[-0.28273188 -0.30377821  0.32622179]
 [ 0.14048953 -0.30317798  0.32682202]
 [ 0.25582795 -0.29818449  0.33181551]
 [-0.28748025  0.29426921 -0.33573079]
 [ 0.08654258  0.30820211 -0.32179789]
 [-0.23567441  0.10587068 -0.52412932]]","[2232. 2246.  925. 2235. 2239.  932. 1956. 2245.  926. 1991. 2248.  923.
 1881. 2242.  929. 2201. 2117. 1054.]","[2220. 2239.  926. 2233. 2225.  942. 1951. 2244.  927. 2006. 2234.  928.
 1882. 2226.  934. 2177. 2108. 1063.]","[-1.6699e+01  4.8610e+00  6.8269e+01 -6.1000e-02 -1.2210e-01  2.4410e-01
 -8.2500e-02 -2.8910e-01  9.6000e-01]",120
476,2,"[[-0.28441436 -0.30313532  0.32686468]
 [ 0.13713671 -0.3033129   0.3266871 ]
 [ 0.25437463 -0.29832496  0.33167504]
 [-0.28687207  0.29439582 -0.33560418]
 [ 0.09079067  0.30828113 -0.32171887]
 [-0.24769885  0.11399721 -0.51600279]]","[2233. 2245.  926. 2235. 2239.  932. 1958. 2245.  926. 1988. 2248.  923.
 1882. 2242.  929. 2209. 2122. 1049.]","[2221. 2239.  925. 2233. 2225.  942. 1952. 2244.  926. 2004. 2234.  928.
 1883. 2226.  934. 2183. 2111. 1060.]","[-16.694    4.861   68.28     0.      -0.1221   0.3052  -0.0928  -0.2861
   0.9487]",120
477,2,"[[-0.28602611 -0.30247984  0.32752016]
 [ 0.1337556  -0.30344692  0.32655308]
 [ 0.25289435 -0.29846536  0.33153464]
 [-0.28624876  0.29452334 -0.33547666]
 [ 0.09502188  0.3083581  -0.3216419 ]
 [-0.25855692  0.12293643 -0.50706357]]","[2234. 2245.  926. 2234. 2239.  931. 1960. 2245.  926. 1986. 2249.  922.
 1883. 2242.  929. 2216. 2128. 1043.]","[2223. 2239.  926. 2233. 2225.  941. 1955. 2244.  927. 2000. 2234.  928.
 1884. 2226.  934. 2195. 2117. 1055.]","[-16.688    4.861   68.302    0.      -0.1831   0.5493  -0.0737  -0.2866
   0.9565]",120
478,2,"[[-0.28756672 -0.30181509  0.32818491]
 [ 0.13034664 -0.30358002  0.32641998]
 [ 0.25138697 -0.29860565  0.33139435]
 [-0.28561037  0.29465171 -0.33534829]
 [ 0.09923522  0.308433   -0.321567  ]
 [-0.26819559  0.13273    -0.49727   ]]","[2235. 2244.  927. 2234. 2240.  931. 1963. 2245.  926. 1983. 2249.  922.
 1884. 2242.  929. 2222. 2134. 1037.]","[2225. 2240.  926. 2232. 2225.  940. 1957. 2245.  926. 1998. 2234.  928.
 1884. 2225.  934. 2201. 2120. 1051.]","[-1.6683e+01  4.8610e+00  6.8318e+01  6.1000e-02 -1.2210e-01  3.6620e-01
 -7.5200e-02 -2.8420e-01  9.5020e-01]",120
479,2,"[[-0.2890358  -0.30114432  0.32885568]
 [ 0.12691029 -0.30371218  0.32628782]
 [ 0.24985238 -0.29874582  0.33125418]
 [-0.28495689  0.29478088 -0.33521912]
 [ 0.10342973  0.30850583 -0.32149417]
 [-0.27656551  0.14341949 -0.48658051]]","[2236. 2244.  927. 2233. 2240.  931. 1965. 2245.  925. 1980. 2249.  922.
 1885. 2242.  929. 2228. 2141. 1030.]","[2226. 2239.  926. 2232. 2225.  940. 1959. 2245.  927. 1996. 2234.  928.
 1886. 2226.  934. 2209. 2125. 1046.]","[-16.677    4.856   68.335    0.      -0.1831   0.2441  -0.0728  -0.2866
   0.9551]",120
480,2,"[[-0.29043299 -0.30047073  0.32952927]
 [ 0.12344701 -0.30384337  0.32615663]
 [ 0.24829044 -0.29888584  0.33111416]
 [-0.28428836  0.29491082 -0.33508918]
 [ 0.10760445  0.30857657 -0.32142343]
 [-0.28362119  0.15504623 -0.47495377]]","[2237. 2243.  928. 2233. 2240.  931. 1967. 2246.  925. 1977. 2249.  922.
 1886. 2242.  929. 2232. 2149. 1022.]","[2227. 2239.  927. 2232. 2226.  939. 1961. 2245.  926. 1993. 2234.  928.
 1886. 2225.  934. 2216. 2132. 1039.]","[-16.677    4.85    68.346    0.      -0.1831   0.1221  -0.0752  -0.2861
   0.9536]",120
481,2,"[[-0.29175795 -0.29979747  0.33020253]
 [ 0.11995728 -0.30397358  0.32602642]
 [ 0.24670104 -0.29902567  0.33097433]
 [-0.28360478  0.29504147 -0.33495853]
 [ 0.11175841  0.30864521 -0.32135479]
 [-0.28932121  0.16765106 -0.46234894]]","[2238. 2243.  928. 2232. 2240.  931. 1969. 2246.  925. 1975. 2249.  922.
 1887. 2242.  929. 2236. 2157. 1014.]","[2228. 2239.  928. 2231. 2226.  939. 1964. 2245.  926. 1990. 2234.  928.
 1887. 2225.  934. 2222. 2138. 1033.]","[-1.6672e+01  4.8450e+00  6.8351e+01  6.1000e-02 -1.8310e-01  1.2210e-01
 -9.4200e-02 -2.8910e-01  9.5610e-01]",120
482,2,"[[-0.29301034 -0.29912763  0.33087237]
 [ 0.11644158 -0.30410277  0.32589723]
 [ 0.24508405 -0.2991653   0.3308347 ]
 [-0.28290616  0.29517279 -0.33482721]
 [ 0.11589065  0.30871173 -0.32128827]
 [-0.2936284   0.18127407 -0.44872593]]","[2239. 2243.  928. 2232. 2240.  931. 1972. 2246.  925. 1972. 2249.  922.
 1888. 2243.  928. 2239. 2166. 1005.]","[2229. 2239.  928. 2230. 2226.  939. 1965. 2244.  926. 1988. 2234.  928.
 1889. 2226.  934. 2227. 2145. 1027.]","[-16.666    4.839   68.362    0.      -0.1831   0.3662  -0.0908  -0.2954
   0.9453]",120
483,2,"[[-0.29418985 -0.29846422  0.33153578]
 [ 0.11290042 -0.30423093  0.32576907]
 [ 0.24343937 -0.29930469  0.33069531]
 [-0.28219251  0.29530474 -0.33469526]
 [ 0.12000021  0.30877611 -0.32122389]
 [-0.2965101   0.1959544  -0.4340456 ]]","[2239. 2242.  929. 2231. 2240.  931. 1974. 2246.  925. 1969. 2249.  922.
 1889. 2243.  928. 2241. 2175.  996.]","[2231. 2239.  928. 2230. 2227.  939. 1968. 2245.  926. 1985. 2234.  928.
 1890. 2225.  934. 2232. 2152. 1019.]","[-16.661    4.839   68.379    0.      -0.1831   0.3662  -0.0864  -0.2969
   0.9492]",120
484,2,"[[-0.29529619 -0.2978102   0.3321898 ]
 [ 0.10933429 -0.30435803  0.32564197]
 [ 0.24176689 -0.29944384  0.33055616]
 [-0.28146381  0.29543726 -0.33456274]
 [ 0.12408613  0.30883836 -0.32116164]
 [-0.29793641  0.21172995 -0.41827005]]","[2240. 2242.  929. 2231. 2240.  931. 1976. 2246.  925. 1967. 2249.  922.
 1890. 2243.  928. 2242. 2186.  985.]","[2232. 2239.  928. 2229. 2226.  939. 1970. 2244.  926. 1983. 2234.  928.
 1891. 2226.  934. 2235. 2162. 1010.]","[-1.6661e+01  4.8390e+00  6.8395e+01  0.0000e+00 -6.1000e-02  1.8310e-01
 -7.4200e-02 -2.9980e-01  9.4530e-01]",120
485,2,"[[-0.29632909 -0.29716842  0.33283158]
 [ 0.10574371 -0.30448406  0.32551594]
 [ 0.2400665  -0.2995827   0.3304173 ]
 [-0.28072007  0.29557033 -0.33442967]
 [ 0.12814747  0.30889845 -0.32110155]
 [-0.2980308   0.22863508 -0.40136492]]","[2241. 2241.  930. 2231. 2240.  931. 1979. 2246.  925. 1964. 2249.  922.
 1891. 2243.  928. 2242. 2197.  974.]","[2233. 2239.  929. 2229. 2227.  939. 1973. 2245.  926. 1980. 2234.  928.
 1891. 2226.  934. 2239. 2173.  998.]","[-1.6661e+01  4.8340e+00  6.8401e+01 -6.1000e-02 -6.1000e-02  0.0000e+00
 -8.2000e-02 -3.0270e-01  9.5260e-01]",120
486,2,"[[-0.29728828 -0.29654169  0.33345831]
 [ 0.10212921 -0.30460899  0.32539101]
 [ 0.23833811 -0.29972126  0.33027874]
 [-0.27996127  0.29570389 -0.33429611]
 [ 0.13218326  0.30895638 -0.32104362]
 [-0.29786142  0.24644046 -0.38355954]]","[2241. 2241.  930. 2230. 2240.  931. 1981. 2246.  925. 1961. 2249.  922.
 1892. 2243.  928. 2242. 2208.  963.]","[2233. 2239.  929. 2229. 2227.  938. 1975. 2245.  926. 1978. 2234.  928.
 1892. 2225.  934. 2240. 2179.  992.]","[-1.6666e+01  4.8340e+00  6.8401e+01 -6.1000e-02 -6.1000e-02  0.0000e+00
 -7.6200e-02 -2.9830e-01  9.4730e-01]",120
487,2,"[[-0.29817353 -0.29593272  0.33406728]
 [ 0.09849133 -0.30473281  0.32526719]
 [ 0.23658163 -0.2998595   0.3301405 ]
 [-0.2791874   0.29583791 -0.33416209]
 [ 0.13619258  0.30901213 -0.32098787]
 [-0.29771624  0.26480151 -0.36519849]]","[2242. 2240.  931. 2230. 2240.  931. 1983. 2246.  925. 1959. 2249.  922.
 1893. 2243.  928. 2242. 2220.  951.]","[2235. 2239.  929. 2228. 2227.  938. 1978. 2245.  926. 1976. 2234.  929.
 1894. 2225.  934. 2241. 2193.  979.]","[-1.6672e+01  4.8280e+00  6.8401e+01  0.0000e+00 -6.1000e-02  0.0000e+00
 -8.0100e-02 -2.9000e-01  9.5750e-01]",120
488,2,"[[-0.29898462 -0.29534411  0.33465589]
 [ 0.09483061 -0.30485549  0.32514451]
 [ 0.23479697 -0.29999739  0.33000261]
 [-0.27839844  0.29597235 -0.33402765]
 [ 0.14017446  0.30906569 -0.32093431]
 [-0.29757391  0.28378379 -0.34621621]]","[2242. 2240.  931. 2229. 2240.  931. 1986. 2246.  925. 1956. 2249.  922.
 1894. 2243.  928. 2241. 2232.  938.]","[2235. 2238.  930. 2228. 2226.  938. 1979. 2245.  925. 1974. 2234.  928.
 1894. 2225.  934. 2241. 2200.  973.]","[-1.6672e+01  4.8280e+00  6.8401e+01  1.2210e-01 -6.1000e-02  0.0000e+00
 -9.1800e-02 -2.8320e-01  9.4970e-01]",120
489,2,"[[-0.29972135 -0.29477842  0.33522158]
 [ 0.0911476  -0.30497701  0.32502299]
 [ 0.23298405 -0.30013491  0.32986509]
 [-0.27759437  0.29610716 -0.33389284]
 [ 0.14412798  0.30911705 -0.32088295]
 [-0.29741992  0.29140019 -0.33859981]]","[2243. 2240.  931. 2228. 2241.  930. 1988. 2246.  925. 1954. 2249.  922.
 1896. 2243.  928. 2241. 2237.  934.]","[2235. 2238.  930. 2227. 2226.  938. 1982. 2244.  926. 1970. 2234.  928.
 1895. 2225.  934. 2241. 2211.  959.]","[-16.666    4.823   68.417    0.      -0.1831   0.4272  -0.0918  -0.2798
   0.9541]",120
490,2,"[[-0.30038353 -0.29423808  0.33576192]
 [ 0.08744288 -0.30509735  0.32490265]
 [ 0.23114279 -0.30027204  0.32972796]
 [-0.27677516  0.29624231 -0.33375769]
 [ 0.14805221  0.30916621 -0.32083379]
 [-0.29724706  0.29148117 -0.33851883]]","[2243. 2239.  932. 2228. 2241.  930. 1990. 2246.  925. 1951. 2249.  922.
 1897. 2243.  928. 2241. 2238.  933.]","[2236. 2239.  930. 2226. 2227.  937. 1984. 2244.  926. 1969. 2234.  928.
 1896. 2225.  935. 2241. 2217.  953.]","[-16.672    4.823   68.445   -0.2441  -0.3662   0.7324  -0.0801  -0.27
   0.9536]",120
491,2,"[[-0.300971   -0.29372545  0.33627455]
 [ 0.08371702 -0.30521649  0.32478351]
 [ 0.22927312 -0.30040876  0.32959124]
 [-0.27594078  0.29637776 -0.33362224]
 [ 0.15194621  0.30921316 -0.32078684]
 [-0.29705194  0.2915646  -0.3384354 ]]","[2244. 2239.  932. 2227. 2241.  930. 1993. 2246.  924. 1948. 2249.  922.
 1898. 2243.  928. 2241. 2238.  933.]","[2236. 2237.  931. 2226. 2227.  936. 1987. 2245.  925. 1965. 2234.  928.
 1897. 2226.  934. 2241. 2224.  946.]","[-1.6694e+01  4.8120e+00  6.8483e+01 -9.1550e-01 -5.4930e-01  7.3240e-01
 -6.7900e-02 -2.7640e-01  9.6240e-01]",120
492,2,"[[-0.30148365 -0.29324278  0.33675722]
 [ 0.0799706  -0.30533441  0.32466559]
 [ 0.22737497 -0.30054504  0.32945496]
 [-0.27509119  0.29651347 -0.33348653]
 [ 0.15580906  0.30925788 -0.32074212]
 [-0.29683313  0.29165043 -0.33834957]]","[2244. 2239.  932. 2227. 2241.  930. 1995. 2247.  924. 1946. 2249.  922.
 1899. 2243.  928. 2241. 2238.  933.]","[2238. 2237.  932. 2225. 2227.  935. 1989. 2244.  925. 1962. 2235.  928.
 1898. 2226.  935. 2241. 2227.  943.]","[-1.6721e+01  4.7960e+00  6.8500e+01 -7.3240e-01 -3.6620e-01  2.4410e-01
 -4.6400e-02 -2.8660e-01  9.2190e-01]",120
493,2,"[[-0.30192143 -0.29279223  0.33720777]
 [ 0.0762042  -0.3054511   0.3245489 ]
 [ 0.2254483  -0.30068087  0.32931913]
 [-0.27422637  0.29664941 -0.33335059]
 [ 0.15963985  0.30930037 -0.32069963]
 [-0.29659011  0.29173861 -0.33826139]]","[2244. 2238.  933. 2226. 2241.  930. 1998. 2247.  924. 1943. 2249.  922.
 1901. 2244.  927. 2241. 2238.  933.]","[2238. 2236.  932. 2225. 2227.  934. 1992. 2245.  925. 1959. 2235.  927.
 1899. 2225.  934. 2241. 2228.  941.]","[-1.6776e+01  4.7630e+00  6.8494e+01 -1.7700e+00 -7.9350e-01 -5.4930e-01
 -5.3700e-02 -2.8030e-01  9.9410e-01]",120
494,2,"[[-0.30228458 -0.29237586  0.33762414]
 [ 0.07241841 -0.30556653  0.32443347]
 [ 0.22349302 -0.30081623  0.32918377]
 [-0.27334628  0.29678554 -0.33321446]
 [ 0.1634377   0.30934061 -0.32065939]
 [-0.29632285  0.29182908 -0.33817092]]","[2245. 2238.  933. 2226. 2241.  930. 2000. 2247.  924. 1941. 2249.  922.
 1902. 2244.  927. 2241. 2238.  933.]","[2239. 2236.  933. 2224. 2227.  934. 1993. 2245.  925. 1957. 2236.  927.
 1900. 2226.  935. 2240. 2229.  941.]","[-16.809    4.73    68.467   -0.6714  -0.3052  -0.9155  -0.0962  -0.2871
   0.9292]",120
495,2,"[[-0.30257422 -0.29199561  0.33800439]
 [ 0.06861369 -0.30568069  0.32431931]
 [ 0.22150909 -0.30095109  0.32904891]
 [-0.27245097  0.29692183 -0.33307817]
 [ 0.16720182  0.30937862 -0.32062138]
 [-0.29603156  0.29192178 -0.33807822]]","[2245. 2238.  933. 2225. 2241.  930. 2003. 2247.  924. 1939. 2249.  922.
 1903. 2244.  927. 2240. 2238.  933.]","[2239. 2236.  933. 2224. 2228.  934. 1996. 2245.  925. 1955. 2236.  927.
 1901. 2225.  934. 2240. 2229.  940.]","[-16.831    4.708   68.45    -0.4883  -0.3052  -0.4883  -0.1128  -0.3149
   0.9624]",120
496,2,"[[-0.30279409 -0.2916533   0.3383467 ]
 [ 0.06478998 -0.30579355  0.32420645]
 [ 0.21949634 -0.30108543  0.32891457]
 [-0.27154085  0.29705824 -0.33294176]
 [ 0.17093201  0.30941437 -0.32058563]
 [-0.29571695  0.29201665 -0.33798335]]","[2245. 2238.  933. 2225. 2241.  930. 2005. 2247.  924. 1936. 2249.  922.
 1904. 2244.  927. 2240. 2238.  933.]","[2240. 2236.  934. 2223. 2228.  934. 1998. 2246.  925. 1951. 2236.  927.
 1902. 2226.  934. 2240. 2229.  940.]","[-16.842    4.697   68.45    -0.1831  -0.2441   0.      -0.0894  -0.3169
   0.9375]",120
497,2,"[[-0.30295106 -0.29101422  0.33898578]
 [ 0.06094398 -0.3059051   0.3240949 ]
 [ 0.21745404 -0.30121924  0.32878076]
 [-0.27061846  0.29719474 -0.33280526]
 [ 0.17463114  0.30944786 -0.32055214]
 [-0.29538205  0.29211364 -0.33788636]]","[2245. 2237.  934. 2224. 2241.  930. 2008. 2247.  924. 1934. 2249.  922.
 1906. 2244.  927. 2240. 2238.  933.]","[2240. 2236.  933. 2223. 2228.  933. 2000. 2245.  925. 1949. 2235.  926.
 1903. 2225.  934. 2240. 2229.  940.]","[-16.848    4.691   68.45     0.      -0.1221   0.      -0.0791  -0.3184
   0.9473]",120
498,2,"[[-0.30277914 -0.22562083  0.40437917]
 [ 0.05704448 -0.30601533  0.32398467]
 [ 0.21537644 -0.30135251  0.32864749]
 [-0.2697053   0.29733129 -0.33266871]
 [ 0.17832828  0.30947909 -0.32052091]
 [-0.29505063  0.29221269 -0.33778731]]","[2245. 2195.  976. 2223. 2241.  930. 2010. 2247.  924. 1931. 2249.  922.
 1907. 2244.  927. 2240. 2238.  933.]","[2241. 2235.  934. 2222. 2228.  934. 2003. 2245.  925. 1947. 2235.  926.
 1905. 2225.  934. 2240. 2229.  940.]","[-1.6848e+01  4.6910e+00  6.8445e+01  0.0000e+00 -6.1000e-02 -1.2210e-01
 -8.6900e-02 -3.1150e-01  9.4290e-01]",120
499,2,"[[-0.30102919 -0.17050511  0.45949489]
 [ 0.0530056  -0.30612421  0.32387579]
 [ 0.21323248 -0.30148521  0.32851479]
 [-0.26883535  0.29746787 -0.33253213]
 [ 0.18209598  0.30950805 -0.32049195]
 [-0.29477036  0.29231374 -0.33768626]]","[2244. 2159. 1012. 2223. 2241.  930. 2013. 2247.  924. 1929. 2249.  922.
 1908. 2244.  927. 2240. 2238.  933.]","[2241. 2225.  939. 2221. 2228.  933. 2006. 2245.  925. 1945. 2236.  926.
 1906. 2226.  935. 2240. 2229.  940.]","[-1.6853e+01  4.6910e+00  6.8445e+01  6.1000e-02 -6.1000e-02  0.0000e+00
 -8.3500e-02 -2.9740e-01  9.5020e-01]",120
500,2,"[[-0.29749323 -0.12601653  0.50398347]
 [ 0.0488038  -0.30623178  0.32376822]
 [ 0.21098551 -0.30161735  0.32838265]
 [-0.26797211  0.29760444 -0.33239556]
 [ 0.18594018  0.30953475 -0.32046525]
 [-0.29452226  0.29241671 -0.33758329]]","[2241. 2130. 1041. 2222. 2242.  929. 2016. 2247.  924. 1926. 2249.  922.
 1910. 2244.  927. 2239. 2238.  933.]","[2241. 2207.  961. 2221. 2229.  931. 2008. 2245.  925. 1943. 2236.  926.
 1907. 2226.  934. 2240. 2229.  940.]","[-16.853    4.691   68.45     0.1221  -0.1221   0.      -0.0742  -0.2876
   0.9678]",120
501,2,"[[-0.29219431 -0.09274064  0.53725936]
 [ 0.04443638 -0.30633802  0.32366198]
 [ 0.20861495 -0.30174895  0.32825105]
 [-0.26708627  0.29774098 -0.33225902]
 [ 0.18985157  0.30955918 -0.32044082]
 [-0.29428845  0.29252152 -0.33747848]]","[2238. 2108. 1063. 2222. 2242.  929. 2019. 2247.  924. 1924. 2249.  922.
 1912. 2244.  927. 2239. 2238.  933.]","[2246. 2176.  994. 2221. 2229.  929. 2011. 2242.  926. 1938. 2237.  925.
 1909. 2225.  935. 2240. 2232.  938.]","[-1.6853e+01  4.6310e+00  6.8434e+01  0.0000e+00 -1.5259e+00 -9.7660e-01
  3.8600e-02 -2.2170e-01  8.8380e-01]",120
502,2,"[[-0.28516383 -0.07088616  0.55911384]
 [ 0.03990278 -0.30644296  0.32355704]
 [ 0.2061085  -0.30188001  0.32811999]
 [-0.26616096  0.29787747 -0.33212253]
 [ 0.19382153  0.30958134 -0.32041866]
 [-0.29406031  0.29262813 -0.33737187]]","[2233. 2094. 1077. 2221. 2242.  929. 2021. 2247.  924. 1921. 2249.  922.
 1913. 2244.  927. 2239. 2238.  933.]","[2244. 2156. 1014. 2220. 2229.  931. 2013. 2241.  925. 1935. 2238.  925.
 1910. 2225.  935. 2239. 2233.  938.]","[-16.946    4.466   68.384   -3.0518  -3.9062  -2.7466  -0.1226  -0.2651
   0.6577]",120
503,2,"[[-0.27644346 -0.06055692  0.56944308]
 [ 0.03520378 -0.3065466   0.3234534 ]
 [ 0.20345764 -0.30201056  0.32798944]
 [-0.26518471  0.29801389 -0.33198611]
 [ 0.19784144  0.30960123 -0.32039877]
 [-0.29383304  0.29273646 -0.33726354]]","[2228. 2087. 1084. 2220. 2242.  929. 2025. 2247.  924. 1919. 2249.  922.
 1915. 2244.  927. 2239. 2238.  933.]","[2240. 2133. 1038. 2219. 2229.  932. 2016. 2241.  926. 1932. 2238.  925.
 1911. 2226.  935. 2239. 2234.  937.]","[-17.133    4.263   68.395   -5.249   -5.6763  -0.9155  -0.2949  -0.3799
   1.2378]",120
504,2,"[[-0.26608487 -0.06203576  0.56796424]
 [ 0.03034118 -0.30664894  0.32335106]
 [ 0.20065572 -0.3021406   0.3278594 ]
 [-0.26414839  0.29815023 -0.33184977]
 [ 0.20190244  0.30961884 -0.32038116]
 [-0.29360328  0.29284644 -0.33715356]]","[2221. 2088. 1083. 2220. 2242.  929. 2028. 2247.  924. 1916. 2249.  922.
 1917. 2244.  927. 2239. 2238.  933.]","[2236. 2116. 1055. 2218. 2229.  932. 2019. 2241.  926. 1930. 2238.  925.
 1912. 2226.  935. 2239. 2234.  936.]","[-17.194    4.23    68.511   -0.4272  -1.0986   3.418   -0.0972  -0.3462
   1.125 ]",120
505,2,"[[-0.25414945 -0.06792065  0.56207935]
 [ 0.02531763 -0.30674999  0.32325001]
 [ 0.19769717 -0.30227015  0.32772985]
 [-0.26304385  0.29828649 -0.33171351]
 [ 0.20599526  0.30963417 -0.32036583]
 [-0.29336804  0.29295803 -0.33704197]]","[2213. 2092. 1079. 2219. 2242.  929. 2031. 2247.  923. 1913. 2249.  922.
 1919. 2245.  926. 2239. 2238.  932.]","[2230. 2106. 1065. 2218. 2229.  932. 2021. 2241.  926. 1928. 2238.  925.
 1913. 2225.  934. 2239. 2234.  936.]","[-17.172    4.312   68.555    0.3662   1.4648   1.5869   0.1318  -0.2612
   0.7578]",120
506,2,"[[-0.24070793 -0.06844354  0.56155646]
 [ 0.02013658 -0.30684975  0.32315025]
 [ 0.19457716 -0.30239922  0.32760078]
 [-0.26186343  0.29842266 -0.33157734]
 [ 0.21011031  0.3096472  -0.3203528 ]
 [-0.29312425  0.29307114 -0.33692886]]","[2204. 2092. 1079. 2218. 2242.  929. 2034. 2248.  923. 1911. 2249.  922.
 1921. 2245.  926. 2239. 2239.  932.]","[2221. 2099. 1073. 2217. 2229.  931. 2025. 2241.  926. 1924. 2238.  925.
 1918. 2225.  934. 2239. 2234.  936.]","[-1.7221e+01  4.2630e+00  6.8478e+01 -9.7660e-01 -4.8830e-01 -2.1362e+00
 -6.5400e-02 -3.0620e-01  1.0342e+00]",120
507,2,"[[-0.22583996 -0.06824988  0.56175012]
 [ 0.01480223 -0.30694822  0.32305178]
 [ 0.19129148 -0.30252784  0.32747216]
 [-0.2605997   0.29855873 -0.33144127]
 [ 0.21423764  0.30965792 -0.32034208]
 [-0.2928686   0.29318573 -0.33681427]]","[2195. 2092. 1079. 2217. 2242.  929. 2038. 2248.  923. 1908. 2249.  922.
 1923. 2245.  926. 2238. 2239.  932.]","[2217. 2098. 1074. 2216. 2229.  931. 2027. 2241.  926. 1922. 2238.  925.
 1918. 2225.  934. 2239. 2234.  936.]","[-17.205    4.268   68.439    0.3662   0.5493  -0.8545  -0.0835  -0.2915
   1.022 ]",120
508,2,"[[-0.20963366 -0.06801619  0.56198381]
 [ 0.00931951 -0.3070454   0.3229546 ]
 [ 0.18783651 -0.30265601  0.32734399]
 [-0.25924539  0.29869471 -0.33130529]
 [ 0.21836707  0.30966636 -0.32033364]
 [-0.29259747  0.29330173 -0.33669827]]","[2184. 2092. 1079. 2217. 2242.  929. 2041. 2248.  923. 1905. 2249.  922.
 1925. 2245.  926. 2238. 2239.  932.]","[2209. 2096. 1076. 2216. 2229.  930. 2030. 2241.  926. 1920. 2239.  925.
 1919. 2225.  934. 2239. 2235.  935.]","[-1.7172e+01  4.2900e+00  6.8428e+01  6.7140e-01  7.3240e-01 -6.1000e-02
 -3.6100e-02 -2.7290e-01  8.6570e-01]",120
509,2,"[[-0.19218505 -0.0678558   0.5621442 ]
 [ 0.00369406 -0.30714128  0.32285872]
 [ 0.18420921 -0.30278375  0.32721625]
 [-0.25779336  0.2988306  -0.3311694 ]
 [ 0.22248815  0.30967259 -0.32032741]
 [-0.2923069   0.29341909 -0.33658091]]","[2173. 2092. 1079. 2216. 2242.  929. 2045. 2248.  923. 1902. 2249.  922.
 1927. 2245.  926. 2238. 2239.  932.]","[2201. 2095. 1077. 2215. 2229.  930. 2033. 2241.  925. 1917. 2239.  925.
 1922. 2225.  935. 2238. 2235.  935.]","[-17.183    4.257   68.423   -0.3052  -0.6714  -0.3662  -0.1025  -0.2959
   0.9531]",120
510,2,"[[-0.17359754 -0.06779923  0.56220077]
 [-0.00206784 -0.30723586  0.32276414]
 [ 0.1804071  -0.30291108  0.32708892]
 [-0.25623665  0.2989664  -0.3310336 ]
 [ 0.22659031  0.30967682 -0.32032318]
 [-0.29199265  0.29353776 -0.33646224]]","[2161. 2092. 1079. 2215. 2242.  929. 2049. 2248.  923. 1900. 2249.  922.
 1930. 2245.  926. 2238. 2239.  932.]","[2190. 2095. 1078. 2214. 2229.  930. 2036. 2241.  926. 1914. 2238.  925.
 1923. 2226.  934. 2238. 2235.  935.]","[-17.183    4.252   68.428   -0.1831  -0.2441   0.1221  -0.0972  -0.2954
   0.9897]",120
511,2,"[[-0.1539813  -0.0678658   0.5621342 ]
 [-0.00795926 -0.30732912  0.32267088]
 [ 0.17642829 -0.303038    0.326962  ]
 [-0.25456843  0.29910212 -0.33089788]
 [ 0.23066287  0.30967897 -0.32032103]
 [-0.29165018  0.29365769 -0.33634231]]","[2148. 2092. 1079. 2213. 2242.  928. 2053. 2248.  923. 1897. 2249.  922.
 1932. 2245.  926. 2238. 2239.  932.]","[2176. 2094. 1078. 2213. 2229.  930. 2041. 2241.  925. 1910. 2239.  925.
 1927. 2226.  934. 2238. 2235.  935.]","[-1.7183e+01  4.2570e+00  6.8417e+01  0.0000e+00  1.8310e-01 -2.4410e-01
 -5.5200e-02 -2.9640e-01  9.1940e-01]",120
512,2,"[[-0.13345256 -0.0680748   0.5619252 ]
 [-0.01397267 -0.30742107  0.32257893]
 [ 0.17227148 -0.30316452  0.32683548]
 [-0.25278209  0.29923777 -0.33076223]
 [ 0.23469516  0.30966688 -0.32033312]
 [-0.29127471  0.29377883 -0.33622117]]","[2134. 2092. 1079. 2212. 2243.  928. 2057. 2248.  923. 1895. 2249.  922.
 1935. 2245.  926. 2237. 2239.  932.]","[2169. 2094. 1078. 2213. 2229.  929. 2043. 2241.  925. 1908. 2239.  925.
 1929. 2226.  933. 2238. 2235.  935.]","[-1.7188e+01  4.2460e+00  6.8379e+01 -1.2210e-01  6.1000e-02 -9.7660e-01
 -7.5700e-02 -3.0660e-01  9.6090e-01]",120
513,2,"[[-0.11213297 -0.06844743  0.56155257]
 [-0.02009998 -0.30751168  0.32248832]
 [ 0.16793601 -0.30329066  0.32670934]
 [-0.2508712   0.29937336 -0.33062664]
 [ 0.23867651  0.30959002 -0.32040998]
 [-0.29086122  0.29390114 -0.33609886]]","[2121. 2092. 1079. 2211. 2243.  928. 2061. 2248.  923. 1892. 2249.  922.
 1938. 2245.  926. 2237. 2239.  932.]","[2156. 2094. 1078. 2212. 2229.  928. 2046. 2241.  926. 1906. 2239.  925.
 1931. 2225.  932. 2237. 2235.  935.]","[-17.183    4.246   68.346    0.       0.2441  -0.7324  -0.0732  -0.3022
   0.9604]",120
514,2,"[[-0.12466252 -0.06631856  0.56368144]
 [-0.01651217 -0.30743854  0.32256146]
 [ 0.17263305 -0.30278525  0.32721475]
 [-0.25200324  0.29927816 -0.33072184]
 [ 0.23636023  0.30963774 -0.32036226]
 [-0.29110762  0.29382138 -0.33617862]]","[2129. 2091. 1080. 2212. 2243.  928. 2058. 2248.  923. 1893. 2249.  922.
 1935. 2245.  926. 2237. 2239.  932.]","[2139. 2094. 1078. 2210. 2229.  927. 2051. 2241.  925. 1902. 2239.  925.
 1935. 2225.  933. 2237. 2236.  935.]","[-1.7183e+01  4.2460e+00  6.8324e+01  6.1000e-02  1.8310e-01 -4.8830e-01
 -6.2000e-02 -2.9490e-01  9.3510e-01]",120
515,2,"[[-0.10305058 -0.06664152  0.56335848]
 [-0.0226844  -0.30752911  0.32247089]
 [ 0.16822999 -0.30291606  0.32708394]
 [-0.25003866  0.29941384 -0.33058616]
 [ 0.24031724  0.3095249  -0.3204751 ]
 [-0.29067676  0.29394412 -0.33605588]]","[2115. 2091. 1080. 2210. 2243.  928. 2062. 2248.  923. 1891. 2249.  922.
 1938. 2245.  926. 2237. 2239.  932.]","[2133. 2094. 1078. 2210. 2229.  927. 2052. 2241.  926. 1901. 2239.  925.
 1936. 2226.  932. 2237. 2235.  935.]","[-1.7183e+01  4.2350e+00  6.8302e+01 -6.1000e-02 -6.1000e-02 -5.4930e-01
 -6.5900e-02 -2.9390e-01  9.5260e-01]",120
516,2,"[[-0.08082797 -0.0671621   0.5628379 ]
 [-0.02895816 -0.30761832  0.32238168]
 [ 0.16364834 -0.30304653  0.32695347]
 [-0.24794087  0.29954948 -0.33045052]
 [ 0.2442084   0.30935503 -0.32064497]
 [-0.29020041  0.29406799 -0.33593201]]","[2100. 2091. 1080. 2209. 2243.  928. 2066. 2248.  923. 1888. 2249.  922.
 1941. 2245.  926. 2237. 2239.  932.]","[2126. 2094. 1079. 2209. 2229.  926. 2054. 2241.  925. 1900. 2240.  925.
 1937. 2225.  932. 2237. 2236.  935.]","[-1.7188e+01  4.2240e+00  6.8269e+01 -6.1000e-02  0.0000e+00 -8.5450e-01
 -6.1000e-02 -2.9350e-01  9.6440e-01]",120
517,2,"[[-0.05812636 -0.06790672  0.56209328]
 [-0.03532416 -0.30770615  0.32229385]
 [ 0.15888894 -0.30317668  0.32682332]
 [-0.24570405  0.2996851  -0.3303149 ]
 [ 0.24802342  0.30913227 -0.32086773]
 [-0.28967308  0.29419294 -0.33580706]]","[2085. 2092. 1079. 2208. 2243.  928. 2071. 2248.  923. 1886. 2249.  922.
 1944. 2245.  926. 2236. 2239.  932.]","[2118. 2093. 1079. 2207. 2229.  926. 2058. 2241.  925. 1897. 2241.  925.
 1939. 2225.  931. 2236. 2236.  934.]","[-1.7183e+01  4.2190e+00  6.8214e+01  6.1000e-02  3.6620e-01 -1.2817e+00
 -7.5200e-02 -3.0520e-01  9.4530e-01]",120
518,2,"[[-0.0350803  -0.068904    0.561096  ]
 [-0.04177266 -0.30779257  0.32220743]
 [ 0.15395323 -0.30330651  0.32669349]
 [-0.24332271  0.2998207  -0.3301793 ]
 [ 0.25175222  0.30885903 -0.32114097]
 [-0.28908912  0.29431894 -0.33568106]]","[2070. 2092. 1079. 2206. 2243.  928. 2075. 2248.  923. 1883. 2249.  922.
 1947. 2245.  926. 2236. 2239.  932.]","[2110. 2093. 1078. 2206. 2229.  926. 2060. 2242.  926. 1896. 2241.  925.
 1941. 2226.  931. 2236. 2237.  934.]","[-17.199    4.219   68.165   -0.1831   0.2441  -1.1597  -0.0869  -0.3052
   0.9375]",120
519,2,"[[-0.01182634 -0.0701847   0.5598153 ]
 [-0.04829355 -0.30787757  0.32212243]
 [ 0.14884334 -0.30343601  0.32656399]
 [-0.24079167  0.2999563  -0.3300437 ]
 [ 0.25538506  0.30853769 -0.32146231]
 [-0.28844276  0.29444598 -0.33555402]]","[2055. 2093. 1078. 2204. 2243.  928. 2079. 2248.  923. 1881. 2249.  922.
 1950. 2245.  926. 2236. 2239.  932.]","[2095. 2094. 1078. 2206. 2229.  926. 2063. 2241.  925. 1894. 2241.  925.
 1943. 2226.  931. 2236. 2236.  934.]","[-17.21     4.213   68.148   -0.1831   0.      -0.4883  -0.0962  -0.3179
   0.9438]",120
520,2,"[[ 0.01149769 -0.07178167  0.55821833]
 [-0.05487639 -0.30796111  0.32203889]
 [ 0.14356199 -0.30356518  0.32643482]
 [-0.23810609  0.30009191 -0.32990809]
 [ 0.25891255  0.30817084 -0.32182916]
 [-0.2877281   0.29457402 -0.33542598]]","[2040. 2094. 1077. 2203. 2243.  928. 2083. 2248.  923. 1879. 2248.  923.
 1954. 2245.  926. 2235. 2240.  931.]","[2082. 2093. 1078. 2204. 2229.  926. 2066. 2241.  925. 1891. 2241.  925.
 1945. 2226.  931. 2236. 2236.  934.]","[-1.7221e+01  4.2080e+00  6.8159e+01  0.0000e+00 -2.4410e-01  6.1000e-02
 -2.9800e-02 -2.8710e-01  9.5610e-01]",120
521,2,"[[ 0.03475359 -0.07372975  0.55627025]
 [-0.06151042 -0.30804317  0.32195683]
 [ 0.1381126  -0.30369402  0.32630598]
 [-0.23526151  0.30022755 -0.32977245]
 [ 0.26232569  0.30776121 -0.32223879]
 [-0.28693916  0.29470304 -0.33529696]]","[2025. 2096. 1075. 2201. 2243.  928. 2088. 2248.  923. 1876. 2248.  923.
 1957. 2245.  925. 2235. 2240.  931.]","[2061. 2094. 1077. 2203. 2229.  926. 2071. 2241.  925. 1887. 2241.  925.
 1950. 2226.  930. 2235. 2237.  934.]","[-1.7221e+01  4.2020e+00  6.8154e+01  1.8310e-01  2.4410e-01 -8.5450e-01
 -5.9600e-02 -2.8960e-01  9.8340e-01]",120
522,2,"[[ 0.05780354 -0.07606568  0.55393432]
 [-0.06818466 -0.30812371  0.32187629]
 [ 0.13249917 -0.30382253  0.32617747]
 [-0.23225389  0.30036324 -0.32963676]
 [ 0.26561599  0.30731167 -0.32268833]
 [-0.28606986  0.29483302 -0.33516698]]","[2010. 2097. 1074. 2199. 2243.  928. 2092. 2248.  923. 1874. 2248.  923.
 1961. 2246.  925. 2234. 2240.  931.]","[2052. 2095. 1076. 2202. 2229.  926. 2074. 2241.  925. 1885. 2241.  925.
 1952. 2226.  930. 2235. 2237.  934.]","[-17.21     4.197   68.11     0.5493   0.6104  -1.0986  -0.083   -0.272
   0.9429]",120
523,2,"[[ 0.08051095 -0.078828    0.551172  ]
 [-0.07488796 -0.30820271  0.32179729]
 [ 0.12672637 -0.30395068  0.32604932]
 [-0.22907959  0.30049898 -0.32950102]
 [ 0.26877543  0.30682522 -0.32317478]
 [-0.28511409  0.29496396 -0.33503604]]","[1995. 2099. 1072. 2197. 2243.  928. 2096. 2248.  923. 1872. 2248.  923.
 1965. 2246.  925. 2233. 2240.  931.]","[2036. 2096. 1075. 2200. 2229.  926. 2077. 2241.  926. 1883. 2241.  925.
 1956. 2226.  929. 2234. 2237.  934.]","[-17.194    4.202   68.066    0.       0.1831  -0.8545  -0.0884  -0.2695
   0.9395]",120
524,2,"[[ 0.10274124 -0.08205698  0.54794302]
 [-0.08160898 -0.30828013  0.32171987]
 [ 0.12079949 -0.30407848  0.32592152]
 [-0.22573546  0.30063479 -0.32936521]
 [ 0.27179657  0.30630497 -0.32369503]
 [-0.28406569  0.29509583 -0.33490417]]","[1981. 2101. 1070. 2195. 2243.  927. 2101. 2248.  923. 1870. 2247.  924.
 1969. 2246.  925. 2233. 2240.  931.]","[2017. 2098. 1073. 2197. 2229.  926. 2083. 2242.  925. 1880. 2241.  925.
 1960. 2225.  928. 2233. 2237.  934.]","[-1.7188e+01  4.1970e+00  6.8033e+01 -3.0520e-01 -6.1000e-02 -6.7140e-01
 -9.2300e-02 -2.8520e-01  9.6240e-01]",120
525,2,"[[ 0.12436268 -0.08579443  0.54420557]
 [-0.08833635 -0.30835592  0.32164408]
 [ 0.11472441 -0.3042059   0.3257941 ]
 [-0.22221881  0.30077067 -0.32922933]
 [ 0.27467255  0.30575409 -0.32424591]
 [-0.28291849  0.29522863 -0.33477137]]","[1966. 2103. 1068. 2192. 2244.  927. 2105. 2249.  922. 1868. 2247.  924.
 1973. 2246.  925. 2232. 2240.  931.]","[2007. 2099. 1072. 2196. 2229.  925. 2086. 2241.  925. 1879. 2241.  926.
 1963. 2226.  928. 2233. 2238.  933.]","[-17.199    4.197   68.005   -0.1831   0.1221  -0.6104  -0.0757  -0.292
   0.9497]",120
526,2,"[[ 0.14524714 -0.09008366  0.53991634]
 [-0.09505864 -0.30843007  0.32156993]
 [ 0.1085076  -0.30433293  0.32566707]
 [-0.21852746  0.30090665 -0.32909335]
 [ 0.27739716  0.30517585 -0.32482415]
 [-0.28166634  0.29536235 -0.33463765]]","[1953. 2106. 1065. 2190. 2244.  927. 2109. 2249.  922. 1867. 2246.  925.
 1977. 2246.  925. 2231. 2240.  931.]","[1992. 2101. 1070. 2193. 2229.  925. 2090. 2241.  925. 1877. 2241.  925.
 1967. 2226.  927. 2233. 2238.  934.]","[-1.7199e+01  4.1970e+00  6.7978e+01 -2.4410e-01  1.8310e-01 -8.5450e-01
 -6.6900e-02 -3.0220e-01  9.4190e-01]",120
527,2,"[[ 0.16527086 -0.09496926  0.53503074]
 [-0.10176444 -0.30850251  0.32149749]
 [ 0.10215611 -0.30445955  0.32554045]
 [-0.21465977  0.30104272 -0.32895728]
 [ 0.27996484  0.30457354 -0.32542646]
 [-0.28030313  0.29549699 -0.33450301]]","[1940. 2109. 1062. 2187. 2244.  927. 2114. 2249.  922. 1865. 2246.  925.
 1981. 2246.  925. 2230. 2240.  931.]","[1973. 2104. 1067. 2190. 2229.  925. 2096. 2241.  925. 1874. 2241.  926.
 1972. 2226.  926. 2232. 2238.  933.]","[-17.205    4.191   67.939   -0.1831   0.1831  -1.0986  -0.0723  -0.3066
   0.9595]",120
528,2,"[[ 0.18431518 -0.10049699  0.52950301]
 [-0.10844241 -0.30857323  0.32142677]
 [ 0.09567756 -0.30458573  0.32541427]
 [-0.21061465  0.3011789  -0.3288211 ]
 [ 0.28237076  0.3039505  -0.3260495 ]
 [-0.27882282  0.29563255 -0.33436745]]","[1927. 2113. 1058. 2185. 2244.  927. 2118. 2249.  922. 1863. 2246.  925.
 1985. 2246.  925. 2229. 2240.  931.]","[1964. 2106. 1065. 2188. 2229.  926. 2099. 2242.  924. 1873. 2241.  926.
 1975. 2227.  926. 2231. 2238.  933.]","[-1.7216e+01  4.1910e+00  6.7896e+01 -6.1000e-02  3.6620e-01 -1.0376e+00
 -6.9800e-02 -3.0960e-01  9.4630e-01]",120
529,2,"[[ 0.20226724 -0.10671352  0.52328648]
 [-0.11508136 -0.30864216  0.32135784]
 [ 0.08908005 -0.30471146  0.32528854]
 [-0.20639157  0.30131518 -0.32868482]
 [ 0.28461076  0.30331009 -0.32668991]
 [-0.27721945  0.29576901 -0.33423099]]","[1916. 2117. 1054. 2182. 2244.  927. 2123. 2249.  922. 1862. 2245.  926.
 1989. 2246.  925. 2228. 2240.  931.]","[1950. 2109. 1062. 2186. 2229.  925. 2103. 2242.  924. 1870. 2241.  926.
 1979. 2228.  925. 2229. 2237.  933.]","[-17.221    4.197   67.852   -0.1831   0.1831  -0.9155  -0.0693  -0.3071
   0.9355]",120
530,2,"[[ 0.21902066 -0.11366633  0.51633367]
 [-0.12167026 -0.30870927  0.32129073]
 [ 0.08237219 -0.3048367   0.3251633 ]
 [-0.20199062  0.30145158 -0.32854842]
 [ 0.28668147  0.30265566 -0.32734434]
 [-0.27548722  0.29590638 -0.33409362]]","[1905. 2122. 1049. 2179. 2244.  927. 2127. 2249.  922. 1861. 2245.  926.
 1994. 2246.  925. 2227. 2240.  931.]","[1934. 2114. 1057. 2183. 2229.  925. 2108. 2242.  924. 1868. 2241.  927.
 1984. 2228.  924. 2228. 2238.  933.]","[-1.7232e+01  4.1910e+00  6.7819e+01 -3.0520e-01  6.1000e-02 -6.7140e-01
 -6.5900e-02 -3.0860e-01  9.5750e-01]",120
531,2,"[[ 0.23447615 -0.12140337  0.50859663]
 [-0.12819831 -0.30877452  0.32122548]
 [ 0.07556306 -0.30496142  0.32503858]
 [-0.19741247  0.30158809 -0.32841191]
 [ 0.28858027  0.30199057 -0.32800943]
 [-0.27362048  0.29604467 -0.33395533]]","[1895. 2127. 1044. 2176. 2244.  927. 2131. 2249.  922. 1859. 2244.  927.
 1998. 2246.  925. 2226. 2240.  930.]","[1925. 2116. 1055. 2181. 2229.  925. 2112. 2242.  924. 1867. 2241.  927.
 1987. 2228.  923. 2227. 2238.  934.]","[-1.7243e+01  4.1860e+00  6.7791e+01 -6.1000e-02  1.8310e-01 -6.7140e-01
 -5.9600e-02 -3.0220e-01  9.5170e-01]",120
532,2,"[[ 0.24854212 -0.12997286  0.50002714]
 [-0.134655   -0.30883786  0.32116214]
 [ 0.06866214 -0.30508558  0.32491442]
 [-0.19265844  0.30172471 -0.32827529]
 [ 0.29030528  0.30131815 -0.32868185]
 [-0.27161377  0.29618387 -0.33381613]]","[1885. 2132. 1039. 2173. 2244.  927. 2135. 2249.  922. 1858. 2244.  927.
 2003. 2246.  925. 2225. 2241.  930.]","[1915. 2121. 1051. 2178. 2229.  925. 2116. 2242.  924. 1865. 2241.  927.
 1991. 2229.  923. 2227. 2238.  933.]","[-17.249    4.186   67.758    0.       0.2441  -0.7935  -0.0698  -0.2993
   0.9507]",120
533,2,"[[ 0.26113523 -0.13942304  0.49057696]
 [-0.14103015 -0.30889925  0.32110075]
 [ 0.06167932 -0.30520917  0.32479083]
 [-0.18773044  0.30186145 -0.32813855]
 [ 0.29185545  0.30064171 -0.32935829]
 [-0.26946188  0.29632399 -0.33367601]]","[1877. 2138. 1033. 2170. 2244.  927. 2139. 2249.  922. 1857. 2243.  927.
 2007. 2246.  925. 2223. 2241.  930.]","[1904. 2126. 1046. 2175. 2229.  925. 2120. 2242.  924. 1863. 2241.  928.
 1995. 2229.  922. 2226. 2238.  932.]","[-17.249    4.186   67.725    0.       0.2441  -0.7324  -0.0757  -0.2983
   0.9448]",120
534,2,"[[ 0.27218082 -0.14980182  0.48019818]
 [-0.14731393 -0.30895863  0.32104137]
 [ 0.05462482 -0.30533212  0.32466788]
 [-0.18263105  0.30199828 -0.32800172]
 [ 0.29323047  0.29996451 -0.33003549]
 [-0.26715988  0.29646502 -0.33353498]]","[1870. 2145. 1026. 2167. 2244.  927. 2144. 2249.  922. 1856. 2243.  928.
 2012. 2247.  924. 2222. 2241.  930.]","[1894. 2131. 1041. 2172. 2229.  925. 2124. 2241.  923. 1861. 2242.  927.
 2000. 2228.  922. 2225. 2239.  932.]","[-17.254    4.186   67.698   -0.1221   0.1221  -0.5493  -0.0786  -0.2954
   0.9473]",120
535,2,"[[ 0.28161347 -0.16115652  0.46884348]
 [-0.15349697 -0.30901597  0.32098403]
 [ 0.04750917 -0.30545442  0.32454558]
 [-0.17736348  0.30213521 -0.32786479]
 [ 0.29443084  0.29928976 -0.33071024]
 [-0.26470312  0.29660698 -0.33339302]]","[1864. 2153. 1018. 2163. 2244.  927. 2148. 2249.  922. 1856. 2243.  928.
 2017. 2247.  924. 2220. 2241.  930.]","[1884. 2136. 1036. 2170. 2230.  925. 2128. 2242.  923. 1860. 2242.  928.
 2004. 2229.  922. 2223. 2238.  932.]","[-17.26     4.18    67.676   -0.2441   0.      -0.4272  -0.0688  -0.2935
   0.9512]",120
536,2,"[[ 0.28937727 -0.1735335   0.4564665 ]
 [-0.15957034 -0.30907121  0.32092879]
 [ 0.04034313 -0.305576    0.324424  ]
 [-0.17193158  0.30227223 -0.32772777]
 [ 0.29545782  0.29862061 -0.33137939]
 [-0.26208734  0.29674986 -0.33325014]]","[1859. 2161. 1010. 2160. 2245.  926. 2152. 2249.  922. 1855. 2242.  929.
 2021. 2247.  924. 2218. 2241.  930.]","[1874. 2145. 1027. 2165. 2229.  925. 2133. 2241.  923. 1858. 2241.  929.
 2010. 2231.  922. 2221. 2239.  932.]","[-1.7276e+01  4.1750e+00  6.7659e+01 -3.6620e-01  0.0000e+00 -4.2720e-01
 -5.9600e-02 -2.9930e-01  9.4730e-01]",120
537,2,"[[ 0.2954262  -0.18697788  0.44302212]
 [-0.16552561 -0.30912431  0.32087569]
 [ 0.03313772 -0.30569683  0.32430317]
 [-0.16633983  0.30240932 -0.32759068]
 [ 0.29631343  0.29796014 -0.33203986]
 [-0.25930863  0.29689366 -0.33310634]]","[1855. 2169. 1002. 2156. 2245.  926. 2155. 2249.  922. 1854. 2242.  929.
 2026. 2247.  924. 2217. 2241.  930.]","[1868. 2152. 1020. 2162. 2229.  925. 2138. 2242.  923. 1857. 2241.  929.
 2014. 2231.  922. 2219. 2239.  932.]","[-1.7287e+01  4.1690e+00  6.7643e+01 -2.4410e-01  0.0000e+00 -4.8830e-01
 -6.5900e-02 -3.0370e-01  9.5460e-01]",120
538,2,"[[ 0.29972443 -0.20153315  0.42846685]
 [-0.1713549  -0.30917523  0.32082477]
 [ 0.02590407 -0.30581686  0.32418314]
 [-0.16059335  0.30254646 -0.32745354]
 [ 0.29700046  0.29731136 -0.33268864]
 [-0.25636351  0.2970384  -0.3329616 ]]","[1852. 2179.  992. 2152. 2245.  926. 2159. 2249.  922. 1854. 2241.  930.
 2031. 2247.  924. 2215. 2241.  930.]","[1864. 2158. 1015. 2159. 2229.  924. 2141. 2242.  923. 1856. 2241.  930.
 2017. 2231.  922. 2218. 2239.  932.]","[-17.298    4.164   67.621   -0.3052   0.      -0.4883  -0.0776  -0.3062
   0.938 ]",120
539,3,"[[ 0.30224632 -0.21724087  0.41275913]
 [-0.1770509  -0.30922392  0.32077608]
 [ 0.01865346 -0.30593605  0.32406395]
 [-0.15469787  0.30268364 -0.32731636]
 [ 0.29752249  0.29667718 -0.33332282]
 [-0.25324898  0.29718406 -0.33281594]]","[1850. 2189.  982. 2148. 2245.  926. 2163. 2249.  922. 1854. 2241.  930.
 2035. 2247.  924. 2213. 2241.  930.]","[1859. 2165. 1007. 2156. 2229.  924. 2144. 2242.  924. 1855. 2240.  930.
 2021. 2231.  922. 2217. 2239.  931.]","[-1.7314e+01  4.1530e+00  6.7610e+01 -3.6620e-01 -1.8310e-01 -3.0520e-01
 -6.4000e-02 -3.0660e-01  9.4680e-01]",120
540,3,"[[ 0.30298515 -0.2341402   0.3958598 ]
 [-0.18260952 -0.30927034  0.32072966]
 [ 0.0113972  -0.30605433  0.32394567]
 [-0.14866239  0.30282084 -0.32717916]
 [ 0.29788693  0.29606044 -0.33393956]
 [-0.24996517  0.29733065 -0.33266935]]","[1850. 2200.  971. 2144. 2245.  926. 2167. 2249.  922. 1853. 2241.  930.
 2040. 2247.  924. 2210. 2241.  930.]","[1856. 2174.  998. 2152. 2229.  924. 2148. 2242.  923. 1854. 2240.  930.
 2025. 2231.  922. 2214. 2239.  932.]","[-17.331    4.142   67.599   -0.2441  -0.1221  -0.2441  -0.0679  -0.3076
   0.9644]",120
541,3,"[[ 0.30286922 -0.2521765   0.3778235 ]
 [-0.18807483 -0.30931443  0.32068557]
 [ 0.00414299 -0.30617166  0.32382834]
 [-0.14254352  0.30295803 -0.32704197]
 [ 0.2981447   0.29546387 -0.33453613]
 [-0.24656392  0.29747817 -0.33252183]]","[1850. 2212.  959. 2140. 2245.  926. 2170. 2249.  922. 1853. 2240.  931.
 2045. 2247.  924. 2208. 2241.  930.]","[1853. 2183.  994. 2149. 2229.  924. 2151. 2242.  923. 1854. 2240.  931.
 2029. 2232.  922. 2212. 2240.  931.]","[-17.336    4.136   67.593   -0.1221   0.      -0.1221  -0.0737  -0.2988
   0.939 ]",120
542,3,"[[ 0.30267707 -0.27083116  0.35916884]
 [-0.19347487 -0.30935618  0.32064382]
 [-0.00311022 -0.30628799  0.32371201]
 [-0.13637966  0.30309517 -0.32690483]
 [ 0.29832067  0.29489009 -0.33510991]
 [-0.24308851  0.2976266  -0.3323734 ]]","[1850. 2224.  947. 2136. 2245.  926. 2174. 2249.  922. 1853. 2240.  931.
 2050. 2247.  924. 2206. 2242.  929.]","[1851. 2188.  983. 2144. 2229.  924. 2156. 2242.  924. 1854. 2240.  931.
 2034. 2232.  922. 2210. 2240.  931.]","[-17.347    4.131   67.593   -0.3052  -0.1831   0.      -0.0757  -0.3022
   0.9424]",120
543,3,"[[ 0.30241817 -0.29013018  0.33986982]
 [-0.19879314 -0.30939555  0.32060445]
 [-0.01036177 -0.30640328  0.32359672]
 [-0.13016474  0.30323223 -0.32676777]
 [ 0.29787899  0.29434137 -0.33565863]
 [-0.239536    0.29777589 -0.33222411]]","[1850. 2237.  934. 2132. 2245.  926. 2177. 2249.  922. 1853. 2239.  932.
 2054. 2247.  924. 2204. 2242.  929.]","[1851. 2197.  972. 2141. 2229.  924. 2160. 2242.  923. 1853. 2239.  932.
 2039. 2232.  922. 2208. 2240.  931.]","[-1.7353e+01  4.1360e+00  6.7599e+01  6.1000e-02  1.2210e-01  3.0520e-01
 -9.3300e-02 -3.0420e-01  9.9370e-01]",120
544,3,"[[ 0.30208691 -0.29142704  0.33857296]
 [-0.20401633 -0.30943249  0.32056751]
 [-0.01760854 -0.30651746  0.32348254]
 [-0.12389504  0.30336916 -0.32663084]
 [ 0.29548704  0.29381822 -0.33618178]
 [-0.23590293  0.29792602 -0.33207398]]","[1851. 2237.  933. 2128. 2245.  926. 2180. 2249.  922. 1855. 2239.  932.
 2059. 2247.  924. 2201. 2242.  929.]","[1851. 2209.  962. 2136. 2229.  926. 2165. 2244.  923. 1853. 2238.  933.
 2044. 2232.  922. 2205. 2240.  931.]","[-1.7336e+01  4.1640e+00  6.7604e+01  6.1040e-01  9.7660e-01  4.8830e-01
 -3.8600e-02 -3.1450e-01  9.4480e-01]",120
545,3,"[[ 0.30168132 -0.29150969  0.33849031]
 [-0.20913602 -0.30946697  0.32053303]
 [-0.02484647 -0.30663048  0.32336952]
 [-0.11757071  0.30350589 -0.32649411]
 [ 0.29101178  0.2933234  -0.3366766 ]
 [-0.23218836  0.29807695 -0.33192305]]","[1851. 2238.  933. 2124. 2245.  926. 2184. 2249.  922. 1858. 2239.  932.
 2064. 2247.  924. 2199. 2242.  929.]","[1851. 2215.  954. 2132. 2229.  927. 2169. 2246.  923. 1852. 2237.  933.
 2048. 2233.  922. 2204. 2240.  931.]","[-17.298    4.224   67.61     1.1597   1.709    0.6104  -0.0957  -0.3418
   1.0269]",120
546,3,"[[ 0.30120092 -0.29159505  0.33840495]
 [-0.21414646 -0.30949893  0.32050107]
 [-0.03207119 -0.30674228  0.32325772]
 [-0.11119385  0.3036424  -0.3263576 ]
 [ 0.28444585  0.29286001 -0.33713999]
 [-0.22839284  0.29822862 -0.33177138]]","[1851. 2238.  933. 2120. 2245.  926. 2187. 2249.  922. 1862. 2238.  933.
 2068. 2247.  924. 2196. 2242.  929.]","[1851. 2219.  949. 2128. 2229.  927. 2175. 2248.  923. 1853. 2238.  934.
 2054. 2233.  922. 2200. 2239.  931.]","[-1.7243e+01  4.3120e+00  6.7621e+01  1.8921e+00  2.4414e+00  1.0986e+00
 -5.6200e-02 -3.5300e-01  9.3020e-01]",120
547,3,"[[ 0.30064565 -0.29168308  0.33831692]
 [-0.21904328 -0.30952835  0.32047165]
 [-0.03927826 -0.30685281  0.32314719]
 [-0.10476748  0.30377862 -0.32622138]
 [ 0.27581185  0.29243038 -0.33756962]
 [-0.22451759  0.29838102 -0.33161898]]","[1852. 2238.  933. 2116. 2246.  925. 2190. 2249.  922. 1868. 2238.  933.
 2073. 2248.  923. 2194. 2242.  929.]","[1851. 2221.  946. 2125. 2229.  927. 2179. 2247.  923. 1856. 2237.  934.
 2058. 2234.  922. 2198. 2239.  931.]","[-1.7183e+01  4.4060e+00  6.7632e+01  1.7090e+00  2.0142e+00  1.0376e+00
 -5.5700e-02 -3.4230e-01  8.8330e-01]",120
548,3,"[[ 0.30001562 -0.29177374  0.33822626]
 [-0.22382279 -0.30955519  0.32044481]
 [-0.04646327 -0.30696201  0.32303799]
 [-0.09829499  0.30391451 -0.32608549]
 [ 0.26515666  0.29203659 -0.33796341]
 [-0.22056415  0.29853408 -0.33146592]]","[1852. 2238.  933. 2112. 2246.  925. 2193. 2249.  922. 1875. 2238.  933.
 2078. 2248.  923. 2191. 2242.  929.]","[1852. 2222.  945. 2122. 2229.  927. 2182. 2248.  923. 1859. 2236.  934.
 2061. 2234.  922. 2196. 2240.  931.]","[-17.133    4.471   67.643    1.3428   1.1597   0.6104  -0.0747  -0.3184
   0.9243]",120
549,3,"[[ 0.29931097 -0.291867    0.338133  ]
 [-0.2284816  -0.30957941  0.32042059]
 [-0.05362182 -0.30706983  0.32293017]
 [-0.09177991  0.30405002 -0.32594998]
 [ 0.25254848  0.29168057 -0.33831943]
 [-0.21653423  0.29868778 -0.33131222]]","[1852. 2238.  933. 2107. 2246.  925. 2196. 2249.  922. 1883. 2238.  933.
 2082. 2248.  923. 2189. 2242.  929.]","[1851. 2222.  944. 2121. 2229.  927. 2185. 2248.  923. 1864. 2236.  934.
 2065. 2234.  922. 2194. 2239.  931.]","[-17.106    4.51    67.654    0.8545   0.5493   0.4883  -0.0859  -0.2871
   0.9434]",120
550,3,"[[ 0.29853187 -0.29196282  0.33803718]
 [-0.23301653 -0.30960098  0.32039902]
 [-0.06074952 -0.30717622  0.32282378]
 [-0.08522586  0.3041851  -0.3258149 ]
 [ 0.23807501  0.29136405 -0.33863595]
 [-0.21242956  0.29884206 -0.33115794]]","[1853. 2238.  933. 2103. 2246.  925. 2199. 2249.  922. 1892. 2237.  934.
 2087. 2248.  923. 2186. 2242.  929.]","[1852. 2223.  944. 2117. 2229.  927. 2189. 2248.  923. 1869. 2236.  934.
 2068. 2234.  921. 2191. 2239.  931.]","[-1.7089e+01  4.5260e+00  6.7670e+01  6.7140e-01  3.0520e-01  4.2720e-01
 -6.5900e-02 -2.5980e-01  9.4090e-01]",120
551,3,"[[ 0.29767853 -0.29206116  0.33793884]
 [-0.23742454 -0.30961987  0.32038013]
 [-0.06784203 -0.30728112  0.32271888]
 [-0.07863646  0.30431969 -0.32568031]
 [ 0.22184214  0.225502   -0.404498  ]
 [-0.20825196  0.2989969  -0.3310031 ]]","[1853. 2238.  933. 2099. 2246.  925. 2202. 2249.  922. 1903. 2195.  976.
 2092. 2248.  923. 2183. 2242.  929.]","[1852. 2222.  944. 2113. 2229.  927. 2192. 2248.  923. 1875. 2236.  935.
 2072. 2234.  921. 2190. 2239.  931.]","[-1.7073e+01  4.5370e+00  6.7670e+01  2.4410e-01  1.8310e-01 -2.4410e-01
 -6.1500e-02 -2.4800e-01  9.5210e-01]",120
552,3,"[[ 0.29675115 -0.29216197  0.33783803]
 [-0.24170264 -0.30963604  0.32036396]
 [-0.07489503 -0.30738447  0.32261553]
 [-0.07201534  0.30445376 -0.32554624]
 [ 0.20397254  0.1672486  -0.4627514 ]
 [-0.20400322  0.29915224 -0.33084776]]","[1854. 2238.  933. 2094. 2246.  925. 2205. 2249.  922. 1915. 2157. 1014.
 2096. 2248.  923. 2180. 2243.  928.]","[1853. 2223.  943. 2108. 2229.  927. 2195. 2248.  923. 1883. 2229.  942.
 2076. 2235.  921. 2186. 2239.  931.]","[-17.067    4.532   67.648    0.1221   0.2441  -0.6714  -0.0874  -0.2656
   0.9717]",120
553,3,"[[ 0.29574996 -0.29226523  0.33773477]
 [-0.24584797 -0.30964946  0.32035054]
 [-0.08190425 -0.30748623  0.32251377]
 [-0.06536614  0.30458725 -0.32541275]
 [ 0.18460422  0.11989986 -0.51010014]
 [-0.1996852   0.29930803 -0.33069197]]","[1855. 2238.  933. 2090. 2246.  925. 2208. 2249.  922. 1927. 2126. 1045.
 2101. 2248.  923. 2178. 2243.  928.]","[1854. 2223.  942. 2103. 2229.  927. 2198. 2248.  923. 1893. 2209.  963.
 2081. 2234.  921. 2183. 2239.  931.]","[-17.062    4.532   67.632    0.       0.1221  -0.3052  -0.106   -0.2695
   0.9487]",120
554,3,"[[ 0.29467521 -0.29237089  0.33762911]
 [-0.24985772 -0.30966013  0.32033987]
 [-0.08886542 -0.30758634  0.32241366]
 [-0.05869247  0.3047201  -0.3252799 ]
 [ 0.16388889  0.08370048 -0.54629952]
 [-0.19529973  0.29946425 -0.33053575]]","[1855. 2238.  933. 2086. 2246.  925. 2210. 2249.  922. 1941. 2102. 1069.
 2105. 2248.  923. 2175. 2243.  928.]","[1855. 2223.  941. 2099. 2229.  927. 2201. 2248.  923. 1908. 2182.  991.
 2086. 2234.  921. 2180. 2240.  931.]","[-17.056    4.554   67.637    0.       0.3662   0.5493  -0.1099  -0.2832
   0.938 ]",120
555,3,"[[ 0.29352717 -0.29247892  0.33752108]
 [-0.25372917 -0.30966805  0.32033195]
 [-0.09577433 -0.30768474  0.32231526]
 [-0.05199795  0.30485227 -0.32514773]
 [ 0.14199005  0.05884351 -0.57115649]
 [-0.19084867  0.29962084 -0.33037916]]","[1856. 2238.  933. 2081. 2246.  925. 2213. 2249.  922. 1955. 2086. 1085.
 2110. 2248.  923. 2172. 2243.  928.]","[1856. 2224.  940. 2093. 2229.  928. 2204. 2248.  923. 1920. 2154. 1017.
 2090. 2235.  921. 2177. 2239.  931.]","[-17.051    4.576   67.665    0.       0.2441   0.7935  -0.0957  -0.3091
   0.9644]",120
556,3,"[[ 0.29230612 -0.29258926  0.33741074]
 [-0.25745966 -0.30967339  0.32032661]
 [-0.10262681 -0.30778138  0.32221862]
 [-0.04528615  0.3049837  -0.3250163 ]
 [ 0.11908101  0.04546934 -0.58453066]
 [-0.1863339   0.29977776 -0.33022224]]","[1857. 2238.  933. 2077. 2246.  925. 2215. 2249.  922. 1970. 2077. 1094.
 2114. 2248.  923. 2169. 2243.  928.]","[1857. 2224.  939. 2087. 2229.  928. 2207. 2248.  923. 1930. 2131. 1040.
 2094. 2234.  921. 2175. 2239.  931.]","[-1.7040e+01  4.6030e+00  6.7725e+01  0.0000e+00 -6.1000e-02  1.7700e+00
 -1.0790e-01 -2.5150e-01  9.6970e-01]",120
557,3,"[[ 0.29101237 -0.29270188  0.33729812]
 [-0.26104665 -0.30967645  0.32032355]
 [-0.10941872 -0.3078762   0.3221238 ]
 [-0.03856067  0.30511434 -0.32488566]
 [ 0.09534279  0.0437376  -0.5862624 ]
 [-0.18175729  0.29993496 -0.33006504]]","[1858. 2238.  933. 2073. 2246.  925. 2218. 2249.  922. 1985. 2076. 1095.
 2119. 2248.  923. 2166. 2243.  928.]","[1858. 2224.  938. 2086. 2229.  928. 2209. 2248.  923. 1942. 2112. 1060.
 2099. 2234.  921. 2171. 2239.  931.]","[-1.7040e+01  4.6140e+00  6.7808e+01 -6.1040e-01 -6.1040e-01  2.0752e+00
 -1.0700e-02 -2.6270e-01  9.3550e-01]",120
558,3,"[[ 0.28964624 -0.29281673  0.33718327]
 [-0.26448765 -0.30967218  0.32032782]
 [-0.11614597 -0.30796916  0.32203084]
 [-0.03182504  0.30524415 -0.32475585]
 [ 0.07096188  0.04983847 -0.58016153]
 [-0.17712074  0.30009239 -0.32990761]]","[1859. 2238.  933. 2068. 2246.  924. 2220. 2249.  922. 2001. 2080. 1091.
 2123. 2248.  923. 2163. 2243.  928.]","[1859. 2224.  938. 2082. 2229.  928. 2212. 2248.  923. 1957. 2099. 1073.
 2103. 2234.  921. 2169. 2239.  931.]","[-1.7034e+01  4.6090e+00  6.7835e+01  0.0000e+00  0.0000e+00  1.2210e-01
  2.4000e-03 -3.3010e-01  9.7310e-01]",120
559,3,"[[ 0.28820806 -0.29293378  0.33706622]
 [-0.26778028 -0.30961782  0.32038218]
 [-0.12280454 -0.30806021  0.32193979]
 [-0.02508281  0.30537306 -0.32462694]
 [ 0.04612805  0.05020209 -0.57979791]
 [-0.17242614  0.30025003 -0.32974997]]","[1860. 2238.  933. 2064. 2247.  924. 2222. 2249.  922. 2017. 2080. 1091.
 2128. 2248.  923. 2160. 2243.  928.]","[1860. 2224.  937. 2075. 2229.  928. 2215. 2248.  923. 1977. 2090. 1082.
 2109. 2234.  921. 2164. 2240.  931.]","[-17.034    4.598   67.791    0.       0.3662  -1.2817  -0.0942  -0.3691
   0.9395]",120
560,3,"[[ 0.28669821 -0.29305298  0.33694702]
 [-0.27092223 -0.30948995  0.32051005]
 [-0.12939043 -0.30814927  0.32185073]
 [-0.01833748  0.30550103 -0.32449897]
 [ 0.02103213  0.04994836 -0.58005164]
 [-0.1676754   0.3004078  -0.3295922 ]]","[1861. 2239.  932. 2059. 2247.  924. 2224. 2249.  922. 2034. 2080. 1091.
 2132. 2248.  923. 2157. 2243.  928.]","[1861. 2224.  937. 2073. 2229.  927. 2217. 2248.  923. 1987. 2088. 1085.
 2112. 2234.  922. 2162. 2239.  931.]","[-17.034    4.592   67.758    0.3662   0.2441  -0.6104  -0.1064  -0.3306
   0.9136]",120
561,3,"[[ 0.28511705 -0.29317429  0.33682571]
 [-0.2739113  -0.30930368  0.32069632]
 [-0.13589971 -0.30823632  0.32176368]
 [-0.01159254  0.305628   -0.324372  ]
 [-0.00413617  0.04983836 -0.58016164]
 [-0.16287043  0.30056568 -0.32943432]]","[1862. 2239.  932. 2055. 2247.  924. 2226. 2249.  922. 2050. 2080. 1091.
 2136. 2248.  923. 2154. 2243.  928.]","[1862. 2224.  936. 2067. 2228.  927. 2219. 2249.  923. 2009. 2086. 1088.
 2117. 2234.  922. 2159. 2239.  931.]","[-17.034    4.592   67.758    0.1831   0.       0.1221  -0.1079  -0.3091
   0.9585]",120
562,3,"[[ 0.28346497 -0.29329766  0.33670234]
 [-0.27674536 -0.30906269  0.32093731]
 [-0.14232852 -0.30832128  0.32167872]
 [-0.00485143  0.30575393 -0.32424607]
 [-0.02919022  0.05002446 -0.57997554]
 [-0.15801314  0.30072362 -0.32927638]]","[1863. 2239.  932. 2051. 2247.  924. 2228. 2249.  922. 2067. 2080. 1091.
 2140. 2248.  922. 2151. 2244.  927.]","[1863. 2225.  936. 2064. 2229.  928. 2221. 2249.  922. 2020. 2084. 1089.
 2120. 2234.  922. 2157. 2239.  931.]","[-1.7034e+01  4.5980e+00  6.7775e+01  0.0000e+00 -6.1000e-02  6.1040e-01
 -7.2300e-02 -2.9200e-01  9.3850e-01]",120
563,3,"[[ 0.28174239 -0.29342305  0.33657695]
 [-0.27942241 -0.3087695   0.3212305 ]
 [-0.14867305 -0.30840412  0.32159588]
 [ 0.00188241  0.30587875 -0.32412125]
 [-0.05394845  0.05056856 -0.57943144]
 [-0.15310546  0.30088156 -0.32911844]]","[1864. 2239.  932. 2046. 2247.  924. 2230. 2249.  922. 2083. 2080. 1091.
 2144. 2249.  922. 2147. 2244.  927.]","[1864. 2225.  936. 2061. 2228.  928. 2223. 2249.  922. 2036. 2084. 1089.
 2124. 2234.  922. 2154. 2239.  930.]","[-1.7040e+01  4.6030e+00  6.7797e+01  6.1000e-02  0.0000e+00  5.4930e-01
 -7.2800e-02 -2.9250e-01  9.6480e-01]",120
564,3,"[[ 0.27994973 -0.29355041  0.33644959]
 [-0.28194051 -0.30842673  0.32157327]
 [-0.15492955 -0.30848478  0.32151522]
 [ 0.00860558  0.30600243 -0.32399757]
 [-0.07823605  0.05151716 -0.57848284]
 [-0.14814932  0.30103946 -0.32896054]]","[1865. 2239.  932. 2042. 2247.  924. 2231. 2249.  922. 2099. 2081. 1090.
 2148. 2249.  922. 2144. 2244.  927.]","[1865. 2224.  935. 2057. 2228.  928. 2225. 2249.  922. 2052. 2083. 1090.
 2129. 2234.  922. 2151. 2239.  930.]","[-1.7034e+01  4.6090e+00  6.7808e+01  6.1000e-02  6.1000e-02  1.8310e-01
 -7.0800e-02 -2.8810e-01  9.4920e-01]",120
565,3,"[[ 0.27808744 -0.2936797   0.3363203 ]
 [-0.28429785 -0.3080372   0.3219628 ]
 [-0.16109435 -0.30856321  0.32143679]
 [ 0.01531473  0.30612489 -0.32387511]
 [-0.10188652  0.05291384 -0.57708616]
 [-0.14314665  0.30119728 -0.32880272]]","[1866. 2239.  932. 2038. 2247.  924. 2233. 2248.  923. 2114. 2082. 1089.
 2153. 2249.  922. 2141. 2244.  927.]","[1866. 2224.  935. 2053. 2228.  927. 2227. 2249.  923. 2068. 2083. 1089.
 2134. 2234.  923. 2147. 2239.  930.]","[-1.7034e+01  4.6140e+00  6.7808e+01  6.1000e-02  6.1000e-02  0.0000e+00
 -8.7400e-02 -2.8220e-01  9.4870e-01]",120
566,3,"[[ 0.27615599 -0.29381087  0.33618913]
 [-0.2864927  -0.30760393  0.32239607]
 [-0.16716383 -0.30863936  0.32136064]
 [ 0.02200653  0.3062461  -0.3237539 ]
 [-0.12474301  0.05480206 -0.57519794]
 [-0.13809939  0.30135496 -0.32864504]]","[1867. 2239.  932. 2033. 2247.  924. 2234. 2248.  923. 2129. 2083. 1088.
 2156. 2249.  922. 2138. 2244.  927.]","[1868. 2225.  935. 2049. 2229.  928. 2229. 2249.  923. 2085. 2083. 1089.
 2138. 2234.  924. 2144. 2239.  930.]","[-1.7040e+01  4.6140e+00  6.7824e+01 -1.2210e-01 -6.1000e-02  4.8830e-01
 -9.3800e-02 -3.0270e-01  9.4870e-01]",120
567,3,"[[ 0.27415585 -0.29394388  0.33605612]
 [-0.28852346 -0.30713009  0.32286991]
 [-0.17313447 -0.30871317  0.32128683]
 [ 0.02867769  0.30636601 -0.32363399]
 [-0.14665944  0.057226   -0.572774  ]
 [-0.13300947  0.30151246 -0.32848754]]","[1869. 2239.  932. 2029. 2247.  924. 2236. 2248.  923. 2143. 2085. 1086.
 2160. 2249.  922. 2134. 2244.  927.]","[1869. 2225.  934. 2044. 2229.  927. 2231. 2249.  922. 2105. 2084. 1088.
 2143. 2235.  924. 2140. 2239.  930.]","[-1.7040e+01  4.6200e+00  6.7852e+01  0.0000e+00 -1.2210e-01  7.9350e-01
 -5.2200e-02 -2.9000e-01  9.5460e-01]",120
568,3,"[[ 0.27208753 -0.29407868  0.33592132]
 [-0.29038861 -0.30661899  0.32338101]
 [-0.1790028  -0.30878461  0.32121539]
 [ 0.03532495  0.30648455 -0.32351545]
 [-0.16750141  0.06023074 -0.56976926]
 [-0.12787884  0.30166974 -0.32833026]]","[1870. 2239.  932. 2024. 2247.  924. 2237. 2247.  924. 2157. 2087. 1084.
 2164. 2249.  922. 2131. 2244.  927.]","[1870. 2225.  935. 2041. 2228.  928. 2232. 2249.  923. 2114. 2084. 1087.
 2144. 2234.  924. 2138. 2239.  930.]","[-1.7034e+01  4.6200e+00  6.7868e+01  1.2210e-01  0.0000e+00  1.8310e-01
 -6.0100e-02 -2.8470e-01  9.6190e-01]",120
569,3,"[[ 0.26995153 -0.29421522  0.33578478]
 [-0.29208675 -0.30607406  0.32392594]
 [-0.18476545 -0.30885362  0.32114638]
 [ 0.04194509  0.30660168 -0.32339832]
 [-0.18714693  0.06386222 -0.56613778]
 [-0.12270943  0.30182674 -0.32817326]]","[1872. 2239.  932. 2020. 2247.  924. 2238. 2247.  924. 2170. 2089. 1082.
 2168. 2249.  922. 2127. 2244.  927.]","[1871. 2225.  934. 2036. 2228.  928. 2234. 2249.  923. 2130. 2085. 1086.
 2148. 2234.  924. 2134. 2239.  929.]","[-1.7023e+01  4.6200e+00  6.7863e+01  1.2210e-01  0.0000e+00 -6.1000e-02
 -9.3300e-02 -2.8810e-01  9.4680e-01]",120
570,3,"[[ 0.26774838 -0.29435346  0.33564654]
 [-0.29361659 -0.30549881  0.32450119]
 [-0.19041911 -0.30892015  0.32107985]
 [ 0.04853495  0.30671734 -0.32328266]
 [-0.20548682  0.06816706 -0.56183294]
 [-0.11750319  0.30198341 -0.32801659]]","[1873. 2239.  932. 2016. 2247.  924. 2239. 2247.  924. 2181. 2092. 1079.
 2172. 2249.  922. 2124. 2244.  927.]","[1873. 2225.  934. 2032. 2229.  928. 2235. 2248.  923. 2144. 2088. 1084.
 2151. 2234.  924. 2131. 2239.  929.]","[-17.023    4.62    67.863    0.       0.       0.      -0.0874  -0.2856
   0.9497]",120
571,3,"[[ 0.26547865 -0.29449335  0.33550665]
 [-0.29497694 -0.30489679  0.32510321]
 [-0.19596055 -0.30898417  0.32101583]
 [ 0.05509138  0.30683149 -0.32316851]
 [-0.22242508  0.0731923  -0.5568077 ]
 [-0.11226206  0.30213972 -0.32786028]]","[1874. 2239.  931. 2012. 2248.  923. 2240. 2246.  925. 2192. 2095. 1076.
 2175. 2249.  922. 2121. 2244.  927.]","[1874. 2225.  934. 2027. 2229.  928. 2237. 2248.  923. 2161. 2090. 1081.
 2157. 2234.  924. 2127. 2239.  929.]","[-1.7018e+01  4.6250e+00  6.7868e+01  0.0000e+00  0.0000e+00  6.1000e-02
 -8.2000e-02 -2.9200e-01  9.5260e-01]",120
572,3,"[[ 0.26314288 -0.29463484  0.33536516]
 [-0.29616673 -0.30427163  0.32572837]
 [-0.20138666 -0.30904561  0.32095439]
 [ 0.06161131  0.30694408 -0.32305592]
 [-0.23787894  0.07898515 -0.55101485]
 [-0.10698798  0.30229561 -0.32770439]]","[1876. 2240.  931. 2007. 2248.  923. 2241. 2246.  925. 2203. 2099. 1072.
 2179. 2249.  922. 2117. 2245.  926.]","[1875. 2225.  933. 2024. 2228.  928. 2237. 2248.  924. 2170. 2092. 1079.
 2159. 2234.  924. 2124. 2239.  929.]","[-1.7018e+01  4.6250e+00  6.7863e+01  0.0000e+00  0.0000e+00 -6.1000e-02
 -7.0300e-02 -2.8810e-01  9.4970e-01]",120
573,3,"[[ 0.26074166 -0.29477789  0.33522211]
 [-0.297185   -0.30362695  0.32637305]
 [-0.20669438 -0.30910444  0.32089556]
 [ 0.06809168  0.30705505 -0.32294495]
 [-0.25177885  0.08559269 -0.54440731]
 [-0.1016829   0.30245103 -0.32754897]]","[1878. 2240.  931. 2003. 2248.  923. 2241. 2245.  926. 2212. 2103. 1068.
 2182. 2249.  922. 2114. 2245.  926.]","[1877. 2225.  933. 2020. 2229.  928. 2239. 2247.  924. 2181. 2095. 1076.
 2164. 2234.  924. 2121. 2239.  929.]","[-1.7012e+01  4.6250e+00  6.7852e+01  0.0000e+00  6.1000e-02 -2.4410e-01
 -8.3500e-02 -2.9640e-01  9.5310e-01]",120
574,3,"[[ 0.25827559 -0.29492245  0.33507755]
 [-0.29803094 -0.30296638  0.32703362]
 [-0.21188074 -0.30916061  0.32083939]
 [ 0.07452949  0.30716435 -0.32283565]
 [-0.26406823  0.09306156 -0.53693844]
 [-0.09634875  0.30260594 -0.32739406]]","[1879. 2240.  931. 1999. 2248.  923. 2242. 2245.  926. 2220. 2108. 1063.
 2186. 2249.  922. 2110. 2245.  926.]","[1878. 2224.  933. 2016. 2228.  928. 2239. 2247.  925. 2192. 2099. 1073.
 2167. 2234.  924. 2117. 2239.  929.]","[-17.012    4.62    67.846    0.       0.      -0.1831  -0.0742  -0.29
   0.9453]",120
575,3,"[[ 0.25574529 -0.29506846  0.33493154]
 [-0.298704   -0.30229354  0.32770646]
 [-0.21694288 -0.30921408  0.32078592]
 [ 0.08092179  0.30727193 -0.32272807]
 [-0.27470316  0.10143766 -0.52856234]
 [-0.09098748  0.30276028 -0.32723972]]","[1881. 2240.  931. 1995. 2248.  923. 2242. 2245.  926. 2227. 2114. 1057.
 2189. 2249.  922. 2107. 2245.  926.]","[1880. 2225.  933. 2013. 2228.  928. 2240. 2247.  925. 2201. 2102. 1069.
 2171. 2234.  924. 2114. 2239.  929.]","[-1.7007e+01  4.6200e+00  6.7835e+01  0.0000e+00  6.1000e-02 -1.8310e-01
 -8.0100e-02 -2.9790e-01  9.5610e-01]",120
576,3,"[[ 0.25315137 -0.29521588  0.33478412]
 [-0.2992049  -0.30161202  0.32838798]
 [-0.22187802 -0.30926481  0.32073519]
 [ 0.08726568  0.30737775 -0.32262225]
 [-0.28365195  0.11076584 -0.51923416]
 [-0.08560101  0.30291402 -0.32708598]]","[1882. 2240.  931. 1991. 2248.  923. 2243. 2244.  927. 2232. 2120. 1051.
 2192. 2249.  922. 2103. 2245.  926.]","[1882. 2225.  933. 2008. 2228.  927. 2240. 2246.  925. 2211. 2107. 1065.
 2174. 2234.  924. 2110. 2239.  929.]","[-1.7007e+01  4.6200e+00  6.7824e+01  0.0000e+00  6.1000e-02 -2.4410e-01
 -7.6200e-02 -2.9200e-01  9.4780e-01]",120
577,3,"[[ 0.25049449 -0.29536467  0.33463533]
 [-0.29954096 -0.30092536  0.32907464]
 [-0.22668348 -0.30931275  0.32068725]
 [ 0.0935583   0.30748176 -0.32251824]
 [-0.29089463  0.12108959 -0.50891041]
 [-0.08019127  0.3030671  -0.3269329 ]]","[1884. 2240.  931. 1987. 2248.  923. 2243. 2244.  927. 2237. 2126. 1045.
 2195. 2249.  922. 2100. 2245.  926.]","[1883. 2225.  933. 2004. 2228.  928. 2241. 2246.  925. 2219. 2112. 1060.
 2178. 2234.  925. 2107. 2239.  929.]","[-1.7007e+01  4.6200e+00  6.7813e+01  0.0000e+00  6.1000e-02 -2.4410e-01
 -8.5400e-02 -2.9930e-01  9.5070e-01]",120
578,3,"[[ 0.24777531 -0.29551477  0.33448523]
 [-0.29966202 -0.30023697  0.32976303]
 [-0.23135668 -0.30935787  0.32064213]
 [ 0.09979685  0.30758389 -0.32241611]
 [-0.29642231  0.13245076 -0.49754924]
 [-0.07476021  0.30321947 -0.32678053]]","[1886. 2240.  931. 1982. 2248.  923. 2243. 2243.  928. 2241. 2134. 1037.
 2198. 2249.  922. 2096. 2245.  926.]","[1885. 2225.  932. 2000. 2228.  928. 2241. 2245.  924. 2225. 2118. 1054.
 2181. 2234.  925. 2104. 2239.  929.]","[-1.7001e+01  4.6200e+00  6.7808e+01  0.0000e+00  0.0000e+00 -6.1000e-02
 -7.5700e-02 -3.0220e-01  9.4970e-01]",120
579,3,"[[ 0.2449945  -0.29566613  0.33433387]
 [-0.29833472 -0.29954936  0.33045064]
 [-0.23589511 -0.30940012  0.32059988]
 [ 0.10597857  0.30768412 -0.32231588]
 [-0.30023662  0.14488926 -0.48511074]
 [-0.06930972  0.30337109 -0.32662891]]","[1888. 2240.  931. 1978. 2248.  923. 2242. 2243.  928. 2243. 2142. 1029.
 2201. 2249.  922. 2093. 2245.  926.]","[1887. 2225.  932. 1997. 2229.  928. 2241. 2245.  925. 2231. 2124. 1048.
 2185. 2234.  925. 2100. 2239.  929.]","[-1.7007e+01  4.6250e+00  6.7802e+01  0.0000e+00  6.1000e-02 -1.2210e-01
 -8.1100e-02 -3.0860e-01  9.4630e-01]",120
580,3,"[[ 0.24215275 -0.2958187   0.3341813 ]
 [-0.2948802  -0.29886356  0.33113644]
 [-0.24029638 -0.30943946  0.32056054]
 [ 0.11210075  0.30778239 -0.32221761]
 [-0.30234858  0.15844277 -0.47155723]
 [-0.06384174  0.30352192 -0.32647808]]","[1890. 2240.  931. 1974. 2248.  923. 2240. 2242.  929. 2245. 2151. 1020.
 2204. 2249.  922. 2089. 2245.  926.]","[1890. 2225.  932. 1993. 2228.  928. 2241. 2245.  926. 2235. 2131. 1041.
 2187. 2234.  925. 2097. 2239.  929.]","[-1.7007e+01  4.6250e+00  6.7802e+01  0.0000e+00  0.0000e+00 -6.1000e-02
 -7.7100e-02 -3.0960e-01  9.4730e-01]",120
581,3,"[[ 0.23925078 -0.29597245  0.33402755]
 [-0.28929765 -0.29818265  0.33181735]
 [-0.24455821 -0.30947586  0.32052414]
 [ 0.11816075  0.30787865 -0.32212135]
 [-0.30281522  0.17314631 -0.45685369]
 [-0.05835818  0.30367189 -0.32632811]]","[1892. 2240.  931. 1970. 2248.  923. 2236. 2242.  929. 2245. 2160. 1011.
 2207. 2249.  922. 2086. 2245.  926.]","[1892. 2225.  932. 1988. 2228.  928. 2241. 2244.  927. 2239. 2139. 1034.
 2190. 2234.  925. 2093. 2239.  929.]","[-17.007    4.625   67.802    0.       0.       0.      -0.0781  -0.3105
   0.9492]",120
582,3,"[[ 0.2362893  -0.2961273   0.3338727 ]
 [-0.2816168  -0.29751009  0.33248991]
 [-0.2486784  -0.30950928  0.32049072]
 [ 0.12415596  0.30797286 -0.32202714]
 [-0.30267168  0.18888921 -0.44111079]
 [-0.05286093  0.30382097 -0.32617903]]","[1893. 2241.  930. 1967. 2248.  923. 2231. 2241.  930. 2245. 2171. 1000.
 2210. 2249.  922. 2082. 2246.  925.]","[1893. 2225.  932. 1985. 2228.  928. 2241. 2244.  928. 2242. 2146. 1025.
 2193. 2234.  925. 2090. 2239.  929.]","[-17.007    4.62    67.802    0.1221   0.       0.      -0.0796  -0.3052
   0.9482]",120
583,3,"[[ 0.23326905 -0.29628323  0.33371677]
 [-0.2718946  -0.29684935  0.33315065]
 [-0.25265486 -0.30953969  0.32046031]
 [ 0.13008385  0.30806497 -0.32193503]
 [-0.30250523  0.20520939 -0.42479061]
 [-0.04735191  0.30396911 -0.32603089]]","[1895. 2241.  930. 1963. 2248.  923. 2225. 2241.  930. 2245. 2181.  990.
 2212. 2249.  922. 2078. 2246.  925.]","[1895. 2225.  931. 1981. 2228.  928. 2239. 2243.  929. 2243. 2156. 1016.
 2196. 2234.  925. 2087. 2239.  929.]","[-17.007    4.62    67.802    0.1221   0.       0.      -0.0791  -0.2988
   0.9487]",120
584,3,"[[ 0.23019078 -0.29644016  0.33355984]
 [-0.26020987 -0.29620383  0.33379617]
 [-0.25648561 -0.30956705  0.32043295]
 [ 0.13594193  0.30815493 -0.32184507]
 [-0.30230979  0.22220619 -0.40779381]
 [-0.04183299  0.30411627 -0.32588373]]","[1897. 2241.  930. 1959. 2248.  923. 2217. 2241.  930. 2245. 2192.  979.
 2215. 2249.  922. 2075. 2246.  925.]","[1897. 2225.  931. 1978. 2228.  928. 2234. 2243.  929. 2243. 2165. 1007.
 2199. 2234.  925. 2083. 2239.  927.]","[-1.7001e+01  4.6200e+00  6.7802e+01  1.2210e-01  0.0000e+00 -6.1000e-02
 -7.7600e-02 -2.9100e-01  9.5020e-01]",120
585,3,"[[ 0.22705526 -0.29659807  0.33340193]
 [-0.24666026 -0.2955769   0.3344231 ]
 [-0.26016875 -0.30959134  0.32040866]
 [ 0.14172777  0.30824271 -0.32175729]
 [-0.30207465  0.23992174 -0.39007826]
 [-0.03630607  0.30426238 -0.32573762]]","[1899. 2241.  930. 1955. 2248.  923. 2208. 2240.  931. 2244. 2204.  967.
 2217. 2249.  922. 2071. 2246.  925.]","[1898. 2225.  930. 1974. 2228.  928. 2228. 2243.  928. 2244. 2175.  998.
 2202. 2234.  925. 2080. 2239.  927.]","[-17.007    4.62    67.797    0.       0.       0.      -0.0806  -0.2925
   0.9448]",120
586,3,"[[ 0.22386326 -0.29675689  0.33324311]
 [-0.23135994 -0.29497185  0.33502815]
 [-0.26370251 -0.3096125   0.3203875 ]
 [ 0.14743898  0.30832825 -0.32167175]
 [-0.30179465  0.25835651 -0.37164349]
 [-0.03077302  0.30440742 -0.32559258]]","[1902. 2241.  930. 1951. 2248.  922. 2198. 2240.  931. 2244. 2216.  955.
 2219. 2249.  922. 2068. 2246.  925.]","[1901. 2225.  930. 1970. 2228.  928. 2222. 2242.  930. 2244. 2186.  986.
 2205. 2234.  925. 2076. 2239.  927.]","[-1.7007e+01  4.6250e+00  6.7797e+01 -6.1000e-02  0.0000e+00  3.0520e-01
 -8.0600e-02 -2.9640e-01  9.5310e-01]",120
587,3,"[[ 0.22061558 -0.29691658  0.33308342]
 [-0.21443767 -0.29439187  0.33560813]
 [-0.26708521 -0.30963053  0.32036947]
 [ 0.15307325  0.30841152 -0.32158848]
 [-0.30146741  0.27750165 -0.35249835]
 [-0.0252357   0.30455133 -0.32544867]]","[1904. 2241.  930. 1948. 2249.  922. 2187. 2239.  932. 2244. 2228.  943.
 2222. 2249.  922. 2064. 2246.  925.]","[1902. 2224.  931. 1967. 2229.  928. 2214. 2242.  930. 2244. 2196.  976.
 2207. 2234.  925. 2073. 2239.  927.]","[-1.7007e+01  4.6250e+00  6.7813e+01 -1.2210e-01 -1.2210e-01  5.4930e-01
 -6.4500e-02 -2.9740e-01  9.4870e-01]",120
588,3,"[[ 0.21731304 -0.29707709  0.33292291]
 [-0.19603486 -0.29384005  0.33615995]
 [-0.27031529 -0.30964539  0.32035461]
 [ 0.15862831  0.30849247 -0.32150753]
 [-0.30109184  0.29137598 -0.33862402]
 [-0.01969597  0.30469407 -0.32530593]]","[1906. 2241.  930. 1944. 2249.  922. 2175. 2239.  932. 2244. 2237.  934.
 2224. 2249.  922. 2060. 2246.  925.]","[1905. 2225.  931. 1963. 2228.  928. 2205. 2242.  930. 2244. 2203.  969.
 2209. 2234.  925. 2070. 2239.  927.]","[-17.012    4.625   67.835    0.      -0.1221   0.3662  -0.0723  -0.3022
   0.9541]",120
589,3,"[[ 0.21395644 -0.29723836  0.33276164]
 [-0.17630361 -0.29331934  0.33668066]
 [-0.27339128 -0.30965706  0.32034294]
 [ 0.16410197  0.30857106 -0.32142894]
 [-0.30066738  0.29145811 -0.33854189]
 [-0.01415569  0.30483559 -0.32516441]]","[1908. 2241.  930. 1941. 2249.  922. 2162. 2239.  932. 2244. 2238.  933.
 2226. 2249.  922. 2057. 2246.  925.]","[1907. 2225.  930. 1960. 2228.  928. 2195. 2241.  931. 2244. 2212.  958.
 2212. 2234.  926. 2065. 2239.  927.]","[-17.012    4.625   67.846    0.      -0.1831   0.1831  -0.0767  -0.2964
   0.9478]",120
590,3,"[[ 0.21054663 -0.29740034  0.33259966]
 [-0.1554047  -0.29283255  0.33716745]
 [-0.27631182 -0.30966557  0.32033443]
 [ 0.16949206  0.30864725 -0.32135275]
 [-0.30019369  0.29154294 -0.33845706]
 [-0.00861668  0.30497584 -0.32502416]]","[1910. 2241.  930. 1937. 2249.  922. 2149. 2238.  933. 2243. 2238.  933.
 2228. 2249.  922. 2053. 2246.  925.]","[1909. 2225.  931. 1956. 2228.  928. 2181. 2241.  931. 2244. 2222.  948.
 2215. 2234.  926. 2061. 2239.  927.]","[-1.7007e+01  4.6140e+00  6.7857e+01  6.1000e-02 -1.8310e-01  1.2210e-01
 -7.5200e-02 -2.9790e-01  9.5460e-01]",120
591,3,"[[ 0.20708445 -0.297563    0.332437  ]
 [-0.13350557 -0.29238233  0.33761767]
 [-0.27907567 -0.30967111  0.32032889]
 [ 0.17479652  0.308721   -0.321279  ]
 [-0.29967051  0.29163043 -0.33836957]
 [-0.00308078  0.30511479 -0.32488521]]","[1913. 2241.  929. 1934. 2249.  922. 2135. 2238.  933. 2243. 2238.  933.
 2229. 2249.  922. 2050. 2246.  925.]","[1911. 2225.  931. 1953. 2228.  928. 2171. 2240.  931. 2243. 2227.  943.
 2217. 2233.  927. 2058. 2239.  926.]","[-17.007    4.609   67.868    0.      -0.4272   0.1831  -0.082   -0.2939
   0.9595]",120
592,3,"[[ 0.20357076 -0.29772627  0.33227373]
 [-0.11077827 -0.29197113  0.33802887]
 [-0.28168167 -0.30967401  0.32032599]
 [ 0.18001329  0.30879227 -0.32120773]
 [-0.29909765  0.29172053 -0.33827947]
 [ 0.0024502   0.30525239 -0.32474761]]","[1915. 2242.  929. 1930. 2249.  922. 2120. 2238.  933. 2242. 2238.  933.
 2231. 2249.  922. 2046. 2246.  924.]","[1913. 2225.  930. 1949. 2229.  928. 2159. 2240.  932. 2243. 2229.  941.
 2219. 2233.  926. 2054. 2239.  926.]","[-1.7007e+01  4.5980e+00  6.7879e+01 -6.1000e-02 -6.1000e-02  4.8830e-01
 -8.1500e-02 -2.8080e-01  9.1800e-01]",120
593,3,"[[ 0.20000644 -0.29789011  0.33210989]
 [-0.08739751 -0.29160124  0.33839876]
 [-0.28412879 -0.30966736  0.32033264]
 [ 0.18514043  0.30886102 -0.32113898]
 [-0.29847492  0.29181319 -0.33818681]
 [ 0.00797446  0.30538858 -0.32461142]]","[1917. 2242.  929. 1927. 2249.  922. 2104. 2238.  933. 2242. 2238.  933.
 2233. 2249.  922. 2042. 2247.  924.]","[1915. 2224.  931. 1946. 2228.  928. 2146. 2240.  932. 2243. 2231.  940.
 2221. 2234.  927. 2051. 2239.  926.]","[-17.012    4.598   67.901   -0.1221  -0.3662   0.5493  -0.0771  -0.3091
   0.9849]",120
594,3,"[[ 0.19639238 -0.29805446  0.33194554]
 [-0.06353875 -0.27202814  0.35797186]
 [-0.2864161  -0.30960308  0.32039692]
 [ 0.190176    0.30892722 -0.32107278]
 [-0.29780217  0.29190836 -0.33809164]
 [ 0.01349021  0.30552334 -0.32447666]]","[1919. 2242.  929. 1924. 2249.  922. 2089. 2225.  946. 2242. 2238.  933.
 2234. 2249.  922. 2039. 2247.  924.]","[1918. 2225.  930. 1942. 2228.  928. 2131. 2240.  932. 2242. 2231.  939.
 2223. 2234.  927. 2048. 2239.  925.]","[-1.7012e+01  4.5870e+00  6.7928e+01  0.0000e+00 -2.4410e-01  4.8830e-01
 -6.0500e-02 -2.8860e-01  9.3070e-01]",120
595,3,"[[ 0.19272947 -0.29821928  0.33178072]
 [-0.03937638 -0.20169352  0.42830648]
 [-0.28854278 -0.30946559  0.32053441]
 [ 0.19511816  0.30899083 -0.32100917]
 [-0.29707924  0.29200599 -0.33799401]
 [ 0.01899565  0.30565661 -0.32434339]]","[1922. 2242.  929. 1920. 2249.  922. 2073. 2179.  992. 2241. 2238.  933.
 2236. 2249.  922. 2035. 2247.  924.]","[1919. 2225.  930. 1939. 2228.  928. 2116. 2236.  935. 2242. 2232.  938.
 2226. 2233.  927. 2044. 2240.  925.]","[-17.007    4.581   67.95     0.      -0.1831   0.2441  -0.0977  -0.3071
   0.9541]",120
596,3,"[[ 0.18901862 -0.29838451  0.33161549]
 [-0.0150821  -0.14305792  0.48694208]
 [-0.2905081  -0.30926852  0.32073148]
 [ 0.19996512  0.30905181 -0.32094819]
 [-0.296306    0.29210604 -0.33789396]
 [ 0.02448904  0.30578836 -0.32421164]]","[1924. 2242.  929. 1917. 2249.  922. 2057. 2141. 1030. 2241. 2238.  933.
 2237. 2249.  922. 2032. 2247.  924.]","[1922. 2224.  930. 1936. 2228.  928. 2102. 2220.  952. 2242. 2232.  938.
 2227. 2234.  926. 2040. 2240.  925.]","[-17.012    4.581   67.967   -0.2441  -0.1831   0.6104  -0.0869  -0.2974
   0.9429]",120
597,3,"[[ 0.18526076 -0.29855011  0.33144989]
 [ 0.00917664 -0.09645977  0.53354023]
 [-0.29231145 -0.30901542  0.32098458]
 [ 0.20471515  0.30911012 -0.32088988]
 [-0.29548233  0.29220846 -0.33779154]
 [ 0.02996861  0.30591854 -0.32408146]]","[1927. 2242.  929. 1914. 2249.  922. 2042. 2110. 1061. 2240. 2238.  933.
 2238. 2249.  922. 2028. 2247.  924.]","[1923. 2225.  931. 1933. 2228.  928. 2086. 2193.  977. 2242. 2233.  937.
 2228. 2233.  927. 2037. 2240.  924.]","[-17.018    4.581   67.994   -0.1221  -0.3052   0.7935  -0.0732  -0.3037
   0.9482]",120
598,3,"[[ 0.18145682 -0.29871603  0.33128397]
 [ 0.03323797 -0.06217342  0.56782658]
 [-0.29395233 -0.30870893  0.32129107]
 [ 0.20936657  0.30916574 -0.32083426]
 [-0.2946081   0.29231319 -0.33768681]
 [ 0.03543263  0.3060471  -0.3239529 ]]","[1929. 2242.  929. 1911. 2249.  922. 2026. 2088. 1083. 2240. 2238.  933.
 2239. 2249.  922. 2024. 2247.  924.]","[1927. 2225.  930. 1930. 2228.  928. 2071. 2165. 1006. 2241. 2233.  937.
 2230. 2233.  927. 2034. 2240.  924.]","[-1.7023e+01  4.5810e+00  6.8027e+01 -6.1000e-02 -2.4410e-01  6.7140e-01
 -7.6200e-02 -3.0760e-01  9.6340e-01]",120
599,3,"[[ 0.17760775 -0.29888221  0.33111779]
 [ 0.05694676 -0.04040723  0.58959277]
 [-0.29543033 -0.30835185  0.32164815]
 [ 0.21391776  0.30921864 -0.32078136]
 [-0.29368322  0.2924202  -0.3375798 ]
 [ 0.04087936  0.30617401 -0.32382599]]","[1932. 2242.  929. 1908. 2249.  922. 2010. 2074. 1097. 2239. 2238.  933.
 2240. 2249.  922. 2021. 2247.  924.]","[1929. 2225.  931. 1927. 2229.  928. 2055. 2138. 1033. 2240. 2233.  936.
 2232. 2234.  927. 2030. 2240.  924.]","[-17.023    4.576   68.049    0.      -0.2441   0.3052  -0.0747  -0.292
   0.9541]",120
600,3,"[[ 0.17371451 -0.29904861  0.33095139]
 [ 0.08015567 -0.03130348  0.59869652]
 [-0.29674515 -0.3079472   0.3220528 ]
 [ 0.21836719  0.30926877 -0.32073123]
 [-0.2927076   0.29252942 -0.33747058]
 [ 0.04630711  0.30629923 -0.32370077]]","[1934. 2242.  929. 1905. 2249.  922. 1995. 2068. 1103. 2238. 2238.  933.
 2241. 2248.  923. 2017. 2247.  924.]","[1931. 2224.  930. 1923. 2228.  928. 2039. 2115. 1057. 2240. 2233.  936.
 2233. 2233.  927. 2027. 2240.  924.]","[-1.7023e+01  4.5700e+00  6.8066e+01  0.0000e+00 -6.1000e-02  6.1000e-02
 -1.0060e-01 -2.9490e-01  9.3850e-01]",120
601,3,"[[ 0.16977806 -0.29921517  0.33078483]
 [ 0.10272592 -0.0353184   0.5946816 ]
 [-0.29789659 -0.30749818  0.32250182]
 [ 0.22271335  0.30931612 -0.32068388]
 [-0.29168115  0.29264082 -0.33735918]
 [ 0.05171416  0.30642271 -0.32357729]]","[1937. 2243.  928. 1902. 2249.  922. 1981. 2071. 1100. 2238. 2238.  933.
 2242. 2248.  923. 2014. 2247.  924.]","[1933. 2225.  930. 1921. 2229.  928. 2024. 2098. 1074. 2239. 2233.  935.
 2235. 2233.  927. 2023. 2240.  923.]","[-1.7029e+01  4.5760e+00  6.8071e+01 -6.1000e-02  0.0000e+00  1.2210e-01
 -8.0100e-02 -2.8760e-01  9.4340e-01]",120
602,3,"[[ 0.16579938 -0.29938186  0.33061814]
 [ 0.12452799 -0.04128194  0.58871806]
 [-0.29888457 -0.3070082   0.3229918 ]
 [ 0.2269548   0.30936065 -0.32063935]
 [-0.29060382  0.29275433 -0.33724567]
 [ 0.05709885  0.30654441 -0.32345559]]","[1939. 2243.  928. 1900. 2249.  922. 1966. 2074. 1097. 2237. 2238.  933.
 2242. 2248.  923. 2010. 2247.  924.]","[1936. 2225.  930. 1918. 2228.  928. 2009. 2087. 1085. 2238. 2233.  935.
 2236. 2233.  927. 2019. 2240.  924.]","[-1.7029e+01  4.5760e+00  6.8077e+01 -6.1000e-02 -6.1000e-02  3.0520e-01
 -6.2000e-02 -2.9740e-01  9.5650e-01]",120
603,3,"[[ 0.16177946 -0.29954861  0.33045139]
 [ 0.14544211 -0.04295943  0.58704057]
 [-0.29970911 -0.30648078  0.32351922]
 [ 0.23109019  0.30940233 -0.32059767]
 [-0.28947554  0.29286992 -0.33713008]
 [ 0.0624595   0.30666431 -0.32333569]]","[1942. 2243.  928. 1897. 2249.  922. 1953. 2076. 1095. 2236. 2238.  933.
 2243. 2247.  924. 2007. 2247.  924.]","[1938. 2224.  930. 1915. 2228.  928. 1994. 2083. 1090. 2238. 2233.  935.
 2237. 2233.  927. 2016. 2240.  923.]","[-1.7034e+01  4.5760e+00  6.8088e+01 -1.2210e-01 -1.2210e-01  2.4410e-01
 -6.6400e-02 -2.9440e-01  9.5070e-01]",120
604,3,"[[ 0.15771931 -0.29971538  0.33028462]
 [ 0.16535856 -0.04461894  0.58538106]
 [-0.30037046 -0.30591957  0.32408043]
 [ 0.23511819  0.30944114 -0.32055886]
 [-0.28829628  0.29298753 -0.33701247]
 [ 0.06779446  0.30678234 -0.32321766]]","[1945. 2243.  928. 1894. 2249.  922. 1940. 2077. 1094. 2235. 2238.  932.
 2243. 2247.  924. 2003. 2247.  923.]","[1941. 2225.  930. 1913. 2228.  928. 1979. 2081. 1093. 2237. 2234.  935.
 2238. 2233.  928. 2014. 2240.  923.]","[-1.7034e+01  4.5760e+00  6.8104e+01 -6.1000e-02 -1.8310e-01  3.6620e-01
 -8.1100e-02 -2.9690e-01  9.4870e-01]",120
605,3,"[[ 0.15361993 -0.29988213  0.33011787]
 [ 0.18417796 -0.04677996  0.58322004]
 [-0.30086985 -0.30532829  0.32467171]
 [ 0.23903754  0.30947704 -0.32052296]
 [-0.287066    0.29310712 -0.33689288]
 [ 0.07310211  0.30689849 -0.32310151]]","[1947. 2243.  928. 1892. 2249.  922. 1927. 2078. 1093. 2235. 2239.  932.
 2244. 2247.  924. 2000. 2248.  923.]","[1943. 2225.  930. 1910. 2228.  928. 1965. 2079. 1093. 2236. 2234.  934.
 2239. 2233.  928. 2012. 2240.  923.]","[-1.7040e+01  4.5700e+00  6.8121e+01 -6.1000e-02 -2.4410e-01  4.2720e-01
 -8.2000e-02 -3.0130e-01  9.4480e-01]",120
606,3,"[[ 0.14948234 -0.30004879  0.32995121]
 [ 0.20181124 -0.04954441  0.58045559]
 [-0.30121341 -0.30471073  0.32528927]
 [ 0.24284707  0.30951003 -0.32048997]
 [-0.28578469  0.29322863 -0.33677137]
 [ 0.07838083  0.3070127  -0.3229873 ]]","[1950. 2243.  928. 1889. 2249.  922. 1916. 2080. 1091. 2234. 2239.  932.
 2244. 2246.  925. 1996. 2248.  923.]","[1946. 2225.  930. 1907. 2228.  928. 1951. 2079. 1093. 2235. 2234.  933.
 2240. 2234.  929. 2008. 2240.  923.]","[-1.7040e+01  4.5650e+00  6.8137e+01 -6.1000e-02 -1.8310e-01  2.4410e-01
 -8.4500e-02 -3.0370e-01  9.5510e-01]",120
607,3,"[[ 0.14530757 -0.30021533  0.32978467]
 [ 0.21817974 -0.05296484  0.57703516]
 [-0.30139946 -0.30407066  0.32592934]
 [ 0.24654562  0.30954006 -0.32045994]
 [-0.28445233  0.29335202 -0.33664798]
 [ 0.08362901  0.30712495 -0.32287505]]","[1953. 2243.  928. 1887. 2249.  922. 1905. 2082. 1089. 2233. 2239.  932.
 2244. 2246.  925. 1993. 2248.  923.]","[1949. 2225.  930. 1905. 2228.  928. 1939. 2079. 1092. 2234. 2234.  933.
 2240. 2233.  929. 2004. 2241.  923.]","[-1.7040e+01  4.5650e+00  6.8148e+01 -6.1000e-02 -6.1000e-02  6.1000e-02
 -7.7100e-02 -2.9790e-01  9.4970e-01]",120
608,3,"[[ 0.14109665 -0.30038169  0.32961831]
 [ 0.23321495 -0.05708777  0.57291223]
 [-0.30049881 -0.30341137  0.32658863]
 [ 0.25013213  0.30956712 -0.32043288]
 [-0.28306893  0.29347724 -0.33652276]
 [ 0.08884507  0.30723519 -0.32276481]]","[1956. 2243.  928. 1884. 2249.  922. 1895. 2085. 1086. 2232. 2239.  932.
 2243. 2245.  926. 1990. 2248.  923.]","[1951. 2225.  930. 1903. 2229.  928. 1927. 2081. 1090. 2234. 2235.  933.
 2241. 2233.  930. 2000. 2242.  923.]","[-1.7045e+01  4.5650e+00  6.8148e+01 -6.1000e-02 -6.1000e-02  0.0000e+00
 -7.8600e-02 -3.0030e-01  9.4780e-01]",120
609,3,"[[ 0.13685065 -0.30054783  0.32945217]
 [ 0.2468584  -0.06195892  0.56804108]
 [-0.29753574 -0.30273409  0.32726591]
 [ 0.25360557  0.30959119 -0.32040881]
 [-0.28163452  0.29360423 -0.33639577]
 [ 0.09402746  0.30734339 -0.32265661]]","[1958. 2243.  928. 1882. 2249.  922. 1887. 2088. 1083. 2231. 2239.  932.
 2241. 2245.  926. 1986. 2248.  923.]","[1954. 2225.  930. 1901. 2228.  928. 1915. 2083. 1089. 2233. 2235.  932.
 2241. 2233.  930. 1997. 2241.  923.]","[-1.7051e+01  4.5590e+00  6.8154e+01 -6.1000e-02 -1.2210e-01  0.0000e+00
 -7.6200e-02 -2.9490e-01  9.5800e-01]",120
610,3,"[[ 0.13257061 -0.3007137   0.3292863 ]
 [ 0.25906135 -0.06762376  0.56237624]
 [-0.29251832 -0.30204137  0.32795863]
 [ 0.25696498  0.30961225 -0.32038775]
 [-0.28014912  0.29373296 -0.33626704]
 [ 0.09917462  0.30744951 -0.32255049]]","[1961. 2244.  927. 1880. 2249.  922. 1879. 2092. 1079. 2230. 2239.  932.
 2238. 2244.  927. 1983. 2248.  923.]","[1957. 2225.  930. 1898. 2228.  928. 1905. 2086. 1086. 2231. 2235.  932.
 2241. 2233.  930. 1994. 2242.  923.]","[-1.7051e+01  4.5540e+00  6.8154e+01 -6.1000e-02 -1.2210e-01  6.1000e-02
 -7.3700e-02 -2.9740e-01  9.3950e-01]",120
611,3,"[[ 0.12825759 -0.30087925  0.32912075]
 [ 0.26978448 -0.07412744  0.55587256]
 [-0.28549135 -0.30133681  0.32866319]
 [ 0.26020947  0.30963027 -0.32036973]
 [-0.27861278  0.29386336 -0.33613664]
 [ 0.10428502  0.30755353 -0.32244647]]","[1964. 2244.  927. 1878. 2249.  922. 1872. 2096. 1075. 2229. 2239.  932.
 2234. 2244.  927. 1980. 2248.  923.]","[1959. 2225.  930. 1896. 2228.  928. 1896. 2088. 1083. 2230. 2234.  932.
 2241. 2233.  931. 1990. 2242.  923.]","[-17.056    4.554   68.165   -0.1221  -0.1221   0.1221  -0.0796  -0.2925
   0.958 ]",120
612,3,"[[ 0.12391268 -0.30104443  0.32895557]
 [ 0.27899746 -0.08151445  0.54848555]
 [-0.27652434 -0.30062425  0.32937575]
 [ 0.2633382   0.30964525 -0.32035475]
 [-0.27702555  0.29399539 -0.33600461]
 [ 0.10935715  0.3076554  -0.3223446 ]]","[1967. 2244.  927. 1876. 2249.  922. 1866. 2101. 1070. 2228. 2239.  932.
 2228. 2243.  927. 1976. 2248.  923.]","[1962. 2225.  930. 1894. 2228.  928. 1886. 2092. 1080. 2229. 2235.  931.
 2241. 2233.  932. 1986. 2242.  923.]","[-1.7062e+01  4.5480e+00  6.8170e+01 -6.1000e-02 -1.2210e-01  2.4410e-01
 -7.8600e-02 -2.9440e-01  9.4920e-01]",120
613,3,"[[ 0.11953694 -0.3012092   0.3287908 ]
 [ 0.28667864 -0.08982842  0.54017158]
 [-0.26570514 -0.29990757  0.33009243]
 [ 0.26635037  0.30965718 -0.32034282]
 [-0.2753875   0.29412901 -0.33587099]
 [ 0.11438953  0.30775509 -0.32224491]]","[1970. 2244.  927. 1874. 2249.  922. 1861. 2106. 1065. 2227. 2239.  932.
 2221. 2243.  928. 1973. 2248.  923.]","[1965. 2225.  930. 1892. 2228.  928. 1879. 2096. 1076. 2228. 2235.  931.
 2240. 2232.  932. 1983. 2242.  923.]","[-17.062    4.548   68.187   -0.1221  -0.1221   0.3052  -0.0762  -0.2969
   0.9473]",120
614,3,"[[ 0.11513147 -0.3013735   0.3286265 ]
 [ 0.29281456 -0.09911182  0.53088818]
 [-0.25313635 -0.29919074  0.33080926]
 [ 0.26924525  0.30966607 -0.32033393]
 [-0.27369871  0.29426416 -0.33573584]
 [ 0.11938068  0.30785257 -0.32214743]]","[1972. 2244.  927. 1872. 2249.  922. 1857. 2112. 1059. 2226. 2239.  932.
 2213. 2243.  928. 1970. 2248.  923.]","[1967. 2225.  930. 1890. 2228.  928. 1873. 2100. 1072. 2228. 2235.  930.
 2235. 2232.  933. 1980. 2243.  922.]","[-17.067    4.543   68.203   -0.1221  -0.2441   0.3662  -0.0728  -0.2998
   0.9536]",120
615,3,"[[ 0.11069737 -0.3015373   0.3284627 ]
 [ 0.29739956 -0.10940566  0.52059434]
 [-0.23893267 -0.29847772  0.33152228]
 [ 0.27202218  0.30967209 -0.32032791]
 [-0.27195928  0.2944008  -0.3355992 ]
 [ 0.12432915  0.3079478  -0.3220522 ]]","[1975. 2244.  927. 1870. 2249.  922. 1854. 2119. 1052. 2225. 2239.  932.
 2203. 2242.  929. 1966. 2248.  923.]","[1969. 2224.  930. 1887. 2228.  928. 1867. 2105. 1067. 2226. 2235.  931.
 2229. 2232.  933. 1977. 2243.  922.]","[-1.7073e+01  4.5370e+00  6.8214e+01 -6.1000e-02 -1.8310e-01  2.4410e-01
 -8.0600e-02 -3.0760e-01  9.4780e-01]",120
616,3,"[[ 0.10623574 -0.30170055  0.32829945]
 [ 0.3004353  -0.12074927  0.50925073]
 [-0.22321893 -0.29777247  0.33222753]
 [ 0.27468054  0.30967558 -0.32032442]
 [-0.27016932  0.29453887 -0.33546113]
 [ 0.12923351  0.30804076 -0.32195924]]","[1978. 2244.  927. 1868. 2249.  922. 1852. 2126. 1045. 2224. 2240.  931.
 2193. 2242.  929. 1963. 2248.  923.]","[1971. 2224.  930. 1884. 2228.  928. 1862. 2110. 1061. 2225. 2235.  930.
 2222. 2232.  933. 1973. 2244.  921.]","[-17.084    4.532   68.231   -0.3662  -0.2441   0.4272  -0.0845  -0.3101
   0.9424]",120
617,3,"[[ 0.10174768 -0.30186319  0.32813681]
 [ 0.30192853 -0.13318005  0.49681995]
 [-0.20612816 -0.29707894  0.33292106]
 [ 0.27721977  0.30967342 -0.32032658]
 [-0.26832893  0.29467834 -0.33532166]
 [ 0.13409234  0.30813142 -0.32186858]]","[1981. 2244.  927. 1867. 2249.  922. 1851. 2134. 1037. 2222. 2240.  931.
 2182. 2241.  930. 1960. 2248.  923.]","[1971. 2225.  930. 1883. 2228.  928. 1858. 2117. 1056. 2224. 2235.  930.
 2214. 2233.  932. 1970. 2244.  920.]","[-17.1      4.526   68.264   -0.4883  -0.4272   0.9766  -0.0767  -0.314
   0.9404]",120
618,3,"[[ 0.09723431 -0.30202519  0.32797481]
 [ 0.30204171 -0.14673129  0.48326871]
 [-0.18779991 -0.29640101  0.33359899]
 [ 0.27963936  0.30962811 -0.32037189]
 [-0.26643827  0.29481914 -0.33518086]
 [ 0.13890425  0.30821974 -0.32178026]]","[1984. 2244.  927. 1865. 2249.  922. 1851. 2143. 1028. 2221. 2240.  931.
 2170. 2241.  930. 1957. 2248.  923.]","[1972. 2225.  930. 1881. 2228.  928. 1855. 2123. 1049. 2223. 2236.  930.
 2207. 2232.  933. 1967. 2246.  920.]","[-17.122    4.521   68.324   -0.5493  -0.6714   1.4038  -0.0684  -0.3145
   0.9492]",120
619,3,"[[ 0.09269676 -0.3021865   0.3278135 ]
 [ 0.30188167 -0.16116907  0.46883093]
 [-0.16837855 -0.29574248  0.33425752]
 [ 0.28193886  0.30950627 -0.32049373]
 [-0.26449747  0.29496123 -0.33503877]
 [ 0.14366787  0.3083057  -0.3216943 ]]","[1987. 2244.  926. 1864. 2249.  922. 1851. 2153. 1018. 2220. 2240.  931.
 2157. 2240.  931. 1954. 2248.  922.]","[1975. 2226.  930. 1879. 2228.  928. 1853. 2131. 1041. 2221. 2236.  929.
 2196. 2233.  933. 1964. 2246.  920.]","[-17.139    4.515   68.39    -0.4883  -0.6714   1.6479  -0.0728  -0.3115
   0.9585]",120
620,3,"[[ 0.08813616 -0.30234707  0.32765293]
 [ 0.30174235 -0.1761813   0.4538187 ]
 [-0.14801169 -0.29510706  0.33489294]
 [ 0.28411789  0.30932456 -0.32067544]
 [-0.26250669  0.29510457 -0.33489543]
 [ 0.14838185  0.30838926 -0.32161074]]","[1990. 2245.  926. 1862. 2249.  922. 1851. 2162. 1009. 2219. 2240.  931.
 2144. 2240.  931. 1951. 2249.  922.]","[1978. 2226.  930. 1877. 2228.  928. 1852. 2139. 1032. 2220. 2235.  929.
 2186. 2232.  933. 1961. 2246.  920.]","[-17.161    4.51    68.461   -0.4272  -0.6104   1.709   -0.0767  -0.3013
   0.9497]",120
621,3,"[[ 0.08355363 -0.30250686  0.32749314]
 [ 0.30160294 -0.19189737  0.43810263]
 [-0.12684872 -0.29449834  0.33550166]
 [ 0.28617609  0.30908709 -0.32091291]
 [-0.2604661   0.29524911 -0.33475089]
 [ 0.15304486  0.30847041 -0.32152959]]","[1993. 2245.  926. 1861. 2249.  922. 1851. 2173.  998. 2217. 2240.  931.
 2130. 2239.  931. 1948. 2249.  922.]","[1980. 2227.  930. 1875. 2228.  928. 1852. 2148. 1024. 2219. 2236.  930.
 2175. 2232.  934. 1958. 2246.  920.]","[-17.172    4.504   68.538   -0.3662  -0.5493   1.709   -0.082   -0.2949
   0.9468]",120
622,3,"[[ 0.07895033 -0.30266583  0.32733417]
 [ 0.30144914 -0.20834729  0.42165271]
 [-0.10503945 -0.29391977  0.33608023]
 [ 0.28811317  0.30879654 -0.32120346]
 [-0.25837589  0.29539479 -0.33460521]
 [ 0.15765558  0.3085491  -0.3214509 ]]","[1996. 2245.  926. 1860. 2249.  922. 1851. 2183.  988. 2216. 2240.  931.
 2116. 2239.  932. 1945. 2249.  922.]","[1983. 2227.  930. 1873. 2228.  928. 1851. 2157. 1015. 2218. 2236.  929.
 2163. 2232.  933. 1955. 2247.  920.]","[-1.7177e+01  4.5100e+00  6.8615e+01 -6.1000e-02 -4.2720e-01  1.9531e+00
 -8.0600e-02 -3.0420e-01  9.4730e-01]",120
623,3,"[[ 0.07432738 -0.30282392  0.32717608]
 [ 0.3012736  -0.22552718  0.40447282]
 [-0.0827328  -0.2933746   0.3366254 ]
 [ 0.28992891  0.30845562 -0.32154438]
 [-0.25623626  0.29554158 -0.33445842]
 [ 0.16221273  0.30862532 -0.32137468]]","[1999. 2245.  926. 1858. 2249.  922. 1851. 2195.  976. 2215. 2240.  931.
 2101. 2239.  932. 1942. 2249.  922.]","[1985. 2227.  930. 1872. 2228.  928. 1851. 2167. 1005. 2216. 2236.  929.
 2150. 2232.  934. 1952. 2247.  920.]","[-1.7177e+01  4.5150e+00  6.8698e+01 -1.8310e-01 -5.4930e-01  1.9531e+00
 -6.7400e-02 -2.9050e-01  9.4970e-01]",120
624,3,"[[ 0.06968595 -0.3029811   0.3270189 ]
 [ 0.30107264 -0.24342545  0.38657455]
 [-0.06007569 -0.29286594  0.33713406]
 [ 0.29162313  0.30806728 -0.32193272]
 [-0.25404742  0.29568942 -0.33431058]
 [ 0.16671505  0.30869905 -0.32130095]]","[2002. 2245.  926. 1857. 2248.  923. 1851. 2206.  965. 2213. 2240.  931.
 2087. 2238.  933. 1939. 2249.  922.]","[1987. 2227.  930. 1870. 2228.  928. 1852. 2177.  995. 2215. 2236.  930.
 2138. 2233.  934. 1949. 2247.  920.]","[-17.188    4.515   68.763   -0.4272  -0.4883   1.4038  -0.0991  -0.292
   0.9619]",120
625,3,"[[ 0.06502719 -0.30313733  0.32686267]
 [ 0.30084436 -0.26202851  0.36797149]
 [-0.03721205 -0.29239666  0.33760334]
 [ 0.29319568  0.30763464 -0.32236536]
 [-0.25180959  0.29583827 -0.33416173]
 [ 0.17116129  0.30877025 -0.32122975]]","[2005. 2245.  926. 1856. 2248.  923. 1851. 2218.  953. 2212. 2240.  931.
 2072. 2238.  933. 1936. 2249.  922.]","[1989. 2227.  930. 1869. 2228.  928. 1851. 2188.  984. 2214. 2236.  929.
 2124. 2232.  934. 1946. 2247.  920.]","[-1.7188e+01  4.5150e+00  6.8807e+01  0.0000e+00 -2.4410e-01  7.9350e-01
 -6.8400e-02 -2.6900e-01  9.4870e-01]",120
626,3,"[[ 0.06035225 -0.30329255  0.32670745]
 [ 0.30058776 -0.28132218  0.34867782]
 [-0.01428188 -0.29196942  0.33803058]
 [ 0.29464648  0.30716099 -0.32283901]
 [-0.249523    0.29598808 -0.33401192]
 [ 0.17555022  0.3088389  -0.3211611 ]]","[2008. 2245.  926. 1855. 2248.  923. 1852. 2231.  940. 2210. 2240.  931.
 2057. 2238.  933. 1933. 2249.  922.]","[1992. 2227.  930. 1867. 2229.  928. 1851. 2199.  972. 2212. 2236.  929.
 2111. 2232.  935. 1943. 2247.  920.]","[-17.194    4.521   68.818   -0.2441   0.       0.1221  -0.085   -0.2749
   0.9536]",120
627,3,"[[ 0.0556623  -0.30344673  0.32655327]
 [ 0.30030223 -0.29139176  0.33860824]
 [ 0.00857947 -0.29158663  0.33841337]
 [ 0.29597552  0.30664976 -0.32335024]
 [-0.24718792  0.2961388  -0.3338612 ]
 [ 0.17988066  0.30890499 -0.32109501]]","[2011. 2245.  926. 1855. 2247.  924. 1852. 2237.  934. 2209. 2241.  930.
 2042. 2238.  933. 1930. 2249.  922.]","[1994. 2227.  930. 1866. 2228.  928. 1851. 2211.  961. 2211. 2236.  929.
 2097. 2232.  935. 1940. 2247.  920.]","[-1.7194e+01  4.5210e+00  6.8824e+01 -1.8310e-01  0.0000e+00  1.2210e-01
 -6.5900e-02 -2.8170e-01  9.5260e-01]",120
628,3,"[[ 0.05095851 -0.30359983  0.32640017]
 [ 0.29998733 -0.29147429  0.33852571]
 [ 0.03124195 -0.26596889  0.36403111]
 [ 0.2971828   0.30610447 -0.32389553]
 [-0.24480461  0.29629039 -0.33370961]
 [ 0.18415141  0.30896848 -0.32103152]]","[2014. 2245.  926. 1854. 2247.  924. 1852. 2238.  933. 2207. 2241.  930.
 2027. 2221.  950. 1927. 2249.  922.]","[1997. 2227.  930. 1865. 2229.  928. 1851. 2221.  951. 2209. 2236.  929.
 2083. 2232.  935. 1937. 2247.  920.]","[-17.194    4.521   68.824   -0.1831   0.      -0.1221  -0.0752  -0.2993
   0.9536]",120
629,3,"[[ 0.04624205 -0.30375181  0.32624819]
 [ 0.29964272 -0.2915594   0.3384406 ]
 [ 0.05358134 -0.19405589  0.43594411]
 [ 0.2982684   0.30552872 -0.32447128]
 [-0.24237333  0.2964428  -0.3335572 ]
 [ 0.18836132  0.30902936 -0.32097064]]","[2017. 2246.  925. 1853. 2247.  924. 1852. 2238.  933. 2206. 2241.  930.
 2013. 2174.  997. 1925. 2249.  922.]","[2000. 2226.  930. 1864. 2228.  929. 1851. 2229.  944. 2207. 2236.  928.
 2068. 2228.  937. 1933. 2247.  920.]","[-17.199    4.521   68.818   -0.1831   0.       0.      -0.083   -0.3149
   0.9468]",120
630,3,"[[ 0.04151408 -0.30390261  0.32609739]
 [ 0.2992681  -0.29164705  0.33835295]
 [ 0.07547966 -0.13467515  0.49532485]
 [ 0.29923244  0.30492616 -0.32507384]
 [-0.23989439  0.29659599 -0.33340401]
 [ 0.19250927  0.30908761 -0.32091239]]","[2020. 2246.  925. 1852. 2246.  925. 1852. 2238.  933. 2204. 2241.  930.
 1998. 2135. 1036. 1922. 2249.  922.]","[2003. 2227.  931. 1863. 2229.  929. 1851. 2231.  943. 2206. 2237.  928.
 2053. 2212.  949. 1932. 2247.  920.]","[-1.7199e+01  4.5210e+00  6.8818e+01 -6.1000e-02  0.0000e+00 -1.2210e-01
 -7.0800e-02 -3.0660e-01  9.4780e-01]",120
631,3,"[[ 0.03677578 -0.30405221  0.32594779]
 [ 0.29886318 -0.29173718  0.33826282]
 [ 0.09682551 -0.08815845  0.54184155]
 [ 0.30007508  0.30430048 -0.32569952]
 [-0.23736808  0.2967499  -0.3332501 ]
 [ 0.19659413  0.30914321 -0.32085679]]","[2024. 2246.  925. 1852. 2246.  925. 1853. 2238.  933. 2202. 2241.  930.
 1984. 2105. 1066. 1919. 2249.  922.]","[2007. 2226.  930. 1860. 2229.  930. 1852. 2229.  940. 2205. 2237.  929.
 2036. 2189.  975. 1929. 2247.  919.]","[-1.7194e+01  4.5150e+00  6.8807e+01  1.2210e-01  6.1000e-02 -2.4410e-01
 -8.9800e-02 -3.0180e-01  9.5560e-01]",120
632,3,"[[ 0.03202834 -0.30420055  0.32579945]
 [ 0.29842769 -0.29182972  0.33817028]
 [ 0.11751427 -0.05476355  0.57523645]
 [ 0.30079655  0.30365536 -0.32634464]
 [-0.23479472  0.2969045  -0.3330955 ]
 [ 0.20061484  0.30919613 -0.32080387]]","[2027. 2246.  925. 1851. 2245.  926. 1853. 2238.  933. 2201. 2241.  930.
 1971. 2083. 1088. 1917. 2249.  922.]","[2013. 2226.  930. 1858. 2230.  930. 1852. 2229.  939. 2203. 2239.  928.
 2020. 2167. 1005. 1927. 2246.  919.]","[-1.7144e+01  4.5100e+00  6.8813e+01  1.4648e+00 -2.4410e-01  1.8310e-01
 -5.8100e-02 -2.7980e-01  9.7120e-01]",120
633,3,"[[ 0.02727294 -0.30434761  0.32565239]
 [ 0.29796134 -0.29192462  0.33807538]
 [ 0.13744827 -0.03467284  0.59532716]
 [ 0.30139717  0.30299448 -0.32700552]
 [-0.23217464  0.29705974 -0.33294026]
 [ 0.20457031  0.30924637 -0.32075363]]","[2030. 2246.  925. 1851. 2245.  926. 1853. 2238.  933. 2199. 2241.  930.
 1958. 2070. 1101. 1914. 2249.  922.]","[2019. 2226.  930. 1856. 2232.  929. 1853. 2228.  938. 2202. 2240.  929.
 2003. 2140. 1034. 1925. 2245.  920.]","[-1.6930e+01  4.4660e+00  6.8818e+01  6.4697e+00 -1.3428e+00 -2.4410e-01
 -2.4900e-02 -2.2660e-01  1.0059e+00]",120
634,3,"[[ 0.02251075 -0.30449335  0.32550665]
 [ 0.29746388 -0.29202182  0.33797818]
 [ 0.15653688 -0.0279976   0.6020024 ]
 [ 0.30187761  0.30232149 -0.32767851]
 [-0.22950819  0.29721556 -0.33278444]
 [ 0.20845952  0.3092939  -0.3207061 ]]","[2033. 2246.  925. 1851. 2245.  926. 1854. 2238.  933. 2197. 2241.  930.
 1945. 2066. 1105. 1912. 2249.  922.]","[2024. 2227.  930. 1855. 2233.  929. 1853. 2228.  936. 2201. 2240.  929.
 1987. 2116. 1057. 1922. 2244.  922.]","[-16.562    4.395   68.752    9.2163  -1.0986  -2.0142  -0.0869  -0.2915
   0.999 ]",120
635,3,"[[ 0.01774296 -0.30463771  0.32536229]
 [ 0.29693504 -0.29212128  0.33787872]
 [ 0.1746965  -0.03474099  0.59525901]
 [ 0.30224     0.30164    -0.32836   ]
 [-0.22679571  0.29737194 -0.33262806]
 [ 0.21228144  0.30933871 -0.32066129]]","[2036. 2246.  925. 1850. 2244.  927. 1854. 2238.  933. 2195. 2241.  930.
 1934. 2070. 1101. 1909. 2249.  922.]","[2027. 2228.  931. 1855. 2233.  930. 1853. 2228.  935. 2199. 2239.  931.
 1973. 2098. 1076. 1920. 2244.  923.]","[-16.26     4.356   68.582    7.8125   0.2441  -4.3945  -0.1289  -0.314
   0.9468]",120
636,3,"[[ 0.01297076 -0.30478067  0.32521933]
 [ 0.29637456 -0.29222292  0.33777708]
 [ 0.19185057 -0.03883259  0.59116741]
 [ 0.30249188  0.30095353 -0.32904647]
 [-0.22403757  0.29752882 -0.33247118]
 [ 0.21603509  0.30938078 -0.32061922]]","[2039. 2246.  925. 1850. 2244.  927. 1854. 2238.  933. 2194. 2241.  930.
 1922. 2073. 1098. 1907. 2249.  922.]","[2030. 2229.  929. 1854. 2233.  930. 1854. 2228.  934. 2197. 2239.  930.
 1960. 2087. 1085. 1917. 2244.  922.]","[-16.21     4.367   68.373    1.77     1.4648  -4.9438  -0.1489  -0.2935
   0.7993]",120
637,3,"[[ 0.00819533 -0.30492218  0.32507782]
 [ 0.2957822  -0.2923267   0.3376733 ]
 [ 0.20792946 -0.04098002  0.58901998]
 [ 0.30260492  0.30026549 -0.32973451]
 [-0.22123416  0.29768615 -0.33231385]
 [ 0.21971949  0.30942011 -0.32057989]]","[2042. 2246.  925. 1850. 2243.  928. 1855. 2238.  933. 2192. 2242.  929.
 1912. 2074. 1097. 1904. 2249.  922.]","[2033. 2229.  929. 1853. 2233.  930. 1854. 2228.  934. 2195. 2239.  930.
 1946. 2082. 1090. 1914. 2244.  923.]","[-16.331    4.4     68.258   -2.5635   1.1597  -2.6245  -0.1235  -0.2783
   0.9922]",120
638,3,"[[ 0.00341786 -0.30506222  0.32493778]
 [ 0.29515768 -0.29243257  0.33756743]
 [ 0.22287038 -0.04345922  0.58654078]
 [ 0.301532    0.29957855 -0.33042145]
 [-0.21838588  0.2978439  -0.3321561 ]
 [ 0.22333371  0.30945666 -0.32054334]]","[2045. 2246.  925. 1851. 2243.  928. 1855. 2238.  933. 2190. 2242.  929.
 1902. 2076. 1095. 1902. 2249.  922.]","[2036. 2229.  930. 1852. 2233.  930. 1855. 2228.  934. 2193. 2239.  929.
 1934. 2079. 1093. 1912. 2244.  923.]","[-1.6326e+01  4.4270e+00  6.8264e+01  2.4410e-01  3.6620e-01  3.0520e-01
 -3.7600e-02 -2.9640e-01  9.9850e-01]",120
639,3,"[[-0.00136045 -0.30520073  0.32479927]
 [ 0.29450078 -0.29254045  0.33745955]
 [ 0.23661723 -0.04657509  0.58342491]
 [ 0.2985355   0.29889364 -0.33110636]
 [-0.21549312  0.29800202 -0.33199798]
 [ 0.22687681  0.30949045 -0.32050955]]","[2048. 2246.  925. 1853. 2242.  929. 1856. 2238.  933. 2188. 2242.  929.
 1893. 2078. 1093. 1900. 2249.  922.]","[2038. 2229.  929. 1852. 2233.  930. 1855. 2228.  934. 2192. 2240.  929.
 1923. 2079. 1094. 1910. 2244.  921.]","[-1.6282e+01  4.4440e+00  6.8313e+01  1.0986e+00  0.0000e+00  1.2207e+00
 -4.4000e-03 -3.2520e-01  9.0090e-01]",120
640,3,"[[-0.00613843 -0.30533769  0.32466231]
 [ 0.29381123 -0.29265031  0.33734969]
 [ 0.24912046 -0.05040569  0.57959431]
 [ 0.29365751  0.29821377 -0.33178623]
 [-0.21255631  0.29816047 -0.33183953]
 [ 0.2303479   0.30952144 -0.32047856]]","[2052. 2247.  924. 1856. 2242.  929. 1856. 2238.  933. 2186. 2242.  929.
 1885. 2080. 1091. 1897. 2249.  922.]","[2040. 2229.  930. 1852. 2233.  931. 1856. 2228.  934. 2190. 2240.  929.
 1913. 2079. 1093. 1907. 2244.  920.]","[-1.6315e+01  4.4330e+00  6.8357e+01 -5.4930e-01 -3.6620e-01  9.7660e-01
 -1.4200e-02 -3.1100e-01  9.4920e-01]",120
641,3,"[[-0.01091488 -0.30547306  0.32452694]
 [ 0.29308882 -0.29276209  0.33723791]
 [ 0.26033691 -0.05500057  0.57499943]
 [ 0.2869564   0.29754239 -0.33245761]
 [-0.20957588  0.29831919 -0.33168081]
 [ 0.23374611  0.30954963 -0.32045037]]","[2055. 2247.  924. 1860. 2241.  930. 1856. 2238.  933. 2184. 2242.  929.
 1878. 2083. 1088. 1895. 2249.  922.]","[2043. 2229.  930. 1852. 2233.  931. 1856. 2228.  934. 2187. 2239.  928.
 1900. 2079. 1092. 1904. 2244.  921.]","[-1.6326e+01  4.4170e+00  6.8390e+01 -1.2210e-01 -4.8830e-01  7.9350e-01
 -6.3500e-02 -2.8120e-01  9.7270e-01]",120
642,3,"[[-0.01568862 -0.30560681  0.32439319]
 [ 0.29233329 -0.29287573  0.33712427]
 [ 0.27022958 -0.06040509  0.56959491]
 [ 0.2785062   0.29688295 -0.33311705]
 [-0.20655228  0.29847816 -0.33152184]
 [ 0.2370706   0.30957502 -0.32042498]]","[2058. 2247.  924. 1866. 2241.  930. 1857. 2238.  933. 2182. 2242.  929.
 1871. 2087. 1084. 1893. 2249.  922.]","[2045. 2229.  930. 1853. 2233.  931. 1856. 2228.  935. 2186. 2240.  929.
 1895. 2081. 1090. 1903. 2244.  922.]","[-16.304    4.406   68.439    0.6104  -0.4883   1.0376  -0.1016  -0.2847
   0.939 ]",120
643,3,"[[-0.02045845 -0.30573889  0.32426111]
 [ 0.29154441 -0.29299118  0.33700882]
 [ 0.2787675  -0.0666635   0.5633365 ]
 [ 0.26839265  0.29623885 -0.33376115]
 [-0.20348596  0.29863732 -0.33136268]
 [ 0.24032053  0.30959759 -0.32040241]]","[2061. 2247.  924. 1873. 2241.  930. 1857. 2239.  932. 2180. 2242.  929.
 1866. 2091. 1080. 1891. 2249.  922.]","[2047. 2229.  930. 1856. 2233.  932. 1857. 2228.  934. 2184. 2240.  928.
 1886. 2083. 1088. 1901. 2243.  922.]","[-1.6337e+01  4.4060e+00  6.8505e+01 -4.8830e-01 -6.1000e-02  6.1040e-01
 -8.2500e-02 -2.5590e-01  9.7070e-01]",120
644,3,"[[-0.0252232  -0.30586927  0.32413073]
 [ 0.29072197 -0.29310838  0.33689162]
 [ 0.28592552 -0.0738193   0.5561807 ]
 [ 0.25671074  0.29561343 -0.33438657]
 [-0.2003774   0.29879664 -0.33120336]
 [ 0.24349511  0.30961734 -0.32038266]]","[2064. 2247.  924. 1880. 2240.  931. 1858. 2239.  932. 2178. 2242.  929.
 1861. 2096. 1075. 1889. 2249.  922.]","[2050. 2229.  930. 1860. 2233.  933. 1857. 2228.  933. 2183. 2240.  929.
 1879. 2087. 1085. 1899. 2244.  923.]","[-1.6331e+01  4.4170e+00  6.8494e+01  6.1000e-02  2.4410e-01 -2.4410e-01
 -6.4500e-02 -2.6810e-01  9.6480e-01]",120
645,3,"[[-0.02998167 -0.30599793  0.32400207]
 [ 0.28986574 -0.29322729  0.33677271]
 [ 0.29168415 -0.08191508  0.54808492]
 [ 0.24356292  0.29500991 -0.33499009]
 [-0.19722707  0.29895607 -0.33104393]
 [ 0.24659357  0.30963425 -0.32036575]]","[2067. 2247.  924. 1889. 2240.  931. 1859. 2239.  932. 2176. 2242.  929.
 1857. 2101. 1070. 1887. 2249.  922.]","[2053. 2229.  930. 1865. 2233.  933. 1858. 2228.  933. 2181. 2239.  929.
 1873. 2091. 1081. 1897. 2244.  922.]","[-16.342    4.422   68.445   -0.2441   0.4883  -1.0376  -0.0732  -0.2744
   0.9404]",120
646,3,"[[-0.03473268 -0.30612482  0.32387518]
 [ 0.28897551 -0.29334786  0.33665214]
 [ 0.29602934 -0.09099229  0.53900771]
 [ 0.22905769  0.29443145 -0.33556855]
 [-0.19403548  0.29911556 -0.33088444]
 [ 0.24961515  0.30964833 -0.32035167]]","[2070. 2247.  924. 1898. 2239.  932. 1859. 2239.  932. 2174. 2242.  928.
 1855. 2107. 1064. 1885. 2249.  922.]","[2056. 2229.  930. 1871. 2233.  934. 1858. 2228.  933. 2181. 2240.  930.
 1867. 2095. 1077. 1895. 2244.  923.]","[-1.6370e+01  4.4330e+00  6.8384e+01 -6.7140e-01  6.7140e-01 -1.4038e+00
 -6.7400e-02 -2.8320e-01  9.5750e-01]",120
647,3,"[[-0.03947506 -0.30624992  0.32375008]
 [ 0.28805106 -0.29347002  0.33652998]
 [ 0.29895239 -0.10109099  0.52890901]
 [ 0.2133083   0.29388104 -0.33611896]
 [-0.19080313  0.29927509 -0.33072491]
 [ 0.25255913  0.30965958 -0.32034042]]","[2073. 2247.  924. 1908. 2239.  932. 1860. 2239.  932. 2172. 2243.  928.
 1853. 2113. 1058. 1883. 2249.  922.]","[2060. 2229.  930. 1879. 2233.  934. 1859. 2228.  933. 2178. 2240.  930.
 1861. 2100. 1071. 1893. 2244.  923.]","[-1.6392e+01  4.4380e+00  6.8318e+01 -5.4930e-01  6.7140e-01 -1.5869e+00
 -6.0500e-02 -3.0030e-01  9.5510e-01]",120
648,3,"[[-0.04420762 -0.30637319  0.32362681]
 [ 0.28709219 -0.29359373  0.33640627]
 [ 0.30044849 -0.11224963  0.51775037]
 [ 0.19643162  0.29336156 -0.33663844]
 [-0.18753054  0.29943459 -0.33056541]
 [ 0.25542481  0.30966804 -0.32033196]]","[2076. 2247.  924. 1919. 2239.  932. 1860. 2239.  932. 2170. 2243.  928.
 1852. 2121. 1050. 1881. 2249.  922.]","[2061. 2229.  930. 1884. 2233.  934. 1860. 2228.  933. 2177. 2239.  929.
 1858. 2104. 1068. 1892. 2244.  924.]","[-16.408    4.438   68.253    0.       0.3052  -1.0376  -0.0991  -0.3135
   0.9541]",120
649,3,"[[-0.04892918 -0.3064946   0.3235054 ]
 [ 0.2860987  -0.29371895  0.33628105]
 [ 0.30060641 -0.12450371  0.50549629]
 [ 0.17854708  0.29287572 -0.33712428]
 [-0.18421825  0.29959405 -0.33040595]
 [ 0.25821151  0.30967386 -0.32032614]]","[2079. 2247.  924. 1931. 2238.  933. 1861. 2239.  932. 2168. 2243.  928.
 1852. 2129. 1042. 1879. 2249.  922.]","[2064. 2229.  929. 1894. 2234.  933. 1861. 2228.  933. 2174. 2240.  929.
 1856. 2111. 1061. 1891. 2244.  924.]","[-1.6408e+01  4.4380e+00  6.8220e+01  5.4930e-01  6.1000e-02 -6.1000e-02
 -1.0160e-01 -3.0180e-01  9.5070e-01]",120
650,3,"[[-0.05363857 -0.30661412  0.32338588]
 [ 0.28507039 -0.29384561  0.33615439]
 [ 0.30043597 -0.13768112  0.49231888]
 [ 0.1597757   0.29242605 -0.33757395]
 [-0.18086679  0.2997534  -0.3302466 ]
 [ 0.26091859  0.30967738 -0.32032262]]","[2082. 2247.  924. 1943. 2238.  933. 1862. 2239.  932. 2165. 2243.  928.
 1852. 2137. 1034. 1877. 2249.  922.]","[2066. 2230.  930. 1904. 2234.  934. 1861. 2227.  933. 2172. 2240.  929.
 1854. 2118. 1054. 1889. 2243.  924.]","[-16.392    4.444   68.22     0.5493  -0.1221   0.7324  -0.0947  -0.2715
   0.9575]",120
651,3,"[[-0.05833463 -0.30673172  0.32326828]
 [ 0.28400709 -0.29397368  0.33602632]
 [ 0.30031001 -0.15142913  0.47857087]
 [ 0.14023921  0.29201492 -0.33798508]
 [-0.17747673  0.29991262 -0.33008738]
 [ 0.26354541  0.30967591 -0.32032409]]","[2086. 2247.  924. 1956. 2238.  933. 1862. 2239.  932. 2163. 2243.  928.
 1852. 2146. 1025. 1876. 2249.  922.]","[2069. 2230.  929. 1916. 2234.  934. 1862. 2227.  933. 2170. 2240.  929.
 1854. 2125. 1047. 1887. 2243.  924.]","[-1.6370e+01  4.4550e+00  6.8253e+01  4.8830e-01 -1.8310e-01  1.0376e+00
 -6.3500e-02 -2.5390e-01  9.6000e-01]",120
652,3,"[[-0.06301617 -0.30684737  0.32315263]
 [ 0.28290859 -0.29410309  0.33589691]
 [ 0.30020444 -0.16588676  0.46411324]
 [ 0.12005926  0.29164445 -0.33835555]
 [-0.17404863  0.30007166 -0.32992834]
 [ 0.26609138  0.30963472 -0.32036528]]","[2089. 2248.  923. 1969. 2238.  933. 1863. 2239.  932. 2161. 2243.  928.
 1852. 2156. 1015. 1874. 2249.  922.]","[2071. 2231.  929. 1927. 2234.  934. 1863. 2227.  933. 2167. 2240.  929.
 1853. 2132. 1039. 1885. 2244.  924.]","[-1.6348e+01  4.4600e+00  6.8297e+01  1.8310e-01 -6.1000e-02  7.3240e-01
 -5.3700e-02 -2.4950e-01  9.6440e-01]",120
653,3,"[[-0.06768204 -0.30696103  0.32303897]
 [ 0.28177474 -0.29423381  0.33576619]
 [ 0.30010095 -0.18109381  0.44890619]
 [ 0.0993567   0.28250388 -0.34749612]
 [-0.17058308  0.30023048 -0.32976952]
 [ 0.26855592  0.30951776 -0.32048224]]","[2092. 2248.  923. 1983. 2232.  939. 1864. 2239.  932. 2159. 2243.  928.
 1852. 2166. 1005. 1872. 2249.  922.]","[2074. 2232.  929. 1939. 2234.  934. 1863. 2227.  933. 2165. 2240.  929.
 1853. 2141. 1031. 1884. 2243.  924.]","[-1.6331e+01  4.4660e+00  6.8324e+01  6.1000e-02  0.0000e+00  3.0520e-01
 -4.7900e-02 -2.5340e-01  9.5850e-01]",120
654,3,"[[-0.07233107 -0.30707269  0.32292731]
 [ 0.28060536 -0.29436578  0.33563422]
 [ 0.29998994 -0.19704771  0.43295229]
 [ 0.07825097  0.21162483 -0.41837517]
 [-0.16708066  0.30038904 -0.32961096]
 [ 0.27093848  0.30934191 -0.32065809]]","[2095. 2248.  923. 1996. 2185.  986. 1865. 2239.  932. 2156. 2243.  928.
 1852. 2176.  995. 1871. 2249.  922.]","[2078. 2232.  929. 1952. 2233.  935. 1864. 2228.  933. 2163. 2240.  929.
 1853. 2150. 1022. 1882. 2244.  924.]","[-1.6326e+01  4.4710e+00  6.8329e+01 -6.1000e-02  1.2210e-01  0.0000e+00
 -6.7400e-02 -2.6760e-01  9.4970e-01]",120
655,3,"[[-0.07696212 -0.30718231  0.32281769]
 [ 0.27940028 -0.29449896  0.33550104]
 [ 0.2998665  -0.21373591  0.41626409]
 [ 0.05685956  0.15219881 -0.47780119]
 [-0.16354198  0.3005473  -0.3294527 ]
 [ 0.27323854  0.30911145 -0.32088855]]","[2098. 2248.  923. 2010. 2147. 1024. 1865. 2239.  931. 2154. 2243.  928.
 1852. 2187.  984. 1869. 2249.  922.]","[2081. 2232.  929. 1970. 2219.  952. 1865. 2228.  932. 2159. 2239.  929.
 1853. 2163. 1009. 1879. 2244.  924.]","[-1.6320e+01  4.4710e+00  6.8329e+01 -3.6620e-01  1.8310e-01  6.1000e-02
 -8.5900e-02 -2.7590e-01  9.3650e-01]",120
656,3,"[[-0.08157402 -0.30728986  0.32271014]
 [ 0.27815936 -0.29463329  0.33536671]
 [ 0.29972812 -0.2311432   0.3988568 ]
 [ 0.03529749  0.10453618 -0.52546382]
 [-0.15996765  0.30070523 -0.32929477]
 [ 0.27545559  0.30882903 -0.32117097]]","[2101. 2248.  923. 2024. 2116. 1055. 1866. 2240.  931. 2152. 2244.  927.
 1852. 2198.  973. 1868. 2249.  922.]","[2083. 2233.  928. 1981. 2200.  970. 1865. 2228.  932. 2158. 2238.  929.
 1853. 2170. 1003. 1878. 2244.  924.]","[-16.337    4.488   68.34    -1.3428   1.0376   1.0376  -0.104   -0.249
   0.8457]",120
657,3,"[[-0.08616564 -0.30739533  0.32260467]
 [ 0.27688243 -0.29476874  0.33523126]
 [ 0.29957349 -0.24925355  0.38074645]
 [ 0.01367699  0.06888551 -0.56111449]
 [-0.15635831  0.30086278 -0.32913722]
 [ 0.27758916  0.3084973  -0.3215027 ]]","[2104. 2248.  923. 2039. 2092. 1079. 1867. 2240.  931. 2149. 2244.  927.
 1852. 2210.  961. 1867. 2249.  922.]","[2086. 2233.  928. 1999. 2172.  999. 1866. 2229.  930. 2155. 2238.  928.
 1853. 2177.  996. 1876. 2244.  924.]","[-1.6403e+01  4.5480e+00  6.8373e+01 -3.1738e+00  1.4648e+00  1.8311e+00
 -5.1300e-02 -2.3540e-01  9.3950e-01]",120
658,3,"[[-0.09073582 -0.30749867  0.32250133]
 [ 0.27556937 -0.29490526  0.33509474]
 [ 0.2994019  -0.26805062  0.36194938]
 [-0.00789294  0.04543232 -0.58456768]
 [-0.15271458  0.30101991 -0.32898009]
 [ 0.2796388   0.30811911 -0.32188089]]","[2107. 2248.  923. 2053. 2077. 1094. 1868. 2240.  931. 2147. 2244.  927.
 1852. 2222.  949. 1865. 2248.  923.]","[2089. 2233.  927. 2011. 2145. 1027. 1867. 2229.  928. 2150. 2238.  927.
 1853. 2186.  985. 1873. 2244.  924.]","[-16.518    4.614   68.417   -3.9062   0.6104   0.7324  -0.0752  -0.2471
   1.1538]",120
659,3,"[[-0.09528343 -0.30759988  0.32240012]
 [ 0.27422003 -0.2950428   0.3349572 ]
 [ 0.29921294 -0.287518    0.342482  ]
 [-0.0293067   0.03429859 -0.59570141]
 [-0.14903712  0.30117659 -0.32882341]
 [ 0.28160409  0.3076975  -0.3223025 ]]","[2110. 2248.  923. 2067. 2070. 1101. 1869. 2240.  931. 2145. 2244.  927.
 1852. 2235.  936. 1864. 2248.  923.]","[2093. 2233.  928. 2024. 2120. 1052. 1868. 2230.  928. 2147. 2238.  926.
 1854. 2195.  975. 1871. 2244.  924.]","[-16.628    4.636   68.434   -1.2817  -0.1831   0.      -0.0947  -0.25
   0.9551]",120
660,3,"[[-0.09980735 -0.30769891  0.32230109]
 [ 0.27283429 -0.29518131  0.33481869]
 [ 0.29900634 -0.29141715  0.33858285]
 [-0.05046242  0.03575052 -0.59424948]
 [-0.14532659  0.30133278 -0.32866722]
 [ 0.28348462  0.3072356  -0.3227644 ]]","[2113. 2248.  923. 2080. 2071. 1100. 1870. 2240.  931. 2142. 2244.  927.
 1853. 2237.  933. 1863. 2248.  923.]","[2097. 2233.  927. 2041. 2101. 1070. 1869. 2233.  929. 2145. 2238.  927.
 1853. 2206.  964. 1870. 2244.  925.]","[-16.65     4.631   68.428   -1.0376   0.3052  -0.4272  -0.1074  -0.3325
   0.832 ]",120
661,3,"[[-0.10430644 -0.30779575  0.32220425]
 [ 0.27141202 -0.29532076  0.33467924]
 [ 0.29878191 -0.29150018  0.33849982]
 [-0.07126204  0.04253486 -0.58746514]
 [-0.14158365  0.30148844 -0.32851156]
 [ 0.28528001  0.30673672 -0.32326328]]","[2115. 2248.  923. 2094. 2075. 1096. 1871. 2240.  931. 2140. 2244.  927.
 1853. 2238.  933. 1862. 2247.  924.]","[2101. 2233.  926. 2055. 2089. 1082. 1870. 2234.  930. 2143. 2237.  927.
 1854. 2213.  957. 1868. 2244.  925.]","[-16.727    4.653   68.401   -5.188    1.9531  -1.0376  -0.0859  -0.2974
   0.938 ]",120
662,3,"[[-0.10877959 -0.30789038  0.32210962]
 [ 0.26995311 -0.29546109  0.33453891]
 [ 0.29853949 -0.2915857   0.3384143 ]
 [-0.09161156  0.04389471 -0.58610529]
 [-0.13780899  0.30164353 -0.32835647]
 [ 0.28698993  0.30620421 -0.32379579]]","[2118. 2248.  923. 2107. 2076. 1095. 1872. 2240.  931. 2137. 2244.  927.
 1853. 2238.  933. 1860. 2247.  924.]","[2106. 2232.  926. 2071. 2083. 1089. 1871. 2236.  930. 2141. 2237.  928.
 1854. 2218.  951. 1866. 2244.  925.]","[-16.919    4.719   68.324   -4.2725   2.3193  -2.2583  -0.082   -0.3042
   0.9824]",120
663,3,"[[-0.11322568 -0.30798276  0.32201724]
 [ 0.26845746 -0.29560227  0.33439773]
 [ 0.29827894 -0.29167364  0.33832636]
 [-0.11142103  0.04497964 -0.58502036]
 [-0.1340033   0.30179802 -0.32820198]
 [ 0.28861404  0.30564151 -0.32435849]]","[2121. 2248.  923. 2120. 2077. 1094. 1872. 2240.  931. 2135. 2244.  927.
 1853. 2238.  933. 1859. 2247.  924.]","[2109. 2232.  925. 2082. 2081. 1091. 1871. 2237.  930. 2139. 2236.  928.
 1855. 2220.  948. 1864. 2244.  926.]","[-17.078    4.774   68.198   -3.0518   1.8311  -3.2959  -0.083   -0.334
   0.978 ]",120
664,3,"[[-0.11764362 -0.30807288  0.32192712]
 [ 0.26692497 -0.29574425  0.33425575]
 [ 0.29800012 -0.29176394  0.33823606]
 [-0.13060471  0.0464181  -0.5835819 ]
 [-0.13016729  0.30195187 -0.32804813]
 [ 0.29015204  0.3050521  -0.3249479 ]]","[2124. 2248.  923. 2133. 2078. 1093. 1873. 2240.  931. 2132. 2244.  927.
 1853. 2238.  933. 1858. 2246.  925.]","[2113. 2233.  925. 2096. 2080. 1092. 1872. 2238.  930. 2139. 2235.  929.
 1855. 2223.  945. 1863. 2244.  926.]","[-17.183    4.807   68.038   -1.8921   2.0142  -3.7842  -0.127   -0.3486
   0.9019]",120
665,3,"[[-0.12203229 -0.30816072  0.32183928]
 [ 0.26535554 -0.29588699  0.33411301]
 [ 0.2977029  -0.29185652  0.33814348]
 [-0.14908107  0.0483224  -0.5816776 ]
 [-0.12630166  0.30210504 -0.32789496]
 [ 0.29160367  0.30443947 -0.32556053]]","[2127. 2248.  923. 2145. 2079. 1092. 1875. 2240.  931. 2130. 2244.  927.
 1853. 2238.  933. 1857. 2246.  925.]","[2116. 2233.  921. 2112. 2080. 1092. 1872. 2238.  930. 2137. 2234.  929.
 1855. 2224.  943. 1861. 2244.  926.]","[-17.276    4.845   67.896   -1.8921   1.4648  -2.5635  -0.1377  -0.3711
   0.9463]",120
666,3,"[[-0.12639061 -0.30824626  0.32175374]
 [ 0.26374911 -0.29603044  0.33396956]
 [ 0.29738713 -0.29195134  0.33804866]
 [-0.16677287  0.0507412  -0.5792588 ]
 [-0.12240714  0.3022575  -0.3277425 ]
 [ 0.29296866  0.30380713 -0.32619287]]","[2130. 2248.  923. 2156. 2081. 1090. 1876. 2240.  930. 2127. 2245.  926.
 1854. 2238.  933. 1857. 2246.  925.]","[2120. 2233.  920. 2124. 2080. 1091. 1873. 2239.  929. 2134. 2234.  930.
 1855. 2225.  941. 1860. 2244.  926.]","[-17.353    4.883   67.813   -1.0986   0.9766  -0.7324  -0.1006  -0.3506
   0.9673]",120
667,3,"[[-0.13071749 -0.30832947  0.32167053]
 [ 0.26210559 -0.29617457  0.33382543]
 [ 0.29705268 -0.29204832  0.33795168]
 [-0.18360712  0.05371497 -0.57628503]
 [-0.11848445  0.30240922 -0.32759078]
 [ 0.2942468   0.30315858 -0.32684142]]","[2133. 2248.  922. 2167. 2083. 1088. 1877. 2241.  930. 2125. 2245.  926.
 1854. 2238.  933. 1856. 2245.  926.]","[2121. 2233.  920. 2134. 2080. 1091. 1874. 2238.  929. 2132. 2233.  930.
 1855. 2225.  941. 1859. 2244.  927.]","[-1.7386e+01  4.9160e+00  6.7802e+01 -6.1000e-02  3.6620e-01  6.1040e-01
 -6.4500e-02 -3.3060e-01  9.5120e-01]",120
668,3,"[[-0.13501186 -0.30841033  0.32158967]
 [ 0.26042491 -0.29631933  0.33368067]
 [ 0.2966994  -0.29214739  0.33785261]
 [-0.19951512  0.05728348 -0.57271652]
 [-0.11453436  0.30256014 -0.32743986]
 [ 0.29543788  0.30249728 -0.32750272]]","[2136. 2249.  922. 2178. 2085. 1086. 1878. 2241.  930. 2122. 2245.  926.
 1854. 2238.  933. 1855. 2245.  926.]","[2123. 2234.  920. 2146. 2082. 1090. 1876. 2239.  930. 2130. 2233.  930.
 1856. 2225.  940. 1858. 2243.  927.]","[-1.7391e+01  4.9380e+00  6.7835e+01  1.2210e-01  0.0000e+00  1.0986e+00
 -7.3000e-03 -2.9200e-01  9.6240e-01]",120
669,3,"[[-0.13927265 -0.30848883  0.32151117]
 [ 0.25870703 -0.29646469  0.33353531]
 [ 0.29632716 -0.29224851  0.33775149]
 [-0.21443246  0.06148707 -0.56851293]
 [-0.11055759  0.30271025 -0.32728975]
 [ 0.29654172  0.30182667 -0.32817333]]","[2138. 2249.  922. 2187. 2088. 1083. 1879. 2241.  930. 2120. 2245.  926.
 1854. 2238.  933. 1854. 2244.  927.]","[2126. 2234.  920. 2157. 2083. 1088. 1877. 2239.  930. 2127. 2233.  930.
 1856. 2225.  940. 1858. 2243.  927.]","[-1.7386e+01  4.9440e+00  6.7868e+01  3.6620e-01  0.0000e+00  5.4930e-01
  8.3000e-03 -2.7690e-01  9.7270e-01]",120
670,3,"[[-0.1434988  -0.30856495  0.32143505]
 [ 0.2569519  -0.29661059  0.33338941]
 [ 0.2959358  -0.29235161  0.33764839]
 [-0.22829899  0.06636667 -0.56363333]
 [-0.10655492  0.30285951 -0.32714049]
 [ 0.29755819  0.30115011 -0.32884989]]","[2141. 2249.  922. 2196. 2091. 1080. 1880. 2241.  930. 2117. 2245.  926.
 1855. 2238.  933. 1854. 2244.  927.]","[2128. 2234.  921. 2168. 2085. 1085. 1878. 2239.  930. 2125. 2233.  929.
 1856. 2225.  940. 1856. 2243.  927.]","[-1.7380e+01  4.9270e+00  6.7868e+01  1.8310e-01  0.0000e+00 -4.2720e-01
 -3.1700e-02 -2.7490e-01  9.4090e-01]",120
671,3,"[[-0.14768926 -0.30863866  0.32136134]
 [ 0.25515946 -0.29675701  0.33324299]
 [ 0.29552517 -0.29245662  0.33754338]
 [-0.24105885  0.07196381 -0.55803619]
 [-0.10252712  0.30300787 -0.32699213]
 [ 0.29848715  0.30047095 -0.32952905]]","[2144. 2249.  922. 2205. 2094. 1077. 1881. 2241.  930. 2114. 2245.  926.
 1855. 2238.  933. 1853. 2243.  928.]","[2130. 2234.  922. 2178. 2088. 1083. 1879. 2239.  929. 2123. 2233.  929.
 1856. 2225.  940. 1856. 2242.  927.]","[-17.38     4.905   67.841   -0.1831   0.1221  -0.8545  -0.1001  -0.2886
   0.937 ]",120
672,3,"[[-0.15184299 -0.30870996  0.32129004]
 [ 0.25332971 -0.29690391  0.33309609]
 [ 0.29509513 -0.2925635   0.3374365 ]
 [-0.25266044  0.07832041 -0.55167959]
 [-0.09847497  0.30315532 -0.32684468]
 [ 0.29932849  0.29979242 -0.33020758]]","[2146. 2249.  922. 2212. 2099. 1072. 1882. 2241.  930. 2112. 2245.  926.
 1855. 2238.  933. 1852. 2243.  928.]","[2134. 2234.  922. 2189. 2092. 1080. 1880. 2240.  929. 2120. 2233.  929.
 1857. 2225.  940. 1855. 2242.  929.]","[-1.7386e+01  4.8890e+00  6.7813e+01 -1.8310e-01  6.1000e-02 -4.8830e-01
 -1.2550e-01 -2.9980e-01  9.6040e-01]",120
673,3,"[[-0.15595895 -0.30877882  0.32122118]
 [ 0.25146261 -0.29705123  0.33294877]
 [ 0.29464551 -0.29267216  0.33732784]
 [-0.26305643  0.08547859 -0.54452141]
 [-0.09439925  0.30330181 -0.32669819]
 [ 0.30008215  0.2991177  -0.3308823 ]]","[2149. 2249.  922. 2219. 2103. 1068. 1884. 2241.  930. 2109. 2245.  926.
 1855. 2238.  933. 1852. 2242.  928.]","[2135. 2234.  921. 2196. 2094. 1077. 1881. 2239.  929. 2118. 2233.  930.
 1857. 2225.  940. 1854. 2242.  929.]","[-1.7386e+01  4.8830e+00  6.7802e+01  0.0000e+00  0.0000e+00 -6.1000e-02
 -1.2450e-01 -3.0620e-01  9.5260e-01]",120
674,3,"[[-0.16003612 -0.30884524  0.32115476]
 [ 0.24955814 -0.29719896  0.33280104]
 [ 0.29417616 -0.29278257  0.33721743]
 [-0.27220379  0.09348044 -0.53651956]
 [-0.09030077  0.30344731 -0.32655269]
 [ 0.30074807  0.2984499  -0.3315501 ]]","[2152. 2249.  922. 2225. 2108. 1063. 1885. 2241.  930. 2106. 2245.  926.
 1856. 2238.  933. 1851. 2242.  929.]","[2138. 2234.  921. 2206. 2099. 1073. 1883. 2239.  928. 2115. 2233.  929.
 1857. 2225.  940. 1853. 2241.  929.]","[-1.7386e+01  4.8830e+00  6.7808e+01  6.1000e-02 -6.1000e-02  4.2720e-01
 -1.2350e-01 -3.0960e-01  9.3600e-01]",120
675,3,"[[-0.16407348 -0.30890919  0.32109081]
 [ 0.24761632 -0.29734704  0.33265296]
 [ 0.29368692 -0.29289466  0.33710534]
 [-0.28006378  0.10236784 -0.52763216]
 [-0.08618033  0.30359179 -0.32640821]
 [ 0.30132624  0.29779203 -0.33220797]]","[2154. 2249.  922. 2230. 2114. 1057. 1886. 2241.  930. 2104. 2245.  926.
 1856. 2238.  933. 1851. 2242.  929.]","[2140. 2235.  920. 2212. 2102. 1069. 1884. 2240.  929. 2113. 2233.  930.
 1857. 2224.  940. 1852. 2241.  930.]","[-17.38     4.894   67.835    0.      -0.1221   0.9155  -0.1045  -0.3086
   0.9448]",120
676,3,"[[-0.16807004 -0.30897066  0.32102934]
 [ 0.24563714 -0.29749544  0.33250456]
 [ 0.29317763 -0.29300837  0.33699163]
 [-0.286602    0.11218221 -0.51781779]
 [-0.08203875  0.30373521 -0.32626479]
 [ 0.30181673  0.29714701 -0.33285299]]","[2157. 2249.  922. 2234. 2121. 1050. 1887. 2241.  930. 2101. 2246.  925.
 1856. 2239.  932. 1851. 2241.  930.]","[2142. 2235.  921. 2221. 2109. 1063. 1885. 2239.  929. 2109. 2233.  929.
 1858. 2225.  939. 1850. 2241.  930.]","[-17.375    4.905   67.874    0.1831  -0.1221   0.9766  -0.0854  -0.3081
   0.958 ]",120
677,3,"[[-0.17202479 -0.30902963  0.32097037]
 [ 0.24362061 -0.29764413  0.33235587]
 [ 0.29264813 -0.29312365  0.33687635]
 [-0.29178845  0.12296429 -0.50703571]
 [-0.07787684  0.30387755 -0.32612245]
 [ 0.30221987  0.29651766 -0.33348234]]","[2160. 2249.  922. 2238. 2128. 1043. 1889. 2242.  929. 2098. 2246.  925.
 1857. 2239.  932. 1850. 2241.  930.]","[2144. 2235.  921. 2224. 2113. 1059. 1886. 2240.  929. 2108. 2233.  929.
 1858. 2225.  939. 1850. 2240.  930.]","[-1.7364e+01  4.9220e+00  6.7912e+01  3.0520e-01 -6.1000e-02  8.5450e-01
 -7.1800e-02 -3.0810e-01  9.4820e-01]",120
678,3,"[[-0.17593676 -0.3090861   0.3209139 ]
 [ 0.24156678 -0.29779306  0.33220694]
 [ 0.29209824 -0.29324043  0.33675957]
 [-0.29559756  0.1347539  -0.4952461 ]
 [-0.07369544  0.30401877 -0.32598123]
 [ 0.30253696  0.2959067  -0.3340933 ]]","[2162. 2249.  922. 2240. 2135. 1036. 1890. 2242.  929. 2096. 2246.  925.
 1857. 2239.  932. 1850. 2240.  931.]","[2147. 2236.  921. 2229. 2119. 1053. 1887. 2240.  929. 2105. 2233.  930.
 1858. 2225.  939. 1849. 2240.  931.]","[-1.7353e+01  4.9270e+00  6.7945e+01  1.2210e-01 -6.1000e-02  7.9350e-01
 -5.8100e-02 -3.0320e-01  9.3410e-01]",120
679,3,"[[-0.17980497 -0.30914005  0.32085995]
 [ 0.23947565 -0.29794221  0.33205779]
 [ 0.29152781 -0.29335868  0.33664132]
 [-0.29800825  0.1475897  -0.4824103 ]
 [-0.0694954   0.30415883 -0.32584117]
 [ 0.30277233  0.29531678 -0.33468322]]","[2165. 2249.  922. 2242. 2144. 1027. 1891. 2242.  929. 2093. 2246.  925.
 1857. 2239.  932. 1850. 2240.  931.]","[2149. 2236.  920. 2233. 2125. 1047. 1889. 2241.  928. 2102. 2233.  929.
 1859. 2225.  938. 1849. 2239.  931.]","[-1.7353e+01  4.9330e+00  6.7972e+01  0.0000e+00  0.0000e+00  4.2720e-01
 -5.6600e-02 -2.9830e-01  9.5800e-01]",120
680,3,"[[-0.18362846 -0.30919148  0.32080852]
 [ 0.23734729 -0.29809153  0.33190847]
 [ 0.29093666 -0.29347832  0.33652168]
 [-0.29899823  0.16150894 -0.46849106]
 [-0.06527755  0.30429772 -0.32570228]
 [ 0.30293306  0.29475036 -0.33524964]]","[2167. 2249.  922. 2242. 2153. 1018. 1893. 2242.  929. 2090. 2246.  925.
 1858. 2239.  932. 1850. 2240.  931.]","[2151. 2236.  921. 2236. 2133. 1040. 1890. 2241.  928. 2100. 2233.  929.
 1859. 2225.  938. 1849. 2238.  931.]","[-1.7347e+01  4.9330e+00  6.7978e+01  6.1000e-02  0.0000e+00 -6.1000e-02
 -7.3200e-02 -2.9880e-01  9.4870e-01]",120
681,3,"[[-0.18740627 -0.30924036  0.32075964]
 [ 0.23518175 -0.29824099  0.33175901]
 [ 0.29032462 -0.29359931  0.33640069]
 [-0.29890733  0.17653543 -0.45346457]
 [-0.06104275  0.3044354  -0.3255646 ]
 [ 0.30262481  0.29420966 -0.33579034]]","[2170. 2249.  922. 2242. 2163. 1008. 1894. 2242.  929. 2087. 2246.  925.
 1858. 2239.  932. 1850. 2239.  932.]","[2153. 2236.  921. 2239. 2141. 1032. 1892. 2240.  928. 2097. 2233.  930.
 1860. 2225.  938. 1849. 2238.  932.]","[-17.347    4.927   67.972    0.       0.      -0.1221  -0.0898  -0.3003
   0.9414]",120
682,3,"[[-0.19113747 -0.30928668  0.32071332]
 [ 0.23297909 -0.29839055  0.33160945]
 [ 0.28969153 -0.2937216   0.3362784 ]
 [-0.29874934  0.19230456 -0.43769544]
 [-0.05679186  0.30457183 -0.32542817]
 [ 0.30062561  0.29369526 -0.33630474]]","[2172. 2249.  922. 2242. 2173.  998. 1896. 2242.  929. 2085. 2246.  925.
 1859. 2239.  932. 1852. 2239.  932.]","[2155. 2236.  921. 2240. 2149. 1023. 1893. 2240.  928. 2094. 2234.  929.
 1860. 2225.  937. 1848. 2238.  932.]","[-1.7347e+01  4.9220e+00  6.7967e+01  6.1000e-02  0.0000e+00 -1.2210e-01
 -8.5000e-02 -2.8560e-01  9.5460e-01]",120
683,3,"[[-0.19482114 -0.30933045  0.32066955]
 [ 0.23073937 -0.29854018  0.33145982]
 [ 0.2890372  -0.29384513  0.33615487]
 [-0.29862615  0.20866314 -0.42133686]
 [-0.05252575  0.30470699 -0.32529301]
 [ 0.29684635  0.29320965 -0.33679035]]","[2175. 2249.  922. 2242. 2184.  987. 1897. 2242.  929. 2082. 2246.  925.
 1859. 2239.  932. 1854. 2239.  932.]","[2158. 2235.  920. 2241. 2158. 1014. 1894. 2241.  928. 2092. 2233.  929.
 1861. 2225.  937. 1849. 2238.  933.]","[-1.7353e+01  4.9220e+00  6.7961e+01 -1.2210e-01  0.0000e+00 -6.1000e-02
 -1.0450e-01 -3.0030e-01  9.3700e-01]",120
684,3,"[[-0.19845635 -0.30937165  0.32062835]
 [ 0.2284627  -0.29868985  0.33131015]
 [ 0.28836146 -0.29396985  0.33603015]
 [-0.2985134   0.22569665 -0.40430335]
 [-0.0482453   0.30484085 -0.32515915]
 [ 0.29134109  0.29275599 -0.33724401]]","[2177. 2249.  922. 2242. 2195.  976. 1899. 2242.  929. 2079. 2246.  925.
 1860. 2239.  932. 1858. 2238.  933.]","[2161. 2236.  920. 2241. 2168. 1004. 1896. 2241.  928. 2090. 2234.  929.
 1861. 2225.  937. 1850. 2238.  933.]","[-17.358    4.927   67.967   -0.1831   0.       0.2441  -0.0977  -0.3086
   0.9556]",120
685,3,"[[-0.20204219 -0.30941026  0.32058974]
 [ 0.22614915 -0.29883953  0.33116047]
 [ 0.28766413 -0.29409571  0.33590429]
 [-0.29839695  0.243416   -0.386584  ]
 [-0.04395138  0.30497338 -0.32502662]
 [ 0.2841745   0.2923366  -0.3376634 ]]","[2179. 2249.  922. 2242. 2206.  965. 1900. 2242.  929. 2076. 2246.  925.
 1860. 2239.  932. 1862. 2238.  933.]","[2163. 2235.  921. 2241. 2181.  993. 1898. 2241.  928. 2086. 2233.  929.
 1862. 2225.  937. 1853. 2237.  933.]","[-1.7358e+01  4.9270e+00  6.7978e+01  0.0000e+00 -6.1000e-02  1.8310e-01
 -9.2800e-02 -3.0570e-01  9.5410e-01]",120
686,3,"[[-0.20557779 -0.3094463   0.3205537 ]
 [ 0.22379884 -0.29898917  0.33101083]
 [ 0.28694504 -0.29422267  0.33577733]
 [-0.29826963  0.26181178 -0.36818822]
 [-0.03964489  0.30510455 -0.32489545]
 [ 0.2754202   0.29195349 -0.33804651]]","[2182. 2249.  922. 2242. 2218.  953. 1902. 2242.  929. 2073. 2246.  925.
 1860. 2239.  932. 1868. 2238.  933.]","[2165. 2236.  920. 2241. 2184.  987. 1899. 2240.  928. 2085. 2233.  929.
 1862. 2226.  936. 1855. 2237.  934.]","[-17.358    4.933   67.983    0.       0.       0.1831  -0.0796  -0.3047
   0.9326]",120
687,3,"[[-0.20906225 -0.30947974  0.32052026]
 [ 0.22141187 -0.29913874  0.33086126]
 [ 0.28620402 -0.29435066  0.33564934]
 [-0.29812792  0.28086992 -0.34913008]
 [-0.03532672  0.30523433 -0.32476567]
 [ 0.2651591   0.29160852 -0.33839148]]","[2184. 2249.  922. 2242. 2231.  940. 1903. 2243.  928. 2071. 2246.  924.
 1861. 2239.  932. 1875. 2238.  933.]","[2168. 2236.  921. 2241. 2197.  973. 1901. 2241.  928. 2081. 2233.  929.
 1862. 2226.  936. 1860. 2237.  933.]","[-1.7358e+01  4.9380e+00  6.7989e+01 -1.2210e-01  0.0000e+00  0.0000e+00
 -6.6900e-02 -3.0420e-01  9.6000e-01]",120
688,3,"[[-0.21249472 -0.30951058  0.32048942]
 [ 0.21898838 -0.29928822  0.33071178]
 [ 0.28544088 -0.29447966  0.33552034]
 [-0.29797016  0.29138889 -0.33861111]
 [-0.03099777  0.3053627  -0.3246373 ]
 [ 0.25347814  0.27918732 -0.35081268]]","[2186. 2249.  922. 2242. 2237.  934. 1905. 2243.  928. 2068. 2247.  924.
 1861. 2239.  931. 1882. 2230.  941.]","[2170. 2236.  922. 2241. 2204.  967. 1902. 2241.  928. 2078. 2233.  929.
 1863. 2226.  936. 1863. 2236.  933.]","[-17.342    4.916   67.972    0.6714  -0.3662  -0.5493  -0.0703  -0.3174
   1.0063]",120
689,3,"[[-0.21587433 -0.30953881  0.32046119]
 [ 0.21652849 -0.29943757  0.33056243]
 [ 0.28465544 -0.29460959  0.33539041]
 [-0.2977956   0.29147024 -0.33852976]
 [-0.02665894  0.30548962 -0.32451038]
 [ 0.24046928  0.21320926 -0.41679074]]","[2188. 2249.  922. 2242. 2238.  933. 1906. 2243.  928. 2065. 2247.  924.
 1862. 2240.  931. 1891. 2186.  984.]","[2172. 2236.  925. 2241. 2213.  959. 1904. 2241.  928. 2075. 2235.  929.
 1863. 2226.  935. 1868. 2235.  936.]","[-1.7309e+01  4.8940e+00  6.7956e+01  1.0376e+00 -2.4410e-01 -4.8830e-01
 -4.7900e-02 -3.1150e-01  8.8180e-01]",120
690,3,"[[-0.21920025 -0.30956444  0.32043556]
 [ 0.21403235 -0.29958676  0.33041324]
 [ 0.28384752 -0.29474044  0.33525956]
 [-0.29760394  0.29155405 -0.33844595]
 [-0.02231116  0.30561507 -0.32438493]
 [ 0.22622852  0.15786708 -0.47213292]]","[2190. 2249.  922. 2242. 2238.  933. 1908. 2243.  928. 2062. 2247.  924.
 1862. 2240.  931. 1900. 2150. 1021.]","[2175. 2236.  926. 2243. 2216.  954. 1905. 2241.  928. 2073. 2234.  928.
 1864. 2225.  935. 1875. 2223.  946.]","[-1.7232e+01  4.8500e+00  6.7928e+01  2.3193e+00 -8.5450e-01 -1.1597e+00
 -6.6400e-02 -3.4670e-01  1.1343e+00]",120
691,3,"[[-0.22247165 -0.30958745  0.32041255]
 [ 0.21150012 -0.29973576  0.33026424]
 [ 0.28301695 -0.29487213  0.33512787]
 [-0.29739512  0.29164025 -0.33835975]
 [-0.01795533  0.30573902 -0.32426098]
 [ 0.21085514  0.11342926 -0.51657074]]","[2193. 2249.  922. 2241. 2238.  933. 1910. 2243.  928. 2059. 2247.  924.
 1863. 2240.  931. 1910. 2121. 1050.]","[2177. 2236.  926. 2243. 2219.  951. 1907. 2242.  928. 2070. 2234.  929.
 1864. 2225.  935. 1882. 2200.  971.]","[-1.7117e+01  4.7850e+00  6.7890e+01  3.3569e+00 -9.7660e-01 -1.4038e+00
 -1.5600e-02 -2.9050e-01  7.8170e-01]",120
692,3,"[[-0.22568772 -0.30960785  0.32039215]
 [ 0.20893196 -0.29988453  0.33011547]
 [ 0.28216355 -0.29500464  0.33499536]
 [-0.29716916  0.29172879 -0.33827121]
 [-0.01359238  0.30586145 -0.32413855]
 [ 0.19445087  0.08011225 -0.54988775]]","[2195. 2249.  922. 2241. 2238.  933. 1911. 2243.  928. 2056. 2247.  924.
 1864. 2240.  931. 1921. 2100. 1071.]","[2181. 2237.  926. 2242. 2221.  949. 1907. 2243.  928. 2068. 2234.  929.
 1865. 2225.  935. 1892. 2175.  996.]","[-17.018    4.757   67.83     2.7466   0.2441  -1.5259  -0.1299  -0.3286
   0.9907]",120
693,3,"[[-0.22884766 -0.30962563  0.32037437]
 [ 0.20632805 -0.30003305  0.32996695]
 [ 0.28128712 -0.29513791  0.33486209]
 [-0.29692616  0.2918196  -0.3381804 ]
 [-0.00922324  0.30598233 -0.32401767]
 [ 0.17711924  0.05807937 -0.57192063]]","[2197. 2249.  922. 2241. 2238.  933. 1913. 2243.  928. 2054. 2247.  924.
 1864. 2240.  931. 1932. 2085. 1086.]","[2185. 2239.  924. 2240. 2224.  947. 1908. 2243.  931. 2063. 2234.  928.
 1866. 2225.  935. 1907. 2142. 1030.]","[-16.88     4.785   67.83     4.0283   0.7324   0.7324  -0.1699  -0.3394
   0.9297]",120
694,3,"[[-0.23195067 -0.30964079  0.32035921]
 [ 0.20368858 -0.30018129  0.32981871]
 [ 0.28038751 -0.29527191  0.33472809]
 [-0.29666623  0.29191263 -0.33808737]
 [-0.00484883  0.30610164 -0.32389836]
 [ 0.15896495  0.04744056 -0.58255944]]","[2199. 2249.  922. 2241. 2238.  933. 1915. 2243.  928. 2051. 2247.  924.
 1865. 2240.  931. 1944. 2078. 1093.]","[2186. 2240.  924. 2240. 2225.  946. 1909. 2244.  930. 2062. 2234.  928.
 1866. 2225.  936. 1916. 2127. 1046.]","[-16.754    4.818   67.95     3.1128  -0.6104   3.9062  -0.1514  -0.3271
   0.9185]",120
695,3,"[[-2.34996000e-01 -3.09653327e-01  3.20346673e-01]
 [ 2.01013738e-01 -3.00329207e-01  3.29670793e-01]
 [ 2.79464514e-01 -2.95406593e-01  3.34593407e-01]
 [-2.96389473e-01  2.92007792e-01 -3.37992208e-01]
 [-4.70102202e-04  3.06219337e-01 -3.23780663e-01]
 [ 1.40093279e-01  4.84543759e-02 -5.81545624e-01]]","[2201. 2249.  922. 2241. 2238.  933. 1916. 2243.  928. 2048. 2247.  924.
 1865. 2240.  931. 1956. 2079. 1092.]","[2189. 2240.  923. 2240. 2225.  944. 1914. 2244.  930. 2059. 2234.  928.
 1866. 2225.  936. 1927. 2109. 1064.]","[-16.694    4.839   68.154    1.0376  -1.4648   5.188   -0.0815  -0.2769
   0.9341]",120
696,3,"[[-0.23798288 -0.30966327  0.32033673]
 [ 0.19830374 -0.30047678  0.32952322]
 [ 0.27851797 -0.29554191  0.33445809]
 [-0.29609602  0.29210504 -0.33789496]
 [ 0.00391202  0.30633541 -0.32366459]
 [ 0.12060961  0.05444512 -0.57555488]]","[2203. 2249.  922. 2241. 2238.  933. 1918. 2243.  928. 2045. 2247.  924.
 1866. 2240.  931. 1969. 2083. 1088.]","[2191. 2241.  923. 2240. 2225.  944. 1915. 2244.  929. 2057. 2234.  928.
 1866. 2225.  936. 1936. 2098. 1075.]","[-1.6661e+01  4.8560e+00  6.8313e+01  6.1040e-01 -9.7660e-01  3.4180e+00
 -5.9600e-02 -2.4850e-01  9.5950e-01]",120
697,3,"[[-0.24091056 -0.30967066  0.32032934]
 [ 0.1955588  -0.30062398  0.32937602]
 [ 0.27754769 -0.29567783  0.33432217]
 [-0.29578598  0.29220431 -0.33779569]
 [ 0.00829658  0.30644984 -0.32355016]
 [ 0.10061897  0.05490476 -0.57509524]]","[2205. 2249.  922. 2240. 2238.  933. 1920. 2243.  927. 2042. 2247.  924.
 1867. 2240.  931. 1982. 2083. 1088.]","[2195. 2241.  923. 2240. 2225.  943. 1915. 2244.  928. 2053. 2234.  928.
 1867. 2225.  936. 1947. 2091. 1081.]","[-16.606    4.878   68.346    1.4648   0.1221   0.8545  -0.082   -0.2515
   0.9639]",120
698,3,"[[-0.24377833 -0.30967572  0.32032428]
 [ 0.19277915 -0.30077078  0.32922922]
 [ 0.2765535  -0.29581431  0.33418569]
 [-0.29545948  0.29230555 -0.33769445]
 [ 0.01268263  0.30656259 -0.32343741]
 [ 0.08022564  0.05479883 -0.57520117]]","[2206. 2249.  922. 2240. 2238.  933. 1922. 2244.  927. 2039. 2247.  924.
 1867. 2240.  931. 1995. 2083. 1088.]","[2197. 2241.  923. 2240. 2225.  943. 1915. 2244.  928. 2051. 2234.  929.
 1868. 2225.  936. 1956. 2090. 1083.]","[-16.595    4.9     68.329    0.3662   0.4272  -0.3052  -0.105   -0.2622
   0.9272]",120
699,3,"[[-0.24658546 -0.30967869  0.32032131]
 [ 0.18996503 -0.30091714  0.32908286]
 [ 0.27553522 -0.29595131  0.33404869]
 [-0.29511662  0.29240867 -0.33759133]
 [ 0.01706923  0.30667365 -0.32332635]
 [ 0.0595328   0.05479456 -0.57520544]]","[2208. 2249.  922. 2240. 2238.  933. 1924. 2244.  927. 2036. 2247.  924.
 1868. 2240.  931. 2009. 2083. 1088.]","[2199. 2241.  923. 2240. 2225.  944. 1917. 2244.  928. 2049. 2233.  929.
 1868. 2225.  936. 1968. 2088. 1085.]","[-1.6622e+01  4.9000e+00  6.8318e+01 -8.5450e-01  0.0000e+00 -3.0520e-01
 -6.3000e-02 -2.3240e-01  9.5750e-01]",120
700,3,"[[-0.24933126 -0.30967393  0.32032607]
 [ 0.18711669 -0.30106305  0.32893695]
 [ 0.27449268 -0.29608879  0.33391121]
 [-0.29475751  0.29251364 -0.33748636]
 [ 0.02145541  0.30678298 -0.32321702]
 [ 0.03864226  0.05500703 -0.57499297]]","[2210. 2249.  922. 2240. 2238.  933. 1926. 2244.  927. 2034. 2247.  923.
 1869. 2241.  930. 2022. 2083. 1088.]","[2201. 2241.  923. 2239. 2225.  944. 1920. 2244.  928. 2046. 2234.  929.
 1869. 2225.  936. 1987. 2087. 1086.]","[-1.6633e+01  4.8940e+00  6.8286e+01 -3.6620e-01  1.2210e-01 -6.7140e-01
 -3.7600e-02 -2.5880e-01  9.7710e-01]",120
701,3,"[[-0.25201505 -0.30961822  0.32038178]
 [ 0.1842344  -0.30120847  0.32879153]
 [ 0.2734257  -0.29622671  0.33377329]
 [-0.29438226  0.29262039 -0.33737961]
 [ 0.02584022  0.30689057 -0.32310943]
 [ 0.01765415  0.0554756  -0.5745244 ]]","[2212. 2249.  922. 2239. 2238.  933. 1927. 2244.  927. 2031. 2248.  923.
 1869. 2241.  930. 2036. 2084. 1087.]","[2203. 2241.  923. 2239. 2225.  943. 1922. 2244.  928. 2043. 2234.  928.
 1870. 2225.  936. 2000. 2087. 1086.]","[-16.617    4.894   68.258    0.1221   0.1831  -0.6714  -0.1006  -0.2876
   0.9512]",120
702,3,"[[-0.25463616 -0.30949107  0.32050893]
 [ 0.18131843 -0.30135336  0.32864664]
 [ 0.27233411 -0.29636503  0.33363497]
 [-0.29399096  0.29272885 -0.33727115]
 [ 0.03022271  0.30699639 -0.32300361]
 [-0.00333325  0.05622876 -0.57377124]]","[2213. 2249.  922. 2239. 2238.  933. 1929. 2244.  927. 2028. 2248.  923.
 1870. 2241.  930. 2050. 2084. 1087.]","[2204. 2241.  923. 2238. 2225.  943. 1924. 2244.  928. 2041. 2234.  928.
 1871. 2225.  936. 2012. 2087. 1086.]","[-16.628    4.894   68.291   -0.4272  -0.2441   0.7935  -0.0991  -0.2881
   0.936 ]",120
703,3,"[[-0.25719393 -0.30930725  0.32069275]
 [ 0.17836906 -0.30149772  0.32850228]
 [ 0.27121773 -0.29650373  0.33349627]
 [-0.2935837   0.29283897 -0.33716103]
 [ 0.0346019   0.30710043 -0.32289957]
 [-0.0242237   0.05729382 -0.57270618]]","[2215. 2249.  922. 2239. 2238.  933. 1931. 2244.  927. 2025. 2248.  923.
 1871. 2241.  930. 2063. 2085. 1086.]","[2205. 2241.  923. 2237. 2226.  944. 1925. 2244.  928. 2038. 2233.  929.
 1872. 2225.  936. 2028. 2086. 1086.]","[-1.6639e+01  4.8940e+00  6.8357e+01 -6.1040e-01 -4.8830e-01  1.4648e+00
 -5.7600e-02 -2.9350e-01  9.6970e-01]",120
704,3,"[[-0.25968774 -0.30907041  0.32092959]
 [ 0.17538658 -0.30164151  0.32835849]
 [ 0.2700764  -0.29664276  0.33335724]
 [-0.29316058  0.2929507  -0.3370493 ]
 [ 0.03897683  0.30720266 -0.32279734]
 [-0.04492319  0.05869874 -0.57130126]]","[2217. 2249.  922. 2239. 2238.  932. 1933. 2244.  927. 2022. 2248.  923.
 1871. 2241.  930. 2077. 2086. 1085.]","[2207. 2241.  922. 2238. 2225.  943. 1928. 2244.  927. 2035. 2234.  929.
 1872. 2225.  936. 2041. 2087. 1086.]","[-16.633    4.889   68.384    0.      -0.2441   0.7324  -0.0723  -0.3096
   0.9478]",120
705,3,"[[-0.26211695 -0.30878311  0.32121689]
 [ 0.1723713  -0.30178469  0.32821531]
 [ 0.26890994 -0.29678208  0.33321792]
 [-0.29272169  0.29306396 -0.33693604]
 [ 0.04334654  0.30730306 -0.32269694]
 [-0.06534007  0.06047263 -0.56952737]]","[2218. 2249.  922. 2238. 2239.  932. 1935. 2244.  927. 2019. 2248.  923.
 1872. 2241.  930. 2090. 2087. 1084.]","[2208. 2241.  923. 2237. 2225.  943. 1930. 2244.  928. 2033. 2234.  928.
 1873. 2225.  936. 2053. 2086. 1086.]","[-1.6633e+01  4.8890e+00  6.8395e+01  6.1000e-02 -6.1000e-02  1.2210e-01
 -1.0400e-01 -3.1790e-01  9.4140e-01]",120
706,3,"[[-0.26448097 -0.30844797  0.32155203]
 [ 0.16932354 -0.30192726  0.32807274]
 [ 0.2677182  -0.29692167  0.33307833]
 [-0.29226709  0.29317871 -0.33682129]
 [ 0.04771005  0.30740161 -0.32259839]
 [-0.08538513  0.06264599 -0.56735401]]","[2220. 2249.  922. 2238. 2239.  932. 1937. 2244.  927. 2016. 2248.  923.
 1873. 2241.  930. 2103. 2088. 1083.]","[2210. 2241.  923. 2237. 2225.  944. 1931. 2244.  927. 2031. 2234.  929.
 1873. 2225.  936. 2063. 2087. 1085.]","[-16.644    4.889   68.39    -0.3052   0.       0.      -0.0908  -0.3022
   0.9448]",120
707,3,"[[-0.26677921 -0.30806778  0.32193222]
 [ 0.16624363 -0.30206917  0.32793083]
 [ 0.26650099 -0.29706149  0.33293851]
 [-0.29179687  0.29329489 -0.33670511]
 [ 0.0520664   0.30749828 -0.32250172]
 [-0.10497175  0.06525068 -0.56474932]]","[2221. 2248.  923. 2238. 2239.  932. 1939. 2244.  927. 2014. 2248.  923.
 1874. 2241.  930. 2116. 2090. 1081.]","[2212. 2241.  923. 2236. 2225.  943. 1934. 2244.  927. 2028. 2233.  929.
 1875. 2225.  936. 2077. 2088. 1084.]","[-16.655    4.889   68.384   -0.1221   0.      -0.2441  -0.0752  -0.2915
   0.9609]",120
708,3,"[[-0.2690111  -0.30764549  0.32235451]
 [ 0.1631319  -0.3022104   0.3277896 ]
 [ 0.26525817 -0.29720151  0.33279849]
 [-0.2913111   0.29341245 -0.33658755]
 [ 0.05641461  0.30759307 -0.32240693]
 [-0.12401594  0.06831999 -0.56168001]]","[2223. 2248.  923. 2237. 2239.  932. 1941. 2245.  926. 2011. 2248.  923.
 1875. 2241.  930. 2128. 2092. 1079.]","[2213. 2241.  923. 2236. 2225.  943. 1936. 2244.  927. 2026. 2234.  929.
 1875. 2224.  936. 2090. 2089. 1082.]","[-1.6655e+01  4.8890e+00  6.8368e+01  6.1000e-02  6.1000e-02 -3.6620e-01
 -8.4000e-02 -2.8370e-01  9.5020e-01]",120
709,3,"[[-0.27117607 -0.30718417  0.32281583]
 [ 0.15998869 -0.30235093  0.32764907]
 [ 0.26398957 -0.29734169  0.33265831]
 [-0.29080984  0.29353132 -0.33646868]
 [ 0.06075372  0.30768595 -0.32231405]
 [-0.14243646  0.07188853 -0.55811147]]","[2224. 2248.  923. 2237. 2239.  932. 1943. 2245.  926. 2008. 2248.  923.
 1875. 2241.  930. 2140. 2094. 1077.]","[2214. 2241.  923. 2236. 2226.  943. 1938. 2244.  927. 2024. 2234.  929.
 1876. 2225.  936. 2104. 2091. 1081.]","[-1.6655e+01  4.8830e+00  6.8368e+01  0.0000e+00 -6.1000e-02  0.0000e+00
 -7.9600e-02 -2.8860e-01  9.5120e-01]",120
710,3,"[[-0.2732736  -0.30668698  0.32331302]
 [ 0.15681438 -0.30249074  0.32750926]
 [ 0.26269503 -0.29748201  0.33251799]
 [-0.29029316  0.29365145 -0.33634855]
 [ 0.06508274  0.3077769  -0.3222231 ]
 [-0.16015484  0.07599221 -0.55400779]]","[2226. 2247.  924. 2237. 2239.  932. 1945. 2245.  926. 2005. 2248.  923.
 1876. 2241.  930. 2152. 2097. 1074.]","[2216. 2241.  924. 2235. 2226.  942. 1940. 2244.  927. 2020. 2233.  929.
 1877. 2225.  936. 2120. 2093. 1079.]","[-1.6661e+01  4.8780e+00  6.8379e+01 -1.2210e-01 -1.8310e-01  2.4410e-01
 -6.4500e-02 -2.9690e-01  9.5260e-01]",120
711,3,"[[-0.27530316 -0.30615717  0.32384283]
 [ 0.15360933 -0.30262979  0.32737021]
 [ 0.2613744  -0.29762242  0.33237758]
 [-0.28976112  0.29377279 -0.33622721]
 [ 0.06940071  0.30786591 -0.32213409]
 [-0.17709552  0.08066811 -0.54933189]]","[2227. 2247.  924. 2236. 2239.  932. 1947. 2245.  926. 2002. 2248.  923.
 1877. 2242.  929. 2163. 2100. 1071.]","[2218. 2241.  924. 2236. 2225.  942. 1942. 2244.  927. 2019. 2233.  929.
 1877. 2225.  936. 2129. 2095. 1077.]","[-16.661    4.872   68.39     0.      -0.1221   0.1831  -0.0889  -0.2769
   0.9585]",120
712,3,"[[-0.27726425 -0.30559804  0.32440196]
 [ 0.15037393 -0.30276807  0.32723193]
 [ 0.26002752 -0.29776291  0.33223709]
 [-0.28921376  0.29389529 -0.33610471]
 [ 0.07370666  0.30795295 -0.32204705]
 [-0.19318586  0.08595438 -0.54404562]]","[2228. 2247.  924. 2236. 2239.  932. 1949. 2245.  926. 1999. 2248.  923.
 1878. 2242.  929. 2173. 2104. 1067.]","[2218. 2241.  924. 2235. 2226.  941. 1944. 2244.  927. 2015. 2233.  929.
 1879. 2225.  936. 2141. 2097. 1074.]","[-16.65     4.872   68.406    0.      -0.1831   0.5493  -0.0977  -0.2827
   0.9531]",120
713,3,"[[-0.27915637 -0.30501293  0.32498707]
 [ 0.14710855 -0.30290554  0.32709446]
 [ 0.25865425 -0.29790343  0.33209657]
 [-0.28865113  0.2940189  -0.3359811 ]
 [ 0.0779996   0.30803801 -0.32196199]
 [-0.20835626  0.09189016 -0.53810984]]","[2229. 2246.  925. 2236. 2239.  932. 1952. 2245.  926. 1997. 2248.  923.
 1879. 2242.  929. 2183. 2107. 1064.]","[2220. 2241.  924. 2234. 2225.  941. 1946. 2244.  926. 2012. 2233.  929.
 1879. 2225.  936. 2153. 2100. 1071.]","[-16.644    4.872   68.428    0.      -0.2441   0.6104  -0.1001  -0.2764
   0.9585]",120
714,3,"[[-0.28097907 -0.3044052   0.3255948 ]
 [ 0.14381362 -0.30304218  0.32695782]
 [ 0.25725444 -0.29804397  0.33195603]
 [-0.28807328  0.29414355 -0.33585645]
 [ 0.08227856  0.30812107 -0.32187893]
 [-0.22254022  0.09851538 -0.53148462]]","[2231. 2246.  925. 2235. 2239.  932. 1954. 2245.  926. 1994. 2248.  923.
 1880. 2242.  929. 2193. 2112. 1059.]","[2221. 2241.  924. 2234. 2226.  940. 1948. 2244.  927. 2009. 2234.  929.
 1880. 2225.  936. 2165. 2104. 1067.]","[-16.639    4.872   68.456    0.1221  -0.1221   0.6104  -0.0908  -0.2773
   0.9497]",120
715,3,"[[-0.28273188 -0.30377821  0.32622179]
 [ 0.14048953 -0.30317798  0.32682202]
 [ 0.25582795 -0.29818449  0.33181551]
 [-0.28748025  0.29426921 -0.33573079]
 [ 0.08654258  0.30820211 -0.32179789]
 [-0.23567441  0.10587068 -0.52412932]]","[2232. 2246.  925. 2235. 2239.  932. 1956. 2245.  926. 1991. 2248.  923.
 1881. 2242.  929. 2201. 2117. 1054.]","[2222. 2241.  925. 2233. 2226.  940. 1950. 2244.  927. 2008. 2234.  929.
 1881. 2225.  936. 2174. 2107. 1065.]","[-16.628    4.878   68.483    0.      -0.1221   0.4883  -0.0854  -0.2822
   0.9541]",120
716,3,"[[-0.28441436 -0.30313532  0.32686468]
 [ 0.13713671 -0.3033129   0.3266871 ]
 [ 0.25437463 -0.29832496  0.33167504]
 [-0.28687207  0.29439582 -0.33560418]
 [ 0.09079067  0.30828113 -0.32171887]
 [-0.24769885  0.11399721 -0.51600279]]","[2233. 2245.  926. 2235. 2239.  932. 1958. 2245.  926. 1988. 2248.  923.
 1882. 2242.  929. 2209. 2122. 1049.]","[2223. 2241.  924. 2233. 2226.  940. 1953. 2244.  927. 2004. 2234.  928.
 1883. 2225.  936. 2186. 2112. 1060.]","[-16.617    4.883   68.505   -0.1221  -0.1831   0.5493  -0.084   -0.2852
   0.9492]",120
717,3,"[[-0.28602611 -0.30247984  0.32752016]
 [ 0.1337556  -0.30344692  0.32655308]
 [ 0.25289435 -0.29846536  0.33153464]
 [-0.28624876  0.29452334 -0.33547666]
 [ 0.09502188  0.3083581  -0.3216419 ]
 [-0.25855692  0.12293643 -0.50706357]]","[2234. 2245.  926. 2234. 2239.  931. 1960. 2245.  926. 1986. 2249.  922.
 1883. 2242.  929. 2216. 2128. 1043.]","[2226. 2241.  924. 2233. 2226.  940. 1954. 2244.  927. 2002. 2233.  929.
 1884. 2225.  936. 2193. 2115. 1056.]","[-16.622    4.883   68.527   -0.1831  -0.1831   0.5493  -0.0728  -0.2861
   0.9536]",120
718,3,"[[-0.28756672 -0.30181509  0.32818491]
 [ 0.13034664 -0.30358002  0.32641998]
 [ 0.25138697 -0.29860565  0.33139435]
 [-0.28561037  0.29465171 -0.33534829]
 [ 0.09923522  0.308433   -0.321567  ]
 [-0.26819559  0.13273    -0.49727   ]]","[2235. 2244.  927. 2234. 2240.  931. 1963. 2245.  926. 1983. 2249.  922.
 1884. 2242.  929. 2222. 2134. 1037.]","[2227. 2241.  924. 2232. 2226.  939. 1957. 2244.  926. 1999. 2234.  928.
 1885. 2225.  936. 2202. 2120. 1051.]","[-16.617    4.883   68.549    0.      -0.1831   0.4272  -0.0796  -0.2964
   0.9546]",120
719,3,"[[-0.2890358  -0.30114432  0.32885568]
 [ 0.12691029 -0.30371218  0.32628782]
 [ 0.24985238 -0.29874582  0.33125418]
 [-0.28495689  0.29478088 -0.33521912]
 [ 0.10342973  0.30850583 -0.32149417]
 [-0.27656551  0.14341949 -0.48658051]]","[2236. 2244.  927. 2233. 2240.  931. 1965. 2245.  925. 1980. 2249.  922.
 1885. 2242.  929. 2228. 2141. 1030.]","[2228. 2241.  924. 2232. 2226.  939. 1960. 2244.  927. 1996. 2233.  929.
 1886. 2225.  936. 2212. 2129. 1043.]","[-1.6617e+01  4.8830e+00  6.8571e+01 -6.1000e-02 -1.8310e-01  4.8830e-01
 -8.2000e-02 -2.9540e-01  9.4730e-01]",120
720,3,"[[-0.29043299 -0.30047073  0.32952927]
 [ 0.12344701 -0.30384337  0.32615663]
 [ 0.24829044 -0.29888584  0.33111416]
 [-0.28428836  0.29491082 -0.33508918]
 [ 0.10760445  0.30857657 -0.32142343]
 [-0.28362119  0.15504623 -0.47495377]]","[2237. 2243.  928. 2233. 2240.  931. 1967. 2246.  925. 1977. 2249.  922.
 1886. 2242.  929. 2232. 2149. 1022.]","[2229. 2241.  925. 2232. 2227.  939. 1961. 2244.  926. 1994. 2233.  929.
 1887. 2225.  936. 2216. 2132. 1040.]","[-1.6617e+01  4.8830e+00  6.8593e+01 -6.1000e-02 -1.8310e-01  4.8830e-01
 -7.4700e-02 -2.9390e-01  9.5360e-01]",120
721,3,"[[-0.29175795 -0.29979747  0.33020253]
 [ 0.11995728 -0.30397358  0.32602642]
 [ 0.24670104 -0.29902567  0.33097433]
 [-0.28360478  0.29504147 -0.33495853]
 [ 0.11175841  0.30864521 -0.32135479]
 [-0.28932121  0.16765106 -0.46234894]]","[2238. 2243.  928. 2232. 2240.  931. 1969. 2246.  925. 1975. 2249.  922.
 1887. 2242.  929. 2236. 2157. 1014.]","[2230. 2241.  926. 2231. 2227.  939. 1963. 2244.  926. 1992. 2234.  929.
 1887. 2225.  936. 2222. 2138. 1033.]","[-16.611    4.878   68.615    0.1221  -0.1831   0.3052  -0.0781  -0.293
   0.96  ]",120
722,3,"[[-0.29301034 -0.29912763  0.33087237]
 [ 0.11644158 -0.30410277  0.32589723]
 [ 0.24508405 -0.2991653   0.3308347 ]
 [-0.28290616  0.29517279 -0.33482721]
 [ 0.11589065  0.30871173 -0.32128827]
 [-0.2936284   0.18127407 -0.44872593]]","[2239. 2243.  928. 2232. 2240.  931. 1972. 2246.  925. 1972. 2249.  922.
 1888. 2243.  928. 2239. 2166. 1005.]","[2232. 2241.  926. 2230. 2227.  939. 1966. 2244.  926. 1988. 2234.  929.
 1890. 2225.  936. 2229. 2148. 1023.]","[-16.606    4.878   68.626    0.1221  -0.1221   0.1831  -0.0752  -0.2905
   0.9404]",120
723,3,"[[-0.29418985 -0.29846422  0.33153578]
 [ 0.11290042 -0.30423093  0.32576907]
 [ 0.24343937 -0.29930469  0.33069531]
 [-0.28219251  0.29530474 -0.33469526]
 [ 0.12000021  0.30877611 -0.32122389]
 [-0.2965101   0.1959544  -0.4340456 ]]","[2239. 2242.  929. 2231. 2240.  931. 1974. 2246.  925. 1969. 2249.  922.
 1889. 2243.  928. 2241. 2175.  996.]","[2232. 2241.  926. 2230. 2227.  938. 1967. 2244.  926. 1987. 2234.  928.
 1891. 2225.  936. 2232. 2153. 1019.]","[-1.6600e+01  4.8720e+00  6.8632e+01  0.0000e+00 -1.2210e-01  6.1000e-02
 -8.2500e-02 -2.8910e-01  9.5850e-01]",120
724,3,"[[-0.29529619 -0.2978102   0.3321898 ]
 [ 0.10933429 -0.30435803  0.32564197]
 [ 0.24176689 -0.29944384  0.33055616]
 [-0.28146381  0.29543726 -0.33456274]
 [ 0.12408613  0.30883836 -0.32116164]
 [-0.29793641  0.21172995 -0.41827005]]","[2240. 2242.  929. 2231. 2240.  931. 1976. 2246.  925. 1967. 2249.  922.
 1890. 2243.  928. 2242. 2186.  985.]","[2233. 2240.  927. 2230. 2227.  938. 1970. 2245.  926. 1984. 2233.  929.
 1891. 2225.  936. 2235. 2161. 1010.]","[-1.6600e+01  4.8610e+00  6.8637e+01  0.0000e+00 -6.1000e-02  0.0000e+00
 -8.3500e-02 -2.8960e-01  9.4190e-01]",120
725,3,"[[-0.29632909 -0.29716842  0.33283158]
 [ 0.10574371 -0.30448406  0.32551594]
 [ 0.2400665  -0.2995827   0.3304173 ]
 [-0.28072007  0.29557033 -0.33442967]
 [ 0.12814747  0.30889845 -0.32110155]
 [-0.2980308   0.22863508 -0.40136492]]","[2241. 2241.  930. 2231. 2240.  931. 1979. 2246.  925. 1964. 2249.  922.
 1891. 2243.  928. 2242. 2197.  974.]","[2234. 2240.  927. 2229. 2227.  938. 1973. 2245.  926. 1981. 2233.  929.
 1893. 2225.  936. 2239. 2174.  997.]","[-1.6600e+01  4.8610e+00  6.8643e+01  0.0000e+00 -6.1000e-02  6.1000e-02
 -9.8600e-02 -2.9490e-01  9.6290e-01]",120
726,3,"[[-0.29728828 -0.29654169  0.33345831]
 [ 0.10212921 -0.30460899  0.32539101]
 [ 0.23833811 -0.29972126  0.33027874]
 [-0.27996127  0.29570389 -0.33429611]
 [ 0.13218326  0.30895638 -0.32104362]
 [-0.29786142  0.24644046 -0.38355954]]","[2241. 2241.  930. 2230. 2240.  931. 1981. 2246.  925. 1961. 2249.  922.
 1892. 2243.  928. 2242. 2208.  963.]","[2235. 2240.  928. 2229. 2228.  938. 1975. 2245.  926. 1979. 2233.  929.
 1893. 2225.  936. 2240. 2184.  988.]","[-1.6600e+01  4.8560e+00  6.8648e+01 -6.1000e-02 -1.2210e-01  3.0520e-01
 -8.8400e-02 -2.8170e-01  9.3410e-01]",120
727,3,"[[-0.29817353 -0.29593272  0.33406728]
 [ 0.09849133 -0.30473281  0.32526719]
 [ 0.23658163 -0.2998595   0.3301405 ]
 [-0.2791874   0.29583791 -0.33416209]
 [ 0.13619258  0.30901213 -0.32098787]
 [-0.29771624  0.26480151 -0.36519849]]","[2242. 2240.  931. 2230. 2240.  931. 1983. 2246.  925. 1959. 2249.  922.
 1893. 2243.  928. 2242. 2220.  951.]","[2235. 2240.  928. 2229. 2228.  938. 1977. 2245.  926. 1977. 2233.  929.
 1893. 2225.  936. 2241. 2190.  981.]","[-1.6606e+01  4.8560e+00  6.8659e+01 -6.1000e-02 -2.4410e-01  4.2720e-01
 -8.7400e-02 -2.8710e-01  9.7020e-01]",120
728,3,"[[-0.29898462 -0.29534411  0.33465589]
 [ 0.09483061 -0.30485549  0.32514451]
 [ 0.23479697 -0.29999739  0.33000261]
 [-0.27839844  0.29597235 -0.33402765]
 [ 0.14017446  0.30906569 -0.32093431]
 [-0.29757391  0.28378379 -0.34621621]]","[2242. 2240.  931. 2229. 2240.  931. 1986. 2246.  925. 1956. 2249.  922.
 1894. 2243.  928. 2241. 2232.  938.]","[2236. 2239.  928. 2228. 2228.  938. 1979. 2245.  926. 1975. 2233.  929.
 1894. 2225.  936. 2241. 2200.  974.]","[-16.606    4.856   68.681    0.      -0.1221   0.5493  -0.0938  -0.2798
   0.9404]",120
729,3,"[[-0.29972135 -0.29477842  0.33522158]
 [ 0.0911476  -0.30497701  0.32502299]
 [ 0.23298405 -0.30013491  0.32986509]
 [-0.27759437  0.29610716 -0.33389284]
 [ 0.14412798  0.30911705 -0.32088295]
 [-0.29741992  0.29140019 -0.33859981]]","[2243. 2240.  931. 2228. 2241.  930. 1988. 2246.  925. 1954. 2249.  922.
 1896. 2243.  928. 2241. 2237.  934.]","[2236. 2238.  928. 2227. 2227.  937. 1982. 2245.  926. 1971. 2234.  929.
 1896. 2225.  936. 2241. 2212.  959.]","[-16.606    4.856   68.708   -0.1221  -0.3662   0.6714  -0.0786  -0.2822
   0.9502]",120
730,3,"[[-0.30038353 -0.29423808  0.33576192]
 [ 0.08744288 -0.30509735  0.32490265]
 [ 0.23114279 -0.30027204  0.32972796]
 [-0.27677516  0.29624231 -0.33375769]
 [ 0.14805221  0.30916621 -0.32083379]
 [-0.29724706  0.29148117 -0.33851883]]","[2243. 2239.  932. 2228. 2241.  930. 1990. 2246.  925. 1951. 2249.  922.
 1897. 2243.  928. 2241. 2238.  933.]","[2237. 2238.  929. 2226. 2228.  937. 1984. 2245.  926. 1969. 2234.  929.
 1897. 2225.  937. 2240. 2217.  953.]","[-1.6611e+01  4.8500e+00  6.8741e+01 -3.6620e-01 -4.2720e-01  6.7140e-01
 -6.5900e-02 -2.7980e-01  9.6580e-01]",120
731,3,"[[-0.300971   -0.29372545  0.33627455]
 [ 0.08371702 -0.30521649  0.32478351]
 [ 0.22927312 -0.30040876  0.32959124]
 [-0.27594078  0.29637776 -0.33362224]
 [ 0.15194621  0.30921316 -0.32078684]
 [-0.29705194  0.2915646  -0.3384354 ]]","[2244. 2239.  932. 2227. 2241.  930. 1993. 2246.  924. 1948. 2249.  922.
 1898. 2243.  928. 2241. 2238.  933.]","[2238. 2237.  929. 2226. 2228.  936. 1986. 2245.  926. 1967. 2234.  928.
 1898. 2225.  936. 2241. 2222.  948.]","[-1.6633e+01  4.8390e+00  6.8769e+01 -9.7660e-01 -4.8830e-01  3.6620e-01
 -6.0100e-02 -2.7340e-01  9.5950e-01]",120
732,3,"[[-0.30148365 -0.29324278  0.33675722]
 [ 0.0799706  -0.30533441  0.32466559]
 [ 0.22737497 -0.30054504  0.32945496]
 [-0.27509119  0.29651347 -0.33348653]
 [ 0.15580906  0.30925788 -0.32074212]
 [-0.29683313  0.29165043 -0.33834957]]","[2244. 2239.  932. 2227. 2241.  930. 1995. 2247.  924. 1946. 2249.  922.
 1899. 2243.  928. 2241. 2238.  933.]","[2239. 2237.  930. 2225. 2228.  935. 1988. 2245.  925. 1963. 2234.  928.
 1900. 2225.  936. 2241. 2226.  944.]","[-1.6661e+01  4.8180e+00  6.8780e+01 -8.5450e-01 -4.2720e-01 -1.2210e-01
 -5.5700e-02 -3.0220e-01  9.2680e-01]",120
733,3,"[[-0.30192143 -0.29279223  0.33720777]
 [ 0.0762042  -0.3054511   0.3245489 ]
 [ 0.2254483  -0.30068087  0.32931913]
 [-0.27422637  0.29664941 -0.33335059]
 [ 0.15963985  0.30930037 -0.32069963]
 [-0.29659011  0.29173861 -0.33826139]]","[2244. 2238.  933. 2226. 2241.  930. 1998. 2247.  924. 1943. 2249.  922.
 1901. 2244.  927. 2241. 2238.  933.]","[2240. 2237.  931. 2225. 2228.  934. 1992. 2245.  925. 1960. 2234.  928.
 1901. 2225.  936. 2240. 2228.  942.]","[-16.716    4.779   68.769   -2.0142  -0.9766  -0.8545  -0.0713  -0.2749
   0.9771]",120
734,3,"[[-0.30228458 -0.29237586  0.33762414]
 [ 0.07241841 -0.30556653  0.32443347]
 [ 0.22349302 -0.30081623  0.32918377]
 [-0.27334628  0.29678554 -0.33321446]
 [ 0.1634377   0.30934061 -0.32065939]
 [-0.29632285  0.29182908 -0.33817092]]","[2245. 2238.  933. 2226. 2241.  930. 2000. 2247.  924. 1941. 2249.  922.
 1902. 2244.  927. 2241. 2238.  933.]","[2240. 2236.  931. 2224. 2228.  934. 1993. 2245.  925. 1958. 2234.  928.
 1901. 2225.  936. 2240. 2228.  941.]","[-16.765    4.741   68.736   -0.6104  -0.1221  -0.9766  -0.0962  -0.2871
   0.9434]",120
735,3,"[[-0.30257422 -0.29199561  0.33800439]
 [ 0.06861369 -0.30568069  0.32431931]
 [ 0.22150909 -0.30095109  0.32904891]
 [-0.27245097  0.29692183 -0.33307817]
 [ 0.16720182  0.30937862 -0.32062138]
 [-0.29603156  0.29192178 -0.33807822]]","[2245. 2238.  933. 2225. 2241.  930. 2003. 2247.  924. 1939. 2249.  922.
 1903. 2244.  927. 2240. 2238.  933.]","[2241. 2236.  932. 2224. 2228.  934. 1995. 2245.  925. 1956. 2235.  928.
 1902. 2225.  936. 2240. 2228.  941.]","[-16.787    4.724   68.714   -0.5493  -0.2441  -0.3052  -0.103   -0.3096
   0.9521]",120
736,3,"[[-0.30279409 -0.2916533   0.3383467 ]
 [ 0.06478998 -0.30579355  0.32420645]
 [ 0.21949634 -0.30108543  0.32891457]
 [-0.27154085  0.29705824 -0.33294176]
 [ 0.17093201  0.30941437 -0.32058563]
 [-0.29571695  0.29201665 -0.33798335]]","[2245. 2238.  933. 2225. 2241.  930. 2005. 2247.  924. 1936. 2249.  922.
 1904. 2244.  927. 2240. 2238.  933.]","[2241. 2236.  932. 2223. 2229.  933. 1998. 2245.  925. 1954. 2235.  927.
 1904. 2225.  936. 2240. 2229.  940.]","[-1.6798e+01  4.7130e+00  6.8714e+01 -2.4410e-01 -3.6620e-01  1.8310e-01
 -6.6400e-02 -2.9790e-01  9.5020e-01]",120
737,3,"[[-0.30295106 -0.29101422  0.33898578]
 [ 0.06094398 -0.3059051   0.3240949 ]
 [ 0.21745404 -0.30121924  0.32878076]
 [-0.27061846  0.29719474 -0.33280526]
 [ 0.17463114  0.30944786 -0.32055214]
 [-0.29538205  0.29211364 -0.33788636]]","[2245. 2237.  934. 2224. 2241.  930. 2008. 2247.  924. 1934. 2249.  922.
 1906. 2244.  927. 2240. 2238.  933.]","[2241. 2236.  933. 2223. 2229.  933. 2000. 2245.  925. 1950. 2234.  927.
 1904. 2225.  936. 2240. 2228.  940.]","[-1.6804e+01  4.7020e+00  6.8725e+01  0.0000e+00 -2.4410e-01  6.1000e-02
 -7.2800e-02 -3.1150e-01  9.5120e-01]",120
738,3,"[[-0.30277914 -0.22562083  0.40437917]
 [ 0.05704448 -0.30601533  0.32398467]
 [ 0.21537644 -0.30135251  0.32864749]
 [-0.2697053   0.29733129 -0.33266871]
 [ 0.17832828  0.30947909 -0.32052091]
 [-0.29505063  0.29221269 -0.33778731]]","[2245. 2195.  976. 2223. 2241.  930. 2010. 2247.  924. 1931. 2249.  922.
 1907. 2244.  927. 2240. 2238.  933.]","[2242. 2234.  934. 2222. 2230.  933. 2004. 2245.  926. 1947. 2234.  927.
 1906. 2224.  936. 2240. 2229.  940.]","[-1.6804e+01  4.6910e+00  6.8725e+01  6.1000e-02 -1.8310e-01 -1.8310e-01
 -8.9400e-02 -3.1010e-01  9.5070e-01]",120
739,3,"[[-0.30102919 -0.17050511  0.45949489]
 [ 0.0530056  -0.30612421  0.32387579]
 [ 0.21323248 -0.30148521  0.32851479]
 [-0.26883535  0.29746787 -0.33253213]
 [ 0.18209598  0.30950805 -0.32049195]
 [-0.29477036  0.29231374 -0.33768626]]","[2244. 2159. 1012. 2223. 2241.  930. 2013. 2247.  924. 1929. 2249.  922.
 1908. 2244.  927. 2240. 2238.  933.]","[2242. 2225.  942. 2222. 2229.  932. 2005. 2245.  925. 1946. 2234.  927.
 1907. 2225.  936. 2240. 2229.  940.]","[-1.6804e+01  4.6860e+00  6.8719e+01  6.1000e-02 -1.2210e-01 -1.8310e-01
 -9.5700e-02 -3.0320e-01  9.3950e-01]",120
740,3,"[[-0.29749323 -0.12601653  0.50398347]
 [ 0.0488038  -0.30623178  0.32376822]
 [ 0.21098551 -0.30161735  0.32838265]
 [-0.26797211  0.29760444 -0.33239556]
 [ 0.18594018  0.30953475 -0.32046525]
 [-0.29452226  0.29241671 -0.33758329]]","[2241. 2130. 1041. 2222. 2242.  929. 2016. 2247.  924. 1926. 2249.  922.
 1910. 2244.  927. 2239. 2238.  933.]","[2244. 2201.  971. 2221. 2229.  931. 2008. 2244.  925. 1941. 2236.  926.
 1908. 2225.  936. 2240. 2229.  940.]","[-1.6804e+01  4.6800e+00  6.8714e+01  6.1000e-02 -6.1000e-02 -1.2210e-01
 -8.9400e-02 -3.0520e-01  9.5650e-01]",120
741,3,"[[-0.29219431 -0.09274064  0.53725936]
 [ 0.04443638 -0.30633802  0.32366198]
 [ 0.20861495 -0.30174895  0.32825105]
 [-0.26708627  0.29774098 -0.33225902]
 [ 0.18985157  0.30955918 -0.32044082]
 [-0.29428845  0.29252152 -0.33747848]]","[2238. 2108. 1063. 2222. 2242.  929. 2019. 2247.  924. 1924. 2249.  922.
 1912. 2244.  927. 2239. 2238.  933.]","[2244. 2183.  989. 2221. 2229.  930. 2010. 2242.  926. 1939. 2237.  926.
 1909. 2225.  937. 2240. 2230.  939.]","[-16.809    4.647   68.703   -0.1221  -1.2207  -0.9155   0.      -0.2354
   0.8145]",120
742,3,"[[-0.28516383 -0.07088616  0.55911384]
 [ 0.03990278 -0.30644296  0.32355704]
 [ 0.2061085  -0.30188001  0.32811999]
 [-0.26616096  0.29787747 -0.33212253]
 [ 0.19382153  0.30958134 -0.32041866]
 [-0.29406031  0.29262813 -0.33737187]]","[2233. 2094. 1077. 2221. 2242.  929. 2021. 2247.  924. 1921. 2249.  922.
 1913. 2244.  927. 2239. 2238.  933.]","[2244. 2157. 1016. 2220. 2229.  931. 2012. 2241.  926. 1936. 2237.  926.
 1910. 2224.  937. 2239. 2231.  938.]","[-16.891    4.521   68.676   -3.6621  -4.2725  -2.2583  -0.1587  -0.2764
   0.7524]",120
743,3,"[[-0.27644346 -0.06055692  0.56944308]
 [ 0.03520378 -0.3065466   0.3234534 ]
 [ 0.20345764 -0.30201056  0.32798944]
 [-0.26518471  0.29801389 -0.33198611]
 [ 0.19784144  0.30960123 -0.32039877]
 [-0.29383304  0.29273646 -0.33726354]]","[2228. 2087. 1084. 2220. 2242.  929. 2025. 2247.  924. 1919. 2249.  922.
 1915. 2244.  927. 2239. 2238.  933.]","[2241. 2133. 1041. 2219. 2229.  932. 2014. 2241.  926. 1933. 2237.  926.
 1911. 2225.  937. 2239. 2232.  938.]","[-17.062    4.345   68.698   -4.8218  -5.188    0.4883  -0.2686  -0.3521
   1.2427]",120
744,3,"[[-0.26608487 -0.06203576  0.56796424]
 [ 0.03034118 -0.30664894  0.32335106]
 [ 0.20065572 -0.3021406   0.3278594 ]
 [-0.26414839  0.29815023 -0.33184977]
 [ 0.20190244  0.30961884 -0.32038116]
 [-0.29360328  0.29284644 -0.33715356]]","[2221. 2088. 1083. 2220. 2242.  929. 2028. 2247.  924. 1916. 2249.  922.
 1917. 2244.  927. 2239. 2238.  933.]","[2236. 2116. 1055. 2219. 2229.  932. 2017. 2241.  926. 1931. 2238.  926.
 1913. 2225.  936. 2239. 2232.  937.]","[-1.7161e+01  4.2850e+00  6.8802e+01 -4.8830e-01 -3.6620e-01  3.2959e+00
  2.2900e-02 -2.9690e-01  1.0654e+00]",120
745,3,"[[-0.25414945 -0.06792065  0.56207935]
 [ 0.02531763 -0.30674999  0.32325001]
 [ 0.19769717 -0.30227015  0.32772985]
 [-0.26304385  0.29828649 -0.33171351]
 [ 0.20599526  0.30963417 -0.32036583]
 [-0.29336804  0.29295803 -0.33704197]]","[2213. 2092. 1079. 2219. 2242.  929. 2031. 2247.  923. 1913. 2249.  922.
 1919. 2245.  926. 2239. 2238.  932.]","[2229. 2105. 1065. 2218. 2229.  931. 2020. 2241.  926. 1927. 2238.  926.
 1915. 2225.  936. 2239. 2233.  937.]","[-17.15     4.329   68.813    0.3052   1.2207  -0.4883   0.0991  -0.2598
   0.8496]",120
746,3,"[[-0.24070793 -0.06844354  0.56155646]
 [ 0.02013658 -0.30684975  0.32315025]
 [ 0.19457716 -0.30239922  0.32760078]
 [-0.26186343  0.29842266 -0.33157734]
 [ 0.21011031  0.3096472  -0.3203528 ]
 [-0.29312425  0.29307114 -0.33692886]]","[2204. 2092. 1079. 2218. 2242.  929. 2034. 2248.  923. 1911. 2249.  922.
 1921. 2245.  926. 2239. 2239.  932.]","[2221. 2100. 1071. 2218. 2229.  931. 2023. 2241.  926. 1925. 2238.  926.
 1917. 2225.  936. 2239. 2234.  936.]","[-17.166    4.307   68.725   -0.6104   0.      -2.7466  -0.0884  -0.2925
   1.0146]",120
747,3,"[[-0.22583996 -0.06824988  0.56175012]
 [ 0.01480223 -0.30694822  0.32305178]
 [ 0.19129148 -0.30252784  0.32747216]
 [-0.2605997   0.29855873 -0.33144127]
 [ 0.21423764  0.30965792 -0.32034208]
 [-0.2928686   0.29318573 -0.33681427]]","[2195. 2092. 1079. 2217. 2242.  929. 2038. 2248.  923. 1908. 2249.  922.
 1923. 2245.  926. 2238. 2239.  932.]","[2217. 2097. 1074. 2217. 2229.  931. 2026. 2241.  925. 1922. 2238.  926.
 1919. 2225.  936. 2239. 2234.  936.]","[-17.161    4.301   68.665    0.2441   0.4883  -0.9155  -0.0991  -0.3076
   0.9531]",120
748,3,"[[-0.20963366 -0.06801619  0.56198381]
 [ 0.00931951 -0.3070454   0.3229546 ]
 [ 0.18783651 -0.30265601  0.32734399]
 [-0.25924539  0.29869471 -0.33130529]
 [ 0.21836707  0.30966636 -0.32033364]
 [-0.29259747  0.29330173 -0.33669827]]","[2184. 2092. 1079. 2217. 2242.  929. 2041. 2248.  923. 1905. 2249.  922.
 1925. 2245.  926. 2238. 2239.  932.]","[2211. 2095. 1076. 2216. 2229.  931. 2028. 2241.  925. 1920. 2238.  926.
 1921. 2225.  936. 2238. 2235.  936.]","[-1.7150e+01  4.3010e+00  6.8659e+01  6.1000e-02 -1.2210e-01  1.2210e-01
 -6.5900e-02 -2.9350e-01  8.8570e-01]",120
749,3,"[[-0.19218505 -0.0678558   0.5621442 ]
 [ 0.00369406 -0.30714128  0.32285872]
 [ 0.18420921 -0.30278375  0.32721625]
 [-0.25779336  0.2988306  -0.3311694 ]
 [ 0.22248815  0.30967259 -0.32032741]
 [-0.2923069   0.29341909 -0.33658091]]","[2173. 2092. 1079. 2216. 2242.  929. 2045. 2248.  923. 1902. 2249.  922.
 1927. 2245.  926. 2238. 2239.  932.]","[2202. 2095. 1078. 2215. 2229.  931. 2031. 2241.  925. 1917. 2238.  926.
 1923. 2225.  936. 2238. 2235.  936.]","[-1.7161e+01  4.2790e+00  6.8665e+01 -4.2720e-01 -7.3240e-01 -6.1000e-02
 -8.7900e-02 -3.0660e-01  9.8290e-01]",120
750,3,"[[-0.17359754 -0.06779923  0.56220077]
 [-0.00206784 -0.30723586  0.32276414]
 [ 0.1804071  -0.30291108  0.32708892]
 [-0.25623665  0.2989664  -0.3310336 ]
 [ 0.22659031  0.30967682 -0.32032318]
 [-0.29199265  0.29353776 -0.33646224]]","[2161. 2092. 1079. 2215. 2242.  929. 2049. 2248.  923. 1900. 2249.  922.
 1930. 2245.  926. 2238. 2239.  932.]","[2191. 2094. 1078. 2215. 2229.  930. 2034. 2241.  926. 1914. 2238.  926.
 1925. 2225.  936. 2238. 2235.  936.]","[-1.7161e+01  4.2740e+00  6.8665e+01  6.1000e-02  6.1000e-02 -1.2210e-01
 -7.4200e-02 -3.0810e-01  9.6830e-01]",120
751,3,"[[-0.1539813  -0.0678658   0.5621342 ]
 [-0.00795926 -0.30732912  0.32267088]
 [ 0.17642829 -0.303038    0.326962  ]
 [-0.25456843  0.29910212 -0.33089788]
 [ 0.23066287  0.30967897 -0.32032103]
 [-0.29165018  0.29365769 -0.33634231]]","[2148. 2092. 1079. 2213. 2242.  928. 2053. 2248.  923. 1897. 2249.  922.
 1932. 2245.  926. 2238. 2239.  932.]","[2180. 2094. 1078. 2214. 2229.  929. 2037. 2241.  925. 1911. 2239.  926.
 1927. 2225.  935. 2237. 2235.  935.]","[-1.7155e+01  4.2740e+00  6.8654e+01  1.8310e-01  1.8310e-01 -3.6620e-01
 -5.4700e-02 -2.9440e-01  9.1890e-01]",120
752,3,"[[-0.13345256 -0.0680748   0.5619252 ]
 [-0.01397267 -0.30742107  0.32257893]
 [ 0.17227148 -0.30316452  0.32683548]
 [-0.25278209  0.29923777 -0.33076223]
 [ 0.23469516  0.30966688 -0.32033312]
 [-0.29127471  0.29377883 -0.33622117]]","[2134. 2092. 1079. 2212. 2243.  928. 2057. 2248.  923. 1895. 2249.  922.
 1935. 2245.  926. 2237. 2239.  932.]","[2169. 2095. 1078. 2213. 2229.  928. 2041. 2241.  925. 1908. 2239.  926.
 1930. 2225.  935. 2237. 2235.  936.]","[-1.7161e+01  4.2680e+00  6.8621e+01 -1.2210e-01 -6.1000e-02 -9.1550e-01
 -7.5700e-02 -2.9590e-01  9.6880e-01]",120
753,3,"[[-0.11213297 -0.06844743  0.56155257]
 [-0.02009998 -0.30751168  0.32248832]
 [ 0.16793601 -0.30329066  0.32670934]
 [-0.2508712   0.29937336 -0.33062664]
 [ 0.23867651  0.30959002 -0.32040998]
 [-0.29086122  0.29390114 -0.33609886]]","[2121. 2092. 1079. 2211. 2243.  928. 2061. 2248.  923. 1892. 2249.  922.
 1938. 2245.  926. 2237. 2239.  932.]","[2155. 2094. 1078. 2212. 2229.  928. 2045. 2241.  925. 1905. 2238.  926.
 1933. 2225.  935. 2236. 2235.  935.]","[-17.161    4.263   68.588    0.1221   0.3052  -0.7935  -0.0747  -0.3013
   0.9531]",120
754,3,"[[-0.12466252 -0.06631856  0.56368144]
 [-0.01651217 -0.30743854  0.32256146]
 [ 0.17263305 -0.30278525  0.32721475]
 [-0.25200324  0.29927816 -0.33072184]
 [ 0.23636023  0.30963774 -0.32036226]
 [-0.29110762  0.29382138 -0.33617862]]","[2129. 2091. 1080. 2212. 2243.  928. 2058. 2248.  923. 1893. 2249.  922.
 1935. 2245.  926. 2237. 2239.  932.]","[2144. 2094. 1078. 2210. 2229.  928. 2048. 2241.  926. 1903. 2239.  926.
 1935. 2225.  934. 2236. 2235.  936.]","[-1.7155e+01  4.2630e+00  6.8555e+01  6.1000e-02  1.8310e-01 -7.3240e-01
 -7.0300e-02 -2.8520e-01  9.3310e-01]",120
755,3,"[[-0.10305058 -0.06664152  0.56335848]
 [-0.0226844  -0.30752911  0.32247089]
 [ 0.16822999 -0.30291606  0.32708394]
 [-0.25003866  0.29941384 -0.33058616]
 [ 0.24031724  0.3095249  -0.3204751 ]
 [-0.29067676  0.29394412 -0.33605588]]","[2115. 2091. 1080. 2210. 2243.  928. 2062. 2248.  923. 1891. 2249.  922.
 1938. 2245.  926. 2237. 2239.  932.]","[2133. 2094. 1078. 2210. 2229.  927. 2050. 2241.  925. 1901. 2239.  926.
 1936. 2225.  934. 2236. 2235.  935.]","[-17.161    4.252   68.522   -0.1221   0.      -0.7935  -0.0747  -0.2905
   0.9648]",120
756,3,"[[-0.08082797 -0.0671621   0.5628379 ]
 [-0.02895816 -0.30761832  0.32238168]
 [ 0.16364834 -0.30304653  0.32695347]
 [-0.24794087  0.29954948 -0.33045052]
 [ 0.2442084   0.30935503 -0.32064497]
 [-0.29020041  0.29406799 -0.33593201]]","[2100. 2091. 1080. 2209. 2243.  928. 2066. 2248.  923. 1888. 2249.  922.
 1941. 2245.  926. 2237. 2239.  932.]","[2126. 2093. 1079. 2209. 2229.  927. 2051. 2242.  925. 1900. 2240.  926.
 1937. 2225.  933. 2236. 2235.  935.]","[-17.161    4.252   68.494    0.       0.1221  -0.6714  -0.0703  -0.2896
   0.958 ]",120
757,3,"[[-0.05812636 -0.06790672  0.56209328]
 [-0.03532416 -0.30770615  0.32229385]
 [ 0.15888894 -0.30317668  0.32682332]
 [-0.24570405  0.2996851  -0.3303149 ]
 [ 0.24802342  0.30913227 -0.32086773]
 [-0.28967308  0.29419294 -0.33580706]]","[2085. 2092. 1079. 2208. 2243.  928. 2071. 2248.  923. 1886. 2249.  922.
 1944. 2245.  926. 2236. 2239.  932.]","[2121. 2093. 1079. 2207. 2229.  927. 2054. 2241.  925. 1898. 2240.  926.
 1939. 2225.  933. 2236. 2236.  935.]","[-1.7161e+01  4.2460e+00  6.8461e+01 -6.1000e-02  1.8310e-01 -8.5450e-01
 -6.4000e-02 -3.0030e-01  9.2920e-01]",120
758,3,"[[-0.0350803  -0.068904    0.561096  ]
 [-0.04177266 -0.30779257  0.32220743]
 [ 0.15395323 -0.30330651  0.32669349]
 [-0.24332271  0.2998207  -0.3301793 ]
 [ 0.25175222  0.30885903 -0.32114097]
 [-0.28908912  0.29431894 -0.33568106]]","[2070. 2092. 1079. 2206. 2243.  928. 2075. 2248.  923. 1883. 2249.  922.
 1947. 2245.  926. 2236. 2239.  932.]","[2105. 2093. 1078. 2206. 2229.  927. 2058. 2242.  925. 1896. 2240.  926.
 1942. 2225.  932. 2235. 2235.  934.]","[-17.177    4.235   68.423   -0.4272   0.      -0.9766  -0.0835  -0.3091
   0.9565]",120
759,3,"[[-0.01182634 -0.0701847   0.5598153 ]
 [-0.04829355 -0.30787757  0.32212243]
 [ 0.14884334 -0.30343601  0.32656399]
 [-0.24079167  0.2999563  -0.3300437 ]
 [ 0.25538506  0.30853769 -0.32146231]
 [-0.28844276  0.29444598 -0.33555402]]","[2055. 2093. 1078. 2204. 2243.  928. 2079. 2248.  923. 1881. 2249.  922.
 1950. 2245.  926. 2236. 2239.  932.]","[2096. 2093. 1078. 2206. 2229.  927. 2061. 2241.  925. 1894. 2240.  926.
 1944. 2225.  933. 2235. 2236.  935.]","[-17.188    4.23    68.401   -0.1831   0.      -0.4272  -0.0806  -0.3228
   0.9443]",120
760,3,"[[ 0.01149769 -0.07178167  0.55821833]
 [-0.05487639 -0.30796111  0.32203889]
 [ 0.14356199 -0.30356518  0.32643482]
 [-0.23810609  0.30009191 -0.32990809]
 [ 0.25891255  0.30817084 -0.32182916]
 [-0.2877281   0.29457402 -0.33542598]]","[2040. 2094. 1077. 2203. 2243.  928. 2083. 2248.  923. 1879. 2248.  923.
 1954. 2245.  926. 2235. 2240.  931.]","[2081. 2093. 1078. 2204. 2229.  926. 2064. 2242.  925. 1892. 2240.  926.
 1947. 2225.  932. 2235. 2236.  935.]","[-1.7194e+01  4.2240e+00  6.8395e+01 -6.1000e-02 -1.2210e-01 -1.2210e-01
 -6.9800e-02 -3.2960e-01  9.3900e-01]",120
761,3,"[[ 0.03475359 -0.07372975  0.55627025]
 [-0.06151042 -0.30804317  0.32195683]
 [ 0.1381126  -0.30369402  0.32630598]
 [-0.23526151  0.30022755 -0.32977245]
 [ 0.26232569  0.30776121 -0.32223879]
 [-0.28693916  0.29470304 -0.33529696]]","[2025. 2096. 1075. 2201. 2243.  928. 2088. 2248.  923. 1876. 2248.  923.
 1957. 2245.  925. 2235. 2240.  931.]","[2066. 2093. 1078. 2203. 2229.  926. 2067. 2242.  926. 1890. 2240.  926.
 1950. 2225.  932. 2235. 2236.  934.]","[-1.7194e+01  4.2240e+00  6.8395e+01  1.2210e-01  0.0000e+00 -6.1000e-02
 -4.5400e-02 -2.9540e-01  9.5510e-01]",120
762,3,"[[ 0.05780354 -0.07606568  0.55393432]
 [-0.06818466 -0.30812371  0.32187629]
 [ 0.13249917 -0.30382253  0.32617747]
 [-0.23225389  0.30036324 -0.32963676]
 [ 0.26561599  0.30731167 -0.32268833]
 [-0.28606986  0.29483302 -0.33516698]]","[2010. 2097. 1074. 2199. 2243.  928. 2092. 2248.  923. 1874. 2248.  923.
 1961. 2246.  925. 2234. 2240.  931.]","[2051. 2095. 1076. 2202. 2229.  926. 2071. 2242.  925. 1886. 2240.  926.
 1953. 2226.  931. 2235. 2236.  934.]","[-1.7188e+01  4.2190e+00  6.8357e+01  2.4410e-01  1.8310e-01 -7.9350e-01
 -5.9100e-02 -2.7780e-01  9.7560e-01]",120
763,3,"[[ 0.08051095 -0.078828    0.551172  ]
 [-0.07488796 -0.30820271  0.32179729]
 [ 0.12672637 -0.30395068  0.32604932]
 [-0.22907959  0.30049898 -0.32950102]
 [ 0.26877543  0.30682522 -0.32317478]
 [-0.28511409  0.29496396 -0.33503604]]","[1995. 2099. 1072. 2197. 2243.  928. 2096. 2248.  923. 1872. 2248.  923.
 1965. 2246.  925. 2233. 2240.  931.]","[2037. 2095. 1075. 2200. 2229.  926. 2076. 2242.  925. 1884. 2240.  926.
 1956. 2225.  930. 2234. 2236.  934.]","[-17.172    4.219   68.313    0.3052   0.4883  -1.0376  -0.0869  -0.2705
   0.9502]",120
764,3,"[[ 0.10274124 -0.08205698  0.54794302]
 [-0.08160898 -0.30828013  0.32171987]
 [ 0.12079949 -0.30407848  0.32592152]
 [-0.22573546  0.30063479 -0.32936521]
 [ 0.27179657  0.30630497 -0.32369503]
 [-0.28406569  0.29509583 -0.33490417]]","[1981. 2101. 1070. 2195. 2243.  927. 2101. 2248.  923. 1870. 2247.  924.
 1969. 2246.  925. 2233. 2240.  931.]","[2022. 2097. 1073. 2198. 2229.  926. 2079. 2242.  925. 1881. 2240.  926.
 1960. 2225.  930. 2233. 2236.  934.]","[-17.172    4.224   68.28     0.       0.2441  -0.7324  -0.0933  -0.2822
   0.9375]",120
765,3,"[[ 0.12436268 -0.08579443  0.54420557]
 [-0.08833635 -0.30835592  0.32164408]
 [ 0.11472441 -0.3042059   0.3257941 ]
 [-0.22221881  0.30077067 -0.32922933]
 [ 0.27467255  0.30575409 -0.32424591]
 [-0.28291849  0.29522863 -0.33477137]]","[1966. 2103. 1068. 2192. 2244.  927. 2105. 2249.  922. 1868. 2247.  924.
 1973. 2246.  925. 2232. 2240.  931.]","[2007. 2099. 1072. 2196. 2229.  926. 2084. 2241.  925. 1879. 2240.  926.
 1964. 2226.  929. 2233. 2237.  934.]","[-17.177    4.219   68.258   -0.1831   0.      -0.6104  -0.0815  -0.2856
   0.9497]",120
766,3,"[[ 0.14524714 -0.09008366  0.53991634]
 [-0.09505864 -0.30843007  0.32156993]
 [ 0.1085076  -0.30433293  0.32566707]
 [-0.21852746  0.30090665 -0.32909335]
 [ 0.27739716  0.30517585 -0.32482415]
 [-0.28166634  0.29536235 -0.33463765]]","[1953. 2106. 1065. 2190. 2244.  927. 2109. 2249.  922. 1867. 2246.  925.
 1977. 2246.  925. 2231. 2240.  931.]","[1992. 2101. 1070. 2193. 2229.  925. 2088. 2242.  925. 1876. 2240.  926.
 1968. 2225.  928. 2233. 2236.  934.]","[-17.177    4.219   68.231   -0.1221   0.1221  -0.6714  -0.0703  -0.2949
   0.9595]",120
767,3,"[[ 0.16527086 -0.09496926  0.53503074]
 [-0.10176444 -0.30850251  0.32149749]
 [ 0.10215611 -0.30445955  0.32554045]
 [-0.21465977  0.30104272 -0.32895728]
 [ 0.27996484  0.30457354 -0.32542646]
 [-0.28030313  0.29549699 -0.33450301]]","[1940. 2109. 1062. 2187. 2244.  927. 2114. 2249.  922. 1865. 2246.  925.
 1981. 2246.  925. 2230. 2240.  931.]","[1978. 2104. 1068. 2191. 2229.  925. 2092. 2241.  925. 1875. 2240.  926.
 1972. 2227.  928. 2232. 2237.  934.]","[-17.183    4.219   68.187   -0.1221   0.2441  -0.9766  -0.0684  -0.2974
   0.9473]",120
768,3,"[[ 0.18431518 -0.10049699  0.52950301]
 [-0.10844241 -0.30857323  0.32142677]
 [ 0.09567756 -0.30458573  0.32541427]
 [-0.21061465  0.3011789  -0.3288211 ]
 [ 0.28237076  0.3039505  -0.3260495 ]
 [-0.27882282  0.29563255 -0.33436745]]","[1927. 2113. 1058. 2185. 2244.  927. 2118. 2249.  922. 1863. 2246.  925.
 1985. 2246.  925. 2229. 2240.  931.]","[1960. 2107. 1064. 2188. 2229.  925. 2099. 2242.  924. 1871. 2240.  926.
 1977. 2227.  927. 2230. 2237.  934.]","[-17.188    4.213   68.143   -0.1221   0.2441  -1.1597  -0.0752  -0.2993
   0.9487]",120
769,3,"[[ 0.20226724 -0.10671352  0.52328648]
 [-0.11508136 -0.30864216  0.32135784]
 [ 0.08908005 -0.30471146  0.32528854]
 [-0.20639157  0.30131518 -0.32868482]
 [ 0.28461076  0.30331009 -0.32668991]
 [-0.27721945  0.29576901 -0.33423099]]","[1916. 2117. 1054. 2182. 2244.  927. 2123. 2249.  922. 1862. 2245.  926.
 1989. 2246.  925. 2228. 2240.  931.]","[1950. 2109. 1062. 2186. 2229.  925. 2102. 2242.  925. 1870. 2240.  927.
 1980. 2228.  926. 2230. 2237.  934.]","[-17.199    4.213   68.099   -0.2441   0.2441  -0.9766  -0.0776  -0.3013
   0.9458]",120
770,3,"[[ 0.21902066 -0.11366633  0.51633367]
 [-0.12167026 -0.30870927  0.32129073]
 [ 0.08237219 -0.3048367   0.3251633 ]
 [-0.20199062  0.30145158 -0.32854842]
 [ 0.28668147  0.30265566 -0.32734434]
 [-0.27548722  0.29590638 -0.33409362]]","[1905. 2122. 1049. 2179. 2244.  927. 2127. 2249.  922. 1861. 2245.  926.
 1994. 2246.  925. 2227. 2240.  931.]","[1934. 2114. 1058. 2183. 2229.  925. 2108. 2242.  923. 1867. 2241.  927.
 1985. 2228.  926. 2228. 2237.  933.]","[-1.7210e+01  4.2130e+00  6.8066e+01 -3.0520e-01  1.2210e-01 -7.9350e-01
 -6.6900e-02 -2.9930e-01  9.4580e-01]",120
771,3,"[[ 0.23447615 -0.12140337  0.50859663]
 [-0.12819831 -0.30877452  0.32122548]
 [ 0.07556306 -0.30496142  0.32503858]
 [-0.19741247  0.30158809 -0.32841191]
 [ 0.28858027  0.30199057 -0.32800943]
 [-0.27362048  0.29604467 -0.33395533]]","[1895. 2127. 1044. 2176. 2244.  927. 2131. 2249.  922. 1859. 2244.  927.
 1998. 2246.  925. 2226. 2240.  930.]","[1925. 2117. 1055. 2181. 2229.  926. 2111. 2242.  924. 1866. 2241.  927.
 1988. 2229.  926. 2227. 2238.  934.]","[-1.7221e+01  4.2080e+00  6.8038e+01 -2.4410e-01  1.2210e-01 -7.3240e-01
 -6.5400e-02 -3.0420e-01  9.6000e-01]",120
772,3,"[[ 0.24854212 -0.12997286  0.50002714]
 [-0.134655   -0.30883786  0.32116214]
 [ 0.06866214 -0.30508558  0.32491442]
 [-0.19265844  0.30172471 -0.32827529]
 [ 0.29030528  0.30131815 -0.32868185]
 [-0.27161377  0.29618387 -0.33381613]]","[1885. 2132. 1039. 2173. 2244.  927. 2135. 2249.  922. 1858. 2244.  927.
 2003. 2246.  925. 2225. 2241.  930.]","[1914. 2121. 1051. 2178. 2229.  925. 2115. 2242.  923. 1864. 2241.  927.
 1992. 2229.  926. 2227. 2238.  933.]","[-1.7227e+01  4.2080e+00  6.8005e+01 -1.2210e-01  1.8310e-01 -7.3240e-01
 -6.4000e-02 -3.0470e-01  9.4090e-01]",120
773,3,"[[ 0.26113523 -0.13942304  0.49057696]
 [-0.14103015 -0.30889925  0.32110075]
 [ 0.06167932 -0.30520917  0.32479083]
 [-0.18773044  0.30186145 -0.32813855]
 [ 0.29185545  0.30064171 -0.32935829]
 [-0.26946188  0.29632399 -0.33367601]]","[1877. 2138. 1033. 2170. 2244.  927. 2139. 2249.  922. 1857. 2243.  927.
 2007. 2246.  925. 2223. 2241.  930.]","[1904. 2126. 1046. 2175. 2229.  925. 2119. 2242.  923. 1863. 2240.  928.
 1996. 2229.  925. 2226. 2238.  933.]","[-17.243    4.202   67.983   -0.3052   0.      -0.5493  -0.0771  -0.3154
   0.9424]",120
774,3,"[[ 0.27218082 -0.14980182  0.48019818]
 [-0.14731393 -0.30895863  0.32104137]
 [ 0.05462482 -0.30533212  0.32466788]
 [-0.18263105  0.30199828 -0.32800172]
 [ 0.29323047  0.29996451 -0.33003549]
 [-0.26715988  0.29646502 -0.33353498]]","[1870. 2145. 1026. 2167. 2244.  927. 2144. 2249.  922. 1856. 2243.  928.
 2012. 2247.  924. 2222. 2241.  930.]","[1894. 2130. 1041. 2173. 2229.  925. 2124. 2242.  924. 1861. 2241.  928.
 2000. 2228.  924. 2224. 2238.  933.]","[-1.7254e+01  4.1970e+00  6.7978e+01 -1.2210e-01 -6.1000e-02 -1.8310e-01
 -5.9100e-02 -3.0520e-01  9.5310e-01]",120
775,3,"[[ 0.28161347 -0.16115652  0.46884348]
 [-0.15349697 -0.30901597  0.32098403]
 [ 0.04750917 -0.30545442  0.32454558]
 [-0.17736348  0.30213521 -0.32786479]
 [ 0.29443084  0.29928976 -0.33071024]
 [-0.26470312  0.29660698 -0.33339302]]","[1864. 2153. 1018. 2163. 2244.  927. 2148. 2249.  922. 1856. 2243.  928.
 2017. 2247.  924. 2220. 2241.  930.]","[1885. 2136. 1035. 2170. 2229.  925. 2128. 2242.  923. 1860. 2241.  928.
 2005. 2228.  924. 2223. 2238.  933.]","[-1.7254e+01  4.1970e+00  6.7961e+01  0.0000e+00  1.2210e-01 -3.0520e-01
 -5.8600e-02 -3.0220e-01  9.5850e-01]",120
776,3,"[[ 0.28937727 -0.1735335   0.4564665 ]
 [-0.15957034 -0.30907121  0.32092879]
 [ 0.04034313 -0.305576    0.324424  ]
 [-0.17193158  0.30227223 -0.32772777]
 [ 0.29545782  0.29862061 -0.33137939]
 [-0.26208734  0.29674986 -0.33325014]]","[1859. 2161. 1010. 2160. 2245.  926. 2152. 2249.  922. 1855. 2242.  929.
 2021. 2247.  924. 2218. 2241.  930.]","[1877. 2143. 1029. 2167. 2229.  925. 2132. 2242.  923. 1858. 2240.  929.
 2009. 2229.  923. 2221. 2238.  933.]","[-1.7254e+01  4.1910e+00  6.7939e+01  0.0000e+00  6.1000e-02 -5.4930e-01
 -7.9100e-02 -2.9640e-01  9.4630e-01]",120
777,3,"[[ 0.2954262  -0.18697788  0.44302212]
 [-0.16552561 -0.30912431  0.32087569]
 [ 0.03313772 -0.30569683  0.32430317]
 [-0.16633983  0.30240932 -0.32759068]
 [ 0.29631343  0.29796014 -0.33203986]
 [-0.25930863  0.29689366 -0.33310634]]","[1855. 2169. 1002. 2156. 2245.  926. 2155. 2249.  922. 1854. 2242.  929.
 2026. 2247.  924. 2217. 2241.  930.]","[1870. 2150. 1022. 2164. 2229.  925. 2136. 2242.  924. 1858. 2241.  929.
 2013. 2229.  923. 2219. 2238.  932.]","[-1.7260e+01  4.1860e+00  6.7923e+01 -6.1000e-02  6.1000e-02 -4.2720e-01
 -7.8600e-02 -2.9540e-01  9.5070e-01]",120
778,3,"[[ 0.29972443 -0.20153315  0.42846685]
 [-0.1713549  -0.30917523  0.32082477]
 [ 0.02590407 -0.30581686  0.32418314]
 [-0.16059335  0.30254646 -0.32745354]
 [ 0.29700046  0.29731136 -0.33268864]
 [-0.25636351  0.2970384  -0.3329616 ]]","[1852. 2179.  992. 2152. 2245.  926. 2159. 2249.  922. 1854. 2241.  930.
 2031. 2247.  924. 2215. 2241.  930.]","[1864. 2158. 1015. 2160. 2229.  925. 2140. 2242.  923. 1856. 2241.  930.
 2019. 2230.  922. 2218. 2238.  932.]","[-17.26     4.186   67.901   -0.1221   0.1221  -0.4883  -0.0747  -0.2959
   0.9482]",120
779,4,"[[ 0.30224632 -0.21724087  0.41275913]
 [-0.1770509  -0.30922392  0.32077608]
 [ 0.01865346 -0.30593605  0.32406395]
 [-0.15469787  0.30268364 -0.32731636]
 [ 0.29752249  0.29667718 -0.33332282]
 [-0.25324898  0.29718406 -0.33281594]]","[1850. 2189.  982. 2148. 2245.  926. 2163. 2249.  922. 1854. 2241.  930.
 2035. 2247.  924. 2213. 2241.  930.]","[1858. 2168. 1005. 2156. 2229.  924. 2145. 2242.  923. 1855. 2240.  931.
 2024. 2230.  922. 2216. 2238.  932.]","[-1.7271e+01  4.1860e+00  6.7885e+01 -3.0520e-01  0.0000e+00 -4.8830e-01
 -6.2000e-02 -2.9690e-01  9.3950e-01]",120
780,4,"[[ 0.30298515 -0.2341402   0.3958598 ]
 [-0.18260952 -0.30927034  0.32072966]
 [ 0.0113972  -0.30605433  0.32394567]
 [-0.14866239  0.30282084 -0.32717916]
 [ 0.29788693  0.29606044 -0.33393956]
 [-0.24996517  0.29733065 -0.33266935]]","[1850. 2200.  971. 2144. 2245.  926. 2167. 2249.  922. 1853. 2241.  930.
 2040. 2247.  924. 2210. 2241.  930.]","[1856. 2175.  999. 2153. 2229.  924. 2148. 2242.  923. 1855. 2240.  931.
 2027. 2230.  922. 2215. 2239.  932.]","[-1.7281e+01  4.1750e+00  6.7863e+01 -3.6620e-01 -6.1000e-02 -6.1040e-01
 -6.7900e-02 -2.9880e-01  9.6580e-01]",120
781,4,"[[ 0.30286922 -0.2521765   0.3778235 ]
 [-0.18807483 -0.30931443  0.32068557]
 [ 0.00414299 -0.30617166  0.32382834]
 [-0.14254352  0.30295803 -0.32704197]
 [ 0.2981447   0.29546387 -0.33453613]
 [-0.24656392  0.29747817 -0.33252183]]","[1850. 2212.  959. 2140. 2245.  926. 2170. 2249.  922. 1853. 2240.  931.
 2045. 2247.  924. 2208. 2241.  930.]","[1852. 2186.  990. 2148. 2229.  924. 2153. 2241.  924. 1854. 2239.  931.
 2034. 2231.  922. 2212. 2239.  932.]","[-1.7292e+01  4.1690e+00  6.7841e+01 -1.2210e-01  6.1000e-02 -4.2720e-01
 -6.7900e-02 -2.9300e-01  9.5310e-01]",120
782,4,"[[ 0.30267707 -0.27083116  0.35916884]
 [-0.19347487 -0.30935618  0.32064382]
 [-0.00311022 -0.30628799  0.32371201]
 [-0.13637966  0.30309517 -0.32690483]
 [ 0.29832067  0.29489009 -0.33510991]
 [-0.24308851  0.2976266  -0.3323734 ]]","[1850. 2224.  947. 2136. 2245.  926. 2174. 2249.  922. 1853. 2240.  931.
 2050. 2247.  924. 2206. 2242.  929.]","[1851. 2189.  983. 2146. 2229.  924. 2156. 2242.  923. 1854. 2239.  932.
 2037. 2231.  922. 2210. 2239.  932.]","[-17.298    4.164   67.824   -0.1831   0.      -0.3662  -0.0728  -0.2979
   0.9409]",120
783,4,"[[ 0.30241817 -0.29013018  0.33986982]
 [-0.19879314 -0.30939555  0.32060445]
 [-0.01036177 -0.30640328  0.32359672]
 [-0.13016474  0.30323223 -0.32676777]
 [ 0.29787899  0.29434137 -0.33565863]
 [-0.239536    0.29777589 -0.33222411]]","[1850. 2237.  934. 2132. 2245.  926. 2177. 2249.  922. 1853. 2239.  932.
 2054. 2247.  924. 2204. 2242.  929.]","[1851. 2197.  972. 2142. 2229.  925. 2161. 2242.  923. 1853. 2238.  932.
 2042. 2231.  922. 2208. 2239.  932.]","[-1.7303e+01  4.1580e+00  6.7813e+01 -1.8310e-01 -6.1000e-02 -1.2210e-01
 -8.1500e-02 -2.9880e-01  9.7460e-01]",120
784,4,"[[ 0.30208691 -0.29142704  0.33857296]
 [-0.20401633 -0.30943249  0.32056751]
 [-0.01760854 -0.30651746  0.32348254]
 [-0.12389504  0.30336916 -0.32663084]
 [ 0.29548704  0.29381822 -0.33618178]
 [-0.23590293  0.29792602 -0.33207398]]","[1851. 2237.  933. 2128. 2245.  926. 2180. 2249.  922. 1855. 2239.  932.
 2059. 2247.  924. 2201. 2242.  929.]","[1851. 2211.  959. 2136. 2229.  926. 2165. 2244.  923. 1853. 2238.  933.
 2048. 2231.  922. 2205. 2239.  932.]","[-17.303    4.164   67.813    0.3052   0.4272   0.3052  -0.0708  -0.3125
   0.9482]",120
785,4,"[[ 0.30168132 -0.29150969  0.33849031]
 [-0.20913602 -0.30946697  0.32053303]
 [-0.02484647 -0.30663048  0.32336952]
 [-0.11757071  0.30350589 -0.32649411]
 [ 0.29101178  0.2933234  -0.3366766 ]
 [-0.23218836  0.29807695 -0.33192305]]","[1851. 2238.  933. 2124. 2245.  926. 2184. 2249.  922. 1858. 2239.  932.
 2064. 2247.  924. 2199. 2242.  929.]","[1852. 2216.  954. 2133. 2229.  926. 2169. 2245.  923. 1852. 2237.  934.
 2049. 2231.  922. 2203. 2239.  931.]","[-17.281    4.197   67.819    0.9155   1.4648   0.5493  -0.0913  -0.334
   1.0391]",120
786,4,"[[ 0.30120092 -0.29159505  0.33840495]
 [-0.21414646 -0.30949893  0.32050107]
 [-0.03207119 -0.30674228  0.32325772]
 [-0.11119385  0.3036424  -0.3263576 ]
 [ 0.28444585  0.29286001 -0.33713999]
 [-0.22839284  0.29822862 -0.33177138]]","[1851. 2238.  933. 2120. 2245.  926. 2187. 2249.  922. 1862. 2238.  933.
 2068. 2247.  924. 2196. 2242.  929.]","[1852. 2220.  949. 2128. 2229.  928. 2174. 2247.  923. 1853. 2237.  933.
 2052. 2232.  922. 2200. 2239.  931.]","[-1.7238e+01  4.2680e+00  6.7824e+01  1.4648e+00  2.2583e+00  9.7660e-01
 -6.4500e-02 -3.4720e-01  9.2870e-01]",120
787,4,"[[ 0.30064565 -0.29168308  0.33831692]
 [-0.21904328 -0.30952835  0.32047165]
 [-0.03927826 -0.30685281  0.32314719]
 [-0.10476748  0.30377862 -0.32622138]
 [ 0.27581185  0.29243038 -0.33756962]
 [-0.22451759  0.29838102 -0.33161898]]","[1852. 2238.  933. 2116. 2246.  925. 2190. 2249.  922. 1868. 2238.  933.
 2073. 2248.  923. 2194. 2242.  929.]","[1851. 2221.  947. 2125. 2229.  928. 2177. 2247.  923. 1855. 2237.  934.
 2056. 2233.  923. 2198. 2239.  931.]","[-17.188    4.362   67.835    1.2817   2.0142   1.2207  -0.0747  -0.3564
   0.8848]",120
788,4,"[[ 0.30001562 -0.29177374  0.33822626]
 [-0.22382279 -0.30955519  0.32044481]
 [-0.04646327 -0.30696201  0.32303799]
 [-0.09829499  0.30391451 -0.32608549]
 [ 0.26515666  0.29203659 -0.33796341]
 [-0.22056415  0.29853408 -0.33146592]]","[1852. 2238.  933. 2112. 2246.  925. 2193. 2249.  922. 1875. 2238.  933.
 2078. 2248.  923. 2191. 2242.  929.]","[1851. 2222.  946. 2123. 2229.  928. 2181. 2248.  923. 1859. 2236.  934.
 2060. 2233.  922. 2196. 2239.  932.]","[-17.15     4.444   67.863    0.9155   0.9155   1.2207  -0.0708  -0.335
   0.9116]",120
789,4,"[[ 0.29931097 -0.291867    0.338133  ]
 [-0.2284816  -0.30957941  0.32042059]
 [-0.05362182 -0.30706983  0.32293017]
 [-0.09177991  0.30405002 -0.32594998]
 [ 0.25254848  0.29168057 -0.33831943]
 [-0.21653423  0.29868778 -0.33131222]]","[1852. 2238.  933. 2107. 2246.  925. 2196. 2249.  922. 1883. 2238.  933.
 2082. 2248.  923. 2189. 2242.  929.]","[1851. 2222.  945. 2121. 2229.  928. 2184. 2248.  923. 1864. 2236.  934.
 2065. 2233.  922. 2194. 2239.  931.]","[-17.128    4.488   67.896    0.7935   0.4883   1.0376  -0.0767  -0.3096
   0.9404]",120
790,4,"[[ 0.29853187 -0.29196282  0.33803718]
 [-0.23301653 -0.30960098  0.32039902]
 [-0.06074952 -0.30717622  0.32282378]
 [-0.08522586  0.3041851  -0.3258149 ]
 [ 0.23807501  0.29136405 -0.33863595]
 [-0.21242956  0.29884206 -0.33115794]]","[1853. 2238.  933. 2103. 2246.  925. 2199. 2249.  922. 1892. 2237.  934.
 2087. 2248.  923. 2186. 2242.  929.]","[1852. 2222.  945. 2117. 2229.  928. 2188. 2247.  923. 1869. 2236.  934.
 2069. 2233.  921. 2192. 2239.  931.]","[-1.7117e+01  4.5150e+00  6.7928e+01  6.1040e-01  2.4410e-01  5.4930e-01
 -5.9100e-02 -2.7880e-01  9.3900e-01]",120
791,4,"[[ 0.29767853 -0.29206116  0.33793884]
 [-0.23742454 -0.30961987  0.32038013]
 [-0.06784203 -0.30728112  0.32271888]
 [-0.07863646  0.30431969 -0.32568031]
 [ 0.22184214  0.225502   -0.404498  ]
 [-0.20825196  0.2989969  -0.3310031 ]]","[1853. 2238.  933. 2099. 2246.  925. 2202. 2249.  922. 1903. 2195.  976.
 2092. 2248.  923. 2183. 2242.  929.]","[1852. 2222.  944. 2113. 2229.  927. 2191. 2248.  923. 1876. 2236.  935.
 2073. 2233.  921. 2189. 2239.  931.]","[-1.7106e+01  4.5260e+00  6.7939e+01  3.6620e-01  1.8310e-01 -6.1000e-02
 -5.6200e-02 -2.4800e-01  9.6970e-01]",120
792,4,"[[ 0.29675115 -0.29216197  0.33783803]
 [-0.24170264 -0.30963604  0.32036396]
 [-0.07489503 -0.30738447  0.32261553]
 [-0.07201534  0.30445376 -0.32554624]
 [ 0.20397254  0.1672486  -0.4627514 ]
 [-0.20400322  0.29915224 -0.33084776]]","[1854. 2238.  933. 2094. 2246.  925. 2205. 2249.  922. 1915. 2157. 1014.
 2096. 2248.  923. 2180. 2243.  928.]","[1852. 2222.  943. 2108. 2229.  927. 2194. 2247.  923. 1883. 2229.  943.
 2077. 2234.  921. 2186. 2239.  932.]","[-17.095    4.526   67.928    0.3052   0.1831  -0.5493  -0.0723  -0.2505
   0.959 ]",120
793,4,"[[ 0.29574996 -0.29226523  0.33773477]
 [-0.24584797 -0.30964946  0.32035054]
 [-0.08190425 -0.30748623  0.32251377]
 [-0.06536614  0.30458725 -0.32541275]
 [ 0.18460422  0.11989986 -0.51010014]
 [-0.1996852   0.29930803 -0.33069197]]","[1855. 2238.  933. 2090. 2246.  925. 2208. 2249.  922. 1927. 2126. 1045.
 2101. 2248.  923. 2178. 2243.  928.]","[1853. 2223.  943. 2104. 2229.  927. 2198. 2248.  923. 1893. 2209.  963.
 2083. 2234.  921. 2183. 2238.  931.]","[-17.084    4.521   67.906    0.       0.1831  -0.4883  -0.0854  -0.2632
   0.957 ]",120
794,4,"[[ 0.29467521 -0.29237089  0.33762911]
 [-0.24985772 -0.30966013  0.32033987]
 [-0.08886542 -0.30758634  0.32241366]
 [-0.05869247  0.3047201  -0.3252799 ]
 [ 0.16388889  0.08370048 -0.54629952]
 [-0.19529973  0.29946425 -0.33053575]]","[1855. 2238.  933. 2086. 2246.  925. 2210. 2249.  922. 1941. 2102. 1069.
 2105. 2248.  923. 2175. 2243.  928.]","[1854. 2224.  942. 2099. 2229.  928. 2201. 2248.  923. 1909. 2182.  990.
 2087. 2234.  921. 2180. 2238.  931.]","[-17.078    4.526   67.896    0.       0.3052   0.1831  -0.1318  -0.2656
   0.9546]",120
795,4,"[[ 0.29352717 -0.29247892  0.33752108]
 [-0.25372917 -0.30966805  0.32033195]
 [-0.09577433 -0.30768474  0.32231526]
 [-0.05199795  0.30485227 -0.32514773]
 [ 0.14199005  0.05884351 -0.57115649]
 [-0.19084867  0.29962084 -0.33037916]]","[1856. 2238.  933. 2081. 2246.  925. 2213. 2249.  922. 1955. 2086. 1085.
 2110. 2248.  923. 2172. 2243.  928.]","[1855. 2224.  940. 2095. 2229.  928. 2204. 2248.  922. 1920. 2155. 1017.
 2091. 2234.  922. 2177. 2239.  931.]","[-17.073    4.548   67.912    0.       0.4272   0.7324  -0.0869  -0.2983
   0.9341]",120
796,4,"[[ 0.29230612 -0.29258926  0.33741074]
 [-0.25745966 -0.30967339  0.32032661]
 [-0.10262681 -0.30778138  0.32221862]
 [-0.04528615  0.3049837  -0.3250163 ]
 [ 0.11908101  0.04546934 -0.58453066]
 [-0.1863339   0.29977776 -0.33022224]]","[1857. 2238.  933. 2077. 2246.  925. 2215. 2249.  922. 1970. 2077. 1094.
 2114. 2248.  923. 2169. 2243.  928.]","[1856. 2224.  940. 2089. 2229.  928. 2207. 2248.  923. 1930. 2131. 1040.
 2096. 2234.  922. 2174. 2239.  931.]","[-17.067    4.576   67.95    -0.1831   0.       1.2817  -0.0942  -0.2593
   0.9819]",120
797,4,"[[ 0.29101237 -0.29270188  0.33729812]
 [-0.26104665 -0.30967645  0.32032355]
 [-0.10941872 -0.3078762   0.3221238 ]
 [-0.03856067  0.30511434 -0.32488566]
 [ 0.09534279  0.0437376  -0.5862624 ]
 [-0.18175729  0.29993496 -0.33006504]]","[1858. 2238.  933. 2073. 2246.  925. 2218. 2249.  922. 1985. 2076. 1095.
 2119. 2248.  923. 2166. 2243.  928.]","[1857. 2224.  940. 2085. 2229.  928. 2209. 2248.  922. 1942. 2112. 1060.
 2100. 2234.  922. 2171. 2239.  931.]","[-1.7062e+01  4.5870e+00  6.8011e+01 -4.8830e-01 -7.3240e-01  1.7700e+00
 -2.2000e-02 -2.6660e-01  9.4580e-01]",120
798,4,"[[ 0.28964624 -0.29281673  0.33718327]
 [-0.26448765 -0.30967218  0.32032782]
 [-0.11614597 -0.30796916  0.32203084]
 [-0.03182504  0.30524415 -0.32475585]
 [ 0.07096188  0.04983847 -0.58016153]
 [-0.17712074  0.30009239 -0.32990761]]","[1859. 2238.  933. 2068. 2246.  924. 2220. 2249.  922. 2001. 2080. 1091.
 2123. 2248.  923. 2163. 2243.  928.]","[1859. 2224.  939. 2081. 2228.  928. 2212. 2248.  922. 1957. 2099. 1073.
 2104. 2234.  922. 2168. 2238.  931.]","[-1.7062e+01  4.5810e+00  6.8060e+01 -2.4410e-01 -1.2210e-01  5.4930e-01
 -1.1700e-02 -3.1590e-01  9.6920e-01]",120
799,4,"[[ 0.28820806 -0.29293378  0.33706622]
 [-0.26778028 -0.30961782  0.32038218]
 [-0.12280454 -0.30806021  0.32193979]
 [-0.02508281  0.30537306 -0.32462694]
 [ 0.04612805  0.05020209 -0.57979791]
 [-0.17242614  0.30025003 -0.32974997]]","[1860. 2238.  933. 2064. 2247.  924. 2222. 2249.  922. 2017. 2080. 1091.
 2128. 2248.  923. 2160. 2243.  928.]","[1860. 2224.  939. 2076. 2229.  928. 2214. 2248.  923. 1972. 2092. 1081.
 2109. 2234.  922. 2165. 2239.  931.]","[-1.7062e+01  4.5700e+00  6.8060e+01  6.1000e-02  1.8310e-01 -6.1040e-01
 -9.0800e-02 -3.7110e-01  9.4240e-01]",120
800,4,"[[ 0.28669821 -0.29305298  0.33694702]
 [-0.27092223 -0.30948995  0.32051005]
 [-0.12939043 -0.30814927  0.32185073]
 [-0.01833748  0.30550103 -0.32449897]
 [ 0.02103213  0.04994836 -0.58005164]
 [-0.1676754   0.3004078  -0.3295922 ]]","[1861. 2239.  932. 2059. 2247.  924. 2224. 2249.  922. 2034. 2080. 1091.
 2132. 2248.  923. 2157. 2243.  928.]","[1861. 2224.  938. 2073. 2229.  928. 2217. 2247.  922. 1987. 2088. 1085.
 2113. 2234.  922. 2163. 2238.  931.]","[-1.7062e+01  4.5650e+00  6.8044e+01  1.2210e-01  6.1000e-02 -2.4410e-01
 -1.2500e-01 -3.4960e-01  8.9790e-01]",120
801,4,"[[ 0.28511705 -0.29317429  0.33682571]
 [-0.2739113  -0.30930368  0.32069632]
 [-0.13589971 -0.30823632  0.32176368]
 [-0.01159254  0.305628   -0.324372  ]
 [-0.00413617  0.04983836 -0.58016164]
 [-0.16287043  0.30056568 -0.32943432]]","[1862. 2239.  932. 2055. 2247.  924. 2226. 2249.  922. 2050. 2080. 1091.
 2136. 2248.  923. 2154. 2243.  928.]","[1862. 2224.  937. 2069. 2228.  928. 2219. 2248.  922. 2003. 2086. 1087.
 2116. 2235.  922. 2160. 2238.  931.]","[-17.062    4.57    68.044    0.1831   0.       0.4883  -0.0933  -0.3267
   0.9604]",120
802,4,"[[ 0.28346497 -0.29329766  0.33670234]
 [-0.27674536 -0.30906269  0.32093731]
 [-0.14232852 -0.30832128  0.32167872]
 [-0.00485143  0.30575393 -0.32424607]
 [-0.02919022  0.05002446 -0.57997554]
 [-0.15801314  0.30072362 -0.32927638]]","[1863. 2239.  932. 2051. 2247.  924. 2228. 2249.  922. 2067. 2080. 1091.
 2140. 2248.  922. 2151. 2244.  927.]","[1863. 2224.  937. 2064. 2229.  928. 2221. 2248.  923. 2020. 2084. 1089.
 2120. 2234.  921. 2157. 2239.  931.]","[-1.7067e+01  4.5760e+00  6.8066e+01  1.8310e-01  0.0000e+00  4.2720e-01
 -5.0300e-02 -2.8420e-01  9.4870e-01]",120
803,4,"[[ 0.28174239 -0.29342305  0.33657695]
 [-0.27942241 -0.3087695   0.3212305 ]
 [-0.14867305 -0.30840412  0.32159588]
 [ 0.00188241  0.30587875 -0.32412125]
 [-0.05394845  0.05056856 -0.57943144]
 [-0.15310546  0.30088156 -0.32911844]]","[1864. 2239.  932. 2046. 2247.  924. 2230. 2249.  922. 2083. 2080. 1091.
 2144. 2249.  922. 2147. 2244.  927.]","[1864. 2224.  937. 2061. 2229.  928. 2223. 2248.  922. 2036. 2083. 1089.
 2123. 2234.  922. 2154. 2239.  931.]","[-1.7062e+01  4.5760e+00  6.8071e+01  2.4410e-01  6.1000e-02  0.0000e+00
 -6.4500e-02 -2.6810e-01  9.6340e-01]",120
804,4,"[[ 0.27994973 -0.29355041  0.33644959]
 [-0.28194051 -0.30842673  0.32157327]
 [-0.15492955 -0.30848478  0.32151522]
 [ 0.00860558  0.30600243 -0.32399757]
 [-0.07823605  0.05151716 -0.57848284]
 [-0.14814932  0.30103946 -0.32896054]]","[1865. 2239.  932. 2042. 2247.  924. 2231. 2249.  922. 2099. 2081. 1090.
 2148. 2249.  922. 2144. 2244.  927.]","[1866. 2224.  937. 2057. 2229.  928. 2225. 2248.  922. 2052. 2083. 1089.
 2127. 2235.  922. 2150. 2238.  930.]","[-1.7056e+01  4.5760e+00  6.8066e+01  6.1000e-02  0.0000e+00 -1.2210e-01
 -8.1500e-02 -2.7000e-01  9.5510e-01]",120
805,4,"[[ 0.27808744 -0.2936797   0.3363203 ]
 [-0.28429785 -0.3080372   0.3219628 ]
 [-0.16109435 -0.30856321  0.32143679]
 [ 0.01531473  0.30612489 -0.32387511]
 [-0.10188652  0.05291384 -0.57708616]
 [-0.14314665  0.30119728 -0.32880272]]","[1866. 2239.  932. 2038. 2247.  924. 2233. 2248.  923. 2114. 2082. 1089.
 2153. 2249.  922. 2141. 2244.  927.]","[1867. 2224.  936. 2053. 2228.  928. 2227. 2248.  922. 2068. 2083. 1090.
 2131. 2234.  922. 2147. 2239.  930.]","[-17.056    4.576   68.071    0.       0.       0.1221  -0.0947  -0.2734
   0.9458]",120
806,4,"[[ 0.27615599 -0.29381087  0.33618913]
 [-0.2864927  -0.30760393  0.32239607]
 [-0.16716383 -0.30863936  0.32136064]
 [ 0.02200653  0.3062461  -0.3237539 ]
 [-0.12474301  0.05480206 -0.57519794]
 [-0.13809939  0.30135496 -0.32864504]]","[1867. 2239.  932. 2033. 2247.  924. 2234. 2248.  923. 2129. 2083. 1088.
 2156. 2249.  922. 2138. 2244.  927.]","[1868. 2224.  936. 2049. 2229.  928. 2229. 2248.  923. 2084. 2083. 1089.
 2136. 2234.  922. 2144. 2239.  930.]","[-1.7051e+01  4.5760e+00  6.8082e+01 -1.8310e-01 -6.1000e-02  4.8830e-01
 -7.4200e-02 -2.8610e-01  9.6000e-01]",120
807,4,"[[ 0.27415585 -0.29394388  0.33605612]
 [-0.28852346 -0.30713009  0.32286991]
 [-0.17313447 -0.30871317  0.32128683]
 [ 0.02867769  0.30636601 -0.32363399]
 [-0.14665944  0.057226   -0.572774  ]
 [-0.13300947  0.30151246 -0.32848754]]","[1869. 2239.  932. 2029. 2247.  924. 2236. 2248.  923. 2143. 2085. 1086.
 2160. 2249.  922. 2134. 2244.  927.]","[1869. 2224.  936. 2044. 2229.  927. 2231. 2248.  922. 2100. 2083. 1089.
 2140. 2235.  922. 2141. 2238.  930.]","[-1.7051e+01  4.5810e+00  6.8099e+01  0.0000e+00 -6.1000e-02  3.6620e-01
 -6.2000e-02 -2.9640e-01  9.5070e-01]",120
808,4,"[[ 0.27208753 -0.29407868  0.33592132]
 [-0.29038861 -0.30661899  0.32338101]
 [-0.1790028  -0.30878461  0.32121539]
 [ 0.03532495  0.30648455 -0.32351545]
 [-0.16750141  0.06023074 -0.56976926]
 [-0.12787884  0.30166974 -0.32833026]]","[1870. 2239.  932. 2024. 2247.  924. 2237. 2247.  924. 2157. 2087. 1084.
 2164. 2249.  922. 2131. 2244.  927.]","[1870. 2224.  936. 2040. 2229.  928. 2233. 2248.  923. 2115. 2084. 1087.
 2144. 2234.  922. 2137. 2239.  930.]","[-1.7045e+01  4.5760e+00  6.8104e+01  6.1000e-02  0.0000e+00 -1.2210e-01
 -6.9300e-02 -2.9830e-01  9.5750e-01]",120
809,4,"[[ 0.26995153 -0.29421522  0.33578478]
 [-0.29208675 -0.30607406  0.32392594]
 [-0.18476545 -0.30885362  0.32114638]
 [ 0.04194509  0.30660168 -0.32339832]
 [-0.18714693  0.06386222 -0.56613778]
 [-0.12270943  0.30182674 -0.32817326]]","[1872. 2239.  932. 2020. 2247.  924. 2238. 2247.  924. 2170. 2089. 1082.
 2168. 2249.  922. 2127. 2244.  927.]","[1871. 2224.  936. 2036. 2229.  928. 2234. 2248.  923. 2130. 2085. 1086.
 2148. 2234.  922. 2134. 2239.  930.]","[-17.04     4.576   68.082    0.1221   0.1221  -0.6714  -0.0894  -0.293
   0.9463]",120
810,4,"[[ 0.26774838 -0.29435346  0.33564654]
 [-0.29361659 -0.30549881  0.32450119]
 [-0.19041911 -0.30892015  0.32107985]
 [ 0.04853495  0.30671734 -0.32328266]
 [-0.20548682  0.06816706 -0.56183294]
 [-0.11750319  0.30198341 -0.32801659]]","[1873. 2239.  932. 2016. 2247.  924. 2239. 2247.  924. 2181. 2092. 1079.
 2172. 2249.  922. 2124. 2244.  927.]","[1873. 2224.  935. 2032. 2228.  928. 2235. 2248.  923. 2144. 2087. 1084.
 2152. 2235.  922. 2130. 2239.  930.]","[-1.7034e+01  4.5760e+00  6.8049e+01  0.0000e+00  6.1000e-02 -1.8310e-01
 -8.6400e-02 -3.0270e-01  9.5360e-01]",120
811,4,"[[ 0.26547865 -0.29449335  0.33550665]
 [-0.29497694 -0.30489679  0.32510321]
 [-0.19596055 -0.30898417  0.32101583]
 [ 0.05509138  0.30683149 -0.32316851]
 [-0.22242508  0.0731923  -0.5568077 ]
 [-0.11226206  0.30213972 -0.32786028]]","[1874. 2239.  931. 2012. 2248.  923. 2240. 2246.  925. 2192. 2095. 1076.
 2175. 2249.  922. 2121. 2244.  927.]","[1875. 2224.  935. 2028. 2228.  928. 2237. 2248.  923. 2156. 2089. 1081.
 2156. 2234.  923. 2127. 2239.  930.]","[-1.7034e+01  4.5810e+00  6.8049e+01  0.0000e+00  6.1000e-02  0.0000e+00
 -6.9300e-02 -3.0270e-01  9.4970e-01]",120
812,4,"[[ 0.26314288 -0.29463484  0.33536516]
 [-0.29616673 -0.30427163  0.32572837]
 [-0.20138666 -0.30904561  0.32095439]
 [ 0.06161131  0.30694408 -0.32305592]
 [-0.23787894  0.07898515 -0.55101485]
 [-0.10698798  0.30229561 -0.32770439]]","[1876. 2240.  931. 2007. 2248.  923. 2241. 2246.  925. 2203. 2099. 1072.
 2179. 2249.  922. 2117. 2245.  926.]","[1876. 2224.  935. 2023. 2229.  928. 2238. 2248.  924. 2170. 2092. 1079.
 2159. 2234.  923. 2124. 2239.  930.]","[-17.034    4.581   68.044    0.       0.       0.      -0.0688  -0.3057
   0.9517]",120
813,4,"[[ 0.26074166 -0.29477789  0.33522211]
 [-0.297185   -0.30362695  0.32637305]
 [-0.20669438 -0.30910444  0.32089556]
 [ 0.06809168  0.30705505 -0.32294495]
 [-0.25177885  0.08559269 -0.54440731]
 [-0.1016829   0.30245103 -0.32754897]]","[1878. 2240.  931. 2003. 2248.  923. 2241. 2245.  926. 2212. 2103. 1068.
 2182. 2249.  922. 2114. 2245.  926.]","[1877. 2224.  934. 2019. 2228.  928. 2239. 2248.  924. 2181. 2095. 1077.
 2163. 2235.  923. 2120. 2238.  930.]","[-1.7034e+01  4.5810e+00  6.8044e+01  0.0000e+00  0.0000e+00 -6.1000e-02
 -7.1800e-02 -2.9740e-01  9.4530e-01]",120
814,4,"[[ 0.25827559 -0.29492245  0.33507755]
 [-0.29803094 -0.30296638  0.32703362]
 [-0.21188074 -0.30916061  0.32083939]
 [ 0.07452949  0.30716435 -0.32283565]
 [-0.26406823  0.09306156 -0.53693844]
 [-0.09634875  0.30260594 -0.32739406]]","[1879. 2240.  931. 1999. 2248.  923. 2242. 2245.  926. 2220. 2108. 1063.
 2186. 2249.  922. 2110. 2245.  926.]","[1878. 2224.  934. 2016. 2228.  928. 2239. 2247.  925. 2192. 2098. 1073.
 2166. 2235.  924. 2116. 2239.  930.]","[-1.7034e+01  4.5810e+00  6.8044e+01  6.1000e-02  0.0000e+00 -6.1000e-02
 -8.4000e-02 -2.9740e-01  9.5360e-01]",120
815,4,"[[ 0.25574529 -0.29506846  0.33493154]
 [-0.298704   -0.30229354  0.32770646]
 [-0.21694288 -0.30921408  0.32078592]
 [ 0.08092179  0.30727193 -0.32272807]
 [-0.27470316  0.10143766 -0.52856234]
 [-0.09098748  0.30276028 -0.32723972]]","[1881. 2240.  931. 1995. 2248.  923. 2242. 2245.  926. 2227. 2114. 1057.
 2189. 2249.  922. 2107. 2245.  926.]","[1880. 2224.  934. 2012. 2229.  928. 2240. 2247.  925. 2201. 2103. 1069.
 2171. 2234.  924. 2113. 2239.  930.]","[-1.7029e+01  4.5810e+00  6.8038e+01  6.1000e-02  0.0000e+00 -6.1000e-02
 -8.5000e-02 -2.9200e-01  9.4920e-01]",120
816,4,"[[ 0.25315137 -0.29521588  0.33478412]
 [-0.2992049  -0.30161202  0.32838798]
 [-0.22187802 -0.30926481  0.32073519]
 [ 0.08726568  0.30737775 -0.32262225]
 [-0.28365195  0.11076584 -0.51923416]
 [-0.08560101  0.30291402 -0.32708598]]","[1882. 2240.  931. 1991. 2248.  923. 2243. 2244.  927. 2232. 2120. 1051.
 2192. 2249.  922. 2103. 2245.  926.]","[1882. 2224.  933. 2008. 2228.  928. 2240. 2246.  925. 2211. 2107. 1065.
 2174. 2234.  924. 2110. 2239.  929.]","[-1.7029e+01  4.5810e+00  6.8033e+01  0.0000e+00  6.1000e-02 -1.2210e-01
 -8.1100e-02 -2.8760e-01  9.5070e-01]",120
817,4,"[[ 0.25049449 -0.29536467  0.33463533]
 [-0.29954096 -0.30092536  0.32907464]
 [-0.22668348 -0.30931275  0.32068725]
 [ 0.0935583   0.30748176 -0.32251824]
 [-0.29089463  0.12108959 -0.50891041]
 [-0.08019127  0.3030671  -0.3269329 ]]","[1884. 2240.  931. 1987. 2248.  923. 2243. 2244.  927. 2237. 2126. 1045.
 2195. 2249.  922. 2100. 2245.  926.]","[1884. 2225.  933. 2004. 2228.  928. 2241. 2246.  925. 2219. 2112. 1060.
 2177. 2234.  924. 2106. 2239.  929.]","[-1.7029e+01  4.5810e+00  6.8027e+01  0.0000e+00  6.1000e-02 -6.1000e-02
 -7.6700e-02 -2.9830e-01  9.5410e-01]",120
818,4,"[[ 0.24777531 -0.29551477  0.33448523]
 [-0.29966202 -0.30023697  0.32976303]
 [-0.23135668 -0.30935787  0.32064213]
 [ 0.09979685  0.30758389 -0.32241611]
 [-0.29642231  0.13245076 -0.49754924]
 [-0.07476021  0.30321947 -0.32678053]]","[1886. 2240.  931. 1982. 2248.  923. 2243. 2243.  928. 2241. 2134. 1037.
 2198. 2249.  922. 2096. 2245.  926.]","[1885. 2224.  933. 2000. 2228.  928. 2241. 2245.  926. 2225. 2118. 1053.
 2181. 2234.  924. 2103. 2239.  929.]","[-17.029    4.587   68.022    0.       0.1221  -0.1831  -0.0708  -0.2983
   0.9478]",120
819,4,"[[ 0.2449945  -0.29566613  0.33433387]
 [-0.29833472 -0.29954936  0.33045064]
 [-0.23589511 -0.30940012  0.32059988]
 [ 0.10597857  0.30768412 -0.32231588]
 [-0.30023662  0.14488926 -0.48511074]
 [-0.06930972  0.30337109 -0.32662891]]","[1888. 2240.  931. 1978. 2248.  923. 2242. 2243.  928. 2243. 2142. 1029.
 2201. 2249.  922. 2093. 2245.  926.]","[1886. 2224.  933. 1996. 2228.  928. 2241. 2245.  925. 2231. 2124. 1048.
 2184. 2234.  924. 2099. 2238.  929.]","[-1.7029e+01  4.5870e+00  6.8011e+01  0.0000e+00  6.1000e-02 -2.4410e-01
 -8.0100e-02 -3.0180e-01  9.4820e-01]",120
820,4,"[[ 0.24215275 -0.2958187   0.3341813 ]
 [-0.2948802  -0.29886356  0.33113644]
 [-0.24029638 -0.30943946  0.32056054]
 [ 0.11210075  0.30778239 -0.32221761]
 [-0.30234858  0.15844277 -0.47155723]
 [-0.06384174  0.30352192 -0.32647808]]","[1890. 2240.  931. 1974. 2248.  923. 2240. 2242.  929. 2245. 2151. 1020.
 2204. 2249.  922. 2089. 2245.  926.]","[1890. 2225.  933. 1992. 2228.  928. 2241. 2245.  925. 2235. 2131. 1041.
 2187. 2234.  924. 2096. 2239.  929.]","[-1.7029e+01  4.5810e+00  6.8005e+01  0.0000e+00  0.0000e+00 -6.1000e-02
 -8.0100e-02 -3.0660e-01  9.4530e-01]",120
821,4,"[[ 0.23925078 -0.29597245  0.33402755]
 [-0.28929765 -0.29818265  0.33181735]
 [-0.24455821 -0.30947586  0.32052414]
 [ 0.11816075  0.30787865 -0.32212135]
 [-0.30281522  0.17314631 -0.45685369]
 [-0.05835818  0.30367189 -0.32632811]]","[1892. 2240.  931. 1970. 2248.  923. 2236. 2242.  929. 2245. 2160. 1011.
 2207. 2249.  922. 2086. 2245.  926.]","[1891. 2224.  933. 1988. 2228.  928. 2241. 2244.  926. 2239. 2138. 1034.
 2190. 2234.  925. 2092. 2238.  930.]","[-1.7029e+01  4.5810e+00  6.8005e+01  6.1000e-02  0.0000e+00  0.0000e+00
 -7.9600e-02 -3.0710e-01  9.5170e-01]",120
822,4,"[[ 0.2362893  -0.2961273   0.3338727 ]
 [-0.2816168  -0.29751009  0.33248991]
 [-0.2486784  -0.30950928  0.32049072]
 [ 0.12415596  0.30797286 -0.32202714]
 [-0.30267168  0.18888921 -0.44111079]
 [-0.05286093  0.30382097 -0.32617903]]","[1893. 2241.  930. 1967. 2248.  923. 2231. 2241.  930. 2245. 2171. 1000.
 2210. 2249.  922. 2082. 2246.  925.]","[1894. 2224.  933. 1984. 2229.  928. 2241. 2244.  927. 2242. 2147. 1025.
 2193. 2234.  924. 2089. 2238.  930.]","[-17.029    4.581   68.005    0.       0.       0.      -0.0786  -0.3027
   0.9468]",120
823,4,"[[ 0.23326905 -0.29628323  0.33371677]
 [-0.2718946  -0.29684935  0.33315065]
 [-0.25265486 -0.30953969  0.32046031]
 [ 0.13008385  0.30806497 -0.32193503]
 [-0.30250523  0.20520939 -0.42479061]
 [-0.04735191  0.30396911 -0.32603089]]","[1895. 2241.  930. 1963. 2248.  923. 2225. 2241.  930. 2245. 2181.  990.
 2212. 2249.  922. 2078. 2246.  925.]","[1894. 2224.  933. 1980. 2229.  928. 2238. 2243.  928. 2243. 2156. 1016.
 2197. 2234.  925. 2086. 2239.  929.]","[-17.029    4.581   68.       0.1221   0.      -0.1221  -0.0791  -0.3013
   0.9487]",120
824,4,"[[ 0.23019078 -0.29644016  0.33355984]
 [-0.26020987 -0.29620383  0.33379617]
 [-0.25648561 -0.30956705  0.32043295]
 [ 0.13594193  0.30815493 -0.32184507]
 [-0.30230979  0.22220619 -0.40779381]
 [-0.04183299  0.30411627 -0.32588373]]","[1897. 2241.  930. 1959. 2248.  923. 2217. 2241.  930. 2245. 2192.  979.
 2215. 2249.  922. 2075. 2246.  925.]","[1896. 2225.  932. 1977. 2228.  928. 2234. 2243.  929. 2244. 2165. 1008.
 2199. 2234.  925. 2082. 2239.  929.]","[-1.7029e+01  4.5810e+00  6.7994e+01  6.1000e-02  0.0000e+00 -1.2210e-01
 -8.1100e-02 -2.9590e-01  9.5120e-01]",120
825,4,"[[ 0.22705526 -0.29659807  0.33340193]
 [-0.24666026 -0.2955769   0.3344231 ]
 [-0.26016875 -0.30959134  0.32040866]
 [ 0.14172777  0.30824271 -0.32175729]
 [-0.30207465  0.23992174 -0.39007826]
 [-0.03630607  0.30426238 -0.32573762]]","[1899. 2241.  930. 1955. 2248.  923. 2208. 2240.  931. 2244. 2204.  967.
 2217. 2249.  922. 2071. 2246.  925.]","[1898. 2225.  932. 1973. 2228.  928. 2229. 2243.  929. 2244. 2175.  997.
 2202. 2234.  925. 2079. 2239.  929.]","[-17.034    4.581   67.994    0.       0.       0.      -0.0801  -0.2959
   0.9463]",120
826,4,"[[ 0.22386326 -0.29675689  0.33324311]
 [-0.23135994 -0.29497185  0.33502815]
 [-0.26370251 -0.3096125   0.3203875 ]
 [ 0.14743898  0.30832825 -0.32167175]
 [-0.30179465  0.25835651 -0.37164349]
 [-0.03077302  0.30440742 -0.32559258]]","[1902. 2241.  930. 1951. 2248.  922. 2198. 2240.  931. 2244. 2216.  955.
 2219. 2249.  922. 2068. 2246.  925.]","[1900. 2225.  932. 1970. 2228.  928. 2222. 2242.  930. 2244. 2186.  986.
 2205. 2234.  925. 2076. 2238.  930.]","[-1.7034e+01  4.5870e+00  6.7994e+01  0.0000e+00  0.0000e+00  6.1000e-02
 -7.5700e-02 -2.9350e-01  9.5410e-01]",120
827,4,"[[ 0.22061558 -0.29691658  0.33308342]
 [-0.21443767 -0.29439187  0.33560813]
 [-0.26708521 -0.30963053  0.32036947]
 [ 0.15307325  0.30841152 -0.32158848]
 [-0.30146741  0.27750165 -0.35249835]
 [-0.0252357   0.30455133 -0.32544867]]","[1904. 2241.  930. 1948. 2249.  922. 2187. 2239.  932. 2244. 2228.  943.
 2222. 2249.  922. 2064. 2246.  925.]","[1902. 2225.  931. 1966. 2228.  928. 2214. 2242.  930. 2244. 2196.  976.
 2207. 2233.  925. 2072. 2238.  929.]","[-1.7034e+01  4.5870e+00  6.7994e+01  0.0000e+00  0.0000e+00 -6.1000e-02
 -6.7400e-02 -2.9490e-01  9.5210e-01]",120
828,4,"[[ 0.21731304 -0.29707709  0.33292291]
 [-0.19603486 -0.29384005  0.33615995]
 [-0.27031529 -0.30964539  0.32035461]
 [ 0.15862831  0.30849247 -0.32150753]
 [-0.30109184  0.29137598 -0.33862402]
 [-0.01969597  0.30469407 -0.32530593]]","[1906. 2241.  930. 1944. 2249.  922. 2175. 2239.  932. 2244. 2237.  934.
 2224. 2249.  922. 2060. 2246.  925.]","[1904. 2224.  931. 1963. 2228.  928. 2205. 2241.  931. 2244. 2204.  969.
 2209. 2234.  925. 2069. 2238.  929.]","[-17.034    4.587   67.983    0.       0.      -0.1831  -0.0806  -0.2939
   0.9536]",120
829,4,"[[ 0.21395644 -0.29723836  0.33276164]
 [-0.17630361 -0.29331934  0.33668066]
 [-0.27339128 -0.30965706  0.32034294]
 [ 0.16410197  0.30857106 -0.32142894]
 [-0.30066738  0.29145811 -0.33854189]
 [-0.01415569  0.30483559 -0.32516441]]","[1908. 2241.  930. 1941. 2249.  922. 2162. 2239.  932. 2244. 2238.  933.
 2226. 2249.  922. 2057. 2246.  925.]","[1906. 2224.  932. 1959. 2228.  928. 2195. 2241.  930. 2244. 2213.  957.
 2212. 2233.  925. 2064. 2238.  929.]","[-1.7034e+01  4.5810e+00  6.7978e+01  0.0000e+00  0.0000e+00 -6.1000e-02
 -8.7900e-02 -3.0180e-01  9.5170e-01]",120
830,4,"[[ 0.21054663 -0.29740034  0.33259966]
 [-0.1554047  -0.29283255  0.33716745]
 [-0.27631182 -0.30966557  0.32033443]
 [ 0.16949206  0.30864725 -0.32135275]
 [-0.30019369  0.29154294 -0.33845706]
 [-0.00861668  0.30497584 -0.32502416]]","[1910. 2241.  930. 1937. 2249.  922. 2149. 2238.  933. 2243. 2238.  933.
 2228. 2249.  922. 2053. 2246.  925.]","[1908. 2224.  931. 1956. 2229.  928. 2183. 2240.  931. 2244. 2222.  949.
 2214. 2234.  925. 2061. 2238.  929.]","[-1.7029e+01  4.5760e+00  6.7983e+01  1.2210e-01 -1.2210e-01  0.0000e+00
 -5.4200e-02 -2.9440e-01  9.5360e-01]",120
831,4,"[[ 0.20708445 -0.297563    0.332437  ]
 [-0.13350557 -0.29238233  0.33761767]
 [-0.27907567 -0.30967111  0.32032889]
 [ 0.17479652  0.308721   -0.321279  ]
 [-0.29967051  0.29163043 -0.33836957]
 [-0.00308078  0.30511479 -0.32488521]]","[1913. 2241.  929. 1934. 2249.  922. 2135. 2238.  933. 2243. 2238.  933.
 2229. 2249.  922. 2050. 2246.  925.]","[1910. 2225.  932. 1952. 2229.  928. 2171. 2240.  931. 2244. 2227.  944.
 2217. 2233.  926. 2057. 2239.  929.]","[-1.7034e+01  4.5700e+00  6.7978e+01 -6.1000e-02 -1.2210e-01 -1.8310e-01
 -9.2300e-02 -2.9590e-01  9.3550e-01]",120
832,4,"[[ 0.20357076 -0.29772627  0.33227373]
 [-0.11077827 -0.29197113  0.33802887]
 [-0.28168167 -0.30967401  0.32032599]
 [ 0.18001329  0.30879227 -0.32120773]
 [-0.29909765  0.29172053 -0.33827947]
 [ 0.0024502   0.30525239 -0.32474761]]","[1915. 2242.  929. 1930. 2249.  922. 2120. 2238.  933. 2242. 2238.  933.
 2231. 2249.  922. 2046. 2246.  924.]","[1913. 2225.  931. 1949. 2229.  928. 2159. 2240.  932. 2244. 2229.  940.
 2219. 2233.  927. 2054. 2239.  929.]","[-1.7029e+01  4.5590e+00  6.7967e+01  1.2210e-01 -6.1000e-02 -2.4410e-01
 -6.7900e-02 -2.8270e-01  9.6340e-01]",120
833,4,"[[ 0.20000644 -0.29789011  0.33210989]
 [-0.08739751 -0.29160124  0.33839876]
 [-0.28412879 -0.30966736  0.32033264]
 [ 0.18514043  0.30886102 -0.32113898]
 [-0.29847492  0.29181319 -0.33818681]
 [ 0.00797446  0.30538858 -0.32461142]]","[1917. 2242.  929. 1927. 2249.  922. 2104. 2238.  933. 2242. 2238.  933.
 2233. 2249.  922. 2042. 2247.  924.]","[1915. 2225.  932. 1945. 2228.  928. 2146. 2240.  932. 2243. 2231.  940.
 2221. 2233.  927. 2050. 2238.  927.]","[-17.029    4.548   67.961    0.      -0.1831  -0.1831  -0.0767  -0.2974
   0.9424]",120
834,4,"[[ 0.19639238 -0.29805446  0.33194554]
 [-0.06353875 -0.27202814  0.35797186]
 [-0.2864161  -0.30960308  0.32039692]
 [ 0.190176    0.30892722 -0.32107278]
 [-0.29780217  0.29190836 -0.33809164]
 [ 0.01349021  0.30552334 -0.32447666]]","[1919. 2242.  929. 1924. 2249.  922. 2089. 2225.  946. 2242. 2238.  933.
 2234. 2249.  922. 2039. 2247.  924.]","[1917. 2224.  932. 1942. 2228.  928. 2131. 2240.  932. 2242. 2232.  939.
 2223. 2233.  927. 2048. 2239.  927.]","[-1.7023e+01  4.5430e+00  6.7956e+01  6.1000e-02 -6.1000e-02 -1.8310e-01
 -7.4200e-02 -2.9640e-01  9.6440e-01]",120
835,4,"[[ 0.19272947 -0.29821928  0.33178072]
 [-0.03937638 -0.20169352  0.42830648]
 [-0.28854278 -0.30946559  0.32053441]
 [ 0.19511816  0.30899083 -0.32100917]
 [-0.29707924  0.29200599 -0.33799401]
 [ 0.01899565  0.30565661 -0.32434339]]","[1922. 2242.  929. 1920. 2249.  922. 2073. 2179.  992. 2241. 2238.  933.
 2236. 2249.  922. 2035. 2247.  924.]","[1919. 2225.  931. 1939. 2228.  928. 2116. 2236.  936. 2242. 2232.  938.
 2225. 2233.  927. 2044. 2239.  927.]","[-1.7023e+01  4.5430e+00  6.7956e+01  0.0000e+00 -6.1000e-02  0.0000e+00
 -8.0600e-02 -3.0270e-01  9.3700e-01]",120
836,4,"[[ 0.18901862 -0.29838451  0.33161549]
 [-0.0150821  -0.14305792  0.48694208]
 [-0.2905081  -0.30926852  0.32073148]
 [ 0.19996512  0.30905181 -0.32094819]
 [-0.296306    0.29210604 -0.33789396]
 [ 0.02448904  0.30578836 -0.32421164]]","[1924. 2242.  929. 1917. 2249.  922. 2057. 2141. 1030. 2241. 2238.  933.
 2237. 2249.  922. 2032. 2247.  924.]","[1922. 2224.  932. 1936. 2228.  928. 2101. 2220.  952. 2242. 2232.  938.
 2227. 2233.  927. 2040. 2239.  927.]","[-1.7023e+01  4.5430e+00  6.7961e+01  0.0000e+00 -6.1000e-02  1.2210e-01
 -8.8900e-02 -3.0710e-01  9.5360e-01]",120
837,4,"[[ 0.18526076 -0.29855011  0.33144989]
 [ 0.00917664 -0.09645977  0.53354023]
 [-0.29231145 -0.30901542  0.32098458]
 [ 0.20471515  0.30911012 -0.32088988]
 [-0.29548233  0.29220846 -0.33779154]
 [ 0.02996861  0.30591854 -0.32408146]]","[1927. 2242.  929. 1914. 2249.  922. 2042. 2110. 1061. 2240. 2238.  933.
 2238. 2249.  922. 2028. 2247.  924.]","[1924. 2225.  931. 1933. 2228.  928. 2086. 2194.  976. 2241. 2232.  938.
 2229. 2234.  927. 2037. 2239.  926.]","[-1.7029e+01  4.5430e+00  6.7967e+01  0.0000e+00 -6.1000e-02  1.2210e-01
 -7.9100e-02 -3.0960e-01  9.3950e-01]",120
838,4,"[[ 0.18145682 -0.29871603  0.33128397]
 [ 0.03323797 -0.06217342  0.56782658]
 [-0.29395233 -0.30870893  0.32129107]
 [ 0.20936657  0.30916574 -0.32083426]
 [-0.2946081   0.29231319 -0.33768681]
 [ 0.03543263  0.3060471  -0.3239529 ]]","[1929. 2242.  929. 1911. 2249.  922. 2026. 2088. 1083. 2240. 2238.  933.
 2239. 2249.  922. 2024. 2247.  924.]","[1926. 2225.  931. 1929. 2228.  928. 2071. 2165. 1005. 2241. 2232.  937.
 2231. 2233.  927. 2034. 2239.  926.]","[-1.7034e+01  4.5430e+00  6.7978e+01 -6.1000e-02 -6.1000e-02  1.2210e-01
 -8.2500e-02 -3.1640e-01  9.5800e-01]",120
839,4,"[[ 0.17760775 -0.29888221  0.33111779]
 [ 0.05694676 -0.04040723  0.58959277]
 [-0.29543033 -0.30835185  0.32164815]
 [ 0.21391776  0.30921864 -0.32078136]
 [-0.29368322  0.2924202  -0.3375798 ]
 [ 0.04087936  0.30617401 -0.32382599]]","[1932. 2242.  929. 1908. 2249.  922. 2010. 2074. 1097. 2239. 2238.  933.
 2240. 2249.  922. 2021. 2247.  924.]","[1929. 2225.  931. 1927. 2228.  928. 2055. 2138. 1032. 2241. 2233.  937.
 2232. 2233.  928. 2030. 2239.  926.]","[-1.7040e+01  4.5430e+00  6.7989e+01  0.0000e+00 -6.1000e-02  2.4410e-01
 -5.7100e-02 -2.9930e-01  9.5020e-01]",120
840,4,"[[ 0.17371451 -0.29904861  0.33095139]
 [ 0.08015567 -0.03130348  0.59869652]
 [-0.29674515 -0.3079472   0.3220528 ]
 [ 0.21836719  0.30926877 -0.32073123]
 [-0.2927076   0.29252942 -0.33747058]
 [ 0.04630711  0.30629923 -0.32370077]]","[1934. 2242.  929. 1905. 2249.  922. 1995. 2068. 1103. 2238. 2238.  933.
 2241. 2248.  923. 2017. 2247.  924.]","[1931. 2224.  931. 1923. 2228.  928. 2040. 2115. 1056. 2240. 2233.  937.
 2233. 2233.  927. 2026. 2239.  926.]","[-1.7040e+01  4.5370e+00  6.7994e+01  0.0000e+00 -6.1000e-02  6.1000e-02
 -8.6900e-02 -2.9150e-01  9.5120e-01]",120
841,4,"[[ 0.16977806 -0.29921517  0.33078483]
 [ 0.10272592 -0.0353184   0.5946816 ]
 [-0.29789659 -0.30749818  0.32250182]
 [ 0.22271335  0.30931612 -0.32068388]
 [-0.29168115  0.29264082 -0.33735918]
 [ 0.05171416  0.30642271 -0.32357729]]","[1937. 2243.  928. 1902. 2249.  922. 1981. 2071. 1100. 2238. 2238.  933.
 2242. 2248.  923. 2014. 2247.  924.]","[1934. 2224.  931. 1921. 2228.  928. 2024. 2099. 1074. 2239. 2233.  937.
 2235. 2233.  928. 2024. 2239.  926.]","[-17.045    4.537   68.       0.       0.       0.1221  -0.0767  -0.2944
   0.9487]",120
842,4,"[[ 0.16579938 -0.29938186  0.33061814]
 [ 0.12452799 -0.04128194  0.58871806]
 [-0.29888457 -0.3070082   0.3229918 ]
 [ 0.2269548   0.30936065 -0.32063935]
 [-0.29060382  0.29275433 -0.33724567]
 [ 0.05709885  0.30654441 -0.32345559]]","[1939. 2243.  928. 1900. 2249.  922. 1966. 2074. 1097. 2237. 2238.  933.
 2242. 2248.  923. 2010. 2247.  924.]","[1936. 2225.  931. 1918. 2228.  928. 2008. 2088. 1084. 2238. 2233.  936.
 2236. 2233.  928. 2022. 2239.  925.]","[-1.7045e+01  4.5430e+00  6.8005e+01  0.0000e+00  0.0000e+00  6.1000e-02
 -6.8800e-02 -2.9250e-01  9.6090e-01]",120
843,4,"[[ 0.16177946 -0.29954861  0.33045139]
 [ 0.14544211 -0.04295943  0.58704057]
 [-0.29970911 -0.30648078  0.32351922]
 [ 0.23109019  0.30940233 -0.32059767]
 [-0.28947554  0.29286992 -0.33713008]
 [ 0.0624595   0.30666431 -0.32333569]]","[1942. 2243.  928. 1897. 2249.  922. 1953. 2076. 1095. 2236. 2238.  933.
 2243. 2247.  924. 2007. 2247.  924.]","[1938. 2225.  931. 1916. 2228.  928. 1994. 2083. 1089. 2237. 2233.  936.
 2237. 2233.  928. 2019. 2239.  925.]","[-1.7045e+01  4.5370e+00  6.8005e+01  0.0000e+00  0.0000e+00 -6.1000e-02
 -7.6700e-02 -2.9250e-01  9.4970e-01]",120
844,4,"[[ 0.15771931 -0.29971538  0.33028462]
 [ 0.16535856 -0.04461894  0.58538106]
 [-0.30037046 -0.30591957  0.32408043]
 [ 0.23511819  0.30944114 -0.32055886]
 [-0.28829628  0.29298753 -0.33701247]
 [ 0.06779446  0.30678234 -0.32321766]]","[1945. 2243.  928. 1894. 2249.  922. 1940. 2077. 1094. 2235. 2238.  932.
 2243. 2247.  924. 2003. 2247.  923.]","[1941. 2225.  931. 1913. 2228.  928. 1979. 2079. 1092. 2237. 2234.  935.
 2238. 2233.  929. 2015. 2239.  926.]","[-17.045    4.537   68.       0.       0.       0.      -0.0894  -0.2979
   0.9473]",120
845,4,"[[ 0.15361993 -0.29988213  0.33011787]
 [ 0.18417796 -0.04677996  0.58322004]
 [-0.30086985 -0.30532829  0.32467171]
 [ 0.23903754  0.30947704 -0.32052296]
 [-0.287066    0.29310712 -0.33689288]
 [ 0.07310211  0.30689849 -0.32310151]]","[1947. 2243.  928. 1892. 2249.  922. 1927. 2078. 1093. 2235. 2239.  932.
 2244. 2247.  924. 2000. 2248.  923.]","[1943. 2224.  931. 1910. 2228.  928. 1965. 2079. 1093. 2235. 2234.  935.
 2239. 2233.  930. 2011. 2239.  925.]","[-1.7045e+01  4.5370e+00  6.8005e+01 -6.1000e-02 -6.1000e-02  1.8310e-01
 -7.6700e-02 -2.9790e-01  9.4730e-01]",120
846,4,"[[ 0.14948234 -0.30004879  0.32995121]
 [ 0.20181124 -0.04954441  0.58045559]
 [-0.30121341 -0.30471073  0.32528927]
 [ 0.24284707  0.30951003 -0.32048997]
 [-0.28578469  0.29322863 -0.33677137]
 [ 0.07838083  0.3070127  -0.3229873 ]]","[1950. 2243.  928. 1889. 2249.  922. 1916. 2080. 1091. 2234. 2239.  932.
 2244. 2246.  925. 1996. 2248.  923.]","[1946. 2225.  930. 1908. 2228.  928. 1951. 2079. 1092. 2235. 2234.  934.
 2240. 2233.  930. 2007. 2240.  925.]","[-1.7051e+01  4.5370e+00  6.8011e+01 -6.1000e-02 -1.2210e-01  6.1000e-02
 -7.3200e-02 -3.0030e-01  9.5460e-01]",120
847,4,"[[ 0.14530757 -0.30021533  0.32978467]
 [ 0.21817974 -0.05296484  0.57703516]
 [-0.30139946 -0.30407066  0.32592934]
 [ 0.24654562  0.30954006 -0.32045994]
 [-0.28445233  0.29335202 -0.33664798]
 [ 0.08362901  0.30712495 -0.32287505]]","[1953. 2243.  928. 1887. 2249.  922. 1905. 2082. 1089. 2233. 2239.  932.
 2244. 2246.  925. 1993. 2248.  923.]","[1949. 2224.  931. 1905. 2228.  928. 1939. 2079. 1092. 2235. 2234.  934.
 2241. 2233.  931. 2004. 2240.  925.]","[-1.7051e+01  4.5320e+00  6.8016e+01 -6.1000e-02 -6.1000e-02  0.0000e+00
 -7.1800e-02 -3.0180e-01  9.4580e-01]",120
848,4,"[[ 0.14109665 -0.30038169  0.32961831]
 [ 0.23321495 -0.05708777  0.57291223]
 [-0.30049881 -0.30341137  0.32658863]
 [ 0.25013213  0.30956712 -0.32043288]
 [-0.28306893  0.29347724 -0.33652276]
 [ 0.08884507  0.30723519 -0.32276481]]","[1956. 2243.  928. 1884. 2249.  922. 1895. 2085. 1086. 2232. 2239.  932.
 2243. 2245.  926. 1990. 2248.  923.]","[1951. 2225.  931. 1903. 2228.  928. 1927. 2081. 1091. 2233. 2234.  934.
 2241. 2233.  931. 2000. 2240.  925.]","[-17.056    4.532   68.016    0.      -0.1221   0.      -0.0806  -0.2964
   0.9551]",120
849,4,"[[ 0.13685065 -0.30054783  0.32945217]
 [ 0.2468584  -0.06195892  0.56804108]
 [-0.29753574 -0.30273409  0.32726591]
 [ 0.25360557  0.30959119 -0.32040881]
 [-0.28163452  0.29360423 -0.33639577]
 [ 0.09402746  0.30734339 -0.32265661]]","[1958. 2243.  928. 1882. 2249.  922. 1887. 2088. 1083. 2231. 2239.  932.
 2241. 2245.  926. 1986. 2248.  923.]","[1954. 2225.  931. 1901. 2228.  928. 1915. 2083. 1088. 2233. 2234.  934.
 2241. 2233.  932. 1996. 2240.  925.]","[-1.7056e+01  4.5260e+00  6.8022e+01  0.0000e+00 -1.2210e-01  6.1000e-02
 -8.1100e-02 -3.0030e-01  9.4190e-01]",120
850,4,"[[ 0.13257061 -0.3007137   0.3292863 ]
 [ 0.25906135 -0.06762376  0.56237624]
 [-0.29251832 -0.30204137  0.32795863]
 [ 0.25696498  0.30961225 -0.32038775]
 [-0.28014912  0.29373296 -0.33626704]
 [ 0.09917462  0.30744951 -0.32255049]]","[1961. 2244.  927. 1880. 2249.  922. 1879. 2092. 1079. 2230. 2239.  932.
 2238. 2244.  927. 1983. 2248.  923.]","[1957. 2225.  931. 1898. 2228.  928. 1905. 2086. 1086. 2231. 2234.  933.
 2241. 2232.  932. 1993. 2240.  925.]","[-1.7056e+01  4.5210e+00  6.8027e+01 -6.1000e-02 -1.8310e-01  1.2210e-01
 -8.0100e-02 -2.9640e-01  9.5360e-01]",120
851,4,"[[ 0.12825759 -0.30087925  0.32912075]
 [ 0.26978448 -0.07412744  0.55587256]
 [-0.28549135 -0.30133681  0.32866319]
 [ 0.26020947  0.30963027 -0.32036973]
 [-0.27861278  0.29386336 -0.33613664]
 [ 0.10428502  0.30755353 -0.32244647]]","[1964. 2244.  927. 1878. 2249.  922. 1872. 2096. 1075. 2229. 2239.  932.
 2234. 2244.  927. 1980. 2248.  923.]","[1959. 2224.  930. 1896. 2228.  928. 1896. 2089. 1083. 2230. 2235.  933.
 2241. 2232.  933. 1990. 2240.  924.]","[-17.062    4.521   68.033    0.      -0.1831   0.2441  -0.0801  -0.2964
   0.9507]",120
852,4,"[[ 0.12391268 -0.30104443  0.32895557]
 [ 0.27899746 -0.08151445  0.54848555]
 [-0.27652434 -0.30062425  0.32937575]
 [ 0.2633382   0.30964525 -0.32035475]
 [-0.27702555  0.29399539 -0.33600461]
 [ 0.10935715  0.3076554  -0.3223446 ]]","[1967. 2244.  927. 1876. 2249.  922. 1866. 2101. 1070. 2228. 2239.  932.
 2228. 2243.  927. 1976. 2248.  923.]","[1962. 2225.  930. 1894. 2228.  928. 1887. 2092. 1080. 2229. 2234.  933.
 2241. 2232.  934. 1987. 2240.  924.]","[-1.7062e+01  4.5150e+00  6.8049e+01 -6.1000e-02 -1.2210e-01  3.6620e-01
 -7.5200e-02 -3.0080e-01  9.4870e-01]",120
853,4,"[[ 0.11953694 -0.3012092   0.3287908 ]
 [ 0.28667864 -0.08982842  0.54017158]
 [-0.26570514 -0.29990757  0.33009243]
 [ 0.26635037  0.30965718 -0.32034282]
 [-0.2753875   0.29412901 -0.33587099]
 [ 0.11438953  0.30775509 -0.32224491]]","[1970. 2244.  927. 1874. 2249.  922. 1861. 2106. 1065. 2227. 2239.  932.
 2221. 2243.  928. 1973. 2248.  923.]","[1964. 2224.  930. 1892. 2228.  928. 1880. 2096. 1076. 2228. 2234.  933.
 2240. 2232.  934. 1983. 2240.  925.]","[-1.7062e+01  4.5150e+00  6.8060e+01 -6.1000e-02 -1.8310e-01  2.4410e-01
 -7.6200e-02 -3.0320e-01  9.4870e-01]",120
854,4,"[[ 0.11513147 -0.3013735   0.3286265 ]
 [ 0.29281456 -0.09911182  0.53088818]
 [-0.25313635 -0.29919074  0.33080926]
 [ 0.26924525  0.30966607 -0.32033393]
 [-0.27369871  0.29426416 -0.33573584]
 [ 0.11938068  0.30785257 -0.32214743]]","[1972. 2244.  927. 1872. 2249.  922. 1857. 2112. 1059. 2226. 2239.  932.
 2213. 2243.  928. 1970. 2248.  923.]","[1966. 2225.  930. 1890. 2228.  928. 1872. 2100. 1071. 2227. 2235.  932.
 2234. 2233.  934. 1979. 2240.  925.]","[-1.7067e+01  4.5100e+00  6.8077e+01 -6.1000e-02 -1.2210e-01  2.4410e-01
 -8.0600e-02 -3.0470e-01  9.5120e-01]",120
855,4,"[[ 0.11069737 -0.3015373   0.3284627 ]
 [ 0.29739956 -0.10940566  0.52059434]
 [-0.23893267 -0.29847772  0.33152228]
 [ 0.27202218  0.30967209 -0.32032791]
 [-0.27195928  0.2944008  -0.3355992 ]
 [ 0.12432915  0.3079478  -0.3220522 ]]","[1975. 2244.  927. 1870. 2249.  922. 1854. 2119. 1052. 2225. 2239.  932.
 2203. 2242.  929. 1966. 2248.  923.]","[1969. 2225.  930. 1887. 2228.  928. 1867. 2104. 1067. 2227. 2235.  932.
 2229. 2233.  935. 1977. 2240.  924.]","[-17.073    4.51    68.088   -0.2441  -0.1831   0.3662  -0.083   -0.3076
   0.9395]",120
856,4,"[[ 0.10623574 -0.30170055  0.32829945]
 [ 0.3004353  -0.12074927  0.50925073]
 [-0.22321893 -0.29777247  0.33222753]
 [ 0.27468054  0.30967558 -0.32032442]
 [-0.27016932  0.29453887 -0.33546113]
 [ 0.12923351  0.30804076 -0.32195924]]","[1978. 2244.  927. 1868. 2249.  922. 1852. 2126. 1045. 2224. 2240.  931.
 2193. 2242.  929. 1963. 2248.  923.]","[1970. 2225.  930. 1886. 2228.  928. 1861. 2110. 1061. 2225. 2235.  931.
 2223. 2232.  935. 1973. 2241.  924.]","[-17.089    4.51    68.11    -0.3662  -0.3052   0.6714  -0.0801  -0.3135
   0.9458]",120
857,4,"[[ 0.10174768 -0.30186319  0.32813681]
 [ 0.30192853 -0.13318005  0.49681995]
 [-0.20612816 -0.29707894  0.33292106]
 [ 0.27721977  0.30967342 -0.32032658]
 [-0.26832893  0.29467834 -0.33532166]
 [ 0.13409234  0.30813142 -0.32186858]]","[1981. 2244.  927. 1867. 2249.  922. 1851. 2134. 1037. 2222. 2240.  931.
 2182. 2241.  930. 1960. 2248.  923.]","[1970. 2226.  929. 1883. 2229.  928. 1858. 2116. 1055. 2224. 2235.  931.
 2215. 2232.  935. 1970. 2242.  924.]","[-17.106    4.51    68.154   -0.4883  -0.4272   1.2207  -0.0815  -0.3232
   0.9443]",120
858,4,"[[ 0.09723431 -0.30202519  0.32797481]
 [ 0.30204171 -0.14673129  0.48326871]
 [-0.18779991 -0.29640101  0.33359899]
 [ 0.27963936  0.30962811 -0.32037189]
 [-0.26643827  0.29481914 -0.33518086]
 [ 0.13890425  0.30821974 -0.32178026]]","[1984. 2244.  927. 1865. 2249.  922. 1851. 2143. 1028. 2221. 2240.  931.
 2170. 2241.  930. 1957. 2248.  923.]","[1972. 2227.  930. 1881. 2228.  928. 1855. 2123. 1048. 2223. 2235.  931.
 2207. 2232.  935. 1967. 2242.  923.]","[-17.128    4.51    68.22    -0.5493  -0.6104   1.8921  -0.0771  -0.3252
   0.9585]",120
859,4,"[[ 0.09269676 -0.3021865   0.3278135 ]
 [ 0.30188167 -0.16116907  0.46883093]
 [-0.16837855 -0.29574248  0.33425752]
 [ 0.28193886  0.30950627 -0.32049373]
 [-0.26449747  0.29496123 -0.33503877]
 [ 0.14366787  0.3083057  -0.3216943 ]]","[1987. 2244.  926. 1864. 2249.  922. 1851. 2153. 1018. 2220. 2240.  931.
 2157. 2240.  931. 1954. 2248.  922.]","[1974. 2228.  929. 1878. 2228.  928. 1853. 2131. 1041. 2222. 2236.  930.
 2197. 2232.  935. 1964. 2242.  923.]","[-17.15     4.515   68.313   -0.3662  -0.6104   2.6245  -0.0713  -0.3135
   0.96  ]",120
860,4,"[[ 0.08813616 -0.30234707  0.32765293]
 [ 0.30174235 -0.1761813   0.4538187 ]
 [-0.14801169 -0.29510706  0.33489294]
 [ 0.28411789  0.30932456 -0.32067544]
 [-0.26250669  0.29510457 -0.33489543]
 [ 0.14838185  0.30838926 -0.32161074]]","[1990. 2245.  926. 1862. 2249.  922. 1851. 2162. 1009. 2219. 2240.  931.
 2144. 2240.  931. 1951. 2249.  922.]","[1977. 2228.  930. 1877. 2228.  928. 1852. 2139. 1032. 2221. 2236.  929.
 2186. 2232.  935. 1961. 2242.  921.]","[-1.7161e+01  4.5210e+00  6.8428e+01 -1.8310e-01 -7.3240e-01  2.9907e+00
 -6.1500e-02 -3.0470e-01  9.1360e-01]",120
861,4,"[[ 0.08355363 -0.30250686  0.32749314]
 [ 0.30160294 -0.19189737  0.43810263]
 [-0.12684872 -0.29449834  0.33550166]
 [ 0.28617609  0.30908709 -0.32091291]
 [-0.2604661   0.29524911 -0.33475089]
 [ 0.15304486  0.30847041 -0.32152959]]","[1993. 2245.  926. 1861. 2249.  922. 1851. 2173.  998. 2217. 2240.  931.
 2130. 2239.  931. 1948. 2249.  922.]","[1978. 2227.  929. 1875. 2228.  928. 1852. 2147. 1024. 2219. 2236.  929.
 2176. 2231.  936. 1959. 2243.  920.]","[-17.166    4.521   68.544   -0.3052  -0.7935   2.5635  -0.0713  -0.2832
   0.978 ]",120
862,4,"[[ 0.07895033 -0.30266583  0.32733417]
 [ 0.30144914 -0.20834729  0.42165271]
 [-0.10503945 -0.29391977  0.33608023]
 [ 0.28811317  0.30879654 -0.32120346]
 [-0.25837589  0.29539479 -0.33460521]
 [ 0.15765558  0.3085491  -0.3214509 ]]","[1996. 2245.  926. 1860. 2249.  922. 1851. 2183.  988. 2216. 2240.  931.
 2116. 2239.  932. 1945. 2249.  922.]","[1980. 2228.  929. 1873. 2229.  928. 1852. 2157. 1015. 2218. 2236.  929.
 2164. 2231.  935. 1956. 2244.  919.]","[-17.172    4.521   68.643   -0.2441  -0.6104   1.9531  -0.0688  -0.2563
   0.9419]",120
863,4,"[[ 0.07432738 -0.30282392  0.32717608]
 [ 0.3012736  -0.22552718  0.40447282]
 [-0.0827328  -0.2933746   0.3366254 ]
 [ 0.28992891  0.30845562 -0.32154438]
 [-0.25623626  0.29554158 -0.33445842]
 [ 0.16221273  0.30862532 -0.32137468]]","[1999. 2245.  926. 1858. 2249.  922. 1851. 2195.  976. 2215. 2240.  931.
 2101. 2239.  932. 1942. 2249.  922.]","[1982. 2228.  930. 1872. 2228.  928. 1852. 2167. 1005. 2217. 2236.  930.
 2152. 2231.  935. 1953. 2245.  919.]","[-17.177    4.521   68.719   -0.3662  -0.5493   1.6479  -0.0894  -0.2622
   0.9688]",120
864,4,"[[ 0.06968595 -0.3029811   0.3270189 ]
 [ 0.30107264 -0.24342545  0.38657455]
 [-0.06007569 -0.29286594  0.33713406]
 [ 0.29162313  0.30806728 -0.32193272]
 [-0.25404742  0.29568942 -0.33431058]
 [ 0.16671505  0.30869905 -0.32130095]]","[2002. 2245.  926. 1857. 2248.  923. 1851. 2206.  965. 2213. 2240.  931.
 2087. 2238.  933. 1939. 2249.  922.]","[1984. 2228.  930. 1870. 2228.  928. 1851. 2177.  995. 2215. 2236.  930.
 2139. 2231.  935. 1949. 2245.  920.]","[-1.7183e+01  4.5150e+00  6.8774e+01 -5.4930e-01 -3.6620e-01  1.0986e+00
 -6.4900e-02 -2.5340e-01  9.4920e-01]",120
865,4,"[[ 0.06502719 -0.30313733  0.32686267]
 [ 0.30084436 -0.26202851  0.36797149]
 [-0.03721205 -0.29239666  0.33760334]
 [ 0.29319568  0.30763464 -0.32236536]
 [-0.25180959  0.29583827 -0.33416173]
 [ 0.17116129  0.30877025 -0.32122975]]","[2005. 2245.  926. 1856. 2248.  923. 1851. 2218.  953. 2212. 2240.  931.
 2072. 2238.  933. 1936. 2249.  922.]","[1987. 2227.  930. 1867. 2229.  928. 1851. 2187.  984. 2214. 2236.  930.
 2126. 2231.  935. 1946. 2246.  919.]","[-17.194    4.51    68.813   -0.5493  -0.2441   0.4883  -0.0762  -0.2676
   0.9658]",120
866,4,"[[ 0.06035225 -0.30329255  0.32670745]
 [ 0.30058776 -0.28132218  0.34867782]
 [-0.01428188 -0.29196942  0.33803058]
 [ 0.29464648  0.30716099 -0.32283901]
 [-0.249523    0.29598808 -0.33401192]
 [ 0.17555022  0.3088389  -0.3211611 ]]","[2008. 2245.  926. 1855. 2248.  923. 1852. 2231.  940. 2210. 2240.  931.
 2057. 2238.  933. 1933. 2249.  922.]","[1990. 2228.  930. 1866. 2228.  928. 1851. 2199.  972. 2212. 2236.  929.
 2113. 2231.  935. 1943. 2246.  919.]","[-1.7199e+01  4.5100e+00  6.8824e+01 -4.2720e-01 -6.1000e-02  6.1000e-02
 -8.1500e-02 -2.8860e-01  9.4780e-01]",120
867,4,"[[ 0.0556623  -0.30344673  0.32655327]
 [ 0.30030223 -0.29139176  0.33860824]
 [ 0.00857947 -0.29158663  0.33841337]
 [ 0.29597552  0.30664976 -0.32335024]
 [-0.24718792  0.2961388  -0.3338612 ]
 [ 0.17988066  0.30890499 -0.32109501]]","[2011. 2245.  926. 1855. 2247.  924. 1852. 2237.  934. 2209. 2241.  930.
 2042. 2238.  933. 1930. 2249.  922.]","[1993. 2227.  930. 1865. 2228.  928. 1851. 2211.  961. 2211. 2236.  929.
 2099. 2231.  935. 1940. 2246.  919.]","[-17.199    4.504   68.824   -0.3662   0.       0.      -0.0693  -0.2983
   0.9526]",120
868,4,"[[ 0.05095851 -0.30359983  0.32640017]
 [ 0.29998733 -0.29147429  0.33852571]
 [ 0.03124195 -0.26596889  0.36403111]
 [ 0.2971828   0.30610447 -0.32389553]
 [-0.24480461  0.29629039 -0.33370961]
 [ 0.18415141  0.30896848 -0.32103152]]","[2014. 2245.  926. 1854. 2247.  924. 1852. 2238.  933. 2207. 2241.  930.
 2027. 2221.  950. 1927. 2249.  922.]","[1996. 2228.  930. 1863. 2228.  928. 1851. 2221.  951. 2209. 2236.  929.
 2085. 2231.  935. 1937. 2246.  920.]","[-17.205    4.504   68.824   -0.3662   0.      -0.1221  -0.083   -0.3203
   0.9502]",120
869,4,"[[ 0.04624205 -0.30375181  0.32624819]
 [ 0.29964272 -0.2915594   0.3384406 ]
 [ 0.05358134 -0.19405589  0.43594411]
 [ 0.2982684   0.30552872 -0.32447128]
 [-0.24237333  0.2964428  -0.3335572 ]
 [ 0.18836132  0.30902936 -0.32097064]]","[2017. 2246.  925. 1853. 2247.  924. 1852. 2238.  933. 2206. 2241.  930.
 2013. 2174.  997. 1925. 2249.  922.]","[1999. 2228.  930. 1862. 2229.  929. 1851. 2229.  944. 2207. 2237.  929.
 2069. 2227.  939. 1935. 2247.  919.]","[-17.216    4.499   68.818   -0.1831   0.      -0.1831  -0.0752  -0.3169
   0.9375]",120
870,4,"[[ 0.04151408 -0.30390261  0.32609739]
 [ 0.2992681  -0.29164705  0.33835295]
 [ 0.07547966 -0.13467515  0.49532485]
 [ 0.29923244  0.30492616 -0.32507384]
 [-0.23989439  0.29659599 -0.33340401]
 [ 0.19250927  0.30908761 -0.32091239]]","[2020. 2246.  925. 1852. 2246.  925. 1852. 2238.  933. 2204. 2241.  930.
 1998. 2135. 1036. 1922. 2249.  922.]","[2002. 2228.  930. 1860. 2229.  929. 1852. 2232.  943. 2206. 2237.  929.
 2054. 2212.  949. 1932. 2247.  919.]","[-1.7216e+01  4.4990e+00  6.8813e+01 -1.2210e-01  0.0000e+00 -6.1000e-02
 -9.2800e-02 -3.2520e-01  9.6340e-01]",120
871,4,"[[ 0.03677578 -0.30405221  0.32594779]
 [ 0.29886318 -0.29173718  0.33826282]
 [ 0.09682551 -0.08815845  0.54184155]
 [ 0.30007508  0.30430048 -0.32569952]
 [-0.23736808  0.2967499  -0.3332501 ]
 [ 0.19659413  0.30914321 -0.32085679]]","[2024. 2246.  925. 1852. 2246.  925. 1853. 2238.  933. 2202. 2241.  930.
 1984. 2105. 1066. 1919. 2249.  922.]","[2006. 2227.  930. 1859. 2229.  929. 1852. 2230.  940. 2205. 2238.  928.
 2038. 2188.  975. 1929. 2246.  919.]","[-1.7199e+01  4.4990e+00  6.8813e+01  1.0376e+00 -1.8310e-01  0.0000e+00
 -4.3500e-02 -2.8170e-01  9.3070e-01]",120
872,4,"[[ 0.03202834 -0.30420055  0.32579945]
 [ 0.29842769 -0.29182972  0.33817028]
 [ 0.11751427 -0.05476355  0.57523645]
 [ 0.30079655  0.30365536 -0.32634464]
 [-0.23479472  0.2969045  -0.3330955 ]
 [ 0.20061484  0.30919613 -0.32080387]]","[2027. 2246.  925. 1851. 2245.  926. 1853. 2238.  933. 2201. 2241.  930.
 1971. 2083. 1088. 1917. 2249.  922.]","[2011. 2227.  931. 1857. 2230.  929. 1852. 2229.  939. 2203. 2239.  928.
 2021. 2167. 1004. 1927. 2245.  919.]","[-1.7078e+01  4.4660e+00  6.8818e+01  4.8218e+00 -1.1597e+00 -1.8310e-01
 -1.7100e-02 -2.4950e-01  1.0361e+00]",120
873,4,"[[ 0.02727294 -0.30434761  0.32565239]
 [ 0.29796134 -0.29192462  0.33807538]
 [ 0.13744827 -0.03467284  0.59532716]
 [ 0.30139717  0.30299448 -0.32700552]
 [-0.23217464  0.29705974 -0.33294026]
 [ 0.20457031  0.30924637 -0.32075363]]","[2030. 2246.  925. 1851. 2245.  926. 1853. 2238.  933. 2199. 2241.  930.
 1958. 2070. 1101. 1914. 2249.  922.]","[2017. 2227.  931. 1855. 2232.  929. 1853. 2227.  937. 2202. 2239.  929.
 2003. 2139. 1032. 1925. 2244.  920.]","[-16.743    4.395   68.78     9.4604  -1.2207  -1.77    -0.083   -0.2627
   0.9775]",120
874,4,"[[ 0.02251075 -0.30449335  0.32550665]
 [ 0.29746388 -0.29202182  0.33797818]
 [ 0.15653688 -0.0279976   0.6020024 ]
 [ 0.30187761  0.30232149 -0.32767851]
 [-0.22950819  0.29721556 -0.33278444]
 [ 0.20845952  0.3092939  -0.3207061 ]]","[2033. 2246.  925. 1851. 2245.  926. 1854. 2238.  933. 2197. 2241.  930.
 1945. 2066. 1105. 1912. 2249.  922.]","[2022. 2227.  930. 1854. 2233.  929. 1853. 2228.  936. 2200. 2239.  929.
 1988. 2116. 1056. 1923. 2243.  922.]","[-16.381    4.34    68.659    9.0942  -0.1831  -3.6011  -0.0996  -0.3213
   1.0059]",120
875,4,"[[ 0.01774296 -0.30463771  0.32536229]
 [ 0.29693504 -0.29212128  0.33787872]
 [ 0.1746965  -0.03474099  0.59525901]
 [ 0.30224     0.30164    -0.32836   ]
 [-0.22679571  0.29737194 -0.33262806]
 [ 0.21228144  0.30933871 -0.32066129]]","[2036. 2246.  925. 1850. 2244.  927. 1854. 2238.  933. 2195. 2241.  930.
 1934. 2070. 1101. 1909. 2249.  922.]","[2026. 2228.  930. 1854. 2233.  930. 1853. 2228.  935. 2199. 2239.  930.
 1974. 2098. 1076. 1921. 2243.  923.]","[-16.194    4.312   68.467    3.7231   1.0376  -5.249   -0.147   -0.3081
   0.8125]",120
876,4,"[[ 0.01297076 -0.30478067  0.32521933]
 [ 0.29637456 -0.29222292  0.33777708]
 [ 0.19185057 -0.03883259  0.59116741]
 [ 0.30249188  0.30095353 -0.32904647]
 [-0.22403757  0.29752882 -0.33247118]
 [ 0.21603509  0.30938078 -0.32061922]]","[2039. 2246.  925. 1850. 2244.  927. 1854. 2238.  933. 2194. 2241.  930.
 1922. 2073. 1098. 1907. 2249.  922.]","[2029. 2228.  930. 1853. 2233.  929. 1854. 2227.  934. 2197. 2240.  929.
 1961. 2088. 1084. 1918. 2244.  923.]","[-16.265    4.329   68.297   -2.8076   1.2207  -3.54    -0.1689  -0.2622
   0.9116]",120
877,4,"[[ 0.00819533 -0.30492218  0.32507782]
 [ 0.2957822  -0.2923267   0.3376733 ]
 [ 0.20792946 -0.04098002  0.58901998]
 [ 0.30260492  0.30026549 -0.32973451]
 [-0.22123416  0.29768615 -0.33231385]
 [ 0.21971949  0.30942011 -0.32057989]]","[2042. 2246.  925. 1850. 2243.  928. 1855. 2238.  933. 2192. 2242.  929.
 1912. 2074. 1097. 1904. 2249.  922.]","[2033. 2229.  929. 1852. 2233.  930. 1854. 2228.  934. 2195. 2240.  929.
 1947. 2082. 1089. 1915. 2243.  923.]","[-1.6320e+01  4.3620e+00  6.8253e+01 -7.9350e-01  5.4930e-01 -1.8310e-01
 -5.7100e-02 -2.7340e-01  1.0303e+00]",120
878,4,"[[ 0.00341786 -0.30506222  0.32493778]
 [ 0.29515768 -0.29243257  0.33756743]
 [ 0.22287038 -0.04345922  0.58654078]
 [ 0.301532    0.29957855 -0.33042145]
 [-0.21838588  0.2978439  -0.3321561 ]
 [ 0.22333371  0.30945666 -0.32054334]]","[2045. 2246.  925. 1851. 2243.  928. 1855. 2238.  933. 2190. 2242.  929.
 1902. 2076. 1095. 1902. 2249.  922.]","[2035. 2228.  929. 1852. 2233.  930. 1855. 2228.  934. 2194. 2240.  929.
 1935. 2080. 1093. 1913. 2244.  923.]","[-1.6287e+01  4.3890e+00  6.8275e+01  1.4038e+00  0.0000e+00  9.7660e-01
 -1.3700e-02 -3.2180e-01  9.2380e-01]",120
879,4,"[[-0.00136045 -0.30520073  0.32479927]
 [ 0.29450078 -0.29254045  0.33745955]
 [ 0.23661723 -0.04657509  0.58342491]
 [ 0.2985355   0.29889364 -0.33110636]
 [-0.21549312  0.29800202 -0.33199798]
 [ 0.22687681  0.30949045 -0.32050955]]","[2048. 2246.  925. 1853. 2242.  929. 1856. 2238.  933. 2188. 2242.  929.
 1893. 2078. 1093. 1900. 2249.  922.]","[2038. 2228.  930. 1851. 2233.  930. 1856. 2228.  934. 2192. 2240.  929.
 1923. 2079. 1093. 1910. 2243.  922.]","[-1.6293e+01  4.3950e+00  6.8313e+01 -4.2720e-01 -1.8310e-01  8.5450e-01
 -1.6100e-02 -3.1050e-01  9.1650e-01]",120
880,4,"[[-0.00613843 -0.30533769  0.32466231]
 [ 0.29381123 -0.29265031  0.33734969]
 [ 0.24912046 -0.05040569  0.57959431]
 [ 0.29365751  0.29821377 -0.33178623]
 [-0.21255631  0.29816047 -0.33183953]
 [ 0.2303479   0.30952144 -0.32047856]]","[2052. 2247.  924. 1856. 2242.  929. 1856. 2238.  933. 2186. 2242.  929.
 1885. 2080. 1091. 1897. 2249.  922.]","[2040. 2228.  930. 1852. 2233.  931. 1856. 2228.  935. 2190. 2240.  929.
 1913. 2079. 1093. 1908. 2243.  922.]","[-1.6326e+01  4.3840e+00  6.8340e+01 -6.1040e-01 -3.0520e-01  5.4930e-01
 -5.9100e-02 -2.8760e-01  9.8630e-01]",120
881,4,"[[-0.01091488 -0.30547306  0.32452694]
 [ 0.29308882 -0.29276209  0.33723791]
 [ 0.26033691 -0.05500057  0.57499943]
 [ 0.2869564   0.29754239 -0.33245761]
 [-0.20957588  0.29831919 -0.33168081]
 [ 0.23374611  0.30954963 -0.32045037]]","[2055. 2247.  924. 1860. 2241.  930. 1856. 2238.  933. 2184. 2242.  929.
 1878. 2083. 1088. 1895. 2249.  922.]","[2042. 2228.  930. 1851. 2233.  931. 1856. 2227.  935. 2188. 2240.  929.
 1903. 2079. 1092. 1906. 2244.  922.]","[-16.32     4.373   68.368    0.5493  -0.2441   0.6714  -0.0859  -0.2915
   0.9375]",120
882,4,"[[-0.01568862 -0.30560681  0.32439319]
 [ 0.29233329 -0.29287573  0.33712427]
 [ 0.27022958 -0.06040509  0.56959491]
 [ 0.2785062   0.29688295 -0.33311705]
 [-0.20655228  0.29847816 -0.33152184]
 [ 0.2370706   0.30957502 -0.32042498]]","[2058. 2247.  924. 1866. 2241.  930. 1857. 2238.  933. 2182. 2242.  929.
 1871. 2087. 1084. 1893. 2249.  922.]","[2044. 2229.  930. 1852. 2233.  932. 1857. 2228.  935. 2186. 2240.  929.
 1894. 2081. 1090. 1904. 2243.  922.]","[-1.6320e+01  4.3730e+00  6.8395e+01 -6.1000e-02 -1.8310e-01  5.4930e-01
 -1.0450e-01 -2.8270e-01  9.4820e-01]",120
883,4,"[[-0.02045845 -0.30573889  0.32426111]
 [ 0.29154441 -0.29299118  0.33700882]
 [ 0.2787675  -0.0666635   0.5633365 ]
 [ 0.26839265  0.29623885 -0.33376115]
 [-0.20348596  0.29863732 -0.33136268]
 [ 0.24032053  0.30959759 -0.32040241]]","[2061. 2247.  924. 1873. 2241.  930. 1857. 2239.  932. 2180. 2242.  929.
 1866. 2091. 1080. 1891. 2249.  922.]","[2047. 2229.  930. 1855. 2233.  932. 1857. 2228.  934. 2185. 2240.  928.
 1886. 2084. 1088. 1901. 2243.  923.]","[-1.6337e+01  4.3730e+00  6.8412e+01 -4.8830e-01 -6.1000e-02  3.6620e-01
 -9.2300e-02 -2.6560e-01  9.6240e-01]",120
884,4,"[[-0.0252232  -0.30586927  0.32413073]
 [ 0.29072197 -0.29310838  0.33689162]
 [ 0.28592552 -0.0738193   0.5561807 ]
 [ 0.25671074  0.29561343 -0.33438657]
 [-0.2003774   0.29879664 -0.33120336]
 [ 0.24349511  0.30961734 -0.32038266]]","[2064. 2247.  924. 1880. 2240.  931. 1858. 2239.  932. 2178. 2242.  929.
 1861. 2096. 1075. 1889. 2249.  922.]","[2050. 2229.  930. 1860. 2233.  933. 1858. 2228.  934. 2183. 2240.  928.
 1879. 2087. 1085. 1899. 2243.  923.]","[-1.6342e+01  4.3840e+00  6.8412e+01  6.1000e-02  1.2210e-01  0.0000e+00
 -6.8800e-02 -2.7150e-01  9.6920e-01]",120
885,4,"[[-0.02998167 -0.30599793  0.32400207]
 [ 0.28986574 -0.29322729  0.33677271]
 [ 0.29168415 -0.08191508  0.54808492]
 [ 0.24356292  0.29500991 -0.33499009]
 [-0.19722707  0.29895607 -0.33104393]
 [ 0.24659357  0.30963425 -0.32036575]]","[2067. 2247.  924. 1889. 2240.  931. 1859. 2239.  932. 2176. 2242.  929.
 1857. 2101. 1070. 1887. 2249.  922.]","[2053. 2229.  930. 1865. 2234.  933. 1858. 2228.  933. 2182. 2240.  929.
 1873. 2091. 1081. 1898. 2243.  923.]","[-1.6342e+01  4.3890e+00  6.8390e+01 -6.1000e-02  3.6620e-01 -6.7140e-01
 -6.7400e-02 -2.7340e-01  9.3990e-01]",120
886,4,"[[-0.03473268 -0.30612482  0.32387518]
 [ 0.28897551 -0.29334786  0.33665214]
 [ 0.29602934 -0.09099229  0.53900771]
 [ 0.22905769  0.29443145 -0.33556855]
 [-0.19403548  0.29911556 -0.33088444]
 [ 0.24961515  0.30964833 -0.32035167]]","[2070. 2247.  924. 1898. 2239.  932. 1859. 2239.  932. 2174. 2242.  928.
 1855. 2107. 1064. 1885. 2249.  922.]","[2056. 2229.  930. 1871. 2234.  933. 1859. 2228.  933. 2180. 2240.  929.
 1866. 2095. 1077. 1896. 2244.  923.]","[-1.6364e+01  4.4000e+00  6.8346e+01 -5.4930e-01  4.8830e-01 -1.0986e+00
 -6.3000e-02 -2.8030e-01  9.5310e-01]",120
887,4,"[[-0.03947506 -0.30624992  0.32375008]
 [ 0.28805106 -0.29347002  0.33652998]
 [ 0.29895239 -0.10109099  0.52890901]
 [ 0.2133083   0.29388104 -0.33611896]
 [-0.19080313  0.29927509 -0.33072491]
 [ 0.25255913  0.30965958 -0.32034042]]","[2073. 2247.  924. 1908. 2239.  932. 1860. 2239.  932. 2172. 2243.  928.
 1853. 2113. 1058. 1883. 2249.  922.]","[2058. 2229.  930. 1877. 2234.  934. 1859. 2228.  933. 2178. 2240.  929.
 1862. 2100. 1072. 1894. 2243.  924.]","[-1.6386e+01  4.4000e+00  6.8291e+01 -4.8830e-01  5.4930e-01 -1.4038e+00
 -6.4500e-02 -2.9880e-01  9.6140e-01]",120
888,4,"[[-0.04420762 -0.30637319  0.32362681]
 [ 0.28709219 -0.29359373  0.33640627]
 [ 0.30044849 -0.11224963  0.51775037]
 [ 0.19643162  0.29336156 -0.33663844]
 [-0.18753054  0.29943459 -0.33056541]
 [ 0.25542481  0.30966804 -0.32033196]]","[2076. 2247.  924. 1919. 2239.  932. 1860. 2239.  932. 2170. 2243.  928.
 1852. 2121. 1050. 1881. 2249.  922.]","[2061. 2229.  930. 1884. 2234.  934. 1860. 2228.  933. 2176. 2240.  930.
 1859. 2105. 1067. 1893. 2243.  924.]","[-16.403    4.406   68.231   -0.1831   0.4272  -1.3428  -0.085   -0.3091
   0.9497]",120
889,4,"[[-0.04892918 -0.3064946   0.3235054 ]
 [ 0.2860987  -0.29371895  0.33628105]
 [ 0.30060641 -0.12450371  0.50549629]
 [ 0.17854708  0.29287572 -0.33712428]
 [-0.18421825  0.29959405 -0.33040595]
 [ 0.25821151  0.30967386 -0.32032614]]","[2079. 2247.  924. 1931. 2238.  933. 1861. 2239.  932. 2168. 2243.  928.
 1852. 2129. 1042. 1879. 2249.  922.]","[2063. 2229.  930. 1895. 2234.  934. 1860. 2227.  933. 2174. 2240.  929.
 1856. 2111. 1061. 1891. 2243.  923.]","[-1.6403e+01  4.4060e+00  6.8198e+01  6.1000e-02  2.4410e-01 -7.3240e-01
 -9.5700e-02 -3.1200e-01  9.6190e-01]",120
890,4,"[[-0.05363857 -0.30661412  0.32338588]
 [ 0.28507039 -0.29384561  0.33615439]
 [ 0.30043597 -0.13768112  0.49231888]
 [ 0.1597757   0.29242605 -0.33757395]
 [-0.18086679  0.2997534  -0.3302466 ]
 [ 0.26091859  0.30967738 -0.32032262]]","[2082. 2247.  924. 1943. 2238.  933. 1862. 2239.  932. 2165. 2243.  928.
 1852. 2137. 1034. 1877. 2249.  922.]","[2066. 2230.  930. 1904. 2234.  934. 1861. 2228.  933. 2172. 2240.  929.
 1854. 2118. 1055. 1890. 2243.  924.]","[-16.392    4.411   68.198    0.4272   0.       0.      -0.0957  -0.2949
   0.9453]",120
891,4,"[[-0.05833463 -0.30673172  0.32326828]
 [ 0.28400709 -0.29397368  0.33602632]
 [ 0.30031001 -0.15142913  0.47857087]
 [ 0.14023921  0.29201492 -0.33798508]
 [-0.17747673  0.29991262 -0.33008738]
 [ 0.26354541  0.30967591 -0.32032409]]","[2086. 2247.  924. 1956. 2238.  933. 1862. 2239.  932. 2163. 2243.  928.
 1852. 2146. 1025. 1876. 2249.  922.]","[2069. 2230.  929. 1916. 2234.  934. 1862. 2228.  933. 2169. 2241.  929.
 1854. 2125. 1047. 1888. 2243.  924.]","[-1.6370e+01  4.4170e+00  6.8225e+01  4.8830e-01 -6.1000e-02  6.1040e-01
 -7.9600e-02 -2.7780e-01  9.5800e-01]",120
892,4,"[[-0.06301617 -0.30684737  0.32315263]
 [ 0.28290859 -0.29410309  0.33589691]
 [ 0.30020444 -0.16588676  0.46411324]
 [ 0.12005926  0.29164445 -0.33835555]
 [-0.17404863  0.30007166 -0.32992834]
 [ 0.26609138  0.30963472 -0.32036528]]","[2089. 2248.  923. 1969. 2238.  933. 1863. 2239.  932. 2161. 2243.  928.
 1852. 2156. 1015. 1874. 2249.  922.]","[2072. 2231.  929. 1927. 2234.  934. 1862. 2228.  933. 2167. 2240.  929.
 1854. 2132. 1039. 1886. 2243.  924.]","[-1.6348e+01  4.4220e+00  6.8258e+01  4.2720e-01 -1.2210e-01  7.9350e-01
 -6.7400e-02 -2.5540e-01  9.5510e-01]",120
893,4,"[[-0.06768204 -0.30696103  0.32303897]
 [ 0.28177474 -0.29423381  0.33576619]
 [ 0.30010095 -0.18109381  0.44890619]
 [ 0.0993567   0.28250388 -0.34749612]
 [-0.17058308  0.30023048 -0.32976952]
 [ 0.26855592  0.30951776 -0.32048224]]","[2092. 2248.  923. 1983. 2232.  939. 1864. 2239.  932. 2159. 2243.  928.
 1852. 2166. 1005. 1872. 2249.  922.]","[2075. 2231.  929. 1939. 2234.  934. 1863. 2228.  933. 2165. 2240.  929.
 1853. 2141. 1031. 1885. 2243.  924.]","[-1.6337e+01  4.4270e+00  6.8286e+01  1.8310e-01 -6.1000e-02  7.3240e-01
 -6.1500e-02 -2.5240e-01  9.6390e-01]",120
894,4,"[[-0.07233107 -0.30707269  0.32292731]
 [ 0.28060536 -0.29436578  0.33563422]
 [ 0.29998994 -0.19704771  0.43295229]
 [ 0.07825097  0.21162483 -0.41837517]
 [-0.16708066  0.30038904 -0.32961096]
 [ 0.27093848  0.30934191 -0.32065809]]","[2095. 2248.  923. 1996. 2185.  986. 1865. 2239.  932. 2156. 2243.  928.
 1852. 2176.  995. 1871. 2249.  922.]","[2078. 2232.  929. 1953. 2233.  935. 1864. 2228.  933. 2163. 2240.  928.
 1853. 2150. 1021. 1882. 2243.  924.]","[-1.6326e+01  4.4330e+00  6.8307e+01  0.0000e+00  0.0000e+00  4.2720e-01
 -6.4000e-02 -2.5000e-01  9.5510e-01]",120
895,4,"[[-0.07696212 -0.30718231  0.32281769]
 [ 0.27940028 -0.29449896  0.33550104]
 [ 0.2998665  -0.21373591  0.41626409]
 [ 0.05685956  0.15219881 -0.47780119]
 [-0.16354198  0.3005473  -0.3294527 ]
 [ 0.27323854  0.30911145 -0.32088855]]","[2098. 2248.  923. 2010. 2147. 1024. 1865. 2239.  931. 2154. 2243.  928.
 1852. 2187.  984. 1869. 2249.  922.]","[2081. 2232.  929. 1966. 2223.  947. 1865. 2228.  932. 2161. 2240.  929.
 1853. 2160. 1012. 1880. 2243.  923.]","[-1.6326e+01  4.4380e+00  6.8318e+01 -1.8310e-01  0.0000e+00  3.6620e-01
 -6.4900e-02 -2.7050e-01  9.6040e-01]",120
896,4,"[[-0.08157402 -0.30728986  0.32271014]
 [ 0.27815936 -0.29463329  0.33536671]
 [ 0.29972812 -0.2311432   0.3988568 ]
 [ 0.03529749  0.10453618 -0.52546382]
 [-0.15996765  0.30070523 -0.32929477]
 [ 0.27545559  0.30882903 -0.32117097]]","[2101. 2248.  923. 2024. 2116. 1055. 1866. 2240.  931. 2152. 2244.  927.
 1852. 2198.  973. 1868. 2249.  922.]","[2083. 2232.  928. 1981. 2200.  971. 1865. 2228.  932. 2158. 2239.  928.
 1853. 2169. 1004. 1878. 2243.  924.]","[-1.6326e+01  4.4440e+00  6.8329e+01 -2.4410e-01  6.1000e-02  3.0520e-01
 -8.2000e-02 -2.7340e-01  9.4090e-01]",120
897,4,"[[-0.08616564 -0.30739533  0.32260467]
 [ 0.27688243 -0.29476874  0.33523126]
 [ 0.29957349 -0.24925355  0.38074645]
 [ 0.01367699  0.06888551 -0.56111449]
 [-0.15635831  0.30086278 -0.32913722]
 [ 0.27758916  0.3084973  -0.3215027 ]]","[2104. 2248.  923. 2039. 2092. 1079. 1867. 2240.  931. 2149. 2244.  927.
 1852. 2210.  961. 1867. 2249.  922.]","[2086. 2232.  927. 1999. 2172.  999. 1867. 2229.  929. 2155. 2239.  927.
 1853. 2176.  996. 1877. 2243.  924.]","[-16.359    4.488   68.357   -1.0376   0.7935   0.9766  -0.1069  -0.2544
   0.8525]",120
898,4,"[[-0.09073582 -0.30749867  0.32250133]
 [ 0.27556937 -0.29490526  0.33509474]
 [ 0.2994019  -0.26805062  0.36194938]
 [-0.00789294  0.04543232 -0.58456768]
 [-0.15271458  0.30101991 -0.32898009]
 [ 0.2796388   0.30811911 -0.32188089]]","[2107. 2248.  923. 2053. 2077. 1094. 1868. 2240.  931. 2147. 2244.  927.
 1852. 2222.  949. 1865. 2248.  923.]","[2089. 2232.  927. 2011. 2144. 1027. 1867. 2230.  928. 2151. 2239.  926.
 1853. 2186.  985. 1873. 2243.  924.]","[-1.6474e+01  4.5700e+00  6.8406e+01 -3.1738e+00  1.5869e+00  1.7700e+00
 -6.2500e-02 -2.3190e-01  8.7740e-01]",120
899,4,"[[-0.09528343 -0.30759988  0.32240012]
 [ 0.27422003 -0.2950428   0.3349572 ]
 [ 0.29921294 -0.287518    0.342482  ]
 [-0.0293067   0.03429859 -0.59570141]
 [-0.14903712  0.30117659 -0.32882341]
 [ 0.28160409  0.3076975  -0.3223025 ]]","[2110. 2248.  923. 2067. 2070. 1101. 1869. 2240.  931. 2145. 2244.  927.
 1852. 2235.  936. 1864. 2248.  923.]","[2093. 2232.  927. 2025. 2119. 1051. 1869. 2231.  928. 2147. 2239.  926.
 1854. 2196.  975. 1871. 2243.  924.]","[-1.6622e+01  4.6140e+00  6.8423e+01 -4.2114e+00  9.1550e-01  6.7140e-01
 -5.8100e-02 -2.5290e-01  1.1465e+00]",120
900,4,"[[-0.09980735 -0.30769891  0.32230109]
 [ 0.27283429 -0.29518131  0.33481869]
 [ 0.29900634 -0.29141715  0.33858285]
 [-0.05046242  0.03575052 -0.59424948]
 [-0.14532659  0.30133278 -0.32866722]
 [ 0.28348462  0.3072356  -0.3227644 ]]","[2113. 2248.  923. 2080. 2071. 1100. 1870. 2240.  931. 2142. 2244.  927.
 1853. 2237.  933. 1863. 2248.  923.]","[2097. 2232.  926. 2040. 2101. 1070. 1869. 2233.  930. 2145. 2238.  926.
 1854. 2206.  965. 1870. 2244.  925.]","[-16.683    4.609   68.412   -2.0752   0.      -0.2441  -0.0957  -0.2549
   1.0195]",120
901,4,"[[-0.10430644 -0.30779575  0.32220425]
 [ 0.27141202 -0.29532076  0.33467924]
 [ 0.29878191 -0.29150018  0.33849982]
 [-0.07126204  0.04253486 -0.58746514]
 [-0.14158365  0.30148844 -0.32851156]
 [ 0.28528001  0.30673672 -0.32326328]]","[2115. 2248.  923. 2094. 2075. 1096. 1871. 2240.  931. 2140. 2244.  927.
 1853. 2238.  933. 1862. 2247.  924.]","[2101. 2232.  926. 2054. 2089. 1082. 1870. 2234.  930. 2144. 2237.  926.
 1854. 2213.  958. 1868. 2243.  925.]","[-16.699    4.609   68.395   -0.7935   0.1831  -0.4272  -0.0854  -0.3062
   0.8535]",120
902,4,"[[-0.10877959 -0.30789038  0.32210962]
 [ 0.26995311 -0.29546109  0.33453891]
 [ 0.29853949 -0.2915857   0.3384143 ]
 [-0.09161156  0.04389471 -0.58610529]
 [-0.13780899  0.30164353 -0.32835647]
 [ 0.28698993  0.30620421 -0.32379579]]","[2118. 2248.  923. 2107. 2076. 1095. 1872. 2240.  931. 2137. 2244.  927.
 1853. 2238.  933. 1860. 2247.  924.]","[2105. 2232.  925. 2069. 2083. 1088. 1870. 2236.  929. 2141. 2237.  928.
 1854. 2217.  953. 1866. 2243.  926.]","[-16.87     4.675   68.34    -4.4556   1.8311  -0.8545  -0.1123  -0.3296
   0.8984]",120
903,4,"[[-0.11322568 -0.30798276  0.32201724]
 [ 0.26845746 -0.29560227  0.33439773]
 [ 0.29827894 -0.29167364  0.33832636]
 [-0.11142103  0.04497964 -0.58502036]
 [-0.1340033   0.30179802 -0.32820198]
 [ 0.28861404  0.30564151 -0.32435849]]","[2121. 2248.  923. 2120. 2077. 1094. 1872. 2240.  931. 2135. 2244.  927.
 1853. 2238.  933. 1859. 2247.  924.]","[2109. 2232.  925. 2083. 2081. 1091. 1871. 2237.  930. 2140. 2236.  929.
 1855. 2220.  948. 1864. 2244.  926.]","[-1.7056e+01  4.7410e+00  6.8242e+01 -4.8218e+00  2.2583e+00 -1.7700e+00
 -6.0100e-02 -2.8470e-01  9.9320e-01]",120
904,4,"[[-0.11764362 -0.30807288  0.32192712]
 [ 0.26692497 -0.29574425  0.33425575]
 [ 0.29800012 -0.29176394  0.33823606]
 [-0.13060471  0.0464181  -0.5835819 ]
 [-0.13016729  0.30195187 -0.32804813]
 [ 0.29015204  0.3050521  -0.3249479 ]]","[2124. 2248.  923. 2133. 2078. 1093. 1873. 2240.  931. 2132. 2244.  927.
 1853. 2238.  933. 1858. 2246.  925.]","[2112. 2232.  925. 2096. 2079. 1092. 1872. 2238.  929. 2138. 2235.  929.
 1855. 2222.  946. 1863. 2243.  925.]","[-17.177    4.779   68.088   -2.1973   1.9531  -3.8452  -0.1118  -0.3359
   0.9131]",120
905,4,"[[-0.12203229 -0.30816072  0.32183928]
 [ 0.26535554 -0.29588699  0.33411301]
 [ 0.2977029  -0.29185652  0.33814348]
 [-0.14908107  0.0483224  -0.5816776 ]
 [-0.12630166  0.30210504 -0.32789496]
 [ 0.29160367  0.30443947 -0.32556053]]","[2127. 2248.  923. 2145. 2079. 1092. 1875. 2240.  931. 2130. 2244.  927.
 1853. 2238.  933. 1857. 2246.  925.]","[2116. 2232.  921. 2109. 2079. 1092. 1872. 2238.  929. 2138. 2235.  930.
 1855. 2224.  943. 1862. 2244.  926.]","[-17.276    4.812   67.923   -1.9531   1.709   -2.9907  -0.1382  -0.3716
   0.9395]",120
906,4,"[[-0.12639061 -0.30824626  0.32175374]
 [ 0.26374911 -0.29603044  0.33396956]
 [ 0.29738713 -0.29195134  0.33804866]
 [-0.16677287  0.0507412  -0.5792588 ]
 [-0.12240714  0.3022575  -0.3277425 ]
 [ 0.29296866  0.30380713 -0.32619287]]","[2130. 2248.  923. 2156. 2081. 1090. 1876. 2240.  930. 2127. 2245.  926.
 1854. 2238.  933. 1857. 2246.  925.]","[2119. 2233.  920. 2121. 2080. 1092. 1873. 2239.  929. 2135. 2234.  930.
 1855. 2224.  942. 1861. 2244.  927.]","[-17.364    4.85    67.808   -1.2207   1.1597  -1.2207  -0.1138  -0.3569
   0.978 ]",120
907,4,"[[-0.13071749 -0.30832947  0.32167053]
 [ 0.26210559 -0.29617457  0.33382543]
 [ 0.29705268 -0.29204832  0.33795168]
 [-0.18360712  0.05371497 -0.57628503]
 [-0.11848445  0.30240922 -0.32759078]
 [ 0.2942468   0.30315858 -0.32684142]]","[2133. 2248.  922. 2167. 2083. 1088. 1877. 2241.  930. 2125. 2245.  926.
 1854. 2238.  933. 1856. 2245.  926.]","[2121. 2233.  919. 2134. 2080. 1091. 1875. 2239.  929. 2133. 2234.  930.
 1855. 2224.  941. 1859. 2243.  927.]","[-17.419    4.889   67.758   -0.1221   0.4272   0.2441  -0.0796  -0.3296
   0.9429]",120
908,4,"[[-0.13501186 -0.30841033  0.32158967]
 [ 0.26042491 -0.29631933  0.33368067]
 [ 0.2966994  -0.29214739  0.33785261]
 [-0.19951512  0.05728348 -0.57271652]
 [-0.11453436  0.30256014 -0.32743986]
 [ 0.29543788  0.30249728 -0.32750272]]","[2136. 2249.  922. 2178. 2085. 1086. 1878. 2241.  930. 2122. 2245.  926.
 1854. 2238.  933. 1855. 2245.  926.]","[2124. 2234.  920. 2146. 2082. 1090. 1876. 2239.  930. 2131. 2234.  930.
 1856. 2224.  940. 1858. 2243.  927.]","[-1.7430e+01  4.9160e+00  6.7775e+01  1.8310e-01  6.1000e-02  1.0376e+00
 -3.0800e-02 -3.0220e-01  9.7800e-01]",120
909,4,"[[-0.13927265 -0.30848883  0.32151117]
 [ 0.25870703 -0.29646469  0.33353531]
 [ 0.29632716 -0.29224851  0.33775149]
 [-0.21443246  0.06148707 -0.56851293]
 [-0.11055759  0.30271025 -0.32728975]
 [ 0.29654172  0.30182667 -0.32817333]]","[2138. 2249.  922. 2187. 2088. 1083. 1879. 2241.  930. 2120. 2245.  926.
 1854. 2238.  933. 1854. 2244.  927.]","[2126. 2234.  920. 2157. 2083. 1088. 1877. 2240.  930. 2127. 2234.  930.
 1855. 2224.  940. 1857. 2243.  929.]","[-1.7424e+01  4.9330e+00  6.7808e+01  4.8830e-01  0.0000e+00  6.7140e-01
  9.3000e-03 -2.7590e-01  9.4920e-01]",120
910,4,"[[-0.1434988  -0.30856495  0.32143505]
 [ 0.2569519  -0.29661059  0.33338941]
 [ 0.2959358  -0.29235161  0.33764839]
 [-0.22829899  0.06636667 -0.56363333]
 [-0.10655492  0.30285951 -0.32714049]
 [ 0.29755819  0.30115011 -0.32884989]]","[2141. 2249.  922. 2196. 2091. 1080. 1880. 2241.  930. 2117. 2245.  926.
 1855. 2238.  933. 1854. 2244.  927.]","[2128. 2234.  921. 2168. 2086. 1085. 1878. 2240.  929. 2125. 2234.  930.
 1855. 2224.  940. 1857. 2242.  929.]","[-1.7408e+01  4.9270e+00  6.7830e+01  1.2210e-01  6.1000e-02  0.0000e+00
 -9.3000e-03 -2.7200e-01  9.4430e-01]",120
911,4,"[[-0.14768926 -0.30863866  0.32136134]
 [ 0.25515946 -0.29675701  0.33324299]
 [ 0.29552517 -0.29245662  0.33754338]
 [-0.24105885  0.07196381 -0.55803619]
 [-0.10252712  0.30300787 -0.32699213]
 [ 0.29848715  0.30047095 -0.32952905]]","[2144. 2249.  922. 2205. 2094. 1077. 1881. 2241.  930. 2114. 2245.  926.
 1855. 2238.  933. 1853. 2243.  928.]","[2131. 2234.  921. 2178. 2088. 1084. 1879. 2240.  929. 2123. 2234.  930.
 1856. 2224.  940. 1856. 2242.  929.]","[-17.408    4.911   67.819   -0.1221   0.      -0.6714  -0.0728  -0.2832
   0.9536]",120
912,4,"[[-0.15184299 -0.30870996  0.32129004]
 [ 0.25332971 -0.29690391  0.33309609]
 [ 0.29509513 -0.2925635   0.3374365 ]
 [-0.25266044  0.07832041 -0.55167959]
 [-0.09847497  0.30315532 -0.32684468]
 [ 0.29932849  0.29979242 -0.33020758]]","[2146. 2249.  922. 2212. 2099. 1072. 1882. 2241.  930. 2112. 2245.  926.
 1855. 2238.  933. 1852. 2243.  928.]","[2134. 2234.  921. 2189. 2092. 1080. 1880. 2240.  929. 2119. 2234.  930.
 1857. 2224.  940. 1855. 2242.  929.]","[-1.7413e+01  4.8890e+00  6.7797e+01 -1.8310e-01  6.1000e-02 -6.1040e-01
 -1.1520e-01 -2.9830e-01  9.4040e-01]",120
913,4,"[[-0.15595895 -0.30877882  0.32122118]
 [ 0.25146261 -0.29705123  0.33294877]
 [ 0.29464551 -0.29267216  0.33732784]
 [-0.26305643  0.08547859 -0.54452141]
 [-0.09439925  0.30330181 -0.32669819]
 [ 0.30008215  0.2991177  -0.3308823 ]]","[2149. 2249.  922. 2219. 2103. 1068. 1884. 2241.  930. 2109. 2245.  926.
 1855. 2238.  933. 1852. 2242.  928.]","[2135. 2233.  921. 2196. 2094. 1078. 1881. 2240.  929. 2118. 2234.  929.
 1857. 2224.  941. 1854. 2242.  929.]","[-1.7419e+01  4.8720e+00  6.7775e+01 -1.2210e-01  6.1000e-02 -3.0520e-01
 -1.2500e-01 -3.0960e-01  9.5700e-01]",120
914,4,"[[-0.16003612 -0.30884524  0.32115476]
 [ 0.24955814 -0.29719896  0.33280104]
 [ 0.29417616 -0.29278257  0.33721743]
 [-0.27220379  0.09348044 -0.53651956]
 [-0.09030077  0.30344731 -0.32655269]
 [ 0.30074807  0.2984499  -0.3315501 ]]","[2152. 2249.  922. 2225. 2108. 1063. 1885. 2241.  930. 2106. 2245.  926.
 1856. 2238.  933. 1851. 2242.  929.]","[2137. 2234.  921. 2204. 2098. 1074. 1882. 2240.  929. 2115. 2234.  930.
 1857. 2224.  940. 1853. 2241.  930.]","[-1.7424e+01  4.8720e+00  6.7764e+01  1.2210e-01 -6.1000e-02  0.0000e+00
 -1.2260e-01 -3.0710e-01  9.5070e-01]",120
915,4,"[[-0.16407348 -0.30890919  0.32109081]
 [ 0.24761632 -0.29734704  0.33265296]
 [ 0.29368692 -0.29289466  0.33710534]
 [-0.28006378  0.10236784 -0.52763216]
 [-0.08618033  0.30359179 -0.32640821]
 [ 0.30132624  0.29779203 -0.33220797]]","[2154. 2249.  922. 2230. 2114. 1057. 1886. 2241.  930. 2104. 2245.  926.
 1856. 2238.  933. 1851. 2242.  929.]","[2141. 2234.  921. 2214. 2103. 1069. 1884. 2240.  930. 2112. 2234.  930.
 1858. 2225.  939. 1852. 2241.  930.]","[-17.413    4.872   67.769    0.1831  -0.1221   0.4883  -0.1143  -0.3071
   0.9321]",120
916,4,"[[-0.16807004 -0.30897066  0.32102934]
 [ 0.24563714 -0.29749544  0.33250456]
 [ 0.29317763 -0.29300837  0.33699163]
 [-0.286602    0.11218221 -0.51781779]
 [-0.08203875  0.30373521 -0.32626479]
 [ 0.30181673  0.29714701 -0.33285299]]","[2157. 2249.  922. 2234. 2121. 1050. 1887. 2241.  930. 2101. 2246.  925.
 1856. 2239.  932. 1851. 2241.  930.]","[2142. 2234.  920. 2220. 2108. 1064. 1885. 2240.  929. 2110. 2234.  930.
 1858. 2224.  939. 1851. 2240.  930.]","[-1.7408e+01  4.8780e+00  6.7791e+01  6.1000e-02 -6.1000e-02  7.3240e-01
 -8.8900e-02 -3.1050e-01  9.5260e-01]",120
917,4,"[[-0.17202479 -0.30902963  0.32097037]
 [ 0.24362061 -0.29764413  0.33235587]
 [ 0.29264813 -0.29312365  0.33687635]
 [-0.29178845  0.12296429 -0.50703571]
 [-0.07787684  0.30387755 -0.32612245]
 [ 0.30221987  0.29651766 -0.33348234]]","[2160. 2249.  922. 2238. 2128. 1043. 1889. 2242.  929. 2098. 2246.  925.
 1857. 2239.  932. 1850. 2241.  930.]","[2145. 2235.  921. 2224. 2112. 1059. 1886. 2240.  930. 2107. 2234.  930.
 1858. 2224.  939. 1850. 2240.  931.]","[-1.7397e+01  4.8940e+00  6.7824e+01  1.8310e-01 -6.1000e-02  7.3240e-01
 -7.8100e-02 -3.1050e-01  9.5510e-01]",120
918,4,"[[-0.17593676 -0.3090861   0.3209139 ]
 [ 0.24156678 -0.29779306  0.33220694]
 [ 0.29209824 -0.29324043  0.33675957]
 [-0.29559756  0.1347539  -0.4952461 ]
 [-0.07369544  0.30401877 -0.32598123]
 [ 0.30253696  0.2959067  -0.3340933 ]]","[2162. 2249.  922. 2240. 2135. 1036. 1890. 2242.  929. 2096. 2246.  925.
 1857. 2239.  932. 1850. 2240.  931.]","[2147. 2235.  921. 2229. 2119. 1053. 1886. 2240.  929. 2105. 2234.  929.
 1858. 2225.  939. 1849. 2239.  931.]","[-1.7391e+01  4.9000e+00  6.7852e+01  1.8310e-01 -1.2210e-01  7.3240e-01
 -6.0500e-02 -3.0860e-01  9.3260e-01]",120
919,4,"[[-0.17980497 -0.30914005  0.32085995]
 [ 0.23947565 -0.29794221  0.33205779]
 [ 0.29152781 -0.29335868  0.33664132]
 [-0.29800825  0.1475897  -0.4824103 ]
 [-0.0694954   0.30415883 -0.32584117]
 [ 0.30277233  0.29531678 -0.33468322]]","[2165. 2249.  922. 2242. 2144. 1027. 1891. 2242.  929. 2093. 2246.  925.
 1857. 2239.  932. 1850. 2240.  931.]","[2149. 2235.  921. 2233. 2125. 1047. 1889. 2241.  929. 2102. 2234.  930.
 1859. 2225.  938. 1849. 2239.  931.]","[-1.7386e+01  4.9050e+00  6.7879e+01  0.0000e+00  0.0000e+00  5.4930e-01
 -6.3000e-02 -3.0220e-01  9.5360e-01]",120
920,4,"[[-0.18362846 -0.30919148  0.32080852]
 [ 0.23734729 -0.29809153  0.33190847]
 [ 0.29093666 -0.29347832  0.33652168]
 [-0.29899823  0.16150894 -0.46849106]
 [-0.06527755  0.30429772 -0.32570228]
 [ 0.30293306  0.29475036 -0.33524964]]","[2167. 2249.  922. 2242. 2153. 1018. 1893. 2242.  929. 2090. 2246.  925.
 1858. 2239.  932. 1850. 2240.  931.]","[2152. 2235.  920. 2237. 2133. 1040. 1890. 2241.  929. 2100. 2234.  930.
 1859. 2224.  938. 1849. 2238.  932.]","[-17.38     4.911   67.896    0.1831   0.       0.1221  -0.0693  -0.3027
   0.9556]",120
921,4,"[[-0.18740627 -0.30924036  0.32075964]
 [ 0.23518175 -0.29824099  0.33175901]
 [ 0.29032462 -0.29359931  0.33640069]
 [-0.29890733  0.17653543 -0.45346457]
 [-0.06104275  0.3044354  -0.3255646 ]
 [ 0.30262481  0.29420966 -0.33579034]]","[2170. 2249.  922. 2242. 2163. 1008. 1894. 2242.  929. 2087. 2246.  925.
 1858. 2239.  932. 1850. 2239.  932.]","[2153. 2235.  920. 2239. 2141. 1032. 1892. 2241.  929. 2097. 2234.  930.
 1860. 2224.  938. 1849. 2238.  932.]","[-1.7380e+01  4.9050e+00  6.7896e+01  6.1000e-02  0.0000e+00 -6.1000e-02
 -9.0300e-02 -3.0130e-01  9.2970e-01]",120
922,4,"[[-0.19113747 -0.30928668  0.32071332]
 [ 0.23297909 -0.29839055  0.33160945]
 [ 0.28969153 -0.2937216   0.3362784 ]
 [-0.29874934  0.19230456 -0.43769544]
 [-0.05679186  0.30457183 -0.32542817]
 [ 0.30062561  0.29369526 -0.33630474]]","[2172. 2249.  922. 2242. 2173.  998. 1896. 2242.  929. 2085. 2246.  925.
 1859. 2239.  932. 1852. 2239.  932.]","[2156. 2235.  920. 2240. 2149. 1023. 1893. 2241.  929. 2094. 2234.  930.
 1860. 2224.  938. 1848. 2238.  932.]","[-1.7380e+01  4.9050e+00  6.7896e+01 -6.1000e-02  0.0000e+00  0.0000e+00
 -9.2800e-02 -2.9980e-01  9.5170e-01]",120
923,4,"[[-0.19482114 -0.30933045  0.32066955]
 [ 0.23073937 -0.29854018  0.33145982]
 [ 0.2890372  -0.29384513  0.33615487]
 [-0.29862615  0.20866314 -0.42133686]
 [-0.05252575  0.30470699 -0.32529301]
 [ 0.29684635  0.29320965 -0.33679035]]","[2175. 2249.  922. 2242. 2184.  987. 1897. 2242.  929. 2082. 2246.  925.
 1859. 2239.  932. 1854. 2239.  932.]","[2158. 2235.  921. 2241. 2158. 1014. 1894. 2241.  929. 2092. 2234.  929.
 1861. 2225.  938. 1849. 2238.  932.]","[-1.7380e+01  4.9050e+00  6.7896e+01  0.0000e+00 -6.1000e-02  6.1000e-02
 -9.6700e-02 -2.9830e-01  9.5460e-01]",120
924,4,"[[-0.19845635 -0.30937165  0.32062835]
 [ 0.2284627  -0.29868985  0.33131015]
 [ 0.28836146 -0.29396985  0.33603015]
 [-0.2985134   0.22569665 -0.40430335]
 [-0.0482453   0.30484085 -0.32515915]
 [ 0.29134109  0.29275599 -0.33724401]]","[2177. 2249.  922. 2242. 2195.  976. 1899. 2242.  929. 2079. 2246.  925.
 1860. 2239.  932. 1858. 2238.  933.]","[2161. 2235.  921. 2240. 2168. 1004. 1896. 2241.  929. 2090. 2234.  930.
 1861. 2225.  937. 1850. 2238.  933.]","[-17.38     4.905   67.906    0.      -0.1221   0.3052  -0.0889  -0.3008
   0.9438]",120
925,4,"[[-0.20204219 -0.30941026  0.32058974]
 [ 0.22614915 -0.29883953  0.33116047]
 [ 0.28766413 -0.29409571  0.33590429]
 [-0.29839695  0.243416   -0.386584  ]
 [-0.04395138  0.30497338 -0.32502662]
 [ 0.2841745   0.2923366  -0.3376634 ]]","[2179. 2249.  922. 2242. 2206.  965. 1900. 2242.  929. 2076. 2246.  925.
 1860. 2239.  932. 1862. 2238.  933.]","[2162. 2235.  921. 2241. 2178.  994. 1897. 2241.  929. 2087. 2234.  930.
 1862. 2224.  937. 1852. 2237.  934.]","[-1.7380e+01  4.9050e+00  6.7923e+01  0.0000e+00 -6.1000e-02  3.0520e-01
 -8.8400e-02 -3.0220e-01  9.4680e-01]",120
926,4,"[[-0.20557779 -0.3094463   0.3205537 ]
 [ 0.22379884 -0.29898917  0.33101083]
 [ 0.28694504 -0.29422267  0.33577733]
 [-0.29826963  0.26181178 -0.36818822]
 [-0.03964489  0.30510455 -0.32489545]
 [ 0.2754202   0.29195349 -0.33804651]]","[2182. 2249.  922. 2242. 2218.  953. 1902. 2242.  929. 2073. 2246.  925.
 1860. 2239.  932. 1868. 2238.  933.]","[2166. 2235.  921. 2241. 2186.  984. 1899. 2241.  929. 2084. 2234.  930.
 1862. 2225.  937. 1856. 2237.  934.]","[-1.7380e+01  4.9110e+00  6.7934e+01 -6.1000e-02  0.0000e+00  1.8310e-01
 -8.0100e-02 -3.0760e-01  9.4580e-01]",120
927,4,"[[-0.20906225 -0.30947974  0.32052026]
 [ 0.22141187 -0.29913874  0.33086126]
 [ 0.28620402 -0.29435066  0.33564934]
 [-0.29812792  0.28086992 -0.34913008]
 [-0.03532672  0.30523433 -0.32476567]
 [ 0.2651591   0.29160852 -0.33839148]]","[2184. 2249.  922. 2242. 2231.  940. 1903. 2243.  928. 2071. 2246.  924.
 1861. 2239.  932. 1875. 2238.  933.]","[2167. 2235.  921. 2241. 2194.  977. 1901. 2241.  929. 2082. 2234.  930.
 1862. 2225.  936. 1858. 2236.  934.]","[-17.38     4.911   67.934    0.       0.      -0.1221  -0.0747  -0.3013
   0.9482]",120
928,4,"[[-0.21249472 -0.30951058  0.32048942]
 [ 0.21898838 -0.29928822  0.33071178]
 [ 0.28544088 -0.29447966  0.33552034]
 [-0.29797016  0.29138889 -0.33861111]
 [-0.03099777  0.3053627  -0.3246373 ]
 [ 0.25347814  0.27918732 -0.35081268]]","[2186. 2249.  922. 2242. 2237.  934. 1905. 2243.  928. 2068. 2247.  924.
 1861. 2239.  931. 1882. 2230.  941.]","[2170. 2235.  922. 2242. 2203.  967. 1902. 2241.  929. 2078. 2234.  929.
 1862. 2225.  936. 1863. 2236.  934.]","[-17.375    4.9     67.923    0.4883  -0.3052  -0.6104  -0.0781  -0.3164
   1.0117]",120
929,4,"[[-0.21587433 -0.30953881  0.32046119]
 [ 0.21652849 -0.29943757  0.33056243]
 [ 0.28465544 -0.29460959  0.33539041]
 [-0.2977956   0.29147024 -0.33852976]
 [-0.02665894  0.30548962 -0.32451038]
 [ 0.24046928  0.21320926 -0.41679074]]","[2188. 2249.  922. 2242. 2238.  933. 1906. 2243.  928. 2065. 2247.  924.
 1862. 2240.  931. 1891. 2186.  984.]","[2173. 2235.  925. 2242. 2212.  959. 1903. 2241.  928. 2076. 2235.  929.
 1863. 2225.  935. 1867. 2234.  936.]","[-1.7347e+01  4.8830e+00  6.7901e+01  9.7660e-01 -1.2210e-01 -5.4930e-01
 -5.1300e-02 -2.9540e-01  8.5790e-01]",120
930,4,"[[-0.21920025 -0.30956444  0.32043556]
 [ 0.21403235 -0.29958676  0.33041324]
 [ 0.28384752 -0.29474044  0.33525956]
 [-0.29760394  0.29155405 -0.33844595]
 [-0.02231116  0.30561507 -0.32438493]
 [ 0.22622852  0.15786708 -0.47213292]]","[2190. 2249.  922. 2242. 2238.  933. 1908. 2243.  928. 2062. 2247.  924.
 1862. 2240.  931. 1900. 2150. 1021.]","[2175. 2235.  926. 2243. 2216.  955. 1905. 2241.  928. 2073. 2235.  928.
 1864. 2225.  935. 1873. 2223.  946.]","[-1.7292e+01  4.8450e+00  6.7874e+01  2.0142e+00 -9.1550e-01 -1.3428e+00
 -6.0500e-02 -3.4330e-01  1.1699e+00]",120
931,4,"[[-0.22247165 -0.30958745  0.32041255]
 [ 0.21150012 -0.29973576  0.33026424]
 [ 0.28301695 -0.29487213  0.33512787]
 [-0.29739512  0.29164025 -0.33835975]
 [-0.01795533  0.30573902 -0.32426098]
 [ 0.21085514  0.11342926 -0.51657074]]","[2193. 2249.  922. 2241. 2238.  933. 1910. 2243.  928. 2059. 2247.  924.
 1863. 2240.  931. 1910. 2121. 1050.]","[2178. 2235.  926. 2243. 2219.  952. 1906. 2242.  928. 2070. 2235.  928.
 1864. 2224.  935. 1881. 2200.  970.]","[-1.7188e+01  4.7850e+00  6.7830e+01  3.4180e+00 -9.7660e-01 -1.5869e+00
 -1.7100e-02 -2.9640e-01  7.9490e-01]",120
932,4,"[[-0.22568772 -0.30960785  0.32039215]
 [ 0.20893196 -0.29988453  0.33011547]
 [ 0.28216355 -0.29500464  0.33499536]
 [-0.29716916  0.29172879 -0.33827121]
 [-0.01359238  0.30586145 -0.32413855]
 [ 0.19445087  0.08011225 -0.54988775]]","[2195. 2249.  922. 2241. 2238.  933. 1911. 2243.  928. 2056. 2247.  924.
 1864. 2240.  931. 1921. 2100. 1071.]","[2181. 2236.  926. 2241. 2221.  949. 1906. 2243.  930. 2068. 2235.  928.
 1865. 2224.  935. 1892. 2175.  996.]","[-17.084    4.735   67.769    2.4414   0.      -1.8311  -0.1011  -0.3228
   0.9561]",120
933,4,"[[-0.22884766 -0.30962563  0.32037437]
 [ 0.20632805 -0.30003305  0.32996695]
 [ 0.28128712 -0.29513791  0.33486209]
 [-0.29692616  0.2918196  -0.3381804 ]
 [-0.00922324  0.30598233 -0.32401767]
 [ 0.17711924  0.05807937 -0.57192063]]","[2197. 2249.  922. 2241. 2238.  933. 1913. 2243.  928. 2054. 2247.  924.
 1864. 2240.  931. 1932. 2085. 1086.]","[2184. 2238.  925. 2240. 2223.  947. 1907. 2245.  931. 2065. 2235.  928.
 1865. 2224.  935. 1904. 2150. 1023.]","[-16.974    4.73    67.725    3.6621   0.7935   0.      -0.1758  -0.3379
   0.9668]",120
934,4,"[[-0.23195067 -0.30964079  0.32035921]
 [ 0.20368858 -0.30018129  0.32981871]
 [ 0.28038751 -0.29527191  0.33472809]
 [-0.29666623  0.29191263 -0.33808737]
 [-0.00484883  0.30610164 -0.32389836]
 [ 0.15896495  0.04744056 -0.58255944]]","[2199. 2249.  922. 2241. 2238.  933. 1915. 2243.  928. 2051. 2247.  924.
 1865. 2240.  931. 1944. 2078. 1093.]","[2186. 2240.  924. 2240. 2225.  946. 1909. 2244.  930. 2062. 2235.  928.
 1866. 2224.  936. 1916. 2127. 1046.]","[-16.837    4.768   67.791    3.54    -0.2441   3.418   -0.165   -0.3398
   0.9067]",120
935,4,"[[-2.34996000e-01 -3.09653327e-01  3.20346673e-01]
 [ 2.01013738e-01 -3.00329207e-01  3.29670793e-01]
 [ 2.79464514e-01 -2.95406593e-01  3.34593407e-01]
 [-2.96389473e-01  2.92007792e-01 -3.37992208e-01]
 [-4.70102202e-04  3.06219337e-01 -3.23780663e-01]
 [ 1.40093279e-01  4.84543759e-02 -5.81545624e-01]]","[2201. 2249.  922. 2241. 2238.  933. 1916. 2243.  928. 2048. 2247.  924.
 1865. 2240.  931. 1956. 2079. 1092.]","[2189. 2240.  924. 2240. 2225.  945. 1915. 2244.  929. 2058. 2234.  928.
 1866. 2224.  936. 1929. 2105. 1068.]","[-16.738    4.807   67.972    1.6479  -1.2817   5.5542  -0.0972  -0.2896
   0.9277]",120
936,4,"[[-0.23798288 -0.30966327  0.32033673]
 [ 0.19830374 -0.30047678  0.32952322]
 [ 0.27851797 -0.29554191  0.33445809]
 [-0.29609602  0.29210504 -0.33789496]
 [ 0.00391202  0.30633541 -0.32366459]
 [ 0.12060961  0.05444512 -0.57555488]]","[2203. 2249.  922. 2241. 2238.  933. 1918. 2243.  928. 2045. 2247.  924.
 1866. 2240.  931. 1969. 2083. 1088.]","[2191. 2241.  923. 2240. 2225.  944. 1915. 2245.  929. 2056. 2234.  928.
 1867. 2224.  936. 1938. 2096. 1077.]","[-1.6694e+01  4.8280e+00  6.8170e+01  4.8830e-01 -1.0986e+00  4.2114e+00
 -4.9300e-02 -2.4460e-01  9.6140e-01]",120
937,4,"[[-0.24091056 -0.30967066  0.32032934]
 [ 0.1955588  -0.30062398  0.32937602]
 [ 0.27754769 -0.29567783  0.33432217]
 [-0.29578598  0.29220431 -0.33779569]
 [ 0.00829658  0.30644984 -0.32355016]
 [ 0.10061897  0.05490476 -0.57509524]]","[2205. 2249.  922. 2240. 2238.  933. 1920. 2243.  927. 2042. 2247.  924.
 1867. 2240.  931. 1982. 2083. 1088.]","[2194. 2241.  923. 2239. 2225.  944. 1915. 2245.  929. 2053. 2235.  928.
 1867. 2224.  936. 1947. 2091. 1081.]","[-1.6650e+01  4.8500e+00  6.8247e+01  1.4038e+00  0.0000e+00  1.0986e+00
 -6.4500e-02 -2.4850e-01  9.5310e-01]",120
938,4,"[[-0.24377833 -0.30967572  0.32032428]
 [ 0.19277915 -0.30077078  0.32922922]
 [ 0.2765535  -0.29581431  0.33418569]
 [-0.29545948  0.29230555 -0.33769445]
 [ 0.01268263  0.30656259 -0.32343741]
 [ 0.08022564  0.05479883 -0.57520117]]","[2206. 2249.  922. 2240. 2238.  933. 1922. 2244.  927. 2039. 2247.  924.
 1867. 2240.  931. 1995. 2083. 1088.]","[2197. 2241.  923. 2240. 2225.  944. 1916. 2244.  928. 2051. 2234.  928.
 1868. 2224.  936. 1959. 2089. 1084.]","[-16.617    4.867   68.242    0.6714   0.3662  -0.4272  -0.1128  -0.271
   0.9351]",120
939,4,"[[-0.24658546 -0.30967869  0.32032131]
 [ 0.18996503 -0.30091714  0.32908286]
 [ 0.27553522 -0.29595131  0.33404869]
 [-0.29511662  0.29240867 -0.33759133]
 [ 0.01706923  0.30667365 -0.32332635]
 [ 0.0595328   0.05479456 -0.57520544]]","[2208. 2249.  922. 2240. 2238.  933. 1924. 2244.  927. 2036. 2247.  924.
 1868. 2240.  931. 2009. 2083. 1088.]","[2199. 2241.  923. 2239. 2225.  945. 1918. 2244.  928. 2048. 2234.  928.
 1869. 2224.  936. 1973. 2088. 1085.]","[-1.6628e+01  4.8780e+00  6.8225e+01 -6.1040e-01  1.2210e-01 -4.2720e-01
 -6.7400e-02 -2.3100e-01  9.5460e-01]",120
940,4,"[[-0.24933126 -0.30967393  0.32032607]
 [ 0.18711669 -0.30106305  0.32893695]
 [ 0.27449268 -0.29608879  0.33391121]
 [-0.29475751  0.29251364 -0.33748636]
 [ 0.02145541  0.30678298 -0.32321702]
 [ 0.03864226  0.05500703 -0.57499297]]","[2210. 2249.  922. 2240. 2238.  933. 1926. 2244.  927. 2034. 2247.  923.
 1869. 2241.  930. 2022. 2083. 1088.]","[2199. 2240.  923. 2239. 2225.  944. 1919. 2245.  928. 2047. 2234.  928.
 1870. 2224.  936. 1983. 2087. 1086.]","[-1.6644e+01  4.8720e+00  6.8192e+01 -4.2720e-01  1.2210e-01 -8.5450e-01
 -4.5900e-02 -2.5780e-01  9.7070e-01]",120
941,4,"[[-0.25201505 -0.30961822  0.32038178]
 [ 0.1842344  -0.30120847  0.32879153]
 [ 0.2734257  -0.29622671  0.33377329]
 [-0.29438226  0.29262039 -0.33737961]
 [ 0.02584022  0.30689057 -0.32310943]
 [ 0.01765415  0.0554756  -0.5745244 ]]","[2212. 2249.  922. 2239. 2238.  933. 1927. 2244.  927. 2031. 2248.  923.
 1869. 2241.  930. 2036. 2084. 1087.]","[2202. 2241.  923. 2238. 2225.  944. 1922. 2245.  928. 2044. 2234.  928.
 1871. 2224.  936. 1996. 2086. 1087.]","[-16.639    4.872   68.159    0.1221   0.1831  -0.8545  -0.1001  -0.2856
   0.9546]",120
942,4,"[[-0.25463616 -0.30949107  0.32050893]
 [ 0.18131843 -0.30135336  0.32864664]
 [ 0.27233411 -0.29636503  0.33363497]
 [-0.29399096  0.29272885 -0.33727115]
 [ 0.03022271  0.30699639 -0.32300361]
 [-0.00333325  0.05622876 -0.57377124]]","[2213. 2249.  922. 2239. 2238.  933. 1929. 2244.  927. 2028. 2248.  923.
 1870. 2241.  930. 2050. 2084. 1087.]","[2203. 2240.  923. 2238. 2225.  944. 1924. 2244.  928. 2041. 2234.  928.
 1871. 2224.  936. 2012. 2086. 1087.]","[-16.639    4.872   68.165   -0.3052  -0.1221   0.4272  -0.0996  -0.2861
   0.9385]",120
943,4,"[[-0.25719393 -0.30930725  0.32069275]
 [ 0.17836906 -0.30149772  0.32850228]
 [ 0.27121773 -0.29650373  0.33349627]
 [-0.2935837   0.29283897 -0.33716103]
 [ 0.0346019   0.30710043 -0.32289957]
 [-0.0242237   0.05729382 -0.57270618]]","[2215. 2249.  922. 2239. 2238.  933. 1931. 2244.  927. 2025. 2248.  923.
 1871. 2241.  930. 2063. 2085. 1086.]","[2205. 2241.  923. 2237. 2225.  944. 1926. 2244.  927. 2038. 2234.  928.
 1872. 2224.  936. 2027. 2086. 1086.]","[-1.6650e+01  4.8720e+00  6.8209e+01 -6.7140e-01 -4.8830e-01  1.3428e+00
 -5.7600e-02 -2.9350e-01  9.6240e-01]",120
944,4,"[[-0.25968774 -0.30907041  0.32092959]
 [ 0.17538658 -0.30164151  0.32835849]
 [ 0.2700764  -0.29664276  0.33335724]
 [-0.29316058  0.2929507  -0.3370493 ]
 [ 0.03897683  0.30720266 -0.32279734]
 [-0.04492319  0.05869874 -0.57130126]]","[2217. 2249.  922. 2239. 2238.  932. 1933. 2244.  927. 2022. 2248.  923.
 1871. 2241.  930. 2077. 2086. 1085.]","[2206. 2241.  923. 2237. 2225.  944. 1928. 2244.  928. 2036. 2235.  928.
 1872. 2224.  936. 2040. 2086. 1086.]","[-1.6650e+01  4.8720e+00  6.8253e+01 -1.2210e-01 -3.0520e-01  8.5450e-01
 -6.4500e-02 -3.0960e-01  9.4780e-01]",120
945,4,"[[-0.26211695 -0.30878311  0.32121689]
 [ 0.1723713  -0.30178469  0.32821531]
 [ 0.26890994 -0.29678208  0.33321792]
 [-0.29272169  0.29306396 -0.33693604]
 [ 0.04334654  0.30730306 -0.32269694]
 [-0.06534007  0.06047263 -0.56952737]]","[2218. 2249.  922. 2238. 2239.  932. 1935. 2244.  927. 2019. 2248.  923.
 1872. 2241.  930. 2090. 2087. 1084.]","[2208. 2241.  923. 2237. 2225.  944. 1929. 2245.  928. 2033. 2235.  928.
 1873. 2224.  936. 2053. 2087. 1086.]","[-1.6650e+01  4.8670e+00  6.8275e+01  6.1000e-02 -1.2210e-01  3.0520e-01
 -9.8100e-02 -3.1930e-01  9.4630e-01]",120
946,4,"[[-0.26448097 -0.30844797  0.32155203]
 [ 0.16932354 -0.30192726  0.32807274]
 [ 0.2677182  -0.29692167  0.33307833]
 [-0.29226709  0.29317871 -0.33682129]
 [ 0.04771005  0.30740161 -0.32259839]
 [-0.08538513  0.06264599 -0.56735401]]","[2220. 2249.  922. 2238. 2239.  932. 1937. 2244.  927. 2016. 2248.  923.
 1873. 2241.  930. 2103. 2088. 1083.]","[2209. 2240.  923. 2237. 2225.  944. 1931. 2245.  928. 2031. 2234.  928.
 1874. 2224.  936. 2064. 2087. 1085.]","[-1.6655e+01  4.8670e+00  6.8280e+01 -1.8310e-01 -6.1000e-02  0.0000e+00
 -9.6200e-02 -3.0810e-01  9.4090e-01]",120
947,4,"[[-0.26677921 -0.30806778  0.32193222]
 [ 0.16624363 -0.30206917  0.32793083]
 [ 0.26650099 -0.29706149  0.33293851]
 [-0.29179687  0.29329489 -0.33670511]
 [ 0.0520664   0.30749828 -0.32250172]
 [-0.10497175  0.06525068 -0.56474932]]","[2221. 2248.  923. 2238. 2239.  932. 1939. 2244.  927. 2014. 2248.  923.
 1874. 2241.  930. 2116. 2090. 1081.]","[2211. 2240.  923. 2236. 2225.  944. 1935. 2245.  927. 2028. 2234.  928.
 1875. 2224.  936. 2080. 2088. 1084.]","[-16.666    4.867   68.275   -0.1831   0.      -0.1831  -0.0752  -0.2925
   0.9565]",120
948,4,"[[-0.2690111  -0.30764549  0.32235451]
 [ 0.1631319  -0.3022104   0.3277896 ]
 [ 0.26525817 -0.29720151  0.33279849]
 [-0.2913111   0.29341245 -0.33658755]
 [ 0.05641461  0.30759307 -0.32240693]
 [-0.12401594  0.06831999 -0.56168001]]","[2223. 2248.  923. 2237. 2239.  932. 1941. 2245.  926. 2011. 2248.  923.
 1875. 2241.  930. 2128. 2092. 1079.]","[2212. 2241.  923. 2236. 2225.  944. 1936. 2244.  928. 2026. 2234.  929.
 1876. 2224.  936. 2093. 2089. 1082.]","[-1.6672e+01  4.8610e+00  6.8258e+01  6.1000e-02  6.1000e-02 -4.2720e-01
 -8.5000e-02 -2.8560e-01  9.5460e-01]",120
949,4,"[[-0.27117607 -0.30718417  0.32281583]
 [ 0.15998869 -0.30235093  0.32764907]
 [ 0.26398957 -0.29734169  0.33265831]
 [-0.29080984  0.29353132 -0.33646868]
 [ 0.06075372  0.30768595 -0.32231405]
 [-0.14243646  0.07188853 -0.55811147]]","[2224. 2248.  923. 2237. 2239.  932. 1943. 2245.  926. 2008. 2248.  923.
 1875. 2241.  930. 2140. 2094. 1077.]","[2213. 2241.  923. 2236. 2226.  944. 1938. 2245.  927. 2024. 2234.  928.
 1877. 2224.  936. 2104. 2091. 1081.]","[-1.6672e+01  4.8610e+00  6.8247e+01  0.0000e+00  0.0000e+00 -6.1000e-02
 -8.6400e-02 -2.8120e-01  9.5310e-01]",120
950,4,"[[-0.2732736  -0.30668698  0.32331302]
 [ 0.15681438 -0.30249074  0.32750926]
 [ 0.26269503 -0.29748201  0.33251799]
 [-0.29029316  0.29365145 -0.33634855]
 [ 0.06508274  0.3077769  -0.3222231 ]
 [-0.16015484  0.07599221 -0.55400779]]","[2226. 2247.  924. 2237. 2239.  932. 1945. 2245.  926. 2005. 2248.  923.
 1876. 2241.  930. 2152. 2097. 1074.]","[2214. 2241.  924. 2235. 2225.  944. 1940. 2244.  927. 2021. 2234.  928.
 1877. 2224.  936. 2116. 2092. 1079.]","[-1.6672e+01  4.8610e+00  6.8253e+01 -6.1000e-02 -1.2210e-01  1.8310e-01
 -6.7900e-02 -2.9250e-01  9.4970e-01]",120
951,4,"[[-0.27530316 -0.30615717  0.32384283]
 [ 0.15360933 -0.30262979  0.32737021]
 [ 0.2613744  -0.29762242  0.33237758]
 [-0.28976112  0.29377279 -0.33622721]
 [ 0.06940071  0.30786591 -0.32213409]
 [-0.17709552  0.08066811 -0.54933189]]","[2227. 2247.  924. 2236. 2239.  932. 1947. 2245.  926. 2002. 2248.  923.
 1877. 2242.  929. 2163. 2100. 1071.]","[2215. 2240.  924. 2235. 2225.  943. 1942. 2245.  927. 2019. 2234.  928.
 1878. 2224.  936. 2129. 2094. 1077.]","[-1.6677e+01  4.8560e+00  6.8258e+01 -6.1000e-02 -1.2210e-01  6.1000e-02
 -8.4500e-02 -2.8080e-01  9.5900e-01]",120
952,4,"[[-0.27726425 -0.30559804  0.32440196]
 [ 0.15037393 -0.30276807  0.32723193]
 [ 0.26002752 -0.29776291  0.33223709]
 [-0.28921376  0.29389529 -0.33610471]
 [ 0.07370666  0.30795295 -0.32204705]
 [-0.19318586  0.08595438 -0.54404562]]","[2228. 2247.  924. 2236. 2239.  932. 1949. 2245.  926. 1999. 2248.  923.
 1878. 2242.  929. 2173. 2104. 1067.]","[2217. 2241.  924. 2235. 2226.  942. 1943. 2244.  926. 2015. 2234.  928.
 1879. 2224.  936. 2141. 2097. 1074.]","[-16.672    4.856   68.275    0.1221  -0.1221   0.3052  -0.0928  -0.2769
   0.9468]",120
953,4,"[[-0.27915637 -0.30501293  0.32498707]
 [ 0.14710855 -0.30290554  0.32709446]
 [ 0.25865425 -0.29790343  0.33209657]
 [-0.28865113  0.2940189  -0.3359811 ]
 [ 0.0779996   0.30803801 -0.32196199]
 [-0.20835626  0.09189016 -0.53810984]]","[2229. 2246.  925. 2236. 2239.  932. 1952. 2245.  926. 1997. 2248.  923.
 1879. 2242.  929. 2183. 2107. 1064.]","[2218. 2241.  924. 2234. 2226.  941. 1945. 2244.  927. 2012. 2234.  928.
 1879. 2224.  936. 2152. 2100. 1072.]","[-16.666    4.856   68.297    0.      -0.2441   0.6104  -0.0972  -0.2832
   0.9639]",120
954,4,"[[-0.28097907 -0.3044052   0.3255948 ]
 [ 0.14381362 -0.30304218  0.32695782]
 [ 0.25725444 -0.29804397  0.33195603]
 [-0.28807328  0.29414355 -0.33585645]
 [ 0.08227856  0.30812107 -0.32187893]
 [-0.22254022  0.09851538 -0.53148462]]","[2231. 2246.  925. 2235. 2239.  932. 1954. 2245.  926. 1994. 2248.  923.
 1880. 2242.  929. 2193. 2112. 1059.]","[2219. 2241.  924. 2234. 2225.  941. 1948. 2245.  927. 2009. 2234.  928.
 1881. 2224.  936. 2165. 2104. 1067.]","[-16.655    4.856   68.329    0.      -0.2441   0.7935  -0.0996  -0.2788
   0.9507]",120
955,4,"[[-0.28273188 -0.30377821  0.32622179]
 [ 0.14048953 -0.30317798  0.32682202]
 [ 0.25582795 -0.29818449  0.33181551]
 [-0.28748025  0.29426921 -0.33573079]
 [ 0.08654258  0.30820211 -0.32179789]
 [-0.23567441  0.10587068 -0.52412932]]","[2232. 2246.  925. 2235. 2239.  932. 1956. 2245.  926. 1991. 2248.  923.
 1881. 2242.  929. 2201. 2117. 1054.]","[2221. 2241.  924. 2233. 2226.  940. 1951. 2244.  926. 2006. 2234.  928.
 1882. 2224.  936. 2176. 2108. 1064.]","[-1.6644e+01  4.8610e+00  6.8368e+01  6.1000e-02 -2.4410e-01  9.1550e-01
 -8.5400e-02 -2.8170e-01  9.5560e-01]",120
956,4,"[[-0.28441436 -0.30313532  0.32686468]
 [ 0.13713671 -0.3033129   0.3266871 ]
 [ 0.25437463 -0.29832496  0.33167504]
 [-0.28687207  0.29439582 -0.33560418]
 [ 0.09079067  0.30828113 -0.32171887]
 [-0.24769885  0.11399721 -0.51600279]]","[2233. 2245.  926. 2235. 2239.  932. 1958. 2245.  926. 1988. 2248.  923.
 1882. 2242.  929. 2209. 2122. 1049.]","[2222. 2241.  924. 2233. 2226.  940. 1953. 2245.  926. 2004. 2234.  928.
 1883. 2224.  936. 2185. 2112. 1060.]","[-1.6639e+01  4.8670e+00  6.8401e+01  6.1000e-02 -1.8310e-01  7.3240e-01
 -8.2500e-02 -2.8320e-01  9.5260e-01]",120
957,4,"[[-0.28602611 -0.30247984  0.32752016]
 [ 0.1337556  -0.30344692  0.32655308]
 [ 0.25289435 -0.29846536  0.33153464]
 [-0.28624876  0.29452334 -0.33547666]
 [ 0.09502188  0.3083581  -0.3216419 ]
 [-0.25855692  0.12293643 -0.50706357]]","[2234. 2245.  926. 2234. 2239.  931. 1960. 2245.  926. 1986. 2249.  922.
 1883. 2242.  929. 2216. 2128. 1043.]","[2223. 2241.  924. 2233. 2226.  940. 1954. 2244.  927. 2002. 2234.  929.
 1884. 2224.  936. 2192. 2115. 1056.]","[-16.628    4.867   68.428    0.      -0.1831   0.6104  -0.0898  -0.2876
   0.9512]",120
958,4,"[[-0.28756672 -0.30181509  0.32818491]
 [ 0.13034664 -0.30358002  0.32641998]
 [ 0.25138697 -0.29860565  0.33139435]
 [-0.28561037  0.29465171 -0.33534829]
 [ 0.09923522  0.308433   -0.321567  ]
 [-0.26819559  0.13273    -0.49727   ]]","[2235. 2244.  927. 2234. 2240.  931. 1963. 2245.  926. 1983. 2249.  922.
 1884. 2242.  929. 2222. 2134. 1037.]","[2226. 2241.  924. 2232. 2226.  939. 1957. 2245.  927. 1998. 2234.  928.
 1885. 2224.  936. 2203. 2121. 1050.]","[-1.6628e+01  4.8720e+00  6.8461e+01 -6.1000e-02 -1.8310e-01  7.3240e-01
 -8.6900e-02 -2.8560e-01  9.4920e-01]",120
959,4,"[[-0.2890358  -0.30114432  0.32885568]
 [ 0.12691029 -0.30371218  0.32628782]
 [ 0.24985238 -0.29874582  0.33125418]
 [-0.28495689  0.29478088 -0.33521912]
 [ 0.10342973  0.30850583 -0.32149417]
 [-0.27656551  0.14341949 -0.48658051]]","[2236. 2244.  927. 2233. 2240.  931. 1965. 2245.  925. 1980. 2249.  922.
 1885. 2242.  929. 2228. 2141. 1030.]","[2227. 2241.  924. 2232. 2226.  940. 1959. 2245.  926. 1996. 2234.  928.
 1886. 2224.  936. 2209. 2125. 1046.]","[-1.6628e+01  4.8720e+00  6.8489e+01 -6.1000e-02 -1.8310e-01  6.1040e-01
 -6.5400e-02 -2.9100e-01  9.5260e-01]",120
